lang,lang_abv,commonName,simplifiedName,numLineNames,avgHueRGBCode,numFullNames,avgFullColorRGBCode,avgFullL,avgFullA,avgFullB
Arabic (العربية),ar,احمر,أحمر,51,"rgb(255, 0, 32)",7,,,,
Arabic (العربية),ar,اخضر,أخضر,79,"rgb(0, 255, 57)",19,"rgb(98,240,94)",0.8472140902630593,-0.1784871230466971,0.13526893515895866
Arabic (العربية),ar,اخضر فاتح,أخضر فاتح,12,"rgb(0, 255, 49)",7,,,,
Arabic (العربية),ar,ازرق,أزرق,132,"rgb(0, 127, 255)",19,"rgb(-21,129,248)",0.6110728294681901,-0.056182866192442844,-0.19407130728461058
Arabic (العربية),ar,ازرق غامق,أزرق غامق,8,"rgb(0, 55, 255)",6,,,,
Arabic (العربية),ar,ازرق فاتح,أزرق فاتح,26,"rgb(0, 196, 255)",3,,,,
Arabic (العربية),ar,اصفر,أصفر,56,"rgb(255, 236, 0)",3,,,,
Arabic (العربية),ar,اصفر غامق,أصفر غامق,5,"rgb(255, 221, 0)",2,,,,
Arabic (العربية),ar,برتقالي,برتقالي,64,"rgb(255, 131, 0)",4,,,,
Arabic (العربية),ar,بنفسجي,بنفسجي,52,"rgb(194, 0, 255)",16,"rgb(181,45,235)",0.59652419238214,0.1831224055815177,-0.19326399555643553
Arabic (العربية),ar,تركواز,تركواز,8,"rgb(0, 255, 198)",1,,,,
Arabic (العربية),ar,تفاحي,تفاحي,6,"rgb(0, 255, 76)",0,,,,
Arabic (العربية),ar,زهري,زهري,25,"rgb(255, 0, 172)",9,,,,
Arabic (العربية),ar,سماوي,سماوي,36,"rgb(0, 215, 255)",4,,,,
Arabic (العربية),ar,فستقي,فستقي,8,"rgb(0, 255, 96)",0,,,,
Arabic (العربية),ar,فسفوري,فسفوري,9,"rgb(140, 255, 0)",0,,,,
Arabic (العربية),ar,فوشي,فوشي,38,"rgb(255, 0, 165)",4,,,,
Arabic (العربية),ar,نيلي,نيلي,11,"rgb(0, 52, 255)",2,,,,
Arabic (العربية),ar,وردي,وردي,30,"rgb(255, 0, 161)",6,,,,
Arabic (العربية),ar,وردي غامق,وردي غامق,6,"rgb(255, 0, 159)",3,,,,
"Bengali, Bangla (বাংলা)",bn,আকাশী,আকাশি,0,,14,"rgb(106,191,231)",0.7668445212859337,-0.06397175342536815,-0.07679230046847807
"Bengali, Bangla (বাংলা)",bn,kalo,কালো,0,,21,"rgb(23,23,30)",0.20702981278168683,0.0036147846406619673,-0.01373044989467417
"Bengali, Bangla (বাংলা)",bn,golapi,গোলাপি,4,,37,"rgb(221,99,162)",0.6676921415391097,0.16450295452912647,-0.02720343502265792
"Bengali, Bangla (বাংলা)",bn,neel,নীল,13,,37,"rgb(56,99,196)",0.5228839705221051,-0.01731356588173881,-0.15883293306236043
"Bengali, Bangla (বাংলা)",bn,বাদামি,বাদামি,0,,18,"rgb(144,102,66)",0.5448938213680424,0.036911088599268345,0.06485645255327686
"Bengali, Bangla (বাংলা)",bn,বেগুনি,বেগুনি,6,,47,"rgb(118,51,164)",0.46894351457193173,0.10963236420633732,-0.1385879554105569
"Bengali, Bangla (বাংলা)",bn,lal,লাল,3,,17,"rgb(194,59,77)",0.5539005177411548,0.16302046646691973,0.05025124119467106
"Bengali, Bangla (বাংলা)",bn,shobuj,সবুজ,6,,36,"rgb(93,169,89)",0.6653047143593026,-0.10934694394673403,0.0829089773898817
"Bengali, Bangla (বাংলা)",bn,holud,হলুদ,8,,12,"rgb(240,219,63)",0.8821744592220752,-0.032898336658967256,0.16270912723204975
"Bengali, Bangla (বাংলা)",bn,হালকা সবুজ,হালকাসবুজ,6,,15,"rgb(128,225,139)",0.8290925269263435,-0.12609768178170289,0.08341195555654587
Bulgarian (български език),bg,жълто,жълто,21,"rgb(255, 235, 0)",1,,,,
Bulgarian (български език),bg,зелено,зелено,25,"rgb(0, 255, 33)",7,,,,
Bulgarian (български език),bg,лилаво,лилаво,28,"rgb(195, 0, 255)",15,"rgb(169,62,228)",0.5900972307691089,0.1561706380608747,-0.18349329011156365
Bulgarian (български език),bg,магента,магента,7,"rgb(255, 0, 187)",3,,,,
Bulgarian (български език),bg,оранжев,оранжев,5,"rgb(255, 143, 0)",0,,,,
Bulgarian (български език),bg,оранжево,оранжево,21,"rgb(255, 136, 0)",1,,,,
Bulgarian (български език),bg,розово,розово,18,"rgb(255, 0, 175)",2,,,,
Bulgarian (български език),bg,светло зелено,светлозелено,9,"rgb(0, 255, 47)",5,,,,
Bulgarian (български език),bg,светло синьо,светлосиньо,15,"rgb(0, 215, 255)",1,,,,
Bulgarian (български език),bg,син,син,7,"rgb(0, 129, 255)",0,,,,
Bulgarian (български език),bg,синьо,синьо,52,"rgb(0, 143, 255)",5,,,,
Bulgarian (български език),bg,синьо зелено,синьозелено,5,"rgb(0, 255, 176)",1,,,,
Bulgarian (български език),bg,тъмно оранжево,тъмнооранжево,5,"rgb(255, 115, 0)",1,,,,
Bulgarian (български език),bg,тъмно синьо,тъмносиньо,18,"rgb(0, 60, 255)",4,,,,
Bulgarian (български език),bg,цикламено,цикламено,5,"rgb(255, 0, 166)",2,,,,
Bulgarian (български език),bg,червено,червено,19,"rgb(255, 0, 43)",6,,,,
Catalan (català),ca,blau,blau,51,"rgb(0, 143, 255)",1,,,,
Catalan (català),ca,blau cel,blaucel,23,"rgb(0, 202, 255)",1,,,,
Catalan (català),ca,blau clar,blauclar,10,"rgb(0, 201, 255)",3,,,,
Catalan (català),ca,blau fosc,blaufosc,11,"rgb(0, 82, 255)",2,,,,
Catalan (català),ca,blau marí,blaumari,11,"rgb(0, 50, 255)",0,,,,
Catalan (català),ca,fucsia,fucsia,17,"rgb(255, 0, 179)",4,,,,
Catalan (català),ca,groc,groc,30,"rgb(255, 235, 0)",0,,,,
Catalan (català),ca,lila,lila,22,"rgb(172, 0, 255)",3,,,,
Catalan (català),ca,magenta,magenta,13,"rgb(255, 0, 170)",0,,,,
Catalan (català),ca,rosa,rosa,20,"rgb(255, 0, 174)",5,,,,
Catalan (català),ca,taronja,taronja,30,"rgb(255, 134, 0)",4,,,,
Catalan (català),ca,turquesa,turquesa,11,"rgb(0, 255, 238)",1,,,,
Catalan (català),ca,verd,verd,31,"rgb(0, 255, 77)",2,,,,
Catalan (català),ca,vermell,vermell,25,"rgb(255, 0, 17)",2,,,,
"Chinese (中文 (Zhōngwén), 汉语, 漢語)",zh,亮粉色,亮粉,5,,17,"rgb(234,64,209)",0.6698770516104449,0.22755690379637053,-0.10680813365339921
"Chinese (中文 (Zhōngwén), 汉语, 漢語)",zh,亮紫色,亮紫,10,"rgb(255, 0, 249)",40,"rgb(187,67,231)",0.6196214103467581,0.1728368157003319,-0.17242010215850936
"Chinese (中文 (Zhōngwén), 汉语, 漢語)",zh,亮绿色,亮绿,17,"rgb(0, 255, 13)",65,"rgb(91,240,94)",0.8442872142235818,-0.18168654972492718,0.13419225566082663
"Chinese (中文 (Zhōngwén), 汉语, 漢語)",zh,亮蓝色,亮蓝,14,"rgb(0, 204, 255)",15,"rgb(18,170,244)",0.7028752696836951,-0.07988427810223891,-0.13303633946927362
"Chinese (中文 (Zhōngwén), 汉语, 漢語)",zh,亮黄色,亮黄,5,"rgb(255, 254, 0)",7,,,,
"Chinese (中文 (Zhōngwén), 汉语, 漢語)",zh,军绿色,军绿,0,,21,"rgb(94,119,66)",0.5353613290542847,-0.051942348204694726,0.06414158351034055
"Chinese (中文 (Zhōngwén), 汉语, 漢語)",zh,咖啡色,咖啡,0,,30,"rgb(120,72,41)",0.4497158226170178,0.04903582492473116,0.06226248870799437
"Chinese (中文 (Zhōngwén), 汉语, 漢語)",zh,品红色,品红,8,"rgb(255, 0, 128)",36,"rgb(229,65,164)",0.642381513210206,0.21435833730399897,-0.045358717042980376
"Chinese (中文 (Zhōngwén), 汉语, 漢語)",zh,土色,土,0,,13,"rgb(182,142,76)",0.6694636701736629,0.02002430065619559,0.09428237988281081
"Chinese (中文 (Zhōngwén), 汉语, 漢語)",zh,土黄色,土黄,29,"rgb(255, 197, 0)",93,"rgb(210,169,52)",0.7517125239100793,0.004659410635497022,0.1364039566216657
"Chinese (中文 (Zhōngwén), 汉语, 漢語)",zh,大红色,大红,21,"rgb(255, 0, 52)",18,"rgb(230,19,44)",0.5876721924487115,0.21024324345003906,0.09650793141614838
"Chinese (中文 (Zhōngwén), 汉语, 漢語)",zh,天蓝色,天蓝,83,"rgb(0, 199, 255)",106,"rgb(63,192,242)",0.7596690122560118,-0.08634221424753935,-0.09685148822780286
"Chinese (中文 (Zhōngwén), 汉语, 漢語)",zh,嫩绿色,嫩绿,3,,15,"rgb(134,229,113)",0.837662410746537,-0.1360395338838839,0.11444244681756821
"Chinese (中文 (Zhōngwén), 汉语, 漢語)",zh,宝蓝色,宝蓝,14,"rgb(0, 95, 255)",17,"rgb(8,83,230)",0.5069215547325219,-0.0310084439504158,-0.22878785860663012
"Chinese (中文 (Zhōngwén), 汉语, 漢語)",zh,暗红色,暗红,1,,21,"rgb(154,39,59)",0.46019066378823575,0.14432161953793593,0.04003620982607311
"Chinese (中文 (Zhōngwén), 汉语, 漢語)",zh,暗紫色,暗紫,0,,29,"rgb(131,71,137)",0.4956916470262629,0.0985605157227839,-0.0718712659895285
"Chinese (中文 (Zhōngwén), 汉语, 漢語)",zh,暗绿色,暗绿,0,,20,"rgb(76,123,71)",0.5343389716157492,-0.07334991247549795,0.05763262989453756
"Chinese (中文 (Zhōngwén), 汉语, 漢語)",zh,暗蓝色,暗蓝,0,,13,"rgb(51,90,157)",0.47461379950156446,-0.0200475234040685,-0.11518095327112908
"Chinese (中文 (Zhōngwén), 汉语, 漢語)",zh,柠檬黄色,柠檬黄,6,"rgb(255, 243, 0)",8,,,,
"Chinese (中文 (Zhōngwén), 汉语, 漢語)",zh,桃紅色,桃红,25,"rgb(255, 0, 142)",37,"rgb(235,55,140)",0.6363411292954225,0.2238247612562788,-0.01008979541603089
"Chinese (中文 (Zhōngwén), 汉语, 漢語)",zh,梅红色,梅红,6,"rgb(255, 0, 153)",2,,,,
"Chinese (中文 (Zhōngwén), 汉语, 漢語)",zh,棕色,棕,0,,141,"rgb(135,85,52)",0.4977957113408956,0.049489840539676255,0.06576970123735011
"Chinese (中文 (Zhōngwén), 汉语, 漢語)",zh,棕红色,棕红,0,,15,"rgb(128,52,56)",0.43247509149795527,0.09935934463590088,0.035688985009787774
"Chinese (中文 (Zhōngwén), 汉语, 漢語)",zh,棕绿色,棕绿,0,,15,"rgb(102,110,43)",0.5156497095704365,-0.03778068433323411,0.08223735246816365
"Chinese (中文 (Zhōngwén), 汉语, 漢語)",zh,棕黄色,棕黄,0,,16,"rgb(172,126,51)",0.6251898077824977,0.02409859007463986,0.10474534360105689
"Chinese (中文 (Zhōngwén), 汉语, 漢語)",zh,橄榄绿色,橄榄绿,0,,21,"rgb(113,136,66)",0.5917622580487203,-0.056701550084618454,0.08273417086064991
"Chinese (中文 (Zhōngwén), 汉语, 漢語)",zh,橘色,橘,28,"rgb(255, 123, 0)",35,"rgb(242,129,37)",0.716440702981368,0.09931058614175718,0.13512165674126644
"Chinese (中文 (Zhōngwén), 汉语, 漢語)",zh,橘红色,橘红,20,"rgb(255, 90, 0)",15,"rgb(243,89,36)",0.6617095756685081,0.1578998327204989,0.1217048945544503
"Chinese (中文 (Zhōngwén), 汉语, 漢語)",zh,橘黄色,橘黄,15,"rgb(255, 158, 0)",11,,,,
"Chinese (中文 (Zhōngwén), 汉语, 漢語)",zh,橙色,橙,53,"rgb(255, 131, 0)",77,"rgb(241,128,44)",0.714401028424474,0.10196819270310914,0.13078895551687808
"Chinese (中文 (Zhōngwén), 汉语, 漢語)",zh,橙红色,橙红,9,"rgb(255, 85, 0)",15,"rgb(251,89,37)",0.6746650771729558,0.1650454822535162,0.12408648455918825
"Chinese (中文 (Zhōngwén), 汉语, 漢語)",zh,橙黄色,橙黄,12,"rgb(255, 171, 0)",11,,,,
"Chinese (中文 (Zhōngwén), 汉语, 漢語)",zh,正红色,正红,8,"rgb(255, 0, 33)",4,,,,
"Chinese (中文 (Zhōngwén), 汉语, 漢語)",zh,水蓝色,水蓝,5,"rgb(0, 244, 255)",15,"rgb(84,215,226)",0.8122269481876007,-0.10488868030228624,-0.044938895309407735
"Chinese (中文 (Zhōngwén), 汉语, 漢語)",zh,洋红色,洋红,4,,20,"rgb(225,55,178)",0.6336634960818562,0.2232905498748126,-0.07397942398083676
"Chinese (中文 (Zhōngwén), 汉语, 漢語)",zh,浅棕色,浅棕,0,,19,"rgb(188,142,95)",0.6795152618917669,0.03400869214887601,0.07726312689004189
"Chinese (中文 (Zhōngwén), 汉语, 漢語)",zh,浅粉色,浅粉,0,,12,"rgb(235,171,206)",0.8116167829383514,0.08491361569884515,-0.021993794173718013
"Chinese (中文 (Zhōngwén), 汉语, 漢語)",zh,浅红色,浅红,2,,13,"rgb(229,105,110)",0.6720751886095216,0.14493402303466466,0.05261800762235684
"Chinese (中文 (Zhōngwén), 汉语, 漢語)",zh,浅紫色,浅紫,5,"rgb(202, 0, 255)",84,"rgb(182,133,219)",0.6979044137155263,0.08436202097799897,-0.10224885796188324
"Chinese (中文 (Zhōngwén), 汉语, 漢語)",zh,浅绿色,浅绿,16,"rgb(0, 255, 104)",115,"rgb(145,231,144)",0.8534870061201407,-0.117431617898503,0.08592256375734
"Chinese (中文 (Zhōngwén), 汉语, 漢語)",zh,浅蓝色,浅蓝,34,"rgb(0, 184, 255)",56,"rgb(100,191,240)",0.7675045420692885,-0.06481648260135303,-0.09125117315033217
"Chinese (中文 (Zhōngwén), 汉语, 漢語)",zh,浅黄色,浅黄,3,,12,"rgb(238,229,136)",0.909398673527707,-0.02765333873991648,0.11208378848543415
"Chinese (中文 (Zhōngwén), 汉语, 漢語)",zh,海军蓝色,海军蓝,1,,15,"rgb(36,73,148)",0.42275542127281796,-0.017237781596508447,-0.12979923103275862
"Chinese (中文 (Zhōngwén), 汉语, 漢語)",zh,海蓝色,海蓝,12,"rgb(0, 136, 255)",15,"rgb(33,126,215)",0.586512793962343,-0.04874119828660772,-0.1522744861244054
"Chinese (中文 (Zhōngwén), 汉语, 漢語)",zh,淡紫色,淡紫,5,"rgb(196, 0, 255)",48,"rgb(182,138,220)",0.7060827911519701,0.07791822367968661,-0.09804795532184218
"Chinese (中文 (Zhōngwén), 汉语, 漢語)",zh,淡绿色,淡绿,8,"rgb(0, 255, 117)",46,"rgb(143,222,143)",0.8295073996052008,-0.10864195016583872,0.07820888336553881
"Chinese (中文 (Zhōngwén), 汉语, 漢語)",zh,淡蓝色,淡蓝,30,"rgb(0, 198, 255)",28,"rgb(86,191,244)",0.7652072562665989,-0.07354748057718692,-0.09777123707866245
"Chinese (中文 (Zhōngwén), 汉语, 漢語)",zh,深棕色,深棕,0,,33,"rgb(90,57,39)",0.3800052354621863,0.03645905631582551,0.04162939434539659
"Chinese (中文 (Zhōngwén), 汉语, 漢語)",zh,深橘色,深橘,5,"rgb(255, 109, 0)",1,,,,
"Chinese (中文 (Zhōngwén), 汉语, 漢語)",zh,深灰色,深灰,0,,13,"rgb(78,80,78)",0.4292504461066503,-0.0036512327575509537,0.003172305293694282
"Chinese (中文 (Zhōngwén), 汉语, 漢語)",zh,深粉色,深粉,9,"rgb(255, 0, 184)",32,"rgb(210,67,148)",0.6090266259860075,0.19224104144793136,-0.035745274892103884
"Chinese (中文 (Zhōngwén), 汉语, 漢語)",zh,深红色,深红,2,,35,"rgb(166,36,53)",0.4790494776493056,0.1550515053697255,0.0549449277673406
"Chinese (中文 (Zhōngwén), 汉语, 漢語)",zh,深紫色,深紫,8,"rgb(147, 0, 255)",122,"rgb(100,43,130)",0.409993963258697,0.09646126131002998,-0.10786108489615889
"Chinese (中文 (Zhōngwén), 汉语, 漢語)",zh,深绿色,深绿,2,,154,"rgb(48,112,59)",0.4880414128424896,-0.08934038359252149,0.05747979564855236
"Chinese (中文 (Zhōngwén), 汉语, 漢語)",zh,深蓝色,深蓝,74,"rgb(0, 65, 255)",169,"rgb(28,63,180)",0.4275353888693067,-0.014749431314664843,-0.18862751112113543
"Chinese (中文 (Zhōngwén), 汉语, 漢語)",zh,深黄色,深黄,11,"rgb(255, 182, 0)",8,,,,
"Chinese (中文 (Zhōngwén), 汉语, 漢語)",zh,湖蓝色,湖蓝,15,"rgb(0, 179, 255)",26,"rgb(36,163,216)",0.6729957502018946,-0.07852910568388335,-0.1027780051132071
"Chinese (中文 (Zhōngwén), 汉语, 漢語)",zh,灰色,灰,0,,69,"rgb(135,141,143)",0.6396950859884264,-0.006657774531640989,-0.003949947258096958
"Chinese (中文 (Zhōngwén), 汉语, 漢語)",zh,灰粉色,灰粉,0,,12,"rgb(189,121,152)",0.6568884508170831,0.09231852498336872,-0.013827844513902116
"Chinese (中文 (Zhōngwén), 汉语, 漢語)",zh,灰紫色,灰紫,0,,31,"rgb(142,110,153)",0.5857968697970422,0.05353825709848975,-0.04915274458979742
"Chinese (中文 (Zhōngwén), 汉语, 漢語)",zh,灰绿色,灰绿,0,,59,"rgb(117,159,130)",0.6645790852666433,-0.05691439894865477,0.028113845029881443
"Chinese (中文 (Zhōngwén), 汉语, 漢語)",zh,灰蓝色,灰蓝,2,,47,"rgb(90,131,168)",0.5954506846483719,-0.029141968296674564,-0.06731291863071097
"Chinese (中文 (Zhōngwén), 汉语, 漢語)",zh,玫红色,玫红,31,"rgb(255, 0, 161)",50,"rgb(227,42,142)",0.6151818873174147,0.2289042056471482,-0.023553761889907154
"Chinese (中文 (Zhōngwén), 汉语, 漢語)",zh,砖红色,砖红,0,,25,"rgb(176,77,52)",0.543555554238034,0.11039710143239459,0.07784223149295759
"Chinese (中文 (Zhōngwén), 汉语, 漢語)",zh,米色,米,0,,15,"rgb(224,213,175)",0.8732605298893539,-0.0038385625574478186,0.05149731681166869
"Chinese (中文 (Zhōngwén), 汉语, 漢語)",zh,粉色,粉,36,"rgb(255, 0, 185)",156,"rgb(233,116,181)",0.7135161850904402,0.1578272768886299,-0.035095035280122054
"Chinese (中文 (Zhōngwén), 汉语, 漢語)",zh,粉红色,粉红,24,"rgb(255, 0, 145)",73,"rgb(237,100,160)",0.6901859974511017,0.1781495665457645,-0.013370375309247305
"Chinese (中文 (Zhōngwén), 汉语, 漢語)",zh,粉紫色,粉紫,20,"rgb(255, 0, 223)",77,"rgb(217,98,207)",0.6788598824779335,0.17168681208790998,-0.09578648705137849
"Chinese (中文 (Zhōngwén), 汉语, 漢語)",zh,红色,红,76,"rgb(255, 0, 47)",117,"rgb(227,46,57)",0.5976096797113022,0.19579927933228708,0.08808285609355508
"Chinese (中文 (Zhōngwén), 汉语, 漢語)",zh,红棕色,红棕,0,,20,"rgb(131,55,52)",0.44005580697662855,0.09486452193491249,0.04440260457226322
"Chinese (中文 (Zhōngwén), 汉语, 漢語)",zh,红褐色,红褐,0,,15,"rgb(143,52,49)",0.4538768303409315,0.11183655961415921,0.0532502460846886
"Chinese (中文 (Zhōngwén), 汉语, 漢語)",zh,紫色,紫,79,"rgb(185, 0, 255)",367,"rgb(150,66,198)",0.5506020807654931,0.1316134439244141,-0.15224955818986177
"Chinese (中文 (Zhōngwén), 汉语, 漢語)",zh,紫红色,紫红,26,"rgb(255, 0, 211)",100,"rgb(182,49,150)",0.548950154307706,0.18556030428242923,-0.07083839343577827
"Chinese (中文 (Zhōngwén), 汉语, 漢語)",zh,紫罗兰色,紫罗蓝,6,"rgb(173, 0, 255)",32,"rgb(151,75,202)",0.5657108733623941,0.12227666890993268,-0.15074998602839718
"Chinese (中文 (Zhōngwén), 汉语, 漢語)",zh,紫黑色,紫黑,0,,12,"rgb(67,44,84)",0.3398878484852528,0.04685164316647673,-0.05548418306082351
"Chinese (中文 (Zhōngwén), 汉语, 漢語)",zh,绿色,绿,68,"rgb(0, 255, 74)",362,"rgb(89,196,87)",0.7334857288950877,-0.14289788778095064,0.1072120234916273
"Chinese (中文 (Zhōngwén), 汉语, 漢語)",zh,翠绿色,翠绿,10,"rgb(0, 255, 94)",21,"rgb(69,218,94)",0.7849308333359266,-0.17297166257999705,0.11689641453988993
"Chinese (中文 (Zhōngwén), 汉语, 漢語)",zh,肉色,肉,0,,46,"rgb(235,183,156)",0.8197561945296034,0.04717428404288232,0.053733757574427075
"Chinese (中文 (Zhōngwén), 汉语, 漢語)",zh,草绿色,草绿,37,"rgb(93, 255, 0)",130,"rgb(118,203,74)",0.7609526995021949,-0.13333113971169444,0.12612837728691714
"Chinese (中文 (Zhōngwén), 汉语, 漢語)",zh,荧光绿色,荧光绿,19,"rgb(0, 255, 112)",44,"rgb(102,245,101)",0.8624198874401102,-0.17883981508534846,0.13352532909381656
"Chinese (中文 (Zhōngwén), 汉语, 漢語)",zh,荧光黄色,荧光黄,5,"rgb(247, 255, 0)",5,,,,
"Chinese (中文 (Zhōngwén), 汉语, 漢語)",zh,蓝色,蓝,152,"rgb(0, 126, 255)",279,"rgb(47,118,227)",0.5811724067148868,-0.034442660990551384,-0.17697501944995256
"Chinese (中文 (Zhōngwén), 汉语, 漢語)",zh,蓝灰色,蓝灰,0,,25,"rgb(101,127,149)",0.5848314913778914,-0.01970358874364899,-0.04116211235531022
"Chinese (中文 (Zhōngwén), 汉语, 漢語)",zh,蓝紫色,蓝紫,10,"rgb(110, 0, 255)",86,"rgb(99,74,206)",0.512249199034844,0.05337344241971304,-0.18591409806499984
"Chinese (中文 (Zhōngwén), 汉语, 漢語)",zh,蓝绿色,蓝绿,27,"rgb(0, 255, 200)",78,"rgb(69,200,172)",0.7539428784386156,-0.12022712828100933,0.008396284984349018
"Chinese (中文 (Zhōngwén), 汉语, 漢語)",zh,蓝黑色,蓝黑,0,,12,"rgb(37,48,101)",0.3300805650567799,0.0035130706238118508,-0.0942765403476717
"Chinese (中文 (Zhōngwén), 汉语, 漢語)",zh,薄荷绿色,薄荷绿,5,"rgb(0, 255, 204)",9,,,,
"Chinese (中文 (Zhōngwén), 汉语, 漢語)",zh,藏蓝色,藏蓝,0,,14,"rgb(35,64,119)",0.37992420196559584,-0.014893891661800869,-0.09838720780700409
"Chinese (中文 (Zhōngwén), 汉语, 漢語)",zh,藏青色,藏青,0,,24,"rgb(39,77,114)",0.4102693150619084,-0.026666557922210312,-0.07096768670894825
"Chinese (中文 (Zhōngwén), 汉语, 漢語)",zh,褐色,褐,0,,50,"rgb(134,85,56)",0.49895247718869995,0.04888710748737713,0.06073972255310216
"Chinese (中文 (Zhōngwén), 汉语, 漢語)",zh,酒红色,酒红,0,,21,"rgb(134,33,57)",0.4170998836046311,0.13284790428912827,0.02724128991743817
"Chinese (中文 (Zhōngwén), 汉语, 漢語)",zh,青色,青,37,"rgb(0, 255, 233)",93,"rgb(80,212,193)",0.793414860466389,-0.11829126235145418,-0.0037606847935126586
"Chinese (中文 (Zhōngwén), 汉语, 漢語)",zh,青绿色,青绿,23,"rgb(0, 255, 128)",52,"rgb(90,217,130)",0.7920983762178074,-0.14602111017705005,0.0806128007067238
"Chinese (中文 (Zhōngwén), 汉语, 漢語)",zh,青蓝色,青蓝,10,"rgb(0, 255, 234)",21,"rgb(62,205,217)",0.7802409074054656,-0.10912456671335809,-0.04572678202327758
"Chinese (中文 (Zhōngwén), 汉语, 漢語)",zh,靛色,靛,4,,19,"rgb(65,66,171)",0.44261789494143694,0.02000668555121518,-0.16242457653291129
"Chinese (中文 (Zhōngwén), 汉语, 漢語)",zh,靛蓝色,靛蓝,9,"rgb(0, 60, 255)",24,"rgb(29,83,190)",0.4748979494917611,-0.02479034154300967,-0.17692785715286055
"Chinese (中文 (Zhōngwén), 汉语, 漢語)",zh,鮮紅色,鲜红,5,"rgb(255, 0, 33)",7,,,,
"Chinese (中文 (Zhōngwén), 汉语, 漢語)",zh,鲜绿色,鲜绿,5,"rgb(0, 255, 71)",7,,,,
"Chinese (中文 (Zhōngwén), 汉语, 漢語)",zh,黄色,黄,81,"rgb(255, 233, 0)",81,"rgb(240,223,60)",0.8898145817654267,-0.038449243408639804,0.1664821103544362
"Chinese (中文 (Zhōngwén), 汉语, 漢語)",zh,黄绿色,黄绿,34,"rgb(169, 255, 0)",96,"rgb(174,218,70)",0.8300839551239322,-0.10119385273276507,0.1467174366709311
"Chinese (中文 (Zhōngwén), 汉语, 漢語)",zh,黑色,黑,0,,105,"rgb(32,25,30)",0.22458808480618936,0.012593673064220086,-0.004483087926934425
"Chinese (中文 (Zhōngwén), 汉语, 漢語)",zh,墨绿色,墨绿,0,,63,"rgb(57,94,61)",0.4439358695368515,-0.057405490240992965,0.0374032702582099
"Chinese (中文 (Zhōngwén), 汉语, 漢語)",zh,墨蓝色,墨蓝,0,,12,"rgb(42,74,125)",0.41181603786043713,-0.01751742721230072,-0.0926160973489439
Croatian (hrvatski jezik),hr,crvena,crvena,10,"rgb(255, 0, 29)",1,,,,
Croatian (hrvatski jezik),hr,ljubičasta,ljubicasta,11,"rgb(222, 0, 255)",15,"rgb(164,61,196)",0.5612819923589369,0.15443453259732193,-0.144574722465107
Croatian (hrvatski jezik),hr,narančasta,narancasta,9,"rgb(255, 134, 0)",4,,,,
Croatian (hrvatski jezik),hr,plava,plava,23,"rgb(0, 136, 255)",17,"rgb(43,127,231)",0.6012650882460936,-0.04209987594268642,-0.17165265553791703
Croatian (hrvatski jezik),hr,roza,roza,7,,12,"rgb(229,90,181)",0.6753830090424083,0.18944113933782922,-0.0556680235608506
Croatian (hrvatski jezik),hr,svijetlo plava,svijetloplava,7,"rgb(0, 234, 255)",3,,,,
Croatian (hrvatski jezik),hr,tamnoljubičasta,tamnoljubicasta,1,,12,"rgb(59,29,94)",0.30972967753469355,0.058458784902340605,-0.09579820233735284
Croatian (hrvatski jezik),hr,tirkizna,tirkizna,5,"rgb(0, 255, 197)",3,,,,
Croatian (hrvatski jezik),hr,zelena,zelena,8,"rgb(0, 255, 51)",15,"rgb(98,199,84)",0.7437581334760329,-0.14116680213199287,0.11310643786374018
Croatian (hrvatski jezik),hr,žuta,zuta,10,"rgb(255, 250, 0)",4,,,,
"Czech (čeština, český jazyk)",cs,červená,cervena,53,"rgb(255, 0, 45)",3,,,,
"Czech (čeština, český jazyk)",cs,fialová,fialova,50,"rgb(200, 0, 255)",14,"rgb(177,43,231)",0.5867319795650068,0.18040725470165797,-0.19190968629578095
"Czech (čeština, český jazyk)",cs,modrá,modra,108,"rgb(0, 140, 255)",11,,,,
"Czech (čeština, český jazyk)",cs,oranžová,oranzova,51,"rgb(255, 142, 0)",5,,,,
"Czech (čeština, český jazyk)",cs,růžová,ruzova,36,"rgb(255, 0, 182)",5,,,,
"Czech (čeština, český jazyk)",cs,světle modrá,svetlemodra,20,"rgb(0, 199, 255)",3,,,,
"Czech (čeština, český jazyk)",cs,světle zelená,svetlezelena,17,"rgb(0, 255, 63)",6,,,,
"Czech (čeština, český jazyk)",cs,tmavě modrá,tmavemodra,15,"rgb(0, 78, 255)",8,,,,
"Czech (čeština, český jazyk)",cs,tyrkysová,tyrkysova,32,"rgb(0, 255, 241)",4,,,,
"Czech (čeština, český jazyk)",cs,zelená,zelena,69,"rgb(0, 255, 73)",7,,,,
"Czech (čeština, český jazyk)",cs,žlutá,zluta,42,"rgb(255, 236, 0)",2,,,,
"Czech (čeština, český jazyk)",cs,žlutozelená,zlutozelena,7,"rgb(199, 255, 0)",1,,,,
Danish (dansk),da,babyblå,babybla,7,"rgb(0, 176, 255)",0,,,,
Danish (dansk),da,blå,bla,105,"rgb(0, 119, 255)",10,,,,
Danish (dansk),da,grøn,grøn,76,"rgb(0, 255, 67)",12,"rgb(85,247,98)",0.8607191772691387,-0.1899380758673659,0.1359197651090718
Danish (dansk),da,gul,gul,65,"rgb(255, 237, 0)",2,,,,
Danish (dansk),da,gulgrøn,gulgrøn,5,"rgb(206, 255, 0)",0,,,,
Danish (dansk),da,himmelblå,himmelbla,7,"rgb(0, 167, 255)",0,,,,
Danish (dansk),da,lilla,lilla,63,"rgb(195, 0, 255)",16,"rgb(178,55,235)",0.5995368342499795,0.17275276393815717,-0.19084919218456942
Danish (dansk),da,limegrøn,limegrøn,8,"rgb(115, 255, 0)",1,,,,
Danish (dansk),da,lysblå,lysbla,6,"rgb(0, 181, 255)",0,,,,
Danish (dansk),da,lyseblå,lysebla,50,"rgb(0, 198, 255)",3,,,,
Danish (dansk),da,lysegrøn,lysegrøn,22,"rgb(0, 255, 30)",1,,,,
Danish (dansk),da,lyserød,lyserød,17,"rgb(255, 0, 181)",4,,,,
Danish (dansk),da,lysgrøn,lysgrøn,6,"rgb(0, 255, 93)",1,,,,
Danish (dansk),da,mørkeblå,mørkebla,34,"rgb(0, 55, 255)",6,,,,
Danish (dansk),da,mørkelilla,mørkelilla,5,"rgb(104, 0, 255)",3,,,,
Danish (dansk),da,mørk orange,mørkorange,5,"rgb(255, 92, 0)",0,,,,
Danish (dansk),da,neongrøn,neongrøn,10,"rgb(147, 255, 0)",0,,,,
Danish (dansk),da,orange,orange,79,"rgb(255, 140, 0)",4,,,,
Danish (dansk),da,pink,pink,61,"rgb(255, 0, 182)",7,,,,
Danish (dansk),da,rød,rød,73,"rgb(255, 0, 46)",4,,,,
Danish (dansk),da,rosa,rosa,5,"rgb(255, 0, 133)",0,,,,
Danish (dansk),da,turkis,turkis,61,"rgb(0, 255, 244)",3,,,,
Danish (dansk),da,turkisgrøn,turkisgrøn,8,"rgb(0, 255, 153)",0,,,,
Danish (dansk),da,violet,violet,6,"rgb(220, 0, 255)",0,,,,
"Dutch (Nederlands, Vlaams)",nl,appelblauwzeegroen,appelblauwzeegroen,7,"rgb(0, 255, 233)",12,"rgb(69,224,200)",0.8207459066946432,-0.13161689408103486,-0.0007500875525093235
"Dutch (Nederlands, Vlaams)",nl,beige,beige,0,,22,"rgb(204,193,150)",0.8092233801298387,-0.0057332491333665185,0.0587392258599152
"Dutch (Nederlands, Vlaams)",nl,blauw,blauw,118,"rgb(0, 134, 255)",167,"rgb(40,122,220)",0.5838591823017824,-0.04187168144644628,-0.16353116565189071
"Dutch (Nederlands, Vlaams)",nl,bordeaux,bordeaux,0,,21,"rgb(121,42,52)",0.4055157932924876,0.10592722986421917,0.031512981692962884
"Dutch (Nederlands, Vlaams)",nl,bruin,bruin,0,,91,"rgb(134,87,61)",0.5032077078920256,0.04713613761952466,0.056735014602141504
"Dutch (Nederlands, Vlaams)",nl,cyaan,cyaan,3,,14,"rgb(102,206,200)",0.788743820270877,-0.09564475139129175,-0.0174552924204899
"Dutch (Nederlands, Vlaams)",nl,donkerblauw,donkerblauw,28,"rgb(0, 20, 255)",63,"rgb(39,59,166)",0.4110943722085196,-0.0035321547848041978,-0.17234383072275394
"Dutch (Nederlands, Vlaams)",nl,donkergeel,donkergeel,5,"rgb(255, 199, 0)",1,,,,
"Dutch (Nederlands, Vlaams)",nl,donkergroen,donkergroen,0,,31,"rgb(45,100,63)",0.45621929615240703,-0.07489453785762072,0.039713224811222726
"Dutch (Nederlands, Vlaams)",nl,donker oranje,donkeroranje,6,"rgb(255, 109, 0)",5,,,,
"Dutch (Nederlands, Vlaams)",nl,donkerpaars,donkerpaars,3,,32,"rgb(99,55,121)",0.4205544097252752,0.07878207351787808,-0.08474545762336401
"Dutch (Nederlands, Vlaams)",nl,donkerroze,donkerroze,8,"rgb(255, 0, 156)",12,"rgb(216,62,133)",0.6074038383106434,0.19860402388647855,-0.011505177857193207
"Dutch (Nederlands, Vlaams)",nl,felgroen,felgroen,6,"rgb(0, 255, 85)",10,,,,
"Dutch (Nederlands, Vlaams)",nl,geel,geel,36,"rgb(255, 242, 0)",27,"rgb(242,231,50)",0.9092637375047141,-0.04913382403291339,0.17537254100300784
"Dutch (Nederlands, Vlaams)",nl,grasgroen,grasgroen,5,"rgb(105, 255, 0)",10,,,,
"Dutch (Nederlands, Vlaams)",nl,grijs,grijs,0,,39,"rgb(136,146,155)",0.654146373922537,-0.006768344568340874,-0.017011095664829598
"Dutch (Nederlands, Vlaams)",nl,groen,groen,77,"rgb(0, 255, 71)",191,"rgb(95,199,95)",0.7435977904733553,-0.13840228577451327,0.10180312896819914
"Dutch (Nederlands, Vlaams)",nl,groengeel,groengeel,7,"rgb(168, 255, 0)",4,,,,
"Dutch (Nederlands, Vlaams)",nl,hemelsblauw,hemelsblauw,5,"rgb(0, 184, 255)",0,,,,
"Dutch (Nederlands, Vlaams)",nl,knalroze,knalroze,6,"rgb(255, 0, 150)",0,,,,
"Dutch (Nederlands, Vlaams)",nl,lichtblauw,lichtblauw,34,"rgb(0, 218, 255)",43,"rgb(93,209,242)",0.8059052734797059,-0.08676738094845371,-0.07330211759641887
"Dutch (Nederlands, Vlaams)",nl,lichtgroen,lichtgroen,18,"rgb(0, 255, 61)",41,"rgb(136,232,120)",0.8465442257039256,-0.13500418389181784,0.11006002805327378
"Dutch (Nederlands, Vlaams)",nl,lichtpaars,lichtpaars,1,,15,"rgb(189,131,213)",0.698148702211627,0.09335694111893533,-0.09186090235160817
"Dutch (Nederlands, Vlaams)",nl,lila,lila,4,,25,"rgb(195,132,222)",0.7098221739654337,0.10109016814007638,-0.10066477712830209
"Dutch (Nederlands, Vlaams)",nl,magenta,magenta,13,"rgb(255, 0, 213)",27,"rgb(216,77,189)",0.6466008767441771,0.19384466441468384,-0.08382022334665082
"Dutch (Nederlands, Vlaams)",nl,middenblauw,middenblauw,5,"rgb(0, 92, 255)",0,,,,
"Dutch (Nederlands, Vlaams)",nl,mintgroen,mintgroen,7,"rgb(0, 255, 175)",8,,,,
"Dutch (Nederlands, Vlaams)",nl,oranje,oranje,62,"rgb(255, 144, 0)",58,"rgb(245,141,48)",0.7406963692038014,0.08767689341950585,0.13521731963039113
"Dutch (Nederlands, Vlaams)",nl,oranjerood,oranjerood,5,"rgb(255, 59, 0)",1,,,,
"Dutch (Nederlands, Vlaams)",nl,oudroze,oudroze,0,,13,"rgb(190,113,127)",0.636291727450648,0.0973055787192975,0.01510308387523453
"Dutch (Nederlands, Vlaams)",nl,paars,paars,63,"rgb(205, 0, 255)",224,"rgb(151,70,191)",0.5508188324880702,0.12917240377248812,-0.1390651443657778
"Dutch (Nederlands, Vlaams)",nl,rood,rood,53,"rgb(255, 0, 38)",53,"rgb(227,46,59)",0.5967380484406883,0.19671972446434988,0.0853860481201796
"Dutch (Nederlands, Vlaams)",nl,roze,roze,40,"rgb(255, 0, 173)",96,"rgb(235,90,175)",0.6802903653266403,0.19442366138296835,-0.044189786702437284
"Dutch (Nederlands, Vlaams)",nl,rozerood,rozerood,5,"rgb(255, 0, 111)",1,,,,
"Dutch (Nederlands, Vlaams)",nl,turkoois,turkoois,7,"rgb(0, 255, 253)",4,,,,
"Dutch (Nederlands, Vlaams)",nl,turquoise,turquoise,18,"rgb(0, 251, 255)",24,"rgb(61,217,208)",0.8049524711639782,-0.12466656080985376,-0.01990365908323253
"Dutch (Nederlands, Vlaams)",nl,zeeblauw,zeeblauw,5,"rgb(0, 174, 255)",1,,,,
"Dutch (Nederlands, Vlaams)",nl,zwart,zwart,0,,53,"rgb(28,22,31)",0.2122185939754941,0.012882267484793727,-0.013802229322446308
English (English),en,acid green,acidgreen,12,"rgb(152, 255, 0)",16,"rgb(154,238,51)",0.8633365642342142,-0.14801568820587355,0.16588233459226728
English (English),en,algae green,algaegreen,0,,21,"rgb(115,160,104)",0.658918982851308,-0.07174684366931915,0.06089636943331102
English (English),en,alizarin crimson,alizarincrimson,5,"rgb(255, 0, 86)",3,,,,
English (English),en,amber,amber,27,"rgb(255, 173, 0)",43,"rgb(222,147,44)",0.7217905462400113,0.050400742803975704,0.13313860816493892
English (English),en,amethyst,amethyst,2,,38,"rgb(142,73,183)",0.537822970511981,0.11346658626041746,-0.13208745599667618
English (English),en,apple,apple,4,,14,"rgb(157,172,77)",0.7121433533087109,-0.054446701075743946,0.10831699637025104
English (English),en,apple green,applegreen,22,"rgb(0, 255, 51)",78,"rgb(109,213,88)",0.784257819811959,-0.14677016591830963,0.12100328137012087
English (English),en,apricot,apricot,3,,45,"rgb(238,171,119)",0.7938786844786478,0.05345193452608072,0.08852334286354631
English (English),en,aqua,aqua,542,"rgb(0, 255, 253)",829,"rgb(63,221,210)",0.8155623995547827,-0.12681179334714518,-0.018241025857305106
English (English),en,aqua blue,aquablue,53,"rgb(0, 239, 255)",104,"rgb(66,207,223)",0.7880343057608147,-0.10672285173057895,-0.052073967167268385
English (English),en,aqua green,aquagreen,16,"rgb(0, 255, 169)",60,"rgb(76,207,158)",0.7709208093894324,-0.13086317726588087,0.036022126638687806
English (English),en,aquamarine,aquamarine,148,"rgb(0, 255, 245)",316,"rgb(60,210,195)",0.7833731100025885,-0.12397939391012389,-0.01087695527024281
English (English),en,army,army,0,,14,"rgb(98,112,50)",0.5197454220111845,-0.04389403447433983,0.07645784227763151
English (English),en,army green,armygreen,0,,421,"rgb(102,120,57)",0.5442163413872252,-0.04953590307003524,0.07666281713231439
English (English),en,ash,ash,0,,24,"rgb(129,130,138)",0.6072036088925691,0.002248954687640066,-0.01220211131682397
English (English),en,asparagus,asparagus,0,,15,"rgb(139,176,87)",0.7094235774463488,-0.07549444152176356,0.09776370366968307
English (English),en,aubergine,aubergine,0,,65,"rgb(94,41,97)",0.37933022499803254,0.09042151858814064,-0.06264064257813015
English (English),en,auburn,auburn,2,,29,"rgb(164,76,50)",0.5220921795436995,0.09817717719235673,0.07422445318609995
English (English),en,avocado,avocado,0,,38,"rgb(148,184,84)",0.7348826529295459,-0.07909272891161209,0.10940813595384674
English (English),en,avocado green,avocadogreen,0,,26,"rgb(141,183,82)",0.7257023621652455,-0.08544409617944007,0.10817642024184758
English (English),en,azure,azure,65,"rgb(0, 159, 255)",83,"rgb(34,151,235)",0.6551367098708009,-0.06341143078946909,-0.14540854622677335
English (English),en,azure blue,azureblue,7,"rgb(0, 114, 255)",22,"rgb(54,130,223)",0.6065089044113757,-0.04012485332784088,-0.1545142035585817
English (English),en,baby blue,babyblue,220,"rgb(0, 210, 255)",591,"rgb(118,200,239)",0.7939874915229486,-0.06207558361817256,-0.07480821427126902
English (English),en,baby green,babygreen,5,"rgb(0, 255, 131)",19,"rgb(146,236,144)",0.8650042816949791,-0.12272445350758054,0.09070247725736717
English (English),en,baby pink,babypink,2,,627,"rgb(236,162,201)",0.7944207624432703,0.09798863891575645,-0.02296473468627913
English (English),en,baby purple,babypurple,2,,16,"rgb(203,152,228)",0.7541863673072763,0.08310381312686009,-0.08541795477249382
English (English),en,banana,banana,3,,15,"rgb(243,229,116)",0.9120759801547178,-0.028927975173723173,0.1321546045956811
English (English),en,banana yellow,bananayellow,11,"rgb(255, 248, 0)",10,,,,
English (English),en,barbie pink,barbiepink,22,"rgb(255, 0, 170)",80,"rgb(237,76,175)",0.6687476289739955,0.21299799761662908,-0.049862632763813454
English (English),en,beige,beige,5,"rgb(255, 202, 0)",1293,"rgb(210,186,144)",0.7976238646501533,0.009430757082579623,0.06173251116385362
English (English),en,berry,berry,12,"rgb(255, 0, 136)",55,"rgb(170,55,117)",0.5217200646507828,0.15999845062396612,-0.025913436554147556
English (English),en,black,black,0,,3053,"rgb(26,23,27)",0.21024012560022587,0.007156174116834043,-0.006243840775820692
English (English),en,blood orange,bloodorange,33,"rgb(255, 81, 0)",34,"rgb(241,81,33)",0.6502575591331926,0.1657587468972754,0.12054987256355475
English (English),en,blood red,bloodred,8,"rgb(255, 0, 50)",98,"rgb(173,35,40)",0.48958091382513363,0.15776941726139537,0.0733761059474612
English (English),en,blue,blue,7302,"rgb(0, 126, 255)",12504,"rgb(44,119,222)",0.5778053787643027,-0.03711268842412938,-0.16957499484290003
English (English),en,blueberry,blueberry,1,,13,"rgb(73,76,181)",0.47580312862675134,0.01921900070582969,-0.16140528472670898
English (English),en,bluebird,bluebird,6,"rgb(0, 139, 255)",1,,,,
English (English),en,blue black,blueblack,0,,25,"rgb(28,37,72)",0.27569096595976655,0.000573181177473503,-0.06597387501736945
English (English),en,blue grey,bluegray,1,,395,"rgb(108,137,158)",0.615381846741354,-0.023555456324424896,-0.03907372305101397
English (English),en,blue green,bluegreen,120,"rgb(0, 255, 198)",480,"rgb(59,180,150)",0.6945004033674188,-0.11419072493444811,0.013284702770486318
English (English),en,blueish,blueish,2,,24,"rgb(77,133,193)",0.6049198130373628,-0.035050083647907716,-0.10353771760631168
English (English),en,bluish grey,blueishgray,0,,102,"rgb(110,134,157)",0.6090851525784623,-0.01703368070780447,-0.042093145780900496
English (English),en,bluish green,blueishgreen,23,"rgb(0, 255, 167)",86,"rgb(68,185,144)",0.7081487439021363,-0.11742920554053995,0.02795017300928742
English (English),en,bluish purple,blueishpurple,11,"rgb(110, 0, 255)",97,"rgb(103,87,212)",0.5400883608212484,0.045230645747079946,-0.1796490858213511
English (English),en,blue purple,bluepurple,40,"rgb(118, 0, 255)",190,"rgb(102,74,207)",0.5146635046890387,0.057333608814457565,-0.18679267993965112
English (English),en,blue violet,blueviolet,15,"rgb(107, 0, 255)",82,"rgb(99,63,205)",0.4953654137231602,0.0638395244349417,-0.1949905297234236
English (English),en,blurple,blurple,4,,18,"rgb(95,81,214)",0.526760310823356,0.04143304614378635,-0.19145451617394996
English (English),en,blush,blush,2,,103,"rgb(217,136,149)",0.7143753677079455,0.09845666205472342,0.017026473205839412
English (English),en,blush pink,blushpink,1,,87,"rgb(224,139,163)",0.7313410541048229,0.10756021233748804,0.003131177627145976
English (English),en,bottle green,bottlegreen,0,,78,"rgb(52,98,62)",0.45259864899086566,-0.06688640959470643,0.03898709862714934
English (English),en,brick,brick,4,,132,"rgb(169,73,57)",0.5270786708852992,0.11178870290467506,0.0674590559781418
English (English),en,brick brown,brickbrown,0,,22,"rgb(140,70,57)",0.4777454569982343,0.08286855850926225,0.05203505315130675
English (English),en,brick orange,brickorange,3,,15,"rgb(211,102,59)",0.6348565614363749,0.11225367065116847,0.09850229917637053
English (English),en,brick red,brickred,20,"rgb(255, 0, 35)",323,"rgb(172,56,50)",0.5088586685411078,0.13670219829508132,0.06874031715712785
English (English),en,bright aqua,brightaqua,5,"rgb(0, 255, 245)",5,,,,
English (English),en,bright blue,brightblue,134,"rgb(0, 185, 255)",393,"rgb(31,140,240)",0.6335487039435519,-0.05483282878509379,-0.16686815072040645
English (English),en,bright dark blue,brightdarkblue,1,,12,"rgb(42,45,215)",0.4416546887740339,-0.0003968208216010806,-0.24503705424254837
English (English),en,bright fuchsia,brightfuchsia,1,,12,"rgb(230,60,205)",0.6586874251160915,0.22648407462819442,-0.10648955494407389
English (English),en,bright green,brightgreen,234,"rgb(0, 255, 53)",868,"rgb(80,231,79)",0.8172562293266034,-0.18392002320343429,0.1385658151697748
English (English),en,bright lavender,brightlavender,0,,17,"rgb(176,104,240)",0.6561715295067253,0.11879471012862153,-0.16191144483375472
English (English),en,bright magenta,brightmagenta,3,,29,"rgb(229,49,207)",0.6510560294448247,0.23513971922729401,-0.11404704272421695
English (English),en,bright mint,brightmint,3,,13,"rgb(63,243,169)",0.8582457784076796,-0.16658380551900506,0.059127816328422636
English (English),en,bright orange,brightorange,15,"rgb(255, 118, 0)",61,"rgb(246,106,39)",0.6892115616521539,0.13838624031277774,0.1269705783038874
English (English),en,bright pink,brightpink,97,"rgb(255, 0, 178)",464,"rgb(239,65,182)",0.6654077736595522,0.22747872339663264,-0.06393955502586675
English (English),en,bright purple,brightpurple,66,"rgb(223, 0, 255)",537,"rgb(167,59,223)",0.5808030405124637,0.15676350067749145,-0.180692042576868
English (English),en,bright red,brightred,46,"rgb(255, 0, 31)",160,"rgb(241,37,51)",0.6163040665582039,0.2108132930837874,0.09848562892308967
English (English),en,bright sky blue,brightskyblue,2,,12,"rgb(78,208,238)",0.798498451936027,-0.09664353557073362,-0.06946324017053229
English (English),en,bright teal,brightteal,9,"rgb(0, 255, 222)",35,"rgb(65,233,200)",0.8429702553609069,-0.1424968686976232,0.00982958307723402
English (English),en,bright turquoise,brightturquoise,10,"rgb(0, 255, 251)",17,"rgb(57,239,216)",0.8586525211658339,-0.14324325422723486,-0.005293060499319053
English (English),en,bright violet,brightviolet,6,"rgb(228, 0, 255)",33,"rgb(170,67,233)",0.5994423055400719,0.15264032230495234,-0.1859298658742284
English (English),en,bright yellow,brightyellow,64,"rgb(254, 255, 0)",62,"rgb(240,243,52)",0.9311851403850598,-0.06765671809803196,0.1797641163143172
English (English),en,bronze,bronze,2,,57,"rgb(173,127,46)",0.6278371014572115,0.022780810869025815,0.10879640946476342
English (English),en,brown,brown,14,"rgb(255, 149, 0)",6642,"rgb(131,84,52)",0.4900199520393176,0.04631619439073839,0.06295710403898688
English (English),en,brown grey,browngray,0,,29,"rgb(125,109,92)",0.5458746676927656,0.010856446072399661,0.030774016312012355
English (English),en,brown green,browngreen,0,,61,"rgb(128,125,49)",0.5756745729510349,-0.028573035769579286,0.09339547685768289
English (English),en,brownish,brownish,0,,20,"rgb(134,95,70)",0.5212485546537533,0.037290376921297136,0.05084478646331303
English (English),en,brownish grey,brownishgray,0,,18,"rgb(134,119,111)",0.581352107778503,0.014731706169275445,0.01681690625923701
English (English),en,brownish green,brownishgreen,0,,51,"rgb(123,123,51)",0.5674131336603394,-0.029853116351950853,0.08884564933182133
English (English),en,brownish orange,brownishorange,1,,23,"rgb(188,106,51)",0.6080578764066665,0.0767638734293809,0.09850376472656301
English (English),en,brownish pink,brownishpink,0,,16,"rgb(163,99,116)",0.574941251647828,0.08502722137665009,0.0034589877885760553
English (English),en,brownish purple,brownishpurple,0,,17,"rgb(115,69,88)",0.4511924292884268,0.06798000692662542,-0.007299804488724784
English (English),en,brownish red,brownishred,0,,30,"rgb(148,64,63)",0.4829497312676133,0.10436706307878471,0.044778086267442306
English (English),en,brownish yellow,brownishyellow,3,,17,"rgb(201,155,54)",0.7143379318245489,0.01567851158515978,0.12611507632202512
English (English),en,brown orange,brownorange,1,,22,"rgb(202,114,40)",0.639784076437418,0.07768933760517169,0.11499290528293683
English (English),en,brown purple,brownpurple,0,,19,"rgb(108,73,87)",0.4482761223199656,0.05125056858309134,-0.006258665729627099
English (English),en,brown red,brownred,1,,41,"rgb(146,60,50)",0.47076265504933007,0.10395707694342199,0.057582410674693926
English (English),en,brown yellow,brownyellow,0,,26,"rgb(171,143,51)",0.6591499848584841,-0.0029437225798456565,0.11390007132109431
English (English),en,bubblegum,bubblegum,1,,30,"rgb(236,109,173)",0.7046666754541876,0.1678595547760641,-0.02630950384812716
English (English),en,bubblegum pink,bubblegumpink,6,"rgb(255, 0, 195)",89,"rgb(237,120,192)",0.728361441302325,0.15956969758156997,-0.04547456944542713
English (English),en,burgundy,burgundy,13,"rgb(255, 0, 116)",1017,"rgb(123,38,60)",0.40389150754862624,0.11756705915805257,0.017161037170870367
English (English),en,burnt orange,burntorange,166,"rgb(255, 114, 0)",476,"rgb(217,107,37)",0.6477374184382577,0.1063369094954526,0.118444421971978
English (English),en,burnt red,burntred,0,,24,"rgb(169,57,46)",0.5047583180149418,0.1307992863291253,0.07225601931665733
English (English),en,burnt sienna,burntsienna,6,"rgb(255, 131, 0)",139,"rgb(167,87,45)",0.5448067352975535,0.08197348398599788,0.08652703005827336
English (English),en,burnt umber,burntumber,2,,72,"rgb(142,77,43)",0.49149301718133415,0.0692733188816553,0.07274912454362333
English (English),en,burnt yellow,burntyellow,6,"rgb(255, 182, 0)",19,"rgb(209,168,43)",0.7472392510863632,0.0018796086487548823,0.14071507799592178
English (English),en,butter yellow,butteryellow,3,,68,"rgb(236,226,136)",0.9019831978716315,-0.025771575052713627,0.10974822883672149
English (English),en,cadet blue,cadetblue,2,,25,"rgb(66,119,164)",0.5513205841588472,-0.03630496411845755,-0.08297100743225751
English (English),en,cadmium red,cadmiumred,5,"rgb(255, 26, 0)",5,,,,
English (English),en,cadmium yellow,cadmiumyellow,8,"rgb(255, 224, 0)",8,,,,
English (English),en,camel,camel,1,,32,"rgb(200,150,91)",0.7071567234856024,0.033793164302158354,0.09095031412290555
English (English),en,camo green,camogreen,0,,44,"rgb(104,127,61)",0.56225326553532,-0.05549224639665144,0.0783412078844684
English (English),en,canary,canary,6,"rgb(255, 242, 0)",3,,,,
English (English),en,canary yellow,canaryyellow,15,"rgb(255, 241, 0)",14,"rgb(246,234,45)",0.918838632485305,-0.05018260742846353,0.17940742780688274
English (English),en,caramel,caramel,0,,34,"rgb(192,143,67)",0.682331430547554,0.02768866213726687,0.10698575002428093
English (English),en,caribbean blue,caribbeanblue,9,"rgb(0, 213, 255)",4,,,,
English (English),en,carmine,carmine,1,,12,"rgb(188,39,73)",0.526300658561312,0.1781629429410108,0.04440324701095925
English (English),en,carnation pink,carnationpink,0,,20,"rgb(242,147,183)",0.7719804223085375,0.12111495289366996,-0.0081667778763863
English (English),en,carolina blue,carolinablue,10,"rgb(0, 199, 255)",12,"rgb(93,186,242)",0.7546681914694632,-0.06397907590393155,-0.10066692743351675
English (English),en,carrot,carrot,6,"rgb(255, 124, 0)",15,"rgb(227,106,50)",0.662025125694432,0.11998091861726837,0.11304416106613646
English (English),en,cerise,cerise,23,"rgb(255, 0, 121)",31,"rgb(226,54,130)",0.6167854375060607,0.21427115723042256,-0.0028429275114581075
English (English),en,cerulean,cerulean,149,"rgb(0, 144, 255)",222,"rgb(39,136,228)",0.6184559950463208,-0.05133058542497581,-0.15629058035923918
English (English),en,cerulean blue,ceruleanblue,22,"rgb(0, 142, 255)",56,"rgb(48,138,225)",0.6236921346624216,-0.04983069724694223,-0.14802015375684302
English (English),en,charcoal,charcoal,0,,57,"rgb(64,66,71)",0.37913749807491187,0.0004494531427887068,-0.008639015189199004
English (English),en,charcoal grey,charcoalgray,0,,25,"rgb(80,79,84)",0.4306799438681339,0.0022524003970197217,-0.006961755319358297
English (English),en,chartreuse,chartreuse,203,"rgb(182, 255, 0)",443,"rgb(178,223,65)",0.8430927051655815,-0.10445706635993653,0.15326381111553333
English (English),en,chartreuse green,chartreusegreen,2,,12,"rgb(158,224,37)",0.8312059237725442,-0.13066204359212744,0.16387081241114215
English (English),en,cherry,cherry,15,"rgb(255, 0, 74)",27,"rgb(215,37,78)",0.5731487551408181,0.20233503429577193,0.0548029269332252
English (English),en,cherry red,cherryred,26,"rgb(255, 0, 45)",65,"rgb(205,39,65)",0.5541219991477755,0.18771044620255387,0.06539707354320944
English (English),en,chestnut,chestnut,0,,26,"rgb(140,75,44)",0.4855490167802977,0.0686096369956801,0.06937888942791638
English (English),en,chestnut brown,chestnutbrown,0,,16,"rgb(135,70,41)",0.4692784264038396,0.0712317138662552,0.06796821536718634
English (English),en,chocolate,chocolate,0,,69,"rgb(95,52,36)",0.37656000673284923,0.05033052040573232,0.04460287516075421
English (English),en,chocolate brown,chocolatebrown,0,,106,"rgb(95,51,38)",0.3751373000272087,0.052956851200939126,0.041794393307986864
English (English),en,chrome yellow,chromeyellow,7,"rgb(255, 209, 0)",12,"rgb(229,174,48)",0.7820535759611988,0.017232125701386457,0.1457912411420519
English (English),en,cinnamon,cinnamon,0,,14,"rgb(188,88,66)",0.5793180801513467,0.11158754769267927,0.07482910067765912
English (English),en,clay,clay,0,,54,"rgb(183,128,101)",0.6487796584336919,0.05456342847623367,0.05738073679161211
English (English),en,cobalt,cobalt,83,"rgb(0, 74, 255)",165,"rgb(39,82,212)",0.495605638335012,-0.01717408387040152,-0.2044297777986484
English (English),en,cobalt blue,cobaltblue,85,"rgb(0, 84, 255)",201,"rgb(39,79,213)",0.4902457824435092,-0.01586491819032563,-0.20904165760012086
English (English),en,coffee,coffee,0,,47,"rgb(122,79,54)",0.47072379419878846,0.044236935703768854,0.053991446961039524
English (English),en,coffee brown,coffeebrown,0,,31,"rgb(106,68,50)",0.42445772715716257,0.04245942705049038,0.04207255652858532
English (English),en,cool blue,coolblue,5,"rgb(0, 128, 255)",18,"rgb(72,132,215)",0.6114379986466296,-0.03164919598395104,-0.13745992538974877
English (English),en,cool brown,coolbrown,0,,12,"rgb(122,84,71)",0.48461586888139907,0.0426830555379554,0.03511297335807035
English (English),en,cool grey,coolgray,0,,37,"rgb(128,141,156)",0.6370481807807737,-0.008349279967578414,-0.0266368830643452
English (English),en,cool green,coolgreen,5,"rgb(0, 255, 136)",28,"rgb(84,190,123)",0.7226088459793452,-0.12446365761966871,0.06207286311095804
English (English),en,cool red,coolred,3,,12,"rgb(217,23,68)",0.5686303914628387,0.20806353487938828,0.06562102170494442
English (English),en,copper,copper,4,,39,"rgb(189,111,52)",0.6165678522140976,0.07051256941840706,0.10045380356383121
English (English),en,coral,coral,28,"rgb(255, 0, 30)",442,"rgb(234,112,108)",0.6889113348116034,0.13983806691651904,0.06170414600629554
English (English),en,coral pink,coralpink,1,,45,"rgb(227,105,121)",0.6715098616695537,0.14869355366786388,0.03605672316575399
English (English),en,coral red,coralred,3,,12,"rgb(241,67,85)",0.6412105877620449,0.19635753617698085,0.07122848475759742
English (English),en,cornflower,cornflower,40,"rgb(0, 145, 255)",58,"rgb(85,144,236)",0.6554462756398094,-0.028506329239366242,-0.14937996791098396
English (English),en,cornflower blue,cornflowerblue,73,"rgb(0, 139, 255)",93,"rgb(70,139,234)",0.6393207882034744,-0.036208920303022064,-0.15464830034694443
English (English),en,cranberry,cranberry,7,"rgb(255, 0, 117)",21,"rgb(198,42,95)",0.5499135854735654,0.19102862058146772,0.022037248175010953
English (English),en,cream,cream,2,,343,"rgb(231,216,172)",0.8828920717674454,-0.0013794377753524668,0.05970785888611645
English (English),en,cream yellow,creamyellow,0,,12,"rgb(236,223,144)",0.8974281289125096,-0.01758989704493628,0.0991547773184772
English (English),en,creme,creme,0,,20,"rgb(222,199,156)",0.8377228675471529,0.007374787535675995,0.0621984212337494
English (English),en,crimson,crimson,58,"rgb(255, 0, 60)",279,"rgb(189,41,60)",0.5253140903913687,0.17220779478462167,0.06237235162328412
English (English),en,crimson red,crimsonred,3,,40,"rgb(193,45,59)",0.536002102971633,0.17116702944913026,0.0670964109608115
English (English),en,cyan,cyan,802,"rgb(0, 247, 255)",1382,"rgb(70,219,222)",0.8154193849019777,-0.11660718637001667,-0.03600883840907084
English (English),en,cyan blue,cyanblue,9,"rgb(0, 236, 255)",18,"rgb(85,205,227)",0.7900259422262886,-0.09435200879607611,-0.05770273993013295
English (English),en,cyan green,cyangreen,6,"rgb(0, 255, 128)",20,"rgb(70,219,153)",0.7971832705464783,-0.1479198406337334,0.053868838582686034
English (English),en,dandelion,dandelion,25,"rgb(255, 223, 0)",36,"rgb(241,212,57)",0.8685307799173219,-0.023178017099879846,0.16271526568969708
English (English),en,dandelion yellow,dandelionyellow,6,"rgb(255, 211, 0)",14,"rgb(241,209,52)",0.8633020605722429,-0.019613962799503816,0.16368468385850285
English (English),en,dark aqua,darkaqua,1,,15,"rgb(55,143,139)",0.5976944965838986,-0.0825646321317576,-0.015063063397257624
English (English),en,dark beige,darkbeige,1,,51,"rgb(177,152,107)",0.6904539545359202,0.009772477982949045,0.0673665079419285
English (English),en,dark blue,darkblue,815,"rgb(0, 55, 255)",2315,"rgb(35,58,169)",0.41025112049044127,-0.006035519700626661,-0.17878841298305664
English (English),en,dark blue grey,darkbluegray,0,,16,"rgb(59,88,102)",0.44308673399157134,-0.026142052020890767,-0.032070077638442857
English (English),en,dark blue green,darkbluegreen,0,,40,"rgb(33,96,97)",0.44981421965502033,-0.06011043648990679,-0.018486248510819925
English (English),en,dark brown,darkbrown,0,,771,"rgb(75,42,33)",0.3261179757718228,0.04166302572340534,0.03056037919507046
English (English),en,dark burgundy,darkburgundy,0,,17,"rgb(84,24,42)",0.31097396074538597,0.08992255839250009,0.008886978790498842
English (English),en,dark coral,darkcoral,1,,13,"rgb(216,85,93)",0.6224908166252447,0.15497465843674,0.0556917822644741
English (English),en,dark cyan,darkcyan,9,"rgb(0, 222, 255)",69,"rgb(55,143,154)",0.6028714216627825,-0.07498865165020178,-0.03773288495746845
English (English),en,darker blue,darkerblue,30,"rgb(0, 74, 255)",17,"rgb(23,76,212)",0.478909716015856,-0.023178056326875265,-0.2150949151573922
English (English),en,darker green,darkergreen,2,,20,"rgb(56,140,75)",0.573500968399615,-0.10863854024201772,0.06675854164879821
English (English),en,darker orange,darkerorange,9,"rgb(255, 126, 0)",1,,,,
English (English),en,darker pink,darkerpink,6,"rgb(255, 0, 174)",9,,,,
English (English),en,darker purple,darkerpurple,0,,14,"rgb(97,52,121)",0.4128235755209712,0.08062962377620433,-0.08873843939169522
English (English),en,dark forest green,darkforestgreen,0,,39,"rgb(29,64,38)",0.33580916753354806,-0.053050133034278614,0.03057072476875498
English (English),en,dark fuschia,darkfuchsia,1,,26,"rgb(173,40,124)",0.5163349870739564,0.18155010799013555,-0.04184112128163001
English (English),en,dark gold,darkgold,4,,41,"rgb(168,137,42)",0.6430130906092354,-0.00022278398437137933,0.11581971067565963
English (English),en,dark grey,darkgray,0,,341,"rgb(73,78,82)",0.42013737705918947,-0.0031038100080060076,-0.00925939291000794
English (English),en,dark grey blue,darkgrayblue,0,,16,"rgb(54,86,109)",0.4387305321975462,-0.025881950063857635,-0.046863473471827996
English (English),en,dark green,darkgreen,11,"rgb(0, 255, 63)",2678,"rgb(48,100,52)",0.45499659046460267,-0.07750444367852102,0.05341336045787374
English (English),en,dark hot pink,darkhotpink,9,"rgb(255, 0, 145)",7,,,,
English (English),en,dark indigo,darkindigo,1,,28,"rgb(56,48,104)",0.34764055878953354,0.02859994893180838,-0.09003868934192438
English (English),en,darkish blue,darkishblue,4,,14,"rgb(67,107,200)",0.5457620357998288,-0.014563118723035041,-0.15062585173763524
English (English),en,darkish green,darkishgreen,0,,17,"rgb(85,152,74)",0.61752037586462,-0.10207845086149553,0.08305108975654131
English (English),en,dark khaki,darkkhaki,0,,13,"rgb(139,127,79)",0.5954766581291573,-0.006836546604444828,0.06712985399317274
English (English),en,dark lavender,darklavender,1,,100,"rgb(139,102,178)",0.5789511699949073,0.06952400052077277,-0.09805616466706792
English (English),en,dark lilac,darklilac,4,,33,"rgb(156,110,194)",0.6197292982719549,0.08112614645219977,-0.10294826088409652
English (English),en,dark lime,darklime,0,,15,"rgb(144,191,60)",0.7449082647941953,-0.09933849150912799,0.13139428544892703
English (English),en,dark lime green,darklimegreen,5,"rgb(99, 255, 0)",15,"rgb(119,210,49)",0.77735211229251,-0.14734375450855713,0.14679254208408724
English (English),en,dark magenta,darkmagenta,7,"rgb(255, 0, 151)",191,"rgb(150,42,119)",0.4777875847979084,0.15624903308586194,-0.05284299495307634
English (English),en,dark maroon,darkmaroon,0,,71,"rgb(89,32,47)",0.3341380241227343,0.08407773556825796,0.009200812272543869
English (English),en,dark mauve,darkmauve,2,,37,"rgb(138,74,107)",0.49663756555877997,0.09401295519587452,-0.01899671796721872
English (English),en,dark mint,darkmint,2,,17,"rgb(86,189,139)",0.723604966293001,-0.11477750799435431,0.041851986195774155
English (English),en,dark mint green,darkmintgreen,2,,13,"rgb(83,200,133)",0.7497961629713781,-0.1318637147809816,0.06117282081473192
English (English),en,dark mustard,darkmustard,2,,25,"rgb(178,135,42)",0.6497997581391611,0.015564232733921494,0.11709342756882596
English (English),en,dark navy,darknavy,0,,50,"rgb(32,40,80)",0.2915962169289796,0.0036652848086137658,-0.07337815051863757
English (English),en,dark navy blue,darknavyblue,0,,41,"rgb(28,41,78)",0.2894814433247998,-0.00279843766122593,-0.07061872969238656
English (English),en,dark olive,darkolive,0,,41,"rgb(77,89,42)",0.44032434588988156,-0.03642259083764586,0.05968340613372686
English (English),en,dark olive green,darkolivegreen,0,,47,"rgb(76,93,48)",0.45295059616127586,-0.04217287352907505,0.05764338207112987
English (English),en,dark orange,darkorange,198,"rgb(255, 102, 0)",255,"rgb(227,101,32)",0.6525759090574126,0.12425980459081558,0.12208445970876253
English (English),en,dark peach,darkpeach,0,,46,"rgb(215,136,119)",0.7036987432048359,0.08467945941796505,0.05483122935739732
English (English),en,dark periwinkle,darkperiwinkle,0,,22,"rgb(100,98,195)",0.5465930596468307,0.028164463429749584,-0.1444036421845393
English (English),en,dark pink,darkpink,279,"rgb(255, 0, 137)",1131,"rgb(204,63,137)",0.5911685051027096,0.18730436157416,-0.025646087997750578
English (English),en,dark plum,darkplum,0,,22,"rgb(84,30,79)",0.336367827973795,0.09227871399760018,-0.05015452971567087
English (English),en,dark purple,darkpurple,79,"rgb(144, 0, 255)",1887,"rgb(91,42,115)",0.38697180464712355,0.08579878260493928,-0.09263294183080915
English (English),en,dark red,darkred,25,"rgb(255, 0, 56)",458,"rgb(153,34,43)",0.4519985428135045,0.14306669865669802,0.05887689452831819
English (English),en,dark rose,darkrose,2,,22,"rgb(191,78,115)",0.5816442992899488,0.14989799769055773,0.0066620373983103665
English (English),en,dark royal blue,darkroyalblue,6,"rgb(0, 51, 255)",15,"rgb(32,51,173)",0.4010905486931958,-0.006309953884731283,-0.19290271716537602
English (English),en,dark sage,darksage,0,,12,"rgb(100,137,101)",0.5925048212321665,-0.05559806013001304,0.03852084312902738
English (English),en,dark salmon,darksalmon,2,,25,"rgb(208,103,97)",0.6366951900219477,0.12229138284381066,0.05595856267901378
English (English),en,dark sea green,darkseagreen,0,,12,"rgb(111,163,138)",0.6716982302679408,-0.06353667205986123,0.019648305945036207
English (English),en,dark sky blue,darkskyblue,14,"rgb(0, 159, 255)",21,"rgb(60,146,230)",0.647614123571958,-0.04866466332657517,-0.1428363486660894
English (English),en,dark tan,darktan,0,,38,"rgb(168,132,82)",0.6361681200186294,0.021786819460838665,0.07723419190893044
English (English),en,dark teal,darkteal,5,"rgb(0, 255, 211)",304,"rgb(42,113,117)",0.5063457251652272,-0.0655513736010431,-0.024287735900357564
English (English),en,dark turquoise,darkturquoise,6,"rgb(0, 234, 255)",80,"rgb(45,135,139)",0.5737596000542269,-0.07845549625283846,-0.02747368652626667
English (English),en,dark violet,darkviolet,8,"rgb(164, 0, 255)",188,"rgb(89,47,124)",0.39754130861232445,0.07779783295556722,-0.10299805956783341
English (English),en,dark yellow,darkyellow,131,"rgb(255, 207, 0)",267,"rgb(214,182,46)",0.7821194385187283,-0.012625922273680283,0.14754645755354312
English (English),en,dark yellow green,darkyellowgreen,1,,22,"rgb(120,144,40)",0.6145942174358923,-0.06850575700755358,0.11087595628099545
English (English),en,deep blue,deepblue,68,"rgb(0, 49, 255)",201,"rgb(37,59,178)",0.42075500255561793,-0.006027681071293488,-0.1883757089855631
English (English),en,deep brown,deepbrown,0,,31,"rgb(74,39,31)",0.3162189297239472,0.046461342796235865,0.031015319750673953
English (English),en,deep green,deepgreen,0,,91,"rgb(40,93,51)",0.42933935032158593,-0.0747654407989115,0.046059962187294856
English (English),en,deep lavender,deeplavender,0,,12,"rgb(141,107,179)",0.5918175538878289,0.06446876982737533,-0.09183971950190324
English (English),en,deep lilac,deeplilac,0,,13,"rgb(145,97,173)",0.573997371630955,0.08367904288336216,-0.09164966854354381
English (English),en,deep magenta,deepmagenta,1,,25,"rgb(157,41,104)",0.4821454495673469,0.16135234214175684,-0.022616789643550704
English (English),en,deep orange,deeporange,13,"rgb(255, 103, 0)",12,"rgb(236,99,24)",0.6632939948591071,0.1342765815664749,0.12794375560705074
English (English),en,deep pink,deeppink,38,"rgb(255, 0, 137)",83,"rgb(216,55,138)",0.6035080245058589,0.2076517837323542,-0.022234797667707296
English (English),en,deep purple,deeppurple,7,"rgb(128, 0, 255)",244,"rgb(87,39,112)",0.3762060353483287,0.0845994043176047,-0.09360125160950791
English (English),en,deep red,deepred,7,"rgb(255, 0, 34)",64,"rgb(168,38,44)",0.48268226445763324,0.15187985853336303,0.06763865473779047
English (English),en,deep sea blue,deepseablue,5,"rgb(0, 81, 255)",20,"rgb(40,73,168)",0.4388678798439494,-0.011281996243876196,-0.15731477490664772
English (English),en,deep sky blue,deepskyblue,17,"rgb(0, 158, 255)",8,,,,
English (English),en,deep teal,deepteal,0,,19,"rgb(35,104,114)",0.4798064374756096,-0.060674007779376045,-0.033244135830792644
English (English),en,deep violet,deepviolet,1,,31,"rgb(91,41,126)",0.3941233980177263,0.08672858666783367,-0.11056144190883757
English (English),en,deep yellow,deepyellow,4,,15,"rgb(238,187,38)",0.8156313655802334,0.007433822391894568,0.15830056695660938
English (English),en,denim,denim,17,"rgb(0, 137, 255)",54,"rgb(56,113,175)",0.5394033751961752,-0.0346164529641191,-0.11008273927212335
English (English),en,denim blue,denimblue,5,"rgb(0, 131, 255)",57,"rgb(62,108,174)",0.5300775534385339,-0.02501662492522723,-0.11390600759857522
English (English),en,dirt,dirt,0,,18,"rgb(124,94,66)",0.5045395155252157,0.02539616912279678,0.050300852022913616
English (English),en,dirt brown,dirtbrown,0,,20,"rgb(137,96,59)",0.5248017140186249,0.03456461485256446,0.06676216527188043
English (English),en,dirty brown,dirtybrown,0,,13,"rgb(124,96,55)",0.5084854375024458,0.01621250488838021,0.06589996297303014
English (English),en,dirty green,dirtygreen,1,,62,"rgb(114,134,64)",0.5889522750113891,-0.05300429475213188,0.08293144701267605
English (English),en,dirty orange,dirtyorange,2,,12,"rgb(212,127,56)",0.6757529168352198,0.0728397276979729,0.11310129776883455
English (English),en,dirty pink,dirtypink,1,,25,"rgb(193,108,145)",0.637108549964639,0.11512582255229734,-0.01381112306602897
English (English),en,dirty purple,dirtypurple,0,,12,"rgb(147,95,141)",0.5574341951190457,0.08197719127813616,-0.04613541819287636
English (English),en,dirty yellow,dirtyyellow,13,"rgb(255, 244, 0)",52,"rgb(201,193,59)",0.7949638255894755,-0.041355556483833565,0.14410640334139174
English (English),en,dodger blue,dodgerblue,8,"rgb(0, 150, 255)",7,,,,
English (English),en,drab green,drabgreen,0,,14,"rgb(101,124,83)",0.5554328774678086,-0.04441759421034852,0.048936123870516976
English (English),en,duck egg blue,duckeggblue,0,,17,"rgb(150,205,207)",0.8118106517479715,-0.05448483693215634,-0.017724607627898594
English (English),en,dull blue,dullblue,4,,63,"rgb(71,120,176)",0.5634259981034558,-0.029757715391633206,-0.09820820009155407
English (English),en,dull brown,dullbrown,0,,15,"rgb(120,100,79)",0.5163947402827328,0.015880238763954408,0.03796363328386895
English (English),en,dull green,dullgreen,2,,83,"rgb(115,165,101)",0.6692319061105676,-0.07864227191102732,0.06880381951392886
English (English),en,dull orange,dullorange,6,"rgb(255, 130, 0)",21,"rgb(226,131,60)",0.6993376325074702,0.08412591689649362,0.11672953081140305
English (English),en,dull pink,dullpink,1,,86,"rgb(198,120,156)",0.6672728508022101,0.1046392878980028,-0.016383039826295406
English (English),en,dull purple,dullpurple,1,,64,"rgb(133,94,148)",0.5433653583712488,0.06819109306757556,-0.06485512667887017
English (English),en,dull red,dullred,2,,17,"rgb(189,68,73)",0.5562543285567022,0.1444818210739886,0.0575632383337526
English (English),en,dull yellow,dullyellow,4,,32,"rgb(215,207,85)",0.8372436070750603,-0.03732693357826797,0.13666604769113763
English (English),en,dusky blue,duskyblue,1,,21,"rgb(88,132,179)",0.6015690879431667,-0.02865558706464316,-0.08112375780388632
English (English),en,dusky pink,duskypink,1,,57,"rgb(205,133,161)",0.6991691133456007,0.09425221211415484,-0.008138310520917855
English (English),en,dusky purple,duskypurple,0,,17,"rgb(123,99,150)",0.543925531940207,0.047291232798309366,-0.06635361532253545
English (English),en,dusky rose,duskyrose,0,,20,"rgb(199,112,137)",0.6494201530847873,0.11328668729460026,0.004732268559002636
English (English),en,dusty blue,dustyblue,4,,69,"rgb(91,136,185)",0.6148197153706185,-0.028180635789900786,-0.08485493393015835
English (English),en,dusty green,dustygreen,0,,29,"rgb(122,166,117)",0.6804017051596943,-0.06743452812427456,0.05284930143982068
English (English),en,dusty lavender,dustylavender,0,,15,"rgb(155,132,169)",0.6475002986174798,0.04059318402625592,-0.04433563311519738
English (English),en,dusty pink,dustypink,0,,143,"rgb(199,130,154)",0.6838908541136292,0.09057187995580725,-0.005245613563265038
English (English),en,dusty purple,dustypurple,0,,68,"rgb(146,111,152)",0.5902200924522869,0.057991714590799937,-0.045886024128123065
English (English),en,dusty red,dustyred,1,,12,"rgb(199,74,75)",0.5787541978331722,0.1468548388021098,0.06210838548254859
English (English),en,dusty rose,dustyrose,0,,149,"rgb(196,124,141)",0.665501019808487,0.09153370858849004,0.0073449733066210405
English (English),en,ecru,ecru,0,,13,"rgb(226,210,164)",0.8652041050848176,-0.0010779704304350879,0.06219185565865616
English (English),en,eggplant,eggplant,1,,241,"rgb(94,43,104)",0.3841537654312693,0.08803478588884238,-0.07226689672684745
English (English),en,eggplant purple,eggplantpurple,0,,42,"rgb(95,44,103)",0.3864771647072081,0.08802589575325606,-0.06882223785374453
English (English),en,eggshell,eggshell,1,,38,"rgb(220,224,192)",0.8955469021538329,-0.01694650662232288,0.03922648681999702
English (English),en,eggshell white,eggshellwhite,0,,12,"rgb(237,237,217)",0.9395631867681581,-0.007345459443691175,0.02432725951798731
English (English),en,electric blue,electricblue,85,"rgb(0, 139, 255)",161,"rgb(35,119,237)",0.587219233978289,-0.039222910882513146,-0.19070560267696857
English (English),en,electric green,electricgreen,26,"rgb(0, 255, 37)",43,"rgb(79,239,88)",0.8390139024276868,-0.1891873235102017,0.1375398272827065
English (English),en,electric pink,electricpink,4,,25,"rgb(233,62,202)",0.6625722951449603,0.22683654233889122,-0.0984205931753884
English (English),en,electric purple,electricpurple,4,,53,"rgb(161,59,226)",0.5756256004555939,0.14871880008746302,-0.18807879590516216
English (English),en,emerald,emerald,13,"rgb(0, 255, 166)",176,"rgb(49,158,96)",0.6235945252898701,-0.12233895971875622,0.05990079069453961
English (English),en,emerald green,emeraldgreen,5,"rgb(0, 255, 156)",211,"rgb(42,139,84)",0.5660952173788776,-0.11070538300292554,0.05341543574914852
English (English),en,evergreen,evergreen,0,,84,"rgb(48,110,63)",0.4846469863708072,-0.08505973720985255,0.04989121143196419
English (English),en,faded blue,fadedblue,4,,28,"rgb(101,147,200)",0.6510973609618304,-0.028076719262687462,-0.09019031331205975
English (English),en,faded green,fadedgreen,3,,39,"rgb(142,195,138)",0.7658279357935937,-0.07729963495833651,0.05871960987348979
English (English),en,faded pink,fadedpink,0,,20,"rgb(201,142,178)",0.7150884236587451,0.08155706646496795,-0.026713729100922644
English (English),en,faded purple,fadedpurple,0,,26,"rgb(150,119,164)",0.6138841586165644,0.05359679719056153,-0.053224141457420646
English (English),en,fawn,fawn,0,,12,"rgb(186,150,105)",0.6951869896175703,0.022007866100501705,0.07125889950649254
English (English),en,fern,fern,1,,27,"rgb(103,168,95)",0.6690655295465018,-0.09654914859779638,0.07686079214703197
English (English),en,fire engine red,fireenginered,14,"rgb(255, 2, 0)",21,"rgb(239,40,41)",0.6123567195021966,0.2042278559543812,0.1058548165489089
English (English),en,fire red,firered,5,"rgb(255, 0, 61)",4,,,,
English (English),en,firetruck red,firetruckred,4,,14,"rgb(238,46,44)",0.614713409447014,0.20006846017755353,0.10413750965945114
English (English),en,flamingo,flamingo,1,,13,"rgb(223,91,143)",0.6532386787469896,0.1717853891153576,-0.0056685939003745045
English (English),en,flesh,flesh,0,,43,"rgb(230,173,155)",0.7951568812926931,0.05771444060247175,0.04364608738427757
English (English),en,flourescent green,flourescentgreen,3,,13,"rgb(113,235,70)",0.8390076685820644,-0.17233461754942578,0.1504508265848885
English (English),en,fluorescent green,fluorescentgreen,26,"rgb(0, 255, 47)",100,"rgb(105,240,89)",0.850467261553897,-0.1766166523852363,0.1400497166162628
English (English),en,fluorescent pink,fluorescentpink,2,,20,"rgb(240,72,211)",0.6865306395479386,0.22572076944572794,-0.10178690290751731
English (English),en,fluorescent purple,fluorescentpurple,2,,18,"rgb(174,73,239)",0.6148358873165048,0.1502194471700086,-0.18772871976929523
English (English),en,fluorescent yellow,fluorescentyellow,12,"rgb(226, 255, 0)",6,,,,
English (English),en,fluro green,flurogreen,3,,13,"rgb(84,237,57)",0.8327990259879834,-0.19362474425832651,0.15647755763274185
English (English),en,forest,forest,0,,71,"rgb(53,109,58)",0.48346027011887643,-0.08255589095729533,0.05641655550650556
English (English),en,forest green,forestgreen,6,"rgb(48, 255, 0)",1718,"rgb(53,109,55)",0.48245522068622304,-0.08355841863447144,0.0591597693323944
English (English),en,french blue,frenchblue,8,"rgb(0, 131, 255)",10,,,,
English (English),en,fuschia,fuchsia,865,"rgb(255, 0, 195)",1409,"rgb(224,51,179)",0.6305281765862305,0.22568792141583158,-0.0771841815796461
English (English),en,fuchsia pink,fuchsiapink,15,"rgb(255, 0, 187)",81,"rgb(225,70,170)",0.6436739143411094,0.20758418357978528,-0.05489205208166107
English (English),en,gold,gold,297,"rgb(255, 201, 0)",698,"rgb(215,177,49)",0.773561394617676,-0.0030024933524984,0.1439965662361202
English (English),en,golden,golden,17,"rgb(255, 196, 0)",36,"rgb(217,177,58)",0.7757908324139244,0.0016817000391866255,0.13903473205360467
English (English),en,golden brown,goldenbrown,0,,41,"rgb(171,130,46)",0.6322399194792401,0.015317666386309083,0.1100633453987139
English (English),en,golden orange,goldenorange,9,"rgb(255, 174, 0)",7,,,,
English (English),en,goldenrod,goldenrod,129,"rgb(255, 196, 0)",113,"rgb(241,191,40)",0.8258885653862599,0.005511056516575177,0.1600601086429911
English (English),en,golden yellow,goldenyellow,71,"rgb(255, 206, 0)",68,"rgb(242,194,37)",0.8343560152626445,0.0005299581064634438,0.16297415522517503
English (English),en,gold yellow,goldyellow,7,"rgb(255, 213, 0)",14,"rgb(222,185,41)",0.7961206941682908,-0.007994814174918603,0.15281578045580974
English (English),en,grape,grape,9,"rgb(168, 0, 255)",139,"rgb(117,56,148)",0.46181432236549863,0.10286561963390738,-0.11130691256003725
English (English),en,grape purple,grapepurple,0,,19,"rgb(125,55,133)",0.46304860550717125,0.11433480127570456,-0.08409096378307583
English (English),en,grass,grass,8,"rgb(55, 255, 0)",77,"rgb(92,184,62)",0.6997814957968163,-0.13594572701117907,0.11855110379808353
English (English),en,grass green,grassgreen,62,"rgb(66, 255, 0)",522,"rgb(96,184,65)",0.7035900002250906,-0.13268889118604685,0.11705633417612259
English (English),en,grey,gray,5,"rgb(0, 255, 219)",3115,"rgb(139,144,147)",0.6506721261348671,-0.005136876917825008,-0.005641323521571084
English (English),en,grey blue,grayblue,3,,355,"rgb(103,136,164)",0.6111837428364605,-0.024347004688421686,-0.0514314907776741
English (English),en,grey brown,graybrown,0,,59,"rgb(125,111,96)",0.5505313411942039,0.010299942124947364,0.026531930960573016
English (English),en,grey green,graygreen,0,,211,"rgb(128,156,131)",0.6643037283749729,-0.041111274095488114,0.026215790318863046
English (English),en,greyish,grayish,0,,19,"rgb(157,159,170)",0.7042212076551616,0.001985605768295385,-0.015663178721599103
English (English),en,greyish blue,grayishblue,1,,152,"rgb(97,128,159)",0.5882442410230847,-0.020921089590555678,-0.05554536262189979
English (English),en,greyish brown,grayishbrown,0,,40,"rgb(137,122,109)",0.5895157572762975,0.012765937893787601,0.023931192531011634
English (English),en,greyish green,grayishgreen,0,,62,"rgb(127,151,128)",0.6519414599055071,-0.03692443038840727,0.025127713981830425
English (English),en,greyish pink,grayishpink,0,,20,"rgb(182,127,160)",0.6613333741495279,0.07680937003072168,-0.024284005987759667
English (English),en,greyish purple,grayishpurple,0,,72,"rgb(130,111,146)",0.571828466188114,0.03587559436940384,-0.0441923087781173
English (English),en,grey pink,graypink,0,,40,"rgb(181,137,158)",0.6793626750994239,0.05861663539515768,-0.011410042619298299
English (English),en,grey purple,graypurple,0,,108,"rgb(141,121,151)",0.6040848161813166,0.035809730052383734,-0.036666670202321464
English (English),en,green,green,3324,"rgb(0, 255, 69)",15076,"rgb(92,191,88)",0.7214113000283741,-0.13556700234752328,0.10257414260973832
English (English),en,green apple,greenapple,8,"rgb(52, 255, 0)",16,"rgb(105,217,69)",0.7908331628303483,-0.15970880587951977,0.13795288926000376
English (English),en,green blue,greenblue,51,"rgb(0, 255, 181)",169,"rgb(53,184,149)",0.7038751886276674,-0.12164019106648538,0.019519779003310814
English (English),en,green brown,greenbrown,1,,86,"rgb(118,114,52)",0.5417665323115481,-0.022598746786924025,0.0802572718982658
English (English),en,green cyan,greencyan,8,"rgb(0, 255, 184)",2,,,,
English (English),en,green gold,greengold,0,,12,"rgb(162,163,60)",0.694778533724075,-0.04153969798867213,0.11707820055475744
English (English),en,green grey,greengray,0,,87,"rgb(122,145,124)",0.6331052938277847,-0.033867071305282,0.021490549859008157
English (English),en,greenish,greenish,2,,40,"rgb(131,186,128)",0.7367564962124726,-0.08083390423154144,0.06077944213418386
English (English),en,greenish blue,greenishblue,12,"rgb(0, 255, 193)",71,"rgb(72,175,158)",0.6879549822461973,-0.09811956033941209,-0.002089301581689762
English (English),en,greenish brown,greenishbrown,0,,54,"rgb(118,111,49)",0.5339581901845494,-0.017733986217016662,0.0808214302487649
English (English),en,greenish grey,greenishgray,0,,58,"rgb(129,146,125)",0.6410613767652893,-0.027745551889431,0.023581597293948698
English (English),en,greenish yellow,greenishyellow,43,"rgb(206, 255, 0)",90,"rgb(201,228,72)",0.8699523023843796,-0.08549669756987578,0.1556843651688037
English (English),en,green teal,greenteal,5,"rgb(0, 255, 211)",10,,,,
English (English),en,green turquoise,greenturquoise,7,"rgb(0, 255, 172)",8,,,,
English (English),en,greeny blue,greenyblue,5,"rgb(0, 255, 161)",4,,,,
English (English),en,green yellow,greenyellow,90,"rgb(170, 255, 0)",154,"rgb(173,227,61)",0.8481308524480303,-0.11434350245797385,0.15701702728122918
English (English),en,greige,greige,0,,17,"rgb(166,158,142)",0.7027660538740683,0.0018535146467685152,0.024805619350569137
English (English),en,gross green,grossgreen,0,,12,"rgb(160,176,44)",0.7201871752889407,-0.06643241558246214,0.13468675734196658
English (English),en,hazel,hazel,0,,16,"rgb(159,145,96)",0.6584373266215655,-0.005041207119522221,0.06894721680294867
English (English),en,heather,heather,0,,14,"rgb(175,155,190)",0.7190355057309917,0.036050943069873734,-0.04129970932370021
English (English),en,henna green,hennagreen,0,,14,"rgb(113,123,38)",0.5576713487658468,-0.046944281709578324,0.09731049707631935
English (English),en,highlighter,highlighter,5,"rgb(239, 255, 0)",5,,,,
English (English),en,highlighter green,highlightergreen,12,"rgb(90, 255, 0)",30,"rgb(114,245,85)",0.8648986247593482,-0.17715212247567144,0.14703676346308744
English (English),en,highlighter yellow,highlighteryellow,21,"rgb(221, 255, 0)",19,"rgb(219,248,48)",0.9275905853191311,-0.09771118906777998,0.18097680844163905
English (English),en,honey,honey,7,"rgb(255, 183, 0)",13,"rgb(230,170,52)",0.7745637511298546,0.025649035607321236,0.14196522736743775
English (English),en,hot green,hotgreen,7,"rgb(32, 255, 0)",5,,,,
English (English),en,hot orange,hotorange,5,"rgb(255, 106, 0)",3,,,,
English (English),en,hot pink,hotpink,814,"rgb(255, 0, 157)",1614,"rgb(239,47,161)",0.6449921772711578,0.23858780360221973,-0.03992484235033247
English (English),en,hot purple,hotpurple,6,"rgb(246, 0, 255)",24,"rgb(186,49,217)",0.5931629072433379,0.18913316286627113,-0.16327977916715444
English (English),en,hot red,hotred,6,"rgb(255, 0, 72)",17,"rgb(230,31,73)",0.5958730661221858,0.2144918423302789,0.06964323514775357
English (English),en,hunter green,huntergreen,0,,203,"rgb(53,101,57)",0.45945165343244704,-0.0726521721066349,0.049501082832636926
English (English),en,ice blue,iceblue,8,"rgb(0, 219, 255)",49,"rgb(148,214,236)",0.8384908481411356,-0.05517291139676291,-0.048004507078567224
English (English),en,idk,idk,6,"rgb(0, 255, 184)",78,"rgb(158,155,144)",0.6879793517823085,-0.00037061116609855377,0.015608985919903715
English (English),en,indigo,indigo,227,"rgb(82, 0, 255)",1302,"rgb(80,60,180)",0.45262107524014783,0.04473572148261693,-0.1746826271221987
English (English),en,indigo blue,indigoblue,4,,23,"rgb(44,58,166)",0.4120021290859749,0.0019222977738211726,-0.17253780211375885
English (English),en,ink blue,inkblue,1,,38,"rgb(49,53,171)",0.4101771979161708,0.010962010676844117,-0.18321289444072814
English (English),en,iris,iris,1,,21,"rgb(126,85,200)",0.5501312359712631,0.07678626392249557,-0.15406080895292545
English (English),en,irish green,irishgreen,0,,12,"rgb(52,178,76)",0.6735334608059431,-0.14912718914384568,0.09939663485977329
English (English),en,ivory,ivory,2,,59,"rgb(211,206,181)",0.8485051923960115,-0.004595829771220016,0.03334187985910367
English (English),en,jade,jade,2,,86,"rgb(77,172,122)",0.6722586546034616,-0.10868959050913288,0.043710272634529576
English (English),en,jade green,jadegreen,4,,49,"rgb(97,185,122)",0.714845580429569,-0.11003829717132067,0.0600359403776626
English (English),en,jean blue,jeanblue,0,,19,"rgb(78,116,175)",0.5576750600660512,-0.020195351661827874,-0.09922678552062036
English (English),en,jet black,jetblack,0,,26,"rgb(9,9,17)",0.1440078263050773,0.003951860001623052,-0.016138773433940126
English (English),en,jungle green,junglegreen,0,,25,"rgb(71,134,67)",0.5618321254595673,-0.09526914083988211,0.07291384828669856
English (English),en,kelly green,kellygreen,24,"rgb(0, 255, 79)",243,"rgb(59,177,74)",0.6726582450408408,-0.14617474871164243,0.1012372595259192
English (English),en,key lime,keylime,3,,13,"rgb(126,234,115)",0.8461379677744334,-0.14674996393668394,0.11526382130431045
English (English),en,khaki,khaki,1,,323,"rgb(160,151,88)",0.6691672108224849,-0.01674873211295259,0.08224359586383968
English (English),en,khaki green,khakigreen,0,,32,"rgb(132,146,81)",0.6322965229913021,-0.042964680763574785,0.07874762238306124
English (English),en,kiwi,kiwi,6,"rgb(150, 255, 0)",10,,,,
English (English),en,lake blue,lakeblue,6,"rgb(0, 132, 255)",8,,,,
English (English),en,lapis,lapis,7,"rgb(0, 107, 255)",7,,,,
English (English),en,lavender,lavender,51,"rgb(206, 0, 255)",2529,"rgb(174,137,214)",0.6923302674071853,0.06810173898486037,-0.09515090646801454
English (English),en,lavender purple,lavenderpurple,4,,25,"rgb(179,122,217)",0.6730457799295763,0.09590404252855558,-0.11221100342806857
English (English),en,leaf green,leafgreen,26,"rgb(88, 255, 0)",247,"rgb(101,181,74)",0.6972339653262924,-0.12246080359708796,0.10814030625254131
English (English),en,leafy green,leafygreen,1,,36,"rgb(103,165,68)",0.6590701575691326,-0.1051101052959233,0.10167860520956465
English (English),en,lemon,lemon,27,"rgb(245, 255, 0)",57,"rgb(225,238,79)",0.9113542638786211,-0.07194318967821577,0.16168794021858696
English (English),en,lemon green,lemongreen,11,"rgb(184, 255, 0)",36,"rgb(178,231,72)",0.8610407935690134,-0.11213028197386112,0.1534878325485458
English (English),en,lemon lime,lemonlime,10,"rgb(195, 255, 0)",13,"rgb(204,245,71)",0.9117150115074639,-0.10457203607746422,0.16704570846670877
English (English),en,lemon yellow,lemonyellow,63,"rgb(255, 254, 0)",108,"rgb(233,241,81)",0.9233690699731306,-0.06561822442430604,0.1631963993059164
English (English),en,light aqua,lightaqua,7,"rgb(0, 248, 255)",21,"rgb(112,236,215)",0.8658183346483693,-0.11563059976258226,-0.002032069171352691
English (English),en,light beige,lightbeige,0,,13,"rgb(219,200,172)",0.8422069805503186,0.009052399234208907,0.04210864950429792
English (English),en,light black,lightblack,0,,23,"rgb(53,51,51)",0.32416532932197145,0.002664447236418558,0.0012288614992002802
English (English),en,light blue,lightblue,1569,"rgb(0, 199, 255)",2265,"rgb(84,192,238)",0.7637546399538279,-0.0766247299475382,-0.0899500505143786
English (English),en,light blue grey,lightbluegray,0,,15,"rgb(165,192,211)",0.7928680892675932,-0.02074418024213224,-0.03438049835049503
English (English),en,light blue green,lightbluegreen,11,"rgb(0, 255, 212)",21,"rgb(99,230,192)",0.8401529360533572,-0.12670279473728022,0.019821797579097203
English (English),en,light brown,lightbrown,2,,951,"rgb(170,123,84)",0.6203053713207226,0.03998889210742126,0.06841824762519677
English (English),en,light burgundy,lightburgundy,0,,14,"rgb(167,71,91)",0.5292985784082266,0.12556109685664257,0.020901452117455702
English (English),en,light cyan,lightcyan,11,"rgb(0, 232, 255)",37,"rgb(125,227,224)",0.8535680640945932,-0.09409142588125491,-0.020833290632465418
English (English),en,lighter blue,lighterblue,22,"rgb(0, 169, 255)",7,,,,
English (English),en,lighter green,lightergreen,3,,13,"rgb(116,211,119)",0.784855850727618,-0.1268973913192096,0.08987320830182752
English (English),en,lighter purple,lighterpurple,2,,14,"rgb(190,102,209)",0.6510430986400487,0.1358313124266608,-0.1133874202011994
English (English),en,light forest green,lightforestgreen,0,,15,"rgb(107,161,83)",0.651201868463953,-0.08977227816203331,0.08434385002142922
English (English),en,light grey,lightgray,0,,242,"rgb(183,188,187)",0.7902940351976907,-0.006248309413655606,0.0001185694806028387
English (English),en,light green,lightgreen,617,"rgb(0, 255, 61)",2797,"rgb(134,225,117)",0.8290013808095835,-0.13021748406368297,0.10685655287129027
English (English),en,light indigo,lightindigo,1,,24,"rgb(114,92,220)",0.5639063169072034,0.05401394677621508,-0.1799921780472091
English (English),en,light lavender,lightlavender,0,,54,"rgb(193,164,219)",0.7625645530189962,0.05117800082290338,-0.06548430288361697
English (English),en,light lime,lightlime,6,"rgb(78, 255, 0)",19,"rgb(187,246,146)",0.9096395874720703,-0.09768431392358748,0.10334029679716504
English (English),en,light lime green,lightlimegreen,7,"rgb(102, 255, 0)",22,"rgb(168,244,117)",0.8909416616890662,-0.12458324741681863,0.12735311561563753
English (English),en,light magenta,lightmagenta,6,"rgb(255, 0, 246)",70,"rgb(202,98,187)",0.6512866740314412,0.15191432781751554,-0.07723333524010427
English (English),en,light maroon,lightmaroon,1,,43,"rgb(164,79,99)",0.5392862414816794,0.11265644543901966,0.013411596553055983
English (English),en,light mauve,lightmauve,0,,16,"rgb(185,135,169)",0.6825339064141583,0.0711664606382032,-0.0269857533828273
English (English),en,light mint,lightmint,0,,12,"rgb(164,234,193)",0.8785294171723231,-0.08319334784969525,0.03254753460190283
English (English),en,light mint green,lightmintgreen,2,,13,"rgb(171,242,190)",0.9005077494611519,-0.08886639451348875,0.046105161463889724
English (English),en,light navy,lightnavy,0,,18,"rgb(60,100,158)",0.5029739084996433,-0.02191381234692342,-0.10130262019315822
English (English),en,light navy blue,lightnavyblue,0,,13,"rgb(69,105,177)",0.5304170457482967,-0.01494590945058853,-0.11982829253917136
English (English),en,light neon green,lightneongreen,7,"rgb(0, 255, 56)",21,"rgb(129,249,135)",0.8852128261240253,-0.1525208873071923,0.10790395453595626
English (English),en,light olive,lightolive,1,,41,"rgb(161,182,103)",0.741387282999698,-0.05554141981295309,0.09083059156171341
English (English),en,light olive green,lightolivegreen,0,,39,"rgb(158,180,103)",0.7364241134354143,-0.0562750809724638,0.08945793418114671
English (English),en,light orange,lightorange,187,"rgb(255, 170, 0)",214,"rgb(245,164,65)",0.7819002072689721,0.056630097750690604,0.1350032154619083
English (English),en,light peach,lightpeach,0,,23,"rgb(237,191,165)",0.8394676013970761,0.03922375070812568,0.050512319989548624
English (English),en,light pink,lightpink,25,"rgb(255, 0, 227)",957,"rgb(234,160,205)",0.7911197589465976,0.09898888001167598,-0.031678044755734436
English (English),en,light purple,lightpurple,165,"rgb(238, 0, 255)",1544,"rgb(179,117,214)",0.6649964316722348,0.10305149213501524,-0.11267862362801519
English (English),en,light red,lightred,39,"rgb(255, 0, 67)",145,"rgb(226,78,90)",0.6297197635343644,0.17346377104228783,0.06087089191247159
English (English),en,light sky blue,lightskyblue,8,"rgb(0, 235, 255)",22,"rgb(140,222,243)",0.8546003338660905,-0.06839193149895714,-0.05039737492546219
English (English),en,light tan,lighttan,0,,26,"rgb(228,209,159)",0.8650205763689385,-0.00019498570600666988,0.06901336120430002
English (English),en,light teal,lightteal,30,"rgb(0, 255, 227)",108,"rgb(109,221,193)",0.8233840014372199,-0.11063080075708627,0.00955192906444293
English (English),en,light turquoise,lightturquoise,28,"rgb(0, 252, 255)",59,"rgb(98,229,217)",0.8453422618460409,-0.11546991323455515,-0.013992556678048823
English (English),en,light violet,lightviolet,10,"rgb(252, 0, 255)",148,"rgb(156,114,206)",0.6306570035369428,0.07780360980645433,-0.1163573856343476
English (English),en,light yellow,lightyellow,38,"rgb(255, 250, 0)",247,"rgb(235,233,130)",0.9153126164375196,-0.03855115585274749,0.12025889853084928
English (English),en,light yellow green,lightyellowgreen,5,"rgb(174, 255, 0)",15,"rgb(198,245,119)",0.9109081656227132,-0.0962258169349229,0.13113717038198758
English (English),en,like green,likegreen,14,"rgb(103, 255, 0)",41,"rgb(143,235,67)",0.8519283685743841,-0.1504942059463481,0.15491770471337285
English (English),en,lilac,lilac,29,"rgb(202, 0, 255)",1344,"rgb(182,142,218)",0.7116983302376375,0.07173023917991175,-0.09094633248655386
English (English),en,lilac purple,lilacpurple,0,,30,"rgb(168,127,211)",0.6681544133418139,0.07513087391330285,-0.10496674555552661
English (English),en,lime,lime,399,"rgb(138, 255, 0)",925,"rgb(149,237,70)",0.8589231364481542,-0.14675835017842062,0.15494997079611
English (English),en,lime green,limegreen,1148,"rgb(112, 255, 0)",2282,"rgb(132,237,64)",0.8505162770598428,-0.16145508510180967,0.15630075299788804
English (English),en,lime yellow,limeyellow,13,"rgb(210, 255, 0)",47,"rgb(213,236,82)",0.8976604643816585,-0.08118176602731883,0.15618063596424622
English (English),en,lipstick pink,lipstickpink,5,"rgb(255, 0, 138)",7,,,,
English (English),en,lipstick red,lipstickred,5,"rgb(255, 0, 70)",6,,,,
English (English),en,macaroni,macaroni,6,"rgb(255, 175, 0)",1,,,,
English (English),en,magenta,magenta,1614,"rgb(255, 0, 198)",3787,"rgb(209,50,169)",0.6021280872357749,0.21292505189364513,-0.07518474631407983
English (English),en,magenta pink,magentapink,14,"rgb(255, 0, 178)",45,"rgb(219,52,170)",0.6195673002418101,0.21938083881434997,-0.06875706021713453
English (English),en,magenta purple,magentapurple,4,,15,"rgb(177,50,179)",0.5587520817902982,0.18112593168356012,-0.11539426367875259
English (English),en,mahogany,mahogany,0,,88,"rgb(113,45,44)",0.39411658183023435,0.08911777477575279,0.03808753735989857
English (English),en,maize,maize,10,"rgb(255, 206, 0)",11,,,,
English (English),en,mandarin orange,mandarinorange,6,"rgb(255, 134, 0)",5,,,,
English (English),en,marigold,marigold,45,"rgb(255, 193, 0)",47,"rgb(241,186,35)",0.8172457274335122,0.01157621152383541,0.15982305437249328
English (English),en,marine blue,marineblue,14,"rgb(0, 90, 255)",40,"rgb(36,96,191)",0.5058860987247981,-0.029732217156077316,-0.15913478799786346
English (English),en,maroon,maroon,17,"rgb(255, 0, 43)",2191,"rgb(129,39,58)",0.4160190350565584,0.12099743646504779,0.02457255763235213
English (English),en,maroon red,maroonred,0,,12,"rgb(137,33,48)",0.4225002358798218,0.13246255867246057,0.041964408687609776
English (English),en,mauve,mauve,22,"rgb(255, 0, 229)",1142,"rgb(166,104,144)",0.5962631120824157,0.0906783758354535,-0.03165698585804528
English (English),en,mauve pink,mauvepink,0,,13,"rgb(195,108,157)",0.6444804487488425,0.12075624379493335,-0.02981531322769151
English (English),en,medium blue,mediumblue,122,"rgb(0, 129, 255)",86,"rgb(30,127,236)",0.602379670875145,-0.04652259247077033,-0.17972046146129064
English (English),en,medium brown,mediumbrown,0,,17,"rgb(151,90,56)",0.5304997219988701,0.06118321800854236,0.0714779878178771
English (English),en,medium green,mediumgreen,7,"rgb(0, 255, 108)",46,"rgb(83,181,90)",0.6924964645142213,-0.12965259138470653,0.09127647600272394
English (English),en,medium light blue,mediumlightblue,5,"rgb(0, 169, 255)",6,,,,
English (English),en,medium orange,mediumorange,6,"rgb(255, 140, 0)",2,,,,
English (English),en,medium pink,mediumpink,2,,18,"rgb(227,102,165)",0.6806964664418573,0.16766369001799686,-0.026604385126738454
English (English),en,medium purple,mediumpurple,7,"rgb(189, 0, 255)",36,"rgb(149,83,198)",0.5710142222630431,0.11059676971177725,-0.1396441751345398
English (English),en,medium sky blue,mediumskyblue,5,"rgb(0, 171, 255)",2,,,,
English (English),en,medium yellow,mediumyellow,6,"rgb(255, 210, 0)",1,,,,
English (English),en,mehendi green,mehendigreen,0,,16,"rgb(115,127,50)",0.5706982769478179,-0.04676811329532576,0.0914615400013582
English (English),en,melon,melon,5,"rgb(255, 250, 0)",16,"rgb(207,199,121)",0.8185255326425979,-0.02318419351786086,0.09704811597920263
English (English),en,mid blue,midblue,19,"rgb(0, 124, 255)",24,"rgb(39,115,225)",0.5706772605291897,-0.036693196422494044,-0.179464262321158
English (English),en,mid green,midgreen,0,,20,"rgb(88,165,85)",0.6536902746106021,-0.11050514075823319,0.0834827198180989
English (English),en,midnight,midnight,2,,48,"rgb(41,43,90)",0.3141801806154274,0.012767662276486735,-0.08141112855040107
English (English),en,midnight black,midnightblack,0,,12,"rgb(21,13,22)",0.175936076923094,0.017748282785371317,-0.013035761641168063
English (English),en,midnight blue,midnightblue,16,"rgb(0, 51, 255)",276,"rgb(34,43,107)",0.3232871674281952,0.005017730579126797,-0.11026618408841082
English (English),en,midnight purple,midnightpurple,1,,50,"rgb(63,31,98)",0.32039816270691734,0.0616429958463136,-0.09665140767237657
English (English),en,military green,militarygreen,0,,46,"rgb(99,116,64)",0.5312398875439142,-0.043308089909409174,0.06449449734505298
English (English),en,mint,mint,242,"rgb(0, 255, 171)",722,"rgb(119,235,169)",0.8540269628658902,-0.13019094817041466,0.055644711777017374
English (English),en,mint blue,mintblue,9,"rgb(0, 255, 215)",13,"rgb(92,237,215)",0.8614075202304673,-0.1279914094613426,-0.0029214761186933166
English (English),en,mint green,mintgreen,314,"rgb(0, 255, 159)",873,"rgb(114,234,162)",0.8487571274672319,-0.13499526279883725,0.06263680309536271
English (English),en,minty green,mintygreen,6,"rgb(0, 255, 172)",7,,,,
English (English),en,mocha,mocha,0,,21,"rgb(164,125,92)",0.6194746792399638,0.031945585493320716,0.05834837249210715
English (English),en,moss,moss,0,,116,"rgb(120,148,78)",0.6279702203528641,-0.061662558626703945,0.08109711103884801
English (English),en,moss green,mossgreen,6,"rgb(76, 255, 0)",233,"rgb(109,141,66)",0.6010046066840979,-0.06767471767191788,0.08490876340280887
English (English),en,mossy green,mossygreen,0,,19,"rgb(113,159,80)",0.650291654361845,-0.08213786952553216,0.08640397157387125
English (English),en,mud,mud,0,,30,"rgb(130,106,67)",0.5385265381433135,0.011503559971222857,0.06206669512660947
English (English),en,mud brown,mudbrown,0,,45,"rgb(133,98,58)",0.5231718831099205,0.025333438211231032,0.06677323808896371
English (English),en,muddy brown,muddybrown,0,,17,"rgb(125,97,57)",0.5115428703800022,0.0161912081106603,0.06428522825905642
English (English),en,muddy green,muddygreen,0,,29,"rgb(108,114,58)",0.53472706225906,-0.03297842037158074,0.07236397865275307
English (English),en,muddy yellow,muddyyellow,0,,12,"rgb(208,193,78)",0.8014373452771285,-0.027953838172866802,0.13253891057318481
English (English),en,mud green,mudgreen,0,,16,"rgb(115,127,60)",0.5709663332059887,-0.043040422623238796,0.08196749372721696
English (English),en,mulberry,mulberry,1,,42,"rgb(152,53,117)",0.49171698698598676,0.14471098069311308,-0.04136516034555454
English (English),en,murky green,murkygreen,0,,18,"rgb(115,134,69)",0.5884834205591034,-0.049839067373185164,0.07810406010607264
English (English),en,mustard,mustard,169,"rgb(255, 197, 0)",776,"rgb(213,177,50)",0.7718774339571915,-0.005120512787063103,0.14276820815309174
English (English),en,mustard green,mustardgreen,0,,32,"rgb(158,162,53)",0.6888619322306397,-0.04792898701921288,0.12092352198940365
English (English),en,mustard yellow,mustardyellow,87,"rgb(255, 208, 0)",434,"rgb(219,185,51)",0.7937050847707612,-0.01011346232159507,0.14789997331040242
English (English),en,muted blue,mutedblue,5,"rgb(0, 107, 255)",43,"rgb(77,120,186)",0.5711695323743117,-0.02203882597838516,-0.11118495077327349
English (English),en,muted green,mutedgreen,0,,49,"rgb(104,157,106)",0.6458687341615263,-0.07802762114320759,0.05375334338039985
English (English),en,muted orange,mutedorange,1,,12,"rgb(220,132,70)",0.697128685771554,0.07853649872435037,0.10721636382106739
English (English),en,muted pink,mutedpink,0,,41,"rgb(209,131,165)",0.699782155739658,0.10367145822913841,-0.013651789260112427
English (English),en,muted purple,mutedpurple,0,,53,"rgb(136,96,156)",0.5541487305110492,0.06923146125469107,-0.07225006422450676
English (English),en,muted yellow,mutedyellow,0,,18,"rgb(220,205,100)",0.8406367346370343,-0.02496240617763823,0.12505277031190715
English (English),en,navy,navy,43,"rgb(0, 54, 255)",1023,"rgb(33,51,116)",0.3481134660523922,-0.003789190228201563,-0.11401441866525974
English (English),en,navy blue,navyblue,123,"rgb(0, 66, 255)",2034,"rgb(35,54,125)",0.36146878048985037,-0.003473581467760063,-0.12299782247550527
English (English),en,navy green,navygreen,0,,34,"rgb(87,112,63)",0.5123256908003659,-0.050740135409508974,0.059863205641456606
English (English),en,neon,neon,23,"rgb(146, 255, 0)",100,"rgb(148,241,99)",0.8702748821440307,-0.14325609394503047,0.1369740141624206
English (English),en,neon blue,neonblue,128,"rgb(0, 239, 255)",179,"rgb(33,202,243)",0.7784395454067593,-0.10459661909627523,-0.08852421049626769
English (English),en,neon green,neongreen,598,"rgb(58, 255, 0)",1659,"rgb(98,242,75)",0.8518825723009835,-0.18674644151898287,0.1503117891893982
English (English),en,neon lime,neonlime,2,,14,"rgb(140,244,67)",0.8704948603798728,-0.1617637605197515,0.15952913268065594
English (English),en,neon magenta,neonmagenta,1,,12,"rgb(227,65,230)",0.6709597513382893,0.2192921844673084,-0.14121965021934013
English (English),en,neon orange,neonorange,3,,13,"rgb(250,117,47)",0.7099427395254839,0.12820564545621882,0.12731802868433764
English (English),en,neon pink,neonpink,86,"rgb(255, 0, 207)",358,"rgb(241,58,198)",0.6702157567057497,0.23771859121882113,-0.08855652705987736
English (English),en,neon purple,neonpurple,62,"rgb(224, 0, 255)",322,"rgb(179,55,230)",0.5982132592094592,0.1755148749530325,-0.18333316295338672
English (English),en,neon red,neonred,7,"rgb(255, 0, 73)",14,"rgb(250,33,60)",0.6308402436157869,0.22210731334209782,0.09424070050774253
English (English),en,neon teal,neonteal,5,"rgb(0, 255, 230)",20,"rgb(69,244,208)",0.8721828512429306,-0.1481330728645023,0.012041198610294356
English (English),en,neon violet,neonviolet,1,,13,"rgb(150,63,228)",0.5679715514845567,0.13028116579195137,-0.19537063899449364
English (English),en,neon yellow,neonyellow,132,"rgb(226, 255, 0)",143,"rgb(219,248,44)",0.9268792988709724,-0.09741919034965897,0.18236813110764855
English (English),en,neon yellow green,neonyellowgreen,3,,12,"rgb(168,248,83)",0.8973592200378822,-0.13906747249792345,0.15614410377932894
English (English),en,night blue,nightblue,2,,20,"rgb(46,60,145)",0.3975250410935108,0.003775681208985868,-0.1402739714191061
English (English),en,nude,nude,0,,80,"rgb(213,165,140)",0.7595316491865985,0.04429662065264335,0.0497591239610655
English (English),en,nude pink,nudepink,0,,20,"rgb(196,126,143)",0.6691798765424459,0.0890811331282819,0.005983699487684771
English (English),en,ocean,ocean,14,"rgb(0, 152, 255)",23,"rgb(44,131,202)",0.5928044312329175,-0.05177947346374502,-0.1251122463533755
English (English),en,ocean blue,oceanblue,101,"rgb(0, 135, 255)",241,"rgb(43,127,205)",0.5851247294560834,-0.047577018786769586,-0.1348699551013934
English (English),en,ocean green,oceangreen,2,,32,"rgb(73,176,142)",0.6883057876057483,-0.10655256992727631,0.02185680300285354
English (English),en,ochre,ochre,32,"rgb(255, 176, 0)",207,"rgb(202,151,58)",0.7095494380208295,0.02280849368475854,0.12179659168413569
English (English),en,ochre yellow,ochreyellow,3,,16,"rgb(217,172,64)",0.7666518665605435,0.00917214501151696,0.13233263950462945
English (English),en,off green,offgreen,1,,13,"rgb(135,189,110)",0.7429841814740412,-0.08848352458202229,0.08479047557622274
English (English),en,off white,offwhite,0,,123,"rgb(224,224,206)",0.9015612095507006,-0.007038154029514759,0.022694561323052333
English (English),en,olive,olive,4,,976,"rgb(128,141,64)",0.6157368989714441,-0.048426811964362285,0.09196252198761097
English (English),en,olive brown,olivebrown,0,,17,"rgb(115,97,35)",0.4973802650099965,-0.004559888661048953,0.08366409590975783
English (English),en,olive drab,olivedrab,0,,32,"rgb(131,139,79)",0.6161898604636176,-0.035579291209247244,0.07581984026313027
English (English),en,olive green,olivegreen,4,,1207,"rgb(114,134,61)",0.586798846429366,-0.05343323714650081,0.08562465864732524
English (English),en,onion pink,onionpink,0,,21,"rgb(178,110,143)",0.6219342440316363,0.09383191353268414,-0.016551534380165673
English (English),en,orange,orange,3521,"rgb(255, 135, 0)",4167,"rgb(242,130,40)",0.7193883025127211,0.09913462009452273,0.13426702083752837
English (English),en,orange brown,orangebrown,2,,87,"rgb(193,112,54)",0.6240398538871756,0.07394742528210656,0.10070941051074592
English (English),en,orangish red,orangeishred,10,"rgb(255, 72, 0)",9,,,,
English (English),en,orangish yellow,orangeishyellow,12,"rgb(255, 181, 0)",5,,,,
English (English),en,orange red,orangered,98,"rgb(255, 67, 0)",109,"rgb(238,74,37)",0.6377214683545688,0.17198191039046215,0.11522343584296277
English (English),en,orange yellow,orangeyellow,60,"rgb(255, 188, 0)",28,"rgb(247,183,31)",0.816908093626872,0.023249329059299818,0.160946767291726
English (English),en,orchid,orchid,16,"rgb(255, 0, 244)",111,"rgb(196,92,197)",0.6391611700600272,0.1553654311145128,-0.09987697681636705
English (English),en,oxblood,oxblood,0,,20,"rgb(126,39,38)",0.406764306386849,0.11010549365286375,0.050554810233882766
English (English),en,pale,pale,0,,19,"rgb(230,200,156)",0.8478051420032285,0.013883146455454529,0.06591766347859135
English (English),en,pale blue,paleblue,32,"rgb(0, 189, 255)",159,"rgb(129,184,222)",0.7592596562286967,-0.040760303340184045,-0.06713333942995238
English (English),en,pale brown,palebrown,0,,23,"rgb(157,122,102)",0.6079184604150067,0.03334782439559815,0.04101873759884645
English (English),en,pale grey,palegray,0,,15,"rgb(190,193,191)",0.8077737173743497,-0.00484149706866344,0.0021186314121163416
English (English),en,pale green,palegreen,41,"rgb(0, 255, 128)",379,"rgb(157,219,151)",0.832958159042276,-0.08943233910394574,0.06960909944956052
English (English),en,pale lilac,palelilac,0,,12,"rgb(196,166,215)",0.7690434776154516,0.050876308163540024,-0.05623165776472213
English (English),en,pale orange,paleorange,6,"rgb(255, 169, 0)",35,"rgb(237,160,91)",0.7681003874794473,0.061876205033150625,0.10924618299656175
English (English),en,pale pink,palepink,0,,143,"rgb(230,172,194)",0.8041947190351569,0.07343791734281561,-0.007686138692398876
English (English),en,pale purple,palepurple,1,,72,"rgb(165,129,187)",0.658338140064184,0.06226845119865481,-0.06892260619931959
English (English),en,pale red,palered,3,,20,"rgb(216,89,93)",0.628758189838563,0.1495829196580121,0.057998637974551036
English (English),en,pale teal,paleteal,0,,12,"rgb(119,199,181)",0.7739453161048662,-0.08350568802275166,0.003395663140116421
English (English),en,pale turquoise,paleturquoise,1,,12,"rgb(139,227,212)",0.8549138900780573,-0.08734409626392145,-0.003918653340738043
English (English),en,pale violet,paleviolet,0,,17,"rgb(168,137,210)",0.6863942244134172,0.060168814744225925,-0.09200819550824288
English (English),en,pale yellow,paleyellow,5,"rgb(207, 255, 0)",192,"rgb(234,230,133)",0.9072882680030592,-0.03425137268953316,0.11462464101870186
English (English),en,parrot green,parrotgreen,27,"rgb(106, 255, 0)",170,"rgb(127,218,83)",0.8027627869686121,-0.1391857592627885,0.13073329657009455
English (English),en,pastel blue,pastelblue,14,"rgb(0, 182, 255)",131,"rgb(128,181,223)",0.7523354214041392,-0.0377965812842343,-0.07346842020681363
English (English),en,pastel brown,pastelbrown,0,,13,"rgb(165,119,111)",0.612836763775798,0.05237045119282991,0.02976551704783733
English (English),en,pastel green,pastelgreen,24,"rgb(0, 255, 143)",393,"rgb(154,223,156)",0.8399385466009069,-0.09460345591918327,0.06618356488626527
English (English),en,pastel orange,pastelorange,0,,21,"rgb(234,156,91)",0.7582979424912581,0.0639506973658706,0.10606170092011201
English (English),en,pastel pink,pastelpink,0,,123,"rgb(229,162,195)",0.7863130498562838,0.08639857304517781,-0.01732483728700354
English (English),en,pastel purple,pastelpurple,1,,142,"rgb(174,138,210)",0.6934752102175786,0.06521852852585379,-0.08799394473250893
English (English),en,pastel red,pastelred,1,,14,"rgb(206,100,106)",0.6315668716821372,0.12721994050537763,0.04139386075868371
English (English),en,pastel yellow,pastelyellow,0,,53,"rgb(237,234,139)",0.9182294483236552,-0.034152866048862016,0.11177509846775527
English (English),en,peach,peach,13,"rgb(255, 172, 0)",1276,"rgb(236,162,135)",0.778219225231677,0.07368848039007377,0.06260519316478855
English (English),en,peach pink,peachpink,0,,39,"rgb(229,133,139)",0.7220929981056532,0.11273566923289298,0.03414550529169466
English (English),en,peachy pink,peachypink,0,,15,"rgb(229,127,135)",0.7111444162183493,0.12141200360369335,0.034072657285315326
English (English),en,peacock,peacock,2,,13,"rgb(49,107,141)",0.5028962935024929,-0.04383190268761552,-0.06883116747281684
English (English),en,peacock blue,peacockblue,8,"rgb(0, 164, 255)",30,"rgb(33,129,179)",0.5736983912007583,-0.06165352524198926,-0.09634642829153643
English (English),en,peacock green,peacockgreen,1,,26,"rgb(64,153,123)",0.6201548862000422,-0.09509269223027231,0.019687931741786763
English (English),en,pea green,peagreen,16,"rgb(149, 255, 0)",138,"rgb(151,191,69)",0.7505213986807366,-0.09057114203745871,0.12677355711563193
English (English),en,pear,pear,1,,18,"rgb(179,216,78)",0.8286798906613417,-0.09139790269290576,0.14066013019026394
English (English),en,pear green,peargreen,3,,12,"rgb(153,204,54)",0.7818083244274777,-0.10844619730733737,0.14474696042903704
English (English),en,pea soup,peasoup,0,,13,"rgb(170,190,75)",0.7624589534010938,-0.0668289280714222,0.12425938591082097
English (English),en,periwinkle,periwinkle,45,"rgb(0, 98, 255)",749,"rgb(138,145,224)",0.682344270915295,0.018617014999088043,-0.11570500665732737
English (English),en,periwinkle blue,periwinkleblue,10,"rgb(0, 154, 255)",38,"rgb(105,148,230)",0.6719535492589305,-0.01699172768469349,-0.13002495107164316
English (English),en,persian blue,persianblue,4,,20,"rgb(47,79,204)",0.48468887202180627,-0.009496458641849516,-0.19638844693440052
English (English),en,persimmon,persimmon,9,"rgb(255, 38, 0)",7,,,,
English (English),en,pine,pine,0,,41,"rgb(46,107,66)",0.4758443262223077,-0.08093680305118918,0.042528021493564334
English (English),en,pine green,pinegreen,0,,115,"rgb(55,115,66)",0.5018622974024599,-0.08420742393223926,0.05248393054303129
English (English),en,pink,pink,2908,"rgb(255, 0, 171)",8921,"rgb(234,92,175)",0.6813535849713452,0.18959452503585497,-0.0421706927995784
English (English),en,pink grey,pinkgray,0,,12,"rgb(167,128,139)",0.6400740430843704,0.05051691156435512,-0.0008186557660887911
English (English),en,pinkish,pinkish,9,"rgb(255, 0, 180)",25,"rgb(219,82,156)",0.6411434988808334,0.18339776839017122,-0.032133202403247865
English (English),en,pinkish brown,pinkishbrown,0,,22,"rgb(184,116,116)",0.631621633695183,0.08003962606931808,0.02948139409328615
English (English),en,pinkish orange,pinkishorange,0,,13,"rgb(238,118,108)",0.7018385021595474,0.13419861221190515,0.06647663651089239
English (English),en,pinkish purple,pinkishpurple,50,"rgb(254, 0, 255)",114,"rgb(205,72,200)",0.630829903142783,0.18889771705924005,-0.1122355278970345
English (English),en,pinkish red,pinkishred,46,"rgb(255, 0, 95)",82,"rgb(229,43,90)",0.6036564619329888,0.21219486162912793,0.0498871051881695
English (English),en,pink purple,pinkpurple,67,"rgb(255, 0, 241)",146,"rgb(212,73,197)",0.6394308865360632,0.19507988372961985,-0.10270470905251962
English (English),en,pink red,pinkred,60,"rgb(255, 0, 87)",61,"rgb(234,40,89)",0.6113903472127011,0.21722911629202993,0.055163231792299226
English (English),en,pinky purple,pinkypurple,2,,17,"rgb(205,88,203)",0.6487481054326738,0.1703701331718764,-0.10533425022247464
English (English),en,pinky red,pinkyred,6,"rgb(255, 0, 109)",6,,,,
English (English),en,piss yellow,pissyellow,1,,15,"rgb(221,213,85)",0.8565341913983932,-0.04068992022130652,0.14258209708220698
English (English),en,pista,pista,2,,14,"rgb(144,198,147)",0.7764997698513514,-0.07634254417269745,0.051445829691824804
English (English),en,pistachio,pistachio,6,"rgb(0, 255, 178)",48,"rgb(164,219,137)",0.8337732952475301,-0.08856985253415414,0.08648537513750859
English (English),en,pistachio green,pistachiogreen,2,,26,"rgb(169,218,147)",0.8360609585400295,-0.07755085468580725,0.07449832952673265
English (English),en,pista green,pistagreen,0,,48,"rgb(167,214,145)",0.8262605096663981,-0.07678994749915083,0.07392638561681723
English (English),en,pitch black,pitchblack,0,,14,"rgb(12,5,8)",0.1286625976345939,0.01662345680180268,-0.002430999413786748
English (English),en,plum,plum,4,,548,"rgb(117,51,105)",0.4316288927335658,0.10532053671214393,-0.049031185538063196
English (English),en,plum purple,plumpurple,0,,34,"rgb(91,44,101)",0.3803550627851088,0.08322569664243118,-0.06860010703209979
English (English),en,poop,poop,0,,16,"rgb(119,89,44)",0.48563033294216623,0.017898858644408926,0.0714836826517913
English (English),en,poop brown,poopbrown,0,,20,"rgb(142,104,45)",0.5447800357221391,0.02182066998011949,0.08720911511159724
English (English),en,powder blue,powderblue,21,"rgb(0, 157, 255)",117,"rgb(126,175,232)",0.7415833952489815,-0.029272472167671527,-0.09355251595971097
English (English),en,powder pink,powderpink,0,,24,"rgb(235,166,202)",0.8009378274917901,0.09029919880240216,-0.02137665688516104
English (English),en,primary blue,primaryblue,8,"rgb(0, 57, 255)",18,"rgb(29,76,228)",0.49492446851964583,-0.02061903684547441,-0.23328246411431244
English (English),en,prussian blue,prussianblue,7,"rgb(0, 99, 255)",98,"rgb(39,66,147)",0.40710695968489635,-0.008827287918170544,-0.13759111925075082
English (English),en,puce,puce,9,"rgb(255, 78, 0)",97,"rgb(178,141,114)",0.6715982725278912,0.03185098646690388,0.04978623905729379
English (English),en,puke,puke,3,,29,"rgb(163,164,67)",0.6975785062988277,-0.03963109193923311,0.11246570060252825
English (English),en,puke green,pukegreen,18,"rgb(173, 255, 0)",86,"rgb(156,182,55)",0.7331900761313702,-0.07707388495794182,0.1315073938273432
English (English),en,puke yellow,pukeyellow,1,,14,"rgb(201,198,80)",0.8067508352549428,-0.043200176724698704,0.1328289301787967
English (English),en,pumpkin,pumpkin,37,"rgb(255, 140, 0)",51,"rgb(238,131,40)",0.7143024832004954,0.0924852194915006,0.13315039555584293
English (English),en,pumpkin orange,pumpkinorange,22,"rgb(255, 133, 0)",22,"rgb(242,126,33)",0.7120138353956761,0.10356722177238589,0.1357465924529002
English (English),en,purple,purple,2866,"rgb(181, 0, 255)",13871,"rgb(144,67,190)",0.5386989695108134,0.12405504641025791,-0.14552368251868456
English (English),en,purple blue,purpleblue,34,"rgb(74, 0, 255)",123,"rgb(94,75,214)",0.5158331641987904,0.04559055534119151,-0.19820029605089176
English (English),en,purple brown,purplebrown,0,,26,"rgb(99,58,73)",0.4044358235249022,0.06114035853966874,-0.0035398027514130345
English (English),en,purple grey,purplegray,0,,93,"rgb(134,117,147)",0.5891556605930998,0.03173719810123869,-0.036967777755794226
English (English),en,purplish,purpleish,3,,25,"rgb(145,80,165)",0.5424949964495769,0.10739282506187804,-0.0959351128241726
English (English),en,purplish blue,purpleishblue,4,,58,"rgb(92,83,200)",0.5166294972508569,0.03531592254403656,-0.17141440347239986
English (English),en,purplish grey,purpleishgray,0,,14,"rgb(136,122,151)",0.6016760230847762,0.028100742569544195,-0.03663776909704813
English (English),en,purplish pink,purpleishpink,10,"rgb(255, 0, 248)",63,"rgb(201,81,191)",0.6306410479708893,0.17423091633402676,-0.09649325686466696
English (English),en,purple magenta,purplemagenta,6,"rgb(236, 0, 255)",7,,,,
English (English),en,purple pink,purplepink,59,"rgb(255, 0, 236)",175,"rgb(210,78,198)",0.6424576810864314,0.18821118413398122,-0.10150543837258014
English (English),en,purple red,purplered,2,,36,"rgb(152,49,102)",0.48130075711018433,0.14559867460904732,-0.019952457968645882
English (English),en,racing green,racinggreen,0,,14,"rgb(42,91,39)",0.42241037002596976,-0.07681685799056918,0.058803968828591846
English (English),en,rani pink,ranipink,4,,22,"rgb(203,47,146)",0.579503028182725,0.20594506618342848,-0.04866197473240981
English (English),en,raspberry,raspberry,51,"rgb(255, 0, 112)",107,"rgb(206,42,108)",0.5678713758855679,0.20244860082548513,0.009611533259479853
English (English),en,raspberry red,raspberryred,6,"rgb(255, 0, 70)",3,,,,
English (English),en,raw sienna,rawsienna,0,,12,"rgb(178,113,49)",0.606511642695721,0.0542016033229654,0.1001050859276721
English (English),en,raw umber,rawumber,0,,12,"rgb(129,95,48)",0.510807398360922,0.02165505125169451,0.07469838799296354
English (English),en,red,red,3256,"rgb(255, 0, 36)",4794,"rgb(226,42,52)",0.5924946906166291,0.19720522185077036,0.09110943634008815
English (English),en,red brown,redbrown,0,,133,"rgb(143,60,53)",0.4674396927195502,0.10127593237768429,0.05310280993634772
English (English),en,reddish,reddish,5,"rgb(255, 3, 0)",16,"rgb(194,72,86)",0.5719433979906997,0.1490292718005564,0.045197482118759534
English (English),en,reddish brown,reddishbrown,1,,120,"rgb(150,64,54)",0.48316775464700723,0.10319993141689508,0.0569501260227003
English (English),en,reddish orange,reddishorange,23,"rgb(255, 89, 0)",46,"rgb(234,88,45)",0.6471378972690103,0.15205921369501654,0.11266799404855739
English (English),en,reddish pink,reddishpink,47,"rgb(255, 0, 105)",97,"rgb(224,57,105)",0.6094778694672348,0.2020020078384544,0.03146159948910007
English (English),en,reddish purple,reddishpurple,4,,57,"rgb(147,51,121)",0.4836380720318362,0.14287500748136958,-0.05187060139232563
English (English),en,red magenta,redmagenta,5,"rgb(255, 0, 137)",4,,,,
English (English),en,red orange,redorange,316,"rgb(255, 76, 0)",210,"rgb(243,78,31)",0.650061159936607,0.17004915801907275,0.12135477479498603
English (English),en,red pink,redpink,96,"rgb(255, 0, 91)",90,"rgb(236,42,94)",0.6166322685210572,0.21942353986288443,0.049843735878902354
English (English),en,red purple,redpurple,7,"rgb(255, 0, 132)",65,"rgb(158,45,115)",0.4922373511259479,0.15991293191482556,-0.0377213520964205
English (English),en,red violet,redviolet,19,"rgb(255, 0, 177)",58,"rgb(182,54,135)",0.5476599190920232,0.17771551892042925,-0.04450765270467024
English (English),en,robins egg,robinegg,9,"rgb(0, 216, 255)",24,"rgb(112,211,234)",0.8149502749010892,-0.08071646207910262,-0.05533778668693249
English (English),en,robin's egg blue,robineggblue,49,"rgb(0, 227, 255)",82,"rgb(94,210,228)",0.804264166134063,-0.09346460066648778,-0.0517078071197105
English (English),en,rose,rose,109,"rgb(255, 0, 113)",467,"rgb(223,96,134)",0.6573860024673798,0.16084657351727696,0.01162894806544873
English (English),en,rose pink,rosepink,28,"rgb(255, 0, 145)",169,"rgb(221,102,147)",0.6668829127758019,0.15478577678060992,-0.004715000743856145
English (English),en,rose red,rosered,13,"rgb(255, 0, 77)",22,"rgb(218,45,74)",0.5827783565008262,0.19622803767528857,0.06374249688464188
English (English),en,rosy pink,rosypink,2,,13,"rgb(217,93,145)",0.6481538380996175,0.1636721324798239,-0.010103637432827498
English (English),en,rouge,rouge,2,,25,"rgb(194,60,94)",0.5603517062699408,0.16804814351586256,0.02923535845901148
English (English),en,royal,royal,11,"rgb(43, 0, 255)",26,"rgb(67,62,214)",0.47675951823187895,0.020049371712312324,-0.2223219068190956
English (English),en,royal blue,royalblue,662,"rgb(0, 54, 255)",1374,"rgb(38,61,211)",0.4572503204021997,-0.008291815911285921,-0.2278087307138779
English (English),en,royal purple,royalpurple,31,"rgb(147, 0, 255)",352,"rgb(108,44,163)",0.44636564451976307,0.10332730356420469,-0.1498006562982942
English (English),en,ruby,ruby,11,"rgb(255, 0, 79)",31,"rgb(197,34,76)",0.5378298004966445,0.1896465328251716,0.04508255939535671
English (English),en,ruby red,rubyred,5,"rgb(255, 0, 86)",21,"rgb(198,33,69)",0.5388735857458058,0.1896230291497215,0.054244738304097824
English (English),en,russet,russet,0,,12,"rgb(175,91,63)",0.5656601097620141,0.09082596637806999,0.07376500960202265
English (English),en,rust,rust,26,"rgb(255, 106, 0)",256,"rgb(181,82,48)",0.5576190626936257,0.10706862024675694,0.0864922317914566
English (English),en,rust brown,rustbrown,0,,22,"rgb(156,76,48)",0.5112930506445081,0.08895242099613335,0.07361428705167306
English (English),en,rust orange,rustorange,7,"rgb(255, 113, 0)",37,"rgb(211,99,43)",0.6277865577817876,0.11251965887459608,0.10991206672085965
English (English),en,rust red,rustred,0,,24,"rgb(160,61,48)",0.4938205181382775,0.11662181502335282,0.06711985022262028
English (English),en,rusty orange,rustyorange,7,"rgb(255, 111, 0)",22,"rgb(207,99,39)",0.6204506424487266,0.10660438441401233,0.11075421560109994
English (English),en,rusty red,rustyred,0,,15,"rgb(164,62,60)",0.5040722353905018,0.12371511035488668,0.056192711213759725
English (English),en,saffron,saffron,10,"rgb(255, 123, 0)",40,"rgb(234,133,50)",0.7140563513203005,0.08667635422022862,0.12702705519358912
English (English),en,sage,sage,0,,344,"rgb(144,179,132)",0.727597180193501,-0.05653526441539552,0.05143702239067401
English (English),en,sage green,sagegreen,2,,379,"rgb(133,169,120)",0.6950595764157687,-0.059253283899998455,0.05411261740614926
English (English),en,salmon,salmon,18,"rgb(255, 0, 47)",735,"rgb(232,125,119)",0.7078540939260337,0.12169986592670193,0.054456934428647026
English (English),en,salmon pink,salmonpink,2,,105,"rgb(233,125,130)",0.7124418436699255,0.12637262608811967,0.0415096901608436
English (English),en,sand,sand,2,,204,"rgb(212,189,126)",0.8029589291198516,-0.000500416624861492,0.08581043698459154
English (English),en,sand brown,sandbrown,0,,14,"rgb(196,162,99)",0.7289055570558727,0.012132540945839836,0.0898263136458968
English (English),en,sandstone,sandstone,0,,14,"rgb(206,166,114)",0.7492073300501229,0.024112357996822858,0.07994623324742556
English (English),en,sandy,sandy,0,,12,"rgb(217,189,137)",0.8091647431710062,0.01034690738727844,0.07417576188467649
English (English),en,sandy brown,sandybrown,0,,12,"rgb(179,153,103)",0.6947556768866359,0.009157275327488675,0.07297538174069794
English (English),en,sand yellow,sandyellow,0,,23,"rgb(218,191,88)",0.8072147613989322,-0.0096761367468363,0.12509487652335236
English (English),en,sap green,sapgreen,1,,101,"rgb(102,133,65)",0.57643909148542,-0.06360374321777026,0.07811715457506968
English (English),en,sapphire,sapphire,9,"rgb(0, 78, 255)",18,"rgb(38,86,204)",0.4959167127693005,-0.019957710035525125,-0.18946573509410347
English (English),en,sapphire blue,sapphireblue,3,,15,"rgb(40,75,204)",0.4756115529225584,-0.012525966138964022,-0.20250017214521265
English (English),en,scarlet,scarlet,77,"rgb(255, 0, 32)",152,"rgb(215,42,54)",0.5722899849927486,0.1888070554436398,0.08291834194043748
English (English),en,scarlet red,scarletred,3,,26,"rgb(201,34,47)",0.5414927594150079,0.18275905202121476,0.08122907178861274
English (English),en,school bus yellow,schoolbusyellow,6,"rgb(255, 216, 0)",2,,,,
English (English),en,sea blue,seablue,79,"rgb(0, 178, 255)",217,"rgb(55,156,208)",0.6578018360193023,-0.06780750824707282,-0.09823364059395079
English (English),en,seafoam,seafoam,141,"rgb(0, 255, 174)",305,"rgb(103,230,172)",0.8380497878255496,-0.13349855578314887,0.045080280158340674
English (English),en,sea foam blue,seafoamblue,16,"rgb(0, 255, 212)",6,,,,
English (English),en,seafoam green,seafoamgreen,210,"rgb(0, 255, 171)",442,"rgb(98,230,166)",0.8354083552744122,-0.1396731481817042,0.05294268918660935
English (English),en,sea green,seagreen,174,"rgb(0, 255, 175)",589,"rgb(84,204,156)",0.764475700150908,-0.12406404804097444,0.035877553271437636
English (English),en,seaweed,seaweed,0,,24,"rgb(84,123,68)",0.5397862278467925,-0.06794438364643493,0.06257983110672098
English (English),en,seaweed green,seaweedgreen,1,,15,"rgb(75,140,81)",0.5819786314011163,-0.09220957593418755,0.06302416989724667
English (English),en,sepia,sepia,0,,30,"rgb(160,105,54)",0.5695756013043373,0.044843251657382996,0.08545498094240972
English (English),en,shamrock,shamrock,2,,18,"rgb(53,198,70)",0.7265888622012666,-0.16967967367237224,0.12031719963908574
English (English),en,shamrock green,shamrockgreen,2,,13,"rgb(74,195,96)",0.7266314428755397,-0.14706515049240718,0.09547201385952093
English (English),en,shocking pink,shockingpink,6,"rgb(255, 0, 161)",17,"rgb(238,44,161)",0.6405738815519227,0.23968285356669483,-0.04208285428182553
English (English),en,sienna,sienna,9,"rgb(255, 147, 0)",112,"rgb(176,99,50)",0.5789825188002247,0.07505308248052303,0.09138643110206641
English (English),en,silver,silver,0,,58,"rgb(184,193,197)",0.8040723411664835,-0.007854548854177705,-0.00875395328232024
English (English),en,skin,skin,1,,212,"rgb(223,174,148)",0.7890358563033542,0.044762040885660215,0.05193600287753517
English (English),en,skin colour,skincolor,0,,58,"rgb(226,177,147)",0.7974224683640243,0.04182856036412131,0.05665924663676242
English (English),en,skin tone,skintone,0,,13,"rgb(226,171,143)",0.7855473114892795,0.05067157648467217,0.056919230350188456
English (English),en,sky,sky,29,"rgb(0, 209, 255)",50,"rgb(85,197,241)",0.7755514230022565,-0.07947107127633563,-0.08834198534490732
English (English),en,sky blue,skyblue,1256,"rgb(0, 193, 255)",2261,"rgb(80,187,240)",0.7511576816167683,-0.07365675257788828,-0.09915217951289462
English (English),en,slate,slate,0,,118,"rgb(107,127,136)",0.5834671974396747,-0.01855474809123744,-0.020287174913622967
English (English),en,slate blue,slateblue,2,,98,"rgb(92,129,168)",0.5917496595923505,-0.025070812765286596,-0.06907196873748886
English (English),en,slate grey,slategray,0,,69,"rgb(112,123,132)",0.577603868263039,-0.00844397049592821,-0.017177433513516974
English (English),en,slate green,slategreen,0,,12,"rgb(112,148,121)",0.6317036812826659,-0.04953159239959313,0.026270637600021227
English (English),en,slightly lighter blue,slightlylighterblue,6,"rgb(0, 131, 255)",0,,,,
English (English),en,slime green,slimegreen,5,"rgb(107, 255, 0)",13,"rgb(147,238,94)",0.8626439128362404,-0.14248908464425958,0.13860938225591135
English (English),en,soft blue,softblue,9,"rgb(0, 147, 255)",25,"rgb(82,142,216)",0.6384675084303888,-0.03377592172543993,-0.12436210981065689
English (English),en,soft green,softgreen,7,"rgb(0, 255, 152)",40,"rgb(129,214,141)",0.8040161687377608,-0.11179707189582894,0.07045966913793904
English (English),en,soft pink,softpink,1,,40,"rgb(226,147,199)",0.7583619154406938,0.10944772841700655,-0.03890318122632436
English (English),en,soft purple,softpurple,0,,21,"rgb(154,126,202)",0.6498465635934378,0.05662725976378683,-0.09816929405796314
English (English),en,spearmint,spearmint,6,"rgb(0, 255, 136)",16,"rgb(86,212,140)",0.7818207038425463,-0.13933405978814775,0.06456666765593518
English (English),en,spring green,springgreen,58,"rgb(0, 255, 29)",202,"rgb(120,226,102)",0.8211566184839731,-0.1475280400147705,0.11977303641062419
English (English),en,spruce,spruce,0,,14,"rgb(71,126,102)",0.5471921508510355,-0.06755900396565749,0.019469431887864742
English (English),en,steel,steel,0,,28,"rgb(119,142,152)",0.6320958896117613,-0.02200821623640806,-0.020982883481393794
English (English),en,steel blue,steelblue,1,,91,"rgb(93,136,170)",0.6092539724974505,-0.03216894722429143,-0.0632036666876405
English (English),en,steel grey,steelgray,0,,25,"rgb(119,134,148)",0.6121792562706075,-0.010731762081846164,-0.025630185248167212
English (English),en,stone,stone,0,,14,"rgb(160,159,153)",0.7016227774570877,-0.0007892093981175261,0.008254636595977844
English (English),en,storm blue,stormblue,0,,14,"rgb(86,123,156)",0.5691243967465545,-0.027140301509938573,-0.06014718328356813
English (English),en,strawberry,strawberry,13,"rgb(255, 0, 96)",17,"rgb(242,47,94)",0.629105781417527,0.21951311906924686,0.05410197245031673
English (English),en,strawberry red,strawberryred,11,"rgb(255, 0, 76)",3,,,,
English (English),en,sunflower,sunflower,10,"rgb(255, 216, 0)",15,"rgb(240,210,54)",0.8651909757882552,-0.022189393684368702,0.16333401315525364
English (English),en,sunflower yellow,sunfloweryellow,11,"rgb(255, 221, 0)",20,"rgb(243,213,48)",0.8717916522377115,-0.023672426311274867,0.16766761431974728
English (English),en,sunset orange,sunsetorange,7,"rgb(255, 147, 0)",12,"rgb(236,134,52)",0.7181240077731891,0.08816913549106763,0.12673492802543845
English (English),en,sunshine yellow,sunshineyellow,9,"rgb(255, 230, 0)",11,,,,
English (English),en,sun yellow,sunyellow,10,"rgb(255, 232, 0)",11,,,,
English (English),en,swamp,swamp,0,,14,"rgb(118,126,62)",0.5718792338596399,-0.03804157974016137,0.07992445983628864
English (English),en,swamp green,swampgreen,1,,61,"rgb(119,145,58)",0.6166541904210319,-0.06480974065437951,0.09745284696251057
English (English),en,tan,tan,16,"rgb(255, 252, 0)",1247,"rgb(204,170,116)",0.7554082844404393,0.015603867116926833,0.07969836048802473
English (English),en,tan brown,tanbrown,0,,18,"rgb(165,110,61)",0.5861357667872504,0.04532057078490515,0.08390494339944048
English (English),en,tangerine,tangerine,98,"rgb(255, 154, 0)",89,"rgb(247,147,46)",0.7536783521835712,0.08037208821346115,0.13953265122944405
English (English),en,tan green,tangreen,0,,13,"rgb(167,178,108)",0.7372757790250806,-0.040823147659770125,0.08379047325779296
English (English),en,taupe,taupe,0,,218,"rgb(171,147,124)",0.6790640364902182,0.018047756544169707,0.040142613904359865
English (English),en,tea green,teagreen,0,,20,"rgb(167,198,142)",0.7897840421612938,-0.055297929092821066,0.062391747780636775
English (English),en,teal,teal,916,"rgb(0, 255, 230)",3304,"rgb(64,194,179)",0.7392041284431843,-0.11313730691492589,-0.008130518494322904
English (English),en,teal blue,tealblue,17,"rgb(0, 235, 255)",75,"rgb(61,171,188)",0.6868556261079829,-0.08729997041951662,-0.04992874141046295
English (English),en,teal green,tealgreen,9,"rgb(0, 255, 150)",84,"rgb(69,183,141)",0.7022012057267842,-0.1162302763986937,0.030131040915362443
English (English),en,terracotta,terracotta,2,,101,"rgb(187,94,68)",0.5876402073260825,0.10194688302926402,0.07470901881269798
English (English),en,tiffany blue,tiffanyblue,11,"rgb(0, 237, 255)",26,"rgb(84,217,211)",0.8110618153269893,-0.11292665391802728,-0.021579189704355746
English (English),en,tomato,tomato,6,"rgb(255, 32, 0)",9,,,,
English (English),en,tomato red,tomatored,8,"rgb(255, 46, 0)",26,"rgb(232,59,49)",0.6149188953871442,0.18588749010778716,0.10069440149775856
English (English),en,tree green,treegreen,0,,38,"rgb(74,146,72)",0.5948476581049377,-0.10418061063989646,0.07763946085954375
English (English),en,true blue,trueblue,18,"rgb(0, 99, 255)",26,"rgb(26,89,234)",0.5243266284550341,-0.027309638703847963,-0.22492343712164253
English (English),en,true red,truered,6,"rgb(255, 0, 9)",5,,,,
English (English),en,turquoise,turquoise,963,"rgb(0, 255, 248)",2154,"rgb(59,210,196)",0.7827234702548203,-0.12313522032177227,-0.013677033380200676
English (English),en,turquoise blue,turquoiseblue,19,"rgb(0, 238, 255)",43,"rgb(57,204,212)",0.7738784932629617,-0.11126598411560872,-0.04250634009084874
English (English),en,turquoise green,turquoisegreen,10,"rgb(0, 255, 170)",41,"rgb(62,203,155)",0.7557806931617896,-0.13454161705995804,0.034212350552991426
English (English),en,ugly green,uglygreen,1,,16,"rgb(138,171,70)",0.6941058046476507,-0.0766028465908647,0.10974954841674756
English (English),en,ultramarine,ultramarine,27,"rgb(0, 92, 255)",82,"rgb(42,72,212)",0.4778924313615759,-0.009904967604334245,-0.21643437870105492
English (English),en,ultramarine blue,ultramarineblue,21,"rgb(0, 69, 255)",52,"rgb(47,58,197)",0.4433565858469396,0.002844007125429153,-0.21130124182595
English (English),en,ultraviolet,ultraviolet,0,,18,"rgb(124,45,208)",0.5041836943019263,0.11411471371351772,-0.19908743569543821
English (English),en,umber,umber,3,,57,"rgb(163,99,53)",0.562313461447619,0.06000188074091158,0.08427102841745986
English (English),en,vanilla,vanilla,0,,12,"rgb(238,234,178)",0.9266529761525547,-0.018590820039328895,0.07065927868199558
English (English),en,velvet,velvet,3,,28,"rgb(147,51,87)",0.4696168723326263,0.1332405753530304,0.0008258698912368788
English (English),en,vermillion,vermillion,30,"rgb(255, 42, 0)",75,"rgb(222,71,56)",0.6098932157500194,0.16605096911815373,0.09313725215119109
English (English),en,very dark blue,verydarkblue,3,,27,"rgb(26,35,87)",0.2822903199778006,0.0020164536301274074,-0.09419396592333981
English (English),en,very dark green,verydarkgreen,0,,32,"rgb(28,59,38)",0.32151506196398777,-0.04678972571602062,0.024498644873856765
English (English),en,very dark purple,verydarkpurple,0,,24,"rgb(54,24,61)",0.27020556554463143,0.05724052833044255,-0.04803112287657959
English (English),en,very light green,verylightgreen,1,,30,"rgb(183,239,173)",0.8972029300988644,-0.08202162398818733,0.0671443464620819
English (English),en,vibrant blue,vibrantblue,1,,13,"rgb(45,89,228)",0.5245467331937095,-0.017111376692609422,-0.21514752476353774
English (English),en,vibrant green,vibrantgreen,0,,15,"rgb(67,206,93)",0.7531282128082215,-0.16298614882348045,0.1080333582845706
English (English),en,vibrant pink,vibrantpink,2,,13,"rgb(233,51,174)",0.6423398751577304,0.23320181159658032,-0.06282596473739997
English (English),en,vibrant purple,vibrantpurple,3,,24,"rgb(143,47,213)",0.5329115885237602,0.13753307365230472,-0.19102404738354492
English (English),en,violet,violet,562,"rgb(173, 0, 255)",3264,"rgb(134,67,188)",0.5242650624732907,0.10936904480542632,-0.14842899460051354
English (English),en,violet blue,violetblue,6,"rgb(87, 0, 255)",32,"rgb(85,57,211)",0.48116372840433713,0.04819760177131592,-0.2147766437501245
English (English),en,violet pink,violetpink,3,,14,"rgb(210,79,206)",0.6475744372003975,0.18655449207185365,-0.11319407828414238
English (English),en,violet purple,violetpurple,5,"rgb(201, 0, 255)",23,"rgb(151,69,192)",0.5499158223047955,0.13019654013638518,-0.14199635190234197
English (English),en,violet red,violetred,8,"rgb(255, 0, 138)",10,,,,
English (English),en,viridian,viridian,3,,13,"rgb(56,159,128)",0.634844632777239,-0.10463424594856081,0.01981852763139632
English (English),en,vivid blue,vividblue,2,,12,"rgb(57,86,225)",0.5211994260544442,-0.005893336227846269,-0.21241935768301218
English (English),en,vivid green,vividgreen,4,,14,"rgb(112,227,75)",0.8196950395507703,-0.1634319705405865,0.14183631499164034
English (English),en,vomit,vomit,2,,28,"rgb(164,180,69)",0.7368718042044936,-0.0615606243038797,0.12182163505034461
English (English),en,vomit green,vomitgreen,2,,24,"rgb(139,159,62)",0.6664244757106279,-0.06249642872726609,0.10867866842470943
English (English),en,warm brown,warmbrown,0,,27,"rgb(134,71,39)",0.46875077125914427,0.06619444071151231,0.0699124771893872
English (English),en,warm grey,warmgray,0,,39,"rgb(142,135,129)",0.627987158700265,0.004728468096412431,0.011727619967740329
English (English),en,warm pink,warmpink,4,,12,"rgb(236,107,162)",0.6991792253603187,0.16846129800334173,-0.011940345377297983
English (English),en,warm purple,warmpurple,2,,21,"rgb(149,58,163)",0.5160734643612382,0.14118442931733152,-0.11005623829291741
English (English),en,warm yellow,warmyellow,13,"rgb(255, 209, 0)",9,,,,
English (English),en,water blue,waterblue,6,"rgb(0, 174, 255)",14,"rgb(71,169,230)",0.7020812509055858,-0.06440388000801843,-0.11010802236668402
English (English),en,watermelon,watermelon,14,"rgb(255, 0, 90)",10,,,,
English (English),en,white,white,1,,227,"rgb(223,226,220)",0.90931438256727,-0.0053750464494492015,0.006381259646325411
English (English),en,wine,wine,1,,237,"rgb(121,39,76)",0.40942855678161955,0.11975281618299374,-0.007935664652679775
English (English),en,wine purple,winepurple,0,,16,"rgb(98,37,92)",0.3756197825376848,0.0999008279627461,-0.05458441104597435
English (English),en,wine red,winered,1,,82,"rgb(131,30,52)",0.4097584145221154,0.13155858264197892,0.03134253256922351
English (English),en,wisteria,wisteria,0,,14,"rgb(173,135,219)",0.6913985485081365,0.0702941740350381,-0.1041726382099853
English (English),en,wood brown,woodbrown,0,,15,"rgb(123,84,53)",0.48189619129808775,0.03549311496249059,0.05969406767295793
English (English),en,yellow,yellow,3118,"rgb(255, 240, 0)",3437,"rgb(239,226,55)",0.8953045236357479,-0.04540763189693116,0.17034012810916088
English (English),en,yellow brown,yellowbrown,2,,79,"rgb(169,139,55)",0.6485108162243733,0.0006666563759934079,0.10795394090094075
English (English),en,yellow gold,yellowgold,10,"rgb(255, 210, 0)",12,"rgb(229,198,60)",0.8299980776611403,-0.015341286823615042,0.1517679023743261
English (English),en,yellow green,yellowgreen,428,"rgb(177, 255, 0)",797,"rgb(179,228,59)",0.8546335940464513,-0.11132241990133336,0.15928046395089898
English (English),en,yellowish brown,yellowishbrown,0,,22,"rgb(170,137,52)",0.6446041316654508,0.0050181320145788995,0.10904846867804957
English (English),en,yellowish green,yellowishgreen,24,"rgb(176, 255, 0)",97,"rgb(174,212,72)",0.8167369624351657,-0.09253914857127307,0.14160908789026158
English (English),en,yellowish orange,yellowishorange,18,"rgb(255, 183, 0)",9,,,,
English (English),en,yellow ochre,yellowochre,22,"rgb(255, 185, 0)",67,"rgb(210,165,55)",0.7432819288182548,0.010857521260933574,0.13246643997259266
English (English),en,yellow orange,yelloworange,237,"rgb(255, 183, 0)",93,"rgb(250,179,28)",0.8128312437494,0.03215536726974867,0.16066733296301086
English (English),en,yellow tan,yellowtan,0,,15,"rgb(198,194,111)",0.7990599657577551,-0.029337190974882334,0.1015368934958001
"Estonian (eesti, eesti keel)",et,erkroheline,erkroheline,7,"rgb(61, 255, 0)",0,,,,
"Estonian (eesti, eesti keel)",et,heleroheline,heleroheline,8,"rgb(15, 255, 0)",1,,,,
"Estonian (eesti, eesti keel)",et,helesinine,helesinine,26,"rgb(0, 202, 255)",1,,,,
"Estonian (eesti, eesti keel)",et,kollane,kollane,18,"rgb(255, 240, 0)",0,,,,
"Estonian (eesti, eesti keel)",et,lilla,lilla,17,"rgb(229, 0, 255)",9,,,,
"Estonian (eesti, eesti keel)",et,oranž,oranz,23,"rgb(255, 136, 0)",0,,,,
"Estonian (eesti, eesti keel)",et,punane,punane,15,"rgb(255, 0, 17)",1,,,,
"Estonian (eesti, eesti keel)",et,roheline,roheline,15,"rgb(0, 255, 87)",5,,,,
"Estonian (eesti, eesti keel)",et,roosa,roosa,13,"rgb(255, 0, 159)",3,,,,
"Estonian (eesti, eesti keel)",et,sinakasroheline,sinakasroheline,6,"rgb(0, 255, 155)",0,,,,
"Estonian (eesti, eesti keel)",et,sinine,sinine,30,"rgb(0, 120, 255)",2,,,,
"Estonian (eesti, eesti keel)",et,tumekollane,tumekollane,7,"rgb(255, 210, 0)",0,,,,
"Estonian (eesti, eesti keel)",et,tumeroosa,tumeroosa,7,"rgb(255, 0, 140)",0,,,,
"Estonian (eesti, eesti keel)",et,tumesinine,tumesinine,6,"rgb(0, 44, 255)",1,,,,
"Estonian (eesti, eesti keel)",et,türkiissinine,turkiissinine,8,"rgb(0, 228, 255)",0,,,,
"Finnish (suomi, suomen kieli)",fi,keltainen,keltainen,48,"rgb(255, 237, 0)",9,,,,
"Finnish (suomi, suomen kieli)",fi,keltavihreä,keltavihrea,6,"rgb(157, 255, 0)",3,,,,
"Finnish (suomi, suomen kieli)",fi,kirkkaanvihreä,kirkkaanvihrea,8,"rgb(0, 255, 54)",5,,,,
"Finnish (suomi, suomen kieli)",fi,liila,liila,17,"rgb(222, 0, 255)",26,"rgb(180,74,202)",0.6000762701684941,0.15878693321249698,-0.13094912319063665
"Finnish (suomi, suomen kieli)",fi,lime,lime,10,"rgb(152, 255, 0)",4,,,,
"Finnish (suomi, suomen kieli)",fi,limenvihreä,limenvihrea,5,"rgb(187, 255, 0)",2,,,,
"Finnish (suomi, suomen kieli)",fi,magenta,magenta,12,"rgb(255, 0, 222)",3,,,,
"Finnish (suomi, suomen kieli)",fi,mintunvihreä,mintunvihrea,5,"rgb(0, 255, 180)",7,,,,
"Finnish (suomi, suomen kieli)",fi,musta,musta,0,,17,"rgb(26,22,25)",0.20754805051145186,0.007601863869704112,-0.0037341716826853914
"Finnish (suomi, suomen kieli)",fi,oranssi,oranssi,71,"rgb(255, 136, 0)",21,"rgb(249,134,24)",0.7347812366658936,0.09790545103696782,0.14425815738631317
"Finnish (suomi, suomen kieli)",fi,pinkki,pinkki,43,"rgb(255, 0, 159)",25,"rgb(246,58,164)",0.6640553846841205,0.23539929359975312,-0.036189791110058565
"Finnish (suomi, suomen kieli)",fi,punainen,punainen,55,"rgb(255, 0, 43)",16,"rgb(240,32,53)",0.6114827197391671,0.21346073566414991,0.09531848109174586
"Finnish (suomi, suomen kieli)",fi,purppura,purppura,6,"rgb(199, 0, 255)",9,,,,
"Finnish (suomi, suomen kieli)",fi,ruskea,ruskea,0,,23,"rgb(139,97,54)",0.5269264112275347,0.03493211005962322,0.07224572114943584
"Finnish (suomi, suomen kieli)",fi,sininen,sininen,110,"rgb(0, 118, 255)",49,"rgb(27,114,237)",0.5765813360393036,-0.039476693903952864,-0.19827493339050195
"Finnish (suomi, suomen kieli)",fi,syaani,syaani,10,"rgb(0, 203, 255)",4,,,,
"Finnish (suomi, suomen kieli)",fi,taivaansininen,taivaansininen,13,"rgb(0, 190, 255)",6,,,,
"Finnish (suomi, suomen kieli)",fi,tummankeltainen,tummankeltainen,5,"rgb(255, 197, 0)",2,,,,
"Finnish (suomi, suomen kieli)",fi,tummansininen,tummansininen,21,"rgb(0, 57, 255)",22,"rgb(29,54,185)",0.4158405645012312,-0.010741496912198473,-0.20498644590120027
"Finnish (suomi, suomen kieli)",fi,turkoosi,turkoosi,49,"rgb(0, 255, 231)",22,"rgb(36,226,205)",0.8222680166759859,-0.14142901553039472,-0.006892901027251285
"Finnish (suomi, suomen kieli)",fi,vaaleanpunainen,vaaleanpunainen,4,,12,"rgb(238,134,181)",0.7459430672791777,0.13571728920869597,-0.017263400064514316
"Finnish (suomi, suomen kieli)",fi,vaaleansininen,vaaleansininen,43,"rgb(0, 222, 255)",16,"rgb(69,211,241)",0.8038944082611066,-0.10174293719088622,-0.07154536320879624
"Finnish (suomi, suomen kieli)",fi,vaaleanvihreä,vaaleanvihrea,14,"rgb(69, 255, 0)",21,"rgb(140,239,111)",0.8649121489478748,-0.14362893863489593,0.12468124428699695
"Finnish (suomi, suomen kieli)",fi,vihreä,vihrea,63,"rgb(0, 255, 36)",47,"rgb(87,222,83)",0.797425120624722,-0.1711293033820074,0.1297167934265223
"Finnish (suomi, suomen kieli)",fi,violetti,violetti,46,"rgb(214, 0, 255)",45,"rgb(168,59,207)",0.5719292257942347,0.1612151613462116,-0.15809249259146047
"French (français, langue française)",fr,aubergine,aubergine,0,,12,"rgb(106,40,99)",0.3960857459574325,0.10723500896062305,-0.05768401668804638
"French (français, langue française)",fr,azur,azur,11,"rgb(0, 173, 255)",2,,,,
"French (français, langue française)",fr,beige,beige,3,,46,"rgb(224,192,152)",0.8259402656036519,0.018003970960535607,0.062466449578390405
"French (français, langue française)",fr,bleu,bleu,296,"rgb(0, 136, 255)",271,"rgb(39,126,230)",0.5979087668571016,-0.0433885758373467,-0.17106063637076246
"French (français, langue française)",fr,bleu azur,bleuazur,5,"rgb(0, 168, 255)",2,,,,
"French (français, langue française)",fr,bleu canard,bleucanard,0,,12,"rgb(60,142,144)",0.5962153986037836,-0.07517878726866813,-0.02353176384261345
"French (français, langue française)",fr,bleu ciel,bleuciel,51,"rgb(0, 200, 255)",49,"rgb(79,197,246)",0.7775726975117015,-0.08239088886078008,-0.09353631352872586
"French (français, langue française)",fr,bleu clair,bleuclair,38,"rgb(0, 201, 255)",33,"rgb(78,195,246)",0.7715746838289562,-0.08025675735447389,-0.0972629441360908
"French (français, langue française)",fr,bleu cyan,bleucyan,12,"rgb(0, 224, 255)",2,,,,
"French (français, langue française)",fr,bleu foncé,bleufonce,19,"rgb(0, 85, 255)",32,"rgb(35,69,198)",0.45659319301057816,-0.012918307675104799,-0.2041576675233383
"French (français, langue française)",fr,bleu gris,bleugris,0,,22,"rgb(101,139,170)",0.6211046820121348,-0.029079850332838716,-0.05655153771940488
"French (français, langue française)",fr,bleu marine,bleumarine,36,"rgb(0, 81, 255)",67,"rgb(34,64,173)",0.4236306060057572,-0.010928632530734186,-0.17725674401314284
"French (français, langue française)",fr,bleu nuit,bleunuit,2,,22,"rgb(36,51,118)",0.35086301077203547,-0.0006110309693417663,-0.11610746090331514
"French (français, langue française)",fr,bleu roi,bleuroi,16,"rgb(0, 78, 255)",28,"rgb(43,79,218)",0.49584388558755044,-0.012783145888525345,-0.2158554082617753
"French (français, langue française)",fr,bleu royal,bleuroyal,12,"rgb(0, 61, 255)",7,,,,
"French (français, langue française)",fr,bleu turquoise,bleuturquoise,14,"rgb(0, 240, 255)",15,"rgb(45,213,218)",0.7970753536054411,-0.12184340540170198,-0.039403392581400964
"French (français, langue française)",fr,bleu vert,bleuvert,8,"rgb(0, 255, 204)",10,,,,
"French (français, langue française)",fr,bordeaux,bordeaux,0,,55,"rgb(141,40,62)",0.4397687842520767,0.13299475960544466,0.028544521074513864
"French (français, langue française)",fr,brun,brun,0,,46,"rgb(129,77,53)",0.47551906115326203,0.055192978956582324,0.056907993121947074
"French (français, langue française)",fr,cyan,cyan,33,"rgb(0, 239, 255)",29,"rgb(50,215,232)",0.8071425066614694,-0.11666985829372216,-0.0549256074504725
"French (français, langue française)",fr,framboise,framboise,5,"rgb(255, 0, 98)",1,,,,
"French (français, langue française)",fr,fushia,fuchsia,60,"rgb(255, 0, 184)",45,"rgb(235,47,178)",0.6450835452444986,0.23828909578284158,-0.06878744617017367
"French (français, langue française)",fr,gris,gris,0,,52,"rgb(140,145,153)",0.6545458658327235,-0.002610650341002843,-0.012761383857204985
"French (français, langue française)",fr,indigo,indigo,11,"rgb(0, 63, 255)",24,"rgb(87,86,197)",0.5158776825073332,0.027194761379014748,-0.16606581735024903
"French (français, langue française)",fr,jaune,jaune,132,"rgb(255, 236, 0)",68,"rgb(242,228,51)",0.9019494918248299,-0.04527334274564706,0.17358124839873854
"French (français, langue française)",fr,jaune citron,jaunecitron,5,"rgb(255, 253, 0)",2,,,,
"French (français, langue française)",fr,jaune doré,jaunedore,6,"rgb(255, 205, 0)",0,,,,
"French (français, langue française)",fr,jaune fluo,jaunefluo,11,"rgb(223, 255, 0)",2,,,,
"French (français, langue française)",fr,jaune moutarde,jaunemoutarde,5,"rgb(255, 202, 0)",17,"rgb(223,184,48)",0.7958778771228026,-0.005233031601746179,0.1497903866925311
"French (français, langue française)",fr,jaune orangé,jauneorange,10,"rgb(255, 197, 0)",3,,,,
"French (français, langue française)",fr,jaune vert,jaunevert,10,"rgb(196, 255, 0)",7,,,,
"French (français, langue française)",fr,kaki,kaki,2,,49,"rgb(127,137,61)",0.6050861105697752,-0.04322520502301679,0.09109848685631855
"French (français, langue française)",fr,lavande,lavande,0,,24,"rgb(169,139,216)",0.6943965791111243,0.05969022871500134,-0.0979110628544325
"French (français, langue française)",fr,lila,lila,0,,15,"rgb(178,145,223)",0.7158007728665022,0.06399694652284557,-0.09812322955956153
"French (français, langue française)",fr,lilas,lilas,0,,16,"rgb(181,131,205)",0.6844351040888083,0.08303853277882714,-0.08506061977677568
"French (français, langue française)",fr,magenta,magenta,41,"rgb(255, 0, 163)",37,"rgb(231,42,163)",0.6298939750891218,0.2366703606657287,-0.05226167739685287
"French (français, langue française)",fr,marron,marron,1,,122,"rgb(134,86,52)",0.49756084661668387,0.04630253035397404,0.06512509322768914
"French (français, langue française)",fr,marron clair,marronclair,0,,12,"rgb(168,122,81)",0.6169501425297053,0.03793615857566234,0.07148253828840927
"French (français, langue française)",fr,mauve,mauve,34,"rgb(196, 0, 255)",92,"rgb(167,83,200)",0.5922534211734225,0.13311844235356698,-0.13069470760790355
"French (français, langue française)",fr,noir,noir,0,,59,"rgb(27,23,23)",0.20904485663976433,0.007409453161439292,0.001738052082910784
"French (français, langue française)",fr,ocre,ocre,5,"rgb(255, 178, 0)",19,"rgb(216,158,72)",0.7390931342381846,0.03351521102871768,0.11883431369489923
"French (français, langue française)",fr,orange,orange,162,"rgb(255, 137, 0)",87,"rgb(247,136,35)",0.7344752660464579,0.09572481921276839,0.14011849089147102
"French (français, langue française)",fr,orange foncé,orangefonce,9,"rgb(255, 97, 0)",4,,,,
"French (français, langue française)",fr,pourpre,pourpre,10,"rgb(255, 0, 241)",22,"rgb(149,46,130)",0.4856605583053503,0.15257804320015653,-0.06839723399847036
"French (français, langue française)",fr,prune,prune,0,,16,"rgb(118,51,101)",0.4308139019441338,0.10603680654033562,-0.042386076841062506
"French (français, langue française)",fr,rose,rose,110,"rgb(255, 0, 172)",191,"rgb(238,87,174)",0.6816852211343202,0.19958687929349028,-0.04141979584391035
"French (français, langue française)",fr,rose bonbon,rosebonbon,6,"rgb(255, 0, 161)",9,,,,
"French (français, langue française)",fr,rose foncé,rosefonce,12,"rgb(255, 0, 139)",15,"rgb(230,44,143)",0.6221791714286291,0.2295440120994755,-0.022955875527513478
"French (français, langue française)",fr,rose fushia,rosefuchsia,14,"rgb(255, 0, 176)",9,,,,
"French (français, langue française)",fr,rose néon,roseneon,5,"rgb(255, 0, 190)",0,,,,
"French (français, langue française)",fr,rose pâle,rosepale,0,,13,"rgb(225,174,200)",0.8037602566674373,0.06646639658768645,-0.01643457059009302
"French (français, langue française)",fr,rouge,rouge,131,"rgb(255, 0, 38)",100,"rgb(234,40,52)",0.6042655424627787,0.2033505087428048,0.09474551265544036
"French (français, langue française)",fr,rouge foncé,rougefonce,1,,12,"rgb(158,46,56)",0.47441477064943566,0.13881864922075746,0.04966735370034625
"French (français, langue française)",fr,rouge orange,rougeorange,5,"rgb(255, 81, 0)",1,,,,
"French (français, langue française)",fr,rouge rose,rougerose,9,"rgb(255, 0, 89)",5,,,,
"French (français, langue française)",fr,saumon,saumon,0,,28,"rgb(233,139,123)",0.7318398659594979,0.1018958512438679,0.06010019977584826
"French (français, langue française)",fr,taupe,taupe,0,,21,"rgb(151,122,112)",0.6039130344258947,0.030976961716642555,0.02541796578527992
"French (français, langue française)",fr,turquoise,turquoise,59,"rgb(0, 255, 228)",69,"rgb(56,227,205)",0.8270001555607536,-0.13703720776842815,-0.004870703324617179
"French (français, langue française)",fr,vermillon,vermillon,5,"rgb(255, 50, 0)",6,,,,
"French (français, langue française)",fr,vert,vert,210,"rgb(0, 255, 76)",342,"rgb(98,211,97)",0.776531701367731,-0.1491070586644889,0.11095373240320726
"French (français, langue française)",fr,vert clair,vertclair,22,"rgb(0, 255, 23)",50,"rgb(132,235,106)",0.8490088937166984,-0.14715255676523448,0.1251442095091591
"French (français, langue française)",fr,vert d'eau,vertd'eau,16,"rgb(0, 255, 176)",18,"rgb(107,235,177)",0.8511837496581697,-0.13404021191406446,0.0448868059508084
"French (français, langue française)",fr,vert fluo,vertfluo,17,"rgb(98, 255, 0)",36,"rgb(102,243,71)",0.8550593643162562,-0.18661934875715847,0.1540817443039457
"French (français, langue française)",fr,vert foncé,vertfonce,1,,63,"rgb(49,101,57)",0.4594478224350821,-0.07596788501961196,0.04881143653753014
"French (français, langue française)",fr,vert forêt,vertforet,0,,17,"rgb(54,121,68)",0.5179453149414193,-0.09071175270687858,0.05591885049576188
"French (français, langue française)",fr,vert kaki,vertkaki,0,,20,"rgb(117,131,57)",0.5814601371571767,-0.047818707094089974,0.08787735999147156
"French (français, langue française)",fr,vert lime,vertlime,13,"rgb(127, 255, 0)",6,,,,
"French (français, langue française)",fr,vert néon,vertneon,10,"rgb(0, 255, 64)",2,,,,
"French (français, langue française)",fr,vert pâle,vertpale,6,"rgb(0, 255, 72)",15,"rgb(164,238,143)",0.878631571110177,-0.10996338705300378,0.0958943426718656
"French (français, langue française)",fr,vert pomme,vertpomme,23,"rgb(108, 255, 0)",30,"rgb(135,234,67)",0.8455824911388194,-0.15588946400992662,0.15333659900878954
"French (français, langue française)",fr,vert sapin,vertsapin,0,,16,"rgb(54,122,76)",0.5235010056645752,-0.08936618483279626,0.047365896716448724
"French (français, langue française)",fr,vieux rose,vieuxrose,0,,14,"rgb(198,130,152)",0.6827807412078425,0.08715413759517766,-0.0024235920355656915
"French (français, langue française)",fr,violet,violet,130,"rgb(205, 0, 255)",257,"rgb(156,65,198)",0.5560353939341044,0.14136786187044684,-0.14987122882514572
"French (français, langue française)",fr,violet foncé,violetfonce,3,,31,"rgb(97,44,128)",0.40524145221728175,0.09106561893796672,-0.10614693274266443
Georgian (ქართული),ka,ვარდისფერი,ვარდისფერი,8,"rgb(255, 0, 173)",1,,,,
Georgian (ქართული),ka,ლურჯი,ლურჯი,17,"rgb(0, 89, 255)",0,,,,
Georgian (ქართული),ka,მწვანე,მწვანე,10,"rgb(61, 255, 0)",0,,,,
Georgian (ქართული),ka,ყვითელი,ყვითელი,9,"rgb(255, 254, 0)",0,,,,
Georgian (ქართული),ka,ცისფერი,ცისფერი,17,"rgb(0, 217, 255)",0,,,,
Georgian (ქართული),ka,წითელი,წითელი,7,"rgb(255, 0, 50)",0,,,,
German (Deutsch),de,altrosa,altrosa,0,,25,"rgb(194,122,156)",0.6663108868835137,0.09726656411156384,-0.015420548478958305
German (Deutsch),de,babyblau,babyblau,6,"rgb(0, 198, 255)",9,,,,
German (Deutsch),de,beige,beige,1,,70,"rgb(213,190,148)",0.8117213211879861,0.008033879601639619,0.06182058280662587
German (Deutsch),de,blassgrün,blassgrun,4,,18,"rgb(135,214,140)",0.8052862794292118,-0.10641020317593401,0.07304375951743691
German (Deutsch),de,blau,blau,308,"rgb(0, 120, 255)",308,"rgb(42,116,233)",0.5809541515540455,-0.03516006556968051,-0.1881533089264657
German (Deutsch),de,blaugrau,blaugrau,1,,23,"rgb(111,140,167)",0.6285782998841583,-0.02164801099564943,-0.04722891677813825
German (Deutsch),de,blaugrün,blaugrun,5,"rgb(0, 255, 200)",17,"rgb(47,171,141)",0.6674947132953107,-0.11483452956197839,0.014599587581593338
German (Deutsch),de,braun,braun,0,,178,"rgb(138,88,54)",0.5086697064770435,0.048742991156656264,0.06620999132176478
German (Deutsch),de,dunkelblau,dunkelblau,73,"rgb(0, 55, 255)",131,"rgb(33,58,170)",0.4096509694787811,-0.008210588727864279,-0.18028569585994142
German (Deutsch),de,dunkelbraun,dunkelbraun,0,,45,"rgb(80,44,35)",0.33592045928567044,0.046351179432092,0.031195266076651556
German (Deutsch),de,dunkelgelb,dunkelgelb,14,"rgb(255, 211, 0)",7,,,,
German (Deutsch),de,dunkelgrau,dunkelgrau,0,,20,"rgb(69,74,77)",0.40472106819918163,-0.004679892104239848,-0.006326816116881462
German (Deutsch),de,dunkelgrün,dunkelgrun,0,,131,"rgb(42,97,52)",0.4434578655474167,-0.07926283324107244,0.04989776666615734
German (Deutsch),de,dunkellila,dunkellila,6,"rgb(118, 0, 255)",45,"rgb(94,48,133)",0.4120791989189331,0.0820655688243288,-0.11201818457149779
German (Deutsch),de,dunkelorange,dunkelorange,16,"rgb(255, 108, 0)",7,,,,
German (Deutsch),de,dunkelrosa,dunkelrosa,1,,16,"rgb(199,90,148)",0.61976836765019,0.1498388323221963,-0.0288418032991877
German (Deutsch),de,dunkelrot,dunkelrot,4,,39,"rgb(144,36,50)",0.43718990203856717,0.13569744085401475,0.045237156859512656
German (Deutsch),de,dunkeltürkis,dunkelturkis,0,,16,"rgb(57,143,143)",0.598804009878371,-0.07911158301110796,-0.02090240525645653
German (Deutsch),de,dunkelviolett,dunkelviolett,0,,30,"rgb(80,39,99)",0.3565540911405719,0.07436316673067128,-0.07788207785293817
German (Deutsch),de,flieder,flieder,5,"rgb(251, 0, 255)",47,"rgb(182,130,200)",0.6829994115821858,0.08503009466083607,-0.07811294085269459
German (Deutsch),de,fuchsia,fuchsia,8,"rgb(255, 0, 151)",19,"rgb(209,47,145)",0.5896648877867547,0.21088819695055852,-0.040995987629319726
German (Deutsch),de,gelb,gelb,140,"rgb(255, 238, 0)",79,"rgb(244,228,48)",0.9031267486062474,-0.0435365154535749,0.1746944693221792
German (Deutsch),de,gelbgrün,gelbgrun,19,"rgb(198, 255, 0)",32,"rgb(192,227,63)",0.8611092251081772,-0.09476736689210367,0.15876728843535928
German (Deutsch),de,giftgrün,giftgrun,16,"rgb(102, 255, 0)",21,"rgb(112,243,74)",0.8569645238256386,-0.17851352753233868,0.15218196357129668
German (Deutsch),de,grasgrün,grasgrun,9,"rgb(114, 255, 0)",57,"rgb(105,197,72)",0.7406315028153433,-0.138088245676935,0.12229055909448047
German (Deutsch),de,grau,grau,0,,70,"rgb(134,140,143)",0.6362460357097514,-0.0054597172394361725,-0.006524243777979118
German (Deutsch),de,graublau,graublau,0,,23,"rgb(117,145,178)",0.6476743805889094,-0.016854510828233516,-0.056662251673353675
German (Deutsch),de,graubraun,graubraun,0,,19,"rgb(122,106,93)",0.5350626349117249,0.014072704520480553,0.025190688209407022
German (Deutsch),de,graugrün,graugrun,0,,23,"rgb(114,144,119)",0.6237954834750258,-0.043791436110649104,0.025364000080652423
German (Deutsch),de,grün,grun,182,"rgb(0, 255, 57)",337,"rgb(94,205,90)",0.7570364378304215,-0.14725030146115806,0.11112828277605888
German (Deutsch),de,grüngelb,grungelb,11,"rgb(188, 255, 0)",11,,,,
German (Deutsch),de,grüngrau,grungrau,0,,15,"rgb(116,137,125)",0.6104432173440321,-0.029428100810085213,0.010916364493267269
German (Deutsch),de,grün türkis,grunturkis,6,"rgb(0, 255, 160)",1,,,,
German (Deutsch),de,hautfarben,hautfarben,0,,14,"rgb(240,201,173)",0.8617800095799867,0.031070889588722787,0.04848008932262736
German (Deutsch),de,hellblau,hellblau,135,"rgb(0, 206, 255)",116,"rgb(76,197,243)",0.7738038629919974,-0.08417355297022142,-0.0922614091943146
German (Deutsch),de,hellbraun,hellbraun,2,,36,"rgb(187,137,89)",0.6684197847553249,0.03907189838581166,0.079667980896916
German (Deutsch),de,hellgrau,hellgrau,0,,13,"rgb(194,198,208)",0.82597899227891,-0.0005765200134849986,-0.01475612541180343
German (Deutsch),de,hellgrün,hellgrun,86,"rgb(0, 255, 38)",147,"rgb(129,235,107)",0.8473430570748379,-0.1485460953795185,0.12291105003129484
German (Deutsch),de,helllila,helllila,4,,18,"rgb(186,120,232)",0.6857474596781427,0.10839012405521804,-0.1307691244373832
German (Deutsch),de,hellorange,hellorange,6,"rgb(255, 157, 0)",7,,,,
German (Deutsch),de,hellrot,hellrot,7,"rgb(255, 0, 45)",11,,,,
German (Deutsch),de,helltürkis,hellturkis,4,,14,"rgb(135,246,212)",0.8963927173718932,-0.1125248632550374,0.016687323293606355
German (Deutsch),de,himmelblau,himmelblau,38,"rgb(0, 174, 255)",41,"rgb(67,179,244)",0.7319071042556557,-0.07152819702089412,-0.11664427465653972
German (Deutsch),de,khaki,khaki,0,,14,"rgb(134,135,62)",0.6070724280686032,-0.0320725056085057,0.09027395840700801
German (Deutsch),de,königsblau,konigsblau,20,"rgb(0, 54, 255)",22,"rgb(35,62,220)",0.46735248329474033,-0.012148009140537546,-0.2372511301088659
German (Deutsch),de,lachs,lachs,1,,15,"rgb(241,133,129)",0.7334729547294546,0.12251824781899373,0.05165105581946711
German (Deutsch),de,lavendel,lavendel,1,,31,"rgb(164,135,211)",0.6799654824705782,0.05798717361615295,-0.09714482886694165
German (Deutsch),de,lila,lila,155,"rgb(204, 0, 255)",327,"rgb(161,69,204)",0.570739822493969,0.14151548984766252,-0.15237384909532828
German (Deutsch),de,lilablau,lilablau,1,,13,"rgb(91,84,200)",0.5180413473537543,0.0335254852086513,-0.170193973891898
German (Deutsch),de,lilapink,lilapink,5,"rgb(255, 0, 239)",1,,,,
German (Deutsch),de,limette,limette,5,"rgb(159, 255, 0)",12,"rgb(179,241,72)",0.8843858463532088,-0.1232840141290028,0.15947137629990263
German (Deutsch),de,limettengrün,limettengrun,7,"rgb(115, 255, 0)",12,"rgb(159,242,96)",0.8783412545707927,-0.13574595347312338,0.14155285197857845
German (Deutsch),de,magenta,magenta,64,"rgb(255, 0, 180)",66,"rgb(228,49,170)",0.6316912390060266,0.2299833345868282,-0.06163634531573059
German (Deutsch),de,marineblau,marineblau,11,"rgb(0, 59, 255)",17,"rgb(35,61,181)",0.42582052260404335,-0.008684273662314891,-0.190611220034198
German (Deutsch),de,mint,mint,9,"rgb(0, 255, 195)",13,"rgb(102,237,193)",0.8580873883385156,-0.13225122747066873,0.026448490918272397
German (Deutsch),de,mintgrün,mintgrun,3,,23,"rgb(106,219,158)",0.8081502554940736,-0.12565110392443032,0.05149833590557806
German (Deutsch),de,mittelblau,mittelblau,17,"rgb(0, 129, 255)",16,"rgb(31,129,231)",0.6042537542074135,-0.048490584980938244,-0.1702391290385094
German (Deutsch),de,neonblau,neonblau,9,"rgb(0, 217, 255)",2,,,,
German (Deutsch),de,neongelb,neongelb,7,"rgb(217, 255, 0)",4,,,,
German (Deutsch),de,neongrün,neongrun,43,"rgb(0, 255, 28)",57,"rgb(97,244,80)",0.8554730424361265,-0.18686372123479125,0.1479739556618667
German (Deutsch),de,neonpink,neonpink,6,"rgb(255, 0, 208)",11,,,,
German (Deutsch),de,ocker,ocker,7,"rgb(255, 195, 0)",59,"rgb(200,159,66)",0.7227460574915119,0.009955041947039982,0.11956802328009797
German (Deutsch),de,okker,okker,5,"rgb(255, 176, 0)",4,,,,
German (Deutsch),de,olive,olive,0,,14,"rgb(139,149,66)",0.6439524685640653,-0.045821740752842365,0.09761838886431574
German (Deutsch),de,olivgrün,olivgrun,0,,34,"rgb(124,141,52)",0.6114300711988102,-0.05571605374107279,0.10109091808720988
German (Deutsch),de,orange,orange,212,"rgb(255, 142, 0)",123,"rgb(247,138,32)",0.7376764730467354,0.09188197315379469,0.14204329764391094
German (Deutsch),de,orangerot,orangerot,1,,13,"rgb(226,87,66)",0.6367907942013762,0.1513842389443735,0.09216862517785797
German (Deutsch),de,petrol,petrol,0,,31,"rgb(49,129,133)",0.5570857417057012,-0.0720510556051929,-0.02651302403244985
German (Deutsch),de,pink,pink,177,"rgb(255, 0, 173)",210,"rgb(241,59,179)",0.6631018215978975,0.2340170048178957,-0.06059022556816609
German (Deutsch),de,pinkrot,pinkrot,7,"rgb(255, 0, 95)",4,,,,
German (Deutsch),de,purpur,purpur,4,,19,"rgb(155,46,118)",0.48847247565628904,0.15706874465209975,-0.04431657024901926
German (Deutsch),de,rosa,rosa,32,"rgb(255, 0, 171)",134,"rgb(235,117,183)",0.7184666197508566,0.1590743176408243,-0.03491959931294593
German (Deutsch),de,rot,rot,180,"rgb(255, 0, 35)",160,"rgb(234,46,55)",0.6092361699630636,0.20111765928919484,0.09285610197669193
German (Deutsch),de,rotbraun,rotbraun,0,,34,"rgb(147,57,54)",0.46792387936162455,0.11131625819820866,0.05097764196806348
German (Deutsch),de,rot orange,rotorange,8,"rgb(255, 76, 0)",4,,,,
German (Deutsch),de,schwarz,schwarz,0,,105,"rgb(26,23,26)",0.20779270909474687,0.006569332656340434,-0.004939868917426534
German (Deutsch),de,senfgelb,senfgelb,7,"rgb(255, 210, 0)",13,"rgb(228,188,49)",0.808843840160678,-0.004228543794169317,0.15236063708601577
German (Deutsch),de,tannengrün,tannengrun,0,,15,"rgb(40,114,67)",0.49362279506273,-0.09333229450076279,0.048804338569840205
German (Deutsch),de,türkis,turkis,142,"rgb(0, 255, 229)",168,"rgb(64,225,204)",0.8238182073488481,-0.1333006987591006,-0.004261676082463936
German (Deutsch),de,türkisblau,turkisblau,5,"rgb(0, 238, 255)",5,,,,
German (Deutsch),de,türkisgrün,turkisgrun,9,"rgb(0, 255, 170)",12,"rgb(60,230,160)",0.8229251695542078,-0.15907692279078742,0.05570742606495697
German (Deutsch),de,violet,violet,7,"rgb(151, 0, 255)",18,"rgb(131,68,191)",0.5250042883753637,0.10486485861460582,-0.15354241179039566
German (Deutsch),de,violett,violett,33,"rgb(175, 0, 255)",173,"rgb(145,72,184)",0.542076175205963,0.11868872553469018,-0.13196166745316068
German (Deutsch),de,waldgrün,waldgrun,0,,38,"rgb(58,117,59)",0.5082460101186219,-0.08794908338876332,0.06403870581052921
German (Deutsch),de,weinrot,weinrot,0,,33,"rgb(147,45,78)",0.4592733674558932,0.13784625610796075,0.011669793921375992
German (Deutsch),de,zitronengelb,zitronengelb,7,"rgb(241, 255, 0)",1,,,,
Greek (modern) (ελληνικά),el,ανοιχτό μπλε,ανοιχτομπλε,5,"rgb(0, 155, 255)",4,,,,
Greek (modern) (ελληνικά),el,ανοιχτό πράσινο,ανοιχτοπρασινο,18,"rgb(63, 255, 0)",5,,,,
Greek (modern) (ελληνικά),el,βυσσινί,βυσσινι,6,"rgb(255, 0, 90)",0,,,,
Greek (modern) (ελληνικά),el,γαλάζιο,γαλαζιο,84,"rgb(0, 201, 255)",5,,,,
Greek (modern) (ελληνικά),el,γαλαζοπράσινο,γαλαζοπρασινο,7,"rgb(0, 255, 198)",1,,,,
Greek (modern) (ελληνικά),el,θαλασσί,θαλασσι,11,"rgb(0, 202, 255)",2,,,,
Greek (modern) (ελληνικά),el,κίτρινο,κιτρινο,48,"rgb(255, 236, 0)",4,,,,
Greek (modern) (ελληνικά),el,κόκκινο,κοκκινο,70,"rgb(255, 0, 45)",3,,,,
Greek (modern) (ελληνικά),el,κυανό,κυανο,8,"rgb(0, 237, 255)",2,,,,
Greek (modern) (ελληνικά),el,λαχανί,λαχανι,40,"rgb(51, 255, 0)",5,,,,
Greek (modern) (ελληνικά),el,ματζεντα,ματζεντα,6,"rgb(255, 0, 238)",2,,,,
Greek (modern) (ελληνικά),el,μουσταρδί,μουσταρδι,10,"rgb(255, 194, 0)",4,,,,
Greek (modern) (ελληνικά),el,μπλε,μπλε,127,"rgb(0, 93, 255)",4,,,,
Greek (modern) (ελληνικά),el,μπλε σκούρο,μπλεσκουρο,6,"rgb(0, 81, 255)",2,,,,
Greek (modern) (ελληνικά),el,μωβ,μωβ,53,"rgb(180, 0, 255)",14,"rgb(166,42,232)",0.5723076464034206,0.16734805267509856,-0.20214173927081122
Greek (modern) (ελληνικά),el,πορτοκαλί,πορτοκαλι,82,"rgb(255, 138, 0)",3,,,,
Greek (modern) (ελληνικά),el,πράσινο,πρασινο,72,"rgb(0, 255, 54)",7,,,,
Greek (modern) (ελληνικά),el,ροζ,ροζ,37,"rgb(255, 0, 175)",12,"rgb(249,65,179)",0.6795746094849983,0.2359900504841856,-0.05177046247402962
Greek (modern) (ελληνικά),el,σκουρο μπλε,σκουρομπλε,7,"rgb(0, 60, 255)",6,,,,
Greek (modern) (ελληνικά),el,τιρκουάζ,τιρκουαζ,45,"rgb(0, 255, 231)",3,,,,
Greek (modern) (ελληνικά),el,φούξια,φουξια,59,"rgb(255, 0, 187)",7,,,,
Gujarati (ગુજરાતી),gu,kalo,કાળો,0,,18,"rgb(26,23,34)",0.2138532340130345,0.009310517810329216,-0.018790852317597757
Gujarati (ગુજરાતી),gu,gulabi,ગુલાબી,10,"rgb(255, 0, 231)",26,"rgb(228,84,190)",0.6710354238560874,0.19761747565004326,-0.07241825918760861
Gujarati (ગુજરાતી),gu,jambli,જાંબલી,1,,29,"rgb(130,60,172)",0.5009391769729541,0.11411008783723925,-0.13424539146607692
Gujarati (ગુજરાતી),gu,popti,પોપટી,1,,12,"rgb(100,204,83)",0.7565046243219193,-0.1447827393013126,0.11761381679443807
Gujarati (ગુજરાતી),gu,bhuro,ભૂરો,0,,14,"rgb(113,98,106)",0.5134733123715308,0.021426079793770203,-0.005496366651880939
Gujarati (ગુજરાતી),gu,lilo,લીલો,2,,26,"rgb(92,166,93)",0.6591576782820779,-0.10510932340813053,0.07527477478191238
Gujarati (ગુજરાતી),gu,vadli,વાદળી,5,,14,"rgb(60,133,214)",0.6098542316757865,-0.04158309719746607,-0.13674521050543675
Hebrew (modern) (עברית),he,אדום,אדום,45,"rgb(255, 0, 36)",3,,,,
Hebrew (modern) (עברית),he,ורוד,ורוד,48,"rgb(255, 0, 169)",7,,,,
Hebrew (modern) (עברית),he,ורוד פוקסיה,ורודפוקסיה,12,"rgb(255, 0, 200)",0,,,,
Hebrew (modern) (עברית),he,טורקיז,טורקיז,34,"rgb(0, 255, 211)",1,,,,
Hebrew (modern) (עברית),he,ירוק,ירוק,60,"rgb(0, 255, 53)",10,,,,
Hebrew (modern) (עברית),he,ירוק בהיר,ירוקבהיר,7,"rgb(69, 255, 0)",3,,,,
Hebrew (modern) (עברית),he,ירקרק,ירקרק,10,"rgb(0, 255, 60)",0,,,,
Hebrew (modern) (עברית),he,כחול,כחול,78,"rgb(0, 94, 255)",7,,,,
Hebrew (modern) (עברית),he,כחול בהיר,כחולבהיר,11,"rgb(0, 172, 255)",0,,,,
Hebrew (modern) (עברית),he,כחול רויאל,כחולרויאל,5,"rgb(0, 55, 255)",0,,,,
Hebrew (modern) (עברית),he,כתום,כתום,46,"rgb(255, 137, 0)",0,,,,
Hebrew (modern) (עברית),he,מג'נטה,מג'נטה,5,"rgb(255, 0, 224)",1,,,,
Hebrew (modern) (עברית),he,סגול,סגול,31,"rgb(179, 0, 255)",19,"rgb(154,49,221)",0.5551591734952617,0.14964816582036153,-0.19268303424007086
Hebrew (modern) (עברית),he,פוקסיה,פוקסיה,8,"rgb(255, 0, 173)",0,,,,
Hebrew (modern) (עברית),he,צהוב,צהוב,47,"rgb(255, 243, 0)",1,,,,
Hebrew (modern) (עברית),he,תכלת,תכלת,52,"rgb(0, 210, 255)",2,,,,
"Hindi (हिन्दी, हिंदी)",hi,asmani,आसमानी,4,,32,"rgb(107,176,227)",0.7311760770047522,-0.047547520367533146,-0.09064059853592549
"Hindi (हिन्दी, हिंदी)",hi,asmani nila,आसमानीनीला,0,,12,"rgb(102,178,223)",0.7324346170761208,-0.05529679719056593,-0.08346082589458965
"Hindi (हिन्दी, हिंदी)",hi,kala,काला,0,,100,"rgb(26,23,28)",0.20902449190781136,0.008062574709947545,-0.008834502580546208
"Hindi (हिन्दी, हिंदी)",hi,gehra neela,गहरानीला,0,,27,"rgb(34,41,124)",0.3328429387055725,0.006012288317001241,-0.1391370938709404
"Hindi (हिन्दी, हिंदी)",hi,gehra baigani,गहराबैंगनी,0,,13,"rgb(89,43,132)",0.39831506870012234,0.0806378025499627,-0.11876623012037985
"Hindi (हिन्दी, हिंदी)",hi,gehra hara,गहराहरा,0,,25,"rgb(50,108,78)",0.48249056560280595,-0.0731079796634493,0.02799678263492138
"Hindi (हिन्दी, हिंदी)",hi,गाढ़ा हरा,गाढाहरा,0,,16,"rgb(73,126,63)",0.5389139377616062,-0.08376452654741666,0.06873090979038421
"Hindi (हिन्दी, हिंदी)",hi,gulabi,गुलाबी,26,"rgb(255, 0, 203)",182,"rgb(221,97,182)",0.6730269414795604,0.1729617055854222,-0.05781520375999221
"Hindi (हिन्दी, हिंदी)",hi,jamuni,जामुनी,0,,34,"rgb(131,72,163)",0.5132734419818988,0.0997915543980886,-0.11010576114737677
"Hindi (हिन्दी, हिंदी)",hi,narangi,नारंगी,12,"rgb(255, 142, 0)",37,"rgb(230,123,64)",0.6939215331454889,0.10181975216701063,0.11113565388223665
"Hindi (हिन्दी, हिंदी)",hi,neela,नीला,69,"rgb(0, 142, 255)",228,"rgb(61,112,206)",0.5597411980329422,-0.023902637634237483,-0.1536683105827995
"Hindi (हिन्दी, हिंदी)",hi,peela,पीला,20,"rgb(255, 227, 0)",63,"rgb(235,208,81)",0.8573723356244383,-0.018594222495419217,0.145104073781749
"Hindi (हिन्दी, हिंदी)",hi,firozi,फिरोजी,1,,18,"rgb(79,201,214)",0.7734865633812791,-0.09855520021533509,-0.045532907389452947
"Hindi (हिन्दी, हिंदी)",hi,बैंगनी,बैंगनी,5,,197,"rgb(129,70,170)",0.510795441823563,0.10025028791504316,-0.12315611710881204
"Hindi (हिन्दी, हिंदी)",hi,bhura,भूरा,0,,119,"rgb(128,83,65)",0.4866819283605023,0.04973205376694454,0.04462482216992135
"Hindi (हिन्दी, हिंदी)",hi,mehndi,मेंहदी,0,,18,"rgb(110,117,44)",0.5417024426064778,-0.040824002564324426,0.08863563845282567
"Hindi (हिन्दी, हिंदी)",hi,rani,रानी,0,,22,"rgb(194,54,135)",0.5665360025014997,0.18922831301199458,-0.03471401477914197
"Hindi (हिन्दी, हिंदी)",hi,laal,लाल,21,"rgb(255, 0, 46)",53,"rgb(210,52,62)",0.5726163685115057,0.1795168089339918,0.07462772313774292
"Hindi (हिन्दी, हिंदी)",hi,saleti,सलेटी,0,,17,"rgb(130,142,148)",0.6384948066095177,-0.010093239950624944,-0.012473747418009969
"Hindi (हिन्दी, हिंदी)",hi,hara,हरा,35,"rgb(0, 255, 84)",250,"rgb(99,183,106)",0.7074668390148942,-0.11393361558312746,0.07809473623111204
"Hindi (हिन्दी, हिंदी)",hi,halka gulabi,हलकागुलाबी,0,,13,"rgb(229,141,198)",0.7506302062338082,0.12130505496133961,-0.040975436515379146
"Hindi (हिन्दी, हिंदी)",hi,halka neela,हलकानीला,0,,13,"rgb(116,154,206)",0.6777151708742751,-0.020632916031536018,-0.08686687967830703
"Hindi (हिन्दी, हिंदी)",hi,halka baingani,हलकाबैंगनी,0,,35,"rgb(164,120,211)",0.6530338433529405,0.07995881426745657,-0.11277694737481636
"Hindi (हिन्दी, हिंदी)",hi,halka hara,हलकाहरा,0,,27,"rgb(141,211,138)",0.8012571349982518,-0.09883648141335903,0.07349091262647728
Hungarian (magyar),hu,bíbor,bibor,5,"rgb(255, 0, 160)",0,,,,
Hungarian (magyar),hu,ciklámen,ciklamen,13,"rgb(255, 0, 151)",0,,,,
Hungarian (magyar),hu,citromsárga,citromsarga,12,"rgb(255, 245, 0)",1,,,,
Hungarian (magyar),hu,égszínkék,egszinkek,6,"rgb(0, 186, 255)",0,,,,
Hungarian (magyar),hu,kék,kek,120,"rgb(0, 128, 255)",7,,,,
Hungarian (magyar),hu,kékeszöld,kekeszold,12,"rgb(0, 255, 161)",2,,,,
Hungarian (magyar),hu,királykék,kiralykek,9,"rgb(0, 32, 255)",2,,,,
Hungarian (magyar),hu,lila,lila,51,"rgb(209, 0, 255)",9,,,,
Hungarian (magyar),hu,magenta,magenta,25,"rgb(255, 0, 166)",1,,,,
Hungarian (magyar),hu,napsárga,napsarga,5,"rgb(255, 220, 0)",0,,,,
Hungarian (magyar),hu,narancs,narancs,14,"rgb(255, 138, 0)",0,,,,
Hungarian (magyar),hu,narancssárga,narancssarga,37,"rgb(255, 144, 0)",2,,,,
Hungarian (magyar),hu,neonzöld,neonzold,11,"rgb(92, 255, 0)",2,,,,
Hungarian (magyar),hu,okker,okker,5,"rgb(255, 156, 0)",0,,,,
Hungarian (magyar),hu,pink,pink,13,"rgb(255, 0, 156)",0,,,,
Hungarian (magyar),hu,piros,piros,49,"rgb(255, 0, 42)",1,,,,
Hungarian (magyar),hu,rózsaszín,rozsaszin,21,"rgb(255, 0, 177)",7,,,,
Hungarian (magyar),hu,sárga,sarga,38,"rgb(255, 241, 0)",2,,,,
Hungarian (magyar),hu,sötétkék,sotetkek,16,"rgb(0, 17, 255)",4,,,,
Hungarian (magyar),hu,türkiz,turkiz,20,"rgb(0, 255, 236)",2,,,,
Hungarian (magyar),hu,türkizkék,turkizkek,9,"rgb(0, 247, 255)",0,,,,
Hungarian (magyar),hu,világoskék,vilagoskek,24,"rgb(0, 194, 255)",1,,,,
Hungarian (magyar),hu,világoszöld,vilagoszold,10,"rgb(0, 255, 66)",3,,,,
Hungarian (magyar),hu,vörös,voros,10,"rgb(255, 0, 48)",0,,,,
Hungarian (magyar),hu,zöld,zold,59,"rgb(0, 255, 50)",6,,,,
Indonesian (Bahasa Indonesia),id,biru,biru,57,"rgb(0, 126, 255)",10,,,,
Indonesian (Bahasa Indonesia),id,biru langit,birulangit,11,"rgb(0, 202, 255)",1,,,,
Indonesian (Bahasa Indonesia),id,biru laut,birulaut,6,"rgb(0, 105, 255)",0,,,,
Indonesian (Bahasa Indonesia),id,biru muda,birumuda,72,"rgb(0, 206, 255)",6,,,,
Indonesian (Bahasa Indonesia),id,biru tua,birutua,46,"rgb(0, 72, 255)",13,"rgb(20,78,237)",0.5058119838900633,-0.025795753472529517,-0.2437050236568936
Indonesian (Bahasa Indonesia),id,hijau,hijau,44,"rgb(0, 255, 72)",14,"rgb(86,239,102)",0.8427316137431708,-0.18108043528225773,0.12694897547536074
Indonesian (Bahasa Indonesia),id,hijau muda,hijaumuda,38,"rgb(0, 255, 71)",5,,,,
Indonesian (Bahasa Indonesia),id,hijau neon,hijauneon,7,"rgb(0, 255, 75)",0,,,,
Indonesian (Bahasa Indonesia),id,jingga,jingga,11,"rgb(255, 139, 0)",0,,,,
Indonesian (Bahasa Indonesia),id,kuning,kuning,44,"rgb(255, 239, 0)",4,,,,
Indonesian (Bahasa Indonesia),id,magenta,magenta,17,"rgb(255, 0, 156)",5,,,,
Indonesian (Bahasa Indonesia),id,merah,merah,52,"rgb(255, 0, 38)",5,,,,
Indonesian (Bahasa Indonesia),id,merah jambu,merahjambu,12,"rgb(255, 0, 175)",0,,,,
Indonesian (Bahasa Indonesia),id,merah muda,merahmuda,21,"rgb(255, 0, 169)",4,,,,
Indonesian (Bahasa Indonesia),id,nila,nila,5,"rgb(255, 0, 176)",1,,,,
Indonesian (Bahasa Indonesia),id,oranye,oranye,30,"rgb(255, 135, 0)",3,,,,
Indonesian (Bahasa Indonesia),id,oranye muda,oranyemuda,5,"rgb(255, 174, 0)",0,,,,
Indonesian (Bahasa Indonesia),id,oren,oren,6,"rgb(255, 139, 0)",1,,,,
Indonesian (Bahasa Indonesia),id,pink,pink,29,"rgb(255, 0, 186)",7,,,,
Indonesian (Bahasa Indonesia),id,ungu,ungu,39,"rgb(174, 0, 255)",15,"rgb(166,46,235)",0.5781146302483966,0.16471084812307155,-0.20385119738303445
Indonesian (Bahasa Indonesia),id,ungu muda,ungumuda,8,"rgb(255, 0, 245)",6,,,,
Italian (italiano),it,acquamarina,acquamarina,13,"rgb(0, 255, 230)",2,,,,
Italian (italiano),it,arancione,arancione,140,"rgb(255, 136, 0)",11,,,,
Italian (italiano),it,arancione chiaro,arancionechiaro,9,"rgb(255, 186, 0)",0,,,,
Italian (italiano),it,arancione scuro,arancionescuro,7,"rgb(255, 94, 0)",1,,,,
Italian (italiano),it,azzurro,azzurro,175,"rgb(0, 202, 255)",22,"rgb(24,199,251)",0.7730260394643056,-0.10029792508126838,-0.10461315095708527
Italian (italiano),it,azzurro chiaro,azzurrochiaro,8,"rgb(0, 224, 255)",1,,,,
Italian (italiano),it,azzurro cielo,azzurrocielo,6,"rgb(0, 224, 255)",2,,,,
Italian (italiano),it,azzurro scuro,azzurroscuro,18,"rgb(0, 134, 255)",1,,,,
Italian (italiano),it,blu,blu,171,"rgb(0, 83, 255)",37,"rgb(21,87,243)",0.5278729788698663,-0.02843906671235931,-0.23893942621127368
Italian (italiano),it,blu chiaro,bluchiaro,22,"rgb(0, 128, 255)",1,,,,
Italian (italiano),it,blu elettrico,bluelettrico,13,"rgb(0, 77, 255)",9,,,,
Italian (italiano),it,blu scuro,bluscuro,15,"rgb(0, 34, 255)",11,,,,
Italian (italiano),it,celeste,celeste,35,"rgb(0, 217, 255)",5,,,,
Italian (italiano),it,ciano,ciano,34,"rgb(0, 227, 255)",4,,,,
Italian (italiano),it,fucsia,fucsia,136,"rgb(255, 0, 188)",34,"rgb(247,44,190)",0.6672068484465098,0.2524040121248811,-0.07834891172399872
Italian (italiano),it,giallo,giallo,104,"rgb(255, 241, 0)",12,"rgb(249,236,31)",0.9237581899649728,-0.050715711516074194,0.18481234536086968
Italian (italiano),it,giallo limone,giallolimone,8,"rgb(224, 255, 0)",1,,,,
Italian (italiano),it,giallo ocra,gialloocra,7,"rgb(255, 194, 0)",4,,,,
Italian (italiano),it,giallo scuro,gialloscuro,16,"rgb(255, 212, 0)",0,,,,
Italian (italiano),it,grigio,grigio,0,,14,"rgb(139,144,151)",0.6508649557850691,-0.0030460388268899524,-0.012072824977997169
Italian (italiano),it,indaco,indaco,18,"rgb(0, 89, 255)",10,,,,
Italian (italiano),it,lilla,lilla,7,,17,"rgb(199,121,219)",0.6949325573561723,0.12110688365786214,-0.10433545394470434
Italian (italiano),it,lime,lime,24,"rgb(147, 255, 0)",2,,,,
Italian (italiano),it,magenta,magenta,75,"rgb(255, 0, 156)",9,,,,
Italian (italiano),it,marrone,marrone,1,,25,"rgb(121,75,58)",0.4619038641140818,0.0507507423390136,0.04574033460470657
Italian (italiano),it,nero,nero,0,,43,"rgb(25,20,25)",0.20012282525760602,0.010891638235031635,-0.0066658516480285444
Italian (italiano),it,ocra,ocra,14,"rgb(255, 190, 0)",8,,,,
Italian (italiano),it,porpora,porpora,9,"rgb(255, 0, 149)",3,,,,
Italian (italiano),it,rosa,rosa,17,"rgb(255, 0, 148)",38,"rgb(234,111,179)",0.7074550975416347,0.16611434437374756,-0.03472207111560501
Italian (italiano),it,rosso,rosso,133,"rgb(255, 0, 37)",15,"rgb(251,29,51)",0.6301460235567501,0.22234596020263334,0.10245671219297374
Italian (italiano),it,rosso carminio,rossocarminio,6,"rgb(255, 0, 78)",1,,,,
Italian (italiano),it,turchese,turchese,22,"rgb(0, 222, 255)",2,,,,
Italian (italiano),it,verde,verde,131,"rgb(0, 255, 51)",54,"rgb(85,230,87)",0.817775857972253,-0.1785251864606005,0.13271208960450434
Italian (italiano),it,verde acceso,verdeacceso,6,"rgb(0, 255, 26)",2,,,,
Italian (italiano),it,verde acido,verdeacido,10,"rgb(184, 255, 0)",2,,,,
Italian (italiano),it,verde acqua,verdeacqua,78,"rgb(0, 255, 184)",19,"rgb(40,247,184)",0.8670508692361784,-0.16893846369704357,0.04273502342193883
Italian (italiano),it,verde brillante,verdebrillante,7,"rgb(0, 255, 63)",1,,,,
Italian (italiano),it,verde chiaro,verdechiaro,39,"rgb(0, 255, 11)",13,"rgb(115,247,90)",0.8698690012430175,-0.17680625727274504,0.1449531378627827
Italian (italiano),it,verde limone,verdelimone,8,"rgb(172, 255, 0)",0,,,,
Italian (italiano),it,verde mare,verdemare,5,"rgb(0, 255, 176)",0,,,,
Italian (italiano),it,verde pisello,verdepisello,12,"rgb(122, 255, 0)",2,,,,
Italian (italiano),it,verde scuro,verdescuro,0,,13,"rgb(39,83,59)",0.4024627163795943,-0.05890778669178914,0.023753898529998704
Italian (italiano),it,viola,viola,119,"rgb(185, 0, 255)",69,"rgb(160,50,221)",0.5628324082986075,0.15672575287853294,-0.18723483966906246
Italian (italiano),it,viola scuro,violascuro,4,,13,"rgb(99,44,144)",0.420541171094856,0.0922046055127395,-0.1294242430359148
Italian (italiano),it,violetto,violetto,27,"rgb(232, 0, 255)",14,"rgb(197,67,226)",0.6285218179692387,0.18536127522796128,-0.15817515241104804
Japanese (日本語 (にほんご)),ja,青,あお,22,"rgb(0, 104, 255)",2,,,,
Japanese (日本語 (にほんご)),ja,赤,あか,15,"rgb(255, 0, 36)",0,,,,
Japanese (日本語 (にほんご)),ja,黄色,き,13,"rgb(255, 226, 0)",0,,,,
Japanese (日本語 (にほんご)),ja,きみどり,きみとり,10,"rgb(97, 255, 0)",0,,,,
Japanese (日本語 (にほんご)),ja,空色,そら,6,"rgb(0, 196, 255)",0,,,,
Japanese (日本語 (にほんご)),ja,橙,たいたい,8,"rgb(255, 140, 0)",0,,,,
Japanese (日本語 (にほんご)),ja,ピンク,ヒンク,8,"rgb(255, 0, 182)",1,,,,
Japanese (日本語 (にほんご)),ja,水色,みす,16,"rgb(0, 222, 255)",0,,,,
Japanese (日本語 (にほんご)),ja,緑,みとり,11,"rgb(0, 255, 58)",0,,,,
Japanese (日本語 (にほんご)),ja,紫,むらさき,14,"rgb(176, 0, 255)",1,,,,
Kannada (ಕನ್ನಡ),kn,gulabi,ಗುಲಾಬಿ,1,,16,"rgb(220,118,188)",0.7015762621236398,0.14325427969422805,-0.05185533159689143
Kannada (ಕನ್ನಡ),kn,neeli,ನೀಲಿ,2,,33,"rgb(59,108,193)",0.5417443065946885,-0.023959273068834892,-0.14003162362691704
Kannada (ಕನ್ನಡ),kn,nerale,ನೇರಳೆ,2,,25,"rgb(139,85,187)",0.5553740743054377,0.09440328173170853,-0.12733156901148296
Kannada (ಕನ್ನಡ),kn,hasiru,ಹಸಿರು,1,,36,"rgb(101,165,102)",0.6621385826523355,-0.09143691111854806,0.06571681562009046
"Korean (한국어, 조선어)",ko,갈색,갈,4,,406,"rgb(142,80,47)",0.4979612698798909,0.06393151437086679,0.07010506699091149
"Korean (한국어, 조선어)",ko,감색,감,3,,19,"rgb(133,98,104)",0.532691045320255,0.04619182256305194,0.004894963194889536
"Korean (한국어, 조선어)",ko,개나리색,개나리,25,"rgb(255, 212, 0)",32,"rgb(248,208,54)",0.8677350143433261,-0.00898694440586627,0.16351174900535814
"Korean (한국어, 조선어)",ko,검붉은색,검붉은,0,,16,"rgb(131,34,48)",0.4118324936179072,0.12539967711330624,0.03796368622276048
"Korean (한국어, 조선어)",ko,검정색,검정,0,,183,"rgb(34,31,36)",0.24430345105544635,0.006010908608381697,-0.006922924771204603
"Korean (한국어, 조선어)",ko,겨자색,겨자,8,"rgb(255, 197, 0)",65,"rgb(212,188,51)",0.792414805387198,-0.022970247108163335,0.14776621294273862
"Korean (한국어, 조선어)",ko,고동색,고동,0,,103,"rgb(106,66,46)",0.42206589725367644,0.04301794623043115,0.04708723107809282
"Korean (한국어, 조선어)",ko,곤색,곤,0,,24,"rgb(46,58,113)",0.3680065028797932,0.00342989148878405,-0.09572676769516882
"Korean (한국어, 조선어)",ko,국방색,국방,0,,20,"rgb(81,104,53)",0.4854053192771226,-0.05030001572929741,0.06271332139502743
"Korean (한국어, 조선어)",ko,군청색,군청,11,"rgb(0, 70, 255)",119,"rgb(49,63,154)",0.4129884766097795,0.0037808950120742967,-0.14748980799846734
"Korean (한국어, 조선어)",ko,귤색,귤,21,"rgb(255, 174, 0)",25,"rgb(246,166,46)",0.7856854257610264,0.04951319133635074,0.14730720235720843
"Korean (한국어, 조선어)",ko,금색,금,1,,33,"rgb(202,176,61)",0.7578693402830703,-0.014135188584300908,0.13305596261215952
"Korean (한국어, 조선어)",ko,꽃분홍색,꽃분홍,1,,25,"rgb(234,68,162)",0.6522631060153751,0.21591145970604902,-0.037940417960035604
"Korean (한국어, 조선어)",ko,남색,남,20,"rgb(0, 41, 255)",307,"rgb(41,52,139)",0.3723219437662973,0.004715934125052793,-0.14396403649927897
"Korean (한국어, 조선어)",ko,남보라색,남보라,2,,28,"rgb(80,54,163)",0.428415981445321,0.051471371424782045,-0.15832191226771147
"Korean (한국어, 조선어)",ko,네이비색,네이비,1,,13,"rgb(39,67,138)",0.4030895128390283,-0.010525304593939692,-0.12222166329729552
"Korean (한국어, 조선어)",ko,노랑색,노랑,141,"rgb(255, 237, 0)",178,"rgb(243,225,49)",0.8982910162926324,-0.04062757565471131,0.17351508853823383
"Korean (한국어, 조선어)",ko,녹색,녹,12,"rgb(0, 255, 60)",273,"rgb(74,161,72)",0.6345475660774902,-0.121047677204854,0.09129560051337521
"Korean (한국어, 조선어)",ko,녹두색,녹두,0,,12,"rgb(165,186,82)",0.7521972655049316,-0.06547031718962568,0.11561279323038555
"Korean (한국어, 조선어)",ko,다홍색,다홍,49,"rgb(255, 0, 63)",116,"rgb(233,62,80)",0.6237225141933432,0.1941265540253718,0.07068409114106888
"Korean (한국어, 조선어)",ko,라벤더색,라벤더,2,,13,"rgb(174,128,210)",0.6755766434242444,0.08035404064968142,-0.09853891030331938
"Korean (한국어, 조선어)",ko,라임색,라임,24,"rgb(160, 255, 0)",39,"rgb(172,239,69)",0.8763101722571587,-0.12883378269007517,0.15983674055576794
"Korean (한국어, 조선어)",ko,레몬색,레몬,6,"rgb(255, 255, 0)",18,"rgb(240,245,107)",0.9396000101551157,-0.05667847650456123,0.1490274555939504
"Korean (한국어, 조선어)",ko,마젠타색,마젠타,19,"rgb(255, 0, 188)",49,"rgb(220,54,164)",0.620899186829397,0.2179556867499167,-0.05793905480326977
"Korean (한국어, 조선어)",ko,민트색,민트,28,"rgb(0, 255, 191)",148,"rgb(111,233,194)",0.8533946703808144,-0.12274810491978684,0.022758252227569397
"Korean (한국어, 조선어)",ko,바다색,바다,17,"rgb(0, 153, 255)",33,"rgb(46,137,214)",0.6135888752809255,-0.05250838513088183,-0.13463725871463944
"Korean (한국어, 조선어)",ko,바이올렛색,바이올렛,1,,17,"rgb(142,84,202)",0.5672541527466124,0.09907445183107816,-0.14788605269744465
"Korean (한국어, 조선어)",ko,밝은 노란색,밝은노랑,9,"rgb(238, 255, 0)",1,,,,
"Korean (한국어, 조선어)",ko,밝은 녹색,밝은녹,5,"rgb(0, 255, 142)",20,"rgb(80,224,105)",0.8022655057890928,-0.16860726536892362,0.11203942920337759
"Korean (한국어, 조선어)",ko,밝은보라색,밝은보라,5,"rgb(215, 0, 255)",44,"rgb(172,65,219)",0.5893453908779772,0.15853178297625167,-0.16757644629190788
"Korean (한국어, 조선어)",ko,밝은연두색,밝은연두,12,"rgb(68, 255, 0)",35,"rgb(139,242,96)",0.8676803191510892,-0.1519699279004252,0.13857088585477048
"Korean (한국어, 조선어)",ko,밝은청록색,밝은청록,4,,15,"rgb(48,216,196)",0.7968323867132694,-0.13321479666033764,-0.006440003334131831
"Korean (한국어, 조선어)",ko,밝은 초록색,밝은초록,8,"rgb(0, 255, 100)",21,"rgb(82,239,113)",0.8423826500561581,-0.17876733255999613,0.11630846278383797
"Korean (한국어, 조선어)",ko,밝은파랑색,밝은파랑,20,"rgb(0, 164, 255)",21,"rgb(42,149,248)",0.6597530833273163,-0.055861463605273366,-0.16490938373276823
"Korean (한국어, 조선어)",ko,밝은 하늘색,밝은하늘,8,"rgb(0, 241, 255)",9,,,,
"Korean (한국어, 조선어)",ko,버건디색,버건디,0,,16,"rgb(149,40,57)",0.4526546400242697,0.13888723043081116,0.040318643251864725
"Korean (한국어, 조선어)",ko,베이지색,베이지,0,,68,"rgb(216,197,155)",0.8291155890737717,0.0034743311679458094,0.05909951511853128
"Korean (한국어, 조선어)",ko,벽돌색,벽돌,0,,33,"rgb(162,67,60)",0.5086730939683942,0.11313762733010371,0.058022498214179846
"Korean (한국어, 조선어)",ko,보라색,보라,163,"rgb(177, 0, 255)",801,"rgb(143,60,192)",0.5305768954467182,0.1298737082990491,-0.15376834322538294
"Korean (한국어, 조선어)",ko,분홍색,분홍,82,"rgb(255, 0, 190)",361,"rgb(237,104,187)",0.705009254512566,0.18005756516247326,-0.04896993445513589
"Korean (한국어, 조선어)",ko,붉은색,붉은,4,,18,"rgb(209,42,64)",0.5640810925706023,0.18795799469054275,0.06968970734493421
"Korean (한국어, 조선어)",ko,빨강색,빨강,184,"rgb(255, 0, 42)",287,"rgb(230,37,50)",0.5966765639637301,0.2031548555407332,0.09361067122242799
"Korean (한국어, 조선어)",ko,살색,살,0,,35,"rgb(237,186,156)",0.8261214621341952,0.0447196972656046,0.05589825885797699
"Korean (한국어, 조선어)",ko,살구색,살구,0,,90,"rgb(239,176,141)",0.807694917147723,0.055383360945105174,0.06767527297224578
"Korean (한국어, 조선어)",ko,상아색,상아,2,,34,"rgb(201,213,173)",0.8540220892793778,-0.028813593801330147,0.04723881382266521
"Korean (한국어, 조선어)",ko,선홍색,선홍,2,,12,"rgb(224,73,111)",0.625683334119034,0.1849454729669581,0.03010312421823622
"Korean (한국어, 조선어)",ko,소라색,소라,0,,18,"rgb(130,169,210)",0.7218843516927783,-0.025535802163567486,-0.06948521899787696
"Korean (한국어, 조선어)",ko,쑥색,쑥,0,,33,"rgb(92,125,74)",0.5512333924605152,-0.05999673795364558,0.060027837185362476
"Korean (한국어, 조선어)",ko,아이보리색,아이보리,0,,19,"rgb(216,210,196)",0.8639867370929842,0.0019118300795829663,0.019315319710786823
"Korean (한국어, 조선어)",ko,어두운 노란색,어두운노랑,5,"rgb(255, 218, 0)",4,,,,
"Korean (한국어, 조선어)",ko,어두운 보라색,어두운보라,0,,17,"rgb(96,59,121)",0.42517957319116784,0.06837109736476647,-0.08087100738265156
"Korean (한국어, 조선어)",ko,에메랄드색,에메랄드,42,"rgb(0, 255, 174)",129,"rgb(88,230,171)",0.8326610428846632,-0.1424098699402406,0.045367663467770616
"Korean (한국어, 조선어)",ko,연갈색,연갈,0,,78,"rgb(180,135,98)",0.6583112132594161,0.036635032135998516,0.06587274053039756
"Korean (한국어, 조선어)",ko,연남색,연남,0,,16,"rgb(90,120,183)",0.5779858857602019,-0.010772042579971108,-0.10337178036444747
"Korean (한국어, 조선어)",ko,연노랑색,연노랑,11,"rgb(240, 255, 0)",32,"rgb(234,241,115)",0.9287236829642727,-0.05541029733545273,0.13901549777360978
"Korean (한국어, 조선어)",ko,연녹색,연녹,7,"rgb(0, 255, 69)",93,"rgb(148,219,120)",0.8207472047953119,-0.11015717998821337,0.10097471450029713
"Korean (한국어, 조선어)",ko,연두색,연두,212,"rgb(91, 255, 0)",644,"rgb(132,230,84)",0.8358121132584726,-0.14880270916411403,0.13912728190855875
"Korean (한국어, 조선어)",ko,연보라색,연보라,10,"rgb(240, 0, 255)",387,"rgb(179,139,221)",0.7058078906068751,0.0730134008254207,-0.10029683375137295
"Korean (한국어, 조선어)",ko,연분홍색,연분홍,2,,81,"rgb(236,166,199)",0.8015670760652979,0.09069645830321281,-0.016501632077520423
"Korean (한국어, 조선어)",ko,연한연두색,연연두,1,,17,"rgb(175,236,143)",0.8797618165440683,-0.09723828226997851,0.09570509179773727
"Korean (한국어, 조선어)",ko,연자주색,연자주,3,,19,"rgb(191,91,179)",0.6242995212566176,0.14743835323693155,-0.0782018260861353
"Korean (한국어, 조선어)",ko,연주황색,연주황,8,"rgb(255, 169, 0)",19,"rgb(245,164,96)",0.7859006214198339,0.0646234269772687,0.11012938378004866
"Korean (한국어, 조선어)",ko,연청색,연청,1,,14,"rgb(88,158,192)",0.6654550067298765,-0.05449376077182906,-0.0676248130694402
"Korean (한국어, 조선어)",ko,연청록색,연청록,3,,26,"rgb(100,213,180)",0.7967305581038792,-0.11321436073847291,0.016902224550571096
"Korean (한국어, 조선어)",ko,연초록색,연초록,20,"rgb(0, 255, 117)",55,"rgb(112,221,128)",0.8096553834365238,-0.13740894865185824,0.08897100525235349
"Korean (한국어, 조선어)",ko,연파랑색,연파랑,42,"rgb(0, 169, 255)",42,"rgb(70,160,240)",0.6883984439264804,-0.05342852504783399,-0.13610617368267178
"Korean (한국어, 조선어)",ko,연핑크색,연핑크,1,,14,"rgb(233,169,208)",0.8070083711959434,0.0858129386479848,-0.02754011727730524
"Korean (한국어, 조선어)",ko,연하늘색,연하늘,11,"rgb(0, 250, 255)",26,"rgb(144,231,240)",0.8756998723448361,-0.07688571485492714,-0.03458233620599616
"Korean (한국어, 조선어)",ko,옅은보라색,옅은보라,1,,13,"rgb(159,120,213)",0.6483654400821302,0.07369995183315854,-0.11782694213347249
"Korean (한국어, 조선어)",ko,옅은파랑색,옅은파랑,9,"rgb(0, 132, 255)",7,,,,
"Korean (한국어, 조선어)",ko,오렌지색,오렌지,21,"rgb(255, 150, 0)",21,"rgb(247,145,38)",0.7494441429173775,0.08229429301246127,0.14243324535632423
"Korean (한국어, 조선어)",ko,옥색,옥,29,"rgb(0, 255, 199)",69,"rgb(89,226,187)",0.8263655499343543,-0.1299027700696481,0.019755559844849398
"Korean (한국어, 조선어)",ko,올리브색,올리브,0,,79,"rgb(134,145,64)",0.6305719127237331,-0.04665459521705195,0.09596383641742876
"Korean (한국어, 조선어)",ko,올리브그린색,올리브그린,0,,14,"rgb(115,133,45)",0.584949662047933,-0.05768410452454159,0.09963262475647305
"Korean (한국어, 조선어)",ko,와인색,와인,0,,26,"rgb(135,35,70)",0.42515847684872193,0.13694207541228318,0.008910738070443533
"Korean (한국어, 조선어)",ko,인디핑크색,인디핑크,0,,14,"rgb(214,150,175)",0.7432095920952689,0.08191002367635825,-0.007805831865754438
"Korean (한국어, 조선어)",ko,자두색,자두,4,,17,"rgb(196,60,112)",0.5671651767333875,0.17727347769306614,0.003826743808416009
"Korean (한국어, 조선어)",ko,자주색,자주,85,"rgb(255, 0, 201)",409,"rgb(181,49,140)",0.5436359007541716,0.18320119227139542,-0.056226842379451775
"Korean (한국어, 조선어)",ko,자홍색,자홍,12,"rgb(255, 0, 127)",36,"rgb(216,56,124)",0.6001894874682289,0.20220789970981923,-0.0011219729545047044
"Korean (한국어, 조선어)",ko,적색,적,0,,18,"rgb(161,43,52)",0.47574226578170187,0.14237620755400238,0.05539662787782573
"Korean (한국어, 조선어)",ko,적갈색,적갈,0,,68,"rgb(136,52,47)",0.44222047323102426,0.10382271610646501,0.05135774861660037
"Korean (한국어, 조선어)",ko,적보라색,적보라,0,,15,"rgb(148,65,140)",0.5108619731133676,0.12841571745711053,-0.07137608913305614
"Korean (한국어, 조선어)",ko,주홍색,주홍,13,"rgb(255, 63, 0)",15,"rgb(243,83,65)",0.6575570191907623,0.17267999266562326,0.09884555876365823
"Korean (한국어, 조선어)",ko,주황색,주황,179,"rgb(255, 130, 0)",244,"rgb(244,126,38)",0.715483646022533,0.10663623392435896,0.13413718924290602
"Korean (한국어, 조선어)",ko,진갈색,진갈,0,,29,"rgb(101,51,39)",0.382465624521926,0.061598685620456096,0.04289934450906824
"Korean (한국어, 조선어)",ko,진노랑색,진노랑,21,"rgb(255, 208, 0)",16,"rgb(243,195,34)",0.8364215322776717,-0.0005625025824410421,0.16444668484714806
"Korean (한국어, 조선어)",ko,진녹색,진녹,0,,98,"rgb(50,102,52)",0.4608996512359694,-0.07832148853030241,0.05610965864526579
"Korean (한국어, 조선어)",ko,진다홍색,진다홍,5,"rgb(255, 0, 80)",0,,,,
"Korean (한국어, 조선어)",ko,진달래색,진달래,6,"rgb(255, 0, 164)",18,"rgb(235,77,171)",0.6667528079669448,0.20871994058374962,-0.04492133790274161
"Korean (한국어, 조선어)",ko,진보라색,진보라,4,,119,"rgb(104,49,133)",0.4248260759491682,0.09441033932437738,-0.10526395807455445
"Korean (한국어, 조선어)",ko,진분홍색,진분홍,45,"rgb(255, 0, 155)",132,"rgb(226,67,157)",0.63712855773643,0.20905286334091427,-0.036163617761209806
"Korean (한국어, 조선어)",ko,진빨강색,진빨강,5,"rgb(255, 0, 71)",21,"rgb(177,33,47)",0.49553582490560355,0.16515771090886427,0.0676298778422464
"Korean (한국어, 조선어)",ko,진연두색,진연두,14,"rgb(0, 255, 100)",24,"rgb(89,215,87)",0.7816606964414503,-0.16229833419507383,0.12226094860428212
"Korean (한국어, 조선어)",ko,진주황색,진주황,9,"rgb(255, 99, 0)",9,,,,
"Korean (한국어, 조선어)",ko,진청색,진청,0,,28,"rgb(21,67,152)",0.40656863238978996,-0.021899480018179263,-0.14621540067340524
"Korean (한국어, 조선어)",ko,진청록색,진청록,1,,14,"rgb(57,114,102)",0.5104189226011042,-0.0637831188091585,0.001829448380166132
"Korean (한국어, 조선어)",ko,진초록색,진초록,0,,60,"rgb(46,100,53)",0.45329741173003346,-0.07894010059352158,0.05216437147532113
"Korean (한국어, 조선어)",ko,진파랑색,진파랑,22,"rgb(0, 48, 255)",40,"rgb(31,62,203)",0.4489968093725304,-0.013141535923186514,-0.2177892958155903
"Korean (한국어, 조선어)",ko,진하늘색,진하늘,18,"rgb(0, 171, 255)",21,"rgb(56,164,239)",0.6915434946671396,-0.06456339626533694,-0.13068219029642691
"Korean (한국어, 조선어)",ko,진홍색,진홍,17,"rgb(255, 0, 137)",31,"rgb(221,49,120)",0.6007862610766288,0.2114923380567861,0.005377885436561226
"Korean (한국어, 조선어)",ko,진회색,진회,0,,16,"rgb(89,94,96)",0.47913041191579536,-0.005970245431713026,-0.003740836967490521
"Korean (한국어, 조선어)",ko,짙은 갈색,짙은갈,0,,20,"rgb(90,47,34)",0.3584856394398438,0.05250703466834901,0.04108530165039033
"Korean (한국어, 조선어)",ko,짙은 남색,짙은남,0,,15,"rgb(31,33,95)",0.2887854471711136,0.01050003096298892,-0.1068543664148502
"Korean (한국어, 조선어)",ko,짙은 노랑색,짙은노랑,6,"rgb(255, 201, 0)",5,,,,
"Korean (한국어, 조선어)",ko,짙은녹색,짙은녹,0,,43,"rgb(64,107,60)",0.48378044818589533,-0.06967469901344713,0.05360490941078007
"Korean (한국어, 조선어)",ko,짙은보라색,짙은보라,0,,33,"rgb(96,45,112)",0.3967782296520102,0.08889323924341513,-0.08048866900975188
"Korean (한국어, 조선어)",ko,짙은분홍색,짙은분홍,12,"rgb(255, 0, 156)",22,"rgb(230,64,141)",0.6349512903328679,0.21067220592616187,-0.012714473963762223
"Korean (한국어, 조선어)",ko,짙은 연두색,짙은연두,1,,19,"rgb(107,171,57)",0.673998877230847,-0.11102006107318166,0.11484595082980147
"Korean (한국어, 조선어)",ko,짙은자주색,짙은자주,0,,14,"rgb(137,47,104)",0.4556913461025297,0.13298767296896735,-0.035765797556892784
"Korean (한국어, 조선어)",ko,짙은 초록색,짙은초록,0,,29,"rgb(39,105,57)",0.4643893891648371,-0.0874928047278767,0.05157010501783465
"Korean (한국어, 조선어)",ko,짙은파랑색,짙은파랑,13,"rgb(0, 30, 255)",21,"rgb(35,73,199)",0.4648978992758124,-0.015103117699364555,-0.20001553246215842
"Korean (한국어, 조선어)",ko,짙은풀색,짙은풀,0,,12,"rgb(66,84,47)",0.4197285027217858,-0.039044904343752525,0.04665664533908231
"Korean (한국어, 조선어)",ko,짙은 하늘색,짙은하늘,11,"rgb(0, 167, 255)",21,"rgb(50,166,222)",0.6879568117580116,-0.07476146321552933,-0.10494886322171246
"Korean (한국어, 조선어)",ko,짙은회색,짙은회,0,,12,"rgb(91,98,100)",0.49135828735313264,-0.00852321972987939,-0.00509984330590037
"Korean (한국어, 조선어)",ko,청색,청,11,"rgb(0, 79, 255)",41,"rgb(45,90,198)",0.5015736987321774,-0.018742020314003852,-0.17528520781571838
"Korean (한국어, 조선어)",ko,청록색,청록,42,"rgb(0, 255, 221)",352,"rgb(54,161,151)",0.6467633363750627,-0.09644805275447361,-0.009974035974166434
"Korean (한국어, 조선어)",ko,청보라색,청보라,1,,30,"rgb(95,62,206)",0.49115474756244587,0.058896415323157425,-0.2008025584133921
"Korean (한국어, 조선어)",ko,청회색,청회,0,,27,"rgb(103,135,156)",0.6059783499295173,-0.025121220100121213,-0.04177695422473316
"Korean (한국어, 조선어)",ko,초록색,초록,58,"rgb(0, 255, 83)",509,"rgb(65,179,77)",0.6785338734160742,-0.14313950719904242,0.09991296883628963
"Korean (한국어, 조선어)",ko,카키색,카키,0,,86,"rgb(117,127,65)",0.5728465605974834,-0.038939610585392664,0.07655554770959185
"Korean (한국어, 조선어)",ko,코랄색,코랄,0,,16,"rgb(221,130,127)",0.702857491109739,0.10502725426826054,0.04280311469912987
"Korean (한국어, 조선어)",ko,코발트블루색,코발트블루,3,,31,"rgb(41,85,208)",0.49680941443515475,-0.01723822593775901,-0.19622448929332723
"Korean (한국어, 조선어)",ko,탁한보라색,탁한보라,0,,15,"rgb(130,96,150)",0.5432222677956589,0.061142956741530356,-0.067047986685102
"Korean (한국어, 조선어)",ko,탁한분홍색,탁한분홍,0,,15,"rgb(200,136,158)",0.6963319072397186,0.08285916215366558,-0.003823714538730512
"Korean (한국어, 조선어)",ko,파랑색,파랑,340,"rgb(0, 99, 255)",620,"rgb(34,97,226)",0.5348850887413925,-0.027774139101537202,-0.20489193955955898
"Korean (한국어, 조선어)",ko,풀색,풀,6,"rgb(0, 255, 40)",169,"rgb(115,167,67)",0.6697206143307395,-0.09577766040025076,0.10557730686793076
"Korean (한국어, 조선어)",ko,핑크색,핑크,34,"rgb(255, 0, 189)",119,"rgb(239,85,186)",0.6850491194872981,0.20609049325960158,-0.05980480816683103
"Korean (한국어, 조선어)",ko,하늘색,하늘,244,"rgb(0, 215, 255)",399,"rgb(80,206,242)",0.7963906412559054,-0.09230610295895257,-0.07713210105869756
"Korean (한국어, 조선어)",ko,핫핑크색,핫핑크,34,"rgb(255, 0, 160)",80,"rgb(239,49,164)",0.6470000966748087,0.23811736371966624,-0.04467852662531945
"Korean (한국어, 조선어)",ko,형광색,형광,9,"rgb(91, 255, 0)",25,"rgb(153,246,94)",0.8841853280353911,-0.14560199961765743,0.14470997051537407
"Korean (한국어, 조선어)",ko,형광노랑색,형광노랑,5,"rgb(219, 255, 0)",12,"rgb(222,249,68)",0.9316906370928962,-0.09214186287387746,0.173002448783318
"Korean (한국어, 조선어)",ko,형광녹색,형광녹,7,"rgb(0, 255, 138)",33,"rgb(58,237,108)",0.8307768608794113,-0.18823629977139564,0.11808465883343007
"Korean (한국어, 조선어)",ko,형광보라색,형광보라,7,"rgb(237, 0, 255)",52,"rgb(174,54,233)",0.5936256365931428,0.16874785554030197,-0.19140820610155906
"Korean (한국어, 조선어)",ko,형광분홍색,형광분홍,3,,21,"rgb(241,54,207)",0.6722456941151155,0.24214068003754094,-0.10306873399883389
"Korean (한국어, 조선어)",ko,형광연두색,형광연두,42,"rgb(36, 255, 0)",89,"rgb(110,246,88)",0.8659496531016904,-0.17943725364851212,0.14522240118603147
"Korean (한국어, 조선어)",ko,형광초록색,형광초록,10,"rgb(0, 255, 80)",45,"rgb(67,241,94)",0.8418370745848718,-0.1937834270064633,0.13363553662727734
"Korean (한국어, 조선어)",ko,형광핑크색,형광핑크,8,"rgb(255, 0, 212)",15,"rgb(246,47,191)",0.6685076962476357,0.2494349142158379,-0.07820297636054917
"Korean (한국어, 조선어)",ko,형광하늘색,형광하늘,12,"rgb(0, 245, 255)",29,"rgb(68,234,241)",0.8568439965761407,-0.12423078743330526,-0.04312745602827181
"Korean (한국어, 조선어)",ko,황색,황,4,,15,"rgb(205,159,46)",0.727055061915746,0.01099478964297261,0.13422868293211235
"Korean (한국어, 조선어)",ko,황갈색,황갈,0,,27,"rgb(176,122,44)",0.620778827189011,0.03390675772183814,0.10802763219118586
"Korean (한국어, 조선어)",ko,황녹색,황녹,0,,12,"rgb(169,191,66)",0.7641135540264052,-0.0718878463394162,0.13165567350718477
"Korean (한국어, 조선어)",ko,황록색,황록,9,"rgb(104, 255, 0)",22,"rgb(165,194,81)",0.7680750267015612,-0.07571517773911632,0.12158932405934277
"Korean (한국어, 조선어)",ko,황토색,황토,6,"rgb(255, 188, 0)",188,"rgb(197,148,66)",0.6971392097630601,0.024816407113563917,0.11169648872427036
"Korean (한국어, 조선어)",ko,회색,회,0,,132,"rgb(149,153,157)",0.681586252851443,-0.004013649907740549,-0.0060762841983561106
"Korean (한국어, 조선어)",ko,회갈색,회갈,0,,12,"rgb(138,122,110)",0.590292112311377,0.014722772632895982,0.022946675906275398
"Korean (한국어, 조선어)",ko,회보라색,회보라,0,,15,"rgb(131,108,160)",0.573366541771339,0.045805971477328365,-0.06745770856357339
Lithuanian (lietuvių kalba),lt,geltona,geltona,26,"rgb(255, 233, 0)",0,,,,
Lithuanian (lietuvių kalba),lt,mėlyna,melyna,54,"rgb(0, 100, 255)",0,,,,
Lithuanian (lietuvių kalba),lt,oranžinė,oranzine,33,"rgb(255, 140, 0)",0,,,,
Lithuanian (lietuvių kalba),lt,purpurinė,purpurine,13,"rgb(255, 0, 176)",0,,,,
Lithuanian (lietuvių kalba),lt,raudona,raudona,25,"rgb(255, 0, 45)",0,,,,
Lithuanian (lietuvių kalba),lt,rožinė,rozine,24,"rgb(255, 0, 176)",0,,,,
Lithuanian (lietuvių kalba),lt,salotinė,salotine,18,"rgb(118, 255, 0)",0,,,,
Lithuanian (lietuvių kalba),lt,tamsiai mėlyna,tamsiaimelyna,7,"rgb(0, 52, 255)",0,,,,
Lithuanian (lietuvių kalba),lt,violetinė,violetine,28,"rgb(194, 0, 255)",0,,,,
Lithuanian (lietuvių kalba),lt,žalia,zalia,21,"rgb(4, 255, 0)",0,,,,
Lithuanian (lietuvių kalba),lt,žalsva,zalsva,16,"rgb(0, 255, 162)",0,,,,
Lithuanian (lietuvių kalba),lt,žydra,zydra,42,"rgb(0, 217, 255)",0,,,,
Macedonian (македонски јазик),mk,виолетова,виолетова,9,"rgb(185, 0, 255)",1,,,,
Macedonian (македонски јазик),mk,жолта,жолта,10,"rgb(255, 246, 0)",0,,,,
Macedonian (македонски јазик),mk,зелена,зелена,22,"rgb(0, 255, 58)",0,,,,
Macedonian (македонски јазик),mk,портокалова,портокалова,9,"rgb(255, 126, 0)",0,,,,
Macedonian (македонски јазик),mk,светло сина,светлосина,7,"rgb(0, 194, 255)",2,,,,
Macedonian (македонски јазик),mk,сина,сина,21,"rgb(0, 174, 255)",1,,,,
Macedonian (македонски јазик),mk,темно сина,темносина,9,"rgb(0, 66, 255)",1,,,,
Macedonian (македонски јазик),mk,тиркизна,тиркизна,6,"rgb(0, 255, 245)",0,,,,
Macedonian (македонски јазик),mk,црвена,црвена,8,"rgb(255, 0, 26)",0,,,,
"Malay (bahasa Melayu, بهاس ملايو‎)",ms,biru,biru,62,"rgb(0, 137, 255)",4,,,,
"Malay (bahasa Melayu, بهاس ملايو‎)",ms,biru gelap,birugelap,7,"rgb(0, 58, 255)",1,,,,
"Malay (bahasa Melayu, بهاس ملايو‎)",ms,biru langit,birulangit,11,"rgb(0, 195, 255)",0,,,,
"Malay (bahasa Melayu, بهاس ملايو‎)",ms,biru muda,birumuda,12,"rgb(0, 200, 255)",0,,,,
"Malay (bahasa Melayu, بهاس ملايو‎)",ms,biru terang,biruterang,7,"rgb(0, 190, 255)",0,,,,
"Malay (bahasa Melayu, بهاس ملايو‎)",ms,hijau,hijau,50,"rgb(0, 255, 80)",5,,,,
"Malay (bahasa Melayu, بهاس ملايو‎)",ms,hijau muda,hijaumuda,9,"rgb(0, 255, 37)",1,,,,
"Malay (bahasa Melayu, بهاس ملايو‎)",ms,jingga,jingga,15,"rgb(255, 118, 0)",0,,,,
"Malay (bahasa Melayu, بهاس ملايو‎)",ms,kuning,kuning,24,"rgb(255, 234, 0)",1,,,,
"Malay (bahasa Melayu, بهاس ملايو‎)",ms,merah,merah,33,"rgb(255, 0, 45)",1,,,,
"Malay (bahasa Melayu, بهاس ملايو‎)",ms,merah jambu,merahjambu,30,"rgb(255, 0, 165)",3,,,,
"Malay (bahasa Melayu, بهاس ملايو‎)",ms,oren,oren,18,"rgb(255, 137, 0)",1,,,,
"Malay (bahasa Melayu, بهاس ملايو‎)",ms,pink,pink,8,"rgb(255, 0, 161)",1,,,,
"Malay (bahasa Melayu, بهاس ملايو‎)",ms,ungu,ungu,19,"rgb(198, 0, 255)",2,,,,
Malayalam (മലയാളം),ml,orange,ഓറഞച,5,"rgb(255, 116, 0)",9,,,,
Malayalam (മലയാളം),ml,kadum neela,കടുംനീല,3,,12,"rgb(59,60,166)",0.42403267804995415,0.01836846348934165,-0.16475423920777563
Malayalam (മലയാളം),ml,കറുപ്പ്,കറുപപ,0,,12,"rgb(21,22,30)",0.20326746198081633,0.0031133592842123568,-0.015029841187387571
Malayalam (മലയാളം),ml,chuvappu,ചുവപപ,9,"rgb(255, 0, 59)",7,,,,
Malayalam (മലയാളം),ml,neela,നീല,17,"rgb(0, 135, 255)",51,"rgb(68,130,212)",0.6044402655622304,-0.03342080714991362,-0.1368446651291012
Malayalam (മലയാളം),ml,pacha,പചച,10,"rgb(0, 255, 93)",39,"rgb(102,187,101)",0.7176485137491334,-0.11812176143399065,0.08743462489647329
Malayalam (മലയാളം),ml,purple,പർപപിൾ,1,,24,"rgb(135,68,169)",0.5143319207380588,0.11063941770188855,-0.12060371374334869
Malayalam (മലയാളം),ml,pink,പിങക,4,,22,"rgb(233,111,196)",0.7119348602568074,0.1690571917217928,-0.05973634137287668
Malayalam (മലയാളം),ml,manja,മഞഞ,6,"rgb(255, 212, 0)",9,,,,
Marathi (Marāṭhī) (मराठी),mr,akashi,आकाशी,3,,15,"rgb(108,182,239)",0.7495338447681151,-0.049441522721384946,-0.09901550770667225
Marathi (Marāṭhī) (मराठी),mr,kala,काळा,0,,20,"rgb(26,23,22)",0.20709664169933434,0.005166955115407398,0.0030666566102334723
Marathi (Marāṭhī) (मराठी),mr,gulabi,गुलाबी,6,"rgb(255, 0, 220)",59,"rgb(217,95,179)",0.6631895273103253,0.17074352536775728,-0.05828076908060604
Marathi (Marāṭhī) (मराठी),mr,jambhala,जांभळा,3,,68,"rgb(125,72,171)",0.5104023933403806,0.09161171451435819,-0.1252076703197359
Marathi (Marāṭhī) (मराठी),mr,narangi,नारिंगी,2,,13,"rgb(241,139,83)",0.73563534017331,0.09476107647696959,0.10663000825562112
Marathi (Marāṭhī) (मराठी),mr,nila,निळा,10,"rgb(0, 105, 255)",65,"rgb(62,107,193)",0.5406682812702108,-0.020269479827342556,-0.14232110001429274
Marathi (Marāṭhī) (मराठी),mr,पिवळा,पिवळा,2,,12,"rgb(239,228,117)",0.9056880111200962,-0.03229089217891855,0.12991941246002114
Marathi (Marāṭhī) (मराठी),mr,popti,पोपटी,5,"rgb(162, 255, 0)",13,"rgb(142,232,90)",0.8457329800366926,-0.14166621071479624,0.13708357546525557
Marathi (Marāṭhī) (मराठी),mr,rakhadi,राखाडी,0,,12,"rgb(126,133,128)",0.6092055076101336,-0.010760780034116478,0.004674017919128859
Marathi (Marāṭhī) (मराठी),mr,laal,लाल,3,,12,"rgb(205,57,73)",0.5693258639053302,0.17275787265813053,0.061565003033321034
Marathi (Marāṭhī) (मराठी),mr,hirva,हिरवा,2,,53,"rgb(103,164,96)",0.6584162841490349,-0.09125959172087185,0.07109957741674822
Nepali (नेपाली),ne,गुलाबि,गुलाबि,3,,14,"rgb(229,90,157)",0.6658263772689154,0.18394462996638095,-0.02207324242241359
Nepali (नेपाली),ne,nilo,निलो,16,,13,"rgb(38,138,210)",0.6126904207159659,-0.05825035795994414,-0.12706842048510286
Nepali (नेपाली),ne,hariyo,हरीयो,9,,18,"rgb(94,198,92)",0.7393651074082002,-0.1396521598491121,0.10423012375059762
Norwegian Bokmål (Norsk bokmål),nb,blå,bla,81,"rgb(0, 125, 255)",7,,,,
Norwegian Bokmål (Norsk bokmål),nb,grønn,grønn,55,"rgb(0, 255, 82)",5,,,,
Norwegian Bokmål (Norsk bokmål),nb,gul,gul,37,"rgb(255, 233, 0)",1,,,,
Norwegian Bokmål (Norsk bokmål),nb,himmelblå,himmelbla,11,"rgb(0, 181, 255)",0,,,,
Norwegian Bokmål (Norsk bokmål),nb,kongeblå,kongebla,8,"rgb(0, 53, 255)",0,,,,
Norwegian Bokmål (Norsk bokmål),nb,lilla,lilla,31,"rgb(186, 0, 255)",9,,,,
Norwegian Bokmål (Norsk bokmål),nb,lime,lime,9,"rgb(152, 255, 0)",0,,,,
Norwegian Bokmål (Norsk bokmål),nb,limegrønn,limegrønn,8,"rgb(121, 255, 0)",2,,,,
Norwegian Bokmål (Norsk bokmål),nb,lys blå,lysbla,6,"rgb(0, 215, 255)",0,,,,
Norwegian Bokmål (Norsk bokmål),nb,lyseblå,lysebla,17,"rgb(0, 209, 255)",3,,,,
Norwegian Bokmål (Norsk bokmål),nb,magenta,magenta,8,"rgb(255, 0, 198)",0,,,,
Norwegian Bokmål (Norsk bokmål),nb,marineblå,marinebla,5,"rgb(0, 61, 255)",2,,,,
Norwegian Bokmål (Norsk bokmål),nb,mintgrønn,mintgrønn,6,"rgb(0, 255, 179)",0,,,,
Norwegian Bokmål (Norsk bokmål),nb,mørkeblå,mørkebla,8,"rgb(0, 64, 255)",7,,,,
Norwegian Bokmål (Norsk bokmål),nb,orange,orange,7,"rgb(255, 116, 0)",0,,,,
Norwegian Bokmål (Norsk bokmål),nb,oransje,oransje,39,"rgb(255, 134, 0)",2,,,,
Norwegian Bokmål (Norsk bokmål),nb,rød,rød,43,"rgb(255, 0, 46)",4,,,,
Norwegian Bokmål (Norsk bokmål),nb,rosa,rosa,51,"rgb(255, 0, 181)",5,,,,
Norwegian Bokmål (Norsk bokmål),nb,turkis,turkis,39,"rgb(0, 255, 250)",4,,,,
Persian (Farsi) (فارسی),fa,آبی,ابى,115,"rgb(0, 136, 255)",192,"rgb(56,130,233)",0.6125022650613673,-0.03722272068870482,-0.16808956588296095
Persian (Farsi) (فارسی),fa,آبی آسمانی,ابى اسمانى,30,"rgb(0, 204, 255)",31,"rgb(70,202,246)",0.785081143412757,-0.09089970511674493,-0.08981915625165132
Persian (Farsi) (فارسی),fa,آبی پررنگ,ابى پررنگ,8,"rgb(0, 63, 255)",9,,,,
Persian (Farsi) (فارسی),fa,آبی تیره,ابى تىره,13,"rgb(0, 67, 255)",32,"rgb(32,70,191)",0.45029534572003754,-0.015574260346263689,-0.19398458735166488
Persian (Farsi) (فارسی),fa,آبی روشن,ابى روشن,20,"rgb(0, 204, 255)",14,"rgb(74,196,248)",0.7748659849232156,-0.08299105816457511,-0.09919564368154732
Persian (Farsi) (فارسی),fa,ابی فیروزه ای,ابى فىروزه اى,10,"rgb(0, 245, 255)",15,"rgb(61,224,235)",0.8314986786973738,-0.12018996488603116,-0.04722341379854001
Persian (Farsi) (فارسی),fa,آبی کاربنی,ابى کاربنى,12,"rgb(0, 45, 255)",20,"rgb(40,48,222)",0.45233444696395614,-0.0042357579576849545,-0.2514745513027532
Persian (Farsi) (فارسی),fa,آبی کم رنگ,ابى کم رنگ,5,"rgb(0, 191, 255)",2,,,,
Persian (Farsi) (فارسی),fa,ابی کمرنگ,ابى کمرنگ,8,"rgb(0, 201, 255)",7,,,,
Persian (Farsi) (فارسی),fa,ابی لاجوردی,ابى لاجوردى,6,"rgb(0, 144, 255)",7,,,,
Persian (Farsi) (فارسی),fa,آبی نفتی,ابى نفتى,16,"rgb(0, 59, 255)",44,"rgb(32,77,205)",0.47765684730394053,-0.01937372857382303,-0.2020836471550883
Persian (Farsi) (فارسی),fa,آجری,اجرى,4,,31,"rgb(206,112,53)",0.6418049089222221,0.08862244598759227,0.10628156605506575
Persian (Farsi) (فارسی),fa,ارغوانی,ارغوانى,3,,22,"rgb(182,62,173)",0.5725590775402923,0.17416256462142699,-0.0975966074629768
Persian (Farsi) (فارسی),fa,بادمجانی,بادمجانى,1,,18,"rgb(99,43,111)",0.39523645459975554,0.09539447666762435,-0.0791422625421279
Persian (Farsi) (فارسی),fa,بنفش,بنفش,79,"rgb(188, 0, 255)",293,"rgb(161,69,201)",0.5690486544563256,0.1419261674999788,-0.14719004422003099
Persian (Farsi) (فارسی),fa,بنفش تیره,بنفش تىره,1,,26,"rgb(98,44,138)",0.41384636516335865,0.09253182313791612,-0.12068817396391208
Persian (Farsi) (فارسی),fa,بنفش روشن,بنفش روشن,2,,18,"rgb(202,105,223)",0.67763835994426,0.14775500790204887,-0.12331298790389997
Persian (Farsi) (فارسی),fa,خاکستری,خاکسترى,0,,25,"rgb(152,156,161)",0.6902211126327975,-0.0023923509973500234,-0.0088293417797021
Persian (Farsi) (فارسی),fa,خردلی,خردلى,15,"rgb(255, 187, 0)",42,"rgb(221,175,52)",0.7749270217001378,0.007931440884922588,0.14211047409879152
Persian (Farsi) (فارسی),fa,زرد,زرد,50,"rgb(255, 242, 0)",48,"rgb(241,232,52)",0.9103095383755981,-0.05147715122127123,0.1751662787591464
Persian (Farsi) (فارسی),fa,زرد فسفری,زرد فسفرى,5,"rgb(220, 255, 0)",4,,,,
Persian (Farsi) (فارسی),fa,زرشکی,زرشکى,3,,37,"rgb(156,36,63)",0.4623539780321039,0.15064612246003056,0.03537955102049463
Persian (Farsi) (فارسی),fa,سبز,سبز,81,"rgb(0, 255, 104)",363,"rgb(94,199,102)",0.7457936562597528,-0.1371722741243251,0.09565477823167602
Persian (Farsi) (فارسی),fa,سبز آبی,سبز ابى,13,"rgb(0, 255, 208)",27,"rgb(69,215,186)",0.7958290579983658,-0.129687888851627,0.007749870707009149
Persian (Farsi) (فارسی),fa,سبز پسته ای,سبز پسته اى,4,,24,"rgb(134,221,97)",0.8155164259586802,-0.13276650348670258,0.12241027209414465
Persian (Farsi) (فارسی),fa,سبز تیره,سبز تىره,0,,41,"rgb(56,120,64)",0.5169914862460844,-0.09091647645238816,0.06046046477883248
Persian (Farsi) (فارسی),fa,سبز چمنی,سبز چمنى,6,"rgb(0, 255, 83)",52,"rgb(107,206,75)",0.7644655236123272,-0.1449402521942345,0.1266077506598994
Persian (Farsi) (فارسی),fa,سبز روشن,سبز روشن,18,"rgb(0, 255, 52)",34,"rgb(120,236,108)",0.8476545146203075,-0.15601030765916868,0.1225164972971026
Persian (Farsi) (فارسی),fa,سبز فسفری,سبز فسفرى,23,"rgb(29, 255, 0)",43,"rgb(107,243,83)",0.855654923654174,-0.17920400109669848,0.14579210147321692
Persian (Farsi) (فارسی),fa,سبز لجنی,سبز لجنى,2,,44,"rgb(96,125,68)",0.5534902760321879,-0.05931412542030397,0.0677172179112356
Persian (Farsi) (فارسی),fa,سبز یشمی,سبز ىشمى,1,,15,"rgb(76,121,76)",0.5306995640086631,-0.06977360479908067,0.05019673931297584
Persian (Farsi) (فارسی),fa,سبزآبی,سبزابى,4,,13,"rgb(50,217,185)",0.7959928996377547,-0.13860702362345792,0.00956343110933194
Persian (Farsi) (فارسی),fa,سرخابی,سرخابى,24,"rgb(255, 0, 157)",34,"rgb(230,47,147)",0.6242315008843976,0.22787034240060552,-0.027184728934977833
Persian (Farsi) (فارسی),fa,سرمه ای,سرمه اى,1,,31,"rgb(51,55,141)",0.38767119363544117,0.0139697112414842,-0.14008428013552046
Persian (Farsi) (فارسی),fa,سورمه ای,سورمه اى,2,,22,"rgb(36,51,134)",0.36275809580414237,0.00006802841189419244,-0.13963229279476871
Persian (Farsi) (فارسی),fa,سیاه,سىاه,0,,18,"rgb(41,28,31)",0.2432814470200037,0.02134967737211126,0.001575295241111238
Persian (Farsi) (فارسی),fa,صورتی,صورتى,53,"rgb(255, 0, 178)",125,"rgb(238,91,181)",0.6882857426204275,0.19670549395624914,-0.04953188348662708
Persian (Farsi) (فارسی),fa,صورتی پررنگ,صورتى پررنگ,4,,12,"rgb(230,57,146)",0.6311286501112942,0.21860379237000116,-0.02167910037100508
Persian (Farsi) (فارسی),fa,طوسی,طوسى,0,,21,"rgb(146,146,154)",0.662853992856364,0.0033391748611724843,-0.011202792875929976
Persian (Farsi) (فارسی),fa,فسفری,فسفرى,10,"rgb(196, 255, 0)",22,"rgb(166,245,60)",0.8879200374959489,-0.14314754365141455,0.16756178129265942
Persian (Farsi) (فارسی),fa,فیروزه ای,فىروزه اى,9,"rgb(0, 250, 255)",35,"rgb(62,213,214)",0.7973806564945776,-0.11766618091542978,-0.03276464717899603
Persian (Farsi) (فارسی),fa,قرمز,قرمز,72,"rgb(255, 0, 39)",121,"rgb(229,45,54)",0.6002031297667965,0.19723093037076353,0.09135126294868644
Persian (Farsi) (فارسی),fa,قهوه ای,قهوه‌اى,0,,106,"rgb(141,88,52)",0.5125921640631456,0.05174838783304481,0.0694200841968042
Persian (Farsi) (فارسی),fa,قهوه ای روشن,قهوه‌اى روشن,1,,12,"rgb(190,126,55)",0.6461852811924846,0.04806383614407557,0.10637668992494491
Persian (Farsi) (فارسی),fa,کرم,کرم,0,,24,"rgb(230,198,143)",0.8411932071960075,0.013430218760774645,0.07886170525424606
Persian (Farsi) (فارسی),fa,گلبهی,گلبهى,0,,27,"rgb(233,135,135)",0.7282591547400387,0.11266947442419166,0.04136415694979928
Persian (Farsi) (فارسی),fa,مشکی,مشکى,0,,12,"rgb(28,19,28)",0.2025323363053432,0.018650722689405316,-0.012460626601197003
Persian (Farsi) (فارسی),fa,نارنجی,نارنجى,63,"rgb(255, 135, 0)",71,"rgb(246,131,37)",0.7254959728555652,0.10055545539277923,0.13691943497808115
Persian (Farsi) (فارسی),fa,نیلی,نىلى,4,,19,"rgb(79,160,211)",0.6753675128911197,-0.05623581529585251,-0.09439666758618746
Persian (Farsi) (فارسی),fa,یاسی,ىاسى,1,,29,"rgb(187,136,215)",0.7056121949524209,0.0849170450064991,-0.09048633809285685
Persian (Farsi) (فارسی),fa,یشمی,ىشمى,1,,22,"rgb(112,143,85)",0.6110175527547504,-0.058854371949269735,0.06761451066409865
"Polish (język polski, polszczyzna)",pl,beżowy,bezowy,0,,21,"rgb(209,184,170)",0.8006810540439233,0.021414407470365878,0.027245552707116823
"Polish (język polski, polszczyzna)",pl,biskupi,biskupi,5,"rgb(255, 0, 163)",0,,,,
"Polish (język polski, polszczyzna)",pl,błękitny,błekitny,53,"rgb(0, 192, 255)",13,"rgb(37,189,251)",0.7512055610720061,-0.08927078617641407,-0.11596805284847732
"Polish (język polski, polszczyzna)",pl,bordowy,bordowy,0,,17,"rgb(145,43,56)",0.4485910645851734,0.12934205409429572,0.04019273128397406
"Polish (język polski, polszczyzna)",pl,brązowy,brazowy,0,,56,"rgb(138,88,55)",0.508513809409107,0.04792730744925693,0.06512879086698038
"Polish (język polski, polszczyzna)",pl,ciemny fiolet,ciemnofiolet,0,,14,"rgb(88,38,87)",0.3584874042273622,0.08615239233791158,-0.05274201853944861
"Polish (język polski, polszczyzna)",pl,ciemnoniebieski,ciemnoniebieski,37,"rgb(0, 61, 255)",10,,,,
"Polish (język polski, polszczyzna)",pl,ciemnoróżowy,ciemnorozowy,5,"rgb(255, 0, 126)",12,"rgb(214,56,129)",0.5988453204136903,0.2019348762019852,-0.009592825851335399
"Polish (język polski, polszczyzna)",pl,ciemnozielony,ciemnozielony,0,,34,"rgb(43,99,57)",0.4500675419590244,-0.07753448375196254,0.04568383706182906
"Polish (język polski, polszczyzna)",pl,ciemny żółty,ciemnozołty,5,"rgb(255, 206, 0)",3,,,,
"Polish (język polski, polszczyzna)",pl,czarny,czarny,0,,32,"rgb(33,20,28)",0.21230605271344194,0.022868740977399465,-0.007946632147488841
"Polish (język polski, polszczyzna)",pl,czerwony,czerwony,92,"rgb(255, 0, 44)",47,"rgb(238,36,55)",0.6097636228874028,0.21064050423744948,0.09291544433976906
"Polish (język polski, polszczyzna)",pl,fiolet,fiolet,5,"rgb(192, 0, 255)",15,"rgb(139,67,190)",0.532640538642127,0.11714361584920696,-0.14749624571331205
"Polish (język polski, polszczyzna)",pl,fioletowy,fioletowy,83,"rgb(190, 0, 255)",133,"rgb(159,63,207)",0.5629487386723065,0.1450020542809613,-0.16182189037810218
"Polish (język polski, polszczyzna)",pl,fuksja,fuksja,22,"rgb(255, 0, 216)",10,,,,
"Polish (język polski, polszczyzna)",pl,granatowy,granatowy,17,"rgb(0, 31, 255)",50,"rgb(41,57,166)",0.408171604587829,0.00003929945992529737,-0.17448712200383829
"Polish (język polski, polszczyzna)",pl,jasnobrązowy,jasnobrazowy,0,,16,"rgb(179,132,80)",0.648008185129946,0.033692177789210465,0.08281179737526194
"Polish (język polski, polszczyzna)",pl,jasnoniebieski,jasnoniebieski,32,"rgb(0, 196, 255)",13,"rgb(61,199,249)",0.7774748338175019,-0.09075023895231404,-0.09851725341947772
"Polish (język polski, polszczyzna)",pl,jasnopomarańczowy,jasnopomaranczowy,9,"rgb(255, 169, 0)",2,,,,
"Polish (język polski, polszczyzna)",pl,jasnozielony,jasnozielony,21,"rgb(129, 255, 0)",23,"rgb(153,241,98)",0.8741003804029895,-0.1404518521747507,0.13915986445322873
"Polish (język polski, polszczyzna)",pl,limonkowy,limonkowy,14,"rgb(123, 255, 0)",9,,,,
"Polish (język polski, polszczyzna)",pl,magenta,magenta,11,"rgb(255, 0, 163)",12,"rgb(230,53,175)",0.6393833793629673,0.2289302842182333,-0.06688129793948105
"Polish (język polski, polszczyzna)",pl,malinowy,malinowy,19,"rgb(255, 0, 97)",2,,,,
"Polish (język polski, polszczyzna)",pl,miętowy,mietowy,5,"rgb(0, 255, 191)",9,,,,
"Polish (język polski, polszczyzna)",pl,morski,morski,13,"rgb(0, 255, 246)",18,"rgb(51,189,183)",0.7264915690265238,-0.11175228271569783,-0.021086988136930825
"Polish (język polski, polszczyzna)",pl,niebieski,niebieski,217,"rgb(0, 140, 255)",129,"rgb(30,136,236)",0.6229955404703631,-0.05369478313004619,-0.16589416826711706
"Polish (język polski, polszczyzna)",pl,oliwkowy,oliwkowy,1,,12,"rgb(140,150,59)",0.6452338895851157,-0.0482467265900403,0.10464879194743128
"Polish (język polski, polszczyzna)",pl,pomarańczowy,pomaranczowy,110,"rgb(255, 133, 0)",42,"rgb(250,132,32)",0.7326485308677118,0.10385732804817477,0.14065238501558422
"Polish (język polski, polszczyzna)",pl,purpurowy,purpurowy,6,"rgb(237, 0, 255)",13,"rgb(150,64,167)",0.5285798765937002,0.13440270265095794,-0.10947024952941524
"Polish (język polski, polszczyzna)",pl,róż,roz,5,"rgb(255, 0, 180)",5,,,,
"Polish (język polski, polszczyzna)",pl,różowy,rozowy,113,"rgb(255, 0, 177)",87,"rgb(242,74,175)",0.6757373280996554,0.21961666845286026,-0.04642595735676416
"Polish (język polski, polszczyzna)",pl,seledynowy,seledynowy,19,"rgb(0, 255, 91)",19,"rgb(113,235,147)",0.8481883829241198,-0.14377626301517085,0.08114647047351503
"Polish (język polski, polszczyzna)",pl,szary,szary,0,,27,"rgb(136,143,145)",0.6455477455767032,-0.008330260867541647,-0.00470150997746255
"Polish (język polski, polszczyzna)",pl,turkusowy,turkusowy,38,"rgb(0, 255, 251)",24,"rgb(46,228,208)",0.8289038995512493,-0.13938372982640196,-0.008423571279905805
"Polish (język polski, polszczyzna)",pl,zielony,zielony,150,"rgb(0, 255, 49)",158,"rgb(99,218,87)",0.7921051132991952,-0.1589930554510611,0.12439060540114416
"Polish (język polski, polszczyzna)",pl,żółty,zołty,91,"rgb(255, 235, 0)",27,"rgb(244,227,39)",0.9018976949319956,-0.04398163714790401,0.17776099826147965
Portuguese (português),pt,amarelo,amarelo,99,"rgb(255, 236, 0)",42,"rgb(244,227,40)",0.900860831152452,-0.04263367250633109,0.17718757645381478
Portuguese (português),pt,azul,azul,230,"rgb(0, 137, 255)",168,"rgb(38,132,233)",0.6129028756589702,-0.04737820637999764,-0.16868363394357688
Portuguese (português),pt,azul bebê,azulbebe,7,"rgb(0, 218, 255)",20,"rgb(131,205,239)",0.8129228468064561,-0.057534171108298955,-0.0664134851188827
Portuguese (português),pt,azul celeste,azulceleste,9,"rgb(0, 163, 255)",5,,,,
Portuguese (português),pt,azul céu,azulceu,8,"rgb(0, 178, 255)",5,,,,
Portuguese (português),pt,azul claro,azulclaro,60,"rgb(0, 192, 255)",30,"rgb(66,191,247)",0.7597566539950953,-0.08226156556144805,-0.10560129988703623
Portuguese (português),pt,azul escuro,azulescuro,35,"rgb(0, 51, 255)",51,"rgb(37,67,189)",0.44508495455265773,-0.009999814802160618,-0.19344915703664137
Portuguese (português),pt,azul marinho,azulmarinho,15,"rgb(0, 147, 255)",29,"rgb(27,90,168)",0.4731910217474637,-0.033339460663684116,-0.13642184273782243
Portuguese (português),pt,azul piscina,azulpiscina,17,"rgb(0, 244, 255)",6,,,,
Portuguese (português),pt,azul royal,azulroyal,5,"rgb(0, 67, 255)",5,,,,
Portuguese (português),pt,bege,bege,1,,24,"rgb(218,189,134)",0.8113000645455992,0.009063833230237728,0.07911697414628119
Portuguese (português),pt,castanho,castanho,0,,20,"rgb(133,82,54)",0.4905725526690313,0.05271579879936694,0.06096614993320252
Portuguese (português),pt,ciano,ciano,30,"rgb(0, 255, 254)",17,"rgb(55,233,223)",0.8465599171830533,-0.13533551685559145,-0.021107963514125104
Portuguese (português),pt,cinza,cinza,0,,41,"rgb(135,137,137)",0.6278822588537705,-0.001969904839960265,-0.0011886184083180268
Portuguese (português),pt,fúcsia,fucsia,10,"rgb(255, 0, 215)",6,,,,
Portuguese (português),pt,laranja,laranja,105,"rgb(255, 131, 0)",58,"rgb(247,133,35)",0.729873189906056,0.10024163189285146,0.13872024371238725
Portuguese (português),pt,laranja claro,laranjaclaro,6,"rgb(255, 164, 0)",1,,,,
Portuguese (português),pt,laranja escuro,laranjaescuro,7,"rgb(255, 94, 0)",7,,,,
Portuguese (português),pt,lilás,lilas,6,"rgb(212, 0, 255)",60,"rgb(187,126,217)",0.6893468652647884,0.09892038057281162,-0.10356344977821733
Portuguese (português),pt,lima,lima,5,"rgb(147, 255, 0)",1,,,,
Portuguese (português),pt,magenta,magenta,25,"rgb(255, 0, 186)",33,"rgb(218,52,162)",0.6138463050433892,0.21707242826469775,-0.05749501072943329
Portuguese (português),pt,marrom,marrom,0,,75,"rgb(132,84,56)",0.49283284730621696,0.047913394001355185,0.05942256059198673
Portuguese (português),pt,preto,preto,0,,40,"rgb(28,22,33)",0.2126420059158539,0.015421432869949025,-0.017493915633244227
Portuguese (português),pt,rosa,rosa,106,"rgb(255, 0, 172)",121,"rgb(238,79,175)",0.6740091654421467,0.2109596829077186,-0.04692336874159396
Portuguese (português),pt,rosa choque,rosachoque,26,"rgb(255, 0, 179)",20,"rgb(245,44,174)",0.6567979353251906,0.2481225620443835,-0.05613189037479202
Portuguese (português),pt,rosa escuro,rosaescuro,5,"rgb(255, 0, 126)",12,"rgb(202,76,136)",0.6022591961974895,0.17047117163250447,-0.018477663415526306
Portuguese (português),pt,roxo,roxo,67,"rgb(170, 0, 255)",159,"rgb(145,65,195)",0.5403487897482778,0.12546390629753212,-0.15280046694714966
Portuguese (português),pt,roxo escuro,roxoescuro,2,,23,"rgb(79,33,106)",0.3521190166409099,0.08124733560057916,-0.09536852827132947
Portuguese (português),pt,salmão,salmao,1,,12,"rgb(233,138,124)",0.7298221846117396,0.10389160290236579,0.05741258201556435
Portuguese (português),pt,turquesa,turquesa,13,"rgb(0, 222, 255)",11,,,,
Portuguese (português),pt,verde,verde,134,"rgb(0, 255, 55)",208,"rgb(96,209,91)",0.7700824189583179,-0.1509047945139571,0.11503904977885718
Portuguese (português),pt,verde água,verdeagua,28,"rgb(0, 255, 202)",31,"rgb(65,230,178)",0.8275366231812011,-0.1489476224343045,0.03369569411046412
Portuguese (português),pt,verde claro,verdeclaro,31,"rgb(0, 255, 80)",51,"rgb(126,238,118)",0.8549827028906789,-0.14948575635315806,0.11556395488636975
Portuguese (português),pt,verde escuro,verdeescuro,0,,39,"rgb(48,109,56)",0.48035899085445993,-0.0865304332170449,0.057449778682915634
Portuguese (português),pt,verde fluorescente,verdefluorescente,6,"rgb(71, 255, 0)",2,,,,
Portuguese (português),pt,verde limão,verdelimao,23,"rgb(158, 255, 0)",18,"rgb(157,246,46)",0.8840564598198462,-0.15464494245507948,0.1728111555138707
Portuguese (português),pt,verde musgo,verdemusgo,0,,27,"rgb(103,139,74)",0.5935430970318054,-0.06809006937010864,0.07463269205590092
Portuguese (português),pt,verde piscina,verdepiscina,7,"rgb(0, 255, 182)",5,,,,
Portuguese (português),pt,vermelho,vermelho,78,"rgb(255, 0, 35)",51,"rgb(237,43,53)",0.6115239444806844,0.20421244361932714,0.09592915657750467
Portuguese (português),pt,vinho,vinho,0,,24,"rgb(136,38,62)",0.4279659508369101,0.12986002039596925,0.023589003131381365
Portuguese (português),pt,violeta,violeta,18,"rgb(198, 0, 255)",35,"rgb(161,79,207)",0.5843030170085255,0.13069775778814477,-0.1481302167300013
Romanian (limba română),ro,albastru,albastru,134,"rgb(0, 127, 255)",35,"rgb(17,127,245)",0.6078660479650075,-0.049048382424912614,-0.19215827537469304
Romanian (limba română),ro,albastru deschis,albastrudeschis,26,"rgb(0, 219, 255)",8,,,,
Romanian (limba română),ro,albastru inchis,albastruinchis,13,"rgb(0, 64, 255)",8,,,,
Romanian (limba română),ro,bleu,bleu,25,"rgb(0, 207, 255)",10,,,,
Romanian (limba română),ro,bleumarin,bleumarin,8,"rgb(0, 88, 255)",8,,,,
Romanian (limba română),ro,cyan,cyan,6,"rgb(0, 255, 251)",1,,,,
Romanian (limba română),ro,fucsia,fucsia,13,"rgb(255, 0, 136)",5,,,,
Romanian (limba română),ro,galben,galben,62,"rgb(255, 237, 0)",10,,,,
Romanian (limba română),ro,indigo,indigo,6,"rgb(122, 0, 255)",9,,,,
Romanian (limba română),ro,lila,lila,0,,13,"rgb(171,121,216)",0.6630338483874763,0.0883429914699075,-0.11565287264341167
Romanian (limba română),ro,lime,lime,5,"rgb(185, 255, 0)",5,,,,
Romanian (limba română),ro,magenta,magenta,14,"rgb(255, 0, 199)",6,,,,
Romanian (limba română),ro,maro,maro,3,,23,"rgb(132,82,51)",0.48818906418289654,0.04967159671300033,0.06274340221181529
Romanian (limba română),ro,mov,mov,49,"rgb(213, 0, 255)",49,"rgb(165,66,207)",0.5743566862442457,0.1498216763174006,-0.15516323279206856
Romanian (limba română),ro,mustar,mustar,6,"rgb(255, 189, 0)",3,,,,
Romanian (limba română),ro,negru,negru,0,,21,"rgb(16,15,16)",0.17020817350875322,0.0026672602688562613,-0.0008746695601744051
Romanian (limba română),ro,portocaliu,portocaliu,56,"rgb(255, 137, 0)",11,,,,
Romanian (limba română),ro,portocaliu inchis,portocaliuinchis,6,"rgb(255, 104, 0)",0,,,,
Romanian (limba română),ro,rosu,rosu,66,"rgb(255, 0, 41)",14,"rgb(247,34,54)",0.6260877674454718,0.21791331821780843,0.09852605337601202
Romanian (limba română),ro,rosu aprins,rosuaprins,5,"rgb(255, 0, 40)",0,,,,
Romanian (limba română),ro,roz,roz,60,"rgb(255, 0, 180)",32,"rgb(245,76,181)",0.6834308377924088,0.22152690891659277,-0.05293772995183289
Romanian (limba română),ro,roz inchis,rozinchis,7,"rgb(255, 0, 142)",4,,,,
Romanian (limba română),ro,turcoaz,turcoaz,25,"rgb(0, 255, 228)",10,,,,
Romanian (limba română),ro,verde,verde,98,"rgb(0, 255, 67)",49,"rgb(91,231,91)",0.822530270306984,-0.17526666986475795,0.13056668848516417
Romanian (limba română),ro,verde deschis,verdedeschis,14,"rgb(0, 255, 48)",4,,,,
Romanian (limba română),ro,verde inchis,verdeinchis,1,,12,"rgb(62,130,54)",0.5433211695224069,-0.10173632734732478,0.08028053544166956
Romanian (limba română),ro,verde neon,verdeneon,11,"rgb(0, 255, 117)",5,,,,
Romanian (limba română),ro,verde praz,verdepraz,7,"rgb(143, 255, 0)",2,,,,
Romanian (limba română),ro,violet,violet,22,"rgb(209, 0, 255)",10,,,,
Russian (Русский),ru,алый,алыи,13,"rgb(255, 0, 47)",9,,,,
Russian (Русский),ru,бежевый,бежевыи,0,,29,"rgb(222,188,158)",0.8170667067726043,0.024435494099210565,0.05051357669133106
Russian (Русский),ru,бирюзовый,бирюзовыи,45,"rgb(0, 255, 212)",44,"rgb(60,224,193)",0.8160648725260284,-0.13802947213214514,0.007352960688722584
Russian (Русский),ru,бледно зеленый,бледнозеленыи,0,,12,"rgb(154,200,142)",0.7856686483128176,-0.07095391244613998,0.06078114500693343
Russian (Русский),ru,болотный,болотныи,0,,19,"rgb(95,107,58)",0.5054226735205811,-0.03737673629547169,0.06233967151699329
Russian (Русский),ru,бордовый,бордовыи,2,,23,"rgb(141,37,70)",0.43849640643169413,0.14012043254485124,0.015563525708101328
Russian (Русский),ru,голубой,голубои,109,"rgb(0, 193, 255)",73,"rgb(53,188,243)",0.7485497186665876,-0.08660885426530038,-0.1046358204969185
Russian (Русский),ru,горчичный,горчичныи,4,,12,"rgb(210,168,37)",0.7503570873612443,0.0020431866736855334,0.1438529908443684
Russian (Русский),ru,желто зеленый,желтозеленыи,10,"rgb(163, 255, 0)",13,"rgb(172,221,60)",0.8348759821685665,-0.10892780590854473,0.15389357584175228
Russian (Русский),ru,желтый,желтыи,74,"rgb(255, 244, 0)",44,"rgb(241,231,53)",0.908458561937793,-0.05031293940176864,0.1742853535765476
Russian (Русский),ru,зеленый,зеленыи,70,"rgb(0, 255, 64)",172,"rgb(80,197,87)",0.7325759553273227,-0.14923252639831328,0.10711777699261768
Russian (Русский),ru,изумрудный,изумрудныи,1,,12,"rgb(63,164,137)",0.6531889837750084,-0.10219275076712322,0.014191207413394203
Russian (Русский),ru,кирпичный,кирпичныи,2,,18,"rgb(192,86,59)",0.5819351018163316,0.11754031994395206,0.08272412383860497
Russian (Русский),ru,коралловый,коралловыи,3,,14,"rgb(243,106,129)",0.6975002792618962,0.16595246032597707,0.035784016591451764
Russian (Русский),ru,коричневый,коричневыи,0,,94,"rgb(136,87,52)",0.5025667602848742,0.047012130340765415,0.06716232329837188
Russian (Русский),ru,красный,красныи,73,"rgb(255, 0, 36)",57,"rgb(234,37,52)",0.6022508354879913,0.20627888853544252,0.09341455905665193
Russian (Русский),ru,лавандовый,лавандовыи,0,,15,"rgb(171,146,216)",0.7083257335581424,0.052734534300425524,-0.08944545946751245
Russian (Русский),ru,лазурный,лазурныи,9,"rgb(0, 182, 255)",8,,,,
Russian (Русский),ru,лаймовый,лаимовыи,6,"rgb(173, 255, 0)",4,,,,
Russian (Русский),ru,лиловый,лиловыи,4,,22,"rgb(191,106,215)",0.6621757827295637,0.13172605258338904,-0.11653943687587896
Russian (Русский),ru,лимонный,лимонныи,8,"rgb(209, 255, 0)",7,,,,
Russian (Русский),ru,маджента,маджента,4,,13,"rgb(211,52,191)",0.617113881061307,0.21477363267274918,-0.10514627329102177
Russian (Русский),ru,малиновый,малиновыи,25,"rgb(255, 0, 109)",24,"rgb(221,38,113)",0.5929407743224375,0.21834189009035732,0.01195137570257142
Russian (Русский),ru,мятный,мятныи,11,"rgb(0, 255, 184)",21,"rgb(115,234,174)",0.8527421839881317,-0.13039497480331777,0.04913329698251843
Russian (Русский),ru,небесный,небесныи,8,"rgb(0, 198, 255)",1,,,,
Russian (Русский),ru,оливковый,оливковыи,1,,27,"rgb(145,161,81)",0.677416001983154,-0.05146122111250013,0.09350686327216787
Russian (Русский),ru,оранжевый,оранжевыи,80,"rgb(255, 137, 0)",45,"rgb(248,133,32)",0.7306952844416892,0.09883033525343271,0.14052369847402543
Russian (Русский),ru,охра,охра,4,,15,"rgb(219,166,61)",0.7565951030813822,0.020179626923305483,0.13192880584339076
Russian (Русский),ru,пурпурный,пурпурныи,15,"rgb(255, 0, 254)",43,"rgb(189,61,180)",0.5862530899786925,0.18325094567173564,-0.10257259605682295
Russian (Русский),ru,розово фиолетовый,розовофиолетовыи,5,"rgb(253, 0, 255)",6,,,,
Russian (Русский),ru,розовый,розовыи,65,"rgb(255, 0, 180)",97,"rgb(241,94,182)",0.6970864683012948,0.1970671890445468,-0.04604685992061079
Russian (Русский),ru,салатовый,салатовыи,41,"rgb(109, 255, 0)",47,"rgb(142,239,81)",0.8622768320959161,-0.15159065663073504,0.1487789029089117
Russian (Русский),ru,светло голубой,светлоголубои,15,"rgb(0, 239, 255)",8,,,,
Russian (Русский),ru,светло зеленый,светлозеленыи,13,"rgb(0, 255, 26)",33,"rgb(144,235,124)",0.8589809400909703,-0.13098857106254003,0.10956996259267504
Russian (Русский),ru,светло коричневый,светлокоричневыи,1,,16,"rgb(185,135,89)",0.6614671389898295,0.03975006210119385,0.07791074680046653
Russian (Русский),ru,светло оранжевый,светлооранжевыи,6,"rgb(255, 185, 0)",1,,,,
Russian (Русский),ru,светло синий,светлосинии,14,"rgb(0, 146, 255)",8,,,,
Russian (Русский),ru,серо зелёный,серозеленыи,0,,16,"rgb(108,137,108)",0.5998468613491821,-0.04452703900180918,0.03194484361321302
Russian (Русский),ru,серый,серыи,0,,32,"rgb(142,149,155)",0.6661476599321643,-0.0054928200672781854,-0.011111730133935335
Russian (Русский),ru,сине зеленый,синезеленыи,3,,12,"rgb(47,156,133)",0.6245921773718147,-0.10228245827959248,0.00679809056609878
Russian (Русский),ru,сине фиолетовый,синефиолетовыи,1,,12,"rgb(84,64,193)",0.4736343126798389,0.04461259010192696,-0.18684988896744123
Russian (Русский),ru,синий,синии,136,"rgb(0, 93, 255)",136,"rgb(36,92,221)",0.5211052343741437,-0.024183199699645885,-0.20507017159149155
Russian (Русский),ru,сиреневый,сиреневыи,17,"rgb(226, 0, 255)",54,"rgb(183,108,222)",0.6589694203225113,0.12034756355041287,-0.13000626238259008
Russian (Русский),ru,темно голубой,темноголубои,15,"rgb(0, 141, 255)",5,,,,
Russian (Русский),ru,темно желтый,темножелтыи,6,"rgb(255, 206, 0)",7,,,,
Russian (Русский),ru,темно зеленый,темнозеленыи,2,,45,"rgb(41,88,47)",0.4150215802564518,-0.07004304427963498,0.04601320553251461
Russian (Русский),ru,тёмно коричневый,темнокоричневыи,0,,13,"rgb(72,37,35)",0.3109483038845866,0.047605957735031144,0.021562560483271712
Russian (Русский),ru,темно оранжевый,темнооранжевыи,9,"rgb(255, 96, 0)",10,,,,
Russian (Русский),ru,темно синий,темносинии,20,"rgb(22, 0, 255)",47,"rgb(35,46,148)",0.3678409910217181,0.0019246104717382739,-0.16454194344745166
Russian (Русский),ru,темно фиолетовый,темнофиолетовыи,4,,25,"rgb(83,41,116)",0.37462638300445894,0.07718780178444999,-0.10030601773647727
Russian (Русский),ru,фиолетовый,фиолетовыи,54,"rgb(198, 0, 255)",142,"rgb(143,59,194)",0.5297381084642429,0.13038232350400464,-0.15868304653353318
Russian (Русский),ru,фуксия,фуксия,22,"rgb(255, 0, 195)",41,"rgb(226,49,182)",0.6344128855958433,0.23029263644595088,-0.08140861665940699
Russian (Русский),ru,хаки,хаки,0,,15,"rgb(133,141,82)",0.6223824201259883,-0.03405359595566073,0.07390592102902162
Russian (Русский),ru,циан,циан,7,"rgb(0, 255, 255)",3,,,,
Russian (Русский),ru,черный,черныи,0,,45,"rgb(20,18,23)",0.18792425521604422,0.0048436767915443595,-0.009208045048858093
Russian (Русский),ru,ярко зеленый,яркозеленыи,8,"rgb(14, 255, 0)",17,"rgb(97,232,69)",0.824867086091244,-0.17896105271338622,0.1472244919719898
Russian (Русский),ru,ярко розовый,яркорозовыи,11,"rgb(255, 0, 177)",14,"rgb(247,58,181)",0.6717530005272537,0.24009605181893337,-0.059769553493670996
Russian (Русский),ru,ярко салатовый,яркосалатовыи,5,"rgb(0, 255, 10)",1,,,,
Serbian (српски језик),sr,žuta,жута,18,"rgb(255, 239, 0)",0,,,,
Serbian (српски језик),sr,zelena,зелена,26,"rgb(36, 255, 0)",1,,,,
Serbian (српски језик),sr,ljubičasta,љубичаста,24,"rgb(205, 0, 255)",5,,,,
Serbian (српски језик),sr,narandžasta,наранџаста,19,"rgb(255, 124, 0)",2,,,,
Serbian (српски језик),sr,plava,плава,39,"rgb(0, 136, 255)",2,,,,
Serbian (српски језик),sr,roze,розе,15,"rgb(255, 0, 181)",1,,,,
Serbian (српски језик),sr,svetlo plava,светлоплава,6,"rgb(0, 208, 255)",3,,,,
Serbian (српски језик),sr,tamno plava,тамноплава,10,"rgb(0, 65, 255)",2,,,,
Serbian (српски језик),sr,tirkizna,тиркизна,22,"rgb(0, 255, 222)",0,,,,
Serbian (српски језик),sr,crvena,црвена,16,"rgb(255, 0, 18)",2,,,,
"Slovak (slovenčina, slovenský jazyk)",sk,červená,cervena,8,"rgb(255, 0, 46)",7,,,,
"Slovak (slovenčina, slovenský jazyk)",sk,fialová,fialova,10,"rgb(170, 0, 255)",20,"rgb(151,60,213)",0.5537575022722585,0.13731130841934353,-0.17749946759758925
"Slovak (slovenčina, slovenský jazyk)",sk,modrá,modra,34,"rgb(0, 134, 255)",9,,,,
"Slovak (slovenčina, slovenský jazyk)",sk,oranžová,oranzova,16,"rgb(255, 137, 0)",1,,,,
"Slovak (slovenčina, slovenský jazyk)",sk,ružová,ruzova,19,"rgb(255, 0, 161)",11,,,,
"Slovak (slovenčina, slovenský jazyk)",sk,tyrkysová,tyrkysova,7,"rgb(0, 255, 208)",6,,,,
"Slovak (slovenčina, slovenský jazyk)",sk,zelená,zelena,11,"rgb(0, 255, 18)",8,,,,
"Slovak (slovenčina, slovenský jazyk)",sk,žltá,zlta,11,"rgb(255, 244, 0)",2,,,,
"Slovene (slovenski jezik, slovenščina)",sl,modra,modra,39,"rgb(0, 149, 255)",2,,,,
"Slovene (slovenski jezik, slovenščina)",sl,oranžna,oranzna,22,"rgb(255, 147, 0)",1,,,,
"Slovene (slovenski jezik, slovenščina)",sl,rdeča,rdeca,22,"rgb(255, 0, 42)",0,,,,
"Slovene (slovenski jezik, slovenščina)",sl,roza,roza,10,"rgb(255, 0, 159)",0,,,,
"Slovene (slovenski jezik, slovenščina)",sl,rumena,rumena,15,"rgb(255, 239, 0)",0,,,,
"Slovene (slovenski jezik, slovenščina)",sl,sinje modra,sinjemodra,5,"rgb(0, 202, 255)",0,,,,
"Slovene (slovenski jezik, slovenščina)",sl,svetlo modra,svetlomodra,14,"rgb(0, 225, 255)",0,,,,
"Slovene (slovenski jezik, slovenščina)",sl,svetlo zelena,svetlozelena,14,"rgb(56, 255, 0)",1,,,,
"Slovene (slovenski jezik, slovenščina)",sl,temno modra,temnomodra,13,"rgb(0, 41, 255)",2,,,,
"Slovene (slovenski jezik, slovenščina)",sl,turkizna,turkizna,11,"rgb(0, 255, 177)",3,,,,
"Slovene (slovenski jezik, slovenščina)",sl,vijolična,vijolicna,20,"rgb(209, 0, 255)",2,,,,
"Slovene (slovenski jezik, slovenščina)",sl,zelena,zelena,17,"rgb(0, 255, 84)",4,,,,
Spanish (español),es,aguamarina,aguamarina,23,"rgb(0, 255, 237)",19,"rgb(58,219,199)",0.8064142763609974,-0.1314608667293587,-0.006015411721400856
Spanish (español),es,amarillo,amarillo,158,"rgb(255, 240, 0)",87,"rgb(243,229,46)",0.9062746805114081,-0.04634328812489173,0.17646452666071283
Spanish (español),es,amarillo limón,amarillolimon,5,"rgb(250, 255, 0)",2,,,,
Spanish (español),es,amarillo oscuro,amarillooscuro,6,"rgb(255, 204, 0)",2,,,,
Spanish (español),es,amarillo verdoso,amarilloverdoso,5,"rgb(221, 255, 0)",13,"rgb(210,226,76)",0.8726406516042413,-0.07238696031624728,0.15329671436523298
Spanish (español),es,anaranjado,anaranjado,16,"rgb(255, 144, 0)",14,"rgb(244,133,40)",0.725084847628242,0.09687028950836406,0.13549735428271323
Spanish (español),es,aqua,aqua,12,"rgb(0, 255, 219)",7,,,,
Spanish (español),es,azul,azul,324,"rgb(0, 129, 255)",351,"rgb(38,120,225)",0.5812721187017306,-0.04002724562719994,-0.17412523452457127
Spanish (español),es,azul celeste,azulceleste,8,"rgb(0, 182, 255)",12,"rgb(70,176,235)",0.7203240491530398,-0.06985292353037366,-0.10821994847275769
Spanish (español),es,azul cielo,azulcielo,30,"rgb(0, 196, 255)",44,"rgb(83,187,239)",0.7520371125683163,-0.0725310905130015,-0.09723742907064054
Spanish (español),es,azul claro,azulclaro,47,"rgb(0, 174, 255)",25,"rgb(61,173,244)",0.7169426737544283,-0.06943689510108451,-0.12430980950753301
Spanish (español),es,azul eléctrico,azulelectrico,14,"rgb(0, 70, 255)",20,"rgb(36,64,225)",0.4767028808157273,-0.01238598225524046,-0.2413905060664718
Spanish (español),es,azul marino,azulmarino,25,"rgb(0, 68, 255)",70,"rgb(30,57,154)",0.39058885088563045,-0.00922178136280202,-0.1607026654746664
Spanish (español),es,azul oscuro,azuloscuro,25,"rgb(0, 61, 255)",54,"rgb(32,59,170)",0.4115603216945819,-0.009970686603804858,-0.17845238231436075
Spanish (español),es,azul rey,azulrey,21,"rgb(0, 70, 255)",22,"rgb(31,75,228)",0.495004166197728,-0.01916498789810905,-0.2340909534018334
Spanish (español),es,azul turquesa,azulturquesa,10,"rgb(0, 255, 252)",9,,,,
Spanish (español),es,azul verdoso,azulverdoso,0,,12,"rgb(87,156,163)",0.6499719401633545,-0.06397429197000613,-0.029039383669407216
Spanish (español),es,beige,beige,1,,27,"rgb(209,197,150)",0.8221152810369343,-0.005785009817117502,0.06327883287009752
Spanish (español),es,cafe,cafe,0,,75,"rgb(132,87,59)",0.5004756052650173,0.044412081422912045,0.05816764718478687
Spanish (español),es,celeste,celeste,73,"rgb(0, 214, 255)",71,"rgb(74,204,239)",0.7882883293627525,-0.09345953471850595,-0.07760370338974286
Spanish (español),es,crema,crema,0,,12,"rgb(233,202,164)",0.856701243026806,0.01796689911006828,0.0585782397233778
Spanish (español),es,cian,cyan,49,"rgb(0, 241, 255)",27,"rgb(51,220,230)",0.817637177656338,-0.12125733707146741,-0.04715968293517552
Spanish (español),es,fucsia,fucsia,97,"rgb(255, 0, 179)",83,"rgb(233,45,173)",0.63783965749804,0.23682608412815737,-0.06345044446204703
Spanish (español),es,granate,granate,0,,16,"rgb(119,31,51)",0.3871433775481888,0.11815311032654824,0.0253117784834086
Spanish (español),es,gris,gris,0,,95,"rgb(139,147,148)",0.6565063264475567,-0.008099952460422773,-0.00420422765178417
Spanish (español),es,gris oscuro,grisoscuro,0,,12,"rgb(93,101,114)",0.503622151032672,-0.00357067236150165,-0.02284121321674873
Spanish (español),es,indigo,indigo,3,,12,"rgb(63,69,192)",0.4645078930043797,0.014151041278810138,-0.18779747182142836
Spanish (español),es,lavanda,lavanda,0,,16,"rgb(177,151,225)",0.7261644607040489,0.054389841170485106,-0.09497804152862954
Spanish (español),es,lila,lila,18,"rgb(227, 0, 255)",107,"rgb(178,114,216)",0.6590426897072454,0.10592969259059619,-0.11875803697519248
Spanish (español),es,lila oscuro,lilaoscuro,0,,13,"rgb(152,103,186)",0.5985539575111427,0.08485014878354152,-0.10016898024181946
Spanish (español),es,lima,lima,12,"rgb(160, 255, 0)",19,"rgb(151,241,77)",0.8699964880317144,-0.14707663892496128,0.1531308770737455
Spanish (español),es,magenta,magenta,72,"rgb(255, 0, 186)",73,"rgb(226,50,173)",0.6297936440191002,0.22772711197864776,-0.06756042939531803
Spanish (español),es,malva,malva,0,,12,"rgb(185,117,186)",0.6570363172604642,0.10392653469668593,-0.06927783436507377
Spanish (español),es,marrón,marron,0,,121,"rgb(130,80,51)",0.48124203436568536,0.05082564499387363,0.060531559928026564
Spanish (español),es,marrón claro,marronclaro,0,,21,"rgb(176,128,84)",0.6379543500485246,0.03693086003076557,0.07559285091200765
Spanish (español),es,marrón oscuro,marronoscuro,0,,17,"rgb(68,35,27)",0.2994121205089828,0.04391213890239477,0.029793896981954966
Spanish (español),es,menta,menta,7,"rgb(0, 255, 177)",14,"rgb(122,236,176)",0.861211457970539,-0.12636521306519974,0.0494966478372513
Spanish (español),es,morado,morado,96,"rgb(180, 0, 255)",272,"rgb(141,61,185)",0.5241209574877536,0.1258714833210096,-0.1448818361620185
Spanish (español),es,morado claro,moradoclaro,1,,16,"rgb(184,118,218)",0.6729596036187923,0.10799937742371957,-0.11540629798025852
Spanish (español),es,morado oscuro,moradooscuro,2,,28,"rgb(81,37,106)",0.35879593198234166,0.07872588340216333,-0.09044399104432964
Spanish (español),es,mostaza,mostaza,10,"rgb(255, 188, 0)",29,"rgb(217,174,50)",0.7693343756483934,0.003917235387002918,0.14206219772631165
Spanish (español),es,naranja,naranja,168,"rgb(255, 133, 0)",106,"rgb(246,131,34)",0.7245682755734661,0.10159333196017926,0.13814379235923044
Spanish (español),es,naranja claro,naranjaclaro,7,"rgb(255, 186, 0)",3,,,,
Spanish (español),es,naranja oscuro,naranjaoscuro,12,"rgb(255, 96, 0)",6,,,,
Spanish (español),es,naranjo,naranjo,7,"rgb(255, 147, 0)",2,,,,
Spanish (español),es,negro,negro,0,,78,"rgb(24,21,24)",0.2007196667778929,0.005589356636313348,-0.004368424793182365
Spanish (español),es,ocre,ocre,5,"rgb(255, 182, 0)",28,"rgb(205,165,61)",0.7386196006754114,0.005909398109297776,0.12752275736583635
Spanish (español),es,oliva,oliva,0,,12,"rgb(140,152,83)",0.654717091369312,-0.043598238022073944,0.08340571113593005
Spanish (español),es,piel,piel,0,,17,"rgb(225,179,143)",0.7988828556174755,0.03710022708578252,0.062084264742937066
Spanish (español),es,púrpura,purpura,26,"rgb(191, 0, 255)",50,"rgb(145,54,193)",0.5275013427295179,0.1378547954201912,-0.15845826460818022
Spanish (español),es,rojo,rojo,150,"rgb(255, 0, 31)",127,"rgb(233,37,48)",0.6003780947126485,0.20404543817038254,0.0965036278847865
Spanish (español),es,rosa,rosa,107,"rgb(255, 0, 166)",242,"rgb(236,95,168)",0.684544948858443,0.1868844167221598,-0.029352688759236356
Spanish (español),es,rosa mexicano,rosamexicano,5,"rgb(255, 0, 138)",8,,,,
Spanish (español),es,rosa oscuro,rosaoscuro,10,"rgb(255, 0, 131)",16,"rgb(215,61,126)",0.6031437901461513,0.19640368245329204,-0.0034090174748817124
Spanish (español),es,rosa pastel,rosapastel,0,,13,"rgb(231,166,199)",0.7959312474275035,0.08478664978398161,-0.019813199074380044
Spanish (español),es,salmón,salmon,1,,22,"rgb(234,131,113)",0.7185706608803071,0.11186488255857638,0.06686489910289227
Spanish (español),es,turquesa,turquesa,56,"rgb(0, 255, 243)",85,"rgb(57,216,201)",0.7981635441247913,-0.12775437999172518,-0.012725801223251147
Spanish (español),es,verde,verde,206,"rgb(0, 255, 58)",483,"rgb(97,202,92)",0.7518799510666994,-0.1421294015507436,0.10814294410147658
Spanish (español),es,verde agua,verdeagua,19,"rgb(0, 255, 173)",24,"rgb(93,236,171)",0.8479159353423312,-0.1456036384933136,0.05173040043722891
Spanish (español),es,verde azulado,verdeazulado,5,"rgb(0, 255, 182)",19,"rgb(74,197,147)",0.7425977128050785,-0.12639195541038648,0.03849487457684193
Spanish (español),es,verde bosque,verdebosque,0,,15,"rgb(49,115,57)",0.4970370808946791,-0.0929616587886044,0.06264347976919107
Spanish (español),es,verde claro,verdeclaro,24,"rgb(0, 255, 37)",60,"rgb(137,232,118)",0.8458156184995521,-0.13489655062438946,0.11185352797894421
Spanish (español),es,verde fluorescente,verdefluorescente,7,"rgb(118, 255, 0)",4,,,,
Spanish (español),es,verde grisáceo,verdegrisaceo,0,,14,"rgb(122,152,129)",0.6495282579350249,-0.04193032817472381,0.02270748556712959
Spanish (español),es,verde lima,verdelima,14,"rgb(157, 255, 0)",23,"rgb(160,232,65)",0.8539774694944454,-0.13301810729337338,0.15612666347169546
Spanish (español),es,verde limón,verdelimon,24,"rgb(149, 255, 0)",34,"rgb(145,229,59)",0.8380789037907813,-0.14460846565334862,0.15626350414685472
Spanish (español),es,verde manzana,verdemanzana,6,"rgb(139, 255, 0)",12,"rgb(133,228,79)",0.8309384512315899,-0.148185233868582,0.14168861411910183
Spanish (español),es,verde menta,verdementa,9,"rgb(0, 255, 153)",11,,,,
Spanish (español),es,verde militar,verdemilitar,0,,21,"rgb(97,126,67)",0.5557028778065186,-0.059203995296007075,0.0695625755302902
Spanish (español),es,verde neon,verdeneon,3,,12,"rgb(119,244,72)",0.8619784698317232,-0.17590993057987284,0.1548283397177893
Spanish (español),es,verde oliva,verdeoliva,1,,27,"rgb(119,140,55)",0.6041204509792149,-0.05925461162689451,0.09666795707031446
Spanish (español),es,verde oscuro,verdeoscuro,1,,69,"rgb(44,102,58)",0.45946299590637146,-0.08060621758204452,0.047718781940829895
Spanish (español),es,verde pastel,verdepastel,3,,17,"rgb(163,235,158)",0.8726497432323892,-0.10045070572178112,0.0758447178971958
Spanish (español),es,vino,vino,0,,17,"rgb(111,28,65)",0.37393066259848906,0.12061869956202556,-0.0054288034583634456
Spanish (español),es,violeta,violeta,44,"rgb(195, 0, 255)",142,"rgb(152,72,192)",0.5552910943766699,0.12786811528423833,-0.13785206695128197
Swedish (svenska),sv,blå,bla,243,"rgb(0, 128, 255)",64,"rgb(10,125,246)",0.6028146687047354,-0.04878321554948531,-0.19587104584072895
Swedish (svenska),sv,brun,brun,2,,36,"rgb(151,93,56)",0.5345647518832161,0.056859200524297604,0.07205961085527161
Swedish (svenska),sv,cerise,cerise,10,"rgb(255, 0, 135)",9,,,,
Swedish (svenska),sv,grön,gron,160,"rgb(0, 255, 74)",70,"rgb(84,234,94)",0.8292213176395192,-0.18081777637366428,0.1303492599641134
Swedish (svenska),sv,gul,gul,102,"rgb(255, 240, 0)",24,"rgb(246,232,31)",0.9135137999502654,-0.049779078339114415,0.18259645025630156
Swedish (svenska),sv,himmelsblå,himmelsbla,8,"rgb(0, 166, 255)",12,"rgb(83,168,241)",0.7099427462921837,-0.0523797792416371,-0.12459489586433312
Swedish (svenska),sv,lila,lila,108,"rgb(208, 0, 255)",70,"rgb(179,58,221)",0.5944938115363756,0.1730868424778573,-0.16986557942543426
Swedish (svenska),sv,lime,lime,11,"rgb(168, 255, 0)",0,,,,
Swedish (svenska),sv,limegrön,limegron,24,"rgb(148, 255, 0)",24,"rgb(152,246,62)",0.8814786280343779,-0.15600907359846375,0.16527133561762544
Swedish (svenska),sv,ljusblå,ljusbla,58,"rgb(0, 198, 255)",23,"rgb(59,196,251)",0.7702859354419518,-0.08821387779578425,-0.10518936013441321
Swedish (svenska),sv,ljusgrön,ljusgron,12,"rgb(0, 255, 70)",28,"rgb(129,233,116)",0.84460939685365,-0.14271930490908233,0.11353292607923482
Swedish (svenska),sv,ljusorange,ljusorange,5,"rgb(255, 168, 0)",1,,,,
Swedish (svenska),sv,marinblå,marinbla,4,,14,"rgb(34,55,145)",0.3815382385478838,-0.0052570927347601465,-0.14910097778347245
Swedish (svenska),sv,mintgrön,mintgron,8,"rgb(0, 255, 160)",13,"rgb(103,234,173)",0.8477013130497155,-0.13759890206680647,0.04850487108062308
Swedish (svenska),sv,mörkblå,morkbla,41,"rgb(0, 51, 255)",28,"rgb(33,58,203)",0.44297948417398353,-0.010954315545302606,-0.2224581261883053
Swedish (svenska),sv,mörkgrön,morkgron,2,,19,"rgb(40,109,56)",0.47628131550965247,-0.09192398129757615,0.0566382760488174
Swedish (svenska),sv,mörkgul,morkgul,8,"rgb(255, 214, 0)",1,,,,
Swedish (svenska),sv,mörklila,morklila,5,"rgb(155, 0, 255)",21,"rgb(106,49,138)",0.4323562077180418,0.09686070772180051,-0.10998045091709165
Swedish (svenska),sv,mörkorange,morkorange,6,"rgb(255, 95, 0)",0,,,,
Swedish (svenska),sv,mörkrosa,morkrosa,7,"rgb(255, 0, 126)",10,,,,
Swedish (svenska),sv,neongrön,neongron,8,"rgb(53, 255, 0)",13,"rgb(90,245,67)",0.8548732438765898,-0.19514949596306833,0.15645822276172014
Swedish (svenska),sv,orange,orange,105,"rgb(255, 137, 0)",24,"rgb(251,133,22)",0.7342932313754308,0.10181349546429752,0.14455071120622875
Swedish (svenska),sv,röd,rod,121,"rgb(255, 0, 43)",23,"rgb(250,30,54)",0.6298003197757428,0.2222177192444016,0.09945611643093101
Swedish (svenska),sv,rosa,rosa,99,"rgb(255, 0, 166)",40,"rgb(247,65,170)",0.6729210309346412,0.2316433376170232,-0.040567336859282946
Swedish (svenska),sv,senapsgul,senapsgul,7,"rgb(255, 196, 0)",5,,,,
Swedish (svenska),sv,skogsgrön,skogsgron,0,,12,"rgb(72,122,50)",0.5273358059832255,-0.08547385191375623,0.07969880399076083
Swedish (svenska),sv,svart,svart,0,,21,"rgb(31,23,27)",0.2171394641263873,0.01493375531902173,-0.0037050091774371093
Swedish (svenska),sv,turkos,turkos,90,"rgb(0, 255, 243)",34,"rgb(41,235,220)",0.8494477642863673,-0.14238916602389298,-0.015514035747718083
Swedish (svenska),sv,vinröd,vinrod,1,,16,"rgb(131,31,61)",0.4118957817098202,0.13360493002655413,0.018170763407137067
Tagalog (Wikang Tagalog),tl,asul,asul,37,"rgb(0, 137, 255)",2,,,,
Tagalog (Wikang Tagalog),tl,berde,berde,22,"rgb(0, 255, 57)",12,,,,
Tagalog (Wikang Tagalog),tl,dilaw,dilaw,15,"rgb(255, 225, 0)",2,,,,
Tagalog (Wikang Tagalog),tl,kahel,kahel,12,"rgb(255, 130, 0)",4,,,,
Tagalog (Wikang Tagalog),tl,lila,lila,18,"rgb(209, 0, 255)",12,,,,
Tagalog (Wikang Tagalog),tl,pink,pink,8,"rgb(255, 0, 163)",0,,,,
Tagalog (Wikang Tagalog),tl,pula,pula,13,"rgb(255, 0, 46)",3,,,,
Tamil (தமிழ்),ta,இளஞ்சிவப்பு,இளஞசிவபபு,9,"rgb(255, 0, 171)",14,"rgb(237,92,190)",0.6922491603942944,0.19676856222421515,-0.06179974452845629
Tamil (தமிழ்),ta,oodha,ஊதா,4,,56,"rgb(141,85,187)",0.5587707719457776,0.09699835604976605,-0.1265942447777083
Tamil (தமிழ்),ta,karuppu,கருபபு,0,,20,"rgb(29,26,33)",0.22283441481462923,0.008366884821347858,-0.012136537019150502
Tamil (தமிழ்),ta,neelam,நீலம,8,,36,"rgb(58,118,214)",0.5763492060318979,-0.029455021560415476,-0.15697347378974746
Tamil (தமிழ்),ta,pachai,பசசை,3,,47,"rgb(103,170,91)",0.6739067062826605,-0.10049601957656122,0.08248985521143888
Tamil (தமிழ்),ta,மஞ்சள்,மஞசள,7,"rgb(255, 238, 0)",10,,,,
Telugu (తెలుగు),te,aaku pacha,ఆకుపచచ,2,,16,"rgb(96,197,121)",0.7434748801375837,-0.12561721281791416,0.07356019096779653
Telugu (తెలుగు),te,gulabi,గులాబీ,10,,19,"rgb(236,86,164)",0.674353884665509,0.19727033636209534,-0.029432795966440776
Telugu (తెలుగు),te,nalupu,నలుపు,0,,19,"rgb(29,22,23)",0.20817906852360882,0.012268294486821532,0.0011469136792479147
Telugu (తెలుగు),te,నీలం,నీలం,23,,23,"rgb(44,138,224)",0.6209280646115763,-0.05198676800730677,-0.1464987751737719
Thai (ไทย),th,เขียว,เขียว,38,"rgb(0, 255, 74)",0,,,,
Thai (ไทย),th,เขียวมะนาว,เขียวมะนาว,5,"rgb(195, 255, 0)",0,,,,
Thai (ไทย),th,เขียวอมฟ้า,เขียวอมฟา,6,"rgb(0, 255, 191)",0,,,,
Thai (ไทย),th,เขียวอ่อน,เขียวออน,14,"rgb(74, 255, 0)",0,,,,
Thai (ไทย),th,ชมพู,ชมพู,32,"rgb(255, 0, 174)",0,,,,
Thai (ไทย),th,แดง,แดง,26,"rgb(255, 0, 36)",0,,,,
Thai (ไทย),th,น้ำเงิน,นำเงิน,37,"rgb(0, 70, 255)",0,,,,
Thai (ไทย),th,น้ำเงินเข้ม,นำเงินเขม,5,"rgb(0, 67, 255)",1,,,,
Thai (ไทย),th,บานเย็น,บานเยน,7,"rgb(255, 0, 177)",0,,,,
Thai (ไทย),th,ฟ้า,ฟา,48,"rgb(0, 205, 255)",0,,,,
Thai (ไทย),th,ฟ้าเข้ม,ฟาเขม,6,"rgb(0, 151, 255)",0,,,,
Thai (ไทย),th,ฟ้าอ่อน,ฟาออน,7,"rgb(0, 235, 255)",0,,,,
Thai (ไทย),th,ม่วง,มวง,22,"rgb(186, 0, 255)",0,,,,
Thai (ไทย),th,ส้ม,สม,28,"rgb(255, 143, 0)",0,,,,
Thai (ไทย),th,เหลือง,เหลือง,26,"rgb(255, 236, 0)",0,,,,
Turkish (Türkçe),tr,açık mavi,acikmavi,19,"rgb(0, 209, 255)",7,,,,
Turkish (Türkçe),tr,açık yeşil,acikyesil,13,"rgb(54, 255, 0)",8,,,,
Turkish (Türkçe),tr,bordo,bordo,1,,14,"rgb(127,39,50)",0.4103019034601387,0.11572335388227457,0.03579775843680187
Turkish (Türkçe),tr,camgöbeği,camgobegi,6,"rgb(0, 247, 255)",1,,,,
Turkish (Türkçe),tr,çingene pembesi,cingenepembesi,5,"rgb(255, 0, 185)",2,,,,
Turkish (Türkçe),tr,eflatun,eflatun,11,"rgb(255, 0, 217)",6,,,,
Turkish (Türkçe),tr,fıstık yeşili,fistikyesili,15,"rgb(73, 255, 0)",2,,,,
Turkish (Türkçe),tr,fuşya,fusya,10,"rgb(255, 0, 197)",12,"rgb(222,42,178)",0.6214074405227433,0.23089682925388513,-0.08198818659772837
Turkish (Türkçe),tr,gök mavisi,gokmavisi,6,"rgb(0, 198, 255)",0,,,,
Turkish (Türkçe),tr,kahverengi,kahverengi,0,,13,"rgb(130,91,55)",0.5030405476944965,0.033237729245953807,0.06385107580161176
Turkish (Türkçe),tr,kırmızı,kirmizi,59,"rgb(255, 0, 41)",15,"rgb(243,36,55)",0.6196207195253581,0.21410569534969756,0.09568925576915115
Turkish (Türkçe),tr,koyu mavi,koyumavi,17,"rgb(0, 77, 255)",4,,,,
Turkish (Türkçe),tr,koyu yeşil,koyuyesil,0,,14,"rgb(43,84,54)",0.40736331746427495,-0.060839472983363355,0.033631335020067585
Turkish (Türkçe),tr,lacivert,lacivert,47,"rgb(0, 52, 255)",27,"rgb(36,62,209)",0.455701818616779,-0.009882630567621788,-0.2238395081814685
Turkish (Türkçe),tr,mavi,mavi,126,"rgb(0, 153, 255)",27,"rgb(25,151,248)",0.6622203229563426,-0.0628547486043558,-0.1636208712181267
Turkish (Türkçe),tr,mor,mor,65,"rgb(193, 0, 255)",44,"rgb(164,56,218)",0.5715310597097785,0.15669035339020482,-0.177518051469907
Turkish (Türkçe),tr,pembe,pembe,69,"rgb(255, 0, 163)",30,"rgb(246,65,165)",0.6697374144747944,0.22976222699221846,-0.034538995282093386
Turkish (Türkçe),tr,sarı,sari,66,"rgb(255, 237, 0)",9,,,,
Turkish (Türkçe),tr,siyah,siyah,0,,17,"rgb(32,25,29)",0.22360943113814422,0.014007960732584007,-0.004531929450259582
Turkish (Türkçe),tr,su yeşili,suyesili,8,"rgb(0, 255, 169)",8,,,,
Turkish (Türkçe),tr,turkuaz,turkuaz,45,"rgb(0, 255, 247)",10,,,,
Turkish (Türkçe),tr,turuncu,turuncu,74,"rgb(255, 135, 0)",14,"rgb(252,133,22)",0.735702457613785,0.10368910260997875,0.1449450547818906
Turkish (Türkçe),tr,yeşil,yesil,92,"rgb(0, 255, 52)",44,"rgb(90,226,96)",0.8100812010319617,-0.16892630725634097,0.1226030483233488
Ukrainian (Українська),uk,бірюзовий,бірюзовии,9,"rgb(0, 255, 197)",2,,,,
Ukrainian (Українська),uk,блакитний,блакитнии,17,"rgb(0, 196, 255)",7,,,,
Ukrainian (Українська),uk,жовтий,жовтии,14,"rgb(255, 234, 0)",2,,,,
Ukrainian (Українська),uk,жовто гарячий,жовтогарячии,5,"rgb(255, 165, 0)",2,,,,
Ukrainian (Українська),uk,зелений,зелении,6,"rgb(0, 255, 85)",8,,,,
Ukrainian (Українська),uk,малиновий,малиновии,7,"rgb(255, 0, 117)",1,,,,
Ukrainian (Українська),uk,помаранчевий,помаранчевии,13,"rgb(255, 122, 0)",3,,,,
Ukrainian (Українська),uk,рожевий,рожевии,7,"rgb(255, 0, 172)",6,,,,
Ukrainian (Українська),uk,салатовий,салатовии,11,"rgb(75, 255, 0)",5,,,,
Ukrainian (Українська),uk,синій,синіи,23,"rgb(0, 108, 255)",4,,,,
Ukrainian (Українська),uk,фіолетовий,фіолетовии,13,"rgb(164, 0, 255)",14,"rgb(146,55,210)",0.5415902116989725,0.13642188266190464,-0.18036557990647423
Ukrainian (Українська),uk,фуксія,фуксія,7,"rgb(255, 0, 231)",1,,,,
Ukrainian (Українська),uk,червоний,червонии,14,"rgb(255, 0, 50)",2,,,,
Urdu (اردو),ur,bhoora,بھورا,1,,23,"rgb(134,92,77)",0.5142511289488753,0.04582063667452218,0.03924403219940168
Urdu (اردو),ur,baigani,بیگنی,0,,16,"rgb(142,74,178)",0.5378138904902304,0.11245586579518428,-0.12332006275620006
Urdu (اردو),ur,peela,پیلا,13,"rgb(255, 231, 0)",15,"rgb(240,222,70)",0.889843058909734,-0.03522041319289427,0.16103463692080872
Urdu (اردو),ur,جامنی,جامنی,11,"rgb(168, 0, 255)",50,"rgb(138,58,187)",0.5186855266870518,0.12564534911605987,-0.15228779675256415
Urdu (اردو),ur,sabz,سبز,8,"rgb(121, 255, 0)",16,"rgb(97,178,77)",0.6893991883233027,-0.12126317934188736,0.10319519758290106
Urdu (اردو),ur,surkh,سرخ,6,"rgb(255, 0, 18)",2,,,,
Urdu (اردو),ur,kala,کالا,0,,27,"rgb(25,18,29)",0.19688544743862976,0.015174978878825832,-0.01748167375649455
Urdu (اردو),ur,gulabi,گلابی,17,"rgb(255, 0, 194)",45,"rgb(228,89,174)",0.6687195835319186,0.1887561049232738,-0.04749076036821846
Urdu (اردو),ur,laal,لال,4,,12,"rgb(215,46,42)",0.5741861001053475,0.18220332651804985,0.09533656325887957
Urdu (اردو),ur,neela,نیلا,34,"rgb(0, 118, 255)",61,"rgb(57,115,209)",0.565529263057045,-0.027964678781481456,-0.1556191385296741
Urdu (اردو),ur,hara,ہرا,7,"rgb(0, 255, 92)",60,"rgb(84,170,84)",0.6640453648246303,-0.11903327734218128,0.08716698701412574
Vietnamese (Tiếng Việt),vi,cam,cam,26,"rgb(255, 124, 0)",0,,,,
Vietnamese (Tiếng Việt),vi,cam dam,camdam,5,"rgb(255, 113, 0)",0,,,,
Vietnamese (Tiếng Việt),vi,da cam,dacam,11,"rgb(255, 149, 0)",0,,,,
Vietnamese (Tiếng Việt),vi,đỏ,do,31,"rgb(255, 0, 44)",0,,,,
Vietnamese (Tiếng Việt),vi,đỏ cam,docam,6,"rgb(255, 62, 0)",0,,,,
Vietnamese (Tiếng Việt),vi,đỏ hồng,dohong,7,"rgb(255, 0, 78)",0,,,,
Vietnamese (Tiếng Việt),vi,hồng,hong,48,"rgb(255, 0, 187)",0,,,,
Vietnamese (Tiếng Việt),vi,hồng cánh sen,hongcanhsen,6,"rgb(255, 0, 179)",0,,,,
Vietnamese (Tiếng Việt),vi,hồng đậm,hongdam,9,"rgb(255, 0, 140)",0,,,,
Vietnamese (Tiếng Việt),vi,hồng tím,hongtim,5,"rgb(255, 0, 231)",1,,,,
Vietnamese (Tiếng Việt),vi,màu cam,maucam,10,"rgb(255, 125, 0)",0,,,,
Vietnamese (Tiếng Việt),vi,màu đỏ,maudo,5,"rgb(255, 0, 27)",0,,,,
Vietnamese (Tiếng Việt),vi,màu tím,mautim,8,"rgb(167, 0, 255)",0,,,,
Vietnamese (Tiếng Việt),vi,màu vàng,mauvang,5,"rgb(255, 246, 0)",0,,,,
Vietnamese (Tiếng Việt),vi,tím,tim,32,"rgb(173, 0, 255)",5,,,,
Vietnamese (Tiếng Việt),vi,vàng,vang,33,"rgb(255, 233, 0)",1,,,,
Vietnamese (Tiếng Việt),vi,xanh,xanh,18,"rgb(0, 191, 255)",0,,,,
Vietnamese (Tiếng Việt),vi,xanh chuối,xanhchuoi,9,"rgb(103, 255, 0)",1,,,,
Vietnamese (Tiếng Việt),vi,xanh đậm,xanhdam,10,"rgb(0, 47, 255)",1,,,,
Vietnamese (Tiếng Việt),vi,xanh da trời,xanhdatroi,27,"rgb(0, 193, 255)",2,,,,
Vietnamese (Tiếng Việt),vi,xanh dương,xanhduong,38,"rgb(0, 128, 255)",1,,,,
Vietnamese (Tiếng Việt),vi,xanh lá,xanhla,21,"rgb(0, 255, 58)",2,,,,
Vietnamese (Tiếng Việt),vi,xanh lá cây,xanhlacay,22,"rgb(0, 255, 43)",1,,,,
Vietnamese (Tiếng Việt),vi,xanh lam,xanhlam,12,"rgb(0, 189, 255)",1,,,,
Vietnamese (Tiếng Việt),vi,xanh lục,xanhluc,6,"rgb(0, 224, 255)",0,,,,
Vietnamese (Tiếng Việt),vi,xanh ngọc,xanhngoc,24,"rgb(0, 255, 243)",1,,,,
Vietnamese (Tiếng Việt),vi,xanh nhạt,xanhnhat,9,"rgb(0, 217, 255)",0,,,,
Vietnamese (Tiếng Việt),vi,xanh nõn chuối,xanhnonchuoi,8,"rgb(149, 255, 0)",0,,,,
Vietnamese (Tiếng Việt),vi,xanh nước biển,xanhnuocbien,21,"rgb(0, 114, 255)",0,,,,
Vietnamese (Tiếng Việt),vi,xanh tím,xanhtim,5,"rgb(68, 0, 255)",0,,,,
