participantId,lang0,name,colorSpace,r,g,b,trialNum,tileNum,rgbSet,background,locale,studyVersion,standardized_entered_name,entered_name
3293,English (English),,rgb,255,0,109,1,9,line,white,en,pilot,?,?
3355,Russian (Русский),,rgb,213,0,255,6,6,line,white,en,pilot,purple,purple
3383,Thai (ไทย),,rgb,255,0,199,1,0,line,white,en,pilot,fushia pink,Fushia pink
3383,Thai (ไทย),,rgb,0,60,255,1,1,line,white,en,pilot,blue,Blue
3383,Thai (ไทย),,rgb,0,164,255,1,2,line,white,en,pilot,sky blue,Sky blue
3383,Thai (ไทย),,rgb,0,151,255,1,3,line,white,en,pilot,dark sky blue,Dark sky blue
3383,Thai (ไทย),,rgb,255,0,82,1,4,line,white,en,pilot,red,Red
3383,Thai (ไทย),,rgb,0,255,212,1,5,line,white,en,pilot,mint green,Mint green
3383,Thai (ไทย),,rgb,0,255,147,1,6,line,white,en,pilot,emerald green,Emerald green
3383,Thai (ไทย),,rgb,163,255,0,1,7,line,white,en,pilot,lemon green,Lemon green
3383,Thai (ไทย),,rgb,255,0,235,1,8,line,white,en,pilot,pink,Pink
3383,Thai (ไทย),,rgb,0,183,255,1,9,line,white,en,pilot,light blue,Light blue
3383,Thai (ไทย),,rgb,255,0,153,1,10,line,white,en,pilot,rose pink,Rose pink
3383,Thai (ไทย),,rgb,72,0,255,1,11,line,white,en,pilot,purple blue,Purple blue
3383,Thai (ไทย),,rgb,255,201,0,3,0,line,white,en,pilot,custard yellow,Custard yellow
3383,Thai (ไทย),,rgb,252,0,255,3,1,line,white,en,pilot,pink,Pink
3383,Thai (ไทย),,rgb,0,118,255,3,2,line,white,en,pilot,blue,Blue
3383,Thai (ไทย),,rgb,255,0,19,3,3,line,white,en,pilot,red,Red
3383,Thai (ไทย),,rgb,0,208,255,3,4,line,white,en,pilot,light blue,Light blue
3383,Thai (ไทย),,rgb,110,255,0,3,5,line,white,en,pilot,green,Green
3383,Thai (ไทย),,rgb,0,89,255,3,6,line,white,en,pilot,blue,Blue
3383,Thai (ไทย),,rgb,255,130,0,3,7,line,white,en,pilot,orange,Orange
3383,Thai (ไทย),,rgb,0,255,231,3,8,line,white,en,pilot,seawater blue,Seawater blue
3383,Thai (ไทย),,rgb,255,9,0,3,9,line,white,en,pilot,red,Red
3383,Thai (ไทย),,rgb,0,92,255,3,10,line,white,en,pilot,blue,Blue
3383,Thai (ไทย),,rgb,255,0,123,3,11,line,white,en,pilot,rose pink,Rose pink
3383,Thai (ไทย),,rgb,255,235,0,6,0,line,white,en,pilot,yellow,Yellow
3383,Thai (ไทย),,rgb,224,255,0,6,1,line,white,en,pilot,yellow,Yellow
3383,Thai (ไทย),,rgb,255,88,0,6,2,line,white,en,pilot,orange,Orange
3383,Thai (ไทย),,rgb,0,255,92,6,3,line,white,en,pilot,green,Green
3383,Thai (ไทย),,rgb,255,158,0,6,4,line,white,en,pilot,orange,Orange
3383,Thai (ไทย),,rgb,0,236,255,6,5,line,white,en,pilot,blue,Blue
3383,Thai (ไทย),,rgb,212,0,255,6,6,line,white,en,pilot,purple,Purple
3383,Thai (ไทย),,rgb,0,255,11,6,7,line,white,en,pilot,green,Green
3383,Thai (ไทย),,rgb,242,255,0,6,8,line,white,en,pilot,yellow,Yellow
3383,Thai (ไทย),,rgb,0,255,171,6,9,line,white,en,pilot,green,Green
3383,Thai (ไทย),,rgb,255,0,78,6,10,line,white,en,pilot,red,Red
3383,Thai (ไทย),,rgb,146,0,255,6,11,line,white,en,pilot,purple,Purple
3540,German (Deutsch),,rgb,0,137,255,1,11,line,white,en,pilot,cyan,Cyan
3540,German (Deutsch),,rgb,0,123,255,6,10,line,white,en,pilot,cyan,Cyan
3696,Portuguese (português),,rgb,255,0,171,1,11,line,white,en,pilot,pink,Pink
3696,Portuguese (português),,rgb,255,0,115,3,9,line,white,en,pilot,pink,Pink
3944,English (English),,rgb,0,184,255,1,0,line,white,en,pilot,하늘색,하늘색
3944,English (English),,rgb,0,255,151,1,1,line,white,en,pilot,황록색,황록색
3944,English (English),,rgb,255,0,139,1,2,line,white,en,pilot,핫핑크,핫핑크
3944,English (English),,rgb,0,255,176,1,3,line,white,en,pilot,황록색,황록색
3944,English (English),,rgb,250,0,255,1,4,line,white,en,pilot,마젠타,마젠타
3944,English (English),,rgb,0,110,255,1,5,line,white,en,pilot,파랑색,파랑색
3944,English (English),,rgb,0,161,255,1,6,line,white,en,pilot,파랑색,파랑색
3944,English (English),,rgb,0,255,68,1,7,line,white,en,pilot,초록색,초록색
3944,English (English),,rgb,0,131,255,1,8,line,white,en,pilot,파랑색,파랑색
3944,English (English),,rgb,208,255,0,1,9,line,white,en,pilot,형광색,형광색
3944,English (English),,rgb,0,255,85,1,10,line,white,en,pilot,라임색,라임색
3944,English (English),,rgb,0,151,255,1,11,line,white,en,pilot,파랑색,파랑색
3944,English (English),,rgb,0,220,255,3,0,line,white,en,pilot,청록색,청록색
3944,English (English),,rgb,255,36,0,3,1,line,white,en,pilot,석류색,석류색
3944,English (English),,rgb,255,157,0,3,2,line,white,en,pilot,주황색,주황색
3944,English (English),,rgb,0,255,237,3,3,line,white,en,pilot,청록색,청록색
3944,English (English),,rgb,255,102,0,3,4,line,white,en,pilot,주황색,주황색
3944,English (English),,rgb,255,215,0,3,5,line,white,en,pilot,노랑색,노랑색
3944,English (English),,rgb,0,50,255,3,6,line,white,en,pilot,남색,남색
3944,English (English),,rgb,0,255,202,3,7,line,white,en,pilot,황록색,황록색
3944,English (English),,rgb,0,16,255,3,8,line,white,en,pilot,파랑색,파랑색
3944,English (English),,rgb,255,188,0,3,9,line,white,en,pilot,주황색,주황색
3944,English (English),,rgb,149,255,0,3,10,line,white,en,pilot,라임색,라임색
3944,English (English),,rgb,185,0,255,3,11,line,white,en,pilot,보라색,보라색
3944,English (English),,rgb,255,0,208,6,0,line,white,en,pilot,핫핑크,핫핑크
3944,English (English),,rgb,0,86,255,6,1,line,white,en,pilot,파랑색,파랑색
3944,English (English),,rgb,0,251,255,6,2,line,white,en,pilot,옥색,옥색
3944,English (English),,rgb,129,255,0,6,3,line,white,en,pilot,라임색,라임색
3944,English (English),,rgb,255,123,0,6,4,line,white,en,pilot,주황색,주황색
3944,English (English),,rgb,255,0,148,6,5,line,white,en,pilot,핑크색,핑크색
3944,English (English),,rgb,250,255,0,6,6,line,white,en,pilot,레몬색,레몬색
3944,English (English),,rgb,255,0,221,6,7,line,white,en,pilot,핑크색,핑크색
3944,English (English),,rgb,255,0,58,6,8,line,white,en,pilot,빨간색,빨간색
3944,English (English),,rgb,255,0,21,6,9,line,white,en,pilot,빨간색,빨간색
3944,English (English),,rgb,255,0,80,6,10,line,white,en,pilot,빨간색,빨간색
3944,English (English),,rgb,101,0,255,6,11,line,white,en,pilot,인디고,인디고
4140,Russian (Русский),,rgb,255,0,134,1,0,line,white,en,pilot,dark pink,Dark pink
4140,Russian (Русский),,rgb,0,171,255,1,1,line,white,en,pilot,blue,Blue
4140,Russian (Русский),,rgb,0,255,95,1,2,line,white,en,pilot,green,Green
4140,Russian (Русский),,rgb,255,0,79,1,4,line,white,en,pilot,burgundy,Burgundy
4140,Russian (Русский),,rgb,255,0,48,1,5,line,white,en,pilot,red,Red
4140,Russian (Русский),,rgb,255,0,167,1,6,line,white,en,pilot,pink,Pink
4140,Russian (Русский),,rgb,217,0,255,1,8,line,white,en,pilot,light purple,Light purple
4140,Russian (Русский),,rgb,255,228,0,1,9,line,white,en,pilot,yellow,Yellow
4140,Russian (Русский),,rgb,161,0,255,1,10,line,white,en,pilot,dark purple,Dark purple
4143,English (English),,rgb,255,0,66,6,10,line,white,en,pilot,?,?
4377,Russian (Русский),,rgb,255,140,0,3,0,line,white,en,pilot,jason funderburker,Jason Funderburker
4377,Russian (Русский),,rgb,254,255,0,3,1,line,white,en,pilot,dr who,Dr Who
4377,Russian (Русский),,rgb,213,255,0,3,2,line,white,en,pilot,the 5th element,The 5th Element
4377,Russian (Русский),,rgb,0,43,255,3,3,line,white,en,pilot,yoko,Yoko
4377,Russian (Русский),,rgb,0,241,255,3,4,line,white,en,pilot,kodi,Kodi
4377,Russian (Русский),,rgb,255,105,0,3,5,line,white,en,pilot,julie,Julie
4377,Russian (Русский),,rgb,255,200,0,3,6,line,white,en,pilot,danger danger doop,Danger Danger Doop
4377,Russian (Русский),,rgb,175,255,0,3,7,line,white,en,pilot,floooooop,Floooooop
4377,Russian (Русский),,rgb,255,0,68,3,8,line,white,en,pilot,roar,Roar
4377,Russian (Русский),,rgb,0,10,255,3,9,line,white,en,pilot,eating,Eating
4377,Russian (Русский),,rgb,255,0,28,3,10,line,white,en,pilot,snack,Snack
4377,Russian (Русский),,rgb,0,219,255,3,11,line,white,en,pilot,i'm getting hungry.,I'm getting hungry.
4422,"Dutch (Nederlands, Vlaams)",,rgb,255,0,229,1,2,line,white,en,1,fuchsia,Fuchsia
4422,"Dutch (Nederlands, Vlaams)",,rgb,255,0,208,3,4,line,white,en,1,fuchsia,Fuchsia
4422,"Dutch (Nederlands, Vlaams)",,rgb,255,0,163,6,4,line,white,en,1,fuchsia,Fuchsia
4561,"French (français, langue française)",,rgb,0,235,255,3,0,line,white,en,1.1.2,bright blue,bright blue
4561,"French (français, langue française)",,rgb,93,255,0,3,1,line,white,en,1.1.2,bright green,bright green
4561,"French (français, langue française)",,rgb,0,34,255,3,2,line,white,en,1.1.2,dark blue,dark blue
4561,"French (français, langue française)",,rgb,255,0,195,3,3,line,white,en,1.1.2,bright purple,bright purple
4561,"French (français, langue française)",,rgb,255,186,0,3,4,line,white,en,1.1.2,yellow,yellow
4561,"French (français, langue française)",,rgb,0,70,255,3,7,line,white,en,1.1.2,dark blue,dark blue
4561,"French (français, langue française)",,rgb,0,44,255,3,8,line,white,en,1.1.2,dark blue,dark blue
4561,"French (français, langue française)",,rgb,0,255,250,3,9,line,white,en,1.1.2,bright blue,bright blue
4561,"French (français, langue française)",,rgb,255,0,221,3,11,line,white,en,1.1.2,bright purple,bright purple
4561,"French (français, langue française)",,rgb,133,255,0,6,0,line,white,en,1.1.2,bright green,bright green
4561,"French (français, langue française)",,rgb,255,57,0,6,3,line,white,en,1.1.2,orange red,orange red
4561,"French (français, langue française)",,rgb,174,0,255,6,6,line,white,en,1.1.2,purple,purple
4561,"French (français, langue française)",,rgb,255,0,250,6,7,line,white,en,1.1.2,bright purple,bright purple
4561,"French (français, langue française)",,rgb,0,255,221,6,8,line,white,en,1.1.2,bright blue,bright blue
4561,"French (français, langue française)",,rgb,255,222,0,6,9,line,white,en,1.1.2,yellow,yellow
4561,"French (français, langue française)",,rgb,255,0,34,6,11,line,white,en,1.1.2,red,red
4598,"Abkhaz (аҧсуа бызшәа, аҧсшәа)",,rgb,0,255,126,1,0,line,white,en,1.1.2,a,a
4598,"Abkhaz (аҧсуа бызшәа, аҧсшәа)",,rgb,0,255,108,1,1,line,white,en,1.1.2,b,b
4598,"Abkhaz (аҧсуа бызшәа, аҧсшәа)",,rgb,255,0,209,1,2,line,white,en,1.1.2,c,c
4598,"Abkhaz (аҧсуа бызшәа, аҧсшәа)",,rgb,0,42,255,1,3,line,white,en,1.1.2,d,d
4598,"Abkhaz (аҧсуа бызшәа, аҧсшәа)",,rgb,0,187,255,1,4,line,white,en,1.1.2,e,e
4598,"Abkhaz (аҧсуа бызшәа, аҧсшәа)",,rgb,0,255,200,1,5,line,white,en,1.1.2,f,f
4598,"Abkhaz (аҧсуа бызшәа, аҧсшәа)",,rgb,255,0,147,1,6,line,white,en,1.1.2,g,g
4598,"Abkhaz (аҧсуа бызшәа, аҧсшәа)",,rgb,255,0,24,1,7,line,white,en,1.1.2,h,h
4598,"Abkhaz (аҧсуа бызшәа, аҧсшәа)",,rgb,0,80,255,1,8,line,white,en,1.1.2,i,i
4598,"Abkhaz (аҧсуа бызшәа, аҧсшәа)",,rgb,0,255,168,1,9,line,white,en,1.1.2,j,j
4598,"Abkhaz (аҧсуа бызшәа, аҧсшәа)",,rgb,0,170,255,1,10,line,white,en,1.1.2,k,k
4598,"Abkhaz (аҧсуа бызшәа, аҧсшәа)",,rgb,255,68,0,1,11,line,white,en,1.1.2,l,l
4598,"Abkhaz (аҧсуа бызшәа, аҧсшәа)",,rgb,255,143,0,3,0,line,white,en,1.1.2,a,a
4598,"Abkhaz (аҧсуа бызшәа, аҧсшәа)",,rgb,255,209,0,3,1,line,white,en,1.1.2,b,b
4598,"Abkhaz (аҧсуа бызшәа, аҧсшәа)",,rgb,0,99,255,3,2,line,white,en,1.1.2,c,c
4598,"Abkhaz (аҧсуа бызшәа, аҧсшәа)",,rgb,0,126,255,3,3,line,white,en,1.1.2,d,d
4598,"Abkhaz (аҧсуа бызшәа, аҧсшәа)",,rgb,0,212,255,3,4,line,white,en,1.1.2,e,e
4598,"Abkhaz (аҧсуа бызшәа, аҧсшәа)",,rgb,255,0,214,3,5,line,white,en,1.1.2,f,f
4598,"Abkhaz (аҧсуа бызшәа, аҧсшәа)",,rgb,0,151,255,3,6,line,white,en,1.1.2,g,g
4598,"Abkhaz (аҧсуа бызшәа, аҧсшәа)",,rgb,0,235,255,3,7,line,white,en,1.1.2,h,h
4598,"Abkhaz (аҧсуа бызшәа, аҧсшәа)",,rgb,71,255,0,3,8,line,white,en,1.1.2,i,i
4598,"Abkhaz (аҧсуа бызшәа, аҧсшәа)",,rgb,255,0,246,3,9,line,white,en,1.1.2,j,j
4598,"Abkhaz (аҧсуа бызшәа, аҧсшәа)",,rgb,159,0,255,3,10,line,white,en,1.1.2,k,k
4598,"Abkhaz (аҧсуа бызшәа, аҧсшәа)",,rgb,172,255,0,3,11,line,white,en,1.1.2,l,l
4598,"Abkhaz (аҧсуа бызшәа, аҧсшәа)",,rgb,255,242,0,6,0,line,white,en,1.1.2,a,a
4598,"Abkhaz (аҧсуа бызшәа, аҧсшәа)",,rgb,204,0,255,6,1,line,white,en,1.1.2,b,b
4598,"Abkhaz (аҧсуа бызшәа, аҧсшәа)",,rgb,226,255,0,6,2,line,white,en,1.1.2,c,c
4598,"Abkhaz (аҧсуа бызшәа, аҧсшәа)",,rgb,0,255,3,6,3,line,white,en,1.1.2,s,s
4598,"Abkhaz (аҧсуа бызшәа, аҧсшәа)",,rgb,241,255,0,6,4,line,white,en,1.1.2,x,x
4598,"Abkhaz (аҧсуа бызшәа, аҧсшәа)",,rgb,255,83,0,6,5,line,white,en,1.1.2,x,x
4598,"Abkhaz (аҧсуа бызшәа, аҧсшәа)",,rgb,80,0,255,6,6,line,white,en,1.1.2,x,x
4598,"Abkhaz (аҧсуа бызшәа, аҧсшәа)",,rgb,255,0,128,6,7,line,white,en,1.1.2,x,x
4598,"Abkhaz (аҧсуа бызшәа, аҧсшәа)",,rgb,0,255,241,6,8,line,white,en,1.1.2,x,x
4598,"Abkhaz (аҧсуа бызшәа, аҧсшәа)",,rgb,255,168,0,6,9,line,white,en,1.1.2,x,x
4598,"Abkhaz (аҧсуа бызшәа, аҧсшәа)",,rgb,255,0,81,6,10,line,white,en,1.1.2,x,x
4598,"Abkhaz (аҧсуа бызшәа, аҧсшәа)",,rgb,255,0,73,6,11,line,white,en,1.1.2,x,x
4649,German (Deutsch),,rgb,255,0,67,1,2,line,white,en,1.1.2,red,red
4649,German (Deutsch),,rgb,90,255,0,1,6,line,white,en,1.1.2,green,green
4649,German (Deutsch),,rgb,255,238,0,1,7,line,white,en,1.1.2,yellow,yellow
4704,"Chinese (中文 (Zhōngwén), 汉语, 漢語)",,rgb,0,115,255,1,0,line,white,en,1.1.2,blue色,Blue
4704,"Chinese (中文 (Zhōngwén), 汉语, 漢語)",,rgb,75,0,255,1,4,line,white,en,1.1.2,blue色,Blue
4764,Russian (Русский),,rgb,0,255,185,1,1,line,white,en,1.1.2,aquamarine,aquamarine
4764,Russian (Русский),,rgb,111,0,255,1,2,line,white,en,1.1.2,purple,purple
4764,Russian (Русский),,rgb,0,128,255,1,3,line,white,en,1.1.2,blue,blue
4764,Russian (Русский),,rgb,255,0,83,1,4,line,white,en,1.1.2,raspberry,raspberry
4764,Russian (Русский),,rgb,0,206,255,1,5,line,white,en,1.1.2,light blue,light blue
4764,Russian (Русский),,rgb,255,236,0,1,6,line,white,en,1.1.2,yellow,yellow
4764,Russian (Русский),,rgb,255,172,0,1,7,line,white,en,1.1.2,light orange,light orange
4764,Russian (Русский),,rgb,255,0,40,1,8,line,white,en,1.1.2,red,red
4764,Russian (Русский),,rgb,255,196,0,1,9,line,white,en,1.1.2,deep yellow,deep yellow
4764,Russian (Русский),,rgb,255,107,0,1,10,line,white,en,1.1.2,orange,orange
4764,Russian (Русский),,rgb,0,198,255,1,11,line,white,en,1.1.2,aqua,aqua
4768,Catalan (català),,rgb,255,247,0,1,0,line,white,en,1.1.2,yellow,yellow
4768,Catalan (català),,rgb,255,0,90,1,1,line,white,en,1.1.2,pink,pink
4768,Catalan (català),,rgb,0,255,102,1,2,line,white,en,1.1.2,green,green
4768,Catalan (català),,rgb,142,255,0,1,3,line,white,en,1.1.2,green,green
4768,Catalan (català),,rgb,255,0,20,1,4,line,white,en,1.1.2,red,red
4768,Catalan (català),,rgb,122,255,0,1,5,line,white,en,1.1.2,green,green
4768,Catalan (català),,rgb,0,68,255,1,6,line,white,en,1.1.2,blue,blue
4768,Catalan (català),,rgb,255,224,0,1,7,line,white,en,1.1.2,yellow,yellow
4768,Catalan (català),,rgb,255,139,0,1,8,line,white,en,1.1.2,orange,orange
4768,Catalan (català),,rgb,255,0,213,1,9,line,white,en,1.1.2,pink,pink
4768,Catalan (català),,rgb,218,0,255,1,10,line,white,en,1.1.2,purple,purple
4768,Catalan (català),,rgb,85,0,255,1,11,line,white,en,1.1.2,blue,blue
4770,Portuguese (português),,rgb,0,49,255,1,0,line,white,en,1.1.2,blue,blue
4770,Portuguese (português),,rgb,255,206,0,1,1,line,white,en,1.1.2,yellow,yellow
4770,Portuguese (português),,rgb,0,128,255,1,2,line,white,en,1.1.2,lighter blue,lighter blue
4770,Portuguese (português),,rgb,155,0,255,1,3,line,white,en,1.1.2,purpel,purpel
4770,Portuguese (português),,rgb,255,0,194,1,5,line,white,en,1.1.2,pink,pink
4770,Portuguese (português),,rgb,0,255,78,1,6,line,white,en,1.1.2,green,green
4770,Portuguese (português),,rgb,255,0,8,1,11,line,white,en,1.1.2,red,red
4770,Portuguese (português),,rgb,255,80,0,3,0,line,white,en,1.1.2,red,red
4770,Portuguese (português),,rgb,0,71,255,3,1,line,white,en,1.1.2,blue,blue
4770,Portuguese (português),,rgb,252,255,0,3,5,line,white,en,1.1.2,yellow,yellow
4770,Portuguese (português),,rgb,255,146,0,3,6,line,white,en,1.1.2,orange,orange
4770,Portuguese (português),,rgb,255,0,158,3,9,line,white,en,1.1.2,pink,pink
4770,Portuguese (português),,rgb,255,0,67,3,11,line,white,en,1.1.2,red,red
4770,Portuguese (português),,rgb,255,88,0,6,0,line,white,en,1.1.2,red,red
4770,Portuguese (português),,rgb,255,236,0,6,2,line,white,en,1.1.2,yellow,yellow
4770,Portuguese (português),,rgb,0,255,57,6,3,line,white,en,1.1.2,green,green
4770,Portuguese (português),,rgb,57,255,0,6,6,line,white,en,1.1.2,green,green
4770,Portuguese (português),,rgb,0,100,255,6,8,line,white,en,1.1.2,blue,blue
4768,Catalan (català),,rgb,0,98,255,3,0,line,white,en,1.1.2,blue,blue
4768,Catalan (català),,rgb,148,0,255,3,1,line,white,en,1.1.2,purple,purple
4768,Catalan (català),,rgb,255,203,0,3,2,line,white,en,1.1.2,yellow,yellow
4768,Catalan (català),,rgb,255,18,0,3,3,line,white,en,1.1.2,red,red
4768,Catalan (català),,rgb,0,255,204,3,4,line,white,en,1.1.2,green,green
4768,Catalan (català),,rgb,255,0,69,3,5,line,white,en,1.1.2,red,red
4768,Catalan (català),,rgb,0,208,255,3,6,line,white,en,1.1.2,blue,blue
4768,Catalan (català),,rgb,0,255,189,3,7,line,white,en,1.1.2,green,green
4768,Catalan (català),,rgb,0,204,255,3,8,line,white,en,1.1.2,blue,blue
4768,Catalan (català),,rgb,255,88,0,3,9,line,white,en,1.1.2,orange,orange
4768,Catalan (català),,rgb,0,62,255,3,10,line,white,en,1.1.2,blue,blue
4768,Catalan (català),,rgb,255,0,196,3,11,line,white,en,1.1.2,pink,pink
4781,Portuguese (português),,rgb,255,243,0,1,0,line,white,en,1.1.2,yellow,yellow
4781,Portuguese (português),,rgb,0,167,255,1,1,line,white,en,1.1.2,light blue,light blue
4781,Portuguese (português),,rgb,0,20,255,1,2,line,white,en,1.1.2,blue,blue
4781,Portuguese (português),,rgb,255,0,175,1,3,line,white,en,1.1.2,pink,pink
4781,Portuguese (português),,rgb,131,255,0,1,4,line,white,en,1.1.2,green,green
4781,Portuguese (português),,rgb,255,0,43,1,5,line,white,en,1.1.2,red,red
4781,Portuguese (português),,rgb,255,0,205,1,8,line,white,en,1.1.2,pink,pink
4781,Portuguese (português),,rgb,255,150,0,1,9,line,white,en,1.1.2,orange,orange
4781,Portuguese (português),,rgb,242,255,0,1,10,line,white,en,1.1.2,yellow,yellow
4781,Portuguese (português),,rgb,189,0,255,1,11,line,white,en,1.1.2,purple,purple
4775,Portuguese (português),,rgb,255,0,234,1,0,line,white,en,1.1.2,pink,Pink
4775,Portuguese (português),,rgb,255,0,124,1,1,line,white,en,1.1.2,dark pink,Dark pink
4775,Portuguese (português),,rgb,132,0,255,1,2,line,white,en,1.1.2,purple,Purple
4775,Portuguese (português),,rgb,255,216,0,1,3,line,white,en,1.1.2,dark yellow,Dark yellow
4775,Portuguese (português),,rgb,255,243,0,1,4,line,white,en,1.1.2,yellow,Yellow
4775,Portuguese (português),,rgb,125,255,0,1,5,line,white,en,1.1.2,bright green,Bright green
4775,Portuguese (português),,rgb,0,135,255,1,6,line,white,en,1.1.2,sea blue,Sea blue
4775,Portuguese (português),,rgb,255,0,209,1,7,line,white,en,1.1.2,bright pink,Bright pink
4775,Portuguese (português),,rgb,0,255,93,1,9,line,white,en,1.1.2,green,Green
4775,Portuguese (português),,rgb,255,0,63,1,10,line,white,en,1.1.2,red,Red
4775,Portuguese (português),,rgb,0,33,255,1,11,line,white,en,1.1.2,blue,Blue
4779,Vietnamese (Tiếng Việt),,rgb,254,0,255,1,0,line,white,en,1.1.2,light purple,Light purple
4779,Vietnamese (Tiếng Việt),,rgb,0,255,237,1,1,line,white,en,1.1.2,light blue,Light blue
4779,Vietnamese (Tiếng Việt),,rgb,0,255,202,1,2,line,white,en,1.1.2,neo,Neo
4779,Vietnamese (Tiếng Việt),,rgb,255,221,0,1,3,line,white,en,1.1.2,yellow,Yellow
4779,Vietnamese (Tiếng Việt),,rgb,0,255,78,1,4,line,white,en,1.1.2,green,Green
4779,Vietnamese (Tiếng Việt),,rgb,255,149,0,1,5,line,white,en,1.1.2,orange,Orange
4779,Vietnamese (Tiếng Việt),,rgb,0,255,36,1,6,line,white,en,1.1.2,light green,Light green
4779,Vietnamese (Tiếng Việt),,rgb,213,0,255,1,7,line,white,en,1.1.2,purple,Purple
4779,Vietnamese (Tiếng Việt),,rgb,0,97,255,1,8,line,white,en,1.1.2,blue,Blue
4779,Vietnamese (Tiếng Việt),,rgb,255,195,0,1,9,line,white,en,1.1.2,light orange,Light orange
4779,Vietnamese (Tiếng Việt),,rgb,226,255,0,1,10,line,white,en,1.1.2,yello,Yello
4779,Vietnamese (Tiếng Việt),,rgb,255,103,0,1,11,line,white,en,1.1.2,orange,Orange
4781,Portuguese (português),,rgb,0,40,255,3,0,line,white,en,1.1.2,blue,blue
4781,Portuguese (português),,rgb,0,76,255,3,1,line,white,en,1.1.2,blue,blue
4781,Portuguese (português),,rgb,0,238,255,3,2,line,white,en,1.1.2,light blue,light blue
4781,Portuguese (português),,rgb,255,0,93,3,5,line,white,en,1.1.2,light red,light red
4781,Portuguese (português),,rgb,0,255,250,3,6,line,white,en,1.1.2,light blue,light blue
4781,Portuguese (português),,rgb,255,0,211,3,7,line,white,en,1.1.2,pink,pink
4781,Portuguese (português),,rgb,255,186,0,3,9,line,white,en,1.1.2,yellow,yellow
4781,Portuguese (português),,rgb,0,101,255,3,10,line,white,en,1.1.2,blue,blue
4779,Vietnamese (Tiếng Việt),,rgb,255,0,88,3,0,line,white,en,1.1.2,red,Red
4779,Vietnamese (Tiếng Việt),,rgb,255,0,222,3,1,line,white,en,1.1.2,pink,Pink
4779,Vietnamese (Tiếng Việt),,rgb,255,0,197,3,2,line,white,en,1.1.2,pink,Pink
4779,Vietnamese (Tiếng Việt),,rgb,0,255,140,3,3,line,white,en,1.1.2,neo,Neo
4779,Vietnamese (Tiếng Việt),,rgb,255,0,129,3,4,line,white,en,1.1.2,pink,Pink
4779,Vietnamese (Tiếng Việt),,rgb,255,0,79,3,5,line,white,en,1.1.2,red,Red
4779,Vietnamese (Tiếng Việt),,rgb,255,249,0,3,6,line,white,en,1.1.2,yellow,Yellow
4779,Vietnamese (Tiếng Việt),,rgb,0,174,255,3,7,line,white,en,1.1.2,blue,Blue
4779,Vietnamese (Tiếng Việt),,rgb,0,135,255,3,8,line,white,en,1.1.2,blue,Blue
4779,Vietnamese (Tiếng Việt),,rgb,70,255,0,3,9,line,white,en,1.1.2,neo,Neo
4779,Vietnamese (Tiếng Việt),,rgb,0,255,179,3,10,line,white,en,1.1.2,light green,Light green
4779,Vietnamese (Tiếng Việt),,rgb,0,216,255,3,11,line,white,en,1.1.2,blue,Blue
4781,Portuguese (português),,rgb,0,139,255,6,0,line,white,en,1.1.2,blue,blue
4781,Portuguese (português),,rgb,0,255,16,6,1,line,white,en,1.1.2,green,green
4781,Portuguese (português),,rgb,255,0,136,6,3,line,white,en,1.1.2,pink,pink
4781,Portuguese (português),,rgb,255,44,0,6,4,line,white,en,1.1.2,red,red
4781,Portuguese (português),,rgb,255,0,249,6,8,line,white,en,1.1.2,pink,pink
4781,Portuguese (português),,rgb,135,255,0,6,9,line,white,en,1.1.2,green,green
4781,Portuguese (português),,rgb,115,0,255,6,10,line,white,en,1.1.2,purple,purple
4768,Catalan (català),,rgb,0,255,122,6,0,line,white,en,1.1.2,green,green
4768,Catalan (català),,rgb,201,255,0,6,1,line,white,en,1.1.2,yellow,yellow
4768,Catalan (català),,rgb,255,0,112,6,2,line,white,en,1.1.2,reed,reed
4768,Catalan (català),,rgb,0,178,255,6,3,line,white,en,1.1.2,blue,blue
4768,Catalan (català),,rgb,0,255,255,6,4,line,white,en,1.1.2,blue,blue
4768,Catalan (català),,rgb,255,0,167,6,5,line,white,en,1.1.2,pink,pink
4768,Catalan (català),,rgb,0,122,255,6,6,line,white,en,1.1.2,blue,blue
4768,Catalan (català),,rgb,0,255,59,6,7,line,white,en,1.1.2,green,green
4768,Catalan (català),,rgb,0,255,250,6,8,line,white,en,1.1.2,blue,blue
4768,Catalan (català),,rgb,0,157,255,6,9,line,white,en,1.1.2,blue,blue
4768,Catalan (català),,rgb,207,0,255,6,10,line,white,en,1.1.2,pruple,pruple
4768,Catalan (català),,rgb,255,181,0,6,11,line,white,en,1.1.2,orange,orange
4779,Vietnamese (Tiếng Việt),,rgb,255,0,25,6,0,line,white,en,1.1.2,red,Red
4779,Vietnamese (Tiếng Việt),,rgb,255,0,168,6,1,line,white,en,1.1.2,pink,Pink
4779,Vietnamese (Tiếng Việt),,rgb,0,75,255,6,2,line,white,en,1.1.2,blue,Blue
4779,Vietnamese (Tiếng Việt),,rgb,0,15,255,6,3,line,white,en,1.1.2,blue,Blue
4779,Vietnamese (Tiếng Việt),,rgb,132,0,255,6,4,line,white,en,1.1.2,purple,Purple
4779,Vietnamese (Tiếng Việt),,rgb,136,255,0,6,5,line,white,en,1.1.2,neo,Neo
4779,Vietnamese (Tiếng Việt),,rgb,0,251,255,6,6,line,white,en,1.1.2,light blue,Light blue
4779,Vietnamese (Tiếng Việt),,rgb,255,160,0,6,7,line,white,en,1.1.2,orange,Orange
4779,Vietnamese (Tiếng Việt),,rgb,0,203,255,6,8,line,white,en,1.1.2,blue,Blue
4779,Vietnamese (Tiếng Việt),,rgb,0,155,255,6,9,line,white,en,1.1.2,blue,Blue
4779,Vietnamese (Tiếng Việt),,rgb,255,2,0,6,10,line,white,en,1.1.2,red,Red
4779,Vietnamese (Tiếng Việt),,rgb,0,46,255,6,11,line,white,en,1.1.2,deep blue,Deep blue
4803,Portuguese (português),,rgb,0,31,255,1,0,line,white,en,1.1.2,blue,Blue
4803,Portuguese (português),,rgb,0,255,247,1,1,line,white,en,1.1.2,turquoise,Turquoise
4803,Portuguese (português),,rgb,255,165,0,1,2,line,white,en,1.1.2,orange,Orange
4803,Portuguese (português),,rgb,142,255,0,1,3,line,white,en,1.1.2,green,Green
4803,Portuguese (português),,rgb,0,255,144,1,4,line,white,en,1.1.2,green,Green
4803,Portuguese (português),,rgb,0,205,255,1,5,line,white,en,1.1.2,blue,Blue
4803,Portuguese (português),,rgb,255,0,86,1,6,line,white,en,1.1.2,pink,Pink
4803,Portuguese (português),,rgb,0,255,216,1,7,line,white,en,1.1.2,turquoise,Turquoise
4803,Portuguese (português),,rgb,255,0,40,1,8,line,white,en,1.1.2,red,Red
4803,Portuguese (português),,rgb,255,184,0,1,9,line,white,en,1.1.2,orange,Orange
4803,Portuguese (português),,rgb,0,94,255,1,10,line,white,en,1.1.2,blue,Blue
4803,Portuguese (português),,rgb,251,255,0,1,11,line,white,en,1.1.2,yellow,Yellow
4803,Portuguese (português),,rgb,0,122,255,3,0,line,white,en,1.1.2,blue,Blue
4803,Portuguese (português),,rgb,0,255,17,3,1,line,white,en,1.1.2,green,Green
4803,Portuguese (português),,rgb,255,0,55,3,2,line,white,en,1.1.2,red,Red
4803,Portuguese (português),,rgb,255,0,178,3,3,line,white,en,1.1.2,pink,Pink
4803,Portuguese (português),,rgb,0,255,103,3,4,line,white,en,1.1.2,green,Green
4803,Portuguese (português),,rgb,255,84,0,3,5,line,white,en,1.1.2,orange,Orange
4803,Portuguese (português),,rgb,0,243,255,3,6,line,white,en,1.1.2,blue,Blue
4803,Portuguese (português),,rgb,255,227,0,3,7,line,white,en,1.1.2,yellow,Yellow
4803,Portuguese (português),,rgb,255,0,145,3,8,line,white,en,1.1.2,pink,Pink
4803,Portuguese (português),,rgb,186,0,255,3,9,line,white,en,1.1.2,purple,Purple
4803,Portuguese (português),,rgb,0,222,255,3,10,line,white,en,1.1.2,blue,Blue
4803,Portuguese (português),,rgb,255,141,0,3,11,line,white,en,1.1.2,orange,Orange
4804,"Chinese (中文 (Zhōngwén), 汉语, 漢語)",,rgb,255,0,43,3,8,line,white,en,1.1.2,da hong s q色,da hong s q
4803,Portuguese (português),,rgb,151,0,255,6,0,line,white,en,1.1.2,purple,Purple
4803,Portuguese (português),,rgb,0,157,255,6,1,line,white,en,1.1.2,blue,Blue
4803,Portuguese (português),,rgb,255,0,255,6,2,line,white,en,1.1.2,pink,Pink
4803,Portuguese (português),,rgb,191,255,0,6,3,line,white,en,1.1.2,green,Green
4803,Portuguese (português),,rgb,255,0,245,6,4,line,white,en,1.1.2,pink,Pink
4803,Portuguese (português),,rgb,0,255,157,6,5,line,white,en,1.1.2,green,Green
4803,Portuguese (português),,rgb,0,66,255,6,6,line,white,en,1.1.2,blue,Blue
4803,Portuguese (português),,rgb,65,255,0,6,7,line,white,en,1.1.2,green,Green
4803,Portuguese (português),,rgb,0,84,255,6,8,line,white,en,1.1.2,blue,Blue
4803,Portuguese (português),,rgb,0,165,255,6,9,line,white,en,1.1.2,blue,Blue
4803,Portuguese (português),,rgb,255,0,138,6,10,line,white,en,1.1.2,pink,Pink
4803,Portuguese (português),,rgb,255,73,0,6,11,line,white,en,1.1.2,orange,Orange
4816,"Chinese (中文 (Zhōngwén), 汉语, 漢語)",,rgb,255,0,25,1,0,line,white,en,1.1.2,red色,Red
4816,"Chinese (中文 (Zhōngwén), 汉语, 漢語)",,rgb,0,255,127,1,1,line,white,en,1.1.2,light green色,light Green
4816,"Chinese (中文 (Zhōngwén), 汉语, 漢語)",,rgb,0,63,255,1,2,line,white,en,1.1.2,blue色,Blue
4816,"Chinese (中文 (Zhōngwén), 汉语, 漢語)",,rgb,0,23,255,1,3,line,white,en,1.1.2,purple色,Purple
4816,"Chinese (中文 (Zhōngwén), 汉语, 漢語)",,rgb,134,255,0,1,5,line,white,en,1.1.2,yellow green色,Yellow-Green
4816,"Chinese (中文 (Zhōngwén), 汉语, 漢語)",,rgb,0,156,255,1,6,line,white,en,1.1.2,blue色,Blue
4816,"Chinese (中文 (Zhōngwén), 汉语, 漢語)",,rgb,255,122,0,1,7,line,white,en,1.1.2,orange色,Orange
4816,"Chinese (中文 (Zhōngwén), 汉语, 漢語)",,rgb,255,0,108,1,8,line,white,en,1.1.2,pink色,Pink
4816,"Chinese (中文 (Zhōngwén), 汉语, 漢語)",,rgb,0,255,105,1,9,line,white,en,1.1.2,light green色,Light Green
4816,"Chinese (中文 (Zhōngwén), 汉语, 漢語)",,rgb,84,255,0,1,10,line,white,en,1.1.2,green色,Green
4820,Portuguese (português),,rgb,255,64,0,1,4,line,white,en,1.1.2,orange,Orange
4816,"Chinese (中文 (Zhōngwén), 汉语, 漢語)",,rgb,255,0,211,3,0,line,white,en,1.1.2,pink色,pink
4816,"Chinese (中文 (Zhōngwén), 汉语, 漢語)",,rgb,0,255,180,3,1,line,white,en,1.1.2,green色,green
4816,"Chinese (中文 (Zhōngwén), 汉语, 漢語)",,rgb,255,202,0,3,2,line,white,en,1.1.2,yellow orange色,yellow-orange
4816,"Chinese (中文 (Zhōngwén), 汉语, 漢語)",,rgb,0,108,255,3,3,line,white,en,1.1.2,blue色,blue
4816,"Chinese (中文 (Zhōngwén), 汉语, 漢語)",,rgb,0,128,255,3,4,line,white,en,1.1.2,blue色,blue
4816,"Chinese (中文 (Zhōngwén), 汉语, 漢語)",,rgb,255,233,0,3,5,line,white,en,1.1.2,yellow色,yellow
4816,"Chinese (中文 (Zhōngwén), 汉语, 漢語)",,rgb,255,86,0,3,6,line,white,en,1.1.2,red orange色,red-orange
4816,"Chinese (中文 (Zhōngwén), 汉语, 漢語)",,rgb,0,237,255,3,7,line,white,en,1.1.2,light blue色,light blue
4816,"Chinese (中文 (Zhōngwén), 汉语, 漢語)",,rgb,255,0,72,3,8,line,white,en,1.1.2,red pink色,red-pink
4816,"Chinese (中文 (Zhōngwén), 汉语, 漢語)",,rgb,0,186,255,3,9,line,white,en,1.1.2,sky blue色,sky blue
4816,"Chinese (中文 (Zhōngwén), 汉语, 漢語)",,rgb,150,0,255,3,10,line,white,en,1.1.2,purple色,purple
4816,"Chinese (中文 (Zhōngwén), 汉语, 漢語)",,rgb,255,178,0,3,11,line,white,en,1.1.2,orange色,orange
4823,Russian (Русский),,rgb,0,223,255,1,0,line,white,en,1.1.2,light blue,Light blue
4823,Russian (Русский),,rgb,255,0,173,1,1,line,white,en,1.1.2,fuchsia,Fuchsia
4823,Russian (Русский),,rgb,0,199,255,1,2,line,white,en,1.1.2,blue,Blue
4823,Russian (Русский),,rgb,255,217,0,1,3,line,white,en,1.1.2,yellow,Yellow
4823,Russian (Русский),,rgb,255,212,0,1,4,line,white,en,1.1.2,yellow,Yellow
4823,Russian (Русский),,rgb,0,255,121,1,5,line,white,en,1.1.2,turquoise,Turquoise
4823,Russian (Русский),,rgb,225,0,255,1,6,line,white,en,1.1.2,lilac,Lilac
4823,Russian (Русский),,rgb,255,138,0,1,7,line,white,en,1.1.2,orange,Orange
4823,Russian (Русский),,rgb,145,255,0,1,8,line,white,en,1.1.2,green,Green
4823,Russian (Русский),,rgb,255,0,104,1,9,line,white,en,1.1.2,dark pink,Dark pink
4823,Russian (Русский),,rgb,0,145,255,1,10,line,white,en,1.1.2,blue,Blue
4823,Russian (Русский),,rgb,95,255,0,1,11,line,white,en,1.1.2,acid green,Acid green
4816,"Chinese (中文 (Zhōngwén), 汉语, 漢語)",,rgb,255,0,163,6,0,line,white,en,1.1.2,pink色,pink
4816,"Chinese (中文 (Zhōngwén), 汉语, 漢語)",,rgb,255,245,0,6,1,line,white,en,1.1.2,yellow色,yellow
4816,"Chinese (中文 (Zhōngwén), 汉语, 漢語)",,rgb,255,0,192,6,2,line,white,en,1.1.2,pink purple色,pink-purple
4816,"Chinese (中文 (Zhōngwén), 汉语, 漢語)",,rgb,0,175,255,6,3,line,white,en,1.1.2,blue色,blue
4816,"Chinese (中文 (Zhōngwén), 汉语, 漢語)",,rgb,0,216,255,6,4,line,white,en,1.1.2,sky blue色,sky blue
4816,"Chinese (中文 (Zhōngwén), 汉语, 漢語)",,rgb,0,255,59,6,5,line,white,en,1.1.2,green色,green
4816,"Chinese (中文 (Zhōngwén), 汉语, 漢語)",,rgb,255,45,0,6,6,line,white,en,1.1.2,red orange色,red-orange
4816,"Chinese (中文 (Zhōngwén), 汉语, 漢語)",,rgb,0,87,255,6,7,line,white,en,1.1.2,dark blue色,dark blue
4816,"Chinese (中文 (Zhōngwén), 汉语, 漢語)",,rgb,228,255,0,6,8,line,white,en,1.1.2,green yellow色,green-yellow
4816,"Chinese (中文 (Zhōngwén), 汉语, 漢語)",,rgb,255,0,130,6,9,line,white,en,1.1.2,pink色,pink
4816,"Chinese (中文 (Zhōngwén), 汉语, 漢語)",,rgb,243,0,255,6,10,line,white,en,1.1.2,lighter purple色,lighter purple
4816,"Chinese (中文 (Zhōngwén), 汉语, 漢語)",,rgb,216,0,255,6,11,line,white,en,1.1.2,purple色,purple
4820,Portuguese (português),,rgb,255,0,203,3,5,line,white,en,1.1.2,pink,pink
4823,Russian (Русский),,rgb,0,255,249,3,0,line,white,en,1.1.2,acid blue,Acid blue
4823,Russian (Русский),,rgb,0,47,255,3,1,line,white,en,1.1.2,dark blue,Dark blue
4823,Russian (Русский),,rgb,0,255,215,3,2,line,white,en,1.1.2,light blue,Light blue
4823,Russian (Русский),,rgb,255,0,114,3,3,line,white,en,1.1.2,dark pink,Dark pink
4823,Russian (Русский),,rgb,0,68,255,3,4,line,white,en,1.1.2,dark blue,Dark blue
4823,Russian (Русский),,rgb,0,253,255,3,6,line,white,en,1.1.2,acid blue,Acid blue
4823,Russian (Русский),,rgb,0,255,181,3,7,line,white,en,1.1.2,turquoise,Turquoise
4823,Russian (Русский),,rgb,191,255,0,3,8,line,white,en,1.1.2,herbal,Herbal
4823,Russian (Русский),,rgb,255,0,229,3,9,line,white,en,1.1.2,lilac,Lilac
4823,Russian (Русский),,rgb,255,180,0,3,10,line,white,en,1.1.2,light orange,Light orange
4823,Russian (Русский),,rgb,255,92,0,3,11,line,white,en,1.1.2,dark orange,Dark orange
4823,Russian (Русский),,rgb,255,29,0,6,0,line,white,en,1.1.2,red,Red
4823,Russian (Русский),,rgb,129,0,255,6,1,line,white,en,1.1.2,purple,Purple
4823,Russian (Русский),,rgb,208,0,255,6,2,line,white,en,1.1.2,dark lilac,Dark Lilac
4823,Russian (Русский),,rgb,63,0,255,6,3,line,white,en,1.1.2,dark blue,Dark Blue
4823,Russian (Русский),,rgb,0,163,255,6,4,line,white,en,1.1.2,light blue,Light blue
4823,Russian (Русский),,rgb,0,255,60,6,5,line,white,en,1.1.2,green,Green
4823,Russian (Русский),,rgb,255,0,57,6,6,line,white,en,1.1.2,red,Red
4823,Russian (Русский),,rgb,255,246,0,6,7,line,white,en,1.1.2,yellow,Yellow
4823,Russian (Русский),,rgb,0,121,255,6,8,line,white,en,1.1.2,blue,Blue
4823,Russian (Русский),,rgb,255,0,27,6,9,line,white,en,1.1.2,red,Red
4823,Russian (Русский),,rgb,255,0,184,6,10,line,white,en,1.1.2,pink,Pink
4823,Russian (Русский),,rgb,0,255,83,6,11,line,white,en,1.1.2,light green,Light green
4878,Romanian (limba română),,rgb,0,218,255,6,0,line,white,en,1.1.2,blue,BLUE
4884,Portuguese (português),,rgb,194,0,255,1,0,line,white,en,1.1.2,pink,pink
4884,Portuguese (português),,rgb,255,138,0,1,1,line,white,en,1.1.2,orange,orange
4884,Portuguese (português),,rgb,0,177,255,1,2,line,white,en,1.1.2,light blue,light blue
4884,Portuguese (português),,rgb,0,93,255,1,3,line,white,en,1.1.2,blue,blue
4884,Portuguese (português),,rgb,0,255,240,1,4,line,white,en,1.1.2,blue,blue
4884,Portuguese (português),,rgb,0,73,255,1,5,line,white,en,1.1.2,blue,blue
4884,Portuguese (português),,rgb,0,65,255,1,6,line,white,en,1.1.2,blue,blue
4884,Portuguese (português),,rgb,0,255,74,1,7,line,white,en,1.1.2,green,green
4884,Portuguese (português),,rgb,255,31,0,1,8,line,white,en,1.1.2,red,red
4884,Portuguese (português),,rgb,255,184,0,1,9,line,white,en,1.1.2,gold,gold
4884,Portuguese (português),,rgb,255,230,0,1,10,line,white,en,1.1.2,yeallow,yeallow
4884,Portuguese (português),,rgb,255,0,37,1,11,line,white,en,1.1.2,red,red
4894,German (Deutsch),,rgb,0,255,211,1,4,line,white,en,1.1.2,cyan,Cyan
4952,Portuguese (português),,rgb,0,110,255,3,4,line,white,en,1.1.2,blue,blue
4952,Portuguese (português),,rgb,0,135,255,3,11,line,white,en,1.1.2,blue,blue
4952,Portuguese (português),,rgb,0,187,255,6,1,line,white,en,1.1.2,blue,blue
4952,Portuguese (português),,rgb,0,179,255,6,8,line,white,en,1.1.2,blue,blue
4952,Portuguese (português),,rgb,0,152,255,6,9,line,white,en,1.1.2,light blue,light blue
4952,Portuguese (português),,rgb,0,67,255,6,10,line,white,en,1.1.2,blue,blue
4962,Spanish (español),,rgb,0,97,255,1,1,line,white,en,1.1.2,blue,BLUE
4962,Spanish (español),,rgb,255,0,98,1,7,line,white,en,1.1.2,red,RED
4962,Spanish (español),,rgb,144,0,255,1,9,line,white,en,1.1.2,purple,PURPLE
4962,Spanish (español),,rgb,0,189,255,1,10,line,white,en,1.1.2,light blue,LIGHT BLUE
4989,"French (français, langue française)",,rgb,0,255,49,3,7,line,white,en,1.1.2,vert flash,Vert flash
5005,Portuguese (português),,rgb,255,0,121,1,7,line,white,en,1.1.2,pink,pink
5005,Portuguese (português),,rgb,255,0,185,6,0,line,white,en,1.1.2,pink,pink
5173,Spanish (español),,rgb,0,165,255,1,0,line,white,en,1.1.2,light blue,Light Blue
5173,Spanish (español),,rgb,0,120,255,1,1,line,white,en,1.1.2,blue,Blue
5173,Spanish (español),,rgb,0,65,255,1,2,line,white,en,1.1.2,dark blue,Dark blue
5173,Spanish (español),,rgb,181,0,255,1,4,line,white,en,1.1.2,purple,purple
5173,Spanish (español),,rgb,255,79,0,1,5,line,white,en,1.1.2,orange,orange
5173,Spanish (español),,rgb,255,0,33,1,10,line,white,en,1.1.2,red,red
5173,Spanish (español),,rgb,0,255,153,3,0,line,white,en,1.1.2,teal,Teal
5173,Spanish (español),,rgb,255,173,0,3,2,line,white,en,1.1.2,orange,Orange
5173,Spanish (español),,rgb,243,255,0,3,6,line,white,en,1.1.2,yellow,yellow
5173,Spanish (español),,rgb,0,113,255,3,8,line,white,en,1.1.2,blue,Blue
5173,Spanish (español),,rgb,0,255,54,3,10,line,white,en,1.1.2,green,Green
5173,Spanish (español),,rgb,216,255,0,6,0,line,white,en,1.1.2,yellow,Yellow
5173,Spanish (español),,rgb,0,82,255,6,1,line,white,en,1.1.2,dark blue,Dark blue
5173,Spanish (español),,rgb,0,226,255,6,5,line,white,en,1.1.2,light blue,Light blue
5313,Arabic (العربية),,rgb,255,0,38,1,0,line,white,en,1.1.2,ahmar,ahmar
5313,Arabic (العربية),,rgb,0,181,255,1,1,line,white,en,1.1.2,azrak,azrak
5313,Arabic (العربية),,rgb,0,255,242,1,2,line,white,en,1.1.2,azrak,azrak
5313,Arabic (العربية),,rgb,0,205,255,1,3,line,white,en,1.1.2,azrak,azrak
5313,Arabic (العربية),,rgb,255,198,0,1,4,line,white,en,1.1.2,asfar,asfar
5313,Arabic (العربية),,rgb,255,0,189,1,5,line,white,en,1.1.2,werdy,werdy
5313,Arabic (العربية),,rgb,143,0,255,1,6,line,white,en,1.1.2,benefsegy,benefsegy
5313,Arabic (العربية),,rgb,99,255,0,1,7,line,white,en,1.1.2,akhthar,akhthar
5313,Arabic (العربية),,rgb,0,6,255,1,8,line,white,en,1.1.2,azrak,azrak
5313,Arabic (العربية),,rgb,0,38,255,1,9,line,white,en,1.1.2,azrak,azrak
5313,Arabic (العربية),,rgb,255,79,0,1,10,line,white,en,1.1.2,burtiqaly,burtiqaly
5313,Arabic (العربية),,rgb,255,0,64,1,11,line,white,en,1.1.2,werdy,werdy
5313,Arabic (العربية),,rgb,0,142,255,3,0,line,white,en,1.1.2,azrak,azrak
5323,Swedish (svenska),,rgb,215,0,255,1,5,line,white,en,1.1.2,purple,Purple
0,Arabic (العربية),,rgb,0,255,67,1,0,line,white,en,1.1.2,green,green
0,Arabic (العربية),,rgb,255,0,40,1,1,line,white,en,1.1.2,red,red
0,Arabic (العربية),,rgb,255,180,0,1,2,line,white,en,1.1.2,orange,orange
0,Arabic (العربية),,rgb,0,140,255,1,3,line,white,en,1.1.2,blue,blue
0,Arabic (العربية),,rgb,168,0,255,1,4,line,white,en,1.1.2,purple,purple
0,Arabic (العربية),,rgb,0,65,255,1,5,line,white,en,1.1.2,blue,blue
0,Arabic (العربية),,rgb,0,85,255,1,6,line,white,en,1.1.2,blue,blue
0,Arabic (العربية),,rgb,255,218,0,1,7,line,white,en,1.1.2,yellow,yellow
0,Arabic (العربية),,rgb,0,225,255,1,8,line,white,en,1.1.2,sky blue,sky blue
0,Arabic (العربية),,rgb,156,255,0,1,9,line,white,en,1.1.2,light green,light green
0,Arabic (العربية),,rgb,0,93,255,1,10,line,white,en,1.1.2,blue,blue
0,Arabic (العربية),,rgb,255,0,120,1,11,line,white,en,1.1.2,pink,pink
5365,Spanish (español),,rgb,0,182,255,1,0,line,white,en,1.1.2,blue,blue
5365,Spanish (español),,rgb,0,181,255,1,1,line,white,en,1.1.2,blue,blue
5365,Spanish (español),,rgb,233,255,0,1,2,line,white,en,1.1.2,yellow,yellow
5365,Spanish (español),,rgb,0,76,255,1,3,line,white,en,1.1.2,blue,blue
5365,Spanish (español),,rgb,0,215,255,1,4,line,white,en,1.1.2,blue,blue
5365,Spanish (español),,rgb,0,35,255,1,5,line,white,en,1.1.2,blue,blue
5365,Spanish (español),,rgb,0,255,104,1,6,line,white,en,1.1.2,green,green
5365,Spanish (español),,rgb,0,253,255,1,7,line,white,en,1.1.2,blue,blue
5365,Spanish (español),,rgb,0,128,255,1,8,line,white,en,1.1.2,blue,blue
5365,Spanish (español),,rgb,255,0,210,1,9,line,white,en,1.1.2,purple,purple
5365,Spanish (español),,rgb,255,0,249,1,10,line,white,en,1.1.2,purple,purple
5365,Spanish (español),,rgb,0,255,206,1,11,line,white,en,1.1.2,blue,blue
5365,Spanish (español),,rgb,255,241,0,3,0,line,white,en,1.1.2,yellow,yellow
5365,Spanish (español),,rgb,255,176,0,3,1,line,white,en,1.1.2,orange,orange
5365,Spanish (español),,rgb,255,15,0,3,2,line,white,en,1.1.2,red,red
5365,Spanish (español),,rgb,213,255,0,3,3,line,white,en,1.1.2,green,green
5365,Spanish (español),,rgb,38,255,0,3,4,line,white,en,1.1.2,green,green
5365,Spanish (español),,rgb,180,0,255,3,5,line,white,en,1.1.2,purple,purple
5365,Spanish (español),,rgb,124,0,255,3,6,line,white,en,1.1.2,blue,blue
5365,Spanish (español),,rgb,255,0,125,3,7,line,white,en,1.1.2,pink,pink
5365,Spanish (español),,rgb,255,0,208,3,8,line,white,en,1.1.2,purple,purple
5365,Spanish (español),,rgb,255,185,0,3,9,line,white,en,1.1.2,orange,orange
5365,Spanish (español),,rgb,255,0,151,3,10,line,white,en,1.1.2,pink,pink
5365,Spanish (español),,rgb,255,138,0,3,11,line,white,en,1.1.2,orange,orange
5365,Spanish (español),,rgb,255,90,0,6,0,line,white,en,1.1.2,red,red
5365,Spanish (español),,rgb,78,255,0,6,2,line,white,en,1.1.2,green,green
5365,Spanish (español),,rgb,255,0,79,6,3,line,white,en,1.1.2,pink,pink
5365,Spanish (español),,rgb,255,0,46,6,5,line,white,en,1.1.2,red,red
5365,Spanish (español),,rgb,0,5,255,6,6,line,white,en,1.1.2,blue,blue
5365,Spanish (español),,rgb,0,255,239,6,7,line,white,en,1.1.2,blue,blue
5365,Spanish (español),,rgb,0,103,255,6,8,line,white,en,1.1.2,blue,blue
5365,Spanish (español),,rgb,0,158,255,6,9,line,white,en,1.1.2,blue,blue
5365,Spanish (español),,rgb,156,255,0,6,10,line,white,en,1.1.2,green,green
5365,Spanish (español),,rgb,255,0,85,6,11,line,white,en,1.1.2,pink,pink
5393,Danish (dansk),,rgb,0,141,255,3,10,line,white,en,1.1.2,blue,blue
5481,"Dutch (Nederlands, Vlaams)",,rgb,0,157,255,1,9,line,white,en,1.1.2,blue,blue
5494,"French (français, langue française)",,rgb,89,0,255,1,4,line,white,en,1.1.2,blue,blue
5608,Bulgarian (български език),,rgb,0,228,255,1,0,line,white,en,1.1.2,hellblau,hellblau
5608,Bulgarian (български език),,rgb,255,0,41,1,1,line,white,en,1.1.2,rot,rot
5608,Bulgarian (български език),,rgb,255,0,50,1,2,line,white,en,1.1.2,rot,rot
5608,Bulgarian (български език),,rgb,0,104,255,1,3,line,white,en,1.1.2,dunkelblau,dunkelblau
5608,Bulgarian (български език),,rgb,0,62,255,1,4,line,white,en,1.1.2,dunkelblau,dunkelblau
5608,Bulgarian (български език),,rgb,255,0,103,1,5,line,white,en,1.1.2,pink,pink
5608,Bulgarian (български език),,rgb,0,140,255,1,6,line,white,en,1.1.2,blau,blau
5608,Bulgarian (български език),,rgb,0,255,121,1,7,line,white,en,1.1.2,hellgrün,hellgrün
5608,Bulgarian (български език),,rgb,255,0,133,1,8,line,white,en,1.1.2,pink,pink
5608,Bulgarian (български език),,rgb,0,255,94,1,9,line,white,en,1.1.2,neongrün,neongrün
5608,Bulgarian (български език),,rgb,194,0,255,1,10,line,white,en,1.1.2,lila,lila
5608,Bulgarian (български език),,rgb,0,255,158,1,11,line,white,en,1.1.2,grün,grün
5673,English (English),,rgb,255,131,0,3,11,line,white,en,1.1.2,8,8
5690,Arabic (العربية),,rgb,0,255,237,1,0,line,white,en,1.1.2,cyan,cyan
5690,Arabic (العربية),,rgb,0,204,255,1,1,line,white,en,1.1.2,light blue,light blue
5690,Arabic (العربية),,rgb,0,110,255,1,2,line,white,en,1.1.2,blue,blue
5690,Arabic (العربية),,rgb,0,217,255,1,3,line,white,en,1.1.2,cyan,cyan
5690,Arabic (العربية),,rgb,255,121,0,1,4,line,white,en,1.1.2,musard,musard
5690,Arabic (العربية),,rgb,255,0,171,1,5,line,white,en,1.1.2,ping,ping
5690,Arabic (العربية),,rgb,0,129,255,1,6,line,white,en,1.1.2,blue,blue
5690,Arabic (العربية),,rgb,117,0,255,1,7,line,white,en,1.1.2,purple,purple
5690,Arabic (العربية),,rgb,255,83,0,1,8,line,white,en,1.1.2,orange,orange
5690,Arabic (العربية),,rgb,48,0,255,1,9,line,white,en,1.1.2,royal blue,royal blue
5690,Arabic (العربية),,rgb,255,0,182,1,10,line,white,en,1.1.2,ping,ping
5690,Arabic (العربية),,rgb,87,255,0,1,11,line,white,en,1.1.2,green,green
5690,Arabic (العربية),,rgb,255,205,0,3,0,line,white,en,1.1.2,yellow,yellow
5690,Arabic (العربية),,rgb,0,255,56,3,1,line,white,en,1.1.2,light green,light green
5690,Arabic (العربية),,rgb,255,0,107,3,2,line,white,en,1.1.2,pink,pink
5690,Arabic (العربية),,rgb,255,43,0,3,3,line,white,en,1.1.2,orange,orange
5690,Arabic (العربية),,rgb,255,0,56,3,4,line,white,en,1.1.2,ping,ping
5690,Arabic (العربية),,rgb,0,255,211,3,5,line,white,en,1.1.2,cyan,cyan
5690,Arabic (العربية),,rgb,255,255,0,3,6,line,white,en,1.1.2,bright yellow,bright yellow
5690,Arabic (العربية),,rgb,149,255,0,3,7,line,white,en,1.1.2,bright green,bright green
5690,Arabic (العربية),,rgb,0,243,255,3,8,line,white,en,1.1.2,cyan,cyan
5690,Arabic (العربية),,rgb,255,0,23,3,9,line,white,en,1.1.2,red,red
5690,Arabic (العربية),,rgb,0,140,255,3,10,line,white,en,1.1.2,blue,blue
5690,Arabic (العربية),,rgb,0,255,162,3,11,line,white,en,1.1.2,cyan,cyan
5690,Arabic (العربية),,rgb,255,237,0,6,0,line,white,en,1.1.2,yellow,yellow
5690,Arabic (العربية),,rgb,255,157,0,6,1,line,white,en,1.1.2,dark yellow,dark yellow
5690,Arabic (العربية),,rgb,0,162,255,6,2,line,white,en,1.1.2,blue,blue
5690,Arabic (العربية),,rgb,0,255,144,6,3,line,white,en,1.1.2,hazel,hazel
5690,Arabic (العربية),,rgb,220,0,255,6,4,line,white,en,1.1.2,ping,ping
5690,Arabic (العربية),,rgb,0,45,255,6,5,line,white,en,1.1.2,navy,navy
5690,Arabic (العربية),,rgb,255,0,113,6,6,line,white,en,1.1.2,ping,ping
5690,Arabic (العربية),,rgb,163,0,255,6,7,line,white,en,1.1.2,purple,purple
5690,Arabic (العربية),,rgb,255,0,234,6,8,line,white,en,1.1.2,light ping,light ping
5690,Arabic (العربية),,rgb,0,86,255,6,9,line,white,en,1.1.2,blue,blue
5690,Arabic (العربية),,rgb,188,255,0,6,10,line,white,en,1.1.2,yellow green,yellow -green
5690,Arabic (العربية),,rgb,0,255,110,6,11,line,white,en,1.1.2,green,green
5716,Portuguese (português),,rgb,255,136,0,3,0,line,white,en,1.1.2,orange,orange
5716,Portuguese (português),,rgb,255,0,59,3,3,line,white,en,1.1.2,red,red
5716,Portuguese (português),,rgb,255,0,117,3,4,line,white,en,1.1.2,pink,pink
5716,Portuguese (português),,rgb,255,0,9,3,6,line,white,en,1.1.2,red,red
5716,Portuguese (português),,rgb,0,139,255,3,7,line,white,en,1.1.2,blue,blue
5716,Portuguese (português),,rgb,255,0,220,3,8,line,white,en,1.1.2,bright pink,bright pink
5716,Portuguese (português),,rgb,0,199,255,3,11,line,white,en,1.1.2,light blue,light blue
5716,Portuguese (português),,rgb,0,115,255,6,0,line,white,en,1.1.2,blue,blue
5716,Portuguese (português),,rgb,255,99,0,6,1,line,white,en,1.1.2,orange,orange
5716,Portuguese (português),,rgb,255,0,147,6,2,line,white,en,1.1.2,pink,pink
5716,Portuguese (português),,rgb,255,222,0,6,4,line,white,en,1.1.2,yellow,yellow
5716,Portuguese (português),,rgb,255,0,190,6,6,line,white,en,1.1.2,pink,pink
5716,Portuguese (português),,rgb,106,0,255,6,7,line,white,en,1.1.2,purple,purple
5716,Portuguese (português),,rgb,255,176,0,6,8,line,white,en,1.1.2,orange,orange
5716,Portuguese (português),,rgb,140,255,0,6,9,line,white,en,1.1.2,green,green
5716,Portuguese (português),,rgb,0,255,79,6,10,line,white,en,1.1.2,green,green
5716,Portuguese (português),,rgb,216,255,0,6,11,line,white,en,1.1.2,yellow,yellow
5774,"French (français, langue française)",,rgb,0,255,182,3,3,line,white,en,1.1.2,marin,Marin
5774,"French (français, langue française)",,rgb,0,140,255,6,3,line,white,en,1.1.2,marin,Marin
5860,Spanish (español),,rgb,255,140,0,1,0,line,white,en,1.1.2,orange,Orange
5860,Spanish (español),,rgb,255,0,94,1,1,line,white,en,1.1.2,magenta,Magenta
5860,Spanish (español),,rgb,255,155,0,1,2,line,white,en,1.1.2,orange,Orange
5860,Spanish (español),,rgb,79,255,0,1,3,line,white,en,1.1.2,lime green,Lime - Green
5860,Spanish (español),,rgb,35,255,0,1,4,line,white,en,1.1.2,lime green,Lime - Green
5860,Spanish (español),,rgb,153,0,255,1,5,line,white,en,1.1.2,purple,Purple
5860,Spanish (español),,rgb,0,251,255,1,6,line,white,en,1.1.2,baby blues,Baby - Blues
5860,Spanish (español),,rgb,255,0,161,1,7,line,white,en,1.1.2,pink,Pink
5860,Spanish (español),,rgb,255,5,0,1,8,line,white,en,1.1.2,red,Red
5860,Spanish (español),,rgb,0,207,255,1,9,line,white,en,1.1.2,sky blue,Sky - Blue
5860,Spanish (español),,rgb,0,255,190,1,10,line,white,en,1.1.2,turquoise,Turquoise
5860,Spanish (español),,rgb,0,115,255,1,11,line,white,en,1.1.2,blue,Blue
5872,Spanish (español),,rgb,255,151,0,1,0,line,white,en,1.1.2,orange,Orange
5872,Spanish (español),,rgb,106,255,0,1,3,line,white,en,1.1.2,green,Green
5872,Spanish (español),,rgb,0,145,255,1,5,line,white,en,1.1.2,light blue,Light blue
5872,Spanish (español),,rgb,0,74,255,1,6,line,white,en,1.1.2,blue,Blue
5872,Spanish (español),,rgb,207,0,255,1,8,line,white,en,1.1.2,purple,Purple
5872,Spanish (español),,rgb,255,246,0,1,9,line,white,en,1.1.2,yellow,yellow
5872,Spanish (español),,rgb,0,255,115,1,10,line,white,en,1.1.2,teal,Teal
5860,Spanish (español),,rgb,34,0,255,3,0,line,white,en,1.1.2,blue,Blue
5860,Spanish (español),,rgb,255,0,211,3,1,line,white,en,1.1.2,pink,Pink
5860,Spanish (español),,rgb,0,107,255,3,2,line,white,en,1.1.2,blue,Blue
5860,Spanish (español),,rgb,255,0,112,3,3,line,white,en,1.1.2,magenta,Magenta
5860,Spanish (español),,rgb,255,0,29,3,4,line,white,en,1.1.2,red,Red
5860,Spanish (español),,rgb,0,51,255,3,5,line,white,en,1.1.2,blue,Blue
5860,Spanish (español),,rgb,249,255,0,3,6,line,white,en,1.1.2,yellow,Yellow
5860,Spanish (español),,rgb,0,255,245,3,7,line,white,en,1.1.2,sky blue,Sky - Blue
5860,Spanish (español),,rgb,255,189,0,3,8,line,white,en,1.1.2,yellow orange,Yellow - Orange
5860,Spanish (español),,rgb,0,255,200,3,9,line,white,en,1.1.2,turqoise,Turqoise
5860,Spanish (español),,rgb,205,255,0,3,10,line,white,en,1.1.2,yellow green,Yellow - Green
5860,Spanish (español),,rgb,171,0,255,3,11,line,white,en,1.1.2,purple,Purple
5872,Spanish (español),,rgb,0,201,255,3,0,line,white,en,1.1.2,light blue,Light blue
5872,Spanish (español),,rgb,0,255,46,3,1,line,white,en,1.1.2,green,Green
5872,Spanish (español),,rgb,255,0,15,3,4,line,white,en,1.1.2,red,Red
5872,Spanish (español),,rgb,0,120,255,3,8,line,white,en,1.1.2,blue,Blue
5872,Spanish (español),,rgb,255,174,0,3,10,line,white,en,1.1.2,orange,Orange
5872,Spanish (español),,rgb,0,255,205,3,11,line,white,en,1.1.2,teal,Teal
5860,Spanish (español),,rgb,0,67,255,6,0,line,white,en,1.1.2,blue,Blue
5860,Spanish (español),,rgb,0,255,144,6,1,line,white,en,1.1.2,turqoise,Turqoise
5860,Spanish (español),,rgb,255,0,51,6,2,line,white,en,1.1.2,red,Red
5860,Spanish (español),,rgb,181,255,0,6,3,line,white,en,1.1.2,yellow green,Yellow - Green
5860,Spanish (español),,rgb,255,233,0,6,4,line,white,en,1.1.2,yellow,Yellow
5860,Spanish (español),,rgb,255,116,0,6,5,line,white,en,1.1.2,orange red,Orange - Red
5860,Spanish (español),,rgb,255,0,189,6,6,line,white,en,1.1.2,pink,Pink
5860,Spanish (español),,rgb,0,174,255,6,7,line,white,en,1.1.2,sky blue,Sky - Blue
5860,Spanish (español),,rgb,0,255,114,6,8,line,white,en,1.1.2,turqoise,Turqoise
5860,Spanish (español),,rgb,0,189,255,6,9,line,white,en,1.1.2,baby blue,Baby - Blue
5860,Spanish (español),,rgb,255,0,252,6,10,line,white,en,1.1.2,magenta,Magenta
5860,Spanish (español),,rgb,0,155,255,6,11,line,white,en,1.1.2,blue,Blue
5872,Spanish (español),,rgb,92,0,255,6,2,line,white,en,1.1.2,purple,Purple
5872,Spanish (español),,rgb,0,41,255,6,3,line,white,en,1.1.2,dark blue,Dark blue
5872,Spanish (español),,rgb,0,255,136,6,5,line,white,en,1.1.2,teal,Teal
5872,Spanish (español),,rgb,255,70,0,6,7,line,white,en,1.1.2,orange,Orange
5872,Spanish (español),,rgb,255,0,132,6,8,line,white,en,1.1.2,pink,Pink
5872,Spanish (español),,rgb,255,232,0,6,9,line,white,en,1.1.2,yellow,Yellow
5872,Spanish (español),,rgb,0,110,255,6,10,line,white,en,1.1.2,blue,Blue
5904,"Abkhaz (аҧсуа бызшәа, аҧсшәа)",,rgb,0,255,194,1,0,line,white,en,1.1.2,turquoise,Turquoise
5904,"Abkhaz (аҧсуа бызшәа, аҧсшәа)",,rgb,0,255,159,1,1,line,white,en,1.1.2,green,Green
5904,"Abkhaz (аҧсуа бызшәа, аҧсшәа)",,rgb,161,255,0,1,2,line,white,en,1.1.2,green,Green
5904,"Abkhaz (аҧсуа бызшәа, аҧсшәа)",,rgb,100,0,255,1,3,line,white,en,1.1.2,indigo,Indigo
5904,"Abkhaz (аҧсуа бызшәа, аҧсшәа)",,rgb,255,0,117,1,4,line,white,en,1.1.2,pimk,Pimk
5904,"Abkhaz (аҧсуа бызшәа, аҧсшәа)",,rgb,172,0,255,1,5,line,white,en,1.1.2,purple,Purple
5904,"Abkhaz (аҧсуа бызшәа, аҧсшәа)",,rgb,0,126,255,1,6,line,white,en,1.1.2,blue,Blue
5904,"Abkhaz (аҧсуа бызшәа, аҧсшәа)",,rgb,0,255,107,1,7,line,white,en,1.1.2,green,Green
5904,"Abkhaz (аҧсуа бызшәа, аҧсшәа)",,rgb,0,68,255,1,8,line,white,en,1.1.2,blue,Blue
5904,"Abkhaz (аҧсуа бызшәа, аҧсшәа)",,rgb,255,212,0,1,9,line,white,en,1.1.2,yellow,Yellow
5904,"Abkhaz (аҧсуа бызшәа, аҧсшәа)",,rgb,0,61,255,1,10,line,white,en,1.1.2,blue,Blue
5904,"Abkhaz (аҧсуа бызшәа, аҧсшәа)",,rgb,0,99,255,1,11,line,white,en,1.1.2,blue,Blue
5904,"Abkhaz (аҧсуа бызшәа, аҧсшәа)",,rgb,255,152,0,3,0,line,white,en,1.1.2,orange,Orange
5904,"Abkhaz (аҧсуа бызшәа, аҧсшәа)",,rgb,198,255,0,3,1,line,white,en,1.1.2,green,Green
5904,"Abkhaz (аҧсуа бызшәа, аҧсшәа)",,rgb,254,0,255,3,2,line,white,en,1.1.2,purple,Purple
5904,"Abkhaz (аҧсуа бызшәа, аҧсшәа)",,rgb,255,252,0,3,3,line,white,en,1.1.2,yellow,Yellow
5904,"Abkhaz (аҧсуа бызшәа, аҧсшәа)",,rgb,255,0,63,3,4,line,white,en,1.1.2,red,Red
5904,"Abkhaz (аҧсуа бызшәа, аҧсшәа)",,rgb,0,165,255,3,5,line,white,en,1.1.2,blue,Blue
5904,"Abkhaz (аҧсуа бызшәа, аҧсшәа)",,rgb,0,152,255,3,6,line,white,en,1.1.2,blue,Blue
5904,"Abkhaz (аҧсуа бызшәа, аҧсшәа)",,rgb,126,255,0,3,7,line,white,en,1.1.2,green,Green
5904,"Abkhaz (аҧсуа бызшәа, аҧсшәа)",,rgb,0,209,255,3,8,line,white,en,1.1.2,light blue,Light blue
5904,"Abkhaz (аҧсуа бызшәа, аҧсшәа)",,rgb,0,249,255,3,9,line,white,en,1.1.2,blue,Blue
5904,"Abkhaz (аҧсуа бызшәа, аҧсшәа)",,rgb,255,138,0,3,10,line,white,en,1.1.2,orange,Orange
5904,"Abkhaz (аҧсуа бызшәа, аҧсшәа)",,rgb,255,0,180,3,11,line,white,en,1.1.2,pink,Pink
6002,Swedish (svenska),,rgb,255,0,255,1,11,line,white,en,1.1.2,magenta,magenta
6043,Arabic (العربية),,rgb,255,0,44,1,0,line,white,en,1.1.2,red,red
6043,Arabic (العربية),,rgb,193,255,0,1,1,line,white,en,1.1.2,green,green
6043,Arabic (العربية),,rgb,0,37,255,1,2,line,white,en,1.1.2,blue,blue
6043,Arabic (العربية),,rgb,0,255,238,1,3,line,white,en,1.1.2,blue,blue
6043,Arabic (العربية),,rgb,0,255,206,1,4,line,white,en,1.1.2,blue,blue
6043,Arabic (العربية),,rgb,0,255,165,1,5,line,white,en,1.1.2,green,green
6043,Arabic (العربية),,rgb,255,0,110,1,7,line,white,en,1.1.2,red,red
6043,Arabic (العربية),,rgb,255,0,134,1,8,line,white,en,1.1.2,pink,pink
6043,Arabic (العربية),,rgb,233,0,255,1,9,line,white,en,1.1.2,purple,purple
6043,Arabic (العربية),,rgb,0,147,255,1,10,line,white,en,1.1.2,blue,blue
6043,Arabic (العربية),,rgb,0,193,255,1,11,line,white,en,1.1.2,blue,blue
6043,Arabic (العربية),,rgb,255,174,0,3,0,line,white,en,1.1.2,orange,orange
6043,Arabic (العربية),,rgb,89,0,255,3,1,line,white,en,1.1.2,blue,blue
6043,Arabic (العربية),,rgb,255,67,0,3,2,line,white,en,1.1.2,red,red
6043,Arabic (العربية),,rgb,255,86,0,3,3,line,white,en,1.1.2,red,red
6043,Arabic (العربية),,rgb,255,0,145,3,4,line,white,en,1.1.2,pink,pink
6043,Arabic (العربية),,rgb,216,0,255,3,5,line,white,en,1.1.2,purple,purple
6043,Arabic (العربية),,rgb,255,218,0,3,6,line,white,en,1.1.2,yellow,yellow
6043,Arabic (العربية),,rgb,155,255,0,3,7,line,white,en,1.1.2,green,green
6043,Arabic (العربية),,rgb,0,168,255,3,8,line,white,en,1.1.2,blue,blue
6043,Arabic (العربية),,rgb,0,255,84,3,9,line,white,en,1.1.2,green,green
6043,Arabic (العربية),,rgb,0,255,152,3,10,line,white,en,1.1.2,green,green
6043,Arabic (العربية),,rgb,0,229,255,3,11,line,white,en,1.1.2,blue,blue
6043,Arabic (العربية),,rgb,253,255,0,6,0,line,white,en,1.1.2,yellow,yellow
6043,Arabic (العربية),,rgb,255,121,0,6,1,line,white,en,1.1.2,red,red
6043,Arabic (العربية),,rgb,0,119,255,6,2,line,white,en,1.1.2,blue,blue
6043,Arabic (العربية),,rgb,255,0,49,6,3,line,white,en,1.1.2,red,red
6043,Arabic (العربية),,rgb,135,0,255,6,4,line,white,en,1.1.2,blue,blue
6043,Arabic (العربية),,rgb,0,108,255,6,5,line,white,en,1.1.2,blue,blue
6043,Arabic (العربية),,rgb,255,0,185,6,6,line,white,en,1.1.2,pink,pink
6043,Arabic (العربية),,rgb,89,255,0,6,7,line,white,en,1.1.2,green,green
6043,Arabic (العربية),,rgb,0,79,255,6,8,line,white,en,1.1.2,blue,blue
6043,Arabic (العربية),,rgb,255,0,218,6,9,line,white,en,1.1.2,pink,pink
6043,Arabic (العربية),,rgb,0,255,25,6,10,line,white,en,1.1.2,green,green
6043,Arabic (العربية),,rgb,0,247,255,6,11,line,white,en,1.1.2,blue,blue
6294,English (English),,rgb,225,234,114,6,3,full,white,en,1.1.2,???,???
6363,Hebrew (modern) (עברית),,rgb,0,247,255,1,0,line,white,en,1.1.2,cyan,cyan
6363,Hebrew (modern) (עברית),,rgb,0,172,255,1,1,line,white,en,1.1.2,light blue,light blue
6363,Hebrew (modern) (עברית),,rgb,255,0,107,1,2,line,white,en,1.1.2,rose,rose
6363,Hebrew (modern) (עברית),,rgb,255,160,0,1,3,line,white,en,1.1.2,yellow,yellow
6363,Hebrew (modern) (עברית),,rgb,216,0,255,1,4,line,white,en,1.1.2,fucsia,fucsia
6363,Hebrew (modern) (עברית),,rgb,255,0,72,1,5,line,white,en,1.1.2,red,red
6363,Hebrew (modern) (עברית),,rgb,0,255,203,1,6,line,white,en,1.1.2,turquise,turquise
6363,Hebrew (modern) (עברית),,rgb,0,42,255,1,7,line,white,en,1.1.2,blue,blue
6363,Hebrew (modern) (עברית),,rgb,160,255,0,1,8,line,white,en,1.1.2,light green,light green
6363,Hebrew (modern) (עברית),,rgb,0,255,62,1,9,line,white,en,1.1.2,green,green
6363,Hebrew (modern) (עברית),,rgb,0,255,169,1,10,line,white,en,1.1.2,bluish green,bluish green
6363,Hebrew (modern) (עברית),,rgb,255,0,115,1,11,line,white,en,1.1.2,rose,rose
6363,Hebrew (modern) (עברית),,rgb,0,205,255,3,0,line,white,en,1.1.2,light blue,light blue
6363,Hebrew (modern) (עברית),,rgb,255,198,0,3,1,line,white,en,1.1.2,yellow,yellow
6363,Hebrew (modern) (עברית),,rgb,255,2,0,3,2,line,white,en,1.1.2,red,red
6363,Hebrew (modern) (עברית),,rgb,51,0,255,3,3,line,white,en,1.1.2,purple blue,purple blue
6363,Hebrew (modern) (עברית),,rgb,248,0,255,3,4,line,white,en,1.1.2,fucsia,fucsia
6363,Hebrew (modern) (עברית),,rgb,0,119,255,3,5,line,white,en,1.1.2,grey blue,grey blue
6363,Hebrew (modern) (עברית),,rgb,0,255,232,3,6,line,white,en,1.1.2,cyan,cyan
6363,Hebrew (modern) (עברית),,rgb,213,255,0,3,7,line,white,en,1.1.2,light fluo green,light fluo green
6363,Hebrew (modern) (עברית),,rgb,0,112,255,3,8,line,white,en,1.1.2,blue,blue
6363,Hebrew (modern) (עברית),,rgb,75,255,0,3,9,line,white,en,1.1.2,green,green
6363,Hebrew (modern) (עברית),,rgb,255,0,48,3,10,line,white,en,1.1.2,red,red
6363,Hebrew (modern) (עברית),,rgb,0,200,255,3,11,line,white,en,1.1.2,light blue,light blue
6363,Hebrew (modern) (עברית),,rgb,115,0,255,6,0,line,white,en,1.1.2,purple,purple
6363,Hebrew (modern) (עברית),,rgb,255,237,0,6,1,line,white,en,1.1.2,yellow,yellow
6363,Hebrew (modern) (עברית),,rgb,0,255,129,6,2,line,white,en,1.1.2,green,green
6363,Hebrew (modern) (עברית),,rgb,0,73,255,6,3,line,white,en,1.1.2,blue,blue
6363,Hebrew (modern) (עברית),,rgb,255,0,200,6,4,line,white,en,1.1.2,fucsia,fucsia
6363,Hebrew (modern) (עברית),,rgb,255,145,0,6,5,line,white,en,1.1.2,orange,orange
6363,Hebrew (modern) (עברית),,rgb,0,142,255,6,6,line,white,en,1.1.2,blue,blue
6363,Hebrew (modern) (עברית),,rgb,250,255,0,6,7,line,white,en,1.1.2,lemon yellow,lemon yellow
6363,Hebrew (modern) (עברית),,rgb,0,255,119,6,8,line,white,en,1.1.2,green,green
6363,Hebrew (modern) (עברית),,rgb,255,0,154,6,9,line,white,en,1.1.2,pink,pink
6363,Hebrew (modern) (עברית),,rgb,255,90,0,6,10,line,white,en,1.1.2,dark orange,dark orange
6363,Hebrew (modern) (עברית),,rgb,255,0,218,6,11,line,white,en,1.1.2,fucsia,fucsia
6407,"French (français, langue française)",,rgb,0,177,255,1,0,line,white,en,1.1.2,blue,blue
6407,"French (français, langue française)",,rgb,0,68,255,1,1,line,white,en,1.1.2,blue,blue
6407,"French (français, langue française)",,rgb,0,255,187,1,2,line,white,en,1.1.2,green,green
6407,"French (français, langue française)",,rgb,0,255,121,1,3,line,white,en,1.1.2,green,green
6407,"French (français, langue française)",,rgb,0,194,255,1,5,line,white,en,1.1.2,blue,blue
6407,"French (français, langue française)",,rgb,255,0,186,1,6,line,white,en,1.1.2,pink,pink
6407,"French (français, langue française)",,rgb,163,0,255,1,7,line,white,en,1.1.2,purple,purple
6407,"French (français, langue française)",,rgb,0,121,255,1,9,line,white,en,1.1.2,blue,blue
6407,"French (français, langue française)",,rgb,213,0,255,1,10,line,white,en,1.1.2,purple,purple
6407,"French (français, langue française)",,rgb,208,255,0,1,11,line,white,en,1.1.2,yellow,yellow
6520,Portuguese (português),,rgb,255,0,161,3,6,line,white,en,1.1.2,pink,pink
6561,Swedish (svenska),,rgb,255,0,136,1,0,line,white,en,1.1.2,pink,pink
6561,Swedish (svenska),,rgb,0,95,255,1,2,line,white,en,1.1.2,blue,blue
6561,Swedish (svenska),,rgb,123,0,255,1,4,line,white,en,1.1.2,purple,purple
6561,Swedish (svenska),,rgb,0,255,237,1,6,line,white,en,1.1.2,blue,blue
6561,Swedish (svenska),,rgb,0,255,93,1,10,line,white,en,1.1.2,green,green
6575,Arabic (العربية),,rgb,255,67,0,1,0,line,white,en,1.1.2,orange,orange
6575,Arabic (العربية),,rgb,0,126,255,1,1,line,white,en,1.1.2,azure,azure
6575,Arabic (العربية),,rgb,109,0,255,1,2,line,white,en,1.1.2,blue magenta violet,blue-magenta violet
6575,Arabic (العربية),,rgb,0,172,255,1,3,line,white,en,1.1.2,battery charged blue,battery charged blue
6575,Arabic (العربية),,rgb,255,0,133,1,4,line,white,en,1.1.2,deep pink,deep pink
6575,Arabic (العربية),,rgb,255,0,83,1,5,line,white,en,1.1.2,debian red,debian red
6575,Arabic (العربية),,rgb,0,106,255,1,6,line,white,en,1.1.2,blue,blue
6575,Arabic (العربية),,rgb,64,255,0,1,7,line,white,en,1.1.2,electric green,electric green
6575,Arabic (العربية),,rgb,247,255,0,1,8,line,white,en,1.1.2,electric lime,electric lime
6575,Arabic (العربية),,rgb,0,255,180,1,9,line,white,en,1.1.2,aqua,aqua
6575,Arabic (العربية),,rgb,178,0,255,1,10,line,white,en,1.1.2,blue violet,blue-violet
6575,Arabic (العربية),,rgb,253,0,255,1,11,line,white,en,1.1.2,byzantine,byzantine
6561,Swedish (svenska),,rgb,182,255,0,3,1,line,white,en,1.1.2,green,green
6561,Swedish (svenska),,rgb,55,0,255,3,2,line,white,en,1.1.2,blue,blue
6561,Swedish (svenska),,rgb,216,0,255,3,3,line,white,en,1.1.2,purple,purple
6561,Swedish (svenska),,rgb,0,89,255,3,4,line,white,en,1.1.2,blue,blue
6561,Swedish (svenska),,rgb,251,0,255,3,8,line,white,en,1.1.2,purple,purple
6561,Swedish (svenska),,rgb,0,131,255,3,9,line,white,en,1.1.2,blue,blue
6561,Swedish (svenska),,rgb,255,0,190,3,11,line,white,en,1.1.2,pink,pink
6561,Swedish (svenska),,rgb,0,210,255,6,0,line,white,en,1.1.2,blue,blue
6561,Swedish (svenska),,rgb,255,0,151,6,1,line,white,en,1.1.2,pink,pink
6561,Swedish (svenska),,rgb,255,0,106,6,2,line,white,en,1.1.2,pink,pink
6561,Swedish (svenska),,rgb,0,64,255,6,3,line,white,en,1.1.2,blue,blue
6561,Swedish (svenska),,rgb,0,255,125,6,6,line,white,en,1.1.2,green,green
6561,Swedish (svenska),,rgb,0,189,255,6,7,line,white,en,1.1.2,blue,blue
6561,Swedish (svenska),,rgb,132,255,0,6,8,line,white,en,1.1.2,green,green
6561,Swedish (svenska),,rgb,255,0,60,6,9,line,white,en,1.1.2,pink,pink
6561,Swedish (svenska),,rgb,0,255,1,6,10,line,white,en,1.1.2,green,green
6561,Swedish (svenska),,rgb,255,0,229,6,11,line,white,en,1.1.2,purple,purple
6581,Thai (ไทย),,rgb,255,0,141,1,0,line,white,en,1.1.2,deep pink,Deep Pink
6581,Thai (ไทย),,rgb,255,220,0,1,1,line,white,en,1.1.2,gold,Gold
6581,Thai (ไทย),,rgb,0,255,50,1,2,line,white,en,1.1.2,lime,Lime
6581,Thai (ไทย),,rgb,255,137,0,1,3,line,white,en,1.1.2,dark orange,Dark Orange
6581,Thai (ไทย),,rgb,255,175,0,1,4,line,white,en,1.1.2,orange,Orange
6581,Thai (ไทย),,rgb,0,143,255,1,5,line,white,en,1.1.2,dodger blue,Dodger Blue
6581,Thai (ไทย),,rgb,58,0,255,1,6,line,white,en,1.1.2,medium blue,Medium Blue
6581,Thai (ไทย),,rgb,255,0,75,1,7,line,white,en,1.1.2,crimson,Crimson
6581,Thai (ไทย),,rgb,255,0,109,1,8,line,white,en,1.1.2,deep pink,Deep Pink
6581,Thai (ไทย),,rgb,0,228,255,1,9,line,white,en,1.1.2,cyan,Cyan
6581,Thai (ไทย),,rgb,0,255,122,1,10,line,white,en,1.1.2,spring green,Spring Green
6581,Thai (ไทย),,rgb,110,255,0,1,11,line,white,en,1.1.2,lawn green,Lawn Green
6565,Swedish (svenska),,rgb,255,0,156,6,5,line,white,en,1.1.2,magenta,magenta
6581,Thai (ไทย),,rgb,0,135,255,3,0,line,white,en,1.1.2,blue,Blue
6581,Thai (ไทย),,rgb,255,0,247,3,1,line,white,en,1.1.2,magenta,Magenta
6581,Thai (ไทย),,rgb,0,111,255,3,3,line,white,en,1.1.2,royal blue,Royal Blue
6581,Thai (ไทย),,rgb,0,255,223,3,5,line,white,en,1.1.2,cyan,Cyan
6581,Thai (ไทย),,rgb,255,208,0,3,6,line,white,en,1.1.2,gold,Gold
6581,Thai (ไทย),,rgb,142,0,255,3,7,line,white,en,1.1.2,blue violet,Blue Violet
6581,Thai (ไทย),,rgb,0,82,255,3,11,line,white,en,1.1.2,medium blue,Medium Blue
6619,Portuguese (português),,rgb,255,0,205,1,9,line,white,en,1.1.2,pink,pink
6619,Portuguese (português),,rgb,255,0,245,3,6,line,white,en,1.1.2,pink,pink
6625,Spanish (español),,rgb,255,129,0,1,0,line,white,en,1.1.2,orange,orange
6625,Spanish (español),,rgb,255,0,171,1,1,line,white,en,1.1.2,pink,pink
6625,Spanish (español),,rgb,0,72,255,1,2,line,white,en,1.1.2,dark blue,dark blue
6625,Spanish (español),,rgb,0,255,123,1,3,line,white,en,1.1.2,green,green
6625,Spanish (español),,rgb,132,0,255,1,5,line,white,en,1.1.2,purple,purple
6625,Spanish (español),,rgb,255,0,80,1,6,line,white,en,1.1.2,red,red
6625,Spanish (español),,rgb,0,95,255,1,9,line,white,en,1.1.2,blue,blue
6625,Spanish (español),,rgb,0,217,255,1,11,line,white,en,1.1.2,light blue,light blue
6625,Spanish (español),,rgb,255,0,84,3,0,line,white,en,1.1.2,red,red
6625,Spanish (español),,rgb,0,172,255,3,1,line,white,en,1.1.2,blue,blue
6625,Spanish (español),,rgb,255,220,0,3,2,line,white,en,1.1.2,yellow,yellow
6625,Spanish (español),,rgb,255,0,225,3,3,line,white,en,1.1.2,pink,pink
6625,Spanish (español),,rgb,0,187,255,3,4,line,white,en,1.1.2,blue,blue
6625,Spanish (español),,rgb,0,255,189,3,5,line,white,en,1.1.2,green,green
6625,Spanish (español),,rgb,251,0,255,3,7,line,white,en,1.1.2,pink,pink
6625,Spanish (español),,rgb,255,81,0,3,8,line,white,en,1.1.2,orange,orange
6625,Spanish (español),,rgb,0,248,255,3,10,line,white,en,1.1.2,light blue,light blue
6625,Spanish (español),,rgb,124,255,0,6,0,line,white,en,1.1.2,green,green
6625,Spanish (español),,rgb,0,255,240,6,1,line,white,en,1.1.2,light blue,light blue
6625,Spanish (español),,rgb,255,116,0,6,2,line,white,en,1.1.2,orange,orange
6625,Spanish (español),,rgb,0,121,255,6,4,line,white,en,1.1.2,blue,blue
6625,Spanish (español),,rgb,0,49,255,6,6,line,white,en,1.1.2,dark blue,dark blue
6625,Spanish (español),,rgb,0,138,255,6,7,line,white,en,1.1.2,blue,blue
6625,Spanish (español),,rgb,185,0,255,6,8,line,white,en,1.1.2,purple,purple
6702,German (Deutsch),,rgb,0,232,255,6,1,line,white,en,1.1.2,cyan,cyan
6702,German (Deutsch),,rgb,255,0,37,6,5,line,white,en,1.1.2,red,red
6742,Spanish (español),,rgb,0,255,218,1,0,line,white,en,1.1.2,teal,teal
6742,Spanish (español),,rgb,255,0,192,1,1,line,white,en,1.1.2,fushia,fushia
6742,Spanish (español),,rgb,255,192,0,1,2,line,white,en,1.1.2,orange,orange
6742,Spanish (español),,rgb,249,255,0,1,3,line,white,en,1.1.2,yellow,yellow
6742,Spanish (español),,rgb,0,40,255,1,4,line,white,en,1.1.2,blue,blue
6742,Spanish (español),,rgb,0,255,134,1,5,line,white,en,1.1.2,pastel green,pastel green
6742,Spanish (español),,rgb,122,255,0,1,6,line,white,en,1.1.2,yellow green,yellow green
6742,Spanish (español),,rgb,176,255,0,1,7,line,white,en,1.1.2,jade green,jade green
6742,Spanish (español),,rgb,0,255,170,1,8,line,white,en,1.1.2,aqua green,aqua green
6742,Spanish (español),,rgb,0,255,229,1,9,line,white,en,1.1.2,teal,teal
6742,Spanish (español),,rgb,0,148,255,1,10,line,white,en,1.1.2,sky blue,sky blue
6742,Spanish (español),,rgb,15,255,0,1,11,line,white,en,1.1.2,green,green
6742,Spanish (español),,rgb,255,0,210,3,0,line,white,en,1.1.2,fushia,fushia
6742,Spanish (español),,rgb,0,99,255,3,1,line,white,en,1.1.2,blue,blue
6742,Spanish (español),,rgb,0,227,255,3,2,line,white,en,1.1.2,sky blue,sky blue
6742,Spanish (español),,rgb,255,0,69,3,3,line,white,en,1.1.2,infra red,infra red
6742,Spanish (español),,rgb,0,88,255,3,4,line,white,en,1.1.2,blue,blue
6742,Spanish (español),,rgb,255,0,150,3,5,line,white,en,1.1.2,pink,pink
6742,Spanish (español),,rgb,255,86,0,3,6,line,white,en,1.1.2,orange,orange
6742,Spanish (español),,rgb,0,231,255,3,7,line,white,en,1.1.2,teal,teal
6742,Spanish (español),,rgb,132,0,255,3,8,line,white,en,1.1.2,blue ish purple,blue-ish purple
6742,Spanish (español),,rgb,225,0,255,3,9,line,white,en,1.1.2,pink ish purple,pink-ish purple
6742,Spanish (español),,rgb,255,160,0,3,10,line,white,en,1.1.2,mango orange,mango orange
6742,Spanish (español),,rgb,182,0,255,3,11,line,white,en,1.1.2,purple,purple
6742,Spanish (español),,rgb,255,55,0,6,0,line,white,en,1.1.2,red,red
6742,Spanish (español),,rgb,0,168,255,6,1,line,white,en,1.1.2,sky blue,sky blue
6742,Spanish (español),,rgb,255,218,0,6,2,line,white,en,1.1.2,golden yellow,golden yellow
6742,Spanish (español),,rgb,255,0,129,6,3,line,white,en,1.1.2,pink,pink
6742,Spanish (español),,rgb,0,128,255,6,4,line,white,en,1.1.2,light blue,light blue
6742,Spanish (español),,rgb,212,255,0,6,5,line,white,en,1.1.2,neon yellow ish green,neon yellow-ish green
6742,Spanish (español),,rgb,0,255,89,6,6,line,white,en,1.1.2,pastel green,pastel green
6742,Spanish (español),,rgb,0,193,255,6,7,line,white,en,1.1.2,teal,teal
6742,Spanish (español),,rgb,255,0,82,6,8,line,white,en,1.1.2,rose pink,rose pink
6742,Spanish (español),,rgb,70,0,255,6,9,line,white,en,1.1.2,blue,blue
6742,Spanish (español),,rgb,255,122,0,6,10,line,white,en,1.1.2,mango orange,mango orange
6742,Spanish (español),,rgb,255,0,32,6,11,line,white,en,1.1.2,infra red,infra red
6746,Swedish (svenska),,rgb,255,0,138,1,0,line,white,en,1.1.2,magenta,Magenta
6746,Swedish (svenska),,rgb,255,0,102,3,9,line,white,en,1.1.2,magenta,Magenta
6757,Swedish (svenska),,rgb,0,255,254,1,5,line,white,en,1.1.2,cyan,CYAN
6870,"French (français, langue française)",,rgb,255,163,0,1,7,line,white,en,1.1.2,bge,bge
6870,"French (français, langue française)",,rgb,0,134,255,1,8,line,white,en,1.1.2,y,y
6870,"French (français, langue française)",,rgb,0,255,86,1,11,line,white,en,1.1.2,bge,bge
6870,"French (français, langue française)",,rgb,214,255,0,3,10,line,white,en,1.1.2,gtz,gtz
6870,"French (français, langue française)",,rgb,255,0,254,3,11,line,white,en,1.1.2,gtz,gtz
6870,"French (français, langue française)",,rgb,0,151,255,6,11,line,white,en,1.1.2,y,y
6996,Swedish (svenska),,rgb,255,0,180,1,6,line,white,en,1.1.2,cyan,cyan
6996,Swedish (svenska),,rgb,255,0,213,6,6,line,white,en,1.1.2,cyan,cyan
6996,Swedish (svenska),,rgb,255,0,249,6,11,line,white,en,1.1.2,cyan,cyan
7044,German (Deutsch),,rgb,34,255,0,1,0,line,white,en,1.1.2,green,Green
7044,German (Deutsch),,rgb,0,248,255,1,1,line,white,en,1.1.2,cyan,Cyan
7044,German (Deutsch),,rgb,0,14,255,1,2,line,white,en,1.1.2,blue,Blue
7044,German (Deutsch),,rgb,0,63,255,1,4,line,white,en,1.1.2,blue,Blue
7044,German (Deutsch),,rgb,255,65,0,1,5,line,white,en,1.1.2,red,Red
7044,German (Deutsch),,rgb,248,255,0,1,7,line,white,en,1.1.2,yellow,Yellow
7044,German (Deutsch),,rgb,94,0,255,1,10,line,white,en,1.1.2,blue,Blue
7044,German (Deutsch),,rgb,224,255,0,3,2,line,white,en,1.1.2,yellow,Yellow
7044,German (Deutsch),,rgb,0,130,255,3,3,line,white,en,1.1.2,blue,Blue
7044,German (Deutsch),,rgb,0,156,255,3,5,line,white,en,1.1.2,blue,Blue
7044,German (Deutsch),,rgb,255,0,8,3,6,line,white,en,1.1.2,red,Red
7044,German (Deutsch),,rgb,0,255,151,3,8,line,white,en,1.1.2,green,Green
7044,German (Deutsch),,rgb,0,73,255,3,11,line,white,en,1.1.2,blue,Blue
7044,German (Deutsch),,rgb,0,255,217,6,3,line,white,en,1.1.2,cyan,Cyan
7044,German (Deutsch),,rgb,0,94,255,6,6,line,white,en,1.1.2,blue,Blue
7044,German (Deutsch),,rgb,0,255,114,6,7,line,white,en,1.1.2,green,Green
7044,German (Deutsch),,rgb,175,255,0,6,9,line,white,en,1.1.2,yellow,Yellow
7044,German (Deutsch),,rgb,0,255,248,6,10,line,white,en,1.1.2,cyan,Cyan
7111,"Estonian (eesti, eesti keel)",,rgb,250,0,255,1,0,line,white,en,1.1.2,violet,Violet
7111,"Estonian (eesti, eesti keel)",,rgb,0,255,143,1,1,line,white,en,1.1.2,green,Green
7111,"Estonian (eesti, eesti keel)",,rgb,255,66,0,1,2,line,white,en,1.1.2,orange,Orange
7111,"Estonian (eesti, eesti keel)",,rgb,0,255,219,1,3,line,white,en,1.1.2,aquamarine,Aquamarine
7111,"Estonian (eesti, eesti keel)",,rgb,255,0,89,1,4,line,white,en,1.1.2,pink red,Pink red
7111,"Estonian (eesti, eesti keel)",,rgb,129,0,255,1,5,line,white,en,1.1.2,purple,Purple
7111,"Estonian (eesti, eesti keel)",,rgb,255,0,187,1,6,line,white,en,1.1.2,violet,Violet
7111,"Estonian (eesti, eesti keel)",,rgb,0,255,176,1,7,line,white,en,1.1.2,aquamarine,Aquamarine
7111,"Estonian (eesti, eesti keel)",,rgb,255,196,0,1,8,line,white,en,1.1.2,yellow,Yellow
7111,"Estonian (eesti, eesti keel)",,rgb,0,254,255,1,9,line,white,en,1.1.2,aquamarine,Aquamarine
7111,"Estonian (eesti, eesti keel)",,rgb,72,255,0,1,10,line,white,en,1.1.2,neon green,Neon green
7111,"Estonian (eesti, eesti keel)",,rgb,0,219,255,1,11,line,white,en,1.1.2,aquamarine,Aquamarine
7111,"Estonian (eesti, eesti keel)",,rgb,255,0,117,3,0,line,white,en,1.1.2,violet,Violet
7111,"Estonian (eesti, eesti keel)",,rgb,0,165,255,3,1,line,white,en,1.1.2,sky blue,Sky blue
7111,"Estonian (eesti, eesti keel)",,rgb,220,255,0,3,2,line,white,en,1.1.2,yellow,Yellow
7111,"Estonian (eesti, eesti keel)",,rgb,0,41,255,3,3,line,white,en,1.1.2,navy blue,Navy blue
7111,"Estonian (eesti, eesti keel)",,rgb,255,222,0,3,4,line,white,en,1.1.2,yellow,Yellow
7111,"Estonian (eesti, eesti keel)",,rgb,255,0,73,3,5,line,white,en,1.1.2,red,Red
7111,"Estonian (eesti, eesti keel)",,rgb,35,0,255,3,6,line,white,en,1.1.2,navy blue,Navy blue
7111,"Estonian (eesti, eesti keel)",,rgb,0,255,50,3,7,line,white,en,1.1.2,green,Green
7111,"Estonian (eesti, eesti keel)",,rgb,0,153,255,3,8,line,white,en,1.1.2,sky blue,Sky blue
7111,"Estonian (eesti, eesti keel)",,rgb,214,0,255,3,9,line,white,en,1.1.2,violet,Violet
7111,"Estonian (eesti, eesti keel)",,rgb,0,112,255,3,10,line,white,en,1.1.2,sky blue,Sky blue
7111,"Estonian (eesti, eesti keel)",,rgb,255,136,0,3,11,line,white,en,1.1.2,orange,Orange
7111,"Estonian (eesti, eesti keel)",,rgb,0,127,255,6,0,line,white,en,1.1.2,sky blue,Sky blue
7111,"Estonian (eesti, eesti keel)",,rgb,180,255,0,6,1,line,white,en,1.1.2,bright green,Bright green
7111,"Estonian (eesti, eesti keel)",,rgb,253,255,0,6,2,line,white,en,1.1.2,yellow,Yellow
7111,"Estonian (eesti, eesti keel)",,rgb,255,153,0,6,3,line,white,en,1.1.2,orange,Orange
7111,"Estonian (eesti, eesti keel)",,rgb,0,255,250,6,4,line,white,en,1.1.2,aquamarine,Aquamarine
7111,"Estonian (eesti, eesti keel)",,rgb,0,255,112,6,5,line,white,en,1.1.2,green,Green
7111,"Estonian (eesti, eesti keel)",,rgb,255,0,143,6,6,line,white,en,1.1.2,violet,Violet
7111,"Estonian (eesti, eesti keel)",,rgb,0,200,255,6,7,line,white,en,1.1.2,aquamarine,Aquamarine
7111,"Estonian (eesti, eesti keel)",,rgb,0,68,255,6,8,line,white,en,1.1.2,navy blue,Navy blue
7111,"Estonian (eesti, eesti keel)",,rgb,255,0,232,6,9,line,white,en,1.1.2,violet,Violet
7111,"Estonian (eesti, eesti keel)",,rgb,255,98,0,6,10,line,white,en,1.1.2,orange,Orange
7111,"Estonian (eesti, eesti keel)",,rgb,255,0,47,6,11,line,white,en,1.1.2,red,Red
7119,English (English),,rgb,238,101,130,1,6,full,white,en,1.1.2,?,?
7215,German (Deutsch),,rgb,0,241,255,1,7,line,white,en,1.1.2,cyan,Cyan
7232,"French (français, langue française)",,rgb,255,247,0,1,4,line,white,en,1.1.2,lime,Lime
7238,"French (français, langue française)",,rgb,0,55,255,1,0,line,white,en,1.1.2,blue,blue
7238,"French (français, langue française)",,rgb,255,53,0,1,1,line,white,en,1.1.2,red,red
7238,"French (français, langue française)",,rgb,91,255,0,1,8,line,white,en,1.1.2,neon green,neon green
7238,"French (français, langue française)",,rgb,208,0,255,1,9,line,white,en,1.1.2,purple,purple
7238,"French (français, langue française)",,rgb,0,25,255,1,10,line,white,en,1.1.2,blue,blue
7238,"French (français, langue française)",,rgb,255,0,59,1,11,line,white,en,1.1.2,red,red
7238,"French (français, langue française)",,rgb,0,118,255,3,2,line,white,en,1.1.2,blue,blue
7238,"French (français, langue française)",,rgb,0,255,97,3,5,line,white,en,1.1.2,neon green,neon green
7238,"French (français, langue française)",,rgb,0,154,255,3,6,line,white,en,1.1.2,light blue,light blue
7238,"French (français, langue française)",,rgb,0,255,64,3,8,line,white,en,1.1.2,neon green,neon green
7238,"French (français, langue française)",,rgb,255,243,0,6,4,line,white,en,1.1.2,yellow,yellow
7238,"French (français, langue française)",,rgb,0,105,255,6,6,line,white,en,1.1.2,blue,blue
7238,"French (français, langue française)",,rgb,241,0,255,6,7,line,white,en,1.1.2,purple,purple
7238,"French (français, langue française)",,rgb,255,0,4,6,10,line,white,en,1.1.2,red,red
7243,German (Deutsch),,rgb,255,0,178,3,9,line,white,en,1.1.2,cyan,cyan
7264,Romanian (limba română),,rgb,0,103,255,6,7,line,white,en,1.1.2,blue,blue
7264,Romanian (limba română),,rgb,0,12,255,6,8,line,white,en,1.1.2,blue,blue
7285,"French (français, langue française)",,rgb,172,255,0,1,10,line,white,en,1.1.2,vert flash,vert flash
7296,Russian (Русский),,rgb,0,255,17,1,0,line,white,en,1.1.2,light green,Light Green
7296,Russian (Русский),,rgb,0,155,255,1,1,line,white,en,1.1.2,blue,Blue
7296,Russian (Русский),,rgb,70,0,255,1,2,line,white,en,1.1.2,dark blue,Dark blue
7296,Russian (Русский),,rgb,255,0,224,1,3,line,white,en,1.1.2,light purple,Light Purple
7296,Russian (Русский),,rgb,255,0,147,1,4,line,white,en,1.1.2,pink,Pink
7296,Russian (Русский),,rgb,0,255,116,1,5,line,white,en,1.1.2,green,Green
7296,Russian (Русский),,rgb,0,54,255,1,6,line,white,en,1.1.2,blue,Blue
7296,Russian (Русский),,rgb,231,0,255,1,7,line,white,en,1.1.2,purple,Purple
7296,Russian (Русский),,rgb,255,123,0,1,8,line,white,en,1.1.2,orange,Orange
7296,Russian (Русский),,rgb,255,100,0,1,9,line,white,en,1.1.2,dark orange,Dark Orange
7296,Russian (Русский),,rgb,102,0,255,1,10,line,white,en,1.1.2,violet,Violet
7296,Russian (Русский),,rgb,0,71,255,1,11,line,white,en,1.1.2,blue,Blue
7296,Russian (Русский),,rgb,49,255,0,3,0,line,white,en,1.1.2,green,green
7296,Russian (Русский),,rgb,255,170,0,3,1,line,white,en,1.1.2,orange,Orange
7296,Russian (Русский),,rgb,255,0,33,3,2,line,white,en,1.1.2,red,Red
7296,Russian (Русский),,rgb,137,255,0,3,3,line,white,en,1.1.2,light green,Light green
7296,Russian (Русский),,rgb,0,227,255,3,4,line,white,en,1.1.2,cyan,cyan
7296,Russian (Русский),,rgb,0,239,255,3,5,line,white,en,1.1.2,light cyan,light cyan
7296,Russian (Русский),,rgb,255,0,199,3,7,line,white,en,1.1.2,purple,Purple
7296,Russian (Русский),,rgb,0,133,255,3,8,line,white,en,1.1.2,blue,blue
7296,Russian (Русский),,rgb,0,255,190,3,9,line,white,en,1.1.2,turquoise,turquoise
7296,Russian (Русский),,rgb,255,207,0,3,10,line,white,en,1.1.2,light orange,Light orange
7296,Russian (Русский),,rgb,0,173,255,3,11,line,white,en,1.1.2,light blue,Light blue
7296,Russian (Русский),,rgb,255,50,0,6,0,line,white,en,1.1.2,red,Red
7296,Russian (Русский),,rgb,255,0,95,6,2,line,white,en,1.1.2,dark red,Dark red
7296,Russian (Русский),,rgb,203,0,255,6,3,line,white,en,1.1.2,purple,purple
7296,Russian (Русский),,rgb,207,255,0,6,4,line,white,en,1.1.2,light green,light green
7296,Russian (Русский),,rgb,0,255,149,6,5,line,white,en,1.1.2,green,green
7296,Russian (Русский),,rgb,0,255,225,6,6,line,white,en,1.1.2,cyan,cyan
7296,Russian (Русский),,rgb,255,239,0,6,7,line,white,en,1.1.2,dark yellow,dark yellow
7296,Russian (Русский),,rgb,0,97,255,6,8,line,white,en,1.1.2,blue,blue
7296,Russian (Русский),,rgb,255,248,0,6,9,line,white,en,1.1.2,yellow,yellow
7296,Russian (Русский),,rgb,0,193,255,6,10,line,white,en,1.1.2,light blue,light blue
7296,Russian (Русский),,rgb,0,255,211,6,11,line,white,en,1.1.2,turquoise,turquoise
7340,Swedish (svenska),,rgb,255,0,225,3,1,line,white,en,1.1.2,magenta,magenta
7340,Swedish (svenska),,rgb,255,0,151,6,2,line,white,en,1.1.2,magenta,magenta
7371,"French (français, langue française)",,rgb,255,198,0,1,0,line,white,en,1.1.2,jaune primaire,jaune primaire
7371,"French (français, langue française)",,rgb,255,233,0,6,3,line,white,en,1.1.2,jaune primaire,jaune primaire
7429,"French (français, langue française)",,rgb,0,251,255,1,4,line,white,en,1.1.2,bleu flashy,bleu flashy
7429,"French (français, langue française)",,rgb,0,255,231,3,4,line,white,en,1.1.2,bleu flashy,bleu flashy
7441,"Polish (język polski, polszczyzna)",,rgb,0,219,255,3,0,line,white,en,1.1.2,bright blue,bright blue
7441,"Polish (język polski, polszczyzna)",,rgb,255,0,141,3,1,line,white,en,1.1.2,pink,pink
7441,"Polish (język polski, polszczyzna)",,rgb,165,0,255,3,2,line,white,en,1.1.2,purple,purple
7441,"Polish (język polski, polszczyzna)",,rgb,255,0,157,3,3,line,white,en,1.1.2,pink,pink
7441,"Polish (język polski, polszczyzna)",,rgb,0,64,255,3,4,line,white,en,1.1.2,dark blue,dark blue
7441,"Polish (język polski, polszczyzna)",,rgb,255,0,81,3,5,line,white,en,1.1.2,pink,pink
7441,"Polish (język polski, polszczyzna)",,rgb,222,0,255,3,6,line,white,en,1.1.2,purple,purple
7441,"Polish (język polski, polszczyzna)",,rgb,0,89,255,3,7,line,white,en,1.1.2,blue,blue
7441,"Polish (język polski, polszczyzna)",,rgb,255,185,0,3,8,line,white,en,1.1.2,dark yellow,dark yellow
7441,"Polish (język polski, polszczyzna)",,rgb,0,255,147,3,9,line,white,en,1.1.2,light green,light green
7441,"Polish (język polski, polszczyzna)",,rgb,255,251,0,3,10,line,white,en,1.1.2,yellow,yellow
7441,"Polish (język polski, polszczyzna)",,rgb,0,250,255,3,11,line,white,en,1.1.2,turquise,turquise
7441,"Polish (język polski, polszczyzna)",,rgb,73,0,255,6,0,line,white,en,1.1.2,ciemny niebieski,ciemny niebieski
7441,"Polish (język polski, polszczyzna)",,rgb,203,255,0,6,1,line,white,en,1.1.2,limonkowy,limonkowy
7441,"Polish (język polski, polszczyzna)",,rgb,0,255,76,6,2,line,white,en,1.1.2,zielony,zielony
7441,"Polish (język polski, polszczyzna)",,rgb,255,0,33,6,3,line,white,en,1.1.2,czerwony,czerwony
7441,"Polish (język polski, polszczyzna)",,rgb,255,76,0,6,4,line,white,en,1.1.2,pomarańczowy,pomarańczowy
7441,"Polish (język polski, polszczyzna)",,rgb,255,0,79,6,5,line,white,en,1.1.2,rozowy,rozowy
7441,"Polish (język polski, polszczyzna)",,rgb,0,158,255,6,6,line,white,en,1.1.2,niebieski,niebieski
7441,"Polish (język polski, polszczyzna)",,rgb,255,235,0,6,7,line,white,en,1.1.2,zolty,zolty
7441,"Polish (język polski, polszczyzna)",,rgb,0,195,255,6,8,line,white,en,1.1.2,jasny niebieski,jasny niebieski
7441,"Polish (język polski, polszczyzna)",,rgb,0,134,255,6,9,line,white,en,1.1.2,niebieski,niebieski
7441,"Polish (język polski, polszczyzna)",,rgb,255,141,0,6,10,line,white,en,1.1.2,pomaranczwy,pomaranczwy
7441,"Polish (język polski, polszczyzna)",,rgb,255,0,219,6,11,line,white,en,1.1.2,purpurowy,purpurowy
7454,"Dutch (Nederlands, Vlaams)",,rgb,255,0,209,1,5,line,white,en,1.1.2,purple,purple
7454,"Dutch (Nederlands, Vlaams)",,rgb,0,92,255,3,3,line,white,en,1.1.2,blue,blue
7454,"Dutch (Nederlands, Vlaams)",,rgb,218,0,255,3,7,line,white,en,1.1.2,purple,purple
7454,"Dutch (Nederlands, Vlaams)",,rgb,0,56,255,6,0,line,white,en,1.1.2,ret,ret
7454,"Dutch (Nederlands, Vlaams)",,rgb,255,115,0,6,1,line,white,en,1.1.2,ret,ret
7454,"Dutch (Nederlands, Vlaams)",,rgb,0,156,255,6,2,line,white,en,1.1.2,ret,ret
7454,"Dutch (Nederlands, Vlaams)",,rgb,0,255,225,6,3,line,white,en,1.1.2,ret,ret
7454,"Dutch (Nederlands, Vlaams)",,rgb,0,116,255,6,4,line,white,en,1.1.2,ret,ret
7454,"Dutch (Nederlands, Vlaams)",,rgb,0,255,61,6,5,line,white,en,1.1.2,ret,ret
7454,"Dutch (Nederlands, Vlaams)",,rgb,255,0,234,6,7,line,white,en,1.1.2,ret,ret
7454,"Dutch (Nederlands, Vlaams)",,rgb,144,0,255,6,8,line,white,en,1.1.2,ret,ret
7454,"Dutch (Nederlands, Vlaams)",,rgb,243,0,255,6,10,line,white,en,1.1.2,ret,ret
7454,"Dutch (Nederlands, Vlaams)",,rgb,71,0,255,6,11,line,white,en,1.1.2,ret,ret
7511,"Polish (język polski, polszczyzna)",,rgb,255,0,82,1,0,line,white,en,1.1.2,malinowy,malinowy
7511,"Polish (język polski, polszczyzna)",,rgb,255,183,0,1,1,line,white,en,1.1.2,dark yellow,dark yellow
7511,"Polish (język polski, polszczyzna)",,rgb,255,0,34,1,2,line,white,en,1.1.2,jaskrawa czerwień,jaskrawa czerwień
7511,"Polish (język polski, polszczyzna)",,rgb,255,0,0,1,3,line,white,en,1.1.2,dark orange,dark orange
7511,"Polish (język polski, polszczyzna)",,rgb,0,236,255,1,4,line,white,en,1.1.2,błękitny,błękitny
7511,"Polish (język polski, polszczyzna)",,rgb,103,255,0,1,5,line,white,en,1.1.2,bright green,bright green
7511,"Polish (język polski, polszczyzna)",,rgb,255,113,0,1,6,line,white,en,1.1.2,orange,orange
7511,"Polish (język polski, polszczyzna)",,rgb,0,255,98,1,7,line,white,en,1.1.2,pastel green,pastel green
7511,"Polish (język polski, polszczyzna)",,rgb,179,255,0,1,8,line,white,en,1.1.2,neon green,neon green
7511,"Polish (język polski, polszczyzna)",,rgb,255,230,0,1,9,line,white,en,1.1.2,sun yellow,sun yellow
7511,"Polish (język polski, polszczyzna)",,rgb,0,197,255,1,10,line,white,en,1.1.2,blue,blue
7511,"Polish (język polski, polszczyzna)",,rgb,187,0,255,1,11,line,white,en,1.1.2,neon purple,neon purple
7511,"Polish (język polski, polszczyzna)",,rgb,252,0,255,3,0,line,white,en,1.1.2,pink,pink
7511,"Polish (język polski, polszczyzna)",,rgb,0,107,255,3,1,line,white,en,1.1.2,dark blue,dark blue
7511,"Polish (język polski, polszczyzna)",,rgb,255,162,0,3,2,line,white,en,1.1.2,mandarynkowy,mandarynkowy
7511,"Polish (język polski, polszczyzna)",,rgb,0,229,255,3,3,line,white,en,1.1.2,baby blue,baby blue
7511,"Polish (język polski, polszczyzna)",,rgb,0,255,40,3,4,line,white,en,1.1.2,light green,Light green
7511,"Polish (język polski, polszczyzna)",,rgb,255,0,72,3,5,line,white,en,1.1.2,malinowy,malinowy
7511,"Polish (język polski, polszczyzna)",,rgb,0,255,153,3,6,line,white,en,1.1.2,pastel green,pastel green
7511,"Polish (język polski, polszczyzna)",,rgb,132,0,255,3,7,line,white,en,1.1.2,dark purple,dark purple
7511,"Polish (język polski, polszczyzna)",,rgb,66,0,255,3,8,line,white,en,1.1.2,royal blue,Royal blue
7511,"Polish (język polski, polszczyzna)",,rgb,0,53,255,3,9,line,white,en,1.1.2,bue,bue
7511,"Polish (język polski, polszczyzna)",,rgb,255,0,212,3,10,line,white,en,1.1.2,pink,pink
7511,"Polish (język polski, polszczyzna)",,rgb,255,246,0,3,11,line,white,en,1.1.2,sunny yellow,Sunny yellow
7511,"Polish (język polski, polszczyzna)",,rgb,255,0,161,6,0,line,white,en,1.1.2,pink,pink
7511,"Polish (język polski, polszczyzna)",,rgb,0,255,183,6,1,line,white,en,1.1.2,pastel green,pastel green
7511,"Polish (język polski, polszczyzna)",,rgb,0,255,205,6,2,line,white,en,1.1.2,light pastel green,light pastel green
7511,"Polish (język polski, polszczyzna)",,rgb,255,0,128,6,3,line,white,en,1.1.2,malinowy,malinowy
7511,"Polish (język polski, polszczyzna)",,rgb,0,78,255,6,4,line,white,en,1.1.2,blue,blue
7511,"Polish (język polski, polszczyzna)",,rgb,0,140,255,6,5,line,white,en,1.1.2,błękitny,błękitny
7511,"Polish (język polski, polszczyzna)",,rgb,188,255,0,6,6,line,white,en,1.1.2,neon yellow,neon yellow
7511,"Polish (język polski, polszczyzna)",,rgb,0,255,251,6,7,line,white,en,1.1.2,light blue,light blue
7511,"Polish (język polski, polszczyzna)",,rgb,255,135,0,6,8,line,white,en,1.1.2,orange,orange
7511,"Polish (język polski, polszczyzna)",,rgb,0,165,255,6,9,line,white,en,1.1.2,pastel blue,pastel blue
7511,"Polish (język polski, polszczyzna)",,rgb,255,0,182,6,10,line,white,en,1.1.2,pink,pink
7511,"Polish (język polski, polszczyzna)",,rgb,0,128,255,6,11,line,white,en,1.1.2,atramentowy,atramentowy
7538,Greek (modern) (ελληνικά),,rgb,224,0,255,1,0,line,white,en,1.1.2,purple,Purple
7538,Greek (modern) (ελληνικά),,rgb,0,197,255,1,1,line,white,en,1.1.2,light blue,Light blue
7538,Greek (modern) (ελληνικά),,rgb,0,84,255,1,2,line,white,en,1.1.2,blue,Blue
7538,Greek (modern) (ελληνικά),,rgb,255,203,0,1,3,line,white,en,1.1.2,orange,Orange
7538,Greek (modern) (ελληνικά),,rgb,187,255,0,1,4,line,white,en,1.1.2,light green,Light green
7538,Greek (modern) (ελληνικά),,rgb,0,255,98,1,5,line,white,en,1.1.2,green,Green
7538,Greek (modern) (ελληνικά),,rgb,255,225,0,1,6,line,white,en,1.1.2,yellow,Yellow
7538,Greek (modern) (ελληνικά),,rgb,0,5,255,1,7,line,white,en,1.1.2,blue,Blue
7538,Greek (modern) (ελληνικά),,rgb,0,175,255,1,8,line,white,en,1.1.2,light blue,Light blue
7538,Greek (modern) (ελληνικά),,rgb,255,0,222,1,9,line,white,en,1.1.2,pink,Pink
7538,Greek (modern) (ελληνικά),,rgb,195,0,255,1,10,line,white,en,1.1.2,purple,Purple
7538,Greek (modern) (ελληνικά),,rgb,0,36,255,1,11,line,white,en,1.1.2,blue,Blue
8117,German (Deutsch),,rgb,0,89,255,1,0,line,white,en,1.1.2,blue,Blue
8117,German (Deutsch),,rgb,255,0,51,1,2,line,white,en,1.1.2,red,red
8117,German (Deutsch),,rgb,255,229,0,1,3,line,white,en,1.1.2,yellow,yellow
8117,German (Deutsch),,rgb,255,0,81,1,6,line,white,en,1.1.2,red,red
8117,German (Deutsch),,rgb,116,255,0,1,8,line,white,en,1.1.2,green,green
8117,German (Deutsch),,rgb,148,255,0,1,10,line,white,en,1.1.2,green,green
8117,German (Deutsch),,rgb,0,255,45,1,11,line,white,en,1.1.2,green,green
8175,"Abkhaz (аҧсуа бызшәа, аҧсшәа)",,rgb,255,106,0,1,0,line,white,en,1.1.2,orange,orange
8175,"Abkhaz (аҧсуа бызшәа, аҧсшәа)",,rgb,255,224,0,1,1,line,white,en,1.1.2,yellow,yellow
8175,"Abkhaz (аҧсуа бызшәа, аҧсшәа)",,rgb,0,255,72,1,2,line,white,en,1.1.2,green,green
8175,"Abkhaz (аҧсуа бызшәа, аҧсшәа)",,rgb,255,0,202,1,3,line,white,en,1.1.2,purple,purple
8175,"Abkhaz (аҧсуа бызшәа, аҧсшәа)",,rgb,0,134,255,1,4,line,white,en,1.1.2,blue,blue
8175,"Abkhaz (аҧсуа бызшәа, аҧсшәа)",,rgb,170,0,255,1,5,line,white,en,1.1.2,indigo,indigo
8175,"Abkhaz (аҧсуа бызшәа, аҧсшәа)",,rgb,255,0,51,1,6,line,white,en,1.1.2,red,red
8175,"Abkhaz (аҧсуа бызшәа, аҧсшәа)",,rgb,66,255,0,1,7,line,white,en,1.1.2,light green,light green
8175,"Abkhaz (аҧсуа бызшәа, аҧсшәа)",,rgb,255,0,105,1,8,line,white,en,1.1.2,pink,pink
8175,"Abkhaz (аҧсуа бызшәа, аҧсшәа)",,rgb,0,255,124,1,9,line,white,en,1.1.2,turquoise,turquoise
8175,"Abkhaz (аҧсуа бызшәа, аҧсшәа)",,rgb,0,112,255,1,10,line,white,en,1.1.2,dark blue,dark blue
8175,"Abkhaz (аҧсуа бызшәа, аҧсшәа)",,rgb,0,212,255,1,11,line,white,en,1.1.2,light blue,light blue
8188,German (Deutsch),,rgb,0,255,227,1,9,line,white,en,1.1.2,cyan,cyan
8188,German (Deutsch),,rgb,0,253,255,6,11,line,white,en,1.1.2,cyan,cyan
8258,English (English),,rgb,237,229,137,3,0,full,white,en,1.1.2,1,1
8258,English (English),,rgb,192,29,32,3,1,full,white,en,1.1.2,2,2
8258,English (English),,rgb,241,236,69,3,2,full,white,en,1.1.2,3,3
8258,English (English),,rgb,166,130,116,3,3,full,white,en,1.1.2,4,4
8258,English (English),,rgb,56,194,254,3,4,full,white,en,1.1.2,5,5
8258,English (English),,rgb,117,225,176,3,5,full,white,en,1.1.2,6,6
8258,English (English),,rgb,128,58,217,3,6,full,white,en,1.1.2,7,7
8258,English (English),,rgb,254,61,155,3,7,full,white,en,1.1.2,8,8
8258,English (English),,rgb,253,225,225,3,8,full,white,en,1.1.2,9,9
8258,English (English),,rgb,155,251,104,3,9,full,white,en,1.1.2,10,10
8258,English (English),,rgb,239,8,68,3,10,full,white,en,1.1.2,11,11
8258,English (English),,rgb,154,67,74,3,11,full,white,en,1.1.2,12,12
8258,English (English),,rgb,3,9,129,6,0,full,white,en,1.1.2,1,1
8258,English (English),,rgb,111,98,43,6,1,full,white,en,1.1.2,2,2
8258,English (English),,rgb,255,25,190,6,2,full,white,en,1.1.2,3,3
8258,English (English),,rgb,184,110,21,6,3,full,white,en,1.1.2,4,4
8258,English (English),,rgb,214,172,72,6,4,full,white,en,1.1.2,5,5
8258,English (English),,rgb,19,215,74,6,5,full,white,en,1.1.2,6,6
8258,English (English),,rgb,71,82,113,6,6,full,white,en,1.1.2,7,7
8258,English (English),,rgb,146,175,148,6,7,full,white,en,1.1.2,8,8
8258,English (English),,rgb,120,4,253,6,8,full,white,en,1.1.2,9,9
8258,English (English),,rgb,82,150,53,6,9,full,white,en,1.1.2,10,10
8258,English (English),,rgb,4,66,168,6,10,full,white,en,1.1.2,11,11
8258,English (English),,rgb,223,112,197,6,11,full,white,en,1.1.2,12,12
8292,German (Deutsch),,rgb,0,183,255,1,2,line,white,en,1.1.2,cyan,Cyan
8316,Romanian (limba română),,rgb,0,176,255,3,9,line,white,en,1.1.2,blue,blue
8359,Vietnamese (Tiếng Việt),,rgb,0,58,255,1,0,line,white,en,1.1.2,colbalt,colbalt
8359,Vietnamese (Tiếng Việt),,rgb,0,183,255,1,1,line,white,en,1.1.2,true blue,true blue
8359,Vietnamese (Tiếng Việt),,rgb,255,180,0,1,2,line,white,en,1.1.2,clementine,clementine
8359,Vietnamese (Tiếng Việt),,rgb,185,0,255,1,3,line,white,en,1.1.2,violet,violet
8359,Vietnamese (Tiếng Việt),,rgb,0,119,255,1,4,line,white,en,1.1.2,blue,blue
8359,Vietnamese (Tiếng Việt),,rgb,112,0,255,1,5,line,white,en,1.1.2,indigo,indigo
8359,Vietnamese (Tiếng Việt),,rgb,255,90,0,1,6,line,white,en,1.1.2,orange,orange
8359,Vietnamese (Tiếng Việt),,rgb,0,240,255,1,7,line,white,en,1.1.2,aqua,aqua
8359,Vietnamese (Tiếng Việt),,rgb,255,139,0,1,8,line,white,en,1.1.2,orange,orange
8359,Vietnamese (Tiếng Việt),,rgb,224,255,0,1,9,line,white,en,1.1.2,green,green
8359,Vietnamese (Tiếng Việt),,rgb,255,0,93,1,10,line,white,en,1.1.2,fuchsia,Fuchsia
8359,Vietnamese (Tiếng Việt),,rgb,0,255,237,1,11,line,white,en,1.1.2,teal,teal
8404,Arabic (العربية),,rgb,255,0,150,1,1,line,white,en,1.1.2,pink,pink
8480,Spanish (español),,rgb,0,185,255,1,3,line,white,en,1.1.2,light blue,light blue
8480,Spanish (español),,rgb,255,84,0,1,4,line,white,en,1.1.2,orange,orange
8480,Spanish (español),,rgb,138,255,0,1,6,line,white,en,1.1.2,green,green
8480,Spanish (español),,rgb,255,0,83,1,8,line,white,en,1.1.2,red,red
8480,Spanish (español),,rgb,140,0,255,1,9,line,white,en,1.1.2,purple,purple
8480,Spanish (español),,rgb,0,164,255,1,10,line,white,en,1.1.2,blue,blue
8480,Spanish (español),,rgb,0,9,255,1,11,line,white,en,1.1.2,dark blue,dark blue
8481,Hungarian (magyar),,rgb,255,33,0,1,0,line,white,en,1.1.2,red,red
8481,Hungarian (magyar),,rgb,255,0,140,1,1,line,white,en,1.1.2,pink,pink
8481,Hungarian (magyar),,rgb,0,255,160,1,2,line,white,en,1.1.2,turquoise,turquoise
8481,Hungarian (magyar),,rgb,0,255,109,1,3,line,white,en,1.1.2,green,green
8481,Hungarian (magyar),,rgb,0,60,255,1,4,line,white,en,1.1.2,dark blue,dark blue
8481,Hungarian (magyar),,rgb,0,19,255,1,5,line,white,en,1.1.2,king blue,king blue
8481,Hungarian (magyar),,rgb,0,255,22,1,6,line,white,en,1.1.2,green,green
8481,Hungarian (magyar),,rgb,0,255,154,1,7,line,white,en,1.1.2,turquoise,turquoise
8481,Hungarian (magyar),,rgb,224,255,0,1,8,line,white,en,1.1.2,yellow,yellow
8481,Hungarian (magyar),,rgb,140,0,255,1,9,line,white,en,1.1.2,purple,purple
8481,Hungarian (magyar),,rgb,255,95,0,1,10,line,white,en,1.1.2,orange,orange
8481,Hungarian (magyar),,rgb,0,182,255,1,11,line,white,en,1.1.2,lightblue,lightblue
8481,Hungarian (magyar),,rgb,255,0,198,3,0,line,white,en,1.1.2,pink,pink
8481,Hungarian (magyar),,rgb,0,174,255,3,1,line,white,en,1.1.2,blue,blue
8481,Hungarian (magyar),,rgb,255,255,0,3,2,line,white,en,1.1.2,yellow,yellow
8481,Hungarian (magyar),,rgb,255,0,100,3,3,line,white,en,1.1.2,pink,pink
8481,Hungarian (magyar),,rgb,0,225,255,3,4,line,white,en,1.1.2,blue,blue
8481,Hungarian (magyar),,rgb,255,0,153,3,5,line,white,en,1.1.2,pink,pink
8481,Hungarian (magyar),,rgb,255,0,232,3,6,line,white,en,1.1.2,pink,pink
8481,Hungarian (magyar),,rgb,255,0,51,3,7,line,white,en,1.1.2,red,red
8481,Hungarian (magyar),,rgb,72,255,0,3,8,line,white,en,1.1.2,toxic green,toxic green
8481,Hungarian (magyar),,rgb,0,250,255,3,9,line,white,en,1.1.2,blue,blue
8481,Hungarian (magyar),,rgb,255,0,28,3,10,line,white,en,1.1.2,red,red
8481,Hungarian (magyar),,rgb,0,127,255,3,11,line,white,en,1.1.2,darker blue,darker blue
8481,Hungarian (magyar),,rgb,255,0,247,6,0,line,white,en,1.1.2,pink,pink
8481,Hungarian (magyar),,rgb,255,152,0,6,1,line,white,en,1.1.2,orange,orange
8481,Hungarian (magyar),,rgb,0,88,255,6,2,line,white,en,1.1.2,dark blue,dark blue
8481,Hungarian (magyar),,rgb,0,101,255,6,3,line,white,en,1.1.2,dark blue,dark blue
8481,Hungarian (magyar),,rgb,255,167,0,6,4,line,white,en,1.1.2,orange,orange
8481,Hungarian (magyar),,rgb,0,255,248,6,5,line,white,en,1.1.2,blue,blue
8481,Hungarian (magyar),,rgb,255,202,0,6,6,line,white,en,1.1.2,yellow,yellow
8481,Hungarian (magyar),,rgb,0,140,255,6,7,line,white,en,1.1.2,blue,blue
8481,Hungarian (magyar),,rgb,255,217,0,6,8,line,white,en,1.1.2,yellow,yellow
8481,Hungarian (magyar),,rgb,0,255,208,6,9,line,white,en,1.1.2,turquoise,turquoise
8481,Hungarian (magyar),,rgb,163,255,0,6,10,line,white,en,1.1.2,light green,light green
8481,Hungarian (magyar),,rgb,163,0,255,6,11,line,white,en,1.1.2,purple,purple
8528,"Chinese (中文 (Zhōngwén), 汉语, 漢語)",,rgb,47,228,13,1,0,full,white,en,1.1.2,bright green色,bright green
8528,"Chinese (中文 (Zhōngwén), 汉语, 漢語)",,rgb,43,169,166,1,1,full,white,en,1.1.2,green blue色,green blue
8528,"Chinese (中文 (Zhōngwén), 汉语, 漢語)",,rgb,152,226,119,1,2,full,white,en,1.1.2,lime色,lime
8528,"Chinese (中文 (Zhōngwén), 汉语, 漢語)",,rgb,200,32,9,1,3,full,white,en,1.1.2,red色,red
8528,"Chinese (中文 (Zhōngwén), 汉语, 漢語)",,rgb,73,140,18,1,4,full,white,en,1.1.2,green色,green
8528,"Chinese (中文 (Zhōngwén), 汉语, 漢語)",,rgb,39,21,188,1,5,full,white,en,1.1.2,dark blue色,dark blue
8528,"Chinese (中文 (Zhōngwén), 汉语, 漢語)",,rgb,100,118,43,1,6,full,white,en,1.1.2,dark green色,dark green
8528,"Chinese (中文 (Zhōngwén), 汉语, 漢語)",,rgb,210,39,209,1,7,full,white,en,1.1.2,pink色,pink
8528,"Chinese (中文 (Zhōngwén), 汉语, 漢語)",,rgb,167,135,82,1,8,full,white,en,1.1.2,brown色,brown
8528,"Chinese (中文 (Zhōngwén), 汉语, 漢語)",,rgb,206,186,232,1,11,full,white,en,1.1.2,purple色,purple
8528,"Chinese (中文 (Zhōngwén), 汉语, 漢語)",,rgb,91,105,156,3,0,full,white,en,1.1.2,grey色,grey
8528,"Chinese (中文 (Zhōngwén), 汉语, 漢語)",,rgb,169,117,220,3,1,full,white,en,1.1.2,purple色,purple
8528,"Chinese (中文 (Zhōngwén), 汉语, 漢語)",,rgb,95,220,232,3,2,full,white,en,1.1.2,light blue色,light blue
8528,"Chinese (中文 (Zhōngwén), 汉语, 漢語)",,rgb,194,151,6,3,3,full,white,en,1.1.2,brow yellow色,brow yellow
8528,"Chinese (中文 (Zhōngwén), 汉语, 漢語)",,rgb,229,35,91,3,4,full,white,en,1.1.2,red pink色,red pink
8528,"Chinese (中文 (Zhōngwén), 汉语, 漢語)",,rgb,92,237,215,3,5,full,white,en,1.1.2,blue green色,blue green
8528,"Chinese (中文 (Zhōngwén), 汉语, 漢語)",,rgb,242,248,193,3,6,full,white,en,1.1.2,light yellow色,light yellow
8528,"Chinese (中文 (Zhōngwén), 汉语, 漢語)",,rgb,73,158,120,3,7,full,white,en,1.1.2,green色,green
8528,"Chinese (中文 (Zhōngwén), 汉语, 漢語)",,rgb,166,188,16,3,8,full,white,en,1.1.2,lime色,lime
8528,"Chinese (中文 (Zhōngwén), 汉语, 漢語)",,rgb,21,255,134,3,9,full,white,en,1.1.2,green色,green
8528,"Chinese (中文 (Zhōngwén), 汉语, 漢語)",,rgb,228,165,96,3,10,full,white,en,1.1.2,brown色,brown
8528,"Chinese (中文 (Zhōngwén), 汉语, 漢語)",,rgb,233,249,114,3,11,full,white,en,1.1.2,yellow色,yellow
8528,"Chinese (中文 (Zhōngwén), 汉语, 漢語)",,rgb,151,213,250,6,0,full,white,en,1.1.2,blue色,blue
8528,"Chinese (中文 (Zhōngwén), 汉语, 漢語)",,rgb,233,221,51,6,1,full,white,en,1.1.2,yellow色,yellow
8528,"Chinese (中文 (Zhōngwén), 汉语, 漢語)",,rgb,154,155,136,6,2,full,white,en,1.1.2,light grey色,light grey
8528,"Chinese (中文 (Zhōngwén), 汉语, 漢語)",,rgb,200,212,190,6,3,full,white,en,1.1.2,grey green色,grey green
8528,"Chinese (中文 (Zhōngwén), 汉语, 漢語)",,rgb,98,109,77,6,4,full,white,en,1.1.2,dark green色,dark green
8528,"Chinese (中文 (Zhōngwén), 汉语, 漢語)",,rgb,47,104,215,6,5,full,white,en,1.1.2,blue色,blue
8528,"Chinese (中文 (Zhōngwén), 汉语, 漢語)",,rgb,161,238,17,6,6,full,white,en,1.1.2,lime色,lime
8528,"Chinese (中文 (Zhōngwén), 汉语, 漢語)",,rgb,121,55,247,6,7,full,white,en,1.1.2,purple色,purple
8528,"Chinese (中文 (Zhōngwén), 汉语, 漢語)",,rgb,199,65,67,6,8,full,white,en,1.1.2,red orange色,red orange
8528,"Chinese (中文 (Zhōngwén), 汉语, 漢語)",,rgb,77,87,229,6,9,full,white,en,1.1.2,purple blue色,purple blue
8528,"Chinese (中文 (Zhōngwén), 汉语, 漢語)",,rgb,47,47,51,6,10,full,white,en,1.1.2,dark brown色,dark brown
8528,"Chinese (中文 (Zhōngwén), 汉语, 漢語)",,rgb,32,96,37,6,11,full,white,en,1.1.2,dark green色,dark green
8586,German (Deutsch),,rgb,255,0,51,6,0,line,white,en,1.1.2,red,red
8638,Italian (italiano),,rgb,73,255,0,1,0,line,white,en,1.1.2,green,green
8638,Italian (italiano),,rgb,0,255,167,1,1,line,white,en,1.1.2,aquamarine,aquamarine
8638,Italian (italiano),,rgb,255,181,0,1,2,line,white,en,1.1.2,orange,orange
8638,Italian (italiano),,rgb,0,125,255,1,3,line,white,en,1.1.2,blue,blue
8638,Italian (italiano),,rgb,255,0,46,1,4,line,white,en,1.1.2,magenta,magenta
8638,Italian (italiano),,rgb,0,255,105,1,5,line,white,en,1.1.2,green,green
8638,Italian (italiano),,rgb,0,110,255,1,6,line,white,en,1.1.2,blue,blue
8638,Italian (italiano),,rgb,255,0,167,1,7,line,white,en,1.1.2,purple,purple
8638,Italian (italiano),,rgb,235,255,0,1,8,line,white,en,1.1.2,yellow,yellow
8638,Italian (italiano),,rgb,0,82,255,1,9,line,white,en,1.1.2,blue,blue
8638,Italian (italiano),,rgb,0,212,255,1,10,line,white,en,1.1.2,sky,sky
8638,Italian (italiano),,rgb,171,255,0,1,11,line,white,en,1.1.2,lime,lime
8638,Italian (italiano),,rgb,0,144,255,3,0,line,white,en,1.1.2,sky blue,sky blue
8638,Italian (italiano),,rgb,255,185,0,3,1,line,white,en,1.1.2,orange,orange
8638,Italian (italiano),,rgb,182,0,255,3,2,line,white,en,1.1.2,violet,violet
8638,Italian (italiano),,rgb,44,0,255,3,3,line,white,en,1.1.2,blue,blue
8638,Italian (italiano),,rgb,0,255,236,3,4,line,white,en,1.1.2,light blue,light blue
8638,Italian (italiano),,rgb,0,250,255,3,5,line,white,en,1.1.2,light blue,light blue
8638,Italian (italiano),,rgb,255,0,199,3,6,line,white,en,1.1.2,purple,purple
8638,Italian (italiano),,rgb,255,0,214,3,7,line,white,en,1.1.2,purple,purple
8638,Italian (italiano),,rgb,255,0,52,3,8,line,white,en,1.1.2,magenta,magenta
8638,Italian (italiano),,rgb,0,255,150,3,9,line,white,en,1.1.2,green,green
8638,Italian (italiano),,rgb,131,0,255,3,10,line,white,en,1.1.2,viole,viole
8638,Italian (italiano),,rgb,0,166,255,3,11,line,white,en,1.1.2,sky blue,sky blue
8638,Italian (italiano),,rgb,255,27,0,6,0,line,white,en,1.1.2,rosso,rosso
8638,Italian (italiano),,rgb,255,0,118,6,1,line,white,en,1.1.2,magenta,magenta
8638,Italian (italiano),,rgb,0,255,205,6,2,line,white,en,1.1.2,acquamarina,acquamarina
8638,Italian (italiano),,rgb,0,40,255,6,3,line,white,en,1.1.2,blue,blue
8638,Italian (italiano),,rgb,215,255,0,6,4,line,white,en,1.1.2,giallo limone,giallo limone
8638,Italian (italiano),,rgb,255,82,0,6,5,line,white,en,1.1.2,arancione,arancione
8638,Italian (italiano),,rgb,255,0,101,6,6,line,white,en,1.1.2,porpora,porpora
8638,Italian (italiano),,rgb,253,0,255,6,7,line,white,en,1.1.2,fuxia,fuxia
8638,Italian (italiano),,rgb,0,255,22,6,8,line,white,en,1.1.2,verde,verde
8638,Italian (italiano),,rgb,255,138,0,6,9,line,white,en,1.1.2,arancio,arancio
8638,Italian (italiano),,rgb,255,213,0,6,10,line,white,en,1.1.2,giallo,giallo
8638,Italian (italiano),,rgb,0,185,255,6,11,line,white,en,1.1.2,turchese,turchese
8688,Danish (dansk),,rgb,255,0,65,1,9,line,white,en,1.1.2,pinkl,pinkl
8718,"Chinese (中文 (Zhōngwén), 汉语, 漢語)",,rgb,65,243,154,1,0,full,white,en,1.1.2,a色,a
8718,"Chinese (中文 (Zhōngwén), 汉语, 漢語)",,rgb,29,198,74,1,1,full,white,en,1.1.2,b色,b
8718,"Chinese (中文 (Zhōngwén), 汉语, 漢語)",,rgb,65,218,16,1,2,full,white,en,1.1.2,c色,c
8718,"Chinese (中文 (Zhōngwén), 汉语, 漢語)",,rgb,127,191,2,1,3,full,white,en,1.1.2,d色,d
8718,"Chinese (中文 (Zhōngwén), 汉语, 漢語)",,rgb,144,46,145,1,4,full,white,en,1.1.2,e色,e
8718,"Chinese (中文 (Zhōngwén), 汉语, 漢語)",,rgb,178,232,209,1,5,full,white,en,1.1.2,f色,f
8718,"Chinese (中文 (Zhōngwén), 汉语, 漢語)",,rgb,175,76,235,1,6,full,white,en,1.1.2,g色,g
8718,"Chinese (中文 (Zhōngwén), 汉语, 漢語)",,rgb,171,124,185,1,7,full,white,en,1.1.2,h色,h
8718,"Chinese (中文 (Zhōngwén), 汉语, 漢語)",,rgb,20,114,213,1,8,full,white,en,1.1.2,i色,i
8718,"Chinese (中文 (Zhōngwén), 汉语, 漢語)",,rgb,226,80,122,1,9,full,white,en,1.1.2,j色,j
8718,"Chinese (中文 (Zhōngwén), 汉语, 漢語)",,rgb,102,1,64,1,10,full,white,en,1.1.2,k色,k
8718,"Chinese (中文 (Zhōngwén), 汉语, 漢語)",,rgb,195,6,123,1,11,full,white,en,1.1.2,l色,l
8741,Spanish (español),,rgb,0,81,255,1,0,line,white,en,1.1.2,blue,blue
8741,Spanish (español),,rgb,255,142,0,1,3,line,white,en,1.1.2,orange,orange
8741,Spanish (español),,rgb,255,44,0,1,4,line,white,en,1.1.2,red,red
8741,Spanish (español),,rgb,0,255,164,1,7,line,white,en,1.1.2,green,green
8741,Spanish (español),,rgb,0,255,147,1,9,line,white,en,1.1.2,green,green
8773,Romanian (limba română),,rgb,0,255,215,1,0,line,white,en,1.1.2,blue,Blue
8773,Romanian (limba română),,rgb,0,202,255,1,6,line,white,en,1.1.2,blue,Blue
8773,Romanian (limba română),,rgb,0,232,255,1,7,line,white,en,1.1.2,blue,Blue
8773,Romanian (limba română),,rgb,0,136,255,3,8,line,white,en,1.1.2,blue,Blue
8773,Romanian (limba română),,rgb,0,172,255,3,10,line,white,en,1.1.2,blue,Blue
8773,Romanian (limba română),,rgb,0,210,255,6,4,line,white,en,1.1.2,blue,Blue
8773,Romanian (limba română),,rgb,0,255,176,6,5,line,white,en,1.1.2,blue,Blue
8773,Romanian (limba română),,rgb,0,255,233,6,8,line,white,en,1.1.2,blue,Blue
8883,German (Deutsch),,rgb,0,182,255,1,8,line,white,en,1.1.2,cyan,Cyan
8883,German (Deutsch),,rgb,0,255,248,3,6,line,white,en,1.1.2,cyan,Cyan
8942,Hebrew (modern) (עברית),,rgb,192,0,255,1,0,line,white,en,1.1.2,purple,purple
8942,Hebrew (modern) (עברית),,rgb,0,67,255,1,1,line,white,en,1.1.2,blue,blue
8942,Hebrew (modern) (עברית),,rgb,239,255,0,1,2,line,white,en,1.1.2,yellow,yellow
8942,Hebrew (modern) (עברית),,rgb,0,214,255,1,3,line,white,en,1.1.2,ultramarine,ultramarine
8942,Hebrew (modern) (עברית),,rgb,255,0,0,1,4,line,white,en,1.1.2,red,red
8942,Hebrew (modern) (עברית),,rgb,0,175,255,1,5,line,white,en,1.1.2,light blue,light blue
8942,Hebrew (modern) (עברית),,rgb,188,255,0,1,6,line,white,en,1.1.2,lime,lime
8942,Hebrew (modern) (עברית),,rgb,255,0,139,1,7,line,white,en,1.1.2,pink,pink
8942,Hebrew (modern) (עברית),,rgb,255,139,0,1,8,line,white,en,1.1.2,orange,orange
8942,Hebrew (modern) (עברית),,rgb,0,255,155,1,9,line,white,en,1.1.2,mint,mint
8942,Hebrew (modern) (עברית),,rgb,0,35,255,1,10,line,white,en,1.1.2,blue,blue
8942,Hebrew (modern) (עברית),,rgb,255,235,0,1,11,line,white,en,1.1.2,yellow,yellow
8942,Hebrew (modern) (עברית),,rgb,255,81,0,3,0,line,white,en,1.1.2,tiger,tiger
8942,Hebrew (modern) (עברית),,rgb,255,0,173,3,1,line,white,en,1.1.2,pink,pink
8942,Hebrew (modern) (עברית),,rgb,0,255,184,3,2,line,white,en,1.1.2,mint,mint
8942,Hebrew (modern) (עברית),,rgb,255,185,0,3,3,line,white,en,1.1.2,amber,amber
8942,Hebrew (modern) (עברית),,rgb,0,121,255,3,4,line,white,en,1.1.2,azure,azure
8942,Hebrew (modern) (עברית),,rgb,255,0,16,3,5,line,white,en,1.1.2,red,red
8942,Hebrew (modern) (עברית),,rgb,0,255,244,3,6,line,white,en,1.1.2,turquize,turquize
8942,Hebrew (modern) (עברית),,rgb,255,174,0,3,7,line,white,en,1.1.2,gold,gold
8942,Hebrew (modern) (עברית),,rgb,255,0,74,3,8,line,white,en,1.1.2,ruby,ruby
8942,Hebrew (modern) (עברית),,rgb,255,0,195,3,9,line,white,en,1.1.2,magenta,magenta
8942,Hebrew (modern) (עברית),,rgb,135,0,255,3,10,line,white,en,1.1.2,violet,violet
8942,Hebrew (modern) (עברית),,rgb,167,255,0,3,11,line,white,en,1.1.2,lime,lime
8942,Hebrew (modern) (עברית),,rgb,118,255,0,6,0,line,white,en,1.1.2,lime,lime
8942,Hebrew (modern) (עברית),,rgb,0,27,255,6,1,line,white,en,1.1.2,blue,blue
8942,Hebrew (modern) (עברית),,rgb,0,255,116,6,2,line,white,en,1.1.2,mint,mint
8942,Hebrew (modern) (עברית),,rgb,255,0,244,6,3,line,white,en,1.1.2,pink,pink
8942,Hebrew (modern) (עברית),,rgb,241,0,255,6,4,line,white,en,1.1.2,pink,pink
8942,Hebrew (modern) (עברית),,rgb,0,196,255,6,5,line,white,en,1.1.2,liht blue,liht blue
8942,Hebrew (modern) (עברית),,rgb,0,250,255,6,6,line,white,en,1.1.2,turquoise,turquoise
8942,Hebrew (modern) (עברית),,rgb,0,154,255,6,7,line,white,en,1.1.2,azure,Azure
8942,Hebrew (modern) (עברית),,rgb,0,255,210,6,8,line,white,en,1.1.2,mint,mint
8942,Hebrew (modern) (עברית),,rgb,0,101,255,6,9,line,white,en,1.1.2,light blue,light blue
8942,Hebrew (modern) (עברית),,rgb,255,0,91,6,10,line,white,en,1.1.2,magenta,magenta
8942,Hebrew (modern) (עברית),,rgb,0,255,67,6,11,line,white,en,1.1.2,light green,light green
8947,"French (français, langue française)",,rgb,0,133,255,1,1,line,white,en,1.1.2,king blue,king blue
8947,"French (français, langue française)",,rgb,0,38,255,1,3,line,white,en,1.1.2,electric blue,electric blue
8947,"French (français, langue française)",,rgb,0,255,7,1,4,line,white,en,1.1.2,fluorescent green,fluorescent green
8947,"French (français, langue française)",,rgb,0,255,130,1,5,line,white,en,1.1.2,green,green
8947,"French (français, langue française)",,rgb,255,0,186,1,7,line,white,en,1.1.2,pink,Pink
8947,"French (français, langue française)",,rgb,0,182,255,1,9,line,white,en,1.1.2,blue,Blue
8948,"French (français, langue française)",,rgb,213,255,0,1,0,line,white,en,1.1.2,yellow green,yellow green
8948,"French (français, langue française)",,rgb,170,0,255,1,1,line,white,en,1.1.2,purple,purple
8948,"French (français, langue française)",,rgb,255,0,160,1,2,line,white,en,1.1.2,pink,pink
8948,"French (français, langue française)",,rgb,0,255,146,1,4,line,white,en,1.1.2,light green,light green
8948,"French (français, langue française)",,rgb,0,238,255,1,5,line,white,en,1.1.2,light blue,light blue
8948,"French (français, langue française)",,rgb,255,240,0,1,6,line,white,en,1.1.2,yellow,Yellow
8948,"French (français, langue française)",,rgb,0,13,255,1,9,line,white,en,1.1.2,electric blue,electric blue
8948,"French (français, langue française)",,rgb,0,97,255,1,10,line,white,en,1.1.2,king blue,king blue
8948,"French (français, langue française)",,rgb,0,68,255,3,2,line,white,en,1.1.2,electric blue,electric blue
8948,"French (français, langue française)",,rgb,255,0,76,3,3,line,white,en,1.1.2,red,red
8948,"French (français, langue française)",,rgb,0,255,105,3,4,line,white,en,1.1.2,light green,light green
8948,"French (français, langue française)",,rgb,94,255,0,3,5,line,white,en,1.1.2,fluorescent green,fluorescent green
8948,"French (français, langue française)",,rgb,255,212,0,3,7,line,white,en,1.1.2,yellow,yellow
8948,"French (français, langue française)",,rgb,0,163,255,3,9,line,white,en,1.1.2,king blue,king blue
8948,"French (français, langue française)",,rgb,0,211,255,3,10,line,white,en,1.1.2,blue,Blue
8948,"French (français, langue française)",,rgb,255,0,200,3,11,line,white,en,1.1.2,pink,pink
8948,"French (français, langue française)",,rgb,0,62,255,6,0,line,white,en,1.1.2,electric blue,electric blue
8948,"French (français, langue française)",,rgb,0,191,255,6,1,line,white,en,1.1.2,light blue,light blue
8948,"French (français, langue française)",,rgb,182,255,0,6,2,line,white,en,1.1.2,yellow green,yellow green
8948,"French (français, langue française)",,rgb,0,151,255,6,3,line,white,en,1.1.2,king blue,king blue
8948,"French (français, langue française)",,rgb,0,255,10,6,5,line,white,en,1.1.2,fluorescent green,fluorescent green
8948,"French (français, langue française)",,rgb,255,72,0,6,9,line,white,en,1.1.2,orange red,orange red
8948,"French (français, langue française)",,rgb,255,0,28,6,10,line,white,en,1.1.2,red,red
9018,Swedish (svenska),,rgb,255,0,241,3,6,line,white,en,1.1.2,magenta,magenta
9018,Swedish (svenska),,rgb,232,0,255,6,11,line,white,en,1.1.2,magenta,magenta
9085,"Abkhaz (аҧсуа бызшәа, аҧсшәа)",,rgb,0,89,255,1,0,line,white,en,1.1.2,a,a
9085,"Abkhaz (аҧсуа бызшәа, аҧсшәа)",,rgb,0,148,255,1,1,line,white,en,1.1.2,a,a
9085,"Abkhaz (аҧсуа бызшәа, аҧсшәа)",,rgb,255,33,0,1,2,line,white,en,1.1.2,a,a
9085,"Abkhaz (аҧсуа бызшәа, аҧсшәа)",,rgb,255,0,16,1,3,line,white,en,1.1.2,a,a
9085,"Abkhaz (аҧсуа бызшәа, аҧсшәа)",,rgb,255,200,0,1,4,line,white,en,1.1.2,a,a
9085,"Abkhaz (аҧсуа бызшәа, аҧсшәа)",,rgb,0,255,252,1,5,line,white,en,1.1.2,a,a
9085,"Abkhaz (аҧсуа бызшәа, аҧсшәа)",,rgb,255,172,0,1,6,line,white,en,1.1.2,a,a
9085,"Abkhaz (аҧсуа бызшәа, аҧсшәа)",,rgb,0,255,215,1,7,line,white,en,1.1.2,a,a
9085,"Abkhaz (аҧсуа бызшәа, аҧсшәа)",,rgb,0,48,255,1,8,line,white,en,1.1.2,a,a
9085,"Abkhaz (аҧсуа бызшәа, аҧсшәа)",,rgb,255,223,0,1,9,line,white,en,1.1.2,a,a
9085,"Abkhaz (аҧсуа бызшәа, аҧсшәа)",,rgb,95,0,255,1,10,line,white,en,1.1.2,a,a
9085,"Abkhaz (аҧсуа бызшәа, аҧсшәа)",,rgb,0,255,160,1,11,line,white,en,1.1.2,a,a
9085,"Abkhaz (аҧсуа бызшәа, аҧсшәа)",,rgb,0,114,255,3,0,line,white,en,1.1.2,a,a
9085,"Abkhaz (аҧсуа бызшәа, аҧсшәа)",,rgb,255,0,231,3,1,line,white,en,1.1.2,a,a
9085,"Abkhaz (аҧсуа бызшәа, аҧсшәа)",,rgb,0,219,255,3,2,line,white,en,1.1.2,a,a
9085,"Abkhaz (аҧсуа бызшәа, аҧсшәа)",,rgb,71,255,0,3,3,line,white,en,1.1.2,a,a
9085,"Abkhaz (аҧсуа бызшәа, аҧсшәа)",,rgb,0,235,255,3,4,line,white,en,1.1.2,a,a
9085,"Abkhaz (аҧсуа бызшәа, аҧсшәа)",,rgb,0,255,142,3,5,line,white,en,1.1.2,a,a
9085,"Abkhaz (аҧсуа бызшәа, аҧсшәа)",,rgb,0,182,255,3,6,line,white,en,1.1.2,a,a
9085,"Abkhaz (аҧсуа бызшәа, аҧсшәа)",,rgb,255,0,178,3,7,line,white,en,1.1.2,a,a
9085,"Abkhaz (аҧсуа бызшәа, аҧсшәа)",,rgb,0,255,112,3,8,line,white,en,1.1.2,a,a
9085,"Abkhaz (аҧсуа бызшәа, аҧсшәа)",,rgb,255,0,52,3,9,line,white,en,1.1.2,a,a
9085,"Abkhaz (аҧсуа бызшәа, аҧсшәа)",,rgb,255,90,0,3,10,line,white,en,1.1.2,a,a
9085,"Abkhaz (аҧсуа бызшәа, аҧсшәа)",,rgb,255,0,101,3,11,line,white,en,1.1.2,a,a
9085,"Abkhaz (аҧсуа бызшәа, аҧсшәа)",,rgb,255,0,133,6,0,line,white,en,1.1.2,a,a
9085,"Abkhaz (аҧсуа бызшәа, аҧсшәа)",,rgb,178,0,255,6,1,line,white,en,1.1.2,a,a
9085,"Abkhaz (аҧсуа бызшәа, аҧсшәа)",,rgb,255,128,0,6,2,line,white,en,1.1.2,a,a
9085,"Abkhaz (аҧсуа бызшәа, аҧсшәа)",,rgb,218,255,0,6,3,line,white,en,1.1.2,a,a
9085,"Abkhaz (аҧсуа бызшәа, аҧсшәа)",,rgb,171,255,0,6,4,line,white,en,1.1.2,a,a
9085,"Abkhaz (аҧсуа бызшәа, аҧсшәа)",,rgb,0,110,255,6,5,line,white,en,1.1.2,a,a
9085,"Abkhaz (аҧсуа бызшәа, аҧсшәа)",,rgb,0,164,255,6,6,line,white,en,1.1.2,a,a
9085,"Abkhaz (аҧсуа бызшәа, аҧсшәа)",,rgb,0,255,35,6,7,line,white,en,1.1.2,a,a
9085,"Abkhaz (аҧсуа бызшәа, аҧсшәа)",,rgb,255,0,154,6,8,line,white,en,1.1.2,a,a
9085,"Abkhaz (аҧсуа бызшәа, аҧсшәа)",,rgb,248,0,255,6,9,line,white,en,1.1.2,a,a
9085,"Abkhaz (аҧсуа бызшәа, аҧсшәа)",,rgb,255,249,0,6,10,line,white,en,1.1.2,a,a
9085,"Abkhaz (аҧсуа бызшәа, аҧсшәа)",,rgb,13,0,255,6,11,line,white,en,1.1.2,a,a
9096,German (Deutsch),,rgb,0,89,255,1,1,line,white,en,1.1.2,blue,Blue
9096,German (Deutsch),,rgb,255,72,0,1,2,line,white,en,1.1.2,red,Red
9096,German (Deutsch),,rgb,255,205,0,1,5,line,white,en,1.1.2,yellow,Yellow
9096,German (Deutsch),,rgb,255,92,0,1,6,line,white,en,1.1.2,red,Red
9096,German (Deutsch),,rgb,0,102,255,1,7,line,white,en,1.1.2,blue,Blue
9096,German (Deutsch),,rgb,0,255,99,1,11,line,white,en,1.1.2,green,Green
9096,German (Deutsch),,rgb,0,205,255,3,2,line,white,en,1.1.2,blue,Blue
9096,German (Deutsch),,rgb,0,217,255,3,5,line,white,en,1.1.2,blue,Blue
9096,German (Deutsch),,rgb,255,220,0,3,9,line,white,en,1.1.2,yellow,Yellow
9096,German (Deutsch),,rgb,0,141,255,6,0,line,white,en,1.1.2,blue,Blue
9096,German (Deutsch),,rgb,0,255,7,6,2,line,white,en,1.1.2,green,Green
9096,German (Deutsch),,rgb,255,0,24,6,4,line,white,en,1.1.2,red,Red
9096,German (Deutsch),,rgb,114,255,0,6,6,line,white,en,1.1.2,green,Green
9138,Portuguese (português),,rgb,178,255,0,3,0,line,white,en,1.1.2,green,green
9143,"Dutch (Nederlands, Vlaams)",,rgb,255,0,115,1,9,line,white,en,1.1.2,fuchsia,fuchsia
9249,"Abkhaz (аҧсуа бызшәа, аҧсшәа)",,rgb,0,142,255,1,0,line,white,en,1.1.2,blue,Blue
9249,"Abkhaz (аҧсуа бызшәа, аҧсшәа)",,rgb,255,0,254,1,1,line,white,en,1.1.2,pink,Pink
9249,"Abkhaz (аҧсуа бызшәа, аҧсшәа)",,rgb,255,0,77,1,2,line,white,en,1.1.2,hot pink,Hot Pink
9249,"Abkhaz (аҧсуа бызшәа, аҧсшәа)",,rgb,255,0,81,1,3,line,white,en,1.1.2,dark pink,Dark Pink
9249,"Abkhaz (аҧсуа бызшәа, аҧсшәа)",,rgb,255,0,217,1,4,line,white,en,1.1.2,pink,pink
9249,"Abkhaz (аҧсуа бызшәа, аҧсшәа)",,rgb,246,255,0,1,5,line,white,en,1.1.2,yellow,yellow
9249,"Abkhaz (аҧсуа бызшәа, аҧсшәа)",,rgb,0,213,255,1,6,line,white,en,1.1.2,light blue,Light blue
9249,"Abkhaz (аҧсуа бызшәа, аҧсшәа)",,rgb,81,0,255,1,7,line,white,en,1.1.2,purple,Purple
9249,"Abkhaz (аҧсуа бызшәа, аҧсшәа)",,rgb,0,196,255,1,8,line,white,en,1.1.2,light blue,light blue
9249,"Abkhaz (аҧсуа бызшәа, аҧсшәа)",,rgb,0,111,255,1,9,line,white,en,1.1.2,blue,blue
9249,"Abkhaz (аҧсуа бызшәа, аҧсшәа)",,rgb,255,182,0,1,10,line,white,en,1.1.2,orange yellow,orange yellow
9249,"Abkhaz (аҧсуа бызшәа, аҧсшәа)",,rgb,255,0,190,1,11,line,white,en,1.1.2,pink,pink
9249,"Abkhaz (аҧсуа бызшәа, аҧсшәа)",,rgb,0,231,255,3,0,line,white,en,1.1.2,light blue,light blue
9249,"Abkhaz (аҧсуа бызшәа, аҧсшәа)",,rgb,255,0,129,3,1,line,white,en,1.1.2,dark pink,dark pink
9249,"Abkhaz (аҧсуа бызшәа, аҧсшәа)",,rgb,255,120,0,3,2,line,white,en,1.1.2,light orange,light orange
9249,"Abkhaz (аҧсуа бызшәа, аҧсшәа)",,rgb,255,193,0,3,3,line,white,en,1.1.2,yellow,yellow
9249,"Abkhaz (аҧсуа бызшәа, аҧсшәа)",,rgb,0,120,255,3,4,line,white,en,1.1.2,blue,blue
9249,"Abkhaz (аҧсуа бызшәа, аҧсшәа)",,rgb,0,255,175,3,5,line,white,en,1.1.2,aqua,aqua
9249,"Abkhaz (аҧсуа бызшәа, аҧсшәа)",,rgb,0,255,72,3,6,line,white,en,1.1.2,bright green,bright green
9249,"Abkhaz (аҧсуа бызшәа, аҧсшәа)",,rgb,255,86,0,3,7,line,white,en,1.1.2,dark orange,dark orange
9249,"Abkhaz (аҧсуа бызшәа, аҧсшәа)",,rgb,0,255,241,3,8,line,white,en,1.1.2,light blue,light blue
9249,"Abkhaz (аҧсуа бызшәа, аҧсшәа)",,rgb,0,255,192,3,9,line,white,en,1.1.2,aqua,aqua
9249,"Abkhaz (аҧсуа бызшәа, аҧсшәа)",,rgb,0,60,255,3,10,line,white,en,1.1.2,dark blue,dark blue
9249,"Abkhaz (аҧсуа бызшәа, аҧсшәа)",,rgb,159,255,0,3,11,line,white,en,1.1.2,light green,light green
9249,"Abkhaz (аҧсуа бызшәа, аҧсшәа)",,rgb,255,0,155,6,0,line,white,en,1.1.2,dark pink,dark pink
9249,"Abkhaz (аҧсуа бызшәа, аҧсшәа)",,rgb,94,255,0,6,1,line,white,en,1.1.2,light green,light green
9249,"Abkhaz (аҧсуа бызшәа, аҧсшәа)",,rgb,255,233,0,6,2,line,white,en,1.1.2,yellow,yellow
9249,"Abkhaz (аҧсуа бызшәа, аҧсшәа)",,rgb,0,72,255,6,3,line,white,en,1.1.2,dark blue,dark blue
9249,"Abkhaz (аҧсуа бызшәа, аҧсшәа)",,rgb,0,166,255,6,4,line,white,en,1.1.2,light blue,light blue
9249,"Abkhaz (аҧсуа бызшәа, аҧсшәа)",,rgb,94,0,255,6,5,line,white,en,1.1.2,purple,purple
9249,"Abkhaz (аҧсуа бызшәа, аҧсшәа)",,rgb,209,0,255,6,6,line,white,en,1.1.2,pink,pink
9249,"Abkhaz (аҧсуа бызшәа, аҧсшәа)",,rgb,255,0,41,6,7,line,white,en,1.1.2,red,red
9249,"Abkhaz (аҧсуа бызшәа, аҧсшәа)",,rgb,0,255,152,6,8,line,white,en,1.1.2,aqua,aqua
9249,"Abkhaz (аҧсуа бызшәа, аҧсшәа)",,rgb,212,255,0,6,9,line,white,en,1.1.2,greenish yellow,greenish yellow
9249,"Abkhaz (аҧсуа бызшәа, аҧсшәа)",,rgb,255,4,0,6,10,line,white,en,1.1.2,red,red
9249,"Abkhaz (аҧсуа бызшәа, аҧсшәа)",,rgb,0,255,83,6,11,line,white,en,1.1.2,green,green
9336,"Malay (bahasa Melayu, بهاس ملايو‎)",,rgb,255,148,0,1,0,line,white,en,1.1.2,red,red
9336,"Malay (bahasa Melayu, بهاس ملايو‎)",,rgb,51,0,255,1,1,line,white,en,1.1.2,blue,blue
9336,"Malay (bahasa Melayu, بهاس ملايو‎)",,rgb,0,95,255,1,2,line,white,en,1.1.2,blue,blue
9336,"Malay (bahasa Melayu, بهاس ملايو‎)",,rgb,255,0,223,1,3,line,white,en,1.1.2,magenta,magenta
9336,"Malay (bahasa Melayu, بهاس ملايو‎)",,rgb,255,111,0,1,4,line,white,en,1.1.2,red,red
9336,"Malay (bahasa Melayu, بهاس ملايو‎)",,rgb,0,255,253,1,5,line,white,en,1.1.2,cyan,cyan
9336,"Malay (bahasa Melayu, بهاس ملايو‎)",,rgb,255,241,0,1,6,line,white,en,1.1.2,yellow,yellow
9336,"Malay (bahasa Melayu, بهاس ملايو‎)",,rgb,0,255,121,1,7,line,white,en,1.1.2,green,green
9336,"Malay (bahasa Melayu, بهاس ملايو‎)",,rgb,255,197,0,1,8,line,white,en,1.1.2,yellow brown,yellow brown
9336,"Malay (bahasa Melayu, بهاس ملايو‎)",,rgb,244,255,0,1,9,line,white,en,1.1.2,yellow,yellow
9336,"Malay (bahasa Melayu, بهاس ملايو‎)",,rgb,255,154,0,1,10,line,white,en,1.1.2,orange,orange
9336,"Malay (bahasa Melayu, بهاس ملايو‎)",,rgb,0,192,255,1,11,line,white,en,1.1.2,cyan,cyan
9336,"Malay (bahasa Melayu, بهاس ملايو‎)",,rgb,0,118,255,3,0,line,white,en,1.1.2,blue,blue
9336,"Malay (bahasa Melayu, بهاس ملايو‎)",,rgb,0,88,255,3,1,line,white,en,1.1.2,blue,blue
9336,"Malay (bahasa Melayu, بهاس ملايو‎)",,rgb,209,255,0,3,2,line,white,en,1.1.2,green,green
9336,"Malay (bahasa Melayu, بهاس ملايو‎)",,rgb,255,71,0,3,3,line,white,en,1.1.2,red,red
9336,"Malay (bahasa Melayu, بهاس ملايو‎)",,rgb,255,0,76,3,4,line,white,en,1.1.2,red,red
9336,"Malay (bahasa Melayu, بهاس ملايو‎)",,rgb,255,0,195,3,5,line,white,en,1.1.2,magenta,magenta
9336,"Malay (bahasa Melayu, بهاس ملايو‎)",,rgb,173,255,0,3,6,line,white,en,1.1.2,green,green
9336,"Malay (bahasa Melayu, بهاس ملايو‎)",,rgb,0,237,255,3,7,line,white,en,1.1.2,cyan,cyan
9336,"Malay (bahasa Melayu, بهاس ملايو‎)",,rgb,100,0,255,3,8,line,white,en,1.1.2,blue,blue
9336,"Malay (bahasa Melayu, بهاس ملايو‎)",,rgb,255,0,32,3,9,line,white,en,1.1.2,red,red
9336,"Malay (bahasa Melayu, بهاس ملايو‎)",,rgb,255,0,85,3,10,line,white,en,1.1.2,red,red
9336,"Malay (bahasa Melayu, بهاس ملايو‎)",,rgb,255,0,127,3,11,line,white,en,1.1.2,red bluer,red bluer
9336,"Malay (bahasa Melayu, بهاس ملايو‎)",,rgb,0,255,213,6,0,line,white,en,1.1.2,cyan,cyan
9336,"Malay (bahasa Melayu, بهاس ملايو‎)",,rgb,0,255,64,6,1,line,white,en,1.1.2,green,green
9336,"Malay (bahasa Melayu, بهاس ملايو‎)",,rgb,255,0,145,6,2,line,white,en,1.1.2,magenta,magenta
9336,"Malay (bahasa Melayu, بهاس ملايو‎)",,rgb,0,213,255,6,3,line,white,en,1.1.2,dark cyan,dark cyan
9336,"Malay (bahasa Melayu, بهاس ملايو‎)",,rgb,0,153,255,6,4,line,white,en,1.1.2,blue,blue
9336,"Malay (bahasa Melayu, بهاس ملايو‎)",,rgb,172,0,255,6,5,line,white,en,1.1.2,dark purple,dark purple
9336,"Malay (bahasa Melayu, بهاس ملايو‎)",,rgb,115,255,0,6,6,line,white,en,1.1.2,green,green
9336,"Malay (bahasa Melayu, بهاس ملايو‎)",,rgb,255,0,251,6,7,line,white,en,1.1.2,light purple,light purple
9336,"Malay (bahasa Melayu, بهاس ملايو‎)",,rgb,0,255,103,6,8,line,white,en,1.1.2,green,green
9336,"Malay (bahasa Melayu, بهاس ملايو‎)",,rgb,0,255,170,6,9,line,white,en,1.1.2,green,green
9336,"Malay (bahasa Melayu, بهاس ملايو‎)",,rgb,0,172,255,6,10,line,white,en,1.1.2,blue,blue
9336,"Malay (bahasa Melayu, بهاس ملايو‎)",,rgb,0,56,255,6,11,line,white,en,1.1.2,bright blue,bright blue
9386,Spanish (español),,rgb,255,0,79,1,0,line,white,en,1.1.2,hot pink,hot pink
9386,Spanish (español),,rgb,0,213,255,1,1,line,white,en,1.1.2,light blue,light blue
9386,Spanish (español),,rgb,255,145,0,1,2,line,white,en,1.1.2,orange,orange
9386,Spanish (español),,rgb,0,255,236,1,3,line,white,en,1.1.2,sky  blue,sky  blue
9386,Spanish (español),,rgb,255,220,0,1,4,line,white,en,1.1.2,yellow,yellow
9386,Spanish (español),,rgb,0,82,255,1,5,line,white,en,1.1.2,blue,blue
9386,Spanish (español),,rgb,255,0,182,1,6,line,white,en,1.1.2,pink,pink
9386,Spanish (español),,rgb,255,0,39,1,7,line,white,en,1.1.2,red,red
9386,Spanish (español),,rgb,255,247,0,1,8,line,white,en,1.1.2,yellow,yellow
9386,Spanish (español),,rgb,222,0,255,1,9,line,white,en,1.1.2,purple,purple
9386,Spanish (español),,rgb,0,155,255,1,10,line,white,en,1.1.2,blue,blue
9386,Spanish (español),,rgb,0,190,255,1,11,line,white,en,1.1.2,blue,blue
9386,Spanish (español),,rgb,0,17,255,3,0,line,white,en,1.1.2,dark blue,dark blue
9386,Spanish (español),,rgb,0,100,255,3,1,line,white,en,1.1.2,medium bluw,medium bluw
9386,Spanish (español),,rgb,175,0,255,3,2,line,white,en,1.1.2,purple,purple
9386,Spanish (español),,rgb,255,71,0,3,3,line,white,en,1.1.2,orange,orange
9386,Spanish (español),,rgb,255,186,0,3,4,line,white,en,1.1.2,yellow,yellow
9386,Spanish (español),,rgb,121,0,255,3,5,line,white,en,1.1.2,purple,purple
9386,Spanish (español),,rgb,255,0,246,3,6,line,white,en,1.1.2,pink,pink
9386,Spanish (español),,rgb,0,134,255,3,7,line,white,en,1.1.2,blue,blue
9386,Spanish (español),,rgb,255,0,127,3,8,line,white,en,1.1.2,pink,pink
9386,Spanish (español),,rgb,0,255,20,3,9,line,white,en,1.1.2,green,green
9386,Spanish (español),,rgb,0,255,255,3,10,line,white,en,1.1.2,light blue,light blue
9386,Spanish (español),,rgb,211,255,0,3,11,line,white,en,1.1.2,lime green,lime green
9386,Spanish (español),,rgb,255,114,0,6,0,line,white,en,1.1.2,orange,orange
9386,Spanish (español),,rgb,0,38,255,6,1,line,white,en,1.1.2,blue,blue
9386,Spanish (español),,rgb,0,255,142,6,2,line,white,en,1.1.2,foam green,foam green
9386,Spanish (español),,rgb,255,0,82,6,3,line,white,en,1.1.2,pink,pink
9386,Spanish (español),,rgb,138,255,0,6,4,line,white,en,1.1.2,green,green
9386,Spanish (español),,rgb,255,0,144,6,5,line,white,en,1.1.2,pink,pink
9386,Spanish (español),,rgb,102,255,0,6,6,line,white,en,1.1.2,green,green
9386,Spanish (español),,rgb,0,255,219,6,7,line,white,en,1.1.2,blue,blue
9386,Spanish (español),,rgb,255,168,0,6,8,line,white,en,1.1.2,orange,orange
9386,Spanish (español),,rgb,0,255,100,6,9,line,white,en,1.1.2,green,green
9386,Spanish (español),,rgb,0,175,255,6,10,line,white,en,1.1.2,blue,blue
9386,Spanish (español),,rgb,0,255,185,6,11,line,white,en,1.1.2,blue,blue
9390,"Chinese (中文 (Zhōngwén), 汉语, 漢語)",,rgb,35,93,116,1,0,full,white,en,1.1.2,weird blue色,weird blue
9390,"Chinese (中文 (Zhōngwén), 汉语, 漢語)",,rgb,226,16,125,1,1,full,white,en,1.1.2,magenta色,magenta
9390,"Chinese (中文 (Zhōngwén), 汉语, 漢語)",,rgb,188,174,237,1,2,full,white,en,1.1.2,light purple色,light purple
9390,"Chinese (中文 (Zhōngwén), 汉语, 漢語)",,rgb,63,216,13,1,3,full,white,en,1.1.2,bright green色,bright green
9390,"Chinese (中文 (Zhōngwén), 汉语, 漢語)",,rgb,111,168,76,1,4,full,white,en,1.1.2,dull green色,dull green
9390,"Chinese (中文 (Zhōngwén), 汉语, 漢語)",,rgb,18,135,191,1,5,full,white,en,1.1.2,blue色,blue
9390,"Chinese (中文 (Zhōngwén), 汉语, 漢語)",,rgb,10,11,239,1,6,full,white,en,1.1.2,royal blue色,royal blue
9390,"Chinese (中文 (Zhōngwén), 汉语, 漢語)",,rgb,249,173,25,1,7,full,white,en,1.1.2,orange色,orange
9390,"Chinese (中文 (Zhōngwén), 汉语, 漢語)",,rgb,172,53,211,1,8,full,white,en,1.1.2,dark purple色,dark purple
9390,"Chinese (中文 (Zhōngwén), 汉语, 漢語)",,rgb,176,109,188,1,9,full,white,en,1.1.2,medium purple色,medium purple
9390,"Chinese (中文 (Zhōngwén), 汉语, 漢語)",,rgb,192,233,143,1,10,full,white,en,1.1.2,light green色,light green
9390,"Chinese (中文 (Zhōngwén), 汉语, 漢語)",,rgb,18,53,9,1,11,full,white,en,1.1.2,dark green色,dark green
9390,"Chinese (中文 (Zhōngwén), 汉语, 漢語)",,rgb,123,55,132,3,0,full,white,en,1.1.2,average purple色,average purple
9390,"Chinese (中文 (Zhōngwén), 汉语, 漢語)",,rgb,41,77,134,3,1,full,white,en,1.1.2,navy blue色,navy blue
9390,"Chinese (中文 (Zhōngwén), 汉语, 漢語)",,rgb,219,216,241,3,2,full,white,en,1.1.2,pastel purple色,pastel purple
9390,"Chinese (中文 (Zhōngwén), 汉语, 漢語)",,rgb,22,166,37,3,3,full,white,en,1.1.2,green色,green
9390,"Chinese (中文 (Zhōngwén), 汉语, 漢語)",,rgb,235,65,28,3,4,full,white,en,1.1.2,reddish orange色,reddish orange
9390,"Chinese (中文 (Zhōngwén), 汉语, 漢語)",,rgb,32,204,169,3,5,full,white,en,1.1.2,turquoise色,turquoise
9390,"Chinese (中文 (Zhōngwén), 汉语, 漢語)",,rgb,120,85,135,3,6,full,white,en,1.1.2,ugly purple色,ugly purple
9390,"Chinese (中文 (Zhōngwén), 汉语, 漢語)",,rgb,137,7,2,3,7,full,white,en,1.1.2,blood red色,blood red
9390,"Chinese (中文 (Zhōngwén), 汉语, 漢語)",,rgb,176,201,58,3,8,full,white,en,1.1.2,lime色,lime
9390,"Chinese (中文 (Zhōngwén), 汉语, 漢語)",,rgb,20,122,9,3,9,full,white,en,1.1.2,slightly darker green色,slightly darker green
9390,"Chinese (中文 (Zhōngwén), 汉语, 漢語)",,rgb,191,160,74,3,10,full,white,en,1.1.2,beige色,beige
9390,"Chinese (中文 (Zhōngwén), 汉语, 漢語)",,rgb,56,200,113,3,11,full,white,en,1.1.2,boring green色,boring green
9390,"Chinese (中文 (Zhōngwén), 汉语, 漢語)",,rgb,246,19,92,6,0,full,white,en,1.1.2,hot pink色,hot pink
9390,"Chinese (中文 (Zhōngwén), 汉语, 漢語)",,rgb,60,241,237,6,1,full,white,en,1.1.2,cyan色,cyan
9390,"Chinese (中文 (Zhōngwén), 汉语, 漢語)",,rgb,83,66,248,6,2,full,white,en,1.1.2,bluish purple色,bluish purple
9390,"Chinese (中文 (Zhōngwén), 汉语, 漢語)",,rgb,49,137,99,6,3,full,white,en,1.1.2,ugly green色,ugly green
9390,"Chinese (中文 (Zhōngwén), 汉语, 漢語)",,rgb,158,247,129,6,4,full,white,en,1.1.2,very light green色,very light green
9390,"Chinese (中文 (Zhōngwén), 汉语, 漢語)",,rgb,156,27,235,6,5,full,white,en,1.1.2,already had this purple色,already had this purple
9390,"Chinese (中文 (Zhōngwén), 汉语, 漢語)",,rgb,81,25,5,6,6,full,white,en,1.1.2,ox色,ox
9390,"Chinese (中文 (Zhōngwén), 汉语, 漢語)",,rgb,224,15,196,6,7,full,white,en,1.1.2,already had this magenta色,already had this magenta
9390,"Chinese (中文 (Zhōngwén), 汉语, 漢語)",,rgb,108,111,20,6,8,full,white,en,1.1.2,ugliest of the ugly colours色,ugliest of the ugly colours
9390,"Chinese (中文 (Zhōngwén), 汉语, 漢語)",,rgb,209,248,6,6,9,full,white,en,1.1.2,not so bright yellow色,not so bright yellow
9390,"Chinese (中文 (Zhōngwén), 汉语, 漢語)",,rgb,254,118,108,6,10,full,white,en,1.1.2,dull pink色,dull pink
9390,"Chinese (中文 (Zhōngwén), 汉语, 漢語)",,rgb,53,190,235,6,11,full,white,en,1.1.2,sky blue色,sky blue
9438,Italian (italiano),,rgb,0,95,255,1,4,line,white,en,1.1.2,blue,Blue
9438,Italian (italiano),,rgb,0,35,255,6,6,line,white,en,1.1.2,blue,Blue
9438,Italian (italiano),,rgb,0,78,255,6,9,line,white,en,1.1.2,blue,Blue
9438,Italian (italiano),,rgb,0,132,255,6,10,line,white,en,1.1.2,blue,Blue
9441,Spanish (español),,rgb,255,164,0,1,0,line,white,en,1.1.2,orange,orange
9441,Spanish (español),,rgb,255,0,151,1,2,line,white,en,1.1.2,pink,pink
9441,Spanish (español),,rgb,0,97,255,1,4,line,white,en,1.1.2,blue,blue
9441,Spanish (español),,rgb,147,0,255,1,5,line,white,en,1.1.2,purple,purple
9441,Spanish (español),,rgb,0,255,170,1,8,line,white,en,1.1.2,teal,teal
9441,Spanish (español),,rgb,255,224,0,1,10,line,white,en,1.1.2,yellow,yellow
9441,Spanish (español),,rgb,0,133,255,1,11,line,white,en,1.1.2,light blue,light blue
9441,Spanish (español),,rgb,0,255,89,3,2,line,white,en,1.1.2,green,green
9441,Spanish (español),,rgb,0,247,255,3,3,line,white,en,1.1.2,teal,teal
9441,Spanish (español),,rgb,255,0,229,3,7,line,white,en,1.1.2,pink,pink
9441,Spanish (español),,rgb,0,157,255,3,9,line,white,en,1.1.2,light blue,light blue
9441,Spanish (español),,rgb,255,0,56,3,10,line,white,en,1.1.2,red,red
9441,Spanish (español),,rgb,255,0,36,6,0,line,white,en,1.1.2,red,red
9441,Spanish (español),,rgb,0,255,205,6,2,line,white,en,1.1.2,teal,teal
9441,Spanish (español),,rgb,255,103,0,6,5,line,white,en,1.1.2,orange,orange
9441,Spanish (español),,rgb,232,255,0,6,6,line,white,en,1.1.2,yellow,yellow
9441,Spanish (español),,rgb,0,185,255,6,7,line,white,en,1.1.2,light blue,light blue
9441,Spanish (español),,rgb,177,0,255,6,8,line,white,en,1.1.2,purple,purple
9441,Spanish (español),,rgb,0,46,255,6,11,line,white,en,1.1.2,blue,blue
9474,Italian (italiano),,rgb,0,61,255,1,2,line,white,en,1.1.2,blue,Blue
9474,Italian (italiano),,rgb,0,113,255,1,3,line,white,en,1.1.2,blue,Blue
9474,Italian (italiano),,rgb,0,5,255,6,3,line,white,en,1.1.2,blue,Blue
9474,Italian (italiano),,rgb,0,127,255,6,6,line,white,en,1.1.2,blue,Blue
9474,Italian (italiano),,rgb,0,157,255,6,9,line,white,en,1.1.2,blue,Blue
9474,Italian (italiano),,rgb,0,73,255,6,11,line,white,en,1.1.2,blue,Blue
9484,"French (français, langue française)",,rgb,255,0,25,1,2,line,white,en,1.1.2,red,Red
9484,"French (français, langue française)",,rgb,176,255,0,1,3,line,white,en,1.1.2,green,Green
9484,"French (français, langue française)",,rgb,0,31,255,1,4,line,white,en,1.1.2,blue,Blue
9484,"French (français, langue française)",,rgb,0,178,255,1,5,line,white,en,1.1.2,light blue,Light blue
9484,"French (français, langue française)",,rgb,99,255,0,1,10,line,white,en,1.1.2,green,Green
9484,"French (français, langue française)",,rgb,0,255,154,3,0,line,white,en,1.1.2,green water,Green water
9484,"French (français, langue française)",,rgb,0,188,255,3,1,line,white,en,1.1.2,light blue,Light blue
9484,"French (français, langue française)",,rgb,0,42,255,3,2,line,white,en,1.1.2,blue,Blue
9484,"French (français, langue française)",,rgb,0,255,172,3,3,line,white,en,1.1.2,green water,Green water
9484,"French (français, langue française)",,rgb,255,17,0,3,5,line,white,en,1.1.2,red,Red
9484,"French (français, langue française)",,rgb,244,255,0,3,7,line,white,en,1.1.2,yellow,Yellow
9484,"French (français, langue française)",,rgb,255,208,0,3,8,line,white,en,1.1.2,gold,Gold
9484,"French (français, langue française)",,rgb,0,141,255,3,9,line,white,en,1.1.2,light blue,Light blue
9484,"French (français, langue française)",,rgb,0,88,255,3,10,line,white,en,1.1.2,blue,Blue
9484,"French (français, langue française)",,rgb,255,219,0,6,0,line,white,en,1.1.2,gold,Gold
9484,"French (français, langue française)",,rgb,119,0,255,6,3,line,white,en,1.1.2,purple,Purple
9484,"French (français, langue française)",,rgb,255,0,73,6,7,line,white,en,1.1.2,red,Red
9484,"French (français, langue française)",,rgb,0,255,68,6,8,line,white,en,1.1.2,green,Green
9484,"French (français, langue française)",,rgb,169,0,255,6,9,line,white,en,1.1.2,purple,Purple
9484,"French (français, langue française)",,rgb,0,114,255,6,10,line,white,en,1.1.2,light blue,Light blue
9484,"French (français, langue française)",,rgb,0,255,86,6,11,line,white,en,1.1.2,green,Green
9507,Swedish (svenska),,rgb,222,0,255,3,8,line,white,en,1.1.2,magenta,magenta
9507,Swedish (svenska),,rgb,255,0,237,6,10,line,white,en,1.1.2,magenta,magenta
9546,Swedish (svenska),,rgb,255,0,205,1,1,line,white,en,1.1.2,magenta,Magenta
9546,Swedish (svenska),,rgb,255,0,250,3,3,line,white,en,1.1.2,magenta,Magenta
9553,Swedish (svenska),,rgb,255,0,89,3,5,line,white,en,1.1.2,magenta,magenta
9553,Swedish (svenska),,rgb,0,250,255,3,6,line,white,en,1.1.2,cyan,cyan
9553,Swedish (svenska),,rgb,0,255,225,6,0,line,white,en,1.1.2,cyan,cyan
9591,German (Deutsch),,rgb,0,255,233,1,1,line,white,en,1.1.2,cyan,cyan
9591,German (Deutsch),,rgb,0,255,213,3,1,line,white,en,1.1.2,cyan,cyan
9591,German (Deutsch),,rgb,0,231,255,3,4,line,white,en,1.1.2,cyan,cyan
9602,English (English),,rgb,31,153,220,3,0,full,white,en,1.1.2,y,y
9602,English (English),,rgb,54,41,64,3,1,full,white,en,1.1.2,y,y
9602,English (English),,rgb,16,241,154,3,2,full,white,en,1.1.2,y,y
9602,English (English),,rgb,122,250,109,3,3,full,white,en,1.1.2,y,y
9602,English (English),,rgb,85,224,248,3,4,full,white,en,1.1.2,y,y
9602,English (English),,rgb,69,255,45,3,5,full,white,en,1.1.2,y,y
9602,English (English),,rgb,135,196,242,3,6,full,white,en,1.1.2,y,y
9602,English (English),,rgb,218,157,131,3,7,full,white,en,1.1.2,y,y
9602,English (English),,rgb,15,44,207,3,8,full,white,en,1.1.2,y,y
9602,English (English),,rgb,122,136,78,3,9,full,white,en,1.1.2,y,y
9602,English (English),,rgb,185,175,161,3,10,full,white,en,1.1.2,y,y
9602,English (English),,rgb,34,1,236,3,11,full,white,en,1.1.2,y,y
9602,English (English),,rgb,246,172,0,6,0,full,white,en,1.1.2,y,y
9602,English (English),,rgb,50,12,62,6,1,full,white,en,1.1.2,y,y
9602,English (English),,rgb,23,100,119,6,2,full,white,en,1.1.2,y,y
9602,English (English),,rgb,57,223,189,6,3,full,white,en,1.1.2,y,y
9602,English (English),,rgb,229,35,20,6,4,full,white,en,1.1.2,y,y
9602,English (English),,rgb,217,118,150,6,5,full,white,en,1.1.2,y,y
9602,English (English),,rgb,247,128,15,6,6,full,white,en,1.1.2,y,y
9602,English (English),,rgb,172,104,44,6,7,full,white,en,1.1.2,y,y
9602,English (English),,rgb,183,112,250,6,8,full,white,en,1.1.2,y,y
9602,English (English),,rgb,165,141,238,6,9,full,white,en,1.1.2,y,y
9602,English (English),,rgb,15,157,134,6,10,full,white,en,1.1.2,y,y
9602,English (English),,rgb,235,241,173,6,11,full,white,en,1.1.2,y,y
9629,Norwegian Bokmål (Norsk bokmål),,rgb,145,0,255,1,0,line,white,en,1.1.2,purple,purple
9629,Norwegian Bokmål (Norsk bokmål),,rgb,0,103,255,1,1,line,white,en,1.1.2,blue,blue
9629,Norwegian Bokmål (Norsk bokmål),,rgb,0,255,144,1,2,line,white,en,1.1.2,green,green
9629,Norwegian Bokmål (Norsk bokmål),,rgb,0,255,79,1,3,line,white,en,1.1.2,green,green
9629,Norwegian Bokmål (Norsk bokmål),,rgb,174,255,0,1,4,line,white,en,1.1.2,green,green
9629,Norwegian Bokmål (Norsk bokmål),,rgb,52,255,0,1,5,line,white,en,1.1.2,green,green
9629,Norwegian Bokmål (Norsk bokmål),,rgb,255,152,0,1,6,line,white,en,1.1.2,orange,orange
9629,Norwegian Bokmål (Norsk bokmål),,rgb,0,50,255,1,7,line,white,en,1.1.2,marine blue,marine blue
9629,Norwegian Bokmål (Norsk bokmål),,rgb,255,0,114,1,8,line,white,en,1.1.2,red,red
9629,Norwegian Bokmål (Norsk bokmål),,rgb,170,0,255,1,9,line,white,en,1.1.2,purple,purple
9629,Norwegian Bokmål (Norsk bokmål),,rgb,255,0,89,1,10,line,white,en,1.1.2,red,red
9629,Norwegian Bokmål (Norsk bokmål),,rgb,0,210,255,1,11,line,white,en,1.1.2,teal,teal
9629,Norwegian Bokmål (Norsk bokmål),,rgb,255,0,210,3,0,line,white,en,1.1.2,lilla,lilla
9629,Norwegian Bokmål (Norsk bokmål),,rgb,0,185,255,3,1,line,white,en,1.1.2,lyse blå,lyse blå
9629,Norwegian Bokmål (Norsk bokmål),,rgb,255,0,53,3,2,line,white,en,1.1.2,rød,rød
9629,Norwegian Bokmål (Norsk bokmål),,rgb,255,100,0,3,3,line,white,en,1.1.2,orange,orange
9629,Norwegian Bokmål (Norsk bokmål),,rgb,0,238,255,3,4,line,white,en,1.1.2,teal,teal
9629,Norwegian Bokmål (Norsk bokmål),,rgb,208,255,0,3,5,line,white,en,1.1.2,gul,gul
9629,Norwegian Bokmål (Norsk bokmål),,rgb,255,0,232,3,6,line,white,en,1.1.2,lilla,lilla
9629,Norwegian Bokmål (Norsk bokmål),,rgb,0,135,255,3,7,line,white,en,1.1.2,blå,blå
9629,Norwegian Bokmål (Norsk bokmål),,rgb,255,0,168,3,8,line,white,en,1.1.2,lilla,lilla
9629,Norwegian Bokmål (Norsk bokmål),,rgb,255,208,0,3,9,line,white,en,1.1.2,oransj,oransj
9629,Norwegian Bokmål (Norsk bokmål),,rgb,0,73,255,3,10,line,white,en,1.1.2,blå,blå
9629,Norwegian Bokmål (Norsk bokmål),,rgb,0,255,202,3,11,line,white,en,1.1.2,teal,teal
9629,Norwegian Bokmål (Norsk bokmål),,rgb,255,155,0,6,0,line,white,en,1.1.2,oransj,oransj
9629,Norwegian Bokmål (Norsk bokmål),,rgb,0,255,167,6,1,line,white,en,1.1.2,grønn,grønn
9629,Norwegian Bokmål (Norsk bokmål),,rgb,0,8,255,6,2,line,white,en,1.1.2,blå,blå
9629,Norwegian Bokmål (Norsk bokmål),,rgb,0,255,230,6,3,line,white,en,1.1.2,teal,teal
9629,Norwegian Bokmål (Norsk bokmål),,rgb,0,148,255,6,4,line,white,en,1.1.2,blå,blå
9629,Norwegian Bokmål (Norsk bokmål),,rgb,242,0,255,6,5,line,white,en,1.1.2,lilla,lilla
9629,Norwegian Bokmål (Norsk bokmål),,rgb,255,42,0,6,6,line,white,en,1.1.2,rød,rød
9629,Norwegian Bokmål (Norsk bokmål),,rgb,255,0,40,6,7,line,white,en,1.1.2,mørkerød,mørkerød
9629,Norwegian Bokmål (Norsk bokmål),,rgb,0,255,48,6,8,line,white,en,1.1.2,grønn,grønn
9629,Norwegian Bokmål (Norsk bokmål),,rgb,255,241,0,6,9,line,white,en,1.1.2,gul,gul
9629,Norwegian Bokmål (Norsk bokmål),,rgb,251,255,0,6,10,line,white,en,1.1.2,gul,gul
9629,Norwegian Bokmål (Norsk bokmål),,rgb,0,159,255,6,11,line,white,en,1.1.2,blå,blå
9674,German (Deutsch),,rgb,0,244,255,3,1,line,white,en,1.1.2,cyan,Cyan
9723,German (Deutsch),,rgb,0,242,255,3,0,line,white,en,1.1.2,cyan,cyan
9737,Spanish (español),,rgb,255,0,6,1,1,line,white,en,1.1.2,red,Red
9737,Spanish (español),,rgb,255,251,0,1,2,line,white,en,1.1.2,yellow,Yellow
9737,Spanish (español),,rgb,0,255,242,1,3,line,white,en,1.1.2,blue,Blue
9737,Spanish (español),,rgb,255,241,0,1,6,line,white,en,1.1.2,yellow,Yellow
9737,Spanish (español),,rgb,0,255,198,1,7,line,white,en,1.1.2,blue,Blue
9737,Spanish (español),,rgb,0,186,255,1,8,line,white,en,1.1.2,blue,Blue
9751,Swedish (svenska),,rgb,0,255,188,1,6,line,white,en,1.1.2,cyan,Cyan
9751,Swedish (svenska),,rgb,255,0,68,1,10,line,white,en,1.1.2,magenta,Magenta
9751,Swedish (svenska),,rgb,255,0,146,6,5,line,white,en,1.1.2,magenta,Magenta
9751,Swedish (svenska),,rgb,255,0,113,6,8,line,white,en,1.1.2,magenta,Magenta
9751,Swedish (svenska),,rgb,255,0,87,6,9,line,white,en,1.1.2,magenta,Magenta
9810,Spanish (español),,rgb,0,124,255,1,7,line,white,en,1.1.2,blue,blue
9823,German (Deutsch),,rgb,0,255,248,1,0,line,white,en,1.1.2,cyan,cyan
9823,German (Deutsch),,rgb,0,255,168,6,11,line,white,en,1.1.2,cyan,cyan
9963,Swedish (svenska),,rgb,213,0,255,1,11,line,white,en,1.1.2,magenta,magenta
9963,Swedish (svenska),,rgb,255,0,221,3,5,line,white,en,1.1.2,magenta,magenta
9963,Swedish (svenska),,rgb,255,0,177,3,8,line,white,en,1.1.2,magenta,magenta
9963,Swedish (svenska),,rgb,255,0,249,6,8,line,white,en,1.1.2,magenta,magenta
10146,"French (français, langue française)",,rgb,184,255,0,1,4,line,white,en,1.1.2,lime,Lime
10146,"French (français, langue française)",,rgb,0,171,255,1,10,line,white,en,1.1.2,france,France
10146,"French (français, langue française)",,rgb,0,233,255,3,0,line,white,en,1.1.2,electrique,electrique
10146,"French (français, langue française)",,rgb,0,255,114,3,5,line,white,en,1.1.2,printemps,printemps
10146,"French (français, langue française)",,rgb,0,218,255,3,7,line,white,en,1.1.2,france,france
10146,"French (français, langue française)",,rgb,0,255,131,6,2,line,white,en,1.1.2,printemps,printemps
10146,"French (français, langue française)",,rgb,0,255,231,6,4,line,white,en,1.1.2,electrique,electrique
10221,"French (français, langue française)",,rgb,255,0,130,1,1,line,white,en,1.1.2,rose forsythia,rose forsythia
10221,"French (français, langue française)",,rgb,255,0,242,3,8,line,white,en,1.1.2,rose forsythia,rose forsythia
10238,"Dutch (Nederlands, Vlaams)",,rgb,187,0,255,1,4,line,white,en,1.1.2,purple,Purple
10238,"Dutch (Nederlands, Vlaams)",,rgb,0,142,255,1,5,line,white,en,1.1.2,blue,Blue
10238,"Dutch (Nederlands, Vlaams)",,rgb,255,0,241,3,1,line,white,en,1.1.2,purple,Purple
10238,"Dutch (Nederlands, Vlaams)",,rgb,0,114,255,3,2,line,white,en,1.1.2,blue,Blue
10238,"Dutch (Nederlands, Vlaams)",,rgb,0,88,255,3,6,line,white,en,1.1.2,blue,Blue
10238,"Dutch (Nederlands, Vlaams)",,rgb,255,0,248,3,7,line,white,en,1.1.2,purple,Purple
10238,"Dutch (Nederlands, Vlaams)",,rgb,0,94,255,3,8,line,white,en,1.1.2,blue,Blue
10240,"Dutch (Nederlands, Vlaams)",,rgb,255,0,242,1,5,line,white,en,1.1.2,fuchsia,fuchsia
10274,German (Deutsch),,rgb,0,235,255,6,10,line,white,en,1.1.2,cyan,Cyan
10301,"French (français, langue française)",,rgb,128,255,0,1,3,line,white,en,1.1.2,lime,Lime
10302,German (Deutsch),,rgb,0,88,255,3,7,line,white,en,1.1.2,cyan,cyan
10363,Portuguese (português),,rgb,0,255,31,1,2,line,white,en,1.1.2,green,green
10376,Norwegian Bokmål (Norsk bokmål),,rgb,69,0,255,1,0,line,white,en,1.1.2,blue,Blue
10376,Norwegian Bokmål (Norsk bokmål),,rgb,0,255,73,1,1,line,white,en,1.1.2,green,Green
10376,Norwegian Bokmål (Norsk bokmål),,rgb,255,103,0,1,2,line,white,en,1.1.2,orange,Orange
10376,Norwegian Bokmål (Norsk bokmål),,rgb,0,110,255,1,3,line,white,en,1.1.2,blue,Blue
10376,Norwegian Bokmål (Norsk bokmål),,rgb,255,169,0,1,4,line,white,en,1.1.2,yellow,Yellow
10376,Norwegian Bokmål (Norsk bokmål),,rgb,0,45,255,1,5,line,white,en,1.1.2,blue,Blue
10376,Norwegian Bokmål (Norsk bokmål),,rgb,0,255,196,1,6,line,white,en,1.1.2,turquoise,Turquoise
10376,Norwegian Bokmål (Norsk bokmål),,rgb,0,255,180,1,7,line,white,en,1.1.2,turquoise,Turquoise
10376,Norwegian Bokmål (Norsk bokmål),,rgb,0,160,255,1,8,line,white,en,1.1.2,blue,Blue
10376,Norwegian Bokmål (Norsk bokmål),,rgb,0,147,255,1,9,line,white,en,1.1.2,blue,Blue
10376,Norwegian Bokmål (Norsk bokmål),,rgb,0,255,248,1,10,line,white,en,1.1.2,turquoise,Turquoise
10376,Norwegian Bokmål (Norsk bokmål),,rgb,0,199,255,1,11,line,white,en,1.1.2,blue,Blue
10378,"French (français, langue française)",,rgb,0,255,44,1,9,line,white,en,1.1.2,vert flash,vert flash
10390,Spanish (español),,rgb,0,134,255,1,0,line,white,en,1.1.2,blue,blue
10390,Spanish (español),,rgb,0,109,255,1,1,line,white,en,1.1.2,blue,blue
10390,Spanish (español),,rgb,255,253,0,1,3,line,white,en,1.1.2,yellow,yellow
10390,Spanish (español),,rgb,0,226,255,1,5,line,white,en,1.1.2,teal,teal
10390,Spanish (español),,rgb,0,145,255,1,9,line,white,en,1.1.2,blue,blue
10457,"French (français, langue française)",,rgb,206,0,255,1,1,line,white,en,1.1.2,purple,purple
10457,"French (français, langue française)",,rgb,0,170,255,1,2,line,white,en,1.1.2,blue,blue
10457,"French (français, langue française)",,rgb,255,0,167,1,3,line,white,en,1.1.2,pink,pink
10457,"French (français, langue française)",,rgb,0,255,112,1,5,line,white,en,1.1.2,green,green
10457,"French (français, langue française)",,rgb,0,114,255,1,8,line,white,en,1.1.2,blue,blue
10457,"French (français, langue française)",,rgb,0,92,255,1,9,line,white,en,1.1.2,blue,blue
10457,"French (français, langue française)",,rgb,221,0,255,1,10,line,white,en,1.1.2,purple,purple
10457,"French (français, langue française)",,rgb,0,199,255,1,11,line,white,en,1.1.2,blue,blue
10554,"Chinese (中文 (Zhōngwén), 汉语, 漢語)",,rgb,82,190,168,1,7,full,white,en,1.1.2,chinese色,Chinese
10554,"Chinese (中文 (Zhōngwén), 汉语, 漢語)",,rgb,165,243,151,3,7,full,white,en,1.1.2,chinese色,Chinese
10554,"Chinese (中文 (Zhōngwén), 汉语, 漢語)",,rgb,65,126,227,6,2,full,white,en,1.1.2,chinese色,Chinese
10565,German (Deutsch),,rgb,0,255,215,1,1,line,white,en,1.1.2,cyan,cyan
10567,German (Deutsch),,rgb,0,255,158,1,0,line,white,en,1.1.2,cyan,cyan
10567,German (Deutsch),,rgb,0,255,205,3,6,line,white,en,1.1.2,cyan,cyan
10567,German (Deutsch),,rgb,0,255,236,6,5,line,white,en,1.1.2,cyan,cyan
10641,Danish (dansk),,rgb,255,0,255,1,0,line,white,en,1.1.2,purple,purple
10641,Danish (dansk),,rgb,0,167,255,1,1,line,white,en,1.1.2,blue,blue
10641,Danish (dansk),,rgb,255,0,65,1,7,line,white,en,1.1.2,red,red
10641,Danish (dansk),,rgb,141,0,255,1,8,line,white,en,1.1.2,blue,blue
10641,Danish (dansk),,rgb,0,255,221,1,9,line,white,en,1.1.2,teal,teal
10641,Danish (dansk),,rgb,255,35,0,1,10,line,white,en,1.1.2,red,red
10641,Danish (dansk),,rgb,0,216,255,1,11,line,white,en,1.1.2,blue,blue
10641,Danish (dansk),,rgb,255,0,23,3,1,line,white,en,1.1.2,red,red
10641,Danish (dansk),,rgb,0,255,239,3,3,line,white,en,1.1.2,teal,teal
10641,Danish (dansk),,rgb,0,117,255,3,4,line,white,en,1.1.2,blue,blue
10641,Danish (dansk),,rgb,0,205,255,3,5,line,white,en,1.1.2,lightblue,lightblue
10641,Danish (dansk),,rgb,0,255,151,3,6,line,white,en,1.1.2,green,green
10641,Danish (dansk),,rgb,241,255,0,3,7,line,white,en,1.1.2,yellow,yellow
10641,Danish (dansk),,rgb,161,255,0,3,8,line,white,en,1.1.2,lightgreen,lightgreen
10641,Danish (dansk),,rgb,0,255,115,3,9,line,white,en,1.1.2,green,green
10641,Danish (dansk),,rgb,0,110,255,3,10,line,white,en,1.1.2,blue,blue
10641,Danish (dansk),,rgb,62,0,255,3,11,line,white,en,1.1.2,blue,blue
10641,Danish (dansk),,rgb,211,255,0,6,0,line,white,en,1.1.2,yellow,Yellow
10641,Danish (dansk),,rgb,255,161,0,6,2,line,white,en,1.1.2,darkorange,darkorange
10641,Danish (dansk),,rgb,0,255,54,6,3,line,white,en,1.1.2,green,green
10641,Danish (dansk),,rgb,0,240,255,6,4,line,white,en,1.1.2,teal,teal
10641,Danish (dansk),,rgb,255,0,86,6,5,line,white,en,1.1.2,red,red
10641,Danish (dansk),,rgb,0,58,255,6,6,line,white,en,1.1.2,blue,blue
10641,Danish (dansk),,rgb,0,68,255,6,8,line,white,en,1.1.2,blue,blue
10641,Danish (dansk),,rgb,59,255,0,6,9,line,white,en,1.1.2,green,green
10641,Danish (dansk),,rgb,0,146,255,6,10,line,white,en,1.1.2,blue,blue
10684,"Chinese (中文 (Zhōngwén), 汉语, 漢語)",,rgb,125,224,105,1,0,full,white,en,1.1.2,green色,Green
10684,"Chinese (中文 (Zhōngwén), 汉语, 漢語)",,rgb,35,117,245,1,1,full,white,en,1.1.2,blue色,Blue
10684,"Chinese (中文 (Zhōngwén), 汉语, 漢語)",,rgb,188,131,174,1,2,full,white,en,1.1.2,purple色,Purple
10684,"Chinese (中文 (Zhōngwén), 汉语, 漢語)",,rgb,225,62,128,1,3,full,white,en,1.1.2,pink色,Pink
10684,"Chinese (中文 (Zhōngwén), 汉语, 漢語)",,rgb,33,144,81,1,4,full,white,en,1.1.2,green色,Green
10684,"Chinese (中文 (Zhōngwén), 汉语, 漢語)",,rgb,195,12,209,1,5,full,white,en,1.1.2,pink色,Pink
10684,"Chinese (中文 (Zhōngwén), 汉语, 漢語)",,rgb,84,101,132,1,6,full,white,en,1.1.2,grey色,Grey
10684,"Chinese (中文 (Zhōngwén), 汉语, 漢語)",,rgb,126,150,121,1,7,full,white,en,1.1.2,green色,Green
10684,"Chinese (中文 (Zhōngwén), 汉语, 漢語)",,rgb,189,103,70,1,8,full,white,en,1.1.2,brown色,Brown
10684,"Chinese (中文 (Zhōngwén), 汉语, 漢語)",,rgb,192,141,89,1,9,full,white,en,1.1.2,light brown色,Light brown
10684,"Chinese (中文 (Zhōngwén), 汉语, 漢語)",,rgb,146,119,21,1,10,full,white,en,1.1.2,greenish色,Greenish
10684,"Chinese (中文 (Zhōngwén), 汉语, 漢語)",,rgb,4,202,132,1,11,full,white,en,1.1.2,green色,Green
10684,"Chinese (中文 (Zhōngwén), 汉语, 漢語)",,rgb,46,202,33,3,0,full,white,en,1.1.2,green色,Green
10684,"Chinese (中文 (Zhōngwén), 汉语, 漢語)",,rgb,50,206,240,3,1,full,white,en,1.1.2,light blue色,Light blue
10684,"Chinese (中文 (Zhōngwén), 汉语, 漢語)",,rgb,42,25,148,3,2,full,white,en,1.1.2,blue色,Blue
10684,"Chinese (中文 (Zhōngwén), 汉语, 漢語)",,rgb,206,97,28,3,3,full,white,en,1.1.2,brown色,Brown
10684,"Chinese (中文 (Zhōngwén), 汉语, 漢語)",,rgb,118,5,63,3,4,full,white,en,1.1.2,purple色,Purple
10684,"Chinese (中文 (Zhōngwén), 汉语, 漢語)",,rgb,222,41,58,3,5,full,white,en,1.1.2,red色,Red
10684,"Chinese (中文 (Zhōngwén), 汉语, 漢語)",,rgb,229,118,229,3,6,full,white,en,1.1.2,pink色,Pink
10684,"Chinese (中文 (Zhōngwén), 汉语, 漢語)",,rgb,245,38,9,3,7,full,white,en,1.1.2,red色,Red
10684,"Chinese (中文 (Zhōngwén), 汉语, 漢語)",,rgb,241,203,242,3,8,full,white,en,1.1.2,pink色,Pink
10684,"Chinese (中文 (Zhōngwén), 汉语, 漢語)",,rgb,105,40,127,3,9,full,white,en,1.1.2,purple色,Purple
10684,"Chinese (中文 (Zhōngwén), 汉语, 漢語)",,rgb,30,104,4,3,10,full,white,en,1.1.2,green色,Green
10684,"Chinese (中文 (Zhōngwén), 汉语, 漢語)",,rgb,135,224,176,3,11,full,white,en,1.1.2,light green色,Light green
10684,"Chinese (中文 (Zhōngwén), 汉语, 漢語)",,rgb,155,54,182,6,0,full,white,en,1.1.2,purple色,Purple
10684,"Chinese (中文 (Zhōngwén), 汉语, 漢語)",,rgb,26,172,60,6,1,full,white,en,1.1.2,green色,Green
10684,"Chinese (中文 (Zhōngwén), 汉语, 漢語)",,rgb,224,251,119,6,2,full,white,en,1.1.2,yellow色,Yellow
10684,"Chinese (中文 (Zhōngwén), 汉语, 漢語)",,rgb,76,101,31,6,3,full,white,en,1.1.2,green色,Green
10684,"Chinese (中文 (Zhōngwén), 汉语, 漢語)",,rgb,59,152,152,6,4,full,white,en,1.1.2,blue green色,Blue green
10684,"Chinese (中文 (Zhōngwén), 汉语, 漢語)",,rgb,126,158,180,6,5,full,white,en,1.1.2,grey色,Grey
10684,"Chinese (中文 (Zhōngwén), 汉语, 漢語)",,rgb,20,12,250,6,6,full,white,en,1.1.2,blue色,Blue
10684,"Chinese (中文 (Zhōngwén), 汉语, 漢語)",,rgb,235,232,46,6,7,full,white,en,1.1.2,yellow色,Yellow
10684,"Chinese (中文 (Zhōngwén), 汉语, 漢語)",,rgb,172,222,211,6,8,full,white,en,1.1.2,light blue色,Light blue
10684,"Chinese (中文 (Zhōngwén), 汉语, 漢語)",,rgb,65,97,72,6,9,full,white,en,1.1.2,green色,Green
10684,"Chinese (中文 (Zhōngwén), 汉语, 漢語)",,rgb,134,32,42,6,10,full,white,en,1.1.2,dark red色,Dark red
10684,"Chinese (中文 (Zhōngwén), 汉语, 漢語)",,rgb,224,52,167,6,11,full,white,en,1.1.2,pink色,Pink
10691,"French (français, langue française)",,rgb,0,255,46,1,0,line,white,en,1.1.2,green,green
10691,"French (français, langue française)",,rgb,0,188,255,1,1,line,white,en,1.1.2,blue,blue
10691,"French (français, langue française)",,rgb,255,0,62,1,2,line,white,en,1.1.2,red,red
10691,"French (français, langue française)",,rgb,255,0,152,1,4,line,white,en,1.1.2,pink,pink
10691,"French (français, langue française)",,rgb,255,0,18,1,5,line,white,en,1.1.2,red,red
10691,"French (français, langue française)",,rgb,0,95,255,1,6,line,white,en,1.1.2,blue,blue
10691,"French (français, langue française)",,rgb,97,255,0,1,7,line,white,en,1.1.2,green,green
10691,"French (français, langue française)",,rgb,176,255,0,1,8,line,white,en,1.1.2,green,green
10691,"French (français, langue française)",,rgb,172,0,255,1,10,line,white,en,1.1.2,purple,purple
10691,"French (français, langue française)",,rgb,0,224,255,1,11,line,white,en,1.1.2,blue,blue
10764,Spanish (español),,rgb,0,97,255,1,0,line,white,en,1.1.2,blue,Blue
10764,Spanish (español),,rgb,255,179,0,1,1,line,white,en,1.1.2,orange,Orange
10764,Spanish (español),,rgb,255,0,169,1,3,line,white,en,1.1.2,pink,Pink
10764,Spanish (español),,rgb,255,218,0,1,4,line,white,en,1.1.2,yellow,Yellow
10764,Spanish (español),,rgb,0,48,255,1,5,line,white,en,1.1.2,dark blue,Dark blue
10764,Spanish (español),,rgb,255,0,86,1,9,line,white,en,1.1.2,red,Red
10764,Spanish (español),,rgb,255,254,0,1,10,line,white,en,1.1.2,yellow,Yellow
10764,Spanish (español),,rgb,198,0,255,3,0,line,white,en,1.1.2,purple,Purple
10764,Spanish (español),,rgb,255,77,0,3,1,line,white,en,1.1.2,orange,Orange
10764,Spanish (español),,rgb,112,255,0,3,2,line,white,en,1.1.2,green,green
10764,Spanish (español),,rgb,37,255,0,3,6,line,white,en,1.1.2,green,Green
10764,Spanish (español),,rgb,255,0,210,3,8,line,white,en,1.1.2,purple,Purple
10764,Spanish (español),,rgb,255,191,0,3,10,line,white,en,1.1.2,yellow,Yellow
10764,Spanish (español),,rgb,0,149,255,3,11,line,white,en,1.1.2,blue,Blue
10764,Spanish (español),,rgb,255,122,0,6,1,line,white,en,1.1.2,orange,Orange
10764,Spanish (español),,rgb,39,0,255,6,2,line,white,en,1.1.2,dark blue,Dark blue
10764,Spanish (español),,rgb,255,0,132,6,3,line,white,en,1.1.2,pink,Pink
10764,Spanish (español),,rgb,255,0,216,6,6,line,white,en,1.1.2,pink,Pink
10764,Spanish (español),,rgb,255,0,246,6,9,line,white,en,1.1.2,purple,Purple
10764,Spanish (español),,rgb,0,201,255,6,10,line,white,en,1.1.2,light blue,Light blue
10870,Hungarian (magyar),,rgb,255,253,0,1,0,line,white,en,1.1.2,yellow,yellow
10870,Hungarian (magyar),,rgb,0,255,152,1,1,line,white,en,1.1.2,green,green
10870,Hungarian (magyar),,rgb,255,233,0,1,2,line,white,en,1.1.2,yellow,yellow
10870,Hungarian (magyar),,rgb,0,255,57,1,3,line,white,en,1.1.2,green,green
10870,Hungarian (magyar),,rgb,0,255,111,1,4,line,white,en,1.1.2,green,green
10870,Hungarian (magyar),,rgb,111,0,255,1,5,line,white,en,1.1.2,purple,purple
10870,Hungarian (magyar),,rgb,255,78,0,1,6,line,white,en,1.1.2,orange,orange
10870,Hungarian (magyar),,rgb,0,199,255,1,7,line,white,en,1.1.2,blue,blue
10870,Hungarian (magyar),,rgb,0,212,255,1,8,line,white,en,1.1.2,blue,blue
10870,Hungarian (magyar),,rgb,255,0,205,1,9,line,white,en,1.1.2,pink,pink
10870,Hungarian (magyar),,rgb,0,137,255,1,10,line,white,en,1.1.2,blue,blue
10870,Hungarian (magyar),,rgb,0,167,255,1,11,line,white,en,1.1.2,blue,blue
10870,Hungarian (magyar),,rgb,0,22,255,3,0,line,white,en,1.1.2,kék,kék
10870,Hungarian (magyar),,rgb,0,58,255,3,1,line,white,en,1.1.2,kék,kék
10870,Hungarian (magyar),,rgb,255,111,0,3,2,line,white,en,1.1.2,narancs,narancs
10870,Hungarian (magyar),,rgb,0,67,255,3,3,line,white,en,1.1.2,kék,kék
10870,Hungarian (magyar),,rgb,255,0,170,3,4,line,white,en,1.1.2,pink,pink
10870,Hungarian (magyar),,rgb,114,255,0,3,5,line,white,en,1.1.2,zöld,zöld
10870,Hungarian (magyar),,rgb,230,255,0,3,6,line,white,en,1.1.2,sárga,sárga
10870,Hungarian (magyar),,rgb,0,235,255,3,7,line,white,en,1.1.2,kék,kék
10870,Hungarian (magyar),,rgb,169,0,255,3,8,line,white,en,1.1.2,lila,lila
10870,Hungarian (magyar),,rgb,255,0,35,3,9,line,white,en,1.1.2,piros,piros
10870,Hungarian (magyar),,rgb,243,0,255,3,10,line,white,en,1.1.2,lila,lila
10870,Hungarian (magyar),,rgb,255,0,79,3,11,line,white,en,1.1.2,pink,pink
10870,Hungarian (magyar),,rgb,255,133,0,6,0,line,white,en,1.1.2,narancs,narancs
10870,Hungarian (magyar),,rgb,0,255,209,6,1,line,white,en,1.1.2,kék,kék
10870,Hungarian (magyar),,rgb,255,0,216,6,2,line,white,en,1.1.2,pink,pink
10870,Hungarian (magyar),,rgb,255,0,136,6,3,line,white,en,1.1.2,pink,pink
10870,Hungarian (magyar),,rgb,0,255,241,6,4,line,white,en,1.1.2,kék,kék
10870,Hungarian (magyar),,rgb,0,135,255,6,5,line,white,en,1.1.2,kék,kék
10870,Hungarian (magyar),,rgb,0,255,162,6,6,line,white,en,1.1.2,zöld,zöld
10870,Hungarian (magyar),,rgb,255,0,94,6,7,line,white,en,1.1.2,pink,pink
10870,Hungarian (magyar),,rgb,255,209,0,6,8,line,white,en,1.1.2,narancs,narancs
10870,Hungarian (magyar),,rgb,176,255,0,6,9,line,white,en,1.1.2,zöld,zöld
10870,Hungarian (magyar),,rgb,0,102,255,6,10,line,white,en,1.1.2,kék,kék
10870,Hungarian (magyar),,rgb,255,161,0,6,11,line,white,en,1.1.2,narancs,narancs
10916,"French (français, langue française)",,rgb,0,255,252,1,0,line,white,en,1.1.2,blue,blue
10916,"French (français, langue française)",,rgb,0,231,255,1,4,line,white,en,1.1.2,blue,blue
10916,"French (français, langue française)",,rgb,0,199,255,3,1,line,white,en,1.1.2,blue,blue
10916,"French (français, langue française)",,rgb,0,158,255,3,3,line,white,en,1.1.2,blue,blue
10916,"French (français, langue française)",,rgb,0,169,255,3,9,line,white,en,1.1.2,blue,blue
10916,"French (français, langue française)",,rgb,5,0,255,6,0,line,white,en,1.1.2,blue,blue
10916,"French (français, langue française)",,rgb,0,63,255,6,2,line,white,en,1.1.2,blue,blue
10916,"French (français, langue française)",,rgb,0,212,255,6,6,line,white,en,1.1.2,blue,blue
10916,"French (français, langue française)",,rgb,0,115,255,6,8,line,white,en,1.1.2,blue,blue
10962,Indonesian (Bahasa Indonesia),,rgb,255,0,97,1,0,line,white,en,1.1.2,magenta,magenta
10962,Indonesian (Bahasa Indonesia),,rgb,255,195,0,1,1,line,white,en,1.1.2,dark yellow,dark yellow
10962,Indonesian (Bahasa Indonesia),,rgb,58,255,0,1,2,line,white,en,1.1.2,green,green
10962,Indonesian (Bahasa Indonesia),,rgb,162,255,0,1,3,line,white,en,1.1.2,light green,light green
10962,Indonesian (Bahasa Indonesia),,rgb,0,255,151,1,4,line,white,en,1.1.2,pastel green,pastel green
10962,Indonesian (Bahasa Indonesia),,rgb,255,60,0,1,5,line,white,en,1.1.2,orange,orange
10962,Indonesian (Bahasa Indonesia),,rgb,255,0,155,1,6,line,white,en,1.1.2,pink,pink
10962,Indonesian (Bahasa Indonesia),,rgb,239,255,0,1,7,line,white,en,1.1.2,lemon yellow,lemon yellow
10962,Indonesian (Bahasa Indonesia),,rgb,0,210,255,1,8,line,white,en,1.1.2,cyan,cyan
10962,Indonesian (Bahasa Indonesia),,rgb,0,255,66,1,9,line,white,en,1.1.2,low green,low green
10962,Indonesian (Bahasa Indonesia),,rgb,255,229,0,1,10,line,white,en,1.1.2,yellow,yellow
10962,Indonesian (Bahasa Indonesia),,rgb,0,82,255,1,11,line,white,en,1.1.2,blue,blue
10966,Greek (modern) (ελληνικά),,rgb,255,0,55,1,0,line,white,en,1.1.2,red,Red
10966,Greek (modern) (ελληνικά),,rgb,0,255,229,1,1,line,white,en,1.1.2,cyan,Cyan
10966,Greek (modern) (ελληνικά),,rgb,255,154,0,1,2,line,white,en,1.1.2,orange,Orange
10966,Greek (modern) (ελληνικά),,rgb,154,255,0,1,3,line,white,en,1.1.2,green,Green
10966,Greek (modern) (ελληνικά),,rgb,255,0,38,1,4,line,white,en,1.1.2,red,Red
10966,Greek (modern) (ελληνικά),,rgb,0,111,255,1,5,line,white,en,1.1.2,blue,Blue
10966,Greek (modern) (ελληνικά),,rgb,246,255,0,1,6,line,white,en,1.1.2,yellow,Yellow
10966,Greek (modern) (ελληνικά),,rgb,0,160,255,1,7,line,white,en,1.1.2,blue,Blue
10966,Greek (modern) (ελληνικά),,rgb,255,0,142,1,8,line,white,en,1.1.2,purple,Purple
10966,Greek (modern) (ελληνικά),,rgb,255,0,222,1,9,line,white,en,1.1.2,purple,Purple
10966,Greek (modern) (ελληνικά),,rgb,0,255,48,1,10,line,white,en,1.1.2,green,Green
10966,Greek (modern) (ελληνικά),,rgb,255,0,186,1,11,line,white,en,1.1.2,purple,Purple
11033,Spanish (español),,rgb,72,255,0,1,0,line,white,en,1.1.2,lime green,Lime green
11033,Spanish (español),,rgb,255,0,72,1,1,line,white,en,1.1.2,red,Red
11033,Spanish (español),,rgb,140,255,0,1,2,line,white,en,1.1.2,neon green,Neon green
11033,Spanish (español),,rgb,0,136,255,1,3,line,white,en,1.1.2,blue,Blue
11033,Spanish (español),,rgb,0,255,237,1,4,line,white,en,1.1.2,teal,Teal
11033,Spanish (español),,rgb,61,0,255,1,5,line,white,en,1.1.2,dark blue,Dark blue
11033,Spanish (español),,rgb,242,0,255,1,6,line,white,en,1.1.2,fuchsia,Fuchsia
11033,Spanish (español),,rgb,0,176,255,1,7,line,white,en,1.1.2,sky blue,Sky blue
11033,Spanish (español),,rgb,255,171,0,1,8,line,white,en,1.1.2,orange,Orange
11033,Spanish (español),,rgb,0,201,255,1,9,line,white,en,1.1.2,light blue,Light blue
11033,Spanish (español),,rgb,0,206,255,1,10,line,white,en,1.1.2,aqua,Aqua
11033,Spanish (español),,rgb,0,50,255,1,11,line,white,en,1.1.2,blue,Blue
11033,Spanish (español),,rgb,0,255,70,3,0,line,white,en,1.1.2,verde florente,Verde Florente
11033,Spanish (español),,rgb,0,130,255,3,1,line,white,en,1.1.2,azul,Azul
11033,Spanish (español),,rgb,237,255,0,3,2,line,white,en,1.1.2,amarillo,Amarillo
11033,Spanish (español),,rgb,255,0,91,3,3,line,white,en,1.1.2,rosado  oscuro,Rosado  oscuro
11033,Spanish (español),,rgb,255,239,0,3,4,line,white,en,1.1.2,amorío oscuro,Amorío oscuro
11033,Spanish (español),,rgb,120,0,255,3,5,line,white,en,1.1.2,morado,Morado
11033,Spanish (español),,rgb,0,243,255,3,6,line,white,en,1.1.2,azul de mar,Azul de mar
11033,Spanish (español),,rgb,255,0,150,3,7,line,white,en,1.1.2,rosado,Rosado
11033,Spanish (español),,rgb,255,8,0,3,8,line,white,en,1.1.2,rojo,Rojo
11033,Spanish (español),,rgb,0,255,143,3,9,line,white,en,1.1.2,verde flórense,Verde Flórense
11033,Spanish (español),,rgb,255,0,23,3,10,line,white,en,1.1.2,rojo,Rojo
11033,Spanish (español),,rgb,255,111,0,3,11,line,white,en,1.1.2,naranja,Naranja
11033,Spanish (español),,rgb,255,189,0,6,0,line,white,en,1.1.2,amarillo,Amarillo
11033,Spanish (español),,rgb,255,0,122,6,1,line,white,en,1.1.2,rosado,Rosado
11033,Spanish (español),,rgb,255,0,218,6,2,line,white,en,1.1.2,fusha,Fusha
11033,Spanish (español),,rgb,0,71,255,6,3,line,white,en,1.1.2,azul,Azul
11033,Spanish (español),,rgb,201,255,0,6,4,line,white,en,1.1.2,verde florente,Verde Florente
11033,Spanish (español),,rgb,255,143,0,6,5,line,white,en,1.1.2,naranja,Naranja
11033,Spanish (español),,rgb,0,255,179,6,6,line,white,en,1.1.2,verde claro,Verde claro
11033,Spanish (español),,rgb,200,0,255,6,7,line,white,en,1.1.2,morado,Morado
11033,Spanish (español),,rgb,255,0,180,6,8,line,white,en,1.1.2,rosado,Rosado
11033,Spanish (español),,rgb,0,255,86,6,9,line,white,en,1.1.2,verde  florente,Verde  Florente
11033,Spanish (español),,rgb,0,104,255,6,10,line,white,en,1.1.2,azul,Azul
11033,Spanish (español),,rgb,0,255,207,6,11,line,white,en,1.1.2,aqua,Aqua
11226,Spanish (español),,rgb,120,11,252,1,0,full,white,en,1.1.2,purple,Purple
11226,Spanish (español),,rgb,50,172,52,1,3,full,white,en,1.1.2,green,Green
11226,Spanish (español),,rgb,229,54,206,1,7,full,white,en,1.1.2,pink,Pink
11226,Spanish (español),,rgb,155,134,247,1,9,full,white,en,1.1.2,light blue,Light blue
11279,English (English),,rgb,210,121,123,6,11,full,white,en,1.1.3,?,?
11454,"Dutch (Nederlands, Vlaams)",,rgb,255,0,214,6,5,line,white,en,1.1.3,fuchsia,fuchsia
11620,Persian (Farsi) (فارسی),,rgb,221,238,8,1,0,full,white,en,1.1.3,yellow,Yellow
11620,Persian (Farsi) (فارسی),,rgb,11,51,123,1,1,full,white,en,1.1.3,blue,Blue
11620,Persian (Farsi) (فارسی),,rgb,2,14,1,1,2,full,white,en,1.1.3,black,Black
11620,Persian (Farsi) (فارسی),,rgb,11,152,149,1,3,full,white,en,1.1.3,green,Green
11620,Persian (Farsi) (فارسی),,rgb,211,157,184,1,4,full,white,en,1.1.3,pink,Pink
11620,Persian (Farsi) (فارسی),,rgb,216,51,195,1,5,full,white,en,1.1.3,violet,Violet
11620,Persian (Farsi) (فارسی),,rgb,183,175,147,1,6,full,white,en,1.1.3,briwn,Briwn
11620,Persian (Farsi) (فارسی),,rgb,175,79,119,1,7,full,white,en,1.1.3,don't know,Don't know
11620,Persian (Farsi) (فارسی),,rgb,15,131,12,1,8,full,white,en,1.1.3,green,Green
11620,Persian (Farsi) (فارسی),,rgb,165,22,193,1,9,full,white,en,1.1.3,violet,Violet
11620,Persian (Farsi) (فارسی),,rgb,85,23,175,1,10,full,white,en,1.1.3,violet,Violet
11620,Persian (Farsi) (فارسی),,rgb,36,178,214,1,11,full,white,en,1.1.3,turquoise,Turquoise
11633,Persian (Farsi) (فارسی),,rgb,225,19,207,1,1,full,white,fa,1.1.3,pink,Pink
11633,Persian (Farsi) (فارسی),,rgb,108,111,255,1,2,full,white,fa,1.1.3,lavender,Lavender
11633,Persian (Farsi) (فارسی),,rgb,134,199,29,1,3,full,white,fa,1.1.3,green,Green
11633,Persian (Farsi) (فارسی),,rgb,221,114,205,1,4,full,white,fa,1.1.3,pink,Pink
11633,Persian (Farsi) (فارسی),,rgb,10,16,146,6,4,full,white,fa,1.1.3,blue navy,Blue navy
11640,English (English),,rgb,50,73,9,1,0,full,white,fa,1.1.3,سبز تیره,سبز تیره
11640,English (English),,rgb,223,234,251,1,1,full,white,fa,1.1.3,آبی روشن,آبی روشن
11640,English (English),,rgb,48,42,37,1,2,full,white,fa,1.1.3,سیاه,سیاه
11640,English (English),,rgb,210,69,210,1,3,full,white,fa,1.1.3,صورتی,صورتی
11640,English (English),,rgb,250,226,32,1,4,full,white,fa,1.1.3,زرد,زرد
11640,English (English),,rgb,28,245,117,1,5,full,white,fa,1.1.3,سبز چمنی,سبز چمنی
11640,English (English),,rgb,251,108,157,1,6,full,white,fa,1.1.3,صورتی روشن,صورتی روشن
11640,English (English),,rgb,132,64,3,1,7,full,white,fa,1.1.3,قهوه ای روشن,قهوه ای روشن
11640,English (English),,rgb,218,47,45,1,8,full,white,fa,1.1.3,قرمز,قرمز
11640,English (English),,rgb,18,174,209,1,9,full,white,fa,1.1.3,آبی کله غازی,آبی کله غازی
11640,English (English),,rgb,249,232,118,1,10,full,white,fa,1.1.3,لیمویی,لیمویی
11640,English (English),,rgb,107,181,243,1,11,full,white,fa,1.1.3,آبی دریا,آبی دریا
11640,English (English),,rgb,1,16,143,3,0,full,white,fa,1.1.3,آبی کاربنی,آبی کاربنی
11640,English (English),,rgb,138,203,204,3,1,full,white,fa,1.1.3,آبی کدر,آبی کدر
11640,English (English),,rgb,212,138,226,3,2,full,white,fa,1.1.3,سصورتی سیکلمه,سصورتی سیکلمه
11640,English (English),,rgb,42,188,66,3,3,full,white,fa,1.1.3,سبز چمنی,سبز چمنی
11640,English (English),,rgb,13,129,59,3,4,full,white,fa,1.1.3,سبز تیره,سبز تیره
11640,English (English),,rgb,151,28,55,3,5,full,white,fa,1.1.3,قرمز تیره,قرمز تیره
11640,English (English),,rgb,111,127,21,3,6,full,white,fa,1.1.3,سبز,سبز
11640,English (English),,rgb,242,186,188,3,7,full,white,fa,1.1.3,صورتی,صورتی
11640,English (English),,rgb,17,224,177,3,8,full,white,fa,1.1.3,سبز روشن,سبز روشن
11640,English (English),,rgb,193,91,56,3,9,full,white,fa,1.1.3,قهوه ای روشن,قهوه ای روشن
11640,English (English),,rgb,117,222,17,3,10,full,white,fa,1.1.3,سبز چمنی,سبز چمنی
11640,English (English),,rgb,72,30,22,3,11,full,white,fa,1.1.3,قهوه ای سوخته,قهوه ای سوخته
11640,English (English),,rgb,252,3,4,6,0,full,white,fa,1.1.3,قرمز,قرمز
11640,English (English),,rgb,107,26,207,6,1,full,white,fa,1.1.3,بنفش,بنفش
11640,English (English),,rgb,252,157,68,6,2,full,white,fa,1.1.3,نارنجب,نارنجب
11640,English (English),,rgb,142,193,113,6,3,full,white,fa,1.1.3,سبز,سبز
11640,English (English),,rgb,109,81,83,6,4,full,white,fa,1.1.3,قهوه ای,قهوه ای
11640,English (English),,rgb,29,252,73,6,5,full,white,fa,1.1.3,سبز فسفری,سبز فسفری
11640,English (English),,rgb,117,8,94,6,6,full,white,fa,1.1.3,جیگری,جیگری
11640,English (English),,rgb,190,36,128,6,7,full,white,fa,1.1.3,صورتی سیکلمه,صورتی سیکلمه
11640,English (English),,rgb,234,12,234,6,8,full,white,fa,1.1.3,صورتی,صورتی
11640,English (English),,rgb,34,70,84,6,9,full,white,fa,1.1.3,سبز تیره,سبز تیره
11640,English (English),,rgb,157,145,85,6,10,full,white,fa,1.1.3,سبز قهو اب,سبز قهو اب
11640,English (English),,rgb,95,134,119,6,11,full,white,fa,1.1.3,سبز لجنی,سبز لجنی
11705,English (English),,rgb,16,133,131,1,0,full,white,fa,1.1.3,سبز,سبز
11705,English (English),,rgb,204,32,243,1,1,full,white,fa,1.1.3,صورتی,صورتی
11705,English (English),,rgb,56,73,84,1,2,full,white,fa,1.1.3,سیاه کدر,سیاه کدر
11705,English (English),,rgb,195,74,207,1,3,full,white,fa,1.1.3,صورتی کدر,صورتی کدر
11705,English (English),,rgb,179,220,14,1,4,full,white,fa,1.1.3,سبز چمنی,سبز چمنی
11705,English (English),,rgb,15,5,219,1,5,full,white,fa,1.1.3,آبی نفتی,آبی نفتی
11705,English (English),,rgb,111,224,39,1,6,full,white,fa,1.1.3,سبز فسفری,سبز فسفری
11705,English (English),,rgb,249,228,225,1,7,full,white,fa,1.1.3,گلبه ای,گلبه ای
11705,English (English),,rgb,219,182,41,1,8,full,white,fa,1.1.3,زرد چرک,زرد چرک
11705,English (English),,rgb,89,210,229,1,9,full,white,fa,1.1.3,آبی,آبی
11705,English (English),,rgb,136,69,110,1,10,full,white,fa,1.1.3,جیگرب,جیگرب
11705,English (English),,rgb,41,70,227,1,11,full,white,fa,1.1.3,آبی کاربنی,آبی کاربنی
11705,English (English),,rgb,101,195,107,3,0,full,white,fa,1.1.3,سبز,سبز
11705,English (English),,rgb,70,107,24,3,1,full,white,fa,1.1.3,سبز لجنی,سبز لجنی
11705,English (English),,rgb,71,250,164,3,2,full,white,fa,1.1.3,سبز فسفری,سبز فسفری
11705,English (English),,rgb,17,70,119,3,3,full,white,fa,1.1.3,آبی تیره,آبی تیره
11705,English (English),,rgb,242,18,205,3,4,full,white,fa,1.1.3,صورتی فسفری,صورتی فسفری
11705,English (English),,rgb,73,69,19,3,5,full,white,fa,1.1.3,سبز قهوه ای,سبز قهوه ای
11705,English (English),,rgb,88,132,230,3,6,full,white,fa,1.1.3,آبی دریا,آبی دریا
11705,English (English),,rgb,132,159,7,3,7,full,white,fa,1.1.3,سبز,سبز
11705,English (English),,rgb,243,78,83,3,8,full,white,fa,1.1.3,قرمز,قرمز
11705,English (English),,rgb,204,194,97,3,9,full,white,fa,1.1.3,زرد قهوه ای,زرد قهوه ای
11705,English (English),,rgb,118,76,202,3,10,full,white,fa,1.1.3,بنفش,بنفش
11705,English (English),,rgb,67,248,211,3,11,full,white,fa,1.1.3,سبز فسفری,سبز فسفری
11705,English (English),,rgb,99,119,98,6,0,full,white,fa,1.1.3,سبز تیره,سبز تیره
11705,English (English),,rgb,202,233,156,6,1,full,white,fa,1.1.3,سبز چمنی,سبز چمنی
11705,English (English),,rgb,66,8,141,6,2,full,white,fa,1.1.3,بنفش آبی,بنفش آبی
11705,English (English),,rgb,254,151,9,6,3,full,white,fa,1.1.3,نارنجی,نارنجی
11705,English (English),,rgb,51,154,118,6,4,full,white,fa,1.1.3,سبز کدر,سبز کدر
11705,English (English),,rgb,140,18,188,6,5,full,white,fa,1.1.3,بنفش,بنفش
11705,English (English),,rgb,80,37,107,6,6,full,white,fa,1.1.3,بنفش تیره,بنفش تیره
11705,English (English),,rgb,120,213,169,6,7,full,white,fa,1.1.3,سبز پرچمی,سبز پرچمی
11705,English (English),,rgb,131,34,11,6,8,full,white,fa,1.1.3,قهوه ای,قهوه ای
11705,English (English),,rgb,72,155,33,6,9,full,white,fa,1.1.3,سبز درختی,سبز درختی
11705,English (English),,rgb,225,20,91,6,10,full,white,fa,1.1.3,صورتی قرمز,صورتی قرمز
11705,English (English),,rgb,213,122,134,6,11,full,white,fa,1.1.3,صورتی سیکلمه,صورتی سیکلمه
11708,English (English),,rgb,60,221,21,1,0,full,white,fa,1.1.3,سبز مغز پسته ای,سبز مغز پسته ای
11708,English (English),,rgb,103,80,183,1,1,full,white,fa,1.1.3,بنفش,بنفش
11708,English (English),,rgb,52,177,100,1,2,full,white,fa,1.1.3,سبز,سبز
11708,English (English),,rgb,245,147,30,1,3,full,white,fa,1.1.3,نارنجی,نارنجی
11708,English (English),,rgb,40,116,145,1,4,full,white,fa,1.1.3,آبی نفتی,آبی نفتی
11708,English (English),,rgb,209,51,61,1,5,full,white,fa,1.1.3,قرمز,قرمز
11708,English (English),,rgb,63,37,106,1,6,full,white,fa,1.1.3,بنفش سیر,بنفش سیر
11708,English (English),,rgb,122,46,100,1,7,full,white,fa,1.1.3,زرشکی,زرشکی
11708,English (English),,rgb,186,67,17,1,8,full,white,fa,1.1.3,نارنجی تند,نارنجی تند
11708,English (English),,rgb,71,145,217,1,9,full,white,fa,1.1.3,آبی روشن,آبی روشن
11708,English (English),,rgb,231,198,8,1,10,full,white,fa,1.1.3,زرد,زرد
11708,English (English),,rgb,44,244,103,1,11,full,white,fa,1.1.3,سبز فسفری,سبز فسفری
11708,English (English),,rgb,160,229,66,3,0,full,white,fa,1.1.3,سبز روشن,سبز روشن
11708,English (English),,rgb,239,30,181,3,1,full,white,fa,1.1.3,صورتی سیر,صورتی سیر
11708,English (English),,rgb,252,158,231,3,2,full,white,fa,1.1.3,صورتی,صورتی
11708,English (English),,rgb,91,4,6,3,3,full,white,fa,1.1.3,قهو ه ایی سیر,قهو ه ایی سیر
11708,English (English),,rgb,248,43,27,3,4,full,white,fa,1.1.3,قرمز,قرمز
11708,English (English),,rgb,111,143,21,3,5,full,white,fa,1.1.3,سبز,سبز
11708,English (English),,rgb,157,51,164,3,6,full,white,fa,1.1.3,زرشکی,زرشکی
11708,English (English),,rgb,197,246,186,3,7,full,white,fa,1.1.3,سبز,سبز
11708,English (English),,rgb,51,6,15,3,8,full,white,fa,1.1.3,قهوه ای سیر,قهوه ای سیر
11708,English (English),,rgb,165,125,218,3,9,full,white,fa,1.1.3,بنفش,بنفش
11708,English (English),,rgb,52,129,94,3,10,full,white,fa,1.1.3,سبز چمنی,سبز چمنی
11708,English (English),,rgb,130,247,150,3,11,full,white,fa,1.1.3,سبز,سبز
11708,English (English),,rgb,146,221,245,6,0,full,white,fa,1.1.3,آبی آسمانی,آبی آسمانی
11708,English (English),,rgb,23,5,125,6,1,full,white,fa,1.1.3,آبی سیر,آبی سیر
11708,English (English),,rgb,57,60,238,6,2,full,white,fa,1.1.3,آبی نفتی,آبی نفتی
11708,English (English),,rgb,17,249,244,6,3,full,white,fa,1.1.3,آبی فسفری,آبی فسفری
11708,English (English),,rgb,203,220,131,6,4,full,white,fa,1.1.3,سبز پسته ای,سبز پسته ای
11708,English (English),,rgb,135,57,73,6,5,full,white,fa,1.1.3,زرشکی,زرشکی
11708,English (English),,rgb,99,66,22,6,6,full,white,fa,1.1.3,قهوه ای,قهوه ای
11708,English (English),,rgb,87,70,107,6,7,full,white,fa,1.1.3,بنفش,بنفش
11708,English (English),,rgb,196,219,2,6,8,full,white,fa,1.1.3,سبزچمنی,سبزچمنی
11708,English (English),,rgb,61,91,164,6,9,full,white,fa,1.1.3,آبی سیر,آبی سیر
11708,English (English),,rgb,151,112,151,6,10,full,white,fa,1.1.3,سیکلمه,سیکلمه
11708,English (English),,rgb,208,152,83,6,11,full,white,fa,1.1.3,آجری,آجری
11712,Persian (Farsi) (فارسی),,rgb,255,164,0,1,0,line,white,en,1.1.3,orange,orange
11712,Persian (Farsi) (فارسی),,rgb,255,0,115,1,1,line,white,en,1.1.3,hot pink,hot pink
11712,Persian (Farsi) (فارسی),,rgb,255,230,0,1,2,line,white,en,1.1.3,yellow,yellow
11712,Persian (Farsi) (فارسی),,rgb,0,99,255,1,4,line,white,en,1.1.3,royal blue,royal blue
11712,Persian (Farsi) (فارسی),,rgb,0,255,242,1,5,line,white,en,1.1.3,sky blue,sky blue
11712,Persian (Farsi) (فارسی),,rgb,65,255,0,1,6,line,white,en,1.1.3,green,green
11712,Persian (Farsi) (فارسی),,rgb,0,210,255,1,7,line,white,en,1.1.3,blue,blue
11712,Persian (Farsi) (فارسی),,rgb,0,136,255,1,8,line,white,en,1.1.3,dark blue,dark blue
11712,Persian (Farsi) (فارسی),,rgb,255,0,192,1,9,line,white,en,1.1.3,pink,pink
11712,Persian (Farsi) (فارسی),,rgb,255,0,93,1,10,line,white,en,1.1.3,hot oink,hot oink
11712,Persian (Farsi) (فارسی),,rgb,255,211,0,1,11,line,white,en,1.1.3,dark yellow,dark yellow
11736,Persian (Farsi) (فارسی),,rgb,57,203,27,1,0,full,white,en,1.1.3,green,Green
11736,Persian (Farsi) (فارسی),,rgb,94,9,157,1,1,full,white,en,1.1.3,purple,Purple
11736,Persian (Farsi) (فارسی),,rgb,252,123,239,1,2,full,white,en,1.1.3,pink,Pink
11736,Persian (Farsi) (فارسی),,rgb,215,247,134,1,3,full,white,en,1.1.3,green,Green
11736,Persian (Farsi) (فارسی),,rgb,200,75,21,1,4,full,white,en,1.1.3,red,Red
11736,Persian (Farsi) (فارسی),,rgb,116,49,239,1,5,full,white,en,1.1.3,blue,Blue
11736,Persian (Farsi) (فارسی),,rgb,30,9,108,1,6,full,white,en,1.1.3,navy blue,Navy blue
11736,Persian (Farsi) (فارسی),,rgb,122,128,25,1,7,full,white,en,1.1.3,green,Green
11736,Persian (Farsi) (فارسی),,rgb,90,247,235,1,8,full,white,en,1.1.3,tilt,Tilt
11736,Persian (Farsi) (فارسی),,rgb,37,23,251,1,9,full,white,en,1.1.3,blue,Blue
11736,Persian (Farsi) (فارسی),,rgb,72,61,8,1,10,full,white,en,1.1.3,dark green,Dark green
11736,Persian (Farsi) (فارسی),,rgb,205,193,241,1,11,full,white,en,1.1.3,light purple,Light purple
11736,Persian (Farsi) (فارسی),,rgb,181,49,153,3,0,full,white,en,1.1.3,purple,Purple
11736,Persian (Farsi) (فارسی),,rgb,118,49,10,3,1,full,white,en,1.1.3,dark brown,Dark brown
11736,Persian (Farsi) (فارسی),,rgb,50,138,244,3,2,full,white,en,1.1.3,blue,Blue
11736,Persian (Farsi) (فارسی),,rgb,11,169,124,3,3,full,white,en,1.1.3,mint,Mint
11736,Persian (Farsi) (فارسی),,rgb,17,119,9,3,4,full,white,en,1.1.3,green,Green
11736,Persian (Farsi) (فارسی),,rgb,105,66,173,3,5,full,white,en,1.1.3,purple,Purple
11736,Persian (Farsi) (فارسی),,rgb,124,120,72,3,6,full,white,en,1.1.3,green,Green
11736,Persian (Farsi) (فارسی),,rgb,97,222,245,3,7,full,white,en,1.1.3,tolt,Tolt
11736,Persian (Farsi) (فارسی),,rgb,200,137,124,3,8,full,white,en,1.1.3,brown,Brown
11736,Persian (Farsi) (فارسی),,rgb,22,228,136,3,9,full,white,en,1.1.3,green,Green
11736,Persian (Farsi) (فارسی),,rgb,215,167,7,3,10,full,white,en,1.1.3,yellow,Yellow
11736,Persian (Farsi) (فارسی),,rgb,163,169,253,3,11,full,white,en,1.1.3,blue,Blue
11740,Danish (dansk),,rgb,255,0,62,3,0,line,white,en,1.1.3,red,red
11740,Danish (dansk),,rgb,255,221,0,3,1,line,white,en,1.1.3,yellow,yellow
11740,Danish (dansk),,rgb,74,0,255,3,2,line,white,en,1.1.3,blue,blue
11740,Danish (dansk),,rgb,0,255,34,3,3,line,white,en,1.1.3,green,green
11740,Danish (dansk),,rgb,0,211,255,3,4,line,white,en,1.1.3,blue,blue
11740,Danish (dansk),,rgb,0,89,255,3,5,line,white,en,1.1.3,blue,blue
11740,Danish (dansk),,rgb,255,0,1,3,7,line,white,en,1.1.3,red,red
11740,Danish (dansk),,rgb,0,255,135,3,8,line,white,en,1.1.3,green,green
11740,Danish (dansk),,rgb,112,255,0,3,9,line,white,en,1.1.3,green,green
11740,Danish (dansk),,rgb,0,255,184,3,10,line,white,en,1.1.3,green,green
11743,Danish (dansk),,rgb,255,75,0,3,8,line,white,en,1.1.3,red,red
11743,Danish (dansk),,rgb,255,0,52,6,1,line,white,en,1.1.3,red,red
11743,Danish (dansk),,rgb,255,0,5,6,9,line,white,en,1.1.3,red,red
11744,Danish (dansk),,rgb,255,0,99,3,6,line,white,en,1.1.3,hot pink,hot pink
11744,Danish (dansk),,rgb,255,0,130,3,11,line,white,en,1.1.3,hot pink,hot pink
11744,Danish (dansk),,rgb,255,0,170,6,4,line,white,en,1.1.3,hot pink,hot pink
11744,Danish (dansk),,rgb,255,0,181,6,5,line,white,en,1.1.3,hot pink,hot pink
11750,Danish (dansk),,rgb,0,92,255,1,1,line,white,en,1.1.3,dark blue,dark blue
11750,Danish (dansk),,rgb,0,164,255,1,2,line,white,en,1.1.3,blue,blue
11750,Danish (dansk),,rgb,0,255,224,1,3,line,white,en,1.1.3,turqouise,turqouise
11750,Danish (dansk),,rgb,0,126,255,1,4,line,white,en,1.1.3,dark blue,dark blue
11750,Danish (dansk),,rgb,255,232,0,1,5,line,white,en,1.1.3,yellow,yellow
11750,Danish (dansk),,rgb,255,0,36,1,6,line,white,en,1.1.3,red,red
11750,Danish (dansk),,rgb,71,255,0,1,7,line,white,en,1.1.3,green,green
11750,Danish (dansk),,rgb,0,255,223,1,8,line,white,en,1.1.3,turqouise,turqouise
11750,Danish (dansk),,rgb,0,233,255,1,10,line,white,en,1.1.3,turqouise,turqouise
11750,Danish (dansk),,rgb,0,23,255,1,11,line,white,en,1.1.3,dark blue,dark blue
11750,Danish (dansk),,rgb,255,0,102,3,0,line,white,en,1.1.3,red,red
11750,Danish (dansk),,rgb,255,0,223,3,2,line,white,en,1.1.3,purple,purple
11750,Danish (dansk),,rgb,0,255,151,3,3,line,white,en,1.1.3,green,green
11750,Danish (dansk),,rgb,0,255,83,3,6,line,white,en,1.1.3,green,green
11750,Danish (dansk),,rgb,201,0,255,3,7,line,white,en,1.1.3,purple,purple
11750,Danish (dansk),,rgb,0,60,255,3,9,line,white,en,1.1.3,dark blue,dark blue
11750,Danish (dansk),,rgb,215,255,0,3,10,line,white,en,1.1.3,yellow,yellow
11750,Danish (dansk),,rgb,239,255,0,3,11,line,white,en,1.1.3,yellow,yellow
11750,Danish (dansk),,rgb,0,152,255,6,0,line,white,en,1.1.3,blue,blue
11750,Danish (dansk),,rgb,163,0,255,6,1,line,white,en,1.1.3,purple,purple
11750,Danish (dansk),,rgb,0,255,73,6,2,line,white,en,1.1.3,green,green
11750,Danish (dansk),,rgb,255,26,0,6,3,line,white,en,1.1.3,red,red
11750,Danish (dansk),,rgb,0,74,255,6,4,line,white,en,1.1.3,dark blue,dark blue
11750,Danish (dansk),,rgb,255,0,201,6,8,line,white,en,1.1.3,purple,purple
11750,Danish (dansk),,rgb,255,0,77,6,9,line,white,en,1.1.3,red,red
11750,Danish (dansk),,rgb,0,255,169,6,10,line,white,en,1.1.3,turquoise,turquoise
11750,Danish (dansk),,rgb,252,0,255,6,11,line,white,en,1.1.3,purple,purple
11758,English (English),,rgb,170,189,55,1,0,full,white,fa,1.1.3,سبز لجنی,سبز لجنی
11758,English (English),,rgb,193,84,124,1,1,full,white,fa,1.1.3,آلبالویی,آلبالویی
11758,English (English),,rgb,187,66,189,1,2,full,white,fa,1.1.3,بنفش,بنفش
11758,English (English),,rgb,228,3,234,1,3,full,white,fa,1.1.3,صورتی پر رنگ,صورتی پر رنگ
11758,English (English),,rgb,57,73,36,1,4,full,white,fa,1.1.3,سبز پر رنگ,سبز پر رنگ
11758,English (English),,rgb,88,106,202,1,5,full,white,fa,1.1.3,آبی,آبی
11758,English (English),,rgb,243,143,197,1,6,full,white,fa,1.1.3,صورتی,صورتی
11758,English (English),,rgb,22,121,160,1,7,full,white,fa,1.1.3,فیروزه ای,فیروزه ای
11758,English (English),,rgb,15,92,15,1,8,full,white,fa,1.1.3,سبز,سبز
11758,English (English),,rgb,100,221,23,1,9,full,white,fa,1.1.3,سبز چمنی,سبز چمنی
11758,English (English),,rgb,2,190,88,1,10,full,white,fa,1.1.3,سبز,سبز
11758,English (English),,rgb,45,14,163,1,11,full,white,fa,1.1.3,بنفش,بنفش
11758,English (English),,rgb,214,121,43,3,0,full,white,fa,1.1.3,آجری,آجری
11758,English (English),,rgb,142,41,108,3,1,full,white,fa,1.1.3,بادمجانی,بادمجانی
11758,English (English),,rgb,193,116,122,3,2,full,white,fa,1.1.3,سیکلمه,سیکلمه
11758,English (English),,rgb,241,220,142,3,3,full,white,fa,1.1.3,زرد کم رنگ,زرد کم رنگ
11758,English (English),,rgb,68,252,245,3,4,full,white,fa,1.1.3,آبی فسفری,آبی فسفری
11758,English (English),,rgb,89,148,20,3,5,full,white,fa,1.1.3,سبز,سبز
11758,English (English),,rgb,192,158,7,3,6,full,white,fa,1.1.3,اخرایی,اخرایی
11758,English (English),,rgb,151,70,254,3,7,full,white,fa,1.1.3,بنفش فسفری,بنفش فسفری
11758,English (English),,rgb,37,66,116,3,8,full,white,fa,1.1.3,آبی سیر,آبی سیر
11758,English (English),,rgb,123,122,177,3,9,full,white,fa,1.1.3,آبی مات,آبی مات
11758,English (English),,rgb,217,80,80,3,10,full,white,fa,1.1.3,پرتغالی پر رنگ,پرتغالی پر رنگ
11758,English (English),,rgb,218,247,150,3,11,full,white,fa,1.1.3,سبز کم رنگ,سبز کم رنگ
11758,English (English),,rgb,81,137,133,6,0,full,white,fa,1.1.3,سبز چرک,سبز چرک
11758,English (English),,rgb,113,227,184,6,1,full,white,fa,1.1.3,سبز آبی,سبز آبی
11758,English (English),,rgb,161,154,53,6,2,full,white,fa,1.1.3,سبز قهو ای,سبز قهو ای
11758,English (English),,rgb,246,13,8,6,3,full,white,fa,1.1.3,قرمز,قرمز
11758,English (English),,rgb,203,25,98,6,4,full,white,fa,1.1.3,آلبالویی,آلبالویی
11758,English (English),,rgb,101,10,109,6,5,full,white,fa,1.1.3,بنفش,بنفش
11758,English (English),,rgb,26,32,250,6,6,full,white,fa,1.1.3,آبی,آبی
11758,English (English),,rgb,243,195,233,6,7,full,white,fa,1.1.3,صورتی,صورتی
11758,English (English),,rgb,237,218,30,6,8,full,white,fa,1.1.3,زرد لیمویی,زرد لیمویی
11758,English (English),,rgb,9,242,171,6,9,full,white,fa,1.1.3,سبز فسفری,سبز فسفری
11758,English (English),,rgb,115,113,50,6,10,full,white,fa,1.1.3,سبز  قهوه ای پر رنگ,سبز  قهوه ای پر رنگ
11758,English (English),,rgb,111,189,116,6,11,full,white,fa,1.1.3,سبز  چرک,سبز  چرک
11775,English (English),,rgb,124,21,137,1,0,full,white,fa,1.1.3,بنفش,بنفش
11775,English (English),,rgb,5,237,46,1,1,full,white,fa,1.1.3,سبز فسفری,سبز فسفری
11775,English (English),,rgb,51,144,182,1,2,full,white,fa,1.1.3,آبی کدر,آبی کدر
11775,English (English),,rgb,220,113,125,1,3,full,white,fa,1.1.3,صورتی سیکلمه,صورتی سیکلمه
11775,English (English),,rgb,25,170,88,1,4,full,white,fa,1.1.3,سبز,سبز
11775,English (English),,rgb,186,20,60,1,5,full,white,fa,1.1.3,قرمز,قرمز
11775,English (English),,rgb,227,229,65,1,6,full,white,fa,1.1.3,سبز زرد,سبز زرد
11775,English (English),,rgb,25,8,138,1,7,full,white,fa,1.1.3,آبی تیره,آبی تیره
11775,English (English),,rgb,81,234,127,1,8,full,white,fa,1.1.3,سبز چمنی,سبز چمنی
11775,English (English),,rgb,120,200,154,1,9,full,white,fa,1.1.3,سبز کدر,سبز کدر
11775,English (English),,rgb,137,147,228,1,10,full,white,fa,1.1.3,بنفش یاسی,بنفش یاسی
11775,English (English),,rgb,21,16,198,1,11,full,white,fa,1.1.3,آبی نفتی,آبی نفتی
11776,English (English),,rgb,143,104,80,1,0,full,white,fa,1.1.3,قهوه ای,قهوه ای
11776,English (English),,rgb,239,182,30,1,1,full,white,fa,1.1.3,آجری,آجری
11776,English (English),,rgb,212,9,39,1,2,full,white,fa,1.1.3,قرمز,قرمز
11776,English (English),,rgb,115,186,131,1,3,full,white,fa,1.1.3,سبز چرک,سبز چرک
11776,English (English),,rgb,233,114,41,1,4,full,white,fa,1.1.3,نارنجی کدر,نارنجی کدر
11776,English (English),,rgb,130,129,52,1,5,full,white,fa,1.1.3,سبز کدر,سبز کدر
11776,English (English),,rgb,206,34,170,1,6,full,white,fa,1.1.3,صورتی پررنگ,صورتی پررنگ
11776,English (English),,rgb,2,137,188,1,7,full,white,fa,1.1.3,آبی فیروزه,آبی فیروزه
11776,English (English),,rgb,166,44,16,1,8,full,white,fa,1.1.3,قهوه ای قرمز,قهوه ای قرمز
11776,English (English),,rgb,4,218,70,1,9,full,white,fa,1.1.3,سبز فسفری,سبز فسفری
11776,English (English),,rgb,203,255,40,1,10,full,white,fa,1.1.3,سبز چمنی,سبز چمنی
11776,English (English),,rgb,18,10,178,1,11,full,white,fa,1.1.3,آبی سیر,آبی سیر
11776,English (English),,rgb,238,202,131,3,0,full,white,fa,1.1.3,آجری,آجری
11776,English (English),,rgb,147,204,57,3,1,full,white,fa,1.1.3,سبز چمنی,سبز چمنی
11776,English (English),,rgb,13,201,251,3,2,full,white,fa,1.1.3,آبی آسمانی,آبی آسمانی
11776,English (English),,rgb,171,182,20,3,3,full,white,fa,1.1.3,سبز کدر,سبز کدر
11776,English (English),,rgb,58,229,168,3,4,full,white,fa,1.1.3,سبز فسفری,سبز فسفری
11776,English (English),,rgb,168,0,69,3,5,full,white,fa,1.1.3,زرشکی,زرشکی
11776,English (English),,rgb,250,26,113,3,6,full,white,fa,1.1.3,صورتی فسفری,صورتی فسفری
11776,English (English),,rgb,18,77,198,3,7,full,white,fa,1.1.3,آبی تیره,آبی تیره
11776,English (English),,rgb,129,75,248,3,8,full,white,fa,1.1.3,بنفش پررنگ,بنفش پررنگ
11776,English (English),,rgb,91,237,254,3,9,full,white,fa,1.1.3,آبی دریا,آبی دریا
11776,English (English),,rgb,162,65,124,3,10,full,white,fa,1.1.3,زرشکی,زرشکی
11776,English (English),,rgb,72,44,139,3,11,full,white,fa,1.1.3,بنفش سیر,بنفش سیر
11776,English (English),,rgb,192,11,113,6,0,full,white,fa,1.1.3,آلبالویی,آلبالویی
11776,English (English),,rgb,36,132,92,6,1,full,white,fa,1.1.3,سبز درختی,سبز درختی
11776,English (English),,rgb,164,81,69,6,2,full,white,fa,1.1.3,قهوه ای,قهوه ای
11776,English (English),,rgb,54,90,169,6,3,full,white,fa,1.1.3,آبی تیره,آبی تیره
11776,English (English),,rgb,166,1,239,6,4,full,white,fa,1.1.3,بنفش صورتی,بنفش صورتی
11776,English (English),,rgb,154,241,208,6,5,full,white,fa,1.1.3,سبز یاقوتی,سبز یاقوتی
11776,English (English),,rgb,23,146,144,6,6,full,white,fa,1.1.3,سبز تیره,سبز تیره
11776,English (English),,rgb,23,200,96,6,7,full,white,fa,1.1.3,سبز,سبز
11776,English (English),,rgb,194,16,205,6,8,full,white,fa,1.1.3,صورتی پر رنگ,صورتی پر رنگ
11776,English (English),,rgb,29,248,37,6,9,full,white,fa,1.1.3,سبز فسفری,سبز فسفری
11776,English (English),,rgb,40,51,246,6,10,full,white,fa,1.1.3,آبی نفتی,آبی نفتی
11776,English (English),,rgb,168,250,136,6,11,full,white,fa,1.1.3,سبز چمنی,سبز چمنی
12008,Persian (Farsi) (فارسی),,rgb,223,190,6,1,0,full,white,fa,1.1.3,tan,Tan
12008,Persian (Farsi) (فارسی),,rgb,146,252,100,1,1,full,white,fa,1.1.3,green,Green
12008,Persian (Farsi) (فارسی),,rgb,86,228,23,1,2,full,white,fa,1.1.3,green,Green
12008,Persian (Farsi) (فارسی),,rgb,199,230,62,1,7,full,white,fa,1.1.3,neon,Neon
12098,German (Deutsch),,rgb,202,7,202,1,11,full,white,en,1.1.3,cyan,Cyan
12297,Swedish (svenska),,rgb,194,30,116,3,7,full,white,en,1.1.3,magenta,Magenta
12460,Romanian (limba română),,rgb,67,0,255,1,5,line,white,en,1.1.3,blue,blue
13545,German (Deutsch),,rgb,45,255,226,3,3,full,white,en,1.1.4,cyan,Cyan
13793,German (Deutsch),,rgb,44,134,146,1,6,full,white,en,1.1.4,cyan,Cyan
14370,Swedish (svenska),,rgb,125,33,127,1,10,full,white,en,1.1.4,magenta,Magenta
14370,Swedish (svenska),,rgb,187,27,113,3,6,full,white,en,1.1.4,magenta,Magenta
14374,Swedish (svenska),,rgb,211,21,117,1,8,full,white,en,1.1.4,magenta,Magenta
14683,German (Deutsch),,rgb,35,116,213,3,9,full,white,en,1.1.5,cyan,Cyan
14820,English (English),,rgb,154,139,139,1,2,full,white,en,1.1.5,?,?
0,Spanish (español),,rgb,57,0,255,1,0,line,white,en,1.1.5,blue,Blue
0,Spanish (español),,rgb,0,255,179,1,1,line,white,en,1.1.5,green,Green
0,Spanish (español),,rgb,255,141,0,1,2,line,white,en,1.1.5,orange,Orange
0,Spanish (español),,rgb,144,0,255,1,8,line,white,en,1.1.5,purple,Purple
0,Spanish (español),,rgb,0,205,255,1,9,line,white,en,1.1.5,light blue,Light Blue
0,"Polish (język polski, polszczyzna)",,rgb,17,118,241,1,0,full,white,en,1.1.5,blue,Blue
0,"Polish (język polski, polszczyzna)",,rgb,28,125,200,1,1,full,white,en,1.1.5,blue,Blue
0,"Polish (język polski, polszczyzna)",,rgb,248,138,177,1,2,full,white,en,1.1.5,pink,Pink
0,"Polish (język polski, polszczyzna)",,rgb,244,104,185,1,5,full,white,en,1.1.5,pink,Pink
0,"Polish (język polski, polszczyzna)",,rgb,36,31,229,1,9,full,white,en,1.1.5,blue,Blue
0,"Polish (język polski, polszczyzna)",,rgb,43,193,198,3,3,full,white,en,1.1.5,blue,Blue
0,"Polish (język polski, polszczyzna)",,rgb,255,164,164,3,4,full,white,en,1.1.5,pink,Pink
0,"Polish (język polski, polszczyzna)",,rgb,44,132,145,3,7,full,white,en,1.1.5,blue,Blue
0,"Polish (język polski, polszczyzna)",,rgb,47,3,149,3,10,full,white,en,1.1.5,blue,Blue
0,"Polish (język polski, polszczyzna)",,rgb,106,99,155,6,3,full,white,en,1.1.5,blue,Blue
0,"Polish (język polski, polszczyzna)",,rgb,43,95,135,6,7,full,white,en,1.1.5,blue,Blue
0,"Abkhaz (аҧсуа бызшәа, аҧсшәа)",,rgb,255,115,0,1,0,line,white,en,1.1.5,orange,orange
0,"Abkhaz (аҧсуа бызшәа, аҧсшәа)",,rgb,0,254,255,1,1,line,white,en,1.1.5,blue,blue
0,"Abkhaz (аҧсуа бызшәа, аҧсшәа)",,rgb,0,255,78,1,2,line,white,en,1.1.5,green,green
0,"Abkhaz (аҧсуа бызшәа, аҧсшәа)",,rgb,0,255,161,1,3,line,white,en,1.1.5,green,green
0,"Abkhaz (аҧсуа бызшәа, аҧсшәа)",,rgb,0,199,255,1,4,line,white,en,1.1.5,blue,blue
0,"Abkhaz (аҧсуа бызшәа, аҧсшәа)",,rgb,255,146,0,1,5,line,white,en,1.1.5,orange,orange
0,"Abkhaz (аҧсуа бызшәа, аҧсшәа)",,rgb,118,255,0,1,6,line,white,en,1.1.5,green,green
0,"Abkhaz (аҧсуа бызшәа, аҧсшәа)",,rgb,255,181,0,1,7,line,white,en,1.1.5,orange,orange
0,"Abkhaz (аҧсуа бызшәа, аҧсшәа)",,rgb,254,255,0,1,8,line,white,en,1.1.5,yellow,yellow
0,"Abkhaz (аҧсуа бызшәа, аҧсшәа)",,rgb,0,40,255,1,9,line,white,en,1.1.5,blue,blue
0,"Abkhaz (аҧсуа бызшәа, аҧсшәа)",,rgb,255,0,146,1,10,line,white,en,1.1.5,pink,pink
0,"Abkhaz (аҧсуа бызшәа, аҧсшәа)",,rgb,255,0,229,1,11,line,white,en,1.1.5,magenta,magenta
0,"Abkhaz (аҧсуа бызшәа, аҧсшәа)",,rgb,255,77,0,3,0,line,white,en,1.1.5,red,red
0,"Abkhaz (аҧсуа бызшәа, аҧсшәа)",,rgb,84,0,255,3,1,line,white,en,1.1.5,blue,blue
0,"Abkhaz (аҧсуа бызшәа, аҧсшәа)",,rgb,0,165,255,3,2,line,white,en,1.1.5,blue,blue
0,"Abkhaz (аҧсуа бызшәа, аҧсшәа)",,rgb,200,255,0,3,3,line,white,en,1.1.5,yellow,yellow
0,"Abkhaz (аҧсуа бызшәа, аҧсшәа)",,rgb,198,0,255,3,4,line,white,en,1.1.5,purple,purple
0,"Abkhaz (аҧсуа бызшәа, аҧсшәа)",,rgb,255,0,75,3,5,line,white,en,1.1.5,red,red
0,"Abkhaz (аҧсуа бызшәа, аҧсшәа)",,rgb,0,220,255,3,6,line,white,en,1.1.5,blue,blue
0,"Abkhaz (аҧсуа бызшәа, аҧсшәа)",,rgb,0,255,131,3,7,line,white,en,1.1.5,green,green
0,"Abkhaz (аҧсуа бызшәа, аҧсшәа)",,rgb,0,255,255,3,8,line,white,en,1.1.5,blue,blue
0,"Abkhaz (аҧсуа бызшәа, аҧсшәа)",,rgb,255,0,205,3,9,line,white,en,1.1.5,pink,pink
0,"Abkhaz (аҧсуа бызшәа, аҧсшәа)",,rgb,255,0,103,3,10,line,white,en,1.1.5,red,red
0,"Abkhaz (аҧсуа бызшәа, аҧсшәа)",,rgb,0,81,255,3,11,line,white,en,1.1.5,blue,blue
0,"Abkhaz (аҧсуа бызшәа, аҧсшәа)",,rgb,171,255,0,6,0,line,white,en,1.1.5,green,green
0,"Abkhaz (аҧсуа бызшәа, аҧсшәа)",,rgb,0,118,255,6,1,line,white,en,1.1.5,blue,blue
0,"Abkhaz (аҧсуа бызшәа, аҧсшәа)",,rgb,240,0,255,6,2,line,white,en,1.1.5,purple,purple
0,"Abkhaz (аҧсуа бызшәа, аҧсшәа)",,rgb,0,255,18,6,3,line,white,en,1.1.5,green,green
0,"Abkhaz (аҧсуа бызшәа, аҧсшәа)",,rgb,0,104,255,6,4,line,white,en,1.1.5,blue,blue
0,"Abkhaz (аҧсуа бызшәа, аҧсшәа)",,rgb,255,0,5,6,5,line,white,en,1.1.5,red,red
0,"Abkhaz (аҧсуа бызшәа, аҧсшәа)",,rgb,0,148,255,6,6,line,white,en,1.1.5,blue,blue
0,"Abkhaz (аҧсуа бызшәа, аҧсшәа)",,rgb,138,0,255,6,7,line,white,en,1.1.5,purple,purple
0,"Abkhaz (аҧсуа бызшәа, аҧсшәа)",,rgb,255,239,0,6,9,line,white,en,1.1.5,yellow,yellow
0,"Abkhaz (аҧсуа бызшәа, аҧсшәа)",,rgb,255,0,128,6,10,line,white,en,1.1.5,pink,pink
0,"Abkhaz (аҧсуа бызшәа, аҧсшәа)",,rgb,255,185,0,6,11,line,white,en,1.1.5,orange,orange
0,Arabic (العربية),,rgb,233,255,0,1,0,line,white,en,1.1.5,yellow,yellow
0,Arabic (العربية),,rgb,210,255,0,1,1,line,white,en,1.1.5,green,green
0,Arabic (العربية),,rgb,255,0,65,1,2,line,white,en,1.1.5,red,red
0,Arabic (العربية),,rgb,0,30,255,1,3,line,white,en,1.1.5,blue,blue
0,Arabic (العربية),,rgb,0,195,255,1,4,line,white,en,1.1.5,blue sky,blue sky
0,Arabic (العربية),,rgb,111,0,255,1,5,line,white,en,1.1.5,purple,purple
0,Arabic (العربية),,rgb,0,255,155,1,6,line,white,en,1.1.5,green,green
0,Arabic (العربية),,rgb,0,92,255,1,7,line,white,en,1.1.5,blue,blue
0,Arabic (العربية),,rgb,173,255,0,1,8,line,white,en,1.1.5,green,green
0,Arabic (العربية),,rgb,228,0,255,1,9,line,white,en,1.1.5,pink,pink
0,Arabic (العربية),,rgb,255,0,139,1,10,line,white,en,1.1.5,pink,pink
0,Arabic (العربية),,rgb,209,0,255,1,11,line,white,en,1.1.5,purple,purple
0,"Abkhaz (аҧсуа бызшәа, аҧсшәа)",,rgb,255,227,0,1,0,line,white,en,1.1.5,a,a
0,"Abkhaz (аҧсуа бызшәа, аҧсшәа)",,rgb,217,255,0,1,1,line,white,en,1.1.5,g,g
0,"Abkhaz (аҧсуа бызшәа, аҧсшәа)",,rgb,180,0,255,1,2,line,white,en,1.1.5,d,d
0,"Abkhaz (аҧсуа бызшәа, аҧсшәа)",,rgb,0,255,119,1,3,line,white,en,1.1.5,d,d
0,"Abkhaz (аҧсуа бызшәа, аҧсшәа)",,rgb,255,0,136,1,4,line,white,en,1.1.5,a,a
0,"Abkhaz (аҧсуа бызшәа, аҧсшәа)",,rgb,0,255,47,1,5,line,white,en,1.1.5,a,a
0,"Abkhaz (аҧсуа бызшәа, аҧсшәа)",,rgb,255,0,89,1,6,line,white,en,1.1.5,g,g
0,"Abkhaz (аҧсуа бызшәа, аҧсшәа)",,rgb,0,87,255,1,7,line,white,en,1.1.5,d,d
0,"Abkhaz (аҧсуа бызшәа, аҧсшәа)",,rgb,0,179,255,1,8,line,white,en,1.1.5,g,g
0,"Abkhaz (аҧсуа бызшәа, аҧсшәа)",,rgb,255,33,0,1,9,line,white,en,1.1.5,d,d
0,"Abkhaz (аҧсуа бызшәа, аҧсшәа)",,rgb,255,119,0,1,10,line,white,en,1.1.5,g,g
0,"Abkhaz (аҧсуа бызшәа, аҧсшәа)",,rgb,255,0,26,1,11,line,white,en,1.1.5,g,g
0,Russian (Русский),,rgb,35,138,18,1,0,full,white,en,1.1.5,green,Green
0,Russian (Русский),,rgb,219,35,107,1,1,full,white,en,1.1.5,red,Red
0,Russian (Русский),,rgb,1,127,182,1,2,full,white,en,1.1.5,blue,Blue
0,Russian (Русский),,rgb,251,138,67,1,3,full,white,en,1.1.5,orange,Orange
0,Russian (Русский),,rgb,162,204,233,1,4,full,white,en,1.1.5,light blue,Light blue
0,Russian (Русский),,rgb,158,11,140,1,5,full,white,en,1.1.5,purple,Purple
0,Russian (Русский),,rgb,94,73,161,1,6,full,white,en,1.1.5,dark blue,Dark blue
0,Russian (Русский),,rgb,182,88,60,1,7,full,white,en,1.1.5,dark orange,Dark orange
0,Russian (Русский),,rgb,180,92,209,1,8,full,white,en,1.1.5,light purple,Light purple
0,Russian (Русский),,rgb,12,24,56,1,9,full,white,en,1.1.5,black,Black
0,Russian (Русский),,rgb,66,44,213,1,10,full,white,en,1.1.5,blue,Blue
0,Russian (Русский),,rgb,222,225,23,1,11,full,white,en,1.1.5,lemon,Lemon
0,Russian (Русский),,rgb,137,214,170,3,0,full,white,en,1.1.5,salad,Salad
0,Russian (Русский),,rgb,101,46,47,3,1,full,white,en,1.1.5,brown,Brown
0,Russian (Русский),,rgb,26,47,176,3,2,full,white,en,1.1.5,blue,Blue
0,Russian (Русский),,rgb,8,218,239,3,3,full,white,en,1.1.5,bireza,Bireza
0,Russian (Русский),,rgb,195,197,182,3,4,full,white,en,1.1.5,khaki,Khaki
0,Russian (Русский),,rgb,61,223,164,3,5,full,white,en,1.1.5,acid,Acid
0,Russian (Русский),,rgb,168,219,83,3,6,full,white,en,1.1.5,lime,Lime
0,Russian (Русский),,rgb,194,13,19,3,7,full,white,en,1.1.5,red,Red
0,Russian (Русский),,rgb,111,33,155,3,8,full,white,en,1.1.5,purple,Purple
0,Russian (Русский),,rgb,51,97,171,3,9,full,white,en,1.1.5,blue,Blue
0,Russian (Русский),,rgb,233,185,156,3,10,full,white,en,1.1.5,light orange,Light orange
0,Russian (Русский),,rgb,198,176,204,3,11,full,white,en,1.1.5,light purple,Light purple
0,Russian (Русский),,rgb,210,144,228,6,0,full,white,en,1.1.5,purple,Purple
0,Russian (Русский),,rgb,118,120,58,6,1,full,white,en,1.1.5,dirt,Dirt
0,Russian (Русский),,rgb,106,244,116,6,2,full,white,en,1.1.5,acid,Acid
0,Russian (Русский),,rgb,211,96,184,6,3,full,white,en,1.1.5,purple,Purple
0,Russian (Русский),,rgb,187,159,57,6,4,full,white,en,1.1.5,shit,Shit
0,Russian (Русский),,rgb,115,137,110,6,5,full,white,en,1.1.5,dark green,Dark green
0,Russian (Русский),,rgb,46,44,12,6,6,full,white,en,1.1.5,black,Black
0,Russian (Русский),,rgb,244,170,60,6,7,full,white,en,1.1.5,orange,Orange
0,Russian (Русский),,rgb,58,149,167,6,8,full,white,en,1.1.5,wave,Wave
0,Russian (Русский),,rgb,157,11,68,6,9,full,white,en,1.1.5,red,Red
0,Russian (Русский),,rgb,149,140,206,6,10,full,white,en,1.1.5,light purple,Light purple
0,Russian (Русский),,rgb,30,172,99,6,11,full,white,en,1.1.5,green,Green
0,Arabic (العربية),,rgb,255,0,58,1,0,line,white,en,1.1.5,red,Red
0,Arabic (العربية),,rgb,0,199,255,1,1,line,white,en,1.1.5,sky blue,Sky blue
0,Arabic (العربية),,rgb,0,255,228,1,2,line,white,en,1.1.5,turquoise,Turquoise
0,Arabic (العربية),,rgb,0,172,255,1,3,line,white,en,1.1.5,blue,Blue
0,Arabic (العربية),,rgb,255,0,147,1,4,line,white,en,1.1.5,pink,Pink
0,Arabic (العربية),,rgb,155,0,255,1,5,line,white,en,1.1.5,purple,Purple
0,Arabic (العربية),,rgb,0,255,111,1,6,line,white,en,1.1.5,green,Green
0,Arabic (العربية),,rgb,0,208,255,1,7,line,white,en,1.1.5,sky blue,Sky blue
0,Arabic (العربية),,rgb,0,80,255,1,8,line,white,en,1.1.5,dark blue,Dark blue
0,Arabic (العربية),,rgb,255,0,130,1,9,line,white,en,1.1.5,pink,Pink
0,Arabic (العربية),,rgb,0,255,219,1,10,line,white,en,1.1.5,greenish blue,Greenish blue
0,Arabic (العربية),,rgb,255,111,0,1,11,line,white,en,1.1.5,orange,Orange
0,Arabic (العربية),,rgb,0,255,187,3,0,line,white,en,1.1.5,green,Green
0,Arabic (العربية),,rgb,255,0,219,3,1,line,white,en,1.1.5,pink,Pink
0,Arabic (العربية),,rgb,129,0,255,3,2,line,white,en,1.1.5,purple,Purple
0,Arabic (العربية),,rgb,255,88,0,3,3,line,white,en,1.1.5,otange,Otange
0,Arabic (العربية),,rgb,255,0,175,3,4,line,white,en,1.1.5,hot pink,Hot pink
0,Arabic (العربية),,rgb,0,135,255,3,5,line,white,en,1.1.5,blue,Blue
0,Arabic (العربية),,rgb,255,142,0,3,6,line,white,en,1.1.5,orange,Orange
0,Arabic (العربية),,rgb,0,228,255,3,7,line,white,en,1.1.5,light blue,Light blue
0,Arabic (العربية),,rgb,0,152,255,3,8,line,white,en,1.1.5,blue,Blue
0,Arabic (العربية),,rgb,0,255,104,3,9,line,white,en,1.1.5,green,Green
0,Arabic (العربية),,rgb,182,255,0,3,10,line,white,en,1.1.5,green,Green
0,Arabic (العربية),,rgb,209,255,0,3,11,line,white,en,1.1.5,yellow,Yellow
0,Arabic (العربية),,rgb,255,0,66,6,0,line,white,en,1.1.5,red,Red
0,Arabic (العربية),,rgb,0,255,207,6,1,line,white,en,1.1.5,green,Green
0,Arabic (العربية),,rgb,255,0,190,6,2,line,white,en,1.1.5,pink,Pink
0,Arabic (العربية),,rgb,255,0,112,6,3,line,white,en,1.1.5,red,Red
0,Arabic (العربية),,rgb,0,95,255,6,4,line,white,en,1.1.5,blue,Blue
0,Arabic (العربية),,rgb,215,0,255,6,5,line,white,en,1.1.5,purple,Purple
0,Arabic (العربية),,rgb,0,255,145,6,6,line,white,en,1.1.5,green,Green
0,Arabic (العربية),,rgb,255,0,21,6,7,line,white,en,1.1.5,red,Red
0,Arabic (العربية),,rgb,129,255,0,6,8,line,white,en,1.1.5,green,Green
0,Arabic (العربية),,rgb,0,199,255,6,9,line,white,en,1.1.5,blue,Blue
0,Arabic (العربية),,rgb,255,0,247,6,10,line,white,en,1.1.5,purple,Purple
0,Arabic (العربية),,rgb,0,254,255,6,11,line,white,en,1.1.5,blue,Blue
0,Arabic (العربية),,rgb,255,70,0,1,0,line,white,en,1.1.5,bright orange,Bright orange
0,Arabic (العربية),,rgb,255,0,40,1,1,line,white,en,1.1.5,red,Red
0,Arabic (العربية),,rgb,255,242,0,1,2,line,white,en,1.1.5,yello,Yello
0,Arabic (العربية),,rgb,255,0,193,1,3,line,white,en,1.1.5,fuchsia,Fuchsia
0,Arabic (العربية),,rgb,0,255,228,1,4,line,white,en,1.1.5,teal,Teal
0,Arabic (العربية),,rgb,0,23,255,1,6,line,white,en,1.1.5,royal blue,Royal blue
0,Arabic (العربية),,rgb,0,171,255,1,7,line,white,en,1.1.5,sky blue,Sky blue
0,Arabic (العربية),,rgb,255,0,224,1,9,line,white,en,1.1.5,hot pink,Hot pink
0,Arabic (العربية),,rgb,255,130,0,1,10,line,white,en,1.1.5,light orange,Light Orange
0,Arabic (العربية),,rgb,0,255,211,1,11,line,white,en,1.1.5,aqua,Aqua
0,English (English),,rgb,158,247,148,1,0,full,white,en,1.1.5,a,a
0,English (English),,rgb,217,198,240,1,1,full,white,en,1.1.5,b,b
0,English (English),,rgb,6,41,135,3,0,full,white,en,1.1.5,a,a
0,English (English),,rgb,94,199,71,3,1,full,white,en,1.1.5,b,b
0,English (English),,rgb,180,215,45,6,0,full,white,en,1.1.5,a,a
0,English (English),,rgb,213,69,41,6,1,full,white,en,1.1.5,b,b
0,English (English),,rgb,135,67,245,1,0,full,white,en,1.1.5,w,w
0,English (English),,rgb,168,1,213,1,0,full,white,en,1.1.5,a,a
0,English (English),,rgb,133,71,98,1,1,full,white,en,1.1.5,b,b
0,English (English),,rgb,96,132,155,1,2,full,white,en,1.1.5,b,b
0,English (English),,rgb,234,176,168,1,3,full,white,en,1.1.5,b,b
0,English (English),,rgb,167,172,203,1,5,full,white,en,1.1.5,b,b
0,English (English),,rgb,79,131,228,1,6,full,white,en,1.1.5,b,b
0,English (English),,rgb,32,48,86,1,7,full,white,en,1.1.5,b,b
0,English (English),,rgb,183,1,126,1,8,full,white,en,1.1.5,b,b
0,English (English),,rgb,187,232,36,1,9,full,white,en,1.1.5,b,b
0,English (English),,rgb,121,187,80,1,10,full,white,en,1.1.5,b,b
0,English (English),,rgb,67,240,246,1,11,full,white,en,1.1.5,b,b
0,"French (français, langue française)",,rgb,249,117,220,6,0,full,white,en,1.1.5,pink,pink
0,"French (français, langue française)",,rgb,201,137,166,6,7,full,white,en,1.1.5,pink,pink
0,English (English),,rgb,238,162,110,1,0,full,white,en,1.1.5,a,a
0,English (English),,rgb,1,192,82,1,1,full,white,en,1.1.5,b,b
0,"Abkhaz (аҧсуа бызшәа, аҧсшәа)",,rgb,255,237,0,1,0,line,white,en,1.1.5,yellow,yellow
0,"Abkhaz (аҧсуа бызшәа, аҧсшәа)",,rgb,255,129,0,1,1,line,white,en,1.1.5,orange,orange
0,"Abkhaz (аҧсуа бызшәа, аҧсшәа)",,rgb,0,255,222,1,2,line,white,en,1.1.5,blue,blue
0,"Abkhaz (аҧсуа бызшәа, аҧсшәа)",,rgb,141,255,0,1,3,line,white,en,1.1.5,green,green
0,"Abkhaz (аҧсуа бызшәа, аҧсшәа)",,rgb,0,83,255,1,4,line,white,en,1.1.5,blue,blue
0,"Abkhaz (аҧсуа бызшәа, аҧсшәа)",,rgb,255,80,0,1,5,line,white,en,1.1.5,orange,orange
0,"Abkhaz (аҧсуа бызшәа, аҧсшәа)",,rgb,255,0,184,1,6,line,white,en,1.1.5,pink,pink
0,"Abkhaz (аҧсуа бызшәа, аҧсшәа)",,rgb,255,155,0,1,7,line,white,en,1.1.5,orange,orange
0,"Abkhaz (аҧсуа бызшәа, аҧсшәа)",,rgb,255,0,137,1,8,line,white,en,1.1.5,pink,pink
0,"Abkhaz (аҧсуа бызшәа, аҧсшәа)",,rgb,255,0,73,1,9,line,white,en,1.1.5,red,red
0,"Abkhaz (аҧсуа бызшәа, аҧсшәа)",,rgb,0,180,255,1,10,line,white,en,1.1.5,blue,blue
0,"Abkhaz (аҧсуа бызшәа, аҧсшәа)",,rgb,0,149,255,1,11,line,white,en,1.1.5,blue,blue
0,"Abkhaz (аҧсуа бызшәа, аҧсшәа)",,rgb,255,0,104,3,0,line,white,en,1.1.5,red,red
0,"Abkhaz (аҧсуа бызшәа, аҧсшәа)",,rgb,0,66,255,3,1,line,white,en,1.1.5,blue,blue
0,"Abkhaz (аҧсуа бызшәа, аҧсшәа)",,rgb,0,255,145,3,2,line,white,en,1.1.5,green,green
0,"Abkhaz (аҧсуа бызшәа, аҧсшәа)",,rgb,211,255,0,3,3,line,white,en,1.1.5,green,green
0,"Abkhaz (аҧсуа бызшәа, аҧсшәа)",,rgb,0,230,255,3,4,line,white,en,1.1.5,blue,blue
0,"Abkhaz (аҧсуа бызшәа, аҧсшәа)",,rgb,107,0,255,3,5,line,white,en,1.1.5,purple,purple
0,"Abkhaz (аҧсуа бызшәа, аҧсшәа)",,rgb,0,23,255,3,6,line,white,en,1.1.5,blue,blue
0,"Abkhaz (аҧсуа бызшәа, аҧсшәа)",,rgb,255,90,0,3,7,line,white,en,1.1.5,orange,orange
0,"Abkhaz (аҧсуа бызшәа, аҧсшәа)",,rgb,240,255,0,3,8,line,white,en,1.1.5,yellow,yellow
0,"Abkhaz (аҧсуа бызшәа, аҧсшәа)",,rgb,0,255,95,3,9,line,white,en,1.1.5,green,green
0,"Abkhaz (аҧсуа бызшәа, аҧсшәа)",,rgb,0,109,255,3,10,line,white,en,1.1.5,blue,blue
0,"Abkhaz (аҧсуа бызшәа, аҧсшәа)",,rgb,255,0,37,3,11,line,white,en,1.1.5,red,red
0,"Abkhaz (аҧсуа бызшәа, аҧсшәа)",,rgb,242,0,255,6,0,line,white,en,1.1.5,purple,purple
0,"Abkhaz (аҧсуа бызшәа, аҧсшәа)",,rgb,0,129,255,6,1,line,white,en,1.1.5,blue,blue
0,"Abkhaz (аҧсуа бызшәа, аҧсшәа)",,rgb,88,255,0,6,2,line,white,en,1.1.5,green,green
0,"Abkhaz (аҧсуа бызшәа, аҧсшәа)",,rgb,202,0,255,6,3,line,white,en,1.1.5,magenta,magenta
0,"Abkhaz (аҧсуа бызшәа, аҧсшәа)",,rgb,255,0,244,6,4,line,white,en,1.1.5,purple,purple
0,"Abkhaz (аҧсуа бызшәа, аҧсшәа)",,rgb,0,255,3,6,5,line,white,en,1.1.5,green,green
0,"Abkhaz (аҧсуа бызшәа, аҧсшәа)",,rgb,0,255,159,6,6,line,white,en,1.1.5,green,green
0,"Abkhaz (аҧсуа бызшәа, аҧсшәа)",,rgb,255,0,167,6,7,line,white,en,1.1.5,pink,pink
0,"Abkhaz (аҧсуа бызшәа, аҧсшәа)",,rgb,255,196,0,6,8,line,white,en,1.1.5,yellow,yellow
0,"Abkhaz (аҧсуа бызшәа, аҧсшәа)",,rgb,0,247,255,6,9,line,white,en,1.1.5,blue,blue
0,"Abkhaz (аҧсуа бызшәа, аҧсшәа)",,rgb,0,255,234,6,10,line,white,en,1.1.5,blue,blue
0,"Abkhaz (аҧсуа бызшәа, аҧсшәа)",,rgb,0,190,255,6,11,line,white,en,1.1.5,blue,blue
0,English (English),,rgb,221,135,251,1,0,full,white,en,1.1.5,a,a
0,English (English),,rgb,184,124,100,1,1,full,white,en,1.1.5,a,a
0,English (English),,rgb,27,235,178,1,2,full,white,en,1.1.5,a,a
0,English (English),,rgb,146,223,139,1,3,full,white,en,1.1.5,a,a
0,English (English),,rgb,100,146,225,1,4,full,white,en,1.1.5,a,a
0,English (English),,rgb,53,169,88,1,5,full,white,en,1.1.5,a,a
0,English (English),,rgb,185,220,252,1,6,full,white,en,1.1.5,a,a
0,English (English),,rgb,95,191,190,1,7,full,white,en,1.1.5,a,a
0,English (English),,rgb,28,58,29,1,8,full,white,en,1.1.5,a,a
0,English (English),,rgb,138,242,112,1,9,full,white,en,1.1.5,a,a
0,English (English),,rgb,193,179,57,1,10,full,white,en,1.1.5,a,a
0,English (English),,rgb,128,156,58,1,11,full,white,en,1.1.5,a,a
0,English (English),,rgb,93,140,85,3,0,full,white,en,1.1.5,a,a
0,English (English),,rgb,22,74,160,3,1,full,white,en,1.1.5,a,a
0,English (English),,rgb,46,6,36,3,2,full,white,en,1.1.5,a,a
0,English (English),,rgb,172,34,47,3,3,full,white,en,1.1.5,a,a
0,English (English),,rgb,206,123,52,3,4,full,white,en,1.1.5,a,a
0,English (English),,rgb,16,240,85,3,5,full,white,en,1.1.5,a,a
0,English (English),,rgb,22,29,119,3,6,full,white,en,1.1.5,a,a
0,English (English),,rgb,62,201,238,3,7,full,white,en,1.1.5,a,a
0,English (English),,rgb,36,102,94,3,8,full,white,en,1.1.5,a,a
0,English (English),,rgb,245,109,128,3,9,full,white,en,1.1.5,a,a
0,English (English),,rgb,16,54,67,3,10,full,white,en,1.1.5,a,a
0,English (English),,rgb,87,61,206,3,11,full,white,en,1.1.5,a,a
0,English (English),,rgb,160,250,207,6,0,full,white,en,1.1.5,b,b
0,English (English),,rgb,226,111,88,6,1,full,white,en,1.1.5,b,b
0,English (English),,rgb,201,225,57,6,2,full,white,en,1.1.5,b,b
0,English (English),,rgb,118,55,82,6,3,full,white,en,1.1.5,b,b
0,English (English),,rgb,170,56,228,6,4,full,white,en,1.1.5,b,b
0,English (English),,rgb,231,67,48,6,5,full,white,en,1.1.5,b,b
0,English (English),,rgb,140,29,120,6,6,full,white,en,1.1.5,b,b
0,English (English),,rgb,105,65,58,6,7,full,white,en,1.1.5,b,b
0,English (English),,rgb,164,160,214,6,8,full,white,en,1.1.5,b,b
0,English (English),,rgb,181,141,59,6,9,full,white,en,1.1.5,b,b
0,English (English),,rgb,149,93,143,6,10,full,white,en,1.1.5,b,b
0,English (English),,rgb,157,42,89,6,11,full,white,en,1.1.5,b,b
0,English (English),,rgb,244,189,20,1,1,full,white,en,1.1.5,asdf,asdf
0,English (English),,rgb,169,144,144,1,3,full,white,en,1.1.5,asdf,asdf
0,English (English),,rgb,170,102,194,1,5,full,white,en,1.1.5,asdf,asdf
0,English (English),,rgb,250,183,121,1,6,full,white,en,1.1.5,asdf,asdf
0,English (English),,rgb,224,230,174,1,7,full,white,en,1.1.5,asdf,asdf
0,English (English),,rgb,160,67,58,1,10,full,white,en,1.1.5,asdf,asdf
0,English (English),,rgb,75,228,166,1,11,full,white,en,1.1.5,asdf,asdf
0,English (English),,rgb,119,136,114,3,0,full,white,en,1.1.5,asdf,asdf
0,English (English),,rgb,34,43,201,3,9,full,white,en,1.1.5,asdf,asdf
0,English (English),,rgb,89,245,48,3,10,full,white,en,1.1.5,asdf,asdf
0,Bulgarian (български език),,rgb,255,0,3,1,0,line,white,en,1.1.5,cherveno,cherveno
0,Bulgarian (български език),,rgb,0,236,255,1,1,line,white,en,1.1.5,svetlo sinio,svetlo sinio
0,Bulgarian (български език),,rgb,255,172,0,1,2,line,white,en,1.1.5,tymno jylto,tymno jylto
0,Bulgarian (български език),,rgb,164,0,255,1,3,line,white,en,1.1.5,lilavo,lilavo
0,Bulgarian (български език),,rgb,0,186,255,1,4,line,white,en,1.1.5,sinio,sinio
0,Bulgarian (български език),,rgb,255,75,0,1,5,line,white,en,1.1.5,oranjevo,oranjevo
0,Bulgarian (български език),,rgb,0,255,173,1,6,line,white,en,1.1.5,tiurkuaz,tiurkuaz
0,Bulgarian (български език),,rgb,143,0,255,1,7,line,white,en,1.1.5,lilavo,lilavo
0,Bulgarian (български език),,rgb,255,0,140,1,9,line,white,en,1.1.5,rozovo,rozovo
0,Bulgarian (български език),,rgb,0,169,255,1,10,line,white,en,1.1.5,nebesno sinio,nebesno sinio
0,Bulgarian (български език),,rgb,255,106,0,1,11,line,white,en,1.1.5,svetlo oranjevo,svetlo oranjevo
0,Bulgarian (български език),,rgb,0,255,53,3,0,line,white,en,1.1.5,qrko zeleno,qrko zeleno
0,Bulgarian (български език),,rgb,255,0,255,3,1,line,white,en,1.1.5,lilavo,lilavo
0,Bulgarian (български език),,rgb,255,0,85,3,2,line,white,en,1.1.5,rozovo,rozovo
0,Bulgarian (български език),,rgb,0,208,255,3,3,line,white,en,1.1.5,nebesno sinio,nebesno sinio
0,Bulgarian (български език),,rgb,0,56,255,3,4,line,white,en,1.1.5,tymno sinio,tymno sinio
0,Bulgarian (български език),,rgb,255,230,0,3,5,line,white,en,1.1.5,jylto,jylto
0,Bulgarian (български език),,rgb,255,132,0,3,6,line,white,en,1.1.5,oranjevo,oranjevo
0,Bulgarian (български език),,rgb,169,255,0,3,7,line,white,en,1.1.5,jam fystyk tsvqt,jam fystyk tsvqt
0,Bulgarian (български език),,rgb,0,112,255,3,8,line,white,en,1.1.5,sinio,sinio
0,Bulgarian (български език),,rgb,0,255,101,3,9,line,white,en,1.1.5,zeleno,zeleno
0,Bulgarian (български език),,rgb,217,255,0,3,10,line,white,en,1.1.5,jylto zeleno,jylto zeleno
0,Bulgarian (български език),,rgb,255,0,147,3,11,line,white,en,1.1.5,rozovo,rozovo
0,Bulgarian (български език),,rgb,255,0,68,6,0,line,white,en,1.1.5,cherveno,cherveno
0,Bulgarian (български език),,rgb,0,10,255,6,1,line,white,en,1.1.5,tymno sinio,tymno sinio
0,Bulgarian (български език),,rgb,242,255,0,6,2,line,white,en,1.1.5,jytlo,jytlo
0,Bulgarian (български език),,rgb,0,255,148,6,3,line,white,en,1.1.5,zeleno,zeleno
0,Bulgarian (български език),,rgb,0,255,238,6,4,line,white,en,1.1.5,tiurkuaz,tiurkuaz
0,Bulgarian (български език),,rgb,255,0,187,6,5,line,white,en,1.1.5,lilavo,lilavo
0,Bulgarian (български език),,rgb,0,255,212,6,6,line,white,en,1.1.5,tiurkuaz,tiurkuaz
0,Bulgarian (български език),,rgb,0,87,255,6,7,line,white,en,1.1.5,sinio,sinio
0,Bulgarian (български език),,rgb,0,152,255,6,8,line,white,en,1.1.5,svetlo sinio,svetlo sinio
0,Bulgarian (български език),,rgb,90,255,0,6,9,line,white,en,1.1.5,qrko zeleno,qrko zeleno
0,Bulgarian (български език),,rgb,255,0,215,6,10,line,white,en,1.1.5,lilavo,lilavo
0,Bulgarian (български език),,rgb,255,198,0,6,11,line,white,en,1.1.5,tymno jylto,tymno jylto
0,German (Deutsch),,rgb,37,38,185,1,1,full,white,en,1.1.5,blue,Blue
0,German (Deutsch),,rgb,83,110,2,1,3,full,white,en,1.1.5,green,Green
0,German (Deutsch),,rgb,162,2,5,1,6,full,white,en,1.1.5,red,Red
0,Italian (italiano),,rgb,0,78,255,1,2,line,white,en,1.1.5,blue,blue
0,Italian (italiano),,rgb,0,52,255,1,4,line,white,en,1.1.5,blue,blue
0,Italian (italiano),,rgb,0,103,255,1,10,line,white,en,1.1.5,blue,blue
0,Italian (italiano),,rgb,0,114,255,1,11,line,white,en,1.1.5,blue,blue
0,Italian (italiano),,rgb,0,17,255,3,9,line,white,en,1.1.5,blue,Blue
0,Spanish (español),,rgb,156,28,40,1,0,full,white,en,1.1.5,red,Red
0,Spanish (español),,rgb,48,106,191,1,3,full,white,en,1.1.5,blue,Blue
0,Spanish (español),,rgb,182,55,96,1,6,full,white,en,1.1.5,red,Red
0,Spanish (español),,rgb,56,219,8,1,7,full,white,en,1.1.5,green,Green
0,"Dutch (Nederlands, Vlaams)",,rgb,229,89,206,3,4,full,white,en,1.1.5,fuchsia,fuchsia
0,German (Deutsch),,rgb,0,255,247,3,4,line,white,en,1.1.5,cyan,Cyan
0,"Dutch (Nederlands, Vlaams)",,rgb,232,48,102,1,6,full,white,en,1.1.5,fuchsia,fuchsia
0,Russian (Русский),,rgb,160,70,96,6,1,full,white,en,1.1.5,dunno,DUNNO
0,Spanish (español),,rgb,11,232,112,1,3,full,white,en,1.1.5,green,Green
0,Spanish (español),,rgb,161,112,220,1,5,full,white,en,1.1.5,purple,Purple
0,Spanish (español),,rgb,208,62,43,1,8,full,white,en,1.1.5,red,Red
0,Spanish (español),,rgb,37,92,133,1,9,full,white,en,1.1.5,dark blue,Dark blue
0,Arabic (العربية),,rgb,0,146,255,1,0,line,white,en,1.1.5,blue,Blue
0,Arabic (العربية),,rgb,0,255,174,1,1,line,white,en,1.1.5,turqoiose,Turqoiose
0,Arabic (العربية),,rgb,199,255,0,1,2,line,white,en,1.1.5,lime,Lime
0,Arabic (العربية),,rgb,0,29,255,1,3,line,white,en,1.1.5,royal blue,Royal Blue
0,Arabic (العربية),,rgb,255,96,0,1,4,line,white,en,1.1.5,redish orange,Redish Orange
0,Arabic (العربية),,rgb,255,0,255,1,5,line,white,en,1.1.5,purple,purple
0,Arabic (العربية),,rgb,255,0,145,1,6,line,white,en,1.1.5,pink,pink
0,Arabic (العربية),,rgb,255,185,0,1,7,line,white,en,1.1.5,gold,gold
0,Arabic (العربية),,rgb,0,255,50,1,8,line,white,en,1.1.5,neon green,neon green
0,Arabic (العربية),,rgb,255,164,0,1,9,line,white,en,1.1.5,orange,orange
0,Arabic (العربية),,rgb,0,234,255,1,10,line,white,en,1.1.5,teal,teal
0,Arabic (العربية),,rgb,0,172,255,1,11,line,white,en,1.1.5,baby blue,baby blue
0,Swedish (svenska),,rgb,218,60,154,6,3,full,white,en,1.1.5,magenta,Magenta
0,Swedish (svenska),,rgb,183,60,212,1,9,full,white,en,1.1.5,magenta,Magenta
0,English (English),,rgb,65,121,179,1,1,full,white,en,1.1.5,w,w
0,English (English),,rgb,86,66,218,1,2,full,white,en,1.1.5,w,w
0,English (English),,rgb,154,152,9,1,3,full,white,en,1.1.5,w,w
0,English (English),,rgb,12,108,249,1,4,full,white,en,1.1.5,w,w
0,English (English),,rgb,201,246,124,1,5,full,white,en,1.1.5,w,w
0,English (English),,rgb,229,215,135,1,6,full,white,en,1.1.5,w,w
0,English (English),,rgb,123,95,201,1,7,full,white,en,1.1.5,w,w
0,English (English),,rgb,217,53,133,1,8,full,white,en,1.1.5,w,w
0,English (English),,rgb,158,56,35,1,9,full,white,en,1.1.5,w,w
0,English (English),,rgb,67,139,234,1,10,full,white,en,1.1.5,w,w
0,English (English),,rgb,162,86,105,1,11,full,white,en,1.1.5,w,w
0,Greek (modern) (ελληνικά),,rgb,0,255,145,1,0,line,white,en,1.1.5,prasino,prasino
0,Greek (modern) (ελληνικά),,rgb,255,185,0,1,1,line,white,en,1.1.5,portokali,portokali
0,Greek (modern) (ελληνικά),,rgb,174,255,0,1,2,line,white,en,1.1.5,anoixto prasino,anoixto prasino
0,Greek (modern) (ελληνικά),,rgb,193,0,255,1,3,line,white,en,1.1.5,mov,mov
0,Greek (modern) (ελληνικά),,rgb,0,255,216,1,4,line,white,en,1.1.5,prasinomple,prasinomple
0,Greek (modern) (ελληνικά),,rgb,0,255,255,1,5,line,white,en,1.1.5,tirkouaz,tirkouaz
0,Greek (modern) (ελληνικά),,rgb,0,137,255,1,6,line,white,en,1.1.5,mple,mple
0,Greek (modern) (ελληνικά),,rgb,251,255,0,1,7,line,white,en,1.1.5,kitrino,kitrino
0,Greek (modern) (ελληνικά),,rgb,123,255,0,1,8,line,white,en,1.1.5,prasino,prasino
0,Greek (modern) (ελληνικά),,rgb,255,0,100,1,9,line,white,en,1.1.5,kokkino,kokkino
0,Greek (modern) (ελληνικά),,rgb,191,255,0,1,10,line,white,en,1.1.5,prasino,prasino
0,Greek (modern) (ελληνικά),,rgb,255,0,247,1,11,line,white,en,1.1.5,fouksia,fouksia
0,Greek (modern) (ελληνικά),,rgb,0,163,255,3,0,line,white,en,1.1.5,mple,mple
0,Greek (modern) (ελληνικά),,rgb,0,117,255,3,1,line,white,en,1.1.5,mple,mple
0,Greek (modern) (ελληνικά),,rgb,255,102,0,3,2,line,white,en,1.1.5,portokali,portokali
0,Greek (modern) (ελληνικά),,rgb,0,88,255,3,3,line,white,en,1.1.5,mple,mple
0,Greek (modern) (ελληνικά),,rgb,0,239,255,3,4,line,white,en,1.1.5,galazio,galazio
0,Greek (modern) (ελληνικά),,rgb,255,124,0,3,5,line,white,en,1.1.5,portokali,portokali
0,Greek (modern) (ελληνικά),,rgb,0,206,255,3,6,line,white,en,1.1.5,galazio,galazio
0,Greek (modern) (ελληνικά),,rgb,255,0,61,3,7,line,white,en,1.1.5,kokkino,kokkino
0,Greek (modern) (ελληνικά),,rgb,0,255,178,3,8,line,white,en,1.1.5,prasinomple,prasinomple
0,Greek (modern) (ελληνικά),,rgb,255,0,207,3,9,line,white,en,1.1.5,fouksia,fouksia
0,Greek (modern) (ελληνικά),,rgb,255,0,122,3,10,line,white,en,1.1.5,fouksia kokkino,fouksia-kokkino
0,Greek (modern) (ελληνικά),,rgb,0,199,255,3,11,line,white,en,1.1.5,galazio,galazio
0,Greek (modern) (ελληνικά),,rgb,0,255,65,6,0,line,white,en,1.1.5,prasino,prasino
0,Greek (modern) (ελληνικά),,rgb,255,237,0,6,1,line,white,en,1.1.5,kitrino,kitrino
0,Greek (modern) (ελληνικά),,rgb,0,37,255,6,2,line,white,en,1.1.5,mple,mple
0,Greek (modern) (ελληνικά),,rgb,255,0,230,6,3,line,white,en,1.1.5,anoixto mwv,anoixto mwv
0,Greek (modern) (ελληνικά),,rgb,255,0,164,6,4,line,white,en,1.1.5,fouskia,fouskia
0,Greek (modern) (ελληνικά),,rgb,0,255,95,6,5,line,white,en,1.1.5,prasino,prasino
0,Greek (modern) (ελληνικά),,rgb,150,0,255,6,6,line,white,en,1.1.5,mwv,mwv
0,Greek (modern) (ελληνικά),,rgb,86,0,255,6,7,line,white,en,1.1.5,mple,mple
0,Greek (modern) (ελληνικά),,rgb,0,93,255,6,8,line,white,en,1.1.5,mple,mple
0,Greek (modern) (ελληνικά),,rgb,255,171,0,6,9,line,white,en,1.1.5,portokali,portokali
0,Greek (modern) (ελληνικά),,rgb,255,47,0,6,10,line,white,en,1.1.5,kokkino,kokkino
0,Greek (modern) (ελληνικά),,rgb,255,0,29,6,11,line,white,en,1.1.5,kokkino,kokkino
0,"French (français, langue française)",,rgb,216,243,125,6,10,full,white,en,1.1.5,lime,Lime
0,"Dutch (Nederlands, Vlaams)",,rgb,102,155,208,1,0,full,white,en,1.1.5,blue,blue
0,"Dutch (Nederlands, Vlaams)",,rgb,161,137,254,1,9,full,white,en,1.1.5,purple,purple
0,Arabic (العربية),,rgb,255,166,0,1,0,line,white,en,1.1.5,orange,Orange
0,Arabic (العربية),,rgb,255,214,0,1,1,line,white,en,1.1.5,yellow,Yellow
0,Arabic (العربية),,rgb,255,0,33,1,2,line,white,en,1.1.5,red,Red
0,Arabic (العربية),,rgb,255,0,129,1,3,line,white,en,1.1.5,pink,Pink
0,Arabic (العربية),,rgb,0,255,151,1,4,line,white,en,1.1.5,cyan,Cyan
0,Arabic (العربية),,rgb,0,214,255,1,5,line,white,en,1.1.5,blue,Blue
0,Arabic (العربية),,rgb,0,254,255,1,6,line,white,en,1.1.5,light blue,Light blue
0,Arabic (العربية),,rgb,0,255,18,1,7,line,white,en,1.1.5,lime,Lime
0,Arabic (العربية),,rgb,69,255,0,1,8,line,white,en,1.1.5,lime,Lime
0,Arabic (العربية),,rgb,149,255,0,1,9,line,white,en,1.1.5,lime,Lime
0,Arabic (العربية),,rgb,0,79,255,1,10,line,white,en,1.1.5,blue,Blue
0,Arabic (العربية),,rgb,255,199,0,1,11,line,white,en,1.1.5,orange,Orange
0,Bulgarian (български език),,rgb,255,189,0,1,0,line,white,en,1.1.5,orange,orange
0,Bulgarian (български език),,rgb,0,105,255,1,1,line,white,en,1.1.5,dark blue,dark blue
0,Bulgarian (български език),,rgb,0,255,203,1,2,line,white,en,1.1.5,cyan,cyan
0,Bulgarian (български език),,rgb,255,0,108,1,3,line,white,en,1.1.5,dark pink,dark pink
0,Bulgarian (български език),,rgb,0,209,255,1,4,line,white,en,1.1.5,blue,blue
0,Bulgarian (български език),,rgb,255,0,176,1,5,line,white,en,1.1.5,pink,pink
0,Bulgarian (български език),,rgb,0,255,186,1,6,line,white,en,1.1.5,cyan,cyan
0,Bulgarian (български език),,rgb,0,176,255,1,7,line,white,en,1.1.5,blue,blue
0,Bulgarian (български език),,rgb,255,167,0,1,8,line,white,en,1.1.5,orange,orange
0,Bulgarian (български език),,rgb,0,255,65,1,9,line,white,en,1.1.5,green,green
0,Bulgarian (български език),,rgb,186,0,255,1,10,line,white,en,1.1.5,pink,pink
0,Bulgarian (български език),,rgb,255,238,0,1,11,line,white,en,1.1.5,yellow,yellow
0,Bulgarian (български език),,rgb,255,0,155,3,0,line,white,en,1.1.5,pink,pink
0,Bulgarian (български език),,rgb,255,146,0,3,1,line,white,en,1.1.5,orange,orange
0,Bulgarian (български език),,rgb,0,193,255,3,2,line,white,en,1.1.5,blue,blue
0,Bulgarian (български език),,rgb,0,68,255,3,3,line,white,en,1.1.5,dark blue,dark blue
0,Bulgarian (български език),,rgb,255,0,46,3,4,line,white,en,1.1.5,red,red
0,Bulgarian (български език),,rgb,255,0,229,3,5,line,white,en,1.1.5,pink,pink
0,Bulgarian (български език),,rgb,148,255,0,3,6,line,white,en,1.1.5,green,green
0,Bulgarian (български език),,rgb,210,255,0,3,7,line,white,en,1.1.5,green,green
0,Bulgarian (български език),,rgb,0,57,255,3,8,line,white,en,1.1.5,dark blue,dark blue
0,Bulgarian (български език),,rgb,255,71,0,3,9,line,white,en,1.1.5,orange,orange
0,Bulgarian (български език),,rgb,0,255,231,3,10,line,white,en,1.1.5,cyan,cyan
0,Bulgarian (български език),,rgb,0,238,255,3,11,line,white,en,1.1.5,blue,blue
0,English (English),,rgb,141,147,239,1,0,full,white,en,1.1.5,1,1
0,English (English),,rgb,157,66,227,1,1,full,white,en,1.1.5,2,2
0,English (English),,rgb,236,174,229,1,2,full,white,en,1.1.5,3,3
0,English (English),,rgb,159,76,140,1,3,full,white,en,1.1.5,4,4
0,English (English),,rgb,5,154,35,1,4,full,white,en,1.1.5,1,1
0,English (English),,rgb,64,48,195,1,5,full,white,en,1.1.5,1,1
0,English (English),,rgb,9,112,150,1,6,full,white,en,1.1.5,1,1
0,English (English),,rgb,110,188,99,1,7,full,white,en,1.1.5,1,1
0,English (English),,rgb,86,155,165,1,8,full,white,en,1.1.5,1,1
0,English (English),,rgb,55,132,70,1,9,full,white,en,1.1.5,11,11
0,English (English),,rgb,108,209,176,1,10,full,white,en,1.1.5,1,1
0,English (English),,rgb,182,181,80,1,11,full,white,en,1.1.5,1,1
0,English (English),,rgb,198,197,83,1,0,full,white,en,1.1.5,a,a
0,English (English),,rgb,216,232,197,1,1,full,white,en,1.1.5,a,a
0,English (English),,rgb,56,61,90,1,2,full,white,en,1.1.5,a,a
0,English (English),,rgb,50,230,181,1,3,full,white,en,1.1.5,a,a
0,English (English),,rgb,10,206,201,1,4,full,white,en,1.1.5,a,a
0,English (English),,rgb,242,153,240,1,5,full,white,en,1.1.5,a,a
0,English (English),,rgb,196,33,5,1,6,full,white,en,1.1.5,a,a
0,English (English),,rgb,87,14,40,1,7,full,white,en,1.1.5,a,a
0,English (English),,rgb,227,121,31,1,8,full,white,en,1.1.5,a,a
0,English (English),,rgb,27,29,21,1,9,full,white,en,1.1.5,a,a
0,English (English),,rgb,152,14,254,1,10,full,white,en,1.1.5,a,a
0,English (English),,rgb,102,23,120,1,11,full,white,en,1.1.5,a,a
0,Spanish (español),,rgb,55,142,163,1,0,full,white,en,1.1.5,blue,Blue
0,Spanish (español),,rgb,200,47,37,1,2,full,white,en,1.1.5,red,Red
0,Spanish (español),,rgb,241,222,36,1,4,full,white,en,1.1.5,yellow,Yellow
0,Spanish (español),,rgb,132,191,68,1,6,full,white,en,1.1.5,green,Green
0,Spanish (español),,rgb,86,151,211,1,7,full,white,en,1.1.5,blue,Blue
0,Spanish (español),,rgb,100,104,148,1,8,full,white,en,1.1.5,purple,Purple
0,Spanish (español),,rgb,95,231,29,1,9,full,white,en,1.1.5,green,Green
0,Spanish (español),,rgb,195,98,185,1,10,full,white,en,1.1.5,pink,Pink
0,Spanish (español),,rgb,156,17,193,1,11,full,white,en,1.1.5,purple,Purple
0,Spanish (español),,rgb,97,49,132,1,8,full,white,en,1.1.5,purple,purple
0,Spanish (español),,rgb,16,61,186,1,9,full,white,en,1.1.5,dark blue,dark blue
0,Spanish (español),,rgb,151,69,198,3,9,full,white,en,1.1.5,purple,purple
0,Spanish (español),,rgb,5,183,203,3,11,full,white,en,1.1.5,blue,blue
0,Portuguese (português),,rgb,106,55,135,1,1,full,white,en,1.1.5,purple,purple
0,Portuguese (português),,rgb,68,68,247,1,3,full,white,en,1.1.5,blue,blue
0,Portuguese (português),,rgb,15,144,189,1,7,full,white,en,1.1.5,blue,blue
0,Portuguese (português),,rgb,133,103,223,1,9,full,white,en,1.1.5,purple,purple
0,Portuguese (português),,rgb,64,216,35,1,11,full,white,en,1.1.5,bright green,bright green
15342,"Estonian (eesti, eesti keel)",,rgb,255,0,132,1,0,line,white,en,1.1.5,pink,Pink
15342,"Estonian (eesti, eesti keel)",,rgb,158,0,255,1,1,line,white,en,1.1.5,purple,Purple
15342,"Estonian (eesti, eesti keel)",,rgb,0,255,132,1,2,line,white,en,1.1.5,green,Green
15342,"Estonian (eesti, eesti keel)",,rgb,0,153,255,1,3,line,white,en,1.1.5,blue,Blue
15342,"Estonian (eesti, eesti keel)",,rgb,49,255,0,1,4,line,white,en,1.1.5,green,Green
15342,"Estonian (eesti, eesti keel)",,rgb,255,243,0,1,5,line,white,en,1.1.5,yellow,Yellow
15342,"Estonian (eesti, eesti keel)",,rgb,255,0,108,1,6,line,white,en,1.1.5,red,Red
15342,"Estonian (eesti, eesti keel)",,rgb,0,255,196,1,7,line,white,en,1.1.5,green,Green
15342,"Estonian (eesti, eesti keel)",,rgb,255,227,0,1,8,line,white,en,1.1.5,yellow,Yellow
15342,"Estonian (eesti, eesti keel)",,rgb,138,255,0,1,9,line,white,en,1.1.5,green,Green
15342,"Estonian (eesti, eesti keel)",,rgb,255,0,186,1,10,line,white,en,1.1.5,pink,Pink
15342,"Estonian (eesti, eesti keel)",,rgb,0,187,255,1,11,line,white,en,1.1.5,blue,Blue
15342,"Estonian (eesti, eesti keel)",,rgb,194,0,255,3,0,line,white,en,1.1.5,purple,Purple
15342,"Estonian (eesti, eesti keel)",,rgb,255,56,0,3,1,line,white,en,1.1.5,red,Red
15342,"Estonian (eesti, eesti keel)",,rgb,0,5,255,3,2,line,white,en,1.1.5,blue,Blue
15342,"Estonian (eesti, eesti keel)",,rgb,255,0,247,3,3,line,white,en,1.1.5,pink,Pink
15342,"Estonian (eesti, eesti keel)",,rgb,0,98,255,3,4,line,white,en,1.1.5,blue,Blue
15342,"Estonian (eesti, eesti keel)",,rgb,0,128,255,3,5,line,white,en,1.1.5,blue,Blue
15342,"Estonian (eesti, eesti keel)",,rgb,0,168,255,3,6,line,white,en,1.1.5,blue,Blue
15342,"Estonian (eesti, eesti keel)",,rgb,0,215,255,3,7,line,white,en,1.1.5,blue,Blue
15342,"Estonian (eesti, eesti keel)",,rgb,255,129,0,3,8,line,white,en,1.1.5,orange,Orange
15342,"Estonian (eesti, eesti keel)",,rgb,0,255,116,3,9,line,white,en,1.1.5,green,Green
15342,"Estonian (eesti, eesti keel)",,rgb,194,255,0,3,10,line,white,en,1.1.5,green,Green
15342,"Estonian (eesti, eesti keel)",,rgb,255,0,62,3,11,line,white,en,1.1.5,red,Red
15342,"Estonian (eesti, eesti keel)",,rgb,255,104,0,6,0,line,white,en,1.1.5,oranž,Oranž
15342,"Estonian (eesti, eesti keel)",,rgb,0,255,74,6,1,line,white,en,1.1.5,heleroheline,Heleroheline
15342,"Estonian (eesti, eesti keel)",,rgb,0,237,255,6,2,line,white,en,1.1.5,helesinine,Helesinine
15342,"Estonian (eesti, eesti keel)",,rgb,255,0,32,6,3,line,white,en,1.1.5,punane,Punane
15342,"Estonian (eesti, eesti keel)",,rgb,255,0,171,6,4,line,white,en,1.1.5,roosa,Roosa
15342,"Estonian (eesti, eesti keel)",,rgb,0,63,255,6,5,line,white,en,1.1.5,tumesinine,Tumesinine
15342,"Estonian (eesti, eesti keel)",,rgb,255,0,216,6,6,line,white,en,1.1.5,roosa,Roosa
15342,"Estonian (eesti, eesti keel)",,rgb,255,154,0,6,7,line,white,en,1.1.5,oranž,Oranž
15342,"Estonian (eesti, eesti keel)",,rgb,0,255,226,6,8,line,white,en,1.1.5,helesinine,Helesinine
15342,"Estonian (eesti, eesti keel)",,rgb,255,197,0,6,9,line,white,en,1.1.5,kollane,Kollane
15342,"Estonian (eesti, eesti keel)",,rgb,0,255,182,6,10,line,white,en,1.1.5,roheline,Roheline
15342,"Estonian (eesti, eesti keel)",,rgb,0,85,255,6,11,line,white,en,1.1.5,tumesinine,Tumesinine
15580,Spanish (español),,rgb,252,89,19,1,8,full,white,en,1.1.5,orange,orange
15580,Spanish (español),,rgb,202,110,230,3,6,full,white,en,1.1.5,purple,purple
15580,Spanish (español),,rgb,229,123,168,3,7,full,white,en,1.1.5,pink,pink
15580,Spanish (español),,rgb,215,18,37,3,10,full,white,en,1.1.5,red,red
15580,Spanish (español),,rgb,21,61,84,3,11,full,white,en,1.1.5,dark blue,dark blue
15580,Spanish (español),,rgb,90,28,225,6,3,full,white,en,1.1.5,purple,purple
15580,Spanish (español),,rgb,141,93,154,6,6,full,white,en,1.1.5,pink,pink
15580,Spanish (español),,rgb,197,4,181,6,8,full,white,en,1.1.5,pink,pink
15580,Spanish (español),,rgb,9,118,125,6,9,full,white,en,1.1.5,blue,blue
15580,Spanish (español),,rgb,78,228,162,6,10,full,white,en,1.1.5,green,green
15580,Spanish (español),,rgb,47,43,106,6,11,full,white,en,1.1.5,dark blue,dark blue
15668,English (English),,rgb,189,213,82,3,5,full,white,en,1.1.5,asdf,asdf
15668,English (English),,rgb,178,88,55,3,6,full,white,en,1.1.5,asdf,asdf
15668,English (English),,rgb,243,210,227,3,7,full,white,en,1.1.5,asdf,asdf
15668,English (English),,rgb,230,87,152,3,8,full,white,en,1.1.5,asdf,asdf
15668,English (English),,rgb,187,180,95,6,1,full,white,en,1.1.5,asdf,asdf
15668,English (English),,rgb,134,115,158,6,5,full,white,en,1.1.5,asdf,asdf
15668,English (English),,rgb,116,145,108,6,6,full,white,en,1.1.5,asdf,asdf
15668,English (English),,rgb,249,154,110,6,7,full,white,en,1.1.5,asdf,asdf
15668,English (English),,rgb,54,208,159,6,8,full,white,en,1.1.5,asdf,asdf
15668,English (English),,rgb,29,223,25,6,9,full,white,en,1.1.5,asdf,asdf
15669,English (English),,rgb,139,29,182,1,0,full,white,en,1.1.5,asdf,asdf
15669,English (English),,rgb,157,139,236,1,3,full,white,en,1.1.5,asdf,asdf
15669,English (English),,rgb,58,224,223,1,4,full,white,en,1.1.5,asdf,asdf
15669,English (English),,rgb,107,159,130,1,5,full,white,en,1.1.5,asdf,asdf
15669,English (English),,rgb,69,133,228,1,6,full,white,en,1.1.5,asdf,asdf
15669,English (English),,rgb,60,196,92,1,7,full,white,en,1.1.5,asdf,asdf
15669,English (English),,rgb,72,111,39,1,8,full,white,en,1.1.5,asdf,asdf
15669,English (English),,rgb,5,199,30,1,9,full,white,en,1.1.5,asdf,asdf
15669,English (English),,rgb,220,209,203,3,0,full,white,en,1.1.5,asdf,asdf
15669,English (English),,rgb,179,152,175,3,4,full,white,en,1.1.5,asdf,asdf
15745,"French (français, langue française)",,rgb,149,92,202,1,0,full,white,en,1.1.5,blue,Blue
15745,"French (français, langue française)",,rgb,142,222,129,1,2,full,white,en,1.1.5,green,Green
15745,"French (français, langue française)",,rgb,232,160,107,1,5,full,white,en,1.1.5,green,Green
15745,"French (français, langue française)",,rgb,196,37,243,1,6,full,white,en,1.1.5,blue,Blue
15745,"French (français, langue française)",,rgb,95,159,135,1,7,full,white,en,1.1.5,green,Green
15745,"French (français, langue française)",,rgb,180,87,57,1,8,full,white,en,1.1.5,red,Red
15745,"French (français, langue française)",,rgb,99,224,18,1,9,full,white,en,1.1.5,yellow,Yellow
15745,"French (français, langue française)",,rgb,67,236,118,1,10,full,white,en,1.1.5,yellow,Yellow
15984,Indonesian (Bahasa Indonesia),,rgb,255,178,0,1,0,line,white,en,1.1.5,yellow orange,Yellow-orange
15984,Indonesian (Bahasa Indonesia),,rgb,225,255,0,1,1,line,white,en,1.1.5,acid green,Acid Green
15984,Indonesian (Bahasa Indonesia),,rgb,0,68,255,1,2,line,white,en,1.1.5,neon blue,Neon Blue
15984,Indonesian (Bahasa Indonesia),,rgb,255,119,0,1,3,line,white,en,1.1.5,orange,Orange
15984,Indonesian (Bahasa Indonesia),,rgb,0,164,255,1,4,line,white,en,1.1.5,soft blue,Soft Blue
15984,Indonesian (Bahasa Indonesia),,rgb,0,201,255,1,5,line,white,en,1.1.5,light blue,Light Blue
15984,Indonesian (Bahasa Indonesia),,rgb,110,0,255,1,6,line,white,en,1.1.5,purple,Purple
15984,Indonesian (Bahasa Indonesia),,rgb,0,255,183,1,7,line,white,en,1.1.5,teal,Teal
15984,Indonesian (Bahasa Indonesia),,rgb,255,187,0,1,8,line,white,en,1.1.5,yellow orange,Yellow-orange
15984,Indonesian (Bahasa Indonesia),,rgb,255,125,0,1,9,line,white,en,1.1.5,orange,Orange
15984,Indonesian (Bahasa Indonesia),,rgb,0,243,255,1,10,line,white,en,1.1.5,cyan,Cyan
15984,Indonesian (Bahasa Indonesia),,rgb,255,40,0,1,11,line,white,en,1.1.5,red orange,Red-orange
15984,Indonesian (Bahasa Indonesia),,rgb,0,137,255,3,0,line,white,en,1.1.5,soft blue,Soft Blue
15984,Indonesian (Bahasa Indonesia),,rgb,0,255,50,3,1,line,white,en,1.1.5,neon green,Neon Green
15984,Indonesian (Bahasa Indonesia),,rgb,255,0,86,3,2,line,white,en,1.1.5,hot pink,Hot Pink
15984,Indonesian (Bahasa Indonesia),,rgb,0,255,83,3,3,line,white,en,1.1.5,neon green,Neon Green
15984,Indonesian (Bahasa Indonesia),,rgb,85,0,255,3,4,line,white,en,1.1.5,purple,Purple
15984,Indonesian (Bahasa Indonesia),,rgb,0,255,204,3,5,line,white,en,1.1.5,teal,Teal
15984,Indonesian (Bahasa Indonesia),,rgb,0,110,255,3,6,line,white,en,1.1.5,soft blue,Soft Blue
15984,Indonesian (Bahasa Indonesia),,rgb,255,0,131,3,7,line,white,en,1.1.5,pink,Pink
15984,Indonesian (Bahasa Indonesia),,rgb,0,48,255,3,8,line,white,en,1.1.5,blue,Blue
15984,Indonesian (Bahasa Indonesia),,rgb,241,0,255,3,9,line,white,en,1.1.5,magenta,Magenta
15984,Indonesian (Bahasa Indonesia),,rgb,255,245,0,3,10,line,white,en,1.1.5,yellow,Yellow
15984,Indonesian (Bahasa Indonesia),,rgb,255,0,239,3,11,line,white,en,1.1.5,pink magenta,Pink-Magenta
0,Spanish (español),,rgb,254,111,111,1,0,full,white,en,1.1.5,pink,pink
0,Spanish (español),,rgb,85,25,176,1,1,full,white,en,1.1.5,purple,purple
0,Spanish (español),,rgb,184,67,114,1,2,full,white,en,1.1.5,pink,pink
0,Spanish (español),,rgb,195,254,202,1,3,full,white,en,1.1.5,green,green
0,Spanish (español),,rgb,21,31,235,1,4,full,white,en,1.1.5,green,green
0,Spanish (español),,rgb,171,41,17,1,5,full,white,en,1.1.5,red,red
0,Spanish (español),,rgb,101,1,61,1,6,full,white,en,1.1.5,purple,purple
0,Spanish (español),,rgb,138,160,90,1,7,full,white,en,1.1.5,green,green
0,Spanish (español),,rgb,231,202,152,1,8,full,white,en,1.1.5,pink,pink
0,Spanish (español),,rgb,36,139,187,1,9,full,white,en,1.1.5,green,green
0,Spanish (español),,rgb,205,135,123,1,10,full,white,en,1.1.5,pink,pink
0,Spanish (español),,rgb,69,214,85,1,11,full,white,en,1.1.5,green,green
0,English (English),,rgb,185,254,133,6,10,full,white,en,1.1.5,?,?
0,English (English),,rgb,233,227,246,6,11,full,white,en,1.1.5,?,?
0,Portuguese (português),,rgb,199,49,174,3,10,full,white,en,1.1.5,pink,Pink
0,"Polish (język polski, polszczyzna)",,rgb,0,94,255,1,2,line,white,en,1.1.5,blue,Blue
0,"Polish (język polski, polszczyzna)",,rgb,255,0,136,1,11,line,white,en,1.1.5,pink,Pink
0,"Polish (język polski, polszczyzna)",,rgb,0,132,255,3,0,line,white,en,1.1.5,blue,Blue
0,"Polish (język polski, polszczyzna)",,rgb,0,66,255,6,0,line,white,en,1.1.5,blue,Blue
0,"Polish (język polski, polszczyzna)",,rgb,255,0,146,6,2,line,white,en,1.1.5,pink,Pink
0,"Polish (język polski, polszczyzna)",,rgb,0,189,255,6,7,line,white,en,1.1.5,blue,Blue
0,"Polish (język polski, polszczyzna)",,rgb,0,160,255,6,8,line,white,en,1.1.5,blue,Blue
0,Swedish (svenska),,rgb,0,15,255,1,1,line,white,en,1.1.5,blue,blue
0,Swedish (svenska),,rgb,253,0,255,1,5,line,white,en,1.1.5,purple,purple
0,Swedish (svenska),,rgb,0,255,85,1,6,line,white,en,1.1.5,green,green
0,"French (français, langue française)",,rgb,77,125,244,1,1,full,white,en,1.1.5,blue,blue
0,"French (français, langue française)",,rgb,137,48,53,1,2,full,white,en,1.1.5,red,red
0,"French (français, langue française)",,rgb,96,92,232,1,3,full,white,en,1.1.5,purple,purple
0,"French (français, langue française)",,rgb,156,213,146,1,4,full,white,en,1.1.5,green,green
0,"French (français, langue française)",,rgb,100,80,101,1,5,full,white,en,1.1.5,purple,purple
0,"French (français, langue française)",,rgb,181,190,27,1,7,full,white,en,1.1.5,green,green
0,"French (français, langue française)",,rgb,112,29,65,1,8,full,white,en,1.1.5,pink,pink
0,"French (français, langue française)",,rgb,60,129,84,1,9,full,white,en,1.1.5,green,green
0,"French (français, langue française)",,rgb,75,86,52,1,10,full,white,en,1.1.5,green,green
0,"French (français, langue française)",,rgb,143,145,185,1,11,full,white,en,1.1.5,blue,blue
0,Spanish (español),,rgb,115,45,192,1,8,full,white,en,1.1.5,purple,purple
0,Spanish (español),,rgb,107,196,224,1,9,full,white,en,1.1.5,light blue,light blue
0,German (Deutsch),,rgb,2,221,192,1,9,full,white,en,1.1.5,cyan,cyan
0,English (English),,rgb,69,2,63,1,11,full,white,en,1.1.5,?,?
0,English (English),,rgb,207,221,188,1,0,full,white,en,1.1.5,?,?
0,Italian (italiano),,rgb,0,94,255,1,0,line,white,en,1.1.5,blue,Blue
0,Italian (italiano),,rgb,0,68,255,1,10,line,white,en,1.1.5,blue,Blue
0,Italian (italiano),,rgb,0,80,255,6,0,line,white,en,1.1.5,blue,Blue
0,"Polish (język polski, polszczyzna)",,rgb,223,170,171,1,3,full,white,en,1.1.5,pink,Pink
0,Danish (dansk),,rgb,225,0,255,3,0,line,white,en,1.1.5,hot pink,Hot pink
0,Danish (dansk),,rgb,255,0,124,3,6,line,white,en,1.1.5,hot pink,Hot pink
0,Danish (dansk),,rgb,255,0,149,3,9,line,white,en,1.1.5,hot pink,Hot pink
0,Greek (modern) (ελληνικά),,rgb,73,255,0,1,0,line,white,en,1.1.5,green,Green
0,Greek (modern) (ελληνικά),,rgb,255,225,0,1,1,line,white,en,1.1.5,yellow,Yellow
0,Greek (modern) (ελληνικά),,rgb,157,255,0,1,2,line,white,en,1.1.5,lime,Lime
0,Greek (modern) (ελληνικά),,rgb,247,0,255,1,3,line,white,en,1.1.5,magenta,Magenta
0,Greek (modern) (ελληνικά),,rgb,0,154,255,1,4,line,white,en,1.1.5,blue,Blue
0,Greek (modern) (ελληνικά),,rgb,255,106,0,1,5,line,white,en,1.1.5,dark orange,Dark Orange
0,Greek (modern) (ελληνικά),,rgb,0,255,30,1,6,line,white,en,1.1.5,green,GREEN
0,Greek (modern) (ελληνικά),,rgb,0,247,255,1,7,line,white,en,1.1.5,cyan,cYAN
0,Greek (modern) (ελληνικά),,rgb,0,193,255,1,8,line,white,en,1.1.5,turqoise,Turqoise
0,Greek (modern) (ελληνικά),,rgb,125,0,255,1,9,line,white,en,1.1.5,purple,Purple
0,Greek (modern) (ελληνικά),,rgb,255,127,0,1,10,line,white,en,1.1.5,orange,Orange
0,Greek (modern) (ελληνικά),,rgb,255,0,193,1,11,line,white,en,1.1.5,pink,Pink
0,"Dutch (Nederlands, Vlaams)",,rgb,160,26,166,1,4,full,white,en,1.1.5,purple,purple
0,"Dutch (Nederlands, Vlaams)",,rgb,80,126,198,1,5,full,white,en,1.1.5,blue,blue
0,Swedish (svenska),,rgb,158,56,138,3,5,full,white,en,1.1.5,magenta,magenta
0,Swedish (svenska),,rgb,247,54,185,6,9,full,white,en,1.1.5,magenta,magenta
0,Spanish (español),,rgb,89,176,133,1,0,full,white,en,1.1.5,green,green
0,Spanish (español),,rgb,38,176,51,1,1,full,white,en,1.1.5,green,green
0,Spanish (español),,rgb,242,5,138,1,2,full,white,en,1.1.5,pink,pink
0,Spanish (español),,rgb,71,36,75,1,3,full,white,en,1.1.5,purple,purple
0,Spanish (español),,rgb,11,232,133,1,4,full,white,en,1.1.5,green,green
0,Spanish (español),,rgb,69,98,137,1,5,full,white,en,1.1.5,blue,blue
0,Spanish (español),,rgb,163,167,47,1,7,full,white,en,1.1.5,green,green
0,Spanish (español),,rgb,196,248,226,1,8,full,white,en,1.1.5,blue,blue
0,Spanish (español),,rgb,104,100,230,1,10,full,white,en,1.1.5,blue,blue
0,Spanish (español),,rgb,88,205,203,1,11,full,white,en,1.1.5,blue,blue
0,Spanish (español),,rgb,36,97,32,3,0,full,white,en,1.1.5,green,green
0,Spanish (español),,rgb,247,41,101,3,1,full,white,en,1.1.5,pink,pink
0,Spanish (español),,rgb,81,12,238,3,2,full,white,en,1.1.5,purple,purple
0,Spanish (español),,rgb,124,156,91,3,3,full,white,en,1.1.5,green,green
0,Spanish (español),,rgb,239,42,232,3,4,full,white,en,1.1.5,pink,pink
0,Spanish (español),,rgb,80,13,98,3,5,full,white,en,1.1.5,purple,purple
0,Spanish (español),,rgb,173,210,28,3,7,full,white,en,1.1.5,green,green
0,Spanish (español),,rgb,170,69,231,3,8,full,white,en,1.1.5,purple,purple
0,Spanish (español),,rgb,251,156,238,3,9,full,white,en,1.1.5,pink,pink
0,Spanish (español),,rgb,126,117,43,3,11,full,white,en,1.1.5,green,green
0,Spanish (español),,rgb,6,48,163,6,0,full,white,en,1.1.5,blue,blue
0,Spanish (español),,rgb,246,146,3,6,1,full,white,en,1.1.5,orange,Orange
0,Spanish (español),,rgb,37,134,236,6,3,full,white,en,1.1.5,blue,blue
0,Spanish (español),,rgb,124,236,107,6,4,full,white,en,1.1.5,green,green
0,Spanish (español),,rgb,242,42,63,6,5,full,white,en,1.1.5,red,red
0,Spanish (español),,rgb,97,29,198,6,7,full,white,en,1.1.5,purple,purple
0,Spanish (español),,rgb,167,5,250,6,8,full,white,en,1.1.5,purple,purple
0,Spanish (español),,rgb,230,72,29,6,9,full,white,en,1.1.5,red,red
0,Spanish (español),,rgb,40,100,110,6,10,full,white,en,1.1.5,blue,blue
0,Spanish (español),,rgb,159,115,207,6,11,full,white,en,1.1.5,purple,purple
0,Italian (italiano),,rgb,0,110,255,1,3,line,white,en,1.1.5,blue,blue
0,Italian (italiano),,rgb,0,50,255,3,1,line,white,en,1.1.5,blue,blue
0,Italian (italiano),,rgb,0,126,255,6,0,line,white,en,1.1.5,blue,blue
0,Italian (italiano),,rgb,108,0,255,6,6,line,white,en,1.1.5,blue,blue
0,Italian (italiano),,rgb,0,81,255,6,10,line,white,en,1.1.5,blue,blue
0,German (Deutsch),,rgb,108,235,227,6,1,full,white,en,1.1.5,cyan,cyan
0,"Abkhaz (аҧсуа бызшәа, аҧсшәа)",,rgb,0,21,255,1,0,line,white,en,1.1.5,blue,blue
0,"Abkhaz (аҧсуа бызшәа, аҧсшәа)",,rgb,229,255,0,1,1,line,white,en,1.1.5,yellow,yellow
0,"Abkhaz (аҧсуа бызшәа, аҧсшәа)",,rgb,0,128,255,1,2,line,white,en,1.1.5,blue,blue
0,"Abkhaz (аҧсуа бызшәа, аҧсшәа)",,rgb,0,255,200,1,3,line,white,en,1.1.5,green,green
0,"Abkhaz (аҧсуа бызшәа, аҧсшәа)",,rgb,255,88,0,1,4,line,white,en,1.1.5,orange,orange
0,"Abkhaz (аҧсуа бызшәа, аҧсшәа)",,rgb,255,126,0,1,5,line,white,en,1.1.5,orange,orange
0,"Abkhaz (аҧсуа бызшәа, аҧсшәа)",,rgb,0,236,255,1,6,line,white,en,1.1.5,blue,blue
0,"Abkhaz (аҧсуа бызшәа, аҧсшәа)",,rgb,255,0,29,1,7,line,white,en,1.1.5,red,red
0,"Abkhaz (аҧсуа бызшәа, аҧсшәа)",,rgb,0,144,255,1,8,line,white,en,1.1.5,blue,blue
0,"Abkhaz (аҧсуа бызшәа, аҧсшәа)",,rgb,0,215,255,1,9,line,white,en,1.1.5,blue,blue
0,"Abkhaz (аҧсуа бызшәа, аҧсшәа)",,rgb,255,0,205,1,10,line,white,en,1.1.5,pink,pink
0,"Abkhaz (аҧсуа бызшәа, аҧсшәа)",,rgb,0,255,185,1,11,line,white,en,1.1.5,green,green
0,"Abkhaz (аҧсуа бызшәа, аҧсшәа)",,rgb,242,255,0,3,0,line,white,en,1.1.5,yellow,yellow
0,"Abkhaz (аҧсуа бызшәа, аҧсшәа)",,rgb,255,237,0,3,1,line,white,en,1.1.5,yellow,yellow
0,"Abkhaz (аҧсуа бызшәа, аҧсшәа)",,rgb,0,86,255,3,2,line,white,en,1.1.5,blue,blue
0,"Abkhaz (аҧсуа бызшәа, аҧсшәа)",,rgb,0,163,255,3,3,line,white,en,1.1.5,blue,blue
0,"Abkhaz (аҧсуа бызшәа, аҧсшәа)",,rgb,216,0,255,3,4,line,white,en,1.1.5,purple,purple
0,"Abkhaz (аҧсуа бызшәа, аҧсшәа)",,rgb,0,255,100,3,5,line,white,en,1.1.5,green,green
0,"Abkhaz (аҧсуа бызшәа, аҧсшәа)",,rgb,154,0,255,3,6,line,white,en,1.1.5,purple,purple
0,"Abkhaz (аҧсуа бызшәа, аҧсшәа)",,rgb,0,95,255,3,7,line,white,en,1.1.5,blue,blue
0,"Abkhaz (аҧсуа бызшәа, аҧсшәа)",,rgb,255,0,88,3,8,line,white,en,1.1.5,red,red
0,"Abkhaz (аҧсуа бызшәа, аҧсшәа)",,rgb,0,255,140,3,9,line,white,en,1.1.5,green,green
0,"Abkhaz (аҧсуа бызшәа, аҧсшәа)",,rgb,180,255,0,3,10,line,white,en,1.1.5,green,green
0,"Abkhaz (аҧсуа бызшәа, аҧсшәа)",,rgb,255,0,124,3,11,line,white,en,1.1.5,pink,pink
0,"Abkhaz (аҧсуа бызшәа, аҧсшәа)",,rgb,0,184,255,6,0,line,white,en,1.1.5,blue,blue
0,"Abkhaz (аҧсуа бызшәа, аҧсшәа)",,rgb,255,0,252,6,1,line,white,en,1.1.5,purple,purple
0,"Abkhaz (аҧсуа бызшәа, аҧсшәа)",,rgb,102,255,0,6,2,line,white,en,1.1.5,green,green
0,"Abkhaz (аҧсуа бызшәа, аҧсшәа)",,rgb,255,0,172,6,3,line,white,en,1.1.5,pink,pink
0,"Abkhaz (аҧсуа бызшәа, аҧсшәа)",,rgb,0,40,255,6,4,line,white,en,1.1.5,blue,blue
0,"Abkhaz (аҧсуа бызшәа, аҧсшәа)",,rgb,255,198,0,6,5,line,white,en,1.1.5,yellow,yellow
0,"Abkhaz (аҧсуа бызшәа, аҧсшәа)",,rgb,255,0,215,6,6,line,white,en,1.1.5,purple,purple
0,"Abkhaz (аҧсуа бызшәа, аҧсшәа)",,rgb,0,255,66,6,8,line,white,en,1.1.5,green,green
0,"Abkhaz (аҧсуа бызшәа, аҧсшәа)",,rgb,255,0,51,6,9,line,white,en,1.1.5,red,red
0,"Abkhaz (аҧсуа бызшәа, аҧсшәа)",,rgb,0,255,236,6,10,line,white,en,1.1.5,blue,blue
0,"Abkhaz (аҧсуа бызшәа, аҧсшәа)",,rgb,255,163,0,6,11,line,white,en,1.1.5,orange,orange
0,"French (français, langue française)",,rgb,42,241,149,1,0,full,white,en,1.1.5,lime,Lime
0,"French (français, langue française)",,rgb,176,213,13,6,1,full,white,en,1.1.5,lime,Lime
16279,"Malay (bahasa Melayu, بهاس ملايو‎)",,rgb,211,255,0,3,0,line,white,en,1.1.5,lime green,Lime green
16279,"Malay (bahasa Melayu, بهاس ملايو‎)",,rgb,155,255,0,3,1,line,white,en,1.1.5,acid green,Acid green
16279,"Malay (bahasa Melayu, بهاس ملايو‎)",,rgb,78,0,255,3,2,line,white,en,1.1.5,indigo,Indigo
16279,"Malay (bahasa Melayu, بهاس ملايو‎)",,rgb,255,0,51,3,3,line,white,en,1.1.5,scarlet red,Scarlet red
16279,"Malay (bahasa Melayu, بهاس ملايو‎)",,rgb,255,0,104,3,4,line,white,en,1.1.5,red,Red
16279,"Malay (bahasa Melayu, بهاس ملايو‎)",,rgb,255,0,218,3,5,line,white,en,1.1.5,shocking purple,Shocking purple
16279,"Malay (bahasa Melayu, بهاس ملايو‎)",,rgb,210,0,255,3,6,line,white,en,1.1.5,purple,Purple
16279,"Malay (bahasa Melayu, بهاس ملايو‎)",,rgb,255,115,0,3,7,line,white,en,1.1.5,orange,Orange
16279,"Malay (bahasa Melayu, بهاس ملايو‎)",,rgb,0,255,109,3,8,line,white,en,1.1.5,shocking green,Shocking green
16279,"Malay (bahasa Melayu, بهاس ملايو‎)",,rgb,255,192,0,3,9,line,white,en,1.1.5,orange,Orange
16279,"Malay (bahasa Melayu, بهاس ملايو‎)",,rgb,0,59,255,3,10,line,white,en,1.1.5,blue,Blue
16279,"Malay (bahasa Melayu, بهاس ملايو‎)",,rgb,255,224,0,3,11,line,white,en,1.1.5,yellow,Yellow
16279,"Malay (bahasa Melayu, بهاس ملايو‎)",,rgb,126,0,255,6,0,line,white,en,1.1.5,purple,Purple
16279,"Malay (bahasa Melayu, بهاس ملايو‎)",,rgb,0,255,176,6,1,line,white,en,1.1.5,green,Green
16279,"Malay (bahasa Melayu, بهاس ملايو‎)",,rgb,255,0,167,6,2,line,white,en,1.1.5,fushia,Fushia
16279,"Malay (bahasa Melayu, بهاس ملايو‎)",,rgb,119,255,0,6,3,line,white,en,1.1.5,lime green,Lime green
16279,"Malay (bahasa Melayu, بهاس ملايو‎)",,rgb,255,171,0,6,4,line,white,en,1.1.5,orange,Orange
16279,"Malay (bahasa Melayu, بهاس ملايو‎)",,rgb,0,73,255,6,5,line,white,en,1.1.5,blue,Blue
16279,"Malay (bahasa Melayu, بهاس ملايو‎)",,rgb,0,255,66,6,6,line,white,en,1.1.5,green,Green
16279,"Malay (bahasa Melayu, بهاس ملايو‎)",,rgb,0,99,255,6,7,line,white,en,1.1.5,blue,Blue
16279,"Malay (bahasa Melayu, بهاس ملايو‎)",,rgb,255,244,0,6,8,line,white,en,1.1.5,yellow,Yellow
16279,"Malay (bahasa Melayu, بهاس ملايو‎)",,rgb,255,27,0,6,9,line,white,en,1.1.5,red,Red
16279,"Malay (bahasa Melayu, بهاس ملايو‎)",,rgb,0,118,255,6,10,line,white,en,1.1.5,blue,Blue
16279,"Malay (bahasa Melayu, بهاس ملايو‎)",,rgb,255,0,246,6,11,line,white,en,1.1.5,shocking purple,Shocking purple
16702,Spanish (español),,rgb,255,139,0,3,0,line,white,en,1.1.5,orange,Orange
16702,Spanish (español),,rgb,255,0,33,3,1,line,white,en,1.1.5,red,Red
16702,Spanish (español),,rgb,255,0,187,3,3,line,white,en,1.1.5,pink,Pink
16702,Spanish (español),,rgb,208,0,255,3,4,line,white,en,1.1.5,purple,Purple
16702,Spanish (español),,rgb,0,204,255,3,5,line,white,en,1.1.5,blue,Blue
16702,Spanish (español),,rgb,0,163,255,3,6,line,white,en,1.1.5,blue,Blue
16702,Spanish (español),,rgb,35,255,0,3,7,line,white,en,1.1.5,green,Green
16702,Spanish (español),,rgb,255,169,0,3,8,line,white,en,1.1.5,orange,Orange
16702,Spanish (español),,rgb,0,255,157,3,9,line,white,en,1.1.5,green,Green
16702,Spanish (español),,rgb,255,0,103,3,10,line,white,en,1.1.5,red,Red
16702,Spanish (español),,rgb,0,79,255,3,11,line,white,en,1.1.5,dark blue,Dark blue
16702,Spanish (español),,rgb,235,255,0,6,0,line,white,en,1.1.5,yellow,Yellow
16702,Spanish (español),,rgb,0,102,255,6,2,line,white,en,1.1.5,blue,Blue
16702,Spanish (español),,rgb,255,0,122,6,3,line,white,en,1.1.5,pink,Pink
16702,Spanish (español),,rgb,255,93,0,6,4,line,white,en,1.1.5,orange,Orange
16702,Spanish (español),,rgb,126,0,255,6,5,line,white,en,1.1.5,purple,Purple
16702,Spanish (español),,rgb,255,211,0,6,6,line,white,en,1.1.5,yellow,Yellow
16702,Spanish (español),,rgb,107,255,0,6,7,line,white,en,1.1.5,green,Green
16702,Spanish (español),,rgb,0,255,95,6,8,line,white,en,1.1.5,green,Green
16702,Spanish (español),,rgb,186,255,0,6,9,line,white,en,1.1.5,green,Green
16702,Spanish (español),,rgb,0,255,131,6,10,line,white,en,1.1.5,green,Green
16702,Spanish (español),,rgb,255,0,239,6,11,line,white,en,1.1.5,pink,Pink
17207,German (Deutsch),,rgb,255,0,42,1,3,line,white,en,1.1.5,red,red
17207,German (Deutsch),,rgb,255,162,0,1,4,line,white,en,1.1.5,yellow,yellow
17207,German (Deutsch),,rgb,0,255,142,1,7,line,white,en,1.1.5,green,green
17207,German (Deutsch),,rgb,80,0,255,1,11,line,white,en,1.1.5,blue,blue
17207,German (Deutsch),,rgb,157,255,0,3,0,line,white,en,1.1.5,green,green
17207,German (Deutsch),,rgb,255,205,0,3,3,line,white,en,1.1.5,yellow,yellow
17207,German (Deutsch),,rgb,0,83,255,3,4,line,white,en,1.1.5,blue,blue
17207,German (Deutsch),,rgb,255,0,58,3,5,line,white,en,1.1.5,red,red
17207,German (Deutsch),,rgb,0,104,255,3,6,line,white,en,1.1.5,blue,blue
17207,German (Deutsch),,rgb,230,255,0,3,8,line,white,en,1.1.5,yellow,yellow
17207,German (Deutsch),,rgb,0,255,80,6,2,line,white,en,1.1.5,green,green
17207,German (Deutsch),,rgb,0,212,255,6,3,line,white,en,1.1.5,blue,blue
17207,German (Deutsch),,rgb,0,132,255,6,6,line,white,en,1.1.5,blue,blue
17207,German (Deutsch),,rgb,82,255,0,6,8,line,white,en,1.1.5,green,green
17207,German (Deutsch),,rgb,255,214,0,6,9,line,white,en,1.1.5,yellow,yellow
17207,German (Deutsch),,rgb,0,156,255,6,11,line,white,en,1.1.5,blue,blue
17476,Swedish (svenska),,rgb,72,27,31,3,5,full,white,en,1.1.5,magenta,magenta
17578,Spanish (español),,rgb,232,97,123,1,2,full,white,en,1.1.5,red,red
17578,Spanish (español),,rgb,136,225,120,1,7,full,white,en,1.1.5,green,green
17578,Spanish (español),,rgb,90,187,222,1,11,full,white,en,1.1.5,blue,blue
17578,Spanish (español),,rgb,218,30,33,3,2,full,white,en,1.1.5,red,red
17578,Spanish (español),,rgb,62,88,226,3,4,full,white,en,1.1.5,blue,blue
17578,Spanish (español),,rgb,237,86,169,3,6,full,white,en,1.1.5,pink,pink
17578,Spanish (español),,rgb,5,167,128,3,8,full,white,en,1.1.5,green,green
17578,Spanish (español),,rgb,136,79,185,3,10,full,white,en,1.1.5,purple,purple
17578,Spanish (español),,rgb,64,232,33,6,1,full,white,en,1.1.5,green,green
17578,Spanish (español),,rgb,251,206,33,6,6,full,white,en,1.1.5,yellow,yellow
17578,Spanish (español),,rgb,217,140,32,6,10,full,white,en,1.1.5,orange,orange
17975,Portuguese (português),,rgb,21,60,219,1,0,full,white,en,1.1.5,blue,Blue
17975,Portuguese (português),,rgb,181,37,2,1,1,full,white,en,1.1.5,red,Red
17975,Portuguese (português),,rgb,103,66,151,1,4,full,white,en,1.1.5,purple,Purple
17975,Portuguese (português),,rgb,208,9,189,1,5,full,white,en,1.1.5,pink,Pink
17975,Portuguese (português),,rgb,3,169,101,1,6,full,white,en,1.1.5,green,Green
17975,Portuguese (português),,rgb,113,122,247,1,8,full,white,en,1.1.5,blue,Blue
17975,Portuguese (português),,rgb,54,183,72,1,9,full,white,en,1.1.5,green,Green
18256,Italian (italiano),,rgb,0,198,255,1,7,line,white,en,1.1.5,blue,Blue
18280,Danish (dansk),,rgb,0,146,255,1,0,line,white,en,1.1.5,blue,Blue
18280,Danish (dansk),,rgb,255,0,67,1,1,line,white,en,1.1.5,red,Red
18280,Danish (dansk),,rgb,255,214,0,1,2,line,white,en,1.1.5,yellow,Yellow
18280,Danish (dansk),,rgb,187,255,0,1,5,line,white,en,1.1.5,green,Green
18280,Danish (dansk),,rgb,0,255,68,1,7,line,white,en,1.1.5,green,Green
18280,Danish (dansk),,rgb,0,91,255,1,9,line,white,en,1.1.5,blue,Blue
18280,Danish (dansk),,rgb,255,0,36,1,10,line,white,en,1.1.5,red,Red
18280,Danish (dansk),,rgb,105,255,0,3,0,line,white,en,1.1.5,green,Green
18280,Danish (dansk),,rgb,0,255,136,3,1,line,white,en,1.1.5,green,Green
18280,Danish (dansk),,rgb,161,0,255,3,2,line,white,en,1.1.5,purple,Purple
18280,Danish (dansk),,rgb,255,22,0,3,4,line,white,en,1.1.5,red,Red
18280,Danish (dansk),,rgb,88,0,255,3,9,line,white,en,1.1.5,blue,Blue
18280,Danish (dansk),,rgb,240,255,0,6,1,line,white,en,1.1.5,yellow,Yellow
18280,Danish (dansk),,rgb,183,0,255,6,3,line,white,en,1.1.5,purple,Purple
18280,Danish (dansk),,rgb,0,255,102,6,4,line,white,en,1.1.5,green,Green
18280,Danish (dansk),,rgb,0,76,255,6,7,line,white,en,1.1.5,blue,Blue
18280,Danish (dansk),,rgb,0,62,255,6,8,line,white,en,1.1.5,dark blue,Dark blue
18280,Danish (dansk),,rgb,0,165,255,6,11,line,white,en,1.1.5,blue,Blue
18313,"French (français, langue française)",,rgb,228,68,93,1,1,full,white,en,1.1.5,pink,pink
18313,"French (français, langue française)",,rgb,59,101,226,1,3,full,white,en,1.1.5,light blue,light blue
18313,"French (français, langue française)",,rgb,58,145,122,1,4,full,white,en,1.1.5,green,green
18313,"French (français, langue française)",,rgb,115,219,53,1,5,full,white,en,1.1.5,green,green
18313,"French (français, langue française)",,rgb,229,135,114,1,6,full,white,en,1.1.5,pink,pink
18313,"French (français, langue française)",,rgb,152,210,103,1,7,full,white,en,1.1.5,green,green
18313,"French (français, langue française)",,rgb,164,81,203,1,11,full,white,en,1.1.5,purple,purple
18480,English (English),,rgb,25,110,27,1,0,full,white,en,1.1.5,a,a
18480,English (English),,rgb,109,58,16,1,1,full,white,en,1.1.5,a,a
18480,English (English),,rgb,55,137,244,1,2,full,white,en,1.1.5,a,a
18480,English (English),,rgb,246,103,150,1,3,full,white,en,1.1.5,a,a
18480,English (English),,rgb,1,24,239,1,4,full,white,en,1.1.5,a,a
18480,English (English),,rgb,174,124,156,1,5,full,white,en,1.1.5,a,a
18480,English (English),,rgb,175,103,255,1,6,full,white,en,1.1.5,a,a
18480,English (English),,rgb,99,114,150,1,7,full,white,en,1.1.5,a,a
18480,English (English),,rgb,190,168,163,1,8,full,white,en,1.1.5,a,a
18480,English (English),,rgb,27,45,160,1,9,full,white,en,1.1.5,a,a
18480,English (English),,rgb,16,186,189,1,10,full,white,en,1.1.5,a,a
18480,English (English),,rgb,238,230,60,1,11,full,white,en,1.1.5,a,a
18480,English (English),,rgb,79,15,101,3,0,full,white,en,1.1.5,a,a
18480,English (English),,rgb,247,191,148,3,1,full,white,en,1.1.5,a,a
18480,English (English),,rgb,126,28,63,3,2,full,white,en,1.1.5,a,a
18480,English (English),,rgb,205,92,59,3,3,full,white,en,1.1.5,a,a
18480,English (English),,rgb,248,9,163,3,4,full,white,en,1.1.5,a,a
18480,English (English),,rgb,216,37,191,3,5,full,white,en,1.1.5,a,a
18480,English (English),,rgb,122,244,180,3,6,full,white,en,1.1.5,a,a
18480,English (English),,rgb,48,33,19,3,7,full,white,en,1.1.5,a,a
18551,Portuguese (português),,rgb,224,99,89,1,0,full,white,en,1.1.5,light red,light red
18551,Portuguese (português),,rgb,151,25,180,1,6,full,white,en,1.1.5,purple,purple
18559,Portuguese (português),,rgb,41,130,33,1,0,full,white,en,1.1.5,green,Green
18559,Portuguese (português),,rgb,103,27,145,1,1,full,white,en,1.1.5,purple,Purple
18559,Portuguese (português),,rgb,18,26,176,1,2,full,white,en,1.1.5,blue,Blue
18559,Portuguese (português),,rgb,211,207,58,1,4,full,white,en,1.1.5,yellow,Yellow
18559,Portuguese (português),,rgb,42,66,193,1,5,full,white,en,1.1.5,blue,Blue
18559,Portuguese (português),,rgb,80,88,149,1,6,full,white,en,1.1.5,blue,Blue
18559,Portuguese (português),,rgb,3,125,209,1,8,full,white,en,1.1.5,blue,Blue
18559,Portuguese (português),,rgb,207,245,76,1,9,full,white,en,1.1.5,yellow,Yellow
18559,Portuguese (português),,rgb,189,64,163,1,10,full,white,en,1.1.5,pink,Pink
18559,Portuguese (português),,rgb,161,51,88,1,11,full,white,en,1.1.5,pink,Pink
18561,Portuguese (português),,rgb,241,132,187,1,0,full,white,en,1.1.5,pink,pink
18561,Portuguese (português),,rgb,158,53,158,1,1,full,white,en,1.1.5,purple,purple
18561,Portuguese (português),,rgb,101,137,197,1,2,full,white,en,1.1.5,light blue,light blue
18555,Portuguese (português),,rgb,235,161,183,1,2,full,white,en,1.1.5,pink,pink
18555,Portuguese (português),,rgb,242,176,47,1,4,full,white,en,1.1.5,orange,orange
18555,Portuguese (português),,rgb,14,138,83,1,6,full,white,en,1.1.5,green,green
18555,Portuguese (português),,rgb,176,96,104,1,7,full,white,en,1.1.5,dark pink,dark pink
18556,Portuguese (português),,rgb,214,96,241,1,5,full,white,en,1.1.5,pink,pink
18557,Portuguese (português),,rgb,199,64,245,1,4,full,white,en,1.1.5,pink,pink
18548,Portuguese (português),,rgb,252,239,60,1,7,full,white,en,1.1.5,yellow,yellow
18548,Portuguese (português),,rgb,32,128,221,1,8,full,white,en,1.1.5,turquoise,turquoise
18548,Portuguese (português),,rgb,239,104,239,1,11,full,white,en,1.1.5,pink,pink
18549,Portuguese (português),,rgb,139,91,103,1,1,full,white,en,1.1.5,purple,purple
18549,Portuguese (português),,rgb,47,157,55,1,4,full,white,en,1.1.5,green,green
18549,Portuguese (português),,rgb,182,84,0,1,6,full,white,en,1.1.5,orange,orange
18549,Portuguese (português),,rgb,159,71,62,1,9,full,white,en,1.1.5,red,red
18549,Portuguese (português),,rgb,61,241,56,1,10,full,white,en,1.1.5,green,green
18549,Portuguese (português),,rgb,88,111,120,1,11,full,white,en,1.1.5,blue,blue
18553,Portuguese (português),,rgb,233,255,0,1,3,line,white,en,1.1.5,yellow,yellow
18553,Portuguese (português),,rgb,103,255,0,1,4,line,white,en,1.1.5,green,Green
18553,Portuguese (português),,rgb,255,228,0,1,5,line,white,en,1.1.5,yellow,yellow
18553,Portuguese (português),,rgb,0,123,255,1,7,line,white,en,1.1.5,blue,Blue
18553,Portuguese (português),,rgb,172,255,0,1,8,line,white,en,1.1.5,green,Green
18553,Portuguese (português),,rgb,0,255,126,1,9,line,white,en,1.1.5,green,Green
18553,Portuguese (português),,rgb,0,101,255,1,10,line,white,en,1.1.5,blue,Blue
18553,Portuguese (português),,rgb,0,160,255,1,11,line,white,en,1.1.5,light blue,light Blue
18552,Portuguese (português),,rgb,24,85,186,1,1,full,white,en,1.1.5,blue,blue
18552,Portuguese (português),,rgb,196,24,87,1,2,full,white,en,1.1.5,dark pink,dark pink
18552,Portuguese (português),,rgb,106,142,12,1,8,full,white,en,1.1.5,green,green
18551,Portuguese (português),,rgb,209,93,211,3,5,full,white,en,1.1.5,pink,pink
18551,Portuguese (português),,rgb,17,110,148,3,6,full,white,en,1.1.5,blue,blue
18551,Portuguese (português),,rgb,77,172,96,3,9,full,white,en,1.1.5,green,green
18570,Portuguese (português),,rgb,53,208,66,1,0,full,white,en,1.1.5,bright green,bright green
18570,Portuguese (português),,rgb,122,150,208,1,5,full,white,en,1.1.5,light blue,light blue
18570,Portuguese (português),,rgb,249,131,205,1,7,full,white,en,1.1.5,pink,pink
18570,Portuguese (português),,rgb,164,66,254,3,0,full,white,en,1.1.5,purple,purple
18570,Portuguese (português),,rgb,217,57,157,3,5,full,white,en,1.1.5,pink,pink
18570,Portuguese (português),,rgb,39,107,70,3,6,full,white,en,1.1.5,green,green
18570,Portuguese (português),,rgb,63,207,237,3,10,full,white,en,1.1.5,turquoise,turquoise
18553,Portuguese (português),,rgb,255,0,101,3,0,line,white,en,1.1.5,pink,pink
18553,Portuguese (português),,rgb,0,190,255,3,1,line,white,en,1.1.5,blue,Blue
18553,Portuguese (português),,rgb,255,0,165,3,2,line,white,en,1.1.5,pink,pink
18553,Portuguese (português),,rgb,255,206,0,3,3,line,white,en,1.1.5,yellow,yellow
18553,Portuguese (português),,rgb,255,138,0,3,4,line,white,en,1.1.5,orange,Orange
18553,Portuguese (português),,rgb,176,0,255,3,5,line,white,en,1.1.5,purple,purple
18553,Portuguese (português),,rgb,125,0,255,3,6,line,white,en,1.1.5,blue,Blue
18553,Portuguese (português),,rgb,255,0,194,3,7,line,white,en,1.1.5,pink,pink
18555,Portuguese (português),,rgb,54,188,31,3,4,full,white,en,1.1.5,green,green
18555,Portuguese (português),,rgb,230,89,178,3,6,full,white,en,1.1.5,pink,pink
18555,Portuguese (português),,rgb,90,53,254,3,7,full,white,en,1.1.5,light blue,light blue
18555,Portuguese (português),,rgb,238,103,23,3,11,full,white,en,1.1.5,orange,orange
18582,Portuguese (português),,rgb,5,138,178,1,2,full,white,en,1.1.5,blue,Blue
18582,Portuguese (português),,rgb,231,135,1,1,3,full,white,en,1.1.5,orange,Orange
18582,Portuguese (português),,rgb,175,3,158,1,5,full,white,en,1.1.5,purple,Purple
18582,Portuguese (português),,rgb,249,79,222,1,11,full,white,en,1.1.5,pink,pink
18575,Portuguese (português),,rgb,28,165,82,1,0,full,white,en,1.1.5,green,Green
18575,Portuguese (português),,rgb,234,56,130,1,8,full,white,en,1.1.5,pink,Pink
18583,Portuguese (português),,rgb,244,177,234,1,2,full,white,en,1.1.5,pink,pink
18583,Portuguese (português),,rgb,119,76,145,1,9,full,white,en,1.1.5,purple,purple
18583,Portuguese (português),,rgb,87,97,190,1,10,full,white,en,1.1.5,blue,blue
18585,Portuguese (português),,rgb,65,32,167,1,2,full,white,en,1.1.5,purple,purple
18585,Portuguese (português),,rgb,250,205,15,1,5,full,white,en,1.1.5,yellow,yellow
18585,Portuguese (português),,rgb,224,149,138,1,7,full,white,en,1.1.5,pink,pink
18585,Portuguese (português),,rgb,21,73,225,1,8,full,white,en,1.1.5,turquoise,turquoise
18585,Portuguese (português),,rgb,215,135,63,1,11,full,white,en,1.1.5,orange,orange
18582,Portuguese (português),,rgb,237,190,2,3,0,full,white,en,1.1.5,yellow,Yellow
18582,Portuguese (português),,rgb,130,46,161,3,1,full,white,en,1.1.5,purple,Purple
18582,Portuguese (português),,rgb,161,48,98,3,4,full,white,en,1.1.5,purple,Purple
18582,Portuguese (português),,rgb,248,85,88,3,6,full,white,en,1.1.5,pink,pink
18582,Portuguese (português),,rgb,56,122,241,3,7,full,white,en,1.1.5,blue,blue
18582,Portuguese (português),,rgb,116,111,186,3,8,full,white,en,1.1.5,light blue,Light blue
18582,Portuguese (português),,rgb,53,20,69,3,9,full,white,en,1.1.5,purple,Purple
18582,Portuguese (português),,rgb,250,101,168,3,10,full,white,en,1.1.5,pink,pink
18583,Portuguese (português),,rgb,126,87,122,3,1,full,white,en,1.1.5,purple,purple
18583,Portuguese (português),,rgb,41,124,191,3,3,full,white,en,1.1.5,blue,blue
18583,Portuguese (português),,rgb,254,219,109,3,10,full,white,en,1.1.5,yellow,yellow
18582,Portuguese (português),,rgb,145,200,13,6,0,full,white,en,1.1.5,green,Green
18582,Portuguese (português),,rgb,142,166,190,6,3,full,white,en,1.1.5,light blue,light blue
18575,Portuguese (português),,rgb,232,158,209,6,1,full,white,en,1.1.5,pink,Pink
18575,Portuguese (português),,rgb,247,82,24,6,7,full,white,en,1.1.5,orange,Orange
18585,Portuguese (português),,rgb,110,174,43,3,5,full,white,en,1.1.5,green,green
18585,Portuguese (português),,rgb,141,226,190,3,7,full,white,en,1.1.5,light blue,light blue
18585,Portuguese (português),,rgb,174,51,253,3,10,full,white,en,1.1.5,purple,purple
18583,Portuguese (português),,rgb,225,142,163,6,5,full,white,en,1.1.5,pink,pink
18583,Portuguese (português),,rgb,171,36,176,6,6,full,white,en,1.1.5,purple,purple
18555,Portuguese (português),,rgb,235,5,98,6,1,full,white,en,1.1.5,pink,pink
18555,Portuguese (português),,rgb,178,33,167,6,3,full,white,en,1.1.5,purple,purple
18555,Portuguese (português),,rgb,183,4,47,6,4,full,white,en,1.1.5,red,red
18555,Portuguese (português),,rgb,28,199,249,6,5,full,white,en,1.1.5,light blue,light blue
18555,Portuguese (português),,rgb,156,166,211,6,8,full,white,en,1.1.5,blue,blue
18585,Portuguese (português),,rgb,89,184,248,6,2,full,white,en,1.1.5,blue,blue
18585,Portuguese (português),,rgb,155,187,212,6,9,full,white,en,1.1.5,light blue,light blue
18585,Portuguese (português),,rgb,250,110,204,6,10,full,white,en,1.1.5,pink,pink
18594,Portuguese (português),,rgb,255,209,0,1,1,line,white,en,1.1.5,yellow,yellow
18594,Portuguese (português),,rgb,255,0,140,1,2,line,white,en,1.1.5,pink,pink
18594,Portuguese (português),,rgb,255,0,92,1,4,line,white,en,1.1.5,pink,pink
18594,Portuguese (português),,rgb,255,0,183,1,5,line,white,en,1.1.5,pink,pink
18594,Portuguese (português),,rgb,0,217,255,1,6,line,white,en,1.1.5,light blue,light blue
18594,Portuguese (português),,rgb,255,49,0,1,7,line,white,en,1.1.5,red,red
18594,Portuguese (português),,rgb,255,0,238,1,9,line,white,en,1.1.5,pink,pink
18594,Portuguese (português),,rgb,100,255,0,1,10,line,white,en,1.1.5,green,green
18594,Portuguese (português),,rgb,0,255,47,1,11,line,white,en,1.1.5,green,green
18595,Portuguese (português),,rgb,0,146,255,1,0,line,white,en,1.1.5,blue,blue
18595,Portuguese (português),,rgb,255,0,210,1,1,line,white,en,1.1.5,pink,pink
18595,Portuguese (português),,rgb,131,255,0,1,2,line,white,en,1.1.5,green,green
18595,Portuguese (português),,rgb,153,0,255,1,3,line,white,en,1.1.5,purple,purple
18595,Portuguese (português),,rgb,0,205,255,1,4,line,white,en,1.1.5,light blue,light blue
18595,Portuguese (português),,rgb,255,0,103,1,6,line,white,en,1.1.5,red,red
18595,Portuguese (português),,rgb,255,118,0,1,7,line,white,en,1.1.5,orange,orange
18595,Portuguese (português),,rgb,243,255,0,1,8,line,white,en,1.1.5,yellow,yellow
18595,Portuguese (português),,rgb,0,162,255,3,0,line,white,en,1.1.5,blue,blue
18595,Portuguese (português),,rgb,0,255,202,3,1,line,white,en,1.1.5,green,green
18595,Portuguese (português),,rgb,255,0,138,3,2,line,white,en,1.1.5,pink,pink
18595,Portuguese (português),,rgb,255,137,0,3,3,line,white,en,1.1.5,orange,orange
18595,Portuguese (português),,rgb,0,56,255,3,4,line,white,en,1.1.5,sea blue,sea blue
18595,Portuguese (português),,rgb,255,0,201,3,5,line,white,en,1.1.5,pink,pink
18595,Portuguese (português),,rgb,255,226,0,3,6,line,white,en,1.1.5,yellow,yellow
18595,Portuguese (português),,rgb,0,255,250,3,8,line,white,en,1.1.5,light blue,light blue
18595,Portuguese (português),,rgb,0,255,27,3,9,line,white,en,1.1.5,green,green
18595,Portuguese (português),,rgb,255,167,0,3,10,line,white,en,1.1.5,orange,orange
18595,Portuguese (português),,rgb,0,125,255,3,11,line,white,en,1.1.5,blue,blue
18594,Portuguese (português),,rgb,0,161,255,3,0,line,white,en,1.1.5,blue,blue
18594,Portuguese (português),,rgb,255,100,0,3,1,line,white,en,1.1.5,orange,orange
18594,Portuguese (português),,rgb,255,239,0,3,2,line,white,en,1.1.5,yellow,yellow
18594,Portuguese (português),,rgb,174,255,0,3,3,line,white,en,1.1.5,green,green
18594,Portuguese (português),,rgb,255,142,0,3,4,line,white,en,1.1.5,orange,orange
18594,Portuguese (português),,rgb,0,182,255,3,5,line,white,en,1.1.5,light blue,light blue
18594,Portuguese (português),,rgb,255,0,35,3,6,line,white,en,1.1.5,red,red
18594,Portuguese (português),,rgb,0,133,255,3,7,line,white,en,1.1.5,blue,blue
18594,Portuguese (português),,rgb,255,0,70,3,8,line,white,en,1.1.5,light red,light red
18594,Portuguese (português),,rgb,39,0,255,3,9,line,white,en,1.1.5,blue,blue
18594,Portuguese (português),,rgb,255,0,176,3,10,line,white,en,1.1.5,pink,pink
18594,Portuguese (português),,rgb,189,0,255,3,11,line,white,en,1.1.5,purple,purple
18595,Portuguese (português),,rgb,0,255,177,6,0,line,white,en,1.1.5,green,green
18595,Portuguese (português),,rgb,255,0,46,6,1,line,white,en,1.1.5,red,red
18595,Portuguese (português),,rgb,224,0,255,6,2,line,white,en,1.1.5,purple,purple
18595,Portuguese (português),,rgb,0,27,255,6,3,line,white,en,1.1.5,blue,blue
18595,Portuguese (português),,rgb,0,188,255,6,5,line,white,en,1.1.5,blue,blue
18595,Portuguese (português),,rgb,0,249,255,6,6,line,white,en,1.1.5,blue,blue
18595,Portuguese (português),,rgb,0,107,255,6,7,line,white,en,1.1.5,blue,blue
18595,Portuguese (português),,rgb,255,18,0,6,8,line,white,en,1.1.5,red,red
18595,Portuguese (português),,rgb,0,73,255,6,9,line,white,en,1.1.5,blue,blue
18595,Portuguese (português),,rgb,189,255,0,6,10,line,white,en,1.1.5,yellow,yellow
18595,Portuguese (português),,rgb,255,0,78,6,11,line,white,en,1.1.5,red,red
18594,Portuguese (português),,rgb,0,51,255,6,0,line,white,en,1.1.5,blue,blue
18594,Portuguese (português),,rgb,0,105,255,6,3,line,white,en,1.1.5,blue,blue
18594,Portuguese (português),,rgb,255,177,0,6,4,line,white,en,1.1.5,orange,orange
18594,Portuguese (português),,rgb,221,0,255,6,7,line,white,en,1.1.5,purple,purple
18594,Portuguese (português),,rgb,233,255,0,6,8,line,white,en,1.1.5,yellow,yellow
18594,Portuguese (português),,rgb,0,149,255,6,9,line,white,en,1.1.5,blue,blue
18594,Portuguese (português),,rgb,0,89,255,6,10,line,white,en,1.1.5,blue,blue
18721,Swedish (svenska),,rgb,185,34,148,1,0,full,white,en,1.1.5,magenta,Magenta
18833,German (Deutsch),,rgb,8,233,245,1,5,full,white,en,1.1.5,cyan,Cyan
18992,English (English),,rgb,108,131,177,1,0,full,white,en,1.1.5,gray,gray
18992,English (English),,rgb,31,107,243,1,1,full,white,en,1.1.5,d,d
18992,English (English),,rgb,211,51,9,1,2,full,white,en,1.1.5,d,d
18992,English (English),,rgb,114,33,229,1,3,full,white,en,1.1.5,d,d
18992,English (English),,rgb,154,173,72,1,4,full,white,en,1.1.5,d,d
18992,English (English),,rgb,184,231,119,1,5,full,white,en,1.1.5,d,d
18992,English (English),,rgb,166,32,28,1,6,full,white,en,1.1.5,d,d
18992,English (English),,rgb,129,89,155,1,7,full,white,en,1.1.5,d,d
18992,English (English),,rgb,50,243,30,1,8,full,white,en,1.1.5,ddd,ddd
18992,English (English),,rgb,110,196,170,1,9,full,white,en,1.1.5,d,d
18992,English (English),,rgb,173,68,180,1,10,full,white,en,1.1.5,d,d
18992,English (English),,rgb,239,231,112,1,11,full,white,en,1.1.5,d,d
19158,"French (français, langue française)",,rgb,179,223,24,1,1,full,white,en,1.1.5,green,green
19158,"French (français, langue française)",,rgb,176,108,146,1,3,full,white,en,1.1.5,purple,purple
19158,"French (français, langue française)",,rgb,33,101,100,1,4,full,white,en,1.1.5,green,green
19158,"French (français, langue française)",,rgb,89,237,167,1,6,full,white,en,1.1.5,green,green
19158,"French (français, langue française)",,rgb,143,250,222,1,7,full,white,en,1.1.5,green,green
19158,"French (français, langue française)",,rgb,105,160,181,1,8,full,white,en,1.1.5,green,green
19158,"French (français, langue française)",,rgb,72,80,226,1,9,full,white,en,1.1.5,blue,blue
19158,"French (français, langue française)",,rgb,148,118,201,1,10,full,white,en,1.1.5,purple,purple
19340,German (Deutsch),,rgb,69,139,231,1,11,full,white,en,1.1.5,cyan,cyan
19339,German (Deutsch),,rgb,57,202,242,3,9,full,white,en,1.1.5,cyan,Cyan
19614,German (Deutsch),,rgb,122,214,65,1,0,full,white,en,1.1.5,green,Green
19614,German (Deutsch),,rgb,160,224,162,1,4,full,white,en,1.1.5,green,Green
19614,German (Deutsch),,rgb,112,161,237,1,5,full,white,en,1.1.5,blue,Blue
19614,German (Deutsch),,rgb,27,221,34,1,8,full,white,en,1.1.5,green,Green
19614,German (Deutsch),,rgb,5,226,113,1,10,full,white,en,1.1.5,green,Green
19614,German (Deutsch),,rgb,71,167,97,1,11,full,white,en,1.1.5,green,Green
19663,"French (français, langue française)",,rgb,233,190,102,1,0,full,white,en,1.1.5,yellow,Yellow
19663,"French (français, langue française)",,rgb,148,66,199,1,3,full,white,en,1.1.5,purple,Purple
19663,"French (français, langue française)",,rgb,132,236,132,3,1,full,white,en,1.1.5,lime,Lime
19663,"French (français, langue française)",,rgb,47,126,164,6,4,full,white,en,1.1.5,dark blue,Dark blue
19663,"French (français, langue française)",,rgb,217,254,26,6,8,full,white,en,1.1.5,lime,Lime
19663,"French (français, langue française)",,rgb,11,36,130,6,10,full,white,en,1.1.5,dark blue,Dark blue
19794,"Dutch (Nederlands, Vlaams)",,rgb,207,39,155,3,0,full,white,en,1.1.5,fuchsia,Fuchsia
19794,"Dutch (Nederlands, Vlaams)",,rgb,197,63,122,3,7,full,white,en,1.1.5,fuchsia,Fuchsia
19889,German (Deutsch),,rgb,15,22,219,1,1,full,white,en,1.1.5,blue,blue
19889,German (Deutsch),,rgb,55,116,16,1,2,full,white,en,1.1.5,green,green
19889,German (Deutsch),,rgb,3,249,198,6,1,full,white,en,1.1.5,cyan,cyan
19889,German (Deutsch),,rgb,226,33,3,6,6,full,white,en,1.1.5,red,red
20214,Spanish (español),,rgb,6,5,127,6,9,full,white,en,1.1.5,blue,Blue
0,"Chinese (中文 (Zhōngwén), 汉语, 漢語)",,rgb,93,97,18,1,6,full,white,zh,1.1.5,1色,1
0,"Chinese (中文 (Zhōngwén), 汉语, 漢語)",,rgb,197,152,43,1,7,full,white,zh,1.1.5,1色,1
0,"Chinese (中文 (Zhōngwén), 汉语, 漢語)",,rgb,131,165,78,1,8,full,white,zh,1.1.5,1色,1
0,"Chinese (中文 (Zhōngwén), 汉语, 漢語)",,rgb,125,128,88,1,9,full,white,zh,1.1.5,1色,1
0,"Chinese (中文 (Zhōngwén), 汉语, 漢語)",,rgb,49,91,204,1,10,full,white,zh,1.1.5,1色,1
0,"Chinese (中文 (Zhōngwén), 汉语, 漢語)",,rgb,212,226,205,1,11,full,white,zh,1.1.5,1色,1
0,"Chinese (中文 (Zhōngwén), 汉语, 漢語)",,rgb,114,20,223,3,0,full,white,zh,1.1.5,1色,1
0,"Chinese (中文 (Zhōngwén), 汉语, 漢語)",,rgb,57,126,205,3,1,full,white,zh,1.1.5,1色,1
0,"Chinese (中文 (Zhōngwén), 汉语, 漢語)",,rgb,242,114,238,3,2,full,white,zh,1.1.5,1色,1
0,"Chinese (中文 (Zhōngwén), 汉语, 漢語)",,rgb,66,230,225,3,3,full,white,zh,1.1.5,1色,1
0,"Chinese (中文 (Zhōngwén), 汉语, 漢語)",,rgb,27,184,140,3,4,full,white,zh,1.1.5,1色,1
0,"Chinese (中文 (Zhōngwén), 汉语, 漢語)",,rgb,196,90,250,3,5,full,white,zh,1.1.5,1色,1
0,"Chinese (中文 (Zhōngwén), 汉语, 漢語)",,rgb,254,18,173,3,6,full,white,zh,1.1.5,1色,1
0,"Chinese (中文 (Zhōngwén), 汉语, 漢語)",,rgb,149,48,97,3,7,full,white,zh,1.1.5,1色,1
0,"Chinese (中文 (Zhōngwén), 汉语, 漢語)",,rgb,250,138,200,3,8,full,white,zh,1.1.5,1色,1
0,"Chinese (中文 (Zhōngwén), 汉语, 漢語)",,rgb,37,36,78,3,9,full,white,zh,1.1.5,1色,1
0,"Chinese (中文 (Zhōngwén), 汉语, 漢語)",,rgb,139,92,19,3,10,full,white,zh,1.1.5,1色,1
0,"Chinese (中文 (Zhōngwén), 汉语, 漢語)",,rgb,180,169,179,3,11,full,white,zh,1.1.5,1色,1
0,"Chinese (中文 (Zhōngwén), 汉语, 漢語)",,rgb,99,39,10,6,0,full,white,zh,1.1.5,1色,1
0,"Chinese (中文 (Zhōngwén), 汉语, 漢語)",,rgb,110,245,187,6,1,full,white,zh,1.1.5,1色,1
0,"Chinese (中文 (Zhōngwén), 汉语, 漢語)",,rgb,239,13,208,6,2,full,white,zh,1.1.5,1色,1
0,"Chinese (中文 (Zhōngwén), 汉语, 漢語)",,rgb,210,87,68,6,3,full,white,zh,1.1.5,1色,1
0,"Chinese (中文 (Zhōngwén), 汉语, 漢語)",,rgb,73,189,92,6,4,full,white,zh,1.1.5,1色,1
0,"Chinese (中文 (Zhōngwén), 汉语, 漢語)",,rgb,68,248,143,6,5,full,white,zh,1.1.5,1色,1
0,"Chinese (中文 (Zhōngwén), 汉语, 漢語)",,rgb,39,52,51,6,6,full,white,zh,1.1.5,1色,1
0,"Chinese (中文 (Zhōngwén), 汉语, 漢語)",,rgb,11,128,70,6,7,full,white,zh,1.1.5,1色,1
0,"Chinese (中文 (Zhōngwén), 汉语, 漢語)",,rgb,207,180,141,6,8,full,white,zh,1.1.5,1色,1
0,"Chinese (中文 (Zhōngwén), 汉语, 漢語)",,rgb,253,73,17,6,9,full,white,zh,1.1.5,1色,1
0,"Chinese (中文 (Zhōngwén), 汉语, 漢語)",,rgb,94,88,250,6,10,full,white,zh,1.1.5,1色,1
0,"Chinese (中文 (Zhōngwén), 汉语, 漢語)",,rgb,255,211,64,6,11,full,white,zh,1.1.5,1色,1
20244,English (English),,rgb,252,186,172,1,0,full,white,zh,1.1.5,粉色,粉色
20244,English (English),,rgb,156,155,131,1,1,full,white,zh,1.1.5,灰绿,灰绿
20244,English (English),,rgb,7,239,186,1,2,full,white,zh,1.1.5,绿色,绿色
20244,English (English),,rgb,213,232,175,1,3,full,white,zh,1.1.5,绿色,绿色
20244,English (English),,rgb,207,235,127,1,4,full,white,zh,1.1.5,黄绿,黄绿
20244,English (English),,rgb,1,15,120,1,5,full,white,zh,1.1.5,墨蓝,墨蓝
20244,English (English),,rgb,192,172,199,1,6,full,white,zh,1.1.5,芭比粉,芭比粉
20244,English (English),,rgb,231,147,72,1,7,full,white,zh,1.1.5,橘色,橘色
20244,English (English),,rgb,238,47,116,1,8,full,white,zh,1.1.5,玫红,玫红
20244,English (English),,rgb,167,18,22,1,9,full,white,zh,1.1.5,暗红,暗红
20244,English (English),,rgb,195,117,155,1,10,full,white,zh,1.1.5,粉色,粉色
20244,English (English),,rgb,28,22,48,1,11,full,white,zh,1.1.5,黑色,黑色
20244,English (English),,rgb,55,68,26,3,0,full,white,zh,1.1.5,灰绿,灰绿
20244,English (English),,rgb,124,83,46,3,1,full,white,zh,1.1.5,褐色,褐色
20244,English (English),,rgb,91,158,142,3,2,full,white,zh,1.1.5,绿色,绿色
20244,English (English),,rgb,117,237,70,3,3,full,white,zh,1.1.5,黄绿,黄绿
20244,English (English),,rgb,251,12,208,3,4,full,white,zh,1.1.5,死亡芭比粉,死亡芭比粉
20244,English (English),,rgb,171,242,168,3,5,full,white,zh,1.1.5,绿色,绿色
20244,English (English),,rgb,90,95,113,3,6,full,white,zh,1.1.5,灰色,灰色
20244,English (English),,rgb,170,134,246,3,7,full,white,zh,1.1.5,紫色,紫色
20244,English (English),,rgb,59,145,83,3,8,full,white,zh,1.1.5,绿色,绿色
20244,English (English),,rgb,68,106,211,3,9,full,white,zh,1.1.5,蓝色,蓝色
20244,English (English),,rgb,131,156,224,3,10,full,white,zh,1.1.5,蓝色,蓝色
20244,English (English),,rgb,171,249,226,3,11,full,white,zh,1.1.5,绿色,绿色
20244,English (English),,rgb,137,68,81,6,0,full,white,zh,1.1.5,褐色,褐色
20244,English (English),,rgb,220,208,202,6,1,full,white,zh,1.1.5,米色,米色
20244,English (English),,rgb,232,49,28,6,2,full,white,zh,1.1.5,红色,红色
20244,English (English),,rgb,141,114,6,6,3,full,white,zh,1.1.5,屎黄色,屎黄色
20244,English (English),,rgb,151,69,15,6,4,full,white,zh,1.1.5,褐色,褐色
20244,English (English),,rgb,157,81,228,6,5,full,white,zh,1.1.5,紫色,紫色
20244,English (English),,rgb,204,109,95,6,6,full,white,zh,1.1.5,泥红色,泥红色
20244,English (English),,rgb,87,98,240,6,7,full,white,zh,1.1.5,紫色,紫色
20244,English (English),,rgb,214,57,156,6,8,full,white,zh,1.1.5,粉色,粉色
20244,English (English),,rgb,92,171,3,6,9,full,white,zh,1.1.5,绿色,绿色
20244,English (English),,rgb,11,94,106,6,10,full,white,zh,1.1.5,绿色,绿色
20244,English (English),,rgb,163,219,58,6,11,full,white,zh,1.1.5,绿色,绿色
20343,Bulgarian (български език),,rgb,0,158,255,1,0,line,white,en,1.1.5,blue,blue
20343,Bulgarian (български език),,rgb,255,0,73,1,1,line,white,en,1.1.5,pink,pink
20343,Bulgarian (български език),,rgb,255,0,254,1,2,line,white,en,1.1.5,purple,purple
20343,Bulgarian (български език),,rgb,0,225,255,1,3,line,white,en,1.1.5,turquoise,turquoise
20343,Bulgarian (български език),,rgb,255,0,106,1,4,line,white,en,1.1.5,pink,pink
20343,Bulgarian (български език),,rgb,255,0,116,1,5,line,white,en,1.1.5,pink,pink
20343,Bulgarian (български език),,rgb,255,23,0,1,6,line,white,en,1.1.5,orange,orange
20343,Bulgarian (български език),,rgb,255,0,44,1,7,line,white,en,1.1.5,red,red
20343,Bulgarian (български език),,rgb,0,158,255,1,8,line,white,en,1.1.5,blue,blue
20343,Bulgarian (български език),,rgb,255,0,177,1,9,line,white,en,1.1.5,pink,pink
20343,Bulgarian (български език),,rgb,0,249,255,1,10,line,white,en,1.1.5,turquoise,turquoise
20343,Bulgarian (български език),,rgb,242,255,0,1,11,line,white,en,1.1.5,yellow,yellow
20515,"Dutch (Nederlands, Vlaams)",,rgb,163,71,123,1,4,full,white,en,1.1.5,fuchsia,Fuchsia
20515,"Dutch (Nederlands, Vlaams)",,rgb,229,62,144,6,0,full,white,en,1.1.5,fuchsia,Fuchsia
21272,English (English),,rgb,67,122,122,1,0,full,white,en,1.1.5,a,a
21272,English (English),,rgb,101,189,241,1,1,full,white,en,1.1.5,a,a
21272,English (English),,rgb,196,100,125,1,2,full,white,en,1.1.5,a,a
21272,English (English),,rgb,197,97,212,1,3,full,white,en,1.1.5,a,a
21272,English (English),,rgb,35,59,169,1,4,full,white,en,1.1.5,a,a
21272,English (English),,rgb,203,210,247,1,5,full,white,en,1.1.5,a,a
21272,English (English),,rgb,181,239,19,1,6,full,white,en,1.1.5,a,a
21272,English (English),,rgb,41,114,174,1,7,full,white,en,1.1.5,a,a
21272,English (English),,rgb,129,252,200,1,8,full,white,en,1.1.5,a,a
21272,English (English),,rgb,245,43,30,1,9,full,white,en,1.1.5,a,a
21272,English (English),,rgb,24,69,133,1,10,full,white,en,1.1.5,a,a
21272,English (English),,rgb,140,142,135,1,11,full,white,en,1.1.5,a,a
21296,"Dutch (Nederlands, Vlaams)",,rgb,228,39,118,6,9,full,white,en,1.1.5,fuchsia,fuchsia
21539,"French (français, langue française)",,rgb,0,92,255,1,0,line,white,en,1.1.5,blue,Blue
21539,"French (français, langue française)",,rgb,116,255,0,1,1,line,white,en,1.1.5,green,Green
21539,"French (français, langue française)",,rgb,255,28,0,1,3,line,white,en,1.1.5,red,Red
21539,"French (français, langue française)",,rgb,200,0,255,1,4,line,white,en,1.1.5,purple,Purple
21539,"French (français, langue française)",,rgb,0,88,255,1,5,line,white,en,1.1.5,blue,Blue
21539,"French (français, langue française)",,rgb,255,0,155,1,11,line,white,en,1.1.5,pink,Pink
21594,German (Deutsch),,rgb,66,90,45,1,0,full,white,en,1.1.5,green,green
21594,German (Deutsch),,rgb,9,150,195,1,1,full,white,en,1.1.5,blue,blue
21594,German (Deutsch),,rgb,67,150,240,1,2,full,white,en,1.1.5,blue,blue
21594,German (Deutsch),,rgb,63,128,48,1,7,full,white,en,1.1.5,green,green
21594,German (Deutsch),,rgb,11,48,243,1,8,full,white,en,1.1.5,blue,blue
