participantId,langAbv,lang,name,standardized_entered_name,entered_name,colorSpace,r,g,b,trialNum,tileNum,rgbSet,background,instructionsLocale,browserLocale,studyVersion,originalLangAbv
4115,fi,"Finnish (suomi, suomen kieli)",sininen,sininen,sininen,rgb,0,81,255,1,0,line,white,en,,pilot,
4115,fi,"Finnish (suomi, suomen kieli)",sininen,sininen,sininen,rgb,0,169,255,1,1,line,white,en,,pilot,
4115,fi,"Finnish (suomi, suomen kieli)",oranssi,oranssi,oranssi,rgb,255,193,0,1,2,line,white,en,,pilot,
4115,fi,"Finnish (suomi, suomen kieli)",punainen,punainen,punainen,rgb,255,93,0,1,3,line,white,en,,pilot,
4115,fi,"Finnish (suomi, suomen kieli)",vihrea,vihreä,vihreä,rgb,44,255,0,1,4,line,white,en,,pilot,
4115,fi,"Finnish (suomi, suomen kieli)",sininen,sininen,sininen,rgb,0,213,255,1,5,line,white,en,,pilot,
4115,fi,"Finnish (suomi, suomen kieli)",vihrea,vihreä,vihreä,rgb,180,255,0,1,6,line,white,en,,pilot,
4115,fi,"Finnish (suomi, suomen kieli)",turkoosi,turkoosi,turkoosi,rgb,0,255,170,1,7,line,white,en,,pilot,
4115,fi,"Finnish (suomi, suomen kieli)",sininen,sininen,sininen,rgb,78,0,255,1,8,line,white,en,,pilot,
4115,fi,"Finnish (suomi, suomen kieli)",turkoosi,turkoosi,turkoosi,rgb,0,255,201,1,9,line,white,en,,pilot,
4115,fi,"Finnish (suomi, suomen kieli)",violetti,violetti,violetti,rgb,255,0,228,1,10,line,white,en,,pilot,
4115,fi,"Finnish (suomi, suomen kieli)",keltainen,keltainen,keltainen,rgb,255,227,0,1,11,line,white,en,,pilot,
4115,fi,"Finnish (suomi, suomen kieli)",vihrea,vihreä,vihreä,rgb,189,255,0,3,0,line,white,en,,pilot,
4115,fi,"Finnish (suomi, suomen kieli)",punainen,punainen,punainen,rgb,255,48,0,3,1,line,white,en,,pilot,
4115,fi,"Finnish (suomi, suomen kieli)",liila,liila,liila,rgb,145,0,255,3,2,line,white,en,,pilot,
4115,fi,"Finnish (suomi, suomen kieli)",turkoosi,turkoosi,turkoosi,rgb,0,255,241,3,3,line,white,en,,pilot,
4115,fi,"Finnish (suomi, suomen kieli)",sininen,sininen,sininen,rgb,0,34,255,3,4,line,white,en,,pilot,
4115,fi,"Finnish (suomi, suomen kieli)",pinkki,pinkki,pinkki,rgb,255,0,183,3,5,line,white,en,,pilot,
4115,fi,"Finnish (suomi, suomen kieli)",punainen,punainen,punainen,rgb,255,0,65,3,6,line,white,en,,pilot,
4115,fi,"Finnish (suomi, suomen kieli)",sininen,sininen,sininen,rgb,0,100,255,3,7,line,white,en,,pilot,
4115,fi,"Finnish (suomi, suomen kieli)",violetti,violetti,violetti,rgb,231,0,255,3,8,line,white,en,,pilot,
4115,fi,"Finnish (suomi, suomen kieli)",sininen,sininen,sininen,rgb,0,185,255,3,9,line,white,en,,pilot,
4115,fi,"Finnish (suomi, suomen kieli)",syklaami,syklaami,syklaami,rgb,255,0,163,3,10,line,white,en,,pilot,
4115,fi,"Finnish (suomi, suomen kieli)",sinivihrea,sinivihreä,sinivihreä,rgb,0,255,149,3,11,line,white,en,,pilot,
4115,fi,"Finnish (suomi, suomen kieli)",vaaleanvihrea,vaaleanvihreä,vaaleanvihreä,rgb,0,255,79,6,0,line,white,en,,pilot,
4115,fi,"Finnish (suomi, suomen kieli)",keltainen,keltainen,keltainen,rgb,249,255,0,6,1,line,white,en,,pilot,
4115,fi,"Finnish (suomi, suomen kieli)",vaaleanvihrea,vaaleanvihreä,vaaleanvihreä,rgb,0,255,13,6,2,line,white,en,,pilot,
4115,fi,"Finnish (suomi, suomen kieli)",oranssi,oranssi,oranssi,rgb,255,154,0,6,3,line,white,en,,pilot,
4115,fi,"Finnish (suomi, suomen kieli)",sininen,sininen,sininen,rgb,0,131,255,6,4,line,white,en,,pilot,
4115,fi,"Finnish (suomi, suomen kieli)",violetti,violetti,violetti,rgb,204,0,255,6,5,line,white,en,,pilot,
4115,fi,"Finnish (suomi, suomen kieli)",syklaami,syklaami,syklaami,rgb,255,0,127,6,6,line,white,en,,pilot,
4115,fi,"Finnish (suomi, suomen kieli)",oranssi,oranssi,oranssi,rgb,255,122,0,6,7,line,white,en,,pilot,
4115,fi,"Finnish (suomi, suomen kieli)",turkoosi,turkoosi,turkoosi,rgb,0,248,255,6,8,line,white,en,,pilot,
4115,fi,"Finnish (suomi, suomen kieli)",pinkki,pinkki,pinkki,rgb,255,0,111,6,9,line,white,en,,pilot,
4115,fi,"Finnish (suomi, suomen kieli)",punainen,punainen,punainen,rgb,255,0,12,6,10,line,white,en,,pilot,
4115,fi,"Finnish (suomi, suomen kieli)",sininen,sininen,sininen,rgb,0,138,255,6,11,line,white,en,,pilot,
4194,fi,"Finnish (suomi, suomen kieli)",punainen,punainen,punainen,rgb,255,0,51,6,0,line,white,en,,pilot,
4194,fi,"Finnish (suomi, suomen kieli)",sininen,sininen,sininen,rgb,0,78,255,6,1,line,white,en,,pilot,
4194,fi,"Finnish (suomi, suomen kieli)",sininen,sininen,sininen,rgb,0,152,255,6,2,line,white,en,,pilot,
4194,fi,"Finnish (suomi, suomen kieli)",turkoosi,turkoosi,turkoosi,rgb,0,219,255,6,3,line,white,en,,pilot,
4194,fi,"Finnish (suomi, suomen kieli)",vihrea,vihrea,vihrea,rgb,57,255,0,6,4,line,white,en,,pilot,
4194,fi,"Finnish (suomi, suomen kieli)",oranssi,oranssi,oranssi,rgb,255,160,0,6,5,line,white,en,,pilot,
4194,fi,"Finnish (suomi, suomen kieli)",sininen,sininen,sininen,rgb,0,107,255,6,6,line,white,en,,pilot,
4194,fi,"Finnish (suomi, suomen kieli)",liila,liila,liila,rgb,255,0,232,6,7,line,white,en,,pilot,
4194,fi,"Finnish (suomi, suomen kieli)",violetti,violetti,violetti,rgb,174,0,255,6,8,line,white,en,,pilot,
4194,fi,"Finnish (suomi, suomen kieli)",sininen,sininen,sininen,rgb,0,117,255,6,9,line,white,en,,pilot,
4194,fi,"Finnish (suomi, suomen kieli)",punainen,punainen,punainen,rgb,255,61,0,6,10,line,white,en,,pilot,
4194,fi,"Finnish (suomi, suomen kieli)",oranssi,oranssi,oranssi,rgb,255,107,0,6,11,line,white,en,,pilot,
4948,fi,"Finnish (suomi, suomen kieli)",blue,blue,blue,rgb,0,158,255,1,0,line,white,en,,1.1.2,
4948,fi,"Finnish (suomi, suomen kieli)",red,red,red,rgb,255,0,43,1,1,line,white,en,,1.1.2,
4948,fi,"Finnish (suomi, suomen kieli)",yellow,yellow,yellow,rgb,244,255,0,1,2,line,white,en,,1.1.2,
4948,fi,"Finnish (suomi, suomen kieli)",green,green,green,rgb,0,255,62,1,3,line,white,en,,1.1.2,
4948,fi,"Finnish (suomi, suomen kieli)",pink,pink,pink,rgb,255,0,157,1,4,line,white,en,,1.1.2,
4948,fi,"Finnish (suomi, suomen kieli)",orange,orange,orange,rgb,255,227,0,1,5,line,white,en,,1.1.2,
4948,fi,"Finnish (suomi, suomen kieli)",blue,blue,blue,rgb,0,177,255,1,6,line,white,en,,1.1.2,
4948,fi,"Finnish (suomi, suomen kieli)",purple,purple,purple,rgb,237,0,255,1,7,line,white,en,,1.1.2,
4948,fi,"Finnish (suomi, suomen kieli)",mintgreen,mint green,mint green,rgb,0,255,154,1,8,line,white,en,,1.1.2,
4948,fi,"Finnish (suomi, suomen kieli)",lightblue,light blue,light blue,rgb,0,255,252,1,9,line,white,en,,1.1.2,
4948,fi,"Finnish (suomi, suomen kieli)",red,red,red,rgb,255,55,0,1,10,line,white,en,,1.1.2,
4948,fi,"Finnish (suomi, suomen kieli)",pink,pink,pink,rgb,255,0,107,1,11,line,white,en,,1.1.2,
4948,fi,"Finnish (suomi, suomen kieli)",pinkki,pinkki,pinkki,rgb,255,0,209,3,0,line,white,en,,1.1.2,
4948,fi,"Finnish (suomi, suomen kieli)",sininen,sininen,sininen,rgb,0,107,255,3,1,line,white,en,,1.1.2,
4948,fi,"Finnish (suomi, suomen kieli)",liila,liila,liila,rgb,215,0,255,3,2,line,white,en,,1.1.2,
4948,fi,"Finnish (suomi, suomen kieli)",tummansininen,tumman sininen,tumman sininen,rgb,48,0,255,3,3,line,white,en,,1.1.2,
4948,fi,"Finnish (suomi, suomen kieli)",sininen,sininen,sininen,rgb,0,196,255,3,4,line,white,en,,1.1.2,
4948,fi,"Finnish (suomi, suomen kieli)",mintunvihrea,mintunvihreä,mintunvihreä,rgb,0,255,203,3,5,line,white,en,,1.1.2,
4948,fi,"Finnish (suomi, suomen kieli)",oranssi,oranssi,oranssi,rgb,255,85,0,3,6,line,white,en,,1.1.2,
4948,fi,"Finnish (suomi, suomen kieli)",liila,liila,liila,rgb,144,0,255,3,7,line,white,en,,1.1.2,
4948,fi,"Finnish (suomi, suomen kieli)",oranssi,oranssi,oranssi,rgb,255,177,0,3,8,line,white,en,,1.1.2,
4948,fi,"Finnish (suomi, suomen kieli)",oranssi,oranssi,oranssi,rgb,255,198,0,3,9,line,white,en,,1.1.2,
4948,fi,"Finnish (suomi, suomen kieli)",mintunvihrea,mintunvihreä,mintunvihreä,rgb,0,255,176,3,10,line,white,en,,1.1.2,
4948,fi,"Finnish (suomi, suomen kieli)",vihrea,vihreä,vihreä,rgb,98,255,0,3,11,line,white,en,,1.1.2,
4948,fi,"Finnish (suomi, suomen kieli)",vihrea,vihreä,vihreä,rgb,192,255,0,6,0,line,white,en,,1.1.2,
4948,fi,"Finnish (suomi, suomen kieli)",oranssi,oranssi,oranssi,rgb,255,143,0,6,1,line,white,en,,1.1.2,
4948,fi,"Finnish (suomi, suomen kieli)",pinkki,pinkki,pinkki,rgb,255,0,125,6,2,line,white,en,,1.1.2,
4948,fi,"Finnish (suomi, suomen kieli)",vihrea,vihreä,vihreä,rgb,149,255,0,6,3,line,white,en,,1.1.2,
4948,fi,"Finnish (suomi, suomen kieli)",sininen,sininen,sininen,rgb,0,116,255,6,4,line,white,en,,1.1.2,
4948,fi,"Finnish (suomi, suomen kieli)",sininen,sininen,sininen,rgb,0,50,255,6,5,line,white,en,,1.1.2,
4948,fi,"Finnish (suomi, suomen kieli)",sininen,sininen,sininen,rgb,0,69,255,6,6,line,white,en,,1.1.2,
4948,fi,"Finnish (suomi, suomen kieli)",vaaleansininen,vaalean sininen,vaalean sininen,rgb,0,223,255,6,7,line,white,en,,1.1.2,
4948,fi,"Finnish (suomi, suomen kieli)",pinkki,pinkki,pinkki,rgb,255,0,232,6,8,line,white,en,,1.1.2,
4948,fi,"Finnish (suomi, suomen kieli)",punainen,punainen,punainen,rgb,255,0,75,6,9,line,white,en,,1.1.2,
4948,fi,"Finnish (suomi, suomen kieli)",vaaleansininen,vaalean sininen,vaalean sininen,rgb,0,239,255,6,10,line,white,en,,1.1.2,
4948,fi,"Finnish (suomi, suomen kieli)",vihrea,vihreä,vihreä,rgb,0,255,119,6,11,line,white,en,,1.1.2,
5407,fi,"Finnish (suomi, suomen kieli)",liila,lila,lila,rgb,182,0,255,1,0,line,white,en,,1.1.2,
5409,fi,"Finnish (suomi, suomen kieli)",oranssi,oranssi,oranssi,rgb,255,96,0,1,0,line,white,en,,1.1.2,
5409,fi,"Finnish (suomi, suomen kieli)",keltainen,keltainen,keltainen,rgb,255,211,0,1,1,line,white,en,,1.1.2,
5409,fi,"Finnish (suomi, suomen kieli)",pinkki,pinkki,pinkki,rgb,255,0,94,1,2,line,white,en,,1.1.2,
5409,fi,"Finnish (suomi, suomen kieli)",turkoosi,turkoosi,turkoosi,rgb,0,233,255,1,3,line,white,en,,1.1.2,
5409,fi,"Finnish (suomi, suomen kieli)",minttu,minttu,minttu,rgb,0,255,149,1,4,line,white,en,,1.1.2,
5409,fi,"Finnish (suomi, suomen kieli)",vaaleansininen,vaaleansininen,vaaleansininen,rgb,0,255,246,1,5,line,white,en,,1.1.2,
5409,fi,"Finnish (suomi, suomen kieli)",vaaleanvihrea,vaaleanvihreä,vaaleanvihreä,rgb,0,255,90,1,6,line,white,en,,1.1.2,
5409,fi,"Finnish (suomi, suomen kieli)",taivaansininen,taivaansininen,taivaansininen,rgb,0,156,255,1,7,line,white,en,,1.1.2,
5409,fi,"Finnish (suomi, suomen kieli)",punainen,punainen,punainen,rgb,255,0,29,1,8,line,white,en,,1.1.2,
5409,fi,"Finnish (suomi, suomen kieli)",tummansininen,tummansininen,tummansininen,rgb,0,102,255,1,9,line,white,en,,1.1.2,
5409,fi,"Finnish (suomi, suomen kieli)",lime,lime,lime,rgb,49,255,0,1,10,line,white,en,,1.1.2,
5409,fi,"Finnish (suomi, suomen kieli)",violetti,violetti,violetti,rgb,117,0,255,1,11,line,white,en,,1.1.2,
5409,fi,"Finnish (suomi, suomen kieli)",vaaleanoranssi,vaaleanoranssi,vaaleanoranssi,rgb,255,178,0,3,0,line,white,en,,1.1.2,
5409,fi,"Finnish (suomi, suomen kieli)",royal,royal,royal,rgb,0,86,255,3,1,line,white,en,,1.1.2,
5409,fi,"Finnish (suomi, suomen kieli)",turkoosi,turkoosi,turkoosi,rgb,0,190,255,3,2,line,white,en,,1.1.2,
5409,fi,"Finnish (suomi, suomen kieli)",magenta,magenta,magenta,rgb,255,0,243,3,3,line,white,en,,1.1.2,
5409,fi,"Finnish (suomi, suomen kieli)",sininen,sininen,sininen,rgb,0,130,255,3,4,line,white,en,,1.1.2,
5409,fi,"Finnish (suomi, suomen kieli)",tummankeltainen,tummankeltainen,tummankeltainen,rgb,255,236,0,3,5,line,white,en,,1.1.2,
5409,fi,"Finnish (suomi, suomen kieli)",syaani,syaani,syaani,rgb,85,0,255,3,6,line,white,en,,1.1.2,
5409,fi,"Finnish (suomi, suomen kieli)",vaaleansininen,vaaleansininen,vaaleansininen,rgb,0,219,255,3,7,line,white,en,,1.1.2,
5409,fi,"Finnish (suomi, suomen kieli)",taivaansininen,taivaansininen,taivaansininen,rgb,0,159,255,3,8,line,white,en,,1.1.2,
5409,fi,"Finnish (suomi, suomen kieli)",keltainen,keltainen,keltainen,rgb,244,255,0,3,9,line,white,en,,1.1.2,
5409,fi,"Finnish (suomi, suomen kieli)",vaaleansininen,vaalean sininen,vaalean sininen,rgb,0,255,221,3,10,line,white,en,,1.1.2,
5409,fi,"Finnish (suomi, suomen kieli)",oranssi,oranssi,oranssi,rgb,255,130,0,3,11,line,white,en,,1.1.2,
5409,fi,"Finnish (suomi, suomen kieli)",kirkkaansininen,kirkkaansininen,kirkkaansininen,rgb,0,56,255,6,0,line,white,en,,1.1.2,
5409,fi,"Finnish (suomi, suomen kieli)",kirkaspinkki,kirkas pinkki,kirkas pinkki,rgb,255,0,170,6,1,line,white,en,,1.1.2,
5409,fi,"Finnish (suomi, suomen kieli)",vaalealime,vaalea lime,vaalea lime,rgb,138,255,0,6,2,line,white,en,,1.1.2,
5409,fi,"Finnish (suomi, suomen kieli)",kirkasvaaleanvihrea,kirkas vaaleanvihreä,kirkas vaaleanvihreä,rgb,199,255,0,6,3,line,white,en,,1.1.2,
5409,fi,"Finnish (suomi, suomen kieli)",tummapinkki,tumma pinkki,tumma pinkki,rgb,255,0,249,6,4,line,white,en,,1.1.2,
5409,fi,"Finnish (suomi, suomen kieli)",kirkkaanpunainen,kirkkaanpunainen,kirkkaanpunainen,rgb,255,0,68,6,5,line,white,en,,1.1.2,
5409,fi,"Finnish (suomi, suomen kieli)",kirkkaanoranssi,kirkkaanoranssi,kirkkaanoranssi,rgb,255,78,0,6,6,line,white,en,,1.1.2,
5409,fi,"Finnish (suomi, suomen kieli)",neonvioletti,neonvioletti,neonvioletti,rgb,206,0,255,6,7,line,white,en,,1.1.2,
5409,fi,"Finnish (suomi, suomen kieli)",neonpinkki,neonpinkki,neonpinkki,rgb,255,0,198,6,8,line,white,en,,1.1.2,
5409,fi,"Finnish (suomi, suomen kieli)",minttu,minttu,minttu,rgb,0,255,173,6,9,line,white,en,,1.1.2,
5409,fi,"Finnish (suomi, suomen kieli)",lime,lime,lime,rgb,0,255,51,6,10,line,white,en,,1.1.2,
5409,fi,"Finnish (suomi, suomen kieli)",magenta,magenta,magenta,rgb,255,0,121,6,11,line,white,en,,1.1.2,
5764,fi,"Finnish (suomi, suomen kieli)",sininen,sininen,sininen,rgb,0,156,255,1,0,line,white,en,,1.1.2,
5764,fi,"Finnish (suomi, suomen kieli)",punainen,punainen,punainen,rgb,255,0,139,1,1,line,white,en,,1.1.2,
5764,fi,"Finnish (suomi, suomen kieli)",keltainen,keltainen,keltainen,rgb,255,221,0,1,2,line,white,en,,1.1.2,
5764,fi,"Finnish (suomi, suomen kieli)",vaaleanvihrea,vaaleanvihreä,vaaleanvihreä,rgb,203,255,0,1,3,line,white,en,,1.1.2,
5764,fi,"Finnish (suomi, suomen kieli)",violetti,violetti,violetti,rgb,121,0,255,1,4,line,white,en,,1.1.2,
5764,fi,"Finnish (suomi, suomen kieli)",vihrea,vihreä,vihreä,rgb,0,255,50,1,5,line,white,en,,1.1.2,
5764,fi,"Finnish (suomi, suomen kieli)",sininen,sininen,sininen,rgb,0,165,255,1,6,line,white,en,,1.1.2,
5764,fi,"Finnish (suomi, suomen kieli)",punainen,punainen,punainen,rgb,255,0,105,1,7,line,white,en,,1.1.2,
5764,fi,"Finnish (suomi, suomen kieli)",oranssi,oranssi,oranssi,rgb,255,102,0,1,8,line,white,en,,1.1.2,
5764,fi,"Finnish (suomi, suomen kieli)",sininen,sininen,sininen,rgb,0,47,255,1,9,line,white,en,,1.1.2,
5764,fi,"Finnish (suomi, suomen kieli)",vaaleanpunainen,vaaleanpunainen,vaaleanpunainen,rgb,255,0,164,1,10,line,white,en,,1.1.2,
5764,fi,"Finnish (suomi, suomen kieli)",vihrea,vihreä,vihreä,rgb,144,255,0,1,11,line,white,en,,1.1.2,
5764,fi,"Finnish (suomi, suomen kieli)",turkoosi,turkoosi,turkoosi,rgb,0,255,225,3,0,line,white,en,,1.1.2,
5764,fi,"Finnish (suomi, suomen kieli)",vihrea,vihreä,vihreä,rgb,0,255,77,3,1,line,white,en,,1.1.2,
5764,fi,"Finnish (suomi, suomen kieli)",punainen,punainen,punainen,rgb,255,0,58,3,2,line,white,en,,1.1.2,
5764,fi,"Finnish (suomi, suomen kieli)",vaaleanpunainen,vaaleanpunainen,vaaleanpunainen,rgb,255,0,222,3,3,line,white,en,,1.1.2,
5764,fi,"Finnish (suomi, suomen kieli)",sininen,sininen,sininen,rgb,0,85,255,3,4,line,white,en,,1.1.2,
5764,fi,"Finnish (suomi, suomen kieli)",punainen,punainen,punainen,rgb,255,0,27,3,5,line,white,en,,1.1.2,
5764,fi,"Finnish (suomi, suomen kieli)",turkoosi,turkoosi,turkoosi,rgb,0,255,140,3,6,line,white,en,,1.1.2,
5764,fi,"Finnish (suomi, suomen kieli)",turkoosi,turkoosi,turkoosi,rgb,0,255,170,3,7,line,white,en,,1.1.2,
5764,fi,"Finnish (suomi, suomen kieli)",vaaleansininen,vaaleansininen,vaaleansininen,rgb,0,221,255,3,8,line,white,en,,1.1.2,
5764,fi,"Finnish (suomi, suomen kieli)",oranssi,oranssi,oranssi,rgb,255,187,0,3,9,line,white,en,,1.1.2,
5764,fi,"Finnish (suomi, suomen kieli)",violetti,violetti,violetti,rgb,91,0,255,3,10,line,white,en,,1.1.2,
5764,fi,"Finnish (suomi, suomen kieli)",vaaleansininen,vaaleansininen,vaaleansininen,rgb,0,201,255,3,11,line,white,en,,1.1.2,
5764,fi,"Finnish (suomi, suomen kieli)",oranssi,oranssi,oranssi,rgb,255,121,0,6,0,line,white,en,,1.1.2,
5764,fi,"Finnish (suomi, suomen kieli)",vaaleanvihrea,vaaleanvihreä,vaaleanvihreä,rgb,90,255,0,6,1,line,white,en,,1.1.2,
5764,fi,"Finnish (suomi, suomen kieli)",violetti,violetti,violetti,rgb,193,0,255,6,2,line,white,en,,1.1.2,
5764,fi,"Finnish (suomi, suomen kieli)",oranssi,oranssi,oranssi,rgb,255,170,0,6,3,line,white,en,,1.1.2,
5764,fi,"Finnish (suomi, suomen kieli)",violetti,violetti,violetti,rgb,240,0,255,6,4,line,white,en,,1.1.2,
5764,fi,"Finnish (suomi, suomen kieli)",keltainen,keltainen,keltainen,rgb,255,247,0,6,5,line,white,en,,1.1.2,
5764,fi,"Finnish (suomi, suomen kieli)",turkoosi,turkoosi,turkoosi,rgb,0,246,255,6,6,line,white,en,,1.1.2,
5764,fi,"Finnish (suomi, suomen kieli)",sininen,sininen,sininen,rgb,0,113,255,6,7,line,white,en,,1.1.2,
5764,fi,"Finnish (suomi, suomen kieli)",punainen,punainen,punainen,rgb,255,48,0,6,8,line,white,en,,1.1.2,
5764,fi,"Finnish (suomi, suomen kieli)",sininen,sininen,sininen,rgb,0,119,255,6,9,line,white,en,,1.1.2,
5764,fi,"Finnish (suomi, suomen kieli)",turkoosi,turkoosi,turkoosi,rgb,0,255,218,6,10,line,white,en,,1.1.2,
5764,fi,"Finnish (suomi, suomen kieli)",vaaleanpunainen,vaaleanpunainen,vaaleanpunainen,rgb,255,0,184,6,11,line,white,en,,1.1.2,
6170,fi,"Finnish (suomi, suomen kieli)",turkoosi,turkoosi,TURKOOSI,rgb,0,209,255,1,0,line,white,en,,1.1.2,
6170,fi,"Finnish (suomi, suomen kieli)",vihrea,vihreä,VIHREÄ,rgb,92,255,0,1,1,line,white,en,,1.1.2,
6170,fi,"Finnish (suomi, suomen kieli)",violetti,violetti,VIOLETTI,rgb,153,0,255,1,2,line,white,en,,1.1.2,
6170,fi,"Finnish (suomi, suomen kieli)",tummaoranssi,tumma oranssi,TUMMA ORANSSI,rgb,255,78,0,1,3,line,white,en,,1.1.2,
6170,fi,"Finnish (suomi, suomen kieli)",vaaleanvioletti,vaaleanvioletti,VAALEANVIOLETTI,rgb,192,0,255,1,4,line,white,en,,1.1.2,
6170,fi,"Finnish (suomi, suomen kieli)",merensininen,merensininen,MERENSININEN,rgb,0,255,186,1,5,line,white,en,,1.1.2,
6170,fi,"Finnish (suomi, suomen kieli)",limenvihrea,limenvihreä,LIMENVIHREÄ,rgb,180,255,0,1,6,line,white,en,,1.1.2,
6170,fi,"Finnish (suomi, suomen kieli)",tummansininen,tummansininen,TUMMANSININEN,rgb,0,29,255,1,7,line,white,en,,1.1.2,
6170,fi,"Finnish (suomi, suomen kieli)",oranssi,oranssi,ORANSSI,rgb,255,131,0,1,8,line,white,en,,1.1.2,
6170,fi,"Finnish (suomi, suomen kieli)",tummansininen,tummansininen,TUMMANSININEN,rgb,0,36,255,1,9,line,white,en,,1.1.2,
6170,fi,"Finnish (suomi, suomen kieli)",keltainen,keltainen,KELTAINEN,rgb,255,247,0,1,10,line,white,en,,1.1.2,
6170,fi,"Finnish (suomi, suomen kieli)",vaaleahkosininen,vaaleahko sininen,VAALEAHKO SININEN,rgb,0,120,255,1,11,line,white,en,,1.1.2,
6170,fi,"Finnish (suomi, suomen kieli)",oranssi,oranssi,ORANSSI,rgb,255,160,0,3,0,line,white,en,,1.1.2,
6170,fi,"Finnish (suomi, suomen kieli)",vihrea,vihreä,VIHREÄ,rgb,27,255,0,3,1,line,white,en,,1.1.2,
6170,fi,"Finnish (suomi, suomen kieli)",violetti,violetti,VIOLETTI,rgb,254,0,255,3,2,line,white,en,,1.1.2,
6170,fi,"Finnish (suomi, suomen kieli)",vihreansinertava,vihreän sinertävä,VIHREÄN SINERTÄVÄ,rgb,0,255,114,3,3,line,white,en,,1.1.2,
6170,fi,"Finnish (suomi, suomen kieli)",vaaleansininen,vaaleansininen,VAALEANSININEN,rgb,0,255,221,3,4,line,white,en,,1.1.2,
6170,fi,"Finnish (suomi, suomen kieli)",vauvanpaska,vauvanpaska,VAUVANPASKA,rgb,255,198,0,3,5,line,white,en,,1.1.2,
6170,fi,"Finnish (suomi, suomen kieli)",vaaleansininen,vaaleansininen,VAALEANSININEN,rgb,0,255,236,3,6,line,white,en,,1.1.2,
6170,fi,"Finnish (suomi, suomen kieli)",ruusunpunaisehko,ruusunpunaisehko,RUUSUNPUNAISEHKO,rgb,255,0,131,3,7,line,white,en,,1.1.2,
6170,fi,"Finnish (suomi, suomen kieli)",beessihkolimenvihrea,beessihkö limenvihreä,BEESSIHKÖ LIMENVIHREÄ,rgb,218,255,0,3,8,line,white,en,,1.1.2,
6170,fi,"Finnish (suomi, suomen kieli)",sininenkin,sininenkin,SININENKIN,rgb,0,137,255,3,9,line,white,en,,1.1.2,
6170,fi,"Finnish (suomi, suomen kieli)",violetti,violetti,VIOLETTI,rgb,255,0,228,3,10,line,white,en,,1.1.2,
6170,fi,"Finnish (suomi, suomen kieli)",sininen,sininen,SININEN,rgb,0,101,255,3,11,line,white,en,,1.1.2,
6170,fi,"Finnish (suomi, suomen kieli)",vaaleansininen,vaaleansininen,VAALEANSININEN,rgb,0,234,255,6,0,line,white,en,,1.1.2,
6170,fi,"Finnish (suomi, suomen kieli)",violetti,violetti,VIOLETTI,rgb,255,0,178,6,1,line,white,en,,1.1.2,
6170,fi,"Finnish (suomi, suomen kieli)",punainen,punainen,PUNAINEN,rgb,255,0,50,6,2,line,white,en,,1.1.2,
6170,fi,"Finnish (suomi, suomen kieli)",sininenkin,sininenkin,SININENKIN,rgb,0,175,255,6,3,line,white,en,,1.1.2,
6170,fi,"Finnish (suomi, suomen kieli)",ruusunpunaisehko,ruusunpunaisehko,RUUSUNPUNAISEHKO,rgb,255,0,107,6,4,line,white,en,,1.1.2,
6170,fi,"Finnish (suomi, suomen kieli)",violetti,violetti,VIOLETTI,rgb,255,0,153,6,5,line,white,en,,1.1.2,
6170,fi,"Finnish (suomi, suomen kieli)",sininenkin,sininenkin,SININENKIN,rgb,0,183,255,6,6,line,white,en,,1.1.2,
6170,fi,"Finnish (suomi, suomen kieli)",beessihkovihrea,beessihkö vihreä,BEESSIHKÖ VIHREÄ,rgb,0,255,131,6,7,line,white,en,,1.1.2,
6170,fi,"Finnish (suomi, suomen kieli)",punane,punane,PUNANE,rgb,255,0,13,6,8,line,white,en,,1.1.2,
6170,fi,"Finnish (suomi, suomen kieli)",keltainen,keltainen,KELTAINEN,rgb,255,226,0,6,9,line,white,en,,1.1.2,
6170,fi,"Finnish (suomi, suomen kieli)",tummansininen,tummansininen,TUMMANSININEN,rgb,0,82,255,6,10,line,white,en,,1.1.2,
6170,fi,"Finnish (suomi, suomen kieli)",oranssi,oranssi,ORANSSI,rgb,255,112,0,6,11,line,white,en,,1.1.2,
6269,fi,"Finnish (suomi, suomen kieli)",sininen,sininen,Sininen,rgb,0,46,255,3,0,line,white,en,,1.1.2,
6269,fi,"Finnish (suomi, suomen kieli)",vaaleansininen,vaaleansininen,Vaaleansininen,rgb,0,193,255,3,1,line,white,en,,1.1.2,
6269,fi,"Finnish (suomi, suomen kieli)",vaaleanpunainen/pinkki,vaaleanpunainen/pinkki,Vaaleanpunainen/pinkki,rgb,255,0,151,3,2,line,white,en,,1.1.2,
6269,fi,"Finnish (suomi, suomen kieli)",violetti,violetti,Violetti,rgb,148,0,255,3,3,line,white,en,,1.1.2,
6269,fi,"Finnish (suomi, suomen kieli)",vaaleanvihrea,vaaleanvihreä,Vaaleanvihreä,rgb,128,255,0,3,4,line,white,en,,1.1.2,
6269,fi,"Finnish (suomi, suomen kieli)",turkoosi,turkoosi,Turkoosi,rgb,0,255,141,3,5,line,white,en,,1.1.2,
6269,fi,"Finnish (suomi, suomen kieli)",punainen,punainen,Punainen,rgb,255,0,15,3,6,line,white,en,,1.1.2,
6269,fi,"Finnish (suomi, suomen kieli)",vaaleanvioletti,vaaleanvioletti,Vaaleanvioletti,rgb,235,0,255,3,7,line,white,en,,1.1.2,
6269,fi,"Finnish (suomi, suomen kieli)",vaaleanvioletti,vaaleanvioletti,Vaaleanvioletti,rgb,255,0,225,3,8,line,white,en,,1.1.2,
6269,fi,"Finnish (suomi, suomen kieli)",sininen,sininen,Sininen,rgb,0,129,255,3,9,line,white,en,,1.1.2,
6269,fi,"Finnish (suomi, suomen kieli)",sininen,sininen,Sininen,rgb,0,25,255,3,10,line,white,en,,1.1.2,
6269,fi,"Finnish (suomi, suomen kieli)",vihrea,vihreä,Vihreä,rgb,0,255,19,3,11,line,white,en,,1.1.2,
6269,fi,"Finnish (suomi, suomen kieli)",oranssi,oranssi,Oranssi,rgb,255,96,0,6,0,line,white,en,,1.1.2,
6269,fi,"Finnish (suomi, suomen kieli)",vaaleanvihrea,vaaleanvihreä,Vaaleanvihreä,rgb,188,255,0,6,1,line,white,en,,1.1.2,
6269,fi,"Finnish (suomi, suomen kieli)",keltainen,keltainen,Keltainen,rgb,251,255,0,6,2,line,white,en,,1.1.2,
6269,fi,"Finnish (suomi, suomen kieli)",sininen,sininen,Sininen,rgb,0,150,255,6,3,line,white,en,,1.1.2,
6269,fi,"Finnish (suomi, suomen kieli)",punainen,punainen,Punainen,rgb,255,0,53,6,4,line,white,en,,1.1.2,
6269,fi,"Finnish (suomi, suomen kieli)",sininen,sininen,Sininen,rgb,0,100,255,6,5,line,white,en,,1.1.2,
6269,fi,"Finnish (suomi, suomen kieli)",pinkki,pinkki,Pinkki,rgb,255,0,98,6,6,line,white,en,,1.1.2,
6269,fi,"Finnish (suomi, suomen kieli)",pinkki,pinkki,Pinkki,rgb,255,0,116,6,7,line,white,en,,1.1.2,
6269,fi,"Finnish (suomi, suomen kieli)",sininen,sininen,Sininen,rgb,0,70,255,6,8,line,white,en,,1.1.2,
6269,fi,"Finnish (suomi, suomen kieli)",turkoosi,turkoosi,Turkoosi,rgb,0,255,167,6,9,line,white,en,,1.1.2,
6269,fi,"Finnish (suomi, suomen kieli)",vaaleansininen,vaaleansininen,Vaaleansininen,rgb,0,208,255,6,10,line,white,en,,1.1.2,
6269,fi,"Finnish (suomi, suomen kieli)",vaaleanvihrea,vaaleanvihreä,Vaaleanvihreä,rgb,0,255,116,6,11,line,white,en,,1.1.2,
6384,fi,"Finnish (suomi, suomen kieli)",tummansininen,tummansininen,tummansininen,rgb,0,72,255,1,0,line,white,en,,1.1.2,
6384,fi,"Finnish (suomi, suomen kieli)",oranssi,oranssi,oranssi,rgb,255,178,0,1,1,line,white,en,,1.1.2,
6384,fi,"Finnish (suomi, suomen kieli)",vaaleansininen,vaaleansininen,vaaleansininen,rgb,0,203,255,1,2,line,white,en,,1.1.2,
6384,fi,"Finnish (suomi, suomen kieli)",vaaleansininen,vaaleansininen,vaaleansininen,rgb,0,219,255,1,3,line,white,en,,1.1.2,
6384,fi,"Finnish (suomi, suomen kieli)",kirkkaanturkoosi,kirkkaanturkoosi,kirkkaanturkoosi,rgb,0,255,197,1,4,line,white,en,,1.1.2,
6384,fi,"Finnish (suomi, suomen kieli)",punainen,punainen,punainen,rgb,255,0,55,1,5,line,white,en,,1.1.2,
6384,fi,"Finnish (suomi, suomen kieli)",tummanoranssi,tummanoranssi,tummanoranssi,rgb,255,134,0,1,6,line,white,en,,1.1.2,
6384,fi,"Finnish (suomi, suomen kieli)",pinkki,pinkki,pinkki,rgb,255,0,199,1,7,line,white,en,,1.1.2,
6384,fi,"Finnish (suomi, suomen kieli)",lime,lime,lime,rgb,163,255,0,1,8,line,white,en,,1.1.2,
6384,fi,"Finnish (suomi, suomen kieli)",kirkkaansininen,kirkkaansininen,kirkkaansininen,rgb,0,150,255,1,9,line,white,en,,1.1.2,
6384,fi,"Finnish (suomi, suomen kieli)",kirkkaanvaaleanvihrea,kirkkaanvaaleanvihreä,kirkkaanvaaleanvihreä,rgb,0,255,123,1,10,line,white,en,,1.1.2,
6384,fi,"Finnish (suomi, suomen kieli)",keltainen,keltainen,keltainen,rgb,243,255,0,1,11,line,white,en,,1.1.2,
6384,fi,"Finnish (suomi, suomen kieli)",kirkkaanvihrea,kirkkaanvihreä,kirkkaanvihreä,rgb,42,255,0,3,0,line,white,en,,1.1.2,
6384,fi,"Finnish (suomi, suomen kieli)",tummansininen,tummansininen,tummansininen,rgb,0,20,255,3,1,line,white,en,,1.1.2,
6384,fi,"Finnish (suomi, suomen kieli)",tummankeltainen,tummankeltainen,tummankeltainen,rgb,255,211,0,3,2,line,white,en,,1.1.2,
6384,fi,"Finnish (suomi, suomen kieli)",tummansininen,tummansininen,tummansininen,rgb,0,51,255,3,3,line,white,en,,1.1.2,
6384,fi,"Finnish (suomi, suomen kieli)",vaaleanvihrea,vaaleanvihreä,vaaleanvihreä,rgb,0,255,115,3,4,line,white,en,,1.1.2,
6384,fi,"Finnish (suomi, suomen kieli)",tummanpinkki,tummanpinkki,tummanpinkki,rgb,255,0,115,3,5,line,white,en,,1.1.2,
6384,fi,"Finnish (suomi, suomen kieli)",sinertavanvioletti,sinertävänvioletti,sinertävänvioletti,rgb,97,0,255,3,6,line,white,en,,1.1.2,
6384,fi,"Finnish (suomi, suomen kieli)",taivaansininen,taivaansininen,taivaansininen,rgb,0,134,255,3,7,line,white,en,,1.1.2,
6384,fi,"Finnish (suomi, suomen kieli)",tummanpunertavanoranssi,tummanpunertavanoranssi,tummanpunertavanoranssi,rgb,255,95,0,3,8,line,white,en,,1.1.2,
6384,fi,"Finnish (suomi, suomen kieli)",tummanpinkki,tummanpinkki,tummanpinkki,rgb,255,0,160,3,9,line,white,en,,1.1.2,
6384,fi,"Finnish (suomi, suomen kieli)",kirkkaanliila,kirkkaanlila,kirkkaanlila,rgb,255,0,252,3,10,line,white,en,,1.1.2,
6384,fi,"Finnish (suomi, suomen kieli)",sininen,sininen,sininen,rgb,0,98,255,3,11,line,white,en,,1.1.2,
6384,fi,"Finnish (suomi, suomen kieli)",kirkkaanpunainen,kirkkaanpunainen,kirkkaanpunainen,rgb,255,0,4,6,0,line,white,en,,1.1.2,
6384,fi,"Finnish (suomi, suomen kieli)",vihertavankeltainen,vihertävänkeltainen,vihertävänkeltainen,rgb,213,255,0,6,1,line,white,en,,1.1.2,
6384,fi,"Finnish (suomi, suomen kieli)",kirkkaanturkoosi,kirkkaanturkoosi,kirkkaanturkoosi,rgb,0,255,165,6,2,line,white,en,,1.1.2,
6384,fi,"Finnish (suomi, suomen kieli)",kirkkaanvihrea,kirkkaanvihreä,kirkkaanvihreä,rgb,0,255,61,6,3,line,white,en,,1.1.2,
6384,fi,"Finnish (suomi, suomen kieli)",kirkkaanvioletti,kirkkaanvioletti,kirkkaanvioletti,rgb,171,0,255,6,4,line,white,en,,1.1.2,
6384,fi,"Finnish (suomi, suomen kieli)",kirkkaanpinkki,kirkkaanpinkki,kirkkaanpinkki,rgb,255,0,228,6,5,line,white,en,,1.1.2,
6384,fi,"Finnish (suomi, suomen kieli)",kirkkaanvaaleavihertavasininen,kirkkaanvaalea vihertävä sininen,kirkkaanvaalea vihertävä sininen,rgb,0,243,255,6,6,line,white,en,,1.1.2,
6384,fi,"Finnish (suomi, suomen kieli)",keltainen,keltainen,keltainen,rgb,255,233,0,6,7,line,white,en,,1.1.2,
6384,fi,"Finnish (suomi, suomen kieli)",pinkihtavakirkkaanpunainen,pinkihtävä kirkkaanpunainen,pinkihtävä kirkkaanpunainen,rgb,255,0,100,6,8,line,white,en,,1.1.2,
6384,fi,"Finnish (suomi, suomen kieli)",kirkkaanpunainen,kirkkaanpunainen,kirkkaanpunainen,rgb,255,50,0,6,9,line,white,en,,1.1.2,
6384,fi,"Finnish (suomi, suomen kieli)",sinertavanturkoosi,sinertävänturkoosi,sinertävänturkoosi,rgb,0,255,236,6,10,line,white,en,,1.1.2,
6384,fi,"Finnish (suomi, suomen kieli)",vaaleahkosininen,vaaleahko sininen,vaaleahko sininen,rgb,0,161,255,6,11,line,white,en,,1.1.2,
6696,fi,"Finnish (suomi, suomen kieli)",keltainen,keltainen,keltainen,rgb,247,255,0,1,0,line,white,en,,1.1.2,
6696,fi,"Finnish (suomi, suomen kieli)",sininen,sininen,sininen,rgb,0,68,255,1,1,line,white,en,,1.1.2,
6696,fi,"Finnish (suomi, suomen kieli)",tummankeltainen,tummankeltainen,tummankeltainen,rgb,255,153,0,1,2,line,white,en,,1.1.2,
6696,fi,"Finnish (suomi, suomen kieli)",sininen,sininen,sininen,rgb,0,111,255,1,3,line,white,en,,1.1.2,
6696,fi,"Finnish (suomi, suomen kieli)",liila,liila,liila,rgb,255,0,215,1,4,line,white,en,,1.1.2,
6696,fi,"Finnish (suomi, suomen kieli)",violetti,violetti,violetti,rgb,113,0,255,1,5,line,white,en,,1.1.2,
6696,fi,"Finnish (suomi, suomen kieli)",vihrea,vihreä,vihreä,rgb,70,255,0,1,6,line,white,en,,1.1.2,
6696,fi,"Finnish (suomi, suomen kieli)",oranssi,oranssi,oranssi,rgb,255,129,0,1,7,line,white,en,,1.1.2,
6696,fi,"Finnish (suomi, suomen kieli)",vaaleansininen,vaaleansininen,vaaleansininen,rgb,0,173,255,1,8,line,white,en,,1.1.2,
6696,fi,"Finnish (suomi, suomen kieli)",vaaleansininen,vaaleansininen,vaaleansininen,rgb,0,190,255,1,9,line,white,en,,1.1.2,
6696,fi,"Finnish (suomi, suomen kieli)",liila,liila,liila,rgb,255,0,162,1,10,line,white,en,,1.1.2,
6696,fi,"Finnish (suomi, suomen kieli)",pinkki,pinkki,pinkki,rgb,255,0,81,1,11,line,white,en,,1.1.2,
6696,fi,"Finnish (suomi, suomen kieli)",keltainen,keltainen,keltainen,rgb,227,255,0,3,0,line,white,en,,1.1.2,
6696,fi,"Finnish (suomi, suomen kieli)",vihrea,vihreä,vihreä,rgb,0,255,106,3,1,line,white,en,,1.1.2,
6696,fi,"Finnish (suomi, suomen kieli)",pastellinvihrea,pastellin vihreä,pastellin vihreä,rgb,0,255,142,3,2,line,white,en,,1.1.2,
6696,fi,"Finnish (suomi, suomen kieli)",vaaleansininen,vaaleansininen,vaaleansininen,rgb,0,255,210,3,3,line,white,en,,1.1.2,
6696,fi,"Finnish (suomi, suomen kieli)",liila,liila,liila,rgb,255,0,129,3,4,line,white,en,,1.1.2,
6696,fi,"Finnish (suomi, suomen kieli)",sininen,sininen,sininen,rgb,0,118,255,3,5,line,white,en,,1.1.2,
6696,fi,"Finnish (suomi, suomen kieli)",tummansininen,tummansininen,tummansininen,rgb,0,18,255,3,6,line,white,en,,1.1.2,
6696,fi,"Finnish (suomi, suomen kieli)",vaaleansininen,vaaleansininen,vaaleansininen,rgb,0,255,174,3,7,line,white,en,,1.1.2,
6696,fi,"Finnish (suomi, suomen kieli)",violetti,violetti,violetti,rgb,255,0,253,3,8,line,white,en,,1.1.2,
6696,fi,"Finnish (suomi, suomen kieli)",pinkki,pinkki,pinkki,rgb,255,0,42,3,9,line,white,en,,1.1.2,
6696,fi,"Finnish (suomi, suomen kieli)",vaaleansininen,vaaleansininen,vaaleansininen,rgb,0,230,255,3,10,line,white,en,,1.1.2,
6696,fi,"Finnish (suomi, suomen kieli)",vaaleansininen,vaaleansininen,vaaleansininen,rgb,0,230,255,3,11,line,white,en,,1.1.2,
6696,fi,"Finnish (suomi, suomen kieli)",keltainen,keltainen,keltainen,rgb,255,240,0,6,0,line,white,en,,1.1.2,
6696,fi,"Finnish (suomi, suomen kieli)",tummankeltainen,tummankeltainen,tummankeltainen,rgb,255,185,0,6,1,line,white,en,,1.1.2,
6696,fi,"Finnish (suomi, suomen kieli)",pinkki,pinkki,pinkki,rgb,255,0,64,6,2,line,white,en,,1.1.2,
6696,fi,"Finnish (suomi, suomen kieli)",oranssi,oranssi,oranssi,rgb,255,71,0,6,3,line,white,en,,1.1.2,
6696,fi,"Finnish (suomi, suomen kieli)",sininen,sininen,sininen,rgb,0,143,255,6,4,line,white,en,,1.1.2,
6696,fi,"Finnish (suomi, suomen kieli)",vaaleansininen,vaaleansininen,vaaleansininen,rgb,0,255,255,6,5,line,white,en,,1.1.2,
6696,fi,"Finnish (suomi, suomen kieli)",vihrea,vihreä,vihreä,rgb,0,255,47,6,6,line,white,en,,1.1.2,
6696,fi,"Finnish (suomi, suomen kieli)",violetti,violetti,violetti,rgb,190,0,255,6,7,line,white,en,,1.1.2,
6696,fi,"Finnish (suomi, suomen kieli)",liila,liila,liila,rgb,255,0,208,6,8,line,white,en,,1.1.2,
6696,fi,"Finnish (suomi, suomen kieli)",myrkynvihrea,myrkynvihreä,myrkynvihreä,rgb,141,255,0,6,9,line,white,en,,1.1.2,
6696,fi,"Finnish (suomi, suomen kieli)",oranssi,oranssi,oranssi,rgb,255,107,0,6,10,line,white,en,,1.1.2,
6696,fi,"Finnish (suomi, suomen kieli)",tummansininen,tummansininen,tummansininen,rgb,0,52,255,6,11,line,white,en,,1.1.2,
6719,fi,"Finnish (suomi, suomen kieli)",kylmapunainen,kylmäpunainen,Kylmäpunainen,rgb,255,0,86,1,0,line,white,en,,1.1.2,
6719,fi,"Finnish (suomi, suomen kieli)",lamminpunainen,lämmin punainen,Lämmin punainen,rgb,255,27,0,1,1,line,white,en,,1.1.2,
6719,fi,"Finnish (suomi, suomen kieli)",keltainen,keltainen,Keltainen,rgb,255,186,0,1,2,line,white,en,,1.1.2,
6719,fi,"Finnish (suomi, suomen kieli)",liila,liila,Liila,rgb,199,0,255,1,3,line,white,en,,1.1.2,
6719,fi,"Finnish (suomi, suomen kieli)",vaaleansininen,vaaleansininen,Vaaleansininen,rgb,0,151,255,1,4,line,white,en,,1.1.2,
6719,fi,"Finnish (suomi, suomen kieli)",sininen,sininen,Sininen,rgb,0,80,255,1,5,line,white,en,,1.1.2,
6719,fi,"Finnish (suomi, suomen kieli)",pinkki,pinkki,Pinkki,rgb,255,0,204,1,6,line,white,en,,1.1.2,
6719,fi,"Finnish (suomi, suomen kieli)",tummasininen,tummasininen,Tummasininen,rgb,0,45,255,1,7,line,white,en,,1.1.2,
6719,fi,"Finnish (suomi, suomen kieli)",kirsikanpunainen,kirsikanpunainen,Kirsikanpunainen,rgb,255,0,119,1,8,line,white,en,,1.1.2,
6719,fi,"Finnish (suomi, suomen kieli)",vihrea,vihreä,Vihreä,rgb,0,255,120,1,9,line,white,en,,1.1.2,
6719,fi,"Finnish (suomi, suomen kieli)",fuxia,fuxia,Fuxia,rgb,251,0,255,1,10,line,white,en,,1.1.2,
6719,fi,"Finnish (suomi, suomen kieli)",turkoosi,turkoosi,Turkoosi,rgb,0,255,200,1,11,line,white,en,,1.1.2,
6719,fi,"Finnish (suomi, suomen kieli)",vaaleaturkoosi,vaaleaturkoosi,Vaaleaturkoosi,rgb,0,255,248,3,0,line,white,en,,1.1.2,
6719,fi,"Finnish (suomi, suomen kieli)",sininen,sininen,Sininen,rgb,0,105,255,3,1,line,white,en,,1.1.2,
6719,fi,"Finnish (suomi, suomen kieli)",punainen,punainen,Punainen,rgb,255,0,51,3,2,line,white,en,,1.1.2,
6719,fi,"Finnish (suomi, suomen kieli)",punainen,punainen,Punainen,rgb,255,0,37,3,3,line,white,en,,1.1.2,
6719,fi,"Finnish (suomi, suomen kieli)",vaaleanvihrea,vaaleanvihreä,Vaaleanvihreä,rgb,186,255,0,3,4,line,white,en,,1.1.2,
6719,fi,"Finnish (suomi, suomen kieli)",kirkasvaaleansininen,kirkasvaaleansininen,Kirkasvaaleansininen,rgb,0,212,255,3,5,line,white,en,,1.1.2,
6719,fi,"Finnish (suomi, suomen kieli)",syvakeltainen,syvä keltainen,Syvä keltainen,rgb,255,228,0,3,6,line,white,en,,1.1.2,
6719,fi,"Finnish (suomi, suomen kieli)",oranssi,oranssi,Oranssi,rgb,255,153,0,3,7,line,white,en,,1.1.2,
6719,fi,"Finnish (suomi, suomen kieli)",sahkonsininen,sähkönsininen,Sähkönsininen,rgb,0,27,255,3,8,line,white,en,,1.1.2,
6719,fi,"Finnish (suomi, suomen kieli)",tummafuxia,tummafuxia,Tummafuxia,rgb,255,0,166,3,9,line,white,en,,1.1.2,
6719,fi,"Finnish (suomi, suomen kieli)",tummaliila,tummaliila,Tummaliila,rgb,127,0,255,3,10,line,white,en,,1.1.2,
6719,fi,"Finnish (suomi, suomen kieli)",neonvihrea,neonvihreä,Neonvihreä,rgb,170,255,0,3,11,line,white,en,,1.1.2,
6719,fi,"Finnish (suomi, suomen kieli)",keltainen,keltainen,Keltainen,rgb,255,248,0,6,0,line,white,en,,1.1.2,
6719,fi,"Finnish (suomi, suomen kieli)",vaaleanvihrea,vaaleanvihreä,Vaaleanvihreä,rgb,0,255,50,6,1,line,white,en,,1.1.2,
6719,fi,"Finnish (suomi, suomen kieli)",tummapinkki,tumma pinkki,Tumma pinkki,rgb,255,0,246,6,2,line,white,en,,1.1.2,
6719,fi,"Finnish (suomi, suomen kieli)",tummaoranssi,tumma oranssi,Tumma oranssi,rgb,255,135,0,6,3,line,white,en,,1.1.2,
6719,fi,"Finnish (suomi, suomen kieli)",turkoosinvihrea,turkoosinvihreä,Turkoosinvihreä,rgb,0,255,160,6,4,line,white,en,,1.1.2,
6719,fi,"Finnish (suomi, suomen kieli)",tummaoranssi,tumma oranssi,Tumma oranssi,rgb,255,85,0,6,5,line,white,en,,1.1.2,
6719,fi,"Finnish (suomi, suomen kieli)",vaaleansininen,vaaleansininen,Vaaleansininen,rgb,0,190,255,6,6,line,white,en,,1.1.2,
6719,fi,"Finnish (suomi, suomen kieli)",kirkasvaaleanvihrea,kirkas vaaleanvihreä,Kirkas vaaleanvihreä,rgb,0,255,115,6,7,line,white,en,,1.1.2,
6719,fi,"Finnish (suomi, suomen kieli)",lamminvaaleanvihrea,lämminvaaleanvihreä,Lämminvaaleanvihreä,rgb,76,255,0,6,8,line,white,en,,1.1.2,
6719,fi,"Finnish (suomi, suomen kieli)",lamminsyvasininen,lämmin syvä sininen,Lämmin syvä sininen,rgb,0,118,255,6,9,line,white,en,,1.1.2,
6719,fi,"Finnish (suomi, suomen kieli)",vaaleasininenturk,vaaleasininen turk,Vaaleasininen turk,rgb,0,233,255,6,10,line,white,en,,1.1.2,
6719,fi,"Finnish (suomi, suomen kieli)",lamminsininen,lämmin sininen,Lämmin sininen,rgb,0,173,255,6,11,line,white,en,,1.1.2,
6745,fi,"Finnish (suomi, suomen kieli)",vihrea,vihreä,Vihreä,rgb,0,255,3,1,0,line,white,en,,1.1.2,
6745,fi,"Finnish (suomi, suomen kieli)",punainen,punainen,Punainen,rgb,255,40,0,1,1,line,white,en,,1.1.2,
6745,fi,"Finnish (suomi, suomen kieli)",sininen,sininen,Sininen,rgb,0,200,255,1,2,line,white,en,,1.1.2,
6745,fi,"Finnish (suomi, suomen kieli)",sininen,sininen,Sininen,rgb,0,206,255,1,3,line,white,en,,1.1.2,
6745,fi,"Finnish (suomi, suomen kieli)",petrooli,petrooli,Petrooli,rgb,255,0,85,1,4,line,white,en,,1.1.2,
6745,fi,"Finnish (suomi, suomen kieli)",keltainen,keltainen,Keltainen,rgb,255,194,0,1,5,line,white,en,,1.1.2,
6745,fi,"Finnish (suomi, suomen kieli)",vaaleanvihrea,vaalean vihreä,Vaalean vihreä,rgb,0,255,132,1,6,line,white,en,,1.1.2,
6745,fi,"Finnish (suomi, suomen kieli)",sahkonsininen,sähkönsininen,Sähkönsininen,rgb,0,82,255,1,7,line,white,en,,1.1.2,
6745,fi,"Finnish (suomi, suomen kieli)",oranssi,oranssi,Oranssi,rgb,255,170,0,1,8,line,white,en,,1.1.2,
6745,fi,"Finnish (suomi, suomen kieli)",violetti,violetti,Violetti,rgb,162,0,255,1,9,line,white,en,,1.1.2,
6745,fi,"Finnish (suomi, suomen kieli)",turkoosi,turkoosi,Turkoosi,rgb,0,255,246,1,10,line,white,en,,1.1.2,
6745,fi,"Finnish (suomi, suomen kieli)",pinkki,pinkki,Pinkki,rgb,255,0,245,1,11,line,white,en,,1.1.2,
6745,fi,"Finnish (suomi, suomen kieli)",vihrea,vihreä,Vihreä,rgb,86,255,0,3,0,line,white,en,,1.1.2,
6745,fi,"Finnish (suomi, suomen kieli)",tummansininen,tumman sininen,Tumman sininen,rgb,0,112,255,3,1,line,white,en,,1.1.2,
6745,fi,"Finnish (suomi, suomen kieli)",violetti,violetti,Violetti,rgb,215,0,255,3,2,line,white,en,,1.1.2,
6745,fi,"Finnish (suomi, suomen kieli)",pinkki,pinkki,Pinkki,rgb,255,0,70,3,3,line,white,en,,1.1.2,
6745,fi,"Finnish (suomi, suomen kieli)",keltainen,keltainen,Keltainen,rgb,255,244,0,3,4,line,white,en,,1.1.2,
6745,fi,"Finnish (suomi, suomen kieli)",limenvihrea,limen vihreä,Limen vihreä,rgb,217,255,0,3,5,line,white,en,,1.1.2,
6745,fi,"Finnish (suomi, suomen kieli)",vaaleansininen,vaaleansininen,Vaaleansininen,rgb,0,172,255,3,6,line,white,en,,1.1.2,
6745,fi,"Finnish (suomi, suomen kieli)",sahkonsininen,sähkönsininen,Sähkönsininen,rgb,0,65,255,3,7,line,white,en,,1.1.2,
6745,fi,"Finnish (suomi, suomen kieli)",keltainen,keltainen,Keltainen,rgb,255,222,0,3,8,line,white,en,,1.1.2,
6745,fi,"Finnish (suomi, suomen kieli)",turkoosi,turkoosi,Turkoosi,rgb,0,255,180,3,9,line,white,en,,1.1.2,
6745,fi,"Finnish (suomi, suomen kieli)",violetti,violetti,Violetti,rgb,223,0,255,3,10,line,white,en,,1.1.2,
6745,fi,"Finnish (suomi, suomen kieli)",vihrea,vihreä,Vihreä,rgb,148,255,0,3,11,line,white,en,,1.1.2,
6745,fi,"Finnish (suomi, suomen kieli)",sinien,sinien,Sinien,rgb,0,145,255,6,0,line,white,en,,1.1.2,
6745,fi,"Finnish (suomi, suomen kieli)",sininen,sininen,Sininen,rgb,0,122,255,6,1,line,white,en,,1.1.2,
6745,fi,"Finnish (suomi, suomen kieli)",sahkonsininen,sähkönsininen,Sähkönsininen,rgb,0,8,255,6,2,line,white,en,,1.1.2,
6745,fi,"Finnish (suomi, suomen kieli)",kirkkaanvihrea,kirkkaan vihreä,Kirkkaan vihreä,rgb,0,255,94,6,3,line,white,en,,1.1.2,
6745,fi,"Finnish (suomi, suomen kieli)",oranssi,oranssi,Oranssi,rgb,255,136,0,6,4,line,white,en,,1.1.2,
6745,fi,"Finnish (suomi, suomen kieli)",pinkki,pinkki,Pinkki,rgb,255,0,184,6,5,line,white,en,,1.1.2,
6745,fi,"Finnish (suomi, suomen kieli)",pinkki,pinkki,Pinkki,rgb,255,0,169,6,6,line,white,en,,1.1.2,
6745,fi,"Finnish (suomi, suomen kieli)",turkoosi,turkoosi,Turkoosi,rgb,0,255,221,6,7,line,white,en,,1.1.2,
6745,fi,"Finnish (suomi, suomen kieli)",punainen,punainen,Punainen,rgb,255,0,48,6,8,line,white,en,,1.1.2,
6745,fi,"Finnish (suomi, suomen kieli)",petrooli,petrooli,Petrooli,rgb,255,0,122,6,9,line,white,en,,1.1.2,
6745,fi,"Finnish (suomi, suomen kieli)",oranssi,oranssi,Oranssi,rgb,255,116,0,6,10,line,white,en,,1.1.2,
6745,fi,"Finnish (suomi, suomen kieli)",turkoosi,turkoosi,Turkoosi,rgb,0,241,255,6,11,line,white,en,,1.1.2,
6780,fi,"Finnish (suomi, suomen kieli)",vaaleansininen,vaalean sininen,vaalean sininen,rgb,0,255,217,1,0,line,white,en,,1.1.2,
6780,fi,"Finnish (suomi, suomen kieli)",vihrea,vihreä,vihreä,rgb,95,255,0,1,1,line,white,en,,1.1.2,
6780,fi,"Finnish (suomi, suomen kieli)",punainen,punainen,punainen,rgb,255,0,56,1,2,line,white,en,,1.1.2,
6780,fi,"Finnish (suomi, suomen kieli)",pinkki,pinkki,pinkki,rgb,255,0,186,1,3,line,white,en,,1.1.2,
6780,fi,"Finnish (suomi, suomen kieli)",keltainen,keltainen,keltainen,rgb,255,244,0,1,4,line,white,en,,1.1.2,
6780,fi,"Finnish (suomi, suomen kieli)",vihrea,vihreä,vihreä,rgb,0,255,111,1,5,line,white,en,,1.1.2,
6780,fi,"Finnish (suomi, suomen kieli)",vaaleansininen,vaalean sininen,vaalean sininen,rgb,0,255,232,1,6,line,white,en,,1.1.2,
6780,fi,"Finnish (suomi, suomen kieli)",sininen,sininen,sininen,rgb,0,179,255,1,7,line,white,en,,1.1.2,
6780,fi,"Finnish (suomi, suomen kieli)",vihrea,vihreä,vihreä,rgb,157,255,0,1,8,line,white,en,,1.1.2,
6780,fi,"Finnish (suomi, suomen kieli)",sininen,sininen,sininen,rgb,0,50,255,1,9,line,white,en,,1.1.2,
6780,fi,"Finnish (suomi, suomen kieli)",sininen,sininen,sininen,rgb,0,92,255,1,10,line,white,en,,1.1.2,
6780,fi,"Finnish (suomi, suomen kieli)",violetti,violetti,violetti,rgb,144,0,255,1,11,line,white,en,,1.1.2,
6780,fi,"Finnish (suomi, suomen kieli)",violetti,violetti,violetti,rgb,255,0,254,3,0,line,white,en,,1.1.2,
6780,fi,"Finnish (suomi, suomen kieli)",keltainen,keltainen,keltainen,rgb,194,255,0,3,1,line,white,en,,1.1.2,
6780,fi,"Finnish (suomi, suomen kieli)",oranssi,oranssi,oranssi,rgb,255,146,0,3,2,line,white,en,,1.1.2,
6780,fi,"Finnish (suomi, suomen kieli)",vihrea,vihreä,vihreä,rgb,0,255,58,3,3,line,white,en,,1.1.2,
6780,fi,"Finnish (suomi, suomen kieli)",sininen,sininen,sininen,rgb,0,184,255,3,4,line,white,en,,1.1.2,
6780,fi,"Finnish (suomi, suomen kieli)",oranssi,oranssi,oranssi,rgb,255,55,0,3,5,line,white,en,,1.1.2,
6780,fi,"Finnish (suomi, suomen kieli)",punainen,punainen,punainen,rgb,255,0,105,3,6,line,white,en,,1.1.2,
6780,fi,"Finnish (suomi, suomen kieli)",sininen,sininen,sininen,rgb,0,88,255,3,7,line,white,en,,1.1.2,
6780,fi,"Finnish (suomi, suomen kieli)",vihrea,vihreä,vihreä,rgb,0,255,131,3,8,line,white,en,,1.1.2,
6780,fi,"Finnish (suomi, suomen kieli)",vihrea,vihreä,vihreä,rgb,0,255,174,3,9,line,white,en,,1.1.2,
6780,fi,"Finnish (suomi, suomen kieli)",punainen,punainen,punainen,rgb,255,0,25,3,10,line,white,en,,1.1.2,
6780,fi,"Finnish (suomi, suomen kieli)",violetti,violetti,violetti,rgb,255,0,227,3,11,line,white,en,,1.1.2,
6780,fi,"Finnish (suomi, suomen kieli)",violetti,violetti,violetti,rgb,255,0,173,6,0,line,white,en,,1.1.2,
6780,fi,"Finnish (suomi, suomen kieli)",sininen,sininen,sininen,rgb,0,127,255,6,1,line,white,en,,1.1.2,
6780,fi,"Finnish (suomi, suomen kieli)",oranssi,oranssi,oranssi,rgb,255,105,0,6,2,line,white,en,,1.1.2,
6780,fi,"Finnish (suomi, suomen kieli)",sininen,sininen,sininen,rgb,0,245,255,6,3,line,white,en,,1.1.2,
6780,fi,"Finnish (suomi, suomen kieli)",keltainen,keltainen,keltainen,rgb,255,243,0,6,4,line,white,en,,1.1.2,
6780,fi,"Finnish (suomi, suomen kieli)",sininen,sininen,sininen,rgb,0,141,255,6,5,line,white,en,,1.1.2,
6780,fi,"Finnish (suomi, suomen kieli)",keltainen,keltainen,keltainen,rgb,255,209,0,6,6,line,white,en,,1.1.2,
6780,fi,"Finnish (suomi, suomen kieli)",sininen,sininen,sininen,rgb,0,212,255,6,7,line,white,en,,1.1.2,
6780,fi,"Finnish (suomi, suomen kieli)",oranssi,oranssi,oranssi,rgb,255,179,0,6,8,line,white,en,,1.1.2,
6780,fi,"Finnish (suomi, suomen kieli)",pinkki,pinkki,pinkki,rgb,255,0,124,6,9,line,white,en,,1.1.2,
6780,fi,"Finnish (suomi, suomen kieli)",purppura,purppura,purppura,rgb,44,0,255,6,10,line,white,en,,1.1.2,
6780,fi,"Finnish (suomi, suomen kieli)",violetti,violetti,violetti,rgb,166,0,255,6,11,line,white,en,,1.1.2,
6882,fi,"Finnish (suomi, suomen kieli)",punainen,punainen,punainen,rgb,255,0,73,1,0,line,white,en,,1.1.2,
6882,fi,"Finnish (suomi, suomen kieli)",purppura,purppura,purppura,rgb,216,0,255,1,1,line,white,en,,1.1.2,
6882,fi,"Finnish (suomi, suomen kieli)",sininen,sininen,sininen,rgb,0,117,255,1,2,line,white,en,,1.1.2,
6882,fi,"Finnish (suomi, suomen kieli)",syaani,syaani,syaani,rgb,0,235,255,1,3,line,white,en,,1.1.2,
6882,fi,"Finnish (suomi, suomen kieli)",oranssi,oranssi,oranssi,rgb,255,160,0,1,4,line,white,en,,1.1.2,
6882,fi,"Finnish (suomi, suomen kieli)",vaaleanoranssi,vaaleanoranssi,vaaleanoranssi,rgb,255,187,0,1,5,line,white,en,,1.1.2,
6882,fi,"Finnish (suomi, suomen kieli)",tummansininen,tummansininen,tummansininen,rgb,0,30,255,1,6,line,white,en,,1.1.2,
6882,fi,"Finnish (suomi, suomen kieli)",vaaleansininen,vaaleansininen,vaaleansininen,rgb,0,202,255,1,7,line,white,en,,1.1.2,
6882,fi,"Finnish (suomi, suomen kieli)",sininen,sininen,sininen,rgb,0,145,255,1,8,line,white,en,,1.1.2,
6882,fi,"Finnish (suomi, suomen kieli)",vihrea,vihreä,vihreä,rgb,76,255,0,1,9,line,white,en,,1.1.2,
6882,fi,"Finnish (suomi, suomen kieli)",viininpunainen,viininpunainen,viininpunainen,rgb,255,0,110,1,10,line,white,en,,1.1.2,
6882,fi,"Finnish (suomi, suomen kieli)",keltainen,keltainen,keltainen,rgb,255,241,0,1,11,line,white,en,,1.1.2,
6882,fi,"Finnish (suomi, suomen kieli)",pinkki,pinkki,pinkki,rgb,255,0,212,3,0,line,white,en,,1.1.2,
6882,fi,"Finnish (suomi, suomen kieli)",sininen,sininen,sininen,rgb,0,100,255,3,1,line,white,en,,1.1.2,
6882,fi,"Finnish (suomi, suomen kieli)",oranssi,oranssi,oranssi,rgb,255,88,0,3,2,line,white,en,,1.1.2,
6882,fi,"Finnish (suomi, suomen kieli)",vaaleanvihrea,vaaleanvihreä,vaaleanvihreä,rgb,175,255,0,3,3,line,white,en,,1.1.2,
6882,fi,"Finnish (suomi, suomen kieli)",vaaleansininen,vaaleansininen,vaaleansininen,rgb,0,255,222,3,4,line,white,en,,1.1.2,
6882,fi,"Finnish (suomi, suomen kieli)",purppura,purppura,purppura,rgb,147,0,255,3,5,line,white,en,,1.1.2,
6882,fi,"Finnish (suomi, suomen kieli)",vaaleansininen,vaaleansininen,vaaleansininen,rgb,0,163,255,3,6,line,white,en,,1.1.2,
6882,fi,"Finnish (suomi, suomen kieli)",tummansininen,tummansininen,tummansininen,rgb,0,85,255,3,7,line,white,en,,1.1.2,
6882,fi,"Finnish (suomi, suomen kieli)",keltavihrea,keltavihreä,keltavihreä,rgb,198,255,0,3,8,line,white,en,,1.1.2,
6882,fi,"Finnish (suomi, suomen kieli)",vihrea,vihreä,vihreä,rgb,0,255,85,3,9,line,white,en,,1.1.2,
6882,fi,"Finnish (suomi, suomen kieli)",vaaleanvihrea,vaaleanvihreä,vaaleanvihreä,rgb,0,255,72,3,10,line,white,en,,1.1.2,
6882,fi,"Finnish (suomi, suomen kieli)",magenta,magenta,magenta,rgb,227,0,255,3,11,line,white,en,,1.1.2,
6882,fi,"Finnish (suomi, suomen kieli)",syaani,syaani,syaani,rgb,0,255,241,6,0,line,white,en,,1.1.2,
6882,fi,"Finnish (suomi, suomen kieli)",magenta,magenta,magenta,rgb,255,0,205,6,1,line,white,en,,1.1.2,
6882,fi,"Finnish (suomi, suomen kieli)",vaaleansininen,vaaleansininen,vaaleansininen,rgb,0,223,255,6,2,line,white,en,,1.1.2,
6882,fi,"Finnish (suomi, suomen kieli)",tummansininen,tummansininen,tummansininen,rgb,0,35,255,6,3,line,white,en,,1.1.2,
6882,fi,"Finnish (suomi, suomen kieli)",oranssi,oranssi,oranssi,rgb,255,75,0,6,4,line,white,en,,1.1.2,
6882,fi,"Finnish (suomi, suomen kieli)",pinkki,pinkki,pinkki,rgb,255,0,157,6,5,line,white,en,,1.1.2,
6882,fi,"Finnish (suomi, suomen kieli)",viininpunainen,viininpunainen,viininpunainen,rgb,255,0,124,6,6,line,white,en,,1.1.2,
6882,fi,"Finnish (suomi, suomen kieli)",punainen,punainen,punainen,rgb,255,0,44,6,7,line,white,en,,1.1.2,
6882,fi,"Finnish (suomi, suomen kieli)",keltavihrea,keltavihreä,keltavihreä,rgb,0,255,186,6,8,line,white,en,,1.1.2,
6882,fi,"Finnish (suomi, suomen kieli)",keltainen,keltainen,keltainen,rgb,255,255,0,6,9,line,white,en,,1.1.2,
6882,fi,"Finnish (suomi, suomen kieli)",vihrea,vihreä,vihreä,rgb,0,255,140,6,10,line,white,en,,1.1.2,
6882,fi,"Finnish (suomi, suomen kieli)",oranssi,oranssi,oranssi,rgb,255,124,0,6,11,line,white,en,,1.1.2,
7094,fi,"Finnish (suomi, suomen kieli)",syvapinkki,syvä pinkki,Syvä pinkki,rgb,255,0,143,1,0,line,white,en,,1.1.2,
7094,fi,"Finnish (suomi, suomen kieli)",kobaltinsininen,kobaltin sininen,Kobaltin sininen,rgb,0,87,255,1,1,line,white,en,,1.1.2,
7094,fi,"Finnish (suomi, suomen kieli)",magenta,magenta,Magenta,rgb,255,0,251,1,2,line,white,en,,1.1.2,
7094,fi,"Finnish (suomi, suomen kieli)",oranssi,oranssi,Oranssi,rgb,255,115,0,1,3,line,white,en,,1.1.2,
7094,fi,"Finnish (suomi, suomen kieli)",taivaansininen(seruleeni?),taivaan sininen (seruleeni?),Taivaan sininen (Seruleeni?),rgb,0,136,255,1,4,line,white,en,,1.1.2,
7094,fi,"Finnish (suomi, suomen kieli)",keltainen,keltainen,Keltainen,rgb,255,210,0,1,5,line,white,en,,1.1.2,
7094,fi,"Finnish (suomi, suomen kieli)",akvamariini,akvamariini,Akvamariini,rgb,0,255,198,1,6,line,white,en,,1.1.2,
7094,fi,"Finnish (suomi, suomen kieli)",syaani,syaani,Syaani,rgb,0,255,237,1,7,line,white,en,,1.1.2,
7094,fi,"Finnish (suomi, suomen kieli)",kirkaspinkki?,kirkas pinkki?,Kirkas pinkki?,rgb,255,0,139,1,8,line,white,en,,1.1.2,
7094,fi,"Finnish (suomi, suomen kieli)",keltaoranssi,keltaoranssi,Keltaoranssi,rgb,255,150,0,1,9,line,white,en,,1.1.2,
7094,fi,"Finnish (suomi, suomen kieli)",mintunvihrea,mintun vihreä,Mintun vihreä,rgb,0,255,173,1,10,line,white,en,,1.1.2,
7094,fi,"Finnish (suomi, suomen kieli)",punainen,punainen,Punainen,rgb,255,47,0,1,11,line,white,en,,1.1.2,
7094,fi,"Finnish (suomi, suomen kieli)",screaminggreen?,screaming green?,Screaming green?,rgb,0,255,141,3,0,line,white,en,,1.1.2,
7094,fi,"Finnish (suomi, suomen kieli)",violetti,violetti,Violetti,rgb,150,0,255,3,1,line,white,en,,1.1.2,
7094,fi,"Finnish (suomi, suomen kieli)",syvapinkki,syvä pinkki,Syvä Pinkki,rgb,255,0,203,3,2,line,white,en,,1.1.2,
7094,fi,"Finnish (suomi, suomen kieli)",limenvihrea,limenvihreä,Limenvihreä,rgb,194,255,0,3,4,line,white,en,,1.1.2,
7094,fi,"Finnish (suomi, suomen kieli)",sininen,sininen,Sininen,rgb,0,37,255,3,5,line,white,en,,1.1.2,
7094,fi,"Finnish (suomi, suomen kieli)",oranssi,oranssi,Oranssi,rgb,255,169,0,3,6,line,white,en,,1.1.2,
7094,fi,"Finnish (suomi, suomen kieli)",keltainen,keltainen,Keltainen,rgb,255,251,0,3,7,line,white,en,,1.1.2,
7094,fi,"Finnish (suomi, suomen kieli)",taivaansininen,taivaan sininen,Taivaan sininen,rgb,0,180,255,3,8,line,white,en,,1.1.2,
7094,fi,"Finnish (suomi, suomen kieli)",kadmium,kadmium,Kadmium,rgb,255,237,0,3,9,line,white,en,,1.1.2,
7094,fi,"Finnish (suomi, suomen kieli)",ultramariini,ultramariini,Ultramariini,rgb,0,6,255,3,10,line,white,en,,1.1.2,
7094,fi,"Finnish (suomi, suomen kieli)",vihrea,vihreä,Vihreä,rgb,129,255,0,3,11,line,white,en,,1.1.2,
7094,fi,"Finnish (suomi, suomen kieli)",punainen,punainen,Punainen,rgb,255,0,58,6,0,line,white,en,,1.1.2,
7094,fi,"Finnish (suomi, suomen kieli)",sininen,sininen,Sininen,rgb,0,112,255,6,1,line,white,en,,1.1.2,
7094,fi,"Finnish (suomi, suomen kieli)",cerulean,cerulean,Cerulean,rgb,0,128,255,6,2,line,white,en,,1.1.2,
7094,fi,"Finnish (suomi, suomen kieli)",syaani,syaani,Syaani,rgb,0,226,255,6,3,line,white,en,,1.1.2,
7094,fi,"Finnish (suomi, suomen kieli)",vihrea,vihreä,Vihreä,rgb,0,255,19,6,4,line,white,en,,1.1.2,
7094,fi,"Finnish (suomi, suomen kieli)",punainen,punainen,Punainen,rgb,255,0,38,6,5,line,white,en,,1.1.2,
7094,fi,"Finnish (suomi, suomen kieli)",syaani,syaani,Syaani,rgb,0,238,255,6,6,line,white,en,,1.1.2,
7094,fi,"Finnish (suomi, suomen kieli)",syvapinkki,syvä pinkki,Syvä Pinkki,rgb,255,0,243,6,7,line,white,en,,1.1.2,
7094,fi,"Finnish (suomi, suomen kieli)",limenvihrea,limen vihreä,Limen vihreä,rgb,184,255,0,6,8,line,white,en,,1.1.2,
7094,fi,"Finnish (suomi, suomen kieli)",taivaansininen,taivaan sininen,Taivaan sininen,rgb,0,189,255,6,9,line,white,en,,1.1.2,
7094,fi,"Finnish (suomi, suomen kieli)",screaminggreen?,screaming green?,Screaming green?,rgb,0,255,88,6,10,line,white,en,,1.1.2,
7094,fi,"Finnish (suomi, suomen kieli)",purppura,purppura,Purppura,rgb,218,0,255,6,11,line,white,en,,1.1.2,
7342,fi,"Finnish (suomi, suomen kieli)",siniturkoosi,siniturkoosi,siniturkoosi,rgb,0,228,255,1,0,line,white,en,,1.1.2,
7342,fi,"Finnish (suomi, suomen kieli)",aniliini,aniliini,aniliini,rgb,255,0,131,1,1,line,white,en,,1.1.2,
7342,fi,"Finnish (suomi, suomen kieli)",pinkki,pinkki,pinkki,rgb,255,0,182,1,2,line,white,en,,1.1.2,
7342,fi,"Finnish (suomi, suomen kieli)",liila,lila,lila,rgb,255,0,215,1,3,line,white,en,,1.1.2,
7342,fi,"Finnish (suomi, suomen kieli)",lime,lime,lime,rgb,144,255,0,1,4,line,white,en,,1.1.2,
7342,fi,"Finnish (suomi, suomen kieli)",vihreanturkoosi,vihreänturkoosi,vihreänturkoosi,rgb,0,255,93,1,5,line,white,en,,1.1.2,
7342,fi,"Finnish (suomi, suomen kieli)",vaaleansininen,vaaleansininen,vaaleansininen,rgb,0,255,242,1,6,line,white,en,,1.1.2,
7342,fi,"Finnish (suomi, suomen kieli)",vihrea,vihreä,vihreä,rgb,0,255,15,1,7,line,white,en,,1.1.2,
7342,fi,"Finnish (suomi, suomen kieli)",turkoosi,turkoosi,turkoosi,rgb,0,255,149,1,8,line,white,en,,1.1.2,
7342,fi,"Finnish (suomi, suomen kieli)",oliivinvihrea,oliivinvihreä,oliivinvihreä,rgb,113,255,0,1,9,line,white,en,,1.1.2,
7342,fi,"Finnish (suomi, suomen kieli)",sininen,sininen,sininen,rgb,0,27,255,1,10,line,white,en,,1.1.2,
7342,fi,"Finnish (suomi, suomen kieli)",oranssi,oranssi,oranssi,rgb,255,141,0,1,11,line,white,en,,1.1.2,
7342,fi,"Finnish (suomi, suomen kieli)",vihreanturkoosi,vihreänturkoosi,vihreänturkoosi,rgb,0,255,161,3,0,line,white,en,,1.1.2,
7342,fi,"Finnish (suomi, suomen kieli)",merensininen,merensininen,merensininen,rgb,0,101,255,3,1,line,white,en,,1.1.2,
7342,fi,"Finnish (suomi, suomen kieli)",fuksia,fuksia,fuksia,rgb,255,0,79,3,2,line,white,en,,1.1.2,
7342,fi,"Finnish (suomi, suomen kieli)",keltainen,keltainen,keltainen,rgb,253,255,0,3,4,line,white,en,,1.1.2,
7342,fi,"Finnish (suomi, suomen kieli)",farkunsininen,farkunsininen,farkunsininen,rgb,0,176,255,3,5,line,white,en,,1.1.2,
7342,fi,"Finnish (suomi, suomen kieli)",vaaleansininen,vaaleansininen,vaaleansininen,rgb,0,203,255,3,6,line,white,en,,1.1.2,
7342,fi,"Finnish (suomi, suomen kieli)",oranssinpunainen,oranssinpunainen,oranssinpunainen,rgb,255,86,0,3,7,line,white,en,,1.1.2,
7342,fi,"Finnish (suomi, suomen kieli)",punainen,punainen,punainen,rgb,255,0,21,3,8,line,white,en,,1.1.2,
7342,fi,"Finnish (suomi, suomen kieli)",keltavihrea,keltavihreä,keltavihreä,rgb,209,255,0,3,9,line,white,en,,1.1.2,
7342,fi,"Finnish (suomi, suomen kieli)",tummankeltainen,tummankeltainen,tummankeltainen,rgb,255,200,0,3,10,line,white,en,,1.1.2,
7342,fi,"Finnish (suomi, suomen kieli)",sininen,sininen,sininen,rgb,0,53,255,3,11,line,white,en,,1.1.2,
7342,fi,"Finnish (suomi, suomen kieli)",liila,lila,lila,rgb,217,0,255,6,0,line,white,en,,1.1.2,
7342,fi,"Finnish (suomi, suomen kieli)",pinkki,pinkki,pinkki,rgb,243,0,255,6,1,line,white,en,,1.1.2,
7342,fi,"Finnish (suomi, suomen kieli)",oranssi,oranssi,oranssi,rgb,255,153,0,6,2,line,white,en,,1.1.2,
7342,fi,"Finnish (suomi, suomen kieli)",turkoosi,turkoosi,turkoosi,rgb,0,251,255,6,3,line,white,en,,1.1.2,
7342,fi,"Finnish (suomi, suomen kieli)",aniliini,aniliini,aniliini,rgb,255,0,176,6,4,line,white,en,,1.1.2,
7342,fi,"Finnish (suomi, suomen kieli)",fuksia,fuksia,fuksia,rgb,255,0,91,6,5,line,white,en,,1.1.2,
7342,fi,"Finnish (suomi, suomen kieli)",kirkkaansininen,kirkkaansininen,kirkkaansininen,rgb,0,86,255,6,6,line,white,en,,1.1.2,
7342,fi,"Finnish (suomi, suomen kieli)",merensininen,merensininen,merensininen,rgb,0,125,255,6,7,line,white,en,,1.1.2,
7342,fi,"Finnish (suomi, suomen kieli)",farkunsininen,farkunsininen,farkunsininen,rgb,0,157,255,6,8,line,white,en,,1.1.2,
7342,fi,"Finnish (suomi, suomen kieli)",vihreanturkoosi,vihreänturkoosi,vihreänturkoosi,rgb,0,255,192,6,9,line,white,en,,1.1.2,
7342,fi,"Finnish (suomi, suomen kieli)",violetinsininen,violetinsininen,violetinsininen,rgb,95,0,255,6,10,line,white,en,,1.1.2,
7342,fi,"Finnish (suomi, suomen kieli)",keltainen,keltainen,keltainen,rgb,255,231,0,6,11,line,white,en,,1.1.2,
7486,fi,"Finnish (suomi, suomen kieli)",vaalenvihrea,vaalen vihreä,vaalen vihreä,rgb,0,255,140,1,0,line,white,en,,1.1.2,
7486,fi,"Finnish (suomi, suomen kieli)",keltainen,keltainen,keltainen,rgb,255,227,0,1,1,line,white,en,,1.1.2,
7486,fi,"Finnish (suomi, suomen kieli)",analiininpunainen,analiininpunainen,analiininpunainen,rgb,255,0,127,1,2,line,white,en,,1.1.2,
7486,fi,"Finnish (suomi, suomen kieli)",punainen,punainen,punainen,rgb,255,0,57,1,3,line,white,en,,1.1.2,
7486,fi,"Finnish (suomi, suomen kieli)",lime,lime,lime,rgb,101,255,0,1,4,line,white,en,,1.1.2,
7486,fi,"Finnish (suomi, suomen kieli)",pinkki,pinkki,pinkki,rgb,255,0,224,1,5,line,white,en,,1.1.2,
7486,fi,"Finnish (suomi, suomen kieli)",pinkki,pinkki,pinkki,rgb,255,0,203,1,6,line,white,en,,1.1.2,
7486,fi,"Finnish (suomi, suomen kieli)",minttu,minttu,minttu,rgb,0,255,201,1,7,line,white,en,,1.1.2,
7486,fi,"Finnish (suomi, suomen kieli)",tummansininen,tumman sininen,tumman sininen,rgb,0,67,255,1,8,line,white,en,,1.1.2,
7486,fi,"Finnish (suomi, suomen kieli)",tummanpinkki,tumman pinkki,tumman pinkki,rgb,255,0,162,1,9,line,white,en,,1.1.2,
7486,fi,"Finnish (suomi, suomen kieli)",sininen,sininen,sininen,rgb,0,152,255,1,10,line,white,en,,1.1.2,
7486,fi,"Finnish (suomi, suomen kieli)",vaalensininen,vaalen sininen,vaalen sininen,rgb,0,203,255,1,11,line,white,en,,1.1.2,
8585,fi,"Finnish (suomi, suomen kieli)",vihrea,vihreä,Vihreä,rgb,0,255,82,1,0,line,white,en,,1.1.2,
8585,fi,"Finnish (suomi, suomen kieli)",punainen,punainen,Punainen,rgb,255,46,0,1,1,line,white,en,,1.1.2,
8585,fi,"Finnish (suomi, suomen kieli)",violetti,violetti,Violetti,rgb,110,0,255,1,2,line,white,en,,1.1.2,
8585,fi,"Finnish (suomi, suomen kieli)",vaaleansininen,vaaleansininen,Vaaleansininen,rgb,0,215,255,1,3,line,white,en,,1.1.2,
8585,fi,"Finnish (suomi, suomen kieli)",pinkki,pinkki,Pinkki,rgb,255,0,161,1,4,line,white,en,,1.1.2,
8585,fi,"Finnish (suomi, suomen kieli)",oranssi,oranssi,Oranssi,rgb,255,185,0,1,5,line,white,en,,1.1.2,
8585,fi,"Finnish (suomi, suomen kieli)",keltainen,keltainen,Keltainen,rgb,255,255,0,1,6,line,white,en,,1.1.2,
8585,fi,"Finnish (suomi, suomen kieli)",turkoosi,turkoosi,Turkoosi,rgb,0,255,236,1,7,line,white,en,,1.1.2,
8585,fi,"Finnish (suomi, suomen kieli)",sininen,sininen,Sininen,rgb,0,114,255,1,8,line,white,en,,1.1.2,
8585,fi,"Finnish (suomi, suomen kieli)",okra,okra,Okra,rgb,255,174,0,1,9,line,white,en,,1.1.2,
8585,fi,"Finnish (suomi, suomen kieli)",lime,lime,Lime,rgb,224,255,0,1,10,line,white,en,,1.1.2,
8585,fi,"Finnish (suomi, suomen kieli)",tummansininen,tummansininen,Tummansininen,rgb,0,88,255,1,11,line,white,en,,1.1.2,
8585,fi,"Finnish (suomi, suomen kieli)",turkoosi,turkoosi,Turkoosi,rgb,0,255,186,3,0,line,white,en,,1.1.2,
8585,fi,"Finnish (suomi, suomen kieli)",fuksia,fuksia,Fuksia,rgb,240,0,255,3,1,line,white,en,,1.1.2,
8585,fi,"Finnish (suomi, suomen kieli)",turkoosi,turkoosi,Turkoosi,rgb,0,255,196,3,2,line,white,en,,1.1.2,
8585,fi,"Finnish (suomi, suomen kieli)",fuksia,fuksia,Fuksia,rgb,255,0,184,3,3,line,white,en,,1.1.2,
8585,fi,"Finnish (suomi, suomen kieli)",kirkkaanvihrea,kirkkaanvihreä,Kirkkaanvihreä,rgb,82,255,0,3,4,line,white,en,,1.1.2,
8585,fi,"Finnish (suomi, suomen kieli)",tummansininen,tummansininen,Tummansininen,rgb,12,0,255,3,5,line,white,en,,1.1.2,
8585,fi,"Finnish (suomi, suomen kieli)",pinkki,pinkki,Pinkki,rgb,255,0,215,3,6,line,white,en,,1.1.2,
8585,fi,"Finnish (suomi, suomen kieli)",tummansininen,tummansininen,Tummansininen,rgb,0,54,255,3,7,line,white,en,,1.1.2,
8585,fi,"Finnish (suomi, suomen kieli)",violetti,violetti,Violetti,rgb,176,0,255,3,8,line,white,en,,1.1.2,
8585,fi,"Finnish (suomi, suomen kieli)",oranssi,oranssi,Oranssi,rgb,255,131,0,3,9,line,white,en,,1.1.2,
8585,fi,"Finnish (suomi, suomen kieli)",sininen,sininen,Sininen,rgb,0,166,255,3,10,line,white,en,,1.1.2,
8585,fi,"Finnish (suomi, suomen kieli)",puolukanpunainen,puolukanpunainen,Puolukanpunainen,rgb,255,0,98,3,11,line,white,en,,1.1.2,
8585,fi,"Finnish (suomi, suomen kieli)",fuksia,fuksia,Fuksia,rgb,255,0,120,6,0,line,white,en,,1.1.2,
8585,fi,"Finnish (suomi, suomen kieli)",oranssi,oranssi,Oranssi,rgb,255,82,0,6,1,line,white,en,,1.1.2,
8585,fi,"Finnish (suomi, suomen kieli)",punainen,punainen,Punainen,rgb,255,0,40,6,2,line,white,en,,1.1.2,
8585,fi,"Finnish (suomi, suomen kieli)",puolukanpunainen,puolukanpunainen,Puolukanpunainen,rgb,255,0,80,6,3,line,white,en,,1.1.2,
8585,fi,"Finnish (suomi, suomen kieli)",sininen,sininen,Sininen,rgb,0,183,255,6,4,line,white,en,,1.1.2,
8585,fi,"Finnish (suomi, suomen kieli)",tummansininen,tummansininen,Tummansininen,rgb,0,100,255,6,5,line,white,en,,1.1.2,
8585,fi,"Finnish (suomi, suomen kieli)",kirkkaanvihrea,kirkkaanvihreä,Kirkkaanvihreä,rgb,0,255,134,6,6,line,white,en,,1.1.2,
8585,fi,"Finnish (suomi, suomen kieli)",lime,lime,Lime,rgb,170,255,0,6,7,line,white,en,,1.1.2,
8585,fi,"Finnish (suomi, suomen kieli)",turkoosi,turkoosi,Turkoosi,rgb,0,241,255,6,8,line,white,en,,1.1.2,
8585,fi,"Finnish (suomi, suomen kieli)",kirkkaanvihrea,kirkkaanvihreä,Kirkkaanvihreä,rgb,0,255,44,6,9,line,white,en,,1.1.2,
8585,fi,"Finnish (suomi, suomen kieli)",kulta,kulta,Kulta,rgb,255,221,0,6,10,line,white,en,,1.1.2,
8585,fi,"Finnish (suomi, suomen kieli)",sininen,sininen,Sininen,rgb,0,149,255,6,11,line,white,en,,1.1.2,
8683,fi,"Finnish (suomi, suomen kieli)",oranssi,oranssi,oranssi,rgb,255,116,0,1,0,line,white,en,,1.1.2,
8683,fi,"Finnish (suomi, suomen kieli)",sininen,sininen,sininen,rgb,0,48,255,1,1,line,white,en,,1.1.2,
8683,fi,"Finnish (suomi, suomen kieli)",vihrea,vihreä,vihreä,rgb,0,255,166,1,2,line,white,en,,1.1.2,
8683,fi,"Finnish (suomi, suomen kieli)",turkoosi,turkoosi,turkoosi,rgb,0,255,206,1,3,line,white,en,,1.1.2,
8683,fi,"Finnish (suomi, suomen kieli)",pinkki,pinkki,pinkki,rgb,255,0,148,1,4,line,white,en,,1.1.2,
8683,fi,"Finnish (suomi, suomen kieli)",keltainen,keltainen,keltainen,rgb,255,230,0,1,5,line,white,en,,1.1.2,
8683,fi,"Finnish (suomi, suomen kieli)",pinkki,pinkki,pinkki,rgb,255,0,87,1,6,line,white,en,,1.1.2,
8683,fi,"Finnish (suomi, suomen kieli)",magenta,magenta,magenta,rgb,255,0,253,1,7,line,white,en,,1.1.2,
8683,fi,"Finnish (suomi, suomen kieli)",sininen,sininen,sininen,rgb,0,244,255,1,8,line,white,en,,1.1.2,
8683,fi,"Finnish (suomi, suomen kieli)",sininen,sininen,sininen,rgb,0,22,255,1,9,line,white,en,,1.1.2,
8683,fi,"Finnish (suomi, suomen kieli)",pinkki,pinkki,pinkki,rgb,255,0,69,1,10,line,white,en,,1.1.2,
8683,fi,"Finnish (suomi, suomen kieli)",liila,lila,lila,rgb,166,0,255,1,11,line,white,en,,1.1.2,
8683,fi,"Finnish (suomi, suomen kieli)",turkoosi,turkoosi,turkoosi,rgb,0,255,151,3,0,line,white,en,,1.1.2,
8683,fi,"Finnish (suomi, suomen kieli)",magenta,magenta,magenta,rgb,255,0,191,3,1,line,white,en,,1.1.2,
8683,fi,"Finnish (suomi, suomen kieli)",lime,lime,lime,rgb,204,255,0,3,2,line,white,en,,1.1.2,
8683,fi,"Finnish (suomi, suomen kieli)",sininen,sininen,sininen,rgb,0,206,255,3,3,line,white,en,,1.1.2,
8683,fi,"Finnish (suomi, suomen kieli)",punainen,punainen,punainen,rgb,255,0,11,3,4,line,white,en,,1.1.2,
8683,fi,"Finnish (suomi, suomen kieli)",sininen,sininen,sininen,rgb,0,255,230,3,5,line,white,en,,1.1.2,
8683,fi,"Finnish (suomi, suomen kieli)",vihrea,vihreä,vihreä,rgb,0,255,55,3,6,line,white,en,,1.1.2,
8683,fi,"Finnish (suomi, suomen kieli)",sininen,sininen,sininen,rgb,0,74,255,3,7,line,white,en,,1.1.2,
8683,fi,"Finnish (suomi, suomen kieli)",pinkki,pinkki,pinkki,rgb,255,0,115,3,8,line,white,en,,1.1.2,
8683,fi,"Finnish (suomi, suomen kieli)",sininen,sininen,sininen,rgb,0,178,255,3,9,line,white,en,,1.1.2,
8683,fi,"Finnish (suomi, suomen kieli)",keltainen,keltainen,keltainen,rgb,251,255,0,3,10,line,white,en,,1.1.2,
8683,fi,"Finnish (suomi, suomen kieli)",oranssi,oranssi,oranssi,rgb,255,150,0,3,11,line,white,en,,1.1.2,
8683,fi,"Finnish (suomi, suomen kieli)",oranssi,oranssi,oranssi,rgb,255,152,0,6,0,line,white,en,,1.1.2,
8683,fi,"Finnish (suomi, suomen kieli)",lime,lime,lime,rgb,185,255,0,6,1,line,white,en,,1.1.2,
8683,fi,"Finnish (suomi, suomen kieli)",keltainen,keltainen,keltainen,rgb,255,212,0,6,2,line,white,en,,1.1.2,
8683,fi,"Finnish (suomi, suomen kieli)",punainen,punainen,punainen,rgb,255,9,0,6,3,line,white,en,,1.1.2,
8683,fi,"Finnish (suomi, suomen kieli)",sininen,sininen,sininen,rgb,0,182,255,6,4,line,white,en,,1.1.2,
8683,fi,"Finnish (suomi, suomen kieli)",sininen,sininen,sininen,rgb,0,139,255,6,5,line,white,en,,1.1.2,
8683,fi,"Finnish (suomi, suomen kieli)",sininen,sininen,sininen,rgb,0,107,255,6,6,line,white,en,,1.1.2,
8683,fi,"Finnish (suomi, suomen kieli)",magenta,magenta,magenta,rgb,255,0,245,6,7,line,white,en,,1.1.2,
8683,fi,"Finnish (suomi, suomen kieli)",vihrea,vihreä,vihreä,rgb,86,255,0,6,8,line,white,en,,1.1.2,
8683,fi,"Finnish (suomi, suomen kieli)",vihrea,vihreä,vihreä,rgb,0,255,79,6,9,line,white,en,,1.1.2,
8683,fi,"Finnish (suomi, suomen kieli)",liila,lila,lila,rgb,145,0,255,6,10,line,white,en,,1.1.2,
8683,fi,"Finnish (suomi, suomen kieli)",sininen,sininen,sininen,rgb,0,124,255,6,11,line,white,en,,1.1.2,
9351,fi,"Finnish (suomi, suomen kieli)",turkoosi,turkoosi,Turkoosi,rgb,0,197,255,1,0,line,white,en,,1.1.2,
9351,fi,"Finnish (suomi, suomen kieli)",oranssi,oranssi,Oranssi,rgb,255,130,0,1,1,line,white,en,,1.1.2,
9351,fi,"Finnish (suomi, suomen kieli)",sininen,sininen,Sininen,rgb,0,111,255,1,2,line,white,en,,1.1.2,
9351,fi,"Finnish (suomi, suomen kieli)","vihrea,neonvihrea","vihreä, neonvihreä","Vihreä, Neonvihreä",rgb,191,255,0,1,3,line,white,en,,1.1.2,
9351,fi,"Finnish (suomi, suomen kieli)",sininen,sininen,Sininen,rgb,0,168,255,1,4,line,white,en,,1.1.2,
9351,fi,"Finnish (suomi, suomen kieli)",vihrea,vihreä,Vihreä,rgb,0,255,183,1,5,line,white,en,,1.1.2,
9351,fi,"Finnish (suomi, suomen kieli)",turkoosi,turkoosi,Turkoosi,rgb,0,227,255,1,6,line,white,en,,1.1.2,
9351,fi,"Finnish (suomi, suomen kieli)",lime,lime,Lime,rgb,148,255,0,1,7,line,white,en,,1.1.2,
9351,fi,"Finnish (suomi, suomen kieli)",punainen,punainen,Punainen,rgb,255,0,56,1,8,line,white,en,,1.1.2,
9351,fi,"Finnish (suomi, suomen kieli)","pinkki,aniliini","pinkki, aniliini","Pinkki, aniliini",rgb,255,0,188,1,9,line,white,en,,1.1.2,
9351,fi,"Finnish (suomi, suomen kieli)",oranssi,oranssi,Oranssi,rgb,255,168,0,1,10,line,white,en,,1.1.2,
9351,fi,"Finnish (suomi, suomen kieli)","sininen,konoltti","sininen, konoltti","Sininen, konoltti",rgb,0,35,255,1,11,line,white,en,,1.1.2,
9351,fi,"Finnish (suomi, suomen kieli)",punainen,punainen,Punainen,rgb,255,0,37,3,0,line,white,en,,1.1.2,
9351,fi,"Finnish (suomi, suomen kieli)",sininen,sininen,Sininen,rgb,0,124,255,3,1,line,white,en,,1.1.2,
9351,fi,"Finnish (suomi, suomen kieli)",vihrea,vihreä,Vihreä,rgb,0,255,202,3,2,line,white,en,,1.1.2,
9351,fi,"Finnish (suomi, suomen kieli)",vihrea,vihreä,Vihreä,rgb,0,255,71,3,3,line,white,en,,1.1.2,
9351,fi,"Finnish (suomi, suomen kieli)",oranssi,oranssi,Oranssi,rgb,255,183,0,3,4,line,white,en,,1.1.2,
9351,fi,"Finnish (suomi, suomen kieli)",punainen,punainen,Punainen,rgb,255,0,84,3,5,line,white,en,,1.1.2,
9351,fi,"Finnish (suomi, suomen kieli)",oranssi,oranssi,Oranssi,rgb,255,99,0,3,6,line,white,en,,1.1.2,
9351,fi,"Finnish (suomi, suomen kieli)",sininen,sininen,Sininen,rgb,0,88,255,3,8,line,white,en,,1.1.2,
9351,fi,"Finnish (suomi, suomen kieli)",punainen,punainen,Punainen,rgb,255,10,0,3,9,line,white,en,,1.1.2,
9351,fi,"Finnish (suomi, suomen kieli)",keltainen,keltainen,Keltainen,rgb,232,255,0,3,10,line,white,en,,1.1.2,
9351,fi,"Finnish (suomi, suomen kieli)",turkoosi,turkoosi,Turkoosi,rgb,0,255,232,3,11,line,white,en,,1.1.2,
9351,fi,"Finnish (suomi, suomen kieli)",vihrea,vihreä,Vihreä,rgb,0,255,139,6,0,line,white,en,,1.1.2,
9351,fi,"Finnish (suomi, suomen kieli)",anilliini,anilliini,Anilliini,rgb,255,0,233,6,1,line,white,en,,1.1.2,
9351,fi,"Finnish (suomi, suomen kieli)",violetti,violetti,Violetti,rgb,202,0,255,6,2,line,white,en,,1.1.2,
9351,fi,"Finnish (suomi, suomen kieli)",violetti,violetti,Violetti,rgb,138,0,255,6,3,line,white,en,,1.1.2,
9351,fi,"Finnish (suomi, suomen kieli)",sininen,sininen,Sininen,rgb,0,149,255,6,4,line,white,en,,1.1.2,
9351,fi,"Finnish (suomi, suomen kieli)","vihrea,lime","vihreä, lime","Vihreä, lime",rgb,121,255,0,6,5,line,white,en,,1.1.2,
9351,fi,"Finnish (suomi, suomen kieli)",punainen,punainen,Punainen,rgb,255,0,112,6,6,line,white,en,,1.1.2,
9351,fi,"Finnish (suomi, suomen kieli)",keltainen,keltainen,Keltainen,rgb,255,226,0,6,7,line,white,en,,1.1.2,
9351,fi,"Finnish (suomi, suomen kieli)","vihrea,lime","vihreä, lime","Vihreä, lime",rgb,0,255,96,6,8,line,white,en,,1.1.2,
9351,fi,"Finnish (suomi, suomen kieli)",pinkki,pinkki,Pinkki,rgb,255,0,155,6,9,line,white,en,,1.1.2,
9351,fi,"Finnish (suomi, suomen kieli)",turkoosi,turkoosi,Turkoosi,rgb,0,255,255,6,10,line,white,en,,1.1.2,
9351,fi,"Finnish (suomi, suomen kieli)",violetti,violetti,Violetti,rgb,224,0,255,6,11,line,white,en,,1.1.2,
10330,fi,"Finnish (suomi, suomen kieli)",liila,lila,lila,rgb,215,0,255,1,0,line,white,en,,1.1.2,
10330,fi,"Finnish (suomi, suomen kieli)",kullankeltainen,kullankeltainen,kullankeltainen,rgb,255,228,0,1,1,line,white,en,,1.1.2,
10330,fi,"Finnish (suomi, suomen kieli)",taivaansininen,taivaansininen,taivaansininen,rgb,0,203,255,1,2,line,white,en,,1.1.2,
10330,fi,"Finnish (suomi, suomen kieli)",vihrea,vihreä,vihreä,rgb,57,255,0,1,3,line,white,en,,1.1.2,
10330,fi,"Finnish (suomi, suomen kieli)",sinivihrea,sinivihreä,sinivihreä,rgb,0,255,211,1,4,line,white,en,,1.1.2,
10330,fi,"Finnish (suomi, suomen kieli)",purppura,purppura,purppura,rgb,255,0,190,1,5,line,white,en,,1.1.2,
10330,fi,"Finnish (suomi, suomen kieli)",magenta,magenta,magenta,rgb,255,0,150,1,6,line,white,en,,1.1.2,
10330,fi,"Finnish (suomi, suomen kieli)",sininen,sininen,sininen,rgb,0,140,255,1,7,line,white,en,,1.1.2,
10330,fi,"Finnish (suomi, suomen kieli)",kellanvihrea,kellanvihreä,kellanvihreä,rgb,218,255,0,1,8,line,white,en,,1.1.2,
10330,fi,"Finnish (suomi, suomen kieli)",sininen,sininen,sininen,rgb,0,120,255,1,9,line,white,en,,1.1.2,
10330,fi,"Finnish (suomi, suomen kieli)",keltainen,keltainen,keltainen,rgb,234,255,0,1,10,line,white,en,,1.1.2,
10330,fi,"Finnish (suomi, suomen kieli)",oranssi,oranssi,oranssi,rgb,255,109,0,1,11,line,white,en,,1.1.2,
10330,fi,"Finnish (suomi, suomen kieli)",sininen,sininen,sininen,rgb,0,79,255,3,0,line,white,en,,1.1.2,
10330,fi,"Finnish (suomi, suomen kieli)",violetti,violetti,violetti,rgb,149,0,255,3,1,line,white,en,,1.1.2,
10330,fi,"Finnish (suomi, suomen kieli)",punainen,punainen,punainen,rgb,255,0,40,3,2,line,white,en,,1.1.2,
10330,fi,"Finnish (suomi, suomen kieli)",oranssi,oranssi,oranssi,rgb,255,130,0,3,3,line,white,en,,1.1.2,
10330,fi,"Finnish (suomi, suomen kieli)",kullankeltainen,kullankeltainen,kullankeltainen,rgb,255,191,0,3,4,line,white,en,,1.1.2,
10330,fi,"Finnish (suomi, suomen kieli)",taivaansininen,taivaansininen,taivaansininen,rgb,0,255,250,3,5,line,white,en,,1.1.2,
10330,fi,"Finnish (suomi, suomen kieli)",ruosteenpunainen,ruosteenpunainen,ruosteenpunainen,rgb,255,75,0,3,6,line,white,en,,1.1.2,
10330,fi,"Finnish (suomi, suomen kieli)",tummansininen,tummansininen,tummansininen,rgb,62,0,255,3,8,line,white,en,,1.1.2,
10330,fi,"Finnish (suomi, suomen kieli)",mintunvihrea,mintunvihreä,mintunvihreä,rgb,0,255,174,3,9,line,white,en,,1.1.2,
10330,fi,"Finnish (suomi, suomen kieli)",vihrea,vihreä,vihreä,rgb,0,255,142,3,10,line,white,en,,1.1.2,
10330,fi,"Finnish (suomi, suomen kieli)",oranssi,oranssi,oranssi,rgb,255,171,0,3,11,line,white,en,,1.1.2,
10330,fi,"Finnish (suomi, suomen kieli)",vihrea,vihreä,vihreä,rgb,0,255,92,6,0,line,white,en,,1.1.2,
10330,fi,"Finnish (suomi, suomen kieli)",punainen,punainen,punainen,rgb,255,0,73,6,1,line,white,en,,1.1.2,
10330,fi,"Finnish (suomi, suomen kieli)",vihrea,vihreä,vihreä,rgb,0,255,56,6,2,line,white,en,,1.1.2,
10330,fi,"Finnish (suomi, suomen kieli)",sininen,sininen,sininen,rgb,0,36,255,6,3,line,white,en,,1.1.2,
10330,fi,"Finnish (suomi, suomen kieli)",tummanrosa,tummanrosa,tummanrosa,rgb,255,0,102,6,4,line,white,en,,1.1.2,
10330,fi,"Finnish (suomi, suomen kieli)",sininen,sininen,sininen,rgb,0,101,255,6,5,line,white,en,,1.1.2,
10330,fi,"Finnish (suomi, suomen kieli)",kellanvihrea,kellanvihreä,kellanvihreä,rgb,167,255,0,6,6,line,white,en,,1.1.2,
10330,fi,"Finnish (suomi, suomen kieli)",magenta,magenta,magenta,rgb,255,0,221,6,7,line,white,en,,1.1.2,
10330,fi,"Finnish (suomi, suomen kieli)",taivaansininen,taivaansininen,taivaansininen,rgb,0,221,255,6,8,line,white,en,,1.1.2,
10330,fi,"Finnish (suomi, suomen kieli)",taivaansininen,taivaansininen,taivaansininen,rgb,0,248,255,6,9,line,white,en,,1.1.2,
10330,fi,"Finnish (suomi, suomen kieli)",taivaansininen,taivaansininen,taivaansininen,rgb,0,164,255,6,10,line,white,en,,1.1.2,
10330,fi,"Finnish (suomi, suomen kieli)",purppura,purppura,purppura,rgb,246,0,255,6,11,line,white,en,,1.1.2,
11065,fi,"Finnish (suomi, suomen kieli)",vihrea,vihreä,vihreä,rgb,0,255,140,1,0,line,white,en,,1.1.2,
11065,fi,"Finnish (suomi, suomen kieli)",violetti,violetti,violetti,rgb,234,0,255,1,1,line,white,en,,1.1.2,
11065,fi,"Finnish (suomi, suomen kieli)",punainen,punainen,punainen,rgb,255,0,37,1,2,line,white,en,,1.1.2,
11065,fi,"Finnish (suomi, suomen kieli)",turkoosi,turkoosi,turkoosi,rgb,0,255,224,1,3,line,white,en,,1.1.2,
11065,fi,"Finnish (suomi, suomen kieli)",punainen,punainen,punainen,rgb,255,84,0,1,4,line,white,en,,1.1.2,
11065,fi,"Finnish (suomi, suomen kieli)",turkoosi,turkoosi,turkoosi,rgb,0,251,255,1,5,line,white,en,,1.1.2,
11065,fi,"Finnish (suomi, suomen kieli)",vihrea,vihreä,vihreä,rgb,0,255,55,1,6,line,white,en,,1.1.2,
11065,fi,"Finnish (suomi, suomen kieli)",pinkki,pinkki,pinkki,rgb,255,0,182,1,7,line,white,en,,1.1.2,
11065,fi,"Finnish (suomi, suomen kieli)",sininen,sininen,sininen,rgb,0,54,255,1,8,line,white,en,,1.1.2,
11065,fi,"Finnish (suomi, suomen kieli)",vihrea,vihreä,vihreä,rgb,0,255,84,1,9,line,white,en,,1.1.2,
11065,fi,"Finnish (suomi, suomen kieli)",lehtivihrea,lehtivihreä,lehtivihreä,rgb,147,255,0,1,10,line,white,en,,1.1.2,
11065,fi,"Finnish (suomi, suomen kieli)",turkoosi,turkoosi,turkoosi,rgb,0,255,188,1,11,line,white,en,,1.1.2,
11065,fi,"Finnish (suomi, suomen kieli)",sininen,sininen,sininen,rgb,0,115,255,3,0,line,white,en,,1.1.2,
11065,fi,"Finnish (suomi, suomen kieli)",liila,lila,lila,rgb,141,0,255,3,1,line,white,en,,1.1.2,
11065,fi,"Finnish (suomi, suomen kieli)",turkoosi,turkoosi,turkoosi,rgb,0,212,255,3,2,line,white,en,,1.1.2,
11065,fi,"Finnish (suomi, suomen kieli)",punainen,punainen,punainen,rgb,255,0,68,3,3,line,white,en,,1.1.2,
11065,fi,"Finnish (suomi, suomen kieli)",oranssi,oranssi,oranssi,rgb,255,185,0,3,4,line,white,en,,1.1.2,
11065,fi,"Finnish (suomi, suomen kieli)",oranssi,oranssi,oranssi,rgb,255,164,0,3,5,line,white,en,,1.1.2,
11065,fi,"Finnish (suomi, suomen kieli)",magenta,magenta,magenta,rgb,255,0,215,3,6,line,white,en,,1.1.2,
11065,fi,"Finnish (suomi, suomen kieli)",violetti,violetti,violetti,rgb,214,0,255,3,7,line,white,en,,1.1.2,
11065,fi,"Finnish (suomi, suomen kieli)",oranssi,oranssi,oranssi,rgb,255,128,0,3,8,line,white,en,,1.1.2,
11065,fi,"Finnish (suomi, suomen kieli)",vaaleansininen,vaalean sininen,vaalean sininen,rgb,0,142,255,3,9,line,white,en,,1.1.2,
11065,fi,"Finnish (suomi, suomen kieli)",sininen,sininen,sininen,rgb,85,0,255,3,10,line,white,en,,1.1.2,
11065,fi,"Finnish (suomi, suomen kieli)",keltainen,keltainen,keltainen,rgb,255,253,0,3,11,line,white,en,,1.1.2,
11065,fi,"Finnish (suomi, suomen kieli)",punainen,punainen,punainen,rgb,255,16,0,6,0,line,white,en,,1.1.2,
11065,fi,"Finnish (suomi, suomen kieli)",punainen,punainen,punainen,rgb,255,0,92,6,1,line,white,en,,1.1.2,
11065,fi,"Finnish (suomi, suomen kieli)",ultramariini,ultramariini,ultramariini,rgb,255,0,120,6,2,line,white,en,,1.1.2,
11065,fi,"Finnish (suomi, suomen kieli)",vihrea,vihreä,vihreä,rgb,111,255,0,6,3,line,white,en,,1.1.2,
11065,fi,"Finnish (suomi, suomen kieli)",keltainen,keltainen,keltainen,rgb,255,222,0,6,4,line,white,en,,1.1.2,
11065,fi,"Finnish (suomi, suomen kieli)",pinkki,pinkki,pinkki,rgb,255,0,170,6,5,line,white,en,,1.1.2,
11065,fi,"Finnish (suomi, suomen kieli)",vihrea,vihreä,vihreä,rgb,199,255,0,6,6,line,white,en,,1.1.2,
11065,fi,"Finnish (suomi, suomen kieli)",sininen,sininen,sininen,rgb,0,84,255,6,7,line,white,en,,1.1.2,
11065,fi,"Finnish (suomi, suomen kieli)",vaaleansininen,vaalean sininen,vaalean sininen,rgb,0,174,255,6,8,line,white,en,,1.1.2,
11065,fi,"Finnish (suomi, suomen kieli)",vaaleansininen,vaalean sininen,vaalean sininen,rgb,0,185,255,6,9,line,white,en,,1.1.2,
11065,fi,"Finnish (suomi, suomen kieli)",sininen,sininen,sininen,rgb,0,100,255,6,10,line,white,en,,1.1.2,
11065,fi,"Finnish (suomi, suomen kieli)",turkoosi,turkoosi,turkoosi,rgb,0,255,210,6,11,line,white,en,,1.1.2,
11119,fi,"Finnish (suomi, suomen kieli)",keltainen,keltainen,keltainen,rgb,255,190,0,1,0,line,white,en,,1.1.2,
11119,fi,"Finnish (suomi, suomen kieli)",vaaleanpunainen,vaaleanpunainen,vaaleanpunainen,rgb,255,0,87,1,1,line,white,en,,1.1.2,
11119,fi,"Finnish (suomi, suomen kieli)",sininen,sininen,sininen,rgb,0,119,255,1,2,line,white,en,,1.1.2,
11119,fi,"Finnish (suomi, suomen kieli)",vihrea,vihreä,vihreä,rgb,0,255,102,1,3,line,white,en,,1.1.2,
11119,fi,"Finnish (suomi, suomen kieli)",oranssi,oranssi,oranssi,rgb,255,54,0,1,4,line,white,en,,1.1.2,
11119,fi,"Finnish (suomi, suomen kieli)",punainen,punainen,punainen,rgb,255,0,18,1,5,line,white,en,,1.1.2,
11119,fi,"Finnish (suomi, suomen kieli)",vaaleansininen,vaaleansininen,vaaleansininen,rgb,0,181,255,1,6,line,white,en,,1.1.2,
11119,fi,"Finnish (suomi, suomen kieli)",oranssi,oranssi,oranssi,rgb,255,99,0,1,7,line,white,en,,1.1.2,
11119,fi,"Finnish (suomi, suomen kieli)",turkoosi,turkoosi,turkoosi,rgb,0,255,163,1,8,line,white,en,,1.1.2,
11119,fi,"Finnish (suomi, suomen kieli)",taivaansininen,taivaansininen,taivaansininen,rgb,0,157,255,1,9,line,white,en,,1.1.2,
11119,fi,"Finnish (suomi, suomen kieli)",oranssi,oranssi,oranssi,rgb,255,127,0,1,10,line,white,en,,1.1.2,
11119,fi,"Finnish (suomi, suomen kieli)",turkoosi,turkoosi,turkoosi,rgb,0,214,255,1,11,line,white,en,,1.1.2,
11179,fi,"Finnish (suomi, suomen kieli)",vihrea,vihreä,vihreä,rgb,37,255,0,1,0,line,white,en,,1.1.2,
11179,fi,"Finnish (suomi, suomen kieli)",violetti,violetti,violetti,rgb,255,0,220,1,1,line,white,en,,1.1.2,
11179,fi,"Finnish (suomi, suomen kieli)",syaani,syaani,syaani,rgb,0,132,255,1,2,line,white,en,,1.1.2,
11179,fi,"Finnish (suomi, suomen kieli)",sininen,sininen,sininen,rgb,61,0,255,1,3,line,white,en,,1.1.2,
11179,fi,"Finnish (suomi, suomen kieli)",turkoosi,turkoosi,turkoosi,rgb,0,255,192,1,4,line,white,en,,1.1.2,
11179,fi,"Finnish (suomi, suomen kieli)",oranssi,oranssi,oranssi,rgb,255,162,0,1,5,line,white,en,,1.1.2,
11179,fi,"Finnish (suomi, suomen kieli)",keltainen,keltainen,keltainen,rgb,255,220,0,1,6,line,white,en,,1.1.2,
11179,fi,"Finnish (suomi, suomen kieli)",punainen,punainen,punainen,rgb,255,0,52,1,7,line,white,en,,1.1.2,
11179,fi,"Finnish (suomi, suomen kieli)",vihrea,vihreä,vihreä,rgb,169,255,0,1,8,line,white,en,,1.1.2,
11179,fi,"Finnish (suomi, suomen kieli)",sininen,sininen,sininen,rgb,0,100,255,1,9,line,white,en,,1.1.2,
11179,fi,"Finnish (suomi, suomen kieli)",syaani,syaani,syaani,rgb,0,181,255,1,10,line,white,en,,1.1.2,
11179,fi,"Finnish (suomi, suomen kieli)",turkoosi,turkoosi,turkoosi,rgb,0,255,131,1,11,line,white,en,,1.1.2,
11179,fi,"Finnish (suomi, suomen kieli)",violetti,violetti,violetti,rgb,225,0,255,3,0,line,white,en,,1.1.2,
11179,fi,"Finnish (suomi, suomen kieli)",vihrea,vihreä,vihreä,rgb,200,255,0,3,1,line,white,en,,1.1.2,
11179,fi,"Finnish (suomi, suomen kieli)",turkoosi,turkoosi,turkoosi,rgb,0,255,185,3,2,line,white,en,,1.1.2,
11179,fi,"Finnish (suomi, suomen kieli)",violetti,violetti,violetti,rgb,255,0,204,3,3,line,white,en,,1.1.2,
11179,fi,"Finnish (suomi, suomen kieli)",turkoosi,turkoosi,turkoosi,rgb,0,254,255,3,4,line,white,en,,1.1.2,
11179,fi,"Finnish (suomi, suomen kieli)",punainen,punainen,punainen,rgb,255,0,10,3,5,line,white,en,,1.1.2,
11179,fi,"Finnish (suomi, suomen kieli)",violetti,violetti,violetti,rgb,255,0,127,3,6,line,white,en,,1.1.2,
11179,fi,"Finnish (suomi, suomen kieli)",sininen,sininen,sininen,rgb,0,148,255,3,7,line,white,en,,1.1.2,
11179,fi,"Finnish (suomi, suomen kieli)",syaani,syaani,syaani,rgb,0,222,255,3,8,line,white,en,,1.1.2,
11179,fi,"Finnish (suomi, suomen kieli)",syaani,syaani,syaani,rgb,0,190,255,3,9,line,white,en,,1.1.2,
11179,fi,"Finnish (suomi, suomen kieli)",oranssi,oranssi,oranssi,rgb,255,72,0,3,10,line,white,en,,1.1.2,
11179,fi,"Finnish (suomi, suomen kieli)",sininen,sininen,sininen,rgb,0,55,255,3,11,line,white,en,,1.1.2,
11179,fi,"Finnish (suomi, suomen kieli)",violetti,violetti,violetti,rgb,255,0,165,6,0,line,white,en,,1.1.2,
11179,fi,"Finnish (suomi, suomen kieli)",keltainen,keltainen,keltainen,rgb,255,245,0,6,1,line,white,en,,1.1.2,
11179,fi,"Finnish (suomi, suomen kieli)",turkoosi,turkoosi,turkoosi,rgb,0,255,234,6,2,line,white,en,,1.1.2,
11179,fi,"Finnish (suomi, suomen kieli)",vihrea,vihreä,vihreä,rgb,70,255,0,6,3,line,white,en,,1.1.2,
11179,fi,"Finnish (suomi, suomen kieli)",oranssi,oranssi,oranssi,rgb,255,190,0,6,4,line,white,en,,1.1.2,
11179,fi,"Finnish (suomi, suomen kieli)",vihrea,vihreä,vihreä,rgb,0,255,114,6,5,line,white,en,,1.1.2,
11179,fi,"Finnish (suomi, suomen kieli)",sininen,sininen,sininen,rgb,0,79,255,6,6,line,white,en,,1.1.2,
11179,fi,"Finnish (suomi, suomen kieli)",oranssi,oranssi,oranssi,rgb,255,114,0,6,7,line,white,en,,1.1.2,
11179,fi,"Finnish (suomi, suomen kieli)",sininen,sininen,sininen,rgb,96,0,255,6,8,line,white,en,,1.1.2,
11179,fi,"Finnish (suomi, suomen kieli)",violetti,violetti,violetti,rgb,166,0,255,6,9,line,white,en,,1.1.2,
11179,fi,"Finnish (suomi, suomen kieli)",violetti,violetti,violetti,rgb,255,0,88,6,10,line,white,en,,1.1.2,
11179,fi,"Finnish (suomi, suomen kieli)",oranssi,oranssi,oranssi,rgb,255,127,0,6,11,line,white,en,,1.1.2,
12155,fi,"Finnish (suomi, suomen kieli)",violetti,violetti,violetti,rgb,66,4,81,1,0,full,white,en,,1.1.3,
12155,fi,"Finnish (suomi, suomen kieli)",taivaansininen,taivaansininen,taivaansininen,rgb,81,113,215,1,1,full,white,en,,1.1.3,
12155,fi,"Finnish (suomi, suomen kieli)",vihrea,vihreä,vihreä,rgb,46,166,91,1,2,full,white,en,,1.1.3,
12155,fi,"Finnish (suomi, suomen kieli)",liila,liila,liila,rgb,128,28,111,1,3,full,white,en,,1.1.3,
12155,fi,"Finnish (suomi, suomen kieli)",tummansininen,tummansininen,tummansininen,rgb,27,2,103,1,4,full,white,en,,1.1.3,
12155,fi,"Finnish (suomi, suomen kieli)",kirkkaansininen,kirkkaansininen,kirkkaansininen,rgb,0,174,222,1,5,full,white,en,,1.1.3,
12155,fi,"Finnish (suomi, suomen kieli)",vaaleanvihrea,vaaleanvihreä,vaaleanvihreä,rgb,120,228,141,1,6,full,white,en,,1.1.3,
12155,fi,"Finnish (suomi, suomen kieli)",vaaleanpunainen,vaaleanpunainen,vaaleanpunainen,rgb,240,206,237,1,7,full,white,en,,1.1.3,
12155,fi,"Finnish (suomi, suomen kieli)",pinkki,pinkki,pinkki,rgb,202,0,199,1,8,full,white,en,,1.1.3,
12155,fi,"Finnish (suomi, suomen kieli)",sinapinkeltainen,sinapinkeltainen,sinapinkeltainen,rgb,245,199,60,1,9,full,white,en,,1.1.3,
12155,fi,"Finnish (suomi, suomen kieli)",oranssi,oranssi,oranssi,rgb,251,88,9,1,10,full,white,en,,1.1.3,
12155,fi,"Finnish (suomi, suomen kieli)",kirkkaanvioletti,kirkkaanvioletti,kirkkaanvioletti,rgb,130,40,233,1,11,full,white,en,,1.1.3,
12155,fi,"Finnish (suomi, suomen kieli)",hattara,hattara,hattara,rgb,243,232,222,3,0,full,white,en,,1.1.3,
12155,fi,"Finnish (suomi, suomen kieli)",ruohonvihrea,ruohonvihreä,ruohonvihreä,rgb,20,217,30,3,1,full,white,en,,1.1.3,
12155,fi,"Finnish (suomi, suomen kieli)",rikottusininen,rikottu sininen,rikottu sininen,rgb,81,127,167,3,2,full,white,en,,1.1.3,
12155,fi,"Finnish (suomi, suomen kieli)",tummanpinkki,tumman pinkki,tumman pinkki,rgb,204,51,166,3,3,full,white,en,,1.1.3,
12155,fi,"Finnish (suomi, suomen kieli)",liila,liila,liila,rgb,167,109,209,3,4,full,white,en,,1.1.3,
12155,fi,"Finnish (suomi, suomen kieli)",ruskea,ruskea,ruskea,rgb,148,67,37,3,5,full,white,en,,1.1.3,
12155,fi,"Finnish (suomi, suomen kieli)",tummanvihrea,tummanvihreä,tummanvihreä,rgb,12,122,12,3,6,full,white,en,,1.1.3,
12155,fi,"Finnish (suomi, suomen kieli)",violetti,violetti,violetti,rgb,161,59,202,3,7,full,white,en,,1.1.3,
12155,fi,"Finnish (suomi, suomen kieli)",tummansininen,tummansininen,Tummansininen,rgb,43,47,120,3,8,full,white,en,,1.1.3,
12155,fi,"Finnish (suomi, suomen kieli)",ihonvari,ihonväri,ihonväri,rgb,223,135,60,3,9,full,white,en,,1.1.3,
12155,fi,"Finnish (suomi, suomen kieli)",kirkassininen,kirkassininen,kirkassininen,rgb,28,54,221,3,10,full,white,en,,1.1.3,
12155,fi,"Finnish (suomi, suomen kieli)",kirkasturkoosi,kirkasturkoosi,kirkasturkoosi,rgb,72,216,209,3,11,full,white,en,,1.1.3,
12155,fi,"Finnish (suomi, suomen kieli)",tummanliila,tummanliila,tummanliila,rgb,166,94,129,6,0,full,white,en,,1.1.3,
12155,fi,"Finnish (suomi, suomen kieli)",vaaleankeltainen,vaaleankeltainen,vaaleankeltainen,rgb,244,246,143,6,1,full,white,en,,1.1.3,
12155,fi,"Finnish (suomi, suomen kieli)",viinirypale,viinirypäle,viinirypäle,rgb,203,66,105,6,2,full,white,en,,1.1.3,
12155,fi,"Finnish (suomi, suomen kieli)",harmaa,harmaa,harmaa,rgb,111,106,83,6,3,full,white,en,,1.1.3,
12155,fi,"Finnish (suomi, suomen kieli)",sammal,sammal,sammal,rgb,98,172,29,6,4,full,white,en,,1.1.3,
12155,fi,"Finnish (suomi, suomen kieli)",poskipuna,poskipuna,poskipuna,rgb,224,103,76,6,5,full,white,en,,1.1.3,
12155,fi,"Finnish (suomi, suomen kieli)",kirkkaanpunainen,kirkkaanpunainen,kirkkaanpunainen,rgb,254,19,21,6,6,full,white,en,,1.1.3,
12155,fi,"Finnish (suomi, suomen kieli)",mudanruskea,mudanruskea,mudanruskea,rgb,174,145,71,6,7,full,white,en,,1.1.3,
12155,fi,"Finnish (suomi, suomen kieli)",murrettuvihrea,murrettuvihreä,murrettuvihreä,rgb,43,195,75,6,8,full,white,en,,1.1.3,
12155,fi,"Finnish (suomi, suomen kieli)",musta,musta,musta,rgb,36,35,19,6,9,full,white,en,,1.1.3,
12155,fi,"Finnish (suomi, suomen kieli)",manty,mänty,mänty,rgb,34,118,62,6,10,full,white,en,,1.1.3,
12155,fi,"Finnish (suomi, suomen kieli)",laivastonsininen,laivastonsininen,laivastonsininen,rgb,83,87,105,6,11,full,white,en,,1.1.3,
12301,fi,"Finnish (suomi, suomen kieli)",violetti,violetti,violetti,rgb,109,14,154,1,0,full,white,en,,1.1.3,
12301,fi,"Finnish (suomi, suomen kieli)",liila,lila,lila,rgb,186,34,201,1,1,full,white,en,,1.1.3,
12301,fi,"Finnish (suomi, suomen kieli)",vihrea,vihreä,vihreä,rgb,52,171,39,1,2,full,white,en,,1.1.3,
12301,fi,"Finnish (suomi, suomen kieli)",vaaleanvihrea,vaaleanvihreä,vaaleanvihreä,rgb,158,245,117,1,3,full,white,en,,1.1.3,
12301,fi,"Finnish (suomi, suomen kieli)",armeijanvihrea,armeijanvihreä,armeijanvihreä,rgb,79,129,99,1,4,full,white,en,,1.1.3,
12301,fi,"Finnish (suomi, suomen kieli)",turkoosi,turkoosi,turkoosi,rgb,25,160,168,1,5,full,white,en,,1.1.3,
12301,fi,"Finnish (suomi, suomen kieli)",mintunvihrea,mintunvihreä,mintunvihreä,rgb,44,219,131,1,6,full,white,en,,1.1.3,
12301,fi,"Finnish (suomi, suomen kieli)",pinkki,pinkki,pinkki,rgb,241,18,130,1,7,full,white,en,,1.1.3,
12301,fi,"Finnish (suomi, suomen kieli)",vihreankeltainen,vihreänkeltainen,vihreänkeltainen,rgb,177,202,40,1,8,full,white,en,,1.1.3,
12301,fi,"Finnish (suomi, suomen kieli)",vaaleanharmaa,vaaleanharmaa,vaaleanharmaa,rgb,168,181,167,1,9,full,white,en,,1.1.3,
12301,fi,"Finnish (suomi, suomen kieli)",vaaleaturkoosi,vaalea turkoosi,vaalea turkoosi,rgb,122,236,216,1,10,full,white,en,,1.1.3,
12301,fi,"Finnish (suomi, suomen kieli)",keltainen,keltainen,keltainen,rgb,251,224,0,1,11,full,white,en,,1.1.3,
12301,fi,"Finnish (suomi, suomen kieli)",liila,lila,lila,rgb,238,162,234,3,0,full,white,en,,1.1.3,
12301,fi,"Finnish (suomi, suomen kieli)",tummansininen,tummansininen,tummansininen,rgb,79,51,153,3,1,full,white,en,,1.1.3,
12301,fi,"Finnish (suomi, suomen kieli)",myrkynvihrea,myrkynvihreä,myrkynvihreä,rgb,108,255,19,3,2,full,white,en,,1.1.3,
12301,fi,"Finnish (suomi, suomen kieli)",violetti,violetti,violetti,rgb,179,106,241,3,3,full,white,en,,1.1.3,
12301,fi,"Finnish (suomi, suomen kieli)",musta,musta,musta,rgb,11,0,3,3,4,full,white,en,,1.1.3,
12301,fi,"Finnish (suomi, suomen kieli)",viininpunainen,viininpunainen,viininpunainen,rgb,158,16,86,3,5,full,white,en,,1.1.3,
12301,fi,"Finnish (suomi, suomen kieli)",mintunvihrea,mintunvihreä,mintunvihreä,rgb,95,249,198,3,6,full,white,en,,1.1.3,
12301,fi,"Finnish (suomi, suomen kieli)",tummanvihrea,tummanvihreä,tummanvihreä,rgb,11,112,22,3,7,full,white,en,,1.1.3,
12301,fi,"Finnish (suomi, suomen kieli)",sinisenharmaa,sinisenharmaa,sinisenharmaa,rgb,111,106,172,3,8,full,white,en,,1.1.3,
12301,fi,"Finnish (suomi, suomen kieli)",khaki,khaki,khaki,rgb,211,160,124,3,9,full,white,en,,1.1.3,
12301,fi,"Finnish (suomi, suomen kieli)",metsanvihrea,metsänvihreä,metsänvihreä,rgb,106,132,28,3,10,full,white,en,,1.1.3,
12301,fi,"Finnish (suomi, suomen kieli)",vaaleansininen,vaaleansininen,vaaleansininen,rgb,140,170,232,3,11,full,white,en,,1.1.3,
12301,fi,"Finnish (suomi, suomen kieli)",sahkonsininen,sähkönsininen,sähkönsininen,rgb,81,33,246,6,0,full,white,en,,1.1.3,
12301,fi,"Finnish (suomi, suomen kieli)",sininen,sininen,sininen,rgb,68,87,225,6,1,full,white,en,,1.1.3,
12301,fi,"Finnish (suomi, suomen kieli)",tummanharmaa,tummanharmaa,tummanharmaa,rgb,37,63,5,6,3,full,white,en,,1.1.3,
12301,fi,"Finnish (suomi, suomen kieli)",metsanvihrea,metsänvihreä,metsänvihreä,rgb,55,167,132,6,4,full,white,en,,1.1.3,
12301,fi,"Finnish (suomi, suomen kieli)",punainen,punainen,punainen,rgb,224,31,29,6,5,full,white,en,,1.1.3,
12301,fi,"Finnish (suomi, suomen kieli)",kirkkaanvioletti,kirkkaanvioletti,kirkkaanvioletti,rgb,163,46,244,6,6,full,white,en,,1.1.3,
12301,fi,"Finnish (suomi, suomen kieli)",taivaansininen,taivaansininen,taivaansininen,rgb,2,123,231,6,7,full,white,en,,1.1.3,
12301,fi,"Finnish (suomi, suomen kieli)",myrkynvihrea,myrkynvihreä,myrkynvihreä,rgb,101,210,1,6,8,full,white,en,,1.1.3,
12301,fi,"Finnish (suomi, suomen kieli)",tummansininen,tummansininen,tummansininen,rgb,36,34,176,6,9,full,white,en,,1.1.3,
12301,fi,"Finnish (suomi, suomen kieli)",vaaleanvihrea,vaaleanvihreä,vaaleanvihreä,rgb,18,228,73,6,10,full,white,en,,1.1.3,
12301,fi,"Finnish (suomi, suomen kieli)",oranssi,oranssi,oranssi,rgb,250,122,51,6,11,full,white,en,,1.1.3,
13459,fi,"Finnish (suomi, suomen kieli)",sininen,sininen,sininen,rgb,64,159,224,1,0,full,white,en,,1.1.4,
13459,fi,"Finnish (suomi, suomen kieli)",vihrea,vihreä,vihreä,rgb,89,237,32,1,1,full,white,en,,1.1.4,
13459,fi,"Finnish (suomi, suomen kieli)",tummansininen,tumman sininen,tumman sininen,rgb,32,35,99,1,2,full,white,en,,1.1.4,
13459,fi,"Finnish (suomi, suomen kieli)",turkoosi,turkoosi,turkoosi,rgb,13,253,247,1,4,full,white,en,,1.1.4,
13459,fi,"Finnish (suomi, suomen kieli)",metsanvihrea,metsänvihreä,metsänvihreä,rgb,111,135,35,1,5,full,white,en,,1.1.4,
13459,fi,"Finnish (suomi, suomen kieli)",vaaleanoranssi,vaalean oranssi,vaalean oranssi,rgb,248,197,114,1,6,full,white,en,,1.1.4,
13459,fi,"Finnish (suomi, suomen kieli)",sinapinkeltainen,sinapinkeltainen,sinapinkeltainen,rgb,152,132,9,1,7,full,white,en,,1.1.4,
13459,fi,"Finnish (suomi, suomen kieli)",turkoosi,turkoosi,turkoosi,rgb,98,153,164,1,8,full,white,en,,1.1.4,
13459,fi,"Finnish (suomi, suomen kieli)",ultramariini,ultramariini,ultramariini,rgb,39,89,145,1,9,full,white,en,,1.1.4,
13459,fi,"Finnish (suomi, suomen kieli)",oranssi,oranssi,oranssi,rgb,245,164,66,1,10,full,white,en,,1.1.4,
13459,fi,"Finnish (suomi, suomen kieli)",violetti,violetti,violetti,rgb,143,50,175,1,11,full,white,en,,1.1.4,
13459,fi,"Finnish (suomi, suomen kieli)",sininen,sininen,sininen,rgb,88,7,167,3,0,full,white,en,,1.1.4,
13459,fi,"Finnish (suomi, suomen kieli)",marjapuuro,marjapuuro,marjapuuro,rgb,189,130,143,3,1,full,white,en,,1.1.4,
13459,fi,"Finnish (suomi, suomen kieli)",violetti,violetti,violetti,rgb,207,110,185,3,2,full,white,en,,1.1.4,
13459,fi,"Finnish (suomi, suomen kieli)",pinkki,pinkki,pinkki,rgb,228,40,160,3,3,full,white,en,,1.1.4,
13459,fi,"Finnish (suomi, suomen kieli)",punainrn,punainrn,punainrn,rgb,212,28,72,3,4,full,white,en,,1.1.4,
13459,fi,"Finnish (suomi, suomen kieli)",viininpunainen,viininpunainen,viininpunainen,rgb,126,37,69,3,5,full,white,en,,1.1.4,
13459,fi,"Finnish (suomi, suomen kieli)",vaaleanturkoosi,vaalean turkoosi,vaalean turkoosi,rgb,189,245,214,3,6,full,white,en,,1.1.4,
13459,fi,"Finnish (suomi, suomen kieli)",turkoosi,turkoosi,turkoosi,rgb,31,216,180,3,7,full,white,en,,1.1.4,
13459,fi,"Finnish (suomi, suomen kieli)",vaaleankeltainen,vaaleankeltainen,vaaleankeltainen,rgb,227,230,117,3,8,full,white,en,,1.1.4,
13459,fi,"Finnish (suomi, suomen kieli)",ruskea,ruskea,ruskea,rgb,88,70,72,3,9,full,white,en,,1.1.4,
13459,fi,"Finnish (suomi, suomen kieli)",metsanvihrea,metsänvihreä,metsänvihreä,rgb,100,90,24,3,10,full,white,en,,1.1.4,
13459,fi,"Finnish (suomi, suomen kieli)",keltainen,keltainen,keltainen,rgb,226,242,14,3,11,full,white,en,,1.1.4,
13459,fi,"Finnish (suomi, suomen kieli)",vaaleanvihrea,vaalean vihreä,vaalean vihreä,rgb,28,246,161,6,0,full,white,en,,1.1.4,
13459,fi,"Finnish (suomi, suomen kieli)",metsanvihrea,metsänvihreä,metsänvihreä,rgb,43,100,2,6,1,full,white,en,,1.1.4,
13459,fi,"Finnish (suomi, suomen kieli)",harmaa,harmaa,harmaa,rgb,234,249,252,6,3,full,white,en,,1.1.4,
13459,fi,"Finnish (suomi, suomen kieli)",khaki,khaki,khaki,rgb,162,180,123,6,4,full,white,en,,1.1.4,
13459,fi,"Finnish (suomi, suomen kieli)",marjapuuro,marjapuuro,marjapuuro,rgb,209,165,147,6,5,full,white,en,,1.1.4,
13459,fi,"Finnish (suomi, suomen kieli)",sinooperi,sinooperi,sinooperi,rgb,175,6,3,6,6,full,white,en,,1.1.4,
13459,fi,"Finnish (suomi, suomen kieli)",tummaturkoosi,tumma turkoosi,tumma turkoosi,rgb,47,150,133,6,7,full,white,en,,1.1.4,
13459,fi,"Finnish (suomi, suomen kieli)",sininen,sininen,sininen,rgb,25,46,170,6,8,full,white,en,,1.1.4,
13459,fi,"Finnish (suomi, suomen kieli)",oranssi,oranssi,oranssi,rgb,200,91,27,6,9,full,white,en,,1.1.4,
13459,fi,"Finnish (suomi, suomen kieli)",sinapinkeltainen,sinapinkeltainen,sinapinkeltainen,rgb,212,196,26,6,10,full,white,en,,1.1.4,
13459,fi,"Finnish (suomi, suomen kieli)",punainen,punainen,punainen,rgb,155,64,49,6,11,full,white,en,,1.1.4,
0,fi,"Finnish (suomi, suomen kieli)",purppura,purppura,Purppura,rgb,63,36,48,1,0,full,white,en,,1.1.5,
0,fi,"Finnish (suomi, suomen kieli)",fuksia,fuksia,Fuksia,rgb,159,22,108,1,1,full,white,en,,1.1.5,
0,fi,"Finnish (suomi, suomen kieli)",kirkkaanvihrea,kirkkaan vihreä,Kirkkaan Vihreä,rgb,93,207,70,1,2,full,white,en,,1.1.5,
0,fi,"Finnish (suomi, suomen kieli)",sininen,sininen,Sininen,rgb,80,96,247,1,3,full,white,en,,1.1.5,
0,fi,"Finnish (suomi, suomen kieli)",turkoosi,turkoosi,Turkoosi,rgb,64,198,166,1,4,full,white,en,,1.1.5,
0,fi,"Finnish (suomi, suomen kieli)",keltainen,keltainen,Keltainen,rgb,225,218,54,1,5,full,white,en,,1.1.5,
0,fi,"Finnish (suomi, suomen kieli)",oliivi,oliivi,Oliivi,rgb,152,185,122,1,6,full,white,en,,1.1.5,
0,fi,"Finnish (suomi, suomen kieli)",sininen,sininen,Sininen,rgb,99,218,243,1,7,full,white,en,,1.1.5,
0,fi,"Finnish (suomi, suomen kieli)",vihrea,vihreä,Vihreä,rgb,74,193,114,1,8,full,white,en,,1.1.5,
0,fi,"Finnish (suomi, suomen kieli)",roosa,roosa,Roosa,rgb,254,113,156,1,9,full,white,en,,1.1.5,
0,fi,"Finnish (suomi, suomen kieli)",vihrea,vihreä,Vihreä,rgb,185,202,81,1,10,full,white,en,,1.1.5,
0,fi,"Finnish (suomi, suomen kieli)",ruskea,ruskea,Ruskea,rgb,149,132,133,1,11,full,white,en,,1.1.5,
0,fi,"Finnish (suomi, suomen kieli)",tummanpunainen,tummanpunainen,Tummanpunainen,rgb,92,19,8,3,0,full,white,en,,1.1.5,
0,fi,"Finnish (suomi, suomen kieli)",kirkkaanvihrea,kirkkaanvihreä,Kirkkaanvihreä,rgb,40,249,110,3,1,full,white,en,,1.1.5,
0,fi,"Finnish (suomi, suomen kieli)",siniharmaa,siniharmaa,Siniharmaa,rgb,106,138,175,3,2,full,white,en,,1.1.5,
0,fi,"Finnish (suomi, suomen kieli)",roosa,roosa,Roosa,rgb,250,175,212,3,3,full,white,en,,1.1.5,
0,fi,"Finnish (suomi, suomen kieli)",punainen,punainen,Punainen,rgb,148,21,40,3,4,full,white,en,,1.1.5,
0,fi,"Finnish (suomi, suomen kieli)",ruskea,ruskea,Ruskea,rgb,146,75,60,3,5,full,white,en,,1.1.5,
0,fi,"Finnish (suomi, suomen kieli)",oliivi,oliivi,Oliivi,rgb,113,129,45,3,6,full,white,en,,1.1.5,
0,fi,"Finnish (suomi, suomen kieli)",violetti,violetti,Violetti,rgb,166,82,175,3,7,full,white,en,,1.1.5,
0,fi,"Finnish (suomi, suomen kieli)",oranssi,oranssi,Oranssi,rgb,232,154,79,3,8,full,white,en,,1.1.5,
0,fi,"Finnish (suomi, suomen kieli)",ruskea,ruskea,Ruskea,rgb,163,114,13,3,9,full,white,en,,1.1.5,
0,fi,"Finnish (suomi, suomen kieli)",kirkkaanvihrea,kirkkaanvihreä,Kirkkaanvihreä,rgb,49,232,35,3,10,full,white,en,,1.1.5,
0,fi,"Finnish (suomi, suomen kieli)",violetti,violetti,Violetti,rgb,141,6,205,3,11,full,white,en,,1.1.5,
0,fi,"Finnish (suomi, suomen kieli)",kuusenvihrea,kuusenvihreä,Kuusenvihreä,rgb,19,122,70,6,0,full,white,en,,1.1.5,
0,fi,"Finnish (suomi, suomen kieli)",oranssi,oranssi,Oranssi,rgb,213,97,29,6,1,full,white,en,,1.1.5,
0,fi,"Finnish (suomi, suomen kieli)",vaaleansininen,vaaleansininen,Vaaleansininen,rgb,213,233,246,6,2,full,white,en,,1.1.5,
0,fi,"Finnish (suomi, suomen kieli)",tummansininen,tummansininen,Tummansininen,rgb,24,28,227,6,3,full,white,en,,1.1.5,
0,fi,"Finnish (suomi, suomen kieli)",pinkki,pinkki,Pinkki,rgb,241,62,161,6,4,full,white,en,,1.1.5,
0,fi,"Finnish (suomi, suomen kieli)",minttu,minttu,Minttu,rgb,130,179,166,6,5,full,white,en,,1.1.5,
0,fi,"Finnish (suomi, suomen kieli)",violetti,violetti,Violetti,rgb,118,20,128,6,6,full,white,en,,1.1.5,
0,fi,"Finnish (suomi, suomen kieli)",limenvihrea,limenvihreä,Limenvihreä,rgb,185,232,52,6,7,full,white,en,,1.1.5,
0,fi,"Finnish (suomi, suomen kieli)",tummansininen,tummansininen,Tummansininen,rgb,23,15,113,6,8,full,white,en,,1.1.5,
0,fi,"Finnish (suomi, suomen kieli)",sininen,sininen,Sininen,rgb,58,81,158,6,9,full,white,en,,1.1.5,
0,fi,"Finnish (suomi, suomen kieli)",punainen,punainen,Punainen,rgb,125,47,79,6,10,full,white,en,,1.1.5,
0,fi,"Finnish (suomi, suomen kieli)",taivaansininen,taivaansininen,Taivaansininen,rgb,87,156,230,6,11,full,white,en,,1.1.5,
0,fi,"Finnish (suomi, suomen kieli)",vaaleanpunainen,vaaleanpunainen,vaaleanpunainen,rgb,247,188,199,1,0,full,white,en,,1.1.5,
0,fi,"Finnish (suomi, suomen kieli)",viininpunainen,viininpunainen,viininpunainen,rgb,108,1,20,1,1,full,white,en,,1.1.5,
0,fi,"Finnish (suomi, suomen kieli)",roosa,roosa,roosa,rgb,237,169,230,1,2,full,white,en,,1.1.5,
0,fi,"Finnish (suomi, suomen kieli)",sininen,sininen,sininen,rgb,58,106,233,1,3,full,white,en,,1.1.5,
0,fi,"Finnish (suomi, suomen kieli)",liila,lila,lila,rgb,190,71,209,1,4,full,white,en,,1.1.5,
0,fi,"Finnish (suomi, suomen kieli)",pinkki,pinkki,pinkki,rgb,223,98,189,1,5,full,white,en,,1.1.5,
0,fi,"Finnish (suomi, suomen kieli)",vihrea,vihreä,vihreä,rgb,111,147,77,1,6,full,white,en,,1.1.5,
0,fi,"Finnish (suomi, suomen kieli)",sammalenvihrea,sammalenvihreä,sammalenvihreä,rgb,97,100,61,1,7,full,white,en,,1.1.5,
0,fi,"Finnish (suomi, suomen kieli)",vaaleansininen,vaaleansininen,vaaleansininen,rgb,158,178,225,1,8,full,white,en,,1.1.5,
0,fi,"Finnish (suomi, suomen kieli)",neonvihrea,neonvihreä,neonvihreä,rgb,93,245,21,1,9,full,white,en,,1.1.5,
0,fi,"Finnish (suomi, suomen kieli)",turkoosi,turkoosi,turkoosi,rgb,40,165,180,1,10,full,white,en,,1.1.5,
0,fi,"Finnish (suomi, suomen kieli)",tummansininen,tummansininen,tummansininen,rgb,36,41,174,1,11,full,white,en,,1.1.5,
0,fi,"Finnish (suomi, suomen kieli)",viileavihrea,viileä vihreä,viileä vihreä,rgb,104,191,142,3,0,full,white,en,,1.1.5,
0,fi,"Finnish (suomi, suomen kieli)",taivaansininen,taivaansininen,taivaansininen,rgb,8,235,247,3,1,full,white,en,,1.1.5,
0,fi,"Finnish (suomi, suomen kieli)",violetti,violetti,violetti,rgb,123,23,243,3,2,full,white,en,,1.1.5,
0,fi,"Finnish (suomi, suomen kieli)",fuksia,fuksia,fuksia,rgb,235,54,139,3,3,full,white,en,,1.1.5,
0,fi,"Finnish (suomi, suomen kieli)",keltainen,keltainen,keltainen,rgb,235,227,10,3,4,full,white,en,,1.1.5,
0,fi,"Finnish (suomi, suomen kieli)",kirkassininen,kirkas sininen,kirkas sininen,rgb,4,94,255,3,5,full,white,en,,1.1.5,
0,fi,"Finnish (suomi, suomen kieli)",oranssinpunainen,oranssinpunainen,oranssinpunainen,rgb,249,105,85,3,6,full,white,en,,1.1.5,
0,fi,"Finnish (suomi, suomen kieli)",sininen,sininen,sininen,rgb,48,95,162,3,7,full,white,en,,1.1.5,
0,fi,"Finnish (suomi, suomen kieli)",vihrea,vihreä,vihreä,rgb,73,182,100,3,8,full,white,en,,1.1.5,
0,fi,"Finnish (suomi, suomen kieli)",kirkasvihrea,kirkas vihreä,kirkas vihreä,rgb,13,223,106,3,9,full,white,en,,1.1.5,
0,fi,"Finnish (suomi, suomen kieli)",harmaa,harmaa,harmaa,rgb,125,138,128,3,10,full,white,en,,1.1.5,
0,fi,"Finnish (suomi, suomen kieli)",vaaleansininen,vaaleansininen,vaaleansininen,rgb,211,246,251,3,11,full,white,en,,1.1.5,
0,fi,"Finnish (suomi, suomen kieli)",metsanvihrea,metsänvihreä,metsänvihreä,rgb,1,94,6,6,0,full,white,en,,1.1.5,
0,fi,"Finnish (suomi, suomen kieli)",syaani,syaani,syaani,rgb,65,234,193,6,1,full,white,en,,1.1.5,
0,fi,"Finnish (suomi, suomen kieli)",kylmapunainen,kylmä punainen,kylmä punainen,rgb,219,75,101,6,2,full,white,en,,1.1.5,
0,fi,"Finnish (suomi, suomen kieli)",kylmavihrea,kylmä vihreä,kylmä vihreä,rgb,21,155,135,6,3,full,white,en,,1.1.5,
0,fi,"Finnish (suomi, suomen kieli)",sinapinkeltainen,sinapinkeltainen,sinapinkeltainen,rgb,218,185,52,6,4,full,white,en,,1.1.5,
0,fi,"Finnish (suomi, suomen kieli)",oranssi,oranssi,oranssi,rgb,217,136,77,6,5,full,white,en,,1.1.5,
0,fi,"Finnish (suomi, suomen kieli)",vaaleanvihrea,vaaleanvihreä,vaaleanvihreä,rgb,176,192,137,6,6,full,white,en,,1.1.5,
0,fi,"Finnish (suomi, suomen kieli)",tummanvihrea,tummanvihreä,tummanvihreä,rgb,1,106,72,6,7,full,white,en,,1.1.5,
0,fi,"Finnish (suomi, suomen kieli)",musta,musta,musta,rgb,13,4,53,6,8,full,white,en,,1.1.5,
0,fi,"Finnish (suomi, suomen kieli)",keltavihrea,keltavihreä,keltavihreä,rgb,132,174,39,6,9,full,white,en,,1.1.5,
0,fi,"Finnish (suomi, suomen kieli)",pinkki,pinkki,pinkki,rgb,209,142,252,6,10,full,white,en,,1.1.5,
0,fi,"Finnish (suomi, suomen kieli)",vanharoosa,vanha roosa,vanha roosa,rgb,203,122,149,6,11,full,white,en,,1.1.5,
0,fi,"Finnish (suomi, suomen kieli)",vaaleanpunainen,vaaleanpunainen,vaaleanpunainen,rgb,217,165,178,1,0,full,white,en,,1.1.5,
0,fi,"Finnish (suomi, suomen kieli)",vaaleanvihrea,vaaleanvihreä,vaaleanvihreä,rgb,38,201,13,1,1,full,white,en,,1.1.5,
0,fi,"Finnish (suomi, suomen kieli)",tummanvihrea,tummanvihreä,tummanvihreä,rgb,42,75,16,1,2,full,white,en,,1.1.5,
0,fi,"Finnish (suomi, suomen kieli)",tummansininen,tummansininen,tummansininen,rgb,48,10,211,1,3,full,white,en,,1.1.5,
0,fi,"Finnish (suomi, suomen kieli)",violetti,violetti,violetti,rgb,138,110,242,1,4,full,white,en,,1.1.5,
0,fi,"Finnish (suomi, suomen kieli)",turkoosi,turkoosi,turkoosi,rgb,39,179,164,1,5,full,white,en,,1.1.5,
0,fi,"Finnish (suomi, suomen kieli)",ruskea,ruskea,ruskea,rgb,121,93,24,1,6,full,white,en,,1.1.5,
0,fi,"Finnish (suomi, suomen kieli)",syaani,syaani,syaani,rgb,24,225,180,1,7,full,white,en,,1.1.5,
0,fi,"Finnish (suomi, suomen kieli)",vihrea,vihreä,vihreä,rgb,34,254,82,1,8,full,white,en,,1.1.5,
0,fi,"Finnish (suomi, suomen kieli)",taivaansininen,taivaansininen,taivaansininen,rgb,99,165,236,1,9,full,white,en,,1.1.5,
0,fi,"Finnish (suomi, suomen kieli)",puunruskea,puunruskea,puunruskea,rgb,183,103,51,1,10,full,white,en,,1.1.5,
0,fi,"Finnish (suomi, suomen kieli)",kuumapinkki,kuuma pinkki,kuuma pinkki,rgb,255,110,114,1,11,full,white,en,,1.1.5,
0,fi,"Finnish (suomi, suomen kieli)",pinkki,pinkki,pinkki,rgb,243,151,208,3,0,full,white,en,,1.1.5,
0,fi,"Finnish (suomi, suomen kieli)",lime,lime,lime,rgb,150,255,11,3,1,full,white,en,,1.1.5,
0,fi,"Finnish (suomi, suomen kieli)",tummanoranssi,tummanoranssi,tummanoranssi,rgb,196,67,19,3,2,full,white,en,,1.1.5,
0,fi,"Finnish (suomi, suomen kieli)",tummanharmaa,tummanharmaa,tummanharmaa,rgb,86,87,112,3,3,full,white,en,,1.1.5,
0,fi,"Finnish (suomi, suomen kieli)",vaaleanharmaa,vaaleanharmaa,vaaleanharmaa,rgb,174,196,160,3,4,full,white,en,,1.1.5,
0,fi,"Finnish (suomi, suomen kieli)",syvansininen,syvänsininen,syvänsininen,rgb,16,26,64,3,5,full,white,en,,1.1.5,
0,fi,"Finnish (suomi, suomen kieli)",ruskea,ruskea,ruskea,rgb,138,93,78,3,6,full,white,en,,1.1.5,
0,fi,"Finnish (suomi, suomen kieli)",vihrea,vihreä,vihreä,rgb,46,159,88,3,7,full,white,en,,1.1.5,
0,fi,"Finnish (suomi, suomen kieli)",liila,lila,lila,rgb,135,36,187,3,8,full,white,en,,1.1.5,
0,fi,"Finnish (suomi, suomen kieli)",tummankeltainen,tummankeltainen,tummankeltainen,rgb,185,136,12,3,9,full,white,en,,1.1.5,
0,fi,"Finnish (suomi, suomen kieli)",fuksia,fuksia,fuksia,rgb,254,42,109,3,10,full,white,en,,1.1.5,
0,fi,"Finnish (suomi, suomen kieli)",vaaleanliila,vaaleanlila,vaaleanlila,rgb,142,143,182,3,11,full,white,en,,1.1.5,
0,fi,"Finnish (suomi, suomen kieli)",liila,lila,lila,rgb,214,34,174,6,0,full,white,en,,1.1.5,
0,fi,"Finnish (suomi, suomen kieli)",vaaleansininen,vaaleansininen,vaaleansininen,rgb,100,168,179,6,1,full,white,en,,1.1.5,
0,fi,"Finnish (suomi, suomen kieli)",keltainen,keltainen,keltainen,rgb,230,221,20,6,2,full,white,en,,1.1.5,
0,fi,"Finnish (suomi, suomen kieli)",oranssi,oranssi,oranssi,rgb,228,128,10,6,3,full,white,en,,1.1.5,
0,fi,"Finnish (suomi, suomen kieli)",pinkki,pinkki,pinkki,rgb,185,69,157,6,4,full,white,en,,1.1.5,
0,fi,"Finnish (suomi, suomen kieli)",oliivi,oliivi,oliivi,rgb,69,123,7,6,5,full,white,en,,1.1.5,
0,fi,"Finnish (suomi, suomen kieli)",purppura,purppura,purppura,rgb,75,29,69,6,6,full,white,en,,1.1.5,
0,fi,"Finnish (suomi, suomen kieli)",vaaleanliila,vaaleanlila,vaaleanlila,rgb,191,175,241,6,7,full,white,en,,1.1.5,
0,fi,"Finnish (suomi, suomen kieli)",kylmapinkki,kylmä pinkki,kylmä pinkki,rgb,209,100,233,6,8,full,white,en,,1.1.5,
0,fi,"Finnish (suomi, suomen kieli)",lime,lime,lime,rgb,161,210,33,6,9,full,white,en,,1.1.5,
0,fi,"Finnish (suomi, suomen kieli)",sininen,sininen,sininen,rgb,12,66,76,6,10,full,white,en,,1.1.5,
0,fi,"Finnish (suomi, suomen kieli)",punainen,punainen,punainen,rgb,88,6,3,6,11,full,white,en,,1.1.5,
0,fi,"Finnish (suomi, suomen kieli)",vaaleansininen,vaaleansininen,vaaleansininen,rgb,81,176,200,1,0,full,white,en,,1.1.5,
0,fi,"Finnish (suomi, suomen kieli)",violetti,violetti,violetti,rgb,143,23,123,1,1,full,white,en,,1.1.5,
0,fi,"Finnish (suomi, suomen kieli)",pinkki,pinkki,pinkki,rgb,244,29,185,1,2,full,white,en,,1.1.5,
0,fi,"Finnish (suomi, suomen kieli)",tummanvihrea,tummanvihreä,tummanvihreä,rgb,39,74,36,1,3,full,white,en,,1.1.5,
0,fi,"Finnish (suomi, suomen kieli)",violetti,violetti,violetti,rgb,86,38,194,1,4,full,white,en,,1.1.5,
0,fi,"Finnish (suomi, suomen kieli)",mintunvihrea,mintunvihreä,mintunvihreä,rgb,60,190,171,1,5,full,white,en,,1.1.5,
0,fi,"Finnish (suomi, suomen kieli)",vihrea,vihreä,vihreä,rgb,49,235,95,1,6,full,white,en,,1.1.5,
0,fi,"Finnish (suomi, suomen kieli)",vaaleanruskea,vaaleanruskea,vaaleanruskea,rgb,252,223,195,1,7,full,white,en,,1.1.5,
0,fi,"Finnish (suomi, suomen kieli)",punainen,punainen,punainen,rgb,218,38,73,1,8,full,white,en,,1.1.5,
0,fi,"Finnish (suomi, suomen kieli)",keltainen,keltainen,keltainen,rgb,236,252,67,1,9,full,white,en,,1.1.5,
0,fi,"Finnish (suomi, suomen kieli)",violetti,violetti,violetti,rgb,189,64,255,1,10,full,white,en,,1.1.5,
0,fi,"Finnish (suomi, suomen kieli)",ruskea,ruskea,ruskea,rgb,195,164,25,1,11,full,white,en,,1.1.5,
0,fi,"Finnish (suomi, suomen kieli)",tummaoranssi,tumma oranssi,Tumma oranssi,rgb,255,96,0,1,0,line,white,en,,1.1.5,
0,fi,"Finnish (suomi, suomen kieli)",sininen,sininen,Sininen,rgb,0,95,255,1,1,line,white,en,,1.1.5,
0,fi,"Finnish (suomi, suomen kieli)",punainen,punainen,Punainen,rgb,255,0,57,1,2,line,white,en,,1.1.5,
0,fi,"Finnish (suomi, suomen kieli)",vaaleansininen,vaalean sininen,Vaalean sininen,rgb,0,200,255,1,3,line,white,en,,1.1.5,
0,fi,"Finnish (suomi, suomen kieli)",kirkkaanvihrea,kirkkaan vihreä,Kirkkaan vihreä,rgb,99,255,0,1,4,line,white,en,,1.1.5,
0,fi,"Finnish (suomi, suomen kieli)",ultravioletti,ultra violetti,Ultra violetti,rgb,195,0,255,1,5,line,white,en,,1.1.5,
0,fi,"Finnish (suomi, suomen kieli)",haaleahkosininen,haaleahko sininen,Haaleahko sininen,rgb,0,117,255,1,6,line,white,en,,1.1.5,
0,fi,"Finnish (suomi, suomen kieli)",mintunvihrea,mintun vihreä,Mintun vihreä,rgb,0,255,174,1,7,line,white,en,,1.1.5,
0,fi,"Finnish (suomi, suomen kieli)",oranssi,oranssi,Oranssi,rgb,255,131,0,1,8,line,white,en,,1.1.5,
0,fi,"Finnish (suomi, suomen kieli)",haaleasininen,haalea sininen,Haalea sininen,rgb,0,138,255,1,9,line,white,en,,1.1.5,
0,fi,"Finnish (suomi, suomen kieli)",lamminkeltainen,lämmin keltainen,Lämmin keltainen,rgb,255,211,0,1,10,line,white,en,,1.1.5,
0,fi,"Finnish (suomi, suomen kieli)",turkoosi,turkoosi,Turkoosi,rgb,0,255,241,1,11,line,white,en,,1.1.5,
0,fi,"Finnish (suomi, suomen kieli)",siniharmaa,siniharmaa,siniharmaa,rgb,111,132,169,3,0,full,white,en,,1.1.5,
0,fi,"Finnish (suomi, suomen kieli)",violetti,violetti,violetti,rgb,106,50,155,3,1,full,white,en,,1.1.5,
0,fi,"Finnish (suomi, suomen kieli)",kellanruskea,kellanruskea,kellanruskea,rgb,209,208,109,3,2,full,white,en,,1.1.5,
0,fi,"Finnish (suomi, suomen kieli)",ruskea,ruskea,ruskea,rgb,175,147,96,3,3,full,white,en,,1.1.5,
0,fi,"Finnish (suomi, suomen kieli)",tummansininen,tummansininen,tummansininen,rgb,20,3,77,3,4,full,white,en,,1.1.5,
0,fi,"Finnish (suomi, suomen kieli)",vaaleanvihrea,vaaleanvihreä,vaaleanvihreä,rgb,170,224,153,3,5,full,white,en,,1.1.5,
0,fi,"Finnish (suomi, suomen kieli)",pinkki,pinkki,pinkki,rgb,236,76,156,3,6,full,white,en,,1.1.5,
0,fi,"Finnish (suomi, suomen kieli)",vihrea,vihreä,vihreä,rgb,51,138,2,3,7,full,white,en,,1.1.5,
0,fi,"Finnish (suomi, suomen kieli)",viininpunainen,viininpunainen,viininpunainen,rgb,148,42,62,3,8,full,white,en,,1.1.5,
0,fi,"Finnish (suomi, suomen kieli)",vihrea,vihreä,vihreä,rgb,131,247,26,3,9,full,white,en,,1.1.5,
0,fi,"Finnish (suomi, suomen kieli)",tummanpunainen,tummanpunainen,tummanpunainen,rgb,181,22,19,3,10,full,white,en,,1.1.5,
0,fi,"Finnish (suomi, suomen kieli)",oranssi,oranssi,oranssi,rgb,244,134,75,3,11,full,white,en,,1.1.5,
0,fi,"Finnish (suomi, suomen kieli)",kylmapinkki,kylmä pinkki,Kylmä pinkki,rgb,245,0,255,3,0,line,white,en,,1.1.5,
0,fi,"Finnish (suomi, suomen kieli)",vaaleansininen,vaalean sininen,Vaalean sininen,rgb,0,231,255,3,1,line,white,en,,1.1.5,
0,fi,"Finnish (suomi, suomen kieli)",pinkki,pinkki,Pinkki,rgb,255,0,203,3,2,line,white,en,,1.1.5,
0,fi,"Finnish (suomi, suomen kieli)",keltavihrea,keltavihreä,Keltavihreä,rgb,213,255,0,3,3,line,white,en,,1.1.5,
0,fi,"Finnish (suomi, suomen kieli)",vadelmanpunainen,vadelman punainen,Vadelman punainen,rgb,255,0,121,3,4,line,white,en,,1.1.5,
0,fi,"Finnish (suomi, suomen kieli)",kirkasvaaleavihrea,kirkas vaalea vihreä,Kirkas vaalea vihreä,rgb,0,255,32,3,5,line,white,en,,1.1.5,
0,fi,"Finnish (suomi, suomen kieli)",limenvihrea,limen vihreä,Limen vihreä,rgb,154,255,0,3,6,line,white,en,,1.1.5,
0,fi,"Finnish (suomi, suomen kieli)",taivaansininen,taivaan sininen,Taivaan sininen,rgb,0,222,255,3,7,line,white,en,,1.1.5,
0,fi,"Finnish (suomi, suomen kieli)",oranssinpunainen,oranssinpunainen,Oranssinpunainen,rgb,255,78,0,3,8,line,white,en,,1.1.5,
0,fi,"Finnish (suomi, suomen kieli)",royalsininen,royal sininen,Royal sininen,rgb,0,75,255,3,9,line,white,en,,1.1.5,
0,fi,"Finnish (suomi, suomen kieli)",keltainen,keltainen,Keltainen,rgb,255,249,0,3,10,line,white,en,,1.1.5,
0,fi,"Finnish (suomi, suomen kieli)",tummamintunvihrea,tumma mintun vihreä,Tumma mintun vihreä,rgb,0,255,143,3,11,line,white,en,,1.1.5,
0,fi,"Finnish (suomi, suomen kieli)",sinivihrea,sinivihreä,sinivihreä,rgb,34,133,134,6,0,full,white,en,,1.1.5,
0,fi,"Finnish (suomi, suomen kieli)",ruosteenpunainen,ruosteenpunainen,ruosteenpunainen,rgb,180,75,32,6,1,full,white,en,,1.1.5,
0,fi,"Finnish (suomi, suomen kieli)",oliivinvihrea,oliivinvihreä,oliivinvihreä,rgb,126,132,3,6,2,full,white,en,,1.1.5,
0,fi,"Finnish (suomi, suomen kieli)",vihrea,vihreä,vihreä,rgb,120,168,94,6,3,full,white,en,,1.1.5,
0,fi,"Finnish (suomi, suomen kieli)",tummansininen,tummansininen,tummansininen,rgb,20,76,116,6,4,full,white,en,,1.1.5,
0,fi,"Finnish (suomi, suomen kieli)",oranssi,oranssi,oranssi,rgb,217,140,27,6,5,full,white,en,,1.1.5,
0,fi,"Finnish (suomi, suomen kieli)",violetti,violetti,violetti,rgb,112,98,226,6,6,full,white,en,,1.1.5,
0,fi,"Finnish (suomi, suomen kieli)",vihrea,vihreä,vihreä,rgb,31,126,81,6,7,full,white,en,,1.1.5,
0,fi,"Finnish (suomi, suomen kieli)",viininpunainen,viininpunainen,viininpunainen,rgb,92,12,47,6,8,full,white,en,,1.1.5,
0,fi,"Finnish (suomi, suomen kieli)",tummanvioletti,tummanvioletti,tummanvioletti,rgb,44,33,81,6,9,full,white,en,,1.1.5,
0,fi,"Finnish (suomi, suomen kieli)",vaaleanvihrea,vaaleanvihreä,vaaleanvihreä,rgb,137,233,112,6,10,full,white,en,,1.1.5,
0,fi,"Finnish (suomi, suomen kieli)",vaaleanpunainen,vaaleanpunainen,vaaleanpunainen,rgb,245,117,140,6,11,full,white,en,,1.1.5,
0,fi,"Finnish (suomi, suomen kieli)",taivaansininen,taivaan sininen,Taivaan sininen,rgb,0,176,255,6,0,line,white,en,,1.1.5,
0,fi,"Finnish (suomi, suomen kieli)",kirkaspunainen,kirkas punainen,Kirkas punainen,rgb,255,0,18,6,1,line,white,en,,1.1.5,
0,fi,"Finnish (suomi, suomen kieli)",sinapinkeltainen,sinapin keltainen,Sinapin keltainen,rgb,255,169,0,6,2,line,white,en,,1.1.5,
0,fi,"Finnish (suomi, suomen kieli)",pinkki,pinkki,Pinkki,rgb,255,0,174,6,3,line,white,en,,1.1.5,
0,fi,"Finnish (suomi, suomen kieli)",violetti,violetti,Violetti,rgb,109,0,255,6,4,line,white,en,,1.1.5,
0,fi,"Finnish (suomi, suomen kieli)",vaaleakylmapinkki,vaalea kylmä pinkki,Vaalea kylmä pinkki,rgb,255,0,241,6,5,line,white,en,,1.1.5,
0,fi,"Finnish (suomi, suomen kieli)",keskitummasininen,keskitumma sininen,Keskitumma sininen,rgb,0,31,255,6,6,line,white,en,,1.1.5,
0,fi,"Finnish (suomi, suomen kieli)",omenanvihrea,omenan vihreä,Omenan vihreä,rgb,0,255,87,6,7,line,white,en,,1.1.5,
0,fi,"Finnish (suomi, suomen kieli)",sitruunankeltainen,sitruunan keltainen,Sitruunan keltainen,rgb,255,237,0,6,8,line,white,en,,1.1.5,
0,fi,"Finnish (suomi, suomen kieli)",kylmapunainen,kylmä punainen,Kylmä punainen,rgb,255,0,88,6,9,line,white,en,,1.1.5,
0,fi,"Finnish (suomi, suomen kieli)",sininen,sininen,Sininen,rgb,0,60,255,6,10,line,white,en,,1.1.5,
0,fi,"Finnish (suomi, suomen kieli)",kylmamintunvihrea,kylmä mintunvihreä,Kylmä mintunvihreä,rgb,0,255,215,6,11,line,white,en,,1.1.5,
0,fi,"Finnish (suomi, suomen kieli)",oranssi,oranssi,Oranssi,rgb,255,183,52,1,0,full,white,en,,1.1.5,
0,fi,"Finnish (suomi, suomen kieli)",mintunvihrea,mintunvihreä,Mintunvihreä,rgb,215,240,198,1,1,full,white,en,,1.1.5,
0,fi,"Finnish (suomi, suomen kieli)",oliivinvihrea,oliivinvihreä,Oliivinvihreä,rgb,146,147,66,1,2,full,white,en,,1.1.5,
0,fi,"Finnish (suomi, suomen kieli)",sininen,sininen,Sininen,rgb,62,21,168,1,3,full,white,en,,1.1.5,
0,fi,"Finnish (suomi, suomen kieli)",ruskea,ruskea,Ruskea,rgb,125,83,34,1,4,full,white,en,,1.1.5,
0,fi,"Finnish (suomi, suomen kieli)",ruskea,ruskea,Ruskea,rgb,134,113,86,1,5,full,white,en,,1.1.5,
0,fi,"Finnish (suomi, suomen kieli)",tummansininen,tummansininen,Tummansininen,rgb,19,61,61,1,6,full,white,en,,1.1.5,
0,fi,"Finnish (suomi, suomen kieli)",musta,musta,Musta,rgb,41,35,17,1,7,full,white,en,,1.1.5,
0,fi,"Finnish (suomi, suomen kieli)",vaaleanvioletti,vaaleanvioletti,Vaaleanvioletti,rgb,183,136,236,1,8,full,white,en,,1.1.5,
0,fi,"Finnish (suomi, suomen kieli)",vihrea,vihreä,Vihreä,rgb,149,208,93,1,9,full,white,en,,1.1.5,
0,fi,"Finnish (suomi, suomen kieli)",vihrea,vihreä,Vihreä,rgb,89,182,149,1,10,full,white,en,,1.1.5,
0,fi,"Finnish (suomi, suomen kieli)",violetti,violetti,Violetti,rgb,147,112,156,1,11,full,white,en,,1.1.5,
0,fi,"Finnish (suomi, suomen kieli)",vihrea,vihreä,Vihreä,rgb,19,244,123,3,0,full,white,en,,1.1.5,
0,fi,"Finnish (suomi, suomen kieli)",violetti,violetti,Violetti,rgb,99,80,158,3,1,full,white,en,,1.1.5,
0,fi,"Finnish (suomi, suomen kieli)",punainen,punainen,Punainen,rgb,186,15,9,3,2,full,white,en,,1.1.5,
0,fi,"Finnish (suomi, suomen kieli)",sininen,sininen,Sininen,rgb,62,98,231,3,3,full,white,en,,1.1.5,
0,fi,"Finnish (suomi, suomen kieli)",punainen,punainen,Punainen,rgb,197,19,61,3,4,full,white,en,,1.1.5,
0,fi,"Finnish (suomi, suomen kieli)",vaaleankeltainen,vaaleankeltainen,Vaaleankeltainen,rgb,253,250,133,3,5,full,white,en,,1.1.5,
0,fi,"Finnish (suomi, suomen kieli)",turkoosi,turkoosi,Turkoosi,rgb,56,219,212,3,6,full,white,en,,1.1.5,
0,fi,"Finnish (suomi, suomen kieli)",sininen,sininen,Sininen,rgb,111,168,199,3,7,full,white,en,,1.1.5,
0,fi,"Finnish (suomi, suomen kieli)",tummansininen,tummansininen,Tummansininen,rgb,42,20,80,3,8,full,white,en,,1.1.5,
0,fi,"Finnish (suomi, suomen kieli)",vihrea,vihreä,Vihreä,rgb,4,209,157,3,9,full,white,en,,1.1.5,
0,fi,"Finnish (suomi, suomen kieli)",luumu,luumu,Luumu,rgb,89,18,53,3,10,full,white,en,,1.1.5,
0,fi,"Finnish (suomi, suomen kieli)",neonvihrea,neonvihreä,Neonvihreä,rgb,108,251,18,3,11,full,white,en,,1.1.5,
0,fi,"Finnish (suomi, suomen kieli)",harmaa,harmaa,Harmaa,rgb,169,176,178,6,0,full,white,en,,1.1.5,
0,fi,"Finnish (suomi, suomen kieli)",tummansininen,tummansininen,Tummansininen,rgb,57,71,100,6,1,full,white,en,,1.1.5,
0,fi,"Finnish (suomi, suomen kieli)",oranssi,oranssi,Oranssi,rgb,242,97,79,6,2,full,white,en,,1.1.5,
0,fi,"Finnish (suomi, suomen kieli)","petrooli,turkoosi","petrooli, turkoosi","Petrooli, turkoosi",rgb,38,135,146,6,3,full,white,en,,1.1.5,
0,fi,"Finnish (suomi, suomen kieli)",neonpinkki,neonpinkki,Neonpinkki,rgb,248,79,192,6,4,full,white,en,,1.1.5,
0,fi,"Finnish (suomi, suomen kieli)",sininen,sininen,Sininen,rgb,71,33,233,6,5,full,white,en,,1.1.5,
0,fi,"Finnish (suomi, suomen kieli)",violetti,violetti,Violetti,rgb,183,1,213,6,6,full,white,en,,1.1.5,
0,fi,"Finnish (suomi, suomen kieli)",sininen,sininen,Sininen,rgb,72,138,245,6,7,full,white,en,,1.1.5,
0,fi,"Finnish (suomi, suomen kieli)",vaaleanvioletti,vaaleanvioletti,Vaaleanvioletti,rgb,172,186,247,6,8,full,white,en,,1.1.5,
0,fi,"Finnish (suomi, suomen kieli)",vaaleanpunainen,vaaleanpunainen,Vaaleanpunainen,rgb,234,157,192,6,9,full,white,en,,1.1.5,
0,fi,"Finnish (suomi, suomen kieli)",vihrea,vihreä,Vihreä,rgb,156,231,40,6,10,full,white,en,,1.1.5,
0,fi,"Finnish (suomi, suomen kieli)",fuksia,fuksia,Fuksia,rgb,177,68,141,6,11,full,white,en,,1.1.5,
0,fi,"Finnish (suomi, suomen kieli)",vihrea,vihreä,Vihreä,rgb,26,187,123,1,0,full,white,en,,1.1.5,
0,fi,"Finnish (suomi, suomen kieli)",vaaleanruskea,vaalean ruskea,vaalean ruskea,rgb,200,162,139,1,1,full,white,en,,1.1.5,
0,fi,"Finnish (suomi, suomen kieli)",liila,liila,liila,rgb,147,120,173,1,2,full,white,en,,1.1.5,
0,fi,"Finnish (suomi, suomen kieli)",tummanvihrea,tumman vihreä,tumman vihreä,rgb,50,155,31,1,3,full,white,en,,1.1.5,
0,fi,"Finnish (suomi, suomen kieli)",vaaleanvihrea,vaalean vihreä,vaalean vihreä,rgb,147,242,91,1,4,full,white,en,,1.1.5,
0,fi,"Finnish (suomi, suomen kieli)",sininen,sininen,sininen,rgb,63,33,246,1,5,full,white,en,,1.1.5,
0,fi,"Finnish (suomi, suomen kieli)",vaaleanvihrea,vaalean vihreä,vaalean vihreä,rgb,42,234,105,1,6,full,white,en,,1.1.5,
0,fi,"Finnish (suomi, suomen kieli)",liila,liila,liila,rgb,158,127,138,1,7,full,white,en,,1.1.5,
0,fi,"Finnish (suomi, suomen kieli)",luonnonvalkoinen,luonnon valkoinen,luonnon valkoinen,rgb,228,228,211,1,8,full,white,en,,1.1.5,
0,fi,"Finnish (suomi, suomen kieli)",roosa,roosa,roosa,rgb,239,156,161,1,9,full,white,en,,1.1.5,
0,fi,"Finnish (suomi, suomen kieli)",viininpunainen,viinin punainen,viinin punainen,rgb,55,6,21,1,10,full,white,en,,1.1.5,
0,fi,"Finnish (suomi, suomen kieli)",mintunvihrea,mintun vihreä,mintun vihreä,rgb,97,234,221,1,11,full,white,en,,1.1.5,
0,fi,"Finnish (suomi, suomen kieli)",vihrea,vihreä,vihreä,rgb,105,161,130,3,0,full,white,en,,1.1.5,
0,fi,"Finnish (suomi, suomen kieli)",liila,liila,liila,rgb,204,95,215,3,1,full,white,en,,1.1.5,
0,fi,"Finnish (suomi, suomen kieli)",liila,liila,liila,rgb,221,133,207,3,2,full,white,en,,1.1.5,
0,fi,"Finnish (suomi, suomen kieli)",vaaleanvihrea,vaalean vihreä,vaalean vihreä,rgb,212,239,159,3,3,full,white,en,,1.1.5,
0,fi,"Finnish (suomi, suomen kieli)",turkoosi,turkoosi,turkoosi,rgb,25,110,170,3,4,full,white,en,,1.1.5,
0,fi,"Finnish (suomi, suomen kieli)",sininen,sininen,sininen,rgb,67,60,221,3,5,full,white,en,,1.1.5,
0,fi,"Finnish (suomi, suomen kieli)",ruskea,ruskea,ruskea,rgb,141,70,51,3,6,full,white,en,,1.1.5,
0,fi,"Finnish (suomi, suomen kieli)",pinkki,pinkki,pinkki,rgb,188,100,145,3,7,full,white,en,,1.1.5,
0,fi,"Finnish (suomi, suomen kieli)",violetti,violetti,violetti,rgb,58,34,61,3,8,full,white,en,,1.1.5,
0,fi,"Finnish (suomi, suomen kieli)",oranssi,oranssi,oranssi,rgb,227,118,94,3,9,full,white,en,,1.1.5,
0,fi,"Finnish (suomi, suomen kieli)",vaaleansininen,vaalean sininen,vaalean sininen,rgb,117,192,203,3,10,full,white,en,,1.1.5,
0,fi,"Finnish (suomi, suomen kieli)",sininen,sininen,sininen,rgb,2,64,176,3,11,full,white,en,,1.1.5,
0,fi,"Finnish (suomi, suomen kieli)",purppura,purppura,Purppura,rgb,106,18,94,1,0,full,white,en,,1.1.5,
0,fi,"Finnish (suomi, suomen kieli)",vaaleanvihrea,vaaleanvihreä,Vaaleanvihreä,rgb,171,200,122,1,1,full,white,en,,1.1.5,
0,fi,"Finnish (suomi, suomen kieli)",kirkkaanvioletti,kirkkaan violetti,Kirkkaan violetti,rgb,165,58,185,1,2,full,white,en,,1.1.5,
0,fi,"Finnish (suomi, suomen kieli)",turkoosinininen,turkoosinininen,Turkoosinininen,rgb,134,222,238,1,3,full,white,en,,1.1.5,
0,fi,"Finnish (suomi, suomen kieli)",oranssi/okra,oranssi / okra,Oranssi / okra,rgb,220,148,103,1,4,full,white,en,,1.1.5,
0,fi,"Finnish (suomi, suomen kieli)",pastellinvihrea,pastellinvihreä,Pastellinvihreä,rgb,166,241,172,1,5,full,white,en,,1.1.5,
0,fi,"Finnish (suomi, suomen kieli)",liila/laventeli,liila / laventeli,Liila / laventeli,rgb,159,144,253,1,6,full,white,en,,1.1.5,
0,fi,"Finnish (suomi, suomen kieli)",pinkki,pinkki,Pinkki,rgb,245,84,164,1,7,full,white,en,,1.1.5,
0,fi,"Finnish (suomi, suomen kieli)",neonvihrea,neonvihreä,Neonvihreä,rgb,94,242,30,1,8,full,white,en,,1.1.5,
0,fi,"Finnish (suomi, suomen kieli)",armeijanvihrea,armeijanvihreä,Armeijanvihreä,rgb,146,147,55,1,9,full,white,en,,1.1.5,
0,fi,"Finnish (suomi, suomen kieli)",keltavihrea,keltavihreä,Keltavihreä,rgb,232,237,186,1,10,full,white,en,,1.1.5,
0,fi,"Finnish (suomi, suomen kieli)",marjapuuronpunainen,marjapuuronpunainen,Marjapuuronpunainen,rgb,196,152,166,1,11,full,white,en,,1.1.5,
0,fi,"Finnish (suomi, suomen kieli)",kirkkaansininen,kirkkaansininen,Kirkkaansininen,rgb,79,68,254,3,0,full,white,en,,1.1.5,
0,fi,"Finnish (suomi, suomen kieli)",murrettuturkoosi/petrooli,murrettu turkoosi/ petrooli,Murrettu turkoosi/ petrooli,rgb,104,149,169,3,1,full,white,en,,1.1.5,
0,fi,"Finnish (suomi, suomen kieli)",liila/violetti,liila/violetti,Liila/violetti,rgb,129,118,166,3,2,full,white,en,,1.1.5,
0,fi,"Finnish (suomi, suomen kieli)",kirkkaanpunainen,kirkkaanpunainen,Kirkkaanpunainen,rgb,194,15,59,3,3,full,white,en,,1.1.5,
0,fi,"Finnish (suomi, suomen kieli)",tummanruskea,tummanruskea,Tummanruskea,rgb,75,61,46,3,4,full,white,en,,1.1.5,
0,fi,"Finnish (suomi, suomen kieli)",lampimanoranssi,lämpimän oranssi,Lämpimän oranssi,rgb,183,90,17,3,5,full,white,en,,1.1.5,
0,fi,"Finnish (suomi, suomen kieli)",tummanvihrea/sammalenvihrea,tummanvihreä / sammalenvihreä,Tummanvihreä / sammalenvihreä,rgb,82,89,41,3,6,full,white,en,,1.1.5,
0,fi,"Finnish (suomi, suomen kieli)",kirkkaanturkoosinvihrea,kirkkaan turkoosinvihreä,Kirkkaan turkoosinvihreä,rgb,64,247,187,3,7,full,white,en,,1.1.5,
0,fi,"Finnish (suomi, suomen kieli)",kirkkaankeltavihrea,kirkkaan keltavihreä,Kirkkaan keltavihreä,rgb,197,192,25,3,8,full,white,en,,1.1.5,
0,fi,"Finnish (suomi, suomen kieli)",kirkkaanvihrea,kirkkaanvihreä,Kirkkaanvihreä,rgb,60,168,11,3,9,full,white,en,,1.1.5,
0,fi,"Finnish (suomi, suomen kieli)",tummansininen,tummansininen,Tummansininen,rgb,67,66,160,3,10,full,white,en,,1.1.5,
0,fi,"Finnish (suomi, suomen kieli)",kirkkaanvioletti,kirkkaan violetti,Kirkkaan violetti,rgb,173,40,253,3,11,full,white,en,,1.1.5,
0,fi,"Finnish (suomi, suomen kieli)",pastellinliila,pastellin liila,Pastellin liila,rgb,219,189,232,6,0,full,white,en,,1.1.5,
0,fi,"Finnish (suomi, suomen kieli)",punaoranssi,punaoranssi,Punaoranssi,rgb,211,101,100,6,1,full,white,en,,1.1.5,
0,fi,"Finnish (suomi, suomen kieli)",tummanturkoosinvihrea,tumman turkoosinvihreä,Tumman turkoosinvihreä,rgb,2,96,101,6,2,full,white,en,,1.1.5,
0,fi,"Finnish (suomi, suomen kieli)",roosa,roosa,Roosa,rgb,176,100,149,6,3,full,white,en,,1.1.5,
0,fi,"Finnish (suomi, suomen kieli)",kylmakirkkaanvihrea,kylmä kirkkaanvihreä,Kylmä kirkkaanvihreä,rgb,39,156,106,6,4,full,white,en,,1.1.5,
0,fi,"Finnish (suomi, suomen kieli)",tummanruskea,tummanruskea,Tummanruskea,rgb,69,23,11,6,5,full,white,en,,1.1.5,
0,fi,"Finnish (suomi, suomen kieli)",musta,musta,Musta,rgb,22,38,57,6,6,full,white,en,,1.1.5,
0,fi,"Finnish (suomi, suomen kieli)",turkoosi,turkoosi,Turkoosi,rgb,57,195,186,6,7,full,white,en,,1.1.5,
0,fi,"Finnish (suomi, suomen kieli)",sininen,sininen,Sininen,rgb,72,137,202,6,8,full,white,en,,1.1.5,
0,fi,"Finnish (suomi, suomen kieli)",liila/vaaleanvioletti,liila / vaalean violetti,Liila / vaalean violetti,rgb,129,111,252,6,9,full,white,en,,1.1.5,
0,fi,"Finnish (suomi, suomen kieli)",ruskea,ruskea,Ruskea,rgb,106,60,70,6,10,full,white,en,,1.1.5,
0,fi,"Finnish (suomi, suomen kieli)",kirkkaanlimenvihrea,kirkkaan limenvihreä,Kirkkaan limenvihreä,rgb,206,236,51,6,11,full,white,en,,1.1.5,
0,fi,"Finnish (suomi, suomen kieli)",vihrea,vihreä,vihreä,rgb,129,231,0,1,0,full,white,en,,1.1.5,
0,fi,"Finnish (suomi, suomen kieli)",violetti,violetti,violetti,rgb,114,28,142,1,2,full,white,en,,1.1.5,
0,fi,"Finnish (suomi, suomen kieli)",vaaleansininen,vaaleansininen,vaaleansininen,rgb,169,216,248,1,3,full,white,en,,1.1.5,
0,fi,"Finnish (suomi, suomen kieli)",syaani,syaani,syaani,rgb,29,219,216,1,4,full,white,en,,1.1.5,
0,fi,"Finnish (suomi, suomen kieli)",purppura,purppura,purppura,rgb,57,5,96,1,5,full,white,en,,1.1.5,
0,fi,"Finnish (suomi, suomen kieli)",vaaleansininen,vaaleansininen,vaaleansininen,rgb,119,172,233,1,6,full,white,en,,1.1.5,
0,fi,"Finnish (suomi, suomen kieli)",vihrea,vihreä,vihreä,rgb,130,159,165,1,7,full,white,en,,1.1.5,
0,fi,"Finnish (suomi, suomen kieli)",sininen,sininen,sininen,rgb,92,76,214,1,8,full,white,en,,1.1.5,
0,fi,"Finnish (suomi, suomen kieli)",tummanruskea,tummanruskea,tummanruskea,rgb,68,24,21,1,9,full,white,en,,1.1.5,
0,fi,"Finnish (suomi, suomen kieli)",sininen,sininen,sininen,rgb,10,67,136,1,10,full,white,en,,1.1.5,
0,fi,"Finnish (suomi, suomen kieli)",laventeli,laventeli,laventeli,rgb,131,99,176,1,11,full,white,en,,1.1.5,
0,fi,"Finnish (suomi, suomen kieli)",vihrea,vihreä,vihreä,rgb,77,159,129,3,0,full,white,en,,1.1.5,
0,fi,"Finnish (suomi, suomen kieli)",beige,beige,beige,rgb,174,156,111,3,1,full,white,en,,1.1.5,
0,fi,"Finnish (suomi, suomen kieli)",vihrea,vihreä,vihreä,rgb,72,180,10,3,2,full,white,en,,1.1.5,
0,fi,"Finnish (suomi, suomen kieli)",purppura,purppura,purppura,rgb,108,16,61,3,3,full,white,en,,1.1.5,
0,fi,"Finnish (suomi, suomen kieli)",sininen,sininen,sininen,rgb,39,113,210,3,4,full,white,en,,1.1.5,
0,fi,"Finnish (suomi, suomen kieli)",oranssi,oranssi,oranssi,rgb,214,158,74,3,6,full,white,en,,1.1.5,
0,fi,"Finnish (suomi, suomen kieli)",punainen,punainen,punainen,rgb,205,18,62,3,7,full,white,en,,1.1.5,
0,fi,"Finnish (suomi, suomen kieli)",sininen,sininen,sininen,rgb,23,194,247,3,8,full,white,en,,1.1.5,
0,fi,"Finnish (suomi, suomen kieli)",magenta,magenta,magenta,rgb,162,27,124,3,9,full,white,en,,1.1.5,
0,fi,"Finnish (suomi, suomen kieli)",vaaleanvihrea,vaaleanvihreä,vaaleanvihreä,rgb,161,235,198,3,10,full,white,en,,1.1.5,
0,fi,"Finnish (suomi, suomen kieli)",vaaleankeltainen,vaaleankeltainen,vaaleankeltainen,rgb,229,206,111,3,11,full,white,en,,1.1.5,
0,fi,"Finnish (suomi, suomen kieli)",pinkki,pinkki,pinkki,rgb,245,164,217,6,1,full,white,en,,1.1.5,
0,fi,"Finnish (suomi, suomen kieli)",vaaleanvihria,vaaleanvihriä,vaaleanvihriä,rgb,216,233,208,6,2,full,white,en,,1.1.5,
0,fi,"Finnish (suomi, suomen kieli)",purppura,purppura,purppura,rgb,116,54,114,6,3,full,white,en,,1.1.5,
0,fi,"Finnish (suomi, suomen kieli)",punainen,punainen,punainen,rgb,219,82,25,6,4,full,white,en,,1.1.5,
0,fi,"Finnish (suomi, suomen kieli)",musta,musta,musta,rgb,23,58,2,6,5,full,white,en,,1.1.5,
0,fi,"Finnish (suomi, suomen kieli)",vihrea,vihreä,vihreä,rgb,14,209,92,6,6,full,white,en,,1.1.5,
0,fi,"Finnish (suomi, suomen kieli)",ruskea,ruskea,ruskea,rgb,118,79,40,6,7,full,white,en,,1.1.5,
0,fi,"Finnish (suomi, suomen kieli)",turkoosi,turkoosi,turkoosi,rgb,18,114,130,6,8,full,white,en,,1.1.5,
0,fi,"Finnish (suomi, suomen kieli)",ruskea,ruskea,ruskea,rgb,153,126,4,6,9,full,white,en,,1.1.5,
0,fi,"Finnish (suomi, suomen kieli)",magenta,magenta,magenta,rgb,192,59,229,6,10,full,white,en,,1.1.5,
0,fi,"Finnish (suomi, suomen kieli)",laventeli,laventeli,laventeli,rgb,173,147,249,6,11,full,white,en,,1.1.5,
0,fi,"Finnish (suomi, suomen kieli)",punainen,punainen,punainen,rgb,255,0,62,3,0,line,white,en,,1.1.5,
0,fi,"Finnish (suomi, suomen kieli)",vaaleansininen,vaaleansininen,vaaleansininen,rgb,0,250,255,3,1,line,white,en,,1.1.5,
0,fi,"Finnish (suomi, suomen kieli)",oranssi,oranssi,oranssi,rgb,255,130,0,3,2,line,white,en,,1.1.5,
0,fi,"Finnish (suomi, suomen kieli)",oranssi,oranssi,oranssi,rgb,255,88,0,3,3,line,white,en,,1.1.5,
0,fi,"Finnish (suomi, suomen kieli)",punainen,punainen,punainen,rgb,255,0,31,3,4,line,white,en,,1.1.5,
0,fi,"Finnish (suomi, suomen kieli)",turkoosi,turkoosi,turkoosi,rgb,0,255,180,3,5,line,white,en,,1.1.5,
0,fi,"Finnish (suomi, suomen kieli)",violetti,violetti,violetti,rgb,210,0,255,3,6,line,white,en,,1.1.5,
0,fi,"Finnish (suomi, suomen kieli)",punaoranssi,punaoranssi,punaoranssi,rgb,255,52,0,3,7,line,white,en,,1.1.5,
0,fi,"Finnish (suomi, suomen kieli)",sininen,sininen,sininen,rgb,0,22,255,3,8,line,white,en,,1.1.5,
0,fi,"Finnish (suomi, suomen kieli)",violetti,violetti,violetti,rgb,251,0,255,3,9,line,white,en,,1.1.5,
0,fi,"Finnish (suomi, suomen kieli)",violetti,violetti,violetti,rgb,255,0,232,3,10,line,white,en,,1.1.5,
0,fi,"Finnish (suomi, suomen kieli)",sininen,sininen,sininen,rgb,0,107,255,3,11,line,white,en,,1.1.5,
0,fi,"Finnish (suomi, suomen kieli)",oranssi,oranssi,oranssi,rgb,255,184,0,6,0,line,white,en,,1.1.5,
0,fi,"Finnish (suomi, suomen kieli)",pinkki,pinkki,pinkki,rgb,255,0,157,6,1,line,white,en,,1.1.5,
0,fi,"Finnish (suomi, suomen kieli)",oranssi,oranssi,oranssi,rgb,255,180,0,6,2,line,white,en,,1.1.5,
0,fi,"Finnish (suomi, suomen kieli)",vihrea,vihreä,vihreä,rgb,63,255,0,6,3,line,white,en,,1.1.5,
0,fi,"Finnish (suomi, suomen kieli)",vaaleansininen,vaaleansininen,vaaleansininen,rgb,0,184,255,6,4,line,white,en,,1.1.5,
0,fi,"Finnish (suomi, suomen kieli)",keltainen,keltainen,keltainen,rgb,255,218,0,6,5,line,white,en,,1.1.5,
0,fi,"Finnish (suomi, suomen kieli)",vihrea,vihreä,vihreä,rgb,144,255,0,6,6,line,white,en,,1.1.5,
0,fi,"Finnish (suomi, suomen kieli)",sininen,sininen,sininen,rgb,0,129,255,6,7,line,white,en,,1.1.5,
0,fi,"Finnish (suomi, suomen kieli)",vaaleansininen,vaaleansininen,vaaleansininen,rgb,0,255,195,6,8,line,white,en,,1.1.5,
0,fi,"Finnish (suomi, suomen kieli)",vihrea,vihreä,vihreä,rgb,0,255,48,6,9,line,white,en,,1.1.5,
0,fi,"Finnish (suomi, suomen kieli)",sininen,sininen,sininen,rgb,0,66,255,6,10,line,white,en,,1.1.5,
0,fi,"Finnish (suomi, suomen kieli)",pinkki,pinkki,pinkki,rgb,255,0,119,6,11,line,white,en,,1.1.5,
16430,fi,"Finnish (suomi, suomen kieli)",metsanvihrea,metsänvihreä,Metsänvihreä,rgb,10,72,75,1,0,full,white,en,,1.1.5,
16430,fi,"Finnish (suomi, suomen kieli)",??,??,??,rgb,129,173,167,1,1,full,white,en,,1.1.5,
16430,fi,"Finnish (suomi, suomen kieli)",laivastonsininen,laivastonsininen,Laivastonsininen,rgb,17,36,149,1,2,full,white,en,,1.1.5,
16430,fi,"Finnish (suomi, suomen kieli)",lime,lime,Lime,rgb,217,254,110,1,3,full,white,en,,1.1.5,
16430,fi,"Finnish (suomi, suomen kieli)",aniliininpunainen,aniliininpunainen,Aniliininpunainen,rgb,185,26,88,1,4,full,white,en,,1.1.5,
16430,fi,"Finnish (suomi, suomen kieli)",sininen,sininen,Sininen,rgb,65,93,182,1,5,full,white,en,,1.1.5,
16430,fi,"Finnish (suomi, suomen kieli)",metsanvihrea,metsänvihreä,Metsänvihreä,rgb,26,83,21,1,6,full,white,en,,1.1.5,
16430,fi,"Finnish (suomi, suomen kieli)",vaaleansininen,vaaleansininen,Vaaleansininen,rgb,17,197,220,1,7,full,white,en,,1.1.5,
16430,fi,"Finnish (suomi, suomen kieli)",beige,beige,Beige,rgb,216,209,205,1,8,full,white,en,,1.1.5,
16430,fi,"Finnish (suomi, suomen kieli)",indigo,indigo,Indigo,rgb,116,122,154,1,9,full,white,en,,1.1.5,
16430,fi,"Finnish (suomi, suomen kieli)",violetti,violetti,Violetti,rgb,150,49,152,1,10,full,white,en,,1.1.5,
16430,fi,"Finnish (suomi, suomen kieli)",vaaleanruskea,vaaleanruskea,Vaaleanruskea,rgb,195,166,117,1,11,full,white,en,,1.1.5,
16430,fi,"Finnish (suomi, suomen kieli)",tummanvioletti,tummanvioletti,Tummanvioletti,rgb,63,25,83,3,0,full,white,en,,1.1.5,
16430,fi,"Finnish (suomi, suomen kieli)",kastanjanruskea,kastanjanruskea,Kastanjanruskea,rgb,180,91,57,3,1,full,white,en,,1.1.5,
16430,fi,"Finnish (suomi, suomen kieli)",kirkkaanvihrea,kirkkaanvihreä,Kirkkaanvihreä,rgb,44,202,132,3,2,full,white,en,,1.1.5,
16430,fi,"Finnish (suomi, suomen kieli)",raanvihrea,räänvihreä,Räänvihreä,rgb,169,182,100,3,3,full,white,en,,1.1.5,
16430,fi,"Finnish (suomi, suomen kieli)",pinkki,pinkki,Pinkki,rgb,233,116,198,3,4,full,white,en,,1.1.5,
16430,fi,"Finnish (suomi, suomen kieli)",tummavioletti,tumma violetti,Tumma violetti,rgb,85,1,105,3,5,full,white,en,,1.1.5,
16430,fi,"Finnish (suomi, suomen kieli)",mintunvihrea,mintunvihreä,Mintunvihreä,rgb,149,225,153,3,6,full,white,en,,1.1.5,
16430,fi,"Finnish (suomi, suomen kieli)",vihrea,vihreä,Vihreä,rgb,144,198,56,3,7,full,white,en,,1.1.5,
16430,fi,"Finnish (suomi, suomen kieli)",vihrea,vihreä,Vihreä,rgb,24,176,70,3,8,full,white,en,,1.1.5,
16430,fi,"Finnish (suomi, suomen kieli)",punaisensavyinenvioletti,punaisen sävyinen violetti,Punaisen sävyinen violetti,rgb,151,75,108,3,9,full,white,en,,1.1.5,
16430,fi,"Finnish (suomi, suomen kieli)",harmaansininen,harmaansininen,Harmaansininen,rgb,181,194,225,3,10,full,white,en,,1.1.5,
16430,fi,"Finnish (suomi, suomen kieli)",paskanruskea,paskanruskea,Paskanruskea,rgb,118,57,4,3,11,full,white,en,,1.1.5,
16430,fi,"Finnish (suomi, suomen kieli)",vihrea,vihreä,Vihreä,rgb,70,136,81,6,0,full,white,en,,1.1.5,
16430,fi,"Finnish (suomi, suomen kieli)",violetti,violetti,Violetti,rgb,125,61,208,6,1,full,white,en,,1.1.5,
16430,fi,"Finnish (suomi, suomen kieli)",tummanpinkki,tummanpinkki,Tummanpinkki,rgb,197,0,129,6,2,full,white,en,,1.1.5,
16430,fi,"Finnish (suomi, suomen kieli)",merensininen,merensininen,Merensininen,rgb,55,164,247,6,3,full,white,en,,1.1.5,
16430,fi,"Finnish (suomi, suomen kieli)",punahkovioletti,punahkovioletti,Punahkovioletti,rgb,163,97,173,6,4,full,white,en,,1.1.5,
16430,fi,"Finnish (suomi, suomen kieli)",sininen,sininen,Sininen,rgb,61,44,246,6,5,full,white,en,,1.1.5,
16430,fi,"Finnish (suomi, suomen kieli)",vihreanruskea,vihreänruskea,Vihreänruskea,rgb,120,95,25,6,6,full,white,en,,1.1.5,
16430,fi,"Finnish (suomi, suomen kieli)",liila,liila,Liila,rgb,185,152,244,6,7,full,white,en,,1.1.5,
16430,fi,"Finnish (suomi, suomen kieli)",oranssi,oranssi,Oranssi,rgb,192,78,4,6,8,full,white,en,,1.1.5,
16430,fi,"Finnish (suomi, suomen kieli)",limenvihrea,limenvihreä,Limenvihreä,rgb,103,245,71,6,9,full,white,en,,1.1.5,
16430,fi,"Finnish (suomi, suomen kieli)",pinkinruskea,pinkinruskea,Pinkinruskea,rgb,211,132,123,6,10,full,white,en,,1.1.5,
16430,fi,"Finnish (suomi, suomen kieli)",turkoosi,turkoosi,Turkoosi,rgb,9,230,210,6,11,full,white,en,,1.1.5,
17939,fi,"Finnish (suomi, suomen kieli)",liila,liila,Liila,rgb,143,77,140,1,0,full,white,en,,1.1.5,
17939,fi,"Finnish (suomi, suomen kieli)",sininen,sininen,Sininen,rgb,1,40,118,1,1,full,white,en,,1.1.5,
17939,fi,"Finnish (suomi, suomen kieli)",keltainen,keltainen,Keltainen,rgb,192,172,31,1,2,full,white,en,,1.1.5,
17939,fi,"Finnish (suomi, suomen kieli)",sininen,sininen,Sininen,rgb,10,85,121,1,3,full,white,en,,1.1.5,
17939,fi,"Finnish (suomi, suomen kieli)",sininen,sininen,Sininen,rgb,19,47,208,1,4,full,white,en,,1.1.5,
17939,fi,"Finnish (suomi, suomen kieli)",sininen,sininen,Sininen,rgb,18,21,135,1,5,full,white,en,,1.1.5,
17939,fi,"Finnish (suomi, suomen kieli)",turkoosi,turkoosi,Turkoosi,rgb,12,225,232,1,6,full,white,en,,1.1.5,
17939,fi,"Finnish (suomi, suomen kieli)",pinkki,pinkki,Pinkki,rgb,223,6,111,1,7,full,white,en,,1.1.5,
17939,fi,"Finnish (suomi, suomen kieli)",vaaleansininen,vaaleansininen,Vaaleansininen,rgb,121,138,214,1,8,full,white,en,,1.1.5,
17939,fi,"Finnish (suomi, suomen kieli)",vaaleanvihrea,vaaleanvihreä,Vaaleanvihreä,rgb,210,237,16,1,9,full,white,en,,1.1.5,
17939,fi,"Finnish (suomi, suomen kieli)",liila,liila,Liila,rgb,126,64,254,1,10,full,white,en,,1.1.5,
17939,fi,"Finnish (suomi, suomen kieli)",vihrea,vihreä,Vihreä,rgb,99,229,175,1,11,full,white,en,,1.1.5,
17939,fi,"Finnish (suomi, suomen kieli)",liila,liila,Liila,rgb,140,26,169,3,0,full,white,en,,1.1.5,
17939,fi,"Finnish (suomi, suomen kieli)",sininen,sininen,Sininen,rgb,28,147,215,3,1,full,white,en,,1.1.5,
17939,fi,"Finnish (suomi, suomen kieli)",laventeli,laventeli,Laventeli,rgb,190,143,188,3,2,full,white,en,,1.1.5,
17939,fi,"Finnish (suomi, suomen kieli)",ruskea,ruskea,Ruskea,rgb,121,77,14,3,3,full,white,en,,1.1.5,
17939,fi,"Finnish (suomi, suomen kieli)",ruskea,ruskea,Ruskea,rgb,153,114,12,3,4,full,white,en,,1.1.5,
17939,fi,"Finnish (suomi, suomen kieli)",harmaa,harmaa,Harmaa,rgb,76,93,101,3,5,full,white,en,,1.1.5,
17939,fi,"Finnish (suomi, suomen kieli)",vihrea,vihreä,Vihreä,rgb,2,143,129,3,6,full,white,en,,1.1.5,
17939,fi,"Finnish (suomi, suomen kieli)",liila,liila,Liila,rgb,147,90,233,3,7,full,white,en,,1.1.5,
17939,fi,"Finnish (suomi, suomen kieli)",vaaleanpunainen,vaaleanpunainen,Vaaleanpunainen,rgb,224,151,247,3,8,full,white,en,,1.1.5,
17939,fi,"Finnish (suomi, suomen kieli)",liila,liila,Liila,rgb,152,46,144,3,9,full,white,en,,1.1.5,
17939,fi,"Finnish (suomi, suomen kieli)",beessi,beessi,Beessi,rgb,226,215,171,3,10,full,white,en,,1.1.5,
17939,fi,"Finnish (suomi, suomen kieli)",vaaleanpunainen,vaaleanpunainen,Vaaleanpunainen,rgb,212,135,152,3,11,full,white,en,,1.1.5,
17939,fi,"Finnish (suomi, suomen kieli)",vihrea,vihreä,Vihreä,rgb,9,182,2,6,0,full,white,en,,1.1.5,
17939,fi,"Finnish (suomi, suomen kieli)",vihrea,vihreä,Vihreä,rgb,118,159,16,6,1,full,white,en,,1.1.5,
17939,fi,"Finnish (suomi, suomen kieli)",kellertavanvihrea,kellertävän vihreä,Kellertävän vihreä,rgb,213,249,115,6,2,full,white,en,,1.1.5,
17939,fi,"Finnish (suomi, suomen kieli)",oranssi,oranssi,Oranssi,rgb,252,122,12,6,3,full,white,en,,1.1.5,
17939,fi,"Finnish (suomi, suomen kieli)",punainen,punainen,Punainen,rgb,244,11,62,6,4,full,white,en,,1.1.5,
17939,fi,"Finnish (suomi, suomen kieli)",vihrea,vihreä,Vihreä,rgb,15,114,11,6,5,full,white,en,,1.1.5,
17939,fi,"Finnish (suomi, suomen kieli)",musta,musta,Musta,rgb,57,44,54,6,6,full,white,en,,1.1.5,
17939,fi,"Finnish (suomi, suomen kieli)",vaaleansininen,vaaleansininen,Vaaleansininen,rgb,152,200,211,6,7,full,white,en,,1.1.5,
17939,fi,"Finnish (suomi, suomen kieli)",marjanpunainen,marjanpunainen,Marjanpunainen,rgb,187,12,68,6,8,full,white,en,,1.1.5,
17939,fi,"Finnish (suomi, suomen kieli)",pinkki,pinkki,Pinkki,rgb,223,57,173,6,9,full,white,en,,1.1.5,
17939,fi,"Finnish (suomi, suomen kieli)",tummanvihrea,tummanvihreä,Tummanvihreä,rgb,34,55,43,6,10,full,white,en,,1.1.5,
17939,fi,"Finnish (suomi, suomen kieli)",vihrea,vihreä,Vihreä,rgb,58,252,150,6,11,full,white,en,,1.1.5,
19844,fi,"Finnish (suomi, suomen kieli)",purppura,purppura,Purppura,rgb,61,22,186,1,0,full,white,en,,1.1.5,
19844,fi,"Finnish (suomi, suomen kieli)",lime,lime,Lime,rgb,92,203,47,1,1,full,white,en,,1.1.5,
19844,fi,"Finnish (suomi, suomen kieli)",syaani,syaani,Syaani,rgb,55,245,154,1,2,full,white,en,,1.1.5,
19844,fi,"Finnish (suomi, suomen kieli)",beige,beige,Beige,rgb,254,182,75,1,3,full,white,en,,1.1.5,
19844,fi,"Finnish (suomi, suomen kieli)",liila,liila,Liila,rgb,132,91,82,1,4,full,white,en,,1.1.5,
19844,fi,"Finnish (suomi, suomen kieli)",keltavihrea,kelta vihreä,Kelta-vihreä,rgb,200,234,79,1,5,full,white,en,,1.1.5,
19844,fi,"Finnish (suomi, suomen kieli)",lohenoranssi,lohenoranssi,Lohenoranssi,rgb,235,121,62,1,6,full,white,en,,1.1.5,
19844,fi,"Finnish (suomi, suomen kieli)",sininen,sininen,Sininen,rgb,7,98,88,1,7,full,white,en,,1.1.5,
19844,fi,"Finnish (suomi, suomen kieli)",tummansininen,tummansininen,Tummansininen,rgb,14,53,64,1,8,full,white,en,,1.1.5,
19844,fi,"Finnish (suomi, suomen kieli)",violetti,violetti,Violetti,rgb,115,42,108,1,9,full,white,en,,1.1.5,
19844,fi,"Finnish (suomi, suomen kieli)",pinkki,pinkki,Pinkki,rgb,205,52,106,1,10,full,white,en,,1.1.5,
19844,fi,"Finnish (suomi, suomen kieli)",vaaleanruskea,vaaleanruskea,Vaaleanruskea,rgb,159,111,10,1,11,full,white,en,,1.1.5,
19844,fi,"Finnish (suomi, suomen kieli)",violetti,violetti,Violetti,rgb,182,24,230,3,0,full,white,en,,1.1.5,
19844,fi,"Finnish (suomi, suomen kieli)",purppura,purppura,Purppura,rgb,175,56,143,3,1,full,white,en,,1.1.5,
19844,fi,"Finnish (suomi, suomen kieli)",vaaleansininen,vaaleansininen,Vaaleansininen,rgb,101,166,179,3,2,full,white,en,,1.1.5,
19844,fi,"Finnish (suomi, suomen kieli)",hiekanruskea,hiekanruskea,Hiekanruskea,rgb,222,203,100,3,3,full,white,en,,1.1.5,
19844,fi,"Finnish (suomi, suomen kieli)",vaaleanharmaa,vaaleanharmaa,Vaaleanharmaa,rgb,218,216,156,3,4,full,white,en,,1.1.5,
19844,fi,"Finnish (suomi, suomen kieli)",tummanvihrea,tummanvihreä,Tummanvihreä,rgb,53,60,23,3,5,full,white,en,,1.1.5,
19844,fi,"Finnish (suomi, suomen kieli)",pinkki,pinkki,Pinkki,rgb,211,2,45,3,6,full,white,en,,1.1.5,
19844,fi,"Finnish (suomi, suomen kieli)",vaaleanpunainen,vaaleanpunainen,Vaaleanpunainen,rgb,231,141,132,3,7,full,white,en,,1.1.5,
19844,fi,"Finnish (suomi, suomen kieli)",magenta,magenta,Magenta,rgb,234,52,209,3,8,full,white,en,,1.1.5,
19844,fi,"Finnish (suomi, suomen kieli)",vihreanharmaa,vihreänharmaa,Vihreänharmaa,rgb,119,145,89,3,9,full,white,en,,1.1.5,
19844,fi,"Finnish (suomi, suomen kieli)",vihrea,vihreä,Vihreä,rgb,4,104,41,3,10,full,white,en,,1.1.5,
19844,fi,"Finnish (suomi, suomen kieli)",sininen,sininen,Sininen,rgb,15,35,151,3,11,full,white,en,,1.1.5,
19844,fi,"Finnish (suomi, suomen kieli)",vihrea,vihreä,Vihreä,rgb,92,130,36,6,0,full,white,en,,1.1.5,
19844,fi,"Finnish (suomi, suomen kieli)",musta,musta,Musta,rgb,14,1,18,6,1,full,white,en,,1.1.5,
19844,fi,"Finnish (suomi, suomen kieli)",vaaleansininen,vaaleansininen,Vaaleansininen,rgb,62,199,248,6,2,full,white,en,,1.1.5,
19844,fi,"Finnish (suomi, suomen kieli)",liila,liila,Liila,rgb,186,113,178,6,3,full,white,en,,1.1.5,
19844,fi,"Finnish (suomi, suomen kieli)",marjanpunainen,marjanpunainen,Marjanpunainen,rgb,172,75,68,6,4,full,white,en,,1.1.5,
19844,fi,"Finnish (suomi, suomen kieli)",purppura,purppura,Purppura,rgb,61,20,48,6,5,full,white,en,,1.1.5,
19844,fi,"Finnish (suomi, suomen kieli)",sininen,sininen,Sininen,rgb,47,73,173,6,6,full,white,en,,1.1.5,
19844,fi,"Finnish (suomi, suomen kieli)",punaharmaa,punaharmaa,Punaharmaa,rgb,205,166,157,6,7,full,white,en,,1.1.5,
19844,fi,"Finnish (suomi, suomen kieli)",vaaleanvihrea,vaaleanvihreä,Vaaleanvihreä,rgb,154,205,119,6,8,full,white,en,,1.1.5,
19844,fi,"Finnish (suomi, suomen kieli)",taivaansininen,taivaansininen,Taivaansininen,rgb,21,134,213,6,9,full,white,en,,1.1.5,
19844,fi,"Finnish (suomi, suomen kieli)",sinivioletti,sinivioletti,Sinivioletti,rgb,135,143,170,6,10,full,white,en,,1.1.5,
19844,fi,"Finnish (suomi, suomen kieli)",vihrea,vihreä,vihreä,rgb,4,135,25,6,11,full,white,en,,1.1.5,
20375,fi,"Finnish (suomi, suomen kieli)",turkoosi,turkoosi,turkoosi,rgb,10,202,163,1,0,full,white,en,,1.1.5,
20375,fi,"Finnish (suomi, suomen kieli)",tummanvihrea,tummanvihreä,tummanvihreä,rgb,114,167,30,1,1,full,white,en,,1.1.5,
20375,fi,"Finnish (suomi, suomen kieli)",vaaleansininen,vaaleansininen,vaaleansininen,rgb,115,226,255,1,3,full,white,en,,1.1.5,
20375,fi,"Finnish (suomi, suomen kieli)",ruskea,ruskea,ruskea,rgb,73,33,19,1,4,full,white,en,,1.1.5,
20375,fi,"Finnish (suomi, suomen kieli)",vihrea,vihreä,vihreä,rgb,80,186,90,1,5,full,white,en,,1.1.5,
20375,fi,"Finnish (suomi, suomen kieli)",yonsininen,yönsininen,yönsininen,rgb,63,83,92,1,8,full,white,en,,1.1.5,
20375,fi,"Finnish (suomi, suomen kieli)",harmaa,harmaa,harmaa,rgb,212,210,197,1,9,full,white,en,,1.1.5,
20375,fi,"Finnish (suomi, suomen kieli)",sininen,sininen,sininen,rgb,25,46,210,1,11,full,white,en,,1.1.5,
20632,fi,"Finnish (suomi, suomen kieli)",keltainen,keltainen,Keltainen,rgb,252,211,83,1,0,full,white,en,,1.1.5,
20632,fi,"Finnish (suomi, suomen kieli)",punainen,punainen,Punainen,rgb,200,64,1,1,1,full,white,en,,1.1.5,
20632,fi,"Finnish (suomi, suomen kieli)",punainen,punainen,Punainen,rgb,189,84,69,1,2,full,white,en,,1.1.5,
20632,fi,"Finnish (suomi, suomen kieli)",sininen,sininen,Sininen,rgb,42,65,130,1,3,full,white,en,,1.1.5,
20632,fi,"Finnish (suomi, suomen kieli)",ruskea,ruskea,Ruskea,rgb,177,153,98,1,4,full,white,en,,1.1.5,
20632,fi,"Finnish (suomi, suomen kieli)",punainen,punainen,Punainen,rgb,228,5,40,1,5,full,white,en,,1.1.5,
20632,fi,"Finnish (suomi, suomen kieli)",liila,liila,Liila,rgb,196,58,127,1,6,full,white,en,,1.1.5,
20632,fi,"Finnish (suomi, suomen kieli)",oranssi,oranssi,Oranssi,rgb,173,129,22,1,7,full,white,en,,1.1.5,
20632,fi,"Finnish (suomi, suomen kieli)",sininen,sininen,Sininen,rgb,39,178,230,1,8,full,white,en,,1.1.5,
20632,fi,"Finnish (suomi, suomen kieli)",sininen,sininen,Sininen,rgb,63,97,135,1,9,full,white,en,,1.1.5,
20632,fi,"Finnish (suomi, suomen kieli)",sininen,sininen,Sininen,rgb,133,161,232,1,10,full,white,en,,1.1.5,
20632,fi,"Finnish (suomi, suomen kieli)",musta,musta,Musta,rgb,32,3,38,1,11,full,white,en,,1.1.5,
20632,fi,"Finnish (suomi, suomen kieli)",vaaleanvihrea,vaalean vihreä,Vaalean vihreä,rgb,202,244,111,3,0,full,white,en,,1.1.5,
20632,fi,"Finnish (suomi, suomen kieli)",vihrea,vihreä,Vihreä,rgb,146,152,12,3,1,full,white,en,,1.1.5,
20632,fi,"Finnish (suomi, suomen kieli)",vihrea,vihreä,Vihreä,rgb,58,138,61,3,2,full,white,en,,1.1.5,
20632,fi,"Finnish (suomi, suomen kieli)",sininen,sininen,Sininen,rgb,32,1,177,3,3,full,white,en,,1.1.5,
20632,fi,"Finnish (suomi, suomen kieli)",harmaa,harmaa,Harmaa,rgb,220,217,206,3,4,full,white,en,,1.1.5,
20632,fi,"Finnish (suomi, suomen kieli)",sinivihrea,sinivihreä,Sinivihreä,rgb,56,139,151,3,5,full,white,en,,1.1.5,
20632,fi,"Finnish (suomi, suomen kieli)",sinivihrea,sinivihreä,Sinivihreä,rgb,119,239,221,3,6,full,white,en,,1.1.5,
20632,fi,"Finnish (suomi, suomen kieli)",harmaa,harmaa,Harmaa,rgb,37,49,31,3,7,full,white,en,,1.1.5,
20632,fi,"Finnish (suomi, suomen kieli)",liila,liila,Liila,rgb,130,100,210,3,8,full,white,en,,1.1.5,
20632,fi,"Finnish (suomi, suomen kieli)",limetinvihrea,limetin vihreä,Limetin vihreä,rgb,162,237,49,3,9,full,white,en,,1.1.5,
20632,fi,"Finnish (suomi, suomen kieli)",oranssi,oranssi,Oranssi,rgb,233,176,89,3,10,full,white,en,,1.1.5,
20632,fi,"Finnish (suomi, suomen kieli)",liila,liila,Liila,rgb,110,64,130,3,11,full,white,en,,1.1.5,
20632,fi,"Finnish (suomi, suomen kieli)",pinkki,pinkki,Pinkki,rgb,245,160,204,6,0,full,white,en,,1.1.5,
20632,fi,"Finnish (suomi, suomen kieli)",vihrea,vihreä,Vihreä,rgb,98,109,19,6,1,full,white,en,,1.1.5,
20632,fi,"Finnish (suomi, suomen kieli)",pinkki,pinkki,Pinkki,rgb,247,33,169,6,2,full,white,en,,1.1.5,
20632,fi,"Finnish (suomi, suomen kieli)",mintunvihrea,mintun vihreä,Mintun vihreä,rgb,38,217,151,6,3,full,white,en,,1.1.5,
20632,fi,"Finnish (suomi, suomen kieli)",vaaleanpunainen,vaaleanpunainen,Vaaleanpunainen,rgb,184,144,157,6,4,full,white,en,,1.1.5,
20632,fi,"Finnish (suomi, suomen kieli)",ruskea,ruskea,Ruskea,rgb,123,89,8,6,5,full,white,en,,1.1.5,
20632,fi,"Finnish (suomi, suomen kieli)",sininen,sininen,Sininen,rgb,17,51,253,6,6,full,white,en,,1.1.5,
20632,fi,"Finnish (suomi, suomen kieli)",musta,musta,Musta,rgb,9,5,2,6,7,full,white,en,,1.1.5,
20632,fi,"Finnish (suomi, suomen kieli)",liila,liila,Liila,rgb,197,105,234,6,8,full,white,en,,1.1.5,
20632,fi,"Finnish (suomi, suomen kieli)",sininen,sininen,Sininen,rgb,26,90,236,6,9,full,white,en,,1.1.5,
20632,fi,"Finnish (suomi, suomen kieli)",vaaleanvihrea,vaalean vihreä,Vaalean vihreä,rgb,134,225,127,6,10,full,white,en,,1.1.5,
20632,fi,"Finnish (suomi, suomen kieli)",liila,liila,Liila,rgb,138,76,111,6,11,full,white,en,,1.1.5,
20738,fi,"Finnish (suomi, suomen kieli)",keltavihrea,keltavihreä,Keltavihreä,rgb,194,255,0,1,0,line,white,en,,1.1.5,
20738,fi,"Finnish (suomi, suomen kieli)",liila,liila,Liila,rgb,206,0,255,1,1,line,white,en,,1.1.5,
20738,fi,"Finnish (suomi, suomen kieli)",magenta,magenta,Magenta,rgb,236,0,255,1,2,line,white,en,,1.1.5,
20738,fi,"Finnish (suomi, suomen kieli)",pinkki,pinkki,Pinkki,rgb,255,0,219,1,3,line,white,en,,1.1.5,
20738,fi,"Finnish (suomi, suomen kieli)",keltainen,keltainen,Keltainen,rgb,255,237,0,1,4,line,white,en,,1.1.5,
20738,fi,"Finnish (suomi, suomen kieli)",punainen,punainen,Punainen,rgb,255,0,22,1,5,line,white,en,,1.1.5,
20738,fi,"Finnish (suomi, suomen kieli)",vihrea,vihreä,Vihreä,rgb,0,255,141,1,6,line,white,en,,1.1.5,
20738,fi,"Finnish (suomi, suomen kieli)",sininen,sininen,Sininen,rgb,0,74,255,1,7,line,white,en,,1.1.5,
20738,fi,"Finnish (suomi, suomen kieli)",pinkki,pinkki,Pinkki,rgb,255,0,197,1,8,line,white,en,,1.1.5,
20738,fi,"Finnish (suomi, suomen kieli)",sininen,sininen,Sininen,rgb,0,194,255,1,9,line,white,en,,1.1.5,
20738,fi,"Finnish (suomi, suomen kieli)",punainen,punainen,Punainen,rgb,255,0,66,1,10,line,white,en,,1.1.5,
20738,fi,"Finnish (suomi, suomen kieli)",sininen,sininen,Sininen,rgb,0,138,255,1,11,line,white,en,,1.1.5,
20738,fi,"Finnish (suomi, suomen kieli)",sininen,sininen,Sininen,rgb,0,97,255,3,0,line,white,en,,1.1.5,
20738,fi,"Finnish (suomi, suomen kieli)",pinkki,pinkki,Pinkki,rgb,255,0,119,3,1,line,white,en,,1.1.5,
20738,fi,"Finnish (suomi, suomen kieli)",oranssi,oranssi,Oranssi,rgb,255,78,0,3,2,line,white,en,,1.1.5,
20738,fi,"Finnish (suomi, suomen kieli)",sininen,sininen,Sininen,rgb,0,219,255,3,3,line,white,en,,1.1.5,
20738,fi,"Finnish (suomi, suomen kieli)",turkoosi,turkoosi,Turkoosi,rgb,0,255,209,3,4,line,white,en,,1.1.5,
20738,fi,"Finnish (suomi, suomen kieli)",vaaleansininen,vaaleansininen,Vaaleansininen,rgb,0,239,255,3,5,line,white,en,,1.1.5,
20738,fi,"Finnish (suomi, suomen kieli)",keltainen,keltainen,Keltainen,rgb,255,205,0,3,6,line,white,en,,1.1.5,
20738,fi,"Finnish (suomi, suomen kieli)",tummansininen,tummansininen,Tummansininen,rgb,0,58,255,3,7,line,white,en,,1.1.5,
20738,fi,"Finnish (suomi, suomen kieli)",kirkkaanvihrea,kirkkaanvihreä,Kirkkaanvihreä,rgb,0,255,66,3,8,line,white,en,,1.1.5,
20738,fi,"Finnish (suomi, suomen kieli)",turkoosi,turkoosi,Turkoosi,rgb,0,255,158,3,9,line,white,en,,1.1.5,
20738,fi,"Finnish (suomi, suomen kieli)",pinkki,pinkki,Pinkki,rgb,255,0,108,3,10,line,white,en,,1.1.5,
20738,fi,"Finnish (suomi, suomen kieli)",keltavihrea,keltavihreä,Keltavihreä,rgb,162,255,0,3,11,line,white,en,,1.1.5,
20738,fi,"Finnish (suomi, suomen kieli)",keltainen,keltainen,Keltainen,rgb,255,181,0,6,0,line,white,en,,1.1.5,
20738,fi,"Finnish (suomi, suomen kieli)",pinkki,pinkki,Pinkki,rgb,255,0,174,6,1,line,white,en,,1.1.5,
20738,fi,"Finnish (suomi, suomen kieli)",oranssi,oranssi,Oranssi,rgb,255,138,0,6,2,line,white,en,,1.1.5,
20738,fi,"Finnish (suomi, suomen kieli)",oranssi,oranssi,Oranssi,rgb,255,106,0,6,3,line,white,en,,1.1.5,
20738,fi,"Finnish (suomi, suomen kieli)",sininen,sininen,Sininen,rgb,0,178,255,6,4,line,white,en,,1.1.5,
20738,fi,"Finnish (suomi, suomen kieli)",indigo,indigo,Indigo,rgb,104,0,255,6,5,line,white,en,,1.1.5,
20738,fi,"Finnish (suomi, suomen kieli)",vihrea,vihreä,Vihreä,rgb,0,255,81,6,6,line,white,en,,1.1.5,
20738,fi,"Finnish (suomi, suomen kieli)",keltainen,keltainen,Keltainen,rgb,255,252,0,6,7,line,white,en,,1.1.5,
20738,fi,"Finnish (suomi, suomen kieli)",sininen,sininen,Sininen,rgb,0,118,255,6,8,line,white,en,,1.1.5,
20738,fi,"Finnish (suomi, suomen kieli)",sininen,sininen,Sininen,rgb,90,0,255,6,9,line,white,en,,1.1.5,
20738,fi,"Finnish (suomi, suomen kieli)",turkoosi,turkoosi,Turkoosi,rgb,0,255,242,6,10,line,white,en,,1.1.5,
20738,fi,"Finnish (suomi, suomen kieli)",vihrea,vihreä,Vihreä,rgb,90,255,0,6,11,line,white,en,,1.1.5,
341fb5c6-d8aa-4f21-bd3b-c3e278cb5a9b,fi,"Finnish (suomi, suomen kieli)",ruskea,ruskea,Ruskea,rgb,190,114,11,1,0,full,white,en,sv,2.0.3,
341fb5c6-d8aa-4f21-bd3b-c3e278cb5a9b,fi,"Finnish (suomi, suomen kieli)",sininen,sininen,Sininen,rgb,126,171,221,1,1,full,white,en,sv,2.0.3,
341fb5c6-d8aa-4f21-bd3b-c3e278cb5a9b,fi,"Finnish (suomi, suomen kieli)",punaruskea,punaruskea,Punaruskea,rgb,138,53,5,1,2,full,white,en,sv,2.0.3,
341fb5c6-d8aa-4f21-bd3b-c3e278cb5a9b,fi,"Finnish (suomi, suomen kieli)",minttu,minttu,Minttu,rgb,139,248,158,1,3,full,white,en,sv,2.0.3,
341fb5c6-d8aa-4f21-bd3b-c3e278cb5a9b,fi,"Finnish (suomi, suomen kieli)",salvia,salvia,Salvia,rgb,152,169,47,1,4,full,white,en,sv,2.0.3,
341fb5c6-d8aa-4f21-bd3b-c3e278cb5a9b,fi,"Finnish (suomi, suomen kieli)",oliivinvihrea,oliivinvihreä,Oliivinvihreä,rgb,171,146,39,1,5,full,white,en,sv,2.0.3,
341fb5c6-d8aa-4f21-bd3b-c3e278cb5a9b,fi,"Finnish (suomi, suomen kieli)",sammaleenvihrea,sammaleenvihreä,Sammaleenvihreä,rgb,137,155,39,1,6,full,white,en,sv,2.0.3,
341fb5c6-d8aa-4f21-bd3b-c3e278cb5a9b,fi,"Finnish (suomi, suomen kieli)",vanharuusu,vanha ruusu,Vanha ruusu,rgb,230,213,220,1,7,full,white,en,sv,2.0.3,
341fb5c6-d8aa-4f21-bd3b-c3e278cb5a9b,fi,"Finnish (suomi, suomen kieli)",harmaa,harmaa,Harmaa,rgb,210,212,203,1,8,full,white,en,sv,2.0.3,
341fb5c6-d8aa-4f21-bd3b-c3e278cb5a9b,fi,"Finnish (suomi, suomen kieli)",turkoosi,turkoosi,Turkoosi,rgb,141,224,218,1,9,full,white,en,sv,2.0.3,
341fb5c6-d8aa-4f21-bd3b-c3e278cb5a9b,fi,"Finnish (suomi, suomen kieli)",laivastonsininen,laivastonsininen,Laivastonsininen,rgb,34,11,94,1,10,full,white,en,sv,2.0.3,
341fb5c6-d8aa-4f21-bd3b-c3e278cb5a9b,fi,"Finnish (suomi, suomen kieli)",sinimusta,sinimusta,Sinimusta,rgb,59,21,43,1,11,full,white,en,sv,2.0.3,
341fb5c6-d8aa-4f21-bd3b-c3e278cb5a9b,fi,"Finnish (suomi, suomen kieli)",pinkki,pinkki,Pinkki,rgb,250,152,205,3,0,full,white,en,sv,2.0.3,
341fb5c6-d8aa-4f21-bd3b-c3e278cb5a9b,fi,"Finnish (suomi, suomen kieli)",harmaanruskea,harmaanruskea,Harmaanruskea,rgb,105,96,12,3,1,full,white,en,sv,2.0.3,
341fb5c6-d8aa-4f21-bd3b-c3e278cb5a9b,fi,"Finnish (suomi, suomen kieli)",ruohonvihrea,ruohonvihreä,Ruohonvihreä,rgb,151,206,68,3,2,full,white,en,sv,2.0.3,
341fb5c6-d8aa-4f21-bd3b-c3e278cb5a9b,fi,"Finnish (suomi, suomen kieli)",jadenvihrea,jadenvihreä,Jadenvihreä,rgb,108,188,149,3,3,full,white,en,sv,2.0.3,
341fb5c6-d8aa-4f21-bd3b-c3e278cb5a9b,fi,"Finnish (suomi, suomen kieli)",merenvihrea,merenvihreä,Merenvihreä,rgb,67,166,139,3,4,full,white,en,sv,2.0.3,
341fb5c6-d8aa-4f21-bd3b-c3e278cb5a9b,fi,"Finnish (suomi, suomen kieli)",syklaami,syklaami,Syklaami,rgb,212,97,177,3,5,full,white,en,sv,2.0.3,
341fb5c6-d8aa-4f21-bd3b-c3e278cb5a9b,fi,"Finnish (suomi, suomen kieli)",vaaleanruskea,vaaleanruskea,Vaaleanruskea,rgb,202,144,87,3,6,full,white,en,sv,2.0.3,
341fb5c6-d8aa-4f21-bd3b-c3e278cb5a9b,fi,"Finnish (suomi, suomen kieli)",vaaleapunaruskea,vaalea punaruskea,Vaalea punaruskea,rgb,218,143,122,3,7,full,white,en,sv,2.0.3,
341fb5c6-d8aa-4f21-bd3b-c3e278cb5a9b,fi,"Finnish (suomi, suomen kieli)",violetti,violetti,Violetti,rgb,110,46,152,3,8,full,white,en,sv,2.0.3,
341fb5c6-d8aa-4f21-bd3b-c3e278cb5a9b,fi,"Finnish (suomi, suomen kieli)",vispipuuronpunainen,vispipuuron punainen,Vispipuuron punainen,rgb,224,152,146,3,9,full,white,en,sv,2.0.3,
341fb5c6-d8aa-4f21-bd3b-c3e278cb5a9b,fi,"Finnish (suomi, suomen kieli)",koboltinsininen,koboltinsininen,Koboltinsininen,rgb,53,46,147,3,10,full,white,en,sv,2.0.3,
341fb5c6-d8aa-4f21-bd3b-c3e278cb5a9b,fi,"Finnish (suomi, suomen kieli)",mustikkakeitto,mustikkakeitto,Mustikkakeitto,rgb,136,44,105,3,11,full,white,en,sv,2.0.3,
341fb5c6-d8aa-4f21-bd3b-c3e278cb5a9b,fi,"Finnish (suomi, suomen kieli)",beige,beige,Beige,rgb,239,228,205,5,0,full,white,en,sv,2.0.3,
341fb5c6-d8aa-4f21-bd3b-c3e278cb5a9b,fi,"Finnish (suomi, suomen kieli)",sinipunainen,sinipunainen,Sinipunainen,rgb,92,31,93,5,1,full,white,en,sv,2.0.3,
341fb5c6-d8aa-4f21-bd3b-c3e278cb5a9b,fi,"Finnish (suomi, suomen kieli)",khaki,khaki,Khaki,rgb,155,124,78,5,2,full,white,en,sv,2.0.3,
341fb5c6-d8aa-4f21-bd3b-c3e278cb5a9b,fi,"Finnish (suomi, suomen kieli)",aniliininpunainen,aniliininpunainen,Aniliininpunainen,rgb,200,20,163,5,3,full,white,en,sv,2.0.3,
341fb5c6-d8aa-4f21-bd3b-c3e278cb5a9b,fi,"Finnish (suomi, suomen kieli)",raudanharmaa,raudanharmaa,Raudanharmaa,rgb,65,94,109,5,4,full,white,en,sv,2.0.3,
341fb5c6-d8aa-4f21-bd3b-c3e278cb5a9b,fi,"Finnish (suomi, suomen kieli)",turkoosinsininen,turkoosinsininen,Turkoosinsininen,rgb,4,193,247,5,5,full,white,en,sv,2.0.3,
341fb5c6-d8aa-4f21-bd3b-c3e278cb5a9b,fi,"Finnish (suomi, suomen kieli)",kanervanpunainen,kanervanpunainen,Kanervanpunainen,rgb,188,119,135,5,6,full,white,en,sv,2.0.3,
341fb5c6-d8aa-4f21-bd3b-c3e278cb5a9b,fi,"Finnish (suomi, suomen kieli)",vaaleanvihrea,vaalean vihreä,Vaalean vihreä,rgb,233,255,208,5,7,full,white,en,sv,2.0.3,
341fb5c6-d8aa-4f21-bd3b-c3e278cb5a9b,fi,"Finnish (suomi, suomen kieli)",siniharmaa,siniharmaa,Siniharmaa,rgb,23,68,106,5,8,full,white,en,sv,2.0.3,
341fb5c6-d8aa-4f21-bd3b-c3e278cb5a9b,fi,"Finnish (suomi, suomen kieli)",violetti,violetti,Violetti,rgb,127,27,88,5,9,full,white,en,sv,2.0.3,
341fb5c6-d8aa-4f21-bd3b-c3e278cb5a9b,fi,"Finnish (suomi, suomen kieli)",tummanharmaa,tumman harmaa,Tumman harmaa,rgb,35,64,60,5,10,full,white,en,sv,2.0.3,
341fb5c6-d8aa-4f21-bd3b-c3e278cb5a9b,fi,"Finnish (suomi, suomen kieli)",neonvioletti,neonvioletti,Neonvioletti,rgb,160,62,245,5,11,full,white,en,sv,2.0.3,
3a9448cc-119a-4aba-a8c3-182e00e0a998,fi,"Finnish (suomi, suomen kieli)",violetti,violetti,violetti,rgb,169,104,165,1,0,full,white,en,fi,2.1.2,
3a9448cc-119a-4aba-a8c3-182e00e0a998,fi,"Finnish (suomi, suomen kieli)",violetti,violetti,violetti,rgb,112,72,164,1,1,full,white,en,fi,2.1.2,
3a9448cc-119a-4aba-a8c3-182e00e0a998,fi,"Finnish (suomi, suomen kieli)",punaruskea,punaruskea,punaruskea,rgb,113,18,73,1,2,full,white,en,fi,2.1.2,
3a9448cc-119a-4aba-a8c3-182e00e0a998,fi,"Finnish (suomi, suomen kieli)",violetti,violetti,violetti,rgb,145,15,234,1,3,full,white,en,fi,2.1.2,
3a9448cc-119a-4aba-a8c3-182e00e0a998,fi,"Finnish (suomi, suomen kieli)",vaaleanoranssi,vaaleanoranssi,vaaleanoranssi,rgb,229,179,115,1,4,full,white,en,fi,2.1.2,
3a9448cc-119a-4aba-a8c3-182e00e0a998,fi,"Finnish (suomi, suomen kieli)",vaaleanvioletti,vaaleanvioletti,vaaleanvioletti,rgb,220,169,247,1,5,full,white,en,fi,2.1.2,
3a9448cc-119a-4aba-a8c3-182e00e0a998,fi,"Finnish (suomi, suomen kieli)",tummansininen,tummansininen,tummansininen,rgb,39,68,148,1,6,full,white,en,fi,2.1.2,
3a9448cc-119a-4aba-a8c3-182e00e0a998,fi,"Finnish (suomi, suomen kieli)",turkoosi,turkoosi,turkoosi,rgb,45,115,137,1,7,full,white,en,fi,2.1.2,
3a9448cc-119a-4aba-a8c3-182e00e0a998,fi,"Finnish (suomi, suomen kieli)",sininen,sininen,sininen,rgb,115,135,241,1,8,full,white,en,fi,2.1.2,
3a9448cc-119a-4aba-a8c3-182e00e0a998,fi,"Finnish (suomi, suomen kieli)",musta,musta,musta,rgb,20,25,13,1,9,full,white,en,fi,2.1.2,
3a9448cc-119a-4aba-a8c3-182e00e0a998,fi,"Finnish (suomi, suomen kieli)",sininen,sininen,sininen,rgb,101,120,185,1,10,full,white,en,fi,2.1.2,
3a9448cc-119a-4aba-a8c3-182e00e0a998,fi,"Finnish (suomi, suomen kieli)",violetti,violetti,violetti,rgb,91,46,193,1,11,full,white,en,fi,2.1.2,
3a9448cc-119a-4aba-a8c3-182e00e0a998,fi,"Finnish (suomi, suomen kieli)",musta,musta,musta,rgb,2,0,0,3,0,full,white,en,fi,2.1.2,
3a9448cc-119a-4aba-a8c3-182e00e0a998,fi,"Finnish (suomi, suomen kieli)",violetti,violetti,violetti,rgb,187,106,184,3,1,full,white,en,fi,2.1.2,
3a9448cc-119a-4aba-a8c3-182e00e0a998,fi,"Finnish (suomi, suomen kieli)",punaruskea,punaruskea,punaruskea,rgb,108,38,51,3,2,full,white,en,fi,2.1.2,
3a9448cc-119a-4aba-a8c3-182e00e0a998,fi,"Finnish (suomi, suomen kieli)",sinimusta,sinimusta,sinimusta,rgb,30,1,52,3,3,full,white,en,fi,2.1.2,
3a9448cc-119a-4aba-a8c3-182e00e0a998,fi,"Finnish (suomi, suomen kieli)",tummanvioletti,tummanvioletti,tummanvioletti,rgb,120,57,91,3,4,full,white,en,fi,2.1.2,
3a9448cc-119a-4aba-a8c3-182e00e0a998,fi,"Finnish (suomi, suomen kieli)",violetti,violetti,violetti,rgb,142,71,232,3,5,full,white,en,fi,2.1.2,
3a9448cc-119a-4aba-a8c3-182e00e0a998,fi,"Finnish (suomi, suomen kieli)",violetti,violetti,violetti,rgb,110,84,210,3,6,full,white,en,fi,2.1.2,
3a9448cc-119a-4aba-a8c3-182e00e0a998,fi,"Finnish (suomi, suomen kieli)",vihrea,vihreä,vihreä,rgb,3,101,19,3,7,full,white,en,fi,2.1.2,
3a9448cc-119a-4aba-a8c3-182e00e0a998,fi,"Finnish (suomi, suomen kieli)",vaaleanvihrea,vaaleanvihreä,vaaleanvihreä,rgb,188,250,189,3,8,full,white,en,fi,2.1.2,
3a9448cc-119a-4aba-a8c3-182e00e0a998,fi,"Finnish (suomi, suomen kieli)",oranssi,oranssi,oranssi,rgb,255,131,74,3,9,full,white,en,fi,2.1.2,
3a9448cc-119a-4aba-a8c3-182e00e0a998,fi,"Finnish (suomi, suomen kieli)",tummansininen,tummansininen,tummansininen,rgb,35,49,83,3,10,full,white,en,fi,2.1.2,
3a9448cc-119a-4aba-a8c3-182e00e0a998,fi,"Finnish (suomi, suomen kieli)",tummansininen,tummansininen,tummansininen,rgb,47,34,139,5,0,full,white,en,fi,2.1.2,
3a9448cc-119a-4aba-a8c3-182e00e0a998,fi,"Finnish (suomi, suomen kieli)",sininen,sininen,sininen,rgb,7,66,190,5,1,full,white,en,fi,2.1.2,
3a9448cc-119a-4aba-a8c3-182e00e0a998,fi,"Finnish (suomi, suomen kieli)",violetti,violetti,violetti,rgb,159,126,252,5,2,full,white,en,fi,2.1.2,
3a9448cc-119a-4aba-a8c3-182e00e0a998,fi,"Finnish (suomi, suomen kieli)",musta,musta,musta,rgb,53,40,40,5,4,full,white,en,fi,2.1.2,
3a9448cc-119a-4aba-a8c3-182e00e0a998,fi,"Finnish (suomi, suomen kieli)",turkoosi,turkoosi,turkoosi,rgb,4,164,176,5,5,full,white,en,fi,2.1.2,
3a9448cc-119a-4aba-a8c3-182e00e0a998,fi,"Finnish (suomi, suomen kieli)",pinkki,pinkki,pinkki,rgb,249,120,210,5,6,full,white,en,fi,2.1.2,
3a9448cc-119a-4aba-a8c3-182e00e0a998,fi,"Finnish (suomi, suomen kieli)",sininen,sininen,sininen,rgb,125,142,225,5,7,full,white,en,fi,2.1.2,
3a9448cc-119a-4aba-a8c3-182e00e0a998,fi,"Finnish (suomi, suomen kieli)",sininen,sininen,sininen,rgb,91,102,217,5,8,full,white,en,fi,2.1.2,
3a9448cc-119a-4aba-a8c3-182e00e0a998,fi,"Finnish (suomi, suomen kieli)",musta,musta,musta,rgb,72,50,80,5,9,full,white,en,fi,2.1.2,
3a9448cc-119a-4aba-a8c3-182e00e0a998,fi,"Finnish (suomi, suomen kieli)",vaaleansininen,vaaleansininen,vaaleansininen,rgb,108,177,227,5,10,full,white,en,fi,2.1.2,
3a9448cc-119a-4aba-a8c3-182e00e0a998,fi,"Finnish (suomi, suomen kieli)",violetti,violetti,violetti,rgb,179,130,215,5,11,full,white,en,fi,2.1.2,
8fd14b64-0e00-45e6-8fc0-ca6b889690bf,fi,"Finnish (suomi, suomen kieli)",punainen,punainen,punainen,rgb,204,40,78,1,0,full,white,en,en,2.1.2,
8fd14b64-0e00-45e6-8fc0-ca6b889690bf,fi,"Finnish (suomi, suomen kieli)",pinkki,pinkki,pinkki,rgb,252,108,155,1,1,full,white,en,en,2.1.2,
8fd14b64-0e00-45e6-8fc0-ca6b889690bf,fi,"Finnish (suomi, suomen kieli)",vihrea,vihreä,vihreä,rgb,158,228,98,1,2,full,white,en,en,2.1.2,
8fd14b64-0e00-45e6-8fc0-ca6b889690bf,fi,"Finnish (suomi, suomen kieli)",violetti,violetti,violetti,rgb,82,46,89,1,3,full,white,en,en,2.1.2,
8fd14b64-0e00-45e6-8fc0-ca6b889690bf,fi,"Finnish (suomi, suomen kieli)",turkoosi,turkoosi,turkoosi,rgb,137,207,211,1,4,full,white,en,en,2.1.2,
8fd14b64-0e00-45e6-8fc0-ca6b889690bf,fi,"Finnish (suomi, suomen kieli)",vaaleanpunainen,vaaleanpunainen,vaaleanpunainen,rgb,239,168,195,1,5,full,white,en,en,2.1.2,
8fd14b64-0e00-45e6-8fc0-ca6b889690bf,fi,"Finnish (suomi, suomen kieli)",violetti,violetti,violetti,rgb,125,40,120,1,6,full,white,en,en,2.1.2,
8fd14b64-0e00-45e6-8fc0-ca6b889690bf,fi,"Finnish (suomi, suomen kieli)",turkoosi,turkoosi,turkoosi,rgb,33,136,139,1,7,full,white,en,en,2.1.2,
8fd14b64-0e00-45e6-8fc0-ca6b889690bf,fi,"Finnish (suomi, suomen kieli)",violetti,violetti,violetti,rgb,197,132,201,1,8,full,white,en,en,2.1.2,
8fd14b64-0e00-45e6-8fc0-ca6b889690bf,fi,"Finnish (suomi, suomen kieli)",ruskea,ruskea,ruskea,rgb,147,92,75,1,9,full,white,en,en,2.1.2,
8fd14b64-0e00-45e6-8fc0-ca6b889690bf,fi,"Finnish (suomi, suomen kieli)",persikka,persikka,persikka,rgb,236,162,147,1,10,full,white,en,en,2.1.2,
8fd14b64-0e00-45e6-8fc0-ca6b889690bf,fi,"Finnish (suomi, suomen kieli)",vaaleanvihrea,vaaleanvihreä,vaaleanvihreä,rgb,197,231,140,1,11,full,white,en,en,2.1.2,
8fd14b64-0e00-45e6-8fc0-ca6b889690bf,fi,"Finnish (suomi, suomen kieli)",turkoosi,turkoosi,turkoosi,rgb,74,162,144,3,0,full,white,en,en,2.1.2,
8fd14b64-0e00-45e6-8fc0-ca6b889690bf,fi,"Finnish (suomi, suomen kieli)",tummankeltainen,tummankeltainen,tummankeltainen,rgb,195,188,101,3,1,full,white,en,en,2.1.2,
8fd14b64-0e00-45e6-8fc0-ca6b889690bf,fi,"Finnish (suomi, suomen kieli)",turkoosi,turkoosi,turkoosi,rgb,148,204,196,3,2,full,white,en,en,2.1.2,
8fd14b64-0e00-45e6-8fc0-ca6b889690bf,fi,"Finnish (suomi, suomen kieli)",vaaleanvioletti,vaaleanvioletti,vaaleanvioletti,rgb,153,137,168,3,3,full,white,en,en,2.1.2,
8fd14b64-0e00-45e6-8fc0-ca6b889690bf,fi,"Finnish (suomi, suomen kieli)",musta,musta,musta,rgb,4,26,1,3,4,full,white,en,en,2.1.2,
8fd14b64-0e00-45e6-8fc0-ca6b889690bf,fi,"Finnish (suomi, suomen kieli)",vaaleanvioletti,vaaleanvioletti,vaaleanvioletti,rgb,186,165,210,3,5,full,white,en,en,2.1.2,
8fd14b64-0e00-45e6-8fc0-ca6b889690bf,fi,"Finnish (suomi, suomen kieli)",violehtihkosininen,violehtihko sininen,violehtihko sininen,rgb,110,114,254,3,6,full,white,en,en,2.1.2,
8fd14b64-0e00-45e6-8fc0-ca6b889690bf,fi,"Finnish (suomi, suomen kieli)",oranssi,oranssi,oranssi,rgb,203,160,30,3,7,full,white,en,en,2.1.2,
8fd14b64-0e00-45e6-8fc0-ca6b889690bf,fi,"Finnish (suomi, suomen kieli)",violetti,violetti,violetti,rgb,130,41,135,3,8,full,white,en,en,2.1.2,
8fd14b64-0e00-45e6-8fc0-ca6b889690bf,fi,"Finnish (suomi, suomen kieli)",tummanvioletti,tummanvioletti,tummanvioletti,rgb,55,24,80,3,9,full,white,en,en,2.1.2,
8fd14b64-0e00-45e6-8fc0-ca6b889690bf,fi,"Finnish (suomi, suomen kieli)",violetti,violetti,violetti,rgb,192,113,207,3,10,full,white,en,en,2.1.2,
8fd14b64-0e00-45e6-8fc0-ca6b889690bf,fi,"Finnish (suomi, suomen kieli)",sininen,sininen,sininen,rgb,61,136,249,3,11,full,white,en,en,2.1.2,
8fd14b64-0e00-45e6-8fc0-ca6b889690bf,fi,"Finnish (suomi, suomen kieli)",hyvintummanvioletti,hyvin tumman violetti,hyvin tumman violetti,rgb,60,29,65,5,0,full,white,en,en,2.1.2,
8fd14b64-0e00-45e6-8fc0-ca6b889690bf,fi,"Finnish (suomi, suomen kieli)",punainen,punainen,punainen,rgb,194,104,127,5,1,full,white,en,en,2.1.2,
8fd14b64-0e00-45e6-8fc0-ca6b889690bf,fi,"Finnish (suomi, suomen kieli)",pinkki,pinkki,pinkki,rgb,228,25,186,5,2,full,white,en,en,2.1.2,
8fd14b64-0e00-45e6-8fc0-ca6b889690bf,fi,"Finnish (suomi, suomen kieli)",violetti,violetti,violetti,rgb,81,51,122,5,3,full,white,en,en,2.1.2,
8fd14b64-0e00-45e6-8fc0-ca6b889690bf,fi,"Finnish (suomi, suomen kieli)",violetti,violetti,violetti,rgb,173,149,238,5,4,full,white,en,en,2.1.2,
8fd14b64-0e00-45e6-8fc0-ca6b889690bf,fi,"Finnish (suomi, suomen kieli)",vihrea,vihreä,vihreä,rgb,158,186,118,5,5,full,white,en,en,2.1.2,
8fd14b64-0e00-45e6-8fc0-ca6b889690bf,fi,"Finnish (suomi, suomen kieli)",tummansininen,tummansininen,tummansininen,rgb,39,6,110,5,6,full,white,en,en,2.1.2,
8fd14b64-0e00-45e6-8fc0-ca6b889690bf,fi,"Finnish (suomi, suomen kieli)",vaaleanpunainen,vaaleanpunainen,vaaleanpunainen,rgb,224,145,201,5,7,full,white,en,en,2.1.2,
8fd14b64-0e00-45e6-8fc0-ca6b889690bf,fi,"Finnish (suomi, suomen kieli)",persikka,persikka,persikka,rgb,252,143,156,5,8,full,white,en,en,2.1.2,
8fd14b64-0e00-45e6-8fc0-ca6b889690bf,fi,"Finnish (suomi, suomen kieli)",harmaa,harmaa,harmaa,rgb,192,173,178,5,9,full,white,en,en,2.1.2,
8fd14b64-0e00-45e6-8fc0-ca6b889690bf,fi,"Finnish (suomi, suomen kieli)",vaaleanvioletti,vaaleanvioletti,vaaleanvioletti,rgb,189,165,208,5,10,full,white,en,en,2.1.2,
8fd14b64-0e00-45e6-8fc0-ca6b889690bf,fi,"Finnish (suomi, suomen kieli)",erittaintummansininen,erittäin tummansininen,erittäin tummansininen,rgb,3,7,59,5,11,full,white,en,en,2.1.2,
914c5bb0-9dfb-476a-8e23-eab414dc664f,fi,"Finnish (suomi, suomen kieli)",violetti,violetti,Violetti,p3,0.554689,0.432406,0.74798,1,0,full,white,en,fi,2.1.2,
914c5bb0-9dfb-476a-8e23-eab414dc664f,fi,"Finnish (suomi, suomen kieli)",sinapinkeltainen,sinapin keltainen,Sinapin keltainen,p3,0.74922,0.598387,0.006102,1,1,full,white,en,fi,2.1.2,
914c5bb0-9dfb-476a-8e23-eab414dc664f,fi,"Finnish (suomi, suomen kieli)",musta,musta,Musta,p3,0.00394,0.109527,0.09007,1,2,full,white,en,fi,2.1.2,
914c5bb0-9dfb-476a-8e23-eab414dc664f,fi,"Finnish (suomi, suomen kieli)",vihrea,vihreä,Vihreä,p3,0.511167,0.876058,0.39289,1,3,full,white,en,fi,2.1.2,
914c5bb0-9dfb-476a-8e23-eab414dc664f,fi,"Finnish (suomi, suomen kieli)",tummanliila,tumman liila,Tumman liila,p3,0.336266,0.202284,0.315178,1,4,full,white,en,fi,2.1.2,
914c5bb0-9dfb-476a-8e23-eab414dc664f,fi,"Finnish (suomi, suomen kieli)",oranssi,oranssi,Oranssi,p3,0.714504,0.376154,0.192481,1,5,full,white,en,fi,2.1.2,
914c5bb0-9dfb-476a-8e23-eab414dc664f,fi,"Finnish (suomi, suomen kieli)",ruskea,ruskea,Ruskea,p3,0.43068,0.253054,0.010029,1,6,full,white,en,fi,2.1.2,
914c5bb0-9dfb-476a-8e23-eab414dc664f,fi,"Finnish (suomi, suomen kieli)",fuksia,fuksia,Fuksia,p3,0.607552,0.065874,0.661948,1,7,full,white,en,fi,2.1.2,
914c5bb0-9dfb-476a-8e23-eab414dc664f,fi,"Finnish (suomi, suomen kieli)",vaaleaoranssi,vaalea oranssi,Vaalea oranssi,p3,0.896548,0.682942,0.426484,1,8,full,white,en,fi,2.1.2,
914c5bb0-9dfb-476a-8e23-eab414dc664f,fi,"Finnish (suomi, suomen kieli)",tummavioletti,tumma violetti,Tumma violetti,p3,0.301348,0.021875,0.452301,1,9,full,white,en,fi,2.1.2,
914c5bb0-9dfb-476a-8e23-eab414dc664f,fi,"Finnish (suomi, suomen kieli)",liila,liila,Liila,p3,0.594405,0.253214,0.505341,1,10,full,white,en,fi,2.1.2,
914c5bb0-9dfb-476a-8e23-eab414dc664f,fi,"Finnish (suomi, suomen kieli)",lohenpunainen,lohenpunainen,Lohenpunainen,p3,0.99221,0.344857,0.370391,1,11,full,white,en,fi,2.1.2,
914c5bb0-9dfb-476a-8e23-eab414dc664f,fi,"Finnish (suomi, suomen kieli)",neonpinkki,neon pinkki,Neon pinkki,p3,0.82424,0.231062,0.85645,3,0,full,white,en,fi,2.1.2,
914c5bb0-9dfb-476a-8e23-eab414dc664f,fi,"Finnish (suomi, suomen kieli)",neonvihrea,neon vihreä,Neon vihreä,p3,0.527613,0.985339,0.742048,3,1,full,white,en,fi,2.1.2,
914c5bb0-9dfb-476a-8e23-eab414dc664f,fi,"Finnish (suomi, suomen kieli)",vihreanharmaa,vihreän harmaa,Vihreän harmaa,p3,0.338775,0.381042,0.364336,3,2,full,white,en,fi,2.1.2,
914c5bb0-9dfb-476a-8e23-eab414dc664f,fi,"Finnish (suomi, suomen kieli)",laventeli,laventeli,Laventeli,p3,0.720888,0.748891,0.998797,3,3,full,white,en,fi,2.1.2,
914c5bb0-9dfb-476a-8e23-eab414dc664f,fi,"Finnish (suomi, suomen kieli)",pinkki,pinkki,Pinkki,p3,0.809914,0.537214,0.891057,3,4,full,white,en,fi,2.1.2,
914c5bb0-9dfb-476a-8e23-eab414dc664f,fi,"Finnish (suomi, suomen kieli)",liila,liila,Liila,p3,0.420841,0.279599,0.906413,3,5,full,white,en,fi,2.1.2,
914c5bb0-9dfb-476a-8e23-eab414dc664f,fi,"Finnish (suomi, suomen kieli)",tummansininen,tumman sininen,Tumman sininen,p3,0.028568,0.023044,0.278487,3,6,full,white,en,fi,2.1.2,
914c5bb0-9dfb-476a-8e23-eab414dc664f,fi,"Finnish (suomi, suomen kieli)",vaaleanvihrea,vaalean vihreä,Vaalean vihreä,p3,0.64539,0.760446,0.538584,3,7,full,white,en,fi,2.1.2,
914c5bb0-9dfb-476a-8e23-eab414dc664f,fi,"Finnish (suomi, suomen kieli)",keltainen,keltainen,Keltainen,p3,0.985678,0.898627,0.214854,3,8,full,white,en,fi,2.1.2,
914c5bb0-9dfb-476a-8e23-eab414dc664f,fi,"Finnish (suomi, suomen kieli)",sininen,sininen,Sininen,p3,0.380194,0.587432,0.832162,3,9,full,white,en,fi,2.1.2,
914c5bb0-9dfb-476a-8e23-eab414dc664f,fi,"Finnish (suomi, suomen kieli)",vihrea,vihreä,Vihreä,p3,0.159951,0.488984,0.151059,3,11,full,white,en,fi,2.1.2,
914c5bb0-9dfb-476a-8e23-eab414dc664f,fi,"Finnish (suomi, suomen kieli)",armeijanvihrea,armeijan vihreä,Armeijan vihreä,p3,0.138523,0.267501,0.118086,5,0,full,white,en,fi,2.1.2,
914c5bb0-9dfb-476a-8e23-eab414dc664f,fi,"Finnish (suomi, suomen kieli)",musta,musta,Musta,p3,0.073889,0.006748,0.045938,5,1,full,white,en,fi,2.1.2,
914c5bb0-9dfb-476a-8e23-eab414dc664f,fi,"Finnish (suomi, suomen kieli)",tummansininen,tumman sininen,Tumman sininen,p3,0.149449,0.160567,0.412509,5,2,full,white,en,fi,2.1.2,
914c5bb0-9dfb-476a-8e23-eab414dc664f,fi,"Finnish (suomi, suomen kieli)",vaaleanpunainen,vaaleanpunainen,Vaaleanpunainen,p3,0.923454,0.637837,0.736476,5,3,full,white,en,fi,2.1.2,
914c5bb0-9dfb-476a-8e23-eab414dc664f,fi,"Finnish (suomi, suomen kieli)",sahkonsininen,sähkönsininen,Sähkönsininen,p3,0.188797,0.309842,0.702033,5,4,full,white,en,fi,2.1.2,
914c5bb0-9dfb-476a-8e23-eab414dc664f,fi,"Finnish (suomi, suomen kieli)",beige,beige,Beige,p3,0.65213,0.550986,0.390463,5,5,full,white,en,fi,2.1.2,
914c5bb0-9dfb-476a-8e23-eab414dc664f,fi,"Finnish (suomi, suomen kieli)",tummanpunainen,tummanpunainen,Tummanpunainen,p3,0.665636,0.202384,0.248286,5,6,full,white,en,fi,2.1.2,
914c5bb0-9dfb-476a-8e23-eab414dc664f,fi,"Finnish (suomi, suomen kieli)",kirkkaanpunainen,kirkkaan punainen,Kirkkaan punainen,p3,0.854298,0.156644,0.144103,5,7,full,white,en,fi,2.1.2,
914c5bb0-9dfb-476a-8e23-eab414dc664f,fi,"Finnish (suomi, suomen kieli)",mannapuuro,mannapuuro,Mannapuuro,p3,0.534482,0.361409,0.377872,5,8,full,white,en,fi,2.1.2,
914c5bb0-9dfb-476a-8e23-eab414dc664f,fi,"Finnish (suomi, suomen kieli)",violetti,violetti,Violetti,p3,0.425149,0.090205,0.711389,5,9,full,white,en,fi,2.1.2,
914c5bb0-9dfb-476a-8e23-eab414dc664f,fi,"Finnish (suomi, suomen kieli)",turkoosi,turkoosi,Turkoosi,p3,0.196785,0.486968,0.547028,5,10,full,white,en,fi,2.1.2,
914c5bb0-9dfb-476a-8e23-eab414dc664f,fi,"Finnish (suomi, suomen kieli)",vaaleanturkoosi,vaalean turkoosi,Vaalean turkoosi,p3,0.499878,0.788296,0.815027,5,11,full,white,en,fi,2.1.2,
