participantId,langAbv,lang,name,standardized_entered_name,entered_name,colorSpace,r,g,b,trialNum,tileNum,rgbSet,background,instructionsLocale,browserLocale,studyVersion,originalLangAbv
4422,nl,"Dutch (Nederlands, Vlaams)",geel,geel,Geel,rgb,247,255,0,1,0,line,white,en,,1,
4422,nl,"Dutch (Nederlands, Vlaams)",oranje,oranje,Oranje,rgb,255,149,0,1,1,line,white,en,,1,
4422,nl,"Dutch (Nederlands, Vlaams)",donkeroranje,donkeroranje,Donkeroranje,rgb,255,83,0,1,3,line,white,en,,1,
4422,nl,"Dutch (Nederlands, Vlaams)",fluogroen,fluogroen,Fluogroen,rgb,0,255,121,1,4,line,white,en,,1,
4422,nl,"Dutch (Nederlands, Vlaams)",blauw,blauw,Blauw,rgb,0,142,255,1,5,line,white,en,,1,
4422,nl,"Dutch (Nederlands, Vlaams)",lichtgroen,lichtgroen,Lichtgroen,rgb,153,255,0,1,6,line,white,en,,1,
4422,nl,"Dutch (Nederlands, Vlaams)",donkerblauw,donkerblauw,Donkerblauw,rgb,66,0,255,1,7,line,white,en,,1,
4422,nl,"Dutch (Nederlands, Vlaams)",muntgroen,muntgroen,Muntgroen,rgb,0,255,179,1,8,line,white,en,,1,
4422,nl,"Dutch (Nederlands, Vlaams)",azuurblauw,azuurblauw,Azuurblauw,rgb,0,162,255,1,9,line,white,en,,1,
4422,nl,"Dutch (Nederlands, Vlaams)",turquoise,turquoise,Turquoise,rgb,0,255,212,1,10,line,white,en,,1,
4422,nl,"Dutch (Nederlands, Vlaams)",donkerroze,donkerroze,Donkerroze,rgb,255,0,140,1,11,line,white,en,,1,
4422,nl,"Dutch (Nederlands, Vlaams)",blauw,blauw,Blauw,rgb,0,129,255,3,0,line,white,en,,1,
4422,nl,"Dutch (Nederlands, Vlaams)",donkerblauw,donkerblauw,Donkerblauw,rgb,0,41,255,3,1,line,white,en,,1,
4422,nl,"Dutch (Nederlands, Vlaams)",azuurblauw,azuurblauw,Azuurblauw,rgb,0,199,255,3,2,line,white,en,,1,
4422,nl,"Dutch (Nederlands, Vlaams)",lichtblauw,lichtblauw,Lichtblauw,rgb,0,230,255,3,3,line,white,en,,1,
4422,nl,"Dutch (Nederlands, Vlaams)",paars,paars,Paars,rgb,162,0,255,3,5,line,white,en,,1,
4422,nl,"Dutch (Nederlands, Vlaams)",turquoise,turquoise,Turquoise,rgb,0,255,250,3,6,line,white,en,,1,
4422,nl,"Dutch (Nederlands, Vlaams)",rood,rood,Rood,rgb,255,0,40,3,7,line,white,en,,1,
4422,nl,"Dutch (Nederlands, Vlaams)",groengeel,groengeel,Groengeel,rgb,219,255,0,3,8,line,white,en,,1,
4422,nl,"Dutch (Nederlands, Vlaams)",marineblauw,marineblauw,Marineblauw,rgb,0,79,255,3,9,line,white,en,,1,
4422,nl,"Dutch (Nederlands, Vlaams)",paarsroze,paarsroze,Paarsroze,rgb,238,0,255,3,10,line,white,en,,1,
4422,nl,"Dutch (Nederlands, Vlaams)",baksteenrood,baksteenrood,Baksteenrood,rgb,255,55,0,3,11,line,white,en,,1,
4422,nl,"Dutch (Nederlands, Vlaams)",lavendelblauw,lavendelblauw,Lavendelblauw,rgb,0,110,255,6,0,line,white,en,,1,
4422,nl,"Dutch (Nederlands, Vlaams)",felrood,felrood,Felrood,rgb,255,0,89,6,1,line,white,en,,1,
4422,nl,"Dutch (Nederlands, Vlaams)",geel,geel,Geel,rgb,255,240,0,6,2,line,white,en,,1,
4422,nl,"Dutch (Nederlands, Vlaams)",muntgroen,muntgroen,Muntgroen,rgb,0,255,114,6,3,line,white,en,,1,
4422,nl,"Dutch (Nederlands, Vlaams)",paars,paars,Paars,rgb,193,0,255,6,5,line,white,en,,1,
4422,nl,"Dutch (Nederlands, Vlaams)",felgroen,felgroen,Felgroen,rgb,0,255,37,6,6,line,white,en,,1,
4422,nl,"Dutch (Nederlands, Vlaams)",azuurblauw,azuurblauw,Azuurblauw,rgb,0,227,255,6,7,line,white,en,,1,
4422,nl,"Dutch (Nederlands, Vlaams)",mosterdgeel,mosterdgeel,Mosterdgeel,rgb,255,205,0,6,8,line,white,en,,1,
4422,nl,"Dutch (Nederlands, Vlaams)",rood,rood,Rood,rgb,255,0,67,6,9,line,white,en,,1,
4422,nl,"Dutch (Nederlands, Vlaams)",oranje,oranje,Oranje,rgb,255,177,0,6,10,line,white,en,,1,
4422,nl,"Dutch (Nederlands, Vlaams)",lichtgroen,lichtgroen,Lichtgroen,rgb,107,255,0,6,11,line,white,en,,1,
4665,nl,"Dutch (Nederlands, Vlaams)",appelblauwzeegroen,appelblauw zeegroen,Appelblauw zeegroen,rgb,0,255,216,1,0,line,white,en,,1.1.2,
4665,nl,"Dutch (Nederlands, Vlaams)",roze,roze,Roze,rgb,255,0,157,1,1,line,white,en,,1.1.2,
4665,nl,"Dutch (Nederlands, Vlaams)",groen,groen,Groen,rgb,0,255,141,1,2,line,white,en,,1.1.2,
4665,nl,"Dutch (Nederlands, Vlaams)",oranje,oranje,Oranje,rgb,255,210,0,1,3,line,white,en,,1.1.2,
4665,nl,"Dutch (Nederlands, Vlaams)",paars,paars,Paars,rgb,255,0,253,1,4,line,white,en,,1.1.2,
4665,nl,"Dutch (Nederlands, Vlaams)",geel,geel,Geel,rgb,247,255,0,1,5,line,white,en,,1.1.2,
4665,nl,"Dutch (Nederlands, Vlaams)",blauw,blauw,Blauw,rgb,0,142,255,1,6,line,white,en,,1.1.2,
4665,nl,"Dutch (Nederlands, Vlaams)",blauw,blauw,Blauw,rgb,0,132,255,1,7,line,white,en,,1.1.2,
4665,nl,"Dutch (Nederlands, Vlaams)",paars,paars,Paars,rgb,160,0,255,1,8,line,white,en,,1.1.2,
4665,nl,"Dutch (Nederlands, Vlaams)",oranje,oranje,Oranje,rgb,255,166,0,1,9,line,white,en,,1.1.2,
4665,nl,"Dutch (Nederlands, Vlaams)",grasgroen,grasgroen,Grasgroen,rgb,180,255,0,1,10,line,white,en,,1.1.2,
4665,nl,"Dutch (Nederlands, Vlaams)",blauw,blauw,Blauw,rgb,0,104,255,1,11,line,white,en,,1.1.2,
4665,nl,"Dutch (Nederlands, Vlaams)",lichtblauw,licht blauw,Licht blauw,rgb,0,248,255,3,0,line,white,en,,1.1.2,
4665,nl,"Dutch (Nederlands, Vlaams)",donkerblauw,donker blauw,Donker blauw,rgb,71,0,255,3,1,line,white,en,,1.1.2,
4665,nl,"Dutch (Nederlands, Vlaams)",blauw,blauw,Blauw,rgb,0,166,255,3,2,line,white,en,,1.1.2,
4665,nl,"Dutch (Nederlands, Vlaams)",rood,rood,Rood,rgb,255,59,0,3,3,line,white,en,,1.1.2,
4665,nl,"Dutch (Nederlands, Vlaams)",mosterdgeel,mosterdgeel,Mosterdgeel,rgb,255,235,0,3,4,line,white,en,,1.1.2,
4665,nl,"Dutch (Nederlands, Vlaams)",grasgroen,grasgroen,Grasgroen,rgb,0,255,61,3,5,line,white,en,,1.1.2,
4665,nl,"Dutch (Nederlands, Vlaams)",roze,roze,Roze,rgb,255,0,234,3,6,line,white,en,,1.1.2,
4665,nl,"Dutch (Nederlands, Vlaams)",lichtblauw,licht blauw,Licht blauw,rgb,0,228,255,3,7,line,white,en,,1.1.2,
4665,nl,"Dutch (Nederlands, Vlaams)",donkerblauw,donker blauw,Donker blauw,rgb,0,55,255,3,8,line,white,en,,1.1.2,
4665,nl,"Dutch (Nederlands, Vlaams)",orchideerood,orchidee rood,Orchidee rood,rgb,255,0,127,3,9,line,white,en,,1.1.2,
4665,nl,"Dutch (Nederlands, Vlaams)",groengeel,groengeel,Groengeel,rgb,221,255,0,3,10,line,white,en,,1.1.2,
4665,nl,"Dutch (Nederlands, Vlaams)",oranje,oranje,Oranje,rgb,255,134,0,3,11,line,white,en,,1.1.2,
4665,nl,"Dutch (Nederlands, Vlaams)",appelblauwzeegroen,appelblauw zeegroen,Appelblauw zeegroen,rgb,0,255,225,6,0,line,white,en,,1.1.2,
4665,nl,"Dutch (Nederlands, Vlaams)",rood,rood,Rood,rgb,255,0,44,6,1,line,white,en,,1.1.2,
4665,nl,"Dutch (Nederlands, Vlaams)",grasgroen,grasgroen,Grasgroen,rgb,104,255,0,6,2,line,white,en,,1.1.2,
4665,nl,"Dutch (Nederlands, Vlaams)",lichtblauw,licht blauw,Licht blauw,rgb,0,194,255,6,3,line,white,en,,1.1.2,
4665,nl,"Dutch (Nederlands, Vlaams)",groen,groen,Groen,rgb,0,255,172,6,4,line,white,en,,1.1.2,
4665,nl,"Dutch (Nederlands, Vlaams)",donkerblauw,donker blauw,Donker blauw,rgb,0,69,255,6,5,line,white,en,,1.1.2,
4665,nl,"Dutch (Nederlands, Vlaams)",oranje,oranje,Oranje,rgb,255,94,0,6,6,line,white,en,,1.1.2,
4665,nl,"Dutch (Nederlands, Vlaams)",groen,groen,Groen,rgb,0,255,112,6,7,line,white,en,,1.1.2,
4665,nl,"Dutch (Nederlands, Vlaams)",rood,rood,Rood,rgb,255,0,92,6,8,line,white,en,,1.1.2,
4665,nl,"Dutch (Nederlands, Vlaams)",roze,roze,Roze,rgb,255,0,187,6,9,line,white,en,,1.1.2,
4665,nl,"Dutch (Nederlands, Vlaams)",rood,rood,Rood,rgb,255,0,50,6,10,line,white,en,,1.1.2,
4665,nl,"Dutch (Nederlands, Vlaams)",paars,paars,Paars,rgb,189,0,255,6,11,line,white,en,,1.1.2,
4671,nl,"Dutch (Nederlands, Vlaams)",roze,roze,roze,rgb,255,0,222,1,0,line,white,en,,1.1.2,
4671,nl,"Dutch (Nederlands, Vlaams)",magenta,magenta,magenta,rgb,255,0,114,1,1,line,white,en,,1.1.2,
4671,nl,"Dutch (Nederlands, Vlaams)",fluoriserendgroen,fluoriserend groen,fluoriserend groen,rgb,0,255,48,1,2,line,white,en,,1.1.2,
4671,nl,"Dutch (Nederlands, Vlaams)",paars,paars,paars,rgb,217,0,255,1,3,line,white,en,,1.1.2,
4671,nl,"Dutch (Nederlands, Vlaams)",rood,rood,rood,rgb,255,0,16,1,4,line,white,en,,1.1.2,
4671,nl,"Dutch (Nederlands, Vlaams)",geel,geel,geel,rgb,255,228,0,1,5,line,white,en,,1.1.2,
4671,nl,"Dutch (Nederlands, Vlaams)",lichtblauw,lichtblauw,lichtblauw,rgb,0,255,254,1,6,line,white,en,,1.1.2,
4671,nl,"Dutch (Nederlands, Vlaams)",donkerblauw,donkerblauw,donkerblauw,rgb,0,73,255,1,7,line,white,en,,1.1.2,
4671,nl,"Dutch (Nederlands, Vlaams)",zeegroen,zeegroen,zeegroen,rgb,0,255,189,1,8,line,white,en,,1.1.2,
4671,nl,"Dutch (Nederlands, Vlaams)",donkerroze,donkerroze,donkerroze,rgb,255,0,169,1,9,line,white,en,,1.1.2,
4671,nl,"Dutch (Nederlands, Vlaams)",oranjerood,oranjerood,oranjerood,rgb,255,31,0,1,10,line,white,en,,1.1.2,
4671,nl,"Dutch (Nederlands, Vlaams)",lichtgroen,lichtgroen,lichtgroen,rgb,174,255,0,1,11,line,white,en,,1.1.2,
4671,nl,"Dutch (Nederlands, Vlaams)",lichtblauw,lichtblauw,lichtblauw,rgb,0,255,217,3,0,line,white,en,,1.1.2,
4671,nl,"Dutch (Nederlands, Vlaams)",rood,rood,rood,rgb,255,0,53,3,1,line,white,en,,1.1.2,
4671,nl,"Dutch (Nederlands, Vlaams)",blauw,blauw,blauw,rgb,0,117,255,3,2,line,white,en,,1.1.2,
4671,nl,"Dutch (Nederlands, Vlaams)",oranje,oranje,oranje,rgb,255,159,0,3,3,line,white,en,,1.1.2,
4671,nl,"Dutch (Nederlands, Vlaams)",blauw,blauw,blauw,rgb,0,182,255,3,4,line,white,en,,1.1.2,
4671,nl,"Dutch (Nederlands, Vlaams)",lichtblauw,lichtblauw,lichtblauw,rgb,0,237,255,3,5,line,white,en,,1.1.2,
4671,nl,"Dutch (Nederlands, Vlaams)",donkerblauw,donkerblauw,donkerblauw,rgb,1,0,255,3,6,line,white,en,,1.1.2,
4671,nl,"Dutch (Nederlands, Vlaams)",geel,geel,geel,rgb,255,255,0,3,7,line,white,en,,1.1.2,
4671,nl,"Dutch (Nederlands, Vlaams)",lichtgroen,lichtgroen,lichtgroen,rgb,0,255,144,3,8,line,white,en,,1.1.2,
4671,nl,"Dutch (Nederlands, Vlaams)",blauw,blauw,blauw,rgb,0,158,255,3,9,line,white,en,,1.1.2,
4671,nl,"Dutch (Nederlands, Vlaams)",paars,paars,paars,rgb,159,0,255,3,10,line,white,en,,1.1.2,
4671,nl,"Dutch (Nederlands, Vlaams)",gifgroen,gifgroen,gifgroen,rgb,98,255,0,3,11,line,white,en,,1.1.2,
4671,nl,"Dutch (Nederlands, Vlaams)",lichtblauw,lichtblauw,lichtblauw,rgb,0,210,255,6,0,line,white,en,,1.1.2,
4671,nl,"Dutch (Nederlands, Vlaams)",lichtgeelgroen,lichtgeelgroen,lichtgeelgroen,rgb,196,255,0,6,1,line,white,en,,1.1.2,
4671,nl,"Dutch (Nederlands, Vlaams)",donkerblauw,donkerblauw,donkerblauw,rgb,0,66,255,6,2,line,white,en,,1.1.2,
4671,nl,"Dutch (Nederlands, Vlaams)",donkerblauw,donkerblauw,donkerblauw,rgb,0,91,255,6,3,line,white,en,,1.1.2,
4671,nl,"Dutch (Nederlands, Vlaams)",oranje,oranje,oranje,rgb,255,147,0,6,4,line,white,en,,1.1.2,
4671,nl,"Dutch (Nederlands, Vlaams)",rood,rood,rood,rgb,255,0,98,6,5,line,white,en,,1.1.2,
4671,nl,"Dutch (Nederlands, Vlaams)",donkerroze,donkerroze,donkerroze,rgb,255,0,194,6,6,line,white,en,,1.1.2,
4671,nl,"Dutch (Nederlands, Vlaams)",blauw,blauw,blauw,rgb,0,167,255,6,7,line,white,en,,1.1.2,
4671,nl,"Dutch (Nederlands, Vlaams)",oranjegeel,oranjegeel,oranjegeel,rgb,255,189,0,6,8,line,white,en,,1.1.2,
4671,nl,"Dutch (Nederlands, Vlaams)",lichtgroen,lichtgroen,lichtgroen,rgb,0,255,118,6,9,line,white,en,,1.1.2,
4671,nl,"Dutch (Nederlands, Vlaams)",lichtroodpaars,lichtroodpaars,lichtroodpaars,rgb,230,0,255,6,10,line,white,en,,1.1.2,
4671,nl,"Dutch (Nederlands, Vlaams)",oranje,oranje,oranje,rgb,255,113,0,6,11,line,white,en,,1.1.2,
4675,nl,"Dutch (Nederlands, Vlaams)",blauw,blauw,Blauw,rgb,0,127,255,1,0,line,white,en,,1.1.2,
4675,nl,"Dutch (Nederlands, Vlaams)",lichtblauw,lichtblauw,Lichtblauw,rgb,0,255,255,1,1,line,white,en,,1.1.2,
4675,nl,"Dutch (Nederlands, Vlaams)",donkerblauw,donkerblauw,Donkerblauw,rgb,0,77,255,1,2,line,white,en,,1.1.2,
4675,nl,"Dutch (Nederlands, Vlaams)",roze,roze,Roze,rgb,255,0,101,1,3,line,white,en,,1.1.2,
4675,nl,"Dutch (Nederlands, Vlaams)",zeegroen,zeegroen,Zeegroen,rgb,0,255,152,1,4,line,white,en,,1.1.2,
4675,nl,"Dutch (Nederlands, Vlaams)",geeloranje,geel oranje,Geel-oranje,rgb,255,193,0,1,5,line,white,en,,1.1.2,
4675,nl,"Dutch (Nederlands, Vlaams)",lichtgroen,licht groen,Licht groen,rgb,0,255,106,1,6,line,white,en,,1.1.2,
4675,nl,"Dutch (Nederlands, Vlaams)",donkerpaars,donker paars,Donker paars,rgb,110,0,255,1,7,line,white,en,,1.1.2,
4675,nl,"Dutch (Nederlands, Vlaams)",geel,geel,Geel,rgb,255,245,0,1,8,line,white,en,,1.1.2,
4675,nl,"Dutch (Nederlands, Vlaams)",rood,rood,Rood,rgb,255,61,0,1,9,line,white,en,,1.1.2,
4675,nl,"Dutch (Nederlands, Vlaams)",roodroze,rood roze,Rood roze,rgb,255,0,66,1,10,line,white,en,,1.1.2,
4675,nl,"Dutch (Nederlands, Vlaams)",turquause,turquause,Turquause,rgb,0,255,228,1,11,line,white,en,,1.1.2,
4675,nl,"Dutch (Nederlands, Vlaams)",lichtgroen,licht groen,Licht groen,rgb,0,255,77,3,0,line,white,en,,1.1.2,
4675,nl,"Dutch (Nederlands, Vlaams)",alggroen,alg groen,Alg groen,rgb,111,255,0,3,1,line,white,en,,1.1.2,
4675,nl,"Dutch (Nederlands, Vlaams)",roozerood,rooze rood,Rooze rood,rgb,255,0,159,3,2,line,white,en,,1.1.2,
4675,nl,"Dutch (Nederlands, Vlaams)",donkerblauw,donker blauw,Donker blauw,rgb,0,60,255,3,3,line,white,en,,1.1.2,
4675,nl,"Dutch (Nederlands, Vlaams)",zeeblauw,zee blauw,Zee blauw,rgb,0,189,255,3,4,line,white,en,,1.1.2,
4675,nl,"Dutch (Nederlands, Vlaams)",luchtvlauw,lucht vlauw,Lucht vlauw,rgb,0,174,255,3,5,line,white,en,,1.1.2,
4675,nl,"Dutch (Nederlands, Vlaams)",geelgroen,geel groen,Geel groen,rgb,218,255,0,3,6,line,white,en,,1.1.2,
4675,nl,"Dutch (Nederlands, Vlaams)",turquoisgroen,turquois groen,Turquois groen,rgb,0,255,160,3,7,line,white,en,,1.1.2,
4675,nl,"Dutch (Nederlands, Vlaams)",donkerblauw,donker blauw,Donker blauw,rgb,54,0,255,3,8,line,white,en,,1.1.2,
4675,nl,"Dutch (Nederlands, Vlaams)",roze,roze,Roze,rgb,255,0,241,3,9,line,white,en,,1.1.2,
4675,nl,"Dutch (Nederlands, Vlaams)",rozepaars,roze paars,Roze paars,rgb,246,0,255,3,10,line,white,en,,1.1.2,
4675,nl,"Dutch (Nederlands, Vlaams)",groengeel,groen geel,Groen geel,rgb,159,255,0,3,11,line,white,en,,1.1.2,
5376,nl,"Dutch (Nederlands, Vlaams)",blauw,blauw,Blauw,rgb,0,131,255,1,0,line,white,en,,1.1.2,
5376,nl,"Dutch (Nederlands, Vlaams)",rood,rood,Rood,rgb,255,0,20,1,1,line,white,en,,1.1.2,
5376,nl,"Dutch (Nederlands, Vlaams)",lichtgroen,licht groen,Licht groen,rgb,95,255,0,1,2,line,white,en,,1.1.2,
5376,nl,"Dutch (Nederlands, Vlaams)",groen,groen,Groen,rgb,0,255,95,1,3,line,white,en,,1.1.2,
5376,nl,"Dutch (Nederlands, Vlaams)",heellichtgroen,heel licht groen,Heel licht groen,rgb,136,255,0,1,4,line,white,en,,1.1.2,
5376,nl,"Dutch (Nederlands, Vlaams)",lichtblauw,licht blauw,Licht blauw,rgb,0,192,255,1,5,line,white,en,,1.1.2,
5376,nl,"Dutch (Nederlands, Vlaams)",heellichtblauw,heel licht blauw,Heel licht blauw,rgb,0,238,255,1,6,line,white,en,,1.1.2,
5376,nl,"Dutch (Nederlands, Vlaams)",rozr,rozr,Rozr,rgb,255,0,166,1,7,line,white,en,,1.1.2,
5376,nl,"Dutch (Nederlands, Vlaams)",hattemblauw,hattem blauw,Hattem blauw,rgb,0,75,255,1,8,line,white,en,,1.1.2,
5376,nl,"Dutch (Nederlands, Vlaams)",paara,paara,Paara,rgb,136,0,255,1,9,line,white,en,,1.1.2,
5376,nl,"Dutch (Nederlands, Vlaams)",keukengroen,keukengroen,Keukengroen,rgb,191,255,0,1,10,line,white,en,,1.1.2,
5376,nl,"Dutch (Nederlands, Vlaams)",oranje,oranje,Oranje,rgb,255,94,0,1,11,line,white,en,,1.1.2,
5376,nl,"Dutch (Nederlands, Vlaams)",felminu,fel minu,Fel minu,rgb,0,255,228,3,0,line,white,en,,1.1.2,
5376,nl,"Dutch (Nederlands, Vlaams)",felgroen,fel groen,Fel groen,rgb,0,255,174,3,1,line,white,en,,1.1.2,
5376,nl,"Dutch (Nederlands, Vlaams)",paarsroze,paars roze,Paars roze,rgb,255,0,240,3,2,line,white,en,,1.1.2,
5376,nl,"Dutch (Nederlands, Vlaams)",oker,oker,Oker,rgb,255,212,0,3,3,line,white,en,,1.1.2,
5376,nl,"Dutch (Nederlands, Vlaams)",geel,geel,Geel,rgb,255,235,0,3,4,line,white,en,,1.1.2,
5376,nl,"Dutch (Nederlands, Vlaams)",rozed,roze d,Roze d,rgb,255,0,196,3,5,line,white,en,,1.1.2,
5376,nl,"Dutch (Nederlands, Vlaams)",oranje2,oranje 2,Oranje 2,rgb,255,137,0,3,6,line,white,en,,1.1.2,
5376,nl,"Dutch (Nederlands, Vlaams)",roodhart,rood hart,Rood hart,rgb,255,23,0,3,7,line,white,en,,1.1.2,
5376,nl,"Dutch (Nederlands, Vlaams)",hemelsblau,hemelsblau,Hemelsblau,rgb,0,155,255,3,8,line,white,en,,1.1.2,
5376,nl,"Dutch (Nederlands, Vlaams)",kimgeel,kim geel,Kim geel,rgb,255,180,0,3,9,line,white,en,,1.1.2,
5376,nl,"Dutch (Nederlands, Vlaams)",babyblau,baby blau,Baby blau,rgb,0,113,255,3,10,line,white,en,,1.1.2,
5376,nl,"Dutch (Nederlands, Vlaams)",wolkblauw,wolk blauw,Wolk blauw,rgb,0,165,255,3,11,line,white,en,,1.1.2,
5376,nl,"Dutch (Nederlands, Vlaams)",q,q,Q,rgb,255,0,247,6,0,line,white,en,,1.1.2,
5376,nl,"Dutch (Nederlands, Vlaams)",r,r,R,rgb,0,255,219,6,1,line,white,en,,1.1.2,
5376,nl,"Dutch (Nederlands, Vlaams)",h,h,H,rgb,60,0,255,6,2,line,white,en,,1.1.2,
5376,nl,"Dutch (Nederlands, Vlaams)",t,t,T,rgb,255,0,72,6,3,line,white,en,,1.1.2,
5376,nl,"Dutch (Nederlands, Vlaams)",g,g,G,rgb,0,209,255,6,4,line,white,en,,1.1.2,
5376,nl,"Dutch (Nederlands, Vlaams)",b,b,B,rgb,0,43,255,6,5,line,white,en,,1.1.2,
5376,nl,"Dutch (Nederlands, Vlaams)",gr,gr,Gr,rgb,0,255,132,6,6,line,white,en,,1.1.2,
5376,nl,"Dutch (Nederlands, Vlaams)",hk,hk,Hk,rgb,186,0,255,6,7,line,white,en,,1.1.2,
5376,nl,"Dutch (Nederlands, Vlaams)",gk,gk,Gk,rgb,0,255,75,6,8,line,white,en,,1.1.2,
5376,nl,"Dutch (Nederlands, Vlaams)",ii,ii,Ii,rgb,255,0,132,6,9,line,white,en,,1.1.2,
5376,nl,"Dutch (Nederlands, Vlaams)",gik,gik,Gik,rgb,245,255,0,6,10,line,white,en,,1.1.2,
5376,nl,"Dutch (Nederlands, Vlaams)",ybm,ybm,Ybm,rgb,255,0,102,6,11,line,white,en,,1.1.2,
5399,nl,"Dutch (Nederlands, Vlaams)",blauw,blauw,blauw,rgb,0,190,255,3,0,line,white,en,,1.1.2,
5399,nl,"Dutch (Nederlands, Vlaams)",paars,paars,paars,rgb,255,0,248,3,1,line,white,en,,1.1.2,
5399,nl,"Dutch (Nederlands, Vlaams)",lichtgroen,lichtgroen,lichtgroen,rgb,0,255,50,3,2,line,white,en,,1.1.2,
5399,nl,"Dutch (Nederlands, Vlaams)",groen,groen,groen,rgb,0,255,154,3,3,line,white,en,,1.1.2,
5399,nl,"Dutch (Nederlands, Vlaams)",geel,geel,geel,rgb,255,237,0,3,4,line,white,en,,1.1.2,
5399,nl,"Dutch (Nederlands, Vlaams)",paars,paars,paars,rgb,183,0,255,3,5,line,white,en,,1.1.2,
5399,nl,"Dutch (Nederlands, Vlaams)",roze,roze,roze,rgb,255,0,154,3,6,line,white,en,,1.1.2,
5399,nl,"Dutch (Nederlands, Vlaams)",groengeel,groen geel,groen geel,rgb,175,255,0,3,7,line,white,en,,1.1.2,
5399,nl,"Dutch (Nederlands, Vlaams)",donkerblauw,donkerblauw,donkerblauw,rgb,0,57,255,3,8,line,white,en,,1.1.2,
5399,nl,"Dutch (Nederlands, Vlaams)",donkergeel,donkergeel,donkergeel,rgb,255,207,0,3,9,line,white,en,,1.1.2,
5399,nl,"Dutch (Nederlands, Vlaams)",groenblauw,groen blauw,groen blauw,rgb,0,255,159,3,10,line,white,en,,1.1.2,
5399,nl,"Dutch (Nederlands, Vlaams)",oranje,oranje,oranje,rgb,255,94,0,3,11,line,white,en,,1.1.2,
5399,nl,"Dutch (Nederlands, Vlaams)",groen,groen,groen,rgb,0,255,110,6,0,line,white,en,,1.1.2,
5399,nl,"Dutch (Nederlands, Vlaams)",lichtgroen,licht groen,licht groen,rgb,104,255,0,6,1,line,white,en,,1.1.2,
5399,nl,"Dutch (Nederlands, Vlaams)",donkerpaars,donker paars,donker paars,rgb,255,0,203,6,2,line,white,en,,1.1.2,
5399,nl,"Dutch (Nederlands, Vlaams)",rood,rood,rood,rgb,255,0,59,6,3,line,white,en,,1.1.2,
5399,nl,"Dutch (Nederlands, Vlaams)",paars,paars,paars,rgb,255,0,241,6,4,line,white,en,,1.1.2,
5399,nl,"Dutch (Nederlands, Vlaams)",blauw,blauw,blauw,rgb,32,0,255,6,5,line,white,en,,1.1.2,
5399,nl,"Dutch (Nederlands, Vlaams)",orangerood,orange rood,orange rood,rgb,255,54,0,6,6,line,white,en,,1.1.2,
5399,nl,"Dutch (Nederlands, Vlaams)",donkerblauw,donkerblauw,donkerblauw,rgb,0,67,255,6,7,line,white,en,,1.1.2,
5399,nl,"Dutch (Nederlands, Vlaams)",oranje,oranje,oranje,rgb,255,148,0,6,8,line,white,en,,1.1.2,
5399,nl,"Dutch (Nederlands, Vlaams)",lichtblauw,lichtblauw,lichtblauw,rgb,0,255,242,6,9,line,white,en,,1.1.2,
5399,nl,"Dutch (Nederlands, Vlaams)",groengeel,groen geel,groen geel,rgb,0,255,203,6,10,line,white,en,,1.1.2,
5399,nl,"Dutch (Nederlands, Vlaams)",lichtblauw,lichtblauw,lichtblauw,rgb,0,217,255,6,11,line,white,en,,1.1.2,
5481,nl,"Dutch (Nederlands, Vlaams)",yellow,yellow,yellow,rgb,255,249,0,1,0,line,white,en,,1.1.2,
5481,nl,"Dutch (Nederlands, Vlaams)",pink,pink,pink,rgb,255,0,103,1,1,line,white,en,,1.1.2,
5481,nl,"Dutch (Nederlands, Vlaams)",lightgreen,light green,light green,rgb,194,255,0,1,2,line,white,en,,1.1.2,
5481,nl,"Dutch (Nederlands, Vlaams)",turquoise,turquoise,turquoise,rgb,0,255,183,1,3,line,white,en,,1.1.2,
5481,nl,"Dutch (Nederlands, Vlaams)",orange,orange,orange,rgb,255,101,0,1,4,line,white,en,,1.1.2,
5481,nl,"Dutch (Nederlands, Vlaams)",red,red,red,rgb,255,0,38,1,5,line,white,en,,1.1.2,
5481,nl,"Dutch (Nederlands, Vlaams)",green,green,green,rgb,73,255,0,1,6,line,white,en,,1.1.2,
5481,nl,"Dutch (Nederlands, Vlaams)",lightblue,light blue,light blue,rgb,0,221,255,1,7,line,white,en,,1.1.2,
5481,nl,"Dutch (Nederlands, Vlaams)",turqois,turqois,turqois,rgb,0,255,203,1,8,line,white,en,,1.1.2,
5481,nl,"Dutch (Nederlands, Vlaams)",magenta,magenta,magenta,rgb,255,0,233,1,11,line,white,en,,1.1.2,
5481,nl,"Dutch (Nederlands, Vlaams)",blauw,blauw,blauw,rgb,0,60,255,3,0,line,white,en,,1.1.2,
5481,nl,"Dutch (Nederlands, Vlaams)",turkwaas,turkwaas,turkwaas,rgb,0,255,232,3,1,line,white,en,,1.1.2,
5481,nl,"Dutch (Nederlands, Vlaams)",gifgroen,gifgroen,gifgroen,rgb,0,255,78,3,2,line,white,en,,1.1.2,
5481,nl,"Dutch (Nederlands, Vlaams)",donkerpaars,donkerpaars,donkerpaars,rgb,106,0,255,3,3,line,white,en,,1.1.2,
5481,nl,"Dutch (Nederlands, Vlaams)",oranje,oranje,oranje,rgb,255,134,0,3,4,line,white,en,,1.1.2,
5481,nl,"Dutch (Nederlands, Vlaams)",lichtblauw,lichtblauw,lichtblauw,rgb,0,197,255,3,5,line,white,en,,1.1.2,
5481,nl,"Dutch (Nederlands, Vlaams)",lichtoranje,lichtoranje,lichtoranje,rgb,255,174,0,3,7,line,white,en,,1.1.2,
5481,nl,"Dutch (Nederlands, Vlaams)",paars,paars,paars,rgb,172,0,255,3,8,line,white,en,,1.1.2,
5481,nl,"Dutch (Nederlands, Vlaams)",zeeblauw,zeeblauw,zeeblauw,rgb,0,116,255,3,9,line,white,en,,1.1.2,
5481,nl,"Dutch (Nederlands, Vlaams)",blauwgroen,blauwgroen,blauwgroen,rgb,0,255,129,3,10,line,white,en,,1.1.2,
5481,nl,"Dutch (Nederlands, Vlaams)",donkerblauw,donkerblauw,donkerblauw,rgb,69,0,255,3,11,line,white,en,,1.1.2,
5481,nl,"Dutch (Nederlands, Vlaams)",roze,roze,roze,rgb,255,0,159,6,0,line,white,en,,1.1.2,
5481,nl,"Dutch (Nederlands, Vlaams)",lichtblauw,lichtblauw,lichtblauw,rgb,0,242,255,6,1,line,white,en,,1.1.2,
5481,nl,"Dutch (Nederlands, Vlaams)",rozerood,rozerood,rozerood,rgb,255,0,132,6,2,line,white,en,,1.1.2,
5481,nl,"Dutch (Nederlands, Vlaams)",donkerroze,donkerroze,donkerroze,rgb,255,0,176,6,3,line,white,en,,1.1.2,
5481,nl,"Dutch (Nederlands, Vlaams)",donkergeel,donkergeel,donkergeel,rgb,255,200,0,6,4,line,white,en,,1.1.2,
5481,nl,"Dutch (Nederlands, Vlaams)",lichtgroen,lichtgroen,lichtgroen,rgb,154,255,0,6,5,line,white,en,,1.1.2,
5481,nl,"Dutch (Nederlands, Vlaams)",paars,paars,paars,rgb,242,0,255,6,6,line,white,en,,1.1.2,
5481,nl,"Dutch (Nederlands, Vlaams)",donkerblauw,donkerblauw,donkerblauw,rgb,0,105,255,6,7,line,white,en,,1.1.2,
5481,nl,"Dutch (Nederlands, Vlaams)",blauw,blauw,blauw,rgb,0,171,255,6,8,line,white,en,,1.1.2,
5481,nl,"Dutch (Nederlands, Vlaams)",geel,geel,geel,rgb,255,225,0,6,9,line,white,en,,1.1.2,
5481,nl,"Dutch (Nederlands, Vlaams)",rood,rood,rood,rgb,255,0,51,6,10,line,white,en,,1.1.2,
5481,nl,"Dutch (Nederlands, Vlaams)",groen,groen,groen,rgb,0,255,59,6,11,line,white,en,,1.1.2,
5620,nl,"Dutch (Nederlands, Vlaams)",knalroze,knalroze,knalroze,rgb,255,0,174,1,0,line,white,en,,1.1.2,
5620,nl,"Dutch (Nederlands, Vlaams)",lichtturkoois,lichtturkoois,lichtturkoois,rgb,0,255,226,1,1,line,white,en,,1.1.2,
5620,nl,"Dutch (Nederlands, Vlaams)",oranje,oranje,oranje,rgb,255,80,0,1,2,line,white,en,,1.1.2,
5620,nl,"Dutch (Nederlands, Vlaams)",pauwblauw,pauwblauw,pauwblauw,rgb,64,0,255,1,3,line,white,en,,1.1.2,
5620,nl,"Dutch (Nederlands, Vlaams)",neongroen,neongroen,neongroen,rgb,0,255,73,1,4,line,white,en,,1.1.2,
5620,nl,"Dutch (Nederlands, Vlaams)",turkoois,turkoois,turkoois,rgb,0,215,255,1,5,line,white,en,,1.1.2,
5620,nl,"Dutch (Nederlands, Vlaams)",mintgroen,mintgroen,mintgroen,rgb,0,255,164,1,6,line,white,en,,1.1.2,
5620,nl,"Dutch (Nederlands, Vlaams)",magenta,magenta,magenta,rgb,254,0,255,1,7,line,white,en,,1.1.2,
5620,nl,"Dutch (Nederlands, Vlaams)",oranjegeel,oranjegeel,oranjegeel,rgb,255,175,0,1,8,line,white,en,,1.1.2,
5620,nl,"Dutch (Nederlands, Vlaams)",ietslichterpauwblauw,iets lichter pauwblauw,iets lichter pauwblauw,rgb,0,41,255,1,10,line,white,en,,1.1.2,
5620,nl,"Dutch (Nederlands, Vlaams)",paars,paars,paars,rgb,176,0,255,1,11,line,white,en,,1.1.2,
5620,nl,"Dutch (Nederlands, Vlaams)",oranje,oranje,oranje,rgb,255,103,0,3,0,line,white,en,,1.1.2,
5620,nl,"Dutch (Nederlands, Vlaams)",lichtgroen,lichtgroen,lichtgroen,rgb,0,255,140,3,1,line,white,en,,1.1.2,
5620,nl,"Dutch (Nederlands, Vlaams)",lentegroen,lentegroen,lentegroen,rgb,0,255,117,3,2,line,white,en,,1.1.2,
5620,nl,"Dutch (Nederlands, Vlaams)",magenta,magenta,magenta,rgb,255,0,216,3,3,line,white,en,,1.1.2,
5620,nl,"Dutch (Nederlands, Vlaams)",pauwblauw,pauwblauw,pauwblauw,rgb,0,70,255,3,4,line,white,en,,1.1.2,
5620,nl,"Dutch (Nederlands, Vlaams)",neongroen,neongroen,neongroen,rgb,100,255,0,3,5,line,white,en,,1.1.2,
5620,nl,"Dutch (Nederlands, Vlaams)",helderblauw,helderblauw,helderblauw,rgb,0,95,255,3,6,line,white,en,,1.1.2,
5620,nl,"Dutch (Nederlands, Vlaams)",paars,paars,paars,rgb,159,0,255,3,7,line,white,en,,1.1.2,
5620,nl,"Dutch (Nederlands, Vlaams)",kersenrood,kersenrood,kersenrood,rgb,255,0,69,3,8,line,white,en,,1.1.2,
5620,nl,"Dutch (Nederlands, Vlaams)",donkeroranjegeel,donker oranjegeel,donker oranjegeel,rgb,255,132,0,3,9,line,white,en,,1.1.2,
5620,nl,"Dutch (Nederlands, Vlaams)",knalroze,knalroze,knalroze,rgb,255,0,190,3,10,line,white,en,,1.1.2,
5620,nl,"Dutch (Nederlands, Vlaams)",helderrood,helderrood,helderrood,rgb,255,0,26,3,11,line,white,en,,1.1.2,
5620,nl,"Dutch (Nederlands, Vlaams)",goudgeel,goudgeel,goudgeel,rgb,255,232,0,6,0,line,white,en,,1.1.2,
5620,nl,"Dutch (Nederlands, Vlaams)",knalroze,knalroze,knalroze,rgb,255,0,127,6,1,line,white,en,,1.1.2,
5620,nl,"Dutch (Nederlands, Vlaams)",neongeel,neongeel,neongeel,rgb,255,249,0,6,2,line,white,en,,1.1.2,
5620,nl,"Dutch (Nederlands, Vlaams)",oranjegeel,oranjegeel,oranjegeel,rgb,255,202,0,6,3,line,white,en,,1.1.2,
5620,nl,"Dutch (Nederlands, Vlaams)",lichtturkoois,lichtturkoois,lichtturkoois,rgb,0,255,210,6,4,line,white,en,,1.1.2,
5620,nl,"Dutch (Nederlands, Vlaams)",hemelsblauw,hemelsblauw,hemelsblauw,rgb,0,187,255,6,5,line,white,en,,1.1.2,
5620,nl,"Dutch (Nederlands, Vlaams)",koningsblauw,koningsblauw,koningsblauw,rgb,0,139,255,6,6,line,white,en,,1.1.2,
5620,nl,"Dutch (Nederlands, Vlaams)",turkoois,turkoois,turkoois,rgb,0,236,255,6,7,line,white,en,,1.1.2,
5620,nl,"Dutch (Nederlands, Vlaams)",limoengeel,limoengeel,limoengeel,rgb,225,255,0,6,8,line,white,en,,1.1.2,
5620,nl,"Dutch (Nederlands, Vlaams)",middenblauw,middenblauw,middenblauw,rgb,0,131,255,6,9,line,white,en,,1.1.2,
5620,nl,"Dutch (Nederlands, Vlaams)",vergeetmenietblauw,vergeet me-niet blauw,vergeet-me-niet blauw,rgb,0,162,255,6,10,line,white,en,,1.1.2,
5620,nl,"Dutch (Nederlands, Vlaams)",neongroen,neongroen,neongroen,rgb,160,255,0,6,11,line,white,en,,1.1.2,
5725,nl,"Dutch (Nederlands, Vlaams)",blauw,blauw,blauw,rgb,0,242,255,1,0,line,white,en,,1.1.2,
5725,nl,"Dutch (Nederlands, Vlaams)",rood,rood,rood,rgb,255,0,89,1,1,line,white,en,,1.1.2,
5725,nl,"Dutch (Nederlands, Vlaams)",roze,roze,roze,rgb,255,0,125,1,2,line,white,en,,1.1.2,
5725,nl,"Dutch (Nederlands, Vlaams)",groen,groen,groen,rgb,59,255,0,1,3,line,white,en,,1.1.2,
5725,nl,"Dutch (Nederlands, Vlaams)",oranje,oranje,oranje,rgb,255,197,0,1,4,line,white,en,,1.1.2,
5725,nl,"Dutch (Nederlands, Vlaams)",oranje,oranje,oranje,rgb,255,221,0,1,5,line,white,en,,1.1.2,
5725,nl,"Dutch (Nederlands, Vlaams)",blauw,blauw,blauw,rgb,0,223,255,1,6,line,white,en,,1.1.2,
5725,nl,"Dutch (Nederlands, Vlaams)",geel,geel,geel,rgb,214,255,0,1,7,line,white,en,,1.1.2,
5725,nl,"Dutch (Nederlands, Vlaams)",geel,geel,geel,rgb,246,255,0,1,8,line,white,en,,1.1.2,
5725,nl,"Dutch (Nederlands, Vlaams)",oranje,oranje,oranje,rgb,255,96,0,1,9,line,white,en,,1.1.2,
5725,nl,"Dutch (Nederlands, Vlaams)",roze,roze,roze,rgb,255,0,206,1,10,line,white,en,,1.1.2,
5725,nl,"Dutch (Nederlands, Vlaams)",paars,paars,paars,rgb,146,0,255,1,11,line,white,en,,1.1.2,
5724,nl,"Dutch (Nederlands, Vlaams)",groen,groen,groen,rgb,179,255,0,1,0,line,white,en,,1.1.2,
5724,nl,"Dutch (Nederlands, Vlaams)",roze,roze,roze,rgb,255,0,163,1,1,line,white,en,,1.1.2,
5724,nl,"Dutch (Nederlands, Vlaams)",blauw,blauw,blauw,rgb,0,84,255,1,2,line,white,en,,1.1.2,
5724,nl,"Dutch (Nederlands, Vlaams)",roze,roze,roze,rgb,255,0,208,1,3,line,white,en,,1.1.2,
5724,nl,"Dutch (Nederlands, Vlaams)",blauw,blauw,blauw,rgb,57,0,255,1,4,line,white,en,,1.1.2,
5724,nl,"Dutch (Nederlands, Vlaams)",rood,rood,rood,rgb,255,0,67,1,5,line,white,en,,1.1.2,
5724,nl,"Dutch (Nederlands, Vlaams)",blauw,blauw,blauw,rgb,0,211,255,1,6,line,white,en,,1.1.2,
5724,nl,"Dutch (Nederlands, Vlaams)",groen,groen,groen,rgb,0,255,99,1,7,line,white,en,,1.1.2,
5724,nl,"Dutch (Nederlands, Vlaams)",appleblauwzeegroen,appleblauwzeegroen,appleblauwzeegroen,rgb,0,255,207,1,8,line,white,en,,1.1.2,
5724,nl,"Dutch (Nederlands, Vlaams)",blauw,blauw,blauw,rgb,0,56,255,1,9,line,white,en,,1.1.2,
5724,nl,"Dutch (Nederlands, Vlaams)",roze,roze,roze,rgb,255,0,219,1,10,line,white,en,,1.1.2,
5724,nl,"Dutch (Nederlands, Vlaams)",blauw,blauw,blauw,rgb,0,147,255,1,11,line,white,en,,1.1.2,
5725,nl,"Dutch (Nederlands, Vlaams)",roze,roze,roze,rgb,255,0,221,3,0,line,white,en,,1.1.2,
5725,nl,"Dutch (Nederlands, Vlaams)",groen,groen,groen,rgb,152,255,0,3,1,line,white,en,,1.1.2,
5725,nl,"Dutch (Nederlands, Vlaams)",groen,groen,groen,rgb,0,255,80,3,2,line,white,en,,1.1.2,
5725,nl,"Dutch (Nederlands, Vlaams)",appelblauwzeegroen,appelblauw zeegroen,appelblauw zeegroen,rgb,0,255,215,3,3,line,white,en,,1.1.2,
5725,nl,"Dutch (Nederlands, Vlaams)",blauw,blauw,blauw,rgb,0,73,255,3,4,line,white,en,,1.1.2,
5725,nl,"Dutch (Nederlands, Vlaams)",blauw,blauw,blauw,rgb,0,134,255,3,5,line,white,en,,1.1.2,
5725,nl,"Dutch (Nederlands, Vlaams)",blauw,blauw,blauw,rgb,0,178,255,3,6,line,white,en,,1.1.2,
5725,nl,"Dutch (Nederlands, Vlaams)",rood,rood,rood,rgb,255,0,31,3,7,line,white,en,,1.1.2,
5725,nl,"Dutch (Nederlands, Vlaams)",rood,rood,rood,rgb,255,0,70,3,8,line,white,en,,1.1.2,
5725,nl,"Dutch (Nederlands, Vlaams)",blauw,blauw,blauw,rgb,0,111,255,3,9,line,white,en,,1.1.2,
5725,nl,"Dutch (Nederlands, Vlaams)",rood,rood,rood,rgb,255,54,0,3,10,line,white,en,,1.1.2,
5725,nl,"Dutch (Nederlands, Vlaams)",groen,groen,groen,rgb,0,255,58,3,11,line,white,en,,1.1.2,
5725,nl,"Dutch (Nederlands, Vlaams)",groen,groen,groen,rgb,0,255,174,6,0,line,white,en,,1.1.2,
5725,nl,"Dutch (Nederlands, Vlaams)",roos,roos,roos,rgb,247,0,255,6,1,line,white,en,,1.1.2,
5725,nl,"Dutch (Nederlands, Vlaams)",blauw,blauw,blauw,rgb,0,42,255,6,2,line,white,en,,1.1.2,
5725,nl,"Dutch (Nederlands, Vlaams)",blauw,blauw,blauw,rgb,0,184,255,6,3,line,white,en,,1.1.2,
5725,nl,"Dutch (Nederlands, Vlaams)",oranje,oranje,oranje,rgb,255,175,0,6,4,line,white,en,,1.1.2,
5725,nl,"Dutch (Nederlands, Vlaams)",appelblauwzeegroen,appel blauw zeegroen,appel blauw zeegroen,rgb,0,255,244,6,5,line,white,en,,1.1.2,
5725,nl,"Dutch (Nederlands, Vlaams)",groen,groen,groen,rgb,0,255,151,6,6,line,white,en,,1.1.2,
5725,nl,"Dutch (Nederlands, Vlaams)",oranje,oranje,oranje,rgb,255,142,0,6,7,line,white,en,,1.1.2,
5725,nl,"Dutch (Nederlands, Vlaams)",paars,paars,paars,rgb,190,0,255,6,8,line,white,en,,1.1.2,
5725,nl,"Dutch (Nederlands, Vlaams)",blauw,blauw,blauw,rgb,0,148,255,6,9,line,white,en,,1.1.2,
5725,nl,"Dutch (Nederlands, Vlaams)",blauw,blauw,blauw,rgb,0,16,255,6,10,line,white,en,,1.1.2,
5725,nl,"Dutch (Nederlands, Vlaams)",roos,roos,roos,rgb,255,0,175,6,11,line,white,en,,1.1.2,
5715,nl,"Dutch (Nederlands, Vlaams)",groen,groen,groen,rgb,0,255,123,3,0,line,white,en,,1.1.2,
5715,nl,"Dutch (Nederlands, Vlaams)",rood,rood,rood,rgb,255,0,37,3,1,line,white,en,,1.1.2,
5715,nl,"Dutch (Nederlands, Vlaams)",groen,groen,groen,rgb,114,255,0,3,2,line,white,en,,1.1.2,
5715,nl,"Dutch (Nederlands, Vlaams)",rose,rose,rose,rgb,255,0,106,3,3,line,white,en,,1.1.2,
5715,nl,"Dutch (Nederlands, Vlaams)",donkerblauw,donker blauw,donker blauw,rgb,78,0,255,3,4,line,white,en,,1.1.2,
5715,nl,"Dutch (Nederlands, Vlaams)",lichtblauw,licht blauw,licht blauw,rgb,0,95,255,3,5,line,white,en,,1.1.2,
5715,nl,"Dutch (Nederlands, Vlaams)",oranje,oranje,oranje,rgb,255,164,0,3,6,line,white,en,,1.1.2,
5715,nl,"Dutch (Nederlands, Vlaams)",oranje,oranje,oranje,rgb,255,94,0,3,7,line,white,en,,1.1.2,
5715,nl,"Dutch (Nederlands, Vlaams)",oranje,oranje,oranje,rgb,255,48,0,3,8,line,white,en,,1.1.2,
5715,nl,"Dutch (Nederlands, Vlaams)",blauw,blauw,blauw,rgb,0,218,255,3,9,line,white,en,,1.1.2,
5715,nl,"Dutch (Nederlands, Vlaams)",appelblauwzeegroen,appelblauw zeegroen,appelblauw zeegroen,rgb,0,231,255,3,10,line,white,en,,1.1.2,
5715,nl,"Dutch (Nederlands, Vlaams)",paars,paars,paars,rgb,255,0,240,3,11,line,white,en,,1.1.2,
5715,nl,"Dutch (Nederlands, Vlaams)",paars,paars,paars,rgb,187,0,255,6,0,line,white,en,,1.1.2,
5715,nl,"Dutch (Nederlands, Vlaams)",groen,groen,groen,rgb,0,255,65,6,1,line,white,en,,1.1.2,
5715,nl,"Dutch (Nederlands, Vlaams)",blauw,blauw,blauw,rgb,0,43,255,6,2,line,white,en,,1.1.2,
5715,nl,"Dutch (Nederlands, Vlaams)",roze,roze,roze,rgb,255,0,129,6,3,line,white,en,,1.1.2,
5715,nl,"Dutch (Nederlands, Vlaams)",rood,rood,rood,rgb,255,0,77,6,4,line,white,en,,1.1.2,
5715,nl,"Dutch (Nederlands, Vlaams)",groen,groen,groen,rgb,172,255,0,6,5,line,white,en,,1.1.2,
5715,nl,"Dutch (Nederlands, Vlaams)",groen,groen,groen,rgb,0,255,99,6,6,line,white,en,,1.1.2,
5715,nl,"Dutch (Nederlands, Vlaams)",paars,paars,paars,rgb,107,0,255,6,7,line,white,en,,1.1.2,
5715,nl,"Dutch (Nederlands, Vlaams)",blauw,blauw,blauw,rgb,0,127,255,6,8,line,white,en,,1.1.2,
5715,nl,"Dutch (Nederlands, Vlaams)",groen,groen,groen,rgb,0,255,159,6,9,line,white,en,,1.1.2,
5715,nl,"Dutch (Nederlands, Vlaams)",blauw,blauw,blauw,rgb,0,174,255,6,10,line,white,en,,1.1.2,
5715,nl,"Dutch (Nederlands, Vlaams)",paars,paars,paars,rgb,255,0,247,6,11,line,white,en,,1.1.2,
5887,nl,"Dutch (Nederlands, Vlaams)",roze,roze,Roze,rgb,247,0,255,1,0,line,white,en,,1.1.2,
5887,nl,"Dutch (Nederlands, Vlaams)",oranje,oranje,Oranje,rgb,255,124,0,1,1,line,white,en,,1.1.2,
5887,nl,"Dutch (Nederlands, Vlaams)",oranje,oranje,Oranje,rgb,255,187,0,1,2,line,white,en,,1.1.2,
5887,nl,"Dutch (Nederlands, Vlaams)",paars,paars,Paars,rgb,200,0,255,1,3,line,white,en,,1.1.2,
5887,nl,"Dutch (Nederlands, Vlaams)",blauw,blauw,Blauw,rgb,0,144,255,1,4,line,white,en,,1.1.2,
5887,nl,"Dutch (Nederlands, Vlaams)",groen,groen,Groen,rgb,101,255,0,1,5,line,white,en,,1.1.2,
5887,nl,"Dutch (Nederlands, Vlaams)",rood,rood,Rood,rgb,255,0,44,1,6,line,white,en,,1.1.2,
5887,nl,"Dutch (Nederlands, Vlaams)",roze,roze,Roze,rgb,255,0,140,1,7,line,white,en,,1.1.2,
5887,nl,"Dutch (Nederlands, Vlaams)",rood,rood,Rood,rgb,255,83,0,1,8,line,white,en,,1.1.2,
5887,nl,"Dutch (Nederlands, Vlaams)",groen,groen,Groen,rgb,0,255,20,1,9,line,white,en,,1.1.2,
5887,nl,"Dutch (Nederlands, Vlaams)",roze,roze,Roze,rgb,255,0,164,1,10,line,white,en,,1.1.2,
5887,nl,"Dutch (Nederlands, Vlaams)",groen,groen,Groen,rgb,191,255,0,1,11,line,white,en,,1.1.2,
5887,nl,"Dutch (Nederlands, Vlaams)",turquoise,turquoise,turquoise,rgb,0,255,242,3,0,line,white,en,,1.1.2,
5887,nl,"Dutch (Nederlands, Vlaams)",turquoise,turquoise,turquoise,rgb,0,255,211,3,1,line,white,en,,1.1.2,
5887,nl,"Dutch (Nederlands, Vlaams)",groen,groen,groen,rgb,0,255,149,3,2,line,white,en,,1.1.2,
5887,nl,"Dutch (Nederlands, Vlaams)",groen,groen,groen,rgb,0,255,118,3,3,line,white,en,,1.1.2,
5887,nl,"Dutch (Nederlands, Vlaams)",blauw,blauw,blauw,rgb,0,190,255,3,4,line,white,en,,1.1.2,
5887,nl,"Dutch (Nederlands, Vlaams)",paars,paars,paars,rgb,162,0,255,3,5,line,white,en,,1.1.2,
5887,nl,"Dutch (Nederlands, Vlaams)",oranje,oranje,oranje,rgb,255,169,0,3,6,line,white,en,,1.1.2,
5887,nl,"Dutch (Nederlands, Vlaams)",blauw,blauw,blauw,rgb,0,213,255,3,7,line,white,en,,1.1.2,
5887,nl,"Dutch (Nederlands, Vlaams)",paars,paars,paars,rgb,68,0,255,3,8,line,white,en,,1.1.2,
5887,nl,"Dutch (Nederlands, Vlaams)",blauw,blauw,blauw,rgb,0,110,255,3,9,line,white,en,,1.1.2,
5887,nl,"Dutch (Nederlands, Vlaams)",roze,roze,roze,rgb,255,0,95,3,10,line,white,en,,1.1.2,
5887,nl,"Dutch (Nederlands, Vlaams)",blauw,blauw,blauw,rgb,0,47,255,3,11,line,white,en,,1.1.2,
5887,nl,"Dutch (Nederlands, Vlaams)",roze,roze,roze,rgb,255,0,194,6,0,line,white,en,,1.1.2,
5887,nl,"Dutch (Nederlands, Vlaams)",rood,rood,rood,rgb,255,0,55,6,1,line,white,en,,1.1.2,
5887,nl,"Dutch (Nederlands, Vlaams)",roze,roze,roze,rgb,255,0,241,6,2,line,white,en,,1.1.2,
5887,nl,"Dutch (Nederlands, Vlaams)",rood,rood,rood,rgb,255,73,0,6,3,line,white,en,,1.1.2,
5887,nl,"Dutch (Nederlands, Vlaams)",blauw,blauw,blauw,rgb,0,250,255,6,4,line,white,en,,1.1.2,
5887,nl,"Dutch (Nederlands, Vlaams)",oranje,oranje,oranje,rgb,255,218,0,6,5,line,white,en,,1.1.2,
5887,nl,"Dutch (Nederlands, Vlaams)",blauw,blauw,blauw,rgb,0,131,255,6,6,line,white,en,,1.1.2,
5887,nl,"Dutch (Nederlands, Vlaams)",blauw,blauw,blauw,rgb,0,76,255,6,7,line,white,en,,1.1.2,
5887,nl,"Dutch (Nederlands, Vlaams)",groen,groen,groen,rgb,0,255,185,6,8,line,white,en,,1.1.2,
5887,nl,"Dutch (Nederlands, Vlaams)",geel,geel,geel,rgb,237,255,0,6,9,line,white,en,,1.1.2,
5887,nl,"Dutch (Nederlands, Vlaams)",blauw,blauw,blauw,rgb,0,173,255,6,10,line,white,en,,1.1.2,
5887,nl,"Dutch (Nederlands, Vlaams)",groen,groen,groen,rgb,163,255,0,6,11,line,white,en,,1.1.2,
5954,nl,"Dutch (Nederlands, Vlaams)",grasgroen,grasgroen,grasgroen,rgb,97,255,0,1,0,line,white,en,,1.1.2,
5954,nl,"Dutch (Nederlands, Vlaams)",oranje,oranje,oranje,rgb,255,134,0,1,1,line,white,en,,1.1.2,
5954,nl,"Dutch (Nederlands, Vlaams)",oker,oker,oker,rgb,255,230,0,1,2,line,white,en,,1.1.2,
5954,nl,"Dutch (Nederlands, Vlaams)",turquoise,turquoise,turquoise,rgb,0,191,255,1,3,line,white,en,,1.1.2,
5954,nl,"Dutch (Nederlands, Vlaams)",oranje,oranje,oranje,rgb,255,174,0,1,4,line,white,en,,1.1.2,
5954,nl,"Dutch (Nederlands, Vlaams)",lila,lila,lila,rgb,255,0,210,1,5,line,white,en,,1.1.2,
5954,nl,"Dutch (Nederlands, Vlaams)",lila,lila,lila,rgb,255,0,213,1,6,line,white,en,,1.1.2,
5954,nl,"Dutch (Nederlands, Vlaams)",paars,paars,paars,rgb,144,0,255,1,7,line,white,en,,1.1.2,
5954,nl,"Dutch (Nederlands, Vlaams)",groen,groen,groen,rgb,0,255,91,1,8,line,white,en,,1.1.2,
5954,nl,"Dutch (Nederlands, Vlaams)",oranje,oranje,oranje,rgb,255,119,0,1,9,line,white,en,,1.1.2,
5954,nl,"Dutch (Nederlands, Vlaams)",geel,geel,geel,rgb,226,255,0,1,10,line,white,en,,1.1.2,
5954,nl,"Dutch (Nederlands, Vlaams)",blauw,blauw,blauw,rgb,0,81,255,1,11,line,white,en,,1.1.2,
5954,nl,"Dutch (Nederlands, Vlaams)",turquoise,turquoise,turquoise,rgb,0,255,163,3,0,line,white,en,,1.1.2,
5954,nl,"Dutch (Nederlands, Vlaams)",rood,rood,rood,rgb,255,0,68,3,1,line,white,en,,1.1.2,
5954,nl,"Dutch (Nederlands, Vlaams)",blauw,blauw,blauw,rgb,0,125,255,3,2,line,white,en,,1.1.2,
5954,nl,"Dutch (Nederlands, Vlaams)",paars,paars,paars,rgb,226,0,255,3,3,line,white,en,,1.1.2,
5954,nl,"Dutch (Nederlands, Vlaams)",oker,oker,oker,rgb,255,208,0,3,4,line,white,en,,1.1.2,
5954,nl,"Dutch (Nederlands, Vlaams)",oranjerood,oranjerood,oranjerood,rgb,255,56,0,3,5,line,white,en,,1.1.2,
5954,nl,"Dutch (Nederlands, Vlaams)",lichtblauw,lichtblauw,lichtblauw,rgb,0,227,255,3,6,line,white,en,,1.1.2,
5954,nl,"Dutch (Nederlands, Vlaams)",groen,groen,groen,rgb,32,255,0,3,7,line,white,en,,1.1.2,
5954,nl,"Dutch (Nederlands, Vlaams)",donkerblauw,donkerblauw,donkerblauw,rgb,0,31,255,3,8,line,white,en,,1.1.2,
5954,nl,"Dutch (Nederlands, Vlaams)",geel,geel,geel,rgb,255,248,0,3,9,line,white,en,,1.1.2,
5954,nl,"Dutch (Nederlands, Vlaams)",gifgroen,gifgroen,gifgroen,rgb,146,255,0,3,10,line,white,en,,1.1.2,
5954,nl,"Dutch (Nederlands, Vlaams)",blauw,blauw,blauw,rgb,0,106,255,3,11,line,white,en,,1.1.2,
5954,nl,"Dutch (Nederlands, Vlaams)",turquoise,turquoise,turquoise,rgb,0,239,255,6,0,line,white,en,,1.1.2,
5954,nl,"Dutch (Nederlands, Vlaams)",donkerblauw,donkerblauw,donkerblauw,rgb,0,44,255,6,1,line,white,en,,1.1.2,
5954,nl,"Dutch (Nederlands, Vlaams)",rood,rood,rood,rgb,255,0,41,6,2,line,white,en,,1.1.2,
5954,nl,"Dutch (Nederlands, Vlaams)",paars,paars,paars,rgb,255,0,88,6,3,line,white,en,,1.1.2,
5954,nl,"Dutch (Nederlands, Vlaams)",turquoise,turquoise,turquoise,rgb,0,255,213,6,4,line,white,en,,1.1.2,
5954,nl,"Dutch (Nederlands, Vlaams)",turquoise,turquoise,turquoise,rgb,0,255,248,6,5,line,white,en,,1.1.2,
5954,nl,"Dutch (Nederlands, Vlaams)",blauw,blauw,blauw,rgb,0,162,255,6,6,line,white,en,,1.1.2,
5954,nl,"Dutch (Nederlands, Vlaams)",lila,lila,lila,rgb,255,0,117,6,7,line,white,en,,1.1.2,
5954,nl,"Dutch (Nederlands, Vlaams)",paars,paars,paars,rgb,170,0,255,6,8,line,white,en,,1.1.2,
5954,nl,"Dutch (Nederlands, Vlaams)",blauw,blauw,blauw,rgb,0,144,255,6,9,line,white,en,,1.1.2,
5954,nl,"Dutch (Nederlands, Vlaams)",paars,paars,paars,rgb,255,0,168,6,10,line,white,en,,1.1.2,
5954,nl,"Dutch (Nederlands, Vlaams)",blauwgroen,blauwgroen,blauwgroen,rgb,0,255,142,6,11,line,white,en,,1.1.2,
5981,nl,"Dutch (Nederlands, Vlaams)",limoengroen,limoengroen,limoengroen,rgb,93,255,0,1,0,line,white,en,,1.1.2,
5981,nl,"Dutch (Nederlands, Vlaams)",middenblauw,middenblauw,middenblauw,rgb,0,147,255,1,1,line,white,en,,1.1.2,
5981,nl,"Dutch (Nederlands, Vlaams)",kanariegeel,kanariegeel,kanariegeel,rgb,255,244,0,1,2,line,white,en,,1.1.2,
5981,nl,"Dutch (Nederlands, Vlaams)",signaalrood,signaalrood,signaalrood,rgb,255,0,40,1,3,line,white,en,,1.1.2,
5981,nl,"Dutch (Nederlands, Vlaams)",mintgroen,mintgroen,mintgroen,rgb,0,255,150,1,4,line,white,en,,1.1.2,
5981,nl,"Dutch (Nederlands, Vlaams)",lichtoranje,lichtoranje,lichtoranje,rgb,255,159,0,1,5,line,white,en,,1.1.2,
5981,nl,"Dutch (Nederlands, Vlaams)",neonpaars,neonpaars,neonpaars,rgb,246,0,255,1,6,line,white,en,,1.1.2,
5981,nl,"Dutch (Nederlands, Vlaams)",turkoois,turkoois,turkoois,rgb,0,239,255,1,7,line,white,en,,1.1.2,
5981,nl,"Dutch (Nederlands, Vlaams)",knalroze,knalroze,knalroze,rgb,255,0,114,1,8,line,white,en,,1.1.2,
5981,nl,"Dutch (Nederlands, Vlaams)",neonblauw,neonblauw,NEONBLAUW,rgb,0,220,255,1,9,line,white,en,,1.1.2,
5981,nl,"Dutch (Nederlands, Vlaams)",neongoren,neongoren,neongoren,rgb,176,255,0,1,10,line,white,en,,1.1.2,
5981,nl,"Dutch (Nederlands, Vlaams)",magneenta,magneenta,magneenta,rgb,255,0,155,1,11,line,white,en,,1.1.2,
5981,nl,"Dutch (Nederlands, Vlaams)",shockingpink,shocking pink,shocking pink,rgb,255,0,197,3,0,line,white,en,,1.1.2,
5981,nl,"Dutch (Nederlands, Vlaams)",blauwpaars,blauwpaars,blauwpaars,rgb,118,0,255,3,1,line,white,en,,1.1.2,
5981,nl,"Dutch (Nederlands, Vlaams)",knaloranje,knaloranje,knaloranje,rgb,255,71,0,3,2,line,white,en,,1.1.2,
5981,nl,"Dutch (Nederlands, Vlaams)",blauw,blauw,blauw,rgb,0,9,255,3,3,line,white,en,,1.1.2,
5981,nl,"Dutch (Nederlands, Vlaams)",magenta,magenta,magenta,rgb,255,0,237,3,4,line,white,en,,1.1.2,
5981,nl,"Dutch (Nederlands, Vlaams)",kanariegeel,kanariegeel,kanariegeel,rgb,255,228,0,3,5,line,white,en,,1.1.2,
5981,nl,"Dutch (Nederlands, Vlaams)",pimpelplaars,pimpelplaars,pimpelplaars,rgb,186,0,255,3,6,line,white,en,,1.1.2,
5981,nl,"Dutch (Nederlands, Vlaams)",neonrood,neonrood,NEONROOD,rgb,255,0,79,3,7,line,white,en,,1.1.2,
5981,nl,"Dutch (Nederlands, Vlaams)",neongroen,neongroen,neongroen,rgb,193,255,0,3,8,line,white,en,,1.1.2,
5981,nl,"Dutch (Nederlands, Vlaams)",middenblauw,middenblauw,middenblauw,rgb,0,106,255,3,9,line,white,en,,1.1.2,
5981,nl,"Dutch (Nederlands, Vlaams)",koningsblauw,koningsblauw,koningsblauw,rgb,0,64,255,3,10,line,white,en,,1.1.2,
5981,nl,"Dutch (Nederlands, Vlaams)",oranje,oranje,oranje,rgb,255,117,0,3,11,line,white,en,,1.1.2,
5981,nl,"Dutch (Nederlands, Vlaams)",blauw,blauw,Blauw,rgb,0,125,255,6,0,line,white,en,,1.1.2,
5981,nl,"Dutch (Nederlands, Vlaams)",middenbaluw,middenbaluw,middenbaluw,rgb,0,175,255,6,1,line,white,en,,1.1.2,
5981,nl,"Dutch (Nederlands, Vlaams)",neongroen,neongroen,neongroen,rgb,0,255,48,6,2,line,white,en,,1.1.2,
5981,nl,"Dutch (Nederlands, Vlaams)",hemelsblauw,hemelsblauw,hemelsblauw,rgb,0,196,255,6,3,line,white,en,,1.1.2,
5981,nl,"Dutch (Nederlands, Vlaams)",neongroen,neongroen,neongroen,rgb,0,255,103,6,4,line,white,en,,1.1.2,
5981,nl,"Dutch (Nederlands, Vlaams)",turkoois,turkoois,turkoois,rgb,0,255,226,6,5,line,white,en,,1.1.2,
5981,nl,"Dutch (Nederlands, Vlaams)",mintgroen,mintgroen,mintgroen,rgb,0,255,198,6,6,line,white,en,,1.1.2,
5981,nl,"Dutch (Nederlands, Vlaams)",blauw,blauw,blauw,rgb,0,84,255,6,7,line,white,en,,1.1.2,
5981,nl,"Dutch (Nederlands, Vlaams)",knalroze,knalroze,knalroze,rgb,255,0,94,6,8,line,white,en,,1.1.2,
5981,nl,"Dutch (Nederlands, Vlaams)",donkergeeld,donkergeeld,donkergeeld,rgb,255,196,0,6,9,line,white,en,,1.1.2,
5981,nl,"Dutch (Nederlands, Vlaams)",gifgroen,gifgroen,gifgroen,rgb,0,255,159,6,10,line,white,en,,1.1.2,
5981,nl,"Dutch (Nederlands, Vlaams)",oranje,oranje,oranje,rgb,255,142,0,6,11,line,white,en,,1.1.2,
6103,nl,"Dutch (Nederlands, Vlaams)",blauw,blauw,blauw,rgb,0,200,255,3,0,line,white,en,,1.1.2,
6103,nl,"Dutch (Nederlands, Vlaams)",blauw,blauw,blauw,rgb,0,114,255,3,1,line,white,en,,1.1.2,
6103,nl,"Dutch (Nederlands, Vlaams)",paars,paars,paars,rgb,206,0,255,3,2,line,white,en,,1.1.2,
6103,nl,"Dutch (Nederlands, Vlaams)",rood,rood,rood,rgb,255,0,42,3,3,line,white,en,,1.1.2,
6103,nl,"Dutch (Nederlands, Vlaams)",blauw,blauw,blauw,rgb,0,144,255,3,4,line,white,en,,1.1.2,
6103,nl,"Dutch (Nederlands, Vlaams)",blauw,blauw,blauw,rgb,0,75,255,3,5,line,white,en,,1.1.2,
6103,nl,"Dutch (Nederlands, Vlaams)",groen,groen,groen,rgb,0,255,129,3,6,line,white,en,,1.1.2,
6103,nl,"Dutch (Nederlands, Vlaams)",roze,roze,roze,rgb,255,0,230,3,7,line,white,en,,1.1.2,
6103,nl,"Dutch (Nederlands, Vlaams)",oranje,oranje,oranje,rgb,255,126,0,3,8,line,white,en,,1.1.2,
6103,nl,"Dutch (Nederlands, Vlaams)",oranje,oranje,oranje,rgb,255,181,0,3,9,line,white,en,,1.1.2,
6103,nl,"Dutch (Nederlands, Vlaams)",geel,geel,geel,rgb,225,255,0,3,10,line,white,en,,1.1.2,
6103,nl,"Dutch (Nederlands, Vlaams)",groen,groen,groen,rgb,137,255,0,3,11,line,white,en,,1.1.2,
6103,nl,"Dutch (Nederlands, Vlaams)",groen,groen,groen,rgb,0,255,225,6,0,line,white,en,,1.1.2,
6103,nl,"Dutch (Nederlands, Vlaams)",rood,rood,rood,rgb,255,0,75,6,1,line,white,en,,1.1.2,
6103,nl,"Dutch (Nederlands, Vlaams)",roze,roze,roze,rgb,255,0,155,6,2,line,white,en,,1.1.2,
6103,nl,"Dutch (Nederlands, Vlaams)",geel,geel,geel,rgb,255,196,0,6,3,line,white,en,,1.1.2,
6103,nl,"Dutch (Nederlands, Vlaams)",geel,geel,geel,rgb,255,226,0,6,4,line,white,en,,1.1.2,
6103,nl,"Dutch (Nederlands, Vlaams)",rood,rood,rood,rgb,255,18,0,6,5,line,white,en,,1.1.2,
6103,nl,"Dutch (Nederlands, Vlaams)",blauw,blauw,blauw,rgb,0,65,255,6,6,line,white,en,,1.1.2,
6103,nl,"Dutch (Nederlands, Vlaams)",paars,paars,paars,rgb,232,0,255,6,7,line,white,en,,1.1.2,
6103,nl,"Dutch (Nederlands, Vlaams)",blauw,blauw,blauw,rgb,0,181,255,6,8,line,white,en,,1.1.2,
6103,nl,"Dutch (Nederlands, Vlaams)",rood,rood,rood,rgb,255,0,105,6,9,line,white,en,,1.1.2,
6103,nl,"Dutch (Nederlands, Vlaams)",groen,groen,groen,rgb,0,255,50,6,10,line,white,en,,1.1.2,
6103,nl,"Dutch (Nederlands, Vlaams)",groen,groen,groen,rgb,72,255,0,6,11,line,white,en,,1.1.2,
6232,nl,"Dutch (Nederlands, Vlaams)",koningsblauw,koningsblauw,Koningsblauw,rgb,0,66,255,1,0,line,white,en,,1.1.2,
6232,nl,"Dutch (Nederlands, Vlaams)",fellichtgroen,fel lichtgroen,Fel lichtgroen,rgb,0,255,48,1,1,line,white,en,,1.1.2,
6232,nl,"Dutch (Nederlands, Vlaams)",korenblauw,korenblauw,Korenblauw,rgb,0,114,255,1,2,line,white,en,,1.1.2,
6232,nl,"Dutch (Nederlands, Vlaams)",hemelsblauw,hemelsblauw,Hemelsblauw,rgb,0,157,255,1,3,line,white,en,,1.1.2,
6232,nl,"Dutch (Nederlands, Vlaams)",aqua,aqua,Aqua,rgb,0,224,255,1,4,line,white,en,,1.1.2,
6232,nl,"Dutch (Nederlands, Vlaams)",mintgroen,mintgroen,Mintgroen,rgb,0,255,178,1,5,line,white,en,,1.1.2,
6232,nl,"Dutch (Nederlands, Vlaams)",rood,rood,Rood,rgb,255,40,0,1,6,line,white,en,,1.1.2,
6232,nl,"Dutch (Nederlands, Vlaams)",maisgeel,maïsgeel,Maïsgeel,rgb,255,223,0,1,7,line,white,en,,1.1.2,
6232,nl,"Dutch (Nederlands, Vlaams)",mintgroen,mintgroen,Mintgroen,rgb,0,255,195,1,8,line,white,en,,1.1.2,
6232,nl,"Dutch (Nederlands, Vlaams)",rood,rood,Rood,rgb,255,0,78,1,9,line,white,en,,1.1.2,
6232,nl,"Dutch (Nederlands, Vlaams)",yveskleinblauw,yves kleinblauw,Yves Kleinblauw,rgb,0,18,255,1,10,line,white,en,,1.1.2,
6232,nl,"Dutch (Nederlands, Vlaams)",warmoranje,warm oranje,Warm oranje,rgb,255,102,0,1,11,line,white,en,,1.1.2,
6232,nl,"Dutch (Nederlands, Vlaams)",aqua,aqua,Aqua,rgb,0,252,255,3,0,line,white,en,,1.1.2,
6232,nl,"Dutch (Nederlands, Vlaams)",lichtbladgroen,licht bladgroen,Licht bladgroen,rgb,0,255,149,3,1,line,white,en,,1.1.2,
6232,nl,"Dutch (Nederlands, Vlaams)",fellichtgroen,fel lichtgroen,Fel lichtgroen,rgb,0,255,104,3,2,line,white,en,,1.1.2,
6232,nl,"Dutch (Nederlands, Vlaams)",paars,paars,Paars,rgb,227,0,255,3,3,line,white,en,,1.1.2,
6232,nl,"Dutch (Nederlands, Vlaams)",lichtaqua,licht aqua,Licht aqua,rgb,0,255,248,3,4,line,white,en,,1.1.2,
6232,nl,"Dutch (Nederlands, Vlaams)",lichtblauw,lichtblauw,Lichtblauw,rgb,0,198,255,3,5,line,white,en,,1.1.2,
6232,nl,"Dutch (Nederlands, Vlaams)",lichtoranje,lichtoranje,Lichtoranje,rgb,255,131,0,3,6,line,white,en,,1.1.2,
6232,nl,"Dutch (Nederlands, Vlaams)",donkerroze,donkerroze,Donkerroze,rgb,255,0,160,3,7,line,white,en,,1.1.2,
6232,nl,"Dutch (Nederlands, Vlaams)",rozerood,rozerood,Rozerood,rgb,255,0,129,3,8,line,white,en,,1.1.2,
6232,nl,"Dutch (Nederlands, Vlaams)",knalroze,knalroze,Knalroze,rgb,255,0,194,3,9,line,white,en,,1.1.2,
6232,nl,"Dutch (Nederlands, Vlaams)",korenblauw,korenblauw,Korenblauw,rgb,0,76,255,3,10,line,white,en,,1.1.2,
6232,nl,"Dutch (Nederlands, Vlaams)",hemelsblauw,hemelsblauw,Hemelsblauw,rgb,0,167,255,3,11,line,white,en,,1.1.2,
6232,nl,"Dutch (Nederlands, Vlaams)",koraalrood,koraalrood,Koraalrood,rgb,255,0,90,6,0,line,white,en,,1.1.2,
6232,nl,"Dutch (Nederlands, Vlaams)",korenblauw,korenblauw,Korenblauw,rgb,0,98,255,6,1,line,white,en,,1.1.2,
6232,nl,"Dutch (Nederlands, Vlaams)",oranje,oranje,Oranje,rgb,255,154,0,6,2,line,white,en,,1.1.2,
6232,nl,"Dutch (Nederlands, Vlaams)",donkerroze,donkerroze,Donkerroze,rgb,255,0,219,6,3,line,white,en,,1.1.2,
6232,nl,"Dutch (Nederlands, Vlaams)",oranjerood,oranjerood,Oranjerood,rgb,255,0,36,6,4,line,white,en,,1.1.2,
6232,nl,"Dutch (Nederlands, Vlaams)",citroengeel,citroengeel,Citroengeel,rgb,255,249,0,6,5,line,white,en,,1.1.2,
6232,nl,"Dutch (Nederlands, Vlaams)",pistachegroen,pistachegroen,Pistachegroen,rgb,118,255,0,6,6,line,white,en,,1.1.2,
6232,nl,"Dutch (Nederlands, Vlaams)",lichtgroen,lichtgroen,Lichtgroen,rgb,169,255,0,6,7,line,white,en,,1.1.2,
6232,nl,"Dutch (Nederlands, Vlaams)",paars,paars,Paars,rgb,162,0,255,6,8,line,white,en,,1.1.2,
6232,nl,"Dutch (Nederlands, Vlaams)",donkergeel,donkergeel,Donkergeel,rgb,255,207,0,6,9,line,white,en,,1.1.2,
6232,nl,"Dutch (Nederlands, Vlaams)",limoen,limoen,Limoen,rgb,218,255,0,6,10,line,white,en,,1.1.2,
6232,nl,"Dutch (Nederlands, Vlaams)",lichtpaars,lichtpaars,Lichtpaars,rgb,190,0,255,6,11,line,white,en,,1.1.2,
6869,nl,"Dutch (Nederlands, Vlaams)",blauw,blauw,Blauw,rgb,0,91,255,1,0,line,white,en,,1.1.2,
6869,nl,"Dutch (Nederlands, Vlaams)",kobalt,kobalt,Kobalt,rgb,0,4,255,1,1,line,white,en,,1.1.2,
6869,nl,"Dutch (Nederlands, Vlaams)",lichtblauw,lichtblauw,Lichtblauw,rgb,0,227,255,1,2,line,white,en,,1.1.2,
6869,nl,"Dutch (Nederlands, Vlaams)",blauwgroen,blauwgroen,Blauwgroen,rgb,0,255,255,1,3,line,white,en,,1.1.2,
6869,nl,"Dutch (Nederlands, Vlaams)",magenta,magenta,Magenta,rgb,255,0,211,1,4,line,white,en,,1.1.2,
6869,nl,"Dutch (Nederlands, Vlaams)",signaalrood,signaalrood,Signaalrood,rgb,255,0,48,1,5,line,white,en,,1.1.2,
6869,nl,"Dutch (Nederlands, Vlaams)",geel,geel,geel,rgb,255,217,0,1,6,line,white,en,,1.1.2,
6869,nl,"Dutch (Nederlands, Vlaams)",turquoise,turquoise,Turquoise,rgb,0,255,211,1,7,line,white,en,,1.1.2,
6869,nl,"Dutch (Nederlands, Vlaams)",rozerood,rozerood,Rozerood,rgb,255,0,81,1,8,line,white,en,,1.1.2,
6869,nl,"Dutch (Nederlands, Vlaams)",blauw,blauw,Blauw,rgb,0,95,255,1,9,line,white,en,,1.1.2,
6869,nl,"Dutch (Nederlands, Vlaams)",rood,rood,Rood,rgb,255,0,72,1,10,line,white,en,,1.1.2,
6869,nl,"Dutch (Nederlands, Vlaams)",paars,paars,Paars,rgb,109,0,255,1,11,line,white,en,,1.1.2,
6869,nl,"Dutch (Nederlands, Vlaams)",oranje,oranje,Oranje,rgb,255,98,0,3,0,line,white,en,,1.1.2,
6869,nl,"Dutch (Nederlands, Vlaams)",blauw,blauw,Blauw,rgb,0,129,255,3,1,line,white,en,,1.1.2,
6869,nl,"Dutch (Nederlands, Vlaams)",limoen,limoen,Limoen,rgb,145,255,0,3,2,line,white,en,,1.1.2,
6869,nl,"Dutch (Nederlands, Vlaams)",roze,roze,Roze,rgb,255,0,121,3,3,line,white,en,,1.1.2,
6869,nl,"Dutch (Nederlands, Vlaams)",rood,rood,Rood,rgb,255,33,0,3,4,line,white,en,,1.1.2,
6869,nl,"Dutch (Nederlands, Vlaams)",mint,mint,Mint,rgb,0,255,174,3,5,line,white,en,,1.1.2,
6869,nl,"Dutch (Nederlands, Vlaams)",citroen,citroen,Citroen,rgb,237,255,0,3,6,line,white,en,,1.1.2,
6869,nl,"Dutch (Nederlands, Vlaams)",groen,groen,Groen,rgb,0,255,81,3,7,line,white,en,,1.1.2,
6869,nl,"Dutch (Nederlands, Vlaams)",oranje,oranje,Oranje,rgb,255,152,0,3,8,line,white,en,,1.1.2,
6869,nl,"Dutch (Nederlands, Vlaams)",groen,groen,Groen,rgb,0,255,58,3,9,line,white,en,,1.1.2,
6869,nl,"Dutch (Nederlands, Vlaams)",groen,groen,Groen,rgb,117,255,0,3,10,line,white,en,,1.1.2,
6869,nl,"Dutch (Nederlands, Vlaams)",oranje,oranje,Oranje,rgb,255,184,0,3,11,line,white,en,,1.1.2,
6869,nl,"Dutch (Nederlands, Vlaams)",paars,paars,Paars,rgb,227,0,255,6,0,line,white,en,,1.1.2,
6869,nl,"Dutch (Nederlands, Vlaams)",oranje,oranje,Oranje,rgb,255,142,0,6,1,line,white,en,,1.1.2,
6869,nl,"Dutch (Nederlands, Vlaams)",groengeel,groengeel,Groengeel,rgb,212,255,0,6,2,line,white,en,,1.1.2,
6869,nl,"Dutch (Nederlands, Vlaams)",magenta,magenta,Magenta,rgb,255,0,199,6,3,line,white,en,,1.1.2,
6869,nl,"Dutch (Nederlands, Vlaams)",roze,roze,Roze,rgb,255,0,151,6,4,line,white,en,,1.1.2,
6869,nl,"Dutch (Nederlands, Vlaams)",turquoise,turquoise,Turquoise,rgb,0,255,254,6,5,line,white,en,,1.1.2,
6869,nl,"Dutch (Nederlands, Vlaams)",lichtblauw,lichtblauw,Lichtblauw,rgb,0,173,255,6,6,line,white,en,,1.1.2,
6869,nl,"Dutch (Nederlands, Vlaams)",lichtblauw,lichtblauw,Lichtblauw,rgb,0,151,255,6,7,line,white,en,,1.1.2,
6869,nl,"Dutch (Nederlands, Vlaams)",paars,paars,Paars,rgb,165,0,255,6,8,line,white,en,,1.1.2,
6869,nl,"Dutch (Nederlands, Vlaams)",lichtblauw,lichtblauw,Lichtblauw,rgb,0,192,255,6,9,line,white,en,,1.1.2,
6869,nl,"Dutch (Nederlands, Vlaams)",donkerblauw,donkerblauw,Donkerblauw,rgb,0,40,255,6,10,line,white,en,,1.1.2,
6869,nl,"Dutch (Nederlands, Vlaams)",mint,mint,Mint,rgb,0,255,153,6,11,line,white,en,,1.1.2,
7037,nl,"Dutch (Nederlands, Vlaams)",blauw,blauw,blauw,rgb,0,7,255,1,0,line,white,en,,1.1.2,
7037,nl,"Dutch (Nederlands, Vlaams)",rood,rood,rood,rgb,255,0,58,1,1,line,white,en,,1.1.2,
7037,nl,"Dutch (Nederlands, Vlaams)",groen,groen,groen,rgb,0,255,43,1,2,line,white,en,,1.1.2,
7037,nl,"Dutch (Nederlands, Vlaams)",blauw,blauw,blauw,rgb,0,124,255,1,3,line,white,en,,1.1.2,
7037,nl,"Dutch (Nederlands, Vlaams)",roos,roos,roos,rgb,255,0,81,1,4,line,white,en,,1.1.2,
7037,nl,"Dutch (Nederlands, Vlaams)",paars,paars,paars,rgb,217,0,255,1,5,line,white,en,,1.1.2,
7037,nl,"Dutch (Nederlands, Vlaams)",groen,groen,groen,rgb,90,255,0,1,6,line,white,en,,1.1.2,
7037,nl,"Dutch (Nederlands, Vlaams)",roos,roos,roos,rgb,255,0,153,1,7,line,white,en,,1.1.2,
7037,nl,"Dutch (Nederlands, Vlaams)",blauw,blauw,blauw,rgb,0,94,255,1,8,line,white,en,,1.1.2,
7037,nl,"Dutch (Nederlands, Vlaams)",groen,groen,groen,rgb,0,255,175,1,9,line,white,en,,1.1.2,
7037,nl,"Dutch (Nederlands, Vlaams)",blauw,blauw,blauw,rgb,0,187,255,1,10,line,white,en,,1.1.2,
7037,nl,"Dutch (Nederlands, Vlaams)",groen,groen,groen,rgb,170,255,0,1,11,line,white,en,,1.1.2,
7037,nl,"Dutch (Nederlands, Vlaams)",paars,paars,paars,rgb,255,0,204,3,0,line,white,en,,1.1.2,
7037,nl,"Dutch (Nederlands, Vlaams)",oranje,oranje,oranje,rgb,255,110,0,3,1,line,white,en,,1.1.2,
7037,nl,"Dutch (Nederlands, Vlaams)",oranje,oranje,oranje,rgb,255,151,0,3,2,line,white,en,,1.1.2,
7037,nl,"Dutch (Nederlands, Vlaams)",paars,paars,paars,rgb,255,0,236,3,3,line,white,en,,1.1.2,
7037,nl,"Dutch (Nederlands, Vlaams)",rood,rood,rood,rgb,255,74,0,3,4,line,white,en,,1.1.2,
7037,nl,"Dutch (Nederlands, Vlaams)",blauw,blauw,blauw,rgb,0,38,255,3,5,line,white,en,,1.1.2,
7037,nl,"Dutch (Nederlands, Vlaams)",blauw,blauw,blauw,rgb,0,178,255,3,6,line,white,en,,1.1.2,
7037,nl,"Dutch (Nederlands, Vlaams)",blauw,blauw,blauw,rgb,0,233,255,3,7,line,white,en,,1.1.2,
7037,nl,"Dutch (Nederlands, Vlaams)",blauw,blauw,blauw,rgb,0,255,232,3,8,line,white,en,,1.1.2,
7037,nl,"Dutch (Nederlands, Vlaams)",groen,groen,groen,rgb,0,255,198,3,9,line,white,en,,1.1.2,
7037,nl,"Dutch (Nederlands, Vlaams)",geel,geel,geel,rgb,255,190,0,3,10,line,white,en,,1.1.2,
7037,nl,"Dutch (Nederlands, Vlaams)",blauw,blauw,blauw,rgb,0,156,255,3,11,line,white,en,,1.1.2,
7037,nl,"Dutch (Nederlands, Vlaams)",blauw,blauw,blauw,rgb,0,222,255,6,0,line,white,en,,1.1.2,
7037,nl,"Dutch (Nederlands, Vlaams)",blauw,blauw,blauw,rgb,0,82,255,6,1,line,white,en,,1.1.2,
7037,nl,"Dutch (Nederlands, Vlaams)",geel,geel,geel,rgb,230,255,0,6,2,line,white,en,,1.1.2,
7037,nl,"Dutch (Nederlands, Vlaams)",paars,paars,paars,rgb,255,0,247,6,3,line,white,en,,1.1.2,
7037,nl,"Dutch (Nederlands, Vlaams)",geel,geel,geel,rgb,255,231,0,6,4,line,white,en,,1.1.2,
7037,nl,"Dutch (Nederlands, Vlaams)",paars,paars,paars,rgb,154,0,255,6,5,line,white,en,,1.1.2,
7037,nl,"Dutch (Nederlands, Vlaams)",geel,geel,geel,rgb,244,255,0,6,6,line,white,en,,1.1.2,
7037,nl,"Dutch (Nederlands, Vlaams)",paars,paars,paars,rgb,255,0,115,6,7,line,white,en,,1.1.2,
7037,nl,"Dutch (Nederlands, Vlaams)",groen,groen,groen,rgb,0,255,94,6,8,line,white,en,,1.1.2,
7037,nl,"Dutch (Nederlands, Vlaams)",oranje,oranje,oranje,rgb,255,163,0,6,9,line,white,en,,1.1.2,
7037,nl,"Dutch (Nederlands, Vlaams)",groen,groen,groen,rgb,0,255,154,6,10,line,white,en,,1.1.2,
7037,nl,"Dutch (Nederlands, Vlaams)",rood,rood,rood,rgb,255,0,28,6,11,line,white,en,,1.1.2,
7277,nl,"Dutch (Nederlands, Vlaams)",groen,groen,groen,rgb,191,255,0,1,0,line,white,en,,1.1.2,
7277,nl,"Dutch (Nederlands, Vlaams)",blauw,blauw,blauw,rgb,51,0,255,1,1,line,white,en,,1.1.2,
7277,nl,"Dutch (Nederlands, Vlaams)",groen,groen,groen,rgb,125,255,0,1,2,line,white,en,,1.1.2,
7277,nl,"Dutch (Nederlands, Vlaams)",zalm,zalm,zalm,rgb,255,77,0,1,3,line,white,en,,1.1.2,
7277,nl,"Dutch (Nederlands, Vlaams)",groen,groen,groen,rgb,0,255,50,1,4,line,white,en,,1.1.2,
7277,nl,"Dutch (Nederlands, Vlaams)",oranje,oranje,oranje,rgb,255,134,0,1,5,line,white,en,,1.1.2,
7277,nl,"Dutch (Nederlands, Vlaams)",blauw,blauw,blauw,rgb,0,137,255,1,6,line,white,en,,1.1.2,
7277,nl,"Dutch (Nederlands, Vlaams)",paars,paars,paars,rgb,255,0,186,1,7,line,white,en,,1.1.2,
7277,nl,"Dutch (Nederlands, Vlaams)",roze,roze,roze,rgb,255,0,131,1,8,line,white,en,,1.1.2,
7277,nl,"Dutch (Nederlands, Vlaams)",paars,paars,paars,rgb,239,0,255,1,9,line,white,en,,1.1.2,
7277,nl,"Dutch (Nederlands, Vlaams)",oranje,oranje,oranje,rgb,255,101,0,1,10,line,white,en,,1.1.2,
7277,nl,"Dutch (Nederlands, Vlaams)",groen,groen,groen,rgb,0,255,129,1,11,line,white,en,,1.1.2,
7277,nl,"Dutch (Nederlands, Vlaams)",paars,paars,paars,rgb,112,0,255,3,0,line,white,en,,1.1.2,
7277,nl,"Dutch (Nederlands, Vlaams)",zeeblauw,zeeblauw,zeeblauw,rgb,0,255,182,3,1,line,white,en,,1.1.2,
7277,nl,"Dutch (Nederlands, Vlaams)",groen,groen,groen,rgb,0,255,97,3,2,line,white,en,,1.1.2,
7277,nl,"Dutch (Nederlands, Vlaams)",blauw,blauw,blauw,rgb,0,254,255,3,3,line,white,en,,1.1.2,
7277,nl,"Dutch (Nederlands, Vlaams)",blauw,blauw,blauw,rgb,0,198,255,3,4,line,white,en,,1.1.2,
7277,nl,"Dutch (Nederlands, Vlaams)",blauw,blauw,blauw,rgb,0,255,244,3,5,line,white,en,,1.1.2,
7277,nl,"Dutch (Nederlands, Vlaams)",roze,roze,roze,rgb,255,0,80,3,6,line,white,en,,1.1.2,
7277,nl,"Dutch (Nederlands, Vlaams)",blauw,blauw,blauw,rgb,0,53,255,3,7,line,white,en,,1.1.2,
7277,nl,"Dutch (Nederlands, Vlaams)",roze,roze,roze,rgb,255,0,149,3,8,line,white,en,,1.1.2,
7277,nl,"Dutch (Nederlands, Vlaams)",blauw,blauw,blauw,rgb,0,161,255,3,9,line,white,en,,1.1.2,
7277,nl,"Dutch (Nederlands, Vlaams)",rood,rood,rood,rgb,255,0,3,3,10,line,white,en,,1.1.2,
7277,nl,"Dutch (Nederlands, Vlaams)",blauw,blauw,blauw,rgb,0,127,255,3,11,line,white,en,,1.1.2,
7277,nl,"Dutch (Nederlands, Vlaams)",paars,paars,paars,rgb,166,0,255,6,0,line,white,en,,1.1.2,
7277,nl,"Dutch (Nederlands, Vlaams)",geel,geel,geel,rgb,255,245,0,6,1,line,white,en,,1.1.2,
7277,nl,"Dutch (Nederlands, Vlaams)",blauw,blauw,blauw,rgb,0,224,255,6,2,line,white,en,,1.1.2,
7277,nl,"Dutch (Nederlands, Vlaams)",oranje,oranje,oranje,rgb,255,185,0,6,3,line,white,en,,1.1.2,
7277,nl,"Dutch (Nederlands, Vlaams)",oranje,oranje,oranje,rgb,255,175,0,6,4,line,white,en,,1.1.2,
7277,nl,"Dutch (Nederlands, Vlaams)",groen,groen,groen,rgb,177,255,0,6,5,line,white,en,,1.1.2,
7277,nl,"Dutch (Nederlands, Vlaams)",roze,roze,roze,rgb,255,0,89,6,6,line,white,en,,1.1.2,
7277,nl,"Dutch (Nederlands, Vlaams)",blauw,blauw,blauw,rgb,0,85,255,6,7,line,white,en,,1.1.2,
7277,nl,"Dutch (Nederlands, Vlaams)",blauw,blauw,blauw,rgb,0,99,255,6,8,line,white,en,,1.1.2,
7277,nl,"Dutch (Nederlands, Vlaams)",violet,violet,violet,rgb,255,0,224,6,9,line,white,en,,1.1.2,
7277,nl,"Dutch (Nederlands, Vlaams)",geel,geel,geel,rgb,255,231,0,6,10,line,white,en,,1.1.2,
7277,nl,"Dutch (Nederlands, Vlaams)",zeegroen,zeegroen,zeegroen,rgb,0,255,194,6,11,line,white,en,,1.1.2,
8768,nl,"Dutch (Nederlands, Vlaams)",azuurblauw,azuurblauw,Azuurblauw,rgb,58,0,255,3,0,line,white,en,,1.1.2,
8768,nl,"Dutch (Nederlands, Vlaams)",lichtblauw,lichtblauw,Lichtblauw,rgb,0,217,255,3,1,line,white,en,,1.1.2,
8768,nl,"Dutch (Nederlands, Vlaams)",oranje,oranje,Oranje,rgb,255,98,0,3,2,line,white,en,,1.1.2,
8768,nl,"Dutch (Nederlands, Vlaams)",rood,rood,Rood,rgb,255,0,83,3,3,line,white,en,,1.1.2,
8768,nl,"Dutch (Nederlands, Vlaams)",groen,groen,Groen,rgb,32,255,0,3,4,line,white,en,,1.1.2,
8768,nl,"Dutch (Nederlands, Vlaams)",lichtgroen,lichtgroen,Lichtgroen,rgb,0,255,167,3,5,line,white,en,,1.1.2,
8768,nl,"Dutch (Nederlands, Vlaams)",blauw,blauw,Blauw,rgb,0,253,255,3,6,line,white,en,,1.1.2,
8768,nl,"Dutch (Nederlands, Vlaams)",blauw,blauw,Blauw,rgb,0,49,255,3,7,line,white,en,,1.1.2,
8768,nl,"Dutch (Nederlands, Vlaams)",geel,geel,Geel,rgb,255,171,0,3,8,line,white,en,,1.1.2,
8768,nl,"Dutch (Nederlands, Vlaams)",roze,roze,Roze,rgb,255,0,162,3,9,line,white,en,,1.1.2,
8768,nl,"Dutch (Nederlands, Vlaams)",oranje,oranje,Oranje,rgb,255,124,0,3,10,line,white,en,,1.1.2,
8768,nl,"Dutch (Nederlands, Vlaams)",blauw,blauw,Blauw,rgb,0,97,255,3,11,line,white,en,,1.1.2,
8768,nl,"Dutch (Nederlands, Vlaams)",rood,rood,Rood,rgb,255,0,80,6,0,line,white,en,,1.1.2,
8768,nl,"Dutch (Nederlands, Vlaams)",paars,paars,Paars,rgb,202,0,255,6,1,line,white,en,,1.1.2,
8768,nl,"Dutch (Nederlands, Vlaams)",groen,groen,Groen,rgb,42,255,0,6,2,line,white,en,,1.1.2,
8768,nl,"Dutch (Nederlands, Vlaams)",paars,paars,Paars,rgb,253,0,255,6,3,line,white,en,,1.1.2,
8768,nl,"Dutch (Nederlands, Vlaams)",groen,groen,Groen,rgb,0,255,214,6,4,line,white,en,,1.1.2,
8768,nl,"Dutch (Nederlands, Vlaams)",groen,groen,Groen,rgb,0,255,236,6,5,line,white,en,,1.1.2,
8768,nl,"Dutch (Nederlands, Vlaams)",rood,rood,Rood,rgb,255,0,127,6,6,line,white,en,,1.1.2,
8768,nl,"Dutch (Nederlands, Vlaams)",blauw,blauw,Blauw,rgb,0,117,255,6,7,line,white,en,,1.1.2,
8768,nl,"Dutch (Nederlands, Vlaams)",goen,goen,Goen,rgb,139,255,0,6,8,line,white,en,,1.1.2,
8768,nl,"Dutch (Nederlands, Vlaams)",groen,groen,Groen,rgb,211,255,0,6,9,line,white,en,,1.1.2,
8768,nl,"Dutch (Nederlands, Vlaams)",groen,groen,Groen,rgb,0,255,78,6,10,line,white,en,,1.1.2,
8768,nl,"Dutch (Nederlands, Vlaams)",geel,geel,Geel,rgb,242,255,0,6,11,line,white,en,,1.1.2,
9143,nl,"Dutch (Nederlands, Vlaams)",magenta,magenta,magenta,rgb,255,0,167,1,0,line,white,en,,1.1.2,
9143,nl,"Dutch (Nederlands, Vlaams)",turquoise,turquoise,turquoise,rgb,0,208,255,1,1,line,white,en,,1.1.2,
9143,nl,"Dutch (Nederlands, Vlaams)",geel,geel,geel,rgb,247,255,0,1,3,line,white,en,,1.1.2,
9143,nl,"Dutch (Nederlands, Vlaams)",rood,rood,rood,rgb,255,0,71,1,4,line,white,en,,1.1.2,
9143,nl,"Dutch (Nederlands, Vlaams)",soortvanlila,soortvanlila,soortvanlila,rgb,241,0,255,1,5,line,white,en,,1.1.2,
9143,nl,"Dutch (Nederlands, Vlaams)",teal,teal,teal,rgb,0,196,255,1,6,line,white,en,,1.1.2,
9143,nl,"Dutch (Nederlands, Vlaams)",koningsblauw,koningsblauw,koningsblauw,rgb,0,37,255,1,7,line,white,en,,1.1.2,
9143,nl,"Dutch (Nederlands, Vlaams)",rareroze,rareroze,rareroze,rgb,255,0,194,1,8,line,white,en,,1.1.2,
9143,nl,"Dutch (Nederlands, Vlaams)",groen,groen,groen,rgb,0,255,67,1,10,line,white,en,,1.1.2,
9143,nl,"Dutch (Nederlands, Vlaams)",oker,oker,oker,rgb,255,223,0,1,11,line,white,en,,1.1.2,
9143,nl,"Dutch (Nederlands, Vlaams)",blauw,blauw,blauw,rgb,0,126,255,3,0,line,white,en,,1.1.2,
9143,nl,"Dutch (Nederlands, Vlaams)",oranjerood,oranjerood,oranjerood,rgb,255,95,0,3,1,line,white,en,,1.1.2,
9143,nl,"Dutch (Nederlands, Vlaams)",blauw,blauw,blauw,rgb,0,144,255,3,2,line,white,en,,1.1.2,
9143,nl,"Dutch (Nederlands, Vlaams)",groen,groen,groen,rgb,162,255,0,3,3,line,white,en,,1.1.2,
9143,nl,"Dutch (Nederlands, Vlaams)",lime,lime,lime,rgb,194,255,0,3,4,line,white,en,,1.1.2,
9143,nl,"Dutch (Nederlands, Vlaams)",turquoise,turquoise,turquoise,rgb,0,242,255,3,5,line,white,en,,1.1.2,
9143,nl,"Dutch (Nederlands, Vlaams)",geel,geel,geel,rgb,255,212,0,3,6,line,white,en,,1.1.2,
9143,nl,"Dutch (Nederlands, Vlaams)",mint,mint,mint,rgb,0,255,207,3,7,line,white,en,,1.1.2,
9143,nl,"Dutch (Nederlands, Vlaams)",blauw,blauw,blauw,rgb,0,79,255,3,8,line,white,en,,1.1.2,
9143,nl,"Dutch (Nederlands, Vlaams)",paars,paars,paars,rgb,174,0,255,3,9,line,white,en,,1.1.2,
9143,nl,"Dutch (Nederlands, Vlaams)",groen,groen,groen,rgb,0,255,106,3,10,line,white,en,,1.1.2,
9143,nl,"Dutch (Nederlands, Vlaams)",groen,groen,groen,rgb,0,255,137,3,11,line,white,en,,1.1.2,
9606,nl,"Dutch (Nederlands, Vlaams)",turquoise,turquoise,Turquoise,rgb,0,160,255,1,0,line,white,en,,1.1.2,
9606,nl,"Dutch (Nederlands, Vlaams)",sinaasappeloranje,sinaasappeloranje,sinaasappeloranje,rgb,255,163,0,1,1,line,white,en,,1.1.2,
9606,nl,"Dutch (Nederlands, Vlaams)",citroengeel,citroengeel,citroengeel,rgb,255,242,0,1,2,line,white,en,,1.1.2,
9606,nl,"Dutch (Nederlands, Vlaams)",felgroen,felgroen,felgroen,rgb,64,255,0,1,3,line,white,en,,1.1.2,
9606,nl,"Dutch (Nederlands, Vlaams)",limoengroen,limoengroen,Limoengroen,rgb,172,255,0,1,4,line,white,en,,1.1.2,
9606,nl,"Dutch (Nederlands, Vlaams)",appelblauwzeegroen,appelblauwzeegroen,appelblauwzeegroen,rgb,0,255,201,1,5,line,white,en,,1.1.2,
9606,nl,"Dutch (Nederlands, Vlaams)",magenta,magenta,magenta,rgb,255,0,226,1,6,line,white,en,,1.1.2,
9606,nl,"Dutch (Nederlands, Vlaams)",rood,rood,rood,rgb,255,90,0,1,7,line,white,en,,1.1.2,
9606,nl,"Dutch (Nederlands, Vlaams)",zeeblauw,zeeblauw,Zeeblauw,rgb,0,131,255,1,8,line,white,en,,1.1.2,
9606,nl,"Dutch (Nederlands, Vlaams)",oranjegeel,oranje geel,oranje-geel,rgb,255,202,0,1,9,line,white,en,,1.1.2,
9606,nl,"Dutch (Nederlands, Vlaams)",donkerblauw,donkerblauw,donkerblauw,rgb,90,0,255,1,10,line,white,en,,1.1.2,
9606,nl,"Dutch (Nederlands, Vlaams)",felblauw,felblauw,felblauw,rgb,0,93,255,1,11,line,white,en,,1.1.2,
9606,nl,"Dutch (Nederlands, Vlaams)",felgroen,felgroen,Felgroen,rgb,0,255,60,3,0,line,white,en,,1.1.2,
9606,nl,"Dutch (Nederlands, Vlaams)",hyacinthpaars,hyacinthpaars,hyacinthpaars,rgb,192,0,255,3,1,line,white,en,,1.1.2,
9606,nl,"Dutch (Nederlands, Vlaams)",oranje,oranje,oranje,rgb,255,152,0,3,2,line,white,en,,1.1.2,
9606,nl,"Dutch (Nederlands, Vlaams)",roodroze,rood roze,rood roze,rgb,255,0,96,3,3,line,white,en,,1.1.2,
9606,nl,"Dutch (Nederlands, Vlaams)",felblauw,felblauw,Felblauw,rgb,0,55,255,3,4,line,white,en,,1.1.2,
9606,nl,"Dutch (Nederlands, Vlaams)",citroengeel,citroengeel,citroengeel,rgb,239,255,0,3,5,line,white,en,,1.1.2,
9606,nl,"Dutch (Nederlands, Vlaams)",fletsgeel,fletsgeel,fletsgeel,rgb,217,255,0,3,6,line,white,en,,1.1.2,
9606,nl,"Dutch (Nederlands, Vlaams)",felluchtblauw,fel lucht blauw,fel lucht blauw,rgb,0,230,255,3,7,line,white,en,,1.1.2,
9606,nl,"Dutch (Nederlands, Vlaams)",appelblauwzeegroen,appelblauwzeegroen,appelblauwzeegroen,rgb,0,255,226,3,8,line,white,en,,1.1.2,
9606,nl,"Dutch (Nederlands, Vlaams)",felroze,fel roze,fel roze,rgb,255,0,159,3,9,line,white,en,,1.1.2,
9606,nl,"Dutch (Nederlands, Vlaams)",mintgroen,mintgroen,mintgroen,rgb,0,255,149,3,10,line,white,en,,1.1.2,
9606,nl,"Dutch (Nederlands, Vlaams)",blauwpaars,blauwpaars,blauwpaars,rgb,126,0,255,3,11,line,white,en,,1.1.2,
9606,nl,"Dutch (Nederlands, Vlaams)",felroze,fel roze,Fel Roze,rgb,255,0,180,6,0,line,white,en,,1.1.2,
9606,nl,"Dutch (Nederlands, Vlaams)",rozerood,roze rood,Roze rood,rgb,255,0,124,6,1,line,white,en,,1.1.2,
9606,nl,"Dutch (Nederlands, Vlaams)",zeeblauw,zeeblauw,zeeblauw,rgb,0,151,255,6,2,line,white,en,,1.1.2,
9606,nl,"Dutch (Nederlands, Vlaams)",felluchtblauw,fel lucht blauw,fel lucht blauw,rgb,0,242,255,6,3,line,white,en,,1.1.2,
9606,nl,"Dutch (Nederlands, Vlaams)",felblauw,fel blauw,Fel blauw,rgb,0,90,255,6,4,line,white,en,,1.1.2,
9606,nl,"Dutch (Nederlands, Vlaams)",felrood,fel rood,fel rood,rgb,255,0,37,6,5,line,white,en,,1.1.2,
9606,nl,"Dutch (Nederlands, Vlaams)",felgroen,fel groen,fel groen,rgb,0,255,112,6,6,line,white,en,,1.1.2,
9606,nl,"Dutch (Nederlands, Vlaams)",turquoise,turquoise,turquoise,rgb,0,189,255,6,7,line,white,en,,1.1.2,
9606,nl,"Dutch (Nederlands, Vlaams)",roodroze,rood roze,rood roze,rgb,255,0,60,6,8,line,white,en,,1.1.2,
9606,nl,"Dutch (Nederlands, Vlaams)",mintgroen,mint groen,mint groen,rgb,0,255,189,6,9,line,white,en,,1.1.2,
9606,nl,"Dutch (Nederlands, Vlaams)",magenta,magenta,magenta,rgb,236,0,255,6,10,line,white,en,,1.1.2,
9606,nl,"Dutch (Nederlands, Vlaams)",roodoranje,rood oranje,rood oranje,rgb,255,39,0,6,11,line,white,en,,1.1.2,
9829,nl,"Dutch (Nederlands, Vlaams)",blauw,blauw,blauw,rgb,0,175,255,1,0,line,white,en,,1.1.2,
9829,nl,"Dutch (Nederlands, Vlaams)",roze,roze,roze,rgb,255,0,186,1,1,line,white,en,,1.1.2,
9829,nl,"Dutch (Nederlands, Vlaams)",azuur,azuur,azuur,rgb,0,255,250,1,2,line,white,en,,1.1.2,
9829,nl,"Dutch (Nederlands, Vlaams)",blauw,blauw,blauw,rgb,0,205,255,1,3,line,white,en,,1.1.2,
9829,nl,"Dutch (Nederlands, Vlaams)",rood,rood,rood,rgb,255,0,91,1,4,line,white,en,,1.1.2,
9829,nl,"Dutch (Nederlands, Vlaams)",roze,roze,roze,rgb,255,0,140,1,5,line,white,en,,1.1.2,
9829,nl,"Dutch (Nederlands, Vlaams)",blauw,blauw,blauw,rgb,0,131,255,1,6,line,white,en,,1.1.2,
9829,nl,"Dutch (Nederlands, Vlaams)",paars,paars,paars,rgb,148,0,255,1,7,line,white,en,,1.1.2,
9829,nl,"Dutch (Nederlands, Vlaams)",blauw,blauw,blauw,rgb,0,84,255,1,8,line,white,en,,1.1.2,
9829,nl,"Dutch (Nederlands, Vlaams)",groen,groen,groen,rgb,0,255,162,1,9,line,white,en,,1.1.2,
9829,nl,"Dutch (Nederlands, Vlaams)",blauw,blauw,blauw,rgb,0,108,255,1,10,line,white,en,,1.1.2,
9829,nl,"Dutch (Nederlands, Vlaams)",groen,groen,groen,rgb,0,255,118,1,11,line,white,en,,1.1.2,
10240,nl,"Dutch (Nederlands, Vlaams)",donkeroranje,donkeroranje,donkeroranje,rgb,255,131,0,1,0,line,white,en,,1.1.2,
10240,nl,"Dutch (Nederlands, Vlaams)",groen,groen,groen,rgb,15,255,0,1,1,line,white,en,,1.1.2,
10240,nl,"Dutch (Nederlands, Vlaams)",blauw,blauw,blauw,rgb,0,99,255,1,2,line,white,en,,1.1.2,
10240,nl,"Dutch (Nederlands, Vlaams)",midlentegroen,midlentegroen,midlentegroen,rgb,0,255,167,1,3,line,white,en,,1.1.2,
10240,nl,"Dutch (Nederlands, Vlaams)",donkerviolet,donkerviolet,donkerviolet,rgb,147,0,255,1,4,line,white,en,,1.1.2,
10240,nl,"Dutch (Nederlands, Vlaams)",middenblauw,middenblauw,middenblauw,rgb,65,0,255,1,6,line,white,en,,1.1.2,
10240,nl,"Dutch (Nederlands, Vlaams)",grasgroen,grasgroen,grasgroen,rgb,90,255,0,1,7,line,white,en,,1.1.2,
10240,nl,"Dutch (Nederlands, Vlaams)",magenta,magenta,magenta,rgb,255,0,210,1,8,line,white,en,,1.1.2,
10240,nl,"Dutch (Nederlands, Vlaams)",diephemelsblauw,diep hemelsblauw,diep hemelsblauw,rgb,0,197,255,1,9,line,white,en,,1.1.2,
10240,nl,"Dutch (Nederlands, Vlaams)",fellerdieproze,feller dieproze,feller dieproze,rgb,255,0,132,1,10,line,white,en,,1.1.2,
10240,nl,"Dutch (Nederlands, Vlaams)",dieproze,dieproze,dieproze,rgb,255,0,144,1,11,line,white,en,,1.1.2,
10240,nl,"Dutch (Nederlands, Vlaams)",oranje,oranje,oranje,rgb,255,161,0,3,0,line,white,en,,1.1.2,
10240,nl,"Dutch (Nederlands, Vlaams)",geelgoud,geel goud,geel-goud,rgb,255,232,0,3,1,line,white,en,,1.1.2,
10240,nl,"Dutch (Nederlands, Vlaams)",groen,groen,groen,rgb,140,255,0,3,2,line,white,en,,1.1.2,
10240,nl,"Dutch (Nederlands, Vlaams)",rood,rood,rood,rgb,255,0,22,3,3,line,white,en,,1.1.2,
10240,nl,"Dutch (Nederlands, Vlaams)",donkeroranje,donkeroranje,donkeroranje,rgb,255,115,0,3,4,line,white,en,,1.1.2,
10240,nl,"Dutch (Nederlands, Vlaams)",magenta,magenta,magenta,rgb,237,0,255,3,5,line,white,en,,1.1.2,
10240,nl,"Dutch (Nederlands, Vlaams)",blauw,blauw,blauw,rgb,0,69,255,3,6,line,white,en,,1.1.2,
10240,nl,"Dutch (Nederlands, Vlaams)",middenblauw,middenblauw,middenblauw,rgb,0,39,255,3,7,line,white,en,,1.1.2,
10240,nl,"Dutch (Nederlands, Vlaams)",donkerviolet,donkerviolet,donkerviolet,rgb,164,0,255,3,8,line,white,en,,1.1.2,
10240,nl,"Dutch (Nederlands, Vlaams)",cyaan,cyaan,cyaan,rgb,0,255,202,3,9,line,white,en,,1.1.2,
10240,nl,"Dutch (Nederlands, Vlaams)",midlentegroen,midlentegroen,midlentegroen,rgb,0,255,152,3,10,line,white,en,,1.1.2,
10240,nl,"Dutch (Nederlands, Vlaams)",diephemelsblauw,diep hemelsblauw,diep hemelsblauw,rgb,0,158,255,3,11,line,white,en,,1.1.2,
10240,nl,"Dutch (Nederlands, Vlaams)",waterblauw,waterblauw,waterblauw,rgb,0,250,255,6,0,line,white,en,,1.1.2,
10240,nl,"Dutch (Nederlands, Vlaams)",groengeel,groengeel,groengeel,rgb,222,255,0,6,1,line,white,en,,1.1.2,
10240,nl,"Dutch (Nederlands, Vlaams)",geel,geel,geel,rgb,255,247,0,6,2,line,white,en,,1.1.2,
10240,nl,"Dutch (Nederlands, Vlaams)",roodroze,roodroze,roodroze,rgb,255,0,72,6,3,line,white,en,,1.1.2,
10240,nl,"Dutch (Nederlands, Vlaams)",donkerhemelsblauw,donker hemelsblauw,donker hemelsblauw,rgb,0,116,255,6,4,line,white,en,,1.1.2,
10240,nl,"Dutch (Nederlands, Vlaams)",rozerood,rozerood,rozerood,rgb,255,0,86,6,5,line,white,en,,1.1.2,
10240,nl,"Dutch (Nederlands, Vlaams)",lentegroen,lentegroen,lentegroen,rgb,0,255,119,6,6,line,white,en,,1.1.2,
10240,nl,"Dutch (Nederlands, Vlaams)",donkeroranje,donkeroranje,donkeroranje,rgb,255,60,0,6,7,line,white,en,,1.1.2,
10240,nl,"Dutch (Nederlands, Vlaams)",goud,goud,goud,rgb,255,209,0,6,8,line,white,en,,1.1.2,
10240,nl,"Dutch (Nederlands, Vlaams)",diephemelsblauw,diep hemelsblauw,diep hemelsblauw,rgb,0,165,255,6,9,line,white,en,,1.1.2,
10240,nl,"Dutch (Nederlands, Vlaams)",cyaan,cyaan,cyaan,rgb,0,255,236,6,10,line,white,en,,1.1.2,
10240,nl,"Dutch (Nederlands, Vlaams)",hemelsblauw,hemelsblauw,hemelsblauw,rgb,0,213,255,6,11,line,white,en,,1.1.2,
11372,nl,"Dutch (Nederlands, Vlaams)",lichtblauw/groen,licht blauw/groen,Licht blauw/groen,rgb,0,255,243,1,0,line,white,en,,1.1.3,
11372,nl,"Dutch (Nederlands, Vlaams)",blauwlichtachtig,blauw lichtachtig,Blauw lichtachtig,rgb,0,177,255,1,1,line,white,en,,1.1.3,
11372,nl,"Dutch (Nederlands, Vlaams)",lichtblauw,licht blauw,Licht blauw,rgb,0,234,255,1,2,line,white,en,,1.1.3,
11372,nl,"Dutch (Nederlands, Vlaams)",magenta,magenta,Magenta,rgb,255,0,137,1,3,line,white,en,,1.1.3,
11372,nl,"Dutch (Nederlands, Vlaams)",roze,roze,Roze,rgb,255,0,201,1,4,line,white,en,,1.1.3,
11372,nl,"Dutch (Nederlands, Vlaams)",blauw,blauw,Blauw,rgb,0,124,255,1,5,line,white,en,,1.1.3,
11372,nl,"Dutch (Nederlands, Vlaams)",oranje,oranje,Oranje,rgb,255,168,0,1,6,line,white,en,,1.1.3,
11372,nl,"Dutch (Nederlands, Vlaams)",lichtgroen/blauwachtig,licht groen/blauwachtig,Licht groen/blauwachtig,rgb,0,255,218,1,7,line,white,en,,1.1.3,
11372,nl,"Dutch (Nederlands, Vlaams)",donkerblauw,donker blauw,Donker blauw,rgb,0,44,255,1,8,line,white,en,,1.1.3,
11372,nl,"Dutch (Nederlands, Vlaams)",groen,groen,Groen,rgb,82,255,0,1,9,line,white,en,,1.1.3,
11372,nl,"Dutch (Nederlands, Vlaams)",donkerblauw2,donker blauw 2,Donker blauw 2,rgb,0,2,255,1,10,line,white,en,,1.1.3,
11372,nl,"Dutch (Nederlands, Vlaams)",rood,rood,Rood,rgb,255,45,0,1,11,line,white,en,,1.1.3,
11372,nl,"Dutch (Nederlands, Vlaams)",roze,roze,Roze,rgb,255,0,220,3,0,line,white,en,,1.1.3,
11372,nl,"Dutch (Nederlands, Vlaams)",rood,rood,Rood,rgb,255,0,22,3,1,line,white,en,,1.1.3,
11372,nl,"Dutch (Nederlands, Vlaams)",groen,groen,Groen,rgb,178,255,0,3,2,line,white,en,,1.1.3,
11372,nl,"Dutch (Nederlands, Vlaams)",geel,geel,Geel,rgb,255,231,0,3,3,line,white,en,,1.1.3,
11372,nl,"Dutch (Nederlands, Vlaams)",blauw,blauw,Blauw,rgb,0,100,255,3,4,line,white,en,,1.1.3,
11372,nl,"Dutch (Nederlands, Vlaams)",lichtachtigblauw,lichtachtig blauw,Lichtachtig blauw,rgb,0,138,255,3,5,line,white,en,,1.1.3,
11372,nl,"Dutch (Nederlands, Vlaams)",paars,paars,Paars,rgb,141,0,255,3,6,line,white,en,,1.1.3,
11372,nl,"Dutch (Nederlands, Vlaams)",oranje,oranje,Oranje,rgb,255,104,0,3,7,line,white,en,,1.1.3,
11372,nl,"Dutch (Nederlands, Vlaams)",groen/geel,groen/geel,Groen/geel,rgb,207,255,0,3,8,line,white,en,,1.1.3,
11372,nl,"Dutch (Nederlands, Vlaams)",rozeachtig,roze achtig,Roze-achtig,rgb,255,0,250,3,9,line,white,en,,1.1.3,
11372,nl,"Dutch (Nederlands, Vlaams)",lichtblauw,licht blauw,Licht blauw,rgb,0,204,255,3,10,line,white,en,,1.1.3,
11372,nl,"Dutch (Nederlands, Vlaams)",donkerderrood,donkerder rood,Donkerder rood,rgb,255,0,79,3,11,line,white,en,,1.1.3,
11372,nl,"Dutch (Nederlands, Vlaams)",mint,mint,Mint,rgb,0,255,150,6,0,line,white,en,,1.1.3,
11372,nl,"Dutch (Nederlands, Vlaams)",oranje,oranje,Oranje,rgb,255,197,0,6,1,line,white,en,,1.1.3,
11372,nl,"Dutch (Nederlands, Vlaams)",groen,groen,Groen,rgb,0,255,32,6,2,line,white,en,,1.1.3,
11372,nl,"Dutch (Nederlands, Vlaams)",paars,paars,Paars,rgb,179,0,255,6,3,line,white,en,,1.1.3,
11372,nl,"Dutch (Nederlands, Vlaams)",marineblauw,marine blauw,Marine blauw,rgb,0,84,255,6,4,line,white,en,,1.1.3,
11372,nl,"Dutch (Nederlands, Vlaams)",lichtmint,licht mint,Licht mint,rgb,0,255,160,6,5,line,white,en,,1.1.3,
11372,nl,"Dutch (Nederlands, Vlaams)",donkeroranje,donker oranje,Donker oranje,rgb,255,121,0,6,6,line,white,en,,1.1.3,
11372,nl,"Dutch (Nederlands, Vlaams)",donkerroze,donker roze,Donker roze,rgb,255,0,99,6,7,line,white,en,,1.1.3,
11372,nl,"Dutch (Nederlands, Vlaams)",geel,geel,Geel,rgb,239,255,0,6,8,line,white,en,,1.1.3,
11372,nl,"Dutch (Nederlands, Vlaams)",lichtblauw,licht blauw,Licht blauw,rgb,0,216,255,6,9,line,white,en,,1.1.3,
11372,nl,"Dutch (Nederlands, Vlaams)",roze,roze,Roze,rgb,255,0,155,6,10,line,white,en,,1.1.3,
11372,nl,"Dutch (Nederlands, Vlaams)",donkerdergroen,donkerder groen,Donkerder groen,rgb,0,255,112,6,11,line,white,en,,1.1.3,
11454,nl,"Dutch (Nederlands, Vlaams)",groen,groen,Groen,rgb,0,255,54,1,0,line,white,en,,1.1.3,
11454,nl,"Dutch (Nederlands, Vlaams)",oranje,oranje,Oranje,rgb,255,108,0,1,1,line,white,en,,1.1.3,
11454,nl,"Dutch (Nederlands, Vlaams)",geel,geel,Geel,rgb,255,255,0,1,2,line,white,en,,1.1.3,
11454,nl,"Dutch (Nederlands, Vlaams)",roze,roze,Roze,rgb,255,0,145,1,3,line,white,en,,1.1.3,
11454,nl,"Dutch (Nederlands, Vlaams)",blauw,blauw,Blauw,rgb,0,116,255,1,4,line,white,en,,1.1.3,
11454,nl,"Dutch (Nederlands, Vlaams)",roze,roze,roze,rgb,255,0,125,1,5,line,white,en,,1.1.3,
11454,nl,"Dutch (Nederlands, Vlaams)",oranje,oranje,oranje,rgb,255,123,0,1,6,line,white,en,,1.1.3,
11454,nl,"Dutch (Nederlands, Vlaams)",roze,roze,roze,rgb,255,0,205,1,7,line,white,en,,1.1.3,
11454,nl,"Dutch (Nederlands, Vlaams)",blauw,blauw,blauw,rgb,0,183,255,1,8,line,white,en,,1.1.3,
11454,nl,"Dutch (Nederlands, Vlaams)",groen,groen,groen,rgb,61,255,0,1,9,line,white,en,,1.1.3,
11454,nl,"Dutch (Nederlands, Vlaams)",turkoois,turkoois,turkoois,rgb,0,255,198,1,10,line,white,en,,1.1.3,
11454,nl,"Dutch (Nederlands, Vlaams)",paars,paars,paars,rgb,219,0,255,1,11,line,white,en,,1.1.3,
11454,nl,"Dutch (Nederlands, Vlaams)",turkoois,turkoois,Turkoois,rgb,0,255,166,3,0,line,white,en,,1.1.3,
11454,nl,"Dutch (Nederlands, Vlaams)",oranje,oranje,Oranje,rgb,255,189,0,3,1,line,white,en,,1.1.3,
11454,nl,"Dutch (Nederlands, Vlaams)",lichtblauw,lichtblauw,lichtblauw,rgb,0,255,253,3,2,line,white,en,,1.1.3,
11454,nl,"Dutch (Nederlands, Vlaams)",blauw,blauw,blauw,rgb,0,36,255,3,3,line,white,en,,1.1.3,
11454,nl,"Dutch (Nederlands, Vlaams)",blauw,blauw,blauw,rgb,90,0,255,3,4,line,white,en,,1.1.3,
11454,nl,"Dutch (Nederlands, Vlaams)",oranje,oranje,oranje,rgb,255,159,0,3,5,line,white,en,,1.1.3,
11454,nl,"Dutch (Nederlands, Vlaams)",rood,rood,rood,rgb,255,0,63,3,6,line,white,en,,1.1.3,
11454,nl,"Dutch (Nederlands, Vlaams)",blauw,blauw,blauw,rgb,0,156,255,3,7,line,white,en,,1.1.3,
11454,nl,"Dutch (Nederlands, Vlaams)",groen,groen,groen,rgb,177,255,0,3,8,line,white,en,,1.1.3,
11454,nl,"Dutch (Nederlands, Vlaams)",groen,groen,groen,rgb,0,255,105,3,9,line,white,en,,1.1.3,
11454,nl,"Dutch (Nederlands, Vlaams)",paars,paars,paars,rgb,124,0,255,3,10,line,white,en,,1.1.3,
11454,nl,"Dutch (Nederlands, Vlaams)",blauw,blauw,blauw,rgb,0,99,255,3,11,line,white,en,,1.1.3,
11454,nl,"Dutch (Nederlands, Vlaams)",paars,paars,paars,rgb,186,0,255,6,0,line,white,en,,1.1.3,
11454,nl,"Dutch (Nederlands, Vlaams)",lichtgroen,lichtgroen,lichtgroen,rgb,0,255,140,6,1,line,white,en,,1.1.3,
11454,nl,"Dutch (Nederlands, Vlaams)",lichtblauw,lichtblauw,lichtblauw,rgb,0,215,255,6,2,line,white,en,,1.1.3,
11454,nl,"Dutch (Nederlands, Vlaams)",rood,rood,rood,rgb,255,52,0,6,3,line,white,en,,1.1.3,
11454,nl,"Dutch (Nederlands, Vlaams)",limoen,limoen,limoen,rgb,220,255,0,6,4,line,white,en,,1.1.3,
11454,nl,"Dutch (Nederlands, Vlaams)",blauw,blauw,blauw,rgb,0,179,255,6,6,line,white,en,,1.1.3,
11454,nl,"Dutch (Nederlands, Vlaams)",rood,rood,rood,rgb,255,0,36,6,7,line,white,en,,1.1.3,
11454,nl,"Dutch (Nederlands, Vlaams)",turkoois,turkoois,turkoois,rgb,0,252,255,6,8,line,white,en,,1.1.3,
11454,nl,"Dutch (Nederlands, Vlaams)",donkerroze,donkerroze,donkerroze,rgb,255,0,85,6,9,line,white,en,,1.1.3,
11454,nl,"Dutch (Nederlands, Vlaams)",blauw,blauw,blauw,rgb,0,72,255,6,10,line,white,en,,1.1.3,
11454,nl,"Dutch (Nederlands, Vlaams)",geel,geel,geel,rgb,255,236,0,6,11,line,white,en,,1.1.3,
11529,nl,"Dutch (Nederlands, Vlaams)",lichtblauw,lichtblauw,lichtblauw,rgb,0,165,255,1,0,line,white,en,,1.1.3,
11529,nl,"Dutch (Nederlands, Vlaams)",groen,groen,groen,rgb,0,255,132,1,1,line,white,en,,1.1.3,
11529,nl,"Dutch (Nederlands, Vlaams)",paars,paars,paars,rgb,255,0,175,1,2,line,white,en,,1.1.3,
11529,nl,"Dutch (Nederlands, Vlaams)",gelig,gelig,gelig,rgb,255,182,0,1,3,line,white,en,,1.1.3,
11529,nl,"Dutch (Nederlands, Vlaams)",oranje,oranje,oranje,rgb,255,131,0,1,4,line,white,en,,1.1.3,
11529,nl,"Dutch (Nederlands, Vlaams)",paars,paars,paars,rgb,255,0,142,1,5,line,white,en,,1.1.3,
11529,nl,"Dutch (Nederlands, Vlaams)",blauw,blauw,blauw,rgb,0,113,255,1,6,line,white,en,,1.1.3,
11529,nl,"Dutch (Nederlands, Vlaams)",turquoise,turquoise,turquoise,rgb,0,255,232,1,7,line,white,en,,1.1.3,
11529,nl,"Dutch (Nederlands, Vlaams)",paars,paars,paars,rgb,221,0,255,1,8,line,white,en,,1.1.3,
11529,nl,"Dutch (Nederlands, Vlaams)",helgroen,helgroen,helgroen,rgb,79,255,0,1,9,line,white,en,,1.1.3,
11529,nl,"Dutch (Nederlands, Vlaams)",blauw,blauw,blauw,rgb,0,122,255,1,10,line,white,en,,1.1.3,
11529,nl,"Dutch (Nederlands, Vlaams)",blauw,blauw,blauw,rgb,0,78,255,1,11,line,white,en,,1.1.3,
11529,nl,"Dutch (Nederlands, Vlaams)",blauw,blauw,blauw,rgb,0,154,255,3,0,line,white,en,,1.1.3,
11529,nl,"Dutch (Nederlands, Vlaams)",groen,groen,groen,rgb,0,255,104,3,1,line,white,en,,1.1.3,
11529,nl,"Dutch (Nederlands, Vlaams)",lichterblauw,lichter blauw,lichter blauw,rgb,0,185,255,3,2,line,white,en,,1.1.3,
11529,nl,"Dutch (Nederlands, Vlaams)",lichtblauw,lichtblauw,lichtblauw,rgb,0,249,255,3,3,line,white,en,,1.1.3,
11529,nl,"Dutch (Nederlands, Vlaams)",groen,groen,groen,rgb,0,255,196,3,4,line,white,en,,1.1.3,
11529,nl,"Dutch (Nederlands, Vlaams)",vergifgroen,vergifgroen,vergifgroen,rgb,164,255,0,3,5,line,white,en,,1.1.3,
11529,nl,"Dutch (Nederlands, Vlaams)",rood,rood,rood,rgb,255,0,65,3,6,line,white,en,,1.1.3,
11529,nl,"Dutch (Nederlands, Vlaams)",felgroen,felgroen,felgroen,rgb,0,255,38,3,7,line,white,en,,1.1.3,
11529,nl,"Dutch (Nederlands, Vlaams)",donkerblauw,donkerblauw,donkerblauw,rgb,99,0,255,3,8,line,white,en,,1.1.3,
11529,nl,"Dutch (Nederlands, Vlaams)",lichtgroen,lichtgroen,lichtgroen,rgb,0,255,173,3,9,line,white,en,,1.1.3,
11529,nl,"Dutch (Nederlands, Vlaams)",paars,paars,paars,rgb,194,0,255,3,10,line,white,en,,1.1.3,
11529,nl,"Dutch (Nederlands, Vlaams)",rose,rose,rose,rgb,255,0,237,3,11,line,white,en,,1.1.3,
11529,nl,"Dutch (Nederlands, Vlaams)",paars,paars,paars,rgb,255,0,176,6,0,line,white,en,,1.1.3,
11529,nl,"Dutch (Nederlands, Vlaams)",lichtgeel,lichtgeel,lichtgeel,rgb,237,255,0,6,1,line,white,en,,1.1.3,
11529,nl,"Dutch (Nederlands, Vlaams)",donkerblauw,donkerblauw,donkerblauw,rgb,0,53,255,6,2,line,white,en,,1.1.3,
11529,nl,"Dutch (Nederlands, Vlaams)",gifgeel,gifgeel,gifgeel,rgb,215,255,0,6,3,line,white,en,,1.1.3,
11529,nl,"Dutch (Nederlands, Vlaams)",donkerblauw,donkerblauw,donkerblauw,rgb,77,0,255,6,4,line,white,en,,1.1.3,
11529,nl,"Dutch (Nederlands, Vlaams)",saharageel,saharageel,saharageel,rgb,255,220,0,6,5,line,white,en,,1.1.3,
11529,nl,"Dutch (Nederlands, Vlaams)",orangje,orangje,orangje,rgb,255,179,0,6,6,line,white,en,,1.1.3,
11529,nl,"Dutch (Nederlands, Vlaams)",rood,rood,rood,rgb,255,84,0,6,7,line,white,en,,1.1.3,
11529,nl,"Dutch (Nederlands, Vlaams)",lichtblauw,lichtblauw,lichtblauw,rgb,0,211,255,6,8,line,white,en,,1.1.3,
11529,nl,"Dutch (Nederlands, Vlaams)",paarsigrood,paarsig rood,paarsig rood,rgb,255,0,88,6,9,line,white,en,,1.1.3,
11529,nl,"Dutch (Nederlands, Vlaams)",oranjerood,oranjerood,oranjerood,rgb,255,78,0,6,10,line,white,en,,1.1.3,
11529,nl,"Dutch (Nederlands, Vlaams)",donkerrood,donkerrood,donkerrood,rgb,255,0,20,6,11,line,white,en,,1.1.3,
13324,nl,"Dutch (Nederlands, Vlaams)",legergroen,leger groen,leger groen,rgb,148,151,79,1,0,full,white,en,,1.1.4,
13324,nl,"Dutch (Nederlands, Vlaams)",groen,groen,groen,rgb,119,198,35,1,1,full,white,en,,1.1.4,
13324,nl,"Dutch (Nederlands, Vlaams)",roze,roze,roze,rgb,212,15,94,1,7,full,white,en,,1.1.4,
13324,nl,"Dutch (Nederlands, Vlaams)",rood,rood,rood,rgb,100,4,18,1,11,full,white,en,,1.1.4,
13324,nl,"Dutch (Nederlands, Vlaams)",bruin,bruin,bruin,rgb,140,103,69,3,0,full,white,en,,1.1.4,
13324,nl,"Dutch (Nederlands, Vlaams)",roze,roze,roze,rgb,219,63,171,3,3,full,white,en,,1.1.4,
13324,nl,"Dutch (Nederlands, Vlaams)",geel,geel,geel,rgb,220,249,16,3,4,full,white,en,,1.1.4,
13324,nl,"Dutch (Nederlands, Vlaams)",donkerblauw,donker blauw,donker blauw,rgb,23,2,38,3,6,full,white,en,,1.1.4,
13324,nl,"Dutch (Nederlands, Vlaams)",paars,paars,paars,rgb,116,51,165,3,10,full,white,en,,1.1.4,
13324,nl,"Dutch (Nederlands, Vlaams)",groen,groen,groen,rgb,50,235,56,6,0,full,white,en,,1.1.4,
13324,nl,"Dutch (Nederlands, Vlaams)",blauw,blauw,blauw,rgb,22,3,235,6,1,full,white,en,,1.1.4,
13324,nl,"Dutch (Nederlands, Vlaams)",rood,rood,rood,rgb,246,76,86,6,6,full,white,en,,1.1.4,
13324,nl,"Dutch (Nederlands, Vlaams)",oranje,oranje,oranje,rgb,253,128,80,6,9,full,white,en,,1.1.4,
13324,nl,"Dutch (Nederlands, Vlaams)",huidskleur,huidskleur,huidskleur,rgb,232,209,209,6,11,full,white,en,,1.1.4,
14142,nl,"Dutch (Nederlands, Vlaams)",roodbruin,roodbruin,roodbruin,rgb,163,62,22,1,0,full,white,en,,1.1.4,
14142,nl,"Dutch (Nederlands, Vlaams)",luchtblauw,luchtblauw,luchtblauw,rgb,34,156,212,1,1,full,white,en,,1.1.4,
14142,nl,"Dutch (Nederlands, Vlaams)",cyaan,cyaan,cyaan,rgb,52,223,252,1,2,full,white,en,,1.1.4,
14142,nl,"Dutch (Nederlands, Vlaams)",lilac,lilac,lilac,rgb,156,164,225,1,3,full,white,en,,1.1.4,
14142,nl,"Dutch (Nederlands, Vlaams)",rozemaarnietecht,roze maar niet echt,roze maar niet echt,rgb,199,96,107,1,4,full,white,en,,1.1.4,
14142,nl,"Dutch (Nederlands, Vlaams)",magenta,magenta,magenta,rgb,198,61,164,1,5,full,white,en,,1.1.4,
14142,nl,"Dutch (Nederlands, Vlaams)",paars,paars,paars,rgb,156,30,254,1,6,full,white,en,,1.1.4,
14142,nl,"Dutch (Nederlands, Vlaams)",babyblauw,baby blauw,baby blauw,rgb,182,225,216,1,7,full,white,en,,1.1.4,
14142,nl,"Dutch (Nederlands, Vlaams)",baksteenrood,baksteen rood,baksteen rood,rgb,127,53,48,1,8,full,white,en,,1.1.4,
14142,nl,"Dutch (Nederlands, Vlaams)",pastelgroen,pastel groen,pastel groen,rgb,186,242,135,1,9,full,white,en,,1.1.4,
14142,nl,"Dutch (Nederlands, Vlaams)",custard,custard,custard,rgb,254,231,101,1,10,full,white,en,,1.1.4,
14142,nl,"Dutch (Nederlands, Vlaams)",lichtbruin,lichtbruin,lichtbruin,rgb,172,119,65,1,11,full,white,en,,1.1.4,
14142,nl,"Dutch (Nederlands, Vlaams)",donkerblauw,donkerblauw,donkerblauw,rgb,5,84,188,3,0,full,white,en,,1.1.4,
14142,nl,"Dutch (Nederlands, Vlaams)",pastelgroen,pastelgroen,pastelgroen,rgb,216,250,179,3,1,full,white,en,,1.1.4,
14142,nl,"Dutch (Nederlands, Vlaams)",bosgroen,bosgroen,bosgroen,rgb,39,81,17,3,2,full,white,en,,1.1.4,
14142,nl,"Dutch (Nederlands, Vlaams)",donkergrijzigpaars,donker grijzig paars,donker grijzig paars,rgb,120,104,138,3,3,full,white,en,,1.1.4,
14142,nl,"Dutch (Nederlands, Vlaams)",paars,paars,paars,rgb,103,58,164,3,4,full,white,en,,1.1.4,
14142,nl,"Dutch (Nederlands, Vlaams)",perzik,perzik,perzik,rgb,251,203,137,3,5,full,white,en,,1.1.4,
14142,nl,"Dutch (Nederlands, Vlaams)",blauwgroenmeerrichtinggroen,blauwgroen meer richting groen,blauwgroen meer richting groen,rgb,100,185,145,3,6,full,white,en,,1.1.4,
14142,nl,"Dutch (Nederlands, Vlaams)",lichtpaars,lichtpaars,lichtpaars,rgb,173,98,175,3,7,full,white,en,,1.1.4,
14142,nl,"Dutch (Nederlands, Vlaams)",camoeflagegroen,camoeflage groen,camoeflage groen,rgb,70,79,45,3,8,full,white,en,,1.1.4,
14142,nl,"Dutch (Nederlands, Vlaams)",felroze,felroze,felroze,rgb,248,9,85,3,9,full,white,en,,1.1.4,
14142,nl,"Dutch (Nederlands, Vlaams)",lichtgroen,lichtgroen,lichtgroen,rgb,134,250,67,3,10,full,white,en,,1.1.4,
14142,nl,"Dutch (Nederlands, Vlaams)",mosterd,mosterd,mosterd,rgb,173,148,49,3,11,full,white,en,,1.1.4,
14142,nl,"Dutch (Nederlands, Vlaams)",grasgroen,grasgroen,grasgroen,rgb,52,190,97,6,0,full,white,en,,1.1.4,
14142,nl,"Dutch (Nederlands, Vlaams)",paarsroze,paarsroze,paarsroze,rgb,223,59,231,6,1,full,white,en,,1.1.4,
14142,nl,"Dutch (Nederlands, Vlaams)",donkerpaars,donkerpaars,donkerpaars,rgb,120,21,76,6,2,full,white,en,,1.1.4,
14142,nl,"Dutch (Nederlands, Vlaams)",oranje,oranje,oranje,rgb,233,156,28,6,3,full,white,en,,1.1.4,
14142,nl,"Dutch (Nederlands, Vlaams)",donkergroenbruin,donkergroenbruin,donkergroenbruin,rgb,72,48,20,6,4,full,white,en,,1.1.4,
14142,nl,"Dutch (Nederlands, Vlaams)",roze,roze,roze,rgb,254,141,243,6,5,full,white,en,,1.1.4,
14142,nl,"Dutch (Nederlands, Vlaams)",grijsgroen,grijsgroen,grijsgroen,rgb,95,113,111,6,6,full,white,en,,1.1.4,
14142,nl,"Dutch (Nederlands, Vlaams)",blauw,blauw,blauw,rgb,46,33,205,6,7,full,white,en,,1.1.4,
14142,nl,"Dutch (Nederlands, Vlaams)",bruingroenig,bruingroenig,bruingroenig,rgb,108,115,48,6,8,full,white,en,,1.1.4,
14142,nl,"Dutch (Nederlands, Vlaams)",paars,paars,paars,rgb,170,66,201,6,9,full,white,en,,1.1.4,
14142,nl,"Dutch (Nederlands, Vlaams)",felgroen,felgroen,felgroen,rgb,8,238,87,6,10,full,white,en,,1.1.4,
14142,nl,"Dutch (Nederlands, Vlaams)",luchtblauw,luchtblauw,luchtblauw,rgb,52,99,244,6,11,full,white,en,,1.1.4,
14313,nl,"Dutch (Nederlands, Vlaams)",oker,oker,oker,rgb,179,151,4,1,0,full,white,en,,1.1.4,
14313,nl,"Dutch (Nederlands, Vlaams)",paars,paars,paars,rgb,70,18,178,1,2,full,white,en,,1.1.4,
14313,nl,"Dutch (Nederlands, Vlaams)",groen,groen,groen,rgb,3,185,21,1,3,full,white,en,,1.1.4,
14313,nl,"Dutch (Nederlands, Vlaams)",palmblauw,palmblauw,palmblauw,rgb,87,157,245,1,4,full,white,en,,1.1.4,
14313,nl,"Dutch (Nederlands, Vlaams)",zwart,zwart,zwart,rgb,40,62,66,1,5,full,white,en,,1.1.4,
14313,nl,"Dutch (Nederlands, Vlaams)",lichtgeel,lichtgeel,lichtgeel,rgb,248,237,130,1,6,full,white,en,,1.1.4,
14313,nl,"Dutch (Nederlands, Vlaams)",turkoois,turkoois,turkoois,rgb,12,189,230,1,7,full,white,en,,1.1.4,
14313,nl,"Dutch (Nederlands, Vlaams)",fuschia,fuschia,fuschia,rgb,223,25,219,1,8,full,white,en,,1.1.4,
14313,nl,"Dutch (Nederlands, Vlaams)",donkerblauw,donkerblauw,donkerblauw,rgb,35,69,177,1,9,full,white,en,,1.1.4,
14313,nl,"Dutch (Nederlands, Vlaams)",grijs,grijs,grijs,rgb,109,115,155,1,10,full,white,en,,1.1.4,
14313,nl,"Dutch (Nederlands, Vlaams)",roos,roos,roos,rgb,203,128,183,1,11,full,white,en,,1.1.4,
14313,nl,"Dutch (Nederlands, Vlaams)",donkerblauw,donkerblauw,donkerblauw,rgb,5,72,149,3,0,full,white,en,,1.1.4,
14313,nl,"Dutch (Nederlands, Vlaams)",bordeaux,bordeaux,bordeaux,rgb,151,19,77,3,1,full,white,en,,1.1.4,
14313,nl,"Dutch (Nederlands, Vlaams)",oranje,oranje,oranje,rgb,177,107,90,3,2,full,white,en,,1.1.4,
14313,nl,"Dutch (Nederlands, Vlaams)",kaki,kaki,kaki,rgb,164,173,132,3,3,full,white,en,,1.1.4,
14313,nl,"Dutch (Nederlands, Vlaams)",lichtgrijs,lichtgrijs,lichtgrijs,rgb,203,204,211,3,4,full,white,en,,1.1.4,
14313,nl,"Dutch (Nederlands, Vlaams)",paars,paars,paars,rgb,99,67,151,3,5,full,white,en,,1.1.4,
14313,nl,"Dutch (Nederlands, Vlaams)",lila,lila,lila,rgb,212,131,228,3,6,full,white,en,,1.1.4,
14313,nl,"Dutch (Nederlands, Vlaams)",neongroen,neongroen,neongroen,rgb,74,248,120,3,7,full,white,en,,1.1.4,
14313,nl,"Dutch (Nederlands, Vlaams)",roos,roos,roos,rgb,209,91,124,3,8,full,white,en,,1.1.4,
14313,nl,"Dutch (Nederlands, Vlaams)",zwart,zwart,zwart,rgb,24,17,73,3,9,full,white,en,,1.1.4,
14313,nl,"Dutch (Nederlands, Vlaams)",appelbaluwzeergroen,appelbaluwzeergroen,appelbaluwzeergroen,rgb,8,194,163,3,10,full,white,en,,1.1.4,
14313,nl,"Dutch (Nederlands, Vlaams)",roodpaars,roodpaars,roodpaars,rgb,127,58,118,3,11,full,white,en,,1.1.4,
14313,nl,"Dutch (Nederlands, Vlaams)",mosgroen,mosgroen,mosgroen,rgb,6,138,90,6,0,full,white,en,,1.1.4,
14313,nl,"Dutch (Nederlands, Vlaams)",petrolblauw,petrolblauw,petrolblauw,rgb,104,156,187,6,1,full,white,en,,1.1.4,
14313,nl,"Dutch (Nederlands, Vlaams)",kaki,kaki,kaki,rgb,167,185,101,6,2,full,white,en,,1.1.4,
14313,nl,"Dutch (Nederlands, Vlaams)",donkergroen,donkergroen,donkergroen,rgb,58,191,95,6,3,full,white,en,,1.1.4,
14313,nl,"Dutch (Nederlands, Vlaams)",oranje,oranje,oranje,rgb,242,141,90,6,5,full,white,en,,1.1.4,
14313,nl,"Dutch (Nederlands, Vlaams)",donkergroen,donkergroen,donkergroen,rgb,30,91,20,6,6,full,white,en,,1.1.4,
14313,nl,"Dutch (Nederlands, Vlaams)",bruin,bruin,bruin,rgb,131,106,6,6,7,full,white,en,,1.1.4,
14313,nl,"Dutch (Nederlands, Vlaams)",lichtgroen,lichtgroen,lichtgroen,rgb,130,221,145,6,8,full,white,en,,1.1.4,
14313,nl,"Dutch (Nederlands, Vlaams)",paars,paars,paars,rgb,170,51,249,6,9,full,white,en,,1.1.4,
14313,nl,"Dutch (Nederlands, Vlaams)",blauwgroen,blauwgroen,blauwgroen,rgb,15,125,137,6,10,full,white,en,,1.1.4,
14313,nl,"Dutch (Nederlands, Vlaams)",geelgroen,geelgroen,geelgroen,rgb,224,252,44,6,11,full,white,en,,1.1.4,
14339,nl,"Dutch (Nederlands, Vlaams)",roze,roze,Roze,rgb,249,68,130,1,0,full,white,en,,1.1.4,
14339,nl,"Dutch (Nederlands, Vlaams)",paars,paars,Paars,rgb,149,96,134,1,1,full,white,en,,1.1.4,
14339,nl,"Dutch (Nederlands, Vlaams)",babyblauw,babyblauw,Babyblauw,rgb,128,187,242,1,2,full,white,en,,1.1.4,
14339,nl,"Dutch (Nederlands, Vlaams)",roodbruin,roodbruin,Roodbruin,rgb,153,56,25,1,3,full,white,en,,1.1.4,
14339,nl,"Dutch (Nederlands, Vlaams)",geel,geel,Geel,rgb,255,202,1,1,4,full,white,en,,1.1.4,
14339,nl,"Dutch (Nederlands, Vlaams)",blauw,blauw,Blauw,rgb,55,69,249,1,5,full,white,en,,1.1.4,
14339,nl,"Dutch (Nederlands, Vlaams)",vuilgeel,vuilgeel,Vuilgeel,rgb,224,212,73,1,6,full,white,en,,1.1.4,
14339,nl,"Dutch (Nederlands, Vlaams)",groen,groen,Groen,rgb,125,160,100,1,7,full,white,en,,1.1.4,
14339,nl,"Dutch (Nederlands, Vlaams)",paars,paars,Paars,rgb,140,125,227,1,8,full,white,en,,1.1.4,
14339,nl,"Dutch (Nederlands, Vlaams)",lichtblauw,lichtblauw,Lichtblauw,rgb,91,231,235,1,9,full,white,en,,1.1.4,
14339,nl,"Dutch (Nederlands, Vlaams)",felgroen,felgroen,Felgroen,rgb,24,221,105,1,10,full,white,en,,1.1.4,
14339,nl,"Dutch (Nederlands, Vlaams)",donkerbruin,donkerbruin,Donkerbruin,rgb,63,13,10,1,11,full,white,en,,1.1.4,
14339,nl,"Dutch (Nederlands, Vlaams)",roze,roze,Roze,rgb,226,117,132,3,0,full,white,en,,1.1.4,
14339,nl,"Dutch (Nederlands, Vlaams)",groen,groen,Groen,rgb,36,141,76,3,1,full,white,en,,1.1.4,
14339,nl,"Dutch (Nederlands, Vlaams)",donkerpaars,donkerpaars,Donkerpaars,rgb,48,18,75,3,2,full,white,en,,1.1.4,
14339,nl,"Dutch (Nederlands, Vlaams)",turquoise,turquoise,Turquoise,rgb,134,250,211,3,3,full,white,en,,1.1.4,
14339,nl,"Dutch (Nederlands, Vlaams)",lichtgroen,lichtgroen,Lichtgroen,rgb,152,241,147,3,4,full,white,en,,1.1.4,
14339,nl,"Dutch (Nederlands, Vlaams)",grasgroen,grasgroen,Grasgroen,rgb,68,193,22,3,5,full,white,en,,1.1.4,
14339,nl,"Dutch (Nederlands, Vlaams)",bruin,bruin,Bruin,rgb,86,69,33,3,6,full,white,en,,1.1.4,
14339,nl,"Dutch (Nederlands, Vlaams)",lila,lila,Lila,rgb,210,66,242,3,7,full,white,en,,1.1.4,
14339,nl,"Dutch (Nederlands, Vlaams)",paars,paars,Paars,rgb,119,58,169,3,8,full,white,en,,1.1.4,
14339,nl,"Dutch (Nederlands, Vlaams)",donkerblauw,donkerblauw,Donkerblauw,rgb,6,35,47,3,9,full,white,en,,1.1.4,
14339,nl,"Dutch (Nederlands, Vlaams)",donkergrijs,donkergrijs,Donkergrijs,rgb,85,87,86,3,10,full,white,en,,1.1.4,
14339,nl,"Dutch (Nederlands, Vlaams)",gifgroen,gifgroen,Gifgroen,rgb,109,254,26,3,11,full,white,en,,1.1.4,
14339,nl,"Dutch (Nederlands, Vlaams)",beige,beige,Beige,rgb,185,163,130,6,0,full,white,en,,1.1.4,
14339,nl,"Dutch (Nederlands, Vlaams)",blauw,blauw,Blauw,rgb,20,77,168,6,1,full,white,en,,1.1.4,
14339,nl,"Dutch (Nederlands, Vlaams)",paars,paars,Paars,rgb,75,59,201,6,2,full,white,en,,1.1.4,
14339,nl,"Dutch (Nederlands, Vlaams)",beige,beige,Beige,rgb,239,232,202,6,3,full,white,en,,1.1.4,
14339,nl,"Dutch (Nederlands, Vlaams)",donkerpaars,donkerpaars,Donkerpaars,rgb,78,43,65,6,4,full,white,en,,1.1.4,
14339,nl,"Dutch (Nederlands, Vlaams)",oranje,oranje,Oranje,rgb,232,105,39,6,5,full,white,en,,1.1.4,
14339,nl,"Dutch (Nederlands, Vlaams)",bosgroen,bosgroen,Bosgroen,rgb,13,51,2,6,6,full,white,en,,1.1.4,
14339,nl,"Dutch (Nederlands, Vlaams)",groen,groen,Groen,rgb,113,159,12,6,7,full,white,en,,1.1.4,
14339,nl,"Dutch (Nederlands, Vlaams)",bruinroze,bruinroze,Bruinroze,rgb,179,118,95,6,8,full,white,en,,1.1.4,
14339,nl,"Dutch (Nederlands, Vlaams)",lichtblauw,lichtblauw,Lichtblauw,rgb,164,215,228,6,9,full,white,en,,1.1.4,
14339,nl,"Dutch (Nederlands, Vlaams)",geelbruin,geelbruin,Geelbruin,rgb,238,209,144,6,10,full,white,en,,1.1.4,
14339,nl,"Dutch (Nederlands, Vlaams)",felroze,felroze,Felroze,rgb,230,91,169,6,11,full,white,en,,1.1.4,
14827,nl,"Dutch (Nederlands, Vlaams)",lila,lila,lila,rgb,227,177,236,1,0,full,white,en,,1.1.5,
14827,nl,"Dutch (Nederlands, Vlaams)",turquoise,turquoise,turquoise,rgb,11,133,155,1,1,full,white,en,,1.1.5,
14827,nl,"Dutch (Nederlands, Vlaams)",oudroze,oudroze,oudroze,rgb,166,101,137,1,2,full,white,en,,1.1.5,
14827,nl,"Dutch (Nederlands, Vlaams)",blauw,blauw,blauw,rgb,53,114,220,1,3,full,white,en,,1.1.5,
14827,nl,"Dutch (Nederlands, Vlaams)",bruingeel,bruingeel,bruingeel,rgb,140,111,36,1,4,full,white,en,,1.1.5,
14827,nl,"Dutch (Nederlands, Vlaams)",pinkpoproze,pinkpoproze,pinkpoproze,rgb,168,9,136,1,5,full,white,en,,1.1.5,
14827,nl,"Dutch (Nederlands, Vlaams)",aubergine,aubergine,aubergine,rgb,118,39,130,1,6,full,white,en,,1.1.5,
14827,nl,"Dutch (Nederlands, Vlaams)",zeegroen,zeegroen,zeegroen,rgb,15,214,168,1,7,full,white,en,,1.1.5,
14827,nl,"Dutch (Nederlands, Vlaams)",rood,rood,rood,rgb,109,6,3,1,8,full,white,en,,1.1.5,
14827,nl,"Dutch (Nederlands, Vlaams)",oranje,oranje,oranje,rgb,166,84,16,1,9,full,white,en,,1.1.5,
14827,nl,"Dutch (Nederlands, Vlaams)",groen,groen,groen,rgb,112,140,27,1,10,full,white,en,,1.1.5,
14827,nl,"Dutch (Nederlands, Vlaams)",paars,paars,paars,rgb,134,93,183,1,11,full,white,en,,1.1.5,
14827,nl,"Dutch (Nederlands, Vlaams)",lichtblauw,lichtblauw,lichtblauw,rgb,106,182,244,3,0,full,white,en,,1.1.5,
14827,nl,"Dutch (Nederlands, Vlaams)",paars,paars,paars,rgb,88,9,170,3,1,full,white,en,,1.1.5,
14827,nl,"Dutch (Nederlands, Vlaams)",paars,paars,paars,rgb,172,131,250,3,2,full,white,en,,1.1.5,
14827,nl,"Dutch (Nederlands, Vlaams)",lichtgroen,lichtgroen,lichtgroen,rgb,89,251,134,3,3,full,white,en,,1.1.5,
14827,nl,"Dutch (Nederlands, Vlaams)",lichtblauw,lichtblauw,lichtblauw,rgb,116,230,228,3,4,full,white,en,,1.1.5,
14827,nl,"Dutch (Nederlands, Vlaams)",grijsbruin,grijsbruin,grijsbruin,rgb,139,136,104,3,5,full,white,en,,1.1.5,
14827,nl,"Dutch (Nederlands, Vlaams)",bruin,bruin,bruin,rgb,68,64,62,3,6,full,white,en,,1.1.5,
14827,nl,"Dutch (Nederlands, Vlaams)",donkerpaars,donkerpaars,donkerpaars,rgb,110,100,144,3,7,full,white,en,,1.1.5,
14827,nl,"Dutch (Nederlands, Vlaams)",lichtgroen,lichtgroen,lichtgroen,rgb,171,220,100,3,8,full,white,en,,1.1.5,
14827,nl,"Dutch (Nederlands, Vlaams)",groenbruin,groenbruin,groenbruin,rgb,158,165,92,3,9,full,white,en,,1.1.5,
14827,nl,"Dutch (Nederlands, Vlaams)",oranje,oranje,oranje,rgb,216,135,37,3,10,full,white,en,,1.1.5,
14827,nl,"Dutch (Nederlands, Vlaams)",groen,groen,groen,rgb,73,119,46,3,11,full,white,en,,1.1.5,
14827,nl,"Dutch (Nederlands, Vlaams)",bruin,bruin,bruin,rgb,114,64,22,6,0,full,white,en,,1.1.5,
14827,nl,"Dutch (Nederlands, Vlaams)",burgundy,burgundy,burgundy,rgb,78,35,63,6,1,full,white,en,,1.1.5,
14827,nl,"Dutch (Nederlands, Vlaams)",paars,paars,paars,rgb,198,86,232,6,2,full,white,en,,1.1.5,
14827,nl,"Dutch (Nederlands, Vlaams)",groen,groen,groen,rgb,32,93,82,6,3,full,white,en,,1.1.5,
14827,nl,"Dutch (Nederlands, Vlaams)",rood,rood,rood,rgb,199,27,15,6,4,full,white,en,,1.1.5,
14827,nl,"Dutch (Nederlands, Vlaams)",lichtblauw,lichtblauw,lichtblauw,rgb,201,232,241,6,5,full,white,en,,1.1.5,
14827,nl,"Dutch (Nederlands, Vlaams)",lichtgroen,lichtgroen,lichtgroen,rgb,158,224,144,6,6,full,white,en,,1.1.5,
14827,nl,"Dutch (Nederlands, Vlaams)",blauw,blauw,blauw,rgb,23,21,245,6,7,full,white,en,,1.1.5,
14827,nl,"Dutch (Nederlands, Vlaams)",babyblauw,babyblauw,babyblauw,rgb,100,196,222,6,8,full,white,en,,1.1.5,
14827,nl,"Dutch (Nederlands, Vlaams)",groengeel,groengeel,groengeel,rgb,201,237,49,6,9,full,white,en,,1.1.5,
14827,nl,"Dutch (Nederlands, Vlaams)",groen,groen,groen,rgb,106,177,27,6,10,full,white,en,,1.1.5,
14827,nl,"Dutch (Nederlands, Vlaams)",mosterdgeel,mosterdgeel,mosterdgeel,rgb,183,168,48,6,11,full,white,en,,1.1.5,
15298,nl,"Dutch (Nederlands, Vlaams)",paars,paars,Paars,rgb,173,132,178,1,0,full,white,en,,1.1.5,
15298,nl,"Dutch (Nederlands, Vlaams)",magenta,magenta,Magenta,rgb,210,84,131,1,1,full,white,en,,1.1.5,
15298,nl,"Dutch (Nederlands, Vlaams)",donkergrijs,donkergrijs,Donkergrijs,rgb,67,94,92,1,2,full,white,en,,1.1.5,
15298,nl,"Dutch (Nederlands, Vlaams)",zwart,zwart,Zwart,rgb,79,1,42,1,3,full,white,en,,1.1.5,
15298,nl,"Dutch (Nederlands, Vlaams)",blauw,blauw,Blauw,rgb,81,47,240,1,4,full,white,en,,1.1.5,
15298,nl,"Dutch (Nederlands, Vlaams)",indigo,indigo,Indigo,rgb,129,56,165,1,5,full,white,en,,1.1.5,
15298,nl,"Dutch (Nederlands, Vlaams)",lila,lila,Lila,rgb,232,180,243,1,6,full,white,en,,1.1.5,
15298,nl,"Dutch (Nederlands, Vlaams)",groen,groen,Groen,rgb,116,135,69,1,7,full,white,en,,1.1.5,
15298,nl,"Dutch (Nederlands, Vlaams)",bruin,bruin,Bruin,rgb,148,155,136,1,8,full,white,en,,1.1.5,
15298,nl,"Dutch (Nederlands, Vlaams)",beige,beige,Beige,rgb,164,243,216,1,9,full,white,en,,1.1.5,
15298,nl,"Dutch (Nederlands, Vlaams)",felgroen,felgroen,Felgroen,rgb,147,180,36,1,10,full,white,en,,1.1.5,
15298,nl,"Dutch (Nederlands, Vlaams)",paars,paars,Paars,rgb,165,46,216,1,11,full,white,en,,1.1.5,
15298,nl,"Dutch (Nederlands, Vlaams)",lichtblauw,lichtblauw,Lichtblauw,rgb,146,160,227,3,0,full,white,en,,1.1.5,
15298,nl,"Dutch (Nederlands, Vlaams)",donkergroen,donkergroen,Donkergroen,rgb,14,99,20,3,1,full,white,en,,1.1.5,
15298,nl,"Dutch (Nederlands, Vlaams)",grijs,grijs,Grijs,rgb,43,205,183,3,2,full,white,en,,1.1.5,
15298,nl,"Dutch (Nederlands, Vlaams)",magenta,magenta,Magenta,rgb,238,11,192,3,3,full,white,en,,1.1.5,
15298,nl,"Dutch (Nederlands, Vlaams)",bruin,bruin,Bruin,rgb,189,96,55,3,4,full,white,en,,1.1.5,
15298,nl,"Dutch (Nederlands, Vlaams)",groengrijs,groengrijs,Groengrijs,rgb,3,149,118,3,5,full,white,en,,1.1.5,
15298,nl,"Dutch (Nederlands, Vlaams)",rood,rood,Rood,rgb,190,112,20,3,6,full,white,en,,1.1.5,
15298,nl,"Dutch (Nederlands, Vlaams)",donkerpaars,donkerpaars,Donkerpaars,rgb,140,22,74,3,7,full,white,en,,1.1.5,
15298,nl,"Dutch (Nederlands, Vlaams)",groen,groen,Groen,rgb,153,193,131,3,8,full,white,en,,1.1.5,
15298,nl,"Dutch (Nederlands, Vlaams)",lichtgroen,lichtgroen,Lichtgroen,rgb,11,250,197,3,9,full,white,en,,1.1.5,
15298,nl,"Dutch (Nederlands, Vlaams)",geel,geel,Geel,rgb,222,214,32,3,10,full,white,en,,1.1.5,
15298,nl,"Dutch (Nederlands, Vlaams)",blauw,blauw,Blauw,rgb,19,160,234,3,11,full,white,en,,1.1.5,
15298,nl,"Dutch (Nederlands, Vlaams)",dobkerblauw,dobkerblauw,Dobkerblauw,rgb,8,54,129,6,0,full,white,en,,1.1.5,
15298,nl,"Dutch (Nederlands, Vlaams)",oker,oker,Oker,rgb,202,151,1,6,1,full,white,en,,1.1.5,
15298,nl,"Dutch (Nederlands, Vlaams)",paars,paars,Paars,rgb,64,107,182,6,2,full,white,en,,1.1.5,
15298,nl,"Dutch (Nederlands, Vlaams)",bordeaux,bordeaux,Bordeaux,rgb,129,68,69,6,3,full,white,en,,1.1.5,
15298,nl,"Dutch (Nederlands, Vlaams)",oker,oker,Oker,rgb,151,239,151,6,4,full,white,en,,1.1.5,
15298,nl,"Dutch (Nederlands, Vlaams)",bruin,bruin,Bruin,rgb,141,92,36,6,5,full,white,en,,1.1.5,
15298,nl,"Dutch (Nederlands, Vlaams)",donkerbruin,donkerbruin,Donkerbruin,rgb,107,19,19,6,6,full,white,en,,1.1.5,
15298,nl,"Dutch (Nederlands, Vlaams)",blauw,blauw,Blauw,rgb,25,13,148,6,7,full,white,en,,1.1.5,
15298,nl,"Dutch (Nederlands, Vlaams)",roze,roze,Roze,rgb,189,114,131,6,8,full,white,en,,1.1.5,
15298,nl,"Dutch (Nederlands, Vlaams)",groen,groen,Groen,rgb,77,171,72,6,9,full,white,en,,1.1.5,
15298,nl,"Dutch (Nederlands, Vlaams)",lila,lila,Lila,rgb,245,125,249,6,10,full,white,en,,1.1.5,
15298,nl,"Dutch (Nederlands, Vlaams)",paars,paars,Paars,rgb,157,16,136,6,11,full,white,en,,1.1.5,
0,nl,"Dutch (Nederlands, Vlaams)",blauw,blauw,blauw,rgb,82,155,193,1,0,full,white,en,,1.1.5,
0,nl,"Dutch (Nederlands, Vlaams)",rood,rood,rood,rgb,195,25,11,1,1,full,white,en,,1.1.5,
0,nl,"Dutch (Nederlands, Vlaams)",zwart,zwart,zwart,rgb,51,38,42,1,2,full,white,en,,1.1.5,
0,nl,"Dutch (Nederlands, Vlaams)",roze,roze,roze,rgb,149,74,111,1,3,full,white,en,,1.1.5,
0,nl,"Dutch (Nederlands, Vlaams)",blauw,blauw,blauw,rgb,38,69,107,1,4,full,white,en,,1.1.5,
0,nl,"Dutch (Nederlands, Vlaams)",blauw,blauw,blauw,rgb,21,132,208,1,5,full,white,en,,1.1.5,
0,nl,"Dutch (Nederlands, Vlaams)",blauw,blauw,blauw,rgb,19,93,215,1,6,full,white,en,,1.1.5,
0,nl,"Dutch (Nederlands, Vlaams)",blauw,blauw,blauw,rgb,48,59,134,1,7,full,white,en,,1.1.5,
0,nl,"Dutch (Nederlands, Vlaams)",blauw,blauw,blauw,rgb,17,54,245,1,8,full,white,en,,1.1.5,
0,nl,"Dutch (Nederlands, Vlaams)",groen,groen,groen,rgb,20,77,45,1,9,full,white,en,,1.1.5,
0,nl,"Dutch (Nederlands, Vlaams)",paars,paars,paars,rgb,201,168,250,1,10,full,white,en,,1.1.5,
0,nl,"Dutch (Nederlands, Vlaams)",groen,groen,groen,rgb,95,120,49,1,11,full,white,en,,1.1.5,
0,nl,"Dutch (Nederlands, Vlaams)",paars,paars,paars,rgb,199,129,192,1,0,full,white,en,,1.1.5,
0,nl,"Dutch (Nederlands, Vlaams)",groen,groen,groen,rgb,113,238,84,1,1,full,white,en,,1.1.5,
0,nl,"Dutch (Nederlands, Vlaams)",roze,roze,roze,rgb,252,118,191,1,2,full,white,en,,1.1.5,
0,nl,"Dutch (Nederlands, Vlaams)",rood,rood,rood,rgb,153,61,88,1,3,full,white,en,,1.1.5,
0,nl,"Dutch (Nederlands, Vlaams)",paars,paars,paars,rgb,149,132,220,1,4,full,white,en,,1.1.5,
0,nl,"Dutch (Nederlands, Vlaams)",beige,beige,beige,rgb,244,203,154,1,5,full,white,en,,1.1.5,
0,nl,"Dutch (Nederlands, Vlaams)",lichtblauw,lichtblauw,lichtblauw,rgb,32,200,233,1,6,full,white,en,,1.1.5,
0,nl,"Dutch (Nederlands, Vlaams)",donkerblauw,donkerblauw,donkerblauw,rgb,25,74,164,1,7,full,white,en,,1.1.5,
0,nl,"Dutch (Nederlands, Vlaams)",groen,groen,groen,rgb,69,176,79,1,8,full,white,en,,1.1.5,
0,nl,"Dutch (Nederlands, Vlaams)",paars,paars,paars,rgb,113,78,187,1,9,full,white,en,,1.1.5,
0,nl,"Dutch (Nederlands, Vlaams)",rood,rood,rood,rgb,203,14,40,1,10,full,white,en,,1.1.5,
0,nl,"Dutch (Nederlands, Vlaams)",roze,roze,roze,rgb,216,41,160,1,11,full,white,en,,1.1.5,
0,nl,"Dutch (Nederlands, Vlaams)",blauw,blauw,blauw,rgb,83,213,201,3,0,full,white,en,,1.1.5,
0,nl,"Dutch (Nederlands, Vlaams)",buin,buin,buin,rgb,223,126,29,3,1,full,white,en,,1.1.5,
0,nl,"Dutch (Nederlands, Vlaams)",bruin,bruin,bruin,rgb,163,142,66,3,2,full,white,en,,1.1.5,
0,nl,"Dutch (Nederlands, Vlaams)",grijs,grijs,grijs,rgb,136,142,164,3,3,full,white,en,,1.1.5,
0,nl,"Dutch (Nederlands, Vlaams)",roze,roze,roze,rgb,247,148,157,3,4,full,white,en,,1.1.5,
0,nl,"Dutch (Nederlands, Vlaams)",blauw,blauw,blauw,rgb,1,78,94,3,5,full,white,en,,1.1.5,
0,nl,"Dutch (Nederlands, Vlaams)",blauw,blauw,blauw,rgb,8,90,247,3,6,full,white,en,,1.1.5,
0,nl,"Dutch (Nederlands, Vlaams)",paars,paars,paars,rgb,188,16,198,3,7,full,white,en,,1.1.5,
0,nl,"Dutch (Nederlands, Vlaams)",blauw,blauw,blauw,rgb,14,28,96,3,8,full,white,en,,1.1.5,
0,nl,"Dutch (Nederlands, Vlaams)",bruin,bruin,bruin,rgb,49,38,46,3,9,full,white,en,,1.1.5,
0,nl,"Dutch (Nederlands, Vlaams)",paars,paars,paars,rgb,153,112,253,3,10,full,white,en,,1.1.5,
0,nl,"Dutch (Nederlands, Vlaams)",mint,mint,mint,rgb,231,241,234,3,11,full,white,en,,1.1.5,
0,nl,"Dutch (Nederlands, Vlaams)",blauw,blauw,blauw,rgb,64,131,215,6,0,full,white,en,,1.1.5,
0,nl,"Dutch (Nederlands, Vlaams)",groen,groen,groen,rgb,187,235,192,6,1,full,white,en,,1.1.5,
0,nl,"Dutch (Nederlands, Vlaams)",groen,groen,groen,rgb,44,252,67,6,2,full,white,en,,1.1.5,
0,nl,"Dutch (Nederlands, Vlaams)",paars,paars,paars,rgb,201,93,213,6,3,full,white,en,,1.1.5,
0,nl,"Dutch (Nederlands, Vlaams)",grijs,grijs,grijs,rgb,89,95,89,6,4,full,white,en,,1.1.5,
0,nl,"Dutch (Nederlands, Vlaams)",groen,groen,groen,rgb,129,154,68,6,5,full,white,en,,1.1.5,
0,nl,"Dutch (Nederlands, Vlaams)",blauw,blauw,blauw,rgb,114,167,163,6,6,full,white,en,,1.1.5,
0,nl,"Dutch (Nederlands, Vlaams)",bruin,bruin,bruin,rgb,158,113,129,6,7,full,white,en,,1.1.5,
0,nl,"Dutch (Nederlands, Vlaams)",groen,groen,groen,rgb,53,170,3,6,8,full,white,en,,1.1.5,
0,nl,"Dutch (Nederlands, Vlaams)",groen,groen,groen,rgb,16,135,91,6,9,full,white,en,,1.1.5,
0,nl,"Dutch (Nederlands, Vlaams)",bruin,bruin,bruin,rgb,204,94,97,6,10,full,white,en,,1.1.5,
0,nl,"Dutch (Nederlands, Vlaams)",blauw,blauw,blauw,rgb,13,33,217,6,11,full,white,en,,1.1.5,
0,nl,"Dutch (Nederlands, Vlaams)",paars,paars,Paars,rgb,183,120,225,1,0,full,white,en,,1.1.5,
0,nl,"Dutch (Nederlands, Vlaams)",roze,roze,Roze,rgb,254,176,232,1,1,full,white,en,,1.1.5,
0,nl,"Dutch (Nederlands, Vlaams)",blauw,blauw,Blauw,rgb,95,93,191,1,2,full,white,en,,1.1.5,
0,nl,"Dutch (Nederlands, Vlaams)",turquoise,turquoise,Turquoise,rgb,70,178,157,1,3,full,white,en,,1.1.5,
0,nl,"Dutch (Nederlands, Vlaams)",paars,paars,Paars,rgb,161,44,97,1,4,full,white,en,,1.1.5,
0,nl,"Dutch (Nederlands, Vlaams)",paars,paars,Paars,rgb,113,2,177,1,5,full,white,en,,1.1.5,
0,nl,"Dutch (Nederlands, Vlaams)",groen,groen,Groen,rgb,183,205,123,1,6,full,white,en,,1.1.5,
0,nl,"Dutch (Nederlands, Vlaams)",donkerblauw,donkerblauw,Donkerblauw,rgb,46,82,109,1,7,full,white,en,,1.1.5,
0,nl,"Dutch (Nederlands, Vlaams)",groen,groen,Groen,rgb,14,255,165,1,8,full,white,en,,1.1.5,
0,nl,"Dutch (Nederlands, Vlaams)",blauw,blauw,Blauw,rgb,7,80,221,1,9,full,white,en,,1.1.5,
0,nl,"Dutch (Nederlands, Vlaams)",groen,groen,Groen,rgb,136,230,170,1,10,full,white,en,,1.1.5,
0,nl,"Dutch (Nederlands, Vlaams)",groen,groen,Groen,rgb,172,223,89,1,11,full,white,en,,1.1.5,
0,nl,"Dutch (Nederlands, Vlaams)",oudroze,oudroze,Oudroze,rgb,214,142,97,3,0,full,white,en,,1.1.5,
0,nl,"Dutch (Nederlands, Vlaams)",bruin,bruin,Bruin,rgb,152,72,4,3,1,full,white,en,,1.1.5,
0,nl,"Dutch (Nederlands, Vlaams)",blauw,blauw,Blauw,rgb,77,132,208,3,2,full,white,en,,1.1.5,
0,nl,"Dutch (Nederlands, Vlaams)",blauw,blauw,Blauw,rgb,84,168,185,3,3,full,white,en,,1.1.5,
0,nl,"Dutch (Nederlands, Vlaams)",paars,paars,Paars,rgb,190,11,156,3,4,full,white,en,,1.1.5,
0,nl,"Dutch (Nederlands, Vlaams)",groen,groen,Groen,rgb,56,241,37,3,5,full,white,en,,1.1.5,
0,nl,"Dutch (Nederlands, Vlaams)",bruin,bruin,Bruin,rgb,149,100,47,3,6,full,white,en,,1.1.5,
0,nl,"Dutch (Nederlands, Vlaams)",bruin,bruin,Bruin,rgb,113,45,24,3,7,full,white,en,,1.1.5,
0,nl,"Dutch (Nederlands, Vlaams)",bruin,bruin,Bruin,rgb,53,46,7,3,8,full,white,en,,1.1.5,
0,nl,"Dutch (Nederlands, Vlaams)",blauw,blauw,Blauw,rgb,17,31,97,3,9,full,white,en,,1.1.5,
0,nl,"Dutch (Nederlands, Vlaams)",groen,groen,Groen,rgb,49,150,30,3,10,full,white,en,,1.1.5,
0,nl,"Dutch (Nederlands, Vlaams)",groen,groen,Groen,rgb,83,168,93,3,11,full,white,en,,1.1.5,
0,nl,"Dutch (Nederlands, Vlaams)",paars,paars,Paars,rgb,182,5,218,6,0,full,white,en,,1.1.5,
0,nl,"Dutch (Nederlands, Vlaams)",roze,roze,Roze,rgb,241,71,103,6,1,full,white,en,,1.1.5,
0,nl,"Dutch (Nederlands, Vlaams)",groen,groen,Groen,rgb,106,121,15,6,2,full,white,en,,1.1.5,
0,nl,"Dutch (Nederlands, Vlaams)",groen,groen,Groen,rgb,109,218,111,6,3,full,white,en,,1.1.5,
0,nl,"Dutch (Nederlands, Vlaams)",paars,paars,Paars,rgb,185,108,172,6,4,full,white,en,,1.1.5,
0,nl,"Dutch (Nederlands, Vlaams)",oranje,oranje,Oranje,rgb,232,114,75,6,5,full,white,en,,1.1.5,
0,nl,"Dutch (Nederlands, Vlaams)",roze,roze,Roze,rgb,234,173,190,6,6,full,white,en,,1.1.5,
0,nl,"Dutch (Nederlands, Vlaams)",blauw,blauw,Blauw,rgb,37,161,220,6,7,full,white,en,,1.1.5,
0,nl,"Dutch (Nederlands, Vlaams)",lichtroze,lichtroze,Lichtroze,rgb,236,229,222,6,8,full,white,en,,1.1.5,
0,nl,"Dutch (Nederlands, Vlaams)",blauw,blauw,Blauw,rgb,6,23,247,6,9,full,white,en,,1.1.5,
0,nl,"Dutch (Nederlands, Vlaams)",groen,groen,Groen,rgb,17,80,53,6,10,full,white,en,,1.1.5,
0,nl,"Dutch (Nederlands, Vlaams)",oudroze,oudroze,Oudroze,rgb,169,108,94,6,11,full,white,en,,1.1.5,
0,nl,"Dutch (Nederlands, Vlaams)",lichtgroen,licht groen,licht groen,rgb,175,219,77,1,0,full,white,en,,1.1.5,
0,nl,"Dutch (Nederlands, Vlaams)",blauw,blauw,blauw,rgb,19,95,176,1,1,full,white,en,,1.1.5,
0,nl,"Dutch (Nederlands, Vlaams)",blauw,blauw,blauw,rgb,29,51,192,1,2,full,white,en,,1.1.5,
0,nl,"Dutch (Nederlands, Vlaams)",donkergroen,donker groen,donker groen,rgb,26,86,99,1,3,full,white,en,,1.1.5,
0,nl,"Dutch (Nederlands, Vlaams)",grijsblauw,grijs blauw,grijs blauw,rgb,161,185,187,1,4,full,white,en,,1.1.5,
0,nl,"Dutch (Nederlands, Vlaams)",felgroen,fel groen,fel groen,rgb,38,232,77,1,5,full,white,en,,1.1.5,
0,nl,"Dutch (Nederlands, Vlaams)",groen,groen,groen,rgb,52,143,45,1,6,full,white,en,,1.1.5,
0,nl,"Dutch (Nederlands, Vlaams)",bruin,bruin,bruin,rgb,163,138,93,1,7,full,white,en,,1.1.5,
0,nl,"Dutch (Nederlands, Vlaams)",turkoois,turkoois,turkoois,rgb,163,219,175,1,8,full,white,en,,1.1.5,
0,nl,"Dutch (Nederlands, Vlaams)",roze,roze,roze,rgb,244,187,210,1,10,full,white,en,,1.1.5,
0,nl,"Dutch (Nederlands, Vlaams)",groen,groen,groen,rgb,51,165,143,1,11,full,white,en,,1.1.5,
0,nl,"Dutch (Nederlands, Vlaams)",paars,paars,paars,rgb,132,115,198,3,0,full,white,en,,1.1.5,
0,nl,"Dutch (Nederlands, Vlaams)",bruin,bruin,bruin,rgb,191,116,70,3,1,full,white,en,,1.1.5,
0,nl,"Dutch (Nederlands, Vlaams)",oranje,oranje,oranje,rgb,249,96,42,3,2,full,white,en,,1.1.5,
0,nl,"Dutch (Nederlands, Vlaams)",donkergroen,donker groen,donker groen,rgb,60,96,36,3,3,full,white,en,,1.1.5,
0,nl,"Dutch (Nederlands, Vlaams)",turkoois,turkoois,turkoois,rgb,55,184,215,3,4,full,white,en,,1.1.5,
0,nl,"Dutch (Nederlands, Vlaams)",rood,rood,rood,rgb,215,17,55,3,5,full,white,en,,1.1.5,
0,nl,"Dutch (Nederlands, Vlaams)",roze,roze,roze,rgb,216,110,161,3,6,full,white,en,,1.1.5,
0,nl,"Dutch (Nederlands, Vlaams)",paars,paars,paars,rgb,195,24,252,3,7,full,white,en,,1.1.5,
0,nl,"Dutch (Nederlands, Vlaams)",blauw,blauw,blauw,rgb,37,115,248,3,8,full,white,en,,1.1.5,
0,nl,"Dutch (Nederlands, Vlaams)",donkerrood,donker rood,donker rood,rgb,132,36,14,3,9,full,white,en,,1.1.5,
0,nl,"Dutch (Nederlands, Vlaams)",lila,lila,lila,rgb,174,183,231,3,10,full,white,en,,1.1.5,
0,nl,"Dutch (Nederlands, Vlaams)",donkerpaars,donker paars,donker paars,rgb,99,64,108,3,11,full,white,en,,1.1.5,
0,nl,"Dutch (Nederlands, Vlaams)",paars,paars,paars,rgb,150,5,143,6,0,full,white,en,,1.1.5,
0,nl,"Dutch (Nederlands, Vlaams)",blauw,blauw,blauw,rgb,32,255,250,6,1,full,white,en,,1.1.5,
0,nl,"Dutch (Nederlands, Vlaams)",ultramarijn,ultramarijn,ultramarijn,rgb,25,35,129,6,2,full,white,en,,1.1.5,
0,nl,"Dutch (Nederlands, Vlaams)",gebrandesienna,gebrande sienna,gebrande sienna,rgb,170,81,82,6,3,full,white,en,,1.1.5,
0,nl,"Dutch (Nederlands, Vlaams)",blauw,blauw,blauw,rgb,25,57,245,6,4,full,white,en,,1.1.5,
0,nl,"Dutch (Nederlands, Vlaams)",roze,roze,roze,rgb,226,9,116,6,5,full,white,en,,1.1.5,
0,nl,"Dutch (Nederlands, Vlaams)",geel,geel,geel,rgb,224,209,63,6,6,full,white,en,,1.1.5,
0,nl,"Dutch (Nederlands, Vlaams)",roze,roze,roze,rgb,252,47,174,6,7,full,white,en,,1.1.5,
0,nl,"Dutch (Nederlands, Vlaams)",oranje,oranje,oranje,rgb,235,167,66,6,8,full,white,en,,1.1.5,
0,nl,"Dutch (Nederlands, Vlaams)",roze,roze,roze,rgb,230,165,243,6,9,full,white,en,,1.1.5,
0,nl,"Dutch (Nederlands, Vlaams)",groen,groen,groen,rgb,17,242,186,6,10,full,white,en,,1.1.5,
0,nl,"Dutch (Nederlands, Vlaams)",roze,roze,roze,rgb,238,73,214,6,11,full,white,en,,1.1.5,
0,nl,"Dutch (Nederlands, Vlaams)",geel,geel,Geel,rgb,205,237,64,1,0,full,white,en,,1.1.5,
0,nl,"Dutch (Nederlands, Vlaams)",groen,groen,Groen,rgb,35,236,118,1,1,full,white,en,,1.1.5,
0,nl,"Dutch (Nederlands, Vlaams)",paars,paars,Paars,rgb,85,15,233,1,2,full,white,en,,1.1.5,
0,nl,"Dutch (Nederlands, Vlaams)",groen,groen,Groen,rgb,61,246,35,1,3,full,white,en,,1.1.5,
0,nl,"Dutch (Nederlands, Vlaams)",blauw,blauw,Blauw,rgb,1,75,254,1,4,full,white,en,,1.1.5,
0,nl,"Dutch (Nederlands, Vlaams)",rose,rose,Rose,rgb,249,64,222,1,5,full,white,en,,1.1.5,
0,nl,"Dutch (Nederlands, Vlaams)",violet,violet,Violet,rgb,156,85,214,1,6,full,white,en,,1.1.5,
0,nl,"Dutch (Nederlands, Vlaams)",bruin,bruin,Bruin,rgb,110,50,82,1,7,full,white,en,,1.1.5,
0,nl,"Dutch (Nederlands, Vlaams)",zwart,zwart,Zwart,rgb,75,68,126,1,8,full,white,en,,1.1.5,
0,nl,"Dutch (Nederlands, Vlaams)",rose,rose,Rose,rgb,228,130,175,1,9,full,white,en,,1.1.5,
0,nl,"Dutch (Nederlands, Vlaams)",blauw,blauw,Blauw,rgb,70,123,201,1,10,full,white,en,,1.1.5,
0,nl,"Dutch (Nederlands, Vlaams)",turquoise,turquoise,Turquoise,rgb,35,190,176,1,11,full,white,en,,1.1.5,
0,nl,"Dutch (Nederlands, Vlaams)",grijs,grijs,Grijs,rgb,162,175,145,3,0,full,white,en,,1.1.5,
0,nl,"Dutch (Nederlands, Vlaams)",oker,oker,Oker,rgb,197,186,118,3,1,full,white,en,,1.1.5,
0,nl,"Dutch (Nederlands, Vlaams)",oranje,oranje,Oranje,rgb,229,117,65,3,2,full,white,en,,1.1.5,
0,nl,"Dutch (Nederlands, Vlaams)",blauw,blauw,Blauw,rgb,53,58,192,3,3,full,white,en,,1.1.5,
0,nl,"Dutch (Nederlands, Vlaams)",blauw,blauw,Blauw,rgb,105,123,154,3,4,full,white,en,,1.1.5,
0,nl,"Dutch (Nederlands, Vlaams)",grijs,grijs,Grijs,rgb,172,187,198,3,5,full,white,en,,1.1.5,
0,nl,"Dutch (Nederlands, Vlaams)",turquoise,turquoise,Turquoise,rgb,21,188,210,3,6,full,white,en,,1.1.5,
0,nl,"Dutch (Nederlands, Vlaams)",lichtpaars,lichtpaars,Lichtpaars,rgb,157,168,228,3,7,full,white,en,,1.1.5,
0,nl,"Dutch (Nederlands, Vlaams)",rose,rose,Rose,rgb,225,189,222,3,8,full,white,en,,1.1.5,
0,nl,"Dutch (Nederlands, Vlaams)",donkergroen,donkergroen,Donkergroen,rgb,44,108,117,3,9,full,white,en,,1.1.5,
0,nl,"Dutch (Nederlands, Vlaams)",fluorose,fluorose,Fluorose,rgb,251,71,128,3,10,full,white,en,,1.1.5,
0,nl,"Dutch (Nederlands, Vlaams)",donkerblauw,donkerblauw,Donkerblauw,rgb,22,43,125,3,11,full,white,en,,1.1.5,
0,nl,"Dutch (Nederlands, Vlaams)",lichtgroen,lichtgroen,Lichtgroen,rgb,121,246,162,6,0,full,white,en,,1.1.5,
0,nl,"Dutch (Nederlands, Vlaams)",bruin,bruin,Bruin,rgb,181,111,81,6,1,full,white,en,,1.1.5,
0,nl,"Dutch (Nederlands, Vlaams)",rood,rood,Rood,rgb,236,66,85,6,2,full,white,en,,1.1.5,
0,nl,"Dutch (Nederlands, Vlaams)",zwart,zwart,Zwart,rgb,10,1,32,6,3,full,white,en,,1.1.5,
0,nl,"Dutch (Nederlands, Vlaams)",lichtgroen,lichtgroen,Lichtgroen,rgb,170,229,141,6,4,full,white,en,,1.1.5,
0,nl,"Dutch (Nederlands, Vlaams)",rood,rood,Rood,rgb,156,44,29,6,5,full,white,en,,1.1.5,
0,nl,"Dutch (Nederlands, Vlaams)",groen,groen,Groen,rgb,86,109,7,6,6,full,white,en,,1.1.5,
0,nl,"Dutch (Nederlands, Vlaams)",groen,groen,Groen,rgb,123,246,85,6,7,full,white,en,,1.1.5,
0,nl,"Dutch (Nederlands, Vlaams)",geel,geel,Geel,rgb,241,219,15,6,8,full,white,en,,1.1.5,
0,nl,"Dutch (Nederlands, Vlaams)",groen,groen,Groen,rgb,85,160,48,6,9,full,white,en,,1.1.5,
0,nl,"Dutch (Nederlands, Vlaams)",blauw,blauw,Blauw,rgb,28,191,254,6,10,full,white,en,,1.1.5,
0,nl,"Dutch (Nederlands, Vlaams)",turquoise,turquoise,Turquoise,rgb,171,239,222,6,11,full,white,en,,1.1.5,
0,nl,"Dutch (Nederlands, Vlaams)",violet,violet,violet,rgb,169,72,211,1,0,full,white,en,,1.1.5,
0,nl,"Dutch (Nederlands, Vlaams)",groen,groen,groen,rgb,1,152,123,1,1,full,white,en,,1.1.5,
0,nl,"Dutch (Nederlands, Vlaams)",bruin,bruin,bruin,rgb,101,20,36,1,2,full,white,en,,1.1.5,
0,nl,"Dutch (Nederlands, Vlaams)",blauw,blauw,blauw,rgb,69,98,221,1,3,full,white,en,,1.1.5,
0,nl,"Dutch (Nederlands, Vlaams)",lichtgroen,lichtgroen,lichtgroen,rgb,143,187,61,1,4,full,white,en,,1.1.5,
0,nl,"Dutch (Nederlands, Vlaams)",geel,geel,geel,rgb,236,198,32,1,5,full,white,en,,1.1.5,
0,nl,"Dutch (Nederlands, Vlaams)",lichtgroen,lichtgroen,lichtgroen,rgb,123,220,67,1,6,full,white,en,,1.1.5,
0,nl,"Dutch (Nederlands, Vlaams)",donkergroen,donkergroen,donkergroen,rgb,35,92,15,1,7,full,white,en,,1.1.5,
0,nl,"Dutch (Nederlands, Vlaams)",paars,paars,paars,rgb,88,14,139,1,8,full,white,en,,1.1.5,
0,nl,"Dutch (Nederlands, Vlaams)",zand,zand,zand,rgb,173,144,78,1,9,full,white,en,,1.1.5,
0,nl,"Dutch (Nederlands, Vlaams)",donkerblauw,donkerblauw,donkerblauw,rgb,51,69,121,1,10,full,white,en,,1.1.5,
0,nl,"Dutch (Nederlands, Vlaams)",mintgroen,mintgroen,mintgroen,rgb,177,240,227,1,11,full,white,en,,1.1.5,
0,nl,"Dutch (Nederlands, Vlaams)",bordeauxrood,bordeauxrood,Bordeauxrood,rgb,178,88,27,3,0,full,white,en,,1.1.5,
0,nl,"Dutch (Nederlands, Vlaams)",rood,rood,rood,rgb,224,40,21,3,1,full,white,en,,1.1.5,
0,nl,"Dutch (Nederlands, Vlaams)",grijsblauw,grijsblauw,grijsblauw,rgb,120,152,186,3,2,full,white,en,,1.1.5,
0,nl,"Dutch (Nederlands, Vlaams)",blauw,blauw,blauw,rgb,42,130,191,3,3,full,white,en,,1.1.5,
0,nl,"Dutch (Nederlands, Vlaams)",lichtgroen,lichtgroen,lichtgroen,rgb,151,228,147,3,5,full,white,en,,1.1.5,
0,nl,"Dutch (Nederlands, Vlaams)",lichtblauw,lichtblauw,lichtblauw,rgb,114,198,227,3,6,full,white,en,,1.1.5,
0,nl,"Dutch (Nederlands, Vlaams)",lichtpaars,lichtpaars,lichtpaars,rgb,182,139,226,3,7,full,white,en,,1.1.5,
0,nl,"Dutch (Nederlands, Vlaams)",bruin,bruin,bruin,rgb,169,114,81,3,8,full,white,en,,1.1.5,
0,nl,"Dutch (Nederlands, Vlaams)",zwart,zwart,zwart,rgb,64,26,4,3,9,full,white,en,,1.1.5,
0,nl,"Dutch (Nederlands, Vlaams)",fluorgroen,fluorgroen,fluorgroen,rgb,33,254,11,3,10,full,white,en,,1.1.5,
0,nl,"Dutch (Nederlands, Vlaams)",groen,groen,groen,rgb,123,182,148,3,11,full,white,en,,1.1.5,
0,nl,"Dutch (Nederlands, Vlaams)",groen,groen,groen,rgb,49,158,68,6,0,full,white,en,,1.1.5,
0,nl,"Dutch (Nederlands, Vlaams)",oranje,oranje,oranje,rgb,248,145,87,6,1,full,white,en,,1.1.5,
0,nl,"Dutch (Nederlands, Vlaams)",purper,purper,purper,rgb,131,24,110,6,2,full,white,en,,1.1.5,
0,nl,"Dutch (Nederlands, Vlaams)",rood,rood,rood,rgb,213,53,71,6,3,full,white,en,,1.1.5,
0,nl,"Dutch (Nederlands, Vlaams)",violet,violet,violet,rgb,247,12,252,6,4,full,white,en,,1.1.5,
0,nl,"Dutch (Nederlands, Vlaams)",donkerblauw,donkerblauw,donkerblauw,rgb,14,45,127,6,5,full,white,en,,1.1.5,
0,nl,"Dutch (Nederlands, Vlaams)",mintgroen,mintgroen,mintgroen,rgb,41,201,204,6,6,full,white,en,,1.1.5,
0,nl,"Dutch (Nederlands, Vlaams)",donkergroen,donkergroen,donkergroen,rgb,44,119,117,6,7,full,white,en,,1.1.5,
0,nl,"Dutch (Nederlands, Vlaams)",lichtrood,lichtrood,lichtrood,rgb,228,126,111,6,8,full,white,en,,1.1.5,
0,nl,"Dutch (Nederlands, Vlaams)",taupe,taupe,taupe,rgb,167,149,155,6,9,full,white,en,,1.1.5,
0,nl,"Dutch (Nederlands, Vlaams)",roze,roze,roze,rgb,228,106,155,6,10,full,white,en,,1.1.5,
0,nl,"Dutch (Nederlands, Vlaams)",groen,groen,groen,rgb,13,227,122,6,11,full,white,en,,1.1.5,
0,nl,"Dutch (Nederlands, Vlaams)",bruin,bruin,bruin,rgb,117,74,57,1,0,full,white,en,,1.1.5,
0,nl,"Dutch (Nederlands, Vlaams)",lila,lila,lila,rgb,180,140,186,1,1,full,white,en,,1.1.5,
0,nl,"Dutch (Nederlands, Vlaams)",donkerblauw,donkerblauw,donkerblauw,rgb,40,86,101,1,2,full,white,en,,1.1.5,
0,nl,"Dutch (Nederlands, Vlaams)",groen,groen,groen,rgb,120,197,11,1,3,full,white,en,,1.1.5,
0,nl,"Dutch (Nederlands, Vlaams)",groen,groen,groen,rgb,62,188,123,1,4,full,white,en,,1.1.5,
0,nl,"Dutch (Nederlands, Vlaams)",blauw,blauw,blauw,rgb,99,151,186,1,5,full,white,en,,1.1.5,
0,nl,"Dutch (Nederlands, Vlaams)",rood,rood,rood,rgb,193,65,76,1,7,full,white,en,,1.1.5,
0,nl,"Dutch (Nederlands, Vlaams)",lichtblauw,lichtblauw,lichtblauw,rgb,19,179,240,1,8,full,white,en,,1.1.5,
0,nl,"Dutch (Nederlands, Vlaams)",lichtbruin,lichtbruin,lichtbruin,rgb,173,159,141,1,9,full,white,en,,1.1.5,
0,nl,"Dutch (Nederlands, Vlaams)",lichtgroen,lichtgroen,lichtgroen,rgb,142,221,103,1,10,full,white,en,,1.1.5,
0,nl,"Dutch (Nederlands, Vlaams)",okergeel,okergeel,okergeel,rgb,215,208,74,1,11,full,white,en,,1.1.5,
0,nl,"Dutch (Nederlands, Vlaams)",grijsblauw,grijsblauw,grijsblauw,rgb,50,116,102,3,0,full,white,en,,1.1.5,
0,nl,"Dutch (Nederlands, Vlaams)",lichtblauw,lichtblauw,lichtblauw,rgb,136,243,232,3,1,full,white,en,,1.1.5,
0,nl,"Dutch (Nederlands, Vlaams)",okergeel,okergeel,okergeel,rgb,186,153,39,3,2,full,white,en,,1.1.5,
0,nl,"Dutch (Nederlands, Vlaams)",koningsblauw,koningsblauw,koningsblauw,rgb,40,84,219,3,3,full,white,en,,1.1.5,
0,nl,"Dutch (Nederlands, Vlaams)",donkerblauw,donkerblauw,donkerblauw,rgb,3,93,173,3,4,full,white,en,,1.1.5,
0,nl,"Dutch (Nederlands, Vlaams)",mintgroen,mintgroen,mintgroen,rgb,87,249,189,3,5,full,white,en,,1.1.5,
0,nl,"Dutch (Nederlands, Vlaams)",donkerrood,donkerrood,donkerrood,rgb,94,16,36,3,6,full,white,en,,1.1.5,
0,nl,"Dutch (Nederlands, Vlaams)",paars,paars,paars,rgb,137,71,180,3,7,full,white,en,,1.1.5,
0,nl,"Dutch (Nederlands, Vlaams)",lichtblauw,lichtblauw,lichtblauw,rgb,232,252,248,3,8,full,white,en,,1.1.5,
0,nl,"Dutch (Nederlands, Vlaams)",blauw,blauw,blauw,rgb,110,153,232,3,9,full,white,en,,1.1.5,
0,nl,"Dutch (Nederlands, Vlaams)",oranje,oranje,oranje,rgb,243,159,82,3,10,full,white,en,,1.1.5,
0,nl,"Dutch (Nederlands, Vlaams)",olijfgroen,olijfgroen,olijfgroen,rgb,119,162,121,3,11,full,white,en,,1.1.5,
0,nl,"Dutch (Nederlands, Vlaams)",donkerblauw,donkerblauw,donkerblauw,rgb,54,14,87,6,0,full,white,en,,1.1.5,
0,nl,"Dutch (Nederlands, Vlaams)",groen,groen,groen,rgb,102,233,38,6,1,full,white,en,,1.1.5,
0,nl,"Dutch (Nederlands, Vlaams)",rood,rood,rood,rgb,235,54,58,6,2,full,white,en,,1.1.5,
0,nl,"Dutch (Nederlands, Vlaams)",groen,groen,groen,rgb,51,224,114,6,3,full,white,en,,1.1.5,
0,nl,"Dutch (Nederlands, Vlaams)",blauw,blauw,blauw,rgb,18,97,146,6,4,full,white,en,,1.1.5,
0,nl,"Dutch (Nederlands, Vlaams)",zwart,zwart,zwart,rgb,10,6,46,6,5,full,white,en,,1.1.5,
0,nl,"Dutch (Nederlands, Vlaams)",oudroze,oudroze,oudroze,rgb,197,126,133,6,6,full,white,en,,1.1.5,
0,nl,"Dutch (Nederlands, Vlaams)",magenta,magenta,magenta,rgb,233,20,228,6,7,full,white,en,,1.1.5,
0,nl,"Dutch (Nederlands, Vlaams)",zwart,zwart,zwart,rgb,54,37,31,6,8,full,white,en,,1.1.5,
0,nl,"Dutch (Nederlands, Vlaams)",aquamarijn,aquamarijn,aquamarijn,rgb,29,169,185,6,9,full,white,en,,1.1.5,
0,nl,"Dutch (Nederlands, Vlaams)",olijfgroen,olijfgroen,olijfgroen,rgb,111,160,17,6,10,full,white,en,,1.1.5,
0,nl,"Dutch (Nederlands, Vlaams)",lila,lila,lila,rgb,210,169,250,6,11,full,white,en,,1.1.5,
0,nl,"Dutch (Nederlands, Vlaams)",wijnrood,wijnrood,wijnrood,rgb,134,99,105,1,0,full,white,en,,1.1.5,
0,nl,"Dutch (Nederlands, Vlaams)",donkergroen,donkergroen,donkergroen,rgb,12,79,30,1,2,full,white,en,,1.1.5,
0,nl,"Dutch (Nederlands, Vlaams)",blauw,blauw,blauw,rgb,4,85,198,1,3,full,white,en,,1.1.5,
0,nl,"Dutch (Nederlands, Vlaams)",lichtblauw,lichtblauw,lichtblauw,rgb,217,229,248,1,4,full,white,en,,1.1.5,
0,nl,"Dutch (Nederlands, Vlaams)",groen,groen,groen,rgb,111,162,50,1,5,full,white,en,,1.1.5,
0,nl,"Dutch (Nederlands, Vlaams)",donkerpaars,donkerpaars,donkerpaars,rgb,103,83,134,1,6,full,white,en,,1.1.5,
0,nl,"Dutch (Nederlands, Vlaams)",turquoise,turquoise,turquoise,rgb,47,231,191,1,7,full,white,en,,1.1.5,
0,nl,"Dutch (Nederlands, Vlaams)",mintgroen,mintgroen,mintgroen,rgb,174,254,183,1,8,full,white,en,,1.1.5,
0,nl,"Dutch (Nederlands, Vlaams)",donkerblauw,donkerblauw,donkerblauw,rgb,57,36,185,1,9,full,white,en,,1.1.5,
0,nl,"Dutch (Nederlands, Vlaams)",limegroen,limegroen,limegroen,rgb,176,250,110,1,10,full,white,en,,1.1.5,
0,nl,"Dutch (Nederlands, Vlaams)",paars,paars,paars,rgb,129,74,194,1,11,full,white,en,,1.1.5,
0,nl,"Dutch (Nederlands, Vlaams)",blauw,blauw,blauw,rgb,31,135,251,3,0,full,white,en,,1.1.5,
0,nl,"Dutch (Nederlands, Vlaams)",blauw,blauw,blauw,rgb,17,176,181,3,1,full,white,en,,1.1.5,
0,nl,"Dutch (Nederlands, Vlaams)",geel,geel,geel,rgb,209,238,137,3,2,full,white,en,,1.1.5,
0,nl,"Dutch (Nederlands, Vlaams)",donkerpaars,donkerpaars,donkerpaars,rgb,97,22,115,3,3,full,white,en,,1.1.5,
0,nl,"Dutch (Nederlands, Vlaams)",bruin,bruin,bruin,rgb,132,121,49,3,4,full,white,en,,1.1.5,
0,nl,"Dutch (Nederlands, Vlaams)",groen,groen,groen,rgb,24,162,64,3,5,full,white,en,,1.1.5,
0,nl,"Dutch (Nederlands, Vlaams)",lichtgroen,lichtgroen,lichtgroen,rgb,36,250,132,3,6,full,white,en,,1.1.5,
0,nl,"Dutch (Nederlands, Vlaams)",donkerblauw,donkerblauw,donkerblauw,rgb,50,7,211,3,7,full,white,en,,1.1.5,
0,nl,"Dutch (Nederlands, Vlaams)",roze,roze,roze,rgb,229,42,135,3,8,full,white,en,,1.1.5,
0,nl,"Dutch (Nederlands, Vlaams)",bruin,bruin,bruin,rgb,181,125,75,3,9,full,white,en,,1.1.5,
0,nl,"Dutch (Nederlands, Vlaams)",oranje,oranje,oranje,rgb,250,129,69,3,10,full,white,en,,1.1.5,
0,nl,"Dutch (Nederlands, Vlaams)",groen,groen,groen,rgb,41,150,99,3,11,full,white,en,,1.1.5,
0,nl,"Dutch (Nederlands, Vlaams)",babyblue,baby blue,baby blue,rgb,215,238,252,1,1,full,white,en,,1.1.5,
0,nl,"Dutch (Nederlands, Vlaams)",green,green,green,rgb,75,177,60,1,2,full,white,en,,1.1.5,
0,nl,"Dutch (Nederlands, Vlaams)",oceanblue,ocean blue,ocean blue,rgb,79,144,162,1,3,full,white,en,,1.1.5,
0,nl,"Dutch (Nederlands, Vlaams)",royalblue,royal blue,royal blue,rgb,54,74,189,1,4,full,white,en,,1.1.5,
0,nl,"Dutch (Nederlands, Vlaams)",orange,orange,orange,rgb,230,156,18,1,5,full,white,en,,1.1.5,
0,nl,"Dutch (Nederlands, Vlaams)",beige,beige,beige,rgb,220,217,165,1,6,full,white,en,,1.1.5,
0,nl,"Dutch (Nederlands, Vlaams)",red,red,red,rgb,246,53,60,1,7,full,white,en,,1.1.5,
0,nl,"Dutch (Nederlands, Vlaams)",darkgreen,dark green,dark green,rgb,2,69,69,1,8,full,white,en,,1.1.5,
0,nl,"Dutch (Nederlands, Vlaams)",appleblueseagreen,apple blue sea green,apple blue sea green,rgb,154,222,212,1,10,full,white,en,,1.1.5,
0,nl,"Dutch (Nederlands, Vlaams)",fluogreen,fluo green,fluo green,rgb,65,211,42,1,11,full,white,en,,1.1.5,
0,nl,"Dutch (Nederlands, Vlaams)",donkerblauw,donker blauw,Donker blauw,rgb,23,37,93,1,0,full,white,en,,1.1.5,
0,nl,"Dutch (Nederlands, Vlaams)",beige,beige,beige,rgb,180,166,116,1,1,full,white,en,,1.1.5,
0,nl,"Dutch (Nederlands, Vlaams)",blauw,blauw,blauw,rgb,4,124,218,1,2,full,white,en,,1.1.5,
0,nl,"Dutch (Nederlands, Vlaams)",blauw,blauw,blauw,rgb,104,241,242,1,3,full,white,en,,1.1.5,
0,nl,"Dutch (Nederlands, Vlaams)",lichtblauw,licht blauw,licht blauw,rgb,142,218,246,1,4,full,white,en,,1.1.5,
0,nl,"Dutch (Nederlands, Vlaams)",grijs,grijs,grijs,rgb,176,193,178,1,5,full,white,en,,1.1.5,
0,nl,"Dutch (Nederlands, Vlaams)",pastelgroen,pastel groen,pastel groen,rgb,174,254,170,1,6,full,white,en,,1.1.5,
0,nl,"Dutch (Nederlands, Vlaams)",groen,groen,groen,rgb,22,223,92,1,7,full,white,en,,1.1.5,
0,nl,"Dutch (Nederlands, Vlaams)",paars,paars,paars,rgb,176,135,229,1,8,full,white,en,,1.1.5,
0,nl,"Dutch (Nederlands, Vlaams)",rood,rood,rood,rgb,231,135,126,1,9,full,white,en,,1.1.5,
0,nl,"Dutch (Nederlands, Vlaams)",groen,groen,groen,rgb,80,198,146,1,10,full,white,en,,1.1.5,
0,nl,"Dutch (Nederlands, Vlaams)",kaki,kaki,kaki,rgb,168,164,44,1,11,full,white,en,,1.1.5,
0,nl,"Dutch (Nederlands, Vlaams)",felpaars,fel paars,fel paars,rgb,174,7,244,3,0,full,white,en,,1.1.5,
0,nl,"Dutch (Nederlands, Vlaams)",bordeaux,bordeaux,bordeaux,rgb,84,61,60,3,1,full,white,en,,1.1.5,
0,nl,"Dutch (Nederlands, Vlaams)",donkerroze,donker roze,donker roze,rgb,146,38,103,3,2,full,white,en,,1.1.5,
0,nl,"Dutch (Nederlands, Vlaams)",fluoroze,fluo roze,fluo roze,rgb,210,62,186,3,3,full,white,en,,1.1.5,
0,nl,"Dutch (Nederlands, Vlaams)",donkergrijspaars,donker grijs paars,donker grijs paars,rgb,140,102,118,3,4,full,white,en,,1.1.5,
0,nl,"Dutch (Nederlands, Vlaams)",fluogroen,fluo groen,fluo groen,rgb,101,254,21,3,5,full,white,en,,1.1.5,
0,nl,"Dutch (Nederlands, Vlaams)",groen,groen,groen,rgb,126,159,98,3,6,full,white,en,,1.1.5,
0,nl,"Dutch (Nederlands, Vlaams)",donkergroen,donker groen,donker groen,rgb,28,94,15,3,7,full,white,en,,1.1.5,
0,nl,"Dutch (Nederlands, Vlaams)",groen,groen,groen,rgb,112,188,100,3,8,full,white,en,,1.1.5,
0,nl,"Dutch (Nederlands, Vlaams)",donkerpaars,donker paars,donker paars,rgb,164,126,180,3,9,full,white,en,,1.1.5,
0,nl,"Dutch (Nederlands, Vlaams)",pastelroze,pastel roze,pastel roze,rgb,253,233,239,3,10,full,white,en,,1.1.5,
0,nl,"Dutch (Nederlands, Vlaams)",fluopaars,fluo paars,fluo paars,rgb,149,43,172,3,11,full,white,en,,1.1.5,
0,nl,"Dutch (Nederlands, Vlaams)",bruin,bruin,bruin,rgb,130,100,55,6,0,full,white,en,,1.1.5,
0,nl,"Dutch (Nederlands, Vlaams)",paars,paars,paars,rgb,93,52,198,6,1,full,white,en,,1.1.5,
0,nl,"Dutch (Nederlands, Vlaams)",kakigeel,kaki geel,kaki geel,rgb,217,217,58,6,2,full,white,en,,1.1.5,
0,nl,"Dutch (Nederlands, Vlaams)",babyblauw,baby blauw,baby blauw,rgb,102,176,253,6,3,full,white,en,,1.1.5,
0,nl,"Dutch (Nederlands, Vlaams)",paars,paars,paars,rgb,101,55,103,6,4,full,white,en,,1.1.5,
0,nl,"Dutch (Nederlands, Vlaams)",kakigroen,kaki groen,kaki groen,rgb,80,93,17,6,5,full,white,en,,1.1.5,
0,nl,"Dutch (Nederlands, Vlaams)",blauw,blauw,blauw,rgb,27,95,212,6,6,full,white,en,,1.1.5,
0,nl,"Dutch (Nederlands, Vlaams)",grijs,grijs,grijs,rgb,118,146,147,6,7,full,white,en,,1.1.5,
0,nl,"Dutch (Nederlands, Vlaams)",grijsblauw,grijs blauw,grijs blauw,rgb,71,85,131,6,8,full,white,en,,1.1.5,
0,nl,"Dutch (Nederlands, Vlaams)",bordeaux,bordeaux,bordeaux,rgb,129,8,16,6,9,full,white,en,,1.1.5,
0,nl,"Dutch (Nederlands, Vlaams)",bruin,bruin,bruin,rgb,168,117,25,6,10,full,white,en,,1.1.5,
0,nl,"Dutch (Nederlands, Vlaams)",bordeaux,bordeaux,bordeaux,rgb,55,9,6,6,11,full,white,en,,1.1.5,
0,nl,"Dutch (Nederlands, Vlaams)",groen,groen,groen,rgb,101,190,60,1,0,full,white,en,,1.1.5,
0,nl,"Dutch (Nederlands, Vlaams)",mosgroen,mosgroen,mosgroen,rgb,69,87,39,1,1,full,white,en,,1.1.5,
0,nl,"Dutch (Nederlands, Vlaams)",paars,paars,paars,rgb,94,31,99,1,2,full,white,en,,1.1.5,
0,nl,"Dutch (Nederlands, Vlaams)",lila,lila,lila,rgb,156,145,240,1,3,full,white,en,,1.1.5,
0,nl,"Dutch (Nederlands, Vlaams)",oranje,oranje,oranje,rgb,227,144,9,1,4,full,white,en,,1.1.5,
0,nl,"Dutch (Nederlands, Vlaams)",paars,paars,paars,rgb,177,105,249,1,5,full,white,en,,1.1.5,
0,nl,"Dutch (Nederlands, Vlaams)",blauw,blauw,blauw,rgb,84,155,167,1,6,full,white,en,,1.1.5,
0,nl,"Dutch (Nederlands, Vlaams)",paars,paars,paars,rgb,100,45,75,1,7,full,white,en,,1.1.5,
0,nl,"Dutch (Nederlands, Vlaams)",donkerblauw,donker blauw,donker blauw,rgb,9,63,161,1,8,full,white,en,,1.1.5,
0,nl,"Dutch (Nederlands, Vlaams)",grijs,grijs,grijs,rgb,88,85,114,1,9,full,white,en,,1.1.5,
0,nl,"Dutch (Nederlands, Vlaams)",oranje,oranje,oranje,rgb,197,111,37,1,10,full,white,en,,1.1.5,
0,nl,"Dutch (Nederlands, Vlaams)",grijs,grijs,grijs,rgb,145,145,130,1,11,full,white,en,,1.1.5,
0,nl,"Dutch (Nederlands, Vlaams)",groen,groen,Groen,rgb,122,252,16,1,0,full,white,en,,1.1.5,
0,nl,"Dutch (Nederlands, Vlaams)",paars,paars,Paars,rgb,183,103,228,1,1,full,white,en,,1.1.5,
0,nl,"Dutch (Nederlands, Vlaams)",donkerrood,donker rood,Donker rood,rgb,125,30,25,1,2,full,white,en,,1.1.5,
0,nl,"Dutch (Nederlands, Vlaams)",groen,groen,Groen,rgb,159,197,118,1,3,full,white,en,,1.1.5,
0,nl,"Dutch (Nederlands, Vlaams)",geel,geel,Geel,rgb,229,219,32,1,4,full,white,en,,1.1.5,
0,nl,"Dutch (Nederlands, Vlaams)",donkergroen,donker groen,Donker groen,rgb,68,129,112,1,5,full,white,en,,1.1.5,
0,nl,"Dutch (Nederlands, Vlaams)",lichtblauw,licht blauw,Licht blauw,rgb,42,179,232,1,6,full,white,en,,1.1.5,
0,nl,"Dutch (Nederlands, Vlaams)",groen,groen,Groen,rgb,56,190,122,1,7,full,white,en,,1.1.5,
0,nl,"Dutch (Nederlands, Vlaams)",roze,roze,Roze,rgb,209,19,194,1,8,full,white,en,,1.1.5,
0,nl,"Dutch (Nederlands, Vlaams)",grijs,grijs,Grijs,rgb,147,171,182,1,9,full,white,en,,1.1.5,
0,nl,"Dutch (Nederlands, Vlaams)",rood,rood,Rood,rgb,190,58,51,1,10,full,white,en,,1.1.5,
0,nl,"Dutch (Nederlands, Vlaams)",bruin,bruin,Bruin,rgb,86,37,42,1,11,full,white,en,,1.1.5,
0,nl,"Dutch (Nederlands, Vlaams)",lichtblauw,licht blauw,licht blauw,rgb,163,189,231,3,0,full,white,en,,1.1.5,
0,nl,"Dutch (Nederlands, Vlaams)",mosgroen,mosgroen,mosgroen,rgb,137,150,71,3,1,full,white,en,,1.1.5,
0,nl,"Dutch (Nederlands, Vlaams)",blauw,blauw,blauw,rgb,59,134,202,3,2,full,white,en,,1.1.5,
0,nl,"Dutch (Nederlands, Vlaams)",donkergroen,donker groen,donker groen,rgb,6,85,95,3,3,full,white,en,,1.1.5,
0,nl,"Dutch (Nederlands, Vlaams)",mosgroen,mosgroen,mosgroen,rgb,186,185,45,3,4,full,white,en,,1.1.5,
0,nl,"Dutch (Nederlands, Vlaams)",beige,beige,beige,rgb,207,201,185,3,5,full,white,en,,1.1.5,
0,nl,"Dutch (Nederlands, Vlaams)",oranje,oranje,oranje,rgb,226,191,117,3,6,full,white,en,,1.1.5,
0,nl,"Dutch (Nederlands, Vlaams)",groen,groen,groen,rgb,114,184,146,3,7,full,white,en,,1.1.5,
0,nl,"Dutch (Nederlands, Vlaams)",paars,paars,paars,rgb,136,15,72,3,8,full,white,en,,1.1.5,
0,nl,"Dutch (Nederlands, Vlaams)",roze,roze,roze,rgb,242,163,199,3,9,full,white,en,,1.1.5,
0,nl,"Dutch (Nederlands, Vlaams)",donkerblauw,donker blauw,donker blauw,rgb,16,42,167,3,10,full,white,en,,1.1.5,
0,nl,"Dutch (Nederlands, Vlaams)",rood,rood,rood,rgb,200,61,66,3,11,full,white,en,,1.1.5,
0,nl,"Dutch (Nederlands, Vlaams)",donkerpaars,donker paars,Donker paars,rgb,87,69,87,3,0,full,white,en,,1.1.5,
0,nl,"Dutch (Nederlands, Vlaams)",groen,groen,Groen,rgb,134,150,94,3,1,full,white,en,,1.1.5,
0,nl,"Dutch (Nederlands, Vlaams)",donkergroen,donker groen,Donker groen,rgb,84,94,63,3,2,full,white,en,,1.1.5,
0,nl,"Dutch (Nederlands, Vlaams)",groen,groen,Groen,rgb,12,245,157,3,3,full,white,en,,1.1.5,
0,nl,"Dutch (Nederlands, Vlaams)",beige,beige,Beige,rgb,203,197,153,3,4,full,white,en,,1.1.5,
0,nl,"Dutch (Nederlands, Vlaams)",blauw,blauw,Blauw,rgb,38,105,132,3,5,full,white,en,,1.1.5,
0,nl,"Dutch (Nederlands, Vlaams)",bruin,bruin,Bruin,rgb,174,119,4,3,6,full,white,en,,1.1.5,
0,nl,"Dutch (Nederlands, Vlaams)",groen,groen,Groen,rgb,41,189,50,3,7,full,white,en,,1.1.5,
0,nl,"Dutch (Nederlands, Vlaams)",roze,roze,Roze,rgb,245,38,176,3,8,full,white,en,,1.1.5,
0,nl,"Dutch (Nederlands, Vlaams)",donkerblauw,donker blauw,Donker blauw,rgb,27,38,71,3,9,full,white,en,,1.1.5,
0,nl,"Dutch (Nederlands, Vlaams)",velroze,vel roze,Vel roze,rgb,254,2,74,3,10,full,white,en,,1.1.5,
0,nl,"Dutch (Nederlands, Vlaams)",bruin,bruin,Bruin,rgb,158,95,43,3,11,full,white,en,,1.1.5,
0,nl,"Dutch (Nederlands, Vlaams)",paars,paars,paars,rgb,147,4,145,6,0,full,white,en,,1.1.5,
0,nl,"Dutch (Nederlands, Vlaams)",groen,groen,groen,rgb,139,247,105,6,1,full,white,en,,1.1.5,
0,nl,"Dutch (Nederlands, Vlaams)",zwart,zwart,zwart,rgb,32,43,20,6,2,full,white,en,,1.1.5,
0,nl,"Dutch (Nederlands, Vlaams)",paars,paars,paars,rgb,160,16,241,6,3,full,white,en,,1.1.5,
0,nl,"Dutch (Nederlands, Vlaams)",bordeaux,bordeaux,bordeaux,rgb,99,30,11,6,4,full,white,en,,1.1.5,
0,nl,"Dutch (Nederlands, Vlaams)",bruin,bruin,bruin,rgb,121,101,41,6,5,full,white,en,,1.1.5,
0,nl,"Dutch (Nederlands, Vlaams)",oudroze,oud roze,oud roze,rgb,164,113,128,6,6,full,white,en,,1.1.5,
0,nl,"Dutch (Nederlands, Vlaams)",groen,groen,groen,rgb,46,136,30,6,7,full,white,en,,1.1.5,
0,nl,"Dutch (Nederlands, Vlaams)",groen,groen,groen,rgb,102,250,57,6,8,full,white,en,,1.1.5,
0,nl,"Dutch (Nederlands, Vlaams)",geel,geel,geel,rgb,223,239,44,6,9,full,white,en,,1.1.5,
0,nl,"Dutch (Nederlands, Vlaams)",blauw,blauw,blauw,rgb,61,189,248,6,10,full,white,en,,1.1.5,
0,nl,"Dutch (Nederlands, Vlaams)",geel,geel,geel,rgb,249,197,19,6,11,full,white,en,,1.1.5,
0,nl,"Dutch (Nederlands, Vlaams)",paars,paars,Paars,rgb,166,44,252,6,0,full,white,en,,1.1.5,
0,nl,"Dutch (Nederlands, Vlaams)",donkergroen,donker groen,Donker groen,rgb,34,115,61,6,1,full,white,en,,1.1.5,
0,nl,"Dutch (Nederlands, Vlaams)",groen,groen,Groen,rgb,109,144,25,6,2,full,white,en,,1.1.5,
0,nl,"Dutch (Nederlands, Vlaams)",neongroen,neon groen,Neon groen,rgb,1,251,97,6,3,full,white,en,,1.1.5,
0,nl,"Dutch (Nederlands, Vlaams)",lila,lila,Lila,rgb,210,154,240,6,4,full,white,en,,1.1.5,
0,nl,"Dutch (Nederlands, Vlaams)",terquoise,terquoise,Terquoise,rgb,88,240,192,6,5,full,white,en,,1.1.5,
0,nl,"Dutch (Nederlands, Vlaams)",mauve,mauve,Mauve,rgb,173,123,145,6,6,full,white,en,,1.1.5,
0,nl,"Dutch (Nederlands, Vlaams)",paars,paars,Paars,rgb,118,113,232,6,7,full,white,en,,1.1.5,
0,nl,"Dutch (Nederlands, Vlaams)",donkerpaars,donker paars,Donker paars,rgb,98,98,142,6,8,full,white,en,,1.1.5,
0,nl,"Dutch (Nederlands, Vlaams)",goud,goud,Goud,rgb,179,155,65,6,9,full,white,en,,1.1.5,
0,nl,"Dutch (Nederlands, Vlaams)",blauw,blauw,Blauw,rgb,75,206,220,6,10,full,white,en,,1.1.5,
0,nl,"Dutch (Nederlands, Vlaams)",donderroze,donder roze,Donder roze,rgb,213,31,86,6,11,full,white,en,,1.1.5,
0,nl,"Dutch (Nederlands, Vlaams)",blauw,blauw,Blauw,rgb,147,168,248,1,0,full,white,en,,1.1.5,
0,nl,"Dutch (Nederlands, Vlaams)",rodewijn,rode wijn,Rode wijn,rgb,126,18,104,1,1,full,white,en,,1.1.5,
0,nl,"Dutch (Nederlands, Vlaams)",paars,paars,Paars,rgb,104,83,124,1,2,full,white,en,,1.1.5,
0,nl,"Dutch (Nederlands, Vlaams)",groen,groen,Groen,rgb,135,228,38,1,3,full,white,en,,1.1.5,
0,nl,"Dutch (Nederlands, Vlaams)",rood,rood,Rood,rgb,191,22,104,1,4,full,white,en,,1.1.5,
0,nl,"Dutch (Nederlands, Vlaams)",paars,paars,Paars,rgb,108,51,226,1,5,full,white,en,,1.1.5,
0,nl,"Dutch (Nederlands, Vlaams)",bruin,bruin,Bruin,rgb,147,100,69,1,6,full,white,en,,1.1.5,
0,nl,"Dutch (Nederlands, Vlaams)",roze,roze,Roze,rgb,208,140,222,1,7,full,white,en,,1.1.5,
0,nl,"Dutch (Nederlands, Vlaams)",marineblauw,marine blauw,Marine Blauw,rgb,28,97,132,1,8,full,white,en,,1.1.5,
0,nl,"Dutch (Nederlands, Vlaams)",geel,geel,Geel,rgb,250,250,39,1,9,full,white,en,,1.1.5,
0,nl,"Dutch (Nederlands, Vlaams)",oranje,oranje,Oranje,rgb,253,133,7,1,10,full,white,en,,1.1.5,
0,nl,"Dutch (Nederlands, Vlaams)",turquoise,turquoise,Turquoise,rgb,26,173,177,1,11,full,white,en,,1.1.5,
0,nl,"Dutch (Nederlands, Vlaams)",groen,groen,GROEN,rgb,68,137,73,3,0,full,white,en,,1.1.5,
0,nl,"Dutch (Nederlands, Vlaams)",paars,paars,PAARS,rgb,91,14,146,3,1,full,white,en,,1.1.5,
0,nl,"Dutch (Nederlands, Vlaams)",beige,beige,BEIGE,rgb,163,143,76,3,2,full,white,en,,1.1.5,
0,nl,"Dutch (Nederlands, Vlaams)",paars,paars,PAARS,rgb,168,23,149,3,3,full,white,en,,1.1.5,
0,nl,"Dutch (Nederlands, Vlaams)",roze,roze,ROZE,rgb,254,213,239,3,4,full,white,en,,1.1.5,
0,nl,"Dutch (Nederlands, Vlaams)",neonrood,neonrood,NEONROOD,rgb,249,75,90,3,5,full,white,en,,1.1.5,
0,nl,"Dutch (Nederlands, Vlaams)",magenta,magenta,MAGENTA,rgb,199,92,155,3,6,full,white,en,,1.1.5,
0,nl,"Dutch (Nederlands, Vlaams)",neongroen,neongroen,NEONGROEN,rgb,24,249,68,3,7,full,white,en,,1.1.5,
0,nl,"Dutch (Nederlands, Vlaams)",kaki,kaki,KAKI,rgb,132,154,54,3,8,full,white,en,,1.1.5,
0,nl,"Dutch (Nederlands, Vlaams)",donkergrijs,donkergrijs,DONKERGRIJS,rgb,25,50,64,3,9,full,white,en,,1.1.5,
0,nl,"Dutch (Nederlands, Vlaams)",groen,groen,GROEN,rgb,89,186,54,3,10,full,white,en,,1.1.5,
0,nl,"Dutch (Nederlands, Vlaams)",blauw,blauw,BLAUW,rgb,169,190,233,3,11,full,white,en,,1.1.5,
0,nl,"Dutch (Nederlands, Vlaams)",oranje,oranje,ORANJE,rgb,215,145,20,6,0,full,white,en,,1.1.5,
0,nl,"Dutch (Nederlands, Vlaams)",bruin,bruin,BRUIN,rgb,133,50,6,6,1,full,white,en,,1.1.5,
0,nl,"Dutch (Nederlands, Vlaams)",paars,paars,PAARS,rgb,115,83,222,6,2,full,white,en,,1.1.5,
0,nl,"Dutch (Nederlands, Vlaams)",taupe,taupe,TAUPE,rgb,211,175,155,6,3,full,white,en,,1.1.5,
0,nl,"Dutch (Nederlands, Vlaams)",marineblauw,marine blauw,MARINE BLAUW,rgb,36,32,106,6,4,full,white,en,,1.1.5,
0,nl,"Dutch (Nederlands, Vlaams)",groen,groen,Groen,rgb,161,220,147,6,5,full,white,en,,1.1.5,
0,nl,"Dutch (Nederlands, Vlaams)",kaki,kaki,KAKI,rgb,167,183,146,6,6,full,white,en,,1.1.5,
0,nl,"Dutch (Nederlands, Vlaams)",zalmkleur,zalmkleur,ZALMKLEUR,rgb,239,161,130,6,7,full,white,en,,1.1.5,
0,nl,"Dutch (Nederlands, Vlaams)",groen,groen,GROEN,rgb,40,131,13,6,8,full,white,en,,1.1.5,
0,nl,"Dutch (Nederlands, Vlaams)",blauw,blauw,BLAUW,rgb,63,93,203,6,9,full,white,en,,1.1.5,
0,nl,"Dutch (Nederlands, Vlaams)",legergroen,legergroen,LEGERGROEN,rgb,48,86,34,6,10,full,white,en,,1.1.5,
0,nl,"Dutch (Nederlands, Vlaams)",roze,roze,ROZE,rgb,198,39,234,6,11,full,white,en,,1.1.5,
0,nl,"Dutch (Nederlands, Vlaams)",paars,paars,paars,rgb,160,131,169,1,0,full,white,en,,1.1.5,
0,nl,"Dutch (Nederlands, Vlaams)",oranje,oranje,oranje,rgb,237,177,159,1,1,full,white,en,,1.1.5,
0,nl,"Dutch (Nederlands, Vlaams)",groen,groen,groen,rgb,113,146,72,1,2,full,white,en,,1.1.5,
0,nl,"Dutch (Nederlands, Vlaams)",bruing,bruing,bruing,rgb,80,25,19,1,3,full,white,en,,1.1.5,
0,nl,"Dutch (Nederlands, Vlaams)",geel,geel,geel,rgb,242,221,134,1,4,full,white,en,,1.1.5,
0,nl,"Dutch (Nederlands, Vlaams)",groen,groen,groen,rgb,37,255,189,1,5,full,white,en,,1.1.5,
0,nl,"Dutch (Nederlands, Vlaams)",paars,paars,paars,rgb,208,48,199,1,6,full,white,en,,1.1.5,
0,nl,"Dutch (Nederlands, Vlaams)",paars,paars,paars,rgb,157,18,135,1,7,full,white,en,,1.1.5,
0,nl,"Dutch (Nederlands, Vlaams)",groen,groen,groen,rgb,69,239,16,1,8,full,white,en,,1.1.5,
0,nl,"Dutch (Nederlands, Vlaams)",paars,paars,paars,rgb,230,132,249,1,9,full,white,en,,1.1.5,
0,nl,"Dutch (Nederlands, Vlaams)",oranje,oranje,oranje,rgb,221,170,13,1,10,full,white,en,,1.1.5,
0,nl,"Dutch (Nederlands, Vlaams)",donkerpaars,donker paars,donker paars,rgb,23,18,72,1,11,full,white,en,,1.1.5,
0,nl,"Dutch (Nederlands, Vlaams)",paars,paars,paars,rgb,216,61,250,3,0,full,white,en,,1.1.5,
0,nl,"Dutch (Nederlands, Vlaams)",groen,groen,groen,rgb,150,242,81,3,1,full,white,en,,1.1.5,
0,nl,"Dutch (Nederlands, Vlaams)",blauw,blauw,blauw,rgb,72,41,187,3,2,full,white,en,,1.1.5,
0,nl,"Dutch (Nederlands, Vlaams)",groen,groen,groen,rgb,29,146,100,3,3,full,white,en,,1.1.5,
0,nl,"Dutch (Nederlands, Vlaams)",blauw,blauw,blauw,rgb,79,96,209,3,4,full,white,en,,1.1.5,
0,nl,"Dutch (Nederlands, Vlaams)",bruin,bruin,bruin,rgb,184,140,93,3,5,full,white,en,,1.1.5,
0,nl,"Dutch (Nederlands, Vlaams)",groen,groen,groen,rgb,102,197,182,3,6,full,white,en,,1.1.5,
0,nl,"Dutch (Nederlands, Vlaams)",paars,paars,paars,rgb,220,79,183,3,7,full,white,en,,1.1.5,
0,nl,"Dutch (Nederlands, Vlaams)",blauw,blauw,blauw,rgb,83,114,155,3,8,full,white,en,,1.1.5,
0,nl,"Dutch (Nederlands, Vlaams)",groen,groen,groen,rgb,108,162,1,3,9,full,white,en,,1.1.5,
0,nl,"Dutch (Nederlands, Vlaams)",rood,rood,rood,rgb,205,46,89,3,10,full,white,en,,1.1.5,
0,nl,"Dutch (Nederlands, Vlaams)",rood,rood,rood,rgb,251,5,35,3,11,full,white,en,,1.1.5,
0,nl,"Dutch (Nederlands, Vlaams)",groen,groen,groen,rgb,40,247,142,6,0,full,white,en,,1.1.5,
0,nl,"Dutch (Nederlands, Vlaams)",bruin,bruin,bruin,rgb,166,87,22,6,1,full,white,en,,1.1.5,
0,nl,"Dutch (Nederlands, Vlaams)",blauw,blauw,blauw,rgb,114,95,243,6,2,full,white,en,,1.1.5,
0,nl,"Dutch (Nederlands, Vlaams)",paars,paars,paars,rgb,105,45,73,6,3,full,white,en,,1.1.5,
0,nl,"Dutch (Nederlands, Vlaams)",groen,groen,groen,rgb,75,195,93,6,4,full,white,en,,1.1.5,
0,nl,"Dutch (Nederlands, Vlaams)",bruin,bruin,bruin,rgb,136,94,87,6,5,full,white,en,,1.1.5,
0,nl,"Dutch (Nederlands, Vlaams)",zwart,zwart,zwart,rgb,3,44,17,6,6,full,white,en,,1.1.5,
0,nl,"Dutch (Nederlands, Vlaams)",blauw,blauw,blauw,rgb,10,138,206,6,7,full,white,en,,1.1.5,
0,nl,"Dutch (Nederlands, Vlaams)",groen,groen,groen,rgb,50,77,77,6,8,full,white,en,,1.1.5,
0,nl,"Dutch (Nederlands, Vlaams)",paars,paars,paars,rgb,127,53,172,6,9,full,white,en,,1.1.5,
0,nl,"Dutch (Nederlands, Vlaams)",blauw,blauw,blauw,rgb,51,197,245,6,10,full,white,en,,1.1.5,
0,nl,"Dutch (Nederlands, Vlaams)",roze,roze,roze,rgb,236,132,161,6,11,full,white,en,,1.1.5,
15797,nl,"Dutch (Nederlands, Vlaams)",groen,groen,groen,rgb,0,90,66,1,0,full,white,en,,1.1.5,
15797,nl,"Dutch (Nederlands, Vlaams)",lichtcyaan,lichtcyaan,lichtcyaan,rgb,121,160,145,1,1,full,white,en,,1.1.5,
15797,nl,"Dutch (Nederlands, Vlaams)",donkercyaan,donkercyaan,donkercyaan,rgb,34,63,72,1,2,full,white,en,,1.1.5,
15797,nl,"Dutch (Nederlands, Vlaams)",oranje,oranje,oranje,rgb,208,134,93,1,3,full,white,en,,1.1.5,
15797,nl,"Dutch (Nederlands, Vlaams)",donkergroen,donkergroen,donkergroen,rgb,25,66,10,1,4,full,white,en,,1.1.5,
15797,nl,"Dutch (Nederlands, Vlaams)",bruin,bruin,bruin,rgb,100,42,27,1,5,full,white,en,,1.1.5,
15797,nl,"Dutch (Nederlands, Vlaams)",lichtblauw,lichtblauw,lichtblauw,rgb,88,149,211,1,6,full,white,en,,1.1.5,
15797,nl,"Dutch (Nederlands, Vlaams)",beige,beige,beige,rgb,208,178,105,1,7,full,white,en,,1.1.5,
15797,nl,"Dutch (Nederlands, Vlaams)",paars,paars,paars,rgb,72,59,196,1,8,full,white,en,,1.1.5,
15797,nl,"Dutch (Nederlands, Vlaams)",lichtblauw,lichtblauw,lichtblauw,rgb,168,218,237,1,9,full,white,en,,1.1.5,
15797,nl,"Dutch (Nederlands, Vlaams)",lichtgroen,lichtgroen,lichtgroen,rgb,57,217,116,1,10,full,white,en,,1.1.5,
15797,nl,"Dutch (Nederlands, Vlaams)",rood,rood,rood,rgb,156,18,13,1,11,full,white,en,,1.1.5,
15797,nl,"Dutch (Nederlands, Vlaams)",lichtblauw,lichtblauw,lichtblauw,rgb,46,188,193,3,0,full,white,en,,1.1.5,
15797,nl,"Dutch (Nederlands, Vlaams)",lichtblauw,lichtblauw,lichtblauw,rgb,170,218,194,3,1,full,white,en,,1.1.5,
15797,nl,"Dutch (Nederlands, Vlaams)",roze,roze,roze,rgb,250,54,249,3,2,full,white,en,,1.1.5,
15797,nl,"Dutch (Nederlands, Vlaams)",roze,roze,roze,rgb,171,122,194,3,3,full,white,en,,1.1.5,
15797,nl,"Dutch (Nederlands, Vlaams)",donkerroze,donkerroze,donkerroze,rgb,187,56,112,3,4,full,white,en,,1.1.5,
15797,nl,"Dutch (Nederlands, Vlaams)",lichtgroen,lichtgroen,lichtgroen,rgb,145,224,79,3,5,full,white,en,,1.1.5,
15797,nl,"Dutch (Nederlands, Vlaams)",lichtgroen,lichtgroen,lichtgroen,rgb,160,220,129,3,6,full,white,en,,1.1.5,
15797,nl,"Dutch (Nederlands, Vlaams)",oranje,oranje,oranje,rgb,242,121,52,3,7,full,white,en,,1.1.5,
15797,nl,"Dutch (Nederlands, Vlaams)",oranje,oranje,oranje,rgb,228,168,37,3,8,full,white,en,,1.1.5,
15797,nl,"Dutch (Nederlands, Vlaams)",lichtcyaan,lichtcyaan,lichtcyaan,rgb,114,226,169,3,9,full,white,en,,1.1.5,
15797,nl,"Dutch (Nederlands, Vlaams)",paars,paars,paars,rgb,195,104,208,3,10,full,white,en,,1.1.5,
15797,nl,"Dutch (Nederlands, Vlaams)",geel,geel,geel,rgb,217,208,76,3,11,full,white,en,,1.1.5,
15797,nl,"Dutch (Nederlands, Vlaams)",roze,roze,roze,rgb,247,26,199,6,0,full,white,en,,1.1.5,
15797,nl,"Dutch (Nederlands, Vlaams)",donkerpaars,donkerpaars,donkerpaars,rgb,49,14,78,6,1,full,white,en,,1.1.5,
15797,nl,"Dutch (Nederlands, Vlaams)",blauw,blauw,blauw,rgb,72,97,171,6,2,full,white,en,,1.1.5,
15797,nl,"Dutch (Nederlands, Vlaams)",rood,rood,rood,rgb,216,20,59,6,3,full,white,en,,1.1.5,
15797,nl,"Dutch (Nederlands, Vlaams)",bruin,bruin,bruin,rgb,106,75,25,6,4,full,white,en,,1.1.5,
15797,nl,"Dutch (Nederlands, Vlaams)",lichtblauw,lichtblauw,lichtblauw,rgb,32,155,253,6,5,full,white,en,,1.1.5,
15797,nl,"Dutch (Nederlands, Vlaams)",donkerroze,donkerroze,donkerroze,rgb,203,88,91,6,6,full,white,en,,1.1.5,
15797,nl,"Dutch (Nederlands, Vlaams)",roze,roze,roze,rgb,185,1,158,6,7,full,white,en,,1.1.5,
15797,nl,"Dutch (Nederlands, Vlaams)",roze,roze,roze,rgb,193,91,251,6,8,full,white,en,,1.1.5,
15797,nl,"Dutch (Nederlands, Vlaams)",oranje,oranje,oranje,rgb,233,70,31,6,9,full,white,en,,1.1.5,
15797,nl,"Dutch (Nederlands, Vlaams)",groen,groen,groen,rgb,90,143,94,6,10,full,white,en,,1.1.5,
15797,nl,"Dutch (Nederlands, Vlaams)",zwart,zwart,zwart,rgb,17,17,11,6,11,full,white,en,,1.1.5,
15997,nl,"Dutch (Nederlands, Vlaams)",magenta,magenta,Magenta,rgb,209,10,199,1,0,full,white,en,,1.1.5,
15997,nl,"Dutch (Nederlands, Vlaams)",munt,munt,Munt,rgb,157,254,204,1,1,full,white,en,,1.1.5,
15997,nl,"Dutch (Nederlands, Vlaams)",groen,groen,Groen,rgb,10,180,117,1,2,full,white,en,,1.1.5,
15997,nl,"Dutch (Nederlands, Vlaams)",bruin,bruin,Bruin,rgb,174,113,35,1,3,full,white,en,,1.1.5,
15997,nl,"Dutch (Nederlands, Vlaams)",lila,lila,Lila,rgb,164,176,241,1,4,full,white,en,,1.1.5,
15997,nl,"Dutch (Nederlands, Vlaams)",paars,paars,Paars,rgb,81,32,136,1,5,full,white,en,,1.1.5,
15997,nl,"Dutch (Nederlands, Vlaams)",blauw,blauw,Blauw,rgb,15,108,236,1,6,full,white,en,,1.1.5,
15997,nl,"Dutch (Nederlands, Vlaams)",marineblauw,marineblauw,marineblauw,rgb,34,44,98,1,7,full,white,en,,1.1.5,
15997,nl,"Dutch (Nederlands, Vlaams)",mosterdgeel,mosterdgeel,Mosterdgeel,rgb,175,190,7,1,8,full,white,en,,1.1.5,
15997,nl,"Dutch (Nederlands, Vlaams)",chartreuse,chartreuse,Chartreuse,rgb,94,240,0,1,9,full,white,en,,1.1.5,
15997,nl,"Dutch (Nederlands, Vlaams)",blauw,blauw,Blauw,rgb,33,135,235,1,10,full,white,en,,1.1.5,
15997,nl,"Dutch (Nederlands, Vlaams)",blauw,blauw,Blauw,rgb,23,17,209,1,11,full,white,en,,1.1.5,
15997,nl,"Dutch (Nederlands, Vlaams)",oranje,oranje,Oranje,rgb,227,165,70,3,0,full,white,en,,1.1.5,
15997,nl,"Dutch (Nederlands, Vlaams)",munt,munt,Munt,rgb,7,226,193,3,1,full,white,en,,1.1.5,
15997,nl,"Dutch (Nederlands, Vlaams)",bruin,bruin,Bruin,rgb,151,136,89,3,2,full,white,en,,1.1.5,
15997,nl,"Dutch (Nederlands, Vlaams)",paars,paars,Paars,rgb,152,112,181,3,3,full,white,en,,1.1.5,
15997,nl,"Dutch (Nederlands, Vlaams)",groen,groen,Groen,rgb,4,147,5,3,4,full,white,en,,1.1.5,
15997,nl,"Dutch (Nederlands, Vlaams)",magenta,magenta,Magenta,rgb,164,74,168,3,5,full,white,en,,1.1.5,
15997,nl,"Dutch (Nederlands, Vlaams)",blauw,blauw,Blauw,rgb,83,224,255,3,6,full,white,en,,1.1.5,
15997,nl,"Dutch (Nederlands, Vlaams)",lila,lila,Lila,rgb,168,99,243,3,7,full,white,en,,1.1.5,
15997,nl,"Dutch (Nederlands, Vlaams)",blauw,blauw,Blauw,rgb,13,65,209,3,8,full,white,en,,1.1.5,
15997,nl,"Dutch (Nederlands, Vlaams)",groen,groen,Groen,rgb,106,145,73,3,9,full,white,en,,1.1.5,
15997,nl,"Dutch (Nederlands, Vlaams)",grijs,grijs,Grijs,rgb,193,215,225,3,10,full,white,en,,1.1.5,
15997,nl,"Dutch (Nederlands, Vlaams)",rood,rood,Rood,rgb,222,113,116,3,11,full,white,en,,1.1.5,
16104,nl,"Dutch (Nederlands, Vlaams)",oker,oker,oker,rgb,243,201,6,1,0,full,white,en,,1.1.5,
16104,nl,"Dutch (Nederlands, Vlaams)",lichtgroen,lichtgroen,lichtgroen,rgb,183,221,163,1,1,full,white,en,,1.1.5,
16104,nl,"Dutch (Nederlands, Vlaams)",donkerpaars,donkerpaars,donkerpaars,rgb,89,32,98,1,2,full,white,en,,1.1.5,
16104,nl,"Dutch (Nederlands, Vlaams)",marine,marine,marine,rgb,64,107,172,1,3,full,white,en,,1.1.5,
16104,nl,"Dutch (Nederlands, Vlaams)",bordeaux,bordeaux,bordeaux,rgb,174,46,64,1,4,full,white,en,,1.1.5,
16104,nl,"Dutch (Nederlands, Vlaams)",olijf,olijf,olijf,rgb,162,152,77,1,5,full,white,en,,1.1.5,
16104,nl,"Dutch (Nederlands, Vlaams)",grijsbruin,grijsbruin,grijsbruin,rgb,162,164,126,1,6,full,white,en,,1.1.5,
16104,nl,"Dutch (Nederlands, Vlaams)",appelblauwzeegroen,appelblauwzeegroen,appelblauwzeegroen,rgb,82,217,147,1,7,full,white,en,,1.1.5,
16104,nl,"Dutch (Nederlands, Vlaams)",roze,roze,roze,rgb,221,87,125,1,8,full,white,en,,1.1.5,
16104,nl,"Dutch (Nederlands, Vlaams)",paars,paars,paars,rgb,156,49,149,1,9,full,white,en,,1.1.5,
16104,nl,"Dutch (Nederlands, Vlaams)",groen,groen,groen,rgb,105,171,6,1,10,full,white,en,,1.1.5,
16104,nl,"Dutch (Nederlands, Vlaams)",bruin,bruin,bruin,rgb,166,119,31,1,11,full,white,en,,1.1.5,
16104,nl,"Dutch (Nederlands, Vlaams)",paars,paars,paars,rgb,211,98,176,3,0,full,white,en,,1.1.5,
16104,nl,"Dutch (Nederlands, Vlaams)",blauw,blauw,blauw,rgb,18,86,180,3,1,full,white,en,,1.1.5,
16104,nl,"Dutch (Nederlands, Vlaams)",donkergroen,donkergroen,donkergroen,rgb,10,116,31,3,2,full,white,en,,1.1.5,
16104,nl,"Dutch (Nederlands, Vlaams)",lichtpaars,lichtpaars,lichtpaars,rgb,175,154,182,3,3,full,white,en,,1.1.5,
16104,nl,"Dutch (Nederlands, Vlaams)",bruinpaars,bruinpaars,bruinpaars,rgb,121,78,87,3,4,full,white,en,,1.1.5,
16104,nl,"Dutch (Nederlands, Vlaams)",bordeaux,bordeaux,bordeaux,rgb,134,19,6,3,5,full,white,en,,1.1.5,
16104,nl,"Dutch (Nederlands, Vlaams)",oranje,oranje,oranje,rgb,244,160,56,3,6,full,white,en,,1.1.5,
16104,nl,"Dutch (Nederlands, Vlaams)",babyblauw,babyblauw,babyblauw,rgb,134,171,233,3,7,full,white,en,,1.1.5,
16104,nl,"Dutch (Nederlands, Vlaams)",groen,groen,groen,rgb,8,127,88,3,8,full,white,en,,1.1.5,
16104,nl,"Dutch (Nederlands, Vlaams)",donkerblauw,donkerblauw,donkerblauw,rgb,28,59,189,3,9,full,white,en,,1.1.5,
16104,nl,"Dutch (Nederlands, Vlaams)",olijf,olijf,olijf,rgb,151,155,18,3,10,full,white,en,,1.1.5,
16104,nl,"Dutch (Nederlands, Vlaams)",zwart,zwart,zwart,rgb,27,12,21,3,11,full,white,en,,1.1.5,
16104,nl,"Dutch (Nederlands, Vlaams)",paars,paars,paars,rgb,197,4,182,6,0,full,white,en,,1.1.5,
16104,nl,"Dutch (Nederlands, Vlaams)",groen,groen,groen,rgb,24,231,125,6,1,full,white,en,,1.1.5,
16104,nl,"Dutch (Nederlands, Vlaams)",aarde,aarde,aarde,rgb,207,76,19,6,2,full,white,en,,1.1.5,
16104,nl,"Dutch (Nederlands, Vlaams)",donkerblauw,donkerblauw,donkerblauw,rgb,22,136,184,6,3,full,white,en,,1.1.5,
16104,nl,"Dutch (Nederlands, Vlaams)",indigo,indigo,indigo,rgb,196,137,217,6,4,full,white,en,,1.1.5,
16104,nl,"Dutch (Nederlands, Vlaams)",zwart,zwart,zwart,rgb,71,32,63,6,5,full,white,en,,1.1.5,
16104,nl,"Dutch (Nederlands, Vlaams)",geelgroen,geelgroen,geelgroen,rgb,223,247,131,6,6,full,white,en,,1.1.5,
16104,nl,"Dutch (Nederlands, Vlaams)",roze,roze,roze,rgb,250,19,179,6,7,full,white,en,,1.1.5,
16104,nl,"Dutch (Nederlands, Vlaams)",zwart,zwart,zwart,rgb,4,35,8,6,8,full,white,en,,1.1.5,
16104,nl,"Dutch (Nederlands, Vlaams)",lila,lila,lila,rgb,237,186,232,6,9,full,white,en,,1.1.5,
16104,nl,"Dutch (Nederlands, Vlaams)",grijsblauw,grijsblauw,grijsblauw,rgb,131,168,186,6,10,full,white,en,,1.1.5,
16104,nl,"Dutch (Nederlands, Vlaams)",oranjerood,oranjerood,oranjerood,rgb,240,96,96,6,11,full,white,en,,1.1.5,
0,nl,"Dutch (Nederlands, Vlaams)",green,green,green,rgb,75,98,92,1,0,full,white,en,,1.1.5,
0,nl,"Dutch (Nederlands, Vlaams)",pink,pink,pink,rgb,243,150,206,1,1,full,white,en,,1.1.5,
0,nl,"Dutch (Nederlands, Vlaams)",orange,orange,orange,rgb,247,83,33,1,2,full,white,en,,1.1.5,
0,nl,"Dutch (Nederlands, Vlaams)",blonde,blonde,blonde,rgb,247,231,133,1,3,full,white,en,,1.1.5,
0,nl,"Dutch (Nederlands, Vlaams)",magenta,magenta,magenta,rgb,131,39,117,1,6,full,white,en,,1.1.5,
0,nl,"Dutch (Nederlands, Vlaams)",lightgreen,light green,light green,rgb,90,199,65,1,0,full,white,en,,1.1.5,
0,nl,"Dutch (Nederlands, Vlaams)",cyan,cyan,cyan,rgb,5,196,224,1,1,full,white,en,,1.1.5,
0,nl,"Dutch (Nederlands, Vlaams)",royalblue,royal blue,royal blue,rgb,30,86,158,1,2,full,white,en,,1.1.5,
0,nl,"Dutch (Nederlands, Vlaams)",darknavy,dark navy,dark navy,rgb,19,44,45,1,3,full,white,en,,1.1.5,
0,nl,"Dutch (Nederlands, Vlaams)",darkgreenandblue,dark green and blue,dark green and blue,rgb,111,136,133,1,4,full,white,en,,1.1.5,
0,nl,"Dutch (Nederlands, Vlaams)",lightorange,light orange,light orange,rgb,247,124,82,1,5,full,white,en,,1.1.5,
0,nl,"Dutch (Nederlands, Vlaams)",lila,lila,lila,rgb,126,94,215,1,6,full,white,en,,1.1.5,
0,nl,"Dutch (Nederlands, Vlaams)",darkpurple,dark purple,dark purple,rgb,38,24,136,1,7,full,white,en,,1.1.5,
0,nl,"Dutch (Nederlands, Vlaams)",pink,pink,pink,rgb,229,116,231,1,8,full,white,en,,1.1.5,
0,nl,"Dutch (Nederlands, Vlaams)",red,red,red,rgb,239,56,67,1,9,full,white,en,,1.1.5,
0,nl,"Dutch (Nederlands, Vlaams)",bluegrey,blue grey,blue grey,rgb,134,155,204,1,10,full,white,en,,1.1.5,
0,nl,"Dutch (Nederlands, Vlaams)",crimson,crimson,crimson,rgb,192,66,93,1,11,full,white,en,,1.1.5,
0,nl,"Dutch (Nederlands, Vlaams)",bruin,bruin,Bruin,rgb,148,93,89,3,0,full,white,en,,1.1.5,
0,nl,"Dutch (Nederlands, Vlaams)",paars,paars,Paars,rgb,121,121,214,3,1,full,white,en,,1.1.5,
0,nl,"Dutch (Nederlands, Vlaams)",donkerpaars,donker paars,Donker paars,rgb,58,56,102,3,2,full,white,en,,1.1.5,
0,nl,"Dutch (Nederlands, Vlaams)",groen,groen,groen,rgb,73,230,47,3,3,full,white,en,,1.1.5,
0,nl,"Dutch (Nederlands, Vlaams)",fusia,fusia,fusia,rgb,199,102,147,3,4,full,white,en,,1.1.5,
0,nl,"Dutch (Nederlands, Vlaams)",lichtroos,licht roos,licht roos,rgb,210,181,205,3,5,full,white,en,,1.1.5,
0,nl,"Dutch (Nederlands, Vlaams)",cyaan,cyaan,cyaan,rgb,177,221,185,3,6,full,white,en,,1.1.5,
0,nl,"Dutch (Nederlands, Vlaams)",bordeaux,bordeaux,bordeaux,rgb,85,21,20,3,7,full,white,en,,1.1.5,
0,nl,"Dutch (Nederlands, Vlaams)",limoen,limoen,limoen,rgb,238,249,147,3,8,full,white,en,,1.1.5,
0,nl,"Dutch (Nederlands, Vlaams)",donkerroos,donker roos,donker roos,rgb,138,36,116,3,9,full,white,en,,1.1.5,
0,nl,"Dutch (Nederlands, Vlaams)",kaki,kaki,kaki,rgb,120,113,81,3,10,full,white,en,,1.1.5,
0,nl,"Dutch (Nederlands, Vlaams)",donkerblauw,donkerblauw,donkerblauw,rgb,10,23,209,3,11,full,white,en,,1.1.5,
0,nl,"Dutch (Nederlands, Vlaams)",koper,koper,Koper,rgb,202,132,62,6,0,full,white,en,,1.1.5,
0,nl,"Dutch (Nederlands, Vlaams)",limoen,limoen,limoen,rgb,193,252,125,6,1,full,white,en,,1.1.5,
0,nl,"Dutch (Nederlands, Vlaams)",goudgrijs,goudgrijs,goudgrijs,rgb,189,184,151,6,2,full,white,en,,1.1.5,
0,nl,"Dutch (Nederlands, Vlaams)",gebrokenwit,gebroken wit,gebroken wit,rgb,242,235,233,6,3,full,white,en,,1.1.5,
0,nl,"Dutch (Nederlands, Vlaams)",lichtblauw,lichtblauw,lichtblauw,rgb,171,236,243,6,4,full,white,en,,1.1.5,
0,nl,"Dutch (Nederlands, Vlaams)",goudgeel,goudgeel,goudgeel,rgb,163,166,83,6,5,full,white,en,,1.1.5,
0,nl,"Dutch (Nederlands, Vlaams)",rood,rood,rood,rgb,180,88,72,6,6,full,white,en,,1.1.5,
0,nl,"Dutch (Nederlands, Vlaams)",appelblauwzeegroen,appelblauwzeegroen,appelblauwzeegroen,rgb,57,175,169,6,7,full,white,en,,1.1.5,
0,nl,"Dutch (Nederlands, Vlaams)",donkerblauw,donker blauw,donker blauw,rgb,47,84,251,6,8,full,white,en,,1.1.5,
0,nl,"Dutch (Nederlands, Vlaams)",groen,groen,groen,rgb,12,156,76,6,9,full,white,en,,1.1.5,
0,nl,"Dutch (Nederlands, Vlaams)",turqoise,turqoise,turqoise,rgb,3,154,113,6,10,full,white,en,,1.1.5,
0,nl,"Dutch (Nederlands, Vlaams)",donkergroen,donker groen,donker groen,rgb,51,106,51,6,11,full,white,en,,1.1.5,
0,nl,"Dutch (Nederlands, Vlaams)",babyblauw,babyblauw,babyblauw,rgb,53,234,250,1,0,full,white,en,,1.1.5,
0,nl,"Dutch (Nederlands, Vlaams)",zachtpaars,zacht paars,zacht paars,rgb,199,178,201,1,1,full,white,en,,1.1.5,
0,nl,"Dutch (Nederlands, Vlaams)",mosterd,mosterd,mosterd,rgb,186,162,13,1,2,full,white,en,,1.1.5,
0,nl,"Dutch (Nederlands, Vlaams)",roodpaars,roodpaars,roodpaars,rgb,129,71,102,1,3,full,white,en,,1.1.5,
0,nl,"Dutch (Nederlands, Vlaams)",salie,salie,salie,rgb,204,207,193,1,4,full,white,en,,1.1.5,
0,nl,"Dutch (Nederlands, Vlaams)",eigeek,eigeek,eigeek,rgb,225,193,121,1,5,full,white,en,,1.1.5,
0,nl,"Dutch (Nederlands, Vlaams)",bosgroen,bosgroen,bosgroen,rgb,35,76,27,1,6,full,white,en,,1.1.5,
0,nl,"Dutch (Nederlands, Vlaams)",rood,rood,rood,rgb,84,23,28,1,7,full,white,en,,1.1.5,
0,nl,"Dutch (Nederlands, Vlaams)",groen,groen,groen,rgb,48,54,40,1,8,full,white,en,,1.1.5,
0,nl,"Dutch (Nederlands, Vlaams)",groen,groen,groen,rgb,38,162,72,1,9,full,white,en,,1.1.5,
0,nl,"Dutch (Nederlands, Vlaams)",blauw,blauw,blauw,rgb,105,183,171,1,10,full,white,en,,1.1.5,
0,nl,"Dutch (Nederlands, Vlaams)",paarsblauw,paarsblauw,paarsblauw,rgb,64,43,207,1,11,full,white,en,,1.1.5,
0,nl,"Dutch (Nederlands, Vlaams)",blauw,blauw,blauw,rgb,53,127,215,3,0,full,white,en,,1.1.5,
0,nl,"Dutch (Nederlands, Vlaams)",oranje,oranje,oranje,rgb,227,120,72,3,1,full,white,en,,1.1.5,
0,nl,"Dutch (Nederlands, Vlaams)",paars,paars,paars,rgb,100,60,146,3,2,full,white,en,,1.1.5,
0,nl,"Dutch (Nederlands, Vlaams)",lichtpaars,lichtpaars,lichtpaars,rgb,168,110,217,3,3,full,white,en,,1.1.5,
0,nl,"Dutch (Nederlands, Vlaams)",groen,groen,groen,rgb,149,140,72,3,4,full,white,en,,1.1.5,
0,nl,"Dutch (Nederlands, Vlaams)",groen,groen,groen,rgb,163,231,143,3,5,full,white,en,,1.1.5,
0,nl,"Dutch (Nederlands, Vlaams)",roze,roze,roze,rgb,244,120,202,3,6,full,white,en,,1.1.5,
0,nl,"Dutch (Nederlands, Vlaams)",blauw,blauw,blauw,rgb,64,131,158,3,7,full,white,en,,1.1.5,
0,nl,"Dutch (Nederlands, Vlaams)",roze,roze,roze,rgb,218,138,145,3,8,full,white,en,,1.1.5,
0,nl,"Dutch (Nederlands, Vlaams)",oranje,oranje,oranje,rgb,214,131,20,3,9,full,white,en,,1.1.5,
0,nl,"Dutch (Nederlands, Vlaams)",blauw,blauw,blauw,rgb,66,24,251,3,10,full,white,en,,1.1.5,
0,nl,"Dutch (Nederlands, Vlaams)",roze,roze,roze,rgb,229,25,122,3,11,full,white,en,,1.1.5,
0,nl,"Dutch (Nederlands, Vlaams)",groen,groen,groen,rgb,197,200,14,6,0,full,white,en,,1.1.5,
0,nl,"Dutch (Nederlands, Vlaams)",blauw,blauw,blauw,rgb,171,235,228,6,1,full,white,en,,1.1.5,
0,nl,"Dutch (Nederlands, Vlaams)",roze,roze,roze,rgb,209,90,222,6,2,full,white,en,,1.1.5,
0,nl,"Dutch (Nederlands, Vlaams)",groen,groen,groen,rgb,91,250,193,6,3,full,white,en,,1.1.5,
0,nl,"Dutch (Nederlands, Vlaams)",blauw,blauw,blauw,rgb,46,182,222,6,4,full,white,en,,1.1.5,
0,nl,"Dutch (Nederlands, Vlaams)",rood,rood,rood,rgb,251,93,84,6,5,full,white,en,,1.1.5,
0,nl,"Dutch (Nederlands, Vlaams)",groen,groen,groen,rgb,27,188,131,6,6,full,white,en,,1.1.5,
0,nl,"Dutch (Nederlands, Vlaams)",paars,paars,paars,rgb,185,101,153,6,7,full,white,en,,1.1.5,
0,nl,"Dutch (Nederlands, Vlaams)",groen,groen,groen,rgb,226,248,204,6,8,full,white,en,,1.1.5,
0,nl,"Dutch (Nederlands, Vlaams)",geel,geel,geel,rgb,249,198,0,6,9,full,white,en,,1.1.5,
0,nl,"Dutch (Nederlands, Vlaams)",rood,rood,rood,rgb,174,18,17,6,10,full,white,en,,1.1.5,
0,nl,"Dutch (Nederlands, Vlaams)",groen,groen,groen,rgb,140,187,131,6,11,full,white,en,,1.1.5,
16853,nl,"Dutch (Nederlands, Vlaams)",turquoise,turquoise,turquoise,rgb,98,211,142,1,0,full,white,en,,1.1.5,
16853,nl,"Dutch (Nederlands, Vlaams)",middernachtblauw,middernacht blauw,middernacht blauw,rgb,20,2,57,1,1,full,white,en,,1.1.5,
16853,nl,"Dutch (Nederlands, Vlaams)",groen,groen,groen,rgb,15,140,7,1,2,full,white,en,,1.1.5,
16853,nl,"Dutch (Nederlands, Vlaams)",donkerpaars,donkerpaars,donkerpaars,rgb,57,29,140,1,3,full,white,en,,1.1.5,
16853,nl,"Dutch (Nederlands, Vlaams)",lichtblauw,lichtblauw,lichtblauw,rgb,69,198,230,1,4,full,white,en,,1.1.5,
16853,nl,"Dutch (Nederlands, Vlaams)",lichtbruin,lichtbruin,lichtbruin,rgb,205,130,78,1,5,full,white,en,,1.1.5,
16853,nl,"Dutch (Nederlands, Vlaams)",paars,paars,paars,rgb,149,40,78,1,6,full,white,en,,1.1.5,
16853,nl,"Dutch (Nederlands, Vlaams)",bruin,bruin,bruin,rgb,104,66,26,1,7,full,white,en,,1.1.5,
16853,nl,"Dutch (Nederlands, Vlaams)",pistachegroen,pistache groen,pistache groen,rgb,157,197,149,1,8,full,white,en,,1.1.5,
16853,nl,"Dutch (Nederlands, Vlaams)",donkergroen,donkergroen,donkergroen,rgb,21,67,36,1,9,full,white,en,,1.1.5,
16853,nl,"Dutch (Nederlands, Vlaams)",limoen,limoen,limoen,rgb,186,241,71,1,10,full,white,en,,1.1.5,
16853,nl,"Dutch (Nederlands, Vlaams)",pastelblauw,pastel blauw,pastel blauw,rgb,176,199,224,1,11,full,white,en,,1.1.5,
16853,nl,"Dutch (Nederlands, Vlaams)",gifgroen,gif groen,gif groen,rgb,213,227,98,3,0,full,white,en,,1.1.5,
16853,nl,"Dutch (Nederlands, Vlaams)",zand,zand,zand,rgb,234,231,166,3,1,full,white,en,,1.1.5,
16853,nl,"Dutch (Nederlands, Vlaams)",groen,groen,groen,rgb,87,143,112,3,2,full,white,en,,1.1.5,
16853,nl,"Dutch (Nederlands, Vlaams)",blauw,blauw,blauw,rgb,12,138,212,3,3,full,white,en,,1.1.5,
16853,nl,"Dutch (Nederlands, Vlaams)",paars,paars,paars,rgb,182,64,177,3,4,full,white,en,,1.1.5,
16853,nl,"Dutch (Nederlands, Vlaams)",zalm,zalm,zalm,rgb,234,193,164,3,5,full,white,en,,1.1.5,
16853,nl,"Dutch (Nederlands, Vlaams)",fluoblauw,fluo blauw,fluo blauw,rgb,103,249,234,3,6,full,white,en,,1.1.5,
16853,nl,"Dutch (Nederlands, Vlaams)",roze,roze,roze,rgb,224,130,179,3,7,full,white,en,,1.1.5,
16853,nl,"Dutch (Nederlands, Vlaams)",bruin,bruin,bruin,rgb,159,123,96,3,8,full,white,en,,1.1.5,
16853,nl,"Dutch (Nederlands, Vlaams)",cyaan,cyaan,cyaan,rgb,73,184,177,3,9,full,white,en,,1.1.5,
16853,nl,"Dutch (Nederlands, Vlaams)",babyroze,baby roze,baby roze,rgb,254,183,252,3,10,full,white,en,,1.1.5,
16853,nl,"Dutch (Nederlands, Vlaams)",cyaan,cyaan,cyaan,rgb,51,137,161,3,11,full,white,en,,1.1.5,
16853,nl,"Dutch (Nederlands, Vlaams)",zalm,zalm,zalm,rgb,234,108,89,6,0,full,white,en,,1.1.5,
16853,nl,"Dutch (Nederlands, Vlaams)",fluoroze,fluo roze,fluo roze,rgb,213,14,132,6,1,full,white,en,,1.1.5,
16853,nl,"Dutch (Nederlands, Vlaams)",fluogroen,fluo groen,fluo groen,rgb,15,226,28,6,2,full,white,en,,1.1.5,
16853,nl,"Dutch (Nederlands, Vlaams)",aubergine,aubergine,aubergine,rgb,75,52,83,6,3,full,white,en,,1.1.5,
16853,nl,"Dutch (Nederlands, Vlaams)",paars,paars,paars,rgb,113,75,216,6,4,full,white,en,,1.1.5,
16853,nl,"Dutch (Nederlands, Vlaams)",kaki,kaki,kaki,rgb,137,114,43,6,5,full,white,en,,1.1.5,
16853,nl,"Dutch (Nederlands, Vlaams)",donkerturquoise,donker turquoise,donker turquoise,rgb,21,76,78,6,6,full,white,en,,1.1.5,
16853,nl,"Dutch (Nederlands, Vlaams)",bosgroen,bosgroen,bosgroen,rgb,36,105,17,6,7,full,white,en,,1.1.5,
16853,nl,"Dutch (Nederlands, Vlaams)",rood,rood,rood,rgb,215,25,10,6,8,full,white,en,,1.1.5,
16853,nl,"Dutch (Nederlands, Vlaams)",groen,groen,groen,rgb,136,180,79,6,9,full,white,en,,1.1.5,
16853,nl,"Dutch (Nederlands, Vlaams)",geelbruin,geelbruin,geelbruin,rgb,236,170,76,6,10,full,white,en,,1.1.5,
16853,nl,"Dutch (Nederlands, Vlaams)",roze,roze,roze,rgb,235,179,191,6,11,full,white,en,,1.1.5,
17435,nl,"Dutch (Nederlands, Vlaams)",blauw,blauw,BLAUW,rgb,60,140,193,1,0,full,white,en,,1.1.5,
17435,nl,"Dutch (Nederlands, Vlaams)",donkerblauw,donker blauw,DONKER BLAUW,rgb,64,106,230,1,1,full,white,en,,1.1.5,
17435,nl,"Dutch (Nederlands, Vlaams)",fluofroen,fluo froen,FLUO FROEN,rgb,19,240,27,1,2,full,white,en,,1.1.5,
17435,nl,"Dutch (Nederlands, Vlaams)",paars,paars,PAARS,rgb,167,79,233,1,3,full,white,en,,1.1.5,
17435,nl,"Dutch (Nederlands, Vlaams)",lavendel,lavendel,LAVENDEL,rgb,211,161,250,1,4,full,white,en,,1.1.5,
17435,nl,"Dutch (Nederlands, Vlaams)",donkerpaars,donker paars,DONKER PAARS,rgb,154,4,229,1,5,full,white,en,,1.1.5,
17435,nl,"Dutch (Nederlands, Vlaams)",beige,beige,BEIGE,rgb,245,226,197,1,6,full,white,en,,1.1.5,
17435,nl,"Dutch (Nederlands, Vlaams)",magenta,magenta,MAGENTA,rgb,188,19,143,1,7,full,white,en,,1.1.5,
17435,nl,"Dutch (Nederlands, Vlaams)",groen,groen,GROEN,rgb,123,212,108,1,8,full,white,en,,1.1.5,
17435,nl,"Dutch (Nederlands, Vlaams)",paars,paars,paars,rgb,148,78,120,1,9,full,white,en,,1.1.5,
17435,nl,"Dutch (Nederlands, Vlaams)",cyaan,cyaan,CYAAN,rgb,5,215,175,1,10,full,white,en,,1.1.5,
17435,nl,"Dutch (Nederlands, Vlaams)",donkergroen,donker groen,DONKER GROEN,rgb,17,93,57,1,11,full,white,en,,1.1.5,
17435,nl,"Dutch (Nederlands, Vlaams)",roze,roze,roze,rgb,248,98,171,3,0,full,white,en,,1.1.5,
17435,nl,"Dutch (Nederlands, Vlaams)",felroze,fel roze,fel roze,rgb,239,31,108,3,1,full,white,en,,1.1.5,
17435,nl,"Dutch (Nederlands, Vlaams)",blauw,blauw,BLAUW,rgb,24,111,191,3,2,full,white,en,,1.1.5,
17435,nl,"Dutch (Nederlands, Vlaams)",groengeel,groen geel,groen-geel,rgb,175,181,13,3,3,full,white,en,,1.1.5,
17435,nl,"Dutch (Nederlands, Vlaams)",donkerpaaars,donker paaars,donker paaars,rgb,116,49,120,3,4,full,white,en,,1.1.5,
17435,nl,"Dutch (Nederlands, Vlaams)",rood,rood,rood,rgb,163,14,13,3,5,full,white,en,,1.1.5,
17435,nl,"Dutch (Nederlands, Vlaams)",paars,paars,paars,rgb,132,6,83,3,6,full,white,en,,1.1.5,
17435,nl,"Dutch (Nederlands, Vlaams)",limoengroen,limoen groen,limoen groen,rgb,200,229,99,3,7,full,white,en,,1.1.5,
17435,nl,"Dutch (Nederlands, Vlaams)",lavendel,lavendel,lavendel,rgb,192,176,222,3,8,full,white,en,,1.1.5,
17435,nl,"Dutch (Nederlands, Vlaams)",blauwgroen,blauw groen,blauw-groen,rgb,109,171,118,3,9,full,white,en,,1.1.5,
17435,nl,"Dutch (Nederlands, Vlaams)",cyaan,cyaan,cyaan,rgb,23,160,150,3,10,full,white,en,,1.1.5,
17435,nl,"Dutch (Nederlands, Vlaams)",donkerblauw,donker blauw,donker blauw,rgb,12,62,227,3,11,full,white,en,,1.1.5,
17435,nl,"Dutch (Nederlands, Vlaams)",donkeroranje,donker oranje,donker oranje,rgb,230,130,52,6,0,full,white,en,,1.1.5,
17435,nl,"Dutch (Nederlands, Vlaams)",donkerpaars,donker paars,donker paars,rgb,85,3,157,6,1,full,white,en,,1.1.5,
17435,nl,"Dutch (Nederlands, Vlaams)",oranje,oranje,oranje,rgb,234,71,27,6,2,full,white,en,,1.1.5,
17435,nl,"Dutch (Nederlands, Vlaams)",moerasgroen,moeras groen,moeras groen,rgb,130,138,27,6,3,full,white,en,,1.1.5,
17435,nl,"Dutch (Nederlands, Vlaams)",paars,paars,paars,rgb,123,13,138,6,4,full,white,en,,1.1.5,
17435,nl,"Dutch (Nederlands, Vlaams)",donkermoerasgroen,donker moeras groen,donker moeras groen,rgb,86,95,17,6,5,full,white,en,,1.1.5,
17435,nl,"Dutch (Nederlands, Vlaams)",groenblauw,groen blauw,groen blauw,rgb,32,199,124,6,6,full,white,en,,1.1.5,
17435,nl,"Dutch (Nederlands, Vlaams)",blauwgrjs,blauw grjs,blauw grjs,rgb,50,79,102,6,7,full,white,en,,1.1.5,
17435,nl,"Dutch (Nederlands, Vlaams)",beige,beige,beige,rgb,201,171,106,6,8,full,white,en,,1.1.5,
17435,nl,"Dutch (Nederlands, Vlaams)",groen,groen,groen,rgb,103,121,86,6,9,full,white,en,,1.1.5,
17435,nl,"Dutch (Nederlands, Vlaams)",lichtblauw,licht blauw,licht blauw,rgb,33,203,224,6,10,full,white,en,,1.1.5,
17435,nl,"Dutch (Nederlands, Vlaams)",roze,roze,roze,rgb,218,120,192,6,11,full,white,en,,1.1.5,
17930,nl,"Dutch (Nederlands, Vlaams)",groen,groen,Groen,rgb,73,130,102,1,0,full,white,en,,1.1.5,
17930,nl,"Dutch (Nederlands, Vlaams)",zalm,zalm,Zalm,rgb,202,145,161,1,1,full,white,en,,1.1.5,
17930,nl,"Dutch (Nederlands, Vlaams)",lila,lila,Lila,rgb,132,109,192,1,2,full,white,en,,1.1.5,
17930,nl,"Dutch (Nederlands, Vlaams)",lichtbruin,lichtbruin,Lichtbruin,rgb,216,167,113,1,3,full,white,en,,1.1.5,
17930,nl,"Dutch (Nederlands, Vlaams)",roze,roze,Roze,rgb,249,119,208,1,4,full,white,en,,1.1.5,
17930,nl,"Dutch (Nederlands, Vlaams)",blauw,blauw,Blauw,rgb,13,93,232,1,5,full,white,en,,1.1.5,
17930,nl,"Dutch (Nederlands, Vlaams)",paars,paars,Paars,rgb,165,105,223,1,6,full,white,en,,1.1.5,
17930,nl,"Dutch (Nederlands, Vlaams)",magenta,magenta,Magenta,rgb,117,0,148,1,7,full,white,en,,1.1.5,
17930,nl,"Dutch (Nederlands, Vlaams)",cyaan,cyaan,Cyaan,rgb,71,188,215,1,8,full,white,en,,1.1.5,
17930,nl,"Dutch (Nederlands, Vlaams)",legergroen,legergroen,Legergroen,rgb,145,140,89,1,9,full,white,en,,1.1.5,
17930,nl,"Dutch (Nederlands, Vlaams)",grijs,grijs,Grijs,rgb,134,148,154,1,10,full,white,en,,1.1.5,
17930,nl,"Dutch (Nederlands, Vlaams)",blauw,blauw,Blauw,rgb,25,142,234,1,11,full,white,en,,1.1.5,
18242,nl,"Dutch (Nederlands, Vlaams)",groenblauw,groenblauw,Groenblauw,rgb,31,163,158,1,0,full,white,en,,1.1.5,
18242,nl,"Dutch (Nederlands, Vlaams)",donkerpaars,donker paars,Donker paars,rgb,106,82,144,1,1,full,white,en,,1.1.5,
18242,nl,"Dutch (Nederlands, Vlaams)",groen,groen,Groen,rgb,58,135,86,1,2,full,white,en,,1.1.5,
18242,nl,"Dutch (Nederlands, Vlaams)",beige,beige,Beige,rgb,205,172,123,1,3,full,white,en,,1.1.5,
18242,nl,"Dutch (Nederlands, Vlaams)",paars,paars,Paars,rgb,198,134,201,1,4,full,white,en,,1.1.5,
18242,nl,"Dutch (Nederlands, Vlaams)",groen,groen,Groen,rgb,41,178,57,1,5,full,white,en,,1.1.5,
18242,nl,"Dutch (Nederlands, Vlaams)",groen,groen,Groen,rgb,101,146,16,1,6,full,white,en,,1.1.5,
18242,nl,"Dutch (Nederlands, Vlaams)",donkergroen,donker groen,Donker groen,rgb,36,85,74,1,7,full,white,en,,1.1.5,
18242,nl,"Dutch (Nederlands, Vlaams)",rood,rood,Rood,rgb,250,13,26,1,8,full,white,en,,1.1.5,
18242,nl,"Dutch (Nederlands, Vlaams)",paars,paars,Paars,rgb,150,32,132,1,9,full,white,en,,1.1.5,
18242,nl,"Dutch (Nederlands, Vlaams)",zalm,zalm,Zalm,rgb,255,145,95,1,10,full,white,en,,1.1.5,
18242,nl,"Dutch (Nederlands, Vlaams)",lichtgroen,licht groen,Licht groen,rgb,137,171,145,1,11,full,white,en,,1.1.5,
18242,nl,"Dutch (Nederlands, Vlaams)",rood,rood,Rood,rgb,220,1,87,3,0,full,white,en,,1.1.5,
18242,nl,"Dutch (Nederlands, Vlaams)",donkerblauw,donker blauw,Donker blauw,rgb,46,35,241,3,1,full,white,en,,1.1.5,
18242,nl,"Dutch (Nederlands, Vlaams)",blauw,blauw,Blauw,rgb,33,116,233,3,2,full,white,en,,1.1.5,
18242,nl,"Dutch (Nederlands, Vlaams)",roze,roze,Roze,rgb,242,112,229,3,3,full,white,en,,1.1.5,
18242,nl,"Dutch (Nederlands, Vlaams)",geel,geel,Geel,rgb,214,228,78,3,4,full,white,en,,1.1.5,
18242,nl,"Dutch (Nederlands, Vlaams)",felgroen,fel groen,Fel groen,rgb,89,248,85,3,5,full,white,en,,1.1.5,
18242,nl,"Dutch (Nederlands, Vlaams)",donkerblauw,donker blauw,Donker blauw,rgb,41,21,109,3,6,full,white,en,,1.1.5,
18242,nl,"Dutch (Nederlands, Vlaams)",lichtgroen,licht groen,Licht groen,rgb,153,233,140,3,7,full,white,en,,1.1.5,
18242,nl,"Dutch (Nederlands, Vlaams)",felgroen,fel groen,Fel groen,rgb,53,240,146,3,8,full,white,en,,1.1.5,
18242,nl,"Dutch (Nederlands, Vlaams)",donkerrood,donker rood,Donker rood,rgb,154,14,35,3,9,full,white,en,,1.1.5,
18242,nl,"Dutch (Nederlands, Vlaams)",lichtpaars,licht paars,Licht paars,rgb,171,161,254,3,10,full,white,en,,1.1.5,
18242,nl,"Dutch (Nederlands, Vlaams)",bruin,bruin,Bruin,rgb,65,59,36,3,11,full,white,en,,1.1.5,
18242,nl,"Dutch (Nederlands, Vlaams)",geel,geel,Geel,rgb,249,213,88,6,0,full,white,en,,1.1.5,
18242,nl,"Dutch (Nederlands, Vlaams)",paars,paars,Paars,rgb,108,80,235,6,1,full,white,en,,1.1.5,
18242,nl,"Dutch (Nederlands, Vlaams)",grijsblauw,grijs blauw,Grijs blauw,rgb,73,113,173,6,2,full,white,en,,1.1.5,
18242,nl,"Dutch (Nederlands, Vlaams)",fuxia,fuxia,Fuxia,rgb,174,7,184,6,3,full,white,en,,1.1.5,
18242,nl,"Dutch (Nederlands, Vlaams)",lichtgroen,licht groen,Licht groen,rgb,207,233,151,6,4,full,white,en,,1.1.5,
18242,nl,"Dutch (Nederlands, Vlaams)",donkergroen,donker groen,Donker groen,rgb,141,174,98,6,5,full,white,en,,1.1.5,
18242,nl,"Dutch (Nederlands, Vlaams)",lichtblauw,licht blauw,Licht blauw,rgb,3,232,243,6,6,full,white,en,,1.1.5,
18242,nl,"Dutch (Nederlands, Vlaams)",oranje,oranje,Oranje,rgb,252,159,2,6,7,full,white,en,,1.1.5,
18242,nl,"Dutch (Nederlands, Vlaams)",bruin,bruin,Bruin,rgb,125,76,97,6,8,full,white,en,,1.1.5,
18242,nl,"Dutch (Nederlands, Vlaams)",felpaars,fel paars,Fel paars,rgb,148,17,240,6,9,full,white,en,,1.1.5,
18242,nl,"Dutch (Nederlands, Vlaams)",geel,geel,Geel,rgb,182,180,62,6,10,full,white,en,,1.1.5,
18242,nl,"Dutch (Nederlands, Vlaams)",lichtblauw,licht blauw,Licht blauw,rgb,68,153,245,6,11,full,white,en,,1.1.5,
18522,nl,"Dutch (Nederlands, Vlaams)",aubergine,aubergine,Aubergine,rgb,84,41,69,1,0,full,white,en,,1.1.5,
18522,nl,"Dutch (Nederlands, Vlaams)",donkeroranje,donker oranje,Donker oranje,rgb,202,89,56,1,1,full,white,en,,1.1.5,
18522,nl,"Dutch (Nederlands, Vlaams)",donkergroen,donkergroen,Donkergroen,rgb,54,98,61,1,2,full,white,en,,1.1.5,
18522,nl,"Dutch (Nederlands, Vlaams)",blauw,blauw,Blauw,rgb,56,77,220,1,3,full,white,en,,1.1.5,
18522,nl,"Dutch (Nederlands, Vlaams)",paars,paars,Paars,rgb,88,16,137,1,4,full,white,en,,1.1.5,
18522,nl,"Dutch (Nederlands, Vlaams)",bruin,bruin,Bruin,rgb,144,99,38,1,5,full,white,en,,1.1.5,
18522,nl,"Dutch (Nederlands, Vlaams)",turquoise,turquoise,Turquoise,rgb,61,154,174,1,6,full,white,en,,1.1.5,
18522,nl,"Dutch (Nederlands, Vlaams)",oranje,oranje,Oranje,rgb,252,161,24,1,7,full,white,en,,1.1.5,
18522,nl,"Dutch (Nederlands, Vlaams)",violet,violet,Violet,rgb,138,66,247,1,8,full,white,en,,1.1.5,
18522,nl,"Dutch (Nederlands, Vlaams)",diepdonkerblauw,diep donkerblauw,Diep donkerblauw,rgb,30,34,66,1,9,full,white,en,,1.1.5,
18522,nl,"Dutch (Nederlands, Vlaams)",groengeel,groengeel,Groengeel,rgb,200,191,72,1,10,full,white,en,,1.1.5,
18522,nl,"Dutch (Nederlands, Vlaams)",taupe,taupe,Taupe,rgb,92,83,71,1,11,full,white,en,,1.1.5,
18522,nl,"Dutch (Nederlands, Vlaams)",blauw,blauw,Blauw,rgb,51,106,218,3,0,full,white,en,,1.1.5,
18522,nl,"Dutch (Nederlands, Vlaams)",lichtgeel,lichtgeel,Lichtgeel,rgb,230,222,144,3,1,full,white,en,,1.1.5,
18522,nl,"Dutch (Nederlands, Vlaams)",pastellila,pastel lila,Pastel Lila,rgb,198,204,243,3,2,full,white,en,,1.1.5,
18522,nl,"Dutch (Nederlands, Vlaams)",violet,violet,Violet,rgb,171,118,246,3,3,full,white,en,,1.1.5,
18522,nl,"Dutch (Nederlands, Vlaams)",donkerpastelblauw,donker pastel blauw,Donker pastel blauw,rgb,77,105,162,3,5,full,white,en,,1.1.5,
18522,nl,"Dutch (Nederlands, Vlaams)",mintgroen,mintgroen,Mintgroen,rgb,14,239,149,3,6,full,white,en,,1.1.5,
18522,nl,"Dutch (Nederlands, Vlaams)",lila,lila,Lila,rgb,194,154,222,3,8,full,white,en,,1.1.5,
18522,nl,"Dutch (Nederlands, Vlaams)",magenta,magenta,Magenta,rgb,186,21,99,3,9,full,white,en,,1.1.5,
18522,nl,"Dutch (Nederlands, Vlaams)",donkerblauw,donkerblauw,Donkerblauw,rgb,3,28,117,3,10,full,white,en,,1.1.5,
18522,nl,"Dutch (Nederlands, Vlaams)",zalm,zalm,Zalm,rgb,218,104,125,3,11,full,white,en,,1.1.5,
18522,nl,"Dutch (Nederlands, Vlaams)",magenta,magenta,Magenta,rgb,251,63,246,6,0,full,white,en,,1.1.5,
18522,nl,"Dutch (Nederlands, Vlaams)",lichtgroen,lichtgroen,Lichtgroen,rgb,92,159,4,6,1,full,white,en,,1.1.5,
18522,nl,"Dutch (Nederlands, Vlaams)",lila,lila,Lila,rgb,136,102,164,6,2,full,white,en,,1.1.5,
18522,nl,"Dutch (Nederlands, Vlaams)",lichtblauw,lichtblauw,Lichtblauw,rgb,28,162,226,6,3,full,white,en,,1.1.5,
18522,nl,"Dutch (Nederlands, Vlaams)",bordeauxrood,bordeauxrood,Bordeauxrood,rgb,125,33,86,6,4,full,white,en,,1.1.5,
18522,nl,"Dutch (Nederlands, Vlaams)",aquagroen,aqua groen,Aqua groen,rgb,28,195,168,6,5,full,white,en,,1.1.5,
18522,nl,"Dutch (Nederlands, Vlaams)",oranje,oranje,Oranje,rgb,247,66,58,6,6,full,white,en,,1.1.5,
18522,nl,"Dutch (Nederlands, Vlaams)",donkercyaan,donker cyaan,Donker cyaan,rgb,7,97,128,6,7,full,white,en,,1.1.5,
18522,nl,"Dutch (Nederlands, Vlaams)",blauw,blauw,Blauw,rgb,46,17,218,6,8,full,white,en,,1.1.5,
18522,nl,"Dutch (Nederlands, Vlaams)",donkerrood,donkerrood,Donkerrood,rgb,112,19,12,6,9,full,white,en,,1.1.5,
18522,nl,"Dutch (Nederlands, Vlaams)",groen,groen,Groen,rgb,58,145,77,6,10,full,white,en,,1.1.5,
18522,nl,"Dutch (Nederlands, Vlaams)",donkerviolet,donker violet,Donker violet,rgb,171,16,182,6,11,full,white,en,,1.1.5,
19794,nl,"Dutch (Nederlands, Vlaams)",aubergine,aubergine,Aubergine,rgb,123,42,87,1,0,full,white,en,,1.1.5,
19794,nl,"Dutch (Nederlands, Vlaams)",blauw,blauw,Blauw,rgb,80,107,178,1,1,full,white,en,,1.1.5,
19794,nl,"Dutch (Nederlands, Vlaams)",lichtblauw,lichtblauw,Lichtblauw,rgb,56,170,218,1,2,full,white,en,,1.1.5,
19794,nl,"Dutch (Nederlands, Vlaams)",grasgroen,grasgroen,Grasgroen,rgb,18,194,67,1,3,full,white,en,,1.1.5,
19794,nl,"Dutch (Nederlands, Vlaams)",oker,oker,Oker,rgb,233,191,120,1,4,full,white,en,,1.1.5,
19794,nl,"Dutch (Nederlands, Vlaams)",blauw,blauw,Blauw,rgb,41,40,252,1,5,full,white,en,,1.1.5,
19794,nl,"Dutch (Nederlands, Vlaams)",bruin,bruin,Bruin,rgb,175,142,95,1,6,full,white,en,,1.1.5,
19794,nl,"Dutch (Nederlands, Vlaams)",indigo,indigo,Indigo,rgb,59,41,157,1,7,full,white,en,,1.1.5,
19794,nl,"Dutch (Nederlands, Vlaams)",mosgroen,mosgroen,Mosgroen,rgb,179,167,62,1,8,full,white,en,,1.1.5,
19794,nl,"Dutch (Nederlands, Vlaams)",blauw,blauw,Blauw,rgb,9,87,105,1,9,full,white,en,,1.1.5,
19794,nl,"Dutch (Nederlands, Vlaams)",oranje,oranje,Oranje,rgb,217,88,4,1,10,full,white,en,,1.1.5,
19794,nl,"Dutch (Nederlands, Vlaams)",groen,groen,Groen,rgb,3,97,57,1,11,full,white,en,,1.1.5,
19794,nl,"Dutch (Nederlands, Vlaams)",vaalgroen,vaalgroen,Vaalgroen,rgb,139,179,151,3,1,full,white,en,,1.1.5,
19794,nl,"Dutch (Nederlands, Vlaams)",paars,paars,Paars,rgb,131,94,143,3,2,full,white,en,,1.1.5,
19794,nl,"Dutch (Nederlands, Vlaams)",oranje,oranje,Oranje,rgb,237,138,100,3,3,full,white,en,,1.1.5,
19794,nl,"Dutch (Nederlands, Vlaams)",turkoois,turkoois,Turkoois,rgb,138,206,211,3,4,full,white,en,,1.1.5,
19794,nl,"Dutch (Nederlands, Vlaams)",geel,geel,Geel,rgb,255,254,26,3,5,full,white,en,,1.1.5,
19794,nl,"Dutch (Nederlands, Vlaams)",blauw,blauw,Blauw,rgb,83,109,243,3,6,full,white,en,,1.1.5,
19794,nl,"Dutch (Nederlands, Vlaams)",zwart,zwart,Zwart,rgb,63,32,42,3,8,full,white,en,,1.1.5,
19794,nl,"Dutch (Nederlands, Vlaams)",donkergroen,donkergroen,Donkergroen,rgb,79,83,60,3,9,full,white,en,,1.1.5,
19794,nl,"Dutch (Nederlands, Vlaams)",blauw,blauw,Blauw,rgb,67,63,143,3,10,full,white,en,,1.1.5,
19794,nl,"Dutch (Nederlands, Vlaams)",lichtgroen,lichtgroen,Lichtgroen,rgb,131,202,118,3,11,full,white,en,,1.1.5,
19794,nl,"Dutch (Nederlands, Vlaams)",groen,groen,Groen,rgb,34,158,89,6,0,full,white,en,,1.1.5,
19794,nl,"Dutch (Nederlands, Vlaams)",zalmkleur,zalmkleur,Zalmkleur,rgb,239,170,146,6,1,full,white,en,,1.1.5,
19794,nl,"Dutch (Nederlands, Vlaams)",bruin,bruin,Bruin,rgb,141,74,24,6,2,full,white,en,,1.1.5,
19794,nl,"Dutch (Nederlands, Vlaams)",paars,paars,Paars,rgb,118,16,125,6,3,full,white,en,,1.1.5,
19794,nl,"Dutch (Nederlands, Vlaams)",groen,groen,Groen,rgb,105,240,75,6,4,full,white,en,,1.1.5,
19794,nl,"Dutch (Nederlands, Vlaams)",appelblauwzeegroen,appelblauwzeegroen,Appelblauwzeegroen,rgb,65,247,173,6,5,full,white,en,,1.1.5,
19794,nl,"Dutch (Nederlands, Vlaams)",groen,groen,Groen,rgb,32,169,144,6,6,full,white,en,,1.1.5,
19794,nl,"Dutch (Nederlands, Vlaams)",roze,roze,Roze,rgb,236,210,222,6,7,full,white,en,,1.1.5,
19794,nl,"Dutch (Nederlands, Vlaams)",blauw,blauw,Blauw,rgb,121,168,249,6,8,full,white,en,,1.1.5,
19794,nl,"Dutch (Nederlands, Vlaams)",groen,groen,Groen,rgb,111,182,39,6,9,full,white,en,,1.1.5,
19794,nl,"Dutch (Nederlands, Vlaams)",paars,paars,Paars,rgb,119,46,220,6,10,full,white,en,,1.1.5,
19794,nl,"Dutch (Nederlands, Vlaams)",rood,rood,Rood,rgb,224,69,55,6,11,full,white,en,,1.1.5,
20376,nl,"Dutch (Nederlands, Vlaams)",lichtrood,lichtrood,lichtrood,rgb,211,143,124,1,0,full,white,en,,1.1.5,
20376,nl,"Dutch (Nederlands, Vlaams)",lichtblauw,lichtblauw,lichtblauw,rgb,170,196,242,1,1,full,white,en,,1.1.5,
20376,nl,"Dutch (Nederlands, Vlaams)",mosgroen,mosgroen,mosgroen,rgb,46,157,104,1,2,full,white,en,,1.1.5,
20376,nl,"Dutch (Nederlands, Vlaams)",bruin,bruin,bruin,rgb,145,126,94,1,3,full,white,en,,1.1.5,
20376,nl,"Dutch (Nederlands, Vlaams)",grasgroen,grasgroen,grasgroen,rgb,38,191,78,1,4,full,white,en,,1.1.5,
20376,nl,"Dutch (Nederlands, Vlaams)",blauw,blauw,blauw,rgb,104,97,191,1,5,full,white,en,,1.1.5,
20376,nl,"Dutch (Nederlands, Vlaams)",geelbruin,geelbruin,geelbruin,rgb,176,144,5,1,6,full,white,en,,1.1.5,
20376,nl,"Dutch (Nederlands, Vlaams)",felgroen,felgroen,felgroen,rgb,29,229,55,1,7,full,white,en,,1.1.5,
20376,nl,"Dutch (Nederlands, Vlaams)",beige,beige,beige,rgb,209,223,161,1,8,full,white,en,,1.1.5,
20376,nl,"Dutch (Nederlands, Vlaams)",blauw,blauw,blauw,rgb,13,44,190,1,9,full,white,en,,1.1.5,
20376,nl,"Dutch (Nederlands, Vlaams)",roze,roze,roze,rgb,247,136,223,1,10,full,white,en,,1.1.5,
20376,nl,"Dutch (Nederlands, Vlaams)",grijspaars,grijspaars,grijspaars,rgb,172,143,153,1,11,full,white,en,,1.1.5,
20376,nl,"Dutch (Nederlands, Vlaams)",bruin,bruin,bruin,rgb,117,105,11,3,0,full,white,en,,1.1.5,
20376,nl,"Dutch (Nederlands, Vlaams)",oranje,oranje,oranje,rgb,230,184,116,3,1,full,white,en,,1.1.5,
20376,nl,"Dutch (Nederlands, Vlaams)",rood,rood,rood,rgb,180,56,41,3,2,full,white,en,,1.1.5,
20376,nl,"Dutch (Nederlands, Vlaams)",groen,groen,groen,rgb,131,177,34,3,3,full,white,en,,1.1.5,
20376,nl,"Dutch (Nederlands, Vlaams)",blauw,blauw,blauw,rgb,87,142,185,3,4,full,white,en,,1.1.5,
20376,nl,"Dutch (Nederlands, Vlaams)",zalmroze,zalmroze,zalmroze,rgb,245,104,73,3,5,full,white,en,,1.1.5,
20376,nl,"Dutch (Nederlands, Vlaams)",blauw,blauw,blauw,rgb,2,125,200,3,6,full,white,en,,1.1.5,
20376,nl,"Dutch (Nederlands, Vlaams)",grijs,grijs,grijs,rgb,101,99,101,3,7,full,white,en,,1.1.5,
20376,nl,"Dutch (Nederlands, Vlaams)",lichtgroen,lichtgroen,lichtgroen,rgb,167,236,104,3,8,full,white,en,,1.1.5,
20376,nl,"Dutch (Nederlands, Vlaams)",marineblauw,marineblauw,marineblauw,rgb,2,0,87,3,9,full,white,en,,1.1.5,
20376,nl,"Dutch (Nederlands, Vlaams)",roze,roze,roze,rgb,243,1,69,3,10,full,white,en,,1.1.5,
20376,nl,"Dutch (Nederlands, Vlaams)",blauw,blauw,blauw,rgb,22,72,133,3,11,full,white,en,,1.1.5,
20376,nl,"Dutch (Nederlands, Vlaams)",paars,paars,paars,rgb,162,73,134,6,0,full,white,en,,1.1.5,
20376,nl,"Dutch (Nederlands, Vlaams)",donkerblauw,donkerblauw,donkerblauw,rgb,48,9,67,6,1,full,white,en,,1.1.5,
20376,nl,"Dutch (Nederlands, Vlaams)",turquoise,turquoise,turquoise,rgb,76,169,175,6,2,full,white,en,,1.1.5,
20376,nl,"Dutch (Nederlands, Vlaams)",magenta,magenta,magenta,rgb,190,21,176,6,3,full,white,en,,1.1.5,
20376,nl,"Dutch (Nederlands, Vlaams)",blauw,blauw,blauw,rgb,149,228,239,6,4,full,white,en,,1.1.5,
20376,nl,"Dutch (Nederlands, Vlaams)",roze,roze,roze,rgb,237,91,148,6,5,full,white,en,,1.1.5,
20376,nl,"Dutch (Nederlands, Vlaams)",felblauw,felblauw,felblauw,rgb,5,56,254,6,6,full,white,en,,1.1.5,
20376,nl,"Dutch (Nederlands, Vlaams)",pastelgroen,pastelgroen,pastelgroen,rgb,173,245,193,6,7,full,white,en,,1.1.5,
20376,nl,"Dutch (Nederlands, Vlaams)",groen,groen,groen,rgb,89,123,86,6,8,full,white,en,,1.1.5,
20376,nl,"Dutch (Nederlands, Vlaams)",geel,geel,geel,rgb,246,178,26,6,9,full,white,en,,1.1.5,
20376,nl,"Dutch (Nederlands, Vlaams)",paars,paars,paars,rgb,155,69,231,6,10,full,white,en,,1.1.5,
20376,nl,"Dutch (Nederlands, Vlaams)",lichtroze,lichtroze,lichtroze,rgb,252,205,252,6,11,full,white,en,,1.1.5,
20515,nl,"Dutch (Nederlands, Vlaams)",roest,roest,Roest,rgb,203,79,40,1,0,full,white,en,,1.1.5,
20515,nl,"Dutch (Nederlands, Vlaams)",babyblauw,babyblauw,Babyblauw,rgb,148,193,225,1,1,full,white,en,,1.1.5,
20515,nl,"Dutch (Nederlands, Vlaams)",legergroen,legergroen,Legergroen,rgb,53,89,29,1,2,full,white,en,,1.1.5,
20515,nl,"Dutch (Nederlands, Vlaams)",mosterd,mosterd,Mosterd,rgb,210,161,32,1,3,full,white,en,,1.1.5,
20515,nl,"Dutch (Nederlands, Vlaams)",neongroen,neongroen,Neongroen,rgb,91,240,48,1,5,full,white,en,,1.1.5,
20515,nl,"Dutch (Nederlands, Vlaams)",lavender,lavender,Lavender,rgb,113,118,252,1,6,full,white,en,,1.1.5,
20515,nl,"Dutch (Nederlands, Vlaams)",olijfgroen,olijfgroen,Olijfgroen,rgb,130,171,115,1,7,full,white,en,,1.1.5,
20515,nl,"Dutch (Nederlands, Vlaams)",geel,geel,Geel,rgb,244,242,73,1,8,full,white,en,,1.1.5,
20515,nl,"Dutch (Nederlands, Vlaams)",donkerrood,donkerrood,Donkerrood,rgb,149,57,52,1,9,full,white,en,,1.1.5,
20515,nl,"Dutch (Nederlands, Vlaams)",mauve,mauve,Mauve,rgb,179,152,139,1,10,full,white,en,,1.1.5,
20515,nl,"Dutch (Nederlands, Vlaams)",marineblauw,marineblauw,Marineblauw,rgb,7,33,63,1,11,full,white,en,,1.1.5,
20515,nl,"Dutch (Nederlands, Vlaams)",lila,lila,Lila,rgb,173,149,194,3,0,full,white,en,,1.1.5,
20515,nl,"Dutch (Nederlands, Vlaams)",blauw,blauw,Blauw,rgb,20,93,150,3,1,full,white,en,,1.1.5,
20515,nl,"Dutch (Nederlands, Vlaams)",mosgroen,mosgroen,Mosgroen,rgb,139,157,58,3,2,full,white,en,,1.1.5,
20515,nl,"Dutch (Nederlands, Vlaams)",paars,paars,Paars,rgb,114,23,170,3,3,full,white,en,,1.1.5,
20515,nl,"Dutch (Nederlands, Vlaams)",groen,groen,Groen,rgb,94,176,16,3,4,full,white,en,,1.1.5,
20515,nl,"Dutch (Nederlands, Vlaams)",aqua,aqua,Aqua,rgb,7,216,159,3,5,full,white,en,,1.1.5,
20515,nl,"Dutch (Nederlands, Vlaams)",gifgroen,gifgroen,Gifgroen,rgb,157,183,7,3,6,full,white,en,,1.1.5,
20515,nl,"Dutch (Nederlands, Vlaams)",oudroze,oudroze,Oudroze,rgb,221,114,129,3,7,full,white,en,,1.1.5,
20515,nl,"Dutch (Nederlands, Vlaams)",felgroen,felgroen,Felgroen,rgb,9,246,146,3,8,full,white,en,,1.1.5,
20515,nl,"Dutch (Nederlands, Vlaams)",donkerroze,donkerroze,Donkerroze,rgb,213,76,81,3,9,full,white,en,,1.1.5,
20515,nl,"Dutch (Nederlands, Vlaams)",felrood,felrood,Felrood,rgb,245,2,18,3,10,full,white,en,,1.1.5,
20515,nl,"Dutch (Nederlands, Vlaams)",turquoise,turquoise,Turquoise,rgb,71,182,163,3,11,full,white,en,,1.1.5,
20515,nl,"Dutch (Nederlands, Vlaams)",roze,roze,Roze,rgb,232,135,222,6,1,full,white,en,,1.1.5,
20515,nl,"Dutch (Nederlands, Vlaams)",lichtblauw,lichtblauw,Lichtblauw,rgb,105,152,230,6,2,full,white,en,,1.1.5,
20515,nl,"Dutch (Nederlands, Vlaams)",donkerblauw,donkerblauw,Donkerblauw,rgb,20,16,124,6,3,full,white,en,,1.1.5,
20515,nl,"Dutch (Nederlands, Vlaams)",mosgroen,mosgroen,Mosgroen,rgb,87,114,110,6,4,full,white,en,,1.1.5,
20515,nl,"Dutch (Nederlands, Vlaams)",perzik,perzik,Perzik,rgb,254,178,135,6,5,full,white,en,,1.1.5,
20515,nl,"Dutch (Nederlands, Vlaams)",paars,paars,Paars,rgb,109,94,180,6,6,full,white,en,,1.1.5,
20515,nl,"Dutch (Nederlands, Vlaams)",grijsgroen,grijsgroen,Grijsgroen,rgb,153,180,164,6,7,full,white,en,,1.1.5,
20515,nl,"Dutch (Nederlands, Vlaams)",lila,lila,Lila,rgb,136,91,252,6,8,full,white,en,,1.1.5,
20515,nl,"Dutch (Nederlands, Vlaams)",groen,groen,Groen,rgb,128,214,119,6,9,full,white,en,,1.1.5,
20515,nl,"Dutch (Nederlands, Vlaams)",turquoise,turquoise,Turquoise,rgb,94,251,227,6,10,full,white,en,,1.1.5,
20515,nl,"Dutch (Nederlands, Vlaams)",felroze,felroze,Felroze,rgb,236,29,223,6,11,full,white,en,,1.1.5,
21296,nl,"Dutch (Nederlands, Vlaams)",paars,paars,paars,rgb,103,4,183,1,0,full,white,en,,1.1.5,
21296,nl,"Dutch (Nederlands, Vlaams)",limoen,limoen,limoen,rgb,169,238,82,1,1,full,white,en,,1.1.5,
21296,nl,"Dutch (Nederlands, Vlaams)",turquase,turquase,turquase,rgb,16,179,115,1,2,full,white,en,,1.1.5,
21296,nl,"Dutch (Nederlands, Vlaams)",bourgognerood,bourgogne rood,bourgogne rood,rgb,139,33,26,1,3,full,white,en,,1.1.5,
21296,nl,"Dutch (Nederlands, Vlaams)",lichtpaars,lichtpaars,lichtpaars,rgb,183,151,238,1,4,full,white,en,,1.1.5,
21296,nl,"Dutch (Nederlands, Vlaams)",bruin,bruin,bruin,rgb,105,84,66,1,5,full,white,en,,1.1.5,
21296,nl,"Dutch (Nederlands, Vlaams)",donkerblauw,donkerblauw,donkerblauw,rgb,3,16,67,1,6,full,white,en,,1.1.5,
21296,nl,"Dutch (Nederlands, Vlaams)",lichtroze,lichtroze,lichtroze,rgb,242,214,238,1,7,full,white,en,,1.1.5,
21296,nl,"Dutch (Nederlands, Vlaams)",grasgroen,gras groen,gras groen,rgb,72,208,57,1,8,full,white,en,,1.1.5,
21296,nl,"Dutch (Nederlands, Vlaams)",blauw,blauw,blauw,rgb,1,18,214,1,9,full,white,en,,1.1.5,
21296,nl,"Dutch (Nederlands, Vlaams)",roze,roze,roze,rgb,183,106,199,1,10,full,white,en,,1.1.5,
21296,nl,"Dutch (Nederlands, Vlaams)",olijfgroen,olijfgroen,olijfgroen,rgb,102,151,62,1,11,full,white,en,,1.1.5,
21296,nl,"Dutch (Nederlands, Vlaams)",lichtgroen,lichtgroen,lichtgroen,rgb,175,217,161,3,0,full,white,en,,1.1.5,
21296,nl,"Dutch (Nederlands, Vlaams)",lichtbruin,lichtbruin,lichtbruin,rgb,185,122,59,3,1,full,white,en,,1.1.5,
21296,nl,"Dutch (Nederlands, Vlaams)",zwart,zwart,zwart,rgb,1,1,3,3,2,full,white,en,,1.1.5,
21296,nl,"Dutch (Nederlands, Vlaams)",marineblauw,marineblauw,marineblauw,rgb,16,67,128,3,3,full,white,en,,1.1.5,
21296,nl,"Dutch (Nederlands, Vlaams)",babyroze,babyroze,babyroze,rgb,220,131,177,3,4,full,white,en,,1.1.5,
21296,nl,"Dutch (Nederlands, Vlaams)",barbieroze,barbieroze,barbieroze,rgb,245,122,234,3,5,full,white,en,,1.1.5,
21296,nl,"Dutch (Nederlands, Vlaams)",lichtblauw,lichtblauw,lichtblauw,rgb,62,170,245,3,6,full,white,en,,1.1.5,
21296,nl,"Dutch (Nederlands, Vlaams)",lavendelblauw,lavendelblauw,lavendelblauw,rgb,100,132,255,3,7,full,white,en,,1.1.5,
21296,nl,"Dutch (Nederlands, Vlaams)",luchtblauw,luchtblauw,luchtblauw,rgb,69,116,199,3,8,full,white,en,,1.1.5,
21296,nl,"Dutch (Nederlands, Vlaams)",donkermagenta,donkermagenta,donkermagenta,rgb,176,9,199,3,9,full,white,en,,1.1.5,
21296,nl,"Dutch (Nederlands, Vlaams)",felturquase,fel turquase,fel turquase,rgb,131,255,245,3,10,full,white,en,,1.1.5,
21296,nl,"Dutch (Nederlands, Vlaams)",grijs,grijs,grijs,rgb,172,190,205,3,11,full,white,en,,1.1.5,
21296,nl,"Dutch (Nederlands, Vlaams)",olijfgroen,olijfgroen,olijfgroen,rgb,172,180,87,6,0,full,white,en,,1.1.5,
21296,nl,"Dutch (Nederlands, Vlaams)",roos,roos,roos,rgb,215,66,12,6,1,full,white,en,,1.1.5,
21296,nl,"Dutch (Nederlands, Vlaams)",felgroen,felgroen,felgroen,rgb,126,236,141,6,2,full,white,en,,1.1.5,
21296,nl,"Dutch (Nederlands, Vlaams)",donkergroen,donkergroen,donkergroen,rgb,40,104,73,6,3,full,white,en,,1.1.5,
21296,nl,"Dutch (Nederlands, Vlaams)",turquase,turquase,turquase,rgb,129,203,189,6,4,full,white,en,,1.1.5,
21296,nl,"Dutch (Nederlands, Vlaams)",donkerpaars,donkerpaars,donkerpaars,rgb,97,72,118,6,5,full,white,en,,1.1.5,
21296,nl,"Dutch (Nederlands, Vlaams)",groeniggrijs,groenig grijs,groenig grijs,rgb,187,200,177,6,6,full,white,en,,1.1.5,
21296,nl,"Dutch (Nederlands, Vlaams)",donkerturquase,donker turquase,donker turquase,rgb,41,115,134,6,7,full,white,en,,1.1.5,
21296,nl,"Dutch (Nederlands, Vlaams)",blauwigpaars,blauwig paars,blauwig paars,rgb,87,92,253,6,8,full,white,en,,1.1.5,
21296,nl,"Dutch (Nederlands, Vlaams)",warmgeel,warm geel,warm geel,rgb,244,191,100,6,10,full,white,en,,1.1.5,
21296,nl,"Dutch (Nederlands, Vlaams)",neongeel,neon geel,neon geel,rgb,202,255,36,6,11,full,white,en,,1.1.5,
bced8e36-c283-49ce-bd41-563d1b2d21b8,nl,"Dutch (Nederlands, Vlaams)",donkerblauw,donkerblauw,donkerblauw,rgb,75,37,107,1,0,full,white,en,nl,2.0.2,
bced8e36-c283-49ce-bd41-563d1b2d21b8,nl,"Dutch (Nederlands, Vlaams)",babyroze,baby roze,baby roze,rgb,220,134,127,1,1,full,white,en,nl,2.0.2,
bced8e36-c283-49ce-bd41-563d1b2d21b8,nl,"Dutch (Nederlands, Vlaams)",bloedrood,bloedrood,Bloedrood,rgb,67,1,11,1,2,full,white,en,nl,2.0.2,
bced8e36-c283-49ce-bd41-563d1b2d21b8,nl,"Dutch (Nederlands, Vlaams)",paars,paars,paars,rgb,131,77,226,1,3,full,white,en,nl,2.0.2,
bced8e36-c283-49ce-bd41-563d1b2d21b8,nl,"Dutch (Nederlands, Vlaams)",paars,paars,paars,rgb,121,41,172,1,4,full,white,en,nl,2.0.2,
bced8e36-c283-49ce-bd41-563d1b2d21b8,nl,"Dutch (Nederlands, Vlaams)",vaalgeel,vaal geel,vaal geel,rgb,252,247,133,1,5,full,white,en,nl,2.0.2,
bced8e36-c283-49ce-bd41-563d1b2d21b8,nl,"Dutch (Nederlands, Vlaams)",donkeroranje,donker oranje,donker oranje,rgb,208,80,75,1,6,full,white,en,nl,2.0.2,
bced8e36-c283-49ce-bd41-563d1b2d21b8,nl,"Dutch (Nederlands, Vlaams)",donkerblauw,donker blauw,donker blauw,rgb,33,91,125,1,7,full,white,en,nl,2.0.2,
bced8e36-c283-49ce-bd41-563d1b2d21b8,nl,"Dutch (Nederlands, Vlaams)",grijs,grijs,grijs,rgb,100,86,116,1,8,full,white,en,nl,2.0.2,
bced8e36-c283-49ce-bd41-563d1b2d21b8,nl,"Dutch (Nederlands, Vlaams)",nachtblauw,nachtblauw,nachtblauw,rgb,47,78,129,1,9,full,white,en,nl,2.0.2,
bced8e36-c283-49ce-bd41-563d1b2d21b8,nl,"Dutch (Nederlands, Vlaams)",cyaanblauw,cyaan blauw,cyaan blauw,rgb,114,228,238,1,10,full,white,en,nl,2.0.2,
bced8e36-c283-49ce-bd41-563d1b2d21b8,nl,"Dutch (Nederlands, Vlaams)",lichtgrijs,lichtgrijs,lichtgrijs,rgb,208,192,227,1,11,full,white,en,nl,2.0.2,
bced8e36-c283-49ce-bd41-563d1b2d21b8,nl,"Dutch (Nederlands, Vlaams)",vaalblauw,vaal blauw,vaal blauw,rgb,115,173,156,3,0,full,white,en,nl,2.0.2,
bced8e36-c283-49ce-bd41-563d1b2d21b8,nl,"Dutch (Nederlands, Vlaams)",bruin,bruin,bruin,rgb,149,115,51,3,1,full,white,en,nl,2.0.2,
bced8e36-c283-49ce-bd41-563d1b2d21b8,nl,"Dutch (Nederlands, Vlaams)",donkerpaars,donker paars,donker paars,rgb,126,71,101,3,2,full,white,en,nl,2.0.2,
bced8e36-c283-49ce-bd41-563d1b2d21b8,nl,"Dutch (Nederlands, Vlaams)",grijsgroen,grijsgroen,grijsgroen,rgb,115,121,87,3,3,full,white,en,nl,2.0.2,
bced8e36-c283-49ce-bd41-563d1b2d21b8,nl,"Dutch (Nederlands, Vlaams)",zwart,zwart,zwart,rgb,31,36,28,3,4,full,white,en,nl,2.0.2,
bced8e36-c283-49ce-bd41-563d1b2d21b8,nl,"Dutch (Nederlands, Vlaams)",lila,lila,lila,rgb,173,135,232,3,5,full,white,en,nl,2.0.2,
bced8e36-c283-49ce-bd41-563d1b2d21b8,nl,"Dutch (Nederlands, Vlaams)",koningsblauw,koningsblauw,koningsblauw,rgb,81,74,160,3,6,full,white,en,nl,2.0.2,
bced8e36-c283-49ce-bd41-563d1b2d21b8,nl,"Dutch (Nederlands, Vlaams)",blauw,blauw,blauw,rgb,42,128,150,3,7,full,white,en,nl,2.0.2,
bced8e36-c283-49ce-bd41-563d1b2d21b8,nl,"Dutch (Nederlands, Vlaams)",turquoise,turquoise,turquoise,rgb,56,252,169,3,8,full,white,en,nl,2.0.2,
bced8e36-c283-49ce-bd41-563d1b2d21b8,nl,"Dutch (Nederlands, Vlaams)",zwart,zwart,zwart,rgb,11,29,24,3,9,full,white,en,nl,2.0.2,
bced8e36-c283-49ce-bd41-563d1b2d21b8,nl,"Dutch (Nederlands, Vlaams)",donkerblauw,donker blauw,donker blauw,rgb,43,93,136,3,10,full,white,en,nl,2.0.2,
bced8e36-c283-49ce-bd41-563d1b2d21b8,nl,"Dutch (Nederlands, Vlaams)",bruin,bruin,bruin,rgb,160,131,61,3,11,full,white,en,nl,2.0.2,
bced8e36-c283-49ce-bd41-563d1b2d21b8,nl,"Dutch (Nederlands, Vlaams)",lichtgeel,licht geel,licht geel,rgb,252,243,156,5,0,full,white,en,nl,2.0.2,
bced8e36-c283-49ce-bd41-563d1b2d21b8,nl,"Dutch (Nederlands, Vlaams)",grijs,grijs,grijs,rgb,221,219,204,5,1,full,white,en,nl,2.0.2,
bced8e36-c283-49ce-bd41-563d1b2d21b8,nl,"Dutch (Nederlands, Vlaams)",turquoise,turquoise,turquoise,rgb,92,167,166,5,2,full,white,en,nl,2.0.2,
bced8e36-c283-49ce-bd41-563d1b2d21b8,nl,"Dutch (Nederlands, Vlaams)",scarlet,scarlet,scarlet,rgb,120,21,95,5,3,full,white,en,nl,2.0.2,
bced8e36-c283-49ce-bd41-563d1b2d21b8,nl,"Dutch (Nederlands, Vlaams)",groengeel,groengeel,groengeel,rgb,220,231,169,5,4,full,white,en,nl,2.0.2,
bced8e36-c283-49ce-bd41-563d1b2d21b8,nl,"Dutch (Nederlands, Vlaams)",donkerroze,donker roze,donker roze,rgb,154,74,156,5,5,full,white,en,nl,2.0.2,
bced8e36-c283-49ce-bd41-563d1b2d21b8,nl,"Dutch (Nederlands, Vlaams)",paars,paars,paars,rgb,109,66,197,5,6,full,white,en,nl,2.0.2,
bced8e36-c283-49ce-bd41-563d1b2d21b8,nl,"Dutch (Nederlands, Vlaams)",paars,paars,paars,rgb,126,57,197,5,7,full,white,en,nl,2.0.2,
bced8e36-c283-49ce-bd41-563d1b2d21b8,nl,"Dutch (Nederlands, Vlaams)",blauw,blauw,blauw,rgb,73,107,240,5,8,full,white,en,nl,2.0.2,
bced8e36-c283-49ce-bd41-563d1b2d21b8,nl,"Dutch (Nederlands, Vlaams)",lichtpaars,licht paars,licht paars,rgb,172,103,234,5,9,full,white,en,nl,2.0.2,
bced8e36-c283-49ce-bd41-563d1b2d21b8,nl,"Dutch (Nederlands, Vlaams)",donkerrood,donker rood,donker rood,rgb,132,31,29,5,10,full,white,en,nl,2.0.2,
bced8e36-c283-49ce-bd41-563d1b2d21b8,nl,"Dutch (Nederlands, Vlaams)",blauw,blauw,blauw,rgb,85,72,184,5,11,full,white,en,nl,2.0.2,
77b45c21-5475-4083-8e62-c530b0b54a0e,nl,"Dutch (Nederlands, Vlaams)",lavendel,lavendel,lavendel,rgb,102,95,205,1,0,full,white,en,nl,2.0.3,
77b45c21-5475-4083-8e62-c530b0b54a0e,nl,"Dutch (Nederlands, Vlaams)",mos,mos,mos,rgb,114,153,106,1,1,full,white,en,nl,2.0.3,
77b45c21-5475-4083-8e62-c530b0b54a0e,nl,"Dutch (Nederlands, Vlaams)",beige,beige,beige,rgb,179,172,130,1,2,full,white,en,nl,2.0.3,
77b45c21-5475-4083-8e62-c530b0b54a0e,nl,"Dutch (Nederlands, Vlaams)",paars,paars,paars,rgb,80,64,128,1,3,full,white,en,nl,2.0.3,
77b45c21-5475-4083-8e62-c530b0b54a0e,nl,"Dutch (Nederlands, Vlaams)",grijsgroen,grijsgroen,grijsgroen,rgb,93,102,97,1,4,full,white,en,nl,2.0.3,
77b45c21-5475-4083-8e62-c530b0b54a0e,nl,"Dutch (Nederlands, Vlaams)",grijsblauw,grijsblauw,grijsblauw,rgb,95,126,172,1,5,full,white,en,nl,2.0.3,
77b45c21-5475-4083-8e62-c530b0b54a0e,nl,"Dutch (Nederlands, Vlaams)",azuurblauw,azuurblauw,azuurblauw,rgb,63,53,124,1,6,full,white,en,nl,2.0.3,
77b45c21-5475-4083-8e62-c530b0b54a0e,nl,"Dutch (Nederlands, Vlaams)",zwart,zwart,zwart,rgb,59,12,23,1,8,full,white,en,nl,2.0.3,
77b45c21-5475-4083-8e62-c530b0b54a0e,nl,"Dutch (Nederlands, Vlaams)",zalm,zalm,zalm,rgb,169,121,122,1,9,full,white,en,nl,2.0.3,
77b45c21-5475-4083-8e62-c530b0b54a0e,nl,"Dutch (Nederlands, Vlaams)",koper,koper,koper,rgb,158,116,40,1,10,full,white,en,nl,2.0.3,
77b45c21-5475-4083-8e62-c530b0b54a0e,nl,"Dutch (Nederlands, Vlaams)",mosterd,mosterd,mosterd,rgb,205,165,85,1,11,full,white,en,nl,2.0.3,
77b45c21-5475-4083-8e62-c530b0b54a0e,nl,"Dutch (Nederlands, Vlaams)",ijsblauw,ijsblauw,ijsblauw,rgb,169,172,217,3,0,full,white,en,nl,2.0.3,
77b45c21-5475-4083-8e62-c530b0b54a0e,nl,"Dutch (Nederlands, Vlaams)",felblauw,felblauw,felblauw,rgb,67,81,226,3,1,full,white,en,nl,2.0.3,
77b45c21-5475-4083-8e62-c530b0b54a0e,nl,"Dutch (Nederlands, Vlaams)",paars,paars,paars,rgb,187,87,214,3,2,full,white,en,nl,2.0.3,
77b45c21-5475-4083-8e62-c530b0b54a0e,nl,"Dutch (Nederlands, Vlaams)",appelblauwzeegroen,appelblauwzeegroen,appelblauwzeegroen,rgb,55,208,209,3,3,full,white,en,nl,2.0.3,
77b45c21-5475-4083-8e62-c530b0b54a0e,nl,"Dutch (Nederlands, Vlaams)",donkerbruin,donker bruin,donker bruin,rgb,96,30,18,3,4,full,white,en,nl,2.0.3,
77b45c21-5475-4083-8e62-c530b0b54a0e,nl,"Dutch (Nederlands, Vlaams)",antraciet,antraciet,antraciet,rgb,95,82,89,3,5,full,white,en,nl,2.0.3,
77b45c21-5475-4083-8e62-c530b0b54a0e,nl,"Dutch (Nederlands, Vlaams)",lichtbruin,lichtbruin,lichtbruin,rgb,202,134,104,3,6,full,white,en,nl,2.0.3,
77b45c21-5475-4083-8e62-c530b0b54a0e,nl,"Dutch (Nederlands, Vlaams)",grijsgroen,grijsgroen,grijsgroen,rgb,134,152,138,3,7,full,white,en,nl,2.0.3,
77b45c21-5475-4083-8e62-c530b0b54a0e,nl,"Dutch (Nederlands, Vlaams)",bordeaux,bordeaux,bordeaux,rgb,203,25,43,3,8,full,white,en,nl,2.0.3,
77b45c21-5475-4083-8e62-c530b0b54a0e,nl,"Dutch (Nederlands, Vlaams)",kobaltblauw,kobaltblauw,kobaltblauw,rgb,15,29,168,3,9,full,white,en,nl,2.0.3,
77b45c21-5475-4083-8e62-c530b0b54a0e,nl,"Dutch (Nederlands, Vlaams)",munt,munt,munt,rgb,178,209,205,3,10,full,white,en,nl,2.0.3,
77b45c21-5475-4083-8e62-c530b0b54a0e,nl,"Dutch (Nederlands, Vlaams)",muisgrijs,muisgrijs,muisgrijs,rgb,211,219,222,3,11,full,white,en,nl,2.0.3,
77b45c21-5475-4083-8e62-c530b0b54a0e,nl,"Dutch (Nederlands, Vlaams)",camel,camel,camel,rgb,231,138,100,5,0,full,white,en,nl,2.0.3,
77b45c21-5475-4083-8e62-c530b0b54a0e,nl,"Dutch (Nederlands, Vlaams)",koolzwart,koolzwart,koolzwart,rgb,32,11,19,5,1,full,white,en,nl,2.0.3,
77b45c21-5475-4083-8e62-c530b0b54a0e,nl,"Dutch (Nederlands, Vlaams)",zeegroen,zeegroen,zeegroen,rgb,80,97,113,5,2,full,white,en,nl,2.0.3,
77b45c21-5475-4083-8e62-c530b0b54a0e,nl,"Dutch (Nederlands, Vlaams)",greige,greige,greige,rgb,188,174,184,5,3,full,white,en,nl,2.0.3,
77b45c21-5475-4083-8e62-c530b0b54a0e,nl,"Dutch (Nederlands, Vlaams)",dieproze,dieproze,dieproze,rgb,234,94,164,5,4,full,white,en,nl,2.0.3,
77b45c21-5475-4083-8e62-c530b0b54a0e,nl,"Dutch (Nederlands, Vlaams)",olijfgroen,olijfgroen,olijfgroen,rgb,159,170,62,5,5,full,white,en,nl,2.0.3,
77b45c21-5475-4083-8e62-c530b0b54a0e,nl,"Dutch (Nederlands, Vlaams)",staalblauw,staalblauw,staalblauw,rgb,126,152,201,5,6,full,white,en,nl,2.0.3,
77b45c21-5475-4083-8e62-c530b0b54a0e,nl,"Dutch (Nederlands, Vlaams)",violet,violet,violet,rgb,133,52,165,5,7,full,white,en,nl,2.0.3,
77b45c21-5475-4083-8e62-c530b0b54a0e,nl,"Dutch (Nederlands, Vlaams)",donkerviolet,donkerviolet,donkerviolet,rgb,119,68,166,5,8,full,white,en,nl,2.0.3,
77b45c21-5475-4083-8e62-c530b0b54a0e,nl,"Dutch (Nederlands, Vlaams)",kastanjebruin,kastanjebruin,kastanjebruin,rgb,124,51,59,5,9,full,white,en,nl,2.0.3,
77b45c21-5475-4083-8e62-c530b0b54a0e,nl,"Dutch (Nederlands, Vlaams)",zwart,zwart,zwart,rgb,40,14,55,5,10,full,white,en,nl,2.0.3,
77b45c21-5475-4083-8e62-c530b0b54a0e,nl,"Dutch (Nederlands, Vlaams)",bosgroen,bosgroen,bosgroen,rgb,59,145,10,5,11,full,white,en,nl,2.0.3,
044a35ca-bb32-47ea-9bd8-e412770f09c3,nl,"Dutch (Nederlands, Vlaams)",navy,navy,navy,rgb,59,73,132,1,0,full,white,en,nl,2.0.3,
044a35ca-bb32-47ea-9bd8-e412770f09c3,nl,"Dutch (Nederlands, Vlaams)",roze,roze,roze,rgb,174,91,162,1,1,full,white,en,nl,2.0.3,
044a35ca-bb32-47ea-9bd8-e412770f09c3,nl,"Dutch (Nederlands, Vlaams)",roze,roze,roze,rgb,206,66,131,1,2,full,white,en,nl,2.0.3,
044a35ca-bb32-47ea-9bd8-e412770f09c3,nl,"Dutch (Nederlands, Vlaams)",cyaan,cyaan,cyaan,rgb,144,228,217,1,3,full,white,en,nl,2.0.3,
044a35ca-bb32-47ea-9bd8-e412770f09c3,nl,"Dutch (Nederlands, Vlaams)",navy,navy,navy,rgb,4,25,65,1,4,full,white,en,nl,2.0.3,
044a35ca-bb32-47ea-9bd8-e412770f09c3,nl,"Dutch (Nederlands, Vlaams)",zwart,zwart,zwart,rgb,1,35,67,1,5,full,white,en,nl,2.0.3,
044a35ca-bb32-47ea-9bd8-e412770f09c3,nl,"Dutch (Nederlands, Vlaams)",groen,groen,groen,rgb,60,172,66,1,6,full,white,en,nl,2.0.3,
044a35ca-bb32-47ea-9bd8-e412770f09c3,nl,"Dutch (Nederlands, Vlaams)",blauw,blauw,blauw,rgb,1,57,90,1,7,full,white,en,nl,2.0.3,
044a35ca-bb32-47ea-9bd8-e412770f09c3,nl,"Dutch (Nederlands, Vlaams)",lichtblauw,lichtblauw,lichtblauw,rgb,125,196,239,1,8,full,white,en,nl,2.0.3,
044a35ca-bb32-47ea-9bd8-e412770f09c3,nl,"Dutch (Nederlands, Vlaams)",bruin,bruin,bruin,rgb,97,74,89,1,9,full,white,en,nl,2.0.3,
044a35ca-bb32-47ea-9bd8-e412770f09c3,nl,"Dutch (Nederlands, Vlaams)",bordeaux,bordeaux,bordeaux,rgb,140,41,96,1,10,full,white,en,nl,2.0.3,
044a35ca-bb32-47ea-9bd8-e412770f09c3,nl,"Dutch (Nederlands, Vlaams)",olijf,olijf,olijf,rgb,117,127,101,1,11,full,white,en,nl,2.0.3,
044a35ca-bb32-47ea-9bd8-e412770f09c3,nl,"Dutch (Nederlands, Vlaams)",lichtgroen,licht groen,Licht groen,rgb,211,240,128,3,0,full,white,en,nl,2.0.3,
044a35ca-bb32-47ea-9bd8-e412770f09c3,nl,"Dutch (Nederlands, Vlaams)",zalmroze,zalm roze,zalm roze,rgb,193,110,95,3,1,full,white,en,nl,2.0.3,
044a35ca-bb32-47ea-9bd8-e412770f09c3,nl,"Dutch (Nederlands, Vlaams)",turquoise,turquoise,turquoise,rgb,140,233,214,3,2,full,white,en,nl,2.0.3,
044a35ca-bb32-47ea-9bd8-e412770f09c3,nl,"Dutch (Nederlands, Vlaams)",zwart,zwart,zwart,rgb,64,38,5,3,3,full,white,en,nl,2.0.3,
044a35ca-bb32-47ea-9bd8-e412770f09c3,nl,"Dutch (Nederlands, Vlaams)",cyaan,cyaan,cyaan,rgb,155,225,181,3,4,full,white,en,nl,2.0.3,
044a35ca-bb32-47ea-9bd8-e412770f09c3,nl,"Dutch (Nederlands, Vlaams)",bruin,bruin,bruin,rgb,149,127,89,3,5,full,white,en,nl,2.0.3,
044a35ca-bb32-47ea-9bd8-e412770f09c3,nl,"Dutch (Nederlands, Vlaams)",bordeaux,bordeaux,bordeaux,rgb,145,59,4,3,6,full,white,en,nl,2.0.3,
044a35ca-bb32-47ea-9bd8-e412770f09c3,nl,"Dutch (Nederlands, Vlaams)",roze,roze,roze,rgb,180,91,144,3,7,full,white,en,nl,2.0.3,
044a35ca-bb32-47ea-9bd8-e412770f09c3,nl,"Dutch (Nederlands, Vlaams)",navy,navy,navy,rgb,33,40,46,3,8,full,white,en,nl,2.0.3,
044a35ca-bb32-47ea-9bd8-e412770f09c3,nl,"Dutch (Nederlands, Vlaams)",paars,paars,paars,rgb,140,103,237,3,9,full,white,en,nl,2.0.3,
044a35ca-bb32-47ea-9bd8-e412770f09c3,nl,"Dutch (Nederlands, Vlaams)",paars,paars,paars,rgb,116,36,225,3,10,full,white,en,nl,2.0.3,
044a35ca-bb32-47ea-9bd8-e412770f09c3,nl,"Dutch (Nederlands, Vlaams)",groen,groen,groen,rgb,4,127,118,3,11,full,white,en,nl,2.0.3,
044a35ca-bb32-47ea-9bd8-e412770f09c3,nl,"Dutch (Nederlands, Vlaams)",zwart,zwart,zwart,rgb,51,11,54,5,0,full,white,en,nl,2.0.3,
044a35ca-bb32-47ea-9bd8-e412770f09c3,nl,"Dutch (Nederlands, Vlaams)",paars,paars,paars,rgb,181,73,248,5,1,full,white,en,nl,2.0.3,
044a35ca-bb32-47ea-9bd8-e412770f09c3,nl,"Dutch (Nederlands, Vlaams)",groen,groen,groen,rgb,95,167,154,5,2,full,white,en,nl,2.0.3,
044a35ca-bb32-47ea-9bd8-e412770f09c3,nl,"Dutch (Nederlands, Vlaams)",paars,paars,paars,rgb,74,17,219,5,3,full,white,en,nl,2.0.3,
044a35ca-bb32-47ea-9bd8-e412770f09c3,nl,"Dutch (Nederlands, Vlaams)",roze,roze,roze,rgb,126,81,130,5,4,full,white,en,nl,2.0.3,
044a35ca-bb32-47ea-9bd8-e412770f09c3,nl,"Dutch (Nederlands, Vlaams)",bruin,bruin,bruin,rgb,84,3,4,5,5,full,white,en,nl,2.0.3,
044a35ca-bb32-47ea-9bd8-e412770f09c3,nl,"Dutch (Nederlands, Vlaams)",cyaan,cyaan,cyaan,rgb,104,192,185,5,6,full,white,en,nl,2.0.3,
044a35ca-bb32-47ea-9bd8-e412770f09c3,nl,"Dutch (Nederlands, Vlaams)",bruin,bruin,bruin,rgb,110,99,118,5,7,full,white,en,nl,2.0.3,
044a35ca-bb32-47ea-9bd8-e412770f09c3,nl,"Dutch (Nederlands, Vlaams)",roze,roze,roze,rgb,183,128,202,5,8,full,white,en,nl,2.0.3,
044a35ca-bb32-47ea-9bd8-e412770f09c3,nl,"Dutch (Nederlands, Vlaams)",bruin,bruin,bruin,rgb,136,113,115,5,9,full,white,en,nl,2.0.3,
044a35ca-bb32-47ea-9bd8-e412770f09c3,nl,"Dutch (Nederlands, Vlaams)",paars,paars,paars,rgb,126,119,231,5,10,full,white,en,nl,2.0.3,
044a35ca-bb32-47ea-9bd8-e412770f09c3,nl,"Dutch (Nederlands, Vlaams)",navy,navy,navy,rgb,23,10,104,5,11,full,white,en,nl,2.0.3,
04ba939d-b209-4364-a011-9cbecac76b11,nl,"Dutch (Nederlands, Vlaams)",bosgroen,bosgroen,Bosgroen,rgb,79,155,110,1,0,full,white,en,nl,2.0.3,
04ba939d-b209-4364-a011-9cbecac76b11,nl,"Dutch (Nederlands, Vlaams)",violet,violet,Violet,rgb,132,106,143,1,1,full,white,en,nl,2.0.3,
04ba939d-b209-4364-a011-9cbecac76b11,nl,"Dutch (Nederlands, Vlaams)",donkerpaars,donkerpaars,Donkerpaars,rgb,59,10,65,1,2,full,white,en,nl,2.0.3,
04ba939d-b209-4364-a011-9cbecac76b11,nl,"Dutch (Nederlands, Vlaams)",felpaars,felpaars,Felpaars,rgb,163,109,244,1,3,full,white,en,nl,2.0.3,
04ba939d-b209-4364-a011-9cbecac76b11,nl,"Dutch (Nederlands, Vlaams)",neonroos,neonroos,Neonroos,rgb,242,76,231,1,4,full,white,en,nl,2.0.3,
04ba939d-b209-4364-a011-9cbecac76b11,nl,"Dutch (Nederlands, Vlaams)",zwart,zwart,Zwart,rgb,37,36,41,1,5,full,white,en,nl,2.0.3,
04ba939d-b209-4364-a011-9cbecac76b11,nl,"Dutch (Nederlands, Vlaams)",roos,roos,Roos,rgb,246,142,180,1,6,full,white,en,nl,2.0.3,
04ba939d-b209-4364-a011-9cbecac76b11,nl,"Dutch (Nederlands, Vlaams)",marineblauw,marineblauw,Marineblauw,rgb,65,55,242,1,7,full,white,en,nl,2.0.3,
04ba939d-b209-4364-a011-9cbecac76b11,nl,"Dutch (Nederlands, Vlaams)",neongee.,neongee.,Neongee.,rgb,236,249,52,1,8,full,white,en,nl,2.0.3,
04ba939d-b209-4364-a011-9cbecac76b11,nl,"Dutch (Nederlands, Vlaams)",donkergroen,donkergroen,Donkergroen,rgb,6,86,72,1,9,full,white,en,nl,2.0.3,
04ba939d-b209-4364-a011-9cbecac76b11,nl,"Dutch (Nederlands, Vlaams)",felblauw,felblauw,Felblauw,rgb,36,50,251,1,10,full,white,en,nl,2.0.3,
04ba939d-b209-4364-a011-9cbecac76b11,nl,"Dutch (Nederlands, Vlaams)",grijsblauw,grijsblauw,Grijsblauw,rgb,91,123,183,1,11,full,white,en,nl,2.0.3,
04ba939d-b209-4364-a011-9cbecac76b11,nl,"Dutch (Nederlands, Vlaams)",grasgroen,grasgroen,Grasgroen,rgb,124,191,68,3,0,full,white,en,nl,2.0.3,
04ba939d-b209-4364-a011-9cbecac76b11,nl,"Dutch (Nederlands, Vlaams)",donkerbruin,donkerbruin,Donkerbruin,rgb,57,34,13,3,1,full,white,en,nl,2.0.3,
04ba939d-b209-4364-a011-9cbecac76b11,nl,"Dutch (Nederlands, Vlaams)",roze,roze,Roze,rgb,216,141,163,3,2,full,white,en,nl,2.0.3,
04ba939d-b209-4364-a011-9cbecac76b11,nl,"Dutch (Nederlands, Vlaams)",lichtroos,lichtroos,Lichtroos,rgb,229,178,211,3,3,full,white,en,nl,2.0.3,
04ba939d-b209-4364-a011-9cbecac76b11,nl,"Dutch (Nederlands, Vlaams)",korenblauw,korenblauw,Korenblauw,rgb,104,119,203,3,4,full,white,en,nl,2.0.3,
04ba939d-b209-4364-a011-9cbecac76b11,nl,"Dutch (Nederlands, Vlaams)",pastelgroen,pastelgroen,Pastelgroen,rgb,182,216,182,3,5,full,white,en,nl,2.0.3,
04ba939d-b209-4364-a011-9cbecac76b11,nl,"Dutch (Nederlands, Vlaams)",felpaars,felpaars,Felpaars,rgb,169,67,233,3,6,full,white,en,nl,2.0.3,
04ba939d-b209-4364-a011-9cbecac76b11,nl,"Dutch (Nederlands, Vlaams)",lichtbordeaux,lichtbordeaux,Lichtbordeaux,rgb,180,87,102,3,7,full,white,en,nl,2.0.3,
04ba939d-b209-4364-a011-9cbecac76b11,nl,"Dutch (Nederlands, Vlaams)",zwart,zwart,Zwart,rgb,3,6,11,3,8,full,white,en,nl,2.0.3,
04ba939d-b209-4364-a011-9cbecac76b11,nl,"Dutch (Nederlands, Vlaams)",heeldonkergroen,heel donker groen,Heel donker groen,rgb,1,28,21,3,9,full,white,en,nl,2.0.3,
04ba939d-b209-4364-a011-9cbecac76b11,nl,"Dutch (Nederlands, Vlaams)",vuilwit,vuilwit,Vuilwit,rgb,254,241,234,3,10,full,white,en,nl,2.0.3,
04ba939d-b209-4364-a011-9cbecac76b11,nl,"Dutch (Nederlands, Vlaams)",donkerblauwpaars,donkerblauwpaars,Donkerblauwpaars,rgb,72,71,117,3,11,full,white,en,nl,2.0.3,
04ba939d-b209-4364-a011-9cbecac76b11,nl,"Dutch (Nederlands, Vlaams)",zeeblaux,zeeblaux,Zeeblaux,rgb,75,149,197,5,0,full,white,en,nl,2.0.3,
04ba939d-b209-4364-a011-9cbecac76b11,nl,"Dutch (Nederlands, Vlaams)",lichtbruin,lichtbruin,Lichtbruin,rgb,168,144,104,5,1,full,white,en,nl,2.0.3,
04ba939d-b209-4364-a011-9cbecac76b11,nl,"Dutch (Nederlands, Vlaams)",grijs,grijs,Grijs,rgb,185,181,179,5,2,full,white,en,nl,2.0.3,
04ba939d-b209-4364-a011-9cbecac76b11,nl,"Dutch (Nederlands, Vlaams)",neonroos,neonroos,Neonroos,rgb,234,53,235,5,3,full,white,en,nl,2.0.3,
04ba939d-b209-4364-a011-9cbecac76b11,nl,"Dutch (Nederlands, Vlaams)",vuilgroen,vuilgroen,Vuilgroen,rgb,96,118,112,5,4,full,white,en,nl,2.0.3,
04ba939d-b209-4364-a011-9cbecac76b11,nl,"Dutch (Nederlands, Vlaams)",vuilpaars,vuilpaars,Vuilpaars,rgb,103,70,102,5,5,full,white,en,nl,2.0.3,
04ba939d-b209-4364-a011-9cbecac76b11,nl,"Dutch (Nederlands, Vlaams)",lichtblauw,lichtblauw,Lichtblauw,rgb,117,198,217,5,6,full,white,en,nl,2.0.3,
04ba939d-b209-4364-a011-9cbecac76b11,nl,"Dutch (Nederlands, Vlaams)",levendiggroen,levendig groen,Levendig groen,rgb,42,185,118,5,7,full,white,en,nl,2.0.3,
04ba939d-b209-4364-a011-9cbecac76b11,nl,"Dutch (Nederlands, Vlaams)",zwart,zwart,Zwart,rgb,1,1,10,5,8,full,white,en,nl,2.0.3,
04ba939d-b209-4364-a011-9cbecac76b11,nl,"Dutch (Nederlands, Vlaams)",ietslichterzwart,iets lichter zwart,Iets lichter zwart,rgb,26,17,32,5,9,full,white,en,nl,2.0.3,
04ba939d-b209-4364-a011-9cbecac76b11,nl,"Dutch (Nederlands, Vlaams)",grasgroen,grasgroen,Grasgroen,rgb,35,127,36,5,10,full,white,en,nl,2.0.3,
04ba939d-b209-4364-a011-9cbecac76b11,nl,"Dutch (Nederlands, Vlaams)",donkerblauw,donker blauw,Donker blauw,rgb,67,63,153,5,11,full,white,en,nl,2.0.3,
9ae7660e-28fc-4f91-97c7-ed356baf0750,nl,"Dutch (Nederlands, Vlaams)",grijs,grijs,grijs,rgb,180,180,174,1,0,full,white,en,nl,2.0.3,
9ae7660e-28fc-4f91-97c7-ed356baf0750,nl,"Dutch (Nederlands, Vlaams)",bordeaux,bordeaux,bordeaux,rgb,118,70,87,1,1,full,white,en,nl,2.0.3,
9ae7660e-28fc-4f91-97c7-ed356baf0750,nl,"Dutch (Nederlands, Vlaams)",kakigroen,kakigroen,kakigroen,rgb,153,156,101,1,2,full,white,en,nl,2.0.3,
9ae7660e-28fc-4f91-97c7-ed356baf0750,nl,"Dutch (Nederlands, Vlaams)",donkerfuchsia,donker fuchsia,donker fuchsia,rgb,143,46,124,1,3,full,white,en,nl,2.0.3,
9ae7660e-28fc-4f91-97c7-ed356baf0750,nl,"Dutch (Nederlands, Vlaams)","paars,violet","paars, violet","paars, violet",rgb,152,98,181,1,4,full,white,en,nl,2.0.3,
9ae7660e-28fc-4f91-97c7-ed356baf0750,nl,"Dutch (Nederlands, Vlaams)",paars,paars,paars,rgb,67,1,91,1,5,full,white,en,nl,2.0.3,
9ae7660e-28fc-4f91-97c7-ed356baf0750,nl,"Dutch (Nederlands, Vlaams)",groen,groen,groen,rgb,69,195,166,1,7,full,white,en,nl,2.0.3,
9ae7660e-28fc-4f91-97c7-ed356baf0750,nl,"Dutch (Nederlands, Vlaams)",bruin,bruin,bruin,rgb,74,20,18,1,8,full,white,en,nl,2.0.3,
9ae7660e-28fc-4f91-97c7-ed356baf0750,nl,"Dutch (Nederlands, Vlaams)",roze,roze,roze,rgb,206,2,227,1,9,full,white,en,nl,2.0.3,
9ae7660e-28fc-4f91-97c7-ed356baf0750,nl,"Dutch (Nederlands, Vlaams)",taupe,taupe,taupe,rgb,181,171,155,1,10,full,white,en,nl,2.0.3,
9ae7660e-28fc-4f91-97c7-ed356baf0750,nl,"Dutch (Nederlands, Vlaams)",petrol,petrol,petrol,rgb,59,92,114,1,11,full,white,en,nl,2.0.3,
9ae7660e-28fc-4f91-97c7-ed356baf0750,nl,"Dutch (Nederlands, Vlaams)",paars,paars,paars,rgb,169,105,231,3,0,full,white,en,nl,2.0.3,
9ae7660e-28fc-4f91-97c7-ed356baf0750,nl,"Dutch (Nederlands, Vlaams)",kaki,kaki,kaki,rgb,149,135,79,3,1,full,white,en,nl,2.0.3,
9ae7660e-28fc-4f91-97c7-ed356baf0750,nl,"Dutch (Nederlands, Vlaams)",groen,groen,groen,rgb,143,210,140,3,2,full,white,en,nl,2.0.3,
9ae7660e-28fc-4f91-97c7-ed356baf0750,nl,"Dutch (Nederlands, Vlaams)",paars,paars,paars,rgb,146,117,158,3,3,full,white,en,nl,2.0.3,
9ae7660e-28fc-4f91-97c7-ed356baf0750,nl,"Dutch (Nederlands, Vlaams)",paars,paars,paars,rgb,142,110,202,3,4,full,white,en,nl,2.0.3,
9ae7660e-28fc-4f91-97c7-ed356baf0750,nl,"Dutch (Nederlands, Vlaams)",bordeaux,bordeaux,bordeaux,rgb,112,75,73,3,5,full,white,en,nl,2.0.3,
9ae7660e-28fc-4f91-97c7-ed356baf0750,nl,"Dutch (Nederlands, Vlaams)",appelblauwzeegroen,appelblauwzeegroen,appelblauwzeegroen,rgb,136,250,244,3,6,full,white,en,nl,2.0.3,
9ae7660e-28fc-4f91-97c7-ed356baf0750,nl,"Dutch (Nederlands, Vlaams)",roze,roze,roze,rgb,190,104,173,3,7,full,white,en,nl,2.0.3,
9ae7660e-28fc-4f91-97c7-ed356baf0750,nl,"Dutch (Nederlands, Vlaams)",bordeaux,bordeaux,bordeaux,rgb,90,52,68,3,8,full,white,en,nl,2.0.3,
9ae7660e-28fc-4f91-97c7-ed356baf0750,nl,"Dutch (Nederlands, Vlaams)",paars,paars,paars,rgb,106,55,179,3,9,full,white,en,nl,2.0.3,
9ae7660e-28fc-4f91-97c7-ed356baf0750,nl,"Dutch (Nederlands, Vlaams)",groen,groen,groen,rgb,73,209,166,3,10,full,white,en,nl,2.0.3,
9ae7660e-28fc-4f91-97c7-ed356baf0750,nl,"Dutch (Nederlands, Vlaams)",roze,roze,roze,rgb,157,67,159,3,11,full,white,en,nl,2.0.3,
9ae7660e-28fc-4f91-97c7-ed356baf0750,nl,"Dutch (Nederlands, Vlaams)",rood,rood,rood,rgb,197,16,71,5,0,full,white,en,nl,2.0.3,
9ae7660e-28fc-4f91-97c7-ed356baf0750,nl,"Dutch (Nederlands, Vlaams)",donkerblauw,donkerblauw,donkerblauw,rgb,79,78,123,5,1,full,white,en,nl,2.0.3,
9ae7660e-28fc-4f91-97c7-ed356baf0750,nl,"Dutch (Nederlands, Vlaams)",paars,paars,paars,rgb,169,105,217,5,2,full,white,en,nl,2.0.3,
9ae7660e-28fc-4f91-97c7-ed356baf0750,nl,"Dutch (Nederlands, Vlaams)",paars,paars,paars,rgb,127,95,137,5,3,full,white,en,nl,2.0.3,
9ae7660e-28fc-4f91-97c7-ed356baf0750,nl,"Dutch (Nederlands, Vlaams)",bruin,bruin,bruin,rgb,105,35,48,5,4,full,white,en,nl,2.0.3,
9ae7660e-28fc-4f91-97c7-ed356baf0750,nl,"Dutch (Nederlands, Vlaams)",donkergrijs,donkergrijs,donkergrijs,rgb,97,78,92,5,5,full,white,en,nl,2.0.3,
9ae7660e-28fc-4f91-97c7-ed356baf0750,nl,"Dutch (Nederlands, Vlaams)",roze,roze,roze,rgb,212,97,121,5,6,full,white,en,nl,2.0.3,
9ae7660e-28fc-4f91-97c7-ed356baf0750,nl,"Dutch (Nederlands, Vlaams)",paars,paars,paars,rgb,157,76,222,5,7,full,white,en,nl,2.0.3,
9ae7660e-28fc-4f91-97c7-ed356baf0750,nl,"Dutch (Nederlands, Vlaams)",oker,oker,oker,rgb,212,192,129,5,8,full,white,en,nl,2.0.3,
9ae7660e-28fc-4f91-97c7-ed356baf0750,nl,"Dutch (Nederlands, Vlaams)","roze,fuchsia","roze, fuchsia","roze, fuchsia",rgb,223,72,186,5,9,full,white,en,nl,2.0.3,
9ae7660e-28fc-4f91-97c7-ed356baf0750,nl,"Dutch (Nederlands, Vlaams)",turquoise,turquoise,turquoise,rgb,34,243,238,5,10,full,white,en,nl,2.0.3,
9ae7660e-28fc-4f91-97c7-ed356baf0750,nl,"Dutch (Nederlands, Vlaams)",groen,groen,groen,rgb,32,122,43,5,11,full,white,en,nl,2.0.3,
2cd82226-52b0-466e-8434-7bc42ef784eb,nl,"Dutch (Nederlands, Vlaams)",donkerblauw,donker blauw,donker blauw,rgb,54,35,100,1,0,full,white,en,nl,2.0.3,
2cd82226-52b0-466e-8434-7bc42ef784eb,nl,"Dutch (Nederlands, Vlaams)",auberginepaars,aubergine paars,aubergine paars,rgb,114,57,74,1,1,full,white,en,nl,2.0.3,
2cd82226-52b0-466e-8434-7bc42ef784eb,nl,"Dutch (Nederlands, Vlaams)",donkerlila,donker lila,donker lila,rgb,174,134,139,1,2,full,white,en,nl,2.0.3,
2cd82226-52b0-466e-8434-7bc42ef784eb,nl,"Dutch (Nederlands, Vlaams)",bordeauxrood,bordeaux rood,bordeaux rood,rgb,156,21,41,1,3,full,white,en,nl,2.0.3,
2cd82226-52b0-466e-8434-7bc42ef784eb,nl,"Dutch (Nederlands, Vlaams)",grijzigpaars,grijzig paars,grijzig paars,rgb,94,60,66,1,4,full,white,en,nl,2.0.3,
2cd82226-52b0-466e-8434-7bc42ef784eb,nl,"Dutch (Nederlands, Vlaams)",roze,roze,roze,rgb,236,53,118,1,5,full,white,en,nl,2.0.3,
2cd82226-52b0-466e-8434-7bc42ef784eb,nl,"Dutch (Nederlands, Vlaams)",khaki,khaki,khaki,rgb,143,132,76,1,6,full,white,en,nl,2.0.3,
2cd82226-52b0-466e-8434-7bc42ef784eb,nl,"Dutch (Nederlands, Vlaams)",lichtgroen,licht groen,licht groen,rgb,120,207,74,1,7,full,white,en,nl,2.0.3,
2cd82226-52b0-466e-8434-7bc42ef784eb,nl,"Dutch (Nederlands, Vlaams)",poederroze,poeder roze,poeder roze,rgb,246,109,110,1,8,full,white,en,nl,2.0.3,
2cd82226-52b0-466e-8434-7bc42ef784eb,nl,"Dutch (Nederlands, Vlaams)",beige,beige,beige,rgb,219,174,106,1,9,full,white,en,nl,2.0.3,
2cd82226-52b0-466e-8434-7bc42ef784eb,nl,"Dutch (Nederlands, Vlaams)",koraalblauw,koraalblauw,koraalblauw,rgb,67,36,166,1,10,full,white,en,nl,2.0.3,
2cd82226-52b0-466e-8434-7bc42ef784eb,nl,"Dutch (Nederlands, Vlaams)",paars,paars,paars,rgb,110,19,148,1,11,full,white,en,nl,2.0.3,
2cd82226-52b0-466e-8434-7bc42ef784eb,nl,"Dutch (Nederlands, Vlaams)",appelblauwzeegroen,appelblauwzeegroen,appelblauwzeegroen,rgb,88,205,117,3,0,full,white,en,nl,2.0.3,
2cd82226-52b0-466e-8434-7bc42ef784eb,nl,"Dutch (Nederlands, Vlaams)",zeeblauw,zeeblauw,zeeblauw,rgb,159,237,171,3,1,full,white,en,nl,2.0.3,
2cd82226-52b0-466e-8434-7bc42ef784eb,nl,"Dutch (Nederlands, Vlaams)",koningblauw,koningblauw,koningblauw,rgb,56,31,126,3,2,full,white,en,nl,2.0.3,
2cd82226-52b0-466e-8434-7bc42ef784eb,nl,"Dutch (Nederlands, Vlaams)",blauw,blauw,blauw,rgb,40,124,103,3,3,full,white,en,nl,2.0.3,
2cd82226-52b0-466e-8434-7bc42ef784eb,nl,"Dutch (Nederlands, Vlaams)",lila,lila,lila,rgb,137,121,145,3,4,full,white,en,nl,2.0.3,
2cd82226-52b0-466e-8434-7bc42ef784eb,nl,"Dutch (Nederlands, Vlaams)",donkerrood,donkerrood,donkerrood,rgb,126,26,27,3,5,full,white,en,nl,2.0.3,
2cd82226-52b0-466e-8434-7bc42ef784eb,nl,"Dutch (Nederlands, Vlaams)",babyroze,baby roze,baby roze,rgb,192,137,125,3,6,full,white,en,nl,2.0.3,
2cd82226-52b0-466e-8434-7bc42ef784eb,nl,"Dutch (Nederlands, Vlaams)",paars,paars,paars,rgb,100,34,99,3,7,full,white,en,nl,2.0.3,
2cd82226-52b0-466e-8434-7bc42ef784eb,nl,"Dutch (Nederlands, Vlaams)",staalblauw,staalblauw,staalblauw,rgb,100,110,131,3,8,full,white,en,nl,2.0.3,
2cd82226-52b0-466e-8434-7bc42ef784eb,nl,"Dutch (Nederlands, Vlaams)",bruin,bruin,bruin,rgb,75,51,15,3,9,full,white,en,nl,2.0.3,
2cd82226-52b0-466e-8434-7bc42ef784eb,nl,"Dutch (Nederlands, Vlaams)",groeniggeel,groenig geel,groenig geel,rgb,157,169,31,3,10,full,white,en,nl,2.0.3,
2cd82226-52b0-466e-8434-7bc42ef784eb,nl,"Dutch (Nederlands, Vlaams)",legergroen,legergroen,legergroen,rgb,71,73,39,3,11,full,white,en,nl,2.0.3,
2cd82226-52b0-466e-8434-7bc42ef784eb,nl,"Dutch (Nederlands, Vlaams)",blauw,blauw,blauw,rgb,76,85,177,5,0,full,white,en,nl,2.0.3,
2cd82226-52b0-466e-8434-7bc42ef784eb,nl,"Dutch (Nederlands, Vlaams)",beige,beige,beige,rgb,238,222,182,5,1,full,white,en,nl,2.0.3,
2cd82226-52b0-466e-8434-7bc42ef784eb,nl,"Dutch (Nederlands, Vlaams)",bruin,bruin,bruin,rgb,118,70,68,5,2,full,white,en,nl,2.0.3,
2cd82226-52b0-466e-8434-7bc42ef784eb,nl,"Dutch (Nederlands, Vlaams)","lilapaars,lavendelpaars","lilapaars, lavendelpaars","lilapaars, lavendelpaars",rgb,185,169,190,5,3,full,white,en,nl,2.0.3,
2cd82226-52b0-466e-8434-7bc42ef784eb,nl,"Dutch (Nederlands, Vlaams)",okergeel,okergeel,okergeel,rgb,205,186,25,5,4,full,white,en,nl,2.0.3,
2cd82226-52b0-466e-8434-7bc42ef784eb,nl,"Dutch (Nederlands, Vlaams)",paars,paars,paars,rgb,174,59,100,5,5,full,white,en,nl,2.0.3,
2cd82226-52b0-466e-8434-7bc42ef784eb,nl,"Dutch (Nederlands, Vlaams)",magenta,magenta,magenta,rgb,224,63,72,5,6,full,white,en,nl,2.0.3,
2cd82226-52b0-466e-8434-7bc42ef784eb,nl,"Dutch (Nederlands, Vlaams)",koraal,koraal,koraal,rgb,247,145,99,5,7,full,white,en,nl,2.0.3,
2cd82226-52b0-466e-8434-7bc42ef784eb,nl,"Dutch (Nederlands, Vlaams)",zachtroze,zacht roze,zacht roze,rgb,223,167,183,5,8,full,white,en,nl,2.0.3,
2cd82226-52b0-466e-8434-7bc42ef784eb,nl,"Dutch (Nederlands, Vlaams)",mosgroen,mosgroen,mosgroen,rgb,76,108,62,5,9,full,white,en,nl,2.0.3,
2cd82226-52b0-466e-8434-7bc42ef784eb,nl,"Dutch (Nederlands, Vlaams)",tropischblauw,tropisch blauw,tropisch blauw,rgb,93,183,128,5,10,full,white,en,nl,2.0.3,
2cd82226-52b0-466e-8434-7bc42ef784eb,nl,"Dutch (Nederlands, Vlaams)",bruin,bruin,bruin,rgb,122,60,55,5,11,full,white,en,nl,2.0.3,
aeb14fdf-3219-40d7-bef6-93f0bb23ccc6,nl,"Dutch (Nederlands, Vlaams)",fluorgroen,fluorgroen,fluorgroen,p3,0.391404,0.857881,0.565204,1,0,full,white,en,nl,2.0.3,
aeb14fdf-3219-40d7-bef6-93f0bb23ccc6,nl,"Dutch (Nederlands, Vlaams)",oker,oker,oker,p3,0.855408,0.705805,0.255918,1,1,full,white,en,nl,2.0.3,
aeb14fdf-3219-40d7-bef6-93f0bb23ccc6,nl,"Dutch (Nederlands, Vlaams)",pastelgroen,pastelgroen,pastelgroen,p3,0.820804,0.852355,0.510926,1,2,full,white,en,nl,2.0.3,
aeb14fdf-3219-40d7-bef6-93f0bb23ccc6,nl,"Dutch (Nederlands, Vlaams)",grasgroen,grasgroen,grasgroen,p3,0.470533,0.634742,0.295431,1,3,full,white,en,nl,2.0.3,
aeb14fdf-3219-40d7-bef6-93f0bb23ccc6,nl,"Dutch (Nederlands, Vlaams)",babyblauw,babyblauw,babyblauw,p3,0.554174,0.691968,0.957012,1,4,full,white,en,nl,2.0.3,
aeb14fdf-3219-40d7-bef6-93f0bb23ccc6,nl,"Dutch (Nederlands, Vlaams)",lila,lila,lila,p3,0.768647,0.608353,0.959515,1,5,full,white,en,nl,2.0.3,
aeb14fdf-3219-40d7-bef6-93f0bb23ccc6,nl,"Dutch (Nederlands, Vlaams)",oudroze,oudroze,oudroze,p3,0.581844,0.436409,0.508857,1,6,full,white,en,nl,2.0.3,
aeb14fdf-3219-40d7-bef6-93f0bb23ccc6,nl,"Dutch (Nederlands, Vlaams)",zwart,zwart,zwart,p3,0.002582,0.001618,0.00767,1,7,full,white,en,nl,2.0.3,
aeb14fdf-3219-40d7-bef6-93f0bb23ccc6,nl,"Dutch (Nederlands, Vlaams)",royalblauw,royal blauw,royal blauw,p3,0.025967,0.166522,0.518785,1,8,full,white,en,nl,2.0.3,
aeb14fdf-3219-40d7-bef6-93f0bb23ccc6,nl,"Dutch (Nederlands, Vlaams)",fluorgeel,fluorgeel,fluorgeel,p3,0.924506,0.978899,0.307141,1,10,full,white,en,nl,2.0.3,
aeb14fdf-3219-40d7-bef6-93f0bb23ccc6,nl,"Dutch (Nederlands, Vlaams)",mosgroen,mosgroen,mosgroen,p3,0.007691,0.329784,0.014792,1,11,full,white,en,nl,2.0.3,
aeb14fdf-3219-40d7-bef6-93f0bb23ccc6,nl,"Dutch (Nederlands, Vlaams)",heidepaars,heidepaars,heidepaars,p3,0.306646,0.138064,0.253562,3,0,full,white,en,nl,2.0.3,
aeb14fdf-3219-40d7-bef6-93f0bb23ccc6,nl,"Dutch (Nederlands, Vlaams)",legergroen,legergroen,legergroen,p3,0.50904,0.468402,0.048574,3,1,full,white,en,nl,2.0.3,
aeb14fdf-3219-40d7-bef6-93f0bb23ccc6,nl,"Dutch (Nederlands, Vlaams)",fuchiaroze,fuchiaroze,fuchiaroze,p3,0.854527,0.02721,0.351468,3,2,full,white,en,nl,2.0.3,
aeb14fdf-3219-40d7-bef6-93f0bb23ccc6,nl,"Dutch (Nederlands, Vlaams)",oudroze,oudroze,oudroze,p3,0.720497,0.335566,0.340679,3,3,full,white,en,nl,2.0.3,
aeb14fdf-3219-40d7-bef6-93f0bb23ccc6,nl,"Dutch (Nederlands, Vlaams)",oranje,oranje,oranje,p3,0.995949,0.555847,0.240807,3,4,full,white,en,nl,2.0.3,
aeb14fdf-3219-40d7-bef6-93f0bb23ccc6,nl,"Dutch (Nederlands, Vlaams)",petrolblauw,petrolblauw,petrolblauw,p3,0.183373,0.393733,0.584998,3,5,full,white,en,nl,2.0.3,
aeb14fdf-3219-40d7-bef6-93f0bb23ccc6,nl,"Dutch (Nederlands, Vlaams)",paars,paars,paars,p3,0.682072,0.404073,0.701419,3,6,full,white,en,nl,2.0.3,
aeb14fdf-3219-40d7-bef6-93f0bb23ccc6,nl,"Dutch (Nederlands, Vlaams)",oudrood,oudrood,oudrood,p3,0.563667,0.187755,0.190613,3,7,full,white,en,nl,2.0.3,
aeb14fdf-3219-40d7-bef6-93f0bb23ccc6,nl,"Dutch (Nederlands, Vlaams)",fluorroze,fluorroze,fluorroze,p3,0.990726,0.182177,0.653041,3,8,full,white,en,nl,2.0.3,
aeb14fdf-3219-40d7-bef6-93f0bb23ccc6,nl,"Dutch (Nederlands, Vlaams)",babyblauw,babyblauw,babyblauw,p3,0.756072,0.96042,1,3,9,full,white,en,nl,2.0.3,
aeb14fdf-3219-40d7-bef6-93f0bb23ccc6,nl,"Dutch (Nederlands, Vlaams)",lavendelpaars,lavendelpaars,lavendelpaars,p3,0.448332,0.482837,0.777331,3,10,full,white,en,nl,2.0.3,
aeb14fdf-3219-40d7-bef6-93f0bb23ccc6,nl,"Dutch (Nederlands, Vlaams)",babyroze,babyroze,babyroze,p3,0.987105,0.765551,0.869116,3,11,full,white,en,nl,2.0.3,
aeb14fdf-3219-40d7-bef6-93f0bb23ccc6,nl,"Dutch (Nederlands, Vlaams)",donkerblauw,donkerblauw,donkerblauw,p3,0.098674,0.009434,0.23136,5,0,full,white,en,nl,2.0.3,
aeb14fdf-3219-40d7-bef6-93f0bb23ccc6,nl,"Dutch (Nederlands, Vlaams)",fluorgroen,fluorgroen,fluorgroen,p3,0.487692,0.905407,0.085158,5,1,full,white,en,nl,2.0.3,
aeb14fdf-3219-40d7-bef6-93f0bb23ccc6,nl,"Dutch (Nederlands, Vlaams)",kobaltblauw,kobaltblauw,kobaltblauw,p3,0.315613,0.20019,0.848476,5,2,full,white,en,nl,2.0.3,
aeb14fdf-3219-40d7-bef6-93f0bb23ccc6,nl,"Dutch (Nederlands, Vlaams)",paars,paars,paars,p3,0.502918,0.214251,0.662799,5,3,full,white,en,nl,2.0.3,
aeb14fdf-3219-40d7-bef6-93f0bb23ccc6,nl,"Dutch (Nederlands, Vlaams)",aquablauw,aquablauw,aquablauw,p3,0.274056,0.599987,0.749961,5,4,full,white,en,nl,2.0.3,
aeb14fdf-3219-40d7-bef6-93f0bb23ccc6,nl,"Dutch (Nederlands, Vlaams)",paarsblauw,paarsblauw,paarsblauw,p3,0.254657,0.095159,0.449655,5,5,full,white,en,nl,2.0.3,
aeb14fdf-3219-40d7-bef6-93f0bb23ccc6,nl,"Dutch (Nederlands, Vlaams)",groen,groen,groen,p3,0.215579,0.474358,0.409846,5,6,full,white,en,nl,2.0.3,
aeb14fdf-3219-40d7-bef6-93f0bb23ccc6,nl,"Dutch (Nederlands, Vlaams)",zandgroen,zandgroen,zandgroen,p3,0.765686,0.767412,0.691758,5,7,full,white,en,nl,2.0.3,
aeb14fdf-3219-40d7-bef6-93f0bb23ccc6,nl,"Dutch (Nederlands, Vlaams)",bruingroen,bruingroen,bruingroen,p3,0.349995,0.27015,0.184362,5,8,full,white,en,nl,2.0.3,
aeb14fdf-3219-40d7-bef6-93f0bb23ccc6,nl,"Dutch (Nederlands, Vlaams)",paars,paars,paars,p3,0.607457,0.251913,0.891315,5,9,full,white,en,nl,2.0.3,
aeb14fdf-3219-40d7-bef6-93f0bb23ccc6,nl,"Dutch (Nederlands, Vlaams)",groen,groen,groen,p3,0.47876,0.565345,0.489763,5,10,full,white,en,nl,2.0.3,
aeb14fdf-3219-40d7-bef6-93f0bb23ccc6,nl,"Dutch (Nederlands, Vlaams)",koraalrood,koraalrood,koraalrood,p3,0.83766,0.538193,0.456827,5,11,full,white,en,nl,2.0.3,
60960841-8bff-4776-9c83-d236d940a71d,nl,"Dutch (Nederlands, Vlaams)",lichtpaars,licht paars,licht paars,rgb,137,108,121,1,0,full,white,en,nl,2.0.3,
60960841-8bff-4776-9c83-d236d940a71d,nl,"Dutch (Nederlands, Vlaams)",donkerroos,donker roos,donker roos,rgb,146,48,94,1,1,full,white,en,nl,2.0.3,
60960841-8bff-4776-9c83-d236d940a71d,nl,"Dutch (Nederlands, Vlaams)",donkerblauw,donkerblauw,donkerblauw,rgb,44,21,102,1,2,full,white,en,nl,2.0.3,
60960841-8bff-4776-9c83-d236d940a71d,nl,"Dutch (Nederlands, Vlaams)",roos,roos,roos,rgb,226,174,174,1,3,full,white,en,nl,2.0.3,
60960841-8bff-4776-9c83-d236d940a71d,nl,"Dutch (Nederlands, Vlaams)",pastelpaars,pastel paars,pastel paars,rgb,162,136,179,1,4,full,white,en,nl,2.0.3,
60960841-8bff-4776-9c83-d236d940a71d,nl,"Dutch (Nederlands, Vlaams)",lichtblauw,lichtblauw,lichtblauw,rgb,214,222,229,1,5,full,white,en,nl,2.0.3,
60960841-8bff-4776-9c83-d236d940a71d,nl,"Dutch (Nederlands, Vlaams)",oranje,oranje,oranje,rgb,208,59,18,1,6,full,white,en,nl,2.0.3,
60960841-8bff-4776-9c83-d236d940a71d,nl,"Dutch (Nederlands, Vlaams)",bruin,bruin,bruin,rgb,140,99,102,1,7,full,white,en,nl,2.0.3,
60960841-8bff-4776-9c83-d236d940a71d,nl,"Dutch (Nederlands, Vlaams)",paars,paars,paars,rgb,174,18,234,1,8,full,white,en,nl,2.0.3,
60960841-8bff-4776-9c83-d236d940a71d,nl,"Dutch (Nederlands, Vlaams)",dofpaars,dof paars,dof paars,rgb,164,96,168,1,9,full,white,en,nl,2.0.3,
60960841-8bff-4776-9c83-d236d940a71d,nl,"Dutch (Nederlands, Vlaams)",geel,geel,geel,rgb,218,229,93,1,10,full,white,en,nl,2.0.3,
60960841-8bff-4776-9c83-d236d940a71d,nl,"Dutch (Nederlands, Vlaams)",rood,rood,rood,rgb,214,68,77,1,11,full,white,en,nl,2.0.3,
8c37422a-f210-4c95-afde-b47e078a2dc7,nl,"Dutch (Nederlands, Vlaams)",lila,lila,lila,rgb,208,0,255,1,0,line,white,en,nl,2.0.3,
8c37422a-f210-4c95-afde-b47e078a2dc7,nl,"Dutch (Nederlands, Vlaams)",geel,geel,geel,rgb,255,243,0,1,1,line,white,en,nl,2.0.3,
8c37422a-f210-4c95-afde-b47e078a2dc7,nl,"Dutch (Nederlands, Vlaams)",lichterblauw,lichterblauw,lichterblauw,rgb,0,170,255,1,2,line,white,en,nl,2.0.3,
8c37422a-f210-4c95-afde-b47e078a2dc7,nl,"Dutch (Nederlands, Vlaams)",lichtblauw,licht blauw,licht blauw,rgb,0,217,255,1,3,line,white,en,nl,2.0.3,
8c37422a-f210-4c95-afde-b47e078a2dc7,nl,"Dutch (Nederlands, Vlaams)",cyaan,cyaan,cyaan,rgb,0,253,255,1,4,line,white,en,nl,2.0.3,
8c37422a-f210-4c95-afde-b47e078a2dc7,nl,"Dutch (Nederlands, Vlaams)",donkeroranje,donker oranje,donker oranje,rgb,255,130,0,1,5,line,white,en,nl,2.0.3,
8c37422a-f210-4c95-afde-b47e078a2dc7,nl,"Dutch (Nederlands, Vlaams)",blauw,blauw,blauw,rgb,0,158,255,1,6,line,white,en,nl,2.0.3,
8c37422a-f210-4c95-afde-b47e078a2dc7,nl,"Dutch (Nederlands, Vlaams)",donkerblauw,donkerblauw,donkerblauw,rgb,68,0,255,1,7,line,white,en,nl,2.0.3,
8c37422a-f210-4c95-afde-b47e078a2dc7,nl,"Dutch (Nederlands, Vlaams)",oranje,oranje,oranje,rgb,255,146,0,1,8,line,white,en,nl,2.0.3,
8c37422a-f210-4c95-afde-b47e078a2dc7,nl,"Dutch (Nederlands, Vlaams)",rood,rood,rood,rgb,255,85,0,1,9,line,white,en,nl,2.0.3,
8c37422a-f210-4c95-afde-b47e078a2dc7,nl,"Dutch (Nederlands, Vlaams)",violet,violet,violet,rgb,108,0,255,1,11,line,white,en,nl,2.0.3,
4c4dec06-f0ef-48b7-9362-301c4d80664e,nl,"Dutch (Nederlands, Vlaams)",bordeaux,bordeaux,bordeaux,rgb,113,28,28,1,0,full,white,en,en,2.1.2,
4c4dec06-f0ef-48b7-9362-301c4d80664e,nl,"Dutch (Nederlands, Vlaams)",magenta,magenta,magenta,rgb,224,85,186,1,1,full,white,en,en,2.1.2,
4c4dec06-f0ef-48b7-9362-301c4d80664e,nl,"Dutch (Nederlands, Vlaams)",roze,roze,roze,rgb,231,99,179,1,2,full,white,en,en,2.1.2,
4c4dec06-f0ef-48b7-9362-301c4d80664e,nl,"Dutch (Nederlands, Vlaams)",zwart,zwart,zwart,rgb,36,23,47,1,3,full,white,en,en,2.1.2,
4c4dec06-f0ef-48b7-9362-301c4d80664e,nl,"Dutch (Nederlands, Vlaams)",cyaan,cyaan,cyaan,rgb,172,228,223,1,5,full,white,en,en,2.1.2,
4c4dec06-f0ef-48b7-9362-301c4d80664e,nl,"Dutch (Nederlands, Vlaams)",donkerblauw,donker blauw,donker blauw,rgb,116,120,238,1,6,full,white,en,en,2.1.2,
4c4dec06-f0ef-48b7-9362-301c4d80664e,nl,"Dutch (Nederlands, Vlaams)",luchtblauw,luchtblauw,luchtblauw,rgb,185,212,239,1,7,full,white,en,en,2.1.2,
4c4dec06-f0ef-48b7-9362-301c4d80664e,nl,"Dutch (Nederlands, Vlaams)",paars,paars,paars,rgb,133,76,159,1,8,full,white,en,en,2.1.2,
4c4dec06-f0ef-48b7-9362-301c4d80664e,nl,"Dutch (Nederlands, Vlaams)",lavender,lavender,lavender,rgb,159,89,223,1,9,full,white,en,en,2.1.2,
4c4dec06-f0ef-48b7-9362-301c4d80664e,nl,"Dutch (Nederlands, Vlaams)",oranje,oranje,oranje,rgb,251,157,90,1,10,full,white,en,en,2.1.2,
4c4dec06-f0ef-48b7-9362-301c4d80664e,nl,"Dutch (Nederlands, Vlaams)",lichtblauw,lichtblauw,lichtblauw,rgb,160,226,215,3,0,full,white,en,en,2.1.2,
4c4dec06-f0ef-48b7-9362-301c4d80664e,nl,"Dutch (Nederlands, Vlaams)",marineblauw,marine blauw,marine blauw,rgb,117,153,207,3,1,full,white,en,en,2.1.2,
4c4dec06-f0ef-48b7-9362-301c4d80664e,nl,"Dutch (Nederlands, Vlaams)",mauve,mauve,mauve,rgb,200,129,195,3,2,full,white,en,en,2.1.2,
4c4dec06-f0ef-48b7-9362-301c4d80664e,nl,"Dutch (Nederlands, Vlaams)",paars,paars,paars,rgb,136,86,166,3,3,full,white,en,en,2.1.2,
4c4dec06-f0ef-48b7-9362-301c4d80664e,nl,"Dutch (Nederlands, Vlaams)",rood,rood,rood,rgb,227,35,120,3,4,full,white,en,en,2.1.2,
4c4dec06-f0ef-48b7-9362-301c4d80664e,nl,"Dutch (Nederlands, Vlaams)",groen,groen,groen,rgb,44,206,101,3,5,full,white,en,en,2.1.2,
4c4dec06-f0ef-48b7-9362-301c4d80664e,nl,"Dutch (Nederlands, Vlaams)",lichtgrijs,lichtgrijs,lichtgrijs,rgb,182,200,188,3,6,full,white,en,en,2.1.2,
4c4dec06-f0ef-48b7-9362-301c4d80664e,nl,"Dutch (Nederlands, Vlaams)",magenta,magenta,magenta,rgb,232,104,204,3,7,full,white,en,en,2.1.2,
4c4dec06-f0ef-48b7-9362-301c4d80664e,nl,"Dutch (Nederlands, Vlaams)",paars,paars,paars,rgb,91,43,102,3,8,full,white,en,en,2.1.2,
4c4dec06-f0ef-48b7-9362-301c4d80664e,nl,"Dutch (Nederlands, Vlaams)",magenta,magenta,magenta,rgb,230,121,201,3,9,full,white,en,en,2.1.2,
4c4dec06-f0ef-48b7-9362-301c4d80664e,nl,"Dutch (Nederlands, Vlaams)",paars,paars,paars,rgb,194,93,164,3,10,full,white,en,en,2.1.2,
4c4dec06-f0ef-48b7-9362-301c4d80664e,nl,"Dutch (Nederlands, Vlaams)",zwart,zwart,zwart,rgb,14,25,4,3,11,full,white,en,en,2.1.2,
4c4dec06-f0ef-48b7-9362-301c4d80664e,nl,"Dutch (Nederlands, Vlaams)",paars,paars,paars,rgb,123,87,190,5,0,full,white,en,en,2.1.2,
4c4dec06-f0ef-48b7-9362-301c4d80664e,nl,"Dutch (Nederlands, Vlaams)",bruin,bruin,bruin,rgb,170,102,82,5,1,full,white,en,en,2.1.2,
4c4dec06-f0ef-48b7-9362-301c4d80664e,nl,"Dutch (Nederlands, Vlaams)",magenta,magenta,magenta,rgb,166,73,164,5,2,full,white,en,en,2.1.2,
4c4dec06-f0ef-48b7-9362-301c4d80664e,nl,"Dutch (Nederlands, Vlaams)",lichtgroen,lichtgroen,lichtgroen,rgb,141,248,222,5,3,full,white,en,en,2.1.2,
4c4dec06-f0ef-48b7-9362-301c4d80664e,nl,"Dutch (Nederlands, Vlaams)",paars,paars,paars,rgb,154,126,180,5,4,full,white,en,en,2.1.2,
4c4dec06-f0ef-48b7-9362-301c4d80664e,nl,"Dutch (Nederlands, Vlaams)",paars,paars,paars,rgb,138,5,189,5,5,full,white,en,en,2.1.2,
4c4dec06-f0ef-48b7-9362-301c4d80664e,nl,"Dutch (Nederlands, Vlaams)",groen,groen,groen,rgb,139,147,126,5,6,full,white,en,en,2.1.2,
4c4dec06-f0ef-48b7-9362-301c4d80664e,nl,"Dutch (Nederlands, Vlaams)",kastanje,kastanje,kastanje,rgb,135,39,70,5,7,full,white,en,en,2.1.2,
4c4dec06-f0ef-48b7-9362-301c4d80664e,nl,"Dutch (Nederlands, Vlaams)",zwart,zwart,zwart,rgb,4,16,50,5,8,full,white,en,en,2.1.2,
4c4dec06-f0ef-48b7-9362-301c4d80664e,nl,"Dutch (Nederlands, Vlaams)",lichtgroen,lichtgroen,lichtgroen,rgb,200,247,103,5,9,full,white,en,en,2.1.2,
4c4dec06-f0ef-48b7-9362-301c4d80664e,nl,"Dutch (Nederlands, Vlaams)",blauw,blauw,blauw,rgb,2,24,136,5,10,full,white,en,en,2.1.2,
4c4dec06-f0ef-48b7-9362-301c4d80664e,nl,"Dutch (Nederlands, Vlaams)",bruin,bruin,bruin,rgb,133,69,58,5,11,full,white,en,en,2.1.2,
c85767ac-46f3-4c2f-96b3-1d3d9dc3c424,nl,"Dutch (Nederlands, Vlaams)",zwart,zwart,Zwart,rgb,12,8,1,1,0,full,white,en,en,2.1.2,
c85767ac-46f3-4c2f-96b3-1d3d9dc3c424,nl,"Dutch (Nederlands, Vlaams)",lichtpaars,licht paars,Licht paars,rgb,212,191,229,1,1,full,white,en,en,2.1.2,
c85767ac-46f3-4c2f-96b3-1d3d9dc3c424,nl,"Dutch (Nederlands, Vlaams)",lichtgroen,licht groen,Licht groen,rgb,239,243,215,1,2,full,white,en,en,2.1.2,
c85767ac-46f3-4c2f-96b3-1d3d9dc3c424,nl,"Dutch (Nederlands, Vlaams)",bosgroen,bos groen,Bos groen,rgb,118,177,129,1,3,full,white,en,en,2.1.2,
c85767ac-46f3-4c2f-96b3-1d3d9dc3c424,nl,"Dutch (Nederlands, Vlaams)",magenta,magenta,Magenta,rgb,153,133,231,1,4,full,white,en,en,2.1.2,
c85767ac-46f3-4c2f-96b3-1d3d9dc3c424,nl,"Dutch (Nederlands, Vlaams)",paars,paars,Paars,rgb,149,87,189,1,5,full,white,en,en,2.1.2,
c85767ac-46f3-4c2f-96b3-1d3d9dc3c424,nl,"Dutch (Nederlands, Vlaams)",grijs,grijs,Grijs,rgb,87,102,130,1,6,full,white,en,en,2.1.2,
c85767ac-46f3-4c2f-96b3-1d3d9dc3c424,nl,"Dutch (Nederlands, Vlaams)",bordaux,bordaux,Bordaux,rgb,52,4,26,1,7,full,white,en,en,2.1.2,
c85767ac-46f3-4c2f-96b3-1d3d9dc3c424,nl,"Dutch (Nederlands, Vlaams)",bruin,bruin,Bruin,rgb,61,41,25,1,8,full,white,en,en,2.1.2,
c85767ac-46f3-4c2f-96b3-1d3d9dc3c424,nl,"Dutch (Nederlands, Vlaams)",cyclamen,cyclamen,Cyclamen,rgb,131,39,131,1,9,full,white,en,en,2.1.2,
c85767ac-46f3-4c2f-96b3-1d3d9dc3c424,nl,"Dutch (Nederlands, Vlaams)",paars,paars,Paars,rgb,78,19,183,1,10,full,white,en,en,2.1.2,
c85767ac-46f3-4c2f-96b3-1d3d9dc3c424,nl,"Dutch (Nederlands, Vlaams)",bruin,bruin,Bruin,rgb,142,110,98,1,11,full,white,en,en,2.1.2,
c85767ac-46f3-4c2f-96b3-1d3d9dc3c424,nl,"Dutch (Nederlands, Vlaams)",cyclamen,cyclamen,Cyclamen,rgb,157,76,132,3,0,full,white,en,en,2.1.2,
c85767ac-46f3-4c2f-96b3-1d3d9dc3c424,nl,"Dutch (Nederlands, Vlaams)",bruin,bruin,Bruin,rgb,147,77,33,3,1,full,white,en,en,2.1.2,
c85767ac-46f3-4c2f-96b3-1d3d9dc3c424,nl,"Dutch (Nederlands, Vlaams)",pink,pink,Pink,rgb,243,128,179,3,2,full,white,en,en,2.1.2,
c85767ac-46f3-4c2f-96b3-1d3d9dc3c424,nl,"Dutch (Nederlands, Vlaams)",donkerpaars,donker paars,Donker paars,rgb,73,28,103,3,3,full,white,en,en,2.1.2,
c85767ac-46f3-4c2f-96b3-1d3d9dc3c424,nl,"Dutch (Nederlands, Vlaams)",lichtgroen,licht groen,Licht groen,rgb,167,249,175,3,4,full,white,en,en,2.1.2,
c85767ac-46f3-4c2f-96b3-1d3d9dc3c424,nl,"Dutch (Nederlands, Vlaams)",bruin,bruin,Bruin,rgb,101,43,45,3,5,full,white,en,en,2.1.2,
c85767ac-46f3-4c2f-96b3-1d3d9dc3c424,nl,"Dutch (Nederlands, Vlaams)",paars,paars,Paars,rgb,111,18,146,3,6,full,white,en,en,2.1.2,
c85767ac-46f3-4c2f-96b3-1d3d9dc3c424,nl,"Dutch (Nederlands, Vlaams)",periwinkle,periwinkle,Periwinkle,rgb,192,175,221,3,7,full,white,en,en,2.1.2,
c85767ac-46f3-4c2f-96b3-1d3d9dc3c424,nl,"Dutch (Nederlands, Vlaams)",cyclamen,cyclamen,Cyclamen,rgb,130,64,102,3,8,full,white,en,en,2.1.2,
c85767ac-46f3-4c2f-96b3-1d3d9dc3c424,nl,"Dutch (Nederlands, Vlaams)",banaangeel,banaan geel,Banaan geel,rgb,253,217,135,3,9,full,white,en,en,2.1.2,
c85767ac-46f3-4c2f-96b3-1d3d9dc3c424,nl,"Dutch (Nederlands, Vlaams)",hotpink,hot pink,Hot pink,rgb,253,68,151,3,10,full,white,en,en,2.1.2,
c85767ac-46f3-4c2f-96b3-1d3d9dc3c424,nl,"Dutch (Nederlands, Vlaams)",gray,gray,Gray,rgb,164,144,137,3,11,full,white,en,en,2.1.2,
c85767ac-46f3-4c2f-96b3-1d3d9dc3c424,nl,"Dutch (Nederlands, Vlaams)",carmine,carmine,Carmine,rgb,169,63,61,5,0,full,white,en,en,2.1.2,
c85767ac-46f3-4c2f-96b3-1d3d9dc3c424,nl,"Dutch (Nederlands, Vlaams)",paars,paars,Paars,rgb,121,50,151,5,1,full,white,en,en,2.1.2,
c85767ac-46f3-4c2f-96b3-1d3d9dc3c424,nl,"Dutch (Nederlands, Vlaams)",navyblue,navy blue,Navy blue,rgb,86,78,138,5,2,full,white,en,en,2.1.2,
c85767ac-46f3-4c2f-96b3-1d3d9dc3c424,nl,"Dutch (Nederlands, Vlaams)",velpaars,vel paars,Vel paars,rgb,126,96,236,5,3,full,white,en,en,2.1.2,
c85767ac-46f3-4c2f-96b3-1d3d9dc3c424,nl,"Dutch (Nederlands, Vlaams)",hotpink,hot pink,Hot pink,rgb,247,96,198,5,4,full,white,en,en,2.1.2,
c85767ac-46f3-4c2f-96b3-1d3d9dc3c424,nl,"Dutch (Nederlands, Vlaams)",bordaux,bordaux,Bordaux,rgb,83,26,41,5,5,full,white,en,en,2.1.2,
c85767ac-46f3-4c2f-96b3-1d3d9dc3c424,nl,"Dutch (Nederlands, Vlaams)",cyclamen,cyclamen,Cyclamen,rgb,150,6,99,5,6,full,white,en,en,2.1.2,
c85767ac-46f3-4c2f-96b3-1d3d9dc3c424,nl,"Dutch (Nederlands, Vlaams)",paars,paars,Paars,rgb,118,102,167,5,7,full,white,en,en,2.1.2,
c85767ac-46f3-4c2f-96b3-1d3d9dc3c424,nl,"Dutch (Nederlands, Vlaams)",oranje,oranje,Oranje,rgb,228,149,67,5,8,full,white,en,en,2.1.2,
c85767ac-46f3-4c2f-96b3-1d3d9dc3c424,nl,"Dutch (Nederlands, Vlaams)",bordaux,bordaux,Bordaux,rgb,118,43,56,5,9,full,white,en,en,2.1.2,
c85767ac-46f3-4c2f-96b3-1d3d9dc3c424,nl,"Dutch (Nederlands, Vlaams)",donkerroze,donker roze,Donker roze,rgb,200,121,163,5,10,full,white,en,en,2.1.2,
c85767ac-46f3-4c2f-96b3-1d3d9dc3c424,nl,"Dutch (Nederlands, Vlaams)",bordaux,bordaux,Bordaux,rgb,127,38,50,5,11,full,white,en,en,2.1.2,
d20533af-139e-4628-a9b0-79877aa7b2a7,nl,"Dutch (Nederlands, Vlaams)",zwart,zwart,zwart,rgb,25,25,55,1,0,full,white,en,en,2.1.2,
d20533af-139e-4628-a9b0-79877aa7b2a7,nl,"Dutch (Nederlands, Vlaams)",rood,rood,rood,rgb,224,56,86,1,1,full,white,en,en,2.1.2,
d20533af-139e-4628-a9b0-79877aa7b2a7,nl,"Dutch (Nederlands, Vlaams)",lichtblauw,lichtblauw,lichtblauw,rgb,163,194,233,1,2,full,white,en,en,2.1.2,
d20533af-139e-4628-a9b0-79877aa7b2a7,nl,"Dutch (Nederlands, Vlaams)",bruin,bruin,bruin,rgb,59,30,44,1,3,full,white,en,en,2.1.2,
d20533af-139e-4628-a9b0-79877aa7b2a7,nl,"Dutch (Nederlands, Vlaams)",grijs,grijs,grijs,rgb,91,105,100,1,4,full,white,en,en,2.1.2,
d20533af-139e-4628-a9b0-79877aa7b2a7,nl,"Dutch (Nederlands, Vlaams)",lichtbruin,lichtbruin,lichtbruin,rgb,113,44,60,1,5,full,white,en,en,2.1.2,
d20533af-139e-4628-a9b0-79877aa7b2a7,nl,"Dutch (Nederlands, Vlaams)",paars,paars,paars,rgb,134,72,191,1,6,full,white,en,en,2.1.2,
d20533af-139e-4628-a9b0-79877aa7b2a7,nl,"Dutch (Nederlands, Vlaams)",rood,rood,rood,rgb,222,23,68,1,7,full,white,en,en,2.1.2,
d20533af-139e-4628-a9b0-79877aa7b2a7,nl,"Dutch (Nederlands, Vlaams)",zwart,zwart,zwart,rgb,18,17,34,1,8,full,white,en,en,2.1.2,
d20533af-139e-4628-a9b0-79877aa7b2a7,nl,"Dutch (Nederlands, Vlaams)",lichtbruin,lichtbruin,lichtbruin,rgb,163,141,111,1,9,full,white,en,en,2.1.2,
d20533af-139e-4628-a9b0-79877aa7b2a7,nl,"Dutch (Nederlands, Vlaams)",paars,paars,paars,rgb,124,54,79,1,10,full,white,en,en,2.1.2,
d20533af-139e-4628-a9b0-79877aa7b2a7,nl,"Dutch (Nederlands, Vlaams)",beige,beige,beige,rgb,160,153,110,1,11,full,white,en,en,2.1.2,
d20533af-139e-4628-a9b0-79877aa7b2a7,nl,"Dutch (Nederlands, Vlaams)",blauw,blauw,blauw,rgb,57,109,122,3,0,full,white,en,en,2.1.2,
d20533af-139e-4628-a9b0-79877aa7b2a7,nl,"Dutch (Nederlands, Vlaams)",kaki,kaki,kaki,rgb,58,57,32,3,1,full,white,en,en,2.1.2,
d20533af-139e-4628-a9b0-79877aa7b2a7,nl,"Dutch (Nederlands, Vlaams)",roze,roze,roze,rgb,204,28,183,3,2,full,white,en,en,2.1.2,
d20533af-139e-4628-a9b0-79877aa7b2a7,nl,"Dutch (Nederlands, Vlaams)",appelblauwzeegroen,appelblauwzeegroen,appelblauwzeegroen,rgb,72,134,128,3,3,full,white,en,en,2.1.2,
d20533af-139e-4628-a9b0-79877aa7b2a7,nl,"Dutch (Nederlands, Vlaams)",beige,beige,beige,rgb,178,185,161,3,4,full,white,en,en,2.1.2,
d20533af-139e-4628-a9b0-79877aa7b2a7,nl,"Dutch (Nederlands, Vlaams)",roze,roze,roze,rgb,206,44,160,3,5,full,white,en,en,2.1.2,
d20533af-139e-4628-a9b0-79877aa7b2a7,nl,"Dutch (Nederlands, Vlaams)",oranje,oranje,oranje,rgb,252,119,50,3,6,full,white,en,en,2.1.2,
d20533af-139e-4628-a9b0-79877aa7b2a7,nl,"Dutch (Nederlands, Vlaams)",paars,paars,paars,rgb,160,104,223,3,7,full,white,en,en,2.1.2,
d20533af-139e-4628-a9b0-79877aa7b2a7,nl,"Dutch (Nederlands, Vlaams)",blauw,blauw,blauw,rgb,73,45,237,3,8,full,white,en,en,2.1.2,
d20533af-139e-4628-a9b0-79877aa7b2a7,nl,"Dutch (Nederlands, Vlaams)",grijs,grijs,grijs,rgb,97,116,137,3,9,full,white,en,en,2.1.2,
d20533af-139e-4628-a9b0-79877aa7b2a7,nl,"Dutch (Nederlands, Vlaams)",bruin,bruin,bruin,rgb,99,25,29,3,10,full,white,en,en,2.1.2,
d20533af-139e-4628-a9b0-79877aa7b2a7,nl,"Dutch (Nederlands, Vlaams)",grijs,grijs,grijs,rgb,131,110,152,3,11,full,white,en,en,2.1.2,
d20533af-139e-4628-a9b0-79877aa7b2a7,nl,"Dutch (Nederlands, Vlaams)",paars,paars,paars,rgb,179,75,253,5,0,full,white,en,en,2.1.2,
d20533af-139e-4628-a9b0-79877aa7b2a7,nl,"Dutch (Nederlands, Vlaams)",donkerblauw,donkerblauw,donkerblauw,rgb,36,24,131,5,1,full,white,en,en,2.1.2,
d20533af-139e-4628-a9b0-79877aa7b2a7,nl,"Dutch (Nederlands, Vlaams)",grijs,grijs,grijs,rgb,125,111,203,5,2,full,white,en,en,2.1.2,
d20533af-139e-4628-a9b0-79877aa7b2a7,nl,"Dutch (Nederlands, Vlaams)",cyaan,cyaan,cyaan,rgb,52,146,151,5,3,full,white,en,en,2.1.2,
d20533af-139e-4628-a9b0-79877aa7b2a7,nl,"Dutch (Nederlands, Vlaams)",bruin,bruin,bruin,rgb,152,58,81,5,4,full,white,en,en,2.1.2,
d20533af-139e-4628-a9b0-79877aa7b2a7,nl,"Dutch (Nederlands, Vlaams)",lichtblauw,lichtblauw,lichtblauw,rgb,200,253,238,5,5,full,white,en,en,2.1.2,
d20533af-139e-4628-a9b0-79877aa7b2a7,nl,"Dutch (Nederlands, Vlaams)",roze,roze,roze,rgb,227,84,245,5,6,full,white,en,en,2.1.2,
d20533af-139e-4628-a9b0-79877aa7b2a7,nl,"Dutch (Nederlands, Vlaams)",bruin,bruin,bruin,rgb,167,53,41,5,7,full,white,en,en,2.1.2,
d20533af-139e-4628-a9b0-79877aa7b2a7,nl,"Dutch (Nederlands, Vlaams)",grijs,grijs,grijs,rgb,130,124,145,5,8,full,white,en,en,2.1.2,
d20533af-139e-4628-a9b0-79877aa7b2a7,nl,"Dutch (Nederlands, Vlaams)",donkergrijs,donkergrijs,donkergrijs,rgb,41,46,50,5,9,full,white,en,en,2.1.2,
d20533af-139e-4628-a9b0-79877aa7b2a7,nl,"Dutch (Nederlands, Vlaams)",zandkleurig,zandkleurig,zandkleurig,rgb,148,142,94,5,10,full,white,en,en,2.1.2,
d20533af-139e-4628-a9b0-79877aa7b2a7,nl,"Dutch (Nederlands, Vlaams)",paars,paars,paars,rgb,173,96,206,5,11,full,white,en,en,2.1.2,
aee3bdf7-2d16-49ff-bd65-3235d6186387,nl,"Dutch (Nederlands, Vlaams)",bruin,bruin,bruin,p3,0.506246,0.255281,0.259017,1,0,full,white,en,nl,2.1.2,
aee3bdf7-2d16-49ff-bd65-3235d6186387,nl,"Dutch (Nederlands, Vlaams)",blauw,blauw,blauw,p3,0.297539,0.489329,0.543542,1,1,full,white,en,nl,2.1.2,
aee3bdf7-2d16-49ff-bd65-3235d6186387,nl,"Dutch (Nederlands, Vlaams)",paars,paars,paars,p3,0.524453,0.341659,0.610677,1,2,full,white,en,nl,2.1.2,
aee3bdf7-2d16-49ff-bd65-3235d6186387,nl,"Dutch (Nederlands, Vlaams)",roze,roze,roze,p3,0.843863,0.128754,0.80181,1,3,full,white,en,nl,2.1.2,
aee3bdf7-2d16-49ff-bd65-3235d6186387,nl,"Dutch (Nederlands, Vlaams)",paars,paars,paars,p3,0.420092,0.179809,0.38849,1,4,full,white,en,nl,2.1.2,
aee3bdf7-2d16-49ff-bd65-3235d6186387,nl,"Dutch (Nederlands, Vlaams)",geel,geel,geel,p3,0.945307,0.731367,0.17642,1,5,full,white,en,nl,2.1.2,
aee3bdf7-2d16-49ff-bd65-3235d6186387,nl,"Dutch (Nederlands, Vlaams)",groen,groen,groen,p3,0.792641,0.836133,0.529996,1,6,full,white,en,nl,2.1.2,
aee3bdf7-2d16-49ff-bd65-3235d6186387,nl,"Dutch (Nederlands, Vlaams)",blauw,blauw,blauw,p3,0.113061,0.197369,0.424851,1,7,full,white,en,nl,2.1.2,
aee3bdf7-2d16-49ff-bd65-3235d6186387,nl,"Dutch (Nederlands, Vlaams)",blauw,blauw,blauw,p3,0.687172,0.759355,0.911465,1,8,full,white,en,nl,2.1.2,
aee3bdf7-2d16-49ff-bd65-3235d6186387,nl,"Dutch (Nederlands, Vlaams)",groen,groen,groen,p3,0.0935524,0.3074,0.200356,1,9,full,white,en,nl,2.1.2,
aee3bdf7-2d16-49ff-bd65-3235d6186387,nl,"Dutch (Nederlands, Vlaams)",grijs,grijs,grijs,p3,0.348319,0.348864,0.331547,1,10,full,white,en,nl,2.1.2,
aee3bdf7-2d16-49ff-bd65-3235d6186387,nl,"Dutch (Nederlands, Vlaams)",roze,roze,roze,p3,0.768008,0.446909,0.491143,1,11,full,white,en,nl,2.1.2,
aee3bdf7-2d16-49ff-bd65-3235d6186387,nl,"Dutch (Nederlands, Vlaams)",groen,groen,groen,p3,0.892302,0.993447,0.664328,3,0,full,white,en,nl,2.1.2,
aee3bdf7-2d16-49ff-bd65-3235d6186387,nl,"Dutch (Nederlands, Vlaams)",magenta,magenta,magenta,p3,0.742792,0.344247,0.641574,3,1,full,white,en,nl,2.1.2,
aee3bdf7-2d16-49ff-bd65-3235d6186387,nl,"Dutch (Nederlands, Vlaams)",bruin,bruin,bruin,p3,0.575539,0.331693,0.028025,3,2,full,white,en,nl,2.1.2,
aee3bdf7-2d16-49ff-bd65-3235d6186387,nl,"Dutch (Nederlands, Vlaams)",paars,paars,paars,p3,0.741618,0.46803,0.889544,3,3,full,white,en,nl,2.1.2,
aee3bdf7-2d16-49ff-bd65-3235d6186387,nl,"Dutch (Nederlands, Vlaams)",roze,roze,roze,p3,0.961073,0.234517,0.542925,3,4,full,white,en,nl,2.1.2,
aee3bdf7-2d16-49ff-bd65-3235d6186387,nl,"Dutch (Nederlands, Vlaams)",groen,groen,groen,p3,0.41662,0.404549,0.0182109,3,5,full,white,en,nl,2.1.2,
aee3bdf7-2d16-49ff-bd65-3235d6186387,nl,"Dutch (Nederlands, Vlaams)",donkerrood,donker rood,donker rood,p3,0.395957,0.135073,0.00455113,3,6,full,white,en,nl,2.1.2,
aee3bdf7-2d16-49ff-bd65-3235d6186387,nl,"Dutch (Nederlands, Vlaams)",blauw,blauw,blauw,p3,0.204973,0.366071,0.807078,3,7,full,white,en,nl,2.1.2,
aee3bdf7-2d16-49ff-bd65-3235d6186387,nl,"Dutch (Nederlands, Vlaams)",donkerblauw,donker blauw,donker blauw,p3,0.0248903,0.0759096,0.0235525,3,8,full,white,en,nl,2.1.2,
aee3bdf7-2d16-49ff-bd65-3235d6186387,nl,"Dutch (Nederlands, Vlaams)",paars,paars,paars,p3,0.557081,0.502823,0.703588,3,9,full,white,en,nl,2.1.2,
aee3bdf7-2d16-49ff-bd65-3235d6186387,nl,"Dutch (Nederlands, Vlaams)",groen,groen,groen,p3,0.532176,0.752228,0.156915,3,10,full,white,en,nl,2.1.2,
aee3bdf7-2d16-49ff-bd65-3235d6186387,nl,"Dutch (Nederlands, Vlaams)",roze,roze,roze,p3,0.762979,0.627388,0.639325,3,11,full,white,en,nl,2.1.2,
aee3bdf7-2d16-49ff-bd65-3235d6186387,nl,"Dutch (Nederlands, Vlaams)",groen,groen,groen,p3,0.145185,0.57903,0.311951,5,0,full,white,en,nl,2.1.2,
aee3bdf7-2d16-49ff-bd65-3235d6186387,nl,"Dutch (Nederlands, Vlaams)",blauw,blauw,blauw,p3,0.138846,0.991807,0.906092,5,1,full,white,en,nl,2.1.2,
aee3bdf7-2d16-49ff-bd65-3235d6186387,nl,"Dutch (Nederlands, Vlaams)",paars,paars,paars,p3,0.431697,0.0800415,0.595316,5,2,full,white,en,nl,2.1.2,
aee3bdf7-2d16-49ff-bd65-3235d6186387,nl,"Dutch (Nederlands, Vlaams)",oranje,oranje,oranje,p3,0.785497,0.35079,0.0484985,5,3,full,white,en,nl,2.1.2,
aee3bdf7-2d16-49ff-bd65-3235d6186387,nl,"Dutch (Nederlands, Vlaams)",paars,paars,paars,p3,0.548916,0.221294,0.807143,5,4,full,white,en,nl,2.1.2,
aee3bdf7-2d16-49ff-bd65-3235d6186387,nl,"Dutch (Nederlands, Vlaams)",groen,groen,groen,p3,0.327499,0.955065,0.320955,5,5,full,white,en,nl,2.1.2,
aee3bdf7-2d16-49ff-bd65-3235d6186387,nl,"Dutch (Nederlands, Vlaams)",huidskleur,huidskleur,huidskleur,p3,0.994188,0.779725,0.585567,5,6,full,white,en,nl,2.1.2,
aee3bdf7-2d16-49ff-bd65-3235d6186387,nl,"Dutch (Nederlands, Vlaams)",blauw,blauw,blauw,p3,0.856499,0.918136,0.995888,5,7,full,white,en,nl,2.1.2,
aee3bdf7-2d16-49ff-bd65-3235d6186387,nl,"Dutch (Nederlands, Vlaams)",zwart,zwart,zwart,p3,0.14282,0.065846,0.12904,5,8,full,white,en,nl,2.1.2,
aee3bdf7-2d16-49ff-bd65-3235d6186387,nl,"Dutch (Nederlands, Vlaams)",groen,groen,groen,p3,0.53927,0.586874,0.454223,5,9,full,white,en,nl,2.1.2,
aee3bdf7-2d16-49ff-bd65-3235d6186387,nl,"Dutch (Nederlands, Vlaams)",blauw,blauw,blauw,p3,0.234504,0.664276,0.88515,5,10,full,white,en,nl,2.1.2,
aee3bdf7-2d16-49ff-bd65-3235d6186387,nl,"Dutch (Nederlands, Vlaams)",groen,groen,groen,p3,0.570772,0.783558,0.680788,5,11,full,white,en,nl,2.1.2,
bb207142-dcb8-4ad1-a692-2c40cd1dea21,nl,"Dutch (Nederlands, Vlaams)",lichtpaars,licht paars,licht paars,rgb,219,67,193,1,0,full,white,en,nl,2.1.2,
bb207142-dcb8-4ad1-a692-2c40cd1dea21,nl,"Dutch (Nederlands, Vlaams)",rood,rood,rood,rgb,225,95,76,1,1,full,white,en,nl,2.1.2,
bb207142-dcb8-4ad1-a692-2c40cd1dea21,nl,"Dutch (Nederlands, Vlaams)",mintgroen,mintgroen,mintgroen,rgb,73,242,164,1,2,full,white,en,nl,2.1.2,
bb207142-dcb8-4ad1-a692-2c40cd1dea21,nl,"Dutch (Nederlands, Vlaams)",lichtroze,licht roze,licht roze,rgb,246,176,254,1,3,full,white,en,nl,2.1.2,
bb207142-dcb8-4ad1-a692-2c40cd1dea21,nl,"Dutch (Nederlands, Vlaams)",oranje,oranje,oranje,rgb,239,182,37,1,4,full,white,en,nl,2.1.2,
bb207142-dcb8-4ad1-a692-2c40cd1dea21,nl,"Dutch (Nederlands, Vlaams)",groen,groen,groen,rgb,86,241,67,1,5,full,white,en,nl,2.1.2,
bb207142-dcb8-4ad1-a692-2c40cd1dea21,nl,"Dutch (Nederlands, Vlaams)",olijfgroen,olijfgroen,olijfgroen,rgb,147,160,118,1,6,full,white,en,nl,2.1.2,
bb207142-dcb8-4ad1-a692-2c40cd1dea21,nl,"Dutch (Nederlands, Vlaams)",donkerblauw,donkerblauw,donkerblauw,rgb,59,78,106,1,7,full,white,en,nl,2.1.2,
bb207142-dcb8-4ad1-a692-2c40cd1dea21,nl,"Dutch (Nederlands, Vlaams)",zeegroen,zee groen,zee groen,rgb,65,139,126,1,8,full,white,en,nl,2.1.2,
bb207142-dcb8-4ad1-a692-2c40cd1dea21,nl,"Dutch (Nederlands, Vlaams)",roze,roze,roze,rgb,225,131,181,1,9,full,white,en,nl,2.1.2,
bb207142-dcb8-4ad1-a692-2c40cd1dea21,nl,"Dutch (Nederlands, Vlaams)",paars,paars,paars,rgb,126,42,132,1,10,full,white,en,nl,2.1.2,
bb207142-dcb8-4ad1-a692-2c40cd1dea21,nl,"Dutch (Nederlands, Vlaams)",kobaltblauw,kobalt blauw,kobalt blauw,rgb,57,58,174,1,11,full,white,en,nl,2.1.2,
bb207142-dcb8-4ad1-a692-2c40cd1dea21,nl,"Dutch (Nederlands, Vlaams)",blauw,blauw,blauw,rgb,48,78,112,3,0,full,white,en,nl,2.1.2,
bb207142-dcb8-4ad1-a692-2c40cd1dea21,nl,"Dutch (Nederlands, Vlaams)",roze,roze,roze,rgb,216,149,177,3,1,full,white,en,nl,2.1.2,
bb207142-dcb8-4ad1-a692-2c40cd1dea21,nl,"Dutch (Nederlands, Vlaams)",lichtblauw,lichtblauw,lichtblauw,rgb,154,211,221,3,2,full,white,en,nl,2.1.2,
bb207142-dcb8-4ad1-a692-2c40cd1dea21,nl,"Dutch (Nederlands, Vlaams)",blauw,blauw,blauw,rgb,37,85,123,3,3,full,white,en,nl,2.1.2,
bb207142-dcb8-4ad1-a692-2c40cd1dea21,nl,"Dutch (Nederlands, Vlaams)",zwart,zwart,zwart,rgb,2,11,19,3,4,full,white,en,nl,2.1.2,
bb207142-dcb8-4ad1-a692-2c40cd1dea21,nl,"Dutch (Nederlands, Vlaams)",kakigroen,kaki groen,kaki groen,rgb,93,89,40,3,5,full,white,en,nl,2.1.2,
bb207142-dcb8-4ad1-a692-2c40cd1dea21,nl,"Dutch (Nederlands, Vlaams)",oranjebruin,oranje bruin,oranje bruin,rgb,184,128,41,3,6,full,white,en,nl,2.1.2,
bb207142-dcb8-4ad1-a692-2c40cd1dea21,nl,"Dutch (Nederlands, Vlaams)",grijsblauw,grijsblauw,grijsblauw,rgb,95,129,165,3,7,full,white,en,nl,2.1.2,
bb207142-dcb8-4ad1-a692-2c40cd1dea21,nl,"Dutch (Nederlands, Vlaams)",rood,rood,rood,rgb,179,47,63,3,8,full,white,en,nl,2.1.2,
bb207142-dcb8-4ad1-a692-2c40cd1dea21,nl,"Dutch (Nederlands, Vlaams)",geel,geel,geel,rgb,246,235,70,3,9,full,white,en,nl,2.1.2,
bb207142-dcb8-4ad1-a692-2c40cd1dea21,nl,"Dutch (Nederlands, Vlaams)",bruinterracotta,bruin terracotta,bruin terracotta,rgb,158,113,106,3,10,full,white,en,nl,2.1.2,
bb207142-dcb8-4ad1-a692-2c40cd1dea21,nl,"Dutch (Nederlands, Vlaams)",donkerzeegroen,donker zeegroen,donker zeegroen,rgb,50,102,103,3,11,full,white,en,nl,2.1.2,
bb207142-dcb8-4ad1-a692-2c40cd1dea21,nl,"Dutch (Nederlands, Vlaams)",blauw,blauw,blauw,rgb,90,74,234,5,0,full,white,en,nl,2.1.2,
bb207142-dcb8-4ad1-a692-2c40cd1dea21,nl,"Dutch (Nederlands, Vlaams)",donkerblauw,donkerblauw,donkerblauw,rgb,69,70,162,5,1,full,white,en,nl,2.1.2,
bb207142-dcb8-4ad1-a692-2c40cd1dea21,nl,"Dutch (Nederlands, Vlaams)",lichtblauw,lichtblauw,lichtblauw,rgb,121,205,253,5,2,full,white,en,nl,2.1.2,
bb207142-dcb8-4ad1-a692-2c40cd1dea21,nl,"Dutch (Nederlands, Vlaams)",donkerpaars,donkerpaars,donkerpaars,rgb,161,41,136,5,3,full,white,en,nl,2.1.2,
bb207142-dcb8-4ad1-a692-2c40cd1dea21,nl,"Dutch (Nederlands, Vlaams)",roze,roze,roze,rgb,245,117,171,5,4,full,white,en,nl,2.1.2,
bb207142-dcb8-4ad1-a692-2c40cd1dea21,nl,"Dutch (Nederlands, Vlaams)",paars,paars,paars,rgb,193,67,167,5,5,full,white,en,nl,2.1.2,
bb207142-dcb8-4ad1-a692-2c40cd1dea21,nl,"Dutch (Nederlands, Vlaams)",bruin,bruin,bruin,rgb,90,74,53,5,6,full,white,en,nl,2.1.2,
bb207142-dcb8-4ad1-a692-2c40cd1dea21,nl,"Dutch (Nederlands, Vlaams)",donkergroen,donkergroen,donkergroen,rgb,31,119,74,5,7,full,white,en,nl,2.1.2,
bb207142-dcb8-4ad1-a692-2c40cd1dea21,nl,"Dutch (Nederlands, Vlaams)",zwart,zwart,zwart,rgb,1,8,3,5,8,full,white,en,nl,2.1.2,
bb207142-dcb8-4ad1-a692-2c40cd1dea21,nl,"Dutch (Nederlands, Vlaams)",lichtpaars,lichtpaars,lichtpaars,rgb,210,91,196,5,9,full,white,en,nl,2.1.2,
bb207142-dcb8-4ad1-a692-2c40cd1dea21,nl,"Dutch (Nederlands, Vlaams)",mintpaars,mint paars,mint paars,rgb,201,138,234,5,10,full,white,en,nl,2.1.2,
bb207142-dcb8-4ad1-a692-2c40cd1dea21,nl,"Dutch (Nederlands, Vlaams)",kobaltblauw,kobalt blauw,kobalt blauw,rgb,112,20,240,5,11,full,white,en,nl,2.1.2,
7bc09827-5003-495c-a7ee-f9690fa350e4,nl,"Dutch (Nederlands, Vlaams)",beige,beige,beige,p3,0.775657,0.745581,0.686884,1,0,full,white,en,en,2.1.2,
7bc09827-5003-495c-a7ee-f9690fa350e4,nl,"Dutch (Nederlands, Vlaams)",zwart,zwart,zwart,p3,0.029902,0.0138648,0.0916877,1,1,full,white,en,en,2.1.2,
7bc09827-5003-495c-a7ee-f9690fa350e4,nl,"Dutch (Nederlands, Vlaams)",magenta,magenta,magenta,p3,0.748909,0.631638,0.842707,1,2,full,white,en,en,2.1.2,
7bc09827-5003-495c-a7ee-f9690fa350e4,nl,"Dutch (Nederlands, Vlaams)",cyangroen,cyan groen,cyan groen,p3,0.16004,0.950314,0.0646063,1,3,full,white,en,en,2.1.2,
7bc09827-5003-495c-a7ee-f9690fa350e4,nl,"Dutch (Nederlands, Vlaams)",navyblue,navy blue,navy blue,p3,0.0402025,0.166016,0.2272,1,4,full,white,en,en,2.1.2,
7bc09827-5003-495c-a7ee-f9690fa350e4,nl,"Dutch (Nederlands, Vlaams)",orange,orange,orange,p3,0.920111,0.663785,0.126278,1,6,full,white,en,en,2.1.2,
7bc09827-5003-495c-a7ee-f9690fa350e4,nl,"Dutch (Nederlands, Vlaams)",teal,teal,teal,p3,0.439643,0.757058,0.715733,1,8,full,white,en,en,2.1.2,
7bc09827-5003-495c-a7ee-f9690fa350e4,nl,"Dutch (Nederlands, Vlaams)",paars2,paars 2,paars-2,p3,0.541033,0.274261,0.404625,1,9,full,white,en,en,2.1.2,
7bc09827-5003-495c-a7ee-f9690fa350e4,nl,"Dutch (Nederlands, Vlaams)",groen,groen,groen,p3,0.33571,0.498653,0.219808,1,10,full,white,en,en,2.1.2,
7bc09827-5003-495c-a7ee-f9690fa350e4,nl,"Dutch (Nederlands, Vlaams)",paars,paars,paars,p3,0.728956,0.332215,0.590917,1,11,full,white,en,en,2.1.2,
a47bab5b-d2d1-4d04-bb90-24d814ba5a61,nl,"Dutch (Nederlands, Vlaams)",antracite,antracite,antracite,rgb,43,62,69,1,1,full,white,en,nl,2.1.2,
a47bab5b-d2d1-4d04-bb90-24d814ba5a61,nl,"Dutch (Nederlands, Vlaams)",kaki,kaki,kaki,rgb,44,44,27,1,2,full,white,en,nl,2.1.2,
a47bab5b-d2d1-4d04-bb90-24d814ba5a61,nl,"Dutch (Nederlands, Vlaams)",greenish,greenish,greenish,rgb,42,109,98,1,3,full,white,en,nl,2.1.2,
a47bab5b-d2d1-4d04-bb90-24d814ba5a61,nl,"Dutch (Nederlands, Vlaams)",pink,pink,pink,rgb,250,134,238,1,4,full,white,en,nl,2.1.2,
a47bab5b-d2d1-4d04-bb90-24d814ba5a61,nl,"Dutch (Nederlands, Vlaams)",darkpink,dark pink,dark pink,rgb,189,79,139,1,6,full,white,en,nl,2.1.2,
a47bab5b-d2d1-4d04-bb90-24d814ba5a61,nl,"Dutch (Nederlands, Vlaams)",skincolor,skin color,skin color,rgb,239,184,172,1,7,full,white,en,nl,2.1.2,
a47bab5b-d2d1-4d04-bb90-24d814ba5a61,nl,"Dutch (Nederlands, Vlaams)",brown,brown,brown,rgb,146,106,46,1,8,full,white,en,nl,2.1.2,
a47bab5b-d2d1-4d04-bb90-24d814ba5a61,nl,"Dutch (Nederlands, Vlaams)",mauve,mauve,mauve,rgb,154,147,212,1,9,full,white,en,nl,2.1.2,
a47bab5b-d2d1-4d04-bb90-24d814ba5a61,nl,"Dutch (Nederlands, Vlaams)",red,red,red,rgb,250,77,62,1,10,full,white,en,nl,2.1.2,
a47bab5b-d2d1-4d04-bb90-24d814ba5a61,nl,"Dutch (Nederlands, Vlaams)",darkblue,dark blue,dark blue,rgb,34,80,167,1,11,full,white,en,nl,2.1.2,
a47bab5b-d2d1-4d04-bb90-24d814ba5a61,nl,"Dutch (Nederlands, Vlaams)",brown,brown,brown,rgb,148,80,33,3,0,full,white,en,nl,2.1.2,
c9e9f6e7-b48f-44a9-804b-685f3f6099ed,nl,"Dutch (Nederlands, Vlaams)",zwart,zwart,Zwart,rgb,36,11,59,1,0,full,white,en,nl,2.1.2,
c9e9f6e7-b48f-44a9-804b-685f3f6099ed,nl,"Dutch (Nederlands, Vlaams)",neonroze,neon roze,Neon Roze,rgb,255,46,244,1,1,full,white,en,nl,2.1.2,
c9e9f6e7-b48f-44a9-804b-685f3f6099ed,nl,"Dutch (Nederlands, Vlaams)",bruinrood,bruin rood,Bruin rood,rgb,145,113,124,1,2,full,white,en,nl,2.1.2,
c9e9f6e7-b48f-44a9-804b-685f3f6099ed,nl,"Dutch (Nederlands, Vlaams)",zandkleur,zand kleur,Zand kleur,rgb,170,134,102,1,3,full,white,en,nl,2.1.2,
c9e9f6e7-b48f-44a9-804b-685f3f6099ed,nl,"Dutch (Nederlands, Vlaams)",donkerblauw,donker blauw,Donker blauw,rgb,76,53,79,1,4,full,white,en,nl,2.1.2,
c9e9f6e7-b48f-44a9-804b-685f3f6099ed,nl,"Dutch (Nederlands, Vlaams)",donkerpaars,donker paars,Donker Paars,rgb,99,44,104,1,5,full,white,en,nl,2.1.2,
c9e9f6e7-b48f-44a9-804b-685f3f6099ed,nl,"Dutch (Nederlands, Vlaams)",lila,lila,Lila,rgb,128,117,216,1,6,full,white,en,nl,2.1.2,
c9e9f6e7-b48f-44a9-804b-685f3f6099ed,nl,"Dutch (Nederlands, Vlaams)",blauw,blauw,Blauw,rgb,19,104,231,1,7,full,white,en,nl,2.1.2,
c9e9f6e7-b48f-44a9-804b-685f3f6099ed,nl,"Dutch (Nederlands, Vlaams)",mintgroen,mint groen,Mint groen,rgb,172,251,218,1,8,full,white,en,nl,2.1.2,
c9e9f6e7-b48f-44a9-804b-685f3f6099ed,nl,"Dutch (Nederlands, Vlaams)",paars,paars,Paars,rgb,117,8,210,1,9,full,white,en,nl,2.1.2,
c9e9f6e7-b48f-44a9-804b-685f3f6099ed,nl,"Dutch (Nederlands, Vlaams)",lichtgroen,licht groen,Licht groen,rgb,197,228,47,1,10,full,white,en,nl,2.1.2,
c9e9f6e7-b48f-44a9-804b-685f3f6099ed,nl,"Dutch (Nederlands, Vlaams)",groen,groen,Groen,rgb,90,175,76,1,11,full,white,en,nl,2.1.2,
c9e9f6e7-b48f-44a9-804b-685f3f6099ed,nl,"Dutch (Nederlands, Vlaams)",zalm,zalm,Zalm,rgb,237,122,128,3,0,full,white,en,nl,2.1.2,
c9e9f6e7-b48f-44a9-804b-685f3f6099ed,nl,"Dutch (Nederlands, Vlaams)",donkeroranje,donker oranje,Donker oranje,rgb,200,128,98,3,1,full,white,en,nl,2.1.2,
c9e9f6e7-b48f-44a9-804b-685f3f6099ed,nl,"Dutch (Nederlands, Vlaams)",lichtpaars,licht paars,Licht paars,rgb,242,101,215,3,2,full,white,en,nl,2.1.2,
c9e9f6e7-b48f-44a9-804b-685f3f6099ed,nl,"Dutch (Nederlands, Vlaams)",donkerblauw,donker blauw,Donker blauw,rgb,23,15,65,3,3,full,white,en,nl,2.1.2,
c9e9f6e7-b48f-44a9-804b-685f3f6099ed,nl,"Dutch (Nederlands, Vlaams)",paarsblauw,paars blauw,Paars blauw,rgb,105,95,146,3,4,full,white,en,nl,2.1.2,
c9e9f6e7-b48f-44a9-804b-685f3f6099ed,nl,"Dutch (Nederlands, Vlaams)",groen,groen,Groen,rgb,145,117,44,3,5,full,white,en,nl,2.1.2,
c9e9f6e7-b48f-44a9-804b-685f3f6099ed,nl,"Dutch (Nederlands, Vlaams)",paars,paars,Paars,rgb,119,25,129,3,6,full,white,en,nl,2.1.2,
c9e9f6e7-b48f-44a9-804b-685f3f6099ed,nl,"Dutch (Nederlands, Vlaams)",neongroen,neon groen,Neon groen,rgb,140,223,58,3,7,full,white,en,nl,2.1.2,
c9e9f6e7-b48f-44a9-804b-685f3f6099ed,nl,"Dutch (Nederlands, Vlaams)",blauw,blauw,Blauw,rgb,69,170,217,3,8,full,white,en,nl,2.1.2,
c9e9f6e7-b48f-44a9-804b-685f3f6099ed,nl,"Dutch (Nederlands, Vlaams)",donkerroze,donker roze,Donker roze,rgb,202,141,171,3,9,full,white,en,nl,2.1.2,
c9e9f6e7-b48f-44a9-804b-685f3f6099ed,nl,"Dutch (Nederlands, Vlaams)",vaalroze,vaal roze,Vaal roze,rgb,216,173,197,3,10,full,white,en,nl,2.1.2,
c9e9f6e7-b48f-44a9-804b-685f3f6099ed,nl,"Dutch (Nederlands, Vlaams)",bruin,bruin,Bruin,rgb,120,63,62,3,11,full,white,en,nl,2.1.2,
c9e9f6e7-b48f-44a9-804b-685f3f6099ed,nl,"Dutch (Nederlands, Vlaams)",blauw,blauw,Blauw,rgb,25,133,231,5,0,full,white,en,nl,2.1.2,
c9e9f6e7-b48f-44a9-804b-685f3f6099ed,nl,"Dutch (Nederlands, Vlaams)",donkerrood,donker rood,Donker rood,rgb,167,40,51,5,1,full,white,en,nl,2.1.2,
c9e9f6e7-b48f-44a9-804b-685f3f6099ed,nl,"Dutch (Nederlands, Vlaams)",lichtgroen,licht groen,Licht groen,rgb,113,224,167,5,2,full,white,en,nl,2.1.2,
c9e9f6e7-b48f-44a9-804b-685f3f6099ed,nl,"Dutch (Nederlands, Vlaams)",olijfgroen,olijf groen,Olijf groen,rgb,98,151,81,5,3,full,white,en,nl,2.1.2,
c9e9f6e7-b48f-44a9-804b-685f3f6099ed,nl,"Dutch (Nederlands, Vlaams)",blauw,blauw,Blauw,rgb,22,68,208,5,4,full,white,en,nl,2.1.2,
c9e9f6e7-b48f-44a9-804b-685f3f6099ed,nl,"Dutch (Nederlands, Vlaams)",blauw,blauw,Blauw,rgb,56,37,200,5,5,full,white,en,nl,2.1.2,
c9e9f6e7-b48f-44a9-804b-685f3f6099ed,nl,"Dutch (Nederlands, Vlaams)",grijs,grijs,Grijs,rgb,127,152,159,5,6,full,white,en,nl,2.1.2,
c9e9f6e7-b48f-44a9-804b-685f3f6099ed,nl,"Dutch (Nederlands, Vlaams)",huidskleur,huidskleur,Huidskleur,rgb,249,185,145,5,7,full,white,en,nl,2.1.2,
c9e9f6e7-b48f-44a9-804b-685f3f6099ed,nl,"Dutch (Nederlands, Vlaams)",felgroen,fel groen,Fel groen,rgb,217,245,42,5,8,full,white,en,nl,2.1.2,
c9e9f6e7-b48f-44a9-804b-685f3f6099ed,nl,"Dutch (Nederlands, Vlaams)",blauw,blauw,Blauw,rgb,102,83,221,5,9,full,white,en,nl,2.1.2,
c9e9f6e7-b48f-44a9-804b-685f3f6099ed,nl,"Dutch (Nederlands, Vlaams)",donkerroze,donker roze,Donker roze,rgb,148,26,83,5,10,full,white,en,nl,2.1.2,
c9e9f6e7-b48f-44a9-804b-685f3f6099ed,nl,"Dutch (Nederlands, Vlaams)",paars,paars,Paars,rgb,173,103,174,5,11,full,white,en,nl,2.1.2,
2e2f626d-8945-45ab-afb2-f33240d7d03e,nl,"Dutch (Nederlands, Vlaams)",lavendel,lavendel,lavendel,rgb,137,128,164,1,0,full,white,en,en,2.1.2,
2e2f626d-8945-45ab-afb2-f33240d7d03e,nl,"Dutch (Nederlands, Vlaams)",zuurstokroze,zuurstokroze,zuurstokroze,rgb,191,41,95,1,1,full,white,en,en,2.1.2,
2e2f626d-8945-45ab-afb2-f33240d7d03e,nl,"Dutch (Nederlands, Vlaams)",zwart,zwart,zwart,rgb,11,3,3,1,2,full,white,en,en,2.1.2,
2e2f626d-8945-45ab-afb2-f33240d7d03e,nl,"Dutch (Nederlands, Vlaams)",legergroen,legergroen,legergroen,rgb,121,124,113,1,3,full,white,en,en,2.1.2,
2e2f626d-8945-45ab-afb2-f33240d7d03e,nl,"Dutch (Nederlands, Vlaams)",neongroen,neongroen,neongroen,rgb,86,229,92,1,4,full,white,en,en,2.1.2,
2e2f626d-8945-45ab-afb2-f33240d7d03e,nl,"Dutch (Nederlands, Vlaams)",kastanjebruin,kastanjebruin,kastanjebruin,rgb,93,27,24,1,5,full,white,en,en,2.1.2,
2e2f626d-8945-45ab-afb2-f33240d7d03e,nl,"Dutch (Nederlands, Vlaams)",zeegroen,zeegroen,zeegroen,rgb,119,174,176,1,6,full,white,en,en,2.1.2,
2e2f626d-8945-45ab-afb2-f33240d7d03e,nl,"Dutch (Nederlands, Vlaams)",donkerblauw,donkerblauw,donkerblauw,rgb,3,36,65,1,7,full,white,en,en,2.1.2,
2e2f626d-8945-45ab-afb2-f33240d7d03e,nl,"Dutch (Nederlands, Vlaams)",donkerbruin,donkerbruin,donkerbruin,rgb,53,12,21,1,8,full,white,en,en,2.1.2,
2e2f626d-8945-45ab-afb2-f33240d7d03e,nl,"Dutch (Nederlands, Vlaams)",magenta,magenta,magenta,rgb,243,39,235,1,9,full,white,en,en,2.1.2,
2e2f626d-8945-45ab-afb2-f33240d7d03e,nl,"Dutch (Nederlands, Vlaams)",blauw,blauw,blauw,rgb,18,71,185,1,10,full,white,en,en,2.1.2,
2e2f626d-8945-45ab-afb2-f33240d7d03e,nl,"Dutch (Nederlands, Vlaams)",paars,paars,paars,rgb,97,80,179,1,11,full,white,en,en,2.1.2,
2e2f626d-8945-45ab-afb2-f33240d7d03e,nl,"Dutch (Nederlands, Vlaams)",hemelblauw,hemelblauw,hemelblauw,rgb,86,177,216,3,0,full,white,en,en,2.1.2,
2e2f626d-8945-45ab-afb2-f33240d7d03e,nl,"Dutch (Nederlands, Vlaams)",bordeauxrood,bordeauxrood,bordeauxrood,rgb,166,22,71,3,1,full,white,en,en,2.1.2,
2e2f626d-8945-45ab-afb2-f33240d7d03e,nl,"Dutch (Nederlands, Vlaams)",paars,paars,paars,rgb,85,31,192,3,2,full,white,en,en,2.1.2,
2e2f626d-8945-45ab-afb2-f33240d7d03e,nl,"Dutch (Nederlands, Vlaams)",paarsblauw,paarsblauw,paarsblauw,rgb,59,45,179,3,3,full,white,en,en,2.1.2,
2e2f626d-8945-45ab-afb2-f33240d7d03e,nl,"Dutch (Nederlands, Vlaams)",blauw,blauw,blauw,rgb,35,134,200,3,4,full,white,en,en,2.1.2,
2e2f626d-8945-45ab-afb2-f33240d7d03e,nl,"Dutch (Nederlands, Vlaams)",paars,paars,paars,rgb,125,58,228,3,5,full,white,en,en,2.1.2,
2e2f626d-8945-45ab-afb2-f33240d7d03e,nl,"Dutch (Nederlands, Vlaams)",chartreuse,chartreuse,chartreuse,rgb,227,252,35,3,6,full,white,en,en,2.1.2,
2e2f626d-8945-45ab-afb2-f33240d7d03e,nl,"Dutch (Nederlands, Vlaams)",turquoise,turquoise,turquoise,rgb,70,229,208,3,7,full,white,en,en,2.1.2,
2e2f626d-8945-45ab-afb2-f33240d7d03e,nl,"Dutch (Nederlands, Vlaams)",donkerbruin,donkerbruin,donkerbruin,rgb,87,24,47,3,8,full,white,en,en,2.1.2,
2e2f626d-8945-45ab-afb2-f33240d7d03e,nl,"Dutch (Nederlands, Vlaams)",felpaars,felpaars,felpaars,rgb,145,23,218,3,9,full,white,en,en,2.1.2,
2e2f626d-8945-45ab-afb2-f33240d7d03e,nl,"Dutch (Nederlands, Vlaams)",mosterd,mosterd,mosterd,rgb,210,180,92,3,10,full,white,en,en,2.1.2,
2e2f626d-8945-45ab-afb2-f33240d7d03e,nl,"Dutch (Nederlands, Vlaams)",terracotta,terracotta,terracotta,rgb,164,82,67,3,11,full,white,en,en,2.1.2,
2e2f626d-8945-45ab-afb2-f33240d7d03e,nl,"Dutch (Nederlands, Vlaams)",zandbruin,zandbruin,zandbruin,rgb,156,121,61,5,0,full,white,en,en,2.1.2,
2e2f626d-8945-45ab-afb2-f33240d7d03e,nl,"Dutch (Nederlands, Vlaams)",blauw,blauw,blauw,rgb,65,59,149,5,1,full,white,en,en,2.1.2,
2e2f626d-8945-45ab-afb2-f33240d7d03e,nl,"Dutch (Nederlands, Vlaams)",cassis,cassis,cassis,rgb,70,3,103,5,2,full,white,en,en,2.1.2,
2e2f626d-8945-45ab-afb2-f33240d7d03e,nl,"Dutch (Nederlands, Vlaams)",aqua,aqua,aqua,rgb,53,185,211,5,3,full,white,en,en,2.1.2,
2e2f626d-8945-45ab-afb2-f33240d7d03e,nl,"Dutch (Nederlands, Vlaams)",lichtgrijsblauw,lichtgrijsblauw,lichtgrijsblauw,rgb,135,185,207,5,4,full,white,en,en,2.1.2,
2e2f626d-8945-45ab-afb2-f33240d7d03e,nl,"Dutch (Nederlands, Vlaams)",huidskleur,huidskleur,huidskleur,rgb,231,200,171,5,5,full,white,en,en,2.1.2,
2e2f626d-8945-45ab-afb2-f33240d7d03e,nl,"Dutch (Nederlands, Vlaams)",donkergrijsblauw,donkergrijsblauw,donkergrijsblauw,rgb,98,140,176,5,6,full,white,en,en,2.1.2,
2e2f626d-8945-45ab-afb2-f33240d7d03e,nl,"Dutch (Nederlands, Vlaams)",neonturquoise,neon turquoise,Neon turquoise,rgb,105,251,235,5,7,full,white,en,en,2.1.2,
2e2f626d-8945-45ab-afb2-f33240d7d03e,nl,"Dutch (Nederlands, Vlaams)",paars,paars,paars,rgb,162,52,141,5,8,full,white,en,en,2.1.2,
2e2f626d-8945-45ab-afb2-f33240d7d03e,nl,"Dutch (Nederlands, Vlaams)",karamel,karamel,karamel,rgb,152,98,14,5,9,full,white,en,en,2.1.2,
2e2f626d-8945-45ab-afb2-f33240d7d03e,nl,"Dutch (Nederlands, Vlaams)",donkergrijs,donkergrijs,donkergrijs,rgb,20,37,44,5,10,full,white,en,en,2.1.2,
2e2f626d-8945-45ab-afb2-f33240d7d03e,nl,"Dutch (Nederlands, Vlaams)",legergroen,legergroen,legergroen,rgb,127,118,85,5,11,full,white,en,en,2.1.2,
e7b33733-074f-45d6-8074-521ae8957c53,nl,"Dutch (Nederlands, Vlaams)",paars,paars,Paars,rgb,103,25,99,1,0,full,white,en,nl,2.1.2,
e7b33733-074f-45d6-8074-521ae8957c53,nl,"Dutch (Nederlands, Vlaams)",blauw,blauw,Blauw,rgb,82,110,249,1,1,full,white,en,nl,2.1.2,
e7b33733-074f-45d6-8074-521ae8957c53,nl,"Dutch (Nederlands, Vlaams)",donkerblauw,donker blauw,Donker blauw,rgb,64,70,125,1,3,full,white,en,nl,2.1.2,
e7b33733-074f-45d6-8074-521ae8957c53,nl,"Dutch (Nederlands, Vlaams)",appelblauwzeegroen,appelblauwzeegroen,Appelblauwzeegroen,rgb,97,176,210,1,4,full,white,en,nl,2.1.2,
e7b33733-074f-45d6-8074-521ae8957c53,nl,"Dutch (Nederlands, Vlaams)",groen,groen,Groen,rgb,142,190,39,1,5,full,white,en,nl,2.1.2,
e7b33733-074f-45d6-8074-521ae8957c53,nl,"Dutch (Nederlands, Vlaams)",rood,rood,Rood,rgb,203,5,77,1,6,full,white,en,nl,2.1.2,
e7b33733-074f-45d6-8074-521ae8957c53,nl,"Dutch (Nederlands, Vlaams)",bruin,bruin,Bruin,rgb,151,55,61,1,7,full,white,en,nl,2.1.2,
e7b33733-074f-45d6-8074-521ae8957c53,nl,"Dutch (Nederlands, Vlaams)",lichtroze,licht roze,Licht roze,rgb,253,231,249,1,8,full,white,en,nl,2.1.2,
e7b33733-074f-45d6-8074-521ae8957c53,nl,"Dutch (Nederlands, Vlaams)",lavendelblauw,lavendel blauw,Lavendel blauw,rgb,116,93,175,1,9,full,white,en,nl,2.1.2,
e7b33733-074f-45d6-8074-521ae8957c53,nl,"Dutch (Nederlands, Vlaams)",beige,beige,Beige,rgb,174,164,130,1,10,full,white,en,nl,2.1.2,
e7b33733-074f-45d6-8074-521ae8957c53,nl,"Dutch (Nederlands, Vlaams)",kakigroen,kaki groen,Kaki groen,rgb,88,97,20,1,11,full,white,en,nl,2.1.2,
e7b33733-074f-45d6-8074-521ae8957c53,nl,"Dutch (Nederlands, Vlaams)",donkerblauw,donker blauw,Donker blauw,rgb,20,40,97,3,0,full,white,en,nl,2.1.2,
e7b33733-074f-45d6-8074-521ae8957c53,nl,"Dutch (Nederlands, Vlaams)",zwart,zwart,Zwart,rgb,45,1,12,3,1,full,white,en,nl,2.1.2,
e7b33733-074f-45d6-8074-521ae8957c53,nl,"Dutch (Nederlands, Vlaams)",blauw,blauw,Blauw,rgb,6,77,204,3,2,full,white,en,nl,2.1.2,
e7b33733-074f-45d6-8074-521ae8957c53,nl,"Dutch (Nederlands, Vlaams)",grijs,grijs,Grijs,rgb,182,199,182,3,3,full,white,en,nl,2.1.2,
e7b33733-074f-45d6-8074-521ae8957c53,nl,"Dutch (Nederlands, Vlaams)",appelblauwzeegroen,appelblauwzeegroen,Appelblauwzeegroen,rgb,48,219,203,3,4,full,white,en,nl,2.1.2,
e7b33733-074f-45d6-8074-521ae8957c53,nl,"Dutch (Nederlands, Vlaams)",lichtrood,licht rood,Licht rood,rgb,224,106,120,3,5,full,white,en,nl,2.1.2,
e7b33733-074f-45d6-8074-521ae8957c53,nl,"Dutch (Nederlands, Vlaams)",zalmroze,zalmroze,Zalmroze,rgb,238,210,197,3,6,full,white,en,nl,2.1.2,
e7b33733-074f-45d6-8074-521ae8957c53,nl,"Dutch (Nederlands, Vlaams)",lichtpaars,licht paars,Licht paars,rgb,217,156,217,3,7,full,white,en,nl,2.1.2,
e7b33733-074f-45d6-8074-521ae8957c53,nl,"Dutch (Nederlands, Vlaams)",paars,paars,Paars,rgb,116,67,161,3,8,full,white,en,nl,2.1.2,
e7b33733-074f-45d6-8074-521ae8957c53,nl,"Dutch (Nederlands, Vlaams)",indigo,indigo,indigo,rgb,104,52,183,3,9,full,white,en,nl,2.1.2,
e7b33733-074f-45d6-8074-521ae8957c53,nl,"Dutch (Nederlands, Vlaams)",blauw,blauw,Blauw,rgb,82,93,196,3,10,full,white,en,nl,2.1.2,
e7b33733-074f-45d6-8074-521ae8957c53,nl,"Dutch (Nederlands, Vlaams)",blauw,blauw,Blauw,rgb,78,92,239,3,11,full,white,en,nl,2.1.2,
e7b33733-074f-45d6-8074-521ae8957c53,nl,"Dutch (Nederlands, Vlaams)",zwart,zwart,Zwart,rgb,59,58,44,5,0,full,white,en,nl,2.1.2,
e7b33733-074f-45d6-8074-521ae8957c53,nl,"Dutch (Nederlands, Vlaams)",bordeaux,bordeaux,Bordeaux,rgb,170,77,97,5,1,full,white,en,nl,2.1.2,
e7b33733-074f-45d6-8074-521ae8957c53,nl,"Dutch (Nederlands, Vlaams)",paarsbordaux,paars bordaux,Paars bordaux,rgb,127,79,109,5,2,full,white,en,nl,2.1.2,
e7b33733-074f-45d6-8074-521ae8957c53,nl,"Dutch (Nederlands, Vlaams)",turquoise,turquoise,Turquoise,rgb,53,160,197,5,3,full,white,en,nl,2.1.2,
e7b33733-074f-45d6-8074-521ae8957c53,nl,"Dutch (Nederlands, Vlaams)",groen,groen,Groen,rgb,42,191,66,5,4,full,white,en,nl,2.1.2,
e7b33733-074f-45d6-8074-521ae8957c53,nl,"Dutch (Nederlands, Vlaams)",appelblauwzeegroen,appelblauwzeegroen,Appelblauwzeegroen,rgb,160,242,200,5,5,full,white,en,nl,2.1.2,
e7b33733-074f-45d6-8074-521ae8957c53,nl,"Dutch (Nederlands, Vlaams)",grasgroen,grasgroen,Grasgroen,rgb,107,202,42,5,6,full,white,en,nl,2.1.2,
e7b33733-074f-45d6-8074-521ae8957c53,nl,"Dutch (Nederlands, Vlaams)",lavendel,lavendel,Lavendel,rgb,195,177,237,5,7,full,white,en,nl,2.1.2,
e7b33733-074f-45d6-8074-521ae8957c53,nl,"Dutch (Nederlands, Vlaams)",lichtkakigroen,licht kaki groen,licht kaki groen,rgb,184,209,137,5,8,full,white,en,nl,2.1.2,
e7b33733-074f-45d6-8074-521ae8957c53,nl,"Dutch (Nederlands, Vlaams)",groen,groen,Groen,rgb,148,225,93,5,9,full,white,en,nl,2.1.2,
e7b33733-074f-45d6-8074-521ae8957c53,nl,"Dutch (Nederlands, Vlaams)",paars,paars,Paars,rgb,164,104,176,5,10,full,white,en,nl,2.1.2,
e7b33733-074f-45d6-8074-521ae8957c53,nl,"Dutch (Nederlands, Vlaams)",lichtpaarsbordeaux,licht paars bordeaux,Licht paars bordeaux,rgb,156,87,115,5,11,full,white,en,nl,2.1.2,
d1464791-db37-47a7-b4bc-31ed6add99ac,nl,"Dutch (Nederlands, Vlaams)",donkeroranje,donker oranje,Donker oranje,p3,0.81186,0.467992,0.259078,1,0,full,white,en,en,2.1.2,
d1464791-db37-47a7-b4bc-31ed6add99ac,nl,"Dutch (Nederlands, Vlaams)",oranje,oranje,Oranje,p3,0.927987,0.601281,0.179646,1,1,full,white,en,en,2.1.2,
d1464791-db37-47a7-b4bc-31ed6add99ac,nl,"Dutch (Nederlands, Vlaams)",groen,groen,Groen,p3,0.110476,0.597697,0.380378,1,2,full,white,en,en,2.1.2,
d1464791-db37-47a7-b4bc-31ed6add99ac,nl,"Dutch (Nederlands, Vlaams)",blauw,blauw,Blauw,p3,0.218783,0.706716,0.723568,1,3,full,white,en,en,2.1.2,
d1464791-db37-47a7-b4bc-31ed6add99ac,nl,"Dutch (Nederlands, Vlaams)",turquoise,turquoise,Turquoise,p3,0.64789,0.966623,0.937968,1,4,full,white,en,en,2.1.2,
d1464791-db37-47a7-b4bc-31ed6add99ac,nl,"Dutch (Nederlands, Vlaams)",bordeauxrood,bordeaux rood,Bordeaux rood,p3,0.349037,0.048418,0.213345,1,5,full,white,en,en,2.1.2,
d1464791-db37-47a7-b4bc-31ed6add99ac,nl,"Dutch (Nederlands, Vlaams)",groen,groen,Groen,p3,0.463545,0.820844,0.72463,1,6,full,white,en,en,2.1.2,
d1464791-db37-47a7-b4bc-31ed6add99ac,nl,"Dutch (Nederlands, Vlaams)",paars,paars,Paars,p3,0.476999,0.189307,0.639543,1,7,full,white,en,en,2.1.2,
d1464791-db37-47a7-b4bc-31ed6add99ac,nl,"Dutch (Nederlands, Vlaams)",neonblauw,neon blauw,Neon blauw,p3,0.200994,0.995109,0.906272,1,8,full,white,en,en,2.1.2,
d1464791-db37-47a7-b4bc-31ed6add99ac,nl,"Dutch (Nederlands, Vlaams)",olijf,olijf,Olijf,p3,0.535929,0.516254,0.417649,1,9,full,white,en,en,2.1.2,
d1464791-db37-47a7-b4bc-31ed6add99ac,nl,"Dutch (Nederlands, Vlaams)",groen,groen,Groen,p3,0.686274,0.921569,0.59854,1,10,full,white,en,en,2.1.2,
d1464791-db37-47a7-b4bc-31ed6add99ac,nl,"Dutch (Nederlands, Vlaams)",donkerblauw,donkerblauw,Donkerblauw,p3,0.170879,0.10067,0.355523,1,11,full,white,en,en,2.1.2,
d1464791-db37-47a7-b4bc-31ed6add99ac,nl,"Dutch (Nederlands, Vlaams)",roze,roze,Roze,p3,0.898083,0.264926,0.757737,3,0,full,white,en,en,2.1.2,
d1464791-db37-47a7-b4bc-31ed6add99ac,nl,"Dutch (Nederlands, Vlaams)",rood,rood,Rood,p3,0.891958,0.160063,0.256888,3,1,full,white,en,en,2.1.2,
d1464791-db37-47a7-b4bc-31ed6add99ac,nl,"Dutch (Nederlands, Vlaams)",blauw,blauw,Blauw,p3,0.014961,0.077458,0.200339,3,2,full,white,en,en,2.1.2,
d1464791-db37-47a7-b4bc-31ed6add99ac,nl,"Dutch (Nederlands, Vlaams)",groen,groen,Groen,p3,0.258881,0.300184,0.161268,3,3,full,white,en,en,2.1.2,
d1464791-db37-47a7-b4bc-31ed6add99ac,nl,"Dutch (Nederlands, Vlaams)",bruin,bruin,Bruin,p3,0.405852,0.171266,0.051882,3,4,full,white,en,en,2.1.2,
d1464791-db37-47a7-b4bc-31ed6add99ac,nl,"Dutch (Nederlands, Vlaams)",blauw,blauw,Blauw,p3,0.187297,0.794645,0.968686,3,5,full,white,en,en,2.1.2,
d1464791-db37-47a7-b4bc-31ed6add99ac,nl,"Dutch (Nederlands, Vlaams)",rood,rood,Rood,p3,0.619832,0.113708,0.218721,3,6,full,white,en,en,2.1.2,
d1464791-db37-47a7-b4bc-31ed6add99ac,nl,"Dutch (Nederlands, Vlaams)",roze,roze,Roze,p3,0.952982,0.680869,0.932832,3,7,full,white,en,en,2.1.2,
d1464791-db37-47a7-b4bc-31ed6add99ac,nl,"Dutch (Nederlands, Vlaams)",paars,paars,Paars,p3,0.611408,0.646809,0.84472,3,8,full,white,en,en,2.1.2,
d1464791-db37-47a7-b4bc-31ed6add99ac,nl,"Dutch (Nederlands, Vlaams)",paars,paars,Paars,p3,0.496683,0.512962,0.794332,3,9,full,white,en,en,2.1.2,
d1464791-db37-47a7-b4bc-31ed6add99ac,nl,"Dutch (Nederlands, Vlaams)",groen,groen,Groen,p3,0.562115,0.573738,0.119644,3,10,full,white,en,en,2.1.2,
d1464791-db37-47a7-b4bc-31ed6add99ac,nl,"Dutch (Nederlands, Vlaams)",roze,roze,Roze,p3,0.946678,0.466939,0.548894,3,11,full,white,en,en,2.1.2,
d1464791-db37-47a7-b4bc-31ed6add99ac,nl,"Dutch (Nederlands, Vlaams)",zwart,zwart,Zwart,p3,0.177254,0.057901,0.05221,5,0,full,white,en,en,2.1.2,
d1464791-db37-47a7-b4bc-31ed6add99ac,nl,"Dutch (Nederlands, Vlaams)",groen,groen,Groen,p3,0.177135,0.197028,0.1682,5,1,full,white,en,en,2.1.2,
d1464791-db37-47a7-b4bc-31ed6add99ac,nl,"Dutch (Nederlands, Vlaams)",paars,paars,Paars,p3,0.732651,0.383306,0.907834,5,2,full,white,en,en,2.1.2,
d1464791-db37-47a7-b4bc-31ed6add99ac,nl,"Dutch (Nederlands, Vlaams)",groen,groen,Groen,p3,0.007324,0.48347,0.433833,5,3,full,white,en,en,2.1.2,
d1464791-db37-47a7-b4bc-31ed6add99ac,nl,"Dutch (Nederlands, Vlaams)",groen,groen,Groen,p3,0.608242,0.735028,0.292475,5,4,full,white,en,en,2.1.2,
d1464791-db37-47a7-b4bc-31ed6add99ac,nl,"Dutch (Nederlands, Vlaams)",blauw,blauw,Blauw,p3,0.158667,0.292709,0.698114,5,5,full,white,en,en,2.1.2,
d1464791-db37-47a7-b4bc-31ed6add99ac,nl,"Dutch (Nederlands, Vlaams)",oranje,oranje,Oranje,p3,0.732916,0.296035,0.176108,5,6,full,white,en,en,2.1.2,
d1464791-db37-47a7-b4bc-31ed6add99ac,nl,"Dutch (Nederlands, Vlaams)",groen,groen,Groen,p3,0.807905,0.988361,0.29326,5,7,full,white,en,en,2.1.2,
d1464791-db37-47a7-b4bc-31ed6add99ac,nl,"Dutch (Nederlands, Vlaams)",groen,groen,Groen,p3,0.272504,0.910326,0.553968,5,8,full,white,en,en,2.1.2,
d1464791-db37-47a7-b4bc-31ed6add99ac,nl,"Dutch (Nederlands, Vlaams)",paars,paars,Paars,p3,0.57368,0.249099,0.870306,5,9,full,white,en,en,2.1.2,
d1464791-db37-47a7-b4bc-31ed6add99ac,nl,"Dutch (Nederlands, Vlaams)",oranje,oranje,Oranje,p3,0.956723,0.749846,0.54939,5,10,full,white,en,en,2.1.2,
d1464791-db37-47a7-b4bc-31ed6add99ac,nl,"Dutch (Nederlands, Vlaams)",rood,rood,Rood,p3,0.696941,0.490483,0.576193,5,11,full,white,en,en,2.1.2,
2d801f95-1795-4f7b-bd10-853a2d18f60a,nl,"Dutch (Nederlands, Vlaams)",kobaltblauw,kobaltblauw,Kobaltblauw,p3,0.150518,0.018798,0.634876,3,0,full,white,en,en,2.1.2,
2d801f95-1795-4f7b-bd10-853a2d18f60a,nl,"Dutch (Nederlands, Vlaams)",grijs,grijs,Grijs,p3,0.356624,0.386008,0.446556,3,1,full,white,en,en,2.1.2,
2d801f95-1795-4f7b-bd10-853a2d18f60a,nl,"Dutch (Nederlands, Vlaams)",bruin,bruin,Bruin,p3,0.310845,0.182991,0.178374,3,2,full,white,en,en,2.1.2,
2d801f95-1795-4f7b-bd10-853a2d18f60a,nl,"Dutch (Nederlands, Vlaams)",lichtgrijs,lichtgrijs,Lichtgrijs,p3,0.669289,0.683875,0.687095,3,3,full,white,en,en,2.1.2,
2d801f95-1795-4f7b-bd10-853a2d18f60a,nl,"Dutch (Nederlands, Vlaams)",lichtbruin,lichtbruin,Lichtbruin,p3,0.527059,0.380968,0.159629,3,5,full,white,en,en,2.1.2,
2d801f95-1795-4f7b-bd10-853a2d18f60a,nl,"Dutch (Nederlands, Vlaams)",lichtgroen,lichtgroen,Lichtgroen,p3,0.840227,0.974508,0.657239,3,6,full,white,en,en,2.1.2,
2d801f95-1795-4f7b-bd10-853a2d18f60a,nl,"Dutch (Nederlands, Vlaams)",lichtblauw,lichtblauw,Lichtblauw,p3,0.539349,0.645112,0.891672,3,7,full,white,en,en,2.1.2,
2d801f95-1795-4f7b-bd10-853a2d18f60a,nl,"Dutch (Nederlands, Vlaams)",zand,zand,Zand,p3,0.871793,0.751102,0.596515,3,8,full,white,en,en,2.1.2,
2d801f95-1795-4f7b-bd10-853a2d18f60a,nl,"Dutch (Nederlands, Vlaams)",felroze,felroze,Felroze,p3,0.739782,0.290761,0.840874,3,9,full,white,en,en,2.1.2,
2d801f95-1795-4f7b-bd10-853a2d18f60a,nl,"Dutch (Nederlands, Vlaams)",navy,navy,Navy,p3,0.152063,0.153969,0.293187,3,10,full,white,en,en,2.1.2,
2d801f95-1795-4f7b-bd10-853a2d18f60a,nl,"Dutch (Nederlands, Vlaams)",groen,groen,Groen,p3,0.436651,0.670263,0.416288,3,11,full,white,en,en,2.1.2,
2d801f95-1795-4f7b-bd10-853a2d18f60a,nl,"Dutch (Nederlands, Vlaams)",paars,paars,Paars,p3,0.517457,0.430819,0.766369,5,0,full,white,en,en,2.1.2,
2d801f95-1795-4f7b-bd10-853a2d18f60a,nl,"Dutch (Nederlands, Vlaams)",lichtroze,lichtroze,Lichtroze,p3,0.987452,0.693363,0.854032,5,1,full,white,en,en,2.1.2,
2d801f95-1795-4f7b-bd10-853a2d18f60a,nl,"Dutch (Nederlands, Vlaams)",oranje,oranje,Oranje,p3,0.849503,0.357483,0.124629,5,2,full,white,en,en,2.1.2,
2d801f95-1795-4f7b-bd10-853a2d18f60a,nl,"Dutch (Nederlands, Vlaams)",blauw,blauw,Blauw,p3,0.201993,0.350658,0.763217,5,3,full,white,en,en,2.1.2,
2d801f95-1795-4f7b-bd10-853a2d18f60a,nl,"Dutch (Nederlands, Vlaams)",bruinrood,bruinrood,Bruinrood,p3,0.534243,0.207564,0.20984,5,4,full,white,en,en,2.1.2,
2d801f95-1795-4f7b-bd10-853a2d18f60a,nl,"Dutch (Nederlands, Vlaams)",paars,paars,Paars,p3,0.478118,0.182028,0.778243,5,5,full,white,en,en,2.1.2,
2d801f95-1795-4f7b-bd10-853a2d18f60a,nl,"Dutch (Nederlands, Vlaams)",groen,groen,Groen,p3,0.225566,0.773774,0.025408,5,6,full,white,en,en,2.1.2,
2d801f95-1795-4f7b-bd10-853a2d18f60a,nl,"Dutch (Nederlands, Vlaams)",paarsroze,paarsroze,Paarsroze,p3,0.652459,0.142017,0.501555,5,7,full,white,en,en,2.1.2,
2d801f95-1795-4f7b-bd10-853a2d18f60a,nl,"Dutch (Nederlands, Vlaams)",taupe,taupe,Taupe,p3,0.571101,0.539014,0.451351,5,8,full,white,en,en,2.1.2,
2d801f95-1795-4f7b-bd10-853a2d18f60a,nl,"Dutch (Nederlands, Vlaams)",blauw,blauw,Blauw,p3,0.179512,0.662655,0.99164,5,9,full,white,en,en,2.1.2,
2d801f95-1795-4f7b-bd10-853a2d18f60a,nl,"Dutch (Nederlands, Vlaams)",roze,roze,Roze,p3,0.906026,0.548706,0.959168,5,10,full,white,en,en,2.1.2,
2d801f95-1795-4f7b-bd10-853a2d18f60a,nl,"Dutch (Nederlands, Vlaams)",oudroze,oudroze,Oudroze,p3,0.813942,0.517473,0.63645,5,11,full,white,en,en,2.1.2,
379d3163-bdf6-4f01-a54f-b6ef87b92e47,nl,"Dutch (Nederlands, Vlaams)",paars,paars,Paars,p3,0.445938,0.317504,0.524072,1,0,full,white,en,nl,2.1.2,
379d3163-bdf6-4f01-a54f-b6ef87b92e47,nl,"Dutch (Nederlands, Vlaams)",zwart,zwart,Zwart,p3,0.166216,0.196889,0.199332,1,1,full,white,en,nl,2.1.2,
379d3163-bdf6-4f01-a54f-b6ef87b92e47,nl,"Dutch (Nederlands, Vlaams)",groen,groen,Groen,p3,0.418998,0.832007,0.530542,1,2,full,white,en,nl,2.1.2,
379d3163-bdf6-4f01-a54f-b6ef87b92e47,nl,"Dutch (Nederlands, Vlaams)",lichtblauw,lichtblauw,Lichtblauw,p3,0.101377,0.89119,0.929832,1,3,full,white,en,nl,2.1.2,
379d3163-bdf6-4f01-a54f-b6ef87b92e47,nl,"Dutch (Nederlands, Vlaams)",donkerblauw,donkerblauw,Donkerblauw,p3,0.303759,0.371578,0.705543,1,4,full,white,en,nl,2.1.2,
379d3163-bdf6-4f01-a54f-b6ef87b92e47,nl,"Dutch (Nederlands, Vlaams)",oranje,oranje,Oranje,p3,0.980765,0.799062,0.554095,1,5,full,white,en,nl,2.1.2,
379d3163-bdf6-4f01-a54f-b6ef87b92e47,nl,"Dutch (Nederlands, Vlaams)",oudroze,oudroze,Oudroze,p3,0.858662,0.70327,0.660623,1,6,full,white,en,nl,2.1.2,
379d3163-bdf6-4f01-a54f-b6ef87b92e47,nl,"Dutch (Nederlands, Vlaams)",paars,paars,Paars,p3,0.620068,0.108614,0.799018,1,7,full,white,en,nl,2.1.2,
379d3163-bdf6-4f01-a54f-b6ef87b92e47,nl,"Dutch (Nederlands, Vlaams)",donkerroze,donkerroze,Donkerroze,p3,0.76583,0.223576,0.407731,1,8,full,white,en,nl,2.1.2,
379d3163-bdf6-4f01-a54f-b6ef87b92e47,nl,"Dutch (Nederlands, Vlaams)",appelgroen,appel groen,Appel groen,p3,0.613374,0.93493,0.29214,1,9,full,white,en,nl,2.1.2,
379d3163-bdf6-4f01-a54f-b6ef87b92e47,nl,"Dutch (Nederlands, Vlaams)",legergroen,legergroen,Legergroen,p3,0.469221,0.523687,0.332143,1,10,full,white,en,nl,2.1.2,
379d3163-bdf6-4f01-a54f-b6ef87b92e47,nl,"Dutch (Nederlands, Vlaams)",mintgroen,mintgroen,Mintgroen,p3,0.559405,0.63756,0.548163,1,11,full,white,en,nl,2.1.2,
0de33733-5b92-4c81-ba01-fa1008782d87,nl,"Dutch (Nederlands, Vlaams)",rood,rood,Rood,rgb,192,83,98,1,0,full,white,en,nl,2.1.2,
0de33733-5b92-4c81-ba01-fa1008782d87,nl,"Dutch (Nederlands, Vlaams)",lila,lila,Lila,rgb,227,214,228,1,1,full,white,en,nl,2.1.2,
0de33733-5b92-4c81-ba01-fa1008782d87,nl,"Dutch (Nederlands, Vlaams)",felpaars,fel paars,Fel paars,rgb,151,39,219,1,2,full,white,en,nl,2.1.2,
0de33733-5b92-4c81-ba01-fa1008782d87,nl,"Dutch (Nederlands, Vlaams)",grasgroen,grasgroen,Grasgroen,rgb,85,159,43,1,3,full,white,en,nl,2.1.2,
0de33733-5b92-4c81-ba01-fa1008782d87,nl,"Dutch (Nederlands, Vlaams)",marineblauw,marine blauw,Marine blauw,rgb,29,57,118,1,4,full,white,en,nl,2.1.2,
0de33733-5b92-4c81-ba01-fa1008782d87,nl,"Dutch (Nederlands, Vlaams)",roze,roze,Roze,rgb,248,21,76,1,5,full,white,en,nl,2.1.2,
0de33733-5b92-4c81-ba01-fa1008782d87,nl,"Dutch (Nederlands, Vlaams)",roze,roze,Roze,rgb,207,51,81,1,6,full,white,en,nl,2.1.2,
0de33733-5b92-4c81-ba01-fa1008782d87,nl,"Dutch (Nederlands, Vlaams)",limoengroen,limoen groen,Limoen groen,rgb,188,254,128,1,7,full,white,en,nl,2.1.2,
0de33733-5b92-4c81-ba01-fa1008782d87,nl,"Dutch (Nederlands, Vlaams)",groen,groen,Groen,rgb,97,177,129,1,8,full,white,en,nl,2.1.2,
0de33733-5b92-4c81-ba01-fa1008782d87,nl,"Dutch (Nederlands, Vlaams)",donkerpaars,donkerpaars,Donkerpaars,rgb,67,55,73,1,9,full,white,en,nl,2.1.2,
0de33733-5b92-4c81-ba01-fa1008782d87,nl,"Dutch (Nederlands, Vlaams)",terracotta,terracotta,Terracotta,rgb,160,98,110,1,10,full,white,en,nl,2.1.2,
0de33733-5b92-4c81-ba01-fa1008782d87,nl,"Dutch (Nederlands, Vlaams)",paars,paars,Paars,rgb,175,99,201,1,11,full,white,en,nl,2.1.2,
0de33733-5b92-4c81-ba01-fa1008782d87,nl,"Dutch (Nederlands, Vlaams)",paars,paars,Paars,rgb,164,73,253,3,0,full,white,en,nl,2.1.2,
0de33733-5b92-4c81-ba01-fa1008782d87,nl,"Dutch (Nederlands, Vlaams)",marineblauw,marine blauw,Marine blauw,rgb,54,65,155,3,1,full,white,en,nl,2.1.2,
0de33733-5b92-4c81-ba01-fa1008782d87,nl,"Dutch (Nederlands, Vlaams)",lichtgroen,licht groen,Licht groen,rgb,155,175,113,3,2,full,white,en,nl,2.1.2,
0de33733-5b92-4c81-ba01-fa1008782d87,nl,"Dutch (Nederlands, Vlaams)",koningsblauw,koningsblauw,Koningsblauw,rgb,50,109,210,3,3,full,white,en,nl,2.1.2,
0de33733-5b92-4c81-ba01-fa1008782d87,nl,"Dutch (Nederlands, Vlaams)",bruin,bruin,Bruin,rgb,173,92,55,3,4,full,white,en,nl,2.1.2,
0de33733-5b92-4c81-ba01-fa1008782d87,nl,"Dutch (Nederlands, Vlaams)",magenta,magenta,Magenta,rgb,172,46,108,3,5,full,white,en,nl,2.1.2,
0de33733-5b92-4c81-ba01-fa1008782d87,nl,"Dutch (Nederlands, Vlaams)",paars,paars,Paars,rgb,152,60,92,3,6,full,white,en,nl,2.1.2,
0de33733-5b92-4c81-ba01-fa1008782d87,nl,"Dutch (Nederlands, Vlaams)",paars,paars,Paars,rgb,121,10,92,3,7,full,white,en,nl,2.1.2,
0de33733-5b92-4c81-ba01-fa1008782d87,nl,"Dutch (Nederlands, Vlaams)",donkerblauw,donkerblauw,Donkerblauw,rgb,0,19,48,3,8,full,white,en,nl,2.1.2,
0de33733-5b92-4c81-ba01-fa1008782d87,nl,"Dutch (Nederlands, Vlaams)",lichtgroen,lichtgroen,Lichtgroen,rgb,130,184,117,3,9,full,white,en,nl,2.1.2,
0de33733-5b92-4c81-ba01-fa1008782d87,nl,"Dutch (Nederlands, Vlaams)",lichtgroen,licht groen,Licht groen,rgb,218,222,83,3,10,full,white,en,nl,2.1.2,
0de33733-5b92-4c81-ba01-fa1008782d87,nl,"Dutch (Nederlands, Vlaams)",donkerblauw,donker blauw,Donker blauw,rgb,33,69,88,3,11,full,white,en,nl,2.1.2,
0de33733-5b92-4c81-ba01-fa1008782d87,nl,"Dutch (Nederlands, Vlaams)",felpaars,fel paars,Fel paars,rgb,121,15,252,5,0,full,white,en,nl,2.1.2,
0de33733-5b92-4c81-ba01-fa1008782d87,nl,"Dutch (Nederlands, Vlaams)",zwart,zwart,Zwart,rgb,20,26,21,5,1,full,white,en,nl,2.1.2,
0de33733-5b92-4c81-ba01-fa1008782d87,nl,"Dutch (Nederlands, Vlaams)",oudlila,oud lila,Oud lila,rgb,166,130,173,5,2,full,white,en,nl,2.1.2,
0de33733-5b92-4c81-ba01-fa1008782d87,nl,"Dutch (Nederlands, Vlaams)",dieppaars,diep paars,Diep paars,rgb,111,44,116,5,3,full,white,en,nl,2.1.2,
0de33733-5b92-4c81-ba01-fa1008782d87,nl,"Dutch (Nederlands, Vlaams)",donkercyaan,donker cyaan,Donker cyaan,rgb,56,98,133,5,4,full,white,en,nl,2.1.2,
0de33733-5b92-4c81-ba01-fa1008782d87,nl,"Dutch (Nederlands, Vlaams)",roze,roze,Roze,rgb,207,64,176,5,5,full,white,en,nl,2.1.2,
0de33733-5b92-4c81-ba01-fa1008782d87,nl,"Dutch (Nederlands, Vlaams)",koningsblauw,koningsblauw,Koningsblauw,rgb,25,15,187,5,6,full,white,en,nl,2.1.2,
0de33733-5b92-4c81-ba01-fa1008782d87,nl,"Dutch (Nederlands, Vlaams)",rood,rood,Rood,rgb,188,50,64,5,7,full,white,en,nl,2.1.2,
0de33733-5b92-4c81-ba01-fa1008782d87,nl,"Dutch (Nederlands, Vlaams)",grijs,grijs,Grijs,rgb,165,164,161,5,8,full,white,en,nl,2.1.2,
0de33733-5b92-4c81-ba01-fa1008782d87,nl,"Dutch (Nederlands, Vlaams)",lichtbruin,licht bruin,Licht bruin,rgb,154,125,107,5,9,full,white,en,nl,2.1.2,
0de33733-5b92-4c81-ba01-fa1008782d87,nl,"Dutch (Nederlands, Vlaams)",paars,paars,Paars,rgb,168,125,164,5,10,full,white,en,nl,2.1.2,
0de33733-5b92-4c81-ba01-fa1008782d87,nl,"Dutch (Nederlands, Vlaams)",paars,paars,Paars,rgb,180,127,203,5,11,full,white,en,nl,2.1.2,
30df064d-1525-4497-9073-2e0a77df69de,nl,"Dutch (Nederlands, Vlaams)",lila,lila,Lila,rgb,226,127,253,1,0,full,white,en,nl,2.1.2,
30df064d-1525-4497-9073-2e0a77df69de,nl,"Dutch (Nederlands, Vlaams)",zwart,zwart,Zwart,rgb,29,0,8,1,1,full,white,en,nl,2.1.2,
30df064d-1525-4497-9073-2e0a77df69de,nl,"Dutch (Nederlands, Vlaams)",mosgroen,mosgroen,Mosgroen,rgb,185,184,126,1,2,full,white,en,nl,2.1.2,
30df064d-1525-4497-9073-2e0a77df69de,nl,"Dutch (Nederlands, Vlaams)",oranje,oranje,Oranje,rgb,250,146,19,1,3,full,white,en,nl,2.1.2,
30df064d-1525-4497-9073-2e0a77df69de,nl,"Dutch (Nederlands, Vlaams)",roze,roze,Roze,rgb,227,94,180,1,4,full,white,en,nl,2.1.2,
30df064d-1525-4497-9073-2e0a77df69de,nl,"Dutch (Nederlands, Vlaams)",oudroze,oudroze,Oudroze,rgb,163,76,124,1,5,full,white,en,nl,2.1.2,
30df064d-1525-4497-9073-2e0a77df69de,nl,"Dutch (Nederlands, Vlaams)",zalm,zalm,Zalm,rgb,222,156,137,1,6,full,white,en,nl,2.1.2,
30df064d-1525-4497-9073-2e0a77df69de,nl,"Dutch (Nederlands, Vlaams)",lichtroze,lichtroze,Lichtroze,rgb,229,155,208,1,7,full,white,en,nl,2.1.2,
30df064d-1525-4497-9073-2e0a77df69de,nl,"Dutch (Nederlands, Vlaams)",donkerpaars,donkerpaars,DonkerPaars,rgb,98,76,143,1,8,full,white,en,nl,2.1.2,
30df064d-1525-4497-9073-2e0a77df69de,nl,"Dutch (Nederlands, Vlaams)",roze,roze,Roze,rgb,238,120,201,1,9,full,white,en,nl,2.1.2,
30df064d-1525-4497-9073-2e0a77df69de,nl,"Dutch (Nederlands, Vlaams)",paars,paars,Paars,rgb,157,109,188,1,10,full,white,en,nl,2.1.2,
30df064d-1525-4497-9073-2e0a77df69de,nl,"Dutch (Nederlands, Vlaams)",grijspaars,grijspaars,Grijspaars,rgb,157,118,155,1,11,full,white,en,nl,2.1.2,
30df064d-1525-4497-9073-2e0a77df69de,nl,"Dutch (Nederlands, Vlaams)",grijs,grijs,Grijs,rgb,177,186,204,3,0,full,white,en,nl,2.1.2,
30df064d-1525-4497-9073-2e0a77df69de,nl,"Dutch (Nederlands, Vlaams)",violet,violet,Violet,rgb,161,73,235,3,1,full,white,en,nl,2.1.2,
30df064d-1525-4497-9073-2e0a77df69de,nl,"Dutch (Nederlands, Vlaams)",zalm,zalm,Zalm,rgb,229,153,110,3,2,full,white,en,nl,2.1.2,
30df064d-1525-4497-9073-2e0a77df69de,nl,"Dutch (Nederlands, Vlaams)",violet,violet,Violet,rgb,146,26,219,3,3,full,white,en,nl,2.1.2,
30df064d-1525-4497-9073-2e0a77df69de,nl,"Dutch (Nederlands, Vlaams)",zwart,zwart,Zwart,rgb,0,0,0,3,4,full,white,en,nl,2.1.2,
30df064d-1525-4497-9073-2e0a77df69de,nl,"Dutch (Nederlands, Vlaams)",legergroen,legergroen,Legergroen,rgb,54,58,22,3,5,full,white,en,nl,2.1.2,
30df064d-1525-4497-9073-2e0a77df69de,nl,"Dutch (Nederlands, Vlaams)",kobaltblauw,kobaltblauw,Kobaltblauw,rgb,13,17,102,3,6,full,white,en,nl,2.1.2,
30df064d-1525-4497-9073-2e0a77df69de,nl,"Dutch (Nederlands, Vlaams)",blauw,blauw,Blauw,rgb,12,77,190,3,7,full,white,en,nl,2.1.2,
30df064d-1525-4497-9073-2e0a77df69de,nl,"Dutch (Nederlands, Vlaams)",donkerblauw,donkerblauw,Donkerblauw,rgb,10,45,127,3,8,full,white,en,nl,2.1.2,
30df064d-1525-4497-9073-2e0a77df69de,nl,"Dutch (Nederlands, Vlaams)",oudroze,oudroze,Oudroze,rgb,182,77,134,3,9,full,white,en,nl,2.1.2,
30df064d-1525-4497-9073-2e0a77df69de,nl,"Dutch (Nederlands, Vlaams)",roodroze,roodroze,Roodroze,rgb,234,38,98,3,10,full,white,en,nl,2.1.2,
30df064d-1525-4497-9073-2e0a77df69de,nl,"Dutch (Nederlands, Vlaams)",lichtgroen,lichtgroen,Lichtgroen,rgb,81,177,109,3,11,full,white,en,nl,2.1.2,
30df064d-1525-4497-9073-2e0a77df69de,nl,"Dutch (Nederlands, Vlaams)",donkerroze,donkerroze,Donkerroze,rgb,207,44,95,5,0,full,white,en,nl,2.1.2,
30df064d-1525-4497-9073-2e0a77df69de,nl,"Dutch (Nederlands, Vlaams)",grijs,grijs,Grijs,rgb,87,91,96,5,1,full,white,en,nl,2.1.2,
30df064d-1525-4497-9073-2e0a77df69de,nl,"Dutch (Nederlands, Vlaams)",limegroen,limegroen,Limegroen,rgb,172,169,62,5,2,full,white,en,nl,2.1.2,
30df064d-1525-4497-9073-2e0a77df69de,nl,"Dutch (Nederlands, Vlaams)",grijsblauw,grijsblauw,Grijsblauw,rgb,99,100,160,5,3,full,white,en,nl,2.1.2,
30df064d-1525-4497-9073-2e0a77df69de,nl,"Dutch (Nederlands, Vlaams)",barbieroze,barbieroze,Barbieroze,rgb,250,93,226,5,4,full,white,en,nl,2.1.2,
30df064d-1525-4497-9073-2e0a77df69de,nl,"Dutch (Nederlands, Vlaams)",paarsroze,paarsroze,Paarsroze,rgb,186,4,109,5,5,full,white,en,nl,2.1.2,
30df064d-1525-4497-9073-2e0a77df69de,nl,"Dutch (Nederlands, Vlaams)",donkerblauw,donkerblauw,Donkerblauw,rgb,34,46,144,5,6,full,white,en,nl,2.1.2,
30df064d-1525-4497-9073-2e0a77df69de,nl,"Dutch (Nederlands, Vlaams)",donkerpaars,donkerpaars,Donkerpaars,rgb,40,8,52,5,7,full,white,en,nl,2.1.2,
30df064d-1525-4497-9073-2e0a77df69de,nl,"Dutch (Nederlands, Vlaams)",lichtroze,lichtroze,Lichtroze,rgb,247,106,149,5,8,full,white,en,nl,2.1.2,
30df064d-1525-4497-9073-2e0a77df69de,nl,"Dutch (Nederlands, Vlaams)",donkergroen,donkergroen,Donkergroen,rgb,47,101,74,5,9,full,white,en,nl,2.1.2,
30df064d-1525-4497-9073-2e0a77df69de,nl,"Dutch (Nederlands, Vlaams)",pastelgroen,pastelgroen,Pastelgroen,rgb,175,199,197,5,10,full,white,en,nl,2.1.2,
30df064d-1525-4497-9073-2e0a77df69de,nl,"Dutch (Nederlands, Vlaams)",mosterdgroen,mosterdgroen,Mosterdgroen,rgb,138,125,53,5,11,full,white,en,nl,2.1.2,
ce1812a1-d4ae-4c18-b2c8-075fc81837ab,nl,"Dutch (Nederlands, Vlaams)",groen,groen,Groen,rgb,96,149,75,1,0,full,white,en,nl,2.1.2,
ce1812a1-d4ae-4c18-b2c8-075fc81837ab,nl,"Dutch (Nederlands, Vlaams)",donkerblauw,donkerblauw,Donkerblauw,rgb,59,117,222,1,1,full,white,en,nl,2.1.2,
ce1812a1-d4ae-4c18-b2c8-075fc81837ab,nl,"Dutch (Nederlands, Vlaams)",blauw,blauw,blauw,rgb,70,141,246,1,2,full,white,en,nl,2.1.2,
ce1812a1-d4ae-4c18-b2c8-075fc81837ab,nl,"Dutch (Nederlands, Vlaams)",aubergine,aubergine,Aubergine,rgb,155,85,154,1,3,full,white,en,nl,2.1.2,
ce1812a1-d4ae-4c18-b2c8-075fc81837ab,nl,"Dutch (Nederlands, Vlaams)",druif,druif,Druif,rgb,122,82,92,1,4,full,white,en,nl,2.1.2,
ce1812a1-d4ae-4c18-b2c8-075fc81837ab,nl,"Dutch (Nederlands, Vlaams)",bordeaux,bordeaux,Bordeaux,rgb,137,33,52,1,5,full,white,en,nl,2.1.2,
ce1812a1-d4ae-4c18-b2c8-075fc81837ab,nl,"Dutch (Nederlands, Vlaams)",lichtblauw,lichtblauw,Lichtblauw,rgb,44,212,231,1,6,full,white,en,nl,2.1.2,
ce1812a1-d4ae-4c18-b2c8-075fc81837ab,nl,"Dutch (Nederlands, Vlaams)",roos,roos,Roos,rgb,186,90,161,1,7,full,white,en,nl,2.1.2,
ce1812a1-d4ae-4c18-b2c8-075fc81837ab,nl,"Dutch (Nederlands, Vlaams)",magenta,magenta,Magenta,rgb,181,82,212,1,8,full,white,en,nl,2.1.2,
ce1812a1-d4ae-4c18-b2c8-075fc81837ab,nl,"Dutch (Nederlands, Vlaams)",donkergroen,donkergroen,Donkergroen,rgb,28,38,25,1,9,full,white,en,nl,2.1.2,
ce1812a1-d4ae-4c18-b2c8-075fc81837ab,nl,"Dutch (Nederlands, Vlaams)",grijs,grijs,Grijs,rgb,62,54,70,1,10,full,white,en,nl,2.1.2,
ce1812a1-d4ae-4c18-b2c8-075fc81837ab,nl,"Dutch (Nederlands, Vlaams)",paars,paars,Paars,rgb,106,33,182,1,11,full,white,en,nl,2.1.2,
847f8690-31b7-454c-9944-0e8052d5f4e3,nl,"Dutch (Nederlands, Vlaams)",zwart,zwart,Zwart,p3,0.12803,0.263817,0.203391,1,0,full,white,en,nl,2.1.2,
847f8690-31b7-454c-9944-0e8052d5f4e3,nl,"Dutch (Nederlands, Vlaams)",donkergrijs,donker grijs,Donker Grijs,p3,0.395367,0.451742,0.551458,1,1,full,white,en,nl,2.1.2,
847f8690-31b7-454c-9944-0e8052d5f4e3,nl,"Dutch (Nederlands, Vlaams)",lichtgroen,licht groen,Licht groen,p3,0.165347,0.871465,0.497513,1,2,full,white,en,nl,2.1.2,
847f8690-31b7-454c-9944-0e8052d5f4e3,nl,"Dutch (Nederlands, Vlaams)",pastelgroen,pastel groen,Pastel groen,p3,0.848752,0.998975,0.673482,1,3,full,white,en,nl,2.1.2,
847f8690-31b7-454c-9944-0e8052d5f4e3,nl,"Dutch (Nederlands, Vlaams)",lichtgrijs,licht grijs,Licht grijs,p3,0.631662,0.62089,0.654734,1,4,full,white,en,nl,2.1.2,
847f8690-31b7-454c-9944-0e8052d5f4e3,nl,"Dutch (Nederlands, Vlaams)",lichtblauw,lichtblauw,Lichtblauw,p3,0.40744,0.598525,0.829064,1,5,full,white,en,nl,2.1.2,
847f8690-31b7-454c-9944-0e8052d5f4e3,nl,"Dutch (Nederlands, Vlaams)",groen,groen,Groen,p3,0.193347,0.646465,0.341797,1,6,full,white,en,nl,2.1.2,
847f8690-31b7-454c-9944-0e8052d5f4e3,nl,"Dutch (Nederlands, Vlaams)",oranje,oranje,Oranje,p3,0.966289,0.639075,0.399873,1,7,full,white,en,nl,2.1.2,
847f8690-31b7-454c-9944-0e8052d5f4e3,nl,"Dutch (Nederlands, Vlaams)",donkerblauw,donker blauw,Donker blauw,p3,0.196475,0.115505,0.365207,1,8,full,white,en,nl,2.1.2,
847f8690-31b7-454c-9944-0e8052d5f4e3,nl,"Dutch (Nederlands, Vlaams)",paars,paars,Paars,p3,0.429066,0.13502,0.907366,1,9,full,white,en,nl,2.1.2,
847f8690-31b7-454c-9944-0e8052d5f4e3,nl,"Dutch (Nederlands, Vlaams)",bordeaux,bordeaux,Bordeaux,p3,0.269639,0.036412,0.153967,1,10,full,white,en,nl,2.1.2,
847f8690-31b7-454c-9944-0e8052d5f4e3,nl,"Dutch (Nederlands, Vlaams)",lichtroze,licht roze,Licht roze,p3,0.977694,0.875223,0.869425,1,11,full,white,en,nl,2.1.2,
847f8690-31b7-454c-9944-0e8052d5f4e3,nl,"Dutch (Nederlands, Vlaams)",donkerpaars,donker paars,Donker paars,p3,0.482357,0.314412,0.430088,3,0,full,white,en,nl,2.1.2,
847f8690-31b7-454c-9944-0e8052d5f4e3,nl,"Dutch (Nederlands, Vlaams)",olijfgroen,olijf groen,Olijf groen,p3,0.661101,0.738854,0.337272,3,1,full,white,en,nl,2.1.2,
847f8690-31b7-454c-9944-0e8052d5f4e3,nl,"Dutch (Nederlands, Vlaams)",midnightblack,midnight black,Midnight black,p3,0.052461,0.024681,0.090328,3,2,full,white,en,nl,2.1.2,
847f8690-31b7-454c-9944-0e8052d5f4e3,nl,"Dutch (Nederlands, Vlaams)",turquoise,turquoise,Turquoise,p3,0.165183,0.593824,0.642186,3,4,full,white,en,nl,2.1.2,
847f8690-31b7-454c-9944-0e8052d5f4e3,nl,"Dutch (Nederlands, Vlaams)",roodze,roodze,Roodze,p3,0.665988,0.114622,0.299534,3,5,full,white,en,nl,2.1.2,
847f8690-31b7-454c-9944-0e8052d5f4e3,nl,"Dutch (Nederlands, Vlaams)",donkerblauw,donker blauw,Donker blauw,p3,0.163044,0.394492,0.669456,3,6,full,white,en,nl,2.1.2,
847f8690-31b7-454c-9944-0e8052d5f4e3,nl,"Dutch (Nederlands, Vlaams)",koningsblauw,koningsblauw,Koningsblauw,p3,0.197039,0.248671,0.50973,3,7,full,white,en,nl,2.1.2,
847f8690-31b7-454c-9944-0e8052d5f4e3,nl,"Dutch (Nederlands, Vlaams)",neongroen,neon groen,Neon groen,p3,0.522396,0.995126,0.453974,3,8,full,white,en,nl,2.1.2,
847f8690-31b7-454c-9944-0e8052d5f4e3,nl,"Dutch (Nederlands, Vlaams)",perzikoranje,perzik oranje,Perzik oranje,p3,0.891674,0.389705,0.310092,3,9,full,white,en,nl,2.1.2,
847f8690-31b7-454c-9944-0e8052d5f4e3,nl,"Dutch (Nederlands, Vlaams)",felroze,fel roze,Fel roze,p3,0.935482,0.569018,0.812513,3,10,full,white,en,nl,2.1.2,
847f8690-31b7-454c-9944-0e8052d5f4e3,nl,"Dutch (Nederlands, Vlaams)",donkergroen,donkergroen,Donkergroen,p3,0.217168,0.463074,0.347921,3,11,full,white,en,nl,2.1.2,
847f8690-31b7-454c-9944-0e8052d5f4e3,nl,"Dutch (Nederlands, Vlaams)",poepbruin,poep bruin,Poep bruin,p3,0.708119,0.486725,0.358384,5,0,full,white,en,nl,2.1.2,
847f8690-31b7-454c-9944-0e8052d5f4e3,nl,"Dutch (Nederlands, Vlaams)",zandgeel,zand geel,Zand geel,p3,0.919639,0.822098,0.507442,5,1,full,white,en,nl,2.1.2,
847f8690-31b7-454c-9944-0e8052d5f4e3,nl,"Dutch (Nederlands, Vlaams)",rood,rood,Rood,p3,0.676902,0.212205,0.017349,5,2,full,white,en,nl,2.1.2,
847f8690-31b7-454c-9944-0e8052d5f4e3,nl,"Dutch (Nederlands, Vlaams)",lichtturqouise,licht turqouise,Licht turqouise,p3,0.459087,0.866624,0.85939,5,3,full,white,en,nl,2.1.2,
847f8690-31b7-454c-9944-0e8052d5f4e3,nl,"Dutch (Nederlands, Vlaams)",lichgtpaars,lichgt paars,Lichgt Paars,p3,0.603973,0.413041,0.859241,5,4,full,white,en,nl,2.1.2,
847f8690-31b7-454c-9944-0e8052d5f4e3,nl,"Dutch (Nederlands, Vlaams)",donkerroze,donker roze,Donker roze,p3,0.719899,0.311888,0.518961,5,5,full,white,en,nl,2.1.2,
847f8690-31b7-454c-9944-0e8052d5f4e3,nl,"Dutch (Nederlands, Vlaams)",harsbruin,hars bruin,Hars bruin,p3,0.405462,0.323714,0.211892,5,6,full,white,en,nl,2.1.2,
847f8690-31b7-454c-9944-0e8052d5f4e3,nl,"Dutch (Nederlands, Vlaams)",paars,paars,Paars,p3,0.544176,0.144435,0.50779,5,7,full,white,en,nl,2.1.2,
847f8690-31b7-454c-9944-0e8052d5f4e3,nl,"Dutch (Nederlands, Vlaams)",feldonkerblauw,fel donkerblauw,Fel donkerblauw,p3,0.146678,0.035119,0.698178,5,8,full,white,en,nl,2.1.2,
847f8690-31b7-454c-9944-0e8052d5f4e3,nl,"Dutch (Nederlands, Vlaams)",feloudroze,fel oudroze,Fel oudroze,p3,0.791191,0.121686,0.878218,5,9,full,white,en,nl,2.1.2,
847f8690-31b7-454c-9944-0e8052d5f4e3,nl,"Dutch (Nederlands, Vlaams)",roze,roze,Roze,p3,0.904955,0.379626,0.797623,5,10,full,white,en,nl,2.1.2,
847f8690-31b7-454c-9944-0e8052d5f4e3,nl,"Dutch (Nederlands, Vlaams)",paarsdonker,paars donker,Paars donker,p3,0.39678,0.33399,0.68973,5,11,full,white,en,nl,2.1.2,
736686de-e32a-4e6f-873b-af25e82cb6a7,nl,"Dutch (Nederlands, Vlaams)",rood,rood,Rood,rgb,160,49,51,1,0,full,white,en,en,2.1.2,
736686de-e32a-4e6f-873b-af25e82cb6a7,nl,"Dutch (Nederlands, Vlaams)",blauw,blauw,Blauw,rgb,96,181,227,1,1,full,white,en,en,2.1.2,
736686de-e32a-4e6f-873b-af25e82cb6a7,nl,"Dutch (Nederlands, Vlaams)",bruin,bruin,Bruin,rgb,190,150,99,1,2,full,white,en,en,2.1.2,
736686de-e32a-4e6f-873b-af25e82cb6a7,nl,"Dutch (Nederlands, Vlaams)",paars,paars,Paars,rgb,79,39,128,1,3,full,white,en,en,2.1.2,
736686de-e32a-4e6f-873b-af25e82cb6a7,nl,"Dutch (Nederlands, Vlaams)",paars,paars,Paars,rgb,78,45,158,1,4,full,white,en,en,2.1.2,
736686de-e32a-4e6f-873b-af25e82cb6a7,nl,"Dutch (Nederlands, Vlaams)",bruin,bruin,Bruin,rgb,203,143,115,1,5,full,white,en,en,2.1.2,
736686de-e32a-4e6f-873b-af25e82cb6a7,nl,"Dutch (Nederlands, Vlaams)",roos,roos,Roos,rgb,245,62,183,1,6,full,white,en,en,2.1.2,
736686de-e32a-4e6f-873b-af25e82cb6a7,nl,"Dutch (Nederlands, Vlaams)",paars,paars,Paars,rgb,185,160,219,1,7,full,white,en,en,2.1.2,
736686de-e32a-4e6f-873b-af25e82cb6a7,nl,"Dutch (Nederlands, Vlaams)",blauw,blauw,Blauw,rgb,42,17,67,1,8,full,white,en,en,2.1.2,
736686de-e32a-4e6f-873b-af25e82cb6a7,nl,"Dutch (Nederlands, Vlaams)",paars,paars,Paars,rgb,220,30,232,1,9,full,white,en,en,2.1.2,
736686de-e32a-4e6f-873b-af25e82cb6a7,nl,"Dutch (Nederlands, Vlaams)",paars,paars,Paars,rgb,86,38,112,1,10,full,white,en,en,2.1.2,
736686de-e32a-4e6f-873b-af25e82cb6a7,nl,"Dutch (Nederlands, Vlaams)",groen,groen,Groen,rgb,132,159,108,1,11,full,white,en,en,2.1.2,
736686de-e32a-4e6f-873b-af25e82cb6a7,nl,"Dutch (Nederlands, Vlaams)",blauw,blauw,Blauw,rgb,80,119,235,3,0,full,white,en,en,2.1.2,
736686de-e32a-4e6f-873b-af25e82cb6a7,nl,"Dutch (Nederlands, Vlaams)",paars,paars,Paars,rgb,93,24,29,3,1,full,white,en,en,2.1.2,
736686de-e32a-4e6f-873b-af25e82cb6a7,nl,"Dutch (Nederlands, Vlaams)",paars,paars,Paars,rgb,45,20,51,3,2,full,white,en,en,2.1.2,
736686de-e32a-4e6f-873b-af25e82cb6a7,nl,"Dutch (Nederlands, Vlaams)",roos,roos,Roos,rgb,175,107,84,3,3,full,white,en,en,2.1.2,
736686de-e32a-4e6f-873b-af25e82cb6a7,nl,"Dutch (Nederlands, Vlaams)",roos,roos,Roos,rgb,219,180,192,3,4,full,white,en,en,2.1.2,
736686de-e32a-4e6f-873b-af25e82cb6a7,nl,"Dutch (Nederlands, Vlaams)",turqoise,turqoise,Turqoise,rgb,1,56,56,3,5,full,white,en,en,2.1.2,
736686de-e32a-4e6f-873b-af25e82cb6a7,nl,"Dutch (Nederlands, Vlaams)",paars,paars,Paars,rgb,5,2,0,3,6,full,white,en,en,2.1.2,
736686de-e32a-4e6f-873b-af25e82cb6a7,nl,"Dutch (Nederlands, Vlaams)",oranje,oranje,Oranje,rgb,233,160,69,3,7,full,white,en,en,2.1.2,
736686de-e32a-4e6f-873b-af25e82cb6a7,nl,"Dutch (Nederlands, Vlaams)",groen,groen,Groen,rgb,55,125,71,3,8,full,white,en,en,2.1.2,
736686de-e32a-4e6f-873b-af25e82cb6a7,nl,"Dutch (Nederlands, Vlaams)",paars,paars,Paars,rgb,59,59,73,3,9,full,white,en,en,2.1.2,
736686de-e32a-4e6f-873b-af25e82cb6a7,nl,"Dutch (Nederlands, Vlaams)",groen,groen,Groen,rgb,129,225,85,3,10,full,white,en,en,2.1.2,
736686de-e32a-4e6f-873b-af25e82cb6a7,nl,"Dutch (Nederlands, Vlaams)",roos,roos,Roos,rgb,234,161,184,3,11,full,white,en,en,2.1.2,
736686de-e32a-4e6f-873b-af25e82cb6a7,nl,"Dutch (Nederlands, Vlaams)",paars,paars,Paars,rgb,177,66,180,5,0,full,white,en,en,2.1.2,
736686de-e32a-4e6f-873b-af25e82cb6a7,nl,"Dutch (Nederlands, Vlaams)",paars,paars,Paars,rgb,94,65,175,5,1,full,white,en,en,2.1.2,
736686de-e32a-4e6f-873b-af25e82cb6a7,nl,"Dutch (Nederlands, Vlaams)",groen,groen,Groen,rgb,178,231,187,5,2,full,white,en,en,2.1.2,
736686de-e32a-4e6f-873b-af25e82cb6a7,nl,"Dutch (Nederlands, Vlaams)",groen,groen,Groen,rgb,210,240,143,5,3,full,white,en,en,2.1.2,
736686de-e32a-4e6f-873b-af25e82cb6a7,nl,"Dutch (Nederlands, Vlaams)",oranje,oranje,Oranje,rgb,253,218,199,5,4,full,white,en,en,2.1.2,
736686de-e32a-4e6f-873b-af25e82cb6a7,nl,"Dutch (Nederlands, Vlaams)",oranje,oranje,Oranje,rgb,236,134,108,5,5,full,white,en,en,2.1.2,
736686de-e32a-4e6f-873b-af25e82cb6a7,nl,"Dutch (Nederlands, Vlaams)",roos,roos,Roos,rgb,238,169,196,5,6,full,white,en,en,2.1.2,
736686de-e32a-4e6f-873b-af25e82cb6a7,nl,"Dutch (Nederlands, Vlaams)",paars,paars,Paars,rgb,186,59,153,5,7,full,white,en,en,2.1.2,
736686de-e32a-4e6f-873b-af25e82cb6a7,nl,"Dutch (Nederlands, Vlaams)",paars,paars,Paars,rgb,118,75,115,5,8,full,white,en,en,2.1.2,
736686de-e32a-4e6f-873b-af25e82cb6a7,nl,"Dutch (Nederlands, Vlaams)",blauw,blauw,Blauw,rgb,91,94,175,5,9,full,white,en,en,2.1.2,
736686de-e32a-4e6f-873b-af25e82cb6a7,nl,"Dutch (Nederlands, Vlaams)",groen,groen,Groen,rgb,164,165,112,5,10,full,white,en,en,2.1.2,
736686de-e32a-4e6f-873b-af25e82cb6a7,nl,"Dutch (Nederlands, Vlaams)",paars,paars,Paars,rgb,82,25,163,5,11,full,white,en,en,2.1.2,
