participantId,langAbv,lang,name,standardized_entered_name,entered_name,colorSpace,r,g,b,trialNum,tileNum,rgbSet,background,instructionsLocale,browserLocale,studyVersion,originalLangAbv
4621,ro,Romanian (limba română),portocaliu,portocaliu,portocaliu,rgb,255,130,0,1,0,line,white,en,,1.1.2,
4621,ro,Romanian (limba română),albastru,albastru,albastru,rgb,0,157,255,1,1,line,white,en,,1.1.2,
4621,ro,Romanian (limba română),violet,violet,violet,rgb,159,0,255,1,2,line,white,en,,1.1.2,
4621,ro,Romanian (limba română),verde,verde,verde,rgb,104,255,0,1,3,line,white,en,,1.1.2,
4621,ro,Romanian (limba română),maro,maro,maro,rgb,255,96,0,1,4,line,white,en,,1.1.2,
4621,ro,Romanian (limba română),galben,galben,galben,rgb,255,236,0,1,5,line,white,en,,1.1.2,
4621,ro,Romanian (limba română),verde,verde,verde,rgb,171,255,0,1,6,line,white,en,,1.1.2,
4621,ro,Romanian (limba română),fucsia,fuchsia,fuchsia,rgb,255,0,135,1,7,line,white,en,,1.1.2,
4621,ro,Romanian (limba română),verde,verde,verde,rgb,0,255,218,1,8,line,white,en,,1.1.2,
4621,ro,Romanian (limba română),violet,violet,violet,rgb,255,0,213,1,9,line,white,en,,1.1.2,
4621,ro,Romanian (limba română),galben,galben,galben,rgb,255,211,0,1,10,line,white,en,,1.1.2,
4621,ro,Romanian (limba română),bleumarin,bleumarin,bleumarin,rgb,0,118,255,1,11,line,white,en,,1.1.2,
4621,ro,Romanian (limba română),bleumarin,bleumarin,bleumarin,rgb,53,0,255,3,0,line,white,en,,1.1.2,
4621,ro,Romanian (limba română),albastru,albastru,albastru,rgb,0,235,255,3,1,line,white,en,,1.1.2,
4621,ro,Romanian (limba română),violet,violet,violet,rgb,255,0,184,3,2,line,white,en,,1.1.2,
4621,ro,Romanian (limba română),albastru,albastru,albastru,rgb,0,229,255,3,3,line,white,en,,1.1.2,
4621,ro,Romanian (limba română),rosu,rosu,rosu,rgb,255,39,0,3,4,line,white,en,,1.1.2,
4621,ro,Romanian (limba română),violet,violet,violet,rgb,255,0,175,3,5,line,white,en,,1.1.2,
4621,ro,Romanian (limba română),galben,galben,galben,rgb,255,255,0,3,6,line,white,en,,1.1.2,
4621,ro,Romanian (limba română),portocaliu,portocaliu,portocaliu,rgb,255,172,0,3,7,line,white,en,,1.1.2,
4621,ro,Romanian (limba română),rosu,rosu,rosu,rgb,255,0,95,3,8,line,white,en,,1.1.2,
4621,ro,Romanian (limba română),verde,verde,verde,rgb,0,255,88,3,9,line,white,en,,1.1.2,
4621,ro,Romanian (limba română),violet,violet,violet,rgb,213,0,255,3,10,line,white,en,,1.1.2,
4621,ro,Romanian (limba română),verde,verde,verde,rgb,0,255,149,3,11,line,white,en,,1.1.2,
4621,ro,Romanian (limba română),rosu,rosu,rosu,rgb,255,0,21,6,0,line,white,en,,1.1.2,
4621,ro,Romanian (limba română),albastru,albastru,albastru,rgb,0,171,255,6,1,line,white,en,,1.1.2,
4621,ro,Romanian (limba română),verde,verde,verde,rgb,0,255,164,6,2,line,white,en,,1.1.2,
4621,ro,Romanian (limba română),violet,violet,violet,rgb,234,0,255,6,3,line,white,en,,1.1.2,
4621,ro,Romanian (limba română),verde,verde,verde,rgb,0,255,38,6,4,line,white,en,,1.1.2,
4621,ro,Romanian (limba română),bleumarin,bleumarin,bleumarin,rgb,0,63,255,6,5,line,white,en,,1.1.2,
4621,ro,Romanian (limba română),albastru,albastru,albastru,rgb,0,90,255,6,6,line,white,en,,1.1.2,
4621,ro,Romanian (limba română),verde,verde,verde,rgb,198,255,0,6,7,line,white,en,,1.1.2,
4621,ro,Romanian (limba română),albastru,albastru,albastru,rgb,0,195,255,6,8,line,white,en,,1.1.2,
4621,ro,Romanian (limba română),albastru,albastru,albastru,rgb,0,100,255,6,9,line,white,en,,1.1.2,
4621,ro,Romanian (limba română),albastru,albastru,albastru,rgb,0,255,255,6,10,line,white,en,,1.1.2,
4621,ro,Romanian (limba română),rosu,rosu,rosu,rgb,255,0,77,6,11,line,white,en,,1.1.2,
4638,ro,Romanian (limba română),corai,corai,corai,rgb,255,0,46,1,0,line,white,en,,1.1.2,
4638,ro,Romanian (limba română),rosu,rosu,rosu,rgb,255,54,0,1,1,line,white,en,,1.1.2,
4638,ro,Romanian (limba română),bleu,bleu,bleu,rgb,0,235,255,1,2,line,white,en,,1.1.2,
4638,ro,Romanian (limba română),portocaliu,portocaliu,portocaliu,rgb,255,107,0,1,3,line,white,en,,1.1.2,
4638,ro,Romanian (limba română),albastru,albastru,albastru,rgb,0,97,255,1,4,line,white,en,,1.1.2,
4638,ro,Romanian (limba română),roz,roz,roz,rgb,255,0,95,1,5,line,white,en,,1.1.2,
4638,ro,Romanian (limba română),albastru,albastru,ALBASTRU,rgb,0,139,255,1,6,line,white,en,,1.1.2,
4638,ro,Romanian (limba română),bleu,bleu,BLEU,rgb,0,255,245,1,7,line,white,en,,1.1.2,
4638,ro,Romanian (limba română),galben,galben,GALBEN,rgb,255,201,0,1,8,line,white,en,,1.1.2,
4638,ro,Romanian (limba română),mov,mov,MOV,rgb,119,0,255,1,9,line,white,en,,1.1.2,
4638,ro,Romanian (limba română),verde,verde,VERDE,rgb,0,255,127,1,10,line,white,en,,1.1.2,
4638,ro,Romanian (limba română),bleu,bleu,BLEU,rgb,0,194,255,1,11,line,white,en,,1.1.2,
4638,ro,Romanian (limba română),albastru,albastru,ALBASTRU,rgb,0,37,255,3,0,line,white,en,,1.1.2,
4638,ro,Romanian (limba română),albastru,albastru,ALBASTRU,rgb,0,89,255,3,1,line,white,en,,1.1.2,
4638,ro,Romanian (limba română),bleu,bleu,BLEU,rgb,0,180,255,3,2,line,white,en,,1.1.2,
4638,ro,Romanian (limba română),portocaliu,portocaliu,PORTOCALIU,rgb,255,134,0,3,3,line,white,en,,1.1.2,
4638,ro,Romanian (limba română),verde,verde,VERDE,rgb,101,255,0,3,4,line,white,en,,1.1.2,
4638,ro,Romanian (limba română),verde,verde,VERDE,rgb,160,255,0,3,5,line,white,en,,1.1.2,
4638,ro,Romanian (limba română),roz,roz,ROZ,rgb,235,0,255,3,6,line,white,en,,1.1.2,
4638,ro,Romanian (limba română),roz,roz,ROZ,rgb,255,0,183,3,7,line,white,en,,1.1.2,
4638,ro,Romanian (limba română),verde,verde,VERDE,rgb,0,255,38,3,8,line,white,en,,1.1.2,
4638,ro,Romanian (limba română),rosu,rosu,ROSU,rgb,255,0,55,3,9,line,white,en,,1.1.2,
4638,ro,Romanian (limba română),mov,mov,MOV,rgb,178,0,255,3,10,line,white,en,,1.1.2,
4638,ro,Romanian (limba română),galben,galben,GALBEN,rgb,250,255,0,3,11,line,white,en,,1.1.2,
4638,ro,Romanian (limba română),verde,verde,VERDE,rgb,0,255,85,6,0,line,white,en,,1.1.2,
4638,ro,Romanian (limba română),verde,verde,VERDE,rgb,0,255,189,6,1,line,white,en,,1.1.2,
4638,ro,Romanian (limba română),albastru,albastru,ALBASTRU,rgb,0,117,255,6,2,line,white,en,,1.1.2,
4638,ro,Romanian (limba română),rosu,rosu,ROSU,rgb,255,0,125,6,3,line,white,en,,1.1.2,
4638,ro,Romanian (limba română),roz,roz,ROZ,rgb,255,0,222,6,4,line,white,en,,1.1.2,
4638,ro,Romanian (limba română),galben,galben,GALBEN,rgb,206,255,0,6,5,line,white,en,,1.1.2,
4638,ro,Romanian (limba română),roz,roz,ROZ,rgb,255,0,175,6,6,line,white,en,,1.1.2,
4638,ro,Romanian (limba română),albastru,albastru,ALBASTRU,rgb,28,0,255,6,7,line,white,en,,1.1.2,
4638,ro,Romanian (limba română),galben,galben,GALBEN,rgb,255,226,0,6,8,line,white,en,,1.1.2,
4638,ro,Romanian (limba română),bleu,bleu,BLEU,rgb,0,229,255,6,9,line,white,en,,1.1.2,
4638,ro,Romanian (limba română),portocaliu,portocaliu,PORTOCALIU,rgb,255,167,0,6,10,line,white,en,,1.1.2,
4638,ro,Romanian (limba română),bleu,bleu,BLEU,rgb,0,255,223,6,11,line,white,en,,1.1.2,
4672,ro,Romanian (limba română),verde,verde,verde,rgb,61,255,0,3,0,line,white,en,,1.1.2,
4672,ro,Romanian (limba română),albastru,albastru,albastru,rgb,0,255,233,3,1,line,white,en,,1.1.2,
4672,ro,Romanian (limba română),albastru,albastru,albastru,rgb,0,26,255,3,2,line,white,en,,1.1.2,
4672,ro,Romanian (limba română),verde,verde,verde,rgb,0,255,141,3,3,line,white,en,,1.1.2,
4672,ro,Romanian (limba română),albastru,albastru,albastru,rgb,0,197,255,3,4,line,white,en,,1.1.2,
4672,ro,Romanian (limba română),verdeturcoaz,verde turcoaz,verde turcoaz,rgb,0,255,187,3,5,line,white,en,,1.1.2,
4672,ro,Romanian (limba română),albastru,albastru,albastru,rgb,0,153,255,3,6,line,white,en,,1.1.2,
4672,ro,Romanian (limba română),albastru,albastru,albastru,rgb,0,113,255,3,7,line,white,en,,1.1.2,
4672,ro,Romanian (limba română),galben,galben,galben,rgb,255,231,0,3,8,line,white,en,,1.1.2,
4672,ro,Romanian (limba română),mov,mov,mov,rgb,107,0,255,3,9,line,white,en,,1.1.2,
4672,ro,Romanian (limba română),mov,mov,mov,rgb,173,0,255,3,10,line,white,en,,1.1.2,
4672,ro,Romanian (limba română),orange,orange,orange,rgb,255,107,0,3,11,line,white,en,,1.1.2,
4672,ro,Romanian (limba română),rozbombon,roz bombon,roz bombon,rgb,255,0,160,6,0,line,white,en,,1.1.2,
4672,ro,Romanian (limba română),albastru,albastru,albastru,rgb,0,74,255,6,1,line,white,en,,1.1.2,
4672,ro,Romanian (limba română),violet,violet,violet,rgb,255,0,214,6,2,line,white,en,,1.1.2,
4672,ro,Romanian (limba română),verde,verde,verde,rgb,0,255,104,6,3,line,white,en,,1.1.2,
4672,ro,Romanian (limba română),violet,violet,violet,rgb,255,0,203,6,4,line,white,en,,1.1.2,
4672,ro,Romanian (limba română),galben,galben,galben,rgb,242,255,0,6,5,line,white,en,,1.1.2,
4672,ro,Romanian (limba română),verde,verde,verde,rgb,185,255,0,6,6,line,white,en,,1.1.2,
4672,ro,Romanian (limba română),rosu,rosu,rosu,rgb,255,0,59,6,7,line,white,en,,1.1.2,
4672,ro,Romanian (limba română),roz,roz,roz,rgb,255,0,132,6,8,line,white,en,,1.1.2,
4672,ro,Romanian (limba română),verdegalbui,verde gălbui,verde-gălbui,rgb,212,255,0,6,9,line,white,en,,1.1.2,
4672,ro,Romanian (limba română),albastru,albastru,albastru,rgb,0,208,255,6,10,line,white,en,,1.1.2,
4672,ro,Romanian (limba română),violet,violet,violet,rgb,241,0,255,6,11,line,white,en,,1.1.2,
4735,ro,Romanian (limba română),rosu,roșu,Roșu,rgb,255,0,73,1,0,line,white,en,,1.1.2,
4735,ro,Romanian (limba română),albastru,albastru,Albastru,rgb,0,92,255,1,1,line,white,en,,1.1.2,
4735,ro,Romanian (limba română),roz,roz,Roz,rgb,255,0,183,1,2,line,white,en,,1.1.2,
4735,ro,Romanian (limba română),turcoaz,turcoaz,Turcoaz,rgb,0,255,243,1,3,line,white,en,,1.1.2,
4735,ro,Romanian (limba română),albastru,albastru,Albastru,rgb,0,11,255,1,4,line,white,en,,1.1.2,
4735,ro,Romanian (limba română),galben,galben,Galben,rgb,224,255,0,1,5,line,white,en,,1.1.2,
4735,ro,Romanian (limba română),portocaliu,portocaliu,Portocaliu,rgb,255,151,0,1,6,line,white,en,,1.1.2,
4735,ro,Romanian (limba română),verde,verde,Verde,rgb,167,255,0,1,7,line,white,en,,1.1.2,
4735,ro,Romanian (limba română),verde,verde,Verde,rgb,89,255,0,1,8,line,white,en,,1.1.2,
4735,ro,Romanian (limba română),verde,verde,Verde,rgb,0,255,174,1,9,line,white,en,,1.1.2,
4735,ro,Romanian (limba română),albastru,albastru,Albastru,rgb,0,244,255,1,10,line,white,en,,1.1.2,
4735,ro,Romanian (limba română),albastru,albastru,Albastru,rgb,0,53,255,1,11,line,white,en,,1.1.2,
4735,ro,Romanian (limba română),verde,verde,Verde,rgb,0,255,124,3,0,line,white,en,,1.1.2,
4735,ro,Romanian (limba română),rosu,roșu,roșu,rgb,255,0,27,3,1,line,white,en,,1.1.2,
4735,ro,Romanian (limba română),galben,galben,Galben,rgb,254,255,0,3,2,line,white,en,,1.1.2,
4735,ro,Romanian (limba română),mov,mov,Mov,rgb,238,0,255,3,3,line,white,en,,1.1.2,
4735,ro,Romanian (limba română),albastru,albastru,Albastru,rgb,0,255,197,3,4,line,white,en,,1.1.2,
4735,ro,Romanian (limba română),verde,verde,Verde,rgb,0,255,87,3,5,line,white,en,,1.1.2,
4735,ro,Romanian (limba română),mustar,muștar,Muștar,rgb,255,182,0,3,6,line,white,en,,1.1.2,
4735,ro,Romanian (limba română),roz,roz,Roz,rgb,255,0,164,3,7,line,white,en,,1.1.2,
4735,ro,Romanian (limba română),albastru,albastru,Albastru,rgb,0,86,255,3,8,line,white,en,,1.1.2,
4735,ro,Romanian (limba română),albastru,albastru,Albastru,rgb,0,114,255,3,9,line,white,en,,1.1.2,
4735,ro,Romanian (limba română),bleu,bleu,Bleu,rgb,0,190,255,3,10,line,white,en,,1.1.2,
4735,ro,Romanian (limba română),mov,mov,Mov,rgb,189,0,255,3,11,line,white,en,,1.1.2,
4735,ro,Romanian (limba română),portocaliu,portocaliu,Portocaliu,rgb,255,87,0,6,0,line,white,en,,1.1.2,
4735,ro,Romanian (limba română),roz,roz,Roz,rgb,255,0,210,6,1,line,white,en,,1.1.2,
4735,ro,Romanian (limba română),galben,galben,Galben,rgb,255,220,0,6,2,line,white,en,,1.1.2,
4735,ro,Romanian (limba română),roz,roz,Roz,rgb,255,0,104,6,3,line,white,en,,1.1.2,
4735,ro,Romanian (limba română),galben,galben,Galben,rgb,255,192,0,6,4,line,white,en,,1.1.2,
4735,ro,Romanian (limba română),albastru,albastru,Albastru,rgb,99,0,255,6,5,line,white,en,,1.1.2,
4735,ro,Romanian (limba română),roz,roz,Roz,rgb,255,0,139,6,6,line,white,en,,1.1.2,
4735,ro,Romanian (limba română),portocaliu,portocaliu,Portocaliu,rgb,255,74,0,6,7,line,white,en,,1.1.2,
4735,ro,Romanian (limba română),albastru,albastru,Albastru,rgb,0,155,255,6,8,line,white,en,,1.1.2,
4735,ro,Romanian (limba română),albastru,albastru,Albastru,rgb,0,162,255,6,9,line,white,en,,1.1.2,
4735,ro,Romanian (limba română),bleu,bleu,Bleu,rgb,0,219,255,6,10,line,white,en,,1.1.2,
4735,ro,Romanian (limba română),verde,verde,Verde,rgb,0,255,63,6,11,line,white,en,,1.1.2,
4876,ro,Romanian (limba română),violet,violet,violet,rgb,162,0,255,1,0,line,white,en,,1.1.2,
4876,ro,Romanian (limba română),bleu,bleu,bleu,rgb,0,255,241,1,1,line,white,en,,1.1.2,
4876,ro,Romanian (limba română),rosu,rosu,rosu,rgb,255,0,70,1,2,line,white,en,,1.1.2,
4876,ro,Romanian (limba română),verde,verde,verde,rgb,0,255,87,1,3,line,white,en,,1.1.2,
4876,ro,Romanian (limba română),bleu,bleu,bleu,rgb,0,183,255,1,4,line,white,en,,1.1.2,
4876,ro,Romanian (limba română),albastru,albastru,albastru,rgb,0,69,255,1,5,line,white,en,,1.1.2,
4876,ro,Romanian (limba română),galben,galben,galben,rgb,255,250,0,1,6,line,white,en,,1.1.2,
4876,ro,Romanian (limba română),albastru,albastru,albastru,rgb,0,125,255,1,7,line,white,en,,1.1.2,
4876,ro,Romanian (limba română),mustar,mustar,mustar,rgb,255,219,0,1,8,line,white,en,,1.1.2,
4876,ro,Romanian (limba română),rosu,rosu,rosu,rgb,255,0,86,1,9,line,white,en,,1.1.2,
4876,ro,Romanian (limba română),magenta,magenta,magenta,rgb,255,0,161,1,10,line,white,en,,1.1.2,
4876,ro,Romanian (limba română),verde,verde,verde,rgb,0,255,196,1,11,line,white,en,,1.1.2,
4876,ro,Romanian (limba română),vernil,vernil,vernil,rgb,0,255,178,3,0,line,white,en,,1.1.2,
4876,ro,Romanian (limba română),bleu,bleu,bleu,rgb,0,220,255,3,1,line,white,en,,1.1.2,
4876,ro,Romanian (limba română),mustar,mustar,mustar,rgb,255,207,0,3,2,line,white,en,,1.1.2,
4876,ro,Romanian (limba română),portocaliu,portocaliu,portocaliu,rgb,255,167,0,3,3,line,white,en,,1.1.2,
4876,ro,Romanian (limba română),portocaliu,portocaliu,portocaliu,rgb,255,149,0,3,4,line,white,en,,1.1.2,
4876,ro,Romanian (limba română),verde,verde,verde,rgb,172,255,0,3,5,line,white,en,,1.1.2,
4876,ro,Romanian (limba română),albastru,albastru,albastru,rgb,0,99,255,3,6,line,white,en,,1.1.2,
4876,ro,Romanian (limba română),albastru,albastru,albastru,rgb,0,26,255,3,7,line,white,en,,1.1.2,
4876,ro,Romanian (limba română),bleu,bleu,bleu,rgb,0,231,255,3,8,line,white,en,,1.1.2,
4876,ro,Romanian (limba română),roz,roz,roz,rgb,255,0,143,3,9,line,white,en,,1.1.2,
4876,ro,Romanian (limba română),magenta,magenta,magenta,rgb,255,0,242,3,10,line,white,en,,1.1.2,
4876,ro,Romanian (limba română),rosu,rosu,rosu,rgb,255,42,0,3,11,line,white,en,,1.1.2,
4876,ro,Romanian (limba română),rosu,rosu,rosu,rgb,255,0,1,6,0,line,white,en,,1.1.2,
4876,ro,Romanian (limba română),violet,violet,violet,rgb,237,0,255,6,1,line,white,en,,1.1.2,
4876,ro,Romanian (limba română),alastru,alastru,alastru,rgb,0,172,255,6,2,line,white,en,,1.1.2,
4876,ro,Romanian (limba română),roz,roz,roz,rgb,255,0,184,6,3,line,white,en,,1.1.2,
4876,ro,Romanian (limba română),galben,galben,galben,rgb,221,255,0,6,4,line,white,en,,1.1.2,
4876,ro,Romanian (limba română),albastru,albastru,albastru,rgb,0,41,255,6,5,line,white,en,,1.1.2,
4876,ro,Romanian (limba română),rosu,rosu,rosu,rgb,255,95,0,6,6,line,white,en,,1.1.2,
4876,ro,Romanian (limba română),verde,verde,verde,rgb,0,255,126,6,7,line,white,en,,1.1.2,
4876,ro,Romanian (limba română),violet,violet,violet,rgb,208,0,255,6,8,line,white,en,,1.1.2,
4876,ro,Romanian (limba română),verde,verde,verde,rgb,0,255,25,6,9,line,white,en,,1.1.2,
4876,ro,Romanian (limba română),albastru,albastru,albastru,rgb,0,150,255,6,10,line,white,en,,1.1.2,
4876,ro,Romanian (limba română),verde,verde,verde,rgb,63,255,0,6,11,line,white,en,,1.1.2,
4878,ro,Romanian (limba română),albastru,albastru,ALBASTRU,rgb,0,146,255,1,0,line,white,en,,1.1.2,
4878,ro,Romanian (limba română),turcoaz,turcoaz,TURCOAZ,rgb,0,255,230,1,1,line,white,en,,1.1.2,
4878,ro,Romanian (limba română),galben,galben,GALBEN,rgb,255,236,0,1,2,line,white,en,,1.1.2,
4878,ro,Romanian (limba română),albastru,albastru,ALBASTRU,rgb,0,43,255,1,3,line,white,en,,1.1.2,
4878,ro,Romanian (limba română),portocaliu,portocaliu,PORTOCALIU,rgb,255,181,0,1,4,line,white,en,,1.1.2,
4878,ro,Romanian (limba română),verde,verde,VERDE,rgb,132,255,0,1,5,line,white,en,,1.1.2,
4878,ro,Romanian (limba română),albastru,albastru,ALBASTRU,rgb,0,121,255,1,6,line,white,en,,1.1.2,
4878,ro,Romanian (limba română),mov,mov,MOV,rgb,140,0,255,1,7,line,white,en,,1.1.2,
4878,ro,Romanian (limba română),rosu,rosu,ROSU,rgb,255,0,30,1,8,line,white,en,,1.1.2,
4878,ro,Romanian (limba română),verde,verde,VERDE,rgb,0,255,154,1,9,line,white,en,,1.1.2,
4878,ro,Romanian (limba română),magenta,magenta,MAGENTA,rgb,255,0,237,1,10,line,white,en,,1.1.2,
4878,ro,Romanian (limba română),verde,verde,VERDE,rgb,170,255,0,1,11,line,white,en,,1.1.2,
4878,ro,Romanian (limba română),galben,galben,GALBEN,rgb,233,255,0,3,0,line,white,en,,1.1.2,
4878,ro,Romanian (limba română),rosu,rosu,ROSU,rgb,255,0,153,3,1,line,white,en,,1.1.2,
4878,ro,Romanian (limba română),portocaliu,portocaliu,PORTOCALIU,rgb,255,76,0,3,2,line,white,en,,1.1.2,
4878,ro,Romanian (limba română),albastru,albastru,ALBASTRU,rgb,0,164,255,3,3,line,white,en,,1.1.2,
4878,ro,Romanian (limba română),bleu,bleu,BLEU,rgb,0,253,255,3,4,line,white,en,,1.1.2,
4878,ro,Romanian (limba română),magenta,magenta,MAGENTA,rgb,247,0,255,3,5,line,white,en,,1.1.2,
4878,ro,Romanian (limba română),verde,verde,VERDE,rgb,0,255,104,3,6,line,white,en,,1.1.2,
4878,ro,Romanian (limba română),galben,galben,GALBEN,rgb,227,255,0,3,7,line,white,en,,1.1.2,
4878,ro,Romanian (limba română),maro,maro,MARO,rgb,255,192,0,3,8,line,white,en,,1.1.2,
4878,ro,Romanian (limba română),mov,mov,MOV,rgb,213,0,255,3,9,line,white,en,,1.1.2,
4878,ro,Romanian (limba română),roz,roz,ROZ,rgb,255,0,203,3,10,line,white,en,,1.1.2,
4878,ro,Romanian (limba română),bleu,bleu,BLEU,rgb,0,195,255,3,11,line,white,en,,1.1.2,
4878,ro,Romanian (limba română),rosu,rosu,ROSU,rgb,255,0,116,6,1,line,white,en,,1.1.2,
4878,ro,Romanian (limba română),verde,verde,VERDE,rgb,0,255,57,6,2,line,white,en,,1.1.2,
4878,ro,Romanian (limba română),verdedeschis,verde deschis,VERDE DESCHIS,rgb,0,255,160,6,3,line,white,en,,1.1.2,
4878,ro,Romanian (limba română),rosu,rosu,ROSU,rgb,255,0,99,6,4,line,white,en,,1.1.2,
4878,ro,Romanian (limba română),bleu,bleu,BLEU,rgb,0,103,255,6,5,line,white,en,,1.1.2,
4878,ro,Romanian (limba română),verdedeschis,verde deschis,VERDE DESCHIS,rgb,0,255,212,6,6,line,white,en,,1.1.2,
4878,ro,Romanian (limba română),rosu,rosu,ROSU,rgb,255,0,54,6,7,line,white,en,,1.1.2,
4878,ro,Romanian (limba română),albastru,albastru,ALBASTRU,rgb,0,68,255,6,8,line,white,en,,1.1.2,
4878,ro,Romanian (limba română),albastru,albastru,ALBASTRU,rgb,10,0,255,6,9,line,white,en,,1.1.2,
4878,ro,Romanian (limba română),orange,orange,ORANGE,rgb,255,147,0,6,10,line,white,en,,1.1.2,
4878,ro,Romanian (limba română),portocaliu,portocaliu,PORTOCALIU,rgb,255,85,0,6,11,line,white,en,,1.1.2,
5604,ro,Romanian (limba română),verde,verde,verde,rgb,92,255,0,1,0,line,white,en,,1.1.2,
5604,ro,Romanian (limba română),rosu,rosu,rosu,rgb,255,45,0,1,1,line,white,en,,1.1.2,
5604,ro,Romanian (limba română),verdepraz,verde praz,verde praz,rgb,180,255,0,1,2,line,white,en,,1.1.2,
5604,ro,Romanian (limba română),albastrucobalt,albastru cobalt,albastru cobalt,rgb,0,73,255,1,3,line,white,en,,1.1.2,
5604,ro,Romanian (limba română),albastru,albastru,albastru,rgb,0,95,255,1,4,line,white,en,,1.1.2,
5604,ro,Romanian (limba română),galben,galben,galben,rgb,255,197,0,1,5,line,white,en,,1.1.2,
5604,ro,Romanian (limba română),verdeneon,verde neon,verde neon,rgb,0,255,164,1,6,line,white,en,,1.1.2,
5604,ro,Romanian (limba română),verdedeschis,verde deschis,verde deschis,rgb,0,255,73,1,7,line,white,en,,1.1.2,
5604,ro,Romanian (limba română),bleu,bleu,bleu,rgb,0,199,255,1,8,line,white,en,,1.1.2,
5604,ro,Romanian (limba română),rosuaprins,rosu aprins,rosu aprins,rgb,255,0,61,1,9,line,white,en,,1.1.2,
5604,ro,Romanian (limba română),albastruinchis,albastru inchis,albastru inchis,rgb,0,39,255,1,10,line,white,en,,1.1.2,
5604,ro,Romanian (limba română),albastrudeschis,albastru deschis,albastru deschis,rgb,0,180,255,1,11,line,white,en,,1.1.2,
5604,ro,Romanian (limba română),albastruinchis,albastru inchis,albastru inchis,rgb,0,23,255,3,0,line,white,en,,1.1.2,
5604,ro,Romanian (limba română),albastru,albastru,albastru,rgb,0,127,255,3,1,line,white,en,,1.1.2,
5604,ro,Romanian (limba română),verdeneon,verde neon,verde neon,rgb,0,255,205,3,2,line,white,en,,1.1.2,
5604,ro,Romanian (limba română),galbenpai,galben pai,galben pai,rgb,249,255,0,3,3,line,white,en,,1.1.2,
5604,ro,Romanian (limba română),portocaliu,portocaliu,portocaliu,rgb,255,133,0,3,4,line,white,en,,1.1.2,
5604,ro,Romanian (limba română),roz,roz,roz,rgb,255,0,205,3,5,line,white,en,,1.1.2,
5604,ro,Romanian (limba română),verdedeschis,verde deschis,verde deschis,rgb,0,255,81,3,6,line,white,en,,1.1.2,
5604,ro,Romanian (limba română),albastrudeschis,albastru deschis,albastru deschis,rgb,0,152,255,3,7,line,white,en,,1.1.2,
5604,ro,Romanian (limba română),galben,galben,galben,rgb,255,239,0,3,8,line,white,en,,1.1.2,
5604,ro,Romanian (limba română),bleu,bleu,bleu,rgb,0,219,255,3,9,line,white,en,,1.1.2,
5604,ro,Romanian (limba română),fucsia,fucsia,fucsia,rgb,255,0,142,3,10,line,white,en,,1.1.2,
5604,ro,Romanian (limba română),verde,verde,verde,rgb,0,255,141,3,11,line,white,en,,1.1.2,
5605,ro,Romanian (limba română),roz,roz,roz,rgb,255,0,180,1,0,line,white,en,,1.1.2,
5605,ro,Romanian (limba română),corai,corai,corai,rgb,255,0,105,1,1,line,white,en,,1.1.2,
5605,ro,Romanian (limba română),rosuaprins,rosu aprins,rosu aprins,rgb,255,0,31,1,2,line,white,en,,1.1.2,
5605,ro,Romanian (limba română),bleuciel,bleu ciel,bleu ciel,rgb,0,179,255,1,3,line,white,en,,1.1.2,
5605,ro,Romanian (limba română),roz,roz,roz,rgb,255,0,168,1,4,line,white,en,,1.1.2,
5605,ro,Romanian (limba română),albastrudeschis,albastru deschis,albastru deschis,rgb,0,223,255,1,5,line,white,en,,1.1.2,
5605,ro,Romanian (limba română),portocaliu,portocaliu,portocaliu,rgb,255,140,0,1,6,line,white,en,,1.1.2,
5605,ro,Romanian (limba română),fucsia,fucsia,fucsia,rgb,255,0,130,1,7,line,white,en,,1.1.2,
5605,ro,Romanian (limba română),violet,violet,violet,rgb,102,0,255,1,8,line,white,en,,1.1.2,
5605,ro,Romanian (limba română),portocaliuinchis,portocaliu inchis,portocaliu inchis,rgb,255,111,0,1,9,line,white,en,,1.1.2,
5605,ro,Romanian (limba română),galbendeschis,galben deschis,galben deschis,rgb,255,223,0,1,10,line,white,en,,1.1.2,
5605,ro,Romanian (limba română),galben,galben,galben,rgb,255,204,0,1,11,line,white,en,,1.1.2,
5605,ro,Romanian (limba română),verdeneon,verde neon,verde neon,rgb,0,255,88,3,0,line,white,en,,1.1.2,
5605,ro,Romanian (limba română),albastruviolet,albastru violet,albastru violet,rgb,76,0,255,3,1,line,white,en,,1.1.2,
5605,ro,Romanian (limba română),albastrudeschis,albastru deschis,albastru deschis,rgb,0,255,218,3,2,line,white,en,,1.1.2,
5605,ro,Romanian (limba română),albastru,albastru,albastru,rgb,0,92,255,3,3,line,white,en,,1.1.2,
5605,ro,Romanian (limba română),rosuaprins,rosu aprins,rosu aprins,rgb,255,0,73,3,4,line,white,en,,1.1.2,
5605,ro,Romanian (limba română),roz,roz,roz,rgb,255,0,219,3,5,line,white,en,,1.1.2,
5605,ro,Romanian (limba română),albastrucobalt,albastru cobalt,albastru cobalt,rgb,0,88,255,3,6,line,white,en,,1.1.2,
5605,ro,Romanian (limba română),albastru,albastru,albastru,rgb,0,148,255,3,7,line,white,en,,1.1.2,
5605,ro,Romanian (limba română),verdepraz,verde praz,verde praz,rgb,205,255,0,3,8,line,white,en,,1.1.2,
5605,ro,Romanian (limba română),galbenpai,galben pai,galben pai,rgb,255,245,0,3,9,line,white,en,,1.1.2,
5605,ro,Romanian (limba română),mov,mov,mov,rgb,188,0,255,3,10,line,white,en,,1.1.2,
5605,ro,Romanian (limba română),rosuaprins,rosu aprins,rosu aprins,rgb,255,9,0,3,11,line,white,en,,1.1.2,
5605,ro,Romanian (limba română),portocaliudeschis,portocaliu deschis,portocaliu deschis,rgb,255,169,0,6,0,line,white,en,,1.1.2,
5605,ro,Romanian (limba română),albastru,albastru,albastru,rgb,0,36,255,6,1,line,white,en,,1.1.2,
5605,ro,Romanian (limba română),verdeneon,verde neon,verde neon,rgb,0,255,155,6,2,line,white,en,,1.1.2,
5605,ro,Romanian (limba română),roz,roz,roz,rgb,253,0,255,6,3,line,white,en,,1.1.2,
5605,ro,Romanian (limba română),verdeneondeschis,verde neon deschis,verde neon deschis,rgb,0,255,174,6,4,line,white,en,,1.1.2,
5605,ro,Romanian (limba română),bleu,bleu,bleu,rgb,0,185,255,6,5,line,white,en,,1.1.2,
5605,ro,Romanian (limba română),albastru,albastru,albastru,rgb,0,124,255,6,6,line,white,en,,1.1.2,
5605,ro,Romanian (limba română),verdepraz,verde praz,verde praz,rgb,164,255,0,6,7,line,white,en,,1.1.2,
5605,ro,Romanian (limba română),albastrudeschis,albastru deschis,albastru deschis,rgb,0,255,242,6,8,line,white,en,,1.1.2,
5605,ro,Romanian (limba română),verdedeschis,verde deschis,verde deschis,rgb,126,255,0,6,9,line,white,en,,1.1.2,
5605,ro,Romanian (limba română),verde,verde,verde,rgb,0,255,48,6,10,line,white,en,,1.1.2,
5605,ro,Romanian (limba română),albastrudeschisciel,albastru deschis ciel,albastru deschis ciel,rgb,0,247,255,6,11,line,white,en,,1.1.2,
5686,ro,Romanian (limba română),albastrudeschis,albastru deschis,albastru deschis,rgb,0,213,255,1,0,line,white,en,,1.1.2,
5686,ro,Romanian (limba română),verdeinchis,verde inchis,verde inchis,rgb,0,255,62,1,1,line,white,en,,1.1.2,
5686,ro,Romanian (limba română),rosu,rosu,rosu,rgb,255,0,33,1,2,line,white,en,,1.1.2,
5686,ro,Romanian (limba română),galben,galben,galben,rgb,218,255,0,1,3,line,white,en,,1.1.2,
5686,ro,Romanian (limba română),rozinchis,roz inchis,roz inchis,rgb,255,0,81,1,4,line,white,en,,1.1.2,
5686,ro,Romanian (limba română),verdedeschis,verde deschis,verde deschis,rgb,119,255,0,1,5,line,white,en,,1.1.2,
5686,ro,Romanian (limba română),portocaliu,portocaliu,portocaliu,rgb,255,168,0,1,6,line,white,en,,1.1.2,
5686,ro,Romanian (limba română),indigo,indigo,indigo,rgb,255,0,248,1,7,line,white,en,,1.1.2,
5686,ro,Romanian (limba română),albastru,albastru,albastru,rgb,0,43,255,1,8,line,white,en,,1.1.2,
5686,ro,Romanian (limba română),roz,roz,roz,rgb,255,0,230,1,9,line,white,en,,1.1.2,
5686,ro,Romanian (limba română),rosu,rosu,rosu,rgb,255,0,70,1,10,line,white,en,,1.1.2,
5686,ro,Romanian (limba română),mov,mov,mov,rgb,142,0,255,1,11,line,white,en,,1.1.2,
5686,ro,Romanian (limba română),mov,mov,mov,rgb,185,0,255,3,0,line,white,en,,1.1.2,
5686,ro,Romanian (limba română),albastruinchis,albastru inchis,albastru inchis,rgb,74,0,255,3,1,line,white,en,,1.1.2,
5686,ro,Romanian (limba română),turcoaz,turcoaz,turcoaz,rgb,0,255,218,3,2,line,white,en,,1.1.2,
5686,ro,Romanian (limba română),verde,verde,verde,rgb,0,255,81,3,3,line,white,en,,1.1.2,
5686,ro,Romanian (limba română),albastru,albastru,albastru,rgb,0,113,255,3,4,line,white,en,,1.1.2,
5686,ro,Romanian (limba română),albastru,albastru,albastru,rgb,0,159,255,3,5,line,white,en,,1.1.2,
5686,ro,Romanian (limba română),galben,galben,galben,rgb,255,207,0,3,6,line,white,en,,1.1.2,
5686,ro,Romanian (limba română),verdepal,verde pal,verde pal,rgb,0,255,168,3,7,line,white,en,,1.1.2,
5686,ro,Romanian (limba română),albastru,albastru,albastru,rgb,0,118,255,3,8,line,white,en,,1.1.2,
5686,ro,Romanian (limba română),rosu,rosu,rosu,rgb,255,46,0,3,9,line,white,en,,1.1.2,
5686,ro,Romanian (limba română),galben,galben,galben,rgb,255,241,0,3,10,line,white,en,,1.1.2,
5686,ro,Romanian (limba română),albastrudeschis,albastru deschis,albastru deschis,rgb,0,202,255,3,11,line,white,en,,1.1.2,
5686,ro,Romanian (limba română),albastru,albastru,albastru,rgb,0,145,255,6,0,line,white,en,,1.1.2,
5686,ro,Romanian (limba română),rosu,rosu,rosu,rgb,255,0,116,6,1,line,white,en,,1.1.2,
5686,ro,Romanian (limba română),roz,roz,roz,rgb,255,0,203,6,2,line,white,en,,1.1.2,
5686,ro,Romanian (limba română),albastrudeschis,albastru deschis,albastru deschis,rgb,0,239,255,6,3,line,white,en,,1.1.2,
5686,ro,Romanian (limba română),verde,verde,verde,rgb,137,255,0,6,4,line,white,en,,1.1.2,
5686,ro,Romanian (limba română),verde,verde,verde,rgb,0,255,152,6,5,line,white,en,,1.1.2,
5686,ro,Romanian (limba română),galben,galben,galben,rgb,255,244,0,6,6,line,white,en,,1.1.2,
5686,ro,Romanian (limba română),albastruinchis,albastru inchis,albastru inchis,rgb,0,75,255,6,7,line,white,en,,1.1.2,
5686,ro,Romanian (limba română),rozinchis,roz inchis,roz inchis,rgb,255,0,146,6,8,line,white,en,,1.1.2,
5686,ro,Romanian (limba română),portocaliuinchis,portocaliu inchis,portocaliu inchis,rgb,255,96,0,6,9,line,white,en,,1.1.2,
5686,ro,Romanian (limba română),portocaliu,portocaliu,portocaliu,rgb,255,124,0,6,10,line,white,en,,1.1.2,
5686,ro,Romanian (limba română),turcoaz,turcoaz,turcoaz,rgb,0,255,247,6,11,line,white,en,,1.1.2,
6143,ro,Romanian (limba română),mov,mov,mov,rgb,221,0,255,1,0,line,white,en,,1.1.2,
6143,ro,Romanian (limba română),bluemarin,bluemarin,bluemarin,rgb,0,49,255,1,1,line,white,en,,1.1.2,
6143,ro,Romanian (limba română),albastru,albastru,albastru,rgb,0,105,255,1,2,line,white,en,,1.1.2,
6143,ro,Romanian (limba română),albastru,albastru,albastru,rgb,0,126,255,1,3,line,white,en,,1.1.2,
6143,ro,Romanian (limba română),albastru,albastru,albastru,rgb,0,150,255,1,4,line,white,en,,1.1.2,
6143,ro,Romanian (limba română),galben,galben,galben,rgb,255,190,0,1,5,line,white,en,,1.1.2,
6143,ro,Romanian (limba română),roz,roz,roz,rgb,255,0,112,1,6,line,white,en,,1.1.2,
6143,ro,Romanian (limba română),bleu,bleu,bleu,rgb,0,181,255,1,7,line,white,en,,1.1.2,
6143,ro,Romanian (limba română),mustar,mustar,mustar,rgb,255,160,0,1,8,line,white,en,,1.1.2,
6143,ro,Romanian (limba română),verde,verde,verde,rgb,0,255,94,1,9,line,white,en,,1.1.2,
6143,ro,Romanian (limba română),turcoaz,turcoaz,turcoaz,rgb,0,255,165,1,10,line,white,en,,1.1.2,
6143,ro,Romanian (limba română),bluemarin,bluemarin,bluemarin,rgb,0,32,255,1,11,line,white,en,,1.1.2,
6143,ro,Romanian (limba română),verde,verde,verde,rgb,63,255,0,3,0,line,white,en,,1.1.2,
6143,ro,Romanian (limba română),turcoaz,turcoaz,turcoaz,rgb,0,244,255,3,1,line,white,en,,1.1.2,
6143,ro,Romanian (limba română),albastru,albastru,albastru,rgb,0,165,255,3,2,line,white,en,,1.1.2,
6143,ro,Romanian (limba română),verde,verde,verde,rgb,192,255,0,3,3,line,white,en,,1.1.2,
6143,ro,Romanian (limba română),albastru,albastru,albastru,rgb,0,216,255,3,4,line,white,en,,1.1.2,
6143,ro,Romanian (limba română),turcoaz,turcoaz,turcoaz,rgb,0,255,246,3,5,line,white,en,,1.1.2,
6143,ro,Romanian (limba română),roz,roz,roz,rgb,255,0,161,3,6,line,white,en,,1.1.2,
6143,ro,Romanian (limba română),albastru,albastru,albastru,rgb,0,88,255,3,7,line,white,en,,1.1.2,
6143,ro,Romanian (limba română),roz,roz,roz,rgb,255,0,100,3,8,line,white,en,,1.1.2,
6143,ro,Romanian (limba română),roz,roz,roz,rgb,255,0,192,3,9,line,white,en,,1.1.2,
6143,ro,Romanian (limba română),rosu,rosu,rosu,rgb,255,0,14,3,10,line,white,en,,1.1.2,
6143,ro,Romanian (limba română),galben,galben,galben,rgb,255,220,0,3,11,line,white,en,,1.1.2,
6143,ro,Romanian (limba română),rosu,rosu,rosu,rgb,255,47,0,6,0,line,white,en,,1.1.2,
6143,ro,Romanian (limba română),portocaliu,portocaliu,portocaliu,rgb,255,110,0,6,1,line,white,en,,1.1.2,
6143,ro,Romanian (limba română),verde,verde,verde,rgb,170,255,0,6,2,line,white,en,,1.1.2,
6143,ro,Romanian (limba română),verde,verde,verde,rgb,0,255,144,6,3,line,white,en,,1.1.2,
6143,ro,Romanian (limba română),galben,galben,galben,rgb,233,255,0,6,4,line,white,en,,1.1.2,
6143,ro,Romanian (limba română),mov,mov,mov,rgb,208,0,255,6,5,line,white,en,,1.1.2,
6143,ro,Romanian (limba română),roz,roz,roz,rgb,255,0,239,6,6,line,white,en,,1.1.2,
6143,ro,Romanian (limba română),portocaliu,portocaliu,portocaliu,rgb,255,136,0,6,7,line,white,en,,1.1.2,
6143,ro,Romanian (limba română),mov,mov,mov,rgb,154,0,255,6,8,line,white,en,,1.1.2,
6143,ro,Romanian (limba română),roz,roz,roz,rgb,255,0,77,6,9,line,white,en,,1.1.2,
6143,ro,Romanian (limba română),turcoaz,turcoaz,turcoaz,rgb,0,255,208,6,10,line,white,en,,1.1.2,
6143,ro,Romanian (limba română),verde,verde,verde,rgb,0,255,23,6,11,line,white,en,,1.1.2,
6540,ro,Romanian (limba română),albastru,albastru,albastru,rgb,0,38,255,1,0,line,white,en,,1.1.2,
6540,ro,Romanian (limba română),rosu,rosu,rosu,rgb,255,4,0,1,1,line,white,en,,1.1.2,
6540,ro,Romanian (limba română),violet,violet,violet,rgb,136,0,255,1,2,line,white,en,,1.1.2,
6540,ro,Romanian (limba română),galben,galben,galben,rgb,255,223,0,1,3,line,white,en,,1.1.2,
6540,ro,Romanian (limba română),verde,verde,verde,rgb,0,255,40,1,4,line,white,en,,1.1.2,
6540,ro,Romanian (limba română),albastru,albastru,albastru,rgb,0,141,255,1,5,line,white,en,,1.1.2,
6540,ro,Romanian (limba română),roz,roz,roz,rgb,255,0,185,1,6,line,white,en,,1.1.2,
6540,ro,Romanian (limba română),portocaliu,portocaliu,portocaliu,rgb,255,164,0,1,7,line,white,en,,1.1.2,
6540,ro,Romanian (limba română),rosu,rosu,rosu,rgb,255,0,43,1,8,line,white,en,,1.1.2,
6540,ro,Romanian (limba română),albastru,albastru,albastru,rgb,0,187,255,1,9,line,white,en,,1.1.2,
6540,ro,Romanian (limba română),fucsia,fucsia,fucsia,rgb,255,0,71,1,10,line,white,en,,1.1.2,
6540,ro,Romanian (limba română),roz,roz,roz,rgb,255,0,111,1,11,line,white,en,,1.1.2,
6540,ro,Romanian (limba română),albastru,albastru,albastru,rgb,0,255,247,3,0,line,white,en,,1.1.2,
6540,ro,Romanian (limba română),roz,roz,roz,rgb,255,0,221,3,1,line,white,en,,1.1.2,
6540,ro,Romanian (limba română),albastru,albastru,albastru,rgb,0,77,255,3,2,line,white,en,,1.1.2,
6540,ro,Romanian (limba română),verde,verde,verde,rgb,0,255,128,3,3,line,white,en,,1.1.2,
6540,ro,Romanian (limba română),albastru,albastru,albastru,rgb,0,225,255,3,4,line,white,en,,1.1.2,
6540,ro,Romanian (limba română),verde,verde,verde,rgb,129,255,0,3,5,line,white,en,,1.1.2,
6540,ro,Romanian (limba română),albastru,albastru,albastru,rgb,0,102,255,3,6,line,white,en,,1.1.2,
6540,ro,Romanian (limba română),fucsia,fucsia,fucsia,rgb,255,0,158,3,7,line,white,en,,1.1.2,
6540,ro,Romanian (limba română),violet,violet,violet,rgb,171,0,255,3,8,line,white,en,,1.1.2,
6540,ro,Romanian (limba română),galben,galben,galben,rgb,214,255,0,3,9,line,white,en,,1.1.2,
6540,ro,Romanian (limba română),albastru,albastru,albastru,rgb,0,28,255,3,10,line,white,en,,1.1.2,
6540,ro,Romanian (limba română),portocaliu,portocaliu,portocaliu,rgb,255,193,0,3,11,line,white,en,,1.1.2,
6540,ro,Romanian (limba română),albastru,albastru,albastru,rgb,0,135,255,6,0,line,white,en,,1.1.2,
6540,ro,Romanian (limba română),verde,verde,verde,rgb,0,255,116,6,1,line,white,en,,1.1.2,
6540,ro,Romanian (limba română),lime,lime,lime,rgb,183,255,0,6,2,line,white,en,,1.1.2,
6540,ro,Romanian (limba română),galben,galben,galben,rgb,255,251,0,6,3,line,white,en,,1.1.2,
6540,ro,Romanian (limba română),acvamarin,acva marin,acva-marin,rgb,0,237,255,6,4,line,white,en,,1.1.2,
6540,ro,Romanian (limba română),albastru,albastru,albastru,rgb,0,172,255,6,5,line,white,en,,1.1.2,
6540,ro,Romanian (limba română),portocaliu,portocaliu,portocaliu,rgb,255,142,0,6,6,line,white,en,,1.1.2,
6540,ro,Romanian (limba română),vernil,vernil,vernil,rgb,0,255,200,6,7,line,white,en,,1.1.2,
6540,ro,Romanian (limba română),vernil,vernil,vernil,rgb,0,255,187,6,8,line,white,en,,1.1.2,
6540,ro,Romanian (limba română),roz,roz,roz,rgb,255,0,247,6,9,line,white,en,,1.1.2,
6540,ro,Romanian (limba română),fucsia,fucsia,fucsia,rgb,255,0,137,6,10,line,white,en,,1.1.2,
6540,ro,Romanian (limba română),portocaliu,portocaliu,portocaliu,rgb,255,115,0,6,11,line,white,en,,1.1.2,
7264,ro,Romanian (limba română),albastru,albastru,albastru,rgb,0,115,255,1,0,line,white,en,,1.1.2,
7264,ro,Romanian (limba română),galben,galben,galben,rgb,255,196,0,1,1,line,white,en,,1.1.2,
7264,ro,Romanian (limba română),cyan,cyan,cyan,rgb,0,250,255,1,2,line,white,en,,1.1.2,
7264,ro,Romanian (limba română),rosu,rosu,rosu,rgb,255,0,20,1,3,line,white,en,,1.1.2,
7264,ro,Romanian (limba română),roz,roz,roz,rgb,255,0,237,1,4,line,white,en,,1.1.2,
7264,ro,Romanian (limba română),bleumarin,bleumarin,bleumarin,rgb,0,255,230,1,5,line,white,en,,1.1.2,
7264,ro,Romanian (limba română),verde,verde,verde,rgb,0,255,203,1,6,line,white,en,,1.1.2,
7264,ro,Romanian (limba română),mov,mov,mov,rgb,255,0,180,1,7,line,white,en,,1.1.2,
7264,ro,Romanian (limba română),mov,mov,mov,rgb,205,0,255,1,8,line,white,en,,1.1.2,
7264,ro,Romanian (limba română),albastru,albastru,albastru,rgb,0,145,255,1,9,line,white,en,,1.1.2,
7264,ro,Romanian (limba română),portocaliu,portocaliu,portocaliu,rgb,255,123,0,1,10,line,white,en,,1.1.2,
7264,ro,Romanian (limba română),portocaliu,portocaliu,portocaliu,rgb,255,76,0,1,11,line,white,en,,1.1.2,
7264,ro,Romanian (limba română),portocaliu,portocaliu,portocaliu,rgb,255,160,0,3,0,line,white,en,,1.1.2,
7264,ro,Romanian (limba română),galben,galben,galben,rgb,219,255,0,3,1,line,white,en,,1.1.2,
7264,ro,Romanian (limba română),mov,mov,mov,rgb,255,0,98,3,2,line,white,en,,1.1.2,
7264,ro,Romanian (limba română),albastru,albastru,albastru,rgb,0,179,255,3,3,line,white,en,,1.1.2,
7264,ro,Romanian (limba română),mov,mov,mov,rgb,151,0,255,3,4,line,white,en,,1.1.2,
7264,ro,Romanian (limba română),roz,roz,roz,rgb,226,0,255,3,5,line,white,en,,1.1.2,
7264,ro,Romanian (limba română),albastru,albastru,albastru,rgb,0,202,255,3,6,line,white,en,,1.1.2,
7264,ro,Romanian (limba română),albastru,albastru,albastru,rgb,0,84,255,3,7,line,white,en,,1.1.2,
7264,ro,Romanian (limba română),verde,verde,verde,rgb,0,255,187,3,8,line,white,en,,1.1.2,
7264,ro,Romanian (limba română),galben,galben,galben,rgb,255,226,0,3,9,line,white,en,,1.1.2,
7264,ro,Romanian (limba română),verde,verde,verde,rgb,136,255,0,3,10,line,white,en,,1.1.2,
7264,ro,Romanian (limba română),albastru,albastru,albastru,rgb,0,37,255,3,11,line,white,en,,1.1.2,
7264,ro,Romanian (limba română),galben,galben,galben,rgb,255,254,0,6,0,line,white,en,,1.1.2,
7264,ro,Romanian (limba română),rosu,rosu,rosu,rgb,255,0,64,6,1,line,white,en,,1.1.2,
7264,ro,Romanian (limba română),green,green,green,rgb,79,255,0,6,2,line,white,en,,1.1.2,
7264,ro,Romanian (limba română),mov,mov,mov,rgb,255,0,126,6,3,line,white,en,,1.1.2,
7264,ro,Romanian (limba română),verde,verde,verde,rgb,0,255,156,6,4,line,white,en,,1.1.2,
7264,ro,Romanian (limba română),verde,verde,verde,rgb,0,255,79,6,5,line,white,en,,1.1.2,
7264,ro,Romanian (limba română),mov,mov,mov,rgb,255,0,148,6,6,line,white,en,,1.1.2,
7264,ro,Romanian (limba română),green,green,green,rgb,0,255,57,6,9,line,white,en,,1.1.2,
7264,ro,Romanian (limba română),albastru,albastru,albastru,rgb,0,216,255,6,10,line,white,en,,1.1.2,
7264,ro,Romanian (limba română),portocaliu,portocaliu,portocaliu,rgb,255,87,0,6,11,line,white,en,,1.1.2,
7350,ro,Romanian (limba română),roz,roz,roz,rgb,255,0,126,3,0,line,white,en,,1.1.2,
7350,ro,Romanian (limba română),albastru,albastru,albastru,rgb,0,194,255,3,1,line,white,en,,1.1.2,
7350,ro,Romanian (limba română),turquaz,turquaz,turquaz,rgb,0,252,255,3,2,line,white,en,,1.1.2,
7350,ro,Romanian (limba română),rosu,rosu,rosu,rgb,255,0,76,3,3,line,white,en,,1.1.2,
7350,ro,Romanian (limba română),roz,roz,roz,rgb,255,0,171,3,4,line,white,en,,1.1.2,
7350,ro,Romanian (limba română),verde,verde,verde,rgb,0,255,157,3,5,line,white,en,,1.1.2,
7350,ro,Romanian (limba română),roz,roz,roz,rgb,255,0,216,3,6,line,white,en,,1.1.2,
7350,ro,Romanian (limba română),albastru,albastru,albastru,rgb,0,72,255,3,7,line,white,en,,1.1.2,
7350,ro,Romanian (limba română),turquaz,turquaz,turquaz,rgb,0,255,247,3,8,line,white,en,,1.1.2,
7350,ro,Romanian (limba română),verde,verde,verde,rgb,0,255,204,3,9,line,white,en,,1.1.2,
7350,ro,Romanian (limba română),mov,mov,mov,rgb,151,0,255,3,10,line,white,en,,1.1.2,
7350,ro,Romanian (limba română),rosu,rosu,rosu,rgb,255,0,39,3,11,line,white,en,,1.1.2,
7350,ro,Romanian (limba română),albastru,albastru,albastru,rgb,0,130,255,6,0,line,white,en,,1.1.2,
7350,ro,Romanian (limba română),mov,mov,mov,rgb,167,0,255,6,1,line,white,en,,1.1.2,
7350,ro,Romanian (limba română),verde,verde,verde,rgb,86,255,0,6,2,line,white,en,,1.1.2,
7350,ro,Romanian (limba română),portocaliu,portocaliu,portocaliu,rgb,255,99,0,6,3,line,white,en,,1.1.2,
7350,ro,Romanian (limba română),albastru,albastru,albastru,rgb,0,37,255,6,4,line,white,en,,1.1.2,
7350,ro,Romanian (limba română),roz,roz,roz,rgb,255,0,194,6,5,line,white,en,,1.1.2,
7350,ro,Romanian (limba română),turqoaz,turqoaz,turqoaz,rgb,0,206,255,6,6,line,white,en,,1.1.2,
7350,ro,Romanian (limba română),albastru,albastru,albastru,rgb,0,95,255,6,7,line,white,en,,1.1.2,
7350,ro,Romanian (limba română),verde,verde,verde,rgb,145,255,0,6,8,line,white,en,,1.1.2,
7350,ro,Romanian (limba română),turqoaz,turqoaz,turqoaz,rgb,0,174,255,6,9,line,white,en,,1.1.2,
7350,ro,Romanian (limba română),albastru,albastru,albastru,rgb,0,148,255,6,10,line,white,en,,1.1.2,
7350,ro,Romanian (limba română),verde,verde,verde,rgb,0,255,104,6,11,line,white,en,,1.1.2,
8315,ro,Romanian (limba română),turcoaz,turcoaz,turcoaz,rgb,0,255,243,1,0,line,white,en,,1.1.2,
8315,ro,Romanian (limba română),verde,verde,verde,rgb,126,255,0,1,1,line,white,en,,1.1.2,
8315,ro,Romanian (limba română),galbenalbastru,galbenalbastru,galbenalbastru,rgb,233,255,0,1,2,line,white,en,,1.1.2,
8315,ro,Romanian (limba română),albastru,albastru,albastru,rgb,0,32,255,1,3,line,white,en,,1.1.2,
8315,ro,Romanian (limba română),verde,verde,verde,rgb,188,255,0,1,4,line,white,en,,1.1.2,
8315,ro,Romanian (limba română),albastru,albastru,albastru,rgb,0,106,255,1,5,line,white,en,,1.1.2,
8315,ro,Romanian (limba română),rosu,rosu,rosu,rgb,255,0,47,1,6,line,white,en,,1.1.2,
8315,ro,Romanian (limba română),roz,roz,roz,rgb,255,0,172,1,7,line,white,en,,1.1.2,
8315,ro,Romanian (limba română),roz,roz,roz,rgb,255,0,104,1,8,line,white,en,,1.1.2,
8315,ro,Romanian (limba română),turcoaz,turcoaz,turcoaz,rgb,0,255,163,1,9,line,white,en,,1.1.2,
8315,ro,Romanian (limba română),portocaliu,portocaliu,portocaliu,rgb,255,102,0,1,10,line,white,en,,1.1.2,
8315,ro,Romanian (limba română),albastru,albastru,albastru,rgb,0,37,255,1,11,line,white,en,,1.1.2,
8315,ro,Romanian (limba română),roz,roz,roz,rgb,255,0,245,3,0,line,white,en,,1.1.2,
8315,ro,Romanian (limba română),bleu,bleu,bleu,rgb,0,198,255,3,1,line,white,en,,1.1.2,
8315,ro,Romanian (limba română),portocaliu,portocaliu,portocaliu,rgb,255,139,0,3,2,line,white,en,,1.1.2,
8315,ro,Romanian (limba română),turcoaz,turcoaz,turcoaz,rgb,0,232,255,3,3,line,white,en,,1.1.2,
8315,ro,Romanian (limba română),rosu,rosu,rosu,rgb,255,0,64,3,4,line,white,en,,1.1.2,
8315,ro,Romanian (limba română),mov,mov,mov,rgb,138,0,255,3,5,line,white,en,,1.1.2,
8315,ro,Romanian (limba română),portocaliu,portocaliu,portocaliu,rgb,255,161,0,3,6,line,white,en,,1.1.2,
8315,ro,Romanian (limba română),verde,verde,verde,rgb,0,255,102,3,7,line,white,en,,1.1.2,
8315,ro,Romanian (limba română),albastru,albastru,albastru,rgb,0,87,255,3,8,line,white,en,,1.1.2,
8315,ro,Romanian (limba română),turcoaz,turcoaz,turcoaz,rgb,0,255,206,3,9,line,white,en,,1.1.2,
8315,ro,Romanian (limba română),verde,verde,verde,rgb,0,255,133,3,10,line,white,en,,1.1.2,
8315,ro,Romanian (limba română),galben,galben,galben,rgb,255,238,0,3,11,line,white,en,,1.1.2,
8316,ro,Romanian (limba română),bleu,bleu,bleu,rgb,0,146,255,1,0,line,white,en,,1.1.2,
8316,ro,Romanian (limba română),verde,verde,verde,rgb,186,255,0,1,1,line,white,en,,1.1.2,
8316,ro,Romanian (limba română),roz,roz,roz,rgb,255,0,118,1,2,line,white,en,,1.1.2,
8316,ro,Romanian (limba română),roz,roz,roz,rgb,255,0,218,1,3,line,white,en,,1.1.2,
8316,ro,Romanian (limba română),albastru,albastru,albastru,rgb,0,99,255,1,4,line,white,en,,1.1.2,
8316,ro,Romanian (limba română),turcoaz,turcoaz,turcoaz,rgb,0,255,171,1,6,line,white,en,,1.1.2,
8316,ro,Romanian (limba română),portocaliu,portocaliu,portocaliu,rgb,255,113,0,1,7,line,white,en,,1.1.2,
8316,ro,Romanian (limba română),portocaliu,portocaliu,portocaliu,rgb,255,48,0,1,8,line,white,en,,1.1.2,
8316,ro,Romanian (limba română),albastru,albastru,albastru,rgb,0,51,255,1,9,line,white,en,,1.1.2,
8316,ro,Romanian (limba română),turcoaz,turcoaz,turcoaz,rgb,0,255,203,1,10,line,white,en,,1.1.2,
8316,ro,Romanian (limba română),galben,galben,galben,rgb,255,244,0,1,11,line,white,en,,1.1.2,
8316,ro,Romanian (limba română),roz,roz,roz,rgb,255,0,178,3,0,line,white,en,,1.1.2,
8316,ro,Romanian (limba română),galben,galben,galben,rgb,255,218,0,3,1,line,white,en,,1.1.2,
8316,ro,Romanian (limba română),verde,verde,verde,rgb,0,255,88,3,2,line,white,en,,1.1.2,
8316,ro,Romanian (limba română),verde,verde,verde,rgb,0,255,134,3,3,line,white,en,,1.1.2,
8316,ro,Romanian (limba română),verde,verde,verde,rgb,0,255,41,3,4,line,white,en,,1.1.2,
8316,ro,Romanian (limba română),albastru,albastru,albastru,rgb,0,67,255,3,5,line,white,en,,1.1.2,
8316,ro,Romanian (limba română),mov,mov,mov,rgb,176,0,255,3,6,line,white,en,,1.1.2,
8316,ro,Romanian (limba română),roz,roz,roz,rgb,255,0,82,3,7,line,white,en,,1.1.2,
8316,ro,Romanian (limba română),rosu,rosu,rosu,rgb,255,0,12,3,8,line,white,en,,1.1.2,
8316,ro,Romanian (limba română),albastru,albastru,albastru,rgb,0,130,255,3,10,line,white,en,,1.1.2,
8316,ro,Romanian (limba română),portocaliu,portocaliu,portocaliu,rgb,255,143,0,3,11,line,white,en,,1.1.2,
8316,ro,Romanian (limba română),turcoaz,turcoaz,turcoaz,rgb,0,255,249,6,0,line,white,en,,1.1.2,
8316,ro,Romanian (limba română),bleu,bleu,bleu,rgb,0,182,255,6,1,line,white,en,,1.1.2,
8316,ro,Romanian (limba română),roz,roz,roz,rgb,255,0,255,6,2,line,white,en,,1.1.2,
8316,ro,Romanian (limba română),bleu,bleu,bleu,rgb,0,208,255,6,3,line,white,en,,1.1.2,
8316,ro,Romanian (limba română),albastru,albastru,albastru,rgb,0,30,255,6,4,line,white,en,,1.1.2,
8316,ro,Romanian (limba română),rosu,rosu,rosu,rgb,255,0,59,6,5,line,white,en,,1.1.2,
8316,ro,Romanian (limba română),galben,galben,galben,rgb,255,189,0,6,6,line,white,en,,1.1.2,
8316,ro,Romanian (limba română),portocaliu,portocaliu,portocaliu,rgb,255,164,0,6,7,line,white,en,,1.1.2,
8316,ro,Romanian (limba română),roz,roz,roz,rgb,255,0,173,6,8,line,white,en,,1.1.2,
8316,ro,Romanian (limba română),turcoza,turcoza,turcoza,rgb,0,250,255,6,9,line,white,en,,1.1.2,
8316,ro,Romanian (limba română),verde,verde,verde,rgb,155,255,0,6,10,line,white,en,,1.1.2,
8316,ro,Romanian (limba română),verde,verde,verde,rgb,72,255,0,6,11,line,white,en,,1.1.2,
8608,ro,Romanian (limba română),bleu,bleu,bleu,rgb,0,255,241,1,0,line,white,en,,1.1.2,
8608,ro,Romanian (limba română),roz,roz,roz,rgb,255,0,208,1,1,line,white,en,,1.1.2,
8608,ro,Romanian (limba română),verdedeschis,verde deschis,verde deschis,rgb,0,255,123,1,2,line,white,en,,1.1.2,
8608,ro,Romanian (limba română),verde,verde,verde,rgb,0,255,91,1,3,line,white,en,,1.1.2,
8608,ro,Romanian (limba română),portocaliu,portocaliu,portocaliu,rgb,255,180,0,1,4,line,white,en,,1.1.2,
8608,ro,Romanian (limba română),mov,mov,mov,rgb,233,0,255,1,5,line,white,en,,1.1.2,
8608,ro,Romanian (limba română),verdedeschis2,verde deschis 2,verde deschis 2,rgb,123,255,0,1,6,line,white,en,,1.1.2,
8608,ro,Romanian (limba română),rosu,rosu,rosu,rgb,255,48,0,1,7,line,white,en,,1.1.2,
8608,ro,Romanian (limba română),turcoaz,turcoaz,turcoaz,rgb,0,255,176,1,8,line,white,en,,1.1.2,
8608,ro,Romanian (limba română),verdedeschis,verde deschis,verde deschis,rgb,197,255,0,1,9,line,white,en,,1.1.2,
8608,ro,Romanian (limba română),portocaliuinchis,portocaliu inchis,portocaliu inchis,rgb,255,100,0,1,10,line,white,en,,1.1.2,
8608,ro,Romanian (limba română),albastru,albastru,albastru,rgb,0,179,255,1,11,line,white,en,,1.1.2,
8608,ro,Romanian (limba română),movdeschis,mov deschis,mov deschis,rgb,255,0,212,3,0,line,white,en,,1.1.2,
8608,ro,Romanian (limba română),rosu,rosu,rosu,rgb,255,0,35,3,1,line,white,en,,1.1.2,
8608,ro,Romanian (limba română),turcoaz,turcoaz,turcoaz,rgb,0,255,219,3,2,line,white,en,,1.1.2,
8608,ro,Romanian (limba română),mov,mov,mov,rgb,153,0,255,3,3,line,white,en,,1.1.2,
8608,ro,Romanian (limba română),albastrudeschis,albastru deschis,albastru deschis,rgb,0,110,255,3,4,line,white,en,,1.1.2,
8608,ro,Romanian (limba română),roz,roz,roz,rgb,255,0,140,3,5,line,white,en,,1.1.2,
8608,ro,Romanian (limba română),albastrudeschis,albastru deschis,albastru deschis,rgb,0,128,255,3,6,line,white,en,,1.1.2,
8608,ro,Romanian (limba română),rosu,rosu,rosu,rgb,255,0,81,3,7,line,white,en,,1.1.2,
8608,ro,Romanian (limba română),albastru,albastru,albastru,rgb,0,83,255,3,8,line,white,en,,1.1.2,
8608,ro,Romanian (limba română),galben,galben,galben,rgb,255,210,0,3,9,line,white,en,,1.1.2,
8608,ro,Romanian (limba română),albastrudeschis,albastru deschis,albastru deschis,rgb,0,213,255,3,10,line,white,en,,1.1.2,
8608,ro,Romanian (limba română),mov,mov,mov,rgb,202,0,255,3,11,line,white,en,,1.1.2,
8608,ro,Romanian (limba română),albastru,albastru,albastru,rgb,0,146,255,6,0,line,white,en,,1.1.2,
8608,ro,Romanian (limba română),rosu,rosu,rosu,rgb,255,0,76,6,1,line,white,en,,1.1.2,
8608,ro,Romanian (limba română),roz,roz,roz,rgb,255,0,150,6,2,line,white,en,,1.1.2,
8608,ro,Romanian (limba română),turcoaz,turcoaz,turcoaz,rgb,0,251,255,6,3,line,white,en,,1.1.2,
8608,ro,Romanian (limba română),galben,galben,galben,rgb,255,234,0,6,4,line,white,en,,1.1.2,
8608,ro,Romanian (limba română),verdedeschis,verde deschis,verde deschis,rgb,159,255,0,6,5,line,white,en,,1.1.2,
8608,ro,Romanian (limba română),portocaliu,portocaliu,portocaliu,rgb,255,147,0,6,6,line,white,en,,1.1.2,
8608,ro,Romanian (limba română),galben,galben,galben,rgb,247,255,0,6,7,line,white,en,,1.1.2,
8608,ro,Romanian (limba română),verde,verde,verde,rgb,0,255,34,6,8,line,white,en,,1.1.2,
8608,ro,Romanian (limba română),albastrudeschis,albastru deschis,albastru deschis,rgb,0,183,255,6,9,line,white,en,,1.1.2,
8608,ro,Romanian (limba română),albastru,albastru,albastru,rgb,0,65,255,6,10,line,white,en,,1.1.2,
8608,ro,Romanian (limba română),albastru,albastru,albastru,rgb,81,0,255,6,11,line,white,en,,1.1.2,
8653,ro,Romanian (limba română),mustariu,mustariu,Mustariu,rgb,255,197,0,1,0,line,white,en,,1.1.2,
8653,ro,Romanian (limba română),indigo,indigo,Indigo,rgb,0,2,255,1,1,line,white,en,,1.1.2,
8653,ro,Romanian (limba română),verde,verde,Verde,rgb,0,255,145,1,2,line,white,en,,1.1.2,
8653,ro,Romanian (limba română),verzui,verzui,Verzui,rgb,0,255,197,1,3,line,white,en,,1.1.2,
8653,ro,Romanian (limba română),turcuoaz,turcuoaz,Turcuoaz,rgb,0,255,250,1,4,line,white,en,,1.1.2,
8653,ro,Romanian (limba română),roz,roz,Roz,rgb,255,0,196,1,5,line,white,en,,1.1.2,
8653,ro,Romanian (limba română),verdegalbui,verde galbui,Verde galbui,rgb,211,255,0,1,6,line,white,en,,1.1.2,
8653,ro,Romanian (limba română),rosu,rosu,Rosu,rgb,255,101,0,1,7,line,white,en,,1.1.2,
8653,ro,Romanian (limba română),albastru,albastru,Albastru,rgb,0,85,255,1,8,line,white,en,,1.1.2,
8653,ro,Romanian (limba română),mov,mov,Mov,rgb,190,0,255,1,9,line,white,en,,1.1.2,
8653,ro,Romanian (limba română),fucsia,fucsia,Fucsia,rgb,255,0,134,1,10,line,white,en,,1.1.2,
8653,ro,Romanian (limba română),portocaliu,portocaliu,Portocaliu,rgb,255,131,0,1,11,line,white,en,,1.1.2,
8653,ro,Romanian (limba română),rosu,rosu,Rosu,rgb,255,0,34,3,0,line,white,en,,1.1.2,
8653,ro,Romanian (limba română),albastru,albastru,Albastru,rgb,0,140,255,3,1,line,white,en,,1.1.2,
8653,ro,Romanian (limba română),fucsia,fucsia,Fucsia,rgb,255,0,159,3,2,line,white,en,,1.1.2,
8653,ro,Romanian (limba română),albastru,albastru,Albastru,rgb,0,160,255,3,3,line,white,en,,1.1.2,
8653,ro,Romanian (limba română),roz,roz,Roz,rgb,255,0,100,3,4,line,white,en,,1.1.2,
8653,ro,Romanian (limba română),mov,mov,Mov,rgb,149,0,255,3,5,line,white,en,,1.1.2,
8653,ro,Romanian (limba română),albastrudeschis,albastru deschis,Albastru deschis,rgb,0,224,255,3,6,line,white,en,,1.1.2,
8653,ro,Romanian (limba română),albastrumediu,albastru mediu,Albastru mediu,rgb,0,194,255,3,7,line,white,en,,1.1.2,
8653,ro,Romanian (limba română),turcuoaz,turcuoaz,Turcuoaz,rgb,0,238,255,3,8,line,white,en,,1.1.2,
8653,ro,Romanian (limba română),indigo,indigo,Indigo,rgb,0,92,255,3,9,line,white,en,,1.1.2,
8653,ro,Romanian (limba română),mov,mov,Mov,rgb,240,0,255,3,10,line,white,en,,1.1.2,
8653,ro,Romanian (limba română),verde,verde,Verde,rgb,0,255,58,3,11,line,white,en,,1.1.2,
8773,ro,Romanian (limba română),rosu,rosu,Rosu,rgb,255,0,20,1,1,line,white,en,,1.1.2,
8773,ro,Romanian (limba română),verde,verde,Verde,rgb,0,255,28,1,2,line,white,en,,1.1.2,
8773,ro,Romanian (limba română),mov,mov,Mov,rgb,255,0,108,1,3,line,white,en,,1.1.2,
8773,ro,Romanian (limba română),albastru,albastru,Albastru,rgb,0,70,255,1,4,line,white,en,,1.1.2,
8773,ro,Romanian (limba română),mov,mov,Mov,rgb,154,0,255,1,5,line,white,en,,1.1.2,
8773,ro,Romanian (limba română),mov,mov,Mov,rgb,255,0,224,1,8,line,white,en,,1.1.2,
8773,ro,Romanian (limba română),albastru,albastru,Albastru,rgb,0,125,255,1,10,line,white,en,,1.1.2,
8773,ro,Romanian (limba română),galben,galben,Galben,rgb,255,164,0,1,11,line,white,en,,1.1.2,
8773,ro,Romanian (limba română),galben,galben,Galben,rgb,255,230,0,3,0,line,white,en,,1.1.2,
8773,ro,Romanian (limba română),indigo,indigo,Indigo,rgb,180,0,255,3,1,line,white,en,,1.1.2,
8773,ro,Romanian (limba română),mov,mov,Mov,rgb,255,0,147,3,2,line,white,en,,1.1.2,
8773,ro,Romanian (limba română),mov,mov,Mov,rgb,255,0,123,3,3,line,white,en,,1.1.2,
8773,ro,Romanian (limba română),galben,galben,Galben,rgb,255,255,0,3,4,line,white,en,,1.1.2,
8773,ro,Romanian (limba română),mov,mov,Mov,rgb,237,0,255,3,5,line,white,en,,1.1.2,
8773,ro,Romanian (limba română),albastru,albastru,Albastru,rgb,0,96,255,3,6,line,white,en,,1.1.2,
8773,ro,Romanian (limba română),portocaliu,portocaliu,Portocaliu,rgb,255,118,0,3,7,line,white,en,,1.1.2,
8773,ro,Romanian (limba română),mov,mov,Mov,rgb,255,0,190,3,9,line,white,en,,1.1.2,
8773,ro,Romanian (limba română),verde,verde,Verde,rgb,72,255,0,3,11,line,white,en,,1.1.2,
8773,ro,Romanian (limba română),galben,galben,Galben,rgb,255,204,0,6,0,line,white,en,,1.1.2,
8773,ro,Romanian (limba română),verde,verde,Verde,rgb,0,255,82,6,1,line,white,en,,1.1.2,
8773,ro,Romanian (limba română),indigo,indigo,Indigo,rgb,85,0,255,6,2,line,white,en,,1.1.2,
8773,ro,Romanian (limba română),roz,roz,Roz,rgb,255,0,60,6,3,line,white,en,,1.1.2,
8773,ro,Romanian (limba română),lime,lime,Lime,rgb,167,255,0,6,6,line,white,en,,1.1.2,
8773,ro,Romanian (limba română),albastru,albastru,Albastru,rgb,0,64,255,6,7,line,white,en,,1.1.2,
8773,ro,Romanian (limba română),galben,galben,Galben,rgb,225,255,0,6,9,line,white,en,,1.1.2,
8773,ro,Romanian (limba română),rosu,rosu,Rosu,rgb,255,29,0,6,10,line,white,en,,1.1.2,
8773,ro,Romanian (limba română),portocaliu,portocaliu,Portocaliu,rgb,255,138,0,6,11,line,white,en,,1.1.2,
10176,ro,Romanian (limba română),rosu,rosu,rosu,rgb,255,84,0,1,0,line,white,en,,1.1.2,
10176,ro,Romanian (limba română),mov,mov,mov,rgb,192,0,255,1,1,line,white,en,,1.1.2,
10176,ro,Romanian (limba română),galben,galben,galben,rgb,255,245,0,1,2,line,white,en,,1.1.2,
10176,ro,Romanian (limba română),portocaliu,portocaliu,portocaliu,rgb,255,159,0,1,3,line,white,en,,1.1.2,
10176,ro,Romanian (limba română),verde,verde,verde,rgb,122,255,0,1,4,line,white,en,,1.1.2,
10176,ro,Romanian (limba română),rosu,rosu,rosu,rgb,255,0,49,1,5,line,white,en,,1.1.2,
10176,ro,Romanian (limba română),verde,verde,verde,rgb,0,255,67,1,6,line,white,en,,1.1.2,
10176,ro,Romanian (limba română),albastru,albastru,albastru,rgb,0,160,255,1,7,line,white,en,,1.1.2,
10176,ro,Romanian (limba română),rozinchis,roz inchis,roz inchis,rgb,255,0,122,1,8,line,white,en,,1.1.2,
10176,ro,Romanian (limba română),rosuinchis,rosu inchis,rosu inchis,rgb,255,0,101,1,9,line,white,en,,1.1.2,
10176,ro,Romanian (limba română),albastruinchis,albastru inchis,albastru inchis,rgb,0,89,255,1,10,line,white,en,,1.1.2,
10176,ro,Romanian (limba română),portocaliu,portocaliu,portocaliu,rgb,255,151,0,1,11,line,white,en,,1.1.2,
10351,ro,Romanian (limba română),albastru,albastru,Albastru,rgb,91,0,255,1,0,line,white,en,,1.1.2,
10351,ro,Romanian (limba română),verde,verde,verde,rgb,0,255,77,1,1,line,white,en,,1.1.2,
10351,ro,Romanian (limba română),violet,violet,violet,rgb,255,0,233,1,2,line,white,en,,1.1.2,
10351,ro,Romanian (limba română),bleumarin,bleumarin,bleumarin,rgb,0,60,255,1,3,line,white,en,,1.1.2,
10351,ro,Romanian (limba română),roz,roz,roz,rgb,0,235,255,1,4,line,white,en,,1.1.2,
10351,ro,Romanian (limba română),rosu,roșu,roșu,rgb,255,0,7,1,5,line,white,en,,1.1.2,
10351,ro,Romanian (limba română),galben,galben,galben,rgb,212,255,0,1,6,line,white,en,,1.1.2,
10351,ro,Romanian (limba română),indigo,indigo,indigo,rgb,180,0,255,1,7,line,white,en,,1.1.2,
10351,ro,Romanian (limba română),maro,maro,maro,rgb,255,0,124,1,8,line,white,en,,1.1.2,
10351,ro,Romanian (limba română),verdepraz,verde praz,verde praz,rgb,169,255,0,1,10,line,white,en,,1.1.2,
10351,ro,Romanian (limba română),portocaliu,portocaliu,portocaliu,rgb,255,142,0,1,11,line,white,en,,1.1.2,
11796,ro,Romanian (limba română),mov,mov,mov,rgb,158,0,255,1,0,line,white,en,,1.1.3,
11796,ro,Romanian (limba română),galben,galben,galben,rgb,244,255,0,1,1,line,white,en,,1.1.3,
11796,ro,Romanian (limba română),portocaliu,portocaliu,portocaliu,rgb,255,141,0,1,2,line,white,en,,1.1.3,
11796,ro,Romanian (limba română),albastrudeschis,albastru deschis,albastru deschis,rgb,0,175,255,1,3,line,white,en,,1.1.3,
11796,ro,Romanian (limba română),purpuriu,purpuriu,purpuriu,rgb,251,0,255,1,4,line,white,en,,1.1.3,
11796,ro,Romanian (limba română),rosu,rosu,rosu,rgb,255,5,0,1,5,line,white,en,,1.1.3,
11796,ro,Romanian (limba română),albastruinchis,albastru inchis,albastru inchis,rgb,0,122,255,1,8,line,white,en,,1.1.3,
11796,ro,Romanian (limba română),cyan,cyan,cyan,rgb,0,255,230,1,9,line,white,en,,1.1.3,
11796,ro,Romanian (limba română),verde,verde,verde,rgb,0,255,79,1,11,line,white,en,,1.1.3,
11796,ro,Romanian (limba română),rosu,rosu,rosu,rgb,255,0,59,3,0,line,white,en,,1.1.3,
11796,ro,Romanian (limba română),albstryu,albstryu,albstryu,rgb,0,57,255,3,1,line,white,en,,1.1.3,
12313,ro,Romanian (limba română),albastru,albastru,albastru,rgb,0,96,255,1,0,line,white,en,,1.1.3,
12313,ro,Romanian (limba română),rosu,roșu,roșu,rgb,255,46,0,1,1,line,white,en,,1.1.3,
12313,ro,Romanian (limba română),albastrudeschis,albastru deschis,albastru deschis,rgb,0,250,255,1,2,line,white,en,,1.1.3,
12313,ro,Romanian (limba română),galben,galben,galben,rgb,255,233,0,1,3,line,white,en,,1.1.3,
12313,ro,Romanian (limba română),verde,verde,verde,rgb,0,255,55,1,4,line,white,en,,1.1.3,
12313,ro,Romanian (limba română),turcoaz,turcoaz,turcoaz,rgb,0,255,201,1,5,line,white,en,,1.1.3,
12313,ro,Romanian (limba română),lime,lime,lime,rgb,211,255,0,1,6,line,white,en,,1.1.3,
12313,ro,Romanian (limba română),verdedeschis,verde deschis,verde deschis,rgb,0,255,138,1,7,line,white,en,,1.1.3,
12313,ro,Romanian (limba română),albastruinchis,albastru închis,albastru închis,rgb,0,80,255,1,8,line,white,en,,1.1.3,
12313,ro,Romanian (limba română),roz,roz,roz,rgb,255,0,164,1,9,line,white,en,,1.1.3,
12313,ro,Romanian (limba română),mov,mov,mov,rgb,145,0,255,1,10,line,white,en,,1.1.3,
12313,ro,Romanian (limba română),magenta,magenta,magenta,rgb,255,0,59,1,11,line,white,en,,1.1.3,
12313,ro,Romanian (limba română),galbeninchis,galben închis,galben închis,rgb,255,154,0,3,0,line,white,en,,1.1.3,
12313,ro,Romanian (limba română),portocaliuinchis,portocaliu închis,portocaliu închis,rgb,255,89,0,3,1,line,white,en,,1.1.3,
12313,ro,Romanian (limba română),roz,roz,roz,rgb,255,0,211,3,2,line,white,en,,1.1.3,
12313,ro,Romanian (limba română),acvamarin,acvamarin,acvamarin,rgb,0,216,255,3,3,line,white,en,,1.1.3,
12313,ro,Romanian (limba română),albastruinchis,albastru închis,albastru închis,rgb,0,126,255,3,4,line,white,en,,1.1.3,
12313,ro,Romanian (limba română),galben,galben,galben,rgb,255,194,0,3,5,line,white,en,,1.1.3,
12313,ro,Romanian (limba română),magenta,magenta,magenta,rgb,255,0,103,3,6,line,white,en,,1.1.3,
12313,ro,Romanian (limba română),albastru,albastru,albastru,rgb,0,198,255,3,7,line,white,en,,1.1.3,
12313,ro,Romanian (limba română),albastru,albastru,albastru,rgb,0,138,255,3,8,line,white,en,,1.1.3,
12313,ro,Romanian (limba română),portocaliu,portocaliu,portocaliu,rgb,255,124,0,3,9,line,white,en,,1.1.3,
12313,ro,Romanian (limba română),lime,lime,lime,rgb,161,255,0,3,10,line,white,en,,1.1.3,
12313,ro,Romanian (limba română),turcoaz,turcoaz,turcoaz,rgb,0,255,188,3,11,line,white,en,,1.1.3,
12313,ro,Romanian (limba română),roz,roz,roz,rgb,255,0,195,6,0,line,white,en,,1.1.3,
12313,ro,Romanian (limba română),albastruinchis,albastru închis,albastru închis,rgb,31,0,255,6,1,line,white,en,,1.1.3,
12313,ro,Romanian (limba română),mov,mov,mov,rgb,217,0,255,6,2,line,white,en,,1.1.3,
12313,ro,Romanian (limba română),albastruinchis,albastru închis,albastru închis,rgb,0,37,255,6,3,line,white,en,,1.1.3,
12313,ro,Romanian (limba română),verde,verde,verde,rgb,0,255,102,6,4,line,white,en,,1.1.3,
12313,ro,Romanian (limba română),movinchis,mov închis,mov închis,rgb,219,0,255,6,5,line,white,en,,1.1.3,
12313,ro,Romanian (limba română),magenta,magenta,magenta,rgb,255,0,133,6,6,line,white,en,,1.1.3,
12313,ro,Romanian (limba română),verdedeschis,verde deschis,verde deschis,rgb,113,255,0,6,7,line,white,en,,1.1.3,
12313,ro,Romanian (limba română),albastrudeschis,albastru deschis,albastru deschis,rgb,0,255,238,6,8,line,white,en,,1.1.3,
12313,ro,Romanian (limba română),albastru,albastru,albastru,rgb,0,178,255,6,9,line,white,en,,1.1.3,
12313,ro,Romanian (limba română),rosu,roșu,roșu,rgb,255,0,30,6,10,line,white,en,,1.1.3,
12313,ro,Romanian (limba română),galben,galben,galben,rgb,255,247,0,6,11,line,white,en,,1.1.3,
12319,ro,Romanian (limba română),portocaliu,portocaliu,portocaliu,rgb,255,193,0,1,0,line,white,en,,1.1.3,
12319,ro,Romanian (limba română),portocaliu,portocaliu,portocaliu,rgb,255,88,0,1,1,line,white,en,,1.1.3,
12319,ro,Romanian (limba română),galben,galben,galben,rgb,252,255,0,1,2,line,white,en,,1.1.3,
12319,ro,Romanian (limba română),verde,verde,verde,rgb,0,255,8,1,3,line,white,en,,1.1.3,
12319,ro,Romanian (limba română),cyan,cyan,cyan,rgb,0,255,250,1,4,line,white,en,,1.1.3,
12319,ro,Romanian (limba română),albastru,albastru,albastru,rgb,0,130,255,1,5,line,white,en,,1.1.3,
12319,ro,Romanian (limba română),albastruverzui,albastru verzui,albastru-verzui,rgb,0,255,172,1,6,line,white,en,,1.1.3,
12319,ro,Romanian (limba română),verde,verde,verde,rgb,0,255,115,1,7,line,white,en,,1.1.3,
12319,ro,Romanian (limba română),mov,mov,mov,rgb,255,0,147,1,8,line,white,en,,1.1.3,
12319,ro,Romanian (limba română),rosu,rosu,rosu,rgb,255,0,86,1,9,line,white,en,,1.1.3,
12319,ro,Romanian (limba română),albastru,albastru,albastru,rgb,0,143,255,1,10,line,white,en,,1.1.3,
12319,ro,Romanian (limba română),marcel,marcel,marcel,rgb,0,255,156,1,11,line,white,en,,1.1.3,
12460,ro,Romanian (limba română),darkpink,dark pink,dark pink,rgb,255,0,230,1,0,line,white,en,,1.1.3,
12460,ro,Romanian (limba română),lightblue,light blue,light blue,rgb,0,235,255,1,1,line,white,en,,1.1.3,
12460,ro,Romanian (limba română),lightgreen,light green,light green,rgb,0,255,84,1,2,line,white,en,,1.1.3,
12460,ro,Romanian (limba română),cyan,cyan,cyan,rgb,0,255,233,1,3,line,white,en,,1.1.3,
12460,ro,Romanian (limba română),purple,purple,purple,rgb,199,0,255,1,4,line,white,en,,1.1.3,
12460,ro,Romanian (limba română),lightorange,light orange,light orange,rgb,255,180,0,1,6,line,white,en,,1.1.3,
12460,ro,Romanian (limba română),red,red,red,rgb,255,0,117,1,7,line,white,en,,1.1.3,
12460,ro,Romanian (limba română),aquamarine,aquamarine,aquamarine,rgb,0,255,200,1,8,line,white,en,,1.1.3,
12460,ro,Romanian (limba română),emerald,emerald,emerald,rgb,0,255,155,1,9,line,white,en,,1.1.3,
12460,ro,Romanian (limba română),orange,orange,orange,rgb,255,88,0,1,10,line,white,en,,1.1.3,
12460,ro,Romanian (limba română),limegreen,lime green,lime green,rgb,235,255,0,1,11,line,white,en,,1.1.3,
12460,ro,Romanian (limba română),verdelamaie,verde lamaie,verde lamaie,rgb,189,255,0,3,0,line,white,en,,1.1.3,
12460,ro,Romanian (limba română),rozinchis,roz inchis,roz inchis,rgb,254,0,255,3,1,line,white,en,,1.1.3,
12460,ro,Romanian (limba română),verdedeschis,verde deschis,verde deschis,rgb,0,255,42,3,2,line,white,en,,1.1.3,
12460,ro,Romanian (limba română),azuriu,azuriu,azuriu,rgb,0,175,255,3,3,line,white,en,,1.1.3,
12460,ro,Romanian (limba română),acvamarin,acvamarin,acvamarin,rgb,0,111,255,3,4,line,white,en,,1.1.3,
12460,ro,Romanian (limba română),albastru,albastru,albastru,rgb,0,125,255,3,5,line,white,en,,1.1.3,
12460,ro,Romanian (limba română),rosu,rosu,rosu,rgb,255,0,102,3,6,line,white,en,,1.1.3,
12460,ro,Romanian (limba română),rosu,rosu,rosu,rgb,255,0,77,3,7,line,white,en,,1.1.3,
12460,ro,Romanian (limba română),verde,verde,verde,rgb,0,255,160,3,8,line,white,en,,1.1.3,
12460,ro,Romanian (limba română),bleumarin,bleumarin,bleumarin,rgb,0,52,255,3,9,line,white,en,,1.1.3,
12460,ro,Romanian (limba română),verde,verde,verde,rgb,133,255,0,3,10,line,white,en,,1.1.3,
12460,ro,Romanian (limba română),portocaliu,portocaliu,portocaliu,rgb,255,122,0,3,11,line,white,en,,1.1.3,
12460,ro,Romanian (limba română),rosuaprins,rosu aprins,rosu aprins,rgb,255,21,0,6,0,line,white,en,,1.1.3,
12460,ro,Romanian (limba română),albastru,albastru,albastru,rgb,0,144,255,6,1,line,white,en,,1.1.3,
12460,ro,Romanian (limba română),magenta,magenta,magenta,rgb,255,0,194,6,2,line,white,en,,1.1.3,
12460,ro,Romanian (limba română),rosu,rosu,rosu,rgb,255,0,16,6,3,line,white,en,,1.1.3,
12460,ro,Romanian (limba română),verdegalbui,verde galbui,verde galbui,rgb,130,255,0,6,4,line,white,en,,1.1.3,
12460,ro,Romanian (limba română),portocaliugalbui,portocaliu galbui,portocaliu galbui,rgb,255,186,0,6,5,line,white,en,,1.1.3,
12460,ro,Romanian (limba română),magenta,magenta,magenta,rgb,255,0,166,6,6,line,white,en,,1.1.3,
12460,ro,Romanian (limba română),albastru,albastru,albastru,rgb,0,82,255,6,7,line,white,en,,1.1.3,
12460,ro,Romanian (limba română),albastrudeschis,albastru deschis,albastru deschis,rgb,0,205,255,6,8,line,white,en,,1.1.3,
12460,ro,Romanian (limba română),violet,violet,violet,rgb,137,0,255,6,9,line,white,en,,1.1.3,
12460,ro,Romanian (limba română),turcoaz,turcoaz,turcoaz,rgb,0,218,255,6,10,line,white,en,,1.1.3,
12460,ro,Romanian (limba română),galbeninchis,galben inchis,galben inchis,rgb,255,237,0,6,11,line,white,en,,1.1.3,
13946,ro,Romanian (limba română),rosu,rosu,Rosu,rgb,255,0,33,1,0,line,white,en,,1.1.4,
13946,ro,Romanian (limba română),portocaliu,portocaliu,Portocaliu,rgb,255,189,0,1,1,line,white,en,,1.1.4,
13946,ro,Romanian (limba română),verdepraz,verde praz,Verde praz,rgb,179,255,0,1,2,line,white,en,,1.1.4,
13946,ro,Romanian (limba română),albastrucer,albastru cer,albastru cer,rgb,0,115,255,1,3,line,white,en,,1.1.4,
13946,ro,Romanian (limba română),galben,galben,galben,rgb,255,243,0,1,4,line,white,en,,1.1.4,
13946,ro,Romanian (limba română),magenta,magenta,magenta,rgb,255,0,231,1,5,line,white,en,,1.1.4,
13946,ro,Romanian (limba română),galbenlamaie,galben lamaie,galben lamaie,rgb,251,255,0,1,6,line,white,en,,1.1.4,
13946,ro,Romanian (limba română),albastru,albastru,albastru,rgb,0,96,255,1,8,line,white,en,,1.1.4,
13946,ro,Romanian (limba română),navy,navy,navy,rgb,0,35,255,1,9,line,white,en,,1.1.4,
13946,ro,Romanian (limba română),fucsia,fuchsia,fuchsia,rgb,255,0,98,1,10,line,white,en,,1.1.4,
13946,ro,Romanian (limba română),verdefosforescent,verde fosforescent,verde fosforescent,rgb,0,255,91,1,11,line,white,en,,1.1.4,
13946,ro,Romanian (limba română),cyan,cyan,Cyan,rgb,0,255,238,3,0,line,white,en,,1.1.4,
13946,ro,Romanian (limba română),rosuvermillion,rosu vermillion,rosu vermillion,rgb,255,24,0,3,1,line,white,en,,1.1.4,
13946,ro,Romanian (limba română),portocaliu,portocaliu,portocaliu,rgb,255,150,0,3,2,line,white,en,,1.1.4,
13946,ro,Romanian (limba română),albastrudeschis,albastru deschis,albastru deschis,rgb,0,214,255,3,3,line,white,en,,1.1.4,
13946,ro,Romanian (limba română),magenta,magenta,Magenta,rgb,255,0,183,3,4,line,white,en,,1.1.4,
13946,ro,Romanian (limba română),verdeneon,verde neon,Verde neon,rgb,0,255,202,3,5,line,white,en,,1.1.4,
13946,ro,Romanian (limba română),albastrudeschisish,albastru deschis ish,albastru deschis-ish,rgb,0,183,255,3,6,line,white,en,,1.1.4,
13946,ro,Romanian (limba română),fucsia,fuchsia,Fuchsia,rgb,255,0,134,3,7,line,white,en,,1.1.4,
13946,ro,Romanian (limba română),ultramarin,ultramarin,ultramarin,rgb,54,0,255,3,8,line,white,en,,1.1.4,
13946,ro,Romanian (limba română),bleu,bleu,bleu,rgb,0,167,255,3,9,line,white,en,,1.1.4,
13946,ro,Romanian (limba română),portocaliu,portocaliu,portocaliu,rgb,255,162,0,3,10,line,white,en,,1.1.4,
13946,ro,Romanian (limba română),verdepraz,verde praz,verde praz,rgb,0,255,149,3,11,line,white,en,,1.1.4,
13946,ro,Romanian (limba română),verdelamaie,verde lamaie,verde lamaie,rgb,230,255,0,6,0,line,white,en,,1.1.4,
13946,ro,Romanian (limba română),fucsia,fuchsia,Fuchsia,rgb,255,0,157,6,1,line,white,en,,1.1.4,
13946,ro,Romanian (limba română),verde,verde,Verde,rgb,0,255,64,6,2,line,white,en,,1.1.4,
13946,ro,Romanian (limba română),albastruregal,albastru regal,Albastru regal,rgb,0,72,255,6,3,line,white,en,,1.1.4,
13946,ro,Romanian (limba română),cyan,cyan,cyan,rgb,0,238,255,6,4,line,white,en,,1.1.4,
13946,ro,Romanian (limba română),magenta,magenta,magenta,rgb,255,0,252,6,5,line,white,en,,1.1.4,
13946,ro,Romanian (limba română),verdeneon,verde neon,verde neon,rgb,0,255,158,6,6,line,white,en,,1.1.4,
13946,ro,Romanian (limba română),oranj,oranj,oranj,rgb,255,97,0,6,7,line,white,en,,1.1.4,
13946,ro,Romanian (limba română),carmin,carmin,carmin,rgb,255,0,60,6,8,line,white,en,,1.1.4,
13946,ro,Romanian (limba română),albastru,albastru,albastru,rgb,0,139,255,6,9,line,white,en,,1.1.4,
13946,ro,Romanian (limba română),verdepraz,verde praz,verde praz,rgb,109,255,0,6,10,line,white,en,,1.1.4,
13946,ro,Romanian (limba română),violet,violet,violet,rgb,170,0,255,6,11,line,white,en,,1.1.4,
14460,ro,Romanian (limba română),visiniu,visiniu,Visiniu,rgb,255,0,71,1,0,line,white,en,,1.1.4,
14460,ro,Romanian (limba română),albastruinchis,albastru inchis,Albastru Inchis,rgb,0,56,255,1,1,line,white,en,,1.1.4,
14460,ro,Romanian (limba română),verde,verde,Verde,rgb,0,255,103,1,2,line,white,en,,1.1.4,
14460,ro,Romanian (limba română),albastrudeschis,albastru deschis,Albastru deschis,rgb,0,220,255,1,3,line,white,en,,1.1.4,
14460,ro,Romanian (limba română),verdedeschis,verde deschis,Verde Deschis,rgb,0,255,140,1,4,line,white,en,,1.1.4,
14460,ro,Romanian (limba română),rozneon,roz neon,Roz Neon,rgb,255,0,252,1,5,line,white,en,,1.1.4,
14460,ro,Romanian (limba română),roz,roz,Roz,rgb,209,0,255,1,6,line,white,en,,1.1.4,
14460,ro,Romanian (limba română),portocaliu,portocaliu,Portocaliu,rgb,255,114,0,1,7,line,white,en,,1.1.4,
14460,ro,Romanian (limba română),albastrudeschis,albastru deschis,Albastru deschis,rgb,0,254,255,1,8,line,white,en,,1.1.4,
14460,ro,Romanian (limba română),albastru,albastru,Albastru,rgb,0,118,255,1,9,line,white,en,,1.1.4,
14460,ro,Romanian (limba română),visiniu,visiniu,Visiniu,rgb,255,0,186,1,10,line,white,en,,1.1.4,
14460,ro,Romanian (limba română),bleumarin,bleumarin,Bleumarin,rgb,0,21,255,1,11,line,white,en,,1.1.4,
14460,ro,Romanian (limba română),mov,mov,Mov,rgb,152,0,255,3,0,line,white,en,,1.1.4,
14460,ro,Romanian (limba română),bleumarin,bleumarin,Bleumarin,rgb,0,82,255,3,1,line,white,en,,1.1.4,
14460,ro,Romanian (limba română),albastru,albastru,Albastru,rgb,0,154,255,3,2,line,white,en,,1.1.4,
14460,ro,Romanian (limba română),galbenmustariu,galben mustariu,Galben mustariu,rgb,228,255,0,3,3,line,white,en,,1.1.4,
14460,ro,Romanian (limba română),verdedeschis,verde deschis,Verde deschis,rgb,182,255,0,3,4,line,white,en,,1.1.4,
14460,ro,Romanian (limba română),albastru,albastru,Albastru,rgb,0,104,255,3,5,line,white,en,,1.1.4,
14460,ro,Romanian (limba română),albastru,albastru,Albastru,rgb,0,178,255,3,6,line,white,en,,1.1.4,
14460,ro,Romanian (limba română),albastru,albastru,Albastru,rgb,0,255,179,3,7,line,white,en,,1.1.4,
14460,ro,Romanian (limba română),albastrudeschis,albastru deschis,Albastru deschis,rgb,0,255,210,3,8,line,white,en,,1.1.4,
14460,ro,Romanian (limba română),rosu,rosu,Rosu,rgb,255,0,21,3,9,line,white,en,,1.1.4,
14460,ro,Romanian (limba română),verde,verde,Verde,rgb,0,255,61,3,10,line,white,en,,1.1.4,
14460,ro,Romanian (limba română),roz,roz,Roz,rgb,255,0,174,3,11,line,white,en,,1.1.4,
14460,ro,Romanian (limba română),albastrudeschis,albastru deschis,Albastru deschis,rgb,0,255,227,6,0,line,white,en,,1.1.4,
14460,ro,Romanian (limba română),visiniuy,visiniuy,Visiniuy,rgb,255,0,115,6,1,line,white,en,,1.1.4,
14460,ro,Romanian (limba română),visiniu,visiniu,Visiniu,rgb,255,0,105,6,2,line,white,en,,1.1.4,
14460,ro,Romanian (limba română),galben,galben,Galben,rgb,255,210,0,6,3,line,white,en,,1.1.4,
14460,ro,Romanian (limba română),galben,galben,Galben,rgb,255,218,0,6,4,line,white,en,,1.1.4,
14460,ro,Romanian (limba română),verde,verde,Verde,rgb,117,255,0,6,5,line,white,en,,1.1.4,
14460,ro,Romanian (limba română),portocaliu,portocaliu,Portocaliu,rgb,255,135,0,6,6,line,white,en,,1.1.4,
14460,ro,Romanian (limba română),mov,mov,Mov,rgb,255,0,225,6,7,line,white,en,,1.1.4,
14460,ro,Romanian (limba română),albastru,albastru,Albastru,rgb,0,186,255,6,8,line,white,en,,1.1.4,
14460,ro,Romanian (limba română),galbeninchis,galben inchis,Galben inchis,rgb,255,178,0,6,9,line,white,en,,1.1.4,
14460,ro,Romanian (limba română),galbendeschis,galben deschis,Galben Deschis,rgb,255,255,0,6,10,line,white,en,,1.1.4,
14460,ro,Romanian (limba română),rosu,rosu,Rosu,rgb,255,65,0,6,11,line,white,en,,1.1.4,
14469,ro,Romanian (limba română),verde,verde,Verde,rgb,0,255,138,1,0,line,white,en,,1.1.4,
14469,ro,Romanian (limba română),albastrudeschis,albastru deschis,Albastru deschis,rgb,0,221,255,1,1,line,white,en,,1.1.4,
14469,ro,Romanian (limba română),rosu,rosu,Rosu,rgb,255,36,0,1,2,line,white,en,,1.1.4,
14469,ro,Romanian (limba română),albastruinchis,albastru inchis,Albastru inchis,rgb,0,76,255,1,3,line,white,en,,1.1.4,
14469,ro,Romanian (limba română),turcoaz,turcoaz,Turcoaz,rgb,0,255,233,1,4,line,white,en,,1.1.4,
14469,ro,Romanian (limba română),rozmagenta,roz magenta,Roz magenta,rgb,255,0,113,1,5,line,white,en,,1.1.4,
14469,ro,Romanian (limba română),mov,mov,Mov,rgb,96,0,255,1,6,line,white,en,,1.1.4,
14469,ro,Romanian (limba română),albastru,albastru,Albastru,rgb,0,38,255,1,7,line,white,en,,1.1.4,
14469,ro,Romanian (limba română),roz,roz,Roz,rgb,255,0,149,1,8,line,white,en,,1.1.4,
14469,ro,Romanian (limba română),albastru,albastru,Albastru,rgb,0,3,255,1,9,line,white,en,,1.1.4,
14469,ro,Romanian (limba română),verdelimeneon,verde lime neon,Verde lime neon,rgb,133,255,0,1,10,line,white,en,,1.1.4,
14469,ro,Romanian (limba română),verdeneon,verde neon,Verde neon,rgb,101,255,0,1,11,line,white,en,,1.1.4,
14469,ro,Romanian (limba română),bleuciel,bleu ciel,Bleu ciel,rgb,0,191,255,3,0,line,white,en,,1.1.4,
14469,ro,Romanian (limba română),mustar,mustar,Mustar,rgb,255,192,0,3,1,line,white,en,,1.1.4,
14469,ro,Romanian (limba română),galben,galben,Galben,rgb,249,255,0,3,2,line,white,en,,1.1.4,
14469,ro,Romanian (limba română),turcoaz,turcoaz,Turcoaz,rgb,0,253,255,3,3,line,white,en,,1.1.4,
14469,ro,Romanian (limba română),portocaliu,portocaliu,Portocaliu,rgb,255,106,0,3,4,line,white,en,,1.1.4,
14469,ro,Romanian (limba română),galben,galben,Galben,rgb,255,225,0,3,5,line,white,en,,1.1.4,
14469,ro,Romanian (limba română),albastru,albastru,Albastru,rgb,0,161,255,3,6,line,white,en,,1.1.4,
14469,ro,Romanian (limba română),fucsia,fucsia,Fucsia,rgb,255,0,104,3,7,line,white,en,,1.1.4,
14469,ro,Romanian (limba română),rosu,rosu,Rosu,rgb,255,0,3,3,8,line,white,en,,1.1.4,
14469,ro,Romanian (limba română),mintturcoaz,mint turcoaz,Mint turcoaz,rgb,0,255,174,3,9,line,white,en,,1.1.4,
14469,ro,Romanian (limba română),albastru,albastru,Albastru,rgb,0,154,255,3,10,line,white,en,,1.1.4,
14469,ro,Romanian (limba română),oranj,oranj,Oranj,rgb,255,147,0,3,11,line,white,en,,1.1.4,
14469,ro,Romanian (limba română),verdeneon,verde neon,Verde neon,rgb,0,255,196,6,0,line,white,en,,1.1.4,
14469,ro,Romanian (limba română),mov,mov,Mov,rgb,210,0,255,6,1,line,white,en,,1.1.4,
14469,ro,Romanian (limba română),lime,lime,Lime,rgb,197,255,0,6,2,line,white,en,,1.1.4,
14469,ro,Romanian (limba română),rozrosu,roz rosu,Roz rosu,rgb,255,0,79,6,3,line,white,en,,1.1.4,
14469,ro,Romanian (limba română),verdeneon,verde neon,Verde neon,rgb,0,255,108,6,4,line,white,en,,1.1.4,
14469,ro,Romanian (limba română),magentafucsia,magenta fucsia,Magenta fucsia,rgb,255,0,211,6,5,line,white,en,,1.1.4,
14469,ro,Romanian (limba română),verde,verde,Verde,rgb,0,255,73,6,6,line,white,en,,1.1.4,
14469,ro,Romanian (limba română),albastru,albastru,Albastru,rgb,0,117,255,6,7,line,white,en,,1.1.4,
14469,ro,Romanian (limba română),mustar,muștar,Muștar,rgb,255,174,0,6,8,line,white,en,,1.1.4,
14469,ro,Romanian (limba română),fucsia,fucsia,Fucsia,rgb,255,0,201,6,9,line,white,en,,1.1.4,
14469,ro,Romanian (limba română),magenta,magenta,Magenta,rgb,250,0,255,6,10,line,white,en,,1.1.4,
14469,ro,Romanian (limba română),albastru,albastru,Albastru,rgb,0,106,255,6,11,line,white,en,,1.1.4,
14636,ro,Romanian (limba română),verdeiarba,verde iarba,verde iarba,rgb,130,255,0,1,0,line,white,en,,1.1.5,
14636,ro,Romanian (limba română),rozinchis,roz inchis,roz inchis,rgb,255,0,160,1,1,line,white,en,,1.1.5,
14636,ro,Romanian (limba română),verdealbastru,verde albastru,verde albastru,rgb,0,255,194,1,2,line,white,en,,1.1.5,
14636,ro,Romanian (limba română),verde,verde,verde,rgb,0,255,74,1,3,line,white,en,,1.1.5,
14636,ro,Romanian (limba română),rozinchis,roz inchis,roz inchis,rgb,255,0,107,1,4,line,white,en,,1.1.5,
14636,ro,Romanian (limba română),portocalie,portocalie,portocalie,rgb,255,171,0,1,5,line,white,en,,1.1.5,
14636,ro,Romanian (limba română),violet,violet,violet,rgb,161,0,255,1,6,line,white,en,,1.1.5,
14636,ro,Romanian (limba română),albastru,albastru,albastru,rgb,0,201,255,1,7,line,white,en,,1.1.5,
14636,ro,Romanian (limba română),verde,verde,verde,rgb,0,255,137,1,8,line,white,en,,1.1.5,
14636,ro,Romanian (limba română),portocaliuinchis,portocaliu inchis,portocaliu inchis,rgb,255,130,0,1,9,line,white,en,,1.1.5,
14636,ro,Romanian (limba română),albastrudeschis,albastru deschis,albastru deschis,rgb,0,244,255,1,10,line,white,en,,1.1.5,
14636,ro,Romanian (limba română),galbeninchis,galben inchis,galben inchis,rgb,255,222,0,1,11,line,white,en,,1.1.5,
14636,ro,Romanian (limba română),albastru,albastru,albastru,rgb,0,212,255,3,0,line,white,en,,1.1.5,
14636,ro,Romanian (limba română),albastruinchis,albastru inchis,albastru inchis,rgb,0,38,255,3,1,line,white,en,,1.1.5,
14636,ro,Romanian (limba română),rosu,rosu,rosu,rgb,255,66,0,3,2,line,white,en,,1.1.5,
14636,ro,Romanian (limba română),galben,galben,galben,rgb,255,253,0,3,3,line,white,en,,1.1.5,
14636,ro,Romanian (limba română),rozmov,roz mov,roz mov,rgb,255,0,225,3,4,line,white,en,,1.1.5,
14636,ro,Romanian (limba română),albastrumaiinchis,albastru mai inchis,albastru mai inchis,rgb,0,119,255,3,5,line,white,en,,1.1.5,
14636,ro,Romanian (limba română),violet,violet,violet,rgb,180,0,255,3,6,line,white,en,,1.1.5,
14636,ro,Romanian (limba română),verde,verde,verde,rgb,0,255,93,3,7,line,white,en,,1.1.5,
14636,ro,Romanian (limba română),albastrumaiinchis,albastru mai inchis,albastru mai inchis,rgb,0,107,255,3,8,line,white,en,,1.1.5,
14636,ro,Romanian (limba română),albastrumaiinchis,albastru mai inchis,albastru mai inchis,rgb,0,82,255,3,9,line,white,en,,1.1.5,
14636,ro,Romanian (limba română),albastrucacerul,albastru ca cerul,albastru ca cerul,rgb,0,255,244,3,10,line,white,en,,1.1.5,
14636,ro,Romanian (limba română),rosu,rosu,rosu,rgb,255,0,24,3,11,line,white,en,,1.1.5,
14636,ro,Romanian (limba română),rosu,rosu,rosu,rgb,255,0,55,6,0,line,white,en,,1.1.5,
14636,ro,Romanian (limba română),verdetipator,verde tipator,verde tipator,rgb,179,255,0,6,1,line,white,en,,1.1.5,
14636,ro,Romanian (limba română),rozinchis,roz inchis,roz inchis,rgb,255,0,116,6,2,line,white,en,,1.1.5,
14636,ro,Romanian (limba română),albastru,albastru,albastru,rgb,0,155,255,6,3,line,white,en,,1.1.5,
14636,ro,Romanian (limba română),portocaliu,portocaliu,portocaliu,rgb,255,204,0,6,4,line,white,en,,1.1.5,
14636,ro,Romanian (limba română),mov,mov,mov,rgb,255,0,208,6,5,line,white,en,,1.1.5,
14636,ro,Romanian (limba română),verdelamaie,verde lamaie,verde lamaie,rgb,220,255,0,6,6,line,white,en,,1.1.5,
14636,ro,Romanian (limba română),portocaliuinchis,portocaliu inchis,portocaliu inchis,rgb,255,94,0,6,7,line,white,en,,1.1.5,
14636,ro,Romanian (limba română),mov,mov,mov,rgb,255,0,254,6,8,line,white,en,,1.1.5,
14636,ro,Romanian (limba română),albstruinchis,albstru inchis,albstru inchis,rgb,0,20,255,6,9,line,white,en,,1.1.5,
14636,ro,Romanian (limba română),albastru,albastru,albastru,rgb,0,176,255,6,10,line,white,en,,1.1.5,
14636,ro,Romanian (limba română),verdealbastru,verde albastru,verde albastru,rgb,0,255,190,6,11,line,white,en,,1.1.5,
0,ro,Romanian (limba română),verdefrunza,verde frunza,verde frunza,rgb,115,191,31,1,0,full,white,en,,1.1.5,
0,ro,Romanian (limba română),fucsia,fucsia,fucsia,rgb,160,12,92,1,1,full,white,en,,1.1.5,
0,ro,Romanian (limba română),verde,verde,verde,rgb,76,209,135,1,2,full,white,en,,1.1.5,
0,ro,Romanian (limba română),mov,mov,mov,rgb,61,56,128,1,3,full,white,en,,1.1.5,
0,ro,Romanian (limba română),verdeinchid,verde inchid,verde inchid,rgb,44,95,5,1,4,full,white,en,,1.1.5,
0,ro,Romanian (limba română),albastru,albastru,albastru,rgb,95,110,235,1,5,full,white,en,,1.1.5,
0,ro,Romanian (limba română),turquoise,turquoise,turquoise,rgb,118,165,165,1,6,full,white,en,,1.1.5,
0,ro,Romanian (limba română),lila,lila,lila,rgb,124,83,116,1,7,full,white,en,,1.1.5,
0,ro,Romanian (limba română),galbenmurdar,galben murdar,galben murdar,rgb,216,230,40,1,8,full,white,en,,1.1.5,
0,ro,Romanian (limba română),verdeinchis,verde inchis,verde inchis,rgb,110,144,107,1,9,full,white,en,,1.1.5,
0,ro,Romanian (limba română),kaki,kaki,kaki,rgb,173,178,93,1,10,full,white,en,,1.1.5,
0,ro,Romanian (limba română),roz,roz,roz,rgb,202,62,189,1,11,full,white,en,,1.1.5,
0,ro,Romanian (limba română),rosu,rosu,rosu,rgb,191,7,6,3,0,full,white,en,,1.1.5,
0,ro,Romanian (limba română),grena,grena,grena,rgb,115,32,17,3,1,full,white,en,,1.1.5,
0,ro,Romanian (limba română),piersica,piersica,piersica,rgb,239,157,98,3,2,full,white,en,,1.1.5,
0,ro,Romanian (limba română),turquoiseinchis,turquoise inchis,turquoise inchis,rgb,59,87,83,3,3,full,white,en,,1.1.5,
0,ro,Romanian (limba română),rozbej,roz bej,roz-bej,rgb,244,187,163,3,4,full,white,en,,1.1.5,
0,ro,Romanian (limba română),fucsia,fucsia,fucsia,rgb,247,42,176,3,5,full,white,en,,1.1.5,
0,ro,Romanian (limba română),verde,verde,verde,rgb,76,175,73,3,6,full,white,en,,1.1.5,
0,ro,Romanian (limba română),roz,roz,roz,rgb,247,102,184,3,7,full,white,en,,1.1.5,
0,ro,Romanian (limba română),verdelime,verde lime,verde lime,rgb,132,246,46,3,8,full,white,en,,1.1.5,
0,ro,Romanian (limba română),maro,maro,maro,rgb,165,128,33,3,9,full,white,en,,1.1.5,
0,ro,Romanian (limba română),verdeinchis,verde inchis,verde inchis,rgb,110,140,38,3,10,full,white,en,,1.1.5,
0,ro,Romanian (limba română),bleumarin,bleumarin,bleumarin,rgb,42,23,178,3,11,full,white,en,,1.1.5,
0,ro,Romanian (limba română),verdeaprins,verde aprins,verde aprins,rgb,25,245,91,6,0,full,white,en,,1.1.5,
0,ro,Romanian (limba română),movinchis,mov inchis,mov inchis,rgb,125,43,177,6,1,full,white,en,,1.1.5,
0,ro,Romanian (limba română),lila,lila,lila,rgb,170,116,187,6,2,full,white,en,,1.1.5,
0,ro,Romanian (limba română),bleumarindeschis,bleumarin deschis,bleumarin deschis,rgb,100,130,172,6,3,full,white,en,,1.1.5,
0,ro,Romanian (limba română),tradnafiriu,tradnafiriu,tradnafiriu,rgb,248,44,107,6,4,full,white,en,,1.1.5,
0,ro,Romanian (limba română),bleu,bleu,bleu,rgb,149,196,242,6,5,full,white,en,,1.1.5,
0,ro,Romanian (limba română),maro,maro,maro,rgb,101,68,69,6,6,full,white,en,,1.1.5,
0,ro,Romanian (limba română),ouderata,ou de rata,ou de rata,rgb,210,243,211,6,7,full,white,en,,1.1.5,
0,ro,Romanian (limba română),liladeschis,lila deschis,lila deschis,rgb,204,127,235,6,8,full,white,en,,1.1.5,
0,ro,Romanian (limba română),albastru,albastru,albastru,rgb,50,131,233,6,9,full,white,en,,1.1.5,
0,ro,Romanian (limba română),mov,mov,mov,rgb,186,87,243,6,10,full,white,en,,1.1.5,
0,ro,Romanian (limba română),albastrudeschis,albastru deschis,albastru deschis,rgb,66,226,245,6,11,full,white,en,,1.1.5,
0,ro,Romanian (limba română),roz,roz,roz,rgb,209,175,164,1,0,full,white,en,,1.1.5,
0,ro,Romanian (limba română),lime,lime,lime,rgb,89,235,45,1,1,full,white,en,,1.1.5,
0,ro,Romanian (limba română),albastruinchis,albastru închis,albastru închis,rgb,26,60,161,1,2,full,white,en,,1.1.5,
0,ro,Romanian (limba română),ocru,ocru,ocru,rgb,196,156,6,1,3,full,white,en,,1.1.5,
0,ro,Romanian (limba română),turcoaz,turcoaz,turcoaz,rgb,54,224,173,1,4,full,white,en,,1.1.5,
0,ro,Romanian (limba română),verde,verde,verde,rgb,56,151,122,1,5,full,white,en,,1.1.5,
0,ro,Romanian (limba română),mov,mov,mov,rgb,185,95,185,1,6,full,white,en,,1.1.5,
0,ro,Romanian (limba română),menta,mentă,mentă,rgb,156,249,166,1,7,full,white,en,,1.1.5,
0,ro,Romanian (limba română),negru,negru,negru,rgb,10,36,8,1,8,full,white,en,,1.1.5,
0,ro,Romanian (limba română),verde,verde,verde,rgb,48,174,92,1,9,full,white,en,,1.1.5,
0,ro,Romanian (limba română),verdemaro,verde maro,verde-maro,rgb,73,90,20,1,10,full,white,en,,1.1.5,
0,ro,Romanian (limba română),caramiziu,cărămiziu,cărămiziu,rgb,138,89,60,1,11,full,white,en,,1.1.5,
0,ro,Romanian (limba română),grena,grena,grena,rgb,194,71,2,3,0,full,white,en,,1.1.5,
0,ro,Romanian (limba română),moc,moc,moc,rgb,128,57,119,3,1,full,white,en,,1.1.5,
0,ro,Romanian (limba română),lime,lime,lime,rgb,174,252,30,3,2,full,white,en,,1.1.5,
0,ro,Romanian (limba română),bleumarin,bleu marin,bleu marin,rgb,30,24,64,3,3,full,white,en,,1.1.5,
0,ro,Romanian (limba română),albastru,albastru,albastru,rgb,83,92,252,3,4,full,white,en,,1.1.5,
0,ro,Romanian (limba română),roz,roz,roz,rgb,218,5,207,3,5,full,white,en,,1.1.5,
0,ro,Romanian (limba română),albastru,albastru,albastru,rgb,37,86,153,3,6,full,white,en,,1.1.5,
0,ro,Romanian (limba română),albastru,albastru,albastru,rgb,15,143,238,3,7,full,white,en,,1.1.5,
0,ro,Romanian (limba română),roz,roz,roz,rgb,251,92,158,3,8,full,white,en,,1.1.5,
0,ro,Romanian (limba română),gri,gri,gri,rgb,136,139,137,3,9,full,white,en,,1.1.5,
0,ro,Romanian (limba română),verde,verde,verde,rgb,176,186,19,3,10,full,white,en,,1.1.5,
0,ro,Romanian (limba română),albastruinchis,albastru închis,albastru închis,rgb,16,52,70,3,11,full,white,en,,1.1.5,
0,ro,Romanian (limba română),roz,roz,roz,rgb,236,139,122,6,0,full,white,en,,1.1.5,
0,ro,Romanian (limba română),ocru,ocru,ocru,rgb,164,115,18,6,1,full,white,en,,1.1.5,
0,ro,Romanian (limba română),maro,maro,maro,rgb,69,47,35,6,2,full,white,en,,1.1.5,
0,ro,Romanian (limba română),menta,mentă,mentă,rgb,91,252,141,6,3,full,white,en,,1.1.5,
0,ro,Romanian (limba română),verde,verde,verde,rgb,171,189,86,6,4,full,white,en,,1.1.5,
0,ro,Romanian (limba română),verde,verde,verde,rgb,8,116,42,6,5,full,white,en,,1.1.5,
0,ro,Romanian (limba română),rosu,roșu,roșu,rgb,145,63,28,6,6,full,white,en,,1.1.5,
0,ro,Romanian (limba română),bej,bej,bej,rgb,234,226,173,6,7,full,white,en,,1.1.5,
0,ro,Romanian (limba română),albastru,albastru,albastru,rgb,69,195,246,6,8,full,white,en,,1.1.5,
0,ro,Romanian (limba română),albastru,albastru,albastru,rgb,78,127,149,6,9,full,white,en,,1.1.5,
0,ro,Romanian (limba română),violet,violet,violet,rgb,93,9,37,6,10,full,white,en,,1.1.5,
0,ro,Romanian (limba română),verde,verde,verde,rgb,2,156,16,6,11,full,white,en,,1.1.5,
0,ro,Romanian (limba română),mov,mov,Mov,rgb,70,9,186,1,0,full,white,en,,1.1.5,
0,ro,Romanian (limba română),negru,negru,Negru,rgb,33,7,32,1,1,full,white,en,,1.1.5,
0,ro,Romanian (limba română),verde,verde,Verde,rgb,76,132,27,1,2,full,white,en,,1.1.5,
0,ro,Romanian (limba română),albastru,albastru,Albastru,rgb,11,56,159,1,3,full,white,en,,1.1.5,
0,ro,Romanian (limba română),cachi,cachi,Cachi,rgb,172,187,109,1,4,full,white,en,,1.1.5,
0,ro,Romanian (limba română),albastruverzui,albastru verzui,Albastru verzui,rgb,69,134,161,1,5,full,white,en,,1.1.5,
0,ro,Romanian (limba română),verdealbastrui,verde albastrui,Verde albastrui,rgb,23,168,133,1,6,full,white,en,,1.1.5,
0,ro,Romanian (limba română),roz,roz,Roz,rgb,223,159,224,1,7,full,white,en,,1.1.5,
0,ro,Romanian (limba română),rosu,rosu,Rosu,rgb,217,59,42,1,8,full,white,en,,1.1.5,
0,ro,Romanian (limba română),turcoaz,turcoaz,Turcoaz,rgb,111,239,245,1,9,full,white,en,,1.1.5,
0,ro,Romanian (limba română),verdedeschis,verde deschis,Verde deschis,rgb,151,220,6,1,10,full,white,en,,1.1.5,
0,ro,Romanian (limba română),albastrudeschis,albastru deschis,Albastru deschis,rgb,189,201,244,1,11,full,white,en,,1.1.5,
0,ro,Romanian (limba română),kaki,kaki,kaki,rgb,111,93,12,1,0,full,white,en,,1.1.5,
0,ro,Romanian (limba română),turcoazinchis,turcoaz închis,turcoaz închis,rgb,65,141,166,1,1,full,white,en,,1.1.5,
0,ro,Romanian (limba română),verde,verde,verde,rgb,128,227,62,1,2,full,white,en,,1.1.5,
0,ro,Romanian (limba română),negruverde,negru verde,negru-verde,rgb,40,54,16,1,3,full,white,en,,1.1.5,
0,ro,Romanian (limba română),verdeinchis,verde închis,verde închis,rgb,34,96,31,1,4,full,white,en,,1.1.5,
0,ro,Romanian (limba română),turcuoaz,turcuoaz,turcuoaz,rgb,30,200,142,1,6,full,white,en,,1.1.5,
0,ro,Romanian (limba română),verde,verde,verde,rgb,188,234,93,1,7,full,white,en,,1.1.5,
0,ro,Romanian (limba română),mustar,muștar,muștar,rgb,177,149,52,1,8,full,white,en,,1.1.5,
0,ro,Romanian (limba română),bleumarin,bleumarin,bleumarin,rgb,21,104,167,1,9,full,white,en,,1.1.5,
0,ro,Romanian (limba română),portocaliu,portocaliu,portocaliu,rgb,189,113,25,1,10,full,white,en,,1.1.5,
0,ro,Romanian (limba română),rosu,roșu,roșu,rgb,193,68,19,1,11,full,white,en,,1.1.5,
0,ro,Romanian (limba română),verde,verde,verde,rgb,20,238,141,3,0,full,white,en,,1.1.5,
0,ro,Romanian (limba română),indigoinchis,indigo închis,indigo închis,rgb,22,6,84,3,1,full,white,en,,1.1.5,
0,ro,Romanian (limba română),lila,lila,Lila,rgb,134,95,251,3,2,full,white,en,,1.1.5,
0,ro,Romanian (limba română),bleu,bleu,bleu,rgb,83,124,237,3,3,full,white,en,,1.1.5,
0,ro,Romanian (limba română),bleu,bleu,bleu,rgb,171,226,225,3,4,full,white,en,,1.1.5,
0,ro,Romanian (limba română),verde,verde,verde,rgb,119,172,7,3,5,full,white,en,,1.1.5,
0,ro,Romanian (limba română),rosuinchis,roșu închis,roșu închis,rgb,161,12,32,3,6,full,white,en,,1.1.5,
0,ro,Romanian (limba română),rozbombon,roz bombon,roz-bombon,rgb,244,71,96,3,7,full,white,en,,1.1.5,
0,ro,Romanian (limba română),galbenverzui,galben verzui,galben-verzui,rgb,212,219,148,3,8,full,white,en,,1.1.5,
0,ro,Romanian (limba română),mov,mov,mov,rgb,83,77,146,3,9,full,white,en,,1.1.5,
0,ro,Romanian (limba română),indigo,indigo,indigo,rgb,211,3,140,3,10,full,white,en,,1.1.5,
0,ro,Romanian (limba română),turcoaz,turcoaz,turcoaz,rgb,86,238,215,3,11,full,white,en,,1.1.5,
0,ro,Romanian (limba română),violet,violet,violet,rgb,197,51,204,6,0,full,white,en,,1.1.5,
0,ro,Romanian (limba română),kaki,kaki,kaki,rgb,93,96,79,6,1,full,white,en,,1.1.5,
0,ro,Romanian (limba română),portocaliu,portocaliu,portocaliu,rgb,206,116,88,6,2,full,white,en,,1.1.5,
0,ro,Romanian (limba română),mov,mov,mov,rgb,179,80,176,6,3,full,white,en,,1.1.5,
0,ro,Romanian (limba română),turcoaz,turcoaz,turcoaz,rgb,76,168,159,6,4,full,white,en,,1.1.5,
0,ro,Romanian (limba română),verde,verde,verde,rgb,166,241,141,6,5,full,white,en,,1.1.5,
0,ro,Romanian (limba română),bleumarin,bleumarin,bleumarin,rgb,34,44,90,6,6,full,white,en,,1.1.5,
0,ro,Romanian (limba română),verde,verde,verde,rgb,14,229,58,6,7,full,white,en,,1.1.5,
0,ro,Romanian (limba română),roz,roz,roz,rgb,244,118,144,6,8,full,white,en,,1.1.5,
0,ro,Romanian (limba română),albastru,albastru,albastru,rgb,67,22,253,6,9,full,white,en,,1.1.5,
0,ro,Romanian (limba română),verde,verde,verde,rgb,57,120,84,6,10,full,white,en,,1.1.5,
0,ro,Romanian (limba română),lila,lila,Lila,rgb,207,144,194,6,11,full,white,en,,1.1.5,
0,ro,Romanian (limba română),siclam,siclam,siclam,rgb,198,29,173,1,0,full,white,en,,1.1.5,
0,ro,Romanian (limba română),portocaliupal,portocaliu pal,portocaliu pal,rgb,241,195,181,1,1,full,white,en,,1.1.5,
0,ro,Romanian (limba română),magenta,magenta,magenta,rgb,174,3,241,1,2,full,white,en,,1.1.5,
0,ro,Romanian (limba română),viridian,viridian,viridian,rgb,21,95,48,1,3,full,white,en,,1.1.5,
0,ro,Romanian (limba română),oliv,oliv,oliv,rgb,170,191,25,1,4,full,white,en,,1.1.5,
0,ro,Romanian (limba română),bleu,bleu,bleu,rgb,72,123,188,1,5,full,white,en,,1.1.5,
0,ro,Romanian (limba română),abanos,abanos,abanos,rgb,79,92,22,1,6,full,white,en,,1.1.5,
0,ro,Romanian (limba română),portocaliu,portocaliu,portocaliu,rgb,203,132,104,1,7,full,white,en,,1.1.5,
0,ro,Romanian (limba română),maro,maro,maro,rgb,81,54,29,1,8,full,white,en,,1.1.5,
0,ro,Romanian (limba română),movdeschis,mov deschis,mov deschis,rgb,145,94,205,1,9,full,white,en,,1.1.5,
0,ro,Romanian (limba română),verdepraz,verde praz,verde praz,rgb,213,236,183,1,10,full,white,en,,1.1.5,
0,ro,Romanian (limba română),verde,verde,verde,rgb,24,149,64,1,11,full,white,en,,1.1.5,
0,ro,Romanian (limba română),verdesmarald,verde smarald,verde smarald,rgb,24,96,2,3,0,full,white,en,,1.1.5,
0,ro,Romanian (limba română),bleudeschis,bleu deschis,bleu deschis,rgb,139,206,220,3,1,full,white,en,,1.1.5,
0,ro,Romanian (limba română),mov,mov,mov,rgb,113,73,148,3,2,full,white,en,,1.1.5,
0,ro,Romanian (limba română),purpuriu,purpuriu,purpuriu,rgb,236,110,136,3,3,full,white,en,,1.1.5,
0,ro,Romanian (limba română),indigo,indigo,indigo,rgb,37,108,227,3,4,full,white,en,,1.1.5,
0,ro,Romanian (limba română),bleumarin,bleumarin,bleumarin,rgb,5,63,65,3,5,full,white,en,,1.1.5,
0,ro,Romanian (limba română),verde,verde,verde,rgb,9,223,48,3,6,full,white,en,,1.1.5,
0,ro,Romanian (limba română),acvamarin,acvamarin,acvamarin,rgb,56,240,168,3,7,full,white,en,,1.1.5,
0,ro,Romanian (limba română),mov,mov,mov,rgb,67,42,249,3,8,full,white,en,,1.1.5,
0,ro,Romanian (limba română),khaki,khaki,khaki,rgb,122,157,70,3,9,full,white,en,,1.1.5,
0,ro,Romanian (limba română),purpuriu,purpuriu,purpuriu,rgb,119,36,141,3,10,full,white,en,,1.1.5,
0,ro,Romanian (limba română),galben,galben,galben,rgb,254,248,28,3,11,full,white,en,,1.1.5,
0,ro,Romanian (limba română),viridian,viridian,viridian,rgb,23,140,126,6,0,full,white,en,,1.1.5,
0,ro,Romanian (limba română),ocru,ocru,ocru,rgb,236,211,135,6,1,full,white,en,,1.1.5,
0,ro,Romanian (limba română),purpuriu,purpuriu,purpuriu,rgb,231,2,122,6,2,full,white,en,,1.1.5,
0,ro,Romanian (limba română),grena,grena,grena,rgb,145,53,52,6,3,full,white,en,,1.1.5,
0,ro,Romanian (limba română),lime,lime,lime,rgb,140,249,111,6,4,full,white,en,,1.1.5,
0,ro,Romanian (limba română),mov,mov,mov,rgb,54,22,161,6,5,full,white,en,,1.1.5,
0,ro,Romanian (limba română),acvamarin,acvamarin,acvamarin,rgb,65,200,189,6,6,full,white,en,,1.1.5,
0,ro,Romanian (limba română),ocru,ocru,ocru,rgb,217,156,80,6,7,full,white,en,,1.1.5,
0,ro,Romanian (limba română),magenta,magenta,magenta,rgb,201,84,251,6,8,full,white,en,,1.1.5,
0,ro,Romanian (limba română),roz,roz,roz,rgb,253,154,243,6,9,full,white,en,,1.1.5,
0,ro,Romanian (limba română),maroniu,maroniu,maroniu,rgb,151,122,90,6,10,full,white,en,,1.1.5,
0,ro,Romanian (limba română),rosu,rosu,rosu,rgb,253,33,81,6,11,full,white,en,,1.1.5,
17090,ro,Romanian (limba română),maro,maro,Maro,rgb,90,59,7,1,0,full,white,en,,1.1.5,
17090,ro,Romanian (limba română),verde,verde,Verde,rgb,58,157,37,1,1,full,white,en,,1.1.5,
17090,ro,Romanian (limba română),albastru,albastru,Albastru,rgb,85,100,170,1,2,full,white,en,,1.1.5,
17090,ro,Romanian (limba română),roz,roz,Roz,rgb,228,111,135,1,3,full,white,en,,1.1.5,
17090,ro,Romanian (limba română),ocru,ocru,Ocru,rgb,219,166,133,1,4,full,white,en,,1.1.5,
17090,ro,Romanian (limba română),indigo,indigo,Indigo,rgb,62,53,188,1,5,full,white,en,,1.1.5,
17090,ro,Romanian (limba română),kaki,kaki,Kaki,rgb,121,136,8,1,6,full,white,en,,1.1.5,
17090,ro,Romanian (limba română),turcoaz,turcoaz,Turcoaz,rgb,95,225,193,1,7,full,white,en,,1.1.5,
17090,ro,Romanian (limba română),violet,violet,Violet,rgb,146,145,247,1,8,full,white,en,,1.1.5,
17090,ro,Romanian (limba română),mov,mov,Mov,rgb,115,20,138,1,9,full,white,en,,1.1.5,
17090,ro,Romanian (limba română),galben,galben,Galben,rgb,224,219,143,1,10,full,white,en,,1.1.5,
17090,ro,Romanian (limba română),orange,orange,Orange,rgb,215,165,51,1,11,full,white,en,,1.1.5,
17090,ro,Romanian (limba română),bleu,bleu,Bleu,rgb,74,178,235,3,0,full,white,en,,1.1.5,
17090,ro,Romanian (limba română),turcoaz,turcoaz,Turcoaz,rgb,12,120,136,3,1,full,white,en,,1.1.5,
17090,ro,Romanian (limba română),bleumarin,bleu marin,Bleu marin,rgb,2,98,143,3,2,full,white,en,,1.1.5,
17090,ro,Romanian (limba română),mov,mov,Mov,rgb,94,50,116,3,3,full,white,en,,1.1.5,
17090,ro,Romanian (limba română),galben,galben,Galben,rgb,251,218,11,3,4,full,white,en,,1.1.5,
17090,ro,Romanian (limba română),orange,orange,Orange,rgb,222,105,27,3,5,full,white,en,,1.1.5,
17090,ro,Romanian (limba română),ciclamen,ciclamen,Ciclamen,rgb,202,23,198,3,6,full,white,en,,1.1.5,
17090,ro,Romanian (limba română),bleumarin,bleu marin,Bleu marin,rgb,19,14,226,3,7,full,white,en,,1.1.5,
17090,ro,Romanian (limba română),verde,verde,Verde,rgb,190,248,40,3,8,full,white,en,,1.1.5,
17090,ro,Romanian (limba română),verde,verde,Verde,rgb,227,249,96,3,9,full,white,en,,1.1.5,
17090,ro,Romanian (limba română),verde,verde,Verde,rgb,84,253,186,3,10,full,white,en,,1.1.5,
17090,ro,Romanian (limba română),verde,verde,Verde,rgb,75,97,36,3,11,full,white,en,,1.1.5,
17090,ro,Romanian (limba română),roz,roz,Roz,rgb,225,201,211,6,0,full,white,en,,1.1.5,
17090,ro,Romanian (limba română),negru,negru,Negru,rgb,12,54,32,6,1,full,white,en,,1.1.5,
17090,ro,Romanian (limba română),mov,mov,Mov,rgb,168,147,191,6,2,full,white,en,,1.1.5,
17090,ro,Romanian (limba română),rosu,rosu,Rosu,rgb,183,17,12,6,3,full,white,en,,1.1.5,
17090,ro,Romanian (limba română),roz,roz,Roz,rgb,209,5,120,6,4,full,white,en,,1.1.5,
17090,ro,Romanian (limba română),violet,violet,Violet,rgb,133,76,241,6,5,full,white,en,,1.1.5,
17090,ro,Romanian (limba română),verde,verde,Verde,rgb,168,193,21,6,6,full,white,en,,1.1.5,
17090,ro,Romanian (limba română),ciclamen,ciclamen,Ciclamen,rgb,185,41,160,6,7,full,white,en,,1.1.5,
17090,ro,Romanian (limba română),roz,roz,Roz,rgb,243,167,215,6,8,full,white,en,,1.1.5,
17090,ro,Romanian (limba română),verde,verde,Verde,rgb,15,99,74,6,9,full,white,en,,1.1.5,
17090,ro,Romanian (limba română),lila,lila,Lila,rgb,199,131,252,6,10,full,white,en,,1.1.5,
17090,ro,Romanian (limba română),verde,verde,Verde,rgb,82,210,5,6,11,full,white,en,,1.1.5,
20816,ro,Romanian (limba română),movinchis,mov inchis,mov inchis,rgb,104,55,96,1,0,full,white,en,,1.1.5,
20816,ro,Romanian (limba română),visiniu,visiniu,visiniu,rgb,160,47,28,1,1,full,white,en,,1.1.5,
20816,ro,Romanian (limba română),bej,bej,bej,rgb,236,217,205,1,2,full,white,en,,1.1.5,
20816,ro,Romanian (limba română),verdeinchis,verde inchis,verde inchis,rgb,46,110,57,1,3,full,white,en,,1.1.5,
20816,ro,Romanian (limba română),portocaliu,portocaliu,portocaliu,rgb,199,104,17,1,4,full,white,en,,1.1.5,
20816,ro,Romanian (limba română),bleo,bleo,bleo,rgb,128,246,247,1,5,full,white,en,,1.1.5,
20816,ro,Romanian (limba română),negru,negru,negru,rgb,16,17,21,1,6,full,white,en,,1.1.5,
20816,ro,Romanian (limba română),movdeschis,mov deschis,mov deschis,rgb,99,0,156,1,7,full,white,en,,1.1.5,
20816,ro,Romanian (limba română),verde,verde,verde,rgb,76,220,172,1,8,full,white,en,,1.1.5,
20816,ro,Romanian (limba română),verde,verde,verde,rgb,69,247,32,1,9,full,white,en,,1.1.5,
20816,ro,Romanian (limba română),rosu,rosu,rosu,rgb,243,98,94,1,10,full,white,en,,1.1.5,
20816,ro,Romanian (limba română),roz,roz,roz,rgb,250,2,168,1,11,full,white,en,,1.1.5,
20816,ro,Romanian (limba română),portocaliu,portocaliu,portocaliu,rgb,241,96,21,3,0,full,white,en,,1.1.5,
20816,ro,Romanian (limba română),verde,verde,verde,rgb,200,254,3,3,1,full,white,en,,1.1.5,
20816,ro,Romanian (limba română),roz,roz,roz,rgb,244,158,206,3,2,full,white,en,,1.1.5,
20816,ro,Romanian (limba română),mov,mov,mov,rgb,199,93,239,3,3,full,white,en,,1.1.5,
20816,ro,Romanian (limba română),verde,verde,verde,rgb,43,161,95,3,4,full,white,en,,1.1.5,
20816,ro,Romanian (limba română),maro,maro,maro,rgb,169,114,91,3,5,full,white,en,,1.1.5,
20816,ro,Romanian (limba română),marodeschis,maro deschis,maro deschis,rgb,230,168,38,3,6,full,white,en,,1.1.5,
20816,ro,Romanian (limba română),verdedeschis,verde deschis,verde deschis,rgb,143,199,119,3,7,full,white,en,,1.1.5,
20816,ro,Romanian (limba română),maroinchis,maro inchis,maro inchis,rgb,156,108,9,3,8,full,white,en,,1.1.5,
20816,ro,Romanian (limba română),albastru,albastru,albastru,rgb,113,192,230,3,9,full,white,en,,1.1.5,
20816,ro,Romanian (limba română),verdeinchis,verde inchis,verde inchis,rgb,24,108,90,3,10,full,white,en,,1.1.5,
20816,ro,Romanian (limba română),galben,galben,galben,rgb,234,228,28,3,11,full,white,en,,1.1.5,
20816,ro,Romanian (limba română),albastru,albastru,albastru,rgb,110,35,251,6,0,full,white,en,,1.1.5,
20816,ro,Romanian (limba română),mov,mov,mov,rgb,153,20,205,6,1,full,white,en,,1.1.5,
20816,ro,Romanian (limba română),kaki,kaki,kaki,rgb,129,124,28,6,2,full,white,en,,1.1.5,
20816,ro,Romanian (limba română),verde,verde,verde,rgb,193,226,73,6,3,full,white,en,,1.1.5,
20816,ro,Romanian (limba română),negru,negru,negru,rgb,61,45,20,6,4,full,white,en,,1.1.5,
20816,ro,Romanian (limba română),gri,gri,gri,rgb,139,158,138,6,5,full,white,en,,1.1.5,
20816,ro,Romanian (limba română),mov,mov,mov,rgb,135,99,162,6,6,full,white,en,,1.1.5,
20816,ro,Romanian (limba română),verde,verde,verde,rgb,149,236,95,6,7,full,white,en,,1.1.5,
20816,ro,Romanian (limba română),albastruinchis,albastru inchis,albastru inchis,rgb,48,10,182,6,8,full,white,en,,1.1.5,
20816,ro,Romanian (limba română),albastrudeschis,albastru deschis,albastru deschis,rgb,61,128,213,6,9,full,white,en,,1.1.5,
20816,ro,Romanian (limba română),bej,bej,bej,rgb,240,143,109,6,10,full,white,en,,1.1.5,
20816,ro,Romanian (limba română),maro,maro,maro,rgb,104,67,6,6,11,full,white,en,,1.1.5,
43d1af2c-483c-423a-ba3e-2b1b264536fd,ro,Romanian (limba română),albastru,albastru,Albastru,rgb,52,38,253,1,0,full,white,en,en,2.1.2,
43d1af2c-483c-423a-ba3e-2b1b264536fd,ro,Romanian (limba română),roz,roz,Roz,rgb,235,176,213,1,1,full,white,en,en,2.1.2,
43d1af2c-483c-423a-ba3e-2b1b264536fd,ro,Romanian (limba română),portocaliu,portocaliu,Portocaliu,rgb,231,157,50,1,2,full,white,en,en,2.1.2,
43d1af2c-483c-423a-ba3e-2b1b264536fd,ro,Romanian (limba română),rozinchis,roz inchis,roz inchis,rgb,173,77,132,1,3,full,white,en,en,2.1.2,
43d1af2c-483c-423a-ba3e-2b1b264536fd,ro,Romanian (limba română),movinchis,mov inchis,Mov inchis,rgb,59,4,151,1,4,full,white,en,en,2.1.2,
43d1af2c-483c-423a-ba3e-2b1b264536fd,ro,Romanian (limba română),portocaliurosiatic,portocaliu rosiatic,Portocaliu rosiatic,rgb,255,142,52,1,5,full,white,en,en,2.1.2,
43d1af2c-483c-423a-ba3e-2b1b264536fd,ro,Romanian (limba română),movdeschis,mov deschis,Mov deschis,rgb,221,186,251,1,6,full,white,en,en,2.1.2,
43d1af2c-483c-423a-ba3e-2b1b264536fd,ro,Romanian (limba română),indigo,indigo,Indigo,rgb,107,74,208,1,7,full,white,en,en,2.1.2,
43d1af2c-483c-423a-ba3e-2b1b264536fd,ro,Romanian (limba română),negru,negru,Negru,rgb,2,10,17,1,8,full,white,en,en,2.1.2,
43d1af2c-483c-423a-ba3e-2b1b264536fd,ro,Romanian (limba română),cyan,cyan,Cyan,rgb,95,208,222,1,9,full,white,en,en,2.1.2,
43d1af2c-483c-423a-ba3e-2b1b264536fd,ro,Romanian (limba română),galbenspalacit,galben spalacit,Galben spalacit,rgb,210,202,63,1,10,full,white,en,en,2.1.2,
43d1af2c-483c-423a-ba3e-2b1b264536fd,ro,Romanian (limba română),culoarepieli,culoare pieli,Culoare pieli,rgb,243,206,183,1,11,full,white,en,en,2.1.2,
43d1af2c-483c-423a-ba3e-2b1b264536fd,ro,Romanian (limba română),negru,negru,Negru,rgb,22,31,2,3,0,full,white,en,en,2.1.2,
43d1af2c-483c-423a-ba3e-2b1b264536fd,ro,Romanian (limba română),galbengal,galben gal,galben gal,rgb,197,188,127,3,1,full,white,en,en,2.1.2,
43d1af2c-483c-423a-ba3e-2b1b264536fd,ro,Romanian (limba română),rozinchis,roz inchis,roz inchis,rgb,197,157,185,3,2,full,white,en,en,2.1.2,
43d1af2c-483c-423a-ba3e-2b1b264536fd,ro,Romanian (limba română),albastruinchis,albastru inchis,Albastru inchis,rgb,29,4,110,3,3,full,white,en,en,2.1.2,
43d1af2c-483c-423a-ba3e-2b1b264536fd,ro,Romanian (limba română),albastruextra,albastru extra,Albastru extra,rgb,22,29,137,3,4,full,white,en,en,2.1.2,
43d1af2c-483c-423a-ba3e-2b1b264536fd,ro,Romanian (limba română),cer+,cer+,cer+,rgb,58,194,231,3,6,full,white,en,en,2.1.2,
43d1af2c-483c-423a-ba3e-2b1b264536fd,ro,Romanian (limba română),rozd,roz d,roz d,rgb,251,195,228,3,7,full,white,en,en,2.1.2,
43d1af2c-483c-423a-ba3e-2b1b264536fd,ro,Romanian (limba română),albastruverzui,albastru verzui,albastru verzui,rgb,26,132,161,3,8,full,white,en,en,2.1.2,
43d1af2c-483c-423a-ba3e-2b1b264536fd,ro,Romanian (limba română),movmov,mov mov,Mov mov,rgb,166,72,188,3,9,full,white,en,en,2.1.2,
43d1af2c-483c-423a-ba3e-2b1b264536fd,ro,Romanian (limba română),cer,cer,cer,rgb,116,190,221,3,10,full,white,en,en,2.1.2,
43d1af2c-483c-423a-ba3e-2b1b264536fd,ro,Romanian (limba română),cer,cer,cer-,rgb,97,185,212,3,11,full,white,en,en,2.1.2,
43d1af2c-483c-423a-ba3e-2b1b264536fd,ro,Romanian (limba română),rosspalacit,ros spalacit,Ros spalacit,rgb,194,65,91,5,0,full,white,en,en,2.1.2,
43d1af2c-483c-423a-ba3e-2b1b264536fd,ro,Romanian (limba română),verdeinchis,verde inchis,Verde inchis,rgb,51,67,31,5,1,full,white,en,en,2.1.2,
43d1af2c-483c-423a-ba3e-2b1b264536fd,ro,Romanian (limba română),albastruverde,albastru verde,Albastru verde,rgb,48,66,75,5,2,full,white,en,en,2.1.2,
43d1af2c-483c-423a-ba3e-2b1b264536fd,ro,Romanian (limba română),movdeschisspalacit,mov deschis spalacit,Mov deschis spalacit,rgb,150,115,154,5,3,full,white,en,en,2.1.2,
43d1af2c-483c-423a-ba3e-2b1b264536fd,ro,Romanian (limba română),galben,galben,Galben,rgb,237,234,170,5,4,full,white,en,en,2.1.2,
43d1af2c-483c-423a-ba3e-2b1b264536fd,ro,Romanian (limba română),mov,mov,Mov,rgb,180,53,226,5,5,full,white,en,en,2.1.2,
43d1af2c-483c-423a-ba3e-2b1b264536fd,ro,Romanian (limba română),albastruinchis,albastru inchis,Albastru Inchis,rgb,57,29,116,5,6,full,white,en,en,2.1.2,
43d1af2c-483c-423a-ba3e-2b1b264536fd,ro,Romanian (limba română),rozinchis,roz inchis,Roz inchis,rgb,158,52,141,5,7,full,white,en,en,2.1.2,
43d1af2c-483c-423a-ba3e-2b1b264536fd,ro,Romanian (limba română),albastru,albastru,Albastru,rgb,58,58,176,5,8,full,white,en,en,2.1.2,
43d1af2c-483c-423a-ba3e-2b1b264536fd,ro,Romanian (limba română),rozuliu,rozuliu,Rozuliu,rgb,228,73,138,5,9,full,white,en,en,2.1.2,
43d1af2c-483c-423a-ba3e-2b1b264536fd,ro,Romanian (limba română),galbenverzui,galben verzui,Galben verzui,rgb,179,189,104,5,10,full,white,en,en,2.1.2,
43d1af2c-483c-423a-ba3e-2b1b264536fd,ro,Romanian (limba română),albastruinchisinchis,albastru inchis inchis,Albastru inchis inchis,rgb,12,7,56,5,11,full,white,en,en,2.1.2,
2930cdc8-093c-49db-9ff3-e8597451faea,ro,Romanian (limba română),indigo,indigo,indigo,rgb,94,70,188,1,0,full,white,en,en,2.1.2,
2930cdc8-093c-49db-9ff3-e8597451faea,ro,Romanian (limba română),maro,maro,maro,rgb,96,94,41,1,1,full,white,en,en,2.1.2,
2930cdc8-093c-49db-9ff3-e8597451faea,ro,Romanian (limba română),menta,menta,menta,rgb,88,238,146,1,2,full,white,en,en,2.1.2,
2930cdc8-093c-49db-9ff3-e8597451faea,ro,Romanian (limba română),mov,mov,mov,rgb,161,72,204,1,3,full,white,en,en,2.1.2,
2930cdc8-093c-49db-9ff3-e8597451faea,ro,Romanian (limba română),roz,roz,roz,rgb,241,203,235,1,4,full,white,en,en,2.1.2,
2930cdc8-093c-49db-9ff3-e8597451faea,ro,Romanian (limba română),maro,maro,maro,rgb,158,158,78,1,5,full,white,en,en,2.1.2,
2930cdc8-093c-49db-9ff3-e8597451faea,ro,Romanian (limba română),gri,gri,gri,rgb,180,186,133,1,6,full,white,en,en,2.1.2,
2930cdc8-093c-49db-9ff3-e8597451faea,ro,Romanian (limba română),menta,menta,menta,rgb,149,222,133,1,7,full,white,en,en,2.1.2,
2930cdc8-093c-49db-9ff3-e8597451faea,ro,Romanian (limba română),albastru,albastru,albastru,rgb,90,130,180,1,8,full,white,en,en,2.1.2,
2930cdc8-093c-49db-9ff3-e8597451faea,ro,Romanian (limba română),maro,maro,maro,rgb,133,114,68,1,9,full,white,en,en,2.1.2,
2930cdc8-093c-49db-9ff3-e8597451faea,ro,Romanian (limba română),magenta,magenta,magenta,rgb,215,134,151,1,10,full,white,en,en,2.1.2,
2930cdc8-093c-49db-9ff3-e8597451faea,ro,Romanian (limba română),indigo,indigo,indigo,rgb,4,30,59,1,11,full,white,en,en,2.1.2,
2930cdc8-093c-49db-9ff3-e8597451faea,ro,Romanian (limba română),albastru,albastru,albastru,rgb,72,115,240,3,0,full,white,en,en,2.1.2,
2930cdc8-093c-49db-9ff3-e8597451faea,ro,Romanian (limba română),verde,verde,verde,rgb,164,254,108,3,1,full,white,en,en,2.1.2,
2930cdc8-093c-49db-9ff3-e8597451faea,ro,Romanian (limba română),bej,bej,bej,rgb,225,184,147,3,2,full,white,en,en,2.1.2,
2930cdc8-093c-49db-9ff3-e8597451faea,ro,Romanian (limba română),albastru,albastru,albastru,rgb,70,25,168,3,3,full,white,en,en,2.1.2,
2930cdc8-093c-49db-9ff3-e8597451faea,ro,Romanian (limba română),maro,maro,maro,rgb,176,137,90,3,4,full,white,en,en,2.1.2,
2930cdc8-093c-49db-9ff3-e8597451faea,ro,Romanian (limba română),maroinchis,maro inchis,maro inchis,rgb,58,13,3,3,5,full,white,en,en,2.1.2,
2930cdc8-093c-49db-9ff3-e8597451faea,ro,Romanian (limba română),verde,verde,verde,rgb,111,240,81,3,6,full,white,en,en,2.1.2,
2930cdc8-093c-49db-9ff3-e8597451faea,ro,Romanian (limba română),gri,gri,gri,rgb,114,134,85,3,7,full,white,en,en,2.1.2,
2930cdc8-093c-49db-9ff3-e8597451faea,ro,Romanian (limba română),albastru,albastru,albastru,rgb,95,122,151,3,8,full,white,en,en,2.1.2,
2930cdc8-093c-49db-9ff3-e8597451faea,ro,Romanian (limba română),galben,galben,galben,rgb,195,237,66,3,9,full,white,en,en,2.1.2,
2930cdc8-093c-49db-9ff3-e8597451faea,ro,Romanian (limba română),verde,verde,verde,rgb,70,183,82,3,10,full,white,en,en,2.1.2,
2930cdc8-093c-49db-9ff3-e8597451faea,ro,Romanian (limba română),mov,mov,mov,rgb,134,88,154,3,11,full,white,en,en,2.1.2,
2930cdc8-093c-49db-9ff3-e8597451faea,ro,Romanian (limba română),albastru,albastru,albastru,rgb,103,194,191,5,0,full,white,en,en,2.1.2,
2930cdc8-093c-49db-9ff3-e8597451faea,ro,Romanian (limba română),mov,mov,mov,rgb,159,44,246,5,1,full,white,en,en,2.1.2,
2930cdc8-093c-49db-9ff3-e8597451faea,ro,Romanian (limba română),turcuaz,turcuaz,turcuaz,rgb,109,224,235,5,2,full,white,en,en,2.1.2,
2930cdc8-093c-49db-9ff3-e8597451faea,ro,Romanian (limba română),albastru,albastru,albastru,rgb,136,165,216,5,3,full,white,en,en,2.1.2,
2930cdc8-093c-49db-9ff3-e8597451faea,ro,Romanian (limba română),verde,verde,verde,rgb,38,193,67,5,4,full,white,en,en,2.1.2,
2930cdc8-093c-49db-9ff3-e8597451faea,ro,Romanian (limba română),indigo,indigo,indigo,rgb,75,98,147,5,5,full,white,en,en,2.1.2,
2930cdc8-093c-49db-9ff3-e8597451faea,ro,Romanian (limba română),verde,verde,verde,rgb,207,224,144,5,6,full,white,en,en,2.1.2,
2930cdc8-093c-49db-9ff3-e8597451faea,ro,Romanian (limba română),mov,mov,mov,rgb,211,129,240,5,7,full,white,en,en,2.1.2,
2930cdc8-093c-49db-9ff3-e8597451faea,ro,Romanian (limba română),mov,mov,mov,rgb,191,51,214,5,8,full,white,en,en,2.1.2,
2930cdc8-093c-49db-9ff3-e8597451faea,ro,Romanian (limba română),rosu,rosu,rosu,rgb,204,75,86,5,9,full,white,en,en,2.1.2,
2930cdc8-093c-49db-9ff3-e8597451faea,ro,Romanian (limba română),bej,bej,bej,rgb,233,187,120,5,10,full,white,en,en,2.1.2,
2930cdc8-093c-49db-9ff3-e8597451faea,ro,Romanian (limba română),maro,maro,maro,rgb,69,71,51,5,11,full,white,en,en,2.1.2,
079f06ff-f996-4aba-a319-904d0b95b455,ro,Romanian (limba română),galbenmustar,galben muștar,Galben-muștar,rgb,201,168,84,1,0,full,white,en,en,2.1.2,
079f06ff-f996-4aba-a319-904d0b95b455,ro,Romanian (limba română),roz,roz,Roz,rgb,221,90,207,1,1,full,white,en,en,2.1.2,
079f06ff-f996-4aba-a319-904d0b95b455,ro,Romanian (limba română),ocru,ocru,Ocru,rgb,129,121,8,1,2,full,white,en,en,2.1.2,
079f06ff-f996-4aba-a319-904d0b95b455,ro,Romanian (limba română),crem,crem,Crem,rgb,205,155,109,1,3,full,white,en,en,2.1.2,
079f06ff-f996-4aba-a319-904d0b95b455,ro,Romanian (limba română),rozpal,roz pal,Roz pal,rgb,254,175,164,1,4,full,white,en,en,2.1.2,
079f06ff-f996-4aba-a319-904d0b95b455,ro,Romanian (limba română),mov,mov,Mov,rgb,121,115,182,1,5,full,white,en,en,2.1.2,
079f06ff-f996-4aba-a319-904d0b95b455,ro,Romanian (limba română),movinchis,mov inchis,Mov inchis,rgb,56,12,77,1,6,full,white,en,en,2.1.2,
079f06ff-f996-4aba-a319-904d0b95b455,ro,Romanian (limba română),rozprafuit,roz prafuit,Roz prafuit,rgb,164,131,148,1,7,full,white,en,en,2.1.2,
079f06ff-f996-4aba-a319-904d0b95b455,ro,Romanian (limba română),verde,verde,Verde,rgb,87,122,76,1,8,full,white,en,en,2.1.2,
079f06ff-f996-4aba-a319-904d0b95b455,ro,Romanian (limba română),albastrudeschis,albastru deschis,Albastru deschis,rgb,37,191,227,1,9,full,white,en,en,2.1.2,
079f06ff-f996-4aba-a319-904d0b95b455,ro,Romanian (limba română),verdealbastriu,verde albastriu,Verde albastriu,rgb,116,152,134,1,10,full,white,en,en,2.1.2,
079f06ff-f996-4aba-a319-904d0b95b455,ro,Romanian (limba română),movaprins,mov aprins,Mov aprins,rgb,72,36,178,1,11,full,white,en,en,2.1.2,
079f06ff-f996-4aba-a319-904d0b95b455,ro,Romanian (limba română),movregal,mov regal,Mov regal,rgb,94,2,101,3,0,full,white,en,en,2.1.2,
079f06ff-f996-4aba-a319-904d0b95b455,ro,Romanian (limba română),rozdeschis,roz deschis,Roz deschis,rgb,202,131,198,3,1,full,white,en,en,2.1.2,
079f06ff-f996-4aba-a319-904d0b95b455,ro,Romanian (limba română),albastru,albastru,Albastru,rgb,21,154,210,3,2,full,white,en,en,2.1.2,
079f06ff-f996-4aba-a319-904d0b95b455,ro,Romanian (limba română),negru,negru,Negru,rgb,16,2,26,3,3,full,white,en,en,2.1.2,
079f06ff-f996-4aba-a319-904d0b95b455,ro,Romanian (limba română),albgalbui,alb galbui,Alb galbui,rgb,222,225,186,3,4,full,white,en,en,2.1.2,
079f06ff-f996-4aba-a319-904d0b95b455,ro,Romanian (limba română),rozinchis,roz inchis,Roz inchis,rgb,162,43,103,3,5,full,white,en,en,2.1.2,
079f06ff-f996-4aba-a319-904d0b95b455,ro,Romanian (limba română),maro,maro,Maro,rgb,89,40,42,3,6,full,white,en,en,2.1.2,
079f06ff-f996-4aba-a319-904d0b95b455,ro,Romanian (limba română),"albastruinchis,putinspremov","albastru inchis,putin spre mov","Albastru inchis,putin spre mov",rgb,76,52,170,3,7,full,white,en,en,2.1.2,
079f06ff-f996-4aba-a319-904d0b95b455,ro,Romanian (limba română),verdeaproapeneon,verde aproape neon,Verde aproape neon,rgb,46,217,119,3,8,full,white,en,en,2.1.2,
079f06ff-f996-4aba-a319-904d0b95b455,ro,Romanian (limba română),"verdesters,gri","verde sters,gri","Verde sters,gri",rgb,95,139,132,3,9,full,white,en,en,2.1.2,
079f06ff-f996-4aba-a319-904d0b95b455,ro,Romanian (limba română),rozpalprafuit,roz pal prafuit,Roz pal prafuit,rgb,220,157,163,3,10,full,white,en,en,2.1.2,
079f06ff-f996-4aba-a319-904d0b95b455,ro,Romanian (limba română),"albastrusters,tentadeverdesigri","albastru sters, tenta de verde si gri","Albastru sters, tenta de verde si gri",rgb,65,129,142,3,11,full,white,en,en,2.1.2,
079f06ff-f996-4aba-a319-904d0b95b455,ro,Romanian (limba română),verdeneon,verde neon,Verde neon,rgb,36,254,177,5,0,full,white,en,en,2.1.2,
079f06ff-f996-4aba-a319-904d0b95b455,ro,Romanian (limba română),rosucaramiziu,rosu caramiziu,Rosu caramiziu,rgb,207,77,81,5,1,full,white,en,en,2.1.2,
079f06ff-f996-4aba-a319-904d0b95b455,ro,Romanian (limba română),verdeprazuriu,verde prazuriu,Verde prazuriu,rgb,146,212,139,5,2,full,white,en,en,2.1.2,
079f06ff-f996-4aba-a319-904d0b95b455,ro,Romanian (limba română),maroinchis,maro inchis,Maro inchis,rgb,62,17,25,5,3,full,white,en,en,2.1.2,
079f06ff-f996-4aba-a319-904d0b95b455,ro,Romanian (limba română),negruprafuit,negru prafuit,Negru prafuit,rgb,18,30,10,5,4,full,white,en,en,2.1.2,
079f06ff-f996-4aba-a319-904d0b95b455,ro,Romanian (limba română),albalbastriuprafuit,alb albastriu prafuit,Alb albastriu prafuit,rgb,170,185,218,5,5,full,white,en,en,2.1.2,
079f06ff-f996-4aba-a319-904d0b95b455,ro,Romanian (limba română),movalbastriu,mov albastriu,Mov albastriu,rgb,82,66,198,5,6,full,white,en,en,2.1.2,
079f06ff-f996-4aba-a319-904d0b95b455,ro,Romanian (limba română),movdeschis,mov deschis,Mov deschis,rgb,118,122,218,5,7,full,white,en,en,2.1.2,
079f06ff-f996-4aba-a319-904d0b95b455,ro,Romanian (limba română),albverzui,alb verzui,Alb verzui,rgb,218,241,233,5,8,full,white,en,en,2.1.2,
079f06ff-f996-4aba-a319-904d0b95b455,ro,Romanian (limba română),marodeschis,maro deschis,Maro deschis,rgb,192,106,78,5,9,full,white,en,en,2.1.2,
079f06ff-f996-4aba-a319-904d0b95b455,ro,Romanian (limba română),verdeprazuriuinchis,verde prazuriu inchis,Verde prazuriu inchis,rgb,182,242,144,5,10,full,white,en,en,2.1.2,
079f06ff-f996-4aba-a319-904d0b95b455,ro,Romanian (limba română),verdeinnegrit,verde innegrit,Verde innegrit,rgb,102,111,88,5,11,full,white,en,en,2.1.2,
53af3682-3d24-4926-9d01-a87fa08c7c0b,ro,Romanian (limba română),verdepastel,verde pastel,Verde pastel,rgb,214,227,154,1,0,full,white,en,en,2.1.2,
53af3682-3d24-4926-9d01-a87fa08c7c0b,ro,Romanian (limba română),crem,crem,Crem,rgb,217,187,185,1,1,full,white,en,en,2.1.2,
53af3682-3d24-4926-9d01-a87fa08c7c0b,ro,Romanian (limba română),liliachiu,liliachiu,Liliachiu,rgb,120,83,158,1,2,full,white,en,en,2.1.2,
53af3682-3d24-4926-9d01-a87fa08c7c0b,ro,Romanian (limba română),bleumarine,bleumarine,Bleumarine,rgb,65,109,162,1,3,full,white,en,en,2.1.2,
53af3682-3d24-4926-9d01-a87fa08c7c0b,ro,Romanian (limba română),violet,violet,Violet,rgb,106,73,133,1,4,full,white,en,en,2.1.2,
53af3682-3d24-4926-9d01-a87fa08c7c0b,ro,Romanian (limba română),portocaliu,portocaliu,Portocaliu,rgb,249,155,49,1,5,full,white,en,en,2.1.2,
53af3682-3d24-4926-9d01-a87fa08c7c0b,ro,Romanian (limba română),indigo,indigo,Indigo,rgb,62,40,156,1,6,full,white,en,en,2.1.2,
53af3682-3d24-4926-9d01-a87fa08c7c0b,ro,Romanian (limba română),rosu,roșu,Roșu,rgb,211,13,40,1,7,full,white,en,en,2.1.2,
53af3682-3d24-4926-9d01-a87fa08c7c0b,ro,Romanian (limba română),indigoneon,indigo neon,Indigo neon,rgb,71,29,253,1,8,full,white,en,en,2.1.2,
53af3682-3d24-4926-9d01-a87fa08c7c0b,ro,Romanian (limba română),rozelectric,roz electric,Roz electric,rgb,242,73,160,1,9,full,white,en,en,2.1.2,
53af3682-3d24-4926-9d01-a87fa08c7c0b,ro,Romanian (limba română),cachi,cachi,Cachi,rgb,70,60,18,1,10,full,white,en,en,2.1.2,
53af3682-3d24-4926-9d01-a87fa08c7c0b,ro,Romanian (limba română),mov,mov,Mov,rgb,196,137,233,1,11,full,white,en,en,2.1.2,
53af3682-3d24-4926-9d01-a87fa08c7c0b,ro,Romanian (limba română),visiniu,vișiniu,Vișiniu,rgb,143,30,35,3,0,full,white,en,en,2.1.2,
53af3682-3d24-4926-9d01-a87fa08c7c0b,ro,Romanian (limba română),mov,mov,Mov,rgb,140,89,212,3,1,full,white,en,en,2.1.2,
53af3682-3d24-4926-9d01-a87fa08c7c0b,ro,Romanian (limba română),bej,bej,Bej,rgb,155,137,82,3,2,full,white,en,en,2.1.2,
53af3682-3d24-4926-9d01-a87fa08c7c0b,ro,Romanian (limba română),turcuaz,turcuaz,Turcuaz,rgb,119,233,224,3,3,full,white,en,en,2.1.2,
53af3682-3d24-4926-9d01-a87fa08c7c0b,ro,Romanian (limba română),liliachiu,liliachiu,Liliachiu,rgb,194,123,233,3,4,full,white,en,en,2.1.2,
53af3682-3d24-4926-9d01-a87fa08c7c0b,ro,Romanian (limba română),gricolorat,gri colorat,Gri colorat,rgb,83,117,152,3,5,full,white,en,en,2.1.2,
53af3682-3d24-4926-9d01-a87fa08c7c0b,ro,Romanian (limba română),albastru,albastru,Albastru,rgb,23,88,159,3,6,full,white,en,en,2.1.2,
53af3682-3d24-4926-9d01-a87fa08c7c0b,ro,Romanian (limba română),bleumarine,bleumarine,Bleumarine,rgb,42,44,116,3,7,full,white,en,en,2.1.2,
53af3682-3d24-4926-9d01-a87fa08c7c0b,ro,Romanian (limba română),violet,violet,Violet,rgb,169,72,160,3,8,full,white,en,en,2.1.2,
53af3682-3d24-4926-9d01-a87fa08c7c0b,ro,Romanian (limba română),mov,mov,Mov,rgb,118,72,196,3,9,full,white,en,en,2.1.2,
53af3682-3d24-4926-9d01-a87fa08c7c0b,ro,Romanian (limba română),babyblue,baby blue,Baby Blue,rgb,123,191,237,3,10,full,white,en,en,2.1.2,
53af3682-3d24-4926-9d01-a87fa08c7c0b,ro,Romanian (limba română),babypink,baby pink,Baby Pink,rgb,221,163,169,3,11,full,white,en,en,2.1.2,
53af3682-3d24-4926-9d01-a87fa08c7c0b,ro,Romanian (limba română),albastruelectric,albastru electric,Albastru electric,rgb,38,45,195,5,0,full,white,en,en,2.1.2,
53af3682-3d24-4926-9d01-a87fa08c7c0b,ro,Romanian (limba română),maro,maro,Maro,rgb,112,79,61,5,1,full,white,en,en,2.1.2,
53af3682-3d24-4926-9d01-a87fa08c7c0b,ro,Romanian (limba română),roz,roz,Roz,rgb,228,179,203,5,2,full,white,en,en,2.1.2,
53af3682-3d24-4926-9d01-a87fa08c7c0b,ro,Romanian (limba română),grirece,gri rece,Gri rece,rgb,151,167,192,5,3,full,white,en,en,2.1.2,
53af3682-3d24-4926-9d01-a87fa08c7c0b,ro,Romanian (limba română),violet,violet,Violet,rgb,189,40,183,5,4,full,white,en,en,2.1.2,
53af3682-3d24-4926-9d01-a87fa08c7c0b,ro,Romanian (limba română),mov,mov,Mov,rgb,121,70,191,5,5,full,white,en,en,2.1.2,
53af3682-3d24-4926-9d01-a87fa08c7c0b,ro,Romanian (limba română),verde,verde,Verde,rgb,45,162,91,5,6,full,white,en,en,2.1.2,
53af3682-3d24-4926-9d01-a87fa08c7c0b,ro,Romanian (limba română),rosupastel,roșu pastel,Roșu pastel,rgb,208,75,104,5,7,full,white,en,en,2.1.2,
53af3682-3d24-4926-9d01-a87fa08c7c0b,ro,Romanian (limba română),gricald,gri cald,Gri cald,rgb,177,172,200,5,8,full,white,en,en,2.1.2,
53af3682-3d24-4926-9d01-a87fa08c7c0b,ro,Romanian (limba română),cachi,cachi,Cachi,rgb,126,123,3,5,9,full,white,en,en,2.1.2,
53af3682-3d24-4926-9d01-a87fa08c7c0b,ro,Romanian (limba română),indigo,indigo,Indigo,rgb,66,41,214,5,10,full,white,en,en,2.1.2,
53af3682-3d24-4926-9d01-a87fa08c7c0b,ro,Romanian (limba română),verdeinchis,verde închis,Verde închis,rgb,8,97,21,5,11,full,white,en,en,2.1.2,
e379ddce-b5e3-430f-866e-1edd5ebe2df2,ro,Romanian (limba română),negru,negru,Negru,rgb,0,0,0,1,0,full,white,en,en,2.1.2,
e379ddce-b5e3-430f-866e-1edd5ebe2df2,ro,Romanian (limba română),albastru,albastru,Albastru,rgb,53,79,195,1,1,full,white,en,en,2.1.2,
e379ddce-b5e3-430f-866e-1edd5ebe2df2,ro,Romanian (limba română),roz,roz,Roz,rgb,206,92,148,1,2,full,white,en,en,2.1.2,
e379ddce-b5e3-430f-866e-1edd5ebe2df2,ro,Romanian (limba română),verdemijlociu,verde mijlociu,verde mijlociu,rgb,121,159,74,1,3,full,white,en,en,2.1.2,
e379ddce-b5e3-430f-866e-1edd5ebe2df2,ro,Romanian (limba română),verdeinchis,verde inchis,verde inchis,rgb,99,142,30,1,4,full,white,en,en,2.1.2,
e379ddce-b5e3-430f-866e-1edd5ebe2df2,ro,Romanian (limba română),galben,galben,galben,rgb,254,204,71,1,5,full,white,en,en,2.1.2,
e379ddce-b5e3-430f-866e-1edd5ebe2df2,ro,Romanian (limba română),albastrudeschis,albastru deschis,albastru deschis,rgb,145,174,207,1,6,full,white,en,en,2.1.2,
e379ddce-b5e3-430f-866e-1edd5ebe2df2,ro,Romanian (limba română),verdemaro,verde maro,verde-maro,rgb,115,126,67,1,7,full,white,en,en,2.1.2,
e379ddce-b5e3-430f-866e-1edd5ebe2df2,ro,Romanian (limba română),mov,mov,mov,rgb,88,78,123,1,8,full,white,en,en,2.1.2,
e379ddce-b5e3-430f-866e-1edd5ebe2df2,ro,Romanian (limba română),verdedeschis,verde deschis,verde deschis,rgb,158,205,30,1,10,full,white,en,en,2.1.2,
e379ddce-b5e3-430f-866e-1edd5ebe2df2,ro,Romanian (limba română),turcuazinchis,turcuaz inchis,turcuaz inchis,rgb,19,70,83,1,11,full,white,en,en,2.1.2,
5e95229d-3cb2-4598-b99b-b31a6297a518,ro,Romanian (limba română),mov,mov,mov,rgb,150,98,154,1,0,full,white,en,en,2.1.2,
5e95229d-3cb2-4598-b99b-b31a6297a518,ro,Romanian (limba română),albgalbui,alb gălbui,alb-gălbui,rgb,247,237,172,1,1,full,white,en,en,2.1.2,
5e95229d-3cb2-4598-b99b-b31a6297a518,ro,Romanian (limba română),liliac,liliac,liliac,rgb,141,124,234,1,2,full,white,en,en,2.1.2,
5e95229d-3cb2-4598-b99b-b31a6297a518,ro,Romanian (limba română),negru,negru,negru,rgb,8,0,19,1,3,full,white,en,en,2.1.2,
5e95229d-3cb2-4598-b99b-b31a6297a518,ro,Romanian (limba română),roz,roz,roz,rgb,201,93,168,1,4,full,white,en,en,2.1.2,
5e95229d-3cb2-4598-b99b-b31a6297a518,ro,Romanian (limba română),kaki,kaki,kaki,rgb,156,134,46,1,5,full,white,en,en,2.1.2,
5e95229d-3cb2-4598-b99b-b31a6297a518,ro,Romanian (limba română),verde,verde,verde,rgb,52,95,80,1,6,full,white,en,en,2.1.2,
5e95229d-3cb2-4598-b99b-b31a6297a518,ro,Romanian (limba română),negru,negru,negru,rgb,34,31,40,1,7,full,white,en,en,2.1.2,
5e95229d-3cb2-4598-b99b-b31a6297a518,ro,Romanian (limba română),verde,verde,verde,rgb,92,188,109,1,8,full,white,en,en,2.1.2,
5e95229d-3cb2-4598-b99b-b31a6297a518,ro,Romanian (limba română),vernil,vernil,vernil,rgb,159,184,157,1,9,full,white,en,en,2.1.2,
5e95229d-3cb2-4598-b99b-b31a6297a518,ro,Romanian (limba română),movinchis,mov închis,mov închis,rgb,100,66,101,1,10,full,white,en,en,2.1.2,
5e95229d-3cb2-4598-b99b-b31a6297a518,ro,Romanian (limba română),portocaliu,portocaliu,portocaliu,rgb,250,167,43,1,11,full,white,en,en,2.1.2,
5e95229d-3cb2-4598-b99b-b31a6297a518,ro,Romanian (limba română),roz,roz,roz,rgb,238,157,235,3,0,full,white,en,en,2.1.2,
5e95229d-3cb2-4598-b99b-b31a6297a518,ro,Romanian (limba română),coralinchis,coral închis,coral închis,rgb,221,111,129,3,1,full,white,en,en,2.1.2,
5e95229d-3cb2-4598-b99b-b31a6297a518,ro,Romanian (limba română),negru,negru,negru,rgb,0,0,0,3,2,full,white,en,en,2.1.2,
5e95229d-3cb2-4598-b99b-b31a6297a518,ro,Romanian (limba română),turcoazdeschis,turcoaz deschis,turcoaz deschis,rgb,125,222,205,3,3,full,white,en,en,2.1.2,
5e95229d-3cb2-4598-b99b-b31a6297a518,ro,Romanian (limba română),mov,mov,mov,rgb,184,136,185,3,4,full,white,en,en,2.1.2,
5e95229d-3cb2-4598-b99b-b31a6297a518,ro,Romanian (limba română),movalbastrui,mov albăstrui,mov albăstrui,rgb,101,118,248,3,5,full,white,en,en,2.1.2,
5e95229d-3cb2-4598-b99b-b31a6297a518,ro,Romanian (limba română),grena,grena,grena,rgb,134,37,45,3,6,full,white,en,en,2.1.2,
5e95229d-3cb2-4598-b99b-b31a6297a518,ro,Romanian (limba română),gri,gri,gri,rgb,63,68,90,3,7,full,white,en,en,2.1.2,
5e95229d-3cb2-4598-b99b-b31a6297a518,ro,Romanian (limba română),rozaprins,roz aprins,roz aprins,rgb,255,29,181,3,8,full,white,en,en,2.1.2,
5e95229d-3cb2-4598-b99b-b31a6297a518,ro,Romanian (limba română),rozaprins,roz aprins,roz aprins,rgb,254,46,187,3,9,full,white,en,en,2.1.2,
5e95229d-3cb2-4598-b99b-b31a6297a518,ro,Romanian (limba română),mov,mov,mov,rgb,160,132,214,3,10,full,white,en,en,2.1.2,
5e95229d-3cb2-4598-b99b-b31a6297a518,ro,Romanian (limba română),rozaprinsinchis,roz aprins închis,roz aprins închis,rgb,199,56,161,3,11,full,white,en,en,2.1.2,
5e95229d-3cb2-4598-b99b-b31a6297a518,ro,Romanian (limba română),albastruinchisaprins,albastru închis aprins,albastru închis aprins,rgb,41,5,103,5,0,full,white,en,en,2.1.2,
5e95229d-3cb2-4598-b99b-b31a6297a518,ro,Romanian (limba română),maro,maro,maro,rgb,144,69,40,5,1,full,white,en,en,2.1.2,
5e95229d-3cb2-4598-b99b-b31a6297a518,ro,Romanian (limba română),grialbastrui,gri albăstrui,gri albăstrui,rgb,156,164,201,5,2,full,white,en,en,2.1.2,
5e95229d-3cb2-4598-b99b-b31a6297a518,ro,Romanian (limba română),rozaprins,roz aprins,roz aprins,rgb,234,97,253,5,3,full,white,en,en,2.1.2,
5e95229d-3cb2-4598-b99b-b31a6297a518,ro,Romanian (limba română),movaprins,mov aprins,mov aprins,rgb,178,72,243,5,4,full,white,en,en,2.1.2,
5e95229d-3cb2-4598-b99b-b31a6297a518,ro,Romanian (limba română),negru,negru,negru,rgb,10,0,0,5,5,full,white,en,en,2.1.2,
5e95229d-3cb2-4598-b99b-b31a6297a518,ro,Romanian (limba română),mov,mov,mov,rgb,140,106,147,5,6,full,white,en,en,2.1.2,
5e95229d-3cb2-4598-b99b-b31a6297a518,ro,Romanian (limba română),rozmaroniu,roz maroniu,roz maroniu,rgb,150,92,114,5,7,full,white,en,en,2.1.2,
5e95229d-3cb2-4598-b99b-b31a6297a518,ro,Romanian (limba română),maro,maro,maro,rgb,136,77,36,5,8,full,white,en,en,2.1.2,
5e95229d-3cb2-4598-b99b-b31a6297a518,ro,Romanian (limba română),rozmaroniudeschis,roz maroniu deschis,roz maroniu deschis,rgb,188,144,159,5,9,full,white,en,en,2.1.2,
5e95229d-3cb2-4598-b99b-b31a6297a518,ro,Romanian (limba română),albastruinchis,albastru închis,albastru închis,rgb,52,86,149,5,10,full,white,en,en,2.1.2,
5e95229d-3cb2-4598-b99b-b31a6297a518,ro,Romanian (limba română),roz,roz,roz,rgb,217,62,134,5,11,full,white,en,en,2.1.2,
66cb3850-b9bd-4f38-bfe8-81cfeb795562,ro,Romanian (limba română),oliv,oliv,Oliv,p3,0.274201,0.254572,0.051336,1,0,full,white,en,en,2.1.2,
66cb3850-b9bd-4f38-bfe8-81cfeb795562,ro,Romanian (limba română),mov,mov,Mov,p3,0.318714,0.067103,0.255105,1,1,full,white,en,en,2.1.2,
66cb3850-b9bd-4f38-bfe8-81cfeb795562,ro,Romanian (limba română),turcoaz,turcoaz,Turcoaz,p3,0.219253,0.618383,0.750066,1,2,full,white,en,en,2.1.2,
66cb3850-b9bd-4f38-bfe8-81cfeb795562,ro,Romanian (limba română),petrol,petrol,Petrol,p3,0.275499,0.276076,0.323031,1,3,full,white,en,en,2.1.2,
66cb3850-b9bd-4f38-bfe8-81cfeb795562,ro,Romanian (limba română),rosu,roşu,Roşu,p3,0.932685,0.33374,0.289106,1,4,full,white,en,en,2.1.2,
66cb3850-b9bd-4f38-bfe8-81cfeb795562,ro,Romanian (limba română),lime,lime,Lime,p3,0.607188,0.729038,0.285593,1,5,full,white,en,en,2.1.2,
66cb3850-b9bd-4f38-bfe8-81cfeb795562,ro,Romanian (limba română),verdecrud,verde crud,Verde crud,p3,0.146373,0.603717,0.38486,1,6,full,white,en,en,2.1.2,
66cb3850-b9bd-4f38-bfe8-81cfeb795562,ro,Romanian (limba română),roz,roz,Roz,p3,0.796115,0.36669,0.514222,1,7,full,white,en,en,2.1.2,
66cb3850-b9bd-4f38-bfe8-81cfeb795562,ro,Romanian (limba română),lila,lila,Lila,p3,0.750453,0.725311,0.81218,1,8,full,white,en,en,2.1.2,
66cb3850-b9bd-4f38-bfe8-81cfeb795562,ro,Romanian (limba română),gri,gri,Gri,p3,0.455357,0.475343,0.495045,1,9,full,white,en,en,2.1.2,
66cb3850-b9bd-4f38-bfe8-81cfeb795562,ro,Romanian (limba română),negru,negru,Negru,p3,0.052304,0.013806,0.022107,1,10,full,white,en,en,2.1.2,
66cb3850-b9bd-4f38-bfe8-81cfeb795562,ro,Romanian (limba română),maro,maro,Maro,p3,0.250338,0.128465,0.092245,1,11,full,white,en,en,2.1.2,
66cb3850-b9bd-4f38-bfe8-81cfeb795562,ro,Romanian (limba română),verdeinchis,verde închis,Verde închis,p3,0.066564,0.337142,0.229214,3,0,full,white,en,en,2.1.2,
66cb3850-b9bd-4f38-bfe8-81cfeb795562,ro,Romanian (limba română),verdepraz,verde praz,Verde praz,p3,0.323819,0.753012,0.262951,3,2,full,white,en,en,2.1.2,
66cb3850-b9bd-4f38-bfe8-81cfeb795562,ro,Romanian (limba română),fucsia,fucsia,Fucsia,p3,0.946879,0.46282,0.669387,3,3,full,white,en,en,2.1.2,
66cb3850-b9bd-4f38-bfe8-81cfeb795562,ro,Romanian (limba română),ou,ou,Ou,p3,0.998029,0.990647,0.893521,3,4,full,white,en,en,2.1.2,
66cb3850-b9bd-4f38-bfe8-81cfeb795562,ro,Romanian (limba română),breumarin,breumarin,Breumarin,p3,0.107121,0.045333,0.278475,3,5,full,white,en,en,2.1.2,
66cb3850-b9bd-4f38-bfe8-81cfeb795562,ro,Romanian (limba română),turcuaz,turcuaz,Turcuaz,p3,0.567992,0.926407,0.94362,3,6,full,white,en,en,2.1.2,
66cb3850-b9bd-4f38-bfe8-81cfeb795562,ro,Romanian (limba română),rosu,rosu,Rosu,p3,0.773725,0.214524,0.19168,3,7,full,white,en,en,2.1.2,
66cb3850-b9bd-4f38-bfe8-81cfeb795562,ro,Romanian (limba română),lime,lime,Lime,p3,0.711752,0.935487,0.273956,3,8,full,white,en,en,2.1.2,
66cb3850-b9bd-4f38-bfe8-81cfeb795562,ro,Romanian (limba română),albastru,albastru,Albastru,p3,0.164017,0.305822,0.844235,3,9,full,white,en,en,2.1.2,
66cb3850-b9bd-4f38-bfe8-81cfeb795562,ro,Romanian (limba română),grej,grej,Grej,p3,0.634626,0.605658,0.537218,3,10,full,white,en,en,2.1.2,
66cb3850-b9bd-4f38-bfe8-81cfeb795562,ro,Romanian (limba română),grena,grena,Grena,p3,0.539585,0.065886,0.056331,3,11,full,white,en,en,2.1.2,
66cb3850-b9bd-4f38-bfe8-81cfeb795562,ro,Romanian (limba română),bleu,bleu,Bleu,p3,0.483417,0.575994,0.924065,5,0,full,white,en,en,2.1.2,
66cb3850-b9bd-4f38-bfe8-81cfeb795562,ro,Romanian (limba română),mov,mov,Mov,p3,0.498675,0.385174,0.91196,5,1,full,white,en,en,2.1.2,
66cb3850-b9bd-4f38-bfe8-81cfeb795562,ro,Romanian (limba română),portocaliu,portocaliu,Portocaliu,p3,0.878507,0.571376,0.20094,5,2,full,white,en,en,2.1.2,
66cb3850-b9bd-4f38-bfe8-81cfeb795562,ro,Romanian (limba română),verdepal,verde pal,Verde pal,p3,0.786539,0.886999,0.550174,5,3,full,white,en,en,2.1.2,
66cb3850-b9bd-4f38-bfe8-81cfeb795562,ro,Romanian (limba română),verde,verde,Verde,p3,0.300921,0.424822,0.25862,5,4,full,white,en,en,2.1.2,
66cb3850-b9bd-4f38-bfe8-81cfeb795562,ro,Romanian (limba română),lila,lila,Lila,p3,0.737201,0.588785,0.893597,5,6,full,white,en,en,2.1.2,
66cb3850-b9bd-4f38-bfe8-81cfeb795562,ro,Romanian (limba română),frez,frez,Frez,p3,0.987898,0.425738,0.943374,5,8,full,white,en,en,2.1.2,
66cb3850-b9bd-4f38-bfe8-81cfeb795562,ro,Romanian (limba română),piersica,piersica,Piersica,p3,0.973337,0.68358,0.734496,5,9,full,white,en,en,2.1.2,
66cb3850-b9bd-4f38-bfe8-81cfeb795562,ro,Romanian (limba română),mov,mov,Mov,p3,0.298714,0.212682,0.670003,5,10,full,white,en,en,2.1.2,
de840acf-c56b-4eb4-98bd-5a9ab7f1a4bd,ro,Romanian (limba română),albastruinchis,albastru închis,albastru închis,rgb,49,105,182,1,0,full,white,en,ro,2.1.2,
de840acf-c56b-4eb4-98bd-5a9ab7f1a4bd,ro,Romanian (limba română),gri,gri,gri,rgb,100,99,113,1,1,full,white,en,ro,2.1.2,
de840acf-c56b-4eb4-98bd-5a9ab7f1a4bd,ro,Romanian (limba română),violet,violet,violet,rgb,145,7,211,1,2,full,white,en,ro,2.1.2,
de840acf-c56b-4eb4-98bd-5a9ab7f1a4bd,ro,Romanian (limba română),verdedeschis,verde deschis,verde deschis,rgb,163,202,15,1,3,full,white,en,ro,2.1.2,
de840acf-c56b-4eb4-98bd-5a9ab7f1a4bd,ro,Romanian (limba română),galben,galben,galben,rgb,225,180,67,1,4,full,white,en,ro,2.1.2,
de840acf-c56b-4eb4-98bd-5a9ab7f1a4bd,ro,Romanian (limba română),bleumarin,bleumarin,bleumarin,rgb,14,14,58,1,5,full,white,en,ro,2.1.2,
de840acf-c56b-4eb4-98bd-5a9ab7f1a4bd,ro,Romanian (limba română),verdeinchis,verde închis,verde închis,rgb,65,193,62,1,6,full,white,en,ro,2.1.2,
de840acf-c56b-4eb4-98bd-5a9ab7f1a4bd,ro,Romanian (limba română),griinchis,gri închis,gri închis,rgb,52,48,66,1,7,full,white,en,ro,2.1.2,
de840acf-c56b-4eb4-98bd-5a9ab7f1a4bd,ro,Romanian (limba română),crem,crem,crem,rgb,185,153,127,1,8,full,white,en,ro,2.1.2,
de840acf-c56b-4eb4-98bd-5a9ab7f1a4bd,ro,Romanian (limba română),lila,lila,lila,rgb,183,118,242,1,9,full,white,en,ro,2.1.2,
de840acf-c56b-4eb4-98bd-5a9ab7f1a4bd,ro,Romanian (limba română),albastrudeschis,albastru deschis,albastru deschis,rgb,82,144,238,1,10,full,white,en,ro,2.1.2,
de840acf-c56b-4eb4-98bd-5a9ab7f1a4bd,ro,Romanian (limba română),mov,mov,mov,rgb,128,58,235,1,11,full,white,en,ro,2.1.2,
de840acf-c56b-4eb4-98bd-5a9ab7f1a4bd,ro,Romanian (limba română),magenta,magenta,magenta,rgb,178,43,103,3,0,full,white,en,ro,2.1.2,
de840acf-c56b-4eb4-98bd-5a9ab7f1a4bd,ro,Romanian (limba română),verdeinchis,verde închis,verde închis,rgb,113,179,3,3,1,full,white,en,ro,2.1.2,
de840acf-c56b-4eb4-98bd-5a9ab7f1a4bd,ro,Romanian (limba română),rosu,roșu,roșu,rgb,197,56,100,3,2,full,white,en,ro,2.1.2,
de840acf-c56b-4eb4-98bd-5a9ab7f1a4bd,ro,Romanian (limba română),portocaliupiersica,portocaliu piersică,portocaliu piersică,rgb,248,152,133,3,3,full,white,en,ro,2.1.2,
de840acf-c56b-4eb4-98bd-5a9ab7f1a4bd,ro,Romanian (limba română),lila,lila,lila,rgb,159,111,242,3,4,full,white,en,ro,2.1.2,
de840acf-c56b-4eb4-98bd-5a9ab7f1a4bd,ro,Romanian (limba română),maro,maro,maro,rgb,156,118,24,3,5,full,white,en,ro,2.1.2,
de840acf-c56b-4eb4-98bd-5a9ab7f1a4bd,ro,Romanian (limba română),turcuazdeschis,turcuaz deschis,turcuaz deschis,rgb,172,197,140,3,6,full,white,en,ro,2.1.2,
de840acf-c56b-4eb4-98bd-5a9ab7f1a4bd,ro,Romanian (limba română),visiniu,vișiniu,vișiniu,rgb,155,58,90,3,7,full,white,en,ro,2.1.2,
de840acf-c56b-4eb4-98bd-5a9ab7f1a4bd,ro,Romanian (limba română),lila,lila,lila,rgb,143,110,227,3,8,full,white,en,ro,2.1.2,
de840acf-c56b-4eb4-98bd-5a9ab7f1a4bd,ro,Romanian (limba română),mov,mov,mov,rgb,120,42,106,3,9,full,white,en,ro,2.1.2,
de840acf-c56b-4eb4-98bd-5a9ab7f1a4bd,ro,Romanian (limba română),lila,lila,lila,rgb,156,99,215,3,10,full,white,en,ro,2.1.2,
de840acf-c56b-4eb4-98bd-5a9ab7f1a4bd,ro,Romanian (limba română),grisspremov,gris spre mov,gris spre mov,rgb,118,89,102,3,11,full,white,en,ro,2.1.2,
de840acf-c56b-4eb4-98bd-5a9ab7f1a4bd,ro,Romanian (limba română),magentasters,magenta șters,magenta șters,rgb,165,91,124,5,0,full,white,en,ro,2.1.2,
de840acf-c56b-4eb4-98bd-5a9ab7f1a4bd,ro,Romanian (limba română),albastruinchis,albastru închis,albastru închis,rgb,67,88,97,5,1,full,white,en,ro,2.1.2,
de840acf-c56b-4eb4-98bd-5a9ab7f1a4bd,ro,Romanian (limba română),cian,cian,cian,rgb,123,177,241,5,2,full,white,en,ro,2.1.2,
de840acf-c56b-4eb4-98bd-5a9ab7f1a4bd,ro,Romanian (limba română),albastruspremov,albastru spre mov,albastru spre mov,rgb,107,95,125,5,3,full,white,en,ro,2.1.2,
de840acf-c56b-4eb4-98bd-5a9ab7f1a4bd,ro,Romanian (limba română),kaki,kaki,kaki,rgb,109,106,47,5,5,full,white,en,ro,2.1.2,
de840acf-c56b-4eb4-98bd-5a9ab7f1a4bd,ro,Romanian (limba română),roz,roz,roz,rgb,212,89,253,5,6,full,white,en,ro,2.1.2,
de840acf-c56b-4eb4-98bd-5a9ab7f1a4bd,ro,Romanian (limba română),turcuazdeschis,turcuaz deschis,turcuaz deschis,rgb,164,192,162,5,7,full,white,en,ro,2.1.2,
de840acf-c56b-4eb4-98bd-5a9ab7f1a4bd,ro,Romanian (limba română),magentainchis,magenta închis,magenta închis,rgb,110,50,80,5,8,full,white,en,ro,2.1.2,
de840acf-c56b-4eb4-98bd-5a9ab7f1a4bd,ro,Romanian (limba română),albastrudeschis,albastru deschis,albastru deschis,rgb,87,152,217,5,9,full,white,en,ro,2.1.2,
de840acf-c56b-4eb4-98bd-5a9ab7f1a4bd,ro,Romanian (limba română),crem,crem,crem,rgb,248,181,152,5,10,full,white,en,ro,2.1.2,
de840acf-c56b-4eb4-98bd-5a9ab7f1a4bd,ro,Romanian (limba română),risu,rișu,rișu,rgb,185,17,41,5,11,full,white,en,ro,2.1.2,
