participantId,langAbv,lang,name,standardized_entered_name,entered_name,colorSpace,r,g,b,trialNum,tileNum,rgbSet,background,instructionsLocale,browserLocale,studyVersion,originalLangAbv
3830,zh,"Chinese (中文 (Zhōngwén), 汉语, 漢語)",青,青色,青,rgb,0,255,182,1,0,line,white,en,,pilot,
3830,zh,"Chinese (中文 (Zhōngwén), 汉语, 漢語)",黄,黄色,黄,rgb,255,246,0,1,1,line,white,en,,pilot,
3830,zh,"Chinese (中文 (Zhōngwén), 汉语, 漢語)",荧光绿,荧光绿色,荧光绿,rgb,0,255,75,1,2,line,white,en,,pilot,
3830,zh,"Chinese (中文 (Zhōngwén), 汉语, 漢語)",天蓝,天蓝色,天蓝,rgb,0,158,255,1,3,line,white,en,,pilot,
3830,zh,"Chinese (中文 (Zhōngwén), 汉语, 漢語)",玫红,玫红色,玫红,rgb,255,0,163,1,4,line,white,en,,pilot,
3830,zh,"Chinese (中文 (Zhōngwén), 汉语, 漢語)",橘红,橘红色,橘红,rgb,255,77,0,1,5,line,white,en,,pilot,
3830,zh,"Chinese (中文 (Zhōngwén), 汉语, 漢語)",青绿,青绿色,青绿,rgb,0,255,125,1,6,line,white,en,,pilot,
3830,zh,"Chinese (中文 (Zhōngwén), 汉语, 漢語)",草绿,草绿色,草绿,rgb,117,255,0,1,7,line,white,en,,pilot,
3830,zh,"Chinese (中文 (Zhōngwén), 汉语, 漢語)",宝蓝,宝蓝色,宝蓝,rgb,46,0,255,1,8,line,white,en,,pilot,
3830,zh,"Chinese (中文 (Zhōngwén), 汉语, 漢語)",天蓝,天蓝色,天蓝,rgb,0,168,255,1,9,line,white,en,,pilot,
3830,zh,"Chinese (中文 (Zhōngwén), 汉语, 漢語)",青,青色,青,rgb,0,255,245,1,10,line,white,en,,pilot,
3830,zh,"Chinese (中文 (Zhōngwén), 汉语, 漢語)",玫红,玫红色,玫红,rgb,255,0,124,1,11,line,white,en,,pilot,
3830,zh,"Chinese (中文 (Zhōngwén), 汉语, 漢語)",紫红,紫红色,紫红,rgb,221,0,255,3,0,line,white,en,,pilot,
3830,zh,"Chinese (中文 (Zhōngwén), 汉语, 漢語)",蓝,蓝色,蓝,rgb,0,124,255,3,1,line,white,en,,pilot,
3830,zh,"Chinese (中文 (Zhōngwén), 汉语, 漢語)",黄绿,黄绿色,黄绿,rgb,196,255,0,3,2,line,white,en,,pilot,
3830,zh,"Chinese (中文 (Zhōngwén), 汉语, 漢語)",橙,橙色,橙,rgb,255,114,0,3,3,line,white,en,,pilot,
3830,zh,"Chinese (中文 (Zhōngwén), 汉语, 漢語)",深蓝,深蓝色,深蓝,rgb,0,62,255,3,4,line,white,en,,pilot,
3830,zh,"Chinese (中文 (Zhōngwén), 汉语, 漢語)",橘黄,橘黄色,橘黄,rgb,255,148,0,3,5,line,white,en,,pilot,
3830,zh,"Chinese (中文 (Zhōngwén), 汉语, 漢語)",浅天蓝,浅天蓝色,浅天蓝,rgb,0,227,255,3,6,line,white,en,,pilot,
3830,zh,"Chinese (中文 (Zhōngwén), 汉语, 漢語)",玫红,玫红色,玫红,rgb,255,0,182,3,7,line,white,en,,pilot,
3830,zh,"Chinese (中文 (Zhōngwén), 汉语, 漢語)",紫,紫色,紫,rgb,166,0,255,3,8,line,white,en,,pilot,
3830,zh,"Chinese (中文 (Zhōngwén), 汉语, 漢語)",鹅黄,鹅黄色,鹅黄,rgb,255,204,0,3,9,line,white,en,,pilot,
3830,zh,"Chinese (中文 (Zhōngwén), 汉语, 漢語)",黄,黄色,黄,rgb,255,174,0,3,10,line,white,en,,pilot,
3830,zh,"Chinese (中文 (Zhōngwén), 汉语, 漢語)",蓝,蓝色,蓝,rgb,0,107,255,3,11,line,white,en,,pilot,
3830,zh,"Chinese (中文 (Zhōngwén), 汉语, 漢語)",蓝,蓝色,蓝,rgb,0,73,255,6,0,line,white,en,,pilot,
3830,zh,"Chinese (中文 (Zhōngwén), 汉语, 漢語)",红,红色,红,rgb,255,0,46,6,1,line,white,en,,pilot,
3830,zh,"Chinese (中文 (Zhōngwén), 汉语, 漢語)",红,红色,红,rgb,255,0,82,6,2,line,white,en,,pilot,
3830,zh,"Chinese (中文 (Zhōngwén), 汉语, 漢語)",浅天蓝,浅天蓝色,浅天蓝,rgb,0,239,255,6,3,line,white,en,,pilot,
3830,zh,"Chinese (中文 (Zhōngwén), 汉语, 漢語)",荧光绿,荧光绿色,荧光绿,rgb,0,255,93,6,4,line,white,en,,pilot,
3830,zh,"Chinese (中文 (Zhōngwén), 汉语, 漢語)",红,红色,红,rgb,255,0,53,6,5,line,white,en,,pilot,
3830,zh,"Chinese (中文 (Zhōngwén), 汉语, 漢語)",黄,黄色,黄,rgb,255,218,0,6,6,line,white,en,,pilot,
3830,zh,"Chinese (中文 (Zhōngwén), 汉语, 漢語)",紫,紫色,紫,rgb,151,0,255,6,7,line,white,en,,pilot,
3830,zh,"Chinese (中文 (Zhōngwén), 汉语, 漢語)",草绿,草绿色,草绿,rgb,144,255,0,6,8,line,white,en,,pilot,
3830,zh,"Chinese (中文 (Zhōngwén), 汉语, 漢語)",青,青色,青,rgb,0,255,217,6,9,line,white,en,,pilot,
3830,zh,"Chinese (中文 (Zhōngwén), 汉语, 漢語)",玫红,玫红色,玫红,rgb,255,0,220,6,10,line,white,en,,pilot,
3830,zh,"Chinese (中文 (Zhōngwén), 汉语, 漢語)",天蓝,天蓝色,天蓝,rgb,0,195,255,6,11,line,white,en,,pilot,
4386,zh,"Chinese (中文 (Zhōngwén), 汉语, 漢語)",水绿,水绿色,水绿,rgb,0,255,140,1,0,line,white,en,,pilot,
4386,zh,"Chinese (中文 (Zhōngwén), 汉语, 漢語)",黄绿,黄绿色,黄绿,rgb,134,255,0,1,1,line,white,en,,pilot,
4386,zh,"Chinese (中文 (Zhōngwén), 汉语, 漢語)",蓝紫,蓝紫色,蓝紫,rgb,98,0,255,1,2,line,white,en,,pilot,
4386,zh,"Chinese (中文 (Zhōngwén), 汉语, 漢語)",蓝,蓝色,蓝色,rgb,0,74,255,1,3,line,white,en,,pilot,
4386,zh,"Chinese (中文 (Zhōngwén), 汉语, 漢語)",橙,橙色,橙,rgb,255,102,0,1,4,line,white,en,,pilot,
4386,zh,"Chinese (中文 (Zhōngwén), 汉语, 漢語)",鲜绿,鲜绿色,鲜绿,rgb,99,255,0,1,5,line,white,en,,pilot,
4386,zh,"Chinese (中文 (Zhōngwén), 汉语, 漢語)",西瓜红,西瓜红色,西瓜红,rgb,255,0,39,1,6,line,white,en,,pilot,
4386,zh,"Chinese (中文 (Zhōngwén), 汉语, 漢語)",浅蓝,浅蓝色,浅蓝,rgb,0,96,255,1,7,line,white,en,,pilot,
4386,zh,"Chinese (中文 (Zhōngwén), 汉语, 漢語)",黄,黄色,黄,rgb,255,242,0,1,8,line,white,en,,pilot,
4386,zh,"Chinese (中文 (Zhōngwén), 汉语, 漢語)",紫红,紫红色,紫红,rgb,252,0,255,1,9,line,white,en,,pilot,
4386,zh,"Chinese (中文 (Zhōngwén), 汉语, 漢語)",水绿,水绿色,水绿,rgb,0,255,116,1,10,line,white,en,,pilot,
4386,zh,"Chinese (中文 (Zhōngwén), 汉语, 漢語)",蓝,蓝色,蓝色,rgb,0,49,255,1,11,line,white,en,,pilot,
4386,zh,"Chinese (中文 (Zhōngwén), 汉语, 漢語)",鲜绿,鲜绿色,鲜绿,rgb,0,255,48,3,0,line,white,en,,pilot,
4386,zh,"Chinese (中文 (Zhōngwén), 汉语, 漢語)",桃红,桃红色,桃红,rgb,255,0,166,3,1,line,white,en,,pilot,
4386,zh,"Chinese (中文 (Zhōngwén), 汉语, 漢語)",蓝绿,蓝绿色,蓝绿,rgb,0,255,240,3,2,line,white,en,,pilot,
4386,zh,"Chinese (中文 (Zhōngwén), 汉语, 漢語)",浅绿,浅绿色,浅绿,rgb,0,255,177,3,3,line,white,en,,pilot,
4386,zh,"Chinese (中文 (Zhōngwén), 汉语, 漢語)",玫红,玫红色,玫红,rgb,255,0,209,3,4,line,white,en,,pilot,
4386,zh,"Chinese (中文 (Zhōngwén), 汉语, 漢語)",鹅黄,鹅黄色,鹅黄,rgb,255,193,0,3,5,line,white,en,,pilot,
4386,zh,"Chinese (中文 (Zhōngwén), 汉语, 漢語)",湖蓝,湖蓝色,湖蓝,rgb,0,172,255,3,6,line,white,en,,pilot,
4386,zh,"Chinese (中文 (Zhōngwén), 汉语, 漢語)",西瓜红,西瓜红色,西瓜红,rgb,255,0,61,3,7,line,white,en,,pilot,
4386,zh,"Chinese (中文 (Zhōngwén), 汉语, 漢語)",橙,橙色,橙,rgb,255,75,0,3,8,line,white,en,,pilot,
4386,zh,"Chinese (中文 (Zhōngwén), 汉语, 漢語)",橘黄,橘黄色,橘黄,rgb,255,144,0,3,9,line,white,en,,pilot,
4386,zh,"Chinese (中文 (Zhōngwén), 汉语, 漢語)",蓝,蓝色,蓝色,rgb,23,0,255,3,10,line,white,en,,pilot,
4386,zh,"Chinese (中文 (Zhōngwén), 汉语, 漢語)",柠檬黄,柠檬黄色,柠檬黄,rgb,252,255,0,3,11,line,white,en,,pilot,
4386,zh,"Chinese (中文 (Zhōngwén), 汉语, 漢語)",浅蓝,浅蓝色,浅蓝,rgb,0,184,255,6,0,line,white,en,,pilot,
4386,zh,"Chinese (中文 (Zhōngwén), 汉语, 漢語)",亮紫,亮紫色,亮紫,rgb,184,0,255,6,1,line,white,en,,pilot,
4386,zh,"Chinese (中文 (Zhōngwén), 汉语, 漢語)",蓝,蓝色,蓝色,rgb,0,119,255,6,2,line,white,en,,pilot,
4386,zh,"Chinese (中文 (Zhōngwén), 汉语, 漢語)",湖蓝,湖蓝色,湖蓝,rgb,0,224,255,6,3,line,white,en,,pilot,
4386,zh,"Chinese (中文 (Zhōngwén), 汉语, 漢語)",玫红,玫红色,玫红,rgb,255,0,229,6,4,line,white,en,,pilot,
4386,zh,"Chinese (中文 (Zhōngwén), 汉语, 漢語)",浅蓝,浅蓝色,浅蓝,rgb,0,150,255,6,5,line,white,en,,pilot,
4386,zh,"Chinese (中文 (Zhōngwén), 汉语, 漢語)",青,青色,青,rgb,0,246,255,6,6,line,white,en,,pilot,
4386,zh,"Chinese (中文 (Zhōngwén), 汉语, 漢語)",黄绿,黄绿色,黄绿,rgb,208,255,0,6,7,line,white,en,,pilot,
4386,zh,"Chinese (中文 (Zhōngwén), 汉语, 漢語)",桃红,桃红色,桃红,rgb,255,0,129,6,8,line,white,en,,pilot,
4386,zh,"Chinese (中文 (Zhōngwén), 汉语, 漢語)",浅绿,浅绿色,浅绿,rgb,0,255,191,6,9,line,white,en,,pilot,
4386,zh,"Chinese (中文 (Zhōngwén), 汉语, 漢語)",鹅黄,鹅黄色,鹅黄,rgb,255,157,0,6,10,line,white,en,,pilot,
4386,zh,"Chinese (中文 (Zhōngwén), 汉语, 漢語)",西瓜红,西瓜红色,西瓜红,rgb,255,0,94,6,11,line,white,en,,pilot,
4622,zh,"Chinese (中文 (Zhōngwén), 汉语, 漢語)",黄,黃色,黃,rgb,255,211,0,1,0,line,white,en,,1.1.2,
4622,zh,"Chinese (中文 (Zhōngwén), 汉语, 漢語)",紫红,紫紅色,紫紅,rgb,255,0,225,1,1,line,white,en,,1.1.2,
4622,zh,"Chinese (中文 (Zhōngwén), 汉语, 漢語)",桃红,桃紅色,桃紅,rgb,255,0,89,1,2,line,white,en,,1.1.2,
4622,zh,"Chinese (中文 (Zhōngwén), 汉语, 漢語)",青绿,青綠色,青綠,rgb,0,255,47,1,3,line,white,en,,1.1.2,
4622,zh,"Chinese (中文 (Zhōngwén), 汉语, 漢語)",紫红,紫紅色,紫紅,rgb,255,0,189,1,4,line,white,en,,1.1.2,
4622,zh,"Chinese (中文 (Zhōngwén), 汉语, 漢語)",浅蓝,淺藍色,淺藍,rgb,0,238,255,1,5,line,white,en,,1.1.2,
4622,zh,"Chinese (中文 (Zhōngwén), 汉语, 漢語)",天蓝,天藍色,天藍,rgb,0,118,255,1,6,line,white,en,,1.1.2,
4622,zh,"Chinese (中文 (Zhōngwén), 汉语, 漢語)",土黄,土黃色,土黃,rgb,255,215,0,1,7,line,white,en,,1.1.2,
4622,zh,"Chinese (中文 (Zhōngwén), 汉语, 漢語)",胭脂红,胭脂紅色,胭脂紅,rgb,255,0,123,1,8,line,white,en,,1.1.2,
4622,zh,"Chinese (中文 (Zhōngwén), 汉语, 漢語)",橙,橙色,橙,rgb,255,75,0,1,9,line,white,en,,1.1.2,
4622,zh,"Chinese (中文 (Zhōngwén), 汉语, 漢語)",宝蓝,寶藍色,寶藍,rgb,0,59,255,1,10,line,white,en,,1.1.2,
4622,zh,"Chinese (中文 (Zhōngwén), 汉语, 漢語)",紫,紫色,紫,rgb,155,0,255,1,11,line,white,en,,1.1.2,
4622,zh,"Chinese (中文 (Zhōngwén), 汉语, 漢語)",蓝,藍色,藍,rgb,0,67,255,3,0,line,white,en,,1.1.2,
4622,zh,"Chinese (中文 (Zhōngwén), 汉语, 漢語)",天蓝,天藍色,天藍,rgb,0,100,255,3,1,line,white,en,,1.1.2,
4622,zh,"Chinese (中文 (Zhōngwén), 汉语, 漢語)",绿,綠色,綠色,rgb,0,255,197,3,2,line,white,en,,1.1.2,
4622,zh,"Chinese (中文 (Zhōngwén), 汉语, 漢語)",浅橙,淺橙色,淺橙,rgb,255,151,0,3,3,line,white,en,,1.1.2,
4622,zh,"Chinese (中文 (Zhōngwén), 汉语, 漢語)",深橙,深橙色,深橙,rgb,255,100,0,3,4,line,white,en,,1.1.2,
4622,zh,"Chinese (中文 (Zhōngwén), 汉语, 漢語)",土黄,土黃色,土黃,rgb,189,255,0,3,5,line,white,en,,1.1.2,
4622,zh,"Chinese (中文 (Zhōngwén), 汉语, 漢語)",灰蓝,灰藍色,灰藍,rgb,0,179,255,3,6,line,white,en,,1.1.2,
4622,zh,"Chinese (中文 (Zhōngwén), 汉语, 漢語)",蓝绿,藍綠色,藍綠,rgb,0,255,227,3,7,line,white,en,,1.1.2,
4622,zh,"Chinese (中文 (Zhōngwén), 汉语, 漢語)",宝蓝,寶藍色,寶藍,rgb,0,14,255,3,8,line,white,en,,1.1.2,
4622,zh,"Chinese (中文 (Zhōngwén), 汉语, 漢語)",紫,紫色,紫,rgb,229,0,255,3,9,line,white,en,,1.1.2,
4622,zh,"Chinese (中文 (Zhōngwén), 汉语, 漢語)",浅蓝,淺藍色,淺藍,rgb,0,211,255,3,10,line,white,en,,1.1.2,
4622,zh,"Chinese (中文 (Zhōngwén), 汉语, 漢語)",翠绿,翠綠色,翠綠,rgb,0,255,160,3,11,line,white,en,,1.1.2,
4622,zh,"Chinese (中文 (Zhōngwén), 汉语, 漢語)",黄,黃色,黃,rgb,236,255,0,6,0,line,white,en,,1.1.2,
4622,zh,"Chinese (中文 (Zhōngwén), 汉语, 漢語)",绿,綠色,綠,rgb,0,255,141,6,1,line,white,en,,1.1.2,
4622,zh,"Chinese (中文 (Zhōngwén), 汉语, 漢語)",桃红,桃紅色,桃紅,rgb,255,0,163,6,2,line,white,en,,1.1.2,
4622,zh,"Chinese (中文 (Zhōngwén), 汉语, 漢語)",青,青色,青,rgb,127,255,0,6,3,line,white,en,,1.1.2,
4622,zh,"Chinese (中文 (Zhōngwén), 汉语, 漢語)",天蓝,天藍色,天藍,rgb,0,157,255,6,4,line,white,en,,1.1.2,
4622,zh,"Chinese (中文 (Zhōngwén), 汉语, 漢語)",紫,紫色,紫,rgb,190,0,255,6,5,line,white,en,,1.1.2,
4622,zh,"Chinese (中文 (Zhōngwén), 汉语, 漢語)",青绿,青綠色,青綠,rgb,0,255,79,6,6,line,white,en,,1.1.2,
4622,zh,"Chinese (中文 (Zhōngwén), 汉语, 漢語)",红,紅色,紅,rgb,255,0,76,6,7,line,white,en,,1.1.2,
4622,zh,"Chinese (中文 (Zhōngwén), 汉语, 漢語)",鲜红,鮮紅色,鮮紅,rgb,255,0,36,6,8,line,white,en,,1.1.2,
4622,zh,"Chinese (中文 (Zhōngwén), 汉语, 漢語)",青,青色,青,rgb,146,255,0,6,9,line,white,en,,1.1.2,
4622,zh,"Chinese (中文 (Zhōngwén), 汉语, 漢語)",浅橙,淺橙色,淺橙,rgb,255,161,0,6,10,line,white,en,,1.1.2,
4622,zh,"Chinese (中文 (Zhōngwén), 汉语, 漢語)",浅蓝,淺藍色,淺藍,rgb,0,191,255,6,11,line,white,en,,1.1.2,
4724,zh,"Chinese (中文 (Zhōngwén), 汉语, 漢語)",橘,橘色,橘色,rgb,255,117,0,1,0,line,white,en,,1.1.2,
4724,zh,"Chinese (中文 (Zhōngwén), 汉语, 漢語)",黄,黃色,黃,rgb,255,176,0,1,1,line,white,en,,1.1.2,
4724,zh,"Chinese (中文 (Zhōngwén), 汉语, 漢語)",粉,粉色,粉,rgb,255,0,101,1,2,line,white,en,,1.1.2,
4724,zh,"Chinese (中文 (Zhōngwén), 汉语, 漢語)",黄,黃色,黃,rgb,255,194,0,1,3,line,white,en,,1.1.2,
4724,zh,"Chinese (中文 (Zhōngwén), 汉语, 漢語)",蓝,藍色,藍,rgb,0,151,255,1,4,line,white,en,,1.1.2,
4724,zh,"Chinese (中文 (Zhōngwén), 汉语, 漢語)",绿,綠色,綠,rgb,0,255,167,1,5,line,white,en,,1.1.2,
4724,zh,"Chinese (中文 (Zhōngwén), 汉语, 漢語)",紫,紫色,紫,rgb,215,0,255,1,6,line,white,en,,1.1.2,
4724,zh,"Chinese (中文 (Zhōngwén), 汉语, 漢語)",深蓝,深藍色,深藍,rgb,0,92,255,1,7,line,white,en,,1.1.2,
4724,zh,"Chinese (中文 (Zhōngwén), 汉语, 漢語)",蓝,藍色,藍,rgb,0,125,255,1,8,line,white,en,,1.1.2,
4724,zh,"Chinese (中文 (Zhōngwén), 汉语, 漢語)",青,青色,青,rgb,0,251,255,1,9,line,white,en,,1.1.2,
4724,zh,"Chinese (中文 (Zhōngwén), 汉语, 漢語)",绿,綠色,綠,rgb,0,255,75,1,10,line,white,en,,1.1.2,
4724,zh,"Chinese (中文 (Zhōngwén), 汉语, 漢語)",浅蓝,淺藍色,淺藍,rgb,0,174,255,1,11,line,white,en,,1.1.2,
4724,zh,"Chinese (中文 (Zhōngwén), 汉语, 漢語)",深蓝,深藍色,深藍,rgb,0,59,255,3,0,line,white,en,,1.1.2,
4724,zh,"Chinese (中文 (Zhōngwén), 汉语, 漢語)",绿,綠色,綠,rgb,0,255,89,3,1,line,white,en,,1.1.2,
4724,zh,"Chinese (中文 (Zhōngwén), 汉语, 漢語)",浅蓝,淺藍色,淺藍,rgb,0,220,255,3,2,line,white,en,,1.1.2,
4724,zh,"Chinese (中文 (Zhōngwén), 汉语, 漢語)",红,紅色,紅,rgb,255,68,0,3,3,line,white,en,,1.1.2,
4724,zh,"Chinese (中文 (Zhōngwén), 汉语, 漢語)",蓝绿,藍綠色,藍綠,rgb,0,255,199,3,4,line,white,en,,1.1.2,
4724,zh,"Chinese (中文 (Zhōngwén), 汉语, 漢語)",绿,綠色,綠,rgb,90,255,0,3,5,line,white,en,,1.1.2,
4724,zh,"Chinese (中文 (Zhōngwén), 汉语, 漢語)",粉,粉色,粉,rgb,255,0,194,3,6,line,white,en,,1.1.2,
4724,zh,"Chinese (中文 (Zhōngwén), 汉语, 漢語)",黄绿,黃綠色,黃綠,rgb,177,255,0,3,7,line,white,en,,1.1.2,
4724,zh,"Chinese (中文 (Zhōngwén), 汉语, 漢語)",黄,黃色,黃,rgb,255,253,0,3,8,line,white,en,,1.1.2,
4724,zh,"Chinese (中文 (Zhōngwén), 汉语, 漢語)",粉,粉色,粉,rgb,255,0,255,3,9,line,white,en,,1.1.2,
4724,zh,"Chinese (中文 (Zhōngwén), 汉语, 漢語)",浅蓝,淺藍色,淺藍,rgb,0,193,255,3,10,line,white,en,,1.1.2,
4724,zh,"Chinese (中文 (Zhōngwén), 汉语, 漢語)",黄,黃色,黃,rgb,255,228,0,3,11,line,white,en,,1.1.2,
4724,zh,"Chinese (中文 (Zhōngwén), 汉语, 漢語)",蓝,藍色,藍,rgb,0,79,255,6,0,line,white,en,,1.1.2,
4724,zh,"Chinese (中文 (Zhōngwén), 汉语, 漢語)",绿,綠色,綠,rgb,0,255,127,6,1,line,white,en,,1.1.2,
4724,zh,"Chinese (中文 (Zhōngwén), 汉语, 漢語)",红,紅色,紅,rgb,255,0,14,6,2,line,white,en,,1.1.2,
4724,zh,"Chinese (中文 (Zhōngwén), 汉语, 漢語)",粉红,粉紅色,粉紅,rgb,255,0,168,6,3,line,white,en,,1.1.2,
4724,zh,"Chinese (中文 (Zhōngwén), 汉语, 漢語)",红,紅色,紅,rgb,255,0,65,6,4,line,white,en,,1.1.2,
4724,zh,"Chinese (中文 (Zhōngwén), 汉语, 漢語)",蓝,藍色,藍,rgb,0,2,255,6,5,line,white,en,,1.1.2,
4724,zh,"Chinese (中文 (Zhōngwén), 汉语, 漢語)",粉,粉色,粉,rgb,255,0,226,6,6,line,white,en,,1.1.2,
4724,zh,"Chinese (中文 (Zhōngwén), 汉语, 漢語)",朱,朱色,朱,rgb,255,0,126,6,7,line,white,en,,1.1.2,
4724,zh,"Chinese (中文 (Zhōngwén), 汉语, 漢語)",黄绿,黃綠色,黃綠,rgb,205,255,0,6,8,line,white,en,,1.1.2,
4724,zh,"Chinese (中文 (Zhōngwén), 汉语, 漢語)",青,青色,青,rgb,0,255,239,6,9,line,white,en,,1.1.2,
4724,zh,"Chinese (中文 (Zhōngwén), 汉语, 漢語)",橘,橘色,橘,rgb,255,130,0,6,10,line,white,en,,1.1.2,
4724,zh,"Chinese (中文 (Zhōngwén), 汉语, 漢語)",蓝紫,藍紫色,藍紫,rgb,125,0,255,6,11,line,white,en,,1.1.2,
4737,zh,"Chinese (中文 (Zhōngwén), 汉语, 漢語)",桃红,桃紅色,桃紅,rgb,255,0,155,1,0,line,white,en,,1.1.2,
4737,zh,"Chinese (中文 (Zhōngwén), 汉语, 漢語)",亮蓝,亮藍色,亮藍,rgb,0,33,255,1,1,line,white,en,,1.1.2,
4737,zh,"Chinese (中文 (Zhōngwén), 汉语, 漢語)",天蓝,天藍色,天藍,rgb,0,177,255,1,2,line,white,en,,1.1.2,
4737,zh,"Chinese (中文 (Zhōngwén), 汉语, 漢語)",荧光绿,螢光綠色,螢光綠,rgb,0,255,151,1,3,line,white,en,,1.1.2,
4737,zh,"Chinese (中文 (Zhōngwén), 汉语, 漢語)",红,紅色,紅,rgb,255,0,98,1,4,line,white,en,,1.1.2,
4737,zh,"Chinese (中文 (Zhōngwén), 汉语, 漢語)",土黄,土黃色,土黃,rgb,255,178,0,1,5,line,white,en,,1.1.2,
4737,zh,"Chinese (中文 (Zhōngwén), 汉语, 漢語)",亮红,亮紅色,亮紅,rgb,255,0,124,1,6,line,white,en,,1.1.2,
4737,zh,"Chinese (中文 (Zhōngwén), 汉语, 漢語)",深蓝,深藍色,深藍,rgb,0,41,255,1,7,line,white,en,,1.1.2,
4737,zh,"Chinese (中文 (Zhōngwén), 汉语, 漢語)",紫,紫色,紫,rgb,115,0,255,1,8,line,white,en,,1.1.2,
4737,zh,"Chinese (中文 (Zhōngwén), 汉语, 漢語)",朱,朱色,朱,rgb,255,0,38,1,9,line,white,en,,1.1.2,
4737,zh,"Chinese (中文 (Zhōngwén), 汉语, 漢語)",黄,黃色,黃,rgb,255,189,0,1,10,line,white,en,,1.1.2,
4737,zh,"Chinese (中文 (Zhōngwén), 汉语, 漢語)",萤光蓝,螢光藍色,螢光藍,rgb,0,196,255,1,11,line,white,en,,1.1.2,
4737,zh,"Chinese (中文 (Zhōngwén), 汉语, 漢語)",亮桃红,亮桃紅色,亮桃紅,rgb,255,0,230,3,0,line,white,en,,1.1.2,
4737,zh,"Chinese (中文 (Zhōngwén), 汉语, 漢語)",蒂芬尼绿,蒂芬尼綠色,蒂芬尼綠,rgb,0,255,206,3,1,line,white,en,,1.1.2,
4737,zh,"Chinese (中文 (Zhōngwén), 汉语, 漢語)",大红,大紅色,大紅,rgb,255,25,0,3,2,line,white,en,,1.1.2,
4737,zh,"Chinese (中文 (Zhōngwén), 汉语, 漢語)",亮墨绿,亮墨綠色,亮墨綠,rgb,154,255,0,3,3,line,white,en,,1.1.2,
4737,zh,"Chinese (中文 (Zhōngwén), 汉语, 漢語)",亮绿,亮綠色,亮綠,rgb,95,255,0,3,4,line,white,en,,1.1.2,
4737,zh,"Chinese (中文 (Zhōngwén), 汉语, 漢語)",蓝,藍色,藍,rgb,0,147,255,3,5,line,white,en,,1.1.2,
4737,zh,"Chinese (中文 (Zhōngwén), 汉语, 漢語)",黄,黃色,黃,rgb,255,221,0,3,6,line,white,en,,1.1.2,
4737,zh,"Chinese (中文 (Zhōngwén), 汉语, 漢語)",紫红,紫紅色,紫紅,rgb,255,0,204,3,7,line,white,en,,1.1.2,
4737,zh,"Chinese (中文 (Zhōngwén), 汉语, 漢語)",萤光蓝,螢光藍色,螢光藍,rgb,0,255,236,3,8,line,white,en,,1.1.2,
4737,zh,"Chinese (中文 (Zhōngwén), 汉语, 漢語)",亮紫,亮紫色,亮紫,rgb,255,0,246,3,9,line,white,en,,1.1.2,
4737,zh,"Chinese (中文 (Zhōngwén), 汉语, 漢語)",紫,紫色,紫,rgb,202,0,255,3,10,line,white,en,,1.1.2,
4737,zh,"Chinese (中文 (Zhōngwén), 汉语, 漢語)",荧光绿,螢光綠色,螢光綠,rgb,0,255,165,3,11,line,white,en,,1.1.2,
4737,zh,"Chinese (中文 (Zhōngwén), 汉语, 漢語)",浅蓝,淺藍色,淺藍,rgb,0,129,255,6,0,line,white,en,,1.1.2,
4737,zh,"Chinese (中文 (Zhōngwén), 汉语, 漢語)",萤光蓝,螢光藍色,螢光藍,rgb,0,230,255,6,1,line,white,en,,1.1.2,
4737,zh,"Chinese (中文 (Zhōngwén), 汉语, 漢語)",红,紅色,紅,rgb,255,0,69,6,2,line,white,en,,1.1.2,
4737,zh,"Chinese (中文 (Zhōngwén), 汉语, 漢語)",亮绿,亮綠色,亮綠,rgb,0,255,13,6,3,line,white,en,,1.1.2,
4737,zh,"Chinese (中文 (Zhōngwén), 汉语, 漢語)",橘,橘色,橘,rgb,255,147,0,6,4,line,white,en,,1.1.2,
4737,zh,"Chinese (中文 (Zhōngwén), 汉语, 漢語)",亮蓝,亮藍色,亮藍,rgb,0,112,255,6,5,line,white,en,,1.1.2,
4737,zh,"Chinese (中文 (Zhōngwén), 汉语, 漢語)",黄,黃色,黃,rgb,239,255,0,6,6,line,white,en,,1.1.2,
4737,zh,"Chinese (中文 (Zhōngwén), 汉语, 漢語)",蓝,藍色,藍,rgb,0,79,255,6,7,line,white,en,,1.1.2,
4737,zh,"Chinese (中文 (Zhōngwén), 汉语, 漢語)",土黄,土黃色,土黃,rgb,218,255,0,6,8,line,white,en,,1.1.2,
4737,zh,"Chinese (中文 (Zhōngwén), 汉语, 漢語)",萤光蓝,螢光藍色,螢光藍,rgb,0,253,255,6,9,line,white,en,,1.1.2,
4737,zh,"Chinese (中文 (Zhōngwén), 汉语, 漢語)",深橘,深橘色,深橘,rgb,255,98,0,6,10,line,white,en,,1.1.2,
4737,zh,"Chinese (中文 (Zhōngwén), 汉语, 漢語)",亮墨绿,亮墨綠色,亮墨綠,rgb,0,255,88,6,11,line,white,en,,1.1.2,
0,zh,"Chinese (中文 (Zhōngwén), 汉语, 漢語)",蓝,蓝色,蓝,rgb,0,107,255,1,0,line,white,en,,1.1.2,
0,zh,"Chinese (中文 (Zhōngwén), 汉语, 漢語)",绿,绿色,绿,rgb,163,255,0,1,1,line,white,en,,1.1.2,
0,zh,"Chinese (中文 (Zhōngwén), 汉语, 漢語)",橘黄,橘黄色,橘黄,rgb,255,136,0,1,2,line,white,en,,1.1.2,
0,zh,"Chinese (中文 (Zhōngwén), 汉语, 漢語)",橙,橙色,橙,rgb,255,102,0,1,3,line,white,en,,1.1.2,
0,zh,"Chinese (中文 (Zhōngwén), 汉语, 漢語)",粉红,粉红色,粉红,rgb,255,0,119,1,4,line,white,en,,1.1.2,
0,zh,"Chinese (中文 (Zhōngwén), 汉语, 漢語)",路,路色,路,rgb,211,255,0,1,5,line,white,en,,1.1.2,
0,zh,"Chinese (中文 (Zhōngwén), 汉语, 漢語)",粉红,粉红色,粉红,rgb,255,0,104,1,6,line,white,en,,1.1.2,
0,zh,"Chinese (中文 (Zhōngwén), 汉语, 漢語)",天蓝,天蓝色,天蓝,rgb,0,157,255,1,7,line,white,en,,1.1.2,
0,zh,"Chinese (中文 (Zhōngwén), 汉语, 漢語)",黄,黄色,黄,rgb,255,180,0,1,8,line,white,en,,1.1.2,
0,zh,"Chinese (中文 (Zhōngwén), 汉语, 漢語)",宝蓝,宝蓝色,宝蓝,rgb,0,240,255,1,10,line,white,en,,1.1.2,
0,zh,"Chinese (中文 (Zhōngwén), 汉语, 漢語)",紫,紫色,紫,rgb,255,0,214,1,11,line,white,en,,1.1.2,
0,zh,"Chinese (中文 (Zhōngwén), 汉语, 漢語)",蓝,蓝色,蓝,rgb,0,133,255,3,0,line,white,en,,1.1.2,
0,zh,"Chinese (中文 (Zhōngwén), 汉语, 漢語)",蓝绿,蓝绿色,蓝绿,rgb,0,255,197,3,1,line,white,en,,1.1.2,
0,zh,"Chinese (中文 (Zhōngwén), 汉语, 漢語)",蓝,蓝色,蓝,rgb,0,67,255,3,2,line,white,en,,1.1.2,
0,zh,"Chinese (中文 (Zhōngwén), 汉语, 漢語)",深蓝,深蓝色,深蓝,rgb,53,0,255,3,3,line,white,en,,1.1.2,
0,zh,"Chinese (中文 (Zhōngwén), 汉语, 漢語)",浅蓝,浅蓝色,浅蓝,rgb,0,202,255,3,4,line,white,en,,1.1.2,
0,zh,"Chinese (中文 (Zhōngwén), 汉语, 漢語)",土黄,土黄色,土黄,rgb,255,193,0,3,5,line,white,en,,1.1.2,
0,zh,"Chinese (中文 (Zhōngwén), 汉语, 漢語)",绿,绿色,绿,rgb,112,255,0,3,6,line,white,en,,1.1.2,
0,zh,"Chinese (中文 (Zhōngwén), 汉语, 漢語)",粉红,粉红色,粉红,rgb,255,0,202,3,7,line,white,en,,1.1.2,
0,zh,"Chinese (中文 (Zhōngwén), 汉语, 漢語)",草绿,草绿色,草绿,rgb,0,255,152,3,8,line,white,en,,1.1.2,
0,zh,"Chinese (中文 (Zhōngwén), 汉语, 漢語)",红,红色,红,rgb,255,0,73,3,9,line,white,en,,1.1.2,
0,zh,"Chinese (中文 (Zhōngwén), 汉语, 漢語)",黄,黄色,黄,rgb,255,251,0,3,10,line,white,en,,1.1.2,
0,zh,"Chinese (中文 (Zhōngwén), 汉语, 漢語)",紫,紫色,紫,rgb,134,0,255,3,11,line,white,en,,1.1.2,
0,zh,"Chinese (中文 (Zhōngwén), 汉语, 漢語)",粉红,粉红色,粉红,rgb,255,0,252,6,0,line,white,en,,1.1.2,
0,zh,"Chinese (中文 (Zhōngwén), 汉语, 漢語)",绿,绿色,绿,rgb,0,255,184,6,1,line,white,en,,1.1.2,
0,zh,"Chinese (中文 (Zhōngwén), 汉语, 漢語)",宝蓝,宝蓝色,宝蓝,rgb,0,206,255,6,2,line,white,en,,1.1.2,
0,zh,"Chinese (中文 (Zhōngwén), 汉语, 漢語)",紫,紫色,紫,rgb,200,0,255,6,3,line,white,en,,1.1.2,
0,zh,"Chinese (中文 (Zhōngwén), 汉语, 漢語)",绿,绿色,绿,rgb,0,255,50,6,4,line,white,en,,1.1.2,
0,zh,"Chinese (中文 (Zhōngwén), 汉语, 漢語)",红,红色,红,rgb,255,0,35,6,5,line,white,en,,1.1.2,
0,zh,"Chinese (中文 (Zhōngwén), 汉语, 漢語)",橙,橙色,橙,rgb,255,81,0,6,6,line,white,en,,1.1.2,
0,zh,"Chinese (中文 (Zhōngwén), 汉语, 漢語)",紫红,红紫色,红紫,rgb,255,0,169,6,8,line,white,en,,1.1.2,
0,zh,"Chinese (中文 (Zhōngwén), 汉语, 漢語)",蓝绿,蓝绿色,蓝绿,rgb,0,255,252,6,9,line,white,en,,1.1.2,
0,zh,"Chinese (中文 (Zhōngwén), 汉语, 漢語)",黄,黄色,黄,rgb,255,223,0,6,10,line,white,en,,1.1.2,
0,zh,"Chinese (中文 (Zhōngwén), 汉语, 漢語)",天蓝,天蓝色,天蓝,rgb,0,180,255,6,11,line,white,en,,1.1.2,
4797,zh,"Chinese (中文 (Zhōngwén), 汉语, 漢語)",蓝,蓝色,蓝色,rgb,0,187,255,1,0,line,white,en,,1.1.2,
4797,zh,"Chinese (中文 (Zhōngwén), 汉语, 漢語)",绿,绿色,绿色,rgb,0,255,131,1,1,line,white,en,,1.1.2,
4797,zh,"Chinese (中文 (Zhōngwén), 汉语, 漢語)",紫,紫色,紫色,rgb,194,0,255,1,2,line,white,en,,1.1.2,
4797,zh,"Chinese (中文 (Zhōngwén), 汉语, 漢語)",浅黄,浅黄色,浅黄,rgb,227,255,0,1,3,line,white,en,,1.1.2,
4797,zh,"Chinese (中文 (Zhōngwén), 汉语, 漢語)",亮紫,亮紫色,亮紫,rgb,255,0,216,1,4,line,white,en,,1.1.2,
4797,zh,"Chinese (中文 (Zhōngwén), 汉语, 漢語)",青绿,青绿色,青绿,rgb,0,255,33,1,5,line,white,en,,1.1.2,
4797,zh,"Chinese (中文 (Zhōngwén), 汉语, 漢語)",淡蓝,淡蓝色,淡蓝,rgb,0,226,255,1,6,line,white,en,,1.1.2,
4797,zh,"Chinese (中文 (Zhōngwén), 汉语, 漢語)",蓝,蓝色,蓝色,rgb,0,113,255,1,7,line,white,en,,1.1.2,
4797,zh,"Chinese (中文 (Zhōngwén), 汉语, 漢語)",天蓝,天蓝色,天蓝,rgb,0,255,250,1,8,line,white,en,,1.1.2,
4797,zh,"Chinese (中文 (Zhōngwén), 汉语, 漢語)",黄,黄色,黄色,rgb,255,251,0,1,9,line,white,en,,1.1.2,
4797,zh,"Chinese (中文 (Zhōngwén), 汉语, 漢語)",草绿,草绿色,草绿,rgb,74,255,0,1,10,line,white,en,,1.1.2,
4797,zh,"Chinese (中文 (Zhōngwén), 汉语, 漢語)",青,青色,青色,rgb,0,255,212,1,11,line,white,en,,1.1.2,
4808,zh,"Chinese (中文 (Zhōngwén), 汉语, 漢語)",蓝,蓝色,蓝,rgb,50,0,255,1,0,line,white,en,,1.1.2,
4808,zh,"Chinese (中文 (Zhōngwén), 汉语, 漢語)",红,红色,红,rgb,255,0,43,1,1,line,white,en,,1.1.2,
4808,zh,"Chinese (中文 (Zhōngwén), 汉语, 漢語)",紫,紫色,紫,rgb,235,0,255,1,2,line,white,en,,1.1.2,
4808,zh,"Chinese (中文 (Zhōngwén), 汉语, 漢語)",黄,黄色,黄,rgb,255,253,0,1,3,line,white,en,,1.1.2,
4808,zh,"Chinese (中文 (Zhōngwén), 汉语, 漢語)",紫,紫色,紫,rgb,255,0,223,1,4,line,white,en,,1.1.2,
4808,zh,"Chinese (中文 (Zhōngwén), 汉语, 漢語)",绿,绿色,绿,rgb,0,255,78,1,5,line,white,en,,1.1.2,
4808,zh,"Chinese (中文 (Zhōngwén), 汉语, 漢語)",天蓝,天蓝色,天蓝,rgb,0,255,254,1,6,line,white,en,,1.1.2,
4808,zh,"Chinese (中文 (Zhōngwén), 汉语, 漢語)",绿,绿色,绿,rgb,0,255,64,1,7,line,white,en,,1.1.2,
4808,zh,"Chinese (中文 (Zhōngwén), 汉语, 漢語)",紫红,紫红色,紫红,rgb,255,0,150,1,8,line,white,en,,1.1.2,
4808,zh,"Chinese (中文 (Zhōngwén), 汉语, 漢語)",紫红,紫红色,紫红,rgb,255,0,177,1,9,line,white,en,,1.1.2,
4808,zh,"Chinese (中文 (Zhōngwén), 汉语, 漢語)",黄,黄色,黄,rgb,255,182,0,1,10,line,white,en,,1.1.2,
4808,zh,"Chinese (中文 (Zhōngwén), 汉语, 漢語)",橘,橘色,橘,rgb,255,42,0,1,11,line,white,en,,1.1.2,
4799,zh,"Chinese (中文 (Zhōngwén), 汉语, 漢語)",绿,绿色,绿,rgb,0,255,135,1,0,line,white,en,,1.1.2,
4799,zh,"Chinese (中文 (Zhōngwén), 汉语, 漢語)",蓝,蓝色,蓝,rgb,0,255,252,1,1,line,white,en,,1.1.2,
4799,zh,"Chinese (中文 (Zhōngwén), 汉语, 漢語)",绿,绿色,绿,rgb,0,255,180,1,2,line,white,en,,1.1.2,
4799,zh,"Chinese (中文 (Zhōngwén), 汉语, 漢語)",蓝,蓝色,蓝,rgb,0,199,255,1,3,line,white,en,,1.1.2,
4799,zh,"Chinese (中文 (Zhōngwén), 汉语, 漢語)",粉,粉色,粉,rgb,255,0,218,1,4,line,white,en,,1.1.2,
4799,zh,"Chinese (中文 (Zhōngwén), 汉语, 漢語)",红,红色,红,rgb,255,0,80,1,5,line,white,en,,1.1.2,
4799,zh,"Chinese (中文 (Zhōngwén), 汉语, 漢語)",黄,黄色,黄,rgb,255,212,0,1,6,line,white,en,,1.1.2,
4799,zh,"Chinese (中文 (Zhōngwén), 汉语, 漢語)",蓝,蓝色,蓝,rgb,0,151,255,1,7,line,white,en,,1.1.2,
4799,zh,"Chinese (中文 (Zhōngwén), 汉语, 漢語)",蓝,蓝色,蓝,rgb,0,30,255,1,8,line,white,en,,1.1.2,
4799,zh,"Chinese (中文 (Zhōngwén), 汉语, 漢語)",紫,紫色,紫,rgb,92,0,255,1,9,line,white,en,,1.1.2,
4799,zh,"Chinese (中文 (Zhōngwén), 汉语, 漢語)",黄,黄色,黄,rgb,236,255,0,1,10,line,white,en,,1.1.2,
4799,zh,"Chinese (中文 (Zhōngwén), 汉语, 漢語)",蓝,蓝色,蓝,rgb,0,245,255,1,11,line,white,en,,1.1.2,
4804,zh,"Chinese (中文 (Zhōngwén), 汉语, 漢語)",绿,绿色,绿色,rgb,110,255,0,1,0,line,white,en,,1.1.2,
4804,zh,"Chinese (中文 (Zhōngwén), 汉语, 漢語)",草绿,草绿色,草绿色,rgb,137,255,0,1,1,line,white,en,,1.1.2,
4804,zh,"Chinese (中文 (Zhōngwén), 汉语, 漢語)",红,红色,红色,rgb,255,0,69,1,2,line,white,en,,1.1.2,
4804,zh,"Chinese (中文 (Zhōngwén), 汉语, 漢語)",深绿,深绿色,深绿色,rgb,0,255,109,1,3,line,white,en,,1.1.2,
4804,zh,"Chinese (中文 (Zhōngwén), 汉语, 漢語)",橘红,橘红色,橘红色,rgb,255,158,0,1,4,line,white,en,,1.1.2,
4804,zh,"Chinese (中文 (Zhōngwén), 汉语, 漢語)",金黄,金黄色,金黄色,rgb,237,255,0,1,5,line,white,en,,1.1.2,
4804,zh,"Chinese (中文 (Zhōngwén), 汉语, 漢語)",浅紫,浅紫色,浅紫色,rgb,255,0,255,1,6,line,white,en,,1.1.2,
4804,zh,"Chinese (中文 (Zhōngwén), 汉语, 漢語)",深蓝,深蓝色,深蓝色,rgb,0,121,255,1,7,line,white,en,,1.1.2,
4804,zh,"Chinese (中文 (Zhōngwén), 汉语, 漢語)",玫红,玫红色,玫红色,rgb,255,0,210,1,8,line,white,en,,1.1.2,
4804,zh,"Chinese (中文 (Zhōngwén), 汉语, 漢語)",宝蓝,宝蓝色,宝蓝色,rgb,0,82,255,1,9,line,white,en,,1.1.2,
4804,zh,"Chinese (中文 (Zhōngwén), 汉语, 漢語)",深紫,深紫色,深紫色,rgb,214,0,255,1,10,line,white,en,,1.1.2,
4804,zh,"Chinese (中文 (Zhōngwén), 汉语, 漢語)",绿,绿色,绿色,rgb,0,255,128,1,11,line,white,en,,1.1.2,
4812,zh,"Chinese (中文 (Zhōngwén), 汉语, 漢語)",粉,粉色,粉色,rgb,255,0,209,1,0,line,white,en,,1.1.2,
4812,zh,"Chinese (中文 (Zhōngwén), 汉语, 漢語)",深蓝,深蓝色,深蓝,rgb,0,54,255,1,1,line,white,en,,1.1.2,
4812,zh,"Chinese (中文 (Zhōngwén), 汉语, 漢語)",亮绿,亮绿色,亮绿,rgb,91,255,0,1,2,line,white,en,,1.1.2,
4812,zh,"Chinese (中文 (Zhōngwén), 汉语, 漢語)",大红,大红色,大红,rgb,255,0,16,1,3,line,white,en,,1.1.2,
4812,zh,"Chinese (中文 (Zhōngwén), 汉语, 漢語)",红,红色,红色,rgb,255,32,0,1,4,line,white,en,,1.1.2,
4812,zh,"Chinese (中文 (Zhōngwén), 汉语, 漢語)",紫,紫色,紫色,rgb,255,0,242,1,5,line,white,en,,1.1.2,
4812,zh,"Chinese (中文 (Zhōngwén), 汉语, 漢語)",黄,黄色,黄色,rgb,255,233,0,1,6,line,white,en,,1.1.2,
4812,zh,"Chinese (中文 (Zhōngwén), 汉语, 漢語)",浅绿,浅绿色,浅绿,rgb,185,255,0,1,7,line,white,en,,1.1.2,
4812,zh,"Chinese (中文 (Zhōngwén), 汉语, 漢語)",橙,橙色,橙色,rgb,255,117,0,1,8,line,white,en,,1.1.2,
4812,zh,"Chinese (中文 (Zhōngwén), 汉语, 漢語)",草绿,草绿色,草绿,rgb,210,255,0,1,9,line,white,en,,1.1.2,
4812,zh,"Chinese (中文 (Zhōngwén), 汉语, 漢語)",蓝绿,蓝绿色,蓝绿,rgb,0,255,118,1,10,line,white,en,,1.1.2,
4812,zh,"Chinese (中文 (Zhōngwén), 汉语, 漢語)",深蓝,深蓝色,深蓝色,rgb,57,0,255,1,11,line,white,en,,1.1.2,
0,zh,"Chinese (中文 (Zhōngwén), 汉语, 漢語)",亮绿,亮綠色,亮綠色,rgb,0,255,70,1,0,line,white,en,,1.1.2,
0,zh,"Chinese (中文 (Zhōngwén), 汉语, 漢語)",淡紫,淡紫色,淡紫色,rgb,255,0,234,1,1,line,white,en,,1.1.2,
0,zh,"Chinese (中文 (Zhōngwén), 汉语, 漢語)",黄,黃色,黃色,rgb,250,255,0,1,2,line,white,en,,1.1.2,
0,zh,"Chinese (中文 (Zhōngwén), 汉语, 漢語)",紫,紫色,紫色,rgb,176,0,255,1,3,line,white,en,,1.1.2,
0,zh,"Chinese (中文 (Zhōngwén), 汉语, 漢語)",淡蓝绿,淡藍綠色,淡藍綠色,rgb,0,255,173,1,4,line,white,en,,1.1.2,
0,zh,"Chinese (中文 (Zhōngwén), 汉语, 漢語)",蓝,藍色,藍色,rgb,0,77,255,1,5,line,white,en,,1.1.2,
0,zh,"Chinese (中文 (Zhōngwén), 汉语, 漢語)",蓝,藍色,藍色,rgb,0,93,255,1,6,line,white,en,,1.1.2,
0,zh,"Chinese (中文 (Zhōngwén), 汉语, 漢語)",天蓝,天空藍色,天空藍,rgb,0,203,255,1,7,line,white,en,,1.1.2,
0,zh,"Chinese (中文 (Zhōngwén), 汉语, 漢語)",橘,橘色,橘色,rgb,255,123,0,1,8,line,white,en,,1.1.2,
0,zh,"Chinese (中文 (Zhōngwén), 汉语, 漢語)",蓝,藍色,藍色,rgb,0,117,255,1,9,line,white,en,,1.1.2,
0,zh,"Chinese (中文 (Zhōngwén), 汉语, 漢語)",天蓝,天空藍色,天空藍,rgb,0,234,255,1,10,line,white,en,,1.1.2,
0,zh,"Chinese (中文 (Zhōngwén), 汉语, 漢語)",红,紅色,紅色,rgb,255,0,90,1,11,line,white,en,,1.1.2,
4806,zh,"Chinese (中文 (Zhōngwén), 汉语, 漢語)",梅红,梅红色,梅红,rgb,255,0,120,1,0,line,white,en,,1.1.2,
4806,zh,"Chinese (中文 (Zhōngwén), 汉语, 漢語)",大红,大红色,大红,rgb,255,0,66,1,1,line,white,en,,1.1.2,
4806,zh,"Chinese (中文 (Zhōngwén), 汉语, 漢語)",湛蓝,湛蓝色,湛蓝,rgb,0,157,255,1,2,line,white,en,,1.1.2,
4806,zh,"Chinese (中文 (Zhōngwén), 汉语, 漢語)",土黄,土黄色,土黄,rgb,255,178,0,1,3,line,white,en,,1.1.2,
4806,zh,"Chinese (中文 (Zhōngwén), 汉语, 漢語)",青绿,青绿色,青绿,rgb,0,255,228,1,4,line,white,en,,1.1.2,
4806,zh,"Chinese (中文 (Zhōngwén), 汉语, 漢語)",海蓝,海蓝色,海蓝,rgb,0,129,255,1,5,line,white,en,,1.1.2,
4806,zh,"Chinese (中文 (Zhōngwén), 汉语, 漢語)",蓝,蓝色,蓝,rgb,0,60,255,1,6,line,white,en,,1.1.2,
4806,zh,"Chinese (中文 (Zhōngwén), 汉语, 漢語)",橘红,橘红色,橘红,rgb,255,55,0,1,7,line,white,en,,1.1.2,
4806,zh,"Chinese (中文 (Zhōngwén), 汉语, 漢語)",梅红,梅红色,梅红,rgb,255,0,148,1,8,line,white,en,,1.1.2,
4806,zh,"Chinese (中文 (Zhōngwén), 汉语, 漢語)",粉紫,粉紫色,粉紫,rgb,205,0,255,1,9,line,white,en,,1.1.2,
4806,zh,"Chinese (中文 (Zhōngwén), 汉语, 漢語)",湖蓝,湖蓝色,湖蓝,rgb,0,238,255,1,10,line,white,en,,1.1.2,
4806,zh,"Chinese (中文 (Zhōngwén), 汉语, 漢語)",紫罗蓝,紫罗兰色,紫罗兰,rgb,122,0,255,1,11,line,white,en,,1.1.2,
4805,zh,"Chinese (中文 (Zhōngwén), 汉语, 漢語)",基佬紫,基佬紫色,基佬紫,rgb,241,0,255,1,0,line,white,en,,1.1.2,
4805,zh,"Chinese (中文 (Zhōngwén), 汉语, 漢語)",蓝,蓝色,蓝,rgb,0,35,255,1,1,line,white,en,,1.1.2,
4805,zh,"Chinese (中文 (Zhōngwén), 汉语, 漢語)",黄绿,黄绿色,黄绿,rgb,73,255,0,1,2,line,white,en,,1.1.2,
4805,zh,"Chinese (中文 (Zhōngwén), 汉语, 漢語)",绿,绿色,绿,rgb,0,255,38,1,3,line,white,en,,1.1.2,
4805,zh,"Chinese (中文 (Zhōngwén), 汉语, 漢語)",浅绿,浅绿色,浅绿,rgb,0,255,145,1,4,line,white,en,,1.1.2,
4805,zh,"Chinese (中文 (Zhōngwén), 汉语, 漢語)",蓝绿,蓝绿色,蓝绿,rgb,0,255,193,1,5,line,white,en,,1.1.2,
4805,zh,"Chinese (中文 (Zhōngwén), 汉语, 漢語)",天蓝,天蓝色,天蓝,rgb,0,176,255,1,6,line,white,en,,1.1.2,
4805,zh,"Chinese (中文 (Zhōngwén), 汉语, 漢語)",淡蓝,淡蓝色,淡蓝,rgb,0,74,255,1,7,line,white,en,,1.1.2,
4805,zh,"Chinese (中文 (Zhōngwén), 汉语, 漢語)",蓝紫,蓝紫色,蓝紫,rgb,142,0,255,1,8,line,white,en,,1.1.2,
4805,zh,"Chinese (中文 (Zhōngwén), 汉语, 漢語)",大红,大红色,大红,rgb,255,0,105,1,9,line,white,en,,1.1.2,
4805,zh,"Chinese (中文 (Zhōngwén), 汉语, 漢語)",粉紫,粉紫色,粉紫,rgb,255,0,224,1,10,line,white,en,,1.1.2,
4805,zh,"Chinese (中文 (Zhōngwén), 汉语, 漢語)",深蓝,深蓝色,深蓝,rgb,0,23,255,1,11,line,white,en,,1.1.2,
4798,zh,"Chinese (中文 (Zhōngwén), 汉语, 漢語)",桃红,桃紅色,桃紅色,rgb,255,0,184,1,0,line,white,en,,1.1.2,
4798,zh,"Chinese (中文 (Zhōngwén), 汉语, 漢語)",靛,靛色,靛色,rgb,93,0,255,1,1,line,white,en,,1.1.2,
4798,zh,"Chinese (中文 (Zhōngwén), 汉语, 漢語)",宝蓝,寶藍色,寶藍色,rgb,34,0,255,1,2,line,white,en,,1.1.2,
4798,zh,"Chinese (中文 (Zhōngwén), 汉语, 漢語)",正红,正紅色,正紅色,rgb,255,44,0,1,3,line,white,en,,1.1.2,
4798,zh,"Chinese (中文 (Zhōngwén), 汉语, 漢語)",天蓝,天藍色,天藍色,rgb,0,197,255,1,4,line,white,en,,1.1.2,
4798,zh,"Chinese (中文 (Zhōngwén), 汉语, 漢語)",深粉,深粉色,深粉色,rgb,255,0,240,1,5,line,white,en,,1.1.2,
4798,zh,"Chinese (中文 (Zhōngwén), 汉语, 漢語)",黄,黃色,黃色,rgb,255,198,0,1,6,line,white,en,,1.1.2,
4798,zh,"Chinese (中文 (Zhōngwén), 汉语, 漢語)",浅蓝,淺藍色,淺藍色,rgb,0,150,255,1,7,line,white,en,,1.1.2,
4798,zh,"Chinese (中文 (Zhōngwén), 汉语, 漢語)",荧光粉,螢光粉色,螢光粉,rgb,255,0,115,1,8,line,white,en,,1.1.2,
4798,zh,"Chinese (中文 (Zhōngwén), 汉语, 漢語)",深蓝,深藍色,深藍色,rgb,0,102,255,1,9,line,white,en,,1.1.2,
4798,zh,"Chinese (中文 (Zhōngwén), 汉语, 漢語)",荧光黄,螢光黃色,螢光黃,rgb,255,251,0,1,10,line,white,en,,1.1.2,
4798,zh,"Chinese (中文 (Zhōngwén), 汉语, 漢語)",薄荷绿,薄荷綠色,薄荷綠,rgb,0,255,226,1,11,line,white,en,,1.1.2,
4793,zh,"Chinese (中文 (Zhōngwén), 汉语, 漢語)",蓝,蓝色,蓝,rgb,0,154,255,1,0,line,white,en,,1.1.2,
4793,zh,"Chinese (中文 (Zhōngwén), 汉语, 漢語)",土黄,土黄色,土黄,rgb,255,188,0,1,1,line,white,en,,1.1.2,
4793,zh,"Chinese (中文 (Zhōngwén), 汉语, 漢語)",天蓝,天蓝色,天蓝,rgb,0,250,255,1,2,line,white,en,,1.1.2,
4793,zh,"Chinese (中文 (Zhōngwén), 汉语, 漢語)",红,红色,红,rgb,255,0,51,1,3,line,white,en,,1.1.2,
4793,zh,"Chinese (中文 (Zhōngwén), 汉语, 漢語)",紫红,紫红色,紫红,rgb,255,0,116,1,4,line,white,en,,1.1.2,
4793,zh,"Chinese (中文 (Zhōngwén), 汉语, 漢語)",红,红色,红,rgb,255,38,0,1,5,line,white,en,,1.1.2,
4793,zh,"Chinese (中文 (Zhōngwén), 汉语, 漢語)",紫,紫色,紫,rgb,255,0,187,1,6,line,white,en,,1.1.2,
4793,zh,"Chinese (中文 (Zhōngwén), 汉语, 漢語)",青,青色,青,rgb,0,255,200,1,7,line,white,en,,1.1.2,
4793,zh,"Chinese (中文 (Zhōngwén), 汉语, 漢語)",青,青色,青,rgb,0,255,190,1,8,line,white,en,,1.1.2,
4793,zh,"Chinese (中文 (Zhōngwén), 汉语, 漢語)",天蓝,天蓝色,天蓝,rgb,0,255,245,1,9,line,white,en,,1.1.2,
4793,zh,"Chinese (中文 (Zhōngwén), 汉语, 漢語)",深蓝,深蓝色,深蓝,rgb,0,120,255,1,10,line,white,en,,1.1.2,
4793,zh,"Chinese (中文 (Zhōngwén), 汉语, 漢語)",湖蓝,湖蓝色,湖蓝,rgb,0,199,255,1,11,line,white,en,,1.1.2,
4808,zh,"Chinese (中文 (Zhōngwén), 汉语, 漢語)",黄,黄色,黄,rgb,229,255,0,3,0,line,white,en,,1.1.2,
4808,zh,"Chinese (中文 (Zhōngwén), 汉语, 漢語)",湖蓝,湖蓝色,湖蓝,rgb,0,255,196,3,1,line,white,en,,1.1.2,
4808,zh,"Chinese (中文 (Zhōngwén), 汉语, 漢語)",翠绿,翠绿色,翠绿,rgb,0,255,154,3,2,line,white,en,,1.1.2,
4808,zh,"Chinese (中文 (Zhōngwén), 汉语, 漢語)",蓝,蓝色,蓝,rgb,0,101,255,3,3,line,white,en,,1.1.2,
4808,zh,"Chinese (中文 (Zhōngwén), 汉语, 漢語)",黄绿,黄绿色,黄绿,rgb,182,255,0,3,4,line,white,en,,1.1.2,
4808,zh,"Chinese (中文 (Zhōngwén), 汉语, 漢語)",紫,紫色,紫,rgb,159,0,255,3,5,line,white,en,,1.1.2,
4808,zh,"Chinese (中文 (Zhōngwén), 汉语, 漢語)",紫,紫色,紫,rgb,184,0,255,3,6,line,white,en,,1.1.2,
4808,zh,"Chinese (中文 (Zhōngwén), 汉语, 漢語)",水绿,水绿色,水绿,rgb,0,255,158,3,7,line,white,en,,1.1.2,
4808,zh,"Chinese (中文 (Zhōngwén), 汉语, 漢語)",橘,橘色,橘,rgb,255,129,0,3,8,line,white,en,,1.1.2,
4808,zh,"Chinese (中文 (Zhōngwén), 汉语, 漢語)",黄,黄色,黄,rgb,255,219,0,3,9,line,white,en,,1.1.2,
4808,zh,"Chinese (中文 (Zhōngwén), 汉语, 漢語)",橘,橘色,橘,rgb,255,92,0,3,10,line,white,en,,1.1.2,
4808,zh,"Chinese (中文 (Zhōngwén), 汉语, 漢語)",土黄,土黄色,土黄,rgb,255,178,0,3,11,line,white,en,,1.1.2,
4801,zh,"Chinese (中文 (Zhōngwén), 汉语, 漢語)",深红,深紅色,深紅色,rgb,255,0,51,1,0,line,white,en,,1.1.2,
4801,zh,"Chinese (中文 (Zhōngwén), 汉语, 漢語)",亮粉,亮粉色,亮粉色,rgb,255,0,190,1,1,line,white,en,,1.1.2,
4801,zh,"Chinese (中文 (Zhōngwén), 汉语, 漢語)",淡绿,淡綠色,淡綠色,rgb,0,255,218,1,2,line,white,en,,1.1.2,
4801,zh,"Chinese (中文 (Zhōngwén), 汉语, 漢語)",青,青色,青色,rgb,0,255,135,1,3,line,white,en,,1.1.2,
4801,zh,"Chinese (中文 (Zhōngwén), 汉语, 漢語)",亮绿,亮綠色,亮綠色,rgb,75,255,0,1,4,line,white,en,,1.1.2,
4801,zh,"Chinese (中文 (Zhōngwén), 汉语, 漢語)",深黄,深黃色,深黃色,rgb,255,100,0,1,5,line,white,en,,1.1.2,
4801,zh,"Chinese (中文 (Zhōngwén), 汉语, 漢語)",黄,黃色,黃色,rgb,255,198,0,1,6,line,white,en,,1.1.2,
4801,zh,"Chinese (中文 (Zhōngwén), 汉语, 漢語)",淡黄,淡黃色,淡黃色,rgb,255,225,0,1,7,line,white,en,,1.1.2,
4801,zh,"Chinese (中文 (Zhōngwén), 汉语, 漢語)",淡绿,淡綠色,淡綠色,rgb,0,255,109,1,8,line,white,en,,1.1.2,
4801,zh,"Chinese (中文 (Zhōngwén), 汉语, 漢語)",淡蓝,淡藍色,淡藍色,rgb,0,241,255,1,9,line,white,en,,1.1.2,
4801,zh,"Chinese (中文 (Zhōngwén), 汉语, 漢語)",淡靛,淡靛色,淡靛色,rgb,0,126,255,1,10,line,white,en,,1.1.2,
4801,zh,"Chinese (中文 (Zhōngwén), 汉语, 漢語)",亮橘,亮橘色,亮橘,rgb,255,136,0,1,11,line,white,en,,1.1.2,
4810,zh,"Chinese (中文 (Zhōngwén), 汉语, 漢語)",天蓝,天空藍色,天空藍,rgb,0,214,255,1,0,line,white,en,,1.1.2,
4810,zh,"Chinese (中文 (Zhōngwén), 汉语, 漢語)",深天蓝,深天空藍色,深天空藍,rgb,0,187,255,1,1,line,white,en,,1.1.2,
4810,zh,"Chinese (中文 (Zhōngwén), 汉语, 漢語)",亮紫,亮紫色,亮紫色,rgb,239,0,255,1,2,line,white,en,,1.1.2,
4810,zh,"Chinese (中文 (Zhōngwén), 汉语, 漢語)",鲜红,鮮紅色,鮮紅色,rgb,255,0,66,1,3,line,white,en,,1.1.2,
4810,zh,"Chinese (中文 (Zhōngwén), 汉语, 漢語)",桃红,桃紅色,桃紅色,rgb,255,0,152,1,4,line,white,en,,1.1.2,
4810,zh,"Chinese (中文 (Zhōngwén), 汉语, 漢語)",亮深蓝,亮深藍色,亮深藍色,rgb,0,126,255,1,5,line,white,en,,1.1.2,
4810,zh,"Chinese (中文 (Zhōngwén), 汉语, 漢語)",蓝,藍色,藍色,rgb,0,155,255,1,6,line,white,en,,1.1.2,
4810,zh,"Chinese (中文 (Zhōngwén), 汉语, 漢語)",紫,紫色,紫色,rgb,175,0,255,1,7,line,white,en,,1.1.2,
4810,zh,"Chinese (中文 (Zhōngwén), 汉语, 漢語)",荧光绿,螢光綠色,螢光綠,rgb,0,255,166,1,8,line,white,en,,1.1.2,
4810,zh,"Chinese (中文 (Zhōngwén), 汉语, 漢語)",亮蓝,亮藍色,亮藍色,rgb,0,255,247,1,9,line,white,en,,1.1.2,
4810,zh,"Chinese (中文 (Zhōngwén), 汉语, 漢語)",亮红,亮紅色,亮紅色,rgb,255,0,22,1,10,line,white,en,,1.1.2,
4810,zh,"Chinese (中文 (Zhōngwén), 汉语, 漢語)",深蓝,深藍色,深藍色,rgb,0,24,255,1,11,line,white,en,,1.1.2,
4797,zh,"Chinese (中文 (Zhōngwén), 汉语, 漢語)",蓝,蓝色,蓝色,rgb,0,122,255,3,0,line,white,en,,1.1.2,
4797,zh,"Chinese (中文 (Zhōngwén), 汉语, 漢語)",蛋黄,蛋黄色,蛋黄,rgb,255,190,0,3,1,line,white,en,,1.1.2,
4797,zh,"Chinese (中文 (Zhōngwén), 汉语, 漢語)",深黄,深黄色,深黄,rgb,255,171,0,3,2,line,white,en,,1.1.2,
4797,zh,"Chinese (中文 (Zhōngwén), 汉语, 漢語)",大红,大红色,大红,rgb,255,27,0,3,3,line,white,en,,1.1.2,
4797,zh,"Chinese (中文 (Zhōngwén), 汉语, 漢語)",浅蓝,浅蓝色,浅蓝,rgb,0,162,255,3,4,line,white,en,,1.1.2,
4797,zh,"Chinese (中文 (Zhōngwén), 汉语, 漢語)",橙,橙色,橙色,rgb,255,114,0,3,5,line,white,en,,1.1.2,
4797,zh,"Chinese (中文 (Zhōngwén), 汉语, 漢語)",红,红色,红色,rgb,255,0,73,3,6,line,white,en,,1.1.2,
4797,zh,"Chinese (中文 (Zhōngwén), 汉语, 漢語)",亮黄,亮黄色,亮黄,rgb,255,242,0,3,7,line,white,en,,1.1.2,
4797,zh,"Chinese (中文 (Zhōngwén), 汉语, 漢語)",浅蓝,浅蓝色,浅蓝,rgb,0,153,255,3,8,line,white,en,,1.1.2,
4797,zh,"Chinese (中文 (Zhōngwén), 汉语, 漢語)",紫罗蓝,紫罗兰色,紫罗兰色,rgb,120,0,255,3,9,line,white,en,,1.1.2,
4797,zh,"Chinese (中文 (Zhōngwén), 汉语, 漢語)",青,青色,青色,rgb,0,254,255,3,10,line,white,en,,1.1.2,
4797,zh,"Chinese (中文 (Zhōngwén), 汉语, 漢語)",深粉,深粉色,深粉,rgb,255,0,150,3,11,line,white,en,,1.1.2,
4813,zh,"Chinese (中文 (Zhōngwén), 汉语, 漢語)",浅天蓝,浅天蓝色,浅天蓝,rgb,0,164,255,1,0,line,white,en,,1.1.2,
4813,zh,"Chinese (中文 (Zhōngwén), 汉语, 漢語)",蓝,蓝色,蓝,rgb,0,46,255,1,1,line,white,en,,1.1.2,
4813,zh,"Chinese (中文 (Zhōngwén), 汉语, 漢語)",橘,橘色,橘色,rgb,255,44,0,1,2,line,white,en,,1.1.2,
4813,zh,"Chinese (中文 (Zhōngwén), 汉语, 漢語)",浅蓝,浅蓝色,浅蓝,rgb,0,250,255,1,3,line,white,en,,1.1.2,
4813,zh,"Chinese (中文 (Zhōngwén), 汉语, 漢語)",深天蓝,深天蓝色,深天蓝,rgb,0,108,255,1,4,line,white,en,,1.1.2,
4813,zh,"Chinese (中文 (Zhōngwén), 汉语, 漢語)",天蓝,天蓝色,天蓝,rgb,0,120,255,1,5,line,white,en,,1.1.2,
4813,zh,"Chinese (中文 (Zhōngwén), 汉语, 漢語)",紫,紫色,紫色,rgb,255,0,230,1,6,line,white,en,,1.1.2,
4813,zh,"Chinese (中文 (Zhōngwén), 汉语, 漢語)",深蓝,深蓝色,深蓝,rgb,0,22,255,1,7,line,white,en,,1.1.2,
4813,zh,"Chinese (中文 (Zhōngwén), 汉语, 漢語)",黄,黄色,黄色,rgb,248,255,0,1,8,line,white,en,,1.1.2,
4813,zh,"Chinese (中文 (Zhōngwén), 汉语, 漢語)",红,红色,红色,rgb,255,0,101,1,9,line,white,en,,1.1.2,
4813,zh,"Chinese (中文 (Zhōngwén), 汉语, 漢語)",绿,绿色,绿色,rgb,0,255,45,1,10,line,white,en,,1.1.2,
4813,zh,"Chinese (中文 (Zhōngwén), 汉语, 漢語)",橙,橙色,橙色,rgb,255,139,0,1,11,line,white,en,,1.1.2,
0,zh,"Chinese (中文 (Zhōngwén), 汉语, 漢語)",粉蓝,粉藍色,粉藍色,rgb,0,144,255,3,0,line,white,en,,1.1.2,
0,zh,"Chinese (中文 (Zhōngwén), 汉语, 漢語)",粉绿,粉綠色,粉綠色,rgb,0,255,104,3,1,line,white,en,,1.1.2,
0,zh,"Chinese (中文 (Zhōngwén), 汉语, 漢語)",黄,黃色,黃色,rgb,255,243,0,3,2,line,white,en,,1.1.2,
0,zh,"Chinese (中文 (Zhōngwén), 汉语, 漢語)",土黄,土黃色,土黃色,rgb,255,201,0,3,3,line,white,en,,1.1.2,
0,zh,"Chinese (中文 (Zhōngwén), 汉语, 漢語)",淡粉蓝,淡粉藍色,淡粉藍色,rgb,0,206,255,3,4,line,white,en,,1.1.2,
0,zh,"Chinese (中文 (Zhōngwén), 汉语, 漢語)",淡粉绿,淡粉綠色,淡粉綠色,rgb,0,255,141,3,5,line,white,en,,1.1.2,
0,zh,"Chinese (中文 (Zhōngwén), 汉语, 漢語)",淡蓝,淡藍色,淡藍色,rgb,0,255,226,3,6,line,white,en,,1.1.2,
0,zh,"Chinese (中文 (Zhōngwén), 汉语, 漢語)",蓝,藍色,藍色,rgb,0,57,255,3,7,line,white,en,,1.1.2,
0,zh,"Chinese (中文 (Zhōngwén), 汉语, 漢語)",桃红,桃紅色,桃紅色,rgb,255,0,143,3,8,line,white,en,,1.1.2,
0,zh,"Chinese (中文 (Zhōngwén), 汉语, 漢語)",黄,黃色,黃色,rgb,214,255,0,3,9,line,white,en,,1.1.2,
0,zh,"Chinese (中文 (Zhōngwén), 汉语, 漢語)",桃红,桃紅色,桃紅色,rgb,255,0,179,3,10,line,white,en,,1.1.2,
0,zh,"Chinese (中文 (Zhōngwén), 汉语, 漢語)",桃红,桃紅色,桃紅色,rgb,255,0,149,3,11,line,white,en,,1.1.2,
4799,zh,"Chinese (中文 (Zhōngwén), 汉语, 漢語)",蓝,蓝色,蓝,rgb,0,173,255,3,0,line,white,en,,1.1.2,
4799,zh,"Chinese (中文 (Zhōngwén), 汉语, 漢語)",红,红色,红,rgb,255,0,34,3,1,line,white,en,,1.1.2,
4799,zh,"Chinese (中文 (Zhōngwén), 汉语, 漢語)",绿,绿色,绿,rgb,187,255,0,3,2,line,white,en,,1.1.2,
4799,zh,"Chinese (中文 (Zhōngwén), 汉语, 漢語)",绿,绿色,绿,rgb,0,255,55,3,3,line,white,en,,1.1.2,
4799,zh,"Chinese (中文 (Zhōngwén), 汉语, 漢語)",黄,黄色,黄,rgb,255,236,0,3,4,line,white,en,,1.1.2,
4799,zh,"Chinese (中文 (Zhōngwén), 汉语, 漢語)",蓝,蓝色,蓝,rgb,0,207,255,3,5,line,white,en,,1.1.2,
4799,zh,"Chinese (中文 (Zhōngwén), 汉语, 漢語)",橙,橙色,橙,rgb,255,177,0,3,6,line,white,en,,1.1.2,
4799,zh,"Chinese (中文 (Zhōngwén), 汉语, 漢語)",粉,粉色,粉,rgb,255,0,182,3,7,line,white,en,,1.1.2,
4799,zh,"Chinese (中文 (Zhōngwén), 汉语, 漢語)",蓝,蓝色,蓝,rgb,0,89,255,3,8,line,white,en,,1.1.2,
4799,zh,"Chinese (中文 (Zhōngwén), 汉语, 漢語)",橙,橙色,橙,rgb,255,145,0,3,9,line,white,en,,1.1.2,
4799,zh,"Chinese (中文 (Zhōngwén), 汉语, 漢語)",红,红色,红,rgb,255,27,0,3,10,line,white,en,,1.1.2,
4799,zh,"Chinese (中文 (Zhōngwén), 汉语, 漢語)",粉,粉色,粉,rgb,255,0,253,3,11,line,white,en,,1.1.2,
4793,zh,"Chinese (中文 (Zhōngwén), 汉语, 漢語)",紫红,紫红色,紫红,rgb,255,0,98,3,0,line,white,en,,1.1.2,
4793,zh,"Chinese (中文 (Zhōngwén), 汉语, 漢語)",翠绿,翠绿色,翠绿,rgb,74,255,0,3,1,line,white,en,,1.1.2,
4793,zh,"Chinese (中文 (Zhōngwén), 汉语, 漢語)",湖蓝,湖蓝色,湖蓝,rgb,0,208,255,3,2,line,white,en,,1.1.2,
4793,zh,"Chinese (中文 (Zhōngwén), 汉语, 漢語)",草绿,草绿色,草绿,rgb,136,255,0,3,3,line,white,en,,1.1.2,
4793,zh,"Chinese (中文 (Zhōngwén), 汉语, 漢語)",黄绿,黄绿色,黄绿,rgb,220,255,0,3,4,line,white,en,,1.1.2,
4793,zh,"Chinese (中文 (Zhōngwén), 汉语, 漢語)",翠绿,翠绿色,翠绿,rgb,0,255,55,3,5,line,white,en,,1.1.2,
4793,zh,"Chinese (中文 (Zhōngwén), 汉语, 漢語)",深蓝,深蓝色,深蓝,rgb,83,0,255,3,6,line,white,en,,1.1.2,
4793,zh,"Chinese (中文 (Zhōngwén), 汉语, 漢語)",橙,橙色,橙,rgb,255,107,0,3,7,line,white,en,,1.1.2,
4793,zh,"Chinese (中文 (Zhōngwén), 汉语, 漢語)",翠绿,翠绿色,翠绿,rgb,0,255,91,3,8,line,white,en,,1.1.2,
4793,zh,"Chinese (中文 (Zhōngwén), 汉语, 漢語)",深蓝,深蓝色,深蓝,rgb,0,74,255,3,9,line,white,en,,1.1.2,
4793,zh,"Chinese (中文 (Zhōngwén), 汉语, 漢語)",红,红色,红,rgb,255,0,13,3,10,line,white,en,,1.1.2,
4793,zh,"Chinese (中文 (Zhōngwén), 汉语, 漢語)",黄,黄色,黄,rgb,255,228,0,3,11,line,white,en,,1.1.2,
4814,zh,"Chinese (中文 (Zhōngwén), 汉语, 漢語)",蓝,藍色,藍色,rgb,0,128,255,1,0,line,white,en,,1.1.2,
4814,zh,"Chinese (中文 (Zhōngwén), 汉语, 漢語)",天蓝,天空藍色,天空藍,rgb,0,205,255,1,1,line,white,en,,1.1.2,
4814,zh,"Chinese (中文 (Zhōngwén), 汉语, 漢語)",深蓝,深藍色,深藍,rgb,0,32,255,1,2,line,white,en,,1.1.2,
4814,zh,"Chinese (中文 (Zhōngwén), 汉语, 漢語)",桃红,桃紅色,桃紅色,rgb,255,0,124,1,3,line,white,en,,1.1.2,
4814,zh,"Chinese (中文 (Zhōngwén), 汉语, 漢語)",深天蓝,深天空藍色,深天空藍,rgb,0,190,255,1,4,line,white,en,,1.1.2,
4814,zh,"Chinese (中文 (Zhōngwén), 汉语, 漢語)",亮蓝,亮藍色,亮藍色,rgb,0,237,255,1,5,line,white,en,,1.1.2,
4814,zh,"Chinese (中文 (Zhōngwén), 汉语, 漢語)",亮黄,亮黃色,亮黃色,rgb,239,255,0,1,6,line,white,en,,1.1.2,
4814,zh,"Chinese (中文 (Zhōngwén), 汉语, 漢語)",黄,黃色,黃色,rgb,255,223,0,1,7,line,white,en,,1.1.2,
4814,zh,"Chinese (中文 (Zhōngwén), 汉语, 漢語)",橘,橘色,橘色,rgb,255,159,0,1,8,line,white,en,,1.1.2,
4814,zh,"Chinese (中文 (Zhōngwén), 汉语, 漢語)",鲜红,鮮紅色,鮮紅,rgb,255,7,0,1,9,line,white,en,,1.1.2,
4814,zh,"Chinese (中文 (Zhōngwén), 汉语, 漢語)",亮蓝,亮藍色,亮藍色,rgb,0,169,255,1,10,line,white,en,,1.1.2,
4814,zh,"Chinese (中文 (Zhōngwén), 汉语, 漢語)",紫,紫色,紫色,rgb,147,0,255,1,11,line,white,en,,1.1.2,
4806,zh,"Chinese (中文 (Zhōngwén), 汉语, 漢語)",天蓝,天蓝色,天蓝,rgb,0,210,255,3,0,line,white,en,,1.1.2,
4806,zh,"Chinese (中文 (Zhōngwén), 汉语, 漢語)",黄绿,黄绿色,黄绿,rgb,110,255,0,3,1,line,white,en,,1.1.2,
4806,zh,"Chinese (中文 (Zhōngwén), 汉语, 漢語)",海藻绿,海藻绿色,海藻绿,rgb,0,255,119,3,2,line,white,en,,1.1.2,
4806,zh,"Chinese (中文 (Zhōngwén), 汉语, 漢語)",正红,正红色,正红,rgb,255,0,89,3,3,line,white,en,,1.1.2,
4806,zh,"Chinese (中文 (Zhōngwén), 汉语, 漢語)",荧黄,荧黄色,荧黄,rgb,228,255,0,3,4,line,white,en,,1.1.2,
4806,zh,"Chinese (中文 (Zhōngwén), 汉语, 漢語)",海军蓝,海军蓝色,海军蓝,rgb,0,8,255,3,5,line,white,en,,1.1.2,
4806,zh,"Chinese (中文 (Zhōngwén), 汉语, 漢語)",海蓝,海蓝色,海蓝,rgb,0,113,255,3,6,line,white,en,,1.1.2,
4806,zh,"Chinese (中文 (Zhōngwén), 汉语, 漢語)",草绿,草绿色,草绿,rgb,166,255,0,3,7,line,white,en,,1.1.2,
4806,zh,"Chinese (中文 (Zhōngwén), 汉语, 漢語)",蓝绿,蓝绿色,蓝绿,rgb,0,255,184,3,8,line,white,en,,1.1.2,
4806,zh,"Chinese (中文 (Zhōngwén), 汉语, 漢語)",正蓝,正蓝色,正蓝,rgb,0,81,255,3,9,line,white,en,,1.1.2,
4806,zh,"Chinese (中文 (Zhōngwén), 汉语, 漢語)",土黄,土黄色,土黄,rgb,255,196,0,3,10,line,white,en,,1.1.2,
4806,zh,"Chinese (中文 (Zhōngwén), 汉语, 漢語)",湖蓝,湖蓝色,湖蓝,rgb,0,196,255,3,11,line,white,en,,1.1.2,
4805,zh,"Chinese (中文 (Zhōngwén), 汉语, 漢語)",蓝,蓝色,蓝,rgb,0,106,255,3,0,line,white,en,,1.1.2,
4805,zh,"Chinese (中文 (Zhōngwén), 汉语, 漢語)",天蓝,天蓝色,天蓝,rgb,0,240,255,3,1,line,white,en,,1.1.2,
4805,zh,"Chinese (中文 (Zhōngwén), 汉语, 漢語)",大红,大红色,大红,rgb,255,0,21,3,2,line,white,en,,1.1.2,
4805,zh,"Chinese (中文 (Zhōngwén), 汉语, 漢語)",绿,绿色,绿,rgb,0,255,97,3,3,line,white,en,,1.1.2,
4805,zh,"Chinese (中文 (Zhōngwén), 汉语, 漢語)",黄绿,黄绿色,黄绿,rgb,196,255,0,3,4,line,white,en,,1.1.2,
4805,zh,"Chinese (中文 (Zhōngwén), 汉语, 漢語)",蓝,蓝色,蓝,rgb,0,157,255,3,5,line,white,en,,1.1.2,
4805,zh,"Chinese (中文 (Zhōngwén), 汉语, 漢語)",深黄,深黄色,深黄,rgb,255,233,0,3,6,line,white,en,,1.1.2,
4805,zh,"Chinese (中文 (Zhōngwén), 汉语, 漢語)",粉红,粉红色,粉红,rgb,255,0,128,3,7,line,white,en,,1.1.2,
4805,zh,"Chinese (中文 (Zhōngwén), 汉语, 漢語)",黄,黄色,黄,rgb,254,255,0,3,8,line,white,en,,1.1.2,
4805,zh,"Chinese (中文 (Zhōngwén), 汉语, 漢語)",深空蓝,深空蓝色,深空蓝,rgb,0,227,255,3,9,line,white,en,,1.1.2,
4805,zh,"Chinese (中文 (Zhōngwén), 汉语, 漢語)",橙,橙色,橙,rgb,255,113,0,3,10,line,white,en,,1.1.2,
4805,zh,"Chinese (中文 (Zhōngwén), 汉语, 漢語)",淡蓝,淡蓝色,淡蓝,rgb,0,125,255,3,11,line,white,en,,1.1.2,
4808,zh,"Chinese (中文 (Zhōngwén), 汉语, 漢語)",天蓝,天蓝色,天蓝,rgb,0,241,255,6,0,line,white,en,,1.1.2,
4808,zh,"Chinese (中文 (Zhōngwén), 汉语, 漢語)",蓝,蓝色,蓝,rgb,0,172,255,6,1,line,white,en,,1.1.2,
4808,zh,"Chinese (中文 (Zhōngwén), 汉语, 漢語)",宝蓝,宝蓝色,宝蓝,rgb,0,55,255,6,2,line,white,en,,1.1.2,
4808,zh,"Chinese (中文 (Zhōngwén), 汉语, 漢語)",天蓝,天蓝色,天蓝,rgb,0,201,255,6,3,line,white,en,,1.1.2,
4808,zh,"Chinese (中文 (Zhōngwén), 汉语, 漢語)",红,红色,红,rgb,255,0,74,6,4,line,white,en,,1.1.2,
4808,zh,"Chinese (中文 (Zhōngwén), 汉语, 漢語)",玫红,玫红色,玫红,rgb,255,0,82,6,5,line,white,en,,1.1.2,
4808,zh,"Chinese (中文 (Zhōngwén), 汉语, 漢語)",宝蓝,宝蓝色,宝蓝,rgb,0,86,255,6,6,line,white,en,,1.1.2,
4808,zh,"Chinese (中文 (Zhōngwén), 汉语, 漢語)",蓝,蓝色,蓝,rgb,0,118,255,6,7,line,white,en,,1.1.2,
4808,zh,"Chinese (中文 (Zhōngwén), 汉语, 漢語)",玫红,玫红色,玫红,rgb,255,0,113,6,8,line,white,en,,1.1.2,
4808,zh,"Chinese (中文 (Zhōngwén), 汉语, 漢語)",黄绿,黄绿色,黄绿,rgb,70,255,0,6,9,line,white,en,,1.1.2,
4808,zh,"Chinese (中文 (Zhōngwén), 汉语, 漢語)",天蓝,天蓝色,天蓝,rgb,0,206,255,6,10,line,white,en,,1.1.2,
4808,zh,"Chinese (中文 (Zhōngwén), 汉语, 漢語)",天蓝,天蓝色,天蓝,rgb,0,149,255,6,11,line,white,en,,1.1.2,
4812,zh,"Chinese (中文 (Zhōngwén), 汉语, 漢語)",浅紫,浅紫色,浅紫色,rgb,124,0,255,3,0,line,white,en,,1.1.2,
4812,zh,"Chinese (中文 (Zhōngwén), 汉语, 漢語)",亮蓝,亮蓝色,亮蓝色,rgb,0,255,225,3,1,line,white,en,,1.1.2,
4812,zh,"Chinese (中文 (Zhōngwén), 汉语, 漢語)",玫红,玫红色,玫红色,rgb,255,0,142,3,2,line,white,en,,1.1.2,
4812,zh,"Chinese (中文 (Zhōngwén), 汉语, 漢語)",梅红,梅红色,梅红,rgb,255,0,169,3,3,line,white,en,,1.1.2,
4812,zh,"Chinese (中文 (Zhōngwén), 汉语, 漢語)",淡橙,淡橙色,淡橙色,rgb,255,153,0,3,4,line,white,en,,1.1.2,
4812,zh,"Chinese (中文 (Zhōngwén), 汉语, 漢語)",亮绿,亮绿色,亮绿色,rgb,0,255,152,3,5,line,white,en,,1.1.2,
4812,zh,"Chinese (中文 (Zhōngwén), 汉语, 漢語)",橙,橙色,橙色,rgb,255,137,0,3,6,line,white,en,,1.1.2,
4812,zh,"Chinese (中文 (Zhōngwén), 汉语, 漢語)",淡蓝,淡蓝色,淡蓝,rgb,0,182,255,3,7,line,white,en,,1.1.2,
4812,zh,"Chinese (中文 (Zhōngwén), 汉语, 漢語)",淡紫,淡紫色,淡紫,rgb,177,0,255,3,8,line,white,en,,1.1.2,
4812,zh,"Chinese (中文 (Zhōngwén), 汉语, 漢語)",清绿,清绿色,清绿,rgb,0,255,172,3,9,line,white,en,,1.1.2,
4812,zh,"Chinese (中文 (Zhōngwén), 汉语, 漢語)",水蓝,水蓝色,水蓝,rgb,0,234,255,3,10,line,white,en,,1.1.2,
4812,zh,"Chinese (中文 (Zhōngwén), 汉语, 漢語)",荧光黄,萤光黄色,萤光黄,rgb,255,255,0,3,11,line,white,en,,1.1.2,
4797,zh,"Chinese (中文 (Zhōngwén), 汉语, 漢語)",亮紫,亮紫色,亮紫,rgb,240,0,255,6,0,line,white,en,,1.1.2,
4797,zh,"Chinese (中文 (Zhōngwén), 汉语, 漢語)",草绿,草绿色,草绿,rgb,0,255,102,6,1,line,white,en,,1.1.2,
4797,zh,"Chinese (中文 (Zhōngwén), 汉语, 漢語)",草黄,草黄色,草黄,rgb,164,255,0,6,2,line,white,en,,1.1.2,
4797,zh,"Chinese (中文 (Zhōngwén), 汉语, 漢語)",蓝,蓝色,蓝色,rgb,0,34,255,6,3,line,white,en,,1.1.2,
4797,zh,"Chinese (中文 (Zhōngwén), 汉语, 漢語)",深粉,深粉色,深粉,rgb,255,0,142,6,4,line,white,en,,1.1.2,
4797,zh,"Chinese (中文 (Zhōngwén), 汉语, 漢語)",深蓝,深蓝色,深蓝,rgb,0,39,255,6,5,line,white,en,,1.1.2,
4797,zh,"Chinese (中文 (Zhōngwén), 汉语, 漢語)",大红,大红色,大红,rgb,255,0,17,6,6,line,white,en,,1.1.2,
4797,zh,"Chinese (中文 (Zhōngwén), 汉语, 漢語)",粉,粉色,粉色,rgb,255,0,198,6,7,line,white,en,,1.1.2,
4797,zh,"Chinese (中文 (Zhōngwén), 汉语, 漢語)",红,红色,红色,rgb,255,0,97,6,8,line,white,en,,1.1.2,
4797,zh,"Chinese (中文 (Zhōngwén), 汉语, 漢語)",浅绿,浅绿色,浅绿,rgb,0,255,161,6,9,line,white,en,,1.1.2,
4797,zh,"Chinese (中文 (Zhōngwén), 汉语, 漢語)",橙,橙色,橙色,rgb,255,124,0,6,10,line,white,en,,1.1.2,
4797,zh,"Chinese (中文 (Zhōngwén), 汉语, 漢語)",亮蓝,亮蓝色,亮蓝,rgb,0,76,255,6,11,line,white,en,,1.1.2,
4798,zh,"Chinese (中文 (Zhōngwén), 汉语, 漢語)",粉紫,紫粉色,紫粉色,rgb,239,0,255,3,0,line,white,en,,1.1.2,
4798,zh,"Chinese (中文 (Zhōngwén), 汉语, 漢語)",暗橘,暗橘色,暗橘色,rgb,255,132,0,3,1,line,white,en,,1.1.2,
4798,zh,"Chinese (中文 (Zhōngwén), 汉语, 漢語)",薄荷绿,薄荷綠色,薄荷綠,rgb,0,255,204,3,2,line,white,en,,1.1.2,
4798,zh,"Chinese (中文 (Zhōngwén), 汉语, 漢語)",草绿,草綠色,草綠色,rgb,0,255,111,3,3,line,white,en,,1.1.2,
4798,zh,"Chinese (中文 (Zhōngwén), 汉语, 漢語)",桃红,桃紅色,桃紅色,rgb,255,0,159,3,4,line,white,en,,1.1.2,
4798,zh,"Chinese (中文 (Zhōngwén), 汉语, 漢語)",荧光绿,螢光綠色,螢光綠色,rgb,0,255,24,3,5,line,white,en,,1.1.2,
4798,zh,"Chinese (中文 (Zhōngwén), 汉语, 漢語)",深蓝,深藍色,深藍色,rgb,0,83,255,3,6,line,white,en,,1.1.2,
4798,zh,"Chinese (中文 (Zhōngwén), 汉语, 漢語)",宝蓝,寶藍色,寶藍色,rgb,0,55,255,3,7,line,white,en,,1.1.2,
4798,zh,"Chinese (中文 (Zhōngwén), 汉语, 漢語)",桃红,桃紅色,桃紅色,rgb,255,0,92,3,8,line,white,en,,1.1.2,
4798,zh,"Chinese (中文 (Zhōngwén), 汉语, 漢語)",深蓝,深藍色,深藍色,rgb,0,118,255,3,9,line,white,en,,1.1.2,
4798,zh,"Chinese (中文 (Zhōngwén), 汉语, 漢語)",亮蓝,亮藍色,亮藍色,rgb,0,231,255,3,10,line,white,en,,1.1.2,
4798,zh,"Chinese (中文 (Zhōngwén), 汉语, 漢語)",正红,正紅色,正紅色,rgb,255,0,62,3,11,line,white,en,,1.1.2,
4804,zh,"Chinese (中文 (Zhōngwén), 汉语, 漢語)",深蓝,深蓝色,深蓝色,rgb,0,173,255,3,0,line,white,en,,1.1.2,
4804,zh,"Chinese (中文 (Zhōngwén), 汉语, 漢語)",玫红,玫红色,玫红色,rgb,255,0,200,3,1,line,white,en,,1.1.2,
4804,zh,"Chinese (中文 (Zhōngwén), 汉语, 漢語)",土黄,土黄色,土黄色,rgb,255,229,0,3,2,line,white,en,,1.1.2,
4804,zh,"Chinese (中文 (Zhōngwén), 汉语, 漢語)",浅绿,浅绿色,浅绿色,rgb,0,255,186,3,3,line,white,en,,1.1.2,
4804,zh,"Chinese (中文 (Zhōngwén), 汉语, 漢語)",深橘,深橘色,深橘色,rgb,255,138,0,3,4,line,white,en,,1.1.2,
4804,zh,"Chinese (中文 (Zhōngwén), 汉语, 漢語)",蓝绿,蓝绿色,蓝绿色,rgb,0,255,251,3,5,line,white,en,,1.1.2,
4804,zh,"Chinese (中文 (Zhōngwén), 汉语, 漢語)",深蓝,深蓝色,深蓝色,rgb,0,147,255,3,6,line,white,en,,1.1.2,
4804,zh,"Chinese (中文 (Zhōngwén), 汉语, 漢語)",红,红色,红色,rgb,255,30,0,3,7,line,white,en,,1.1.2,
4804,zh,"Chinese (中文 (Zhōngwén), 汉语, 漢語)",深紫,深紫色,深紫色,rgb,161,0,255,3,9,line,white,en,,1.1.2,
4804,zh,"Chinese (中文 (Zhōngwén), 汉语, 漢語)",水蓝,水蓝色,水蓝色,rgb,0,243,255,3,10,line,white,en,,1.1.2,
4804,zh,"Chinese (中文 (Zhōngwén), 汉语, 漢語)",草绿,草绿色,草绿色,rgb,0,255,76,3,11,line,white,en,,1.1.2,
4813,zh,"Chinese (中文 (Zhōngwén), 汉语, 漢語)",骚粉,骚粉色,骚粉,rgb,255,0,148,3,0,line,white,en,,1.1.2,
4813,zh,"Chinese (中文 (Zhōngwén), 汉语, 漢語)",浅骚粉,浅骚粉色,浅骚粉,rgb,255,0,140,3,1,line,white,en,,1.1.2,
4813,zh,"Chinese (中文 (Zhōngwén), 汉语, 漢語)",橙,橙色,橙色,rgb,255,154,0,3,2,line,white,en,,1.1.2,
4813,zh,"Chinese (中文 (Zhōngwén), 汉语, 漢語)",天蓝,天蓝色,天蓝,rgb,0,218,255,3,3,line,white,en,,1.1.2,
4813,zh,"Chinese (中文 (Zhōngwén), 汉语, 漢語)",红,红色,红色,rgb,255,0,36,3,4,line,white,en,,1.1.2,
4813,zh,"Chinese (中文 (Zhōngwén), 汉语, 漢語)",黄,黄色,黄色,rgb,255,226,0,3,5,line,white,en,,1.1.2,
4813,zh,"Chinese (中文 (Zhōngwén), 汉语, 漢語)",橘,橘色,橘色,rgb,255,116,0,3,6,line,white,en,,1.1.2,
4813,zh,"Chinese (中文 (Zhōngwén), 汉语, 漢語)",浅天蓝,浅天蓝色,浅天蓝,rgb,0,255,245,3,7,line,white,en,,1.1.2,
4813,zh,"Chinese (中文 (Zhōngwén), 汉语, 漢語)",基佬紫,基佬紫色,基佬紫,rgb,183,0,255,3,8,line,white,en,,1.1.2,
4813,zh,"Chinese (中文 (Zhōngwén), 汉语, 漢語)",浅红,浅红色,浅红,rgb,255,0,54,3,9,line,white,en,,1.1.2,
4813,zh,"Chinese (中文 (Zhōngwén), 汉语, 漢語)",紫,紫色,紫色,rgb,131,0,255,3,10,line,white,en,,1.1.2,
4813,zh,"Chinese (中文 (Zhōngwén), 汉语, 漢語)",亮绿,亮绿色,亮绿,rgb,0,255,85,3,11,line,white,en,,1.1.2,
4814,zh,"Chinese (中文 (Zhōngwén), 汉语, 漢語)",桃红,桃紅色,桃紅,rgb,255,0,154,3,0,line,white,en,,1.1.2,
4814,zh,"Chinese (中文 (Zhōngwén), 汉语, 漢語)",亮粉红,亮粉紅色,亮粉紅,rgb,255,0,195,3,1,line,white,en,,1.1.2,
4814,zh,"Chinese (中文 (Zhōngwén), 汉语, 漢語)",鲜红,鮮紅色,鮮紅,rgb,255,0,19,3,2,line,white,en,,1.1.2,
4814,zh,"Chinese (中文 (Zhōngwén), 汉语, 漢語)",土黄,土黃色,土黃,rgb,255,185,0,3,3,line,white,en,,1.1.2,
4814,zh,"Chinese (中文 (Zhōngwén), 汉语, 漢語)",亮天蓝,亮天空藍色,亮天空藍,rgb,0,255,255,3,4,line,white,en,,1.1.2,
4814,zh,"Chinese (中文 (Zhōngwén), 汉语, 漢語)",蓝,藍色,藍色,rgb,0,145,255,3,5,line,white,en,,1.1.2,
4814,zh,"Chinese (中文 (Zhōngwén), 汉语, 漢語)",紫,紫色,紫色,rgb,213,0,255,3,6,line,white,en,,1.1.2,
4814,zh,"Chinese (中文 (Zhōngwén), 汉语, 漢語)",深蓝,深藍色,深藍,rgb,0,63,255,3,7,line,white,en,,1.1.2,
4814,zh,"Chinese (中文 (Zhōngwén), 汉语, 漢語)",红,紅色,紅,rgb,255,0,63,3,8,line,white,en,,1.1.2,
4814,zh,"Chinese (中文 (Zhōngwén), 汉语, 漢語)",浅红,淺紅色,淺紅,rgb,255,0,91,3,9,line,white,en,,1.1.2,
4814,zh,"Chinese (中文 (Zhōngwén), 汉语, 漢語)",荧光绿,螢光綠色,螢光綠,rgb,82,255,0,3,10,line,white,en,,1.1.2,
4814,zh,"Chinese (中文 (Zhōngwén), 汉语, 漢語)",浅荧光绿,淺螢光綠色,淺螢光綠,rgb,199,255,0,3,11,line,white,en,,1.1.2,
4801,zh,"Chinese (中文 (Zhōngwén), 汉语, 漢語)",亮粉,亮粉色,亮粉色,rgb,255,0,244,3,0,line,white,en,,1.1.2,
4801,zh,"Chinese (中文 (Zhōngwén), 汉语, 漢語)",亮黄,亮黃色,亮黃色,rgb,211,255,0,3,1,line,white,en,,1.1.2,
4801,zh,"Chinese (中文 (Zhōngwén), 汉语, 漢語)",淡蓝,淡藍色,淡藍色,rgb,0,197,255,3,2,line,white,en,,1.1.2,
4801,zh,"Chinese (中文 (Zhōngwén), 汉语, 漢語)",深靛,深靛色,深靛色,rgb,0,76,255,3,3,line,white,en,,1.1.2,
4801,zh,"Chinese (中文 (Zhōngwén), 汉语, 漢語)",亮粉,亮粉色,亮粉色,rgb,241,0,255,3,4,line,white,en,,1.1.2,
4801,zh,"Chinese (中文 (Zhōngwén), 汉语, 漢語)",淡蓝,淡藍色,淡藍色,rgb,0,255,233,3,5,line,white,en,,1.1.2,
4801,zh,"Chinese (中文 (Zhōngwén), 汉语, 漢語)",淡黄,淡黃色,淡黃,rgb,255,250,0,3,6,line,white,en,,1.1.2,
4801,zh,"Chinese (中文 (Zhōngwén), 汉语, 漢語)",深黄,深黃色,深黃色,rgb,255,166,0,3,7,line,white,en,,1.1.2,
4801,zh,"Chinese (中文 (Zhōngwén), 汉语, 漢語)",青绿,青綠色,青綠色,rgb,0,255,77,3,8,line,white,en,,1.1.2,
4801,zh,"Chinese (中文 (Zhōngwén), 汉语, 漢語)",深靛,深靛色,深靛,rgb,0,92,255,3,9,line,white,en,,1.1.2,
4801,zh,"Chinese (中文 (Zhōngwén), 汉语, 漢語)",淡红,淡紅色,淡紅,rgb,255,0,130,3,10,line,white,en,,1.1.2,
4801,zh,"Chinese (中文 (Zhōngwén), 汉语, 漢語)",淡蓝,淡藍色,淡藍,rgb,0,228,255,3,11,line,white,en,,1.1.2,
4793,zh,"Chinese (中文 (Zhōngwén), 汉语, 漢語)",紫,紫色,紫,rgb,164,0,255,6,0,line,white,en,,1.1.2,
4793,zh,"Chinese (中文 (Zhōngwén), 汉语, 漢語)",湖蓝,湖蓝色,湖蓝,rgb,0,178,255,6,1,line,white,en,,1.1.2,
4793,zh,"Chinese (中文 (Zhōngwén), 汉语, 漢語)",黄,黄色,黄,rgb,255,246,0,6,2,line,white,en,,1.1.2,
4793,zh,"Chinese (中文 (Zhōngwén), 汉语, 漢語)",紫红,紫红色,紫红,rgb,255,0,157,6,3,line,white,en,,1.1.2,
4793,zh,"Chinese (中文 (Zhōngwén), 汉语, 漢語)",橙,橙色,橙,rgb,255,129,0,6,4,line,white,en,,1.1.2,
4793,zh,"Chinese (中文 (Zhōngwén), 汉语, 漢語)",深蓝,深蓝色,深蓝,rgb,0,58,255,6,5,line,white,en,,1.1.2,
4793,zh,"Chinese (中文 (Zhōngwén), 汉语, 漢語)",蓝,蓝色,蓝,rgb,0,111,255,6,6,line,white,en,,1.1.2,
4793,zh,"Chinese (中文 (Zhōngwén), 汉语, 漢語)",亮紫,亮紫色,亮紫,rgb,255,0,233,6,7,line,white,en,,1.1.2,
4793,zh,"Chinese (中文 (Zhōngwén), 汉语, 漢語)",紫,紫色,紫,rgb,252,0,255,6,8,line,white,en,,1.1.2,
4793,zh,"Chinese (中文 (Zhōngwén), 汉语, 漢語)",蓝紫,蓝紫色,蓝紫,rgb,132,0,255,6,9,line,white,en,,1.1.2,
4793,zh,"Chinese (中文 (Zhōngwén), 汉语, 漢語)",青绿,青绿色,青绿,rgb,0,255,133,6,10,line,white,en,,1.1.2,
4793,zh,"Chinese (中文 (Zhōngwén), 汉语, 漢語)",土黄,土黄色,土黄,rgb,255,161,0,6,11,line,white,en,,1.1.2,
4806,zh,"Chinese (中文 (Zhōngwén), 汉语, 漢語)",荧光绿,荧光绿色,荧光绿,rgb,0,255,127,6,0,line,white,en,,1.1.2,
4806,zh,"Chinese (中文 (Zhōngwén), 汉语, 漢語)",梅红,梅红色,梅红,rgb,255,0,206,6,1,line,white,en,,1.1.2,
4806,zh,"Chinese (中文 (Zhōngwén), 汉语, 漢語)",黄褐,黄褐色,黄褐,rgb,255,138,0,6,2,line,white,en,,1.1.2,
4806,zh,"Chinese (中文 (Zhōngwén), 汉语, 漢語)",湖蓝,湖蓝色,湖蓝,rgb,0,159,255,6,3,line,white,en,,1.1.2,
4806,zh,"Chinese (中文 (Zhōngwén), 汉语, 漢語)",荧黄,荧黄色,荧黄,rgb,255,245,0,6,4,line,white,en,,1.1.2,
4806,zh,"Chinese (中文 (Zhōngwén), 汉语, 漢語)",蓝绿,蓝绿色,蓝绿,rgb,0,255,206,6,5,line,white,en,,1.1.2,
4806,zh,"Chinese (中文 (Zhōngwén), 汉语, 漢語)",粉紫,粉紫色,粉紫,rgb,231,0,255,6,6,line,white,en,,1.1.2,
4806,zh,"Chinese (中文 (Zhōngwén), 汉语, 漢語)",橘黄,橘黄色,橘黄,rgb,255,99,0,6,7,line,white,en,,1.1.2,
4806,zh,"Chinese (中文 (Zhōngwén), 汉语, 漢語)",土黄,土黄色,土黄,rgb,255,218,0,6,8,line,white,en,,1.1.2,
4806,zh,"Chinese (中文 (Zhōngwén), 汉语, 漢語)",草绿,草绿色,草绿,rgb,0,255,33,6,9,line,white,en,,1.1.2,
4806,zh,"Chinese (中文 (Zhōngwén), 汉语, 漢語)",粉紫,粉紫色,粉紫,rgb,255,0,242,6,10,line,white,en,,1.1.2,
4806,zh,"Chinese (中文 (Zhōngwén), 汉语, 漢語)",正红,正红色,正红,rgb,255,0,27,6,11,line,white,en,,1.1.2,
0,zh,"Chinese (中文 (Zhōngwén), 汉语, 漢語)",土黄,土黃色,土黃色,rgb,255,176,0,6,0,line,white,en,,1.1.2,
0,zh,"Chinese (中文 (Zhōngwén), 汉语, 漢語)",亮绿,亮綠色,亮綠色,rgb,115,255,0,6,1,line,white,en,,1.1.2,
0,zh,"Chinese (中文 (Zhōngwén), 汉语, 漢語)",蓝,藍色,藍色,rgb,0,158,255,6,2,line,white,en,,1.1.2,
0,zh,"Chinese (中文 (Zhōngwén), 汉语, 漢語)",橘红,橘紅色,橘紅色,rgb,255,50,0,6,3,line,white,en,,1.1.2,
0,zh,"Chinese (中文 (Zhōngwén), 汉语, 漢語)",红,紅色,紅色,rgb,255,0,50,6,4,line,white,en,,1.1.2,
0,zh,"Chinese (中文 (Zhōngwén), 汉语, 漢語)",红,紅色,紅色,rgb,255,0,15,6,5,line,white,en,,1.1.2,
0,zh,"Chinese (中文 (Zhōngwén), 汉语, 漢語)",紫,紫色,紫色,rgb,130,0,255,6,6,line,white,en,,1.1.2,
0,zh,"Chinese (中文 (Zhōngwén), 汉语, 漢語)",橘,橘色,橘色,rgb,255,86,0,6,7,line,white,en,,1.1.2,
0,zh,"Chinese (中文 (Zhōngwén), 汉语, 漢語)",淡粉蓝,淡粉藍色,淡粉藍色,rgb,0,255,201,6,8,line,white,en,,1.1.2,
0,zh,"Chinese (中文 (Zhōngwén), 汉语, 漢語)",桃红,桃紅色,桃紅色,rgb,255,0,255,6,9,line,white,en,,1.1.2,
0,zh,"Chinese (中文 (Zhōngwén), 汉语, 漢語)",蓝,藍色,藍色,rgb,0,14,255,6,10,line,white,en,,1.1.2,
0,zh,"Chinese (中文 (Zhōngwén), 汉语, 漢語)",黄绿,黃綠色,黃綠色,rgb,155,255,0,6,11,line,white,en,,1.1.2,
4805,zh,"Chinese (中文 (Zhōngwén), 汉语, 漢語)",橙黄,橙黄色,橙黄,rgb,255,174,0,6,0,line,white,en,,1.1.2,
4805,zh,"Chinese (中文 (Zhōngwén), 汉语, 漢語)",青,青色,青,rgb,0,255,255,6,1,line,white,en,,1.1.2,
4805,zh,"Chinese (中文 (Zhōngwén), 汉语, 漢語)",紫红,紫红色,紫红,rgb,255,0,158,6,2,line,white,en,,1.1.2,
4805,zh,"Chinese (中文 (Zhōngwén), 汉语, 漢語)",紫,紫色,紫,rgb,255,0,201,6,3,line,white,en,,1.1.2,
4805,zh,"Chinese (中文 (Zhōngwén), 汉语, 漢語)",橙,橙色,橙,rgb,255,126,0,6,4,line,white,en,,1.1.2,
4805,zh,"Chinese (中文 (Zhōngwén), 汉语, 漢語)",黄绿,黄绿色,黄绿,rgb,140,255,0,6,5,line,white,en,,1.1.2,
4805,zh,"Chinese (中文 (Zhōngwén), 汉语, 漢語)",深黄,深黄色,深黄,rgb,255,211,0,6,6,line,white,en,,1.1.2,
4805,zh,"Chinese (中文 (Zhōngwén), 汉语, 漢語)",浅大红,浅大红色,浅大红,rgb,255,23,0,6,7,line,white,en,,1.1.2,
4805,zh,"Chinese (中文 (Zhōngwén), 汉语, 漢語)",大红,大红色,大红,rgb,255,0,79,6,8,line,white,en,,1.1.2,
4805,zh,"Chinese (中文 (Zhōngwén), 汉语, 漢語)",天蓝,天蓝色,天蓝,rgb,0,188,255,6,9,line,white,en,,1.1.2,
4805,zh,"Chinese (中文 (Zhōngwén), 汉语, 漢語)",蓝绿,蓝绿色,蓝绿,rgb,0,255,172,6,10,line,white,en,,1.1.2,
4805,zh,"Chinese (中文 (Zhōngwén), 汉语, 漢語)",基佬紫,基佬紫色,基佬紫,rgb,204,0,255,6,11,line,white,en,,1.1.2,
4799,zh,"Chinese (中文 (Zhōngwén), 汉语, 漢語)",紫,紫色,紫,rgb,211,0,255,6,0,line,white,en,,1.1.2,
4799,zh,"Chinese (中文 (Zhōngwén), 汉语, 漢語)",橙,橙色,橙,rgb,255,83,0,6,1,line,white,en,,1.1.2,
4799,zh,"Chinese (中文 (Zhōngwén), 汉语, 漢語)",绿,绿色,绿,rgb,180,255,0,6,2,line,white,en,,1.1.2,
4799,zh,"Chinese (中文 (Zhōngwén), 汉语, 漢語)",红,红色,红,rgb,255,0,89,6,3,line,white,en,,1.1.2,
4799,zh,"Chinese (中文 (Zhōngwén), 汉语, 漢語)",粉,粉色,粉,rgb,255,0,146,6,4,line,white,en,,1.1.2,
4799,zh,"Chinese (中文 (Zhōngwén), 汉语, 漢語)",蓝,蓝色,蓝,rgb,0,255,220,6,5,line,white,en,,1.1.2,
4799,zh,"Chinese (中文 (Zhōngwén), 汉语, 漢語)",蓝,蓝色,蓝,rgb,0,94,255,6,6,line,white,en,,1.1.2,
4799,zh,"Chinese (中文 (Zhōngwén), 汉语, 漢語)",蓝,蓝色,蓝,rgb,0,133,255,6,7,line,white,en,,1.1.2,
4799,zh,"Chinese (中文 (Zhōngwén), 汉语, 漢語)",粉,粉色,粉,rgb,255,0,134,6,8,line,white,en,,1.1.2,
4799,zh,"Chinese (中文 (Zhōngwén), 汉语, 漢語)",蓝,蓝色,蓝,rgb,0,37,255,6,9,line,white,en,,1.1.2,
4799,zh,"Chinese (中文 (Zhōngwén), 汉语, 漢語)",绿,绿色,绿,rgb,0,255,84,6,10,line,white,en,,1.1.2,
4799,zh,"Chinese (中文 (Zhōngwén), 汉语, 漢語)",绿,绿色,绿,rgb,76,255,0,6,11,line,white,en,,1.1.2,
4804,zh,"Chinese (中文 (Zhōngwén), 汉语, 漢語)",橘黄,橘黄色,橘黄色,rgb,255,106,0,6,0,line,white,en,,1.1.2,
4804,zh,"Chinese (中文 (Zhōngwén), 汉语, 漢語)",金黄,金黄色,金黄色,rgb,205,255,0,6,1,line,white,en,,1.1.2,
4804,zh,"Chinese (中文 (Zhōngwén), 汉语, 漢語)",宝蓝,宝蓝色,宝蓝色,rgb,0,92,255,6,2,line,white,en,,1.1.2,
4804,zh,"Chinese (中文 (Zhōngwén), 汉语, 漢語)",桃红,桃红色,桃红色,rgb,255,0,85,6,3,line,white,en,,1.1.2,
4804,zh,"Chinese (中文 (Zhōngwén), 汉语, 漢語)",蓝,蓝色,蓝色,rgb,0,182,255,6,4,line,white,en,,1.1.2,
4804,zh,"Chinese (中文 (Zhōngwén), 汉语, 漢語)",土黄,土黄色,土黄色,rgb,255,211,0,6,5,line,white,en,,1.1.2,
4804,zh,"Chinese (中文 (Zhōngwén), 汉语, 漢語)",蓝绿,蓝绿色,蓝绿色,rgb,0,255,197,6,6,line,white,en,,1.1.2,
4804,zh,"Chinese (中文 (Zhōngwén), 汉语, 漢語)",玫红,玫红色,玫红色,rgb,255,0,116,6,7,line,white,en,,1.1.2,
4804,zh,"Chinese (中文 (Zhōngwén), 汉语, 漢語)",蓝,蓝色,蓝色,rgb,0,207,255,6,8,line,white,en,,1.1.2,
4804,zh,"Chinese (中文 (Zhōngwén), 汉语, 漢語)",粉红,粉红色,粉红色,rgb,255,0,155,6,9,line,white,en,,1.1.2,
4804,zh,"Chinese (中文 (Zhōngwén), 汉语, 漢語)",宝蓝,宝蓝色,宝蓝色,rgb,0,17,255,6,10,line,white,en,,1.1.2,
4804,zh,"Chinese (中文 (Zhōngwén), 汉语, 漢語)",深蓝,深蓝色,深蓝色,rgb,0,55,255,6,11,line,white,en,,1.1.2,
4812,zh,"Chinese (中文 (Zhōngwén), 汉语, 漢語)",天蓝,天蓝色,天蓝,rgb,0,217,255,6,0,line,white,en,,1.1.2,
4812,zh,"Chinese (中文 (Zhōngwén), 汉语, 漢語)",深蓝,深蓝色,深蓝,rgb,0,100,255,6,1,line,white,en,,1.1.2,
4812,zh,"Chinese (中文 (Zhōngwén), 汉语, 漢語)",深蓝,深蓝色,深蓝,rgb,0,81,255,6,2,line,white,en,,1.1.2,
4812,zh,"Chinese (中文 (Zhōngwén), 汉语, 漢語)",土蓝,土蓝色,土蓝,rgb,0,159,255,6,3,line,white,en,,1.1.2,
4812,zh,"Chinese (中文 (Zhōngwén), 汉语, 漢語)",土黄,土黄色,土黄,rgb,255,199,0,6,4,line,white,en,,1.1.2,
4812,zh,"Chinese (中文 (Zhōngwén), 汉语, 漢語)",玫红,枚红色,枚红,rgb,255,0,88,6,5,line,white,en,,1.1.2,
4812,zh,"Chinese (中文 (Zhōngwén), 汉语, 漢語)",土蓝,土蓝色,土蓝,rgb,0,135,255,6,6,line,white,en,,1.1.2,
4812,zh,"Chinese (中文 (Zhōngwén), 汉语, 漢語)",亮紫,亮紫色,亮紫,rgb,255,0,246,6,7,line,white,en,,1.1.2,
4812,zh,"Chinese (中文 (Zhōngwén), 汉语, 漢語)",大红,大红色,大红,rgb,255,0,63,6,8,line,white,en,,1.1.2,
4812,zh,"Chinese (中文 (Zhōngwén), 汉语, 漢語)",亮青,亮青色,亮青,rgb,0,255,193,6,9,line,white,en,,1.1.2,
4812,zh,"Chinese (中文 (Zhōngwén), 汉语, 漢語)",亮绿,亮绿色,亮绿,rgb,0,255,54,6,10,line,white,en,,1.1.2,
4812,zh,"Chinese (中文 (Zhōngwén), 汉语, 漢語)",土蓝,土蓝色,土蓝,rgb,0,146,255,6,11,line,white,en,,1.1.2,
4798,zh,"Chinese (中文 (Zhōngwén), 汉语, 漢語)",紫,紫色,紫色,rgb,190,0,255,6,0,line,white,en,,1.1.2,
4798,zh,"Chinese (中文 (Zhōngwén), 汉语, 漢語)",天蓝,天藍色,天藍色,rgb,0,207,255,6,1,line,white,en,,1.1.2,
4798,zh,"Chinese (中文 (Zhōngwén), 汉语, 漢語)",浅绿,淺綠色,淺綠色,rgb,0,255,160,6,2,line,white,en,,1.1.2,
4798,zh,"Chinese (中文 (Zhōngwén), 汉语, 漢語)",暗黄,暗黃色,暗黃色,rgb,255,222,0,6,3,line,white,en,,1.1.2,
4798,zh,"Chinese (中文 (Zhōngwén), 汉语, 漢語)",浅绿,淺綠色,淺綠色,rgb,0,255,139,6,4,line,white,en,,1.1.2,
4798,zh,"Chinese (中文 (Zhōngwén), 汉语, 漢語)",土黄,土黃色,土黃色,rgb,255,177,0,6,5,line,white,en,,1.1.2,
4798,zh,"Chinese (中文 (Zhōngwén), 汉语, 漢語)",荧光黄,螢光黃色,螢光黃,rgb,218,255,0,6,6,line,white,en,,1.1.2,
4798,zh,"Chinese (中文 (Zhōngwén), 汉语, 漢語)",亮绿,亮綠色,亮綠色,rgb,53,255,0,6,7,line,white,en,,1.1.2,
4798,zh,"Chinese (中文 (Zhōngwén), 汉语, 漢語)",黄绿,黃綠色,黃綠色,rgb,149,255,0,6,8,line,white,en,,1.1.2,
4798,zh,"Chinese (中文 (Zhōngwén), 汉语, 漢語)",蓝,藍色,藍,rgb,0,173,255,6,9,line,white,en,,1.1.2,
4798,zh,"Chinese (中文 (Zhōngwén), 汉语, 漢語)",红,紅色,紅色,rgb,255,0,21,6,10,line,white,en,,1.1.2,
4798,zh,"Chinese (中文 (Zhōngwén), 汉语, 漢語)",橘,橘色,橘色,rgb,255,89,0,6,11,line,white,en,,1.1.2,
4813,zh,"Chinese (中文 (Zhōngwén), 汉语, 漢語)",海蓝,海蓝色,海蓝,rgb,0,141,255,6,0,line,white,en,,1.1.2,
4813,zh,"Chinese (中文 (Zhōngwén), 汉语, 漢語)",青绿,绿青色,绿青色,rgb,0,255,125,6,1,line,white,en,,1.1.2,
4813,zh,"Chinese (中文 (Zhōngwén), 汉语, 漢語)",粉,粉色,粉色,rgb,255,0,205,6,2,line,white,en,,1.1.2,
4813,zh,"Chinese (中文 (Zhōngwén), 汉语, 漢語)",青,青色,青色,rgb,0,255,171,6,3,line,white,en,,1.1.2,
4813,zh,"Chinese (中文 (Zhōngwén), 汉语, 漢語)",青蓝,青蓝色,青蓝,rgb,0,255,207,6,4,line,white,en,,1.1.2,
4813,zh,"Chinese (中文 (Zhōngwén), 汉语, 漢語)",淡黄绿,淡绿黄色,淡绿黄色,rgb,195,255,0,6,5,line,white,en,,1.1.2,
4813,zh,"Chinese (中文 (Zhōngwén), 汉语, 漢語)",浅青柠,浅青柠色,浅青柠,rgb,166,255,0,6,6,line,white,en,,1.1.2,
4813,zh,"Chinese (中文 (Zhōngwén), 汉语, 漢語)",青柠,青柠色,青柠,rgb,125,255,0,6,7,line,white,en,,1.1.2,
4813,zh,"Chinese (中文 (Zhōngwén), 汉语, 漢語)",蓝,蓝色,蓝色,rgb,0,68,255,6,8,line,white,en,,1.1.2,
4813,zh,"Chinese (中文 (Zhōngwén), 汉语, 漢語)",淡蓝,淡蓝色,淡蓝,rgb,0,196,255,6,9,line,white,en,,1.1.2,
4813,zh,"Chinese (中文 (Zhōngwén), 汉语, 漢語)",基佬紫,基佬紫色,基佬紫,rgb,229,0,255,6,10,line,white,en,,1.1.2,
4813,zh,"Chinese (中文 (Zhōngwén), 汉语, 漢語)",黄,黄色,黄色,rgb,255,206,0,6,11,line,white,en,,1.1.2,
4801,zh,"Chinese (中文 (Zhōngwén), 汉语, 漢語)",淡绿,淡綠色,淡綠,rgb,0,255,182,6,0,line,white,en,,1.1.2,
4801,zh,"Chinese (中文 (Zhōngwén), 汉语, 漢語)",深绿,深綠色,深綠,rgb,185,255,0,6,1,line,white,en,,1.1.2,
4801,zh,"Chinese (中文 (Zhōngwén), 汉语, 漢語)",深靛,深靛色,深靛,rgb,33,0,255,6,2,line,white,en,,1.1.2,
4801,zh,"Chinese (中文 (Zhōngwén), 汉语, 漢語)",亮蓝,亮藍色,亮藍,rgb,0,64,255,6,3,line,white,en,,1.1.2,
4801,zh,"Chinese (中文 (Zhōngwén), 汉语, 漢語)",淡蓝,淡藍色,淡藍,rgb,0,181,255,6,4,line,white,en,,1.1.2,
4801,zh,"Chinese (中文 (Zhōngwén), 汉语, 漢語)",淡紫,淡紫色,淡紫,rgb,105,0,255,6,5,line,white,en,,1.1.2,
4801,zh,"Chinese (中文 (Zhōngwén), 汉语, 漢語)",淡红,淡紅色,淡紅,rgb,255,41,0,6,6,line,white,en,,1.1.2,
4801,zh,"Chinese (中文 (Zhōngwén), 汉语, 漢語)",深红,深紅色,深紅,rgb,255,0,41,6,7,line,white,en,,1.1.2,
4801,zh,"Chinese (中文 (Zhōngwén), 汉语, 漢語)",淡蓝,淡藍色,淡藍,rgb,0,147,255,6,8,line,white,en,,1.1.2,
4801,zh,"Chinese (中文 (Zhōngwén), 汉语, 漢語)",亮粉,亮粉色,亮粉,rgb,255,0,161,6,9,line,white,en,,1.1.2,
4801,zh,"Chinese (中文 (Zhōngwén), 汉语, 漢語)",淡紫,淡紫色,淡紫,rgb,216,0,255,6,10,line,white,en,,1.1.2,
4801,zh,"Chinese (中文 (Zhōngwén), 汉语, 漢語)",淡红,淡紅色,淡紅,rgb,255,0,81,6,11,line,white,en,,1.1.2,
4814,zh,"Chinese (中文 (Zhōngwén), 汉语, 漢語)",土橘,土橘色,土橘色,rgb,255,151,0,6,0,line,white,en,,1.1.2,
4814,zh,"Chinese (中文 (Zhōngwén), 汉语, 漢語)",亮绿,亮綠色,亮綠色,rgb,0,255,122,6,1,line,white,en,,1.1.2,
4814,zh,"Chinese (中文 (Zhōngwén), 汉语, 漢語)",亮绿,亮綠色,亮綠色,rgb,0,255,106,6,2,line,white,en,,1.1.2,
4814,zh,"Chinese (中文 (Zhōngwén), 汉语, 漢語)",粉绿,粉綠色,粉綠色,rgb,176,255,0,6,3,line,white,en,,1.1.2,
4814,zh,"Chinese (中文 (Zhōngwén), 汉语, 漢語)",深橘,深橘色,深橘色,rgb,255,107,0,6,4,line,white,en,,1.1.2,
4814,zh,"Chinese (中文 (Zhōngwén), 汉语, 漢語)",深蓝,深藍色,深藍色,rgb,0,73,255,6,5,line,white,en,,1.1.2,
4814,zh,"Chinese (中文 (Zhōngwén), 汉语, 漢語)",亮紫,亮紫色,亮紫色,rgb,255,0,232,6,6,line,white,en,,1.1.2,
4814,zh,"Chinese (中文 (Zhōngwén), 汉语, 漢語)",浅绿,淺綠色,淺綠色,rgb,0,255,4,6,7,line,white,en,,1.1.2,
4814,zh,"Chinese (中文 (Zhōngwén), 汉语, 漢語)",蓝绿,藍綠色,藍綠色,rgb,0,255,209,6,8,line,white,en,,1.1.2,
4814,zh,"Chinese (中文 (Zhōngwén), 汉语, 漢語)",亮紫,亮紫色,亮紫色,rgb,255,0,253,6,9,line,white,en,,1.1.2,
4814,zh,"Chinese (中文 (Zhōngwén), 汉语, 漢語)",蓝,藍色,藍色,rgb,0,97,255,6,10,line,white,en,,1.1.2,
4814,zh,"Chinese (中文 (Zhōngwén), 汉语, 漢語)",亮蓝绿,亮藍綠色,亮藍綠,rgb,0,255,172,6,11,line,white,en,,1.1.2,
4816,zh,"Chinese (中文 (Zhōngwén), 汉语, 漢語)",青蓝,青蓝色,青蓝,rgb,0,255,219,1,4,line,white,en,,1.1.2,
4816,zh,"Chinese (中文 (Zhōngwén), 汉语, 漢語)",青蓝,青蓝色,青蓝,rgb,0,255,231,1,11,line,white,en,,1.1.2,
4819,zh,"Chinese (中文 (Zhōngwén), 汉语, 漢語)",蓝,藍色,藍色,rgb,0,148,255,1,0,line,white,en,,1.1.2,
4819,zh,"Chinese (中文 (Zhōngwén), 汉语, 漢語)",靛,靛色,靛色,rgb,0,70,255,1,1,line,white,en,,1.1.2,
4819,zh,"Chinese (中文 (Zhōngwén), 汉语, 漢語)",淡蓝,淡藍色,淡藍,rgb,0,204,255,1,2,line,white,en,,1.1.2,
4819,zh,"Chinese (中文 (Zhōngwén), 汉语, 漢語)",浅绿,淺綠色,淺綠色,rgb,204,255,0,1,3,line,white,en,,1.1.2,
4819,zh,"Chinese (中文 (Zhōngwén), 汉语, 漢語)",淡蓝,淡藍色,淡藍色,rgb,0,180,255,1,4,line,white,en,,1.1.2,
4819,zh,"Chinese (中文 (Zhōngwén), 汉语, 漢語)",紫罗蓝,紫羅蘭色,紫羅蘭色,rgb,173,0,255,1,5,line,white,en,,1.1.2,
4819,zh,"Chinese (中文 (Zhōngwén), 汉语, 漢語)",粉红,粉紅色,粉紅色,rgb,255,0,164,1,6,line,white,en,,1.1.2,
4819,zh,"Chinese (中文 (Zhōngwén), 汉语, 漢語)",深粉红,深粉紅色,深粉紅色,rgb,255,0,197,1,7,line,white,en,,1.1.2,
4819,zh,"Chinese (中文 (Zhōngwén), 汉语, 漢語)",青,青色,青色,rgb,0,251,255,1,8,line,white,en,,1.1.2,
4819,zh,"Chinese (中文 (Zhōngwén), 汉语, 漢語)",橘,橘色,橘色,rgb,255,155,0,1,9,line,white,en,,1.1.2,
4819,zh,"Chinese (中文 (Zhōngwén), 汉语, 漢語)",粉紫,粉紫色,粉紫色,rgb,255,0,231,1,10,line,white,en,,1.1.2,
4819,zh,"Chinese (中文 (Zhōngwén), 汉语, 漢語)",紫,紫色,紫色,rgb,119,0,255,1,11,line,white,en,,1.1.2,
4815,zh,"Chinese (中文 (Zhōngwén), 汉语, 漢語)",紫,紫色,紫色,rgb,226,0,255,1,0,line,white,en,,1.1.2,
4815,zh,"Chinese (中文 (Zhōngwén), 汉语, 漢語)",粉,粉色,粉色,rgb,255,0,115,1,1,line,white,en,,1.1.2,
4815,zh,"Chinese (中文 (Zhōngwén), 汉语, 漢語)",深蓝,深蓝色,深蓝,rgb,0,67,255,1,2,line,white,en,,1.1.2,
4815,zh,"Chinese (中文 (Zhōngwén), 汉语, 漢語)",深蓝,深蓝色,深蓝,rgb,0,64,255,1,3,line,white,en,,1.1.2,
4815,zh,"Chinese (中文 (Zhōngwén), 汉语, 漢語)",黄绿,黄绿色,黄绿色,rgb,240,255,0,1,4,line,white,en,,1.1.2,
4815,zh,"Chinese (中文 (Zhōngwén), 汉语, 漢語)",深橘,深橘色,深橘色,rgb,255,114,0,1,5,line,white,en,,1.1.2,
4815,zh,"Chinese (中文 (Zhōngwén), 汉语, 漢語)",淡橘,淡橘色,淡橘,rgb,255,146,0,1,6,line,white,en,,1.1.2,
4815,zh,"Chinese (中文 (Zhōngwén), 汉语, 漢語)",橘红,橘红色,橘红色,rgb,255,43,0,1,7,line,white,en,,1.1.2,
4815,zh,"Chinese (中文 (Zhōngwén), 汉语, 漢語)",淡橘,淡橘色,淡橘色,rgb,255,210,0,1,8,line,white,en,,1.1.2,
4815,zh,"Chinese (中文 (Zhōngwén), 汉语, 漢語)",紫,紫色,紫色,rgb,212,0,255,1,9,line,white,en,,1.1.2,
4815,zh,"Chinese (中文 (Zhōngwén), 汉语, 漢語)",天蓝,天蓝色,天蓝色,rgb,0,159,255,1,10,line,white,en,,1.1.2,
4815,zh,"Chinese (中文 (Zhōngwén), 汉语, 漢語)",深粉,深粉色,深粉色,rgb,255,0,153,1,11,line,white,en,,1.1.2,
4822,zh,"Chinese (中文 (Zhōngwén), 汉语, 漢語)",桃红,桃红色,桃红色,rgb,255,0,128,1,0,line,white,en,,1.1.2,
4822,zh,"Chinese (中文 (Zhōngwén), 汉语, 漢語)",紫,紫色,紫色,rgb,197,0,255,1,1,line,white,en,,1.1.2,
4822,zh,"Chinese (中文 (Zhōngwén), 汉语, 漢語)",蓝绿,蓝绿色,蓝绿色,rgb,0,255,136,1,2,line,white,en,,1.1.2,
4822,zh,"Chinese (中文 (Zhōngwén), 汉语, 漢語)",紫红,紫红色,紫红,rgb,255,0,162,1,3,line,white,en,,1.1.2,
4822,zh,"Chinese (中文 (Zhōngwén), 汉语, 漢語)",绿,绿色,绿色,rgb,0,255,105,1,4,line,white,en,,1.1.2,
4822,zh,"Chinese (中文 (Zhōngwén), 汉语, 漢語)",橙黄,橙黄色,橙黄,rgb,255,151,0,1,5,line,white,en,,1.1.2,
4822,zh,"Chinese (中文 (Zhōngwén), 汉语, 漢語)",蓝,蓝色,蓝,rgb,0,49,255,1,6,line,white,en,,1.1.2,
4822,zh,"Chinese (中文 (Zhōngwén), 汉语, 漢語)",亮绿,亮绿色,亮绿色,rgb,93,255,0,1,7,line,white,en,,1.1.2,
4822,zh,"Chinese (中文 (Zhōngwén), 汉语, 漢語)",红,红色,红色,rgb,255,31,0,1,8,line,white,en,,1.1.2,
4822,zh,"Chinese (中文 (Zhōngwén), 汉语, 漢語)",亮紫红,亮紫红色,亮紫红,rgb,255,0,250,1,9,line,white,en,,1.1.2,
4822,zh,"Chinese (中文 (Zhōngwén), 汉语, 漢語)",黄,黄色,黄,rgb,255,197,0,1,10,line,white,en,,1.1.2,
4822,zh,"Chinese (中文 (Zhōngwén), 汉语, 漢語)",粉紫,紫粉色,紫粉,rgb,255,0,231,1,11,line,white,en,,1.1.2,
4819,zh,"Chinese (中文 (Zhōngwén), 汉语, 漢語)",青绿,青綠色,青綠色,rgb,27,255,0,3,0,line,white,en,,1.1.2,
4819,zh,"Chinese (中文 (Zhōngwén), 汉语, 漢語)",黄,黃色,黃色,rgb,251,255,0,3,1,line,white,en,,1.1.2,
4819,zh,"Chinese (中文 (Zhōngwén), 汉语, 漢語)",天蓝,天空藍色,天空藍色,rgb,0,255,245,3,2,line,white,en,,1.1.2,
4819,zh,"Chinese (中文 (Zhōngwén), 汉语, 漢語)",橘黄,橘黃色,橘黃色,rgb,255,222,0,3,3,line,white,en,,1.1.2,
4819,zh,"Chinese (中文 (Zhōngwén), 汉语, 漢語)",淡青,淡青色,淡青色,rgb,0,255,132,3,4,line,white,en,,1.1.2,
4819,zh,"Chinese (中文 (Zhōngwén), 汉语, 漢語)",绿,綠色,綠色,rgb,0,255,101,3,5,line,white,en,,1.1.2,
4819,zh,"Chinese (中文 (Zhōngwén), 汉语, 漢語)",深粉红,深粉紅色,深粉紅色,rgb,255,0,138,3,6,line,white,en,,1.1.2,
4819,zh,"Chinese (中文 (Zhōngwén), 汉语, 漢語)",橘红,橘紅色,橘紅色,rgb,255,108,0,3,7,line,white,en,,1.1.2,
4819,zh,"Chinese (中文 (Zhōngwén), 汉语, 漢語)",青蓝,青藍色,青藍色,rgb,0,255,206,3,8,line,white,en,,1.1.2,
4819,zh,"Chinese (中文 (Zhōngwén), 汉语, 漢語)",亮绿,亮綠色,亮綠色,rgb,183,255,0,3,9,line,white,en,,1.1.2,
4819,zh,"Chinese (中文 (Zhōngwén), 汉语, 漢語)",橘,橘色,橘色,rgb,255,140,0,3,10,line,white,en,,1.1.2,
4819,zh,"Chinese (中文 (Zhōngwén), 汉语, 漢語)",淡蓝,淡藍色,淡藍色,rgb,0,225,255,3,11,line,white,en,,1.1.2,
4822,zh,"Chinese (中文 (Zhōngwén), 汉语, 漢語)",蓝,蓝色,蓝色,rgb,0,216,255,3,0,line,white,en,,1.1.2,
4822,zh,"Chinese (中文 (Zhōngwén), 汉语, 漢語)",大红,大红色,大红,rgb,255,0,2,3,1,line,white,en,,1.1.2,
4822,zh,"Chinese (中文 (Zhōngwén), 汉语, 漢語)",桃红,桃红色,桃红,rgb,255,0,83,3,2,line,white,en,,1.1.2,
4822,zh,"Chinese (中文 (Zhōngwén), 汉语, 漢語)",蓝,蓝色,蓝,rgb,0,158,255,3,3,line,white,en,,1.1.2,
4822,zh,"Chinese (中文 (Zhōngwén), 汉语, 漢語)",深紫,深紫色,深紫,rgb,154,0,255,3,4,line,white,en,,1.1.2,
4822,zh,"Chinese (中文 (Zhōngwén), 汉语, 漢語)",天蓝,天蓝色,天蓝,rgb,0,242,255,3,5,line,white,en,,1.1.2,
4822,zh,"Chinese (中文 (Zhōngwén), 汉语, 漢語)",红,红色,红,rgb,255,0,64,3,6,line,white,en,,1.1.2,
4822,zh,"Chinese (中文 (Zhōngwén), 汉语, 漢語)",柠檬黄,柠檬黄色,柠檬黄,rgb,239,255,0,3,7,line,white,en,,1.1.2,
4822,zh,"Chinese (中文 (Zhōngwén), 汉语, 漢語)",深蓝,深蓝色,深蓝,rgb,0,11,255,3,8,line,white,en,,1.1.2,
4822,zh,"Chinese (中文 (Zhōngwén), 汉语, 漢語)",浅绿,浅绿色,浅绿,rgb,156,255,0,3,9,line,white,en,,1.1.2,
4822,zh,"Chinese (中文 (Zhōngwén), 汉语, 漢語)",橙黄,橙黄色,橙黄,rgb,255,155,0,3,10,line,white,en,,1.1.2,
4822,zh,"Chinese (中文 (Zhōngwén), 汉语, 漢語)",橙,橙色,橙,rgb,255,109,0,3,11,line,white,en,,1.1.2,
4815,zh,"Chinese (中文 (Zhōngwén), 汉语, 漢語)",柠檬黄,柠檬黄色,柠檬黄,rgb,255,216,0,3,0,line,white,en,,1.1.2,
4815,zh,"Chinese (中文 (Zhōngwén), 汉语, 漢語)",粉红,红粉色,红粉色,rgb,255,0,71,3,1,line,white,en,,1.1.2,
4815,zh,"Chinese (中文 (Zhōngwén), 汉语, 漢語)",淡蓝,淡蓝色,淡蓝色,rgb,0,244,255,3,2,line,white,en,,1.1.2,
4815,zh,"Chinese (中文 (Zhōngwén), 汉语, 漢語)",深粉,深粉色,深粉色,rgb,255,0,198,3,3,line,white,en,,1.1.2,
4815,zh,"Chinese (中文 (Zhōngwén), 汉语, 漢語)",淡绿,淡绿色,淡绿色,rgb,0,255,100,3,4,line,white,en,,1.1.2,
4815,zh,"Chinese (中文 (Zhōngwén), 汉语, 漢語)",薄荷绿,薄荷绿色,薄荷绿,rgb,0,255,206,3,5,line,white,en,,1.1.2,
4815,zh,"Chinese (中文 (Zhōngwén), 汉语, 漢語)",深蓝,深蓝色,深蓝色,rgb,0,31,255,3,6,line,white,en,,1.1.2,
4815,zh,"Chinese (中文 (Zhōngwén), 汉语, 漢語)",玫红,玫红色,玫红色,rgb,255,0,105,3,7,line,white,en,,1.1.2,
4815,zh,"Chinese (中文 (Zhōngwén), 汉语, 漢語)",荧光绿,荧光绿色,荧光绿,rgb,174,255,0,3,8,line,white,en,,1.1.2,
4815,zh,"Chinese (中文 (Zhōngwén), 汉语, 漢語)",紫罗蓝,紫罗兰色,紫罗兰色,rgb,255,0,223,3,9,line,white,en,,1.1.2,
4815,zh,"Chinese (中文 (Zhōngwén), 汉语, 漢語)",紫,紫色,紫色,rgb,132,0,255,3,10,line,white,en,,1.1.2,
4815,zh,"Chinese (中文 (Zhōngwén), 汉语, 漢語)",淡蓝,淡蓝色,淡蓝色,rgb,0,209,255,3,11,line,white,en,,1.1.2,
4819,zh,"Chinese (中文 (Zhōngwén), 汉语, 漢語)",紫罗蓝,紫羅蘭色,紫羅蘭色,rgb,229,0,255,6,0,line,white,en,,1.1.2,
4819,zh,"Chinese (中文 (Zhōngwén), 汉语, 漢語)",靛,靛色,靛色,rgb,0,113,255,6,1,line,white,en,,1.1.2,
4819,zh,"Chinese (中文 (Zhōngwén), 汉语, 漢語)",粉绿,粉綠色,粉綠色,rgb,0,255,182,6,2,line,white,en,,1.1.2,
4819,zh,"Chinese (中文 (Zhōngwén), 汉语, 漢語)",雾红,霧紅色,霧紅色,rgb,255,0,91,6,3,line,white,en,,1.1.2,
4819,zh,"Chinese (中文 (Zhōngwén), 汉语, 漢語)",靛,靛色,靛色,rgb,0,122,255,6,4,line,white,en,,1.1.2,
4819,zh,"Chinese (中文 (Zhōngwén), 汉语, 漢語)",红,紅色,紅色,rgb,255,20,0,6,5,line,white,en,,1.1.2,
4819,zh,"Chinese (中文 (Zhōngwén), 汉语, 漢語)",淡橘黄,淡橘黃色,淡橘黃色,rgb,255,209,0,6,6,line,white,en,,1.1.2,
4819,zh,"Chinese (中文 (Zhōngwén), 汉语, 漢語)",绿,綠色,綠色,rgb,87,255,0,6,7,line,white,en,,1.1.2,
4819,zh,"Chinese (中文 (Zhōngwén), 汉语, 漢語)",蓝,藍色,藍色,rgb,0,58,255,6,8,line,white,en,,1.1.2,
4819,zh,"Chinese (中文 (Zhōngwén), 汉语, 漢語)",血红,血紅色,血紅色,rgb,255,0,60,6,9,line,white,en,,1.1.2,
4819,zh,"Chinese (中文 (Zhōngwén), 汉语, 漢語)",蓝,藍色,藍色,rgb,0,17,255,6,10,line,white,en,,1.1.2,
4819,zh,"Chinese (中文 (Zhōngwén), 汉语, 漢語)",血红,血紅色,血紅色,rgb,255,0,37,6,11,line,white,en,,1.1.2,
4822,zh,"Chinese (中文 (Zhōngwén), 汉语, 漢語)",海蓝,海蓝色,海蓝,rgb,0,164,255,6,0,line,white,en,,1.1.2,
4822,zh,"Chinese (中文 (Zhōngwén), 汉语, 漢語)",薄荷绿,薄荷绿色,薄荷绿,rgb,0,255,198,6,1,line,white,en,,1.1.2,
4822,zh,"Chinese (中文 (Zhōngwén), 汉语, 漢語)",草绿,草绿色,草绿,rgb,213,255,0,6,2,line,white,en,,1.1.2,
4822,zh,"Chinese (中文 (Zhōngwén), 汉语, 漢語)",土黄,土黄色,土黄,rgb,255,216,0,6,3,line,white,en,,1.1.2,
4822,zh,"Chinese (中文 (Zhōngwén), 汉语, 漢語)",蓝,蓝色,蓝,rgb,0,122,255,6,4,line,white,en,,1.1.2,
4822,zh,"Chinese (中文 (Zhōngwén), 汉语, 漢語)",亮蓝,亮蓝色,亮蓝,rgb,0,255,239,6,5,line,white,en,,1.1.2,
4822,zh,"Chinese (中文 (Zhōngwén), 汉语, 漢語)",深蓝,深蓝色,深蓝,rgb,0,86,255,6,6,line,white,en,,1.1.2,
4822,zh,"Chinese (中文 (Zhōngwén), 汉语, 漢語)",绿,绿色,绿,rgb,0,255,34,6,7,line,white,en,,1.1.2,
4822,zh,"Chinese (中文 (Zhōngwén), 汉语, 漢語)",湖蓝,湖蓝色,湖蓝,rgb,0,196,255,6,8,line,white,en,,1.1.2,
4822,zh,"Chinese (中文 (Zhōngwén), 汉语, 漢語)",深蓝,深蓝色,深蓝,rgb,0,100,255,6,9,line,white,en,,1.1.2,
4822,zh,"Chinese (中文 (Zhōngwén), 汉语, 漢語)",薄荷绿,薄荷绿色,薄荷绿,rgb,0,255,185,6,10,line,white,en,,1.1.2,
4822,zh,"Chinese (中文 (Zhōngwén), 汉语, 漢語)",玫红,玫红色,玫红,rgb,255,0,207,6,11,line,white,en,,1.1.2,
4815,zh,"Chinese (中文 (Zhōngwén), 汉语, 漢語)",草绿,草绿色,草绿色,rgb,68,255,0,6,0,line,white,en,,1.1.2,
4815,zh,"Chinese (中文 (Zhōngwén), 汉语, 漢語)",草绿,草绿色,草绿色,rgb,0,255,32,6,1,line,white,en,,1.1.2,
4815,zh,"Chinese (中文 (Zhōngwén), 汉语, 漢語)",橘,橘色,橘色,rgb,255,171,0,6,2,line,white,en,,1.1.2,
4815,zh,"Chinese (中文 (Zhōngwén), 汉语, 漢語)",橘红,橘红色,橘红色,rgb,255,0,16,6,3,line,white,en,,1.1.2,
4815,zh,"Chinese (中文 (Zhōngwén), 汉语, 漢語)",淡绿,淡绿色,淡绿色,rgb,0,255,136,6,4,line,white,en,,1.1.2,
4815,zh,"Chinese (中文 (Zhōngwén), 汉语, 漢語)",深蓝,深蓝色,深蓝色,rgb,0,125,255,6,5,line,white,en,,1.1.2,
4815,zh,"Chinese (中文 (Zhōngwén), 汉语, 漢語)",草绿,草绿色,草绿色,rgb,200,255,0,6,6,line,white,en,,1.1.2,
4815,zh,"Chinese (中文 (Zhōngwén), 汉语, 漢語)",天蓝,天蓝色,天蓝色,rgb,0,153,255,6,7,line,white,en,,1.1.2,
4815,zh,"Chinese (中文 (Zhōngwén), 汉语, 漢語)",萤光蓝,荧光蓝色,荧光蓝,rgb,0,255,230,6,8,line,white,en,,1.1.2,
4815,zh,"Chinese (中文 (Zhōngwén), 汉语, 漢語)",深蓝,深蓝色,深蓝色,rgb,0,106,255,6,9,line,white,en,,1.1.2,
4815,zh,"Chinese (中文 (Zhōngwén), 汉语, 漢語)",荧光绿,荧光绿色,荧光绿,rgb,0,255,188,6,10,line,white,en,,1.1.2,
4815,zh,"Chinese (中文 (Zhōngwén), 汉语, 漢語)",淡蓝,淡蓝色,淡蓝色,rgb,0,191,255,6,11,line,white,en,,1.1.2,
5286,zh,"Chinese (中文 (Zhōngwén), 汉语, 漢語)",深蓝,深蓝色,深蓝,rgb,0,39,255,1,0,line,white,en,,1.1.2,
5286,zh,"Chinese (中文 (Zhōngwén), 汉语, 漢語)",紫,紫色,紫,rgb,158,0,255,1,1,line,white,en,,1.1.2,
5286,zh,"Chinese (中文 (Zhōngwén), 汉语, 漢語)",黄,黄色,黄,rgb,255,241,0,1,2,line,white,en,,1.1.2,
5286,zh,"Chinese (中文 (Zhōngwén), 汉语, 漢語)",嫩绿,嫩绿色,嫩绿,rgb,0,255,182,1,3,line,white,en,,1.1.2,
5286,zh,"Chinese (中文 (Zhōngwén), 汉语, 漢語)",橘,橘色,橘色,rgb,255,186,0,1,4,line,white,en,,1.1.2,
5286,zh,"Chinese (中文 (Zhōngwén), 汉语, 漢語)",红,红色,红,rgb,255,0,74,1,5,line,white,en,,1.1.2,
5286,zh,"Chinese (中文 (Zhōngwén), 汉语, 漢語)",浅蓝,浅蓝色,浅蓝,rgb,0,255,251,1,6,line,white,en,,1.1.2,
5286,zh,"Chinese (中文 (Zhōngwén), 汉语, 漢語)",紫红,紫红色,紫红,rgb,255,0,224,1,7,line,white,en,,1.1.2,
5286,zh,"Chinese (中文 (Zhōngwén), 汉语, 漢語)",橙红,橙红色,橙红,rgb,255,37,0,1,8,line,white,en,,1.1.2,
5286,zh,"Chinese (中文 (Zhōngwén), 汉语, 漢語)",桃红,桃红色,桃红,rgb,255,0,163,1,9,line,white,en,,1.1.2,
5286,zh,"Chinese (中文 (Zhōngwén), 汉语, 漢語)",翠绿,翠绿色,翠绿,rgb,0,255,71,1,10,line,white,en,,1.1.2,
5286,zh,"Chinese (中文 (Zhōngwén), 汉语, 漢語)",海蓝,海蓝色,海蓝,rgb,0,97,255,1,11,line,white,en,,1.1.2,
5286,zh,"Chinese (中文 (Zhōngwén), 汉语, 漢語)",天蓝,天蓝色,天蓝,rgb,0,157,255,3,0,line,white,en,,1.1.2,
5286,zh,"Chinese (中文 (Zhōngwén), 汉语, 漢語)",橙黄,橙黄色,橙黄,rgb,255,167,0,3,1,line,white,en,,1.1.2,
5286,zh,"Chinese (中文 (Zhōngwén), 汉语, 漢語)",嫩绿,嫩绿色,嫩绿,rgb,108,255,0,3,2,line,white,en,,1.1.2,
5286,zh,"Chinese (中文 (Zhōngwén), 汉语, 漢語)",桃红,桃红色,桃红,rgb,255,0,200,3,3,line,white,en,,1.1.2,
5286,zh,"Chinese (中文 (Zhōngwén), 汉语, 漢語)",新绿,新绿色,新绿,rgb,0,255,154,3,4,line,white,en,,1.1.2,
5286,zh,"Chinese (中文 (Zhōngwén), 汉语, 漢語)",淡蓝,淡蓝色,淡蓝,rgb,0,198,255,3,5,line,white,en,,1.1.2,
5286,zh,"Chinese (中文 (Zhōngwén), 汉语, 漢語)",黄,黄色,黄,rgb,229,255,0,3,6,line,white,en,,1.1.2,
5286,zh,"Chinese (中文 (Zhōngwén), 汉语, 漢語)",浅蓝,浅蓝色,浅蓝,rgb,0,237,255,3,7,line,white,en,,1.1.2,
5286,zh,"Chinese (中文 (Zhōngwén), 汉语, 漢語)",翠绿,翠绿色,翠绿,rgb,0,255,87,3,8,line,white,en,,1.1.2,
5286,zh,"Chinese (中文 (Zhōngwén), 汉语, 漢語)",橘,橘色,橘色,rgb,255,105,0,3,9,line,white,en,,1.1.2,
5286,zh,"Chinese (中文 (Zhōngwén), 汉语, 漢語)",蓝,蓝色,蓝色,rgb,0,161,255,3,10,line,white,en,,1.1.2,
5286,zh,"Chinese (中文 (Zhōngwén), 汉语, 漢語)",海蓝,海蓝色,海蓝,rgb,0,69,255,3,11,line,white,en,,1.1.2,
5712,zh,"Chinese (中文 (Zhōngwén), 汉语, 漢語)",鲜绿,鲜绿色,鲜绿色,rgb,146,255,0,1,0,line,white,en,,1.1.2,
5712,zh,"Chinese (中文 (Zhōngwén), 汉语, 漢語)",天蓝,天空蓝色,天空蓝,rgb,0,201,255,1,1,line,white,en,,1.1.2,
5712,zh,"Chinese (中文 (Zhōngwén), 汉语, 漢語)",草绿,草绿色,草绿色,rgb,229,255,0,1,2,line,white,en,,1.1.2,
5712,zh,"Chinese (中文 (Zhōngwén), 汉语, 漢語)",黄,黄色,黄色,rgb,253,255,0,1,3,line,white,en,,1.1.2,
5712,zh,"Chinese (中文 (Zhōngwén), 汉语, 漢語)",大红,大红色,大红色,rgb,255,0,40,1,4,line,white,en,,1.1.2,
5712,zh,"Chinese (中文 (Zhōngwén), 汉语, 漢語)",橘黄,橘黄色,橘黄色,rgb,255,201,0,1,5,line,white,en,,1.1.2,
5712,zh,"Chinese (中文 (Zhōngwén), 汉语, 漢語)",橘红,橘红色,橘红色,rgb,255,76,0,1,6,line,white,en,,1.1.2,
5712,zh,"Chinese (中文 (Zhōngwén), 汉语, 漢語)",海蓝,海蓝色,海蓝,rgb,0,255,212,1,7,line,white,en,,1.1.2,
5712,zh,"Chinese (中文 (Zhōngwén), 汉语, 漢語)",紫,紫色,紫色,rgb,84,0,255,1,8,line,white,en,,1.1.2,
5712,zh,"Chinese (中文 (Zhōngwén), 汉语, 漢語)",淡蓝,淡蓝色,淡蓝,rgb,0,255,244,1,9,line,white,en,,1.1.2,
5712,zh,"Chinese (中文 (Zhōngwén), 汉语, 漢語)",蓝,蓝色,蓝色,rgb,0,152,255,1,10,line,white,en,,1.1.2,
5712,zh,"Chinese (中文 (Zhōngwén), 汉语, 漢語)",绿,绿色,绿色,rgb,131,255,0,1,11,line,white,en,,1.1.2,
5706,zh,"Chinese (中文 (Zhōngwén), 汉语, 漢語)",淡蓝,淡蓝色,淡蓝色,rgb,0,113,255,1,0,line,white,en,,1.1.2,
5706,zh,"Chinese (中文 (Zhōngwén), 汉语, 漢語)",淡蓝,淡蓝色,淡蓝色,rgb,0,214,255,1,1,line,white,en,,1.1.2,
5706,zh,"Chinese (中文 (Zhōngwén), 汉语, 漢語)",紫,紫色,紫色,rgb,231,0,255,1,2,line,white,en,,1.1.2,
5706,zh,"Chinese (中文 (Zhōngwén), 汉语, 漢語)",青,青色,青色,rgb,0,255,222,1,3,line,white,en,,1.1.2,
5706,zh,"Chinese (中文 (Zhōngwén), 汉语, 漢語)",桃粉,桃粉色,桃粉色,rgb,255,0,56,1,4,line,white,en,,1.1.2,
5706,zh,"Chinese (中文 (Zhōngwén), 汉语, 漢語)",蓝,蓝色,蓝色,rgb,38,0,255,1,5,line,white,en,,1.1.2,
5706,zh,"Chinese (中文 (Zhōngwén), 汉语, 漢語)",红,红色,红色,rgb,255,0,33,1,6,line,white,en,,1.1.2,
5706,zh,"Chinese (中文 (Zhōngwén), 汉语, 漢語)",浅蓝,浅蓝色,浅蓝色,rgb,0,56,255,1,7,line,white,en,,1.1.2,
5706,zh,"Chinese (中文 (Zhōngwén), 汉语, 漢語)",前橘,前橘色,前橘色,rgb,255,152,0,1,8,line,white,en,,1.1.2,
5706,zh,"Chinese (中文 (Zhōngwén), 汉语, 漢語)",草绿,草绿色,草绿色,rgb,101,255,0,1,9,line,white,en,,1.1.2,
5706,zh,"Chinese (中文 (Zhōngwén), 汉语, 漢語)",天青,天青色,天青色,rgb,0,255,169,1,10,line,white,en,,1.1.2,
5706,zh,"Chinese (中文 (Zhōngwén), 汉语, 漢語)",粉紫,紫粉色,紫粉色,rgb,255,0,146,1,11,line,white,en,,1.1.2,
5721,zh,"Chinese (中文 (Zhōngwén), 汉语, 漢語)",亮绿,亮绿色,亮绿色,rgb,121,255,0,1,0,line,white,en,,1.1.2,
5721,zh,"Chinese (中文 (Zhōngwén), 汉语, 漢語)",蛋黄,蛋黄色,蛋黄色,rgb,255,223,0,1,1,line,white,en,,1.1.2,
5721,zh,"Chinese (中文 (Zhōngwén), 汉语, 漢語)",紫,紫色,紫色,rgb,255,0,242,1,2,line,white,en,,1.1.2,
5721,zh,"Chinese (中文 (Zhōngwén), 汉语, 漢語)",草绿,草绿色,草绿,rgb,151,255,0,1,3,line,white,en,,1.1.2,
5721,zh,"Chinese (中文 (Zhōngwén), 汉语, 漢語)",蓝,蓝色,蓝色,rgb,0,113,255,1,4,line,white,en,,1.1.2,
5721,zh,"Chinese (中文 (Zhōngwén), 汉语, 漢語)",黄,黄色,黄色,rgb,255,255,0,1,5,line,white,en,,1.1.2,
5721,zh,"Chinese (中文 (Zhōngwén), 汉语, 漢語)",玫红,玫红色,玫红色,rgb,255,0,139,1,6,line,white,en,,1.1.2,
5721,zh,"Chinese (中文 (Zhōngwén), 汉语, 漢語)",玫粉,玫粉色,玫粉色,rgb,255,0,83,1,7,line,white,en,,1.1.2,
5721,zh,"Chinese (中文 (Zhōngwén), 汉语, 漢語)",天蓝,天蓝色,天蓝色,rgb,0,175,255,1,8,line,white,en,,1.1.2,
5721,zh,"Chinese (中文 (Zhōngwén), 汉语, 漢語)",亮紫,亮紫色,亮紫色,rgb,255,0,168,1,9,line,white,en,,1.1.2,
5721,zh,"Chinese (中文 (Zhōngwén), 汉语, 漢語)",深黄,深黄色,深黄色,rgb,255,177,0,1,10,line,white,en,,1.1.2,
5721,zh,"Chinese (中文 (Zhōngwén), 汉语, 漢語)",红,红色,红色,rgb,255,0,20,1,11,line,white,en,,1.1.2,
5706,zh,"Chinese (中文 (Zhōngwén), 汉语, 漢語)",浅蓝,浅蓝色,浅蓝色,rgb,0,185,255,3,0,line,white,en,,1.1.2,
5706,zh,"Chinese (中文 (Zhōngwén), 汉语, 漢語)",柠檬黄,柠檬黄色,柠檬黄,rgb,248,255,0,3,1,line,white,en,,1.1.2,
5706,zh,"Chinese (中文 (Zhōngwén), 汉语, 漢語)",淡蓝,淡蓝色,淡蓝色,rgb,0,158,255,3,2,line,white,en,,1.1.2,
5706,zh,"Chinese (中文 (Zhōngwén), 汉语, 漢語)",青黄,青黄色,青黄色,rgb,197,255,0,3,3,line,white,en,,1.1.2,
5706,zh,"Chinese (中文 (Zhōngwén), 汉语, 漢語)",蓝,蓝色,蓝色,rgb,0,146,255,3,4,line,white,en,,1.1.2,
5706,zh,"Chinese (中文 (Zhōngwén), 汉语, 漢語)",粉青,粉青色,粉青色,rgb,0,255,115,3,5,line,white,en,,1.1.2,
5706,zh,"Chinese (中文 (Zhōngwén), 汉语, 漢語)",蓝紫,蓝紫色,蓝紫色,rgb,102,0,255,3,6,line,white,en,,1.1.2,
5706,zh,"Chinese (中文 (Zhōngwén), 汉语, 漢語)",紫,紫色,紫色,rgb,255,0,219,3,8,line,white,en,,1.1.2,
5706,zh,"Chinese (中文 (Zhōngwén), 汉语, 漢語)",红,红色,红色,rgb,255,20,0,3,9,line,white,en,,1.1.2,
5706,zh,"Chinese (中文 (Zhōngwén), 汉语, 漢語)",草绿,草绿色,草绿色,rgb,0,255,17,3,10,line,white,en,,1.1.2,
5706,zh,"Chinese (中文 (Zhōngwén), 汉语, 漢語)",宝石蓝,宝石蓝色,宝石蓝,rgb,0,72,255,3,11,line,white,en,,1.1.2,
5712,zh,"Chinese (中文 (Zhōngwén), 汉语, 漢語)",草绿,草绿色,草绿色,rgb,0,255,119,3,0,line,white,en,,1.1.2,
5712,zh,"Chinese (中文 (Zhōngwén), 汉语, 漢語)",靛蓝,靛蓝色,靛蓝,rgb,0,69,255,3,1,line,white,en,,1.1.2,
5712,zh,"Chinese (中文 (Zhōngwén), 汉语, 漢語)",宝石蓝,宝石蓝色,宝石蓝,rgb,0,36,255,3,2,line,white,en,,1.1.2,
5712,zh,"Chinese (中文 (Zhōngwén), 汉语, 漢語)",紫红,紫红色,紫红色,rgb,255,0,242,3,3,line,white,en,,1.1.2,
5712,zh,"Chinese (中文 (Zhōngwén), 汉语, 漢語)",天蓝,天蓝色,天蓝色,rgb,0,210,255,3,4,line,white,en,,1.1.2,
5712,zh,"Chinese (中文 (Zhōngwén), 汉语, 漢語)",蓝,蓝色,蓝色,rgb,0,162,255,3,5,line,white,en,,1.1.2,
5712,zh,"Chinese (中文 (Zhōngwén), 汉语, 漢語)",绿,绿色,绿色,rgb,0,255,57,3,6,line,white,en,,1.1.2,
5712,zh,"Chinese (中文 (Zhōngwén), 汉语, 漢語)",橘红,橘红色,橘红色,rgb,255,140,0,3,7,line,white,en,,1.1.2,
5712,zh,"Chinese (中文 (Zhōngwén), 汉语, 漢語)",翡翠,翡翠色,翡翠色,rgb,0,255,183,3,8,line,white,en,,1.1.2,
5712,zh,"Chinese (中文 (Zhōngwén), 汉语, 漢語)",粉红,粉红色,粉红色,rgb,255,0,121,3,9,line,white,en,,1.1.2,
5712,zh,"Chinese (中文 (Zhōngwén), 汉语, 漢語)",靛蓝,靛蓝色,靛蓝,rgb,0,94,255,3,10,line,white,en,,1.1.2,
5712,zh,"Chinese (中文 (Zhōngwén), 汉语, 漢語)",玫红,玫红色,玫红色,rgb,255,0,97,3,11,line,white,en,,1.1.2,
5721,zh,"Chinese (中文 (Zhōngwén), 汉语, 漢語)",深蓝,深蓝色,深蓝色,rgb,0,75,255,3,0,line,white,en,,1.1.2,
5721,zh,"Chinese (中文 (Zhōngwén), 汉语, 漢語)",深黄,深黄色,深黄色,rgb,255,196,0,3,1,line,white,en,,1.1.2,
5721,zh,"Chinese (中文 (Zhōngwén), 汉语, 漢語)",紫,紫色,紫色,rgb,136,0,255,3,2,line,white,en,,1.1.2,
5721,zh,"Chinese (中文 (Zhōngwén), 汉语, 漢語)",明绿,明绿色,明绿,rgb,0,255,43,3,3,line,white,en,,1.1.2,
5721,zh,"Chinese (中文 (Zhōngwén), 汉语, 漢語)",水蓝,水蓝色,水蓝,rgb,0,255,232,3,4,line,white,en,,1.1.2,
5721,zh,"Chinese (中文 (Zhōngwén), 汉语, 漢語)",绿松石蓝,绿松石蓝色,绿松石蓝,rgb,0,255,211,3,5,line,white,en,,1.1.2,
5721,zh,"Chinese (中文 (Zhōngwén), 汉语, 漢語)",黄绿,绿黄色,绿黄,rgb,190,255,0,3,6,line,white,en,,1.1.2,
5721,zh,"Chinese (中文 (Zhōngwén), 汉语, 漢語)",碧蓝,碧蓝色,碧蓝色,rgb,0,252,255,3,7,line,white,en,,1.1.2,
5721,zh,"Chinese (中文 (Zhōngwén), 汉语, 漢語)",深蓝,深蓝色,深蓝,rgb,0,53,255,3,8,line,white,en,,1.1.2,
5721,zh,"Chinese (中文 (Zhōngwén), 汉语, 漢語)",红,红色,红,rgb,255,49,0,3,9,line,white,en,,1.1.2,
5721,zh,"Chinese (中文 (Zhōngwén), 汉语, 漢語)",天蓝,天蓝色,天蓝,rgb,0,193,255,3,10,line,white,en,,1.1.2,
5721,zh,"Chinese (中文 (Zhōngwén), 汉语, 漢語)",草绿,草绿色,草绿,rgb,0,255,86,3,11,line,white,en,,1.1.2,
5706,zh,"Chinese (中文 (Zhōngwén), 汉语, 漢語)",亮黄,亮黄色,亮黄色,rgb,255,236,0,6,0,line,white,en,,1.1.2,
5706,zh,"Chinese (中文 (Zhōngwén), 汉语, 漢語)",桃粉,桃粉色,桃粉色,rgb,255,0,90,6,1,line,white,en,,1.1.2,
5706,zh,"Chinese (中文 (Zhōngwén), 汉语, 漢語)",深橘,深橘色,深橘色,rgb,255,85,0,6,2,line,white,en,,1.1.2,
5706,zh,"Chinese (中文 (Zhōngwén), 汉语, 漢語)",青,青色,青色,rgb,0,255,243,6,3,line,white,en,,1.1.2,
5706,zh,"Chinese (中文 (Zhōngwén), 汉语, 漢語)",紫,紫色,紫色,rgb,255,0,198,6,4,line,white,en,,1.1.2,
5706,zh,"Chinese (中文 (Zhōngwén), 汉语, 漢語)",天蓝,天蓝色,天蓝色,rgb,0,249,255,6,5,line,white,en,,1.1.2,
5706,zh,"Chinese (中文 (Zhōngwén), 汉语, 漢語)",蓝,蓝色,蓝色,rgb,0,119,255,6,6,line,white,en,,1.1.2,
5706,zh,"Chinese (中文 (Zhōngwén), 汉语, 漢語)",青黄,青黄色,青黄色,rgb,173,255,0,6,7,line,white,en,,1.1.2,
5706,zh,"Chinese (中文 (Zhōngwén), 汉语, 漢語)",玫瑰紫,玫瑰紫色,玫瑰紫,rgb,255,0,132,6,8,line,white,en,,1.1.2,
5706,zh,"Chinese (中文 (Zhōngwén), 汉语, 漢語)",粉青,粉青色,粉青色,rgb,0,255,133,6,9,line,white,en,,1.1.2,
5706,zh,"Chinese (中文 (Zhōngwén), 汉语, 漢語)",黄,黄色,黄色,rgb,255,206,0,6,10,line,white,en,,1.1.2,
5706,zh,"Chinese (中文 (Zhōngwén), 汉语, 漢語)",淡紫,淡紫色,淡紫色,rgb,213,0,255,6,11,line,white,en,,1.1.2,
5712,zh,"Chinese (中文 (Zhōngwén), 汉语, 漢語)",玫红,玫红色,玫红,rgb,255,0,157,6,0,line,white,en,,1.1.2,
5712,zh,"Chinese (中文 (Zhōngwén), 汉语, 漢語)",橘红,橘红色,橘红色,rgb,255,117,0,6,1,line,white,en,,1.1.2,
5712,zh,"Chinese (中文 (Zhōngwén), 汉语, 漢語)",靛蓝,靛蓝色,靛蓝,rgb,0,115,255,6,2,line,white,en,,1.1.2,
5712,zh,"Chinese (中文 (Zhōngwén), 汉语, 漢語)",大红,大红色,大红色,rgb,255,0,72,6,3,line,white,en,,1.1.2,
5712,zh,"Chinese (中文 (Zhōngwén), 汉语, 漢語)",紫,紫色,紫色,rgb,162,0,255,6,4,line,white,en,,1.1.2,
5712,zh,"Chinese (中文 (Zhōngwén), 汉语, 漢語)",橘黄,橘黄色,橘黄色,rgb,255,156,0,6,5,line,white,en,,1.1.2,
5712,zh,"Chinese (中文 (Zhōngwén), 汉语, 漢語)",深紫,深紫色,深紫色,rgb,165,0,255,6,6,line,white,en,,1.1.2,
5712,zh,"Chinese (中文 (Zhōngwén), 汉语, 漢語)",浅紫,浅紫色,浅紫色,rgb,219,0,255,6,7,line,white,en,,1.1.2,
5712,zh,"Chinese (中文 (Zhōngwén), 汉语, 漢語)",梅红,梅红色,梅红,rgb,255,0,188,6,8,line,white,en,,1.1.2,
5712,zh,"Chinese (中文 (Zhōngwén), 汉语, 漢語)",黄,黄色,黄色,rgb,255,232,0,6,9,line,white,en,,1.1.2,
5712,zh,"Chinese (中文 (Zhōngwén), 汉语, 漢語)",翠绿,翠绿色,翠绿,rgb,0,255,146,6,10,line,white,en,,1.1.2,
5712,zh,"Chinese (中文 (Zhōngwén), 汉语, 漢語)",天蓝,天蓝色,天蓝色,rgb,0,242,255,6,11,line,white,en,,1.1.2,
5721,zh,"Chinese (中文 (Zhōngwén), 汉语, 漢語)",红,红色,红色,rgb,255,0,49,6,0,line,white,en,,1.1.2,
5721,zh,"Chinese (中文 (Zhōngwén), 汉语, 漢語)",蓝紫,紫蓝色,紫蓝色,rgb,88,0,255,6,1,line,white,en,,1.1.2,
5721,zh,"Chinese (中文 (Zhōngwén), 汉语, 漢語)",浅绿,浅绿色,浅绿色,rgb,0,255,127,6,2,line,white,en,,1.1.2,
5721,zh,"Chinese (中文 (Zhōngwén), 汉语, 漢語)",紫红,紫红色,紫红色,rgb,238,0,255,6,3,line,white,en,,1.1.2,
5721,zh,"Chinese (中文 (Zhōngwén), 汉语, 漢語)",绿松蓝,绿松蓝色,绿松蓝,rgb,0,255,186,6,4,line,white,en,,1.1.2,
5721,zh,"Chinese (中文 (Zhōngwén), 汉语, 漢語)",天蓝,天蓝色,天蓝,rgb,0,137,255,6,5,line,white,en,,1.1.2,
5721,zh,"Chinese (中文 (Zhōngwén), 汉语, 漢語)",深紫红,深紫红色,深紫红,rgb,196,0,255,6,6,line,white,en,,1.1.2,
5721,zh,"Chinese (中文 (Zhōngwén), 汉语, 漢語)",浅蓝,浅蓝色,浅蓝,rgb,0,209,255,6,7,line,white,en,,1.1.2,
5721,zh,"Chinese (中文 (Zhōngwén), 汉语, 漢語)",亮紫红,亮紫红色,亮紫红色,rgb,255,0,194,6,8,line,white,en,,1.1.2,
5721,zh,"Chinese (中文 (Zhōngwén), 汉语, 漢語)",深黄,深黄色,深黄,rgb,255,143,0,6,9,line,white,en,,1.1.2,
5721,zh,"Chinese (中文 (Zhōngwén), 汉语, 漢語)",橘黄,橘黄色,橘黄色,rgb,255,99,0,6,10,line,white,en,,1.1.2,
5721,zh,"Chinese (中文 (Zhōngwén), 汉语, 漢語)",蓝,蓝色,蓝色,rgb,0,132,255,6,11,line,white,en,,1.1.2,
5778,zh,"Chinese (中文 (Zhōngwén), 汉语, 漢語)",偏荧光绿,偏螢光綠色,偏螢光綠,rgb,0,255,152,1,0,line,white,en,,1.1.2,
5778,zh,"Chinese (中文 (Zhōngwén), 汉语, 漢語)",青,青色,青,rgb,0,255,242,1,1,line,white,en,,1.1.2,
5778,zh,"Chinese (中文 (Zhōngwén), 汉语, 漢語)",洋红,洋紅色,洋紅,rgb,255,0,232,1,2,line,white,en,,1.1.2,
5778,zh,"Chinese (中文 (Zhōngwén), 汉语, 漢語)",蓝绿,藍綠色,藍綠,rgb,0,255,169,1,3,line,white,en,,1.1.2,
5778,zh,"Chinese (中文 (Zhōngwén), 汉语, 漢語)",黄,黃色,黃,rgb,255,216,0,1,4,line,white,en,,1.1.2,
5778,zh,"Chinese (中文 (Zhōngwén), 汉语, 漢語)",桃红,桃紅色,桃紅,rgb,255,0,108,1,5,line,white,en,,1.1.2,
5778,zh,"Chinese (中文 (Zhōngwén), 汉语, 漢語)",红,紅色,紅,rgb,255,0,20,1,6,line,white,en,,1.1.2,
5778,zh,"Chinese (中文 (Zhōngwén), 汉语, 漢語)",草绿,草綠色,草綠,rgb,0,255,60,1,7,line,white,en,,1.1.2,
5778,zh,"Chinese (中文 (Zhōngwén), 汉语, 漢語)",蓝,藍色,藍,rgb,0,103,255,1,8,line,white,en,,1.1.2,
5778,zh,"Chinese (中文 (Zhōngwén), 汉语, 漢語)",紫,紫色,紫,rgb,131,0,255,1,9,line,white,en,,1.1.2,
5778,zh,"Chinese (中文 (Zhōngwén), 汉语, 漢語)",一点荧光绿,一點螢光綠色,一點螢光綠,rgb,0,255,119,1,10,line,white,en,,1.1.2,
5778,zh,"Chinese (中文 (Zhōngwén), 汉语, 漢語)",橘,橘色,橘,rgb,255,124,0,1,11,line,white,en,,1.1.2,
5778,zh,"Chinese (中文 (Zhōngwén), 汉语, 漢語)",橘红,橘紅色,橘紅,rgb,255,154,0,3,0,line,white,en,,1.1.2,
5778,zh,"Chinese (中文 (Zhōngwén), 汉语, 漢語)",天空深蓝,天空深藍色,天空深藍,rgb,0,170,255,3,1,line,white,en,,1.1.2,
5778,zh,"Chinese (中文 (Zhōngwén), 汉语, 漢語)",黄,黃色,黃,rgb,255,253,0,3,2,line,white,en,,1.1.2,
5778,zh,"Chinese (中文 (Zhōngwén), 汉语, 漢語)",亮浅蓝,亮淺藍色,亮淺藍,rgb,0,233,255,3,3,line,white,en,,1.1.2,
5778,zh,"Chinese (中文 (Zhōngwén), 汉语, 漢語)",洋紫红,洋紫紅色,洋紫紅,rgb,252,0,255,3,4,line,white,en,,1.1.2,
5778,zh,"Chinese (中文 (Zhōngwén), 汉语, 漢語)",红,紅色,紅,rgb,255,0,54,3,5,line,white,en,,1.1.2,
5778,zh,"Chinese (中文 (Zhōngwén), 汉语, 漢語)",亮草绿,亮草綠色,亮草綠,rgb,138,255,0,3,6,line,white,en,,1.1.2,
5778,zh,"Chinese (中文 (Zhōngwén), 汉语, 漢語)",天蓝,天空藍色,天空藍,rgb,0,213,255,3,7,line,white,en,,1.1.2,
5778,zh,"Chinese (中文 (Zhōngwén), 汉语, 漢語)",浅一点蓝,淺一點藍色,淺一點藍,rgb,0,137,255,3,8,line,white,en,,1.1.2,
5778,zh,"Chinese (中文 (Zhōngwén), 汉语, 漢語)",桃粉红,桃粉紅色,桃粉紅,rgb,255,0,151,3,9,line,white,en,,1.1.2,
5778,zh,"Chinese (中文 (Zhōngwén), 汉语, 漢語)",正蓝,正藍色,正藍,rgb,0,118,255,3,10,line,white,en,,1.1.2,
5778,zh,"Chinese (中文 (Zhōngwén), 汉语, 漢語)",桃酒红,桃酒紅色,桃酒紅,rgb,255,0,118,3,11,line,white,en,,1.1.2,
5778,zh,"Chinese (中文 (Zhōngwén), 汉语, 漢語)",紫,紫色,紫,rgb,174,0,255,6,0,line,white,en,,1.1.2,
5778,zh,"Chinese (中文 (Zhōngwén), 汉语, 漢語)",深一点蓝,深一點藍色,深一點藍,rgb,0,52,255,6,1,line,white,en,,1.1.2,
5778,zh,"Chinese (中文 (Zhōngwén), 汉语, 漢語)",正蓝,正藍色,正藍,rgb,0,76,255,6,2,line,white,en,,1.1.2,
5778,zh,"Chinese (中文 (Zhōngwén), 汉语, 漢語)",天蓝,天空藍色,天空藍,rgb,0,194,255,6,3,line,white,en,,1.1.2,
5778,zh,"Chinese (中文 (Zhōngwén), 汉语, 漢語)",深蓝,深藍色,深藍,rgb,0,31,255,6,4,line,white,en,,1.1.2,
5778,zh,"Chinese (中文 (Zhōngwén), 汉语, 漢語)",橘黄,橘黃色,橘黃,rgb,255,188,0,6,5,line,white,en,,1.1.2,
5778,zh,"Chinese (中文 (Zhōngwén), 汉语, 漢語)",黄绿,黃綠色,黃綠,rgb,218,255,0,6,6,line,white,en,,1.1.2,
5778,zh,"Chinese (中文 (Zhōngwén), 汉语, 漢語)",橘红偏红,橘紅偏紅色,橘紅偏紅,rgb,255,75,0,6,7,line,white,en,,1.1.2,
5778,zh,"Chinese (中文 (Zhōngwén), 汉语, 漢語)",橘红,橘紅色,橘紅,rgb,255,94,0,6,8,line,white,en,,1.1.2,
5778,zh,"Chinese (中文 (Zhōngwén), 汉语, 漢語)",亮草绿,亮草綠色,亮草綠,rgb,112,255,0,6,9,line,white,en,,1.1.2,
5778,zh,"Chinese (中文 (Zhōngwén), 汉语, 漢語)",桃红偏粉,桃紅偏粉色,桃紅偏粉,rgb,255,0,181,6,10,line,white,en,,1.1.2,
5778,zh,"Chinese (中文 (Zhōngwén), 汉语, 漢語)",亮蓝绿,亮藍綠色,亮藍綠,rgb,0,255,215,6,11,line,white,en,,1.1.2,
6245,zh,"Chinese (中文 (Zhōngwén), 汉语, 漢語)",红褐,红褐色,红褐色,rgb,202,66,21,1,0,full,white,en,,1.1.2,
6245,zh,"Chinese (中文 (Zhōngwén), 汉语, 漢語)",翠绿,翠绿色,翠绿色,rgb,93,219,26,1,1,full,white,en,,1.1.2,
6245,zh,"Chinese (中文 (Zhōngwén), 汉语, 漢語)",葱绿,葱绿色,葱绿色,rgb,12,163,63,1,2,full,white,en,,1.1.2,
6245,zh,"Chinese (中文 (Zhōngwén), 汉语, 漢語)",灰蓝,灰蓝色,灰蓝色,rgb,62,143,161,1,3,full,white,en,,1.1.2,
6245,zh,"Chinese (中文 (Zhōngwén), 汉语, 漢語)",紫红,紫红色,紫红色,rgb,96,36,88,1,4,full,white,en,,1.1.2,
6245,zh,"Chinese (中文 (Zhōngwén), 汉语, 漢語)",深绿,深绿色,深绿色,rgb,33,149,88,1,5,full,white,en,,1.1.2,
6245,zh,"Chinese (中文 (Zhōngwén), 汉语, 漢語)",紫,紫色,紫色,rgb,83,71,175,1,6,full,white,en,,1.1.2,
6245,zh,"Chinese (中文 (Zhōngwén), 汉语, 漢語)",荧光绿,荧光绿色,荧光绿,rgb,100,254,143,1,7,full,white,en,,1.1.2,
6245,zh,"Chinese (中文 (Zhōngwén), 汉语, 漢語)",红棕,红棕色,红棕色,rgb,151,71,29,1,8,full,white,en,,1.1.2,
6245,zh,"Chinese (中文 (Zhōngwén), 汉语, 漢語)",蓝,蓝色,蓝色,rgb,18,218,230,1,9,full,white,en,,1.1.2,
6245,zh,"Chinese (中文 (Zhōngwén), 汉语, 漢語)",暗绿,暗绿色,暗绿色,rgb,116,120,52,1,10,full,white,en,,1.1.2,
6245,zh,"Chinese (中文 (Zhōngwén), 汉语, 漢語)",鹅黄,鹅黄色,鹅黄色,rgb,224,207,88,1,11,full,white,en,,1.1.2,
6621,zh,"Chinese (中文 (Zhōngwén), 汉语, 漢語)",深蓝,深蓝色,深蓝,rgb,4,81,176,1,0,full,white,en,,1.1.2,
6621,zh,"Chinese (中文 (Zhōngwén), 汉语, 漢語)",锈红,锈红色,锈红,rgb,120,45,26,1,1,full,white,en,,1.1.2,
6621,zh,"Chinese (中文 (Zhōngwén), 汉语, 漢語)",粉,粉色,粉,rgb,252,160,167,1,2,full,white,en,,1.1.2,
6621,zh,"Chinese (中文 (Zhōngwén), 汉语, 漢語)",艳粉,艳粉色,艳粉,rgb,220,65,195,1,3,full,white,en,,1.1.2,
6621,zh,"Chinese (中文 (Zhōngwén), 汉语, 漢語)",黄,黄色,黄,rgb,226,234,36,1,4,full,white,en,,1.1.2,
6621,zh,"Chinese (中文 (Zhōngwén), 汉语, 漢語)",藕荷,藕荷色,藕荷,rgb,184,145,244,1,5,full,white,en,,1.1.2,
6621,zh,"Chinese (中文 (Zhōngwén), 汉语, 漢語)",绿,绿色,绿,rgb,112,157,58,1,6,full,white,en,,1.1.2,
6621,zh,"Chinese (中文 (Zhōngwén), 汉语, 漢語)",橙,橙色,橙,rgb,205,92,32,1,7,full,white,en,,1.1.2,
6621,zh,"Chinese (中文 (Zhōngwén), 汉语, 漢語)",紫,紫色,紫,rgb,95,35,129,1,8,full,white,en,,1.1.2,
6621,zh,"Chinese (中文 (Zhōngwén), 汉语, 漢語)",肉,肉色,肉,rgb,216,161,114,1,9,full,white,en,,1.1.2,
6621,zh,"Chinese (中文 (Zhōngwén), 汉语, 漢語)",宝蓝,宝蓝色,宝蓝,rgb,22,54,246,1,10,full,white,en,,1.1.2,
6621,zh,"Chinese (中文 (Zhōngwén), 汉语, 漢語)",蓝绿,蓝绿色,蓝绿,rgb,9,189,167,1,11,full,white,en,,1.1.2,
6621,zh,"Chinese (中文 (Zhōngwén), 汉语, 漢語)",皮粉,皮粉色,皮粉,rgb,235,125,108,3,0,full,white,en,,1.1.2,
6621,zh,"Chinese (中文 (Zhōngwén), 汉语, 漢語)",蓝,蓝色,蓝,rgb,41,166,215,3,1,full,white,en,,1.1.2,
6621,zh,"Chinese (中文 (Zhōngwén), 汉语, 漢語)",绿,绿色,绿,rgb,7,241,29,3,2,full,white,en,,1.1.2,
6621,zh,"Chinese (中文 (Zhōngwén), 汉语, 漢語)",蓝绿,蓝绿色,蓝绿,rgb,69,241,179,3,3,full,white,en,,1.1.2,
6621,zh,"Chinese (中文 (Zhōngwén), 汉语, 漢語)",米,米色,米色,rgb,249,243,224,3,4,full,white,en,,1.1.2,
6621,zh,"Chinese (中文 (Zhōngwén), 汉语, 漢語)",粉,粉色,粉,rgb,251,93,167,3,5,full,white,en,,1.1.2,
6621,zh,"Chinese (中文 (Zhōngwén), 汉语, 漢語)",藏蓝,藏蓝色,藏蓝,rgb,60,67,76,3,6,full,white,en,,1.1.2,
6621,zh,"Chinese (中文 (Zhōngwén), 汉语, 漢語)",橙红,橙红色,橙红,rgb,245,71,9,3,7,full,white,en,,1.1.2,
6621,zh,"Chinese (中文 (Zhōngwén), 汉语, 漢語)",草绿,草绿色,草绿,rgb,148,206,8,3,8,full,white,en,,1.1.2,
6621,zh,"Chinese (中文 (Zhōngwén), 汉语, 漢語)",深绿,深绿色,深绿,rgb,10,142,14,3,9,full,white,en,,1.1.2,
6621,zh,"Chinese (中文 (Zhōngwén), 汉语, 漢語)",藏绿,藏绿色,藏绿,rgb,31,59,19,3,10,full,white,en,,1.1.2,
6621,zh,"Chinese (中文 (Zhōngwén), 汉语, 漢語)",蓝,蓝色,蓝,rgb,82,123,140,3,11,full,white,en,,1.1.2,
6621,zh,"Chinese (中文 (Zhōngwén), 汉语, 漢語)",宝蓝,宝蓝色,宝蓝,rgb,36,48,197,6,0,full,white,en,,1.1.2,
6621,zh,"Chinese (中文 (Zhōngwén), 汉语, 漢語)",酒红,酒红色,酒红,rgb,163,5,38,6,1,full,white,en,,1.1.2,
6621,zh,"Chinese (中文 (Zhōngwén), 汉语, 漢語)",孔雀绿,孔雀绿色,孔雀绿,rgb,4,123,93,6,2,full,white,en,,1.1.2,
6621,zh,"Chinese (中文 (Zhōngwén), 汉语, 漢語)",藕荷,藕荷色,藕荷,rgb,167,156,210,6,3,full,white,en,,1.1.2,
6621,zh,"Chinese (中文 (Zhōngwén), 汉语, 漢語)",土黄,土黄色,土黄,rgb,205,195,80,6,4,full,white,en,,1.1.2,
6621,zh,"Chinese (中文 (Zhōngwén), 汉语, 漢語)",深紫,深紫色,深紫,rgb,122,44,100,6,5,full,white,en,,1.1.2,
6621,zh,"Chinese (中文 (Zhōngwén), 汉语, 漢語)",橙,橙色,橙,rgb,254,128,7,6,6,full,white,en,,1.1.2,
6621,zh,"Chinese (中文 (Zhōngwén), 汉语, 漢語)",暗绿,暗绿色,暗绿,rgb,105,122,94,6,7,full,white,en,,1.1.2,
6621,zh,"Chinese (中文 (Zhōngwén), 汉语, 漢語)",绿,绿色,绿,rgb,18,194,62,6,8,full,white,en,,1.1.2,
6621,zh,"Chinese (中文 (Zhōngwén), 汉语, 漢語)",黄,黄色,黄,rgb,225,181,11,6,9,full,white,en,,1.1.2,
6621,zh,"Chinese (中文 (Zhōngwén), 汉语, 漢語)",蓝,蓝色,蓝,rgb,20,97,244,6,10,full,white,en,,1.1.2,
6621,zh,"Chinese (中文 (Zhōngwén), 汉语, 漢語)",浅蓝绿,浅蓝绿色,浅蓝绿,rgb,126,193,182,6,11,full,white,en,,1.1.2,
6640,zh,"Chinese (中文 (Zhōngwén), 汉语, 漢語)",粉紫,紫粉色,紫粉色,rgb,222,45,197,1,0,full,white,en,,1.1.2,
6640,zh,"Chinese (中文 (Zhōngwén), 汉语, 漢語)",蓝绿,蓝绿色,蓝绿,rgb,101,215,163,1,1,full,white,en,,1.1.2,
6640,zh,"Chinese (中文 (Zhōngwén), 汉语, 漢語)",紫红,紫红色,紫红,rgb,167,7,91,1,2,full,white,en,,1.1.2,
6640,zh,"Chinese (中文 (Zhōngwén), 汉语, 漢語)",深粉,深粉色,深粉,rgb,142,68,61,1,3,full,white,en,,1.1.2,
6640,zh,"Chinese (中文 (Zhōngwén), 汉语, 漢語)",紫罗蓝,紫罗兰色,紫罗兰,rgb,181,16,237,1,4,full,white,en,,1.1.2,
6640,zh,"Chinese (中文 (Zhōngwén), 汉语, 漢語)",草绿,草绿色,草绿,rgb,203,222,46,1,5,full,white,en,,1.1.2,
6640,zh,"Chinese (中文 (Zhōngwén), 汉语, 漢語)",翠绿,翠绿色,翠绿,rgb,3,197,98,1,6,full,white,en,,1.1.2,
6640,zh,"Chinese (中文 (Zhōngwén), 汉语, 漢語)",深绿,深绿色,深绿,rgb,5,111,34,1,7,full,white,en,,1.1.2,
6640,zh,"Chinese (中文 (Zhōngwén), 汉语, 漢語)",蓝绿,蓝绿色,蓝绿,rgb,230,242,163,1,8,full,white,en,,1.1.2,
6640,zh,"Chinese (中文 (Zhōngwén), 汉语, 漢語)",天蓝,天蓝色,天蓝,rgb,64,186,246,1,9,full,white,en,,1.1.2,
6640,zh,"Chinese (中文 (Zhōngwén), 汉语, 漢語)",浅橙,浅橙色,浅橙色,rgb,242,181,94,1,10,full,white,en,,1.1.2,
6640,zh,"Chinese (中文 (Zhōngwén), 汉语, 漢語)",群青,群青色,群青,rgb,21,53,182,1,11,full,white,en,,1.1.2,
6640,zh,"Chinese (中文 (Zhōngwén), 汉语, 漢語)",深绿,深绿色,深绿,rgb,5,144,121,3,0,full,white,en,,1.1.2,
6640,zh,"Chinese (中文 (Zhōngwén), 汉语, 漢語)",正红,正红色,正红,rgb,228,25,34,3,1,full,white,en,,1.1.2,
6640,zh,"Chinese (中文 (Zhōngwén), 汉语, 漢語)",深粉,深粉色,深粉,rgb,211,106,136,3,2,full,white,en,,1.1.2,
6640,zh,"Chinese (中文 (Zhōngwén), 汉语, 漢語)",深紫红,深紫红色,深紫红,rgb,68,12,14,3,3,full,white,en,,1.1.2,
6640,zh,"Chinese (中文 (Zhōngwén), 汉语, 漢語)",青蓝,青蓝色,青蓝,rgb,119,162,240,3,4,full,white,en,,1.1.2,
6640,zh,"Chinese (中文 (Zhōngwén), 汉语, 漢語)",亮绿,亮绿色,亮绿,rgb,87,227,0,3,5,full,white,en,,1.1.2,
6640,zh,"Chinese (中文 (Zhōngwén), 汉语, 漢語)",深粉,深粉色,深粉,rgb,249,13,145,3,6,full,white,en,,1.1.2,
6640,zh,"Chinese (中文 (Zhōngwén), 汉语, 漢語)",粉紫,紫粉色,紫粉,rgb,211,105,179,3,7,full,white,en,,1.1.2,
6640,zh,"Chinese (中文 (Zhōngwén), 汉语, 漢語)",酒红,酒红色,酒红,rgb,196,18,64,3,8,full,white,en,,1.1.2,
6640,zh,"Chinese (中文 (Zhōngwén), 汉语, 漢語)",蓝紫,蓝紫色,蓝紫,rgb,83,46,235,3,9,full,white,en,,1.1.2,
6640,zh,"Chinese (中文 (Zhōngwén), 汉语, 漢語)",翠绿,翠绿色,翠绿,rgb,103,171,26,3,10,full,white,en,,1.1.2,
6640,zh,"Chinese (中文 (Zhōngwén), 汉语, 漢語)",紫罗蓝,紫罗兰色,紫罗兰,rgb,156,28,188,3,11,full,white,en,,1.1.2,
6640,zh,"Chinese (中文 (Zhōngwén), 汉语, 漢語)",蓝绿,蓝绿色,蓝绿,rgb,15,205,214,6,0,full,white,en,,1.1.2,
6640,zh,"Chinese (中文 (Zhōngwén), 汉语, 漢語)",两绿,两绿色,两绿,rgb,26,233,82,6,1,full,white,en,,1.1.2,
6640,zh,"Chinese (中文 (Zhōngwén), 汉语, 漢語)",草绿,草绿色,草绿,rgb,15,178,16,6,2,full,white,en,,1.1.2,
6640,zh,"Chinese (中文 (Zhōngwén), 汉语, 漢語)",深紫,深紫色,深紫,rgb,93,30,124,6,3,full,white,en,,1.1.2,
6640,zh,"Chinese (中文 (Zhōngwén), 汉语, 漢語)",紫红,紫红色,紫红,rgb,242,4,241,6,4,full,white,en,,1.1.2,
6640,zh,"Chinese (中文 (Zhōngwén), 汉语, 漢語)",暗粉,暗粉色,暗粉,rgb,227,159,173,6,5,full,white,en,,1.1.2,
6640,zh,"Chinese (中文 (Zhōngwén), 汉语, 漢語)",普蓝,普蓝色,普蓝,rgb,34,82,116,6,6,full,white,en,,1.1.2,
6640,zh,"Chinese (中文 (Zhōngwén), 汉语, 漢語)",橙,橙色,橙色,rgb,243,138,25,6,7,full,white,en,,1.1.2,
6640,zh,"Chinese (中文 (Zhōngwén), 汉语, 漢語)",青蓝,青蓝色,青蓝,rgb,86,135,242,6,8,full,white,en,,1.1.2,
6640,zh,"Chinese (中文 (Zhōngwén), 汉语, 漢語)",冷棕,冷棕色,冷棕色,rgb,113,98,72,6,9,full,white,en,,1.1.2,
6640,zh,"Chinese (中文 (Zhōngwén), 汉语, 漢語)",淡粉,淡粉色,淡粉,rgb,247,179,242,6,10,full,white,en,,1.1.2,
6640,zh,"Chinese (中文 (Zhōngwén), 汉语, 漢語)",暗紫,暗紫色,暗紫,rgb,127,101,165,6,11,full,white,en,,1.1.2,
7073,zh,"Chinese (中文 (Zhōngwén), 汉语, 漢語)",天蓝,天蓝色,天蓝,rgb,44,199,240,1,0,full,white,en,,1.1.2,
7073,zh,"Chinese (中文 (Zhōngwén), 汉语, 漢語)",黄,黄色,黄,rgb,254,241,17,1,1,full,white,en,,1.1.2,
7073,zh,"Chinese (中文 (Zhōngwén), 汉语, 漢語)",橙红,橙红色,橙红,rgb,250,136,93,1,2,full,white,en,,1.1.2,
7073,zh,"Chinese (中文 (Zhōngwén), 汉语, 漢語)",草绿,草绿色,草绿,rgb,114,162,6,1,3,full,white,en,,1.1.2,
7073,zh,"Chinese (中文 (Zhōngwén), 汉语, 漢語)",翠绿,翠绿色,翠绿,rgb,39,219,120,1,4,full,white,en,,1.1.2,
7073,zh,"Chinese (中文 (Zhōngwén), 汉语, 漢語)",蓝,蓝色,蓝,rgb,49,36,192,1,5,full,white,en,,1.1.2,
7073,zh,"Chinese (中文 (Zhōngwén), 汉语, 漢語)",蓝绿,蓝绿色,蓝绿,rgb,105,222,166,1,6,full,white,en,,1.1.2,
7073,zh,"Chinese (中文 (Zhōngwén), 汉语, 漢語)",红,红色,红,rgb,245,59,14,1,7,full,white,en,,1.1.2,
7073,zh,"Chinese (中文 (Zhōngwén), 汉语, 漢語)",丁香紫,丁香紫色,丁香紫,rgb,206,77,207,1,8,full,white,en,,1.1.2,
7073,zh,"Chinese (中文 (Zhōngwén), 汉语, 漢語)",灰蓝,灰蓝色,灰蓝,rgb,54,92,98,1,9,full,white,en,,1.1.2,
7073,zh,"Chinese (中文 (Zhōngwén), 汉语, 漢語)",粉紫,粉紫色,粉紫,rgb,201,35,236,1,10,full,white,en,,1.1.2,
7073,zh,"Chinese (中文 (Zhōngwén), 汉语, 漢語)",粉红,粉红色,粉红,rgb,250,191,189,1,11,full,white,en,,1.1.2,
7073,zh,"Chinese (中文 (Zhōngwén), 汉语, 漢語)",赭石,赭石色,赭石,rgb,132,96,73,3,0,full,white,en,,1.1.2,
7073,zh,"Chinese (中文 (Zhōngwén), 汉语, 漢語)",青绿,青绿色,青绿,rgb,83,244,38,3,1,full,white,en,,1.1.2,
7073,zh,"Chinese (中文 (Zhōngwén), 汉语, 漢語)",咖啡,咖啡色,咖啡,rgb,158,57,11,3,2,full,white,en,,1.1.2,
7073,zh,"Chinese (中文 (Zhōngwén), 汉语, 漢語)",粉紫,粉紫色,粉紫,rgb,201,60,108,3,3,full,white,en,,1.1.2,
7073,zh,"Chinese (中文 (Zhōngwén), 汉语, 漢語)",橙,橙色,橙,rgb,214,110,14,3,4,full,white,en,,1.1.2,
7073,zh,"Chinese (中文 (Zhōngwén), 汉语, 漢語)",灰绿,灰绿色,灰绿,rgb,74,148,99,3,5,full,white,en,,1.1.2,
7073,zh,"Chinese (中文 (Zhōngwén), 汉语, 漢語)",天蓝,天蓝色,天蓝,rgb,31,185,166,3,6,full,white,en,,1.1.2,
7073,zh,"Chinese (中文 (Zhōngwén), 汉语, 漢語)",淡紫,淡紫色,淡紫,rgb,166,100,150,3,7,full,white,en,,1.1.2,
7073,zh,"Chinese (中文 (Zhōngwén), 汉语, 漢語)",绿,绿色,绿,rgb,12,172,10,3,8,full,white,en,,1.1.2,
7073,zh,"Chinese (中文 (Zhōngwén), 汉语, 漢語)",蓝,蓝色,蓝,rgb,4,76,198,3,9,full,white,en,,1.1.2,
7073,zh,"Chinese (中文 (Zhōngwén), 汉语, 漢語)",嫩绿,嫩绿色,嫩绿,rgb,172,240,21,3,10,full,white,en,,1.1.2,
7073,zh,"Chinese (中文 (Zhōngwén), 汉语, 漢語)",紫,紫色,紫,rgb,155,75,224,3,11,full,white,en,,1.1.2,
7073,zh,"Chinese (中文 (Zhōngwén), 汉语, 漢語)",蓝紫,蓝紫色,蓝紫,rgb,82,41,155,6,0,full,white,en,,1.1.2,
7073,zh,"Chinese (中文 (Zhōngwén), 汉语, 漢語)",紫红,紫红色,紫红,rgb,207,69,77,6,1,full,white,en,,1.1.2,
7073,zh,"Chinese (中文 (Zhōngwén), 汉语, 漢語)",紫灰,紫灰色,紫灰,rgb,211,208,237,6,2,full,white,en,,1.1.2,
7073,zh,"Chinese (中文 (Zhōngwén), 汉语, 漢語)",紫,紫色,紫,rgb,159,53,151,6,3,full,white,en,,1.1.2,
7073,zh,"Chinese (中文 (Zhōngwén), 汉语, 漢語)",深绿,深绿色,深绿,rgb,88,150,57,6,4,full,white,en,,1.1.2,
7073,zh,"Chinese (中文 (Zhōngwén), 汉语, 漢語)",橙黄,橙黄色,橙黄,rgb,252,229,147,6,5,full,white,en,,1.1.2,
7073,zh,"Chinese (中文 (Zhōngwén), 汉语, 漢語)",蓝,蓝色,蓝,rgb,44,30,232,6,6,full,white,en,,1.1.2,
7073,zh,"Chinese (中文 (Zhōngwén), 汉语, 漢語)",粉红,粉红色,粉红,rgb,230,6,64,6,7,full,white,en,,1.1.2,
7073,zh,"Chinese (中文 (Zhōngwén), 汉语, 漢語)",黄绿,黄绿色,黄绿,rgb,131,132,34,6,8,full,white,en,,1.1.2,
7073,zh,"Chinese (中文 (Zhōngwén), 汉语, 漢語)",红褐,红褐色,红褐,rgb,160,80,78,6,9,full,white,en,,1.1.2,
7073,zh,"Chinese (中文 (Zhōngwén), 汉语, 漢語)",黄褐,黄褐色,黄褐,rgb,205,144,2,6,10,full,white,en,,1.1.2,
7073,zh,"Chinese (中文 (Zhōngwén), 汉语, 漢語)",天蓝,天蓝色,天蓝,rgb,39,136,231,6,11,full,white,en,,1.1.2,
7571,zh,"Chinese (中文 (Zhōngwén), 汉语, 漢語)",浅橘,淺橘色,淺橘,rgb,252,139,86,1,0,full,white,en,,1.1.2,
7571,zh,"Chinese (中文 (Zhōngwén), 汉语, 漢語)",浅蓝,淺藍色,淺藍,rgb,82,154,236,1,1,full,white,en,,1.1.2,
7571,zh,"Chinese (中文 (Zhōngwén), 汉语, 漢語)",深绿,深綠色,深綠,rgb,39,154,0,1,2,full,white,en,,1.1.2,
7571,zh,"Chinese (中文 (Zhōngwén), 汉语, 漢語)",深蓝,深藍色,深藍,rgb,48,52,236,1,3,full,white,en,,1.1.2,
7571,zh,"Chinese (中文 (Zhōngwén), 汉语, 漢語)",深橘,深橘色,深橘,rgb,211,93,14,1,4,full,white,en,,1.1.2,
7571,zh,"Chinese (中文 (Zhōngwén), 汉语, 漢語)",浅紫,淺紫色,淺紫,rgb,173,163,237,1,5,full,white,en,,1.1.2,
7571,zh,"Chinese (中文 (Zhōngwén), 汉语, 漢語)",深紫,深紫色,深紫,rgb,140,17,220,1,6,full,white,en,,1.1.2,
7571,zh,"Chinese (中文 (Zhōngwén), 汉语, 漢語)",靛蓝,靛藍色,靛藍,rgb,59,52,147,1,7,full,white,en,,1.1.2,
7571,zh,"Chinese (中文 (Zhōngwén), 汉语, 漢語)",蓝紫,藍紫色,藍紫,rgb,69,12,165,1,8,full,white,en,,1.1.2,
7571,zh,"Chinese (中文 (Zhōngwén), 汉语, 漢語)",军绿,軍綠色,軍綠,rgb,116,150,90,1,9,full,white,en,,1.1.2,
7571,zh,"Chinese (中文 (Zhōngwén), 汉语, 漢語)",水蓝,水藍色,水藍,rgb,169,233,229,1,10,full,white,en,,1.1.2,
7571,zh,"Chinese (中文 (Zhōngwén), 汉语, 漢語)",荧光绿,螢光綠色,螢光綠,rgb,41,230,23,1,11,full,white,en,,1.1.2,
7571,zh,"Chinese (中文 (Zhōngwén), 汉语, 漢語)",深蓝,深藍色,深藍,rgb,48,76,223,3,0,full,white,en,,1.1.2,
7571,zh,"Chinese (中文 (Zhōngwén), 汉语, 漢語)",紫红,紫紅色,紫紅,rgb,221,5,191,3,1,full,white,en,,1.1.2,
7571,zh,"Chinese (中文 (Zhōngwén), 汉语, 漢語)",蓝绿,藍綠色,藍綠,rgb,61,205,211,3,2,full,white,en,,1.1.2,
7571,zh,"Chinese (中文 (Zhōngwén), 汉语, 漢語)",灰蓝,灰藍色,灰藍,rgb,11,76,131,3,3,full,white,en,,1.1.2,
7571,zh,"Chinese (中文 (Zhōngwén), 汉语, 漢語)",深红,深紅色,深紅,rgb,163,7,5,3,4,full,white,en,,1.1.2,
7571,zh,"Chinese (中文 (Zhōngwén), 汉语, 漢語)",红,紅色,紅,rgb,240,50,62,3,5,full,white,en,,1.1.2,
7571,zh,"Chinese (中文 (Zhōngwén), 汉语, 漢語)",亮绿,亮綠色,亮綠,rgb,79,226,98,3,6,full,white,en,,1.1.2,
7571,zh,"Chinese (中文 (Zhōngwén), 汉语, 漢語)",粉红,粉紅色,粉紅,rgb,240,176,240,3,7,full,white,en,,1.1.2,
7571,zh,"Chinese (中文 (Zhōngwén), 汉语, 漢語)",土黄,土黃色,土黃,rgb,170,155,65,3,8,full,white,en,,1.1.2,
7571,zh,"Chinese (中文 (Zhōngwén), 汉语, 漢語)",灰蓝,灰藍色,灰藍,rgb,97,140,159,3,9,full,white,en,,1.1.2,
7571,zh,"Chinese (中文 (Zhōngwén), 汉语, 漢語)",淡红,淡紅色,淡紅,rgb,241,70,108,3,10,full,white,en,,1.1.2,
7571,zh,"Chinese (中文 (Zhōngwén), 汉语, 漢語)",青绿,青綠色,青綠,rgb,10,159,136,3,11,full,white,en,,1.1.2,
7571,zh,"Chinese (中文 (Zhōngwén), 汉语, 漢語)",深紫,深紫色,深紫,rgb,159,26,183,6,0,full,white,en,,1.1.2,
7571,zh,"Chinese (中文 (Zhōngwén), 汉语, 漢語)",黄绿,黃綠色,黃綠,rgb,21,217,167,6,1,full,white,en,,1.1.2,
7571,zh,"Chinese (中文 (Zhōngwén), 汉语, 漢語)",灰蓝,灰藍色,灰藍,rgb,94,187,227,6,2,full,white,en,,1.1.2,
7571,zh,"Chinese (中文 (Zhōngwén), 汉语, 漢語)",深紫,深紫色,深紫,rgb,152,75,130,6,3,full,white,en,,1.1.2,
7571,zh,"Chinese (中文 (Zhōngwén), 汉语, 漢語)",黄绿,黃綠色,黃綠,rgb,182,202,128,6,4,full,white,en,,1.1.2,
7571,zh,"Chinese (中文 (Zhōngwén), 汉语, 漢語)",咖啡,咖啡色,咖啡,rgb,115,60,31,6,5,full,white,en,,1.1.2,
7571,zh,"Chinese (中文 (Zhōngwén), 汉语, 漢語)",深红,深紅色,深紅,rgb,184,5,91,6,6,full,white,en,,1.1.2,
7571,zh,"Chinese (中文 (Zhōngwén), 汉语, 漢語)",深绿,深綠色,深綠,rgb,134,189,1,6,7,full,white,en,,1.1.2,
7571,zh,"Chinese (中文 (Zhōngwén), 汉语, 漢語)",紫红,紫紅色,紫紅,rgb,165,31,129,6,8,full,white,en,,1.1.2,
7571,zh,"Chinese (中文 (Zhōngwén), 汉语, 漢語)",黑,黑色,黑,rgb,6,19,31,6,9,full,white,en,,1.1.2,
7571,zh,"Chinese (中文 (Zhōngwén), 汉语, 漢語)",黄,黃色,黃,rgb,236,201,10,6,10,full,white,en,,1.1.2,
7571,zh,"Chinese (中文 (Zhōngwén), 汉语, 漢語)",粉红,粉紅色,粉紅,rgb,232,183,205,6,11,full,white,en,,1.1.2,
7860,zh,"Chinese (中文 (Zhōngwén), 汉语, 漢語)",粉,粉色,粉色,rgb,243,0,255,1,0,line,white,en,,1.1.2,
7860,zh,"Chinese (中文 (Zhōngwén), 汉语, 漢語)",粉红,粉红色,粉红色,rgb,255,0,90,1,1,line,white,en,,1.1.2,
7860,zh,"Chinese (中文 (Zhōngwén), 汉语, 漢語)",亮青,亮青色,亮青色,rgb,0,238,255,1,2,line,white,en,,1.1.2,
7860,zh,"Chinese (中文 (Zhōngwén), 汉语, 漢語)",比亮青色深一点的青,比亮青色深一点的青色,比亮青色深一点的青色,rgb,0,255,218,1,3,line,white,en,,1.1.2,
7860,zh,"Chinese (中文 (Zhōngwén), 汉语, 漢語)",黄,黄色,黄色,rgb,255,218,0,1,4,line,white,en,,1.1.2,
7860,zh,"Chinese (中文 (Zhōngwén), 汉语, 漢語)",橘,橘色,橘色,rgb,255,92,0,1,5,line,white,en,,1.1.2,
7860,zh,"Chinese (中文 (Zhōngwén), 汉语, 漢語)",蓝,蓝色,蓝色,rgb,0,119,255,1,6,line,white,en,,1.1.2,
7860,zh,"Chinese (中文 (Zhōngwén), 汉语, 漢語)",粉紫,紫粉色,紫粉色,rgb,255,0,157,1,7,line,white,en,,1.1.2,
7860,zh,"Chinese (中文 (Zhōngwén), 汉语, 漢語)",黄,黄色,黄色,rgb,255,244,0,1,8,line,white,en,,1.1.2,
7860,zh,"Chinese (中文 (Zhōngwén), 汉语, 漢語)",青绿,青绿色,青绿色,rgb,59,255,0,1,9,line,white,en,,1.1.2,
7860,zh,"Chinese (中文 (Zhōngwén), 汉语, 漢語)",橘黄,橘黄色,橘黄色,rgb,255,180,0,1,10,line,white,en,,1.1.2,
7860,zh,"Chinese (中文 (Zhōngwén), 汉语, 漢語)",深蓝,深蓝色,深蓝色,rgb,0,96,255,1,11,line,white,en,,1.1.2,
7860,zh,"Chinese (中文 (Zhōngwén), 汉语, 漢語)",蓝,蓝色,蓝色,rgb,0,81,255,3,0,line,white,en,,1.1.2,
7860,zh,"Chinese (中文 (Zhōngwén), 汉语, 漢語)",紫,紫色,紫色,rgb,165,0,255,3,1,line,white,en,,1.1.2,
7860,zh,"Chinese (中文 (Zhōngwén), 汉语, 漢語)",橘,橘色,橘色,rgb,255,143,0,3,2,line,white,en,,1.1.2,
7860,zh,"Chinese (中文 (Zhōngwén), 汉语, 漢語)",青蓝,青色带蓝色,青色带蓝,rgb,0,255,179,3,3,line,white,en,,1.1.2,
7860,zh,"Chinese (中文 (Zhōngwén), 汉语, 漢語)",橙,橙色,橙色,rgb,255,74,0,3,4,line,white,en,,1.1.2,
7860,zh,"Chinese (中文 (Zhōngwén), 汉语, 漢語)",青蓝,蓝青色,蓝青色,rgb,0,221,255,3,5,line,white,en,,1.1.2,
7860,zh,"Chinese (中文 (Zhōngwén), 汉语, 漢語)",淡蓝绿,淡蓝绿色,淡蓝绿色,rgb,0,255,139,3,6,line,white,en,,1.1.2,
7860,zh,"Chinese (中文 (Zhōngwén), 汉语, 漢語)",粉,粉色,粉色,rgb,255,0,229,3,7,line,white,en,,1.1.2,
7860,zh,"Chinese (中文 (Zhōngwén), 汉语, 漢語)",橘黄,桔黄色,桔黄色,rgb,255,188,0,3,8,line,white,en,,1.1.2,
7860,zh,"Chinese (中文 (Zhōngwén), 汉语, 漢語)",粉红,红粉色,红粉色,rgb,255,0,20,3,9,line,white,en,,1.1.2,
7860,zh,"Chinese (中文 (Zhōngwén), 汉语, 漢語)",深蓝,深蓝色,深蓝色,rgb,65,0,255,3,10,line,white,en,,1.1.2,
7860,zh,"Chinese (中文 (Zhōngwén), 汉语, 漢語)",深青绿,深青绿色,深青绿色,rgb,134,255,0,3,11,line,white,en,,1.1.2,
7860,zh,"Chinese (中文 (Zhōngwén), 汉语, 漢語)",深蓝,深蓝色,深蓝色,rgb,0,44,255,6,0,line,white,en,,1.1.2,
7860,zh,"Chinese (中文 (Zhōngwén), 汉语, 漢語)",淡蓝,淡蓝色,淡蓝色,rgb,0,177,255,6,1,line,white,en,,1.1.2,
7860,zh,"Chinese (中文 (Zhōngwén), 汉语, 漢語)",蓝,蓝色,蓝色,rgb,0,138,255,6,2,line,white,en,,1.1.2,
7860,zh,"Chinese (中文 (Zhōngwén), 汉语, 漢語)",粉红,红粉色,红粉色,rgb,255,0,80,6,3,line,white,en,,1.1.2,
7860,zh,"Chinese (中文 (Zhōngwén), 汉语, 漢語)",淡很多的蓝,淡很多的蓝色,淡很多的蓝色,rgb,0,185,255,6,4,line,white,en,,1.1.2,
7860,zh,"Chinese (中文 (Zhōngwén), 汉语, 漢語)",紫色的牵牛花,紫色的牵牛花色,紫色的牵牛花,rgb,119,0,255,6,5,line,white,en,,1.1.2,
7860,zh,"Chinese (中文 (Zhōngwén), 汉语, 漢語)",翠绿,翠绿色,翠绿色,rgb,0,255,0,6,6,line,white,en,,1.1.2,
7860,zh,"Chinese (中文 (Zhōngwén), 汉语, 漢語)",粉,粉色,粉色,rgb,255,0,186,6,7,line,white,en,,1.1.2,
7860,zh,"Chinese (中文 (Zhōngwén), 汉语, 漢語)",黄灰,黄灰色,黄灰色,rgb,195,255,0,6,8,line,white,en,,1.1.2,
7860,zh,"Chinese (中文 (Zhōngwén), 汉语, 漢語)",青绿,青绿色,青绿色,rgb,0,255,108,6,9,line,white,en,,1.1.2,
7860,zh,"Chinese (中文 (Zhōngwén), 汉语, 漢語)",青,青色,青色,rgb,0,255,237,6,10,line,white,en,,1.1.2,
7860,zh,"Chinese (中文 (Zhōngwén), 汉语, 漢語)",粉紫,紫粉色,紫粉色,rgb,255,0,127,6,11,line,white,en,,1.1.2,
8240,zh,"Chinese (中文 (Zhōngwén), 汉语, 漢語)",蓝,蓝色,蓝色,rgb,0,139,255,3,0,line,white,en,,1.1.2,
8240,zh,"Chinese (中文 (Zhōngwén), 汉语, 漢語)",天蓝,天蓝色,天蓝,rgb,0,255,251,3,1,line,white,en,,1.1.2,
8240,zh,"Chinese (中文 (Zhōngwén), 汉语, 漢語)",橘红,橘红色,橘红,rgb,255,74,0,3,2,line,white,en,,1.1.2,
8240,zh,"Chinese (中文 (Zhōngwén), 汉语, 漢語)",钴蓝,钴蓝色,钴蓝,rgb,0,41,255,3,3,line,white,en,,1.1.2,
8240,zh,"Chinese (中文 (Zhōngwén), 汉语, 漢語)",蓝,蓝色,蓝色,rgb,0,201,255,3,4,line,white,en,,1.1.2,
8240,zh,"Chinese (中文 (Zhōngwén), 汉语, 漢語)",土黄,土黄色,土黄,rgb,255,194,0,3,5,line,white,en,,1.1.2,
8240,zh,"Chinese (中文 (Zhōngwén), 汉语, 漢語)",粉,粉色,粉色,rgb,255,0,230,3,6,line,white,en,,1.1.2,
8240,zh,"Chinese (中文 (Zhōngwén), 汉语, 漢語)",草绿,草绿色,草绿,rgb,85,255,0,3,7,line,white,en,,1.1.2,
8240,zh,"Chinese (中文 (Zhōngwén), 汉语, 漢語)",天蓝,天蓝色,天蓝,rgb,0,221,255,3,8,line,white,en,,1.1.2,
8240,zh,"Chinese (中文 (Zhōngwén), 汉语, 漢語)",玫红,玫瑰红色,玫瑰红,rgb,255,0,111,3,9,line,white,en,,1.1.2,
8240,zh,"Chinese (中文 (Zhōngwén), 汉语, 漢語)",天蓝,天蓝色,天蓝,rgb,0,247,255,3,10,line,white,en,,1.1.2,
8240,zh,"Chinese (中文 (Zhōngwén), 汉语, 漢語)",蓝绿,蓝绿色,蓝绿色,rgb,0,255,212,3,11,line,white,en,,1.1.2,
8240,zh,"Chinese (中文 (Zhōngwén), 汉语, 漢語)",青绿,青绿色,青绿,rgb,0,255,176,6,0,line,white,en,,1.1.2,
8240,zh,"Chinese (中文 (Zhōngwén), 汉语, 漢語)",紫红,紫红色,紫红,rgb,223,0,255,6,1,line,white,en,,1.1.2,
8240,zh,"Chinese (中文 (Zhōngwén), 汉语, 漢語)",绿,绿色,绿色,rgb,0,255,128,6,2,line,white,en,,1.1.2,
8240,zh,"Chinese (中文 (Zhōngwén), 汉语, 漢語)",蓝,蓝色,蓝色,rgb,0,175,255,6,3,line,white,en,,1.1.2,
8240,zh,"Chinese (中文 (Zhōngwén), 汉语, 漢語)",绿,绿色,绿色,rgb,0,255,115,6,4,line,white,en,,1.1.2,
8240,zh,"Chinese (中文 (Zhōngwén), 汉语, 漢語)",蓝,蓝色,蓝色,rgb,0,114,255,6,5,line,white,en,,1.1.2,
8240,zh,"Chinese (中文 (Zhōngwén), 汉语, 漢語)",钴蓝,钴蓝色,钴蓝,rgb,0,23,255,6,6,line,white,en,,1.1.2,
8240,zh,"Chinese (中文 (Zhōngwén), 汉语, 漢語)",橙黄,橙黄色,橙黄,rgb,255,143,0,6,7,line,white,en,,1.1.2,
8240,zh,"Chinese (中文 (Zhōngwén), 汉语, 漢語)",大红,大红色,大红,rgb,255,0,32,6,8,line,white,en,,1.1.2,
8240,zh,"Chinese (中文 (Zhōngwén), 汉语, 漢語)",红,红色,红色,rgb,255,0,66,6,9,line,white,en,,1.1.2,
8240,zh,"Chinese (中文 (Zhōngwén), 汉语, 漢語)",橙,橙色,橙色,rgb,255,107,0,6,10,line,white,en,,1.1.2,
8240,zh,"Chinese (中文 (Zhōngwén), 汉语, 漢語)",粉,粉色,粉色,rgb,255,0,109,6,11,line,white,en,,1.1.2,
8280,zh,"Chinese (中文 (Zhōngwén), 汉语, 漢語)",青,青色,青,rgb,33,121,156,1,0,full,white,en,,1.1.2,
8280,zh,"Chinese (中文 (Zhōngwén), 汉语, 漢語)",肉,肉色,肉色,rgb,249,204,118,1,1,full,white,en,,1.1.2,
8280,zh,"Chinese (中文 (Zhōngwén), 汉语, 漢語)",蓝,蓝色,蓝,rgb,12,163,234,1,2,full,white,en,,1.1.2,
8280,zh,"Chinese (中文 (Zhōngwén), 汉语, 漢語)",紫,紫色,紫,rgb,168,66,217,1,3,full,white,en,,1.1.2,
8280,zh,"Chinese (中文 (Zhōngwén), 汉语, 漢語)",草绿,草绿色,草绿,rgb,153,251,124,1,4,full,white,en,,1.1.2,
8280,zh,"Chinese (中文 (Zhōngwén), 汉语, 漢語)",绿,绿色,绿,rgb,24,237,72,1,5,full,white,en,,1.1.2,
8280,zh,"Chinese (中文 (Zhōngwén), 汉语, 漢語)",洋红,洋红色,洋红,rgb,176,61,102,1,6,full,white,en,,1.1.2,
8280,zh,"Chinese (中文 (Zhōngwén), 汉语, 漢語)",蓝紫,蓝紫色,蓝紫,rgb,71,36,240,1,7,full,white,en,,1.1.2,
8280,zh,"Chinese (中文 (Zhōngwén), 汉语, 漢語)",黄绿,黄绿色,黄绿,rgb,156,238,47,1,8,full,white,en,,1.1.2,
8280,zh,"Chinese (中文 (Zhōngwén), 汉语, 漢語)",橙,橙色,橙,rgb,221,62,5,1,9,full,white,en,,1.1.2,
8280,zh,"Chinese (中文 (Zhōngwén), 汉语, 漢語)",天蓝,天蓝色,天蓝,rgb,48,246,207,1,10,full,white,en,,1.1.2,
8280,zh,"Chinese (中文 (Zhōngwén), 汉语, 漢語)",灰蓝,灰蓝色,灰蓝,rgb,87,108,111,1,11,full,white,en,,1.1.2,
8280,zh,"Chinese (中文 (Zhōngwén), 汉语, 漢語)",深蓝,深蓝色,深蓝,rgb,10,35,109,3,0,full,white,en,,1.1.2,
8280,zh,"Chinese (中文 (Zhōngwén), 汉语, 漢語)",土黄,土黄色,土黄,rgb,211,195,6,3,1,full,white,en,,1.1.2,
8280,zh,"Chinese (中文 (Zhōngwén), 汉语, 漢語)",粉,粉色,粉,rgb,236,71,144,3,2,full,white,en,,1.1.2,
8280,zh,"Chinese (中文 (Zhōngwén), 汉语, 漢語)",亮紫,亮紫色,亮紫,rgb,205,20,254,3,3,full,white,en,,1.1.2,
8280,zh,"Chinese (中文 (Zhōngwén), 汉语, 漢語)",肉粉,肉粉色,肉粉,rgb,244,142,107,3,4,full,white,en,,1.1.2,
8280,zh,"Chinese (中文 (Zhōngwén), 汉语, 漢語)",砖红,砖红色,砖红,rgb,137,7,6,3,5,full,white,en,,1.1.2,
8280,zh,"Chinese (中文 (Zhōngwén), 汉语, 漢語)",鲜绿,鲜绿色,鲜绿,rgb,40,215,94,3,6,full,white,en,,1.1.2,
8280,zh,"Chinese (中文 (Zhōngwén), 汉语, 漢語)",淡紫,淡紫色,淡紫,rgb,178,113,199,3,7,full,white,en,,1.1.2,
8280,zh,"Chinese (中文 (Zhōngwén), 汉语, 漢語)",靛蓝,靛蓝色,靛蓝,rgb,27,38,185,3,8,full,white,en,,1.1.2,
8280,zh,"Chinese (中文 (Zhōngwén), 汉语, 漢語)",蓝紫,蓝紫色,蓝紫,rgb,102,90,137,3,9,full,white,en,,1.1.2,
8280,zh,"Chinese (中文 (Zhōngwén), 汉语, 漢語)",蓝,蓝色,蓝,rgb,20,104,228,3,10,full,white,en,,1.1.2,
8280,zh,"Chinese (中文 (Zhōngwén), 汉语, 漢語)",藏青,藏青色,藏青,rgb,46,35,57,3,11,full,white,en,,1.1.2,
8280,zh,"Chinese (中文 (Zhōngwén), 汉语, 漢語)",肉,肉色,肉色,rgb,219,170,129,6,0,full,white,en,,1.1.2,
8280,zh,"Chinese (中文 (Zhōngwén), 汉语, 漢語)",红,红色,红,rgb,198,4,82,6,1,full,white,en,,1.1.2,
8280,zh,"Chinese (中文 (Zhōngwén), 汉语, 漢語)",天蓝,天蓝色,天蓝,rgb,88,213,236,6,2,full,white,en,,1.1.2,
8280,zh,"Chinese (中文 (Zhōngwén), 汉语, 漢語)",亮粉,亮粉色,亮粉,rgb,233,81,211,6,3,full,white,en,,1.1.2,
8280,zh,"Chinese (中文 (Zhōngwén), 汉语, 漢語)",淡绿,淡绿色,淡绿,rgb,115,190,123,6,4,full,white,en,,1.1.2,
8280,zh,"Chinese (中文 (Zhōngwén), 汉语, 漢語)",棕,棕色,棕,rgb,82,67,30,6,5,full,white,en,,1.1.2,
8280,zh,"Chinese (中文 (Zhōngwén), 汉语, 漢語)",绿,绿色,绿,rgb,27,169,5,6,6,full,white,en,,1.1.2,
8280,zh,"Chinese (中文 (Zhōngwén), 汉语, 漢語)",蓝,蓝色,蓝,rgb,6,85,175,6,7,full,white,en,,1.1.2,
8280,zh,"Chinese (中文 (Zhōngwén), 汉语, 漢語)",浅蓝,浅蓝色,浅蓝,rgb,162,189,194,6,8,full,white,en,,1.1.2,
8280,zh,"Chinese (中文 (Zhōngwén), 汉语, 漢語)",深蓝,深蓝色,深蓝,rgb,6,3,104,6,9,full,white,en,,1.1.2,
8280,zh,"Chinese (中文 (Zhōngwén), 汉语, 漢語)",蓝绿,蓝绿色,蓝绿,rgb,62,201,183,6,10,full,white,en,,1.1.2,
8280,zh,"Chinese (中文 (Zhōngwén), 汉语, 漢語)",草绿,草绿色,草绿,rgb,146,193,88,6,11,full,white,en,,1.1.2,
8362,zh,"Chinese (中文 (Zhōngwén), 汉语, 漢語)",蓝,蓝色,蓝色,rgb,45,60,233,1,0,full,white,en,,1.1.2,
8362,zh,"Chinese (中文 (Zhōngwén), 汉语, 漢語)",墨绿,墨绿色,墨绿,rgb,44,73,58,3,0,full,white,en,,1.1.2,
8362,zh,"Chinese (中文 (Zhōngwén), 汉语, 漢語)",土黄,土黄色,土黄,rgb,168,163,9,3,1,full,white,en,,1.1.2,
8362,zh,"Chinese (中文 (Zhōngwén), 汉语, 漢語)",浅蓝,浅蓝色,浅蓝,rgb,36,195,194,3,2,full,white,en,,1.1.2,
8362,zh,"Chinese (中文 (Zhōngwén), 汉语, 漢語)",浅紫,浅紫色,浅紫,rgb,120,110,217,3,3,full,white,en,,1.1.2,
8362,zh,"Chinese (中文 (Zhōngwén), 汉语, 漢語)",棕,棕色,棕色,rgb,157,89,43,3,4,full,white,en,,1.1.2,
8362,zh,"Chinese (中文 (Zhōngwén), 汉语, 漢語)",草绿,草绿色,草绿,rgb,39,252,165,3,5,full,white,en,,1.1.2,
8362,zh,"Chinese (中文 (Zhōngwén), 汉语, 漢語)",紫,紫色,紫,rgb,124,12,208,3,6,full,white,en,,1.1.2,
8362,zh,"Chinese (中文 (Zhōngwén), 汉语, 漢語)",蓝黑,蓝黑色,蓝黑,rgb,22,39,76,3,7,full,white,en,,1.1.2,
8362,zh,"Chinese (中文 (Zhōngwén), 汉语, 漢語)",深紫,深紫色,深紫,rgb,122,116,184,3,8,full,white,en,,1.1.2,
8362,zh,"Chinese (中文 (Zhōngwén), 汉语, 漢語)",浅紫,浅紫色,浅紫,rgb,203,171,211,3,9,full,white,en,,1.1.2,
8362,zh,"Chinese (中文 (Zhōngwén), 汉语, 漢語)",粉紫,粉紫色,粉紫,rgb,228,31,196,3,10,full,white,en,,1.1.2,
8362,zh,"Chinese (中文 (Zhōngwén), 汉语, 漢語)",肉,肉色,肉色,rgb,224,93,104,3,11,full,white,en,,1.1.2,
8364,zh,"Chinese (中文 (Zhōngwén), 汉语, 漢語)",深紫,深紫色,深紫,rgb,156,0,187,1,0,full,white,en,,1.1.2,
8364,zh,"Chinese (中文 (Zhōngwén), 汉语, 漢語)",黄绿,黄绿色,黄绿,rgb,181,202,1,1,1,full,white,en,,1.1.2,
8364,zh,"Chinese (中文 (Zhōngwén), 汉语, 漢語)",淡绿,淡绿色,淡绿,rgb,170,223,177,1,2,full,white,en,,1.1.2,
8364,zh,"Chinese (中文 (Zhōngwén), 汉语, 漢語)",浅紫,浅紫色,浅紫,rgb,146,82,236,1,3,full,white,en,,1.1.2,
8364,zh,"Chinese (中文 (Zhōngwén), 汉语, 漢語)",浅蓝,浅蓝色,浅蓝,rgb,215,232,231,1,4,full,white,en,,1.1.2,
8364,zh,"Chinese (中文 (Zhōngwén), 汉语, 漢語)",墨绿,墨绿色,墨绿,rgb,10,164,8,1,5,full,white,en,,1.1.2,
8364,zh,"Chinese (中文 (Zhōngwén), 汉语, 漢語)",紫,紫色,紫,rgb,159,9,232,1,6,full,white,en,,1.1.2,
8364,zh,"Chinese (中文 (Zhōngwén), 汉语, 漢語)",淡蓝,淡蓝色,淡蓝,rgb,39,199,192,1,7,full,white,en,,1.1.2,
8364,zh,"Chinese (中文 (Zhōngwén), 汉语, 漢語)",蓝,蓝色,蓝,rgb,31,10,232,1,8,full,white,en,,1.1.2,
8364,zh,"Chinese (中文 (Zhōngwén), 汉语, 漢語)",橘红,橘红色,橘红,rgb,226,15,27,1,9,full,white,en,,1.1.2,
8364,zh,"Chinese (中文 (Zhōngwén), 汉语, 漢語)",草绿,草绿色,草绿,rgb,147,222,39,1,10,full,white,en,,1.1.2,
8461,zh,"Chinese (中文 (Zhōngwén), 汉语, 漢語)",绿,绿色,绿,rgb,106,243,72,1,0,full,white,en,,1.1.2,
8461,zh,"Chinese (中文 (Zhōngwén), 汉语, 漢語)",绿,绿色,绿,rgb,90,167,45,1,1,full,white,en,,1.1.2,
8461,zh,"Chinese (中文 (Zhōngwén), 汉语, 漢語)",紫,紫色,紫,rgb,165,121,232,1,2,full,white,en,,1.1.2,
8461,zh,"Chinese (中文 (Zhōngwén), 汉语, 漢語)",灰,灰色,灰,rgb,157,159,141,1,3,full,white,en,,1.1.2,
8461,zh,"Chinese (中文 (Zhōngwén), 汉语, 漢語)",土,土色,土,rgb,220,186,111,1,4,full,white,en,,1.1.2,
8461,zh,"Chinese (中文 (Zhōngwén), 汉语, 漢語)",黄,黄色,黄,rgb,219,220,9,1,5,full,white,en,,1.1.2,
8461,zh,"Chinese (中文 (Zhōngwén), 汉语, 漢語)",红,红色,红,rgb,111,12,47,1,6,full,white,en,,1.1.2,
8461,zh,"Chinese (中文 (Zhōngwén), 汉语, 漢語)",绿,绿色,绿,rgb,70,124,101,1,7,full,white,en,,1.1.2,
8461,zh,"Chinese (中文 (Zhōngwén), 汉语, 漢語)",紫,紫色,紫,rgb,169,64,195,1,8,full,white,en,,1.1.2,
8461,zh,"Chinese (中文 (Zhōngwén), 汉语, 漢語)",蓝,蓝色,蓝,rgb,61,158,174,1,9,full,white,en,,1.1.2,
8461,zh,"Chinese (中文 (Zhōngwén), 汉语, 漢語)",棕,棕色,棕,rgb,69,66,1,1,10,full,white,en,,1.1.2,
8461,zh,"Chinese (中文 (Zhōngwén), 汉语, 漢語)",粉,粉色,粉,rgb,199,47,230,1,11,full,white,en,,1.1.2,
8850,zh,"Chinese (中文 (Zhōngwén), 汉语, 漢語)",墨绿,墨绿色,墨绿,rgb,31,117,70,1,0,full,white,en,,1.1.2,
8850,zh,"Chinese (中文 (Zhōngwén), 汉语, 漢語)",卡其,卡其色,卡其,rgb,185,188,144,1,1,full,white,en,,1.1.2,
8850,zh,"Chinese (中文 (Zhōngwén), 汉语, 漢語)",荧光绿,荧光绿色,荧光绿,rgb,20,245,174,1,2,full,white,en,,1.1.2,
8850,zh,"Chinese (中文 (Zhōngwén), 汉语, 漢語)",玫红,玫红色,玫红,rgb,233,19,118,1,3,full,white,en,,1.1.2,
8850,zh,"Chinese (中文 (Zhōngwén), 汉语, 漢語)",鲜绿,鲜绿色,鲜绿,rgb,54,231,4,1,4,full,white,en,,1.1.2,
8850,zh,"Chinese (中文 (Zhōngwén), 汉语, 漢語)",草绿,草绿色,草绿,rgb,95,196,87,1,5,full,white,en,,1.1.2,
8850,zh,"Chinese (中文 (Zhōngwén), 汉语, 漢語)",褐红,褐红色,褐红,rgb,172,29,112,1,6,full,white,en,,1.1.2,
8850,zh,"Chinese (中文 (Zhōngwén), 汉语, 漢語)",紫,紫色,紫,rgb,194,19,223,1,7,full,white,en,,1.1.2,
8850,zh,"Chinese (中文 (Zhōngwén), 汉语, 漢語)",宝蓝,宝蓝色,宝蓝,rgb,23,41,238,1,8,full,white,en,,1.1.2,
8850,zh,"Chinese (中文 (Zhōngwén), 汉语, 漢語)",深紫,深紫色,深紫,rgb,103,6,174,1,9,full,white,en,,1.1.2,
8850,zh,"Chinese (中文 (Zhōngwén), 汉语, 漢語)",淡黄,淡黄色,淡黄,rgb,251,215,81,1,10,full,white,en,,1.1.2,
8850,zh,"Chinese (中文 (Zhōngwén), 汉语, 漢語)",淡绿,淡绿色,淡绿,rgb,179,226,111,1,11,full,white,en,,1.1.2,
8850,zh,"Chinese (中文 (Zhōngwén), 汉语, 漢語)",浅棕,浅棕色,浅棕,rgb,181,144,75,3,0,full,white,en,,1.1.2,
8850,zh,"Chinese (中文 (Zhōngwén), 汉语, 漢語)",水绿,水绿色,水绿,rgb,175,231,214,3,1,full,white,en,,1.1.2,
8850,zh,"Chinese (中文 (Zhōngwén), 汉语, 漢語)",草绿,草绿色,草绿,rgb,186,248,77,3,2,full,white,en,,1.1.2,
8850,zh,"Chinese (中文 (Zhōngwén), 汉语, 漢語)",粉红,粉红色,粉红,rgb,229,125,231,3,3,full,white,en,,1.1.2,
8850,zh,"Chinese (中文 (Zhōngwén), 汉语, 漢語)",绛紫,绛紫色,绛紫,rgb,110,88,143,3,4,full,white,en,,1.1.2,
8850,zh,"Chinese (中文 (Zhōngwén), 汉语, 漢語)",朱红,朱红色,朱红,rgb,150,15,12,3,5,full,white,en,,1.1.2,
8850,zh,"Chinese (中文 (Zhōngwén), 汉语, 漢語)",深灰,深灰色,深灰,rgb,63,61,54,3,6,full,white,en,,1.1.2,
8850,zh,"Chinese (中文 (Zhōngwén), 汉语, 漢語)",褐红,褐红色,褐红,rgb,173,10,73,3,7,full,white,en,,1.1.2,
8850,zh,"Chinese (中文 (Zhōngwén), 汉语, 漢語)",橘黄,橘黄色,橘黄,rgb,210,118,83,3,8,full,white,en,,1.1.2,
8850,zh,"Chinese (中文 (Zhōngwén), 汉语, 漢語)",墨蓝,墨蓝色,墨蓝,rgb,89,168,197,3,9,full,white,en,,1.1.2,
8850,zh,"Chinese (中文 (Zhōngwén), 汉语, 漢語)",粉红,粉红色,粉红,rgb,251,203,237,3,10,full,white,en,,1.1.2,
8850,zh,"Chinese (中文 (Zhōngwén), 汉语, 漢語)",水蓝,水蓝色,水蓝,rgb,54,246,222,3,11,full,white,en,,1.1.2,
8850,zh,"Chinese (中文 (Zhōngwén), 汉语, 漢語)",深棕,深棕色,深棕,rgb,109,6,39,6,0,full,white,en,,1.1.2,
8850,zh,"Chinese (中文 (Zhōngwén), 汉语, 漢語)",墨绿,墨绿色,墨绿,rgb,60,102,16,6,1,full,white,en,,1.1.2,
8850,zh,"Chinese (中文 (Zhōngwén), 汉语, 漢語)",肉紫,肉紫色,肉紫,rgb,185,139,167,6,2,full,white,en,,1.1.2,
8850,zh,"Chinese (中文 (Zhōngwén), 汉语, 漢語)",深蓝,深蓝色,深蓝,rgb,37,54,152,6,3,full,white,en,,1.1.2,
8850,zh,"Chinese (中文 (Zhōngwén), 汉语, 漢語)",墨绿,墨绿色,墨绿,rgb,103,143,126,6,4,full,white,en,,1.1.2,
8850,zh,"Chinese (中文 (Zhōngwén), 汉语, 漢語)",青,青色,青,rgb,64,184,141,6,5,full,white,en,,1.1.2,
8850,zh,"Chinese (中文 (Zhōngwén), 汉语, 漢語)",深蓝,深蓝色,深蓝,rgb,11,4,100,6,6,full,white,en,,1.1.2,
8850,zh,"Chinese (中文 (Zhōngwén), 汉语, 漢語)",草绿,草绿色,草绿,rgb,16,228,96,6,7,full,white,en,,1.1.2,
8850,zh,"Chinese (中文 (Zhōngwén), 汉语, 漢語)",粉红,粉红色,粉红,rgb,254,138,192,6,8,full,white,en,,1.1.2,
8850,zh,"Chinese (中文 (Zhōngwén), 汉语, 漢語)",荧光绿,荧光绿色,荧光绿,rgb,144,242,186,6,9,full,white,en,,1.1.2,
8850,zh,"Chinese (中文 (Zhōngwén), 汉语, 漢語)",蓝,兰色,兰,rgb,16,122,195,6,10,full,white,en,,1.1.2,
8850,zh,"Chinese (中文 (Zhōngwén), 汉语, 漢語)",宝蓝,宝蓝色,宝蓝,rgb,34,97,248,6,11,full,white,en,,1.1.2,
9152,zh,"Chinese (中文 (Zhōngwén), 汉语, 漢語)",绿,绿色,绿色,rgb,78,210,100,1,0,full,white,en,,1.1.2,
9152,zh,"Chinese (中文 (Zhōngwén), 汉语, 漢語)",紫罗蓝,紫罗兰色,紫罗兰,rgb,118,114,243,1,1,full,white,en,,1.1.2,
9152,zh,"Chinese (中文 (Zhōngwén), 汉语, 漢語)",紫红,紫红色,紫红,rgb,150,8,109,1,2,full,white,en,,1.1.2,
9152,zh,"Chinese (中文 (Zhōngwén), 汉语, 漢語)",深蓝,深蓝色,深蓝,rgb,18,23,215,1,3,full,white,en,,1.1.2,
9152,zh,"Chinese (中文 (Zhōngwén), 汉语, 漢語)",深绿,深绿色,深绿色,rgb,35,127,44,1,4,full,white,en,,1.1.2,
9152,zh,"Chinese (中文 (Zhōngwén), 汉语, 漢語)",橘棕,橘棕色,橘棕色,rgb,175,66,12,1,5,full,white,en,,1.1.2,
9152,zh,"Chinese (中文 (Zhōngwén), 汉语, 漢語)",桃红,桃红色,桃红色,rgb,223,25,147,1,6,full,white,en,,1.1.2,
9152,zh,"Chinese (中文 (Zhōngwén), 汉语, 漢語)",浅蓝,浅蓝色,浅蓝色,rgb,10,244,221,1,7,full,white,en,,1.1.2,
9152,zh,"Chinese (中文 (Zhōngwén), 汉语, 漢語)",荧光绿,荧光绿色,荧光绿,rgb,6,250,115,1,8,full,white,en,,1.1.2,
9152,zh,"Chinese (中文 (Zhōngwén), 汉语, 漢語)",黄绿,黄绿色,黄绿色,rgb,156,226,64,1,9,full,white,en,,1.1.2,
9152,zh,"Chinese (中文 (Zhōngwén), 汉语, 漢語)",深蓝,深蓝色,深蓝色,rgb,3,14,105,1,10,full,white,en,,1.1.2,
9152,zh,"Chinese (中文 (Zhōngwén), 汉语, 漢語)",橙,橙色,橙色,rgb,249,105,63,1,11,full,white,en,,1.1.2,
9152,zh,"Chinese (中文 (Zhōngwén), 汉语, 漢語)",蓝,蓝色,蓝,rgb,121,176,255,3,0,full,white,en,,1.1.2,
9152,zh,"Chinese (中文 (Zhōngwén), 汉语, 漢語)",蓝,蓝色,蓝,rgb,93,174,205,3,1,full,white,en,,1.1.2,
9152,zh,"Chinese (中文 (Zhōngwén), 汉语, 漢語)",绿,绿色,绿,rgb,102,227,17,3,2,full,white,en,,1.1.2,
9152,zh,"Chinese (中文 (Zhōngwén), 汉语, 漢語)",绿,绿色,绿,rgb,178,245,188,3,3,full,white,en,,1.1.2,
9152,zh,"Chinese (中文 (Zhōngwén), 汉语, 漢語)",黄,黄色,黄,rgb,253,246,197,3,4,full,white,en,,1.1.2,
9152,zh,"Chinese (中文 (Zhōngwén), 汉语, 漢語)",黄,黄色,黄,rgb,252,221,107,3,5,full,white,en,,1.1.2,
9152,zh,"Chinese (中文 (Zhōngwén), 汉语, 漢語)",红,红色,红,rgb,224,36,61,3,6,full,white,en,,1.1.2,
9152,zh,"Chinese (中文 (Zhōngwén), 汉语, 漢語)",绿,绿色,绿,rgb,115,166,83,3,7,full,white,en,,1.1.2,
9152,zh,"Chinese (中文 (Zhōngwén), 汉语, 漢語)",绿,绿色,绿,rgb,118,120,47,3,8,full,white,en,,1.1.2,
9152,zh,"Chinese (中文 (Zhōngwén), 汉语, 漢語)",紫,紫色,紫,rgb,167,98,204,3,9,full,white,en,,1.1.2,
9152,zh,"Chinese (中文 (Zhōngwén), 汉语, 漢語)",红,红色,红,rgb,244,57,16,3,10,full,white,en,,1.1.2,
9152,zh,"Chinese (中文 (Zhōngwén), 汉语, 漢語)",紫,紫色,紫,rgb,141,69,255,3,11,full,white,en,,1.1.2,
9152,zh,"Chinese (中文 (Zhōngwén), 汉语, 漢語)",绿,绿色,绿,rgb,54,137,91,6,0,full,white,en,,1.1.2,
9152,zh,"Chinese (中文 (Zhōngwén), 汉语, 漢語)",棕,棕色,棕,rgb,69,16,5,6,1,full,white,en,,1.1.2,
9152,zh,"Chinese (中文 (Zhōngwén), 汉语, 漢語)",粉,粉色,粉,rgb,201,117,190,6,2,full,white,en,,1.1.2,
9152,zh,"Chinese (中文 (Zhōngwén), 汉语, 漢語)",蓝,蓝色,蓝,rgb,78,68,135,6,3,full,white,en,,1.1.2,
9152,zh,"Chinese (中文 (Zhōngwén), 汉语, 漢語)",紫,紫色,紫,rgb,95,22,182,6,4,full,white,en,,1.1.2,
9152,zh,"Chinese (中文 (Zhōngwén), 汉语, 漢語)",绿,绿色,绿,rgb,188,198,139,6,5,full,white,en,,1.1.2,
9152,zh,"Chinese (中文 (Zhōngwén), 汉语, 漢語)",紫,紫色,紫,rgb,133,27,142,6,6,full,white,en,,1.1.2,
9152,zh,"Chinese (中文 (Zhōngwén), 汉语, 漢語)",黄,黄色,黄,rgb,228,209,31,6,7,full,white,en,,1.1.2,
9152,zh,"Chinese (中文 (Zhōngwén), 汉语, 漢語)",红,红色,红,rgb,189,116,128,6,8,full,white,en,,1.1.2,
9152,zh,"Chinese (中文 (Zhōngwén), 汉语, 漢語)",黄,黄色,黄,rgb,207,255,44,6,9,full,white,en,,1.1.2,
9152,zh,"Chinese (中文 (Zhōngwén), 汉语, 漢語)",红,红色,红,rgb,215,119,95,6,10,full,white,en,,1.1.2,
9152,zh,"Chinese (中文 (Zhōngwén), 汉语, 漢語)",黄,黄色,黄,rgb,169,154,54,6,11,full,white,en,,1.1.2,
9199,zh,"Chinese (中文 (Zhōngwén), 汉语, 漢語)",浅蓝,淺藍色,淺藍,rgb,70,211,241,1,0,full,white,en,,1.1.2,
9199,zh,"Chinese (中文 (Zhōngwén), 汉语, 漢語)",浅啡,淺啡色,淺啡,rgb,185,141,67,1,1,full,white,en,,1.1.2,
9199,zh,"Chinese (中文 (Zhōngwén), 汉语, 漢語)",粉紫,粉紫色,粉紫,rgb,190,131,247,1,2,full,white,en,,1.1.2,
9199,zh,"Chinese (中文 (Zhōngwén), 汉语, 漢語)",鲜红,鮮紅色,鮮紅,rgb,232,48,56,1,3,full,white,en,,1.1.2,
9199,zh,"Chinese (中文 (Zhōngwén), 汉语, 漢語)",靛,靛色,靛,rgb,85,15,236,1,4,full,white,en,,1.1.2,
9199,zh,"Chinese (中文 (Zhōngwén), 汉语, 漢語)",深蓝,深藍色,深藍,rgb,40,79,144,1,5,full,white,en,,1.1.2,
9199,zh,"Chinese (中文 (Zhōngwén), 汉语, 漢語)",蓝,藍色,藍,rgb,65,78,255,1,6,full,white,en,,1.1.2,
9199,zh,"Chinese (中文 (Zhōngwén), 汉语, 漢語)",粉蓝绿,粉藍綠色,粉藍綠,rgb,159,237,223,1,7,full,white,en,,1.1.2,
9199,zh,"Chinese (中文 (Zhōngwén), 汉语, 漢語)",杏,杏色,杏色,rgb,230,211,160,1,8,full,white,en,,1.1.2,
9199,zh,"Chinese (中文 (Zhōngwén), 汉语, 漢語)",青,青色,青色,rgb,90,191,46,1,9,full,white,en,,1.1.2,
9199,zh,"Chinese (中文 (Zhōngwén), 汉语, 漢語)",深紫,深紫色,深紫,rgb,77,15,45,1,10,full,white,en,,1.1.2,
9199,zh,"Chinese (中文 (Zhōngwén), 汉语, 漢語)",啡,啡色,啡,rgb,181,111,71,1,11,full,white,en,,1.1.2,
9199,zh,"Chinese (中文 (Zhōngwén), 汉语, 漢語)",啡橙,啡橙色,啡橙色,rgb,208,81,30,3,0,full,white,en,,1.1.2,
9199,zh,"Chinese (中文 (Zhōngwén), 汉语, 漢語)",荧光绿,螢光綠色,螢光綠,rgb,54,245,2,3,1,full,white,en,,1.1.2,
9199,zh,"Chinese (中文 (Zhōngwén), 汉语, 漢語)",深绿,深綠色,深綠,rgb,54,139,103,3,2,full,white,en,,1.1.2,
9199,zh,"Chinese (中文 (Zhōngwén), 汉语, 漢語)",暗紫红,暗紫紅色,暗紫紅,rgb,164,61,118,3,3,full,white,en,,1.1.2,
9199,zh,"Chinese (中文 (Zhōngwén), 汉语, 漢語)",紫红,紫紅色,紫紅,rgb,203,6,119,3,4,full,white,en,,1.1.2,
9199,zh,"Chinese (中文 (Zhōngwén), 汉语, 漢語)",粉蓝绿,粉藍綠色,粉藍綠,rgb,33,201,171,3,5,full,white,en,,1.1.2,
9199,zh,"Chinese (中文 (Zhōngwén), 汉语, 漢語)",鸭屎绿,鴨屎綠色,鴨屎綠,rgb,124,147,14,3,6,full,white,en,,1.1.2,
9199,zh,"Chinese (中文 (Zhōngwén), 汉语, 漢語)",浅紫,淺紫色,淺紫,rgb,219,89,242,3,7,full,white,en,,1.1.2,
9199,zh,"Chinese (中文 (Zhōngwén), 汉语, 漢語)",粉紫,粉紫色,粉紫,rgb,215,183,244,3,8,full,white,en,,1.1.2,
9199,zh,"Chinese (中文 (Zhōngwén), 汉语, 漢語)",啡黄,啡黃色,啡黃色,rgb,237,192,18,3,9,full,white,en,,1.1.2,
9199,zh,"Chinese (中文 (Zhōngwén), 汉语, 漢語)",暗紫,暗紫色,暗紫,rgb,198,84,185,3,10,full,white,en,,1.1.2,
9199,zh,"Chinese (中文 (Zhōngwén), 汉语, 漢語)",荧光粉红,螢光粉紅色,螢光粉紅,rgb,254,22,239,3,11,full,white,en,,1.1.2,
9199,zh,"Chinese (中文 (Zhōngwén), 汉语, 漢語)",深保蓝,深保藍色,深保藍,rgb,8,2,87,6,0,full,white,en,,1.1.2,
9199,zh,"Chinese (中文 (Zhōngwén), 汉语, 漢語)",粉红,粉紅色,粉紅,rgb,237,96,141,6,1,full,white,en,,1.1.2,
9199,zh,"Chinese (中文 (Zhōngwén), 汉语, 漢語)",粉紫,粉紫色,粉紫,rgb,157,113,184,6,2,full,white,en,,1.1.2,
9199,zh,"Chinese (中文 (Zhōngwén), 汉语, 漢語)",天蓝,天藍色,天藍,rgb,1,172,231,6,3,full,white,en,,1.1.2,
9199,zh,"Chinese (中文 (Zhōngwén), 汉语, 漢語)",灰,灰色,灰色,rgb,181,184,208,6,4,full,white,en,,1.1.2,
9199,zh,"Chinese (中文 (Zhōngwén), 汉语, 漢語)",绿,綠色,綠色,rgb,21,146,47,6,5,full,white,en,,1.1.2,
9199,zh,"Chinese (中文 (Zhōngwén), 汉语, 漢語)",啡红,啡紅色,啡紅色,rgb,130,31,53,6,6,full,white,en,,1.1.2,
9199,zh,"Chinese (中文 (Zhōngwén), 汉语, 漢語)",深绿,深綠色,深綠,rgb,21,63,10,6,7,full,white,en,,1.1.2,
9199,zh,"Chinese (中文 (Zhōngwén), 汉语, 漢語)",暗紫,暗紫色,暗紫,rgb,116,65,156,6,8,full,white,en,,1.1.2,
9199,zh,"Chinese (中文 (Zhōngwén), 汉语, 漢語)",紫,紫色,紫,rgb,126,28,163,6,9,full,white,en,,1.1.2,
9199,zh,"Chinese (中文 (Zhōngwén), 汉语, 漢語)",深粉红,深粉紅色,深粉紅,rgb,234,34,106,6,10,full,white,en,,1.1.2,
9199,zh,"Chinese (中文 (Zhōngwén), 汉语, 漢語)",橙红,橙紅色,橙紅色,rgb,250,39,6,6,11,full,white,en,,1.1.2,
9426,zh,"Chinese (中文 (Zhōngwén), 汉语, 漢語)",绿,绿色,绿色,rgb,92,212,68,1,0,full,white,en,,1.1.2,
9426,zh,"Chinese (中文 (Zhōngwén), 汉语, 漢語)",藏青,藏青色,藏青色,rgb,72,126,34,1,1,full,white,en,,1.1.2,
9426,zh,"Chinese (中文 (Zhōngwén), 汉语, 漢語)",蓝紫,蓝紫色,蓝紫色,rgb,52,16,246,1,2,full,white,en,,1.1.2,
9426,zh,"Chinese (中文 (Zhōngwén), 汉语, 漢語)",褐,褐色,褐色,rgb,35,2,22,1,3,full,white,en,,1.1.2,
9426,zh,"Chinese (中文 (Zhōngwén), 汉语, 漢語)",紫红,紫红色,紫红色,rgb,192,45,192,1,4,full,white,en,,1.1.2,
9426,zh,"Chinese (中文 (Zhōngwén), 汉语, 漢語)",绿,绿色,绿色,rgb,32,198,117,1,5,full,white,en,,1.1.2,
9426,zh,"Chinese (中文 (Zhōngwén), 汉语, 漢語)",粉紫,粉紫色,粉紫色,rgb,229,23,126,1,6,full,white,en,,1.1.2,
9426,zh,"Chinese (中文 (Zhōngwén), 汉语, 漢語)",靛蓝,靛蓝色,靛蓝色,rgb,46,90,175,1,7,full,white,en,,1.1.2,
9426,zh,"Chinese (中文 (Zhōngwén), 汉语, 漢語)",深蓝,深蓝色,深蓝色,rgb,1,15,136,1,8,full,white,en,,1.1.2,
9426,zh,"Chinese (中文 (Zhōngwén), 汉语, 漢語)",紫,紫色,紫色,rgb,63,26,112,1,9,full,white,en,,1.1.2,
9426,zh,"Chinese (中文 (Zhōngwén), 汉语, 漢語)",青,青色,青色,rgb,155,213,28,1,10,full,white,en,,1.1.2,
9426,zh,"Chinese (中文 (Zhōngwén), 汉语, 漢語)",紫,紫色,紫色,rgb,90,68,253,1,11,full,white,en,,1.1.2,
9426,zh,"Chinese (中文 (Zhōngwén), 汉语, 漢語)",灰,灰色,灰色,rgb,168,190,192,3,0,full,white,en,,1.1.2,
9426,zh,"Chinese (中文 (Zhōngwén), 汉语, 漢語)",深紫红,深紫红色,深紫红色,rgb,154,41,99,3,1,full,white,en,,1.1.2,
9426,zh,"Chinese (中文 (Zhōngwén), 汉语, 漢語)",青绿,青绿色,青绿色,rgb,164,204,86,3,2,full,white,en,,1.1.2,
9426,zh,"Chinese (中文 (Zhōngwén), 汉语, 漢語)",藏蓝,藏蓝色,藏蓝色,rgb,52,90,221,3,3,full,white,en,,1.1.2,
9426,zh,"Chinese (中文 (Zhōngwén), 汉语, 漢語)",藏青,藏青色,藏青色,rgb,16,119,122,3,4,full,white,en,,1.1.2,
9426,zh,"Chinese (中文 (Zhōngwén), 汉语, 漢語)",浅紫,浅紫色,浅紫色,rgb,168,183,253,3,5,full,white,en,,1.1.2,
9426,zh,"Chinese (中文 (Zhōngwén), 汉语, 漢語)",紫红,紫红色,紫红色,rgb,197,61,94,3,6,full,white,en,,1.1.2,
9426,zh,"Chinese (中文 (Zhōngwén), 汉语, 漢語)",绿,绿色,绿色,rgb,89,195,156,3,7,full,white,en,,1.1.2,
9426,zh,"Chinese (中文 (Zhōngwén), 汉语, 漢語)",粉,粉色,粉色,rgb,225,133,144,3,8,full,white,en,,1.1.2,
9426,zh,"Chinese (中文 (Zhōngwén), 汉语, 漢語)",黄褐,黄褐色,黄褐色,rgb,193,143,79,3,9,full,white,en,,1.1.2,
9426,zh,"Chinese (中文 (Zhōngwén), 汉语, 漢語)",深紫,深紫色,深紫色,rgb,81,14,35,3,10,full,white,en,,1.1.2,
9426,zh,"Chinese (中文 (Zhōngwén), 汉语, 漢語)",紫,紫色,紫色,rgb,146,56,159,3,11,full,white,en,,1.1.2,
9920,zh,"Chinese (中文 (Zhōngwén), 汉语, 漢語)",灰绿,灰绿色,灰绿色,rgb,159,178,123,1,0,full,white,en,,1.1.2,
9920,zh,"Chinese (中文 (Zhōngwén), 汉语, 漢語)",亮绿,亮绿色,亮绿色,rgb,19,255,33,1,1,full,white,en,,1.1.2,
9920,zh,"Chinese (中文 (Zhōngwén), 汉语, 漢語)",红,红色,红色,rgb,195,31,47,1,2,full,white,en,,1.1.2,
9920,zh,"Chinese (中文 (Zhōngwén), 汉语, 漢語)",绿,绿色,绿色,rgb,21,133,52,1,3,full,white,en,,1.1.2,
9920,zh,"Chinese (中文 (Zhōngwén), 汉语, 漢語)",翠绿,翠绿色,翠绿色,rgb,134,191,55,1,4,full,white,en,,1.1.2,
9920,zh,"Chinese (中文 (Zhōngwén), 汉语, 漢語)",蓝,蓝色,蓝色,rgb,23,40,204,1,5,full,white,en,,1.1.2,
9920,zh,"Chinese (中文 (Zhōngwén), 汉语, 漢語)",蓝,蓝色,蓝色,rgb,149,153,244,1,6,full,white,en,,1.1.2,
9920,zh,"Chinese (中文 (Zhōngwén), 汉语, 漢語)",绿,绿色,绿色,rgb,91,243,115,1,7,full,white,en,,1.1.2,
9920,zh,"Chinese (中文 (Zhōngwén), 汉语, 漢語)",粉,粉色,粉色,rgb,251,86,201,1,8,full,white,en,,1.1.2,
9920,zh,"Chinese (中文 (Zhōngwén), 汉语, 漢語)",深蓝,深蓝色,深蓝色,rgb,7,55,134,1,9,full,white,en,,1.1.2,
9920,zh,"Chinese (中文 (Zhōngwén), 汉语, 漢語)",黄,黄色,黄色,rgb,212,247,79,1,10,full,white,en,,1.1.2,
9920,zh,"Chinese (中文 (Zhōngwén), 汉语, 漢語)",蓝绿,蓝绿色,蓝绿色,rgb,47,135,149,1,11,full,white,en,,1.1.2,
9920,zh,"Chinese (中文 (Zhōngwén), 汉语, 漢語)",蓝,蓝色,蓝色,rgb,107,148,204,3,0,full,white,en,,1.1.2,
9920,zh,"Chinese (中文 (Zhōngwén), 汉语, 漢語)",深绿,深绿色,深绿色,rgb,11,66,48,3,1,full,white,en,,1.1.2,
9920,zh,"Chinese (中文 (Zhōngwén), 汉语, 漢語)",绿,绿色,绿色,rgb,51,253,164,3,2,full,white,en,,1.1.2,
9920,zh,"Chinese (中文 (Zhōngwén), 汉语, 漢語)",粉,粉色,粉色,rgb,215,134,196,3,3,full,white,en,,1.1.2,
9920,zh,"Chinese (中文 (Zhōngwén), 汉语, 漢語)",粉,粉色,粉色,rgb,181,37,135,3,4,full,white,en,,1.1.2,
9920,zh,"Chinese (中文 (Zhōngwén), 汉语, 漢語)",红,红色,红色,rgb,146,39,38,3,5,full,white,en,,1.1.2,
9920,zh,"Chinese (中文 (Zhōngwén), 汉语, 漢語)",深粉,深粉色,深粉色,rgb,122,7,69,3,6,full,white,en,,1.1.2,
9920,zh,"Chinese (中文 (Zhōngwén), 汉语, 漢語)",黄,黄色,黄色,rgb,222,216,73,3,7,full,white,en,,1.1.2,
9920,zh,"Chinese (中文 (Zhōngwén), 汉语, 漢語)",深紫,深紫色,深紫色,rgb,99,0,128,3,8,full,white,en,,1.1.2,
9920,zh,"Chinese (中文 (Zhōngwén), 汉语, 漢語)",紫,紫色,紫色,rgb,189,6,211,3,9,full,white,en,,1.1.2,
9920,zh,"Chinese (中文 (Zhōngwén), 汉语, 漢語)",蓝,蓝色,蓝色,rgb,119,37,241,3,10,full,white,en,,1.1.2,
9920,zh,"Chinese (中文 (Zhōngwén), 汉语, 漢語)",土黄,土黄色,土黄色,rgb,227,173,33,3,11,full,white,en,,1.1.2,
9920,zh,"Chinese (中文 (Zhōngwén), 汉语, 漢語)",粉,粉色,粉色,rgb,238,173,190,6,0,full,white,en,,1.1.2,
9920,zh,"Chinese (中文 (Zhōngwén), 汉语, 漢語)",蓝,蓝色,蓝色,rgb,150,217,238,6,1,full,white,en,,1.1.2,
9920,zh,"Chinese (中文 (Zhōngwén), 汉语, 漢語)",红,红色,红色,rgb,225,72,103,6,2,full,white,en,,1.1.2,
9920,zh,"Chinese (中文 (Zhōngwén), 汉语, 漢語)",蓝,蓝色,蓝色,rgb,2,230,241,6,3,full,white,en,,1.1.2,
9920,zh,"Chinese (中文 (Zhōngwén), 汉语, 漢語)",棕,棕色,棕色,rgb,154,71,6,6,4,full,white,en,,1.1.2,
9920,zh,"Chinese (中文 (Zhōngwén), 汉语, 漢語)",绿,绿色,绿色,rgb,109,204,103,6,5,full,white,en,,1.1.2,
9920,zh,"Chinese (中文 (Zhōngwén), 汉语, 漢語)",棕,棕色,棕色,rgb,218,129,82,6,6,full,white,en,,1.1.2,
9920,zh,"Chinese (中文 (Zhōngwén), 汉语, 漢語)",土黄,土黄色,土黄色,rgb,252,191,105,6,7,full,white,en,,1.1.2,
9920,zh,"Chinese (中文 (Zhōngwén), 汉语, 漢語)",绿,绿色,绿色,rgb,206,243,174,6,8,full,white,en,,1.1.2,
9920,zh,"Chinese (中文 (Zhōngwén), 汉语, 漢語)",绿,绿色,绿色,rgb,55,157,27,6,9,full,white,en,,1.1.2,
9920,zh,"Chinese (中文 (Zhōngwén), 汉语, 漢語)",绿,绿色,绿色,rgb,67,227,177,6,10,full,white,en,,1.1.2,
9920,zh,"Chinese (中文 (Zhōngwén), 汉语, 漢語)",绿,绿色,绿色,rgb,82,208,10,6,11,full,white,en,,1.1.2,
9933,zh,"Chinese (中文 (Zhōngwén), 汉语, 漢語)",深绿,深绿色,深绿色,rgb,109,186,117,1,0,full,white,en,,1.1.2,
9933,zh,"Chinese (中文 (Zhōngwén), 汉语, 漢語)",浅绿,浅绿色,浅绿色,rgb,155,209,69,1,1,full,white,en,,1.1.2,
9933,zh,"Chinese (中文 (Zhōngwén), 汉语, 漢語)",银灰,银灰色,银灰色,rgb,133,151,172,1,2,full,white,en,,1.1.2,
9933,zh,"Chinese (中文 (Zhōngwén), 汉语, 漢語)",蓝紫,紫蓝色,紫蓝色,rgb,111,111,153,1,3,full,white,en,,1.1.2,
9933,zh,"Chinese (中文 (Zhōngwén), 汉语, 漢語)",紫,紫色,紫色,rgb,211,12,176,1,4,full,white,en,,1.1.2,
9933,zh,"Chinese (中文 (Zhōngwén), 汉语, 漢語)",绿,绿色,绿色,rgb,55,216,29,1,5,full,white,en,,1.1.2,
9933,zh,"Chinese (中文 (Zhōngwén), 汉语, 漢語)",棕黄,棕黄色,棕黄色,rgb,223,155,7,1,6,full,white,en,,1.1.2,
9933,zh,"Chinese (中文 (Zhōngwén), 汉语, 漢語)",粉,粉色,粉色,rgb,222,125,191,1,7,full,white,en,,1.1.2,
9933,zh,"Chinese (中文 (Zhōngwén), 汉语, 漢語)",深紫,深紫色,深紫色,rgb,65,0,73,1,8,full,white,en,,1.1.2,
9933,zh,"Chinese (中文 (Zhōngwén), 汉语, 漢語)",草绿,草绿色,草绿色,rgb,85,197,95,1,9,full,white,en,,1.1.2,
9933,zh,"Chinese (中文 (Zhōngwén), 汉语, 漢語)",棕,棕色,棕色,rgb,179,106,8,1,10,full,white,en,,1.1.2,
9933,zh,"Chinese (中文 (Zhōngwén), 汉语, 漢語)",蓝,蓝色,蓝色,rgb,34,123,190,1,11,full,white,en,,1.1.2,
9933,zh,"Chinese (中文 (Zhōngwén), 汉语, 漢語)",藏青,藏青色,藏青色,rgb,12,114,86,3,0,full,white,en,,1.1.2,
9933,zh,"Chinese (中文 (Zhōngwén), 汉语, 漢語)",深粉红,深粉红色,深粉红,rgb,247,102,123,3,1,full,white,en,,1.1.2,
9933,zh,"Chinese (中文 (Zhōngwén), 汉语, 漢語)",蓝紫,蓝紫色,蓝紫色,rgb,101,60,233,3,2,full,white,en,,1.1.2,
9933,zh,"Chinese (中文 (Zhōngwén), 汉语, 漢語)",米白,米白色,米白色,rgb,199,194,166,3,3,full,white,en,,1.1.2,
9933,zh,"Chinese (中文 (Zhōngwén), 汉语, 漢語)",青绿,青绿色,青绿色,rgb,180,202,137,3,4,full,white,en,,1.1.2,
9933,zh,"Chinese (中文 (Zhōngwén), 汉语, 漢語)",红,红色,红色,rgb,254,45,49,3,5,full,white,en,,1.1.2,
9933,zh,"Chinese (中文 (Zhōngwén), 汉语, 漢語)",粉,粉色,粉色,rgb,237,152,150,3,6,full,white,en,,1.1.2,
9933,zh,"Chinese (中文 (Zhōngwén), 汉语, 漢語)",橙,橙色,橙色,rgb,221,103,45,3,7,full,white,en,,1.1.2,
9933,zh,"Chinese (中文 (Zhōngwén), 汉语, 漢語)",藏青,藏青色,藏青色,rgb,23,104,116,3,8,full,white,en,,1.1.2,
9933,zh,"Chinese (中文 (Zhōngwén), 汉语, 漢語)",蓝,蓝色,蓝色,rgb,15,84,209,3,9,full,white,en,,1.1.2,
9933,zh,"Chinese (中文 (Zhōngwén), 汉语, 漢語)",绿,绿色,绿色,rgb,81,149,21,3,10,full,white,en,,1.1.2,
9933,zh,"Chinese (中文 (Zhōngwén), 汉语, 漢語)",紫,紫色,紫色,rgb,132,71,185,3,11,full,white,en,,1.1.2,
9933,zh,"Chinese (中文 (Zhōngwén), 汉语, 漢語)",藏青,藏青色,藏青色,rgb,32,182,192,6,0,full,white,en,,1.1.2,
9933,zh,"Chinese (中文 (Zhōngwén), 汉语, 漢語)",酒红,酒红色,酒红色,rgb,130,5,57,6,1,full,white,en,,1.1.2,
9933,zh,"Chinese (中文 (Zhōngwén), 汉语, 漢語)",深紫,深紫色,深紫色,rgb,156,87,136,6,2,full,white,en,,1.1.2,
9933,zh,"Chinese (中文 (Zhōngwén), 汉语, 漢語)",浅绿,浅绿色,浅绿色,rgb,145,242,14,6,3,full,white,en,,1.1.2,
9933,zh,"Chinese (中文 (Zhōngwén), 汉语, 漢語)",深红,深红色,深红色,rgb,144,12,21,6,4,full,white,en,,1.1.2,
9933,zh,"Chinese (中文 (Zhōngwén), 汉语, 漢語)",银棕,银棕色,银棕色,rgb,151,131,108,6,5,full,white,en,,1.1.2,
9933,zh,"Chinese (中文 (Zhōngwén), 汉语, 漢語)",青,青色,青色,rgb,36,202,163,6,6,full,white,en,,1.1.2,
9933,zh,"Chinese (中文 (Zhōngwén), 汉语, 漢語)",淡蓝,淡蓝色,淡蓝色,rgb,120,141,242,6,7,full,white,en,,1.1.2,
9933,zh,"Chinese (中文 (Zhōngwén), 汉语, 漢語)",棕,棕色,棕色,rgb,118,78,13,6,8,full,white,en,,1.1.2,
9933,zh,"Chinese (中文 (Zhōngwén), 汉语, 漢語)",土黄,土黄色,土黄色,rgb,162,147,7,6,9,full,white,en,,1.1.2,
9933,zh,"Chinese (中文 (Zhōngwén), 汉语, 漢語)",淡绿,淡绿色,淡绿色,rgb,52,245,151,6,10,full,white,en,,1.1.2,
9933,zh,"Chinese (中文 (Zhōngwén), 汉语, 漢語)",浅紫,浅紫色,浅紫色,rgb,250,48,233,6,11,full,white,en,,1.1.2,
10018,zh,"Chinese (中文 (Zhōngwén), 汉语, 漢語)",粉紫,紫粉色,紫粉,rgb,229,110,219,1,0,full,white,en,,1.1.2,
10018,zh,"Chinese (中文 (Zhōngwén), 汉语, 漢語)",青绿,青绿色,青绿,rgb,14,243,137,1,1,full,white,en,,1.1.2,
10018,zh,"Chinese (中文 (Zhōngwén), 汉语, 漢語)",藏蓝,藏蓝色,藏蓝,rgb,20,102,135,1,2,full,white,en,,1.1.2,
10018,zh,"Chinese (中文 (Zhōngwén), 汉语, 漢語)",草绿,草绿色,草绿,rgb,89,148,76,1,3,full,white,en,,1.1.2,
10018,zh,"Chinese (中文 (Zhōngwén), 汉语, 漢語)",红,红色,红,rgb,237,53,6,1,4,full,white,en,,1.1.2,
10018,zh,"Chinese (中文 (Zhōngwén), 汉语, 漢語)",青,青色,青,rgb,101,245,220,1,5,full,white,en,,1.1.2,
10018,zh,"Chinese (中文 (Zhōngwén), 汉语, 漢語)",字,字色,字,rgb,92,22,131,1,6,full,white,en,,1.1.2,
10018,zh,"Chinese (中文 (Zhōngwén), 汉语, 漢語)",肉褐,肉褐色,肉褐,rgb,147,126,116,1,7,full,white,en,,1.1.2,
10018,zh,"Chinese (中文 (Zhōngwén), 汉语, 漢語)",褐,褐色,褐,rgb,79,54,13,1,8,full,white,en,,1.1.2,
10018,zh,"Chinese (中文 (Zhōngwén), 汉语, 漢語)",蓝绿,蓝绿色,蓝绿,rgb,109,242,163,1,9,full,white,en,,1.1.2,
10018,zh,"Chinese (中文 (Zhōngwén), 汉语, 漢語)",粉,粉色,粉,rgb,226,44,113,1,10,full,white,en,,1.1.2,
10018,zh,"Chinese (中文 (Zhōngwén), 汉语, 漢語)",紫罗蓝,紫罗兰色,紫罗兰,rgb,124,54,228,1,11,full,white,en,,1.1.2,
10018,zh,"Chinese (中文 (Zhōngwén), 汉语, 漢語)",橘黄,橘黄色,橘黄,rgb,223,111,66,3,0,full,white,en,,1.1.2,
10018,zh,"Chinese (中文 (Zhōngwén), 汉语, 漢語)",蓝,蓝色,蓝,rgb,109,155,192,3,1,full,white,en,,1.1.2,
10018,zh,"Chinese (中文 (Zhōngwén), 汉语, 漢語)",粉,粉色,粉,rgb,202,14,151,3,2,full,white,en,,1.1.2,
10018,zh,"Chinese (中文 (Zhōngwén), 汉语, 漢語)",绿,绿色,绿,rgb,61,126,122,3,3,full,white,en,,1.1.2,
10018,zh,"Chinese (中文 (Zhōngwén), 汉语, 漢語)",肉粉,肉粉色,肉粉,rgb,250,176,172,3,4,full,white,en,,1.1.2,
10018,zh,"Chinese (中文 (Zhōngwén), 汉语, 漢語)",绿,绿色,绿,rgb,41,182,60,3,5,full,white,en,,1.1.2,
10018,zh,"Chinese (中文 (Zhōngwén), 汉语, 漢語)",紫,紫色,紫,rgb,168,76,158,3,6,full,white,en,,1.1.2,
10018,zh,"Chinese (中文 (Zhōngwén), 汉语, 漢語)",紫,紫色,紫,rgb,91,35,90,3,7,full,white,en,,1.1.2,
10018,zh,"Chinese (中文 (Zhōngwén), 汉语, 漢語)",蓝,蓝色,蓝,rgb,20,64,147,3,8,full,white,en,,1.1.2,
10018,zh,"Chinese (中文 (Zhōngwén), 汉语, 漢語)",蓝,蓝色,蓝,rgb,28,162,245,3,9,full,white,en,,1.1.2,
10018,zh,"Chinese (中文 (Zhōngwén), 汉语, 漢語)",绿,绿色,绿,rgb,159,252,75,3,10,full,white,en,,1.1.2,
10018,zh,"Chinese (中文 (Zhōngwén), 汉语, 漢語)",绿,绿色,绿,rgb,41,91,10,3,11,full,white,en,,1.1.2,
10018,zh,"Chinese (中文 (Zhōngwén), 汉语, 漢語)",棕,棕色,棕,rgb,148,75,54,6,0,full,white,en,,1.1.2,
10018,zh,"Chinese (中文 (Zhōngwén), 汉语, 漢語)",芥末黄,芥末黄色,芥末黄,rgb,213,184,3,6,1,full,white,en,,1.1.2,
10018,zh,"Chinese (中文 (Zhōngwén), 汉语, 漢語)",绿,绿色,绿,rgb,129,168,16,6,2,full,white,en,,1.1.2,
10018,zh,"Chinese (中文 (Zhōngwén), 汉语, 漢語)",黄肉,黄肉色,黄肉,rgb,251,204,109,6,3,full,white,en,,1.1.2,
10018,zh,"Chinese (中文 (Zhōngwén), 汉语, 漢語)",蓝,蓝色,蓝,rgb,36,1,198,6,4,full,white,en,,1.1.2,
10018,zh,"Chinese (中文 (Zhōngwén), 汉语, 漢語)",粉,粉色,粉,rgb,184,82,119,6,5,full,white,en,,1.1.2,
10018,zh,"Chinese (中文 (Zhōngwén), 汉语, 漢語)",粉,粉色,粉,rgb,243,183,253,6,6,full,white,en,,1.1.2,
10018,zh,"Chinese (中文 (Zhōngwén), 汉语, 漢語)",绿,绿色,绿,rgb,215,246,46,6,7,full,white,en,,1.1.2,
10018,zh,"Chinese (中文 (Zhōngwén), 汉语, 漢語)",红,红色,红,rgb,253,24,57,6,8,full,white,en,,1.1.2,
10018,zh,"Chinese (中文 (Zhōngwén), 汉语, 漢語)",绿,绿色,绿,rgb,122,119,72,6,9,full,white,en,,1.1.2,
10018,zh,"Chinese (中文 (Zhōngwén), 汉语, 漢語)",紫,紫色,紫,rgb,199,5,200,6,10,full,white,en,,1.1.2,
10018,zh,"Chinese (中文 (Zhōngwén), 汉语, 漢語)",蓝,蓝色,蓝,rgb,97,100,169,6,11,full,white,en,,1.1.2,
11006,zh,"Chinese (中文 (Zhōngwén), 汉语, 漢語)",黑,黑色,黑色,rgb,32,11,57,1,0,full,white,en,,1.1.2,
11006,zh,"Chinese (中文 (Zhōngwén), 汉语, 漢語)",灰绿,灰绿色,灰绿色,rgb,158,193,150,1,1,full,white,en,,1.1.2,
11006,zh,"Chinese (中文 (Zhōngwén), 汉语, 漢語)",黄,黄色,黄色,rgb,253,235,67,1,2,full,white,en,,1.1.2,
11006,zh,"Chinese (中文 (Zhōngwén), 汉语, 漢語)",青蓝,青蓝色,青蓝色,rgb,50,208,209,1,3,full,white,en,,1.1.2,
11006,zh,"Chinese (中文 (Zhōngwén), 汉语, 漢語)",紫,紫色,紫色,rgb,137,1,205,1,4,full,white,en,,1.1.2,
11006,zh,"Chinese (中文 (Zhōngwén), 汉语, 漢語)",草绿,草绿色,草绿色,rgb,151,205,16,1,5,full,white,en,,1.1.2,
11006,zh,"Chinese (中文 (Zhōngwén), 汉语, 漢語)",土橘,土橘色,土橘色,rgb,226,119,51,1,6,full,white,en,,1.1.2,
11006,zh,"Chinese (中文 (Zhōngwén), 汉语, 漢語)",深草绿,深草绿色,深草绿色,rgb,127,170,36,1,7,full,white,en,,1.1.2,
11006,zh,"Chinese (中文 (Zhōngwén), 汉语, 漢語)",浅荧光绿,浅荧光绿色,浅荧光绿,rgb,144,243,6,1,8,full,white,en,,1.1.2,
11006,zh,"Chinese (中文 (Zhōngwén), 汉语, 漢語)",浅蓝,浅蓝色,浅蓝色,rgb,217,239,251,1,9,full,white,en,,1.1.2,
11006,zh,"Chinese (中文 (Zhōngwén), 汉语, 漢語)",荧光绿,荧光绿色,荧光绿,rgb,64,246,16,1,10,full,white,en,,1.1.2,
11006,zh,"Chinese (中文 (Zhōngwén), 汉语, 漢語)",紫红,紫红色,紫红色,rgb,247,95,240,1,11,full,white,en,,1.1.2,
11006,zh,"Chinese (中文 (Zhōngwén), 汉语, 漢語)",黄绿,黄绿色,黄绿色,rgb,210,248,155,3,0,full,white,en,,1.1.2,
11006,zh,"Chinese (中文 (Zhōngwén), 汉语, 漢語)",正红,正红色,正红色,rgb,219,37,64,3,1,full,white,en,,1.1.2,
11006,zh,"Chinese (中文 (Zhōngwén), 汉语, 漢語)",粉紫,粉紫色,粉紫色,rgb,208,168,235,3,2,full,white,en,,1.1.2,
11006,zh,"Chinese (中文 (Zhōngwén), 汉语, 漢語)",薄荷蓝,薄荷蓝色,薄荷蓝色,rgb,141,244,213,3,3,full,white,en,,1.1.2,
11006,zh,"Chinese (中文 (Zhōngwén), 汉语, 漢語)",深紫,深紫色,深紫色,rgb,136,15,112,3,4,full,white,en,,1.1.2,
11006,zh,"Chinese (中文 (Zhōngwén), 汉语, 漢語)",深绿,深绿色,深绿色,rgb,24,109,90,3,5,full,white,en,,1.1.2,
11006,zh,"Chinese (中文 (Zhōngwén), 汉语, 漢語)",脆绿,脆绿色,脆绿色,rgb,6,169,124,3,6,full,white,en,,1.1.2,
11006,zh,"Chinese (中文 (Zhōngwén), 汉语, 漢語)",深绿,深绿色,深绿色,rgb,40,141,14,3,7,full,white,en,,1.1.2,
11006,zh,"Chinese (中文 (Zhōngwén), 汉语, 漢語)",浅薄荷,浅薄荷色,浅薄荷色,rgb,210,249,219,3,8,full,white,en,,1.1.2,
11006,zh,"Chinese (中文 (Zhōngwén), 汉语, 漢語)",紫红,紫红色,紫红色,rgb,190,4,187,3,9,full,white,en,,1.1.2,
11006,zh,"Chinese (中文 (Zhōngwén), 汉语, 漢語)",深肉,深肉色,深肉色,rgb,156,138,134,3,10,full,white,en,,1.1.2,
11006,zh,"Chinese (中文 (Zhōngwén), 汉语, 漢語)",荧光亮绿,荧光亮绿色,荧光亮绿色,rgb,139,243,110,3,11,full,white,en,,1.1.2,
11006,zh,"Chinese (中文 (Zhōngwén), 汉语, 漢語)",亮蓝,亮蓝色,亮蓝色,rgb,30,181,239,6,0,full,white,en,,1.1.2,
11006,zh,"Chinese (中文 (Zhōngwén), 汉语, 漢語)",肉,肉色,肉色,rgb,215,133,111,6,1,full,white,en,,1.1.2,
11006,zh,"Chinese (中文 (Zhōngwén), 汉语, 漢語)",紫,紫色,紫色,rgb,116,51,169,6,2,full,white,en,,1.1.2,
11006,zh,"Chinese (中文 (Zhōngwén), 汉语, 漢語)",桃,桃色,桃色,rgb,223,50,116,6,3,full,white,en,,1.1.2,
11006,zh,"Chinese (中文 (Zhōngwén), 汉语, 漢語)",深褐,深褐色,深褐色,rgb,107,92,64,6,4,full,white,en,,1.1.2,
11006,zh,"Chinese (中文 (Zhōngwén), 汉语, 漢語)",褐,褐色,褐色,rgb,179,168,44,6,5,full,white,en,,1.1.2,
11006,zh,"Chinese (中文 (Zhōngwén), 汉语, 漢語)",肉绿,肉绿色,肉绿色,rgb,129,222,145,6,6,full,white,en,,1.1.2,
11006,zh,"Chinese (中文 (Zhōngwén), 汉语, 漢語)",亮红,亮红色,亮红色,rgb,245,8,5,6,7,full,white,en,,1.1.2,
11006,zh,"Chinese (中文 (Zhōngwén), 汉语, 漢語)",砖红,砖红色,砖红色,rgb,146,73,84,6,8,full,white,en,,1.1.2,
11006,zh,"Chinese (中文 (Zhōngwén), 汉语, 漢語)",绿棕,绿棕色,绿棕色,rgb,188,173,108,6,9,full,white,en,,1.1.2,
11006,zh,"Chinese (中文 (Zhōngwén), 汉语, 漢語)",肉紫,肉紫色,肉紫色,rgb,171,122,238,6,10,full,white,en,,1.1.2,
11006,zh,"Chinese (中文 (Zhōngwén), 汉语, 漢語)",黄绿,黄绿色,黄绿色,rgb,221,246,26,6,11,full,white,en,,1.1.2,
11178,zh,"Chinese (中文 (Zhōngwén), 汉语, 漢語)",绿,绿色,绿色,rgb,0,255,128,3,0,line,white,en,,1.1.2,
11178,zh,"Chinese (中文 (Zhōngwén), 汉语, 漢語)",青,青色,青,rgb,74,0,255,3,1,line,white,en,,1.1.2,
11178,zh,"Chinese (中文 (Zhōngwén), 汉语, 漢語)",红,红色,红,rgb,255,0,68,3,2,line,white,en,,1.1.2,
11178,zh,"Chinese (中文 (Zhōngwén), 汉语, 漢語)",紫,紫色,紫,rgb,224,0,255,3,3,line,white,en,,1.1.2,
11178,zh,"Chinese (中文 (Zhōngwén), 汉语, 漢語)",粉紫,粉紫色,粉紫,rgb,255,0,219,3,4,line,white,en,,1.1.2,
11178,zh,"Chinese (中文 (Zhōngwén), 汉语, 漢語)",青蓝,青蓝色,青蓝,rgb,0,255,240,3,5,line,white,en,,1.1.2,
11178,zh,"Chinese (中文 (Zhōngwén), 汉语, 漢語)",橘红,橘红色,橘红,rgb,255,0,14,3,6,line,white,en,,1.1.2,
11178,zh,"Chinese (中文 (Zhōngwén), 汉语, 漢語)",黄,黄色,黄,rgb,255,239,0,3,7,line,white,en,,1.1.2,
11178,zh,"Chinese (中文 (Zhōngwén), 汉语, 漢語)",粉,粉色,粉,rgb,255,0,126,3,8,line,white,en,,1.1.2,
11178,zh,"Chinese (中文 (Zhōngwén), 汉语, 漢語)",蓝,蓝色,蓝,rgb,0,222,255,3,9,line,white,en,,1.1.2,
11178,zh,"Chinese (中文 (Zhōngwén), 汉语, 漢語)",深蓝,深蓝色,深蓝,rgb,0,39,255,3,10,line,white,en,,1.1.2,
11178,zh,"Chinese (中文 (Zhōngwén), 汉语, 漢語)",橙,橙色,橙,rgb,255,179,0,3,11,line,white,en,,1.1.2,
11178,zh,"Chinese (中文 (Zhōngwén), 汉语, 漢語)",蓝,蓝色,蓝,rgb,0,132,255,6,0,line,white,en,,1.1.2,
11178,zh,"Chinese (中文 (Zhōngwén), 汉语, 漢語)",粉,粉色,粉,rgb,255,0,100,6,1,line,white,en,,1.1.2,
11178,zh,"Chinese (中文 (Zhōngwén), 汉语, 漢語)",紫,紫色,紫,rgb,193,0,255,6,2,line,white,en,,1.1.2,
11178,zh,"Chinese (中文 (Zhōngwén), 汉语, 漢語)",黄绿,黄绿色,黄绿,rgb,131,255,0,6,3,line,white,en,,1.1.2,
11178,zh,"Chinese (中文 (Zhōngwén), 汉语, 漢語)",橘红,橘红色,橘红,rgb,255,115,0,6,4,line,white,en,,1.1.2,
11178,zh,"Chinese (中文 (Zhōngwén), 汉语, 漢語)",橙,橙色,橙,rgb,255,185,0,6,5,line,white,en,,1.1.2,
11178,zh,"Chinese (中文 (Zhōngwén), 汉语, 漢語)",蓝,蓝色,蓝,rgb,0,106,255,6,6,line,white,en,,1.1.2,
11178,zh,"Chinese (中文 (Zhōngwén), 汉语, 漢語)",蓝,兰色,兰,rgb,0,235,255,6,7,line,white,en,,1.1.2,
11178,zh,"Chinese (中文 (Zhōngwén), 汉语, 漢語)",粉紫,粉紫色,粉紫,rgb,255,0,157,6,8,line,white,en,,1.1.2,
11178,zh,"Chinese (中文 (Zhōngwén), 汉语, 漢語)",深橘红,深橘红色,深橘红,rgb,255,121,0,6,9,line,white,en,,1.1.2,
11178,zh,"Chinese (中文 (Zhōngwén), 汉语, 漢語)",绿,绿色,绿,rgb,0,255,100,6,10,line,white,en,,1.1.2,
11178,zh,"Chinese (中文 (Zhōngwén), 汉语, 漢語)",黄,黄色,黄,rgb,255,244,0,6,11,line,white,en,,1.1.2,
12393,zh,"Chinese (中文 (Zhōngwén), 汉语, 漢語)",浆紫,浆紫色,浆紫,rgb,124,29,76,1,0,full,white,en,,1.1.3,
12393,zh,"Chinese (中文 (Zhōngwén), 汉语, 漢語)",紫红,紫红色,紫红,rgb,119,27,120,1,1,full,white,en,,1.1.3,
12393,zh,"Chinese (中文 (Zhōngwén), 汉语, 漢語)",靛,靛色,靛,rgb,66,56,242,1,2,full,white,en,,1.1.3,
12393,zh,"Chinese (中文 (Zhōngwén), 汉语, 漢語)",绿,绿色,绿,rgb,18,201,22,1,3,full,white,en,,1.1.3,
12393,zh,"Chinese (中文 (Zhōngwén), 汉语, 漢語)",紫,紫色,紫,rgb,89,12,156,1,4,full,white,en,,1.1.3,
12393,zh,"Chinese (中文 (Zhōngwén), 汉语, 漢語)",翠绿,翠绿色,翠绿,rgb,110,219,127,1,5,full,white,en,,1.1.3,
12393,zh,"Chinese (中文 (Zhōngwén), 汉语, 漢語)",青绿,青绿色,青绿,rgb,140,197,187,1,6,full,white,en,,1.1.3,
12393,zh,"Chinese (中文 (Zhōngwén), 汉语, 漢語)",土黄,土黄色,土黄,rgb,234,190,43,1,7,full,white,en,,1.1.3,
12393,zh,"Chinese (中文 (Zhōngwén), 汉语, 漢語)",草绿,草绿色,草绿,rgb,98,138,57,1,8,full,white,en,,1.1.3,
12393,zh,"Chinese (中文 (Zhōngwén), 汉语, 漢語)",桃红,桃红色,桃红,rgb,223,4,157,1,9,full,white,en,,1.1.3,
12393,zh,"Chinese (中文 (Zhōngwén), 汉语, 漢語)",海蓝,海蓝色,海蓝,rgb,96,250,235,1,10,full,white,en,,1.1.3,
12393,zh,"Chinese (中文 (Zhōngwén), 汉语, 漢語)",浅粉,浅粉色,浅粉,rgb,241,206,217,1,11,full,white,en,,1.1.3,
12393,zh,"Chinese (中文 (Zhōngwén), 汉语, 漢語)",浆红,浆红色,浆红,rgb,192,7,89,3,0,full,white,en,,1.1.3,
12393,zh,"Chinese (中文 (Zhōngwén), 汉语, 漢語)",奶茶,奶茶色,奶茶色,rgb,240,183,157,3,1,full,white,en,,1.1.3,
12393,zh,"Chinese (中文 (Zhōngwén), 汉语, 漢語)",亮绿,亮绿色,亮绿,rgb,125,248,34,3,2,full,white,en,,1.1.3,
12393,zh,"Chinese (中文 (Zhōngwén), 汉语, 漢語)",紫红,紫红色,紫红,rgb,117,69,111,3,3,full,white,en,,1.1.3,
12393,zh,"Chinese (中文 (Zhōngwén), 汉语, 漢語)",浅绿,浅绿色,浅绿,rgb,197,243,190,3,4,full,white,en,,1.1.3,
12393,zh,"Chinese (中文 (Zhōngwén), 汉语, 漢語)",浅棕,浅棕色,浅棕,rgb,203,100,15,3,5,full,white,en,,1.1.3,
12393,zh,"Chinese (中文 (Zhōngwén), 汉语, 漢語)",土,土色,土,rgb,184,171,103,3,6,full,white,en,,1.1.3,
12393,zh,"Chinese (中文 (Zhōngwén), 汉语, 漢語)",浅蓝,浅蓝色,浅蓝,rgb,104,126,252,3,7,full,white,en,,1.1.3,
12393,zh,"Chinese (中文 (Zhōngwén), 汉语, 漢語)",深红,深红色,深红,rgb,168,25,37,3,8,full,white,en,,1.1.3,
12393,zh,"Chinese (中文 (Zhōngwén), 汉语, 漢語)",橙,橙色,橙色,rgb,247,84,13,3,9,full,white,en,,1.1.3,
12393,zh,"Chinese (中文 (Zhōngwén), 汉语, 漢語)",绿,绿色,绿,rgb,131,187,48,3,10,full,white,en,,1.1.3,
12393,zh,"Chinese (中文 (Zhōngwén), 汉语, 漢語)",粉紫,粉紫色,粉紫,rgb,184,35,218,3,11,full,white,en,,1.1.3,
12393,zh,"Chinese (中文 (Zhōngwén), 汉语, 漢語)",藏青,藏青色,藏青,rgb,25,44,119,6,0,full,white,en,,1.1.3,
12393,zh,"Chinese (中文 (Zhōngwén), 汉语, 漢語)",明黄,明黄色,明黄,rgb,248,232,6,6,1,full,white,en,,1.1.3,
12393,zh,"Chinese (中文 (Zhōngwén), 汉语, 漢語)",绿,绿色,绿,rgb,28,159,34,6,2,full,white,en,,1.1.3,
12393,zh,"Chinese (中文 (Zhōngwén), 汉语, 漢語)",翠绿,翠绿色,翠绿,rgb,112,211,160,6,3,full,white,en,,1.1.3,
12393,zh,"Chinese (中文 (Zhōngwén), 汉语, 漢語)",蓝,蓝色,蓝,rgb,46,71,178,6,4,full,white,en,,1.1.3,
12393,zh,"Chinese (中文 (Zhōngwén), 汉语, 漢語)",蓝,蓝色,蓝,rgb,32,92,172,6,5,full,white,en,,1.1.3,
12393,zh,"Chinese (中文 (Zhōngwén), 汉语, 漢語)",粉,粉色,粉,rgb,248,126,158,6,6,full,white,en,,1.1.3,
12393,zh,"Chinese (中文 (Zhōngwén), 汉语, 漢語)",湖蓝,湖蓝色,湖蓝,rgb,68,147,163,6,7,full,white,en,,1.1.3,
12393,zh,"Chinese (中文 (Zhōngwén), 汉语, 漢語)",浅紫,浅紫色,浅紫,rgb,183,91,191,6,8,full,white,en,,1.1.3,
12393,zh,"Chinese (中文 (Zhōngwén), 汉语, 漢語)",墨绿,墨绿色,墨绿,rgb,4,77,70,6,9,full,white,en,,1.1.3,
12393,zh,"Chinese (中文 (Zhōngwén), 汉语, 漢語)",砖红,砖红色,砖红,rgb,234,84,63,6,10,full,white,en,,1.1.3,
12393,zh,"Chinese (中文 (Zhōngwén), 汉语, 漢語)",鲜绿,鲜绿色,鲜绿,rgb,22,222,98,6,11,full,white,en,,1.1.3,
13380,zh,"Chinese (中文 (Zhōngwén), 汉语, 漢語)",暗紫,暗紫色,暗紫,rgb,120,85,173,1,0,full,white,zh,,1.1.4,
13380,zh,"Chinese (中文 (Zhōngwén), 汉语, 漢語)",亮紫,亮紫色,亮紫,rgb,167,46,219,1,1,full,white,zh,,1.1.4,
13380,zh,"Chinese (中文 (Zhōngwén), 汉语, 漢語)",浅绿,浅绿色,浅绿,rgb,93,183,96,1,2,full,white,zh,,1.1.4,
13380,zh,"Chinese (中文 (Zhōngwén), 汉语, 漢語)",暗绿,暗绿色,暗绿,rgb,31,139,16,1,3,full,white,zh,,1.1.4,
13380,zh,"Chinese (中文 (Zhōngwén), 汉语, 漢語)",橙,橙色,橙色,rgb,234,87,23,1,4,full,white,zh,,1.1.4,
13380,zh,"Chinese (中文 (Zhōngwén), 汉语, 漢語)",姜黄,姜黄色,姜黄,rgb,227,204,103,1,5,full,white,zh,,1.1.4,
13380,zh,"Chinese (中文 (Zhōngwén), 汉语, 漢語)",青,青色,青色,rgb,19,169,179,1,6,full,white,zh,,1.1.4,
13380,zh,"Chinese (中文 (Zhōngwén), 汉语, 漢語)",灰,灰色,灰色,rgb,181,181,193,1,7,full,white,zh,,1.1.4,
13380,zh,"Chinese (中文 (Zhōngwén), 汉语, 漢語)",水红,水红色,水红,rgb,243,39,230,1,8,full,white,zh,,1.1.4,
13380,zh,"Chinese (中文 (Zhōngwén), 汉语, 漢語)",淡绿,淡绿色,淡绿,rgb,157,192,88,1,9,full,white,zh,,1.1.4,
13380,zh,"Chinese (中文 (Zhōngwén), 汉语, 漢語)",橄榄绿,橄榄绿色,橄榄绿,rgb,96,114,52,1,10,full,white,zh,,1.1.4,
13380,zh,"Chinese (中文 (Zhōngwén), 汉语, 漢語)",蓝,蓝色,蓝色,rgb,95,123,227,1,11,full,white,zh,,1.1.4,
13380,zh,"Chinese (中文 (Zhōngwén), 汉语, 漢語)",淡紫,淡紫色,淡紫,rgb,185,146,213,3,0,full,white,zh,,1.1.4,
13380,zh,"Chinese (中文 (Zhōngwén), 汉语, 漢語)",亮绿,亮绿色,亮绿,rgb,134,209,32,3,1,full,white,zh,,1.1.4,
13380,zh,"Chinese (中文 (Zhōngwén), 汉语, 漢語)",紫,紫色,紫色,rgb,115,111,164,3,2,full,white,zh,,1.1.4,
13380,zh,"Chinese (中文 (Zhōngwén), 汉语, 漢語)",紫红,紫红色,紫红,rgb,162,57,165,3,3,full,white,zh,,1.1.4,
13380,zh,"Chinese (中文 (Zhōngwén), 汉语, 漢語)",浅蓝,浅蓝色,浅蓝,rgb,100,161,229,3,4,full,white,zh,,1.1.4,
13380,zh,"Chinese (中文 (Zhōngwén), 汉语, 漢語)",浅绿,浅绿色,浅绿,rgb,205,236,206,3,5,full,white,zh,,1.1.4,
13380,zh,"Chinese (中文 (Zhōngwén), 汉语, 漢語)",橄榄绿,橄榄绿色,橄榄绿,rgb,141,131,41,3,6,full,white,zh,,1.1.4,
13380,zh,"Chinese (中文 (Zhōngwén), 汉语, 漢語)",暗绿,暗绿色,暗绿,rgb,49,98,81,3,7,full,white,zh,,1.1.4,
13380,zh,"Chinese (中文 (Zhōngwén), 汉语, 漢語)",红,红色,红色,rgb,246,56,101,3,8,full,white,zh,,1.1.4,
13380,zh,"Chinese (中文 (Zhōngwén), 汉语, 漢語)",青灰,青灰色,青灰,rgb,96,145,170,3,9,full,white,zh,,1.1.4,
13380,zh,"Chinese (中文 (Zhōngwén), 汉语, 漢語)",深蓝,深蓝色,深蓝,rgb,7,41,142,3,10,full,white,zh,,1.1.4,
13380,zh,"Chinese (中文 (Zhōngwén), 汉语, 漢語)",粉,粉色,粉色,rgb,232,180,199,3,11,full,white,zh,,1.1.4,
13380,zh,"Chinese (中文 (Zhōngwén), 汉语, 漢語)",水红,水红色,水红,rgb,225,10,144,6,0,full,white,zh,,1.1.4,
13380,zh,"Chinese (中文 (Zhōngwén), 汉语, 漢語)",姜黄,姜黄色,姜黄,rgb,249,207,29,6,1,full,white,zh,,1.1.4,
13380,zh,"Chinese (中文 (Zhōngwén), 汉语, 漢語)",亮绿,亮绿色,亮绿,rgb,72,227,159,6,2,full,white,zh,,1.1.4,
13380,zh,"Chinese (中文 (Zhōngwén), 汉语, 漢語)",粉,粉色,粉色,rgb,223,116,173,6,3,full,white,zh,,1.1.4,
13380,zh,"Chinese (中文 (Zhōngwén), 汉语, 漢語)",棕红,棕红色,棕红,rgb,172,89,109,6,4,full,white,zh,,1.1.4,
13380,zh,"Chinese (中文 (Zhōngwén), 汉语, 漢語)",天蓝,天蓝色,天蓝,rgb,116,227,251,6,5,full,white,zh,,1.1.4,
13380,zh,"Chinese (中文 (Zhōngwén), 汉语, 漢語)",紫红,紫红色,紫红,rgb,95,10,76,6,6,full,white,zh,,1.1.4,
13380,zh,"Chinese (中文 (Zhōngwén), 汉语, 漢語)",橙黄,橙黄色,橙黄,rgb,248,160,55,6,7,full,white,zh,,1.1.4,
13380,zh,"Chinese (中文 (Zhōngwén), 汉语, 漢語)",灰,灰色,灰色,rgb,110,106,110,6,8,full,white,zh,,1.1.4,
13380,zh,"Chinese (中文 (Zhōngwén), 汉语, 漢語)",深蓝,深蓝色,深蓝,rgb,32,6,59,6,9,full,white,zh,,1.1.4,
13380,zh,"Chinese (中文 (Zhōngwén), 汉语, 漢語)",黑,黑色,黑色,rgb,47,32,23,6,10,full,white,zh,,1.1.4,
13380,zh,"Chinese (中文 (Zhōngwén), 汉语, 漢語)",棕黄,棕黄色,棕黄,rgb,183,93,75,6,11,full,white,zh,,1.1.4,
13902,zh,"Chinese (中文 (Zhōngwén), 汉语, 漢語)",土黄,土黄色,土黄,rgb,255,203,0,1,0,line,white,zh,,1.1.4,
13902,zh,"Chinese (中文 (Zhōngwén), 汉语, 漢語)",蓝,蓝色,蓝色,rgb,0,32,255,1,1,line,white,zh,,1.1.4,
13902,zh,"Chinese (中文 (Zhōngwén), 汉语, 漢語)",鲜红,鲜红色,鲜红,rgb,255,0,12,1,2,line,white,zh,,1.1.4,
13902,zh,"Chinese (中文 (Zhōngwén), 汉语, 漢語)",黄绿,黄绿色,黄绿,rgb,129,255,0,1,3,line,white,zh,,1.1.4,
13902,zh,"Chinese (中文 (Zhōngwén), 汉语, 漢語)",青,青色,青色,rgb,0,255,240,1,4,line,white,zh,,1.1.4,
13902,zh,"Chinese (中文 (Zhōngwén), 汉语, 漢語)",蓝,蓝色,蓝色,rgb,0,52,255,1,5,line,white,zh,,1.1.4,
13902,zh,"Chinese (中文 (Zhōngwén), 汉语, 漢語)",石绿,石绿色,石绿,rgb,0,255,213,1,6,line,white,zh,,1.1.4,
13902,zh,"Chinese (中文 (Zhōngwén), 汉语, 漢語)",釉蓝,釉蓝色,釉蓝,rgb,0,124,255,1,7,line,white,zh,,1.1.4,
13902,zh,"Chinese (中文 (Zhōngwén), 汉语, 漢語)",宝石蓝,宝石蓝色,宝石蓝,rgb,0,148,255,1,8,line,white,zh,,1.1.4,
13902,zh,"Chinese (中文 (Zhōngwén), 汉语, 漢語)",绿,绿色,绿色,rgb,0,255,32,1,9,line,white,zh,,1.1.4,
13902,zh,"Chinese (中文 (Zhōngwén), 汉语, 漢語)",蓝,蓝色,蓝色,rgb,0,72,255,1,10,line,white,zh,,1.1.4,
13902,zh,"Chinese (中文 (Zhōngwén), 汉语, 漢語)",孔雀蓝,孔雀蓝色,孔雀蓝,rgb,0,233,255,1,11,line,white,zh,,1.1.4,
13902,zh,"Chinese (中文 (Zhōngwén), 汉语, 漢語)",品红,品红色,品红,rgb,255,0,77,3,0,line,white,zh,,1.1.4,
13902,zh,"Chinese (中文 (Zhōngwén), 汉语, 漢語)",玫,玫色,玫色,rgb,255,0,137,3,1,line,white,zh,,1.1.4,
13902,zh,"Chinese (中文 (Zhōngwén), 汉语, 漢語)",紫,紫色,紫色,rgb,136,0,255,3,2,line,white,zh,,1.1.4,
13902,zh,"Chinese (中文 (Zhōngwén), 汉语, 漢語)",紫红,紫红色,紫红,rgb,234,0,255,3,3,line,white,zh,,1.1.4,
13902,zh,"Chinese (中文 (Zhōngwén), 汉语, 漢語)",天蓝,天蓝色,天蓝,rgb,0,194,255,3,4,line,white,zh,,1.1.4,
13902,zh,"Chinese (中文 (Zhōngwén), 汉语, 漢語)",玫,玫色,玫色,rgb,255,0,153,3,5,line,white,zh,,1.1.4,
13902,zh,"Chinese (中文 (Zhōngwén), 汉语, 漢語)",黄橙,黄橙色,黄橙色,rgb,255,156,0,3,6,line,white,zh,,1.1.4,
13902,zh,"Chinese (中文 (Zhōngwén), 汉语, 漢語)",绿,绿色,绿色,rgb,0,255,94,3,7,line,white,zh,,1.1.4,
13902,zh,"Chinese (中文 (Zhōngwén), 汉语, 漢語)",橙,橙色,橙色,rgb,255,122,0,3,8,line,white,zh,,1.1.4,
13902,zh,"Chinese (中文 (Zhōngwén), 汉语, 漢語)",玫紫,玫紫色,玫紫色,rgb,255,0,204,3,9,line,white,zh,,1.1.4,
13902,zh,"Chinese (中文 (Zhōngwén), 汉语, 漢語)",紫红,紫红色,紫红,rgb,255,0,239,3,10,line,white,zh,,1.1.4,
13902,zh,"Chinese (中文 (Zhōngwén), 汉语, 漢語)",麦苗绿,麦苗绿色,麦苗绿,rgb,0,255,144,3,11,line,white,zh,,1.1.4,
13902,zh,"Chinese (中文 (Zhōngwén), 汉语, 漢語)",深紫,深紫色,深紫,rgb,194,0,255,6,0,line,white,zh,,1.1.4,
13902,zh,"Chinese (中文 (Zhōngwén), 汉语, 漢語)",橙,橙色,橙色,rgb,255,81,0,6,1,line,white,zh,,1.1.4,
13902,zh,"Chinese (中文 (Zhōngwén), 汉语, 漢語)",海棠,海棠色,海棠色,rgb,255,0,108,6,2,line,white,zh,,1.1.4,
13902,zh,"Chinese (中文 (Zhōngwén), 汉语, 漢語)",湖蓝,湖蓝色,湖蓝,rgb,0,112,255,6,3,line,white,zh,,1.1.4,
13902,zh,"Chinese (中文 (Zhōngwén), 汉语, 漢語)",柠檬黄,柠檬黄色,柠檬黄,rgb,255,255,0,6,4,line,white,zh,,1.1.4,
13902,zh,"Chinese (中文 (Zhōngwén), 汉语, 漢語)",土黄,土黄色,土黄,rgb,255,213,0,6,5,line,white,zh,,1.1.4,
13902,zh,"Chinese (中文 (Zhōngwén), 汉语, 漢語)",天蓝,天蓝色,天蓝,rgb,0,211,255,6,6,line,white,zh,,1.1.4,
13902,zh,"Chinese (中文 (Zhōngwén), 汉语, 漢語)",橙,橙色,橙色,rgb,255,110,0,6,7,line,white,zh,,1.1.4,
13902,zh,"Chinese (中文 (Zhōngwén), 汉语, 漢語)",草绿,草绿色,草绿,rgb,191,255,0,6,8,line,white,zh,,1.1.4,
13902,zh,"Chinese (中文 (Zhōngwén), 汉语, 漢語)",石绿,石绿色,石绿,rgb,0,255,188,6,9,line,white,zh,,1.1.4,
13902,zh,"Chinese (中文 (Zhōngwén), 汉语, 漢語)",黄绿,黄绿色,黄绿,rgb,152,255,0,6,10,line,white,zh,,1.1.4,
13902,zh,"Chinese (中文 (Zhōngwén), 汉语, 漢語)",天蓝,天蓝色,天蓝,rgb,0,172,255,6,11,line,white,zh,,1.1.4,
14063,zh,"Chinese (中文 (Zhōngwén), 汉语, 漢語)",蓝绿,藍綠色,藍綠,rgb,50,142,109,1,0,full,white,zh,,1.1.4,
14063,zh,"Chinese (中文 (Zhōngwén), 汉语, 漢語)",活珊瑚橘,活珊瑚橘色,活珊瑚橘,rgb,246,157,155,1,1,full,white,zh,,1.1.4,
14063,zh,"Chinese (中文 (Zhōngwén), 汉语, 漢語)",深咖啡,深咖啡色,深咖啡色,rgb,50,42,41,1,2,full,white,zh,,1.1.4,
14063,zh,"Chinese (中文 (Zhōngwén), 汉语, 漢語)",天蓝,天空藍色,天空藍,rgb,113,78,249,1,3,full,white,zh,,1.1.4,
14063,zh,"Chinese (中文 (Zhōngwén), 汉语, 漢語)",橘,橘色,橘,rgb,199,129,32,1,4,full,white,zh,,1.1.4,
14063,zh,"Chinese (中文 (Zhōngwén), 汉语, 漢語)",军绿,軍綠色,軍綠色,rgb,21,85,8,1,5,full,white,zh,,1.1.4,
14063,zh,"Chinese (中文 (Zhōngwén), 汉语, 漢語)",土耳其蓝,土耳其藍色,土耳其藍,rgb,70,100,168,1,6,full,white,zh,,1.1.4,
14063,zh,"Chinese (中文 (Zhōngwén), 汉语, 漢語)",青草绿,青草綠色,青草綠,rgb,187,247,140,1,7,full,white,zh,,1.1.4,
14063,zh,"Chinese (中文 (Zhōngwén), 汉语, 漢語)",紫红,紫紅色,紫紅色,rgb,157,25,89,1,8,full,white,zh,,1.1.4,
14063,zh,"Chinese (中文 (Zhōngwén), 汉语, 漢語)",深绿,深綠色,深綠色,rgb,40,89,68,1,9,full,white,zh,,1.1.4,
14063,zh,"Chinese (中文 (Zhōngwén), 汉语, 漢語)",鹅黄,鵝黃色,鵝黃色,rgb,248,225,122,1,10,full,white,zh,,1.1.4,
14063,zh,"Chinese (中文 (Zhōngwén), 汉语, 漢語)",黄绿,黃綠色,黃綠色,rgb,131,175,58,1,11,full,white,zh,,1.1.4,
14063,zh,"Chinese (中文 (Zhōngwén), 汉语, 漢語)",玫红,玫紅色,玫紅,rgb,178,57,77,3,0,full,white,zh,,1.1.4,
14063,zh,"Chinese (中文 (Zhōngwén), 汉语, 漢語)",藕,藕色,藕色,rgb,118,81,167,3,1,full,white,zh,,1.1.4,
14063,zh,"Chinese (中文 (Zhōngwén), 汉语, 漢語)",亮蓝,亮藍色,亮藍,rgb,74,21,234,3,2,full,white,zh,,1.1.4,
14063,zh,"Chinese (中文 (Zhōngwén), 汉语, 漢語)",深蓝,深藍色,深藍,rgb,42,15,123,3,3,full,white,zh,,1.1.4,
14063,zh,"Chinese (中文 (Zhōngwén), 汉语, 漢語)",浅紫,淺紫色,淺紫,rgb,181,118,240,3,4,full,white,zh,,1.1.4,
14063,zh,"Chinese (中文 (Zhōngwén), 汉语, 漢語)",青草绿,青草綠色,青草綠,rgb,10,246,183,3,5,full,white,zh,,1.1.4,
14063,zh,"Chinese (中文 (Zhōngwén), 汉语, 漢語)",树叶绿,樹葉綠色,樹葉綠,rgb,36,186,85,3,6,full,white,zh,,1.1.4,
14063,zh,"Chinese (中文 (Zhōngwén), 汉语, 漢語)",海蓝,海藍色,海藍,rgb,18,53,188,3,7,full,white,zh,,1.1.4,
14063,zh,"Chinese (中文 (Zhōngwén), 汉语, 漢語)",海水淡蓝,海水淡藍色,海水淡藍,rgb,44,187,246,3,8,full,white,zh,,1.1.4,
14063,zh,"Chinese (中文 (Zhōngwén), 汉语, 漢語)",麦,麥色,麥,rgb,216,212,145,3,9,full,white,zh,,1.1.4,
14063,zh,"Chinese (中文 (Zhōngwén), 汉语, 漢語)",亮天蓝,亮天空藍色,亮天空藍,rgb,89,240,253,3,10,full,white,zh,,1.1.4,
14063,zh,"Chinese (中文 (Zhōngwén), 汉语, 漢語)",桃花心木,桃花心木色,桃花心木色,rgb,140,92,118,3,11,full,white,zh,,1.1.4,
14063,zh,"Chinese (中文 (Zhōngwén), 汉语, 漢語)",紫罗蓝,紫羅蘭色,紫羅蘭,rgb,161,66,156,6,0,full,white,zh,,1.1.4,
14063,zh,"Chinese (中文 (Zhōngwén), 汉语, 漢語)",土绿,土綠色,土綠,rgb,78,66,3,6,1,full,white,zh,,1.1.4,
14063,zh,"Chinese (中文 (Zhōngwén), 汉语, 漢語)",亮紫,亮紫色,亮紫,rgb,229,57,228,6,2,full,white,zh,,1.1.4,
14063,zh,"Chinese (中文 (Zhōngwén), 汉语, 漢語)",粉,粉色,粉,rgb,250,199,229,6,3,full,white,zh,,1.1.4,
14063,zh,"Chinese (中文 (Zhōngwén), 汉语, 漢語)",鲑鱼红,鮭魚紅色,鮭魚紅,rgb,251,124,170,6,4,full,white,zh,,1.1.4,
14063,zh,"Chinese (中文 (Zhōngwén), 汉语, 漢語)",柠檬绿,檸檬綠色,檸檬綠,rgb,129,240,23,6,5,full,white,zh,,1.1.4,
14063,zh,"Chinese (中文 (Zhōngwén), 汉语, 漢語)",靛,靛色,靛色,rgb,62,17,62,6,6,full,white,zh,,1.1.4,
14063,zh,"Chinese (中文 (Zhōngwén), 汉语, 漢語)",紫,紫色,紫,rgb,145,41,176,6,7,full,white,zh,,1.1.4,
14063,zh,"Chinese (中文 (Zhōngwén), 汉语, 漢語)",浅普鲁士蓝,淺普魯士藍色,淺普魯士藍,rgb,114,156,182,6,8,full,white,zh,,1.1.4,
14063,zh,"Chinese (中文 (Zhōngwén), 汉语, 漢語)",浅紫,淺紫色,淺紫,rgb,208,152,228,6,9,full,white,zh,,1.1.4,
14063,zh,"Chinese (中文 (Zhōngwén), 汉语, 漢語)",深马卡龙绿,深馬卡龍綠色,深馬卡龍綠,rgb,18,192,151,6,10,full,white,zh,,1.1.4,
14063,zh,"Chinese (中文 (Zhōngwén), 汉语, 漢語)",深粉红,深粉紅色,深粉紅,rgb,208,57,147,6,11,full,white,zh,,1.1.4,
14307,zh,"Chinese (中文 (Zhōngwén), 汉语, 漢語)",亮紫,亮紫色,亮紫,rgb,179,92,226,1,0,full,white,en,,1.1.4,
14307,zh,"Chinese (中文 (Zhōngwén), 汉语, 漢語)",浅蓝,浅蓝色,浅蓝,rgb,94,178,244,1,1,full,white,en,,1.1.4,
14307,zh,"Chinese (中文 (Zhōngwén), 汉语, 漢語)",姜黄,姜黄色,姜黄,rgb,199,176,19,1,2,full,white,en,,1.1.4,
14307,zh,"Chinese (中文 (Zhōngwén), 汉语, 漢語)",黄绿,绿黄色,绿黄,rgb,166,251,6,1,3,full,white,en,,1.1.4,
14307,zh,"Chinese (中文 (Zhōngwén), 汉语, 漢語)",灰绿,灰绿色,灰绿,rgb,103,138,156,1,4,full,white,en,,1.1.4,
14307,zh,"Chinese (中文 (Zhōngwén), 汉语, 漢語)",红,红色,红色,rgb,252,35,111,1,5,full,white,en,,1.1.4,
14307,zh,"Chinese (中文 (Zhōngwén), 汉语, 漢語)",亮绿,亮绿色,亮绿,rgb,175,252,129,1,6,full,white,en,,1.1.4,
14307,zh,"Chinese (中文 (Zhōngwén), 汉语, 漢語)",土黄,土黄色,土黄,rgb,226,172,87,1,7,full,white,en,,1.1.4,
14307,zh,"Chinese (中文 (Zhōngwén), 汉语, 漢語)",紫,紫色,紫色,rgb,106,40,191,1,8,full,white,en,,1.1.4,
14307,zh,"Chinese (中文 (Zhōngwén), 汉语, 漢語)",暗紫,暗紫色,暗紫,rgb,132,119,175,1,9,full,white,en,,1.1.4,
14307,zh,"Chinese (中文 (Zhōngwén), 汉语, 漢語)",深紫,深紫色,深紫,rgb,61,4,82,1,10,full,white,en,,1.1.4,
14307,zh,"Chinese (中文 (Zhōngwén), 汉语, 漢語)",草绿,草绿色,草绿,rgb,55,194,176,1,11,full,white,en,,1.1.4,
14307,zh,"Chinese (中文 (Zhōngwén), 汉语, 漢語)",棕,棕色,棕色,rgb,147,69,32,3,0,full,white,en,,1.1.4,
14307,zh,"Chinese (中文 (Zhōngwén), 汉语, 漢語)",深蓝,深蓝色,深蓝,rgb,24,43,85,3,1,full,white,en,,1.1.4,
14307,zh,"Chinese (中文 (Zhōngwén), 汉语, 漢語)",紫红,紫红色,紫红,rgb,120,14,48,3,2,full,white,en,,1.1.4,
14307,zh,"Chinese (中文 (Zhōngwén), 汉语, 漢語)",紫,紫色,紫色,rgb,85,66,156,3,3,full,white,en,,1.1.4,
14307,zh,"Chinese (中文 (Zhōngwén), 汉语, 漢語)",中绿,中绿色,中绿,rgb,30,115,89,3,4,full,white,en,,1.1.4,
14307,zh,"Chinese (中文 (Zhōngwén), 汉语, 漢語)",浅棕,浅棕色,浅棕,rgb,175,158,115,3,5,full,white,en,,1.1.4,
14307,zh,"Chinese (中文 (Zhōngwén), 汉语, 漢語)",淡粉,淡粉色,淡粉,rgb,235,147,233,3,6,full,white,en,,1.1.4,
14307,zh,"Chinese (中文 (Zhōngwén), 汉语, 漢語)",棕黄,棕黄色,棕黄,rgb,158,113,64,3,7,full,white,en,,1.1.4,
14307,zh,"Chinese (中文 (Zhōngwén), 汉语, 漢語)",草绿,草绿色,草绿,rgb,114,190,110,3,8,full,white,en,,1.1.4,
14307,zh,"Chinese (中文 (Zhōngwén), 汉语, 漢語)",普蓝,普蓝色,普蓝,rgb,33,75,210,3,9,full,white,en,,1.1.4,
14307,zh,"Chinese (中文 (Zhōngwén), 汉语, 漢語)",灰蓝,灰蓝色,灰蓝,rgb,52,84,106,3,10,full,white,en,,1.1.4,
14307,zh,"Chinese (中文 (Zhōngwén), 汉语, 漢語)",红,红色,红色,rgb,205,39,50,3,11,full,white,en,,1.1.4,
14307,zh,"Chinese (中文 (Zhōngwén), 汉语, 漢語)",棕,棕色,棕色,rgb,223,130,97,6,0,full,white,en,,1.1.4,
14307,zh,"Chinese (中文 (Zhōngwén), 汉语, 漢語)",黄绿,绿黄色,绿黄,rgb,217,226,150,6,1,full,white,en,,1.1.4,
14307,zh,"Chinese (中文 (Zhōngwén), 汉语, 漢語)",中粉,中粉色,中粉,rgb,200,152,203,6,2,full,white,en,,1.1.4,
14307,zh,"Chinese (中文 (Zhōngwén), 汉语, 漢語)",绿,绿色,绿色,rgb,46,177,50,6,3,full,white,en,,1.1.4,
14307,zh,"Chinese (中文 (Zhōngwén), 汉语, 漢語)",浅灰,浅灰色,浅灰,rgb,201,215,239,6,4,full,white,en,,1.1.4,
14307,zh,"Chinese (中文 (Zhōngwén), 汉语, 漢語)",灰绿,灰绿色,灰绿,rgb,149,203,198,6,5,full,white,en,,1.1.4,
14307,zh,"Chinese (中文 (Zhōngwén), 汉语, 漢語)",亮绿,亮绿色,亮绿,rgb,152,214,36,6,6,full,white,en,,1.1.4,
14307,zh,"Chinese (中文 (Zhōngwén), 汉语, 漢語)",白绿,白绿色,白绿,rgb,238,251,240,6,7,full,white,en,,1.1.4,
14307,zh,"Chinese (中文 (Zhōngwén), 汉语, 漢語)",蓝紫,蓝紫色,蓝紫,rgb,98,11,233,6,8,full,white,en,,1.1.4,
14307,zh,"Chinese (中文 (Zhōngwén), 汉语, 漢語)",黄,黄色,黄色,rgb,251,224,179,6,9,full,white,en,,1.1.4,
14307,zh,"Chinese (中文 (Zhōngwén), 汉语, 漢語)",水红,水红色,水红,rgb,219,56,179,6,10,full,white,en,,1.1.4,
14307,zh,"Chinese (中文 (Zhōngwén), 汉语, 漢語)",草绿,草绿色,草绿,rgb,105,246,161,6,11,full,white,en,,1.1.4,
14955,zh,"Chinese (中文 (Zhōngwén), 汉语, 漢語)",浅蓝,浅蓝色,浅蓝,rgb,162,206,222,1,0,full,white,en,,1.1.5,
14955,zh,"Chinese (中文 (Zhōngwén), 汉语, 漢語)",芥末黄,芥末黄色,芥末黄,rgb,233,206,119,1,1,full,white,en,,1.1.5,
14955,zh,"Chinese (中文 (Zhōngwén), 汉语, 漢語)",深紫,深紫色,深紫,rgb,52,33,88,1,2,full,white,en,,1.1.5,
14955,zh,"Chinese (中文 (Zhōngwén), 汉语, 漢語)",浅蓝,浅蓝色,浅蓝,rgb,113,157,206,1,3,full,white,en,,1.1.5,
14955,zh,"Chinese (中文 (Zhōngwén), 汉语, 漢語)",橙,橙色,橙色,rgb,233,133,78,1,4,full,white,en,,1.1.5,
14955,zh,"Chinese (中文 (Zhōngwén), 汉语, 漢語)",草绿,草绿色,草绿,rgb,168,195,170,1,5,full,white,en,,1.1.5,
14955,zh,"Chinese (中文 (Zhōngwén), 汉语, 漢語)",墨绿,墨绿色,墨绿,rgb,34,55,60,1,6,full,white,en,,1.1.5,
14955,zh,"Chinese (中文 (Zhōngwén), 汉语, 漢語)",青绿,青绿色,青绿,rgb,144,174,29,1,7,full,white,en,,1.1.5,
14955,zh,"Chinese (中文 (Zhōngwén), 汉语, 漢語)",蓝紫,蓝紫色,蓝紫,rgb,94,106,223,1,8,full,white,en,,1.1.5,
14955,zh,"Chinese (中文 (Zhōngwén), 汉语, 漢語)",蓝绿,蓝绿色,蓝绿,rgb,160,243,205,1,9,full,white,en,,1.1.5,
14955,zh,"Chinese (中文 (Zhōngwén), 汉语, 漢語)",紫红,紫红色,紫红,rgb,169,25,193,1,10,full,white,en,,1.1.5,
14955,zh,"Chinese (中文 (Zhōngwén), 汉语, 漢語)",黄,黄色,黄色,rgb,235,223,71,1,11,full,white,en,,1.1.5,
14955,zh,"Chinese (中文 (Zhōngwén), 汉语, 漢語)",祖母绿,祖母绿色,祖母绿,rgb,16,148,113,3,0,full,white,en,,1.1.5,
14955,zh,"Chinese (中文 (Zhōngwén), 汉语, 漢語)",红褐,红褐色,红褐色,rgb,155,77,14,3,1,full,white,en,,1.1.5,
14955,zh,"Chinese (中文 (Zhōngwén), 汉语, 漢語)",海军蓝,海军蓝色,海军蓝,rgb,45,99,126,3,2,full,white,en,,1.1.5,
14955,zh,"Chinese (中文 (Zhōngwén), 汉语, 漢語)",金黄,金黄色,金黄,rgb,213,158,24,3,3,full,white,en,,1.1.5,
14955,zh,"Chinese (中文 (Zhōngwén), 汉语, 漢語)",浅褐,浅褐色,浅褐,rgb,188,167,114,3,4,full,white,en,,1.1.5,
14955,zh,"Chinese (中文 (Zhōngwén), 汉语, 漢語)",浅紫,浅紫色,浅紫,rgb,181,159,174,3,5,full,white,en,,1.1.5,
14955,zh,"Chinese (中文 (Zhōngwén), 汉语, 漢語)",绿,绿色,绿色,rgb,109,213,73,3,6,full,white,en,,1.1.5,
14955,zh,"Chinese (中文 (Zhōngwén), 汉语, 漢語)",褐,褐色,褐色,rgb,149,136,114,3,7,full,white,en,,1.1.5,
14955,zh,"Chinese (中文 (Zhōngwén), 汉语, 漢語)",深蓝,深蓝色,深蓝,rgb,9,8,133,3,8,full,white,en,,1.1.5,
14955,zh,"Chinese (中文 (Zhōngwén), 汉语, 漢語)",浅绿,浅绿色,浅绿,rgb,227,253,160,3,9,full,white,en,,1.1.5,
14955,zh,"Chinese (中文 (Zhōngwén), 汉语, 漢語)",橙红,橙红色,橙红,rgb,245,135,32,3,10,full,white,en,,1.1.5,
14955,zh,"Chinese (中文 (Zhōngwén), 汉语, 漢語)",紫,紫色,紫色,rgb,229,130,235,3,11,full,white,en,,1.1.5,
14955,zh,"Chinese (中文 (Zhōngwén), 汉语, 漢語)",鲜红,鲜红色,鲜红,rgb,225,86,74,6,0,full,white,en,,1.1.5,
14955,zh,"Chinese (中文 (Zhōngwén), 汉语, 漢語)",血红,血红色,血红,rgb,188,71,92,6,1,full,white,en,,1.1.5,
14955,zh,"Chinese (中文 (Zhōngwén), 汉语, 漢語)",黑,黑色,黑色,rgb,44,50,25,6,2,full,white,en,,1.1.5,
14955,zh,"Chinese (中文 (Zhōngwén), 汉语, 漢語)",绿,绿色,绿色,rgb,26,153,79,6,3,full,white,en,,1.1.5,
14955,zh,"Chinese (中文 (Zhōngwén), 汉语, 漢語)",浅紫,浅紫色,浅紫,rgb,210,167,231,6,4,full,white,en,,1.1.5,
14955,zh,"Chinese (中文 (Zhōngwén), 汉语, 漢語)",玫红,玫红色,玫红,rgb,210,35,151,6,5,full,white,en,,1.1.5,
14955,zh,"Chinese (中文 (Zhōngwén), 汉语, 漢語)",浅紫,浅紫色,浅紫,rgb,141,116,189,6,6,full,white,en,,1.1.5,
14955,zh,"Chinese (中文 (Zhōngwén), 汉语, 漢語)",黑,黑色,黑色,rgb,56,28,31,6,7,full,white,en,,1.1.5,
14955,zh,"Chinese (中文 (Zhōngwén), 汉语, 漢語)",蓝,蓝色,蓝色,rgb,48,66,238,6,8,full,white,en,,1.1.5,
14955,zh,"Chinese (中文 (Zhōngwén), 汉语, 漢語)",军绿,军绿色,军绿,rgb,122,140,63,6,9,full,white,en,,1.1.5,
14955,zh,"Chinese (中文 (Zhōngwén), 汉语, 漢語)",紫,紫色,紫色,rgb,169,101,238,6,10,full,white,en,,1.1.5,
14955,zh,"Chinese (中文 (Zhōngwén), 汉语, 漢語)",红褐,红褐色,红褐色,rgb,141,54,39,6,11,full,white,en,,1.1.5,
15327,zh,"Chinese (中文 (Zhōngwén), 汉语, 漢語)",窗帘绿,窗簾綠色,窗簾綠,rgb,215,244,187,1,0,full,white,zh,,1.1.5,
15327,zh,"Chinese (中文 (Zhōngwén), 汉语, 漢語)",亮蓝,亮藍色,亮藍色,rgb,34,90,244,1,1,full,white,zh,,1.1.5,
15327,zh,"Chinese (中文 (Zhōngwén), 汉语, 漢語)",海军蓝,海軍藍色,海軍藍,rgb,18,63,89,1,2,full,white,zh,,1.1.5,
15327,zh,"Chinese (中文 (Zhōngwén), 汉语, 漢語)",苹果绿,蘋果綠色,蘋果綠,rgb,199,220,111,1,3,full,white,zh,,1.1.5,
15327,zh,"Chinese (中文 (Zhōngwén), 汉语, 漢語)",拿铁,拿鐵色,拿鐵色,rgb,188,156,103,1,4,full,white,zh,,1.1.5,
15327,zh,"Chinese (中文 (Zhōngwén), 汉语, 漢語)",暗蓝,暗藍色,暗藍色,rgb,22,92,211,1,5,full,white,zh,,1.1.5,
15327,zh,"Chinese (中文 (Zhōngwén), 汉语, 漢語)",紫红,紫紅色,紫紅色,rgb,202,43,143,1,6,full,white,zh,,1.1.5,
15327,zh,"Chinese (中文 (Zhōngwén), 汉语, 漢語)",蓝,藍色,藍色,rgb,72,60,248,1,7,full,white,zh,,1.1.5,
15327,zh,"Chinese (中文 (Zhōngwén), 汉语, 漢語)",亮绿,亮綠色,亮綠色,rgb,91,228,10,1,8,full,white,zh,,1.1.5,
15327,zh,"Chinese (中文 (Zhōngwén), 汉语, 漢語)",桃红,桃紅色,桃紅色,rgb,239,125,153,1,9,full,white,zh,,1.1.5,
15327,zh,"Chinese (中文 (Zhōngwén), 汉语, 漢語)",亮紫,亮紫色,亮紫色,rgb,182,122,235,1,10,full,white,zh,,1.1.5,
15327,zh,"Chinese (中文 (Zhōngwén), 汉语, 漢語)",紫,紫色,紫色,rgb,160,58,204,1,11,full,white,zh,,1.1.5,
0,zh,"Chinese (中文 (Zhōngwén), 汉语, 漢語)",紫,紫色,紫色,rgb,212,59,201,1,0,full,white,zh,,1.1.5,
0,zh,"Chinese (中文 (Zhōngwén), 汉语, 漢語)",深紫,深紫色,深紫色,rgb,157,61,132,1,1,full,white,zh,,1.1.5,
0,zh,"Chinese (中文 (Zhōngwén), 汉语, 漢語)",粉,粉色,粉色,rgb,246,70,92,1,2,full,white,zh,,1.1.5,
0,zh,"Chinese (中文 (Zhōngwén), 汉语, 漢語)",灰,灰色,灰色,rgb,187,158,156,1,3,full,white,zh,,1.1.5,
0,zh,"Chinese (中文 (Zhōngwén), 汉语, 漢語)",墨绿,墨绿色,墨绿色,rgb,84,175,146,1,4,full,white,zh,,1.1.5,
0,zh,"Chinese (中文 (Zhōngwén), 汉语, 漢語)",青绿,青绿色,青绿色,rgb,105,248,34,1,5,full,white,zh,,1.1.5,
0,zh,"Chinese (中文 (Zhōngwén), 汉语, 漢語)",粉,粉色,粉色,rgb,251,161,235,1,6,full,white,zh,,1.1.5,
0,zh,"Chinese (中文 (Zhōngwén), 汉语, 漢語)",棕,棕色,棕色,rgb,177,87,58,1,7,full,white,zh,,1.1.5,
0,zh,"Chinese (中文 (Zhōngwén), 汉语, 漢語)",土黄,土黄色,土黄色,rgb,175,173,79,1,8,full,white,zh,,1.1.5,
0,zh,"Chinese (中文 (Zhōngwén), 汉语, 漢語)",蓝紫,蓝紫色,蓝紫色,rgb,103,46,191,1,9,full,white,zh,,1.1.5,
0,zh,"Chinese (中文 (Zhōngwén), 汉语, 漢語)",紫,紫色,紫色,rgb,195,114,217,1,10,full,white,zh,,1.1.5,
0,zh,"Chinese (中文 (Zhōngwén), 汉语, 漢語)",肉,肉色,肉色,rgb,254,177,137,1,11,full,white,zh,,1.1.5,
0,zh,"Chinese (中文 (Zhōngwén), 汉语, 漢語)",紫,紫色,紫色,rgb,125,43,67,3,0,full,white,zh,,1.1.5,
0,zh,"Chinese (中文 (Zhōngwén), 汉语, 漢語)",深蓝,深蓝色,深蓝色,rgb,58,63,142,3,1,full,white,zh,,1.1.5,
0,zh,"Chinese (中文 (Zhōngwén), 汉语, 漢語)",黑,黑色,黑色,rgb,37,2,6,3,2,full,white,zh,,1.1.5,
0,zh,"Chinese (中文 (Zhōngwén), 汉语, 漢語)",蓝,蓝色,蓝色,rgb,73,101,241,3,3,full,white,zh,,1.1.5,
0,zh,"Chinese (中文 (Zhōngwén), 汉语, 漢語)",墨绿,墨绿色,墨绿,rgb,68,68,56,3,4,full,white,zh,,1.1.5,
0,zh,"Chinese (中文 (Zhōngwén), 汉语, 漢語)",紫,紫色,紫色,rgb,161,17,234,3,5,full,white,zh,,1.1.5,
0,zh,"Chinese (中文 (Zhōngwén), 汉语, 漢語)",咖啡,咖啡色,咖啡色,rgb,196,129,65,3,6,full,white,zh,,1.1.5,
0,zh,"Chinese (中文 (Zhōngwén), 汉语, 漢語)",深绿,深绿色,深绿色,rgb,4,156,46,3,7,full,white,zh,,1.1.5,
0,zh,"Chinese (中文 (Zhōngwén), 汉语, 漢語)",粉,粉色,粉色,rgb,239,72,160,3,8,full,white,zh,,1.1.5,
0,zh,"Chinese (中文 (Zhōngwén), 汉语, 漢語)",青,青色,青色,rgb,91,153,192,3,9,full,white,zh,,1.1.5,
0,zh,"Chinese (中文 (Zhōngwén), 汉语, 漢語)",棕,棕色,棕色,rgb,165,146,99,3,10,full,white,zh,,1.1.5,
0,zh,"Chinese (中文 (Zhōngwén), 汉语, 漢語)",青绿,青绿色,青绿,rgb,76,206,141,3,11,full,white,zh,,1.1.5,
0,zh,"Chinese (中文 (Zhōngwén), 汉语, 漢語)",绿,绿色,绿色,rgb,101,184,37,6,0,full,white,zh,,1.1.5,
0,zh,"Chinese (中文 (Zhōngwén), 汉语, 漢語)",深蓝,深蓝色,深蓝色,rgb,7,59,93,6,1,full,white,zh,,1.1.5,
0,zh,"Chinese (中文 (Zhōngwén), 汉语, 漢語)",棕,棕色,棕色,rgb,94,29,8,6,2,full,white,zh,,1.1.5,
0,zh,"Chinese (中文 (Zhōngwén), 汉语, 漢語)",紫,紫色,紫色,rgb,118,112,207,6,3,full,white,zh,,1.1.5,
0,zh,"Chinese (中文 (Zhōngwén), 汉语, 漢語)",棕,棕色,棕色,rgb,154,30,10,6,4,full,white,zh,,1.1.5,
0,zh,"Chinese (中文 (Zhōngwén), 汉语, 漢語)",灰,灰色,灰色,rgb,149,102,119,6,5,full,white,zh,,1.1.5,
0,zh,"Chinese (中文 (Zhōngwén), 汉语, 漢語)",土黄,土黄色,土黄色,rgb,218,145,27,6,6,full,white,zh,,1.1.5,
0,zh,"Chinese (中文 (Zhōngwén), 汉语, 漢語)",青,青色,青色,rgb,120,197,209,6,7,full,white,zh,,1.1.5,
0,zh,"Chinese (中文 (Zhōngwén), 汉语, 漢語)",墨绿,墨绿色,墨绿色,rgb,45,105,52,6,8,full,white,zh,,1.1.5,
0,zh,"Chinese (中文 (Zhōngwén), 汉语, 漢語)",乳白,乳白色,乳白,rgb,222,239,218,6,9,full,white,zh,,1.1.5,
0,zh,"Chinese (中文 (Zhōngwén), 汉语, 漢語)",墨绿,墨绿色,墨绿色,rgb,154,181,139,6,10,full,white,zh,,1.1.5,
0,zh,"Chinese (中文 (Zhōngwén), 汉语, 漢語)",粉,粉色,粉色,rgb,254,193,228,6,11,full,white,zh,,1.1.5,
0,zh,"Chinese (中文 (Zhōngwén), 汉语, 漢語)",草绿,草绿色,草绿色,rgb,68,201,14,1,0,full,white,en,,1.1.5,
0,zh,"Chinese (中文 (Zhōngwén), 汉语, 漢語)",军绿,军绿色,军绿色,rgb,90,108,64,1,1,full,white,en,,1.1.5,
0,zh,"Chinese (中文 (Zhōngwén), 汉语, 漢語)",暗紫,暗紫色,暗紫色,rgb,154,80,113,1,2,full,white,en,,1.1.5,
0,zh,"Chinese (中文 (Zhōngwén), 汉语, 漢語)",咖啡,咖啡色,咖啡色,rgb,81,50,3,1,3,full,white,en,,1.1.5,
0,zh,"Chinese (中文 (Zhōngwén), 汉语, 漢語)",豆绿,豆绿色,豆绿色,rgb,152,163,28,1,4,full,white,en,,1.1.5,
0,zh,"Chinese (中文 (Zhōngwén), 汉语, 漢語)",湖蓝,湖蓝色,湖蓝色,rgb,20,137,236,1,5,full,white,en,,1.1.5,
0,zh,"Chinese (中文 (Zhōngwén), 汉语, 漢語)",土黄,土黄色,土黄色,rgb,217,222,4,1,6,full,white,en,,1.1.5,
0,zh,"Chinese (中文 (Zhōngwén), 汉语, 漢語)",墨蓝绿,墨蓝绿色,墨蓝绿色,rgb,4,130,71,1,7,full,white,en,,1.1.5,
0,zh,"Chinese (中文 (Zhōngwén), 汉语, 漢語)",亮绿,亮绿色,亮绿色,rgb,2,249,138,1,8,full,white,en,,1.1.5,
0,zh,"Chinese (中文 (Zhōngwén), 汉语, 漢語)",橙,橙色,橙色,rgb,238,170,49,1,9,full,white,en,,1.1.5,
0,zh,"Chinese (中文 (Zhōngwén), 汉语, 漢語)",荧光绿,荧光绿色,荧光绿色,rgb,185,254,40,1,10,full,white,en,,1.1.5,
0,zh,"Chinese (中文 (Zhōngwén), 汉语, 漢語)",天蓝,天蓝色,天蓝色,rgb,139,212,214,1,11,full,white,en,,1.1.5,
0,zh,"Chinese (中文 (Zhōngwén), 汉语, 漢語)",蓝,蓝色,蓝色,rgb,77,75,243,3,0,full,white,en,,1.1.5,
0,zh,"Chinese (中文 (Zhōngwén), 汉语, 漢語)",绿,绿色,绿色,rgb,80,231,187,3,1,full,white,en,,1.1.5,
0,zh,"Chinese (中文 (Zhōngwén), 汉语, 漢語)",紫,紫色,紫色,rgb,168,120,249,3,2,full,white,en,,1.1.5,
0,zh,"Chinese (中文 (Zhōngwén), 汉语, 漢語)",绿,绿色,绿色,rgb,107,207,118,3,3,full,white,en,,1.1.5,
0,zh,"Chinese (中文 (Zhōngwén), 汉语, 漢語)",橙,橙色,橙色,rgb,210,106,68,3,4,full,white,en,,1.1.5,
0,zh,"Chinese (中文 (Zhōngwén), 汉语, 漢語)",玫瑰,玫瑰色,玫瑰色,rgb,223,39,185,3,5,full,white,en,,1.1.5,
0,zh,"Chinese (中文 (Zhōngwén), 汉语, 漢語)",墨蓝,墨蓝色,墨蓝色,rgb,125,162,206,3,6,full,white,en,,1.1.5,
0,zh,"Chinese (中文 (Zhōngwén), 汉语, 漢語)",褐,褐色,褐色,rgb,145,88,43,3,7,full,white,en,,1.1.5,
0,zh,"Chinese (中文 (Zhōngwén), 汉语, 漢語)",肉,肉色,肉色,rgb,248,188,120,3,8,full,white,en,,1.1.5,
0,zh,"Chinese (中文 (Zhōngwén), 汉语, 漢語)",黑,黑色,黑色,rgb,2,21,35,3,9,full,white,en,,1.1.5,
0,zh,"Chinese (中文 (Zhōngwén), 汉语, 漢語)",浅紫,浅紫色,浅紫色,rgb,173,165,234,3,10,full,white,en,,1.1.5,
0,zh,"Chinese (中文 (Zhōngwén), 汉语, 漢語)",粉,粉色,粉色,rgb,203,157,154,3,11,full,white,en,,1.1.5,
0,zh,"Chinese (中文 (Zhōngwén), 汉语, 漢語)",绿,绿色,绿,rgb,79,232,81,1,0,full,white,en,,1.1.5,
0,zh,"Chinese (中文 (Zhōngwén), 汉语, 漢語)",深绿,深绿色,深绿,rgb,90,164,52,1,1,full,white,en,,1.1.5,
0,zh,"Chinese (中文 (Zhōngwén), 汉语, 漢語)",黑,黑色,黑,rgb,28,35,50,1,2,full,white,en,,1.1.5,
0,zh,"Chinese (中文 (Zhōngwén), 汉语, 漢語)",粉,粉色,粉,rgb,238,84,141,1,3,full,white,en,,1.1.5,
0,zh,"Chinese (中文 (Zhōngwén), 汉语, 漢語)",粉红,粉红色,粉红,rgb,212,45,84,1,4,full,white,en,,1.1.5,
0,zh,"Chinese (中文 (Zhōngwén), 汉语, 漢語)",棕,棕色,棕,rgb,130,113,60,1,5,full,white,en,,1.1.5,
0,zh,"Chinese (中文 (Zhōngwén), 汉语, 漢語)",蓝,蓝色,蓝,rgb,116,207,221,1,6,full,white,en,,1.1.5,
0,zh,"Chinese (中文 (Zhōngwén), 汉语, 漢語)",土黄,土黄色,土黄,rgb,209,183,9,1,7,full,white,en,,1.1.5,
0,zh,"Chinese (中文 (Zhōngwén), 汉语, 漢語)",深蓝,深蓝色,深蓝,rgb,107,81,252,1,8,full,white,en,,1.1.5,
0,zh,"Chinese (中文 (Zhōngwén), 汉语, 漢語)",棕,棕色,棕,rgb,150,132,14,1,9,full,white,en,,1.1.5,
0,zh,"Chinese (中文 (Zhōngwén), 汉语, 漢語)",深粉,深粉色,深粉,rgb,224,14,182,1,10,full,white,en,,1.1.5,
0,zh,"Chinese (中文 (Zhōngwén), 汉语, 漢語)",深棕,深棕色,深棕,rgb,119,138,53,1,11,full,white,en,,1.1.5,
0,zh,"Chinese (中文 (Zhōngwén), 汉语, 漢語)",紫,紫色,紫色,rgb,149,129,237,1,0,full,white,zh,,1.1.5,
0,zh,"Chinese (中文 (Zhōngwén), 汉语, 漢語)",藏蓝,藏蓝色,藏蓝,rgb,80,98,154,1,1,full,white,zh,,1.1.5,
0,zh,"Chinese (中文 (Zhōngwén), 汉语, 漢語)",浅紫,浅紫色,浅紫,rgb,208,196,254,1,2,full,white,zh,,1.1.5,
0,zh,"Chinese (中文 (Zhōngwén), 汉语, 漢語)",棕,棕色,棕色,rgb,131,80,32,1,3,full,white,zh,,1.1.5,
0,zh,"Chinese (中文 (Zhōngwén), 汉语, 漢語)",蓝绿,蓝绿色,蓝绿色,rgb,49,137,108,1,4,full,white,zh,,1.1.5,
0,zh,"Chinese (中文 (Zhōngwén), 汉语, 漢語)",深紫,深紫色,深紫色,rgb,95,24,64,1,5,full,white,zh,,1.1.5,
0,zh,"Chinese (中文 (Zhōngwén), 汉语, 漢語)",灰紫,灰紫色,灰紫,rgb,144,104,115,1,6,full,white,zh,,1.1.5,
0,zh,"Chinese (中文 (Zhōngwén), 汉语, 漢語)",灰绿,灰绿色,灰绿,rgb,136,156,112,1,7,full,white,zh,,1.1.5,
0,zh,"Chinese (中文 (Zhōngwén), 汉语, 漢語)",黄,黄色,黄色,rgb,187,185,82,1,8,full,white,zh,,1.1.5,
0,zh,"Chinese (中文 (Zhōngwén), 汉语, 漢語)",浅棕,浅棕色,浅棕,rgb,199,166,97,1,9,full,white,zh,,1.1.5,
0,zh,"Chinese (中文 (Zhōngwén), 汉语, 漢語)",石青,石青色,石青,rgb,127,144,153,1,10,full,white,zh,,1.1.5,
0,zh,"Chinese (中文 (Zhōngwén), 汉语, 漢語)",桃红,桃红色,桃红,rgb,247,82,59,1,11,full,white,zh,,1.1.5,
0,zh,"Chinese (中文 (Zhōngwén), 汉语, 漢語)",棕绿,棕绿色,棕绿,rgb,127,133,14,3,0,full,white,zh,,1.1.5,
0,zh,"Chinese (中文 (Zhōngwén), 汉语, 漢語)",天蓝,天蓝色,天蓝,rgb,34,191,246,3,1,full,white,zh,,1.1.5,
0,zh,"Chinese (中文 (Zhōngwén), 汉语, 漢語)",粉,粉色,粉色,rgb,232,76,179,3,2,full,white,zh,,1.1.5,
0,zh,"Chinese (中文 (Zhōngwén), 汉语, 漢語)",紫,紫色,紫色,rgb,190,106,221,3,3,full,white,zh,,1.1.5,
0,zh,"Chinese (中文 (Zhōngwén), 汉语, 漢語)",蓝绿,蓝绿色,蓝绿,rgb,31,198,106,3,4,full,white,zh,,1.1.5,
0,zh,"Chinese (中文 (Zhōngwén), 汉语, 漢語)",蓝,蓝色,蓝色,rgb,60,84,234,3,5,full,white,zh,,1.1.5,
0,zh,"Chinese (中文 (Zhōngwén), 汉语, 漢語)",紫,紫色,紫色,rgb,95,32,176,3,6,full,white,zh,,1.1.5,
0,zh,"Chinese (中文 (Zhōngwén), 汉语, 漢語)",绿,绿色,绿色,rgb,91,167,54,3,7,full,white,zh,,1.1.5,
0,zh,"Chinese (中文 (Zhōngwén), 汉语, 漢語)",浅蓝,浅蓝色,浅蓝,rgb,190,229,233,3,8,full,white,zh,,1.1.5,
0,zh,"Chinese (中文 (Zhōngwén), 汉语, 漢語)",浅蓝,浅蓝色,浅蓝,rgb,101,246,192,3,9,full,white,zh,,1.1.5,
0,zh,"Chinese (中文 (Zhōngwén), 汉语, 漢語)",蓝,蓝色,蓝色,rgb,75,144,212,3,10,full,white,zh,,1.1.5,
0,zh,"Chinese (中文 (Zhōngwén), 汉语, 漢語)",藏蓝,藏蓝色,藏蓝,rgb,24,76,71,3,11,full,white,zh,,1.1.5,
0,zh,"Chinese (中文 (Zhōngwén), 汉语, 漢語)",紫,紫色,紫色,rgb,150,20,234,6,0,full,white,zh,,1.1.5,
0,zh,"Chinese (中文 (Zhōngwén), 汉语, 漢語)",蓝,蓝色,蓝色,rgb,54,3,196,6,1,full,white,zh,,1.1.5,
0,zh,"Chinese (中文 (Zhōngwén), 汉语, 漢語)",灰,灰色,灰色,rgb,95,95,76,6,2,full,white,zh,,1.1.5,
0,zh,"Chinese (中文 (Zhōngwén), 汉语, 漢語)",蓝,蓝色,蓝色,rgb,12,105,222,6,3,full,white,zh,,1.1.5,
0,zh,"Chinese (中文 (Zhōngwén), 汉语, 漢語)",紫,紫色,紫色,rgb,133,34,124,6,4,full,white,zh,,1.1.5,
0,zh,"Chinese (中文 (Zhōngwén), 汉语, 漢語)",藏蓝,藏蓝色,藏蓝,rgb,32,68,94,6,5,full,white,zh,,1.1.5,
0,zh,"Chinese (中文 (Zhōngwén), 汉语, 漢語)",粉,粉色,粉色,rgb,220,69,131,6,6,full,white,zh,,1.1.5,
0,zh,"Chinese (中文 (Zhōngwén), 汉语, 漢語)",桃红,桃红色,桃红,rgb,203,65,89,6,7,full,white,zh,,1.1.5,
0,zh,"Chinese (中文 (Zhōngwén), 汉语, 漢語)",蓝,蓝色,蓝色,rgb,42,233,251,6,8,full,white,zh,,1.1.5,
0,zh,"Chinese (中文 (Zhōngwén), 汉语, 漢語)",肉,肉色,肉色,rgb,232,160,122,6,9,full,white,zh,,1.1.5,
0,zh,"Chinese (中文 (Zhōngwén), 汉语, 漢語)",灰蓝,灰蓝色,灰蓝,rgb,114,178,163,6,10,full,white,zh,,1.1.5,
0,zh,"Chinese (中文 (Zhōngwén), 汉语, 漢語)",海藻绿,海藻绿色,海藻绿,rgb,39,103,17,6,11,full,white,zh,,1.1.5,
0,zh,"Chinese (中文 (Zhōngwén), 汉语, 漢語)",靛蓝,靛蓝色,靛蓝,rgb,38,13,135,1,0,full,white,zh,,1.1.5,
0,zh,"Chinese (中文 (Zhōngwén), 汉语, 漢語)",土黄,土黄色,土黄,rgb,153,122,61,1,1,full,white,zh,,1.1.5,
0,zh,"Chinese (中文 (Zhōngwén), 汉语, 漢語)",靛紫,靛紫色,靛紫,rgb,88,72,110,1,2,full,white,zh,,1.1.5,
0,zh,"Chinese (中文 (Zhōngwén), 汉语, 漢語)",紫,紫色,紫色,rgb,130,70,164,1,3,full,white,zh,,1.1.5,
0,zh,"Chinese (中文 (Zhōngwén), 汉语, 漢語)",青蓝,青蓝色,青蓝色,rgb,63,250,243,1,4,full,white,zh,,1.1.5,
0,zh,"Chinese (中文 (Zhōngwén), 汉语, 漢語)",绿,绿色,绿色,rgb,81,166,85,1,5,full,white,zh,,1.1.5,
0,zh,"Chinese (中文 (Zhōngwén), 汉语, 漢語)",淡紫,淡紫色,淡紫色,rgb,197,123,226,1,6,full,white,zh,,1.1.5,
0,zh,"Chinese (中文 (Zhōngwén), 汉语, 漢語)",青黄,青黄色,青黄色,rgb,210,249,97,1,7,full,white,zh,,1.1.5,
0,zh,"Chinese (中文 (Zhōngwén), 汉语, 漢語)",深紫,深紫色,深紫色,rgb,37,15,75,1,8,full,white,zh,,1.1.5,
0,zh,"Chinese (中文 (Zhōngwén), 汉语, 漢語)",深黄,深黄色,深黄色,rgb,228,192,56,1,9,full,white,zh,,1.1.5,
0,zh,"Chinese (中文 (Zhōngwén), 汉语, 漢語)",蓝灰,蓝灰色,蓝灰色,rgb,135,164,149,1,10,full,white,zh,,1.1.5,
0,zh,"Chinese (中文 (Zhōngwén), 汉语, 漢語)",紫,紫色,紫色,rgb,151,1,240,1,11,full,white,zh,,1.1.5,
0,zh,"Chinese (中文 (Zhōngwén), 汉语, 漢語)",深紫,深紫色,深紫色,rgb,92,33,131,1,0,full,white,zh,,1.1.5,
0,zh,"Chinese (中文 (Zhōngwén), 汉语, 漢語)",米,米色,米色,rgb,216,199,186,1,1,full,white,zh,,1.1.5,
0,zh,"Chinese (中文 (Zhōngwén), 汉语, 漢語)",黑,黑色,黑色,rgb,5,10,44,1,2,full,white,zh,,1.1.5,
0,zh,"Chinese (中文 (Zhōngwén), 汉语, 漢語)",红,红色,红色,rgb,249,11,72,1,3,full,white,zh,,1.1.5,
0,zh,"Chinese (中文 (Zhōngwén), 汉语, 漢語)",深蓝,深蓝色,深蓝色,rgb,30,82,113,1,4,full,white,zh,,1.1.5,
0,zh,"Chinese (中文 (Zhōngwén), 汉语, 漢語)",亮绿,亮绿色,亮绿色,rgb,72,209,38,1,5,full,white,zh,,1.1.5,
0,zh,"Chinese (中文 (Zhōngwén), 汉语, 漢語)",抹茶,抹茶色,抹茶色,rgb,108,157,87,1,6,full,white,zh,,1.1.5,
0,zh,"Chinese (中文 (Zhōngwén), 汉语, 漢語)",蓝绿,蓝绿色,蓝绿色,rgb,60,165,153,1,7,full,white,zh,,1.1.5,
0,zh,"Chinese (中文 (Zhōngwén), 汉语, 漢語)",紫,紫色,紫色,rgb,188,134,243,1,8,full,white,zh,,1.1.5,
0,zh,"Chinese (中文 (Zhōngwén), 汉语, 漢語)",褐,褐色,褐色,rgb,135,102,95,1,9,full,white,zh,,1.1.5,
0,zh,"Chinese (中文 (Zhōngwén), 汉语, 漢語)",橘,橘色,橘色,rgb,234,103,70,1,10,full,white,zh,,1.1.5,
0,zh,"Chinese (中文 (Zhōngwén), 汉语, 漢語)",蓝,蓝色,蓝色,rgb,59,45,201,1,11,full,white,zh,,1.1.5,
0,zh,"Chinese (中文 (Zhōngwén), 汉语, 漢語)",天蓝,天蓝色,天蓝,rgb,0,204,255,1,1,line,white,zh,,1.1.5,
0,zh,"Chinese (中文 (Zhōngwén), 汉语, 漢語)",浅黄,浅黄色,浅黄,rgb,181,255,0,1,2,line,white,zh,,1.1.5,
0,zh,"Chinese (中文 (Zhōngwén), 汉语, 漢語)",青绿,青绿色,青绿,rgb,98,255,0,1,3,line,white,zh,,1.1.5,
0,zh,"Chinese (中文 (Zhōngwén), 汉语, 漢語)",天蓝,天蓝色,天蓝,rgb,0,208,255,1,4,line,white,zh,,1.1.5,
0,zh,"Chinese (中文 (Zhōngwén), 汉语, 漢語)",亮粉,亮粉色,亮粉,rgb,255,0,172,1,5,line,white,zh,,1.1.5,
0,zh,"Chinese (中文 (Zhōngwén), 汉语, 漢語)",蔚蓝,蔚蓝色,蔚蓝,rgb,0,67,255,1,6,line,white,zh,,1.1.5,
0,zh,"Chinese (中文 (Zhōngwén), 汉语, 漢語)",粉,粉色,粉,rgb,255,0,236,1,7,line,white,zh,,1.1.5,
0,zh,"Chinese (中文 (Zhōngwén), 汉语, 漢語)",蔚蓝,蔚蓝色,蔚蓝,rgb,0,40,255,1,8,line,white,zh,,1.1.5,
0,zh,"Chinese (中文 (Zhōngwén), 汉语, 漢語)",深黄,深黄色,深黄,rgb,255,181,0,1,9,line,white,zh,,1.1.5,
0,zh,"Chinese (中文 (Zhōngwén), 汉语, 漢語)",深蓝,深蓝色,深蓝,rgb,48,0,255,1,10,line,white,zh,,1.1.5,
0,zh,"Chinese (中文 (Zhōngwén), 汉语, 漢語)",紫,紫色,紫,rgb,114,0,255,1,11,line,white,zh,,1.1.5,
0,zh,"Chinese (中文 (Zhōngwén), 汉语, 漢語)",绿,绿色,绿色,rgb,110,204,92,3,0,full,white,zh,,1.1.5,
0,zh,"Chinese (中文 (Zhōngwén), 汉语, 漢語)",紫,紫色,紫色,rgb,126,73,201,3,1,full,white,zh,,1.1.5,
0,zh,"Chinese (中文 (Zhōngwén), 汉语, 漢語)",深绿,深绿色,深绿色,rgb,30,53,29,3,2,full,white,zh,,1.1.5,
0,zh,"Chinese (中文 (Zhōngwén), 汉语, 漢語)",玫红,玫红色,玫红色,rgb,216,45,177,3,3,full,white,zh,,1.1.5,
0,zh,"Chinese (中文 (Zhōngwén), 汉语, 漢語)",暗紫,暗紫色,暗紫色,rgb,184,93,179,3,4,full,white,zh,,1.1.5,
0,zh,"Chinese (中文 (Zhōngwén), 汉语, 漢語)",鸟屎绿,鸟屎绿色,鸟屎绿,rgb,110,122,14,3,5,full,white,zh,,1.1.5,
0,zh,"Chinese (中文 (Zhōngwén), 汉语, 漢語)",蓝灰,蓝灰色,蓝灰色,rgb,127,144,145,3,6,full,white,zh,,1.1.5,
0,zh,"Chinese (中文 (Zhōngwén), 汉语, 漢語)",荧光黄,荧光黄色,荧光黄,rgb,221,252,73,3,7,full,white,zh,,1.1.5,
0,zh,"Chinese (中文 (Zhōngwén), 汉语, 漢語)",淡绿,淡绿色,淡绿色,rgb,199,251,140,3,8,full,white,zh,,1.1.5,
0,zh,"Chinese (中文 (Zhōngwén), 汉语, 漢語)",紫红,紫红色,紫红色,rgb,115,53,95,3,9,full,white,zh,,1.1.5,
0,zh,"Chinese (中文 (Zhōngwén), 汉语, 漢語)",梅子,梅子色,梅子色,rgb,184,52,131,3,10,full,white,zh,,1.1.5,
0,zh,"Chinese (中文 (Zhōngwén), 汉语, 漢語)",脏橘,脏橘色,脏橘色,rgb,203,131,84,3,11,full,white,zh,,1.1.5,
0,zh,"Chinese (中文 (Zhōngwén), 汉语, 漢語)",黛,黛色,黛,rgb,19,46,88,1,0,full,white,zh,,1.1.5,
0,zh,"Chinese (中文 (Zhōngwén), 汉语, 漢語)",蔚蓝,蔚蓝色,蔚蓝色,rgb,94,152,165,1,1,full,white,zh,,1.1.5,
0,zh,"Chinese (中文 (Zhōngwén), 汉语, 漢語)",鲜黄,鲜黄色,鲜黄,rgb,250,222,23,1,2,full,white,zh,,1.1.5,
0,zh,"Chinese (中文 (Zhōngwén), 汉语, 漢語)",黑,黑色,黑色,rgb,32,8,19,1,3,full,white,zh,,1.1.5,
0,zh,"Chinese (中文 (Zhōngwén), 汉语, 漢語)",绿松石绿,绿松石绿色,绿松石绿,rgb,26,188,144,1,4,full,white,zh,,1.1.5,
0,zh,"Chinese (中文 (Zhōngwén), 汉语, 漢語)",青瓷绿,青瓷绿色,青瓷绿,rgb,93,166,143,1,5,full,white,zh,,1.1.5,
0,zh,"Chinese (中文 (Zhōngwén), 汉语, 漢語)",灰绿,灰绿色,灰绿,rgb,169,190,168,1,6,full,white,zh,,1.1.5,
0,zh,"Chinese (中文 (Zhōngwén), 汉语, 漢語)",嫩绿,嫩绿色,嫩绿色,rgb,153,210,156,1,7,full,white,zh,,1.1.5,
0,zh,"Chinese (中文 (Zhōngwén), 汉语, 漢語)",紫,紫色,紫色,rgb,72,7,63,1,8,full,white,zh,,1.1.5,
0,zh,"Chinese (中文 (Zhōngwén), 汉语, 漢語)",橙红,橙红色,橙红色,rgb,242,102,46,1,9,full,white,zh,,1.1.5,
0,zh,"Chinese (中文 (Zhōngwén), 汉语, 漢語)",苔藓绿,苔藓绿色,苔藓绿,rgb,167,165,67,1,10,full,white,zh,,1.1.5,
0,zh,"Chinese (中文 (Zhōngwén), 汉语, 漢語)",孔雀石绿,孔雀石绿色,孔雀石绿,rgb,42,152,76,1,11,full,white,zh,,1.1.5,
0,zh,"Chinese (中文 (Zhōngwén), 汉语, 漢語)",黄,黄色,黄色,rgb,255,229,0,3,0,line,white,zh,,1.1.5,
0,zh,"Chinese (中文 (Zhōngwén), 汉语, 漢語)",浅绿,浅绿色,浅绿,rgb,0,255,16,3,1,line,white,zh,,1.1.5,
0,zh,"Chinese (中文 (Zhōngwén), 汉语, 漢語)",红,红色,红,rgb,255,0,13,3,2,line,white,zh,,1.1.5,
0,zh,"Chinese (中文 (Zhōngwén), 汉语, 漢語)",大红,大红色,大红,rgb,255,0,80,3,3,line,white,zh,,1.1.5,
0,zh,"Chinese (中文 (Zhōngwén), 汉语, 漢語)",紫,紫色,紫色,rgb,183,0,255,3,4,line,white,zh,,1.1.5,
0,zh,"Chinese (中文 (Zhōngwén), 汉语, 漢語)",天蓝,天蓝色,天蓝,rgb,0,159,255,3,5,line,white,zh,,1.1.5,
0,zh,"Chinese (中文 (Zhōngwén), 汉语, 漢語)",深粉红,深粉红色,深粉红,rgb,255,0,111,3,6,line,white,zh,,1.1.5,
0,zh,"Chinese (中文 (Zhōngwén), 汉语, 漢語)",土黄,土黄色,土黄,rgb,255,149,0,3,7,line,white,zh,,1.1.5,
0,zh,"Chinese (中文 (Zhōngwén), 汉语, 漢語)",天蓝,天蓝色,天蓝,rgb,0,153,255,3,8,line,white,zh,,1.1.5,
0,zh,"Chinese (中文 (Zhōngwén), 汉语, 漢語)",浅紫,浅紫色,浅紫,rgb,235,0,255,3,9,line,white,zh,,1.1.5,
0,zh,"Chinese (中文 (Zhōngwén), 汉语, 漢語)",土黄,土黄色,土黄,rgb,255,185,0,3,10,line,white,zh,,1.1.5,
0,zh,"Chinese (中文 (Zhōngwén), 汉语, 漢語)",青,青色,青,rgb,0,255,210,3,11,line,white,zh,,1.1.5,
0,zh,"Chinese (中文 (Zhōngwén), 汉语, 漢語)",墨紫,墨紫色,墨紫色,rgb,69,62,114,6,0,full,white,zh,,1.1.5,
0,zh,"Chinese (中文 (Zhōngwén), 汉语, 漢語)",芭比粉,芭比粉色,芭比粉,rgb,246,123,246,6,1,full,white,zh,,1.1.5,
0,zh,"Chinese (中文 (Zhōngwén), 汉语, 漢語)",荧光绿,荧光绿色,荧光绿,rgb,33,248,137,6,2,full,white,zh,,1.1.5,
0,zh,"Chinese (中文 (Zhōngwén), 汉语, 漢語)",深红,深红色,深红色,rgb,150,33,70,6,3,full,white,zh,,1.1.5,
0,zh,"Chinese (中文 (Zhōngwén), 汉语, 漢語)",淡蓝,淡蓝色,淡蓝色,rgb,169,210,221,6,4,full,white,zh,,1.1.5,
0,zh,"Chinese (中文 (Zhōngwén), 汉语, 漢語)",雾蓝,雾蓝色,雾蓝色,rgb,85,143,179,6,5,full,white,zh,,1.1.5,
0,zh,"Chinese (中文 (Zhōngwén), 汉语, 漢語)",鸟屎黄,鸟屎黄色,鸟屎黄,rgb,183,184,42,6,6,full,white,zh,,1.1.5,
0,zh,"Chinese (中文 (Zhōngwén), 汉语, 漢語)",亮紫,亮紫色,亮紫色,rgb,199,67,219,6,7,full,white,zh,,1.1.5,
0,zh,"Chinese (中文 (Zhōngwén), 汉语, 漢語)",深褐,深褐色,深褐色,rgb,60,46,47,6,8,full,white,zh,,1.1.5,
0,zh,"Chinese (中文 (Zhōngwén), 汉语, 漢語)",深绿,深绿色,深绿色,rgb,35,108,44,6,9,full,white,zh,,1.1.5,
0,zh,"Chinese (中文 (Zhōngwén), 汉语, 漢語)",萤光蓝,荧光蓝色,荧光蓝,rgb,80,246,237,6,10,full,white,zh,,1.1.5,
0,zh,"Chinese (中文 (Zhōngwén), 汉语, 漢語)",土黄,土黄色,土黄色,rgb,200,148,18,6,11,full,white,zh,,1.1.5,
0,zh,"Chinese (中文 (Zhōngwén), 汉语, 漢語)",橘,橘色,橘色,rgb,255,116,0,6,0,line,white,zh,,1.1.5,
0,zh,"Chinese (中文 (Zhōngwén), 汉语, 漢語)",天蓝,天蓝色,天蓝,rgb,0,130,255,6,1,line,white,zh,,1.1.5,
0,zh,"Chinese (中文 (Zhōngwén), 汉语, 漢語)",鲜绿,鲜绿色,鲜绿,rgb,0,255,140,6,2,line,white,zh,,1.1.5,
0,zh,"Chinese (中文 (Zhōngwén), 汉语, 漢語)",粉红,粉红色,粉红,rgb,255,0,122,6,3,line,white,zh,,1.1.5,
0,zh,"Chinese (中文 (Zhōngwén), 汉语, 漢語)",橙红,橙红色,橙红,rgb,255,23,0,6,4,line,white,zh,,1.1.5,
0,zh,"Chinese (中文 (Zhōngwén), 汉语, 漢語)",青黄,青黄色,青黄,rgb,225,255,0,6,5,line,white,zh,,1.1.5,
0,zh,"Chinese (中文 (Zhōngwén), 汉语, 漢語)",鲜绿,鲜绿色,鲜绿,rgb,0,255,165,6,6,line,white,zh,,1.1.5,
0,zh,"Chinese (中文 (Zhōngwén), 汉语, 漢語)",青蓝,青蓝色,青蓝,rgb,0,237,255,6,7,line,white,zh,,1.1.5,
0,zh,"Chinese (中文 (Zhōngwén), 汉语, 漢語)",黄,黄色,黄色,rgb,255,248,0,6,8,line,white,zh,,1.1.5,
0,zh,"Chinese (中文 (Zhōngwén), 汉语, 漢語)",粉紫,粉紫色,粉紫,rgb,255,0,183,6,9,line,white,zh,,1.1.5,
0,zh,"Chinese (中文 (Zhōngwén), 汉语, 漢語)",靛青,靛青色,靛青,rgb,0,255,253,6,10,line,white,zh,,1.1.5,
0,zh,"Chinese (中文 (Zhōngwén), 汉语, 漢語)",浅绿,浅绿色,浅绿,rgb,0,255,116,6,11,line,white,zh,,1.1.5,
0,zh,"Chinese (中文 (Zhōngwén), 汉语, 漢語)",绿,绿色,绿色,rgb,48,151,71,1,0,full,white,zh,,1.1.5,
0,zh,"Chinese (中文 (Zhōngwén), 汉语, 漢語)",灰,灰色,灰色,rgb,93,98,105,1,1,full,white,zh,,1.1.5,
0,zh,"Chinese (中文 (Zhōngwén), 汉语, 漢語)",亮蓝,亮蓝色,亮蓝色,rgb,2,232,215,1,2,full,white,zh,,1.1.5,
0,zh,"Chinese (中文 (Zhōngwén), 汉语, 漢語)",抹茶,抹茶色,抹茶色,rgb,107,193,78,1,3,full,white,zh,,1.1.5,
0,zh,"Chinese (中文 (Zhōngwén), 汉语, 漢語)",紫,紫色,紫色,rgb,130,59,130,1,4,full,white,zh,,1.1.5,
0,zh,"Chinese (中文 (Zhōngwén), 汉语, 漢語)",墨蓝,墨蓝色,墨蓝,rgb,109,141,190,1,5,full,white,zh,,1.1.5,
0,zh,"Chinese (中文 (Zhōngwén), 汉语, 漢語)",深紫,深紫色,深紫,rgb,75,53,79,1,6,full,white,zh,,1.1.5,
0,zh,"Chinese (中文 (Zhōngwén), 汉语, 漢語)",褐,褐色,褐色,rgb,162,149,93,1,8,full,white,zh,,1.1.5,
0,zh,"Chinese (中文 (Zhōngwén), 汉语, 漢語)",亮绿,亮绿色,亮绿色,rgb,37,164,132,1,9,full,white,zh,,1.1.5,
0,zh,"Chinese (中文 (Zhōngwén), 汉语, 漢語)",紫,紫色,紫色,rgb,170,26,210,1,10,full,white,zh,,1.1.5,
0,zh,"Chinese (中文 (Zhōngwén), 汉语, 漢語)",胆汁,胆汁色,胆汁色,rgb,96,138,77,1,11,full,white,zh,,1.1.5,
0,zh,"Chinese (中文 (Zhōngwén), 汉语, 漢語)",蓝绿,蓝绿色,蓝绿,rgb,101,163,128,1,0,full,white,zh,,1.1.5,
0,zh,"Chinese (中文 (Zhōngwén), 汉语, 漢語)",青草绿,青草绿色,青草绿,rgb,45,181,4,1,1,full,white,zh,,1.1.5,
0,zh,"Chinese (中文 (Zhōngwén), 汉语, 漢語)",海军蓝,海军蓝色,海军蓝,rgb,1,77,112,1,2,full,white,zh,,1.1.5,
0,zh,"Chinese (中文 (Zhōngwén), 汉语, 漢語)",灰蓝,灰蓝色,灰蓝,rgb,88,141,154,1,3,full,white,zh,,1.1.5,
0,zh,"Chinese (中文 (Zhōngwén), 汉语, 漢語)",灰棕,灰棕色,灰棕,rgb,113,103,91,1,4,full,white,zh,,1.1.5,
0,zh,"Chinese (中文 (Zhōngwén), 汉语, 漢語)",土,土色,土色,rgb,134,67,34,1,5,full,white,zh,,1.1.5,
0,zh,"Chinese (中文 (Zhōngwén), 汉语, 漢語)",鲜绿,鲜绿色,鲜绿,rgb,157,232,135,1,6,full,white,zh,,1.1.5,
0,zh,"Chinese (中文 (Zhōngwén), 汉语, 漢語)",蓝,蓝色,蓝,rgb,11,126,172,1,7,full,white,zh,,1.1.5,
0,zh,"Chinese (中文 (Zhōngwén), 汉语, 漢語)",灰绿,灰绿色,灰绿,rgb,152,187,179,1,8,full,white,zh,,1.1.5,
0,zh,"Chinese (中文 (Zhōngwén), 汉语, 漢語)",芭比粉,芭比粉色,芭比粉,rgb,213,91,169,1,9,full,white,zh,,1.1.5,
0,zh,"Chinese (中文 (Zhōngwén), 汉语, 漢語)",薄荷蓝,薄荷蓝色,薄荷蓝,rgb,36,250,237,1,10,full,white,zh,,1.1.5,
0,zh,"Chinese (中文 (Zhōngwén), 汉语, 漢語)",紫,紫色,紫,rgb,148,86,245,1,11,full,white,zh,,1.1.5,
0,zh,"Chinese (中文 (Zhōngwén), 汉语, 漢語)",骚粉,骚粉色,骚粉,rgb,215,11,187,3,0,full,white,zh,,1.1.5,
0,zh,"Chinese (中文 (Zhōngwén), 汉语, 漢語)",胃出血是大便的颜,胃出血是大便的颜色,胃出血是大便的颜色,rgb,46,68,4,3,1,full,white,zh,,1.1.5,
0,zh,"Chinese (中文 (Zhōngwén), 汉语, 漢語)",奶奶灰,奶奶灰色,奶奶灰,rgb,150,156,157,3,2,full,white,zh,,1.1.5,
0,zh,"Chinese (中文 (Zhōngwén), 汉语, 漢語)",翠,翠色,翠色,rgb,146,254,208,3,3,full,white,zh,,1.1.5,
0,zh,"Chinese (中文 (Zhōngwén), 汉语, 漢語)",粉,粉色,粉,rgb,253,220,236,3,4,full,white,zh,,1.1.5,
0,zh,"Chinese (中文 (Zhōngwén), 汉语, 漢語)",深墨绿,深墨绿色,深墨绿,rgb,21,90,65,3,5,full,white,zh,,1.1.5,
0,zh,"Chinese (中文 (Zhōngwén), 汉语, 漢語)",豆沙红,豆沙红色,豆沙红,rgb,138,23,8,3,6,full,white,zh,,1.1.5,
0,zh,"Chinese (中文 (Zhōngwén), 汉语, 漢語)",深粉,深粉色,深粉,rgb,184,13,121,3,7,full,white,zh,,1.1.5,
0,zh,"Chinese (中文 (Zhōngwén), 汉语, 漢語)",骚绿,骚绿色,骚绿,rgb,175,233,45,3,8,full,white,zh,,1.1.5,
0,zh,"Chinese (中文 (Zhōngwén), 汉语, 漢語)",比深粉浅一点比粉深一点,比深粉浅一点比粉深一点色,比深粉浅一点比粉深一点,rgb,229,105,127,3,9,full,white,zh,,1.1.5,
0,zh,"Chinese (中文 (Zhōngwén), 汉语, 漢語)",蛋黄酥,蛋黄酥色,蛋黄酥色,rgb,248,183,61,3,10,full,white,zh,,1.1.5,
0,zh,"Chinese (中文 (Zhōngwén), 汉语, 漢語)",新鲜豆沙,新鲜豆沙色,新鲜豆沙色,rgb,113,31,71,3,11,full,white,zh,,1.1.5,
0,zh,"Chinese (中文 (Zhōngwén), 汉语, 漢語)",靛蓝,靛蓝色,靛蓝,rgb,0,77,255,1,0,line,white,zh,,1.1.5,
0,zh,"Chinese (中文 (Zhōngwén), 汉语, 漢語)",青草绿,青草绿色,青草绿,rgb,0,255,124,1,1,line,white,zh,,1.1.5,
0,zh,"Chinese (中文 (Zhōngwén), 汉语, 漢語)",玫粉,玫粉色,玫粉,rgb,255,0,244,1,2,line,white,zh,,1.1.5,
0,zh,"Chinese (中文 (Zhōngwén), 汉语, 漢語)",紫,紫色,紫色,rgb,177,0,255,1,3,line,white,zh,,1.1.5,
0,zh,"Chinese (中文 (Zhōngwén), 汉语, 漢語)",荧光绿,荧光绿色,荧光绿,rgb,76,255,0,1,4,line,white,zh,,1.1.5,
0,zh,"Chinese (中文 (Zhōngwén), 汉语, 漢語)",牛仔蓝,牛仔蓝色,牛仔蓝,rgb,0,96,255,1,5,line,white,zh,,1.1.5,
0,zh,"Chinese (中文 (Zhōngwén), 汉语, 漢語)",深蓝,深蓝色,深蓝,rgb,56,0,255,1,6,line,white,zh,,1.1.5,
0,zh,"Chinese (中文 (Zhōngwén), 汉语, 漢語)",水,水色,水色,rgb,0,231,255,1,7,line,white,zh,,1.1.5,
0,zh,"Chinese (中文 (Zhōngwén), 汉语, 漢語)",浅蓝,浅蓝色,浅蓝,rgb,0,154,255,1,8,line,white,zh,,1.1.5,
0,zh,"Chinese (中文 (Zhōngwén), 汉语, 漢語)",橘黄,橘黄色,橘黄,rgb,255,150,0,1,9,line,white,zh,,1.1.5,
0,zh,"Chinese (中文 (Zhōngwén), 汉语, 漢語)",玫紫,玫紫色,玫紫,rgb,240,0,255,1,10,line,white,zh,,1.1.5,
0,zh,"Chinese (中文 (Zhōngwén), 汉语, 漢語)",天蓝,天蓝色,天蓝,rgb,0,213,255,1,11,line,white,zh,,1.1.5,
0,zh,"Chinese (中文 (Zhōngwén), 汉语, 漢語)",天蓝,天空蓝色,天空蓝,rgb,187,213,238,3,0,full,white,zh,,1.1.5,
0,zh,"Chinese (中文 (Zhōngwén), 汉语, 漢語)",草绿,草绿色,草绿,rgb,122,246,6,3,1,full,white,zh,,1.1.5,
0,zh,"Chinese (中文 (Zhōngwén), 汉语, 漢語)",蓝紫,紫蓝色,紫蓝,rgb,83,97,172,3,2,full,white,zh,,1.1.5,
0,zh,"Chinese (中文 (Zhōngwén), 汉语, 漢語)",土灰,土灰色,土灰,rgb,175,153,85,3,3,full,white,zh,,1.1.5,
0,zh,"Chinese (中文 (Zhōngwén), 汉语, 漢語)",正蓝,正蓝色,正蓝,rgb,19,27,162,3,4,full,white,zh,,1.1.5,
0,zh,"Chinese (中文 (Zhōngwén), 汉语, 漢語)",深绿,深绿色,深绿,rgb,7,92,28,3,5,full,white,zh,,1.1.5,
0,zh,"Chinese (中文 (Zhōngwén), 汉语, 漢語)",蓝紫,蓝紫色,蓝紫,rgb,84,71,182,3,6,full,white,zh,,1.1.5,
0,zh,"Chinese (中文 (Zhōngwén), 汉语, 漢語)",薄荷绿,薄荷绿色,薄荷绿,rgb,98,235,184,3,7,full,white,zh,,1.1.5,
0,zh,"Chinese (中文 (Zhōngwén), 汉语, 漢語)",糖果绿,糖果绿色,糖果绿,rgb,196,233,180,3,8,full,white,zh,,1.1.5,
0,zh,"Chinese (中文 (Zhōngwén), 汉语, 漢語)",糖果粉,糖果粉色,糖果粉,rgb,231,151,179,3,9,full,white,zh,,1.1.5,
0,zh,"Chinese (中文 (Zhōngwén), 汉语, 漢語)",糖果橘,糖果橘色,糖果橘,rgb,253,159,128,3,10,full,white,zh,,1.1.5,
0,zh,"Chinese (中文 (Zhōngwén), 汉语, 漢語)",绿,绿色,绿,rgb,31,234,102,3,11,full,white,zh,,1.1.5,
0,zh,"Chinese (中文 (Zhōngwén), 汉语, 漢語)",暗红,暗红色,暗红,rgb,48,10,14,6,0,full,white,zh,,1.1.5,
0,zh,"Chinese (中文 (Zhōngwén), 汉语, 漢語)",炒鸡深蓝,炒鸡深蓝色,炒鸡深蓝,rgb,17,62,122,6,1,full,white,zh,,1.1.5,
0,zh,"Chinese (中文 (Zhōngwén), 汉语, 漢語)",咖啡,咖啡色,咖啡色,rgb,142,96,53,6,2,full,white,zh,,1.1.5,
0,zh,"Chinese (中文 (Zhōngwén), 汉语, 漢語)",蓝紫,紫蓝色,紫蓝,rgb,73,81,191,6,3,full,white,zh,,1.1.5,
0,zh,"Chinese (中文 (Zhōngwén), 汉语, 漢語)",淡橙,淡橙色,淡橙,rgb,202,93,56,6,4,full,white,zh,,1.1.5,
0,zh,"Chinese (中文 (Zhōngwén), 汉语, 漢語)",深红带点粉,深红带点粉色,深红带点粉,rgb,181,7,45,6,5,full,white,zh,,1.1.5,
0,zh,"Chinese (中文 (Zhōngwén), 汉语, 漢語)",紫罗蓝,紫罗兰色,紫罗兰色,rgb,150,162,246,6,6,full,white,zh,,1.1.5,
0,zh,"Chinese (中文 (Zhōngwén), 汉语, 漢語)",暗粉,暗粉色,暗粉,rgb,201,129,131,6,7,full,white,zh,,1.1.5,
0,zh,"Chinese (中文 (Zhōngwén), 汉语, 漢語)",亮黄,亮黄色,亮黄,rgb,244,247,138,6,8,full,white,zh,,1.1.5,
0,zh,"Chinese (中文 (Zhōngwén), 汉语, 漢語)",暗蓝,暗蓝色,暗蓝,rgb,40,20,71,6,9,full,white,zh,,1.1.5,
0,zh,"Chinese (中文 (Zhōngwén), 汉语, 漢語)",翠绿,翠绿色,翠绿,rgb,173,253,142,6,10,full,white,zh,,1.1.5,
0,zh,"Chinese (中文 (Zhōngwén), 汉语, 漢語)",没有生机的绿,没有生机的绿色,没有生机的绿,rgb,134,180,143,6,11,full,white,zh,,1.1.5,
0,zh,"Chinese (中文 (Zhōngwén), 汉语, 漢語)",浅紫,浅紫色,浅紫,rgb,229,135,240,6,0,full,white,zh,,1.1.5,
0,zh,"Chinese (中文 (Zhōngwén), 汉语, 漢語)",灰蓝,灰蓝色,灰蓝,rgb,54,148,240,6,1,full,white,zh,,1.1.5,
0,zh,"Chinese (中文 (Zhōngwén), 汉语, 漢語)",黑,黑色,黑,rgb,13,2,8,6,2,full,white,zh,,1.1.5,
0,zh,"Chinese (中文 (Zhōngwén), 汉语, 漢語)",苹果红,苹果红色,苹果红,rgb,196,47,74,6,3,full,white,zh,,1.1.5,
0,zh,"Chinese (中文 (Zhōngwén), 汉语, 漢語)",红棕,红棕色,红棕,rgb,119,51,68,6,4,full,white,zh,,1.1.5,
0,zh,"Chinese (中文 (Zhōngwén), 汉语, 漢語)",艳紫,艳紫色,艳紫,rgb,224,69,220,6,5,full,white,zh,,1.1.5,
0,zh,"Chinese (中文 (Zhōngwén), 汉语, 漢語)",深绿棕,深绿棕色,深绿棕,rgb,72,46,8,6,6,full,white,zh,,1.1.5,
0,zh,"Chinese (中文 (Zhōngwén), 汉语, 漢語)",糖果紫,糖果紫色,糖果紫,rgb,148,137,199,6,7,full,white,zh,,1.1.5,
0,zh,"Chinese (中文 (Zhōngwén), 汉语, 漢語)",鲜红,鲜红色,鲜红,rgb,242,31,20,6,8,full,white,zh,,1.1.5,
0,zh,"Chinese (中文 (Zhōngwén), 汉语, 漢語)",土绿,土绿色,土绿,rgb,124,169,71,6,9,full,white,zh,,1.1.5,
0,zh,"Chinese (中文 (Zhōngwén), 汉语, 漢語)",深蓝,深蓝色,深蓝,rgb,11,52,108,6,10,full,white,zh,,1.1.5,
0,zh,"Chinese (中文 (Zhōngwén), 汉语, 漢語)",深粉,深粉色,深粉,rgb,227,40,147,6,11,full,white,zh,,1.1.5,
0,zh,"Chinese (中文 (Zhōngwén), 汉语, 漢語)",艳红,艳红色,艳红,rgb,255,0,75,3,0,line,white,zh,,1.1.5,
0,zh,"Chinese (中文 (Zhōngwén), 汉语, 漢語)",橘红,橘红色,橘红,rgb,255,80,0,3,1,line,white,zh,,1.1.5,
0,zh,"Chinese (中文 (Zhōngwén), 汉语, 漢語)",粉,粉色,粉色,rgb,255,0,144,3,2,line,white,zh,,1.1.5,
0,zh,"Chinese (中文 (Zhōngwén), 汉语, 漢語)",靛蓝,靛蓝色,靛蓝,rgb,0,55,255,3,3,line,white,zh,,1.1.5,
0,zh,"Chinese (中文 (Zhōngwén), 汉语, 漢語)",青草绿,青草绿色,青草绿,rgb,0,255,107,3,4,line,white,zh,,1.1.5,
0,zh,"Chinese (中文 (Zhōngwén), 汉语, 漢語)",落叶黄,落叶黄色,落叶黄,rgb,255,206,0,3,5,line,white,zh,,1.1.5,
0,zh,"Chinese (中文 (Zhōngwén), 汉语, 漢語)",黄绿,黄绿色,黄绿,rgb,198,255,0,3,6,line,white,zh,,1.1.5,
0,zh,"Chinese (中文 (Zhōngwén), 汉语, 漢語)",玫红,玫红色,玫红,rgb,255,0,102,3,7,line,white,zh,,1.1.5,
0,zh,"Chinese (中文 (Zhōngwén), 汉语, 漢語)",荧光粉,荧光粉色,荧光粉,rgb,255,0,188,3,9,line,white,zh,,1.1.5,
0,zh,"Chinese (中文 (Zhōngwén), 汉语, 漢語)",正红,正红色,正红,rgb,255,0,23,3,10,line,white,zh,,1.1.5,
0,zh,"Chinese (中文 (Zhōngwén), 汉语, 漢語)",亮蓝,亮蓝色,亮蓝,rgb,0,255,248,3,11,line,white,zh,,1.1.5,
0,zh,"Chinese (中文 (Zhōngwén), 汉语, 漢語)",紫,紫色,紫色,rgb,111,0,255,6,0,line,white,zh,,1.1.5,
0,zh,"Chinese (中文 (Zhōngwén), 汉语, 漢語)",草绿,草绿色,草绿,rgb,145,255,0,6,1,line,white,zh,,1.1.5,
0,zh,"Chinese (中文 (Zhōngwén), 汉语, 漢語)",蓝绿,蓝绿色,蓝绿,rgb,0,255,218,6,2,line,white,zh,,1.1.5,
0,zh,"Chinese (中文 (Zhōngwén), 汉语, 漢語)",明黄,明黄色,明黄,rgb,251,255,0,6,3,line,white,zh,,1.1.5,
0,zh,"Chinese (中文 (Zhōngwén), 汉语, 漢語)",牛仔蓝,牛仔蓝色,牛仔蓝,rgb,0,122,255,6,4,line,white,zh,,1.1.5,
0,zh,"Chinese (中文 (Zhōngwén), 汉语, 漢語)",橘黄,橘黄色,橘黄,rgb,255,170,0,6,5,line,white,zh,,1.1.5,
0,zh,"Chinese (中文 (Zhōngwén), 汉语, 漢語)",天蓝,天蓝色,天蓝,rgb,0,183,255,6,6,line,white,zh,,1.1.5,
0,zh,"Chinese (中文 (Zhōngwén), 汉语, 漢語)",橘红,橘红色,橘红,rgb,255,91,0,6,7,line,white,zh,,1.1.5,
0,zh,"Chinese (中文 (Zhōngwén), 汉语, 漢語)",玫粉,玫粉色,玫粉,rgb,255,0,114,6,8,line,white,zh,,1.1.5,
0,zh,"Chinese (中文 (Zhōngwén), 汉语, 漢語)",青草绿,青草绿色,青草绿,rgb,0,255,161,6,9,line,white,zh,,1.1.5,
0,zh,"Chinese (中文 (Zhōngwén), 汉语, 漢語)",黄,黄色,黄,rgb,255,221,0,6,10,line,white,zh,,1.1.5,
0,zh,"Chinese (中文 (Zhōngwén), 汉语, 漢語)",荧光绿,荧光绿色,荧光绿,rgb,0,255,62,6,11,line,white,zh,,1.1.5,
0,zh,"Chinese (中文 (Zhōngwén), 汉语, 漢語)",浅绿,浅绿色,浅绿色,rgb,131,180,27,1,0,full,white,zh,,1.1.5,
0,zh,"Chinese (中文 (Zhōngwén), 汉语, 漢語)",紫,紫色,紫色,rgb,80,29,137,1,1,full,white,zh,,1.1.5,
0,zh,"Chinese (中文 (Zhōngwén), 汉语, 漢語)",米白,米白色,米白色,rgb,221,212,197,1,2,full,white,zh,,1.1.5,
0,zh,"Chinese (中文 (Zhōngwén), 汉语, 漢語)",黑,黑色,黑色,rgb,20,26,46,1,3,full,white,zh,,1.1.5,
0,zh,"Chinese (中文 (Zhōngwén), 汉语, 漢語)",深蓝,深蓝色,深蓝色,rgb,19,18,243,1,4,full,white,zh,,1.1.5,
0,zh,"Chinese (中文 (Zhōngwén), 汉语, 漢語)",深绿,深绿色,深绿色,rgb,96,132,20,1,5,full,white,zh,,1.1.5,
0,zh,"Chinese (中文 (Zhōngwén), 汉语, 漢語)",正绿,正绿色,正绿色,rgb,35,169,73,1,6,full,white,zh,,1.1.5,
0,zh,"Chinese (中文 (Zhōngwén), 汉语, 漢語)",灰蓝,灰蓝色,灰蓝色,rgb,29,104,156,1,7,full,white,zh,,1.1.5,
0,zh,"Chinese (中文 (Zhōngwén), 汉语, 漢語)",豆沙,豆沙色,豆沙色,rgb,195,98,81,1,8,full,white,zh,,1.1.5,
0,zh,"Chinese (中文 (Zhōngwén), 汉语, 漢語)",米黄,米黄色,米黄色,rgb,232,192,130,1,9,full,white,zh,,1.1.5,
0,zh,"Chinese (中文 (Zhōngwén), 汉语, 漢語)",青蓝,青蓝色,青蓝色,rgb,139,211,194,1,10,full,white,zh,,1.1.5,
0,zh,"Chinese (中文 (Zhōngwén), 汉语, 漢語)",褐,褐色,褐色,rgb,172,111,34,1,11,full,white,zh,,1.1.5,
0,zh,"Chinese (中文 (Zhōngwén), 汉语, 漢語)",薰衣草紫,薰衣草紫色,薰衣草紫,rgb,204,166,232,3,0,full,white,zh,,1.1.5,
0,zh,"Chinese (中文 (Zhōngwén), 汉语, 漢語)",藏蓝,藏蓝色,藏蓝色,rgb,54,93,173,3,1,full,white,zh,,1.1.5,
0,zh,"Chinese (中文 (Zhōngwén), 汉语, 漢語)",宝蓝,宝蓝色,宝蓝色,rgb,3,218,176,3,2,full,white,zh,,1.1.5,
0,zh,"Chinese (中文 (Zhōngwén), 汉语, 漢語)",深褐,深褐色,深褐色,rgb,133,95,66,3,3,full,white,zh,,1.1.5,
0,zh,"Chinese (中文 (Zhōngwén), 汉语, 漢語)",灰绿,灰绿色,灰绿色,rgb,45,225,127,3,4,full,white,zh,,1.1.5,
0,zh,"Chinese (中文 (Zhōngwén), 汉语, 漢語)",暗褐,暗褐色,暗褐色,rgb,37,48,12,3,5,full,white,zh,,1.1.5,
0,zh,"Chinese (中文 (Zhōngwén), 汉语, 漢語)",正绿,正绿色,正绿色,rgb,31,239,12,3,6,full,white,zh,,1.1.5,
0,zh,"Chinese (中文 (Zhōngwén), 汉语, 漢語)",荧光绿,荧光绿色,荧光绿,rgb,206,250,85,3,7,full,white,zh,,1.1.5,
0,zh,"Chinese (中文 (Zhōngwén), 汉语, 漢語)",灰绿,灰绿色,灰绿色,rgb,126,190,127,3,8,full,white,zh,,1.1.5,
0,zh,"Chinese (中文 (Zhōngwén), 汉语, 漢語)",紫红,紫红色,紫红色,rgb,227,109,245,3,9,full,white,zh,,1.1.5,
0,zh,"Chinese (中文 (Zhōngwén), 汉语, 漢語)",粉,粉色,粉色,rgb,242,113,169,3,10,full,white,zh,,1.1.5,
0,zh,"Chinese (中文 (Zhōngwén), 汉语, 漢語)",墨绿,墨绿色,墨绿色,rgb,11,56,53,3,11,full,white,zh,,1.1.5,
0,zh,"Chinese (中文 (Zhōngwén), 汉语, 漢語)",暗红,暗红色,暗红色,rgb,206,50,81,6,0,full,white,zh,,1.1.5,
0,zh,"Chinese (中文 (Zhōngwén), 汉语, 漢語)",天蓝,天蓝色,天蓝色,rgb,23,180,240,6,1,full,white,zh,,1.1.5,
0,zh,"Chinese (中文 (Zhōngwén), 汉语, 漢語)",灰绿,灰绿色,灰绿色,rgb,59,145,122,6,2,full,white,zh,,1.1.5,
0,zh,"Chinese (中文 (Zhōngwén), 汉语, 漢語)",深绿,深绿色,深绿,rgb,85,96,56,6,3,full,white,zh,,1.1.5,
0,zh,"Chinese (中文 (Zhōngwén), 汉语, 漢語)",桃粉,桃粉色,桃粉色,rgb,242,171,176,6,4,full,white,zh,,1.1.5,
0,zh,"Chinese (中文 (Zhōngwén), 汉语, 漢語)",紫红,紫红色,紫红色,rgb,191,66,148,6,5,full,white,zh,,1.1.5,
0,zh,"Chinese (中文 (Zhōngwén), 汉语, 漢語)",灰紫,灰紫色,灰紫色,rgb,123,85,133,6,6,full,white,zh,,1.1.5,
0,zh,"Chinese (中文 (Zhōngwén), 汉语, 漢語)",蓝紫,紫蓝色,紫蓝色,rgb,129,115,245,6,7,full,white,zh,,1.1.5,
0,zh,"Chinese (中文 (Zhōngwén), 汉语, 漢語)",正青,正青色,正青色,rgb,93,218,239,6,8,full,white,zh,,1.1.5,
0,zh,"Chinese (中文 (Zhōngwén), 汉语, 漢語)",绿,绿色,绿色,rgb,95,216,42,6,9,full,white,zh,,1.1.5,
0,zh,"Chinese (中文 (Zhōngwén), 汉语, 漢語)",浅褐,浅褐色,浅褐色,rgb,209,113,3,6,10,full,white,zh,,1.1.5,
0,zh,"Chinese (中文 (Zhōngwén), 汉语, 漢語)",深紫,深紫色,深紫色,rgb,172,52,208,6,11,full,white,zh,,1.1.5,
0,zh,"Chinese (中文 (Zhōngwén), 汉语, 漢語)",湖蓝,湖蓝色,湖蓝色,rgb,30,166,208,1,0,full,white,zh,,1.1.5,
0,zh,"Chinese (中文 (Zhōngwén), 汉语, 漢語)",水红,水红色,水红色,rgb,227,69,81,1,1,full,white,zh,,1.1.5,
0,zh,"Chinese (中文 (Zhōngwén), 汉语, 漢語)",紫,紫色,紫色,rgb,159,65,161,1,2,full,white,zh,,1.1.5,
0,zh,"Chinese (中文 (Zhōngwén), 汉语, 漢語)",浅啡,浅啡色,浅啡色,rgb,163,124,115,1,3,full,white,zh,,1.1.5,
0,zh,"Chinese (中文 (Zhōngwén), 汉语, 漢語)",亮绿,亮绿色,亮绿色,rgb,42,245,151,1,4,full,white,zh,,1.1.5,
0,zh,"Chinese (中文 (Zhōngwén), 汉语, 漢語)",雾霾蓝,雾霾蓝色,雾霾蓝,rgb,86,104,240,1,5,full,white,zh,,1.1.5,
0,zh,"Chinese (中文 (Zhōngwén), 汉语, 漢語)",亮紫,亮紫色,亮紫色,rgb,239,28,223,1,6,full,white,zh,,1.1.5,
0,zh,"Chinese (中文 (Zhōngwén), 汉语, 漢語)",蓝,蓝色,蓝色,rgb,42,130,232,1,7,full,white,zh,,1.1.5,
0,zh,"Chinese (中文 (Zhōngwén), 汉语, 漢語)",橙,橙色,橙色,rgb,249,119,28,1,8,full,white,zh,,1.1.5,
0,zh,"Chinese (中文 (Zhōngwén), 汉语, 漢語)",深绿,深绿色,深绿色,rgb,19,64,66,1,9,full,white,zh,,1.1.5,
0,zh,"Chinese (中文 (Zhōngwén), 汉语, 漢語)",土黄,土黄色,土黄色,rgb,152,122,37,1,10,full,white,zh,,1.1.5,
0,zh,"Chinese (中文 (Zhōngwén), 汉语, 漢語)",深肉,深肉色,深肉色,rgb,231,138,119,1,11,full,white,zh,,1.1.5,
0,zh,"Chinese (中文 (Zhōngwén), 汉语, 漢語)",灰绿,灰绿色,灰绿色,rgb,98,123,121,3,0,full,white,zh,,1.1.5,
0,zh,"Chinese (中文 (Zhōngwén), 汉语, 漢語)",紫,紫色,紫色,rgb,130,60,111,3,1,full,white,zh,,1.1.5,
0,zh,"Chinese (中文 (Zhōngwén), 汉语, 漢語)",亮紫,亮紫色,亮紫色,rgb,201,37,167,3,2,full,white,zh,,1.1.5,
0,zh,"Chinese (中文 (Zhōngwén), 汉语, 漢語)",土黄,土黄色,土黄色,rgb,187,171,41,3,3,full,white,zh,,1.1.5,
0,zh,"Chinese (中文 (Zhōngwén), 汉语, 漢語)",蓝绿,蓝绿色,蓝绿色,rgb,20,167,121,3,4,full,white,zh,,1.1.5,
0,zh,"Chinese (中文 (Zhōngwén), 汉语, 漢語)",深玫红,深玫红色,深玫红色,rgb,97,14,23,3,5,full,white,zh,,1.1.5,
0,zh,"Chinese (中文 (Zhōngwén), 汉语, 漢語)",淡紫,淡紫色,淡紫色,rgb,145,142,184,3,6,full,white,zh,,1.1.5,
0,zh,"Chinese (中文 (Zhōngwén), 汉语, 漢語)",深绿,深绿色,深绿色,rgb,18,97,27,3,7,full,white,zh,,1.1.5,
0,zh,"Chinese (中文 (Zhōngwén), 汉语, 漢語)",玫红,玫红色,玫红色,rgb,165,17,62,3,8,full,white,zh,,1.1.5,
0,zh,"Chinese (中文 (Zhōngwén), 汉语, 漢語)",灰绿,灰绿色,灰绿色,rgb,118,129,54,3,9,full,white,zh,,1.1.5,
0,zh,"Chinese (中文 (Zhōngwén), 汉语, 漢語)",青,青色,青色,rgb,69,31,255,3,10,full,white,zh,,1.1.5,
0,zh,"Chinese (中文 (Zhōngwén), 汉语, 漢語)",草绿,草绿色,草绿色,rgb,57,213,73,3,11,full,white,zh,,1.1.5,
0,zh,"Chinese (中文 (Zhōngwén), 汉语, 漢語)",粉绿,粉绿色,粉绿色,rgb,95,254,216,6,0,full,white,zh,,1.1.5,
0,zh,"Chinese (中文 (Zhōngwén), 汉语, 漢語)",黑,黑色,黑色,rgb,35,7,15,6,1,full,white,zh,,1.1.5,
0,zh,"Chinese (中文 (Zhōngwén), 汉语, 漢語)",深棕,深棕色,深棕色,rgb,82,58,48,6,2,full,white,zh,,1.1.5,
0,zh,"Chinese (中文 (Zhōngwén), 汉语, 漢語)",草绿,草绿色,草绿色,rgb,105,161,74,6,3,full,white,zh,,1.1.5,
0,zh,"Chinese (中文 (Zhōngwén), 汉语, 漢語)",西瓜红,西瓜红色,西瓜红,rgb,229,68,42,6,4,full,white,zh,,1.1.5,
0,zh,"Chinese (中文 (Zhōngwén), 汉语, 漢語)",草绿,草绿色,草绿色,rgb,51,148,15,6,5,full,white,zh,,1.1.5,
0,zh,"Chinese (中文 (Zhōngwén), 汉语, 漢語)",紫,紫色,紫色,rgb,185,71,249,6,6,full,white,zh,,1.1.5,
0,zh,"Chinese (中文 (Zhōngwén), 汉语, 漢語)",砖红,砖红色,砖红色,rgb,173,64,45,6,7,full,white,zh,,1.1.5,
0,zh,"Chinese (中文 (Zhōngwén), 汉语, 漢語)",浅粉绿,浅粉绿色,浅粉绿,rgb,132,189,159,6,8,full,white,zh,,1.1.5,
0,zh,"Chinese (中文 (Zhōngwén), 汉语, 漢語)",湖蓝,湖蓝色,湖蓝色,rgb,20,89,144,6,9,full,white,zh,,1.1.5,
0,zh,"Chinese (中文 (Zhōngwén), 汉语, 漢語)",棕绿,棕绿色,棕绿色,rgb,52,64,22,6,10,full,white,zh,,1.1.5,
0,zh,"Chinese (中文 (Zhōngwén), 汉语, 漢語)",紫,紫色,紫色,rgb,108,70,247,6,11,full,white,zh,,1.1.5,
0,zh,"Chinese (中文 (Zhōngwén), 汉语, 漢語)",玫红,枚红色,枚红,rgb,255,0,76,3,0,line,white,zh,,1.1.5,
0,zh,"Chinese (中文 (Zhōngwén), 汉语, 漢語)",高亮黄,高亮黄色,高亮黄,rgb,255,243,0,3,1,line,white,zh,,1.1.5,
0,zh,"Chinese (中文 (Zhōngwén), 汉语, 漢語)",科技蓝,科技蓝色,科技蓝,rgb,0,62,255,3,2,line,white,zh,,1.1.5,
0,zh,"Chinese (中文 (Zhōngwén), 汉语, 漢語)",魅惑蓝,魅惑蓝色,魅惑蓝,rgb,47,0,255,3,3,line,white,zh,,1.1.5,
0,zh,"Chinese (中文 (Zhōngwén), 汉语, 漢語)",天蓝,天空蓝色,天空蓝,rgb,0,226,255,3,4,line,white,zh,,1.1.5,
0,zh,"Chinese (中文 (Zhōngwén), 汉语, 漢語)",现代蓝,现代蓝色,现代蓝,rgb,0,74,255,3,5,line,white,zh,,1.1.5,
0,zh,"Chinese (中文 (Zhōngwén), 汉语, 漢語)",宁静蓝,宁静蓝色,宁静蓝,rgb,0,189,255,3,6,line,white,zh,,1.1.5,
0,zh,"Chinese (中文 (Zhōngwén), 汉语, 漢語)",经典蓝,经典蓝色,经典蓝,rgb,0,138,255,3,7,line,white,zh,,1.1.5,
0,zh,"Chinese (中文 (Zhōngwén), 汉语, 漢語)",火热红,火热红色,火热红,rgb,255,19,0,3,8,line,white,zh,,1.1.5,
0,zh,"Chinese (中文 (Zhōngwén), 汉语, 漢語)",深邃蓝,深邃蓝色,深邃蓝,rgb,0,96,255,3,9,line,white,zh,,1.1.5,
0,zh,"Chinese (中文 (Zhōngwén), 汉语, 漢語)",缤纷橙,缤纷橙色,缤纷橙,rgb,255,175,0,3,10,line,white,zh,,1.1.5,
0,zh,"Chinese (中文 (Zhōngwén), 汉语, 漢語)",天青蓝,天青蓝色,天青蓝,rgb,0,238,255,3,11,line,white,zh,,1.1.5,
0,zh,"Chinese (中文 (Zhōngwén), 汉语, 漢語)",黄,黄色,黄,rgb,245,237,13,1,0,full,white,zh,,1.1.5,
0,zh,"Chinese (中文 (Zhōngwén), 汉语, 漢語)",湖水绿,湖水绿色,湖水绿,rgb,55,164,147,1,1,full,white,zh,,1.1.5,
0,zh,"Chinese (中文 (Zhōngwén), 汉语, 漢語)",淡紫,淡紫色,淡紫,rgb,106,117,207,1,2,full,white,zh,,1.1.5,
0,zh,"Chinese (中文 (Zhōngwén), 汉语, 漢語)",深棕,深棕色,深棕色,rgb,122,77,63,1,3,full,white,zh,,1.1.5,
0,zh,"Chinese (中文 (Zhōngwén), 汉语, 漢語)",淡绿,淡绿色,淡绿,rgb,136,244,104,1,4,full,white,zh,,1.1.5,
0,zh,"Chinese (中文 (Zhōngwén), 汉语, 漢語)",草绿,草绿色,草绿,rgb,57,150,77,1,5,full,white,zh,,1.1.5,
0,zh,"Chinese (中文 (Zhōngwén), 汉语, 漢語)",深绿,深绿色,深绿,rgb,67,168,37,1,6,full,white,zh,,1.1.5,
0,zh,"Chinese (中文 (Zhōngwén), 汉语, 漢語)",卡其,卡其色,卡其色,rgb,223,206,127,1,7,full,white,zh,,1.1.5,
0,zh,"Chinese (中文 (Zhōngwén), 汉语, 漢語)",淡棕,淡棕色,淡棕色,rgb,224,166,100,1,8,full,white,zh,,1.1.5,
0,zh,"Chinese (中文 (Zhōngwén), 汉语, 漢語)",红,红色,红色,rgb,244,79,13,1,9,full,white,zh,,1.1.5,
0,zh,"Chinese (中文 (Zhōngwén), 汉语, 漢語)",紫红,紫红色,紫红色,rgb,219,24,175,1,10,full,white,zh,,1.1.5,
0,zh,"Chinese (中文 (Zhōngwén), 汉语, 漢語)",深蓝紫,深紫蓝色,深紫蓝,rgb,62,56,134,1,11,full,white,zh,,1.1.5,
0,zh,"Chinese (中文 (Zhōngwén), 汉语, 漢語)",皮肤,皮肤色,皮肤色,rgb,226,204,199,3,0,full,white,zh,,1.1.5,
0,zh,"Chinese (中文 (Zhōngwén), 汉语, 漢語)",绿灰,绿灰色,绿灰色,rgb,109,121,83,3,1,full,white,zh,,1.1.5,
0,zh,"Chinese (中文 (Zhōngwén), 汉语, 漢語)",蓝紫,蓝紫色,蓝紫色,rgb,84,100,224,3,2,full,white,zh,,1.1.5,
0,zh,"Chinese (中文 (Zhōngwén), 汉语, 漢語)",浅草绿,浅草绿色,浅草绿,rgb,50,213,120,3,3,full,white,zh,,1.1.5,
0,zh,"Chinese (中文 (Zhōngwén), 汉语, 漢語)",湖水蓝,湖水蓝色,湖水蓝,rgb,80,190,237,3,4,full,white,zh,,1.1.5,
0,zh,"Chinese (中文 (Zhōngwén), 汉语, 漢語)",棕,棕色,棕色,rgb,152,79,20,3,5,full,white,zh,,1.1.5,
0,zh,"Chinese (中文 (Zhōngwén), 汉语, 漢語)",蓝,蓝色,蓝色,rgb,64,54,250,3,6,full,white,zh,,1.1.5,
0,zh,"Chinese (中文 (Zhōngwén), 汉语, 漢語)",橙,橙色,橙色,rgb,248,116,96,3,7,full,white,zh,,1.1.5,
0,zh,"Chinese (中文 (Zhōngwén), 汉语, 漢語)",淡紫红,淡紫红色,淡紫红,rgb,174,85,84,3,8,full,white,zh,,1.1.5,
0,zh,"Chinese (中文 (Zhōngwén), 汉语, 漢語)",荧绿,荧绿色,荧绿色,rgb,11,252,12,3,9,full,white,zh,,1.1.5,
0,zh,"Chinese (中文 (Zhōngwén), 汉语, 漢語)",深绿,深绿色,深绿色,rgb,31,100,8,3,10,full,white,zh,,1.1.5,
0,zh,"Chinese (中文 (Zhōngwén), 汉语, 漢語)",青蓝,青蓝色,青蓝色,rgb,92,235,201,3,11,full,white,zh,,1.1.5,
0,zh,"Chinese (中文 (Zhōngwén), 汉语, 漢語)",黑紫,黑紫色,黑紫,rgb,7,20,41,6,0,full,white,zh,,1.1.5,
0,zh,"Chinese (中文 (Zhōngwén), 汉语, 漢語)",粉,粉色,粉色,rgb,232,133,147,6,1,full,white,zh,,1.1.5,
0,zh,"Chinese (中文 (Zhōngwén), 汉语, 漢語)",大红,大红色,大红,rgb,189,13,26,6,2,full,white,zh,,1.1.5,
0,zh,"Chinese (中文 (Zhōngwén), 汉语, 漢語)",薄荷绿,薄荷绿色,薄荷绿,rgb,156,192,165,6,3,full,white,zh,,1.1.5,
0,zh,"Chinese (中文 (Zhōngwén), 汉语, 漢語)",橙,橙色,橙色,rgb,240,125,44,6,4,full,white,zh,,1.1.5,
0,zh,"Chinese (中文 (Zhōngwén), 汉语, 漢語)",淡紫,淡紫色,淡紫,rgb,183,94,207,6,5,full,white,zh,,1.1.5,
0,zh,"Chinese (中文 (Zhōngwén), 汉语, 漢語)",紫黑,紫黑色,紫黑,rgb,79,13,48,6,6,full,white,zh,,1.1.5,
0,zh,"Chinese (中文 (Zhōngwén), 汉语, 漢語)",土黄,土黄色,土黄,rgb,210,189,56,6,7,full,white,zh,,1.1.5,
0,zh,"Chinese (中文 (Zhōngwén), 汉语, 漢語)",玫红,玫红色,玫红,rgb,233,46,115,6,8,full,white,zh,,1.1.5,
0,zh,"Chinese (中文 (Zhōngwén), 汉语, 漢語)",紫红,紫红色,紫红,rgb,142,10,97,6,9,full,white,zh,,1.1.5,
0,zh,"Chinese (中文 (Zhōngwén), 汉语, 漢語)",油绿,油绿色,油绿,rgb,115,132,52,6,10,full,white,zh,,1.1.5,
0,zh,"Chinese (中文 (Zhōngwén), 汉语, 漢語)",深紫,深紫色,深紫,rgb,102,35,167,6,11,full,white,zh,,1.1.5,
0,zh,"Chinese (中文 (Zhōngwén), 汉语, 漢語)",黑,黑色,黑色,rgb,27,59,9,1,0,full,white,zh,,1.1.5,
0,zh,"Chinese (中文 (Zhōngwén), 汉语, 漢語)",黄,黃色,黃,rgb,213,251,90,1,2,full,white,zh,,1.1.5,
0,zh,"Chinese (中文 (Zhōngwén), 汉语, 漢語)",紫,紫色,紫,rgb,167,37,175,1,3,full,white,zh,,1.1.5,
0,zh,"Chinese (中文 (Zhōngwén), 汉语, 漢語)",蓝,藍色,藍,rgb,85,8,232,1,4,full,white,zh,,1.1.5,
0,zh,"Chinese (中文 (Zhōngwén), 汉语, 漢語)",绿,綠色,綠,rgb,154,224,129,1,5,full,white,zh,,1.1.5,
0,zh,"Chinese (中文 (Zhōngwén), 汉语, 漢語)",浅蓝,淺藍色,淺藍,rgb,87,252,249,1,6,full,white,zh,,1.1.5,
0,zh,"Chinese (中文 (Zhōngwén), 汉语, 漢語)",浅紫,淺紫色,淺紫,rgb,114,133,201,1,7,full,white,zh,,1.1.5,
0,zh,"Chinese (中文 (Zhōngwén), 汉语, 漢語)",深蓝,深藍色,深藍,rgb,59,20,107,1,8,full,white,zh,,1.1.5,
0,zh,"Chinese (中文 (Zhōngwén), 汉语, 漢語)",绿,綠色,綠,rgb,156,128,137,1,9,full,white,zh,,1.1.5,
0,zh,"Chinese (中文 (Zhōngwén), 汉语, 漢語)",橘,橘色,橘,rgb,31,226,49,1,10,full,white,zh,,1.1.5,
0,zh,"Chinese (中文 (Zhōngwén), 汉语, 漢語)",红,紅色,紅,rgb,60,180,28,1,11,full,white,zh,,1.1.5,
0,zh,"Chinese (中文 (Zhōngwén), 汉语, 漢語)",米白,米白色,米白,rgb,216,253,231,3,0,full,white,zh,,1.1.5,
0,zh,"Chinese (中文 (Zhōngwén), 汉语, 漢語)",橘,橘色,橘,rgb,218,112,64,3,1,full,white,zh,,1.1.5,
0,zh,"Chinese (中文 (Zhōngwén), 汉语, 漢語)",浅红,淺紅色,淺紅,rgb,238,145,130,3,4,full,white,zh,,1.1.5,
0,zh,"Chinese (中文 (Zhōngwén), 汉语, 漢語)",紫,紫色,紫,rgb,45,109,106,3,5,full,white,zh,,1.1.5,
0,zh,"Chinese (中文 (Zhōngwén), 汉语, 漢語)",蓝绿,藍綠色,藍綠,rgb,185,178,217,3,8,full,white,zh,,1.1.5,
0,zh,"Chinese (中文 (Zhōngwén), 汉语, 漢語)",黑,黑色,黑色,rgb,52,35,52,3,9,full,white,zh,,1.1.5,
0,zh,"Chinese (中文 (Zhōngwén), 汉语, 漢語)",浅绿,淺綠色,淺綠,rgb,68,201,150,3,10,full,white,zh,,1.1.5,
0,zh,"Chinese (中文 (Zhōngwén), 汉语, 漢語)",蓝,藍色,藍色,rgb,73,73,137,3,11,full,white,zh,,1.1.5,
0,zh,"Chinese (中文 (Zhōngwén), 汉语, 漢語)",绿,綠色,綠,rgb,53,184,91,6,0,full,white,zh,,1.1.5,
0,zh,"Chinese (中文 (Zhōngwén), 汉语, 漢語)",黄,黃色,黃,rgb,229,227,0,6,1,full,white,zh,,1.1.5,
0,zh,"Chinese (中文 (Zhōngwén), 汉语, 漢語)",浅绿,淺綠色,淺綠,rgb,31,249,127,6,2,full,white,zh,,1.1.5,
0,zh,"Chinese (中文 (Zhōngwén), 汉语, 漢語)",深紫,深紫色,深紫色,rgb,123,78,119,6,3,full,white,zh,,1.1.5,
0,zh,"Chinese (中文 (Zhōngwén), 汉语, 漢語)",浅蓝,淺藍色,淺藍,rgb,12,191,223,6,4,full,white,zh,,1.1.5,
0,zh,"Chinese (中文 (Zhōngwén), 汉语, 漢語)",黑,黑色,黑色,rgb,53,6,14,6,5,full,white,zh,,1.1.5,
0,zh,"Chinese (中文 (Zhōngwén), 汉语, 漢語)",灰,灰色,灰色,rgb,127,156,175,6,6,full,white,zh,,1.1.5,
0,zh,"Chinese (中文 (Zhōngwén), 汉语, 漢語)",蓝,藍色,藍色,rgb,219,19,243,6,7,full,white,zh,,1.1.5,
0,zh,"Chinese (中文 (Zhōngwén), 汉语, 漢語)",紫红,紫紅色,紫紅,rgb,127,29,99,6,8,full,white,zh,,1.1.5,
0,zh,"Chinese (中文 (Zhōngwén), 汉语, 漢語)",橘红,橘紅色,橘紅,rgb,232,67,70,6,9,full,white,zh,,1.1.5,
0,zh,"Chinese (中文 (Zhōngwén), 汉语, 漢語)",橘,橘色,橘色,rgb,247,131,3,6,10,full,white,zh,,1.1.5,
0,zh,"Chinese (中文 (Zhōngwén), 汉语, 漢語)",咖啡红,咖啡紅色,咖啡紅,rgb,170,109,60,6,11,full,white,zh,,1.1.5,
0,zh,"Chinese (中文 (Zhōngwén), 汉语, 漢語)",浅紫,淺紫色,淺紫色,rgb,208,99,243,1,0,full,white,zh,,1.1.5,
0,zh,"Chinese (中文 (Zhōngwén), 汉语, 漢語)",亮绿,亮綠色,亮綠,rgb,71,248,5,1,1,full,white,zh,,1.1.5,
0,zh,"Chinese (中文 (Zhōngwén), 汉语, 漢語)",粉红,粉紅色,粉紅,rgb,232,137,179,1,2,full,white,zh,,1.1.5,
0,zh,"Chinese (中文 (Zhōngwén), 汉语, 漢語)",桃红,桃紅色,桃紅,rgb,224,64,158,1,3,full,white,zh,,1.1.5,
0,zh,"Chinese (中文 (Zhōngwén), 汉语, 漢語)",深桃红,深桃紅色,深桃紅,rgb,196,73,124,1,4,full,white,zh,,1.1.5,
0,zh,"Chinese (中文 (Zhōngwén), 汉语, 漢語)",军绿,軍綠色,軍綠,rgb,125,156,117,1,5,full,white,zh,,1.1.5,
0,zh,"Chinese (中文 (Zhōngwén), 汉语, 漢語)",湖绿,湖綠色,湖綠,rgb,107,201,144,1,6,full,white,zh,,1.1.5,
0,zh,"Chinese (中文 (Zhōngwén), 汉语, 漢語)",黑,黑色,黑,rgb,10,30,39,1,7,full,white,zh,,1.1.5,
0,zh,"Chinese (中文 (Zhōngwén), 汉语, 漢語)",浅绿,淺綠色,淺綠,rgb,188,250,182,1,8,full,white,zh,,1.1.5,
0,zh,"Chinese (中文 (Zhōngwén), 汉语, 漢語)",紫红,紫紅色,紫紅,rgb,214,119,201,1,9,full,white,zh,,1.1.5,
0,zh,"Chinese (中文 (Zhōngwén), 汉语, 漢語)",粉紫红,粉紫紅色,粉紫紅,rgb,245,42,223,1,10,full,white,zh,,1.1.5,
0,zh,"Chinese (中文 (Zhōngwén), 汉语, 漢語)",蓝绿,藍綠色,藍綠,rgb,37,247,221,1,11,full,white,zh,,1.1.5,
0,zh,"Chinese (中文 (Zhōngwén), 汉语, 漢語)",粉红,粉紅色,粉紅,rgb,223,155,161,3,0,full,white,zh,,1.1.5,
0,zh,"Chinese (中文 (Zhōngwén), 汉语, 漢語)",深绿,深綠色,深綠,rgb,13,109,71,3,1,full,white,zh,,1.1.5,
0,zh,"Chinese (中文 (Zhōngwén), 汉语, 漢語)",绿,綠色,綠,rgb,67,186,17,3,2,full,white,zh,,1.1.5,
0,zh,"Chinese (中文 (Zhōngwén), 汉语, 漢語)",橘,橘色,橘,rgb,239,130,54,3,3,full,white,zh,,1.1.5,
0,zh,"Chinese (中文 (Zhōngwén), 汉语, 漢語)",超深绿,超深綠色,超深綠,rgb,62,82,42,3,4,full,white,zh,,1.1.5,
0,zh,"Chinese (中文 (Zhōngwén), 汉语, 漢語)",浅绿,淺綠色,淺綠,rgb,133,226,124,3,5,full,white,zh,,1.1.5,
0,zh,"Chinese (中文 (Zhōngwén), 汉语, 漢語)",蓝紫,紫藍色,紫藍,rgb,96,61,179,3,6,full,white,zh,,1.1.5,
0,zh,"Chinese (中文 (Zhōngwén), 汉语, 漢語)",褐,褐色,褐色,rgb,162,146,4,3,7,full,white,zh,,1.1.5,
0,zh,"Chinese (中文 (Zhōngwén), 汉语, 漢語)",咖啡,咖啡色,咖啡,rgb,116,15,9,3,8,full,white,zh,,1.1.5,
0,zh,"Chinese (中文 (Zhōngwén), 汉语, 漢語)",浅蓝绿,淺藍綠色,淺藍綠,rgb,189,226,214,3,9,full,white,zh,,1.1.5,
0,zh,"Chinese (中文 (Zhōngwén), 汉语, 漢語)",深咖啡,深咖啡色,深咖啡,rgb,101,60,76,3,10,full,white,zh,,1.1.5,
0,zh,"Chinese (中文 (Zhōngwén), 汉语, 漢語)",浅紫,淺紫色,淺紫,rgb,181,144,251,3,11,full,white,zh,,1.1.5,
0,zh,"Chinese (中文 (Zhōngwén), 汉语, 漢語)",褐,褐色,褐色,rgb,180,178,118,6,0,full,white,zh,,1.1.5,
0,zh,"Chinese (中文 (Zhōngwén), 汉语, 漢語)",红,紅色,紅色,rgb,199,50,77,6,1,full,white,zh,,1.1.5,
0,zh,"Chinese (中文 (Zhōngwén), 汉语, 漢語)",浅紫,淺紫色,淺紫,rgb,177,149,191,6,2,full,white,zh,,1.1.5,
0,zh,"Chinese (中文 (Zhōngwén), 汉语, 漢語)",深蓝绿,深藍綠色,深藍綠,rgb,29,133,163,6,3,full,white,zh,,1.1.5,
0,zh,"Chinese (中文 (Zhōngwén), 汉语, 漢語)",深紫,深紫色,深紫,rgb,81,17,93,6,4,full,white,zh,,1.1.5,
0,zh,"Chinese (中文 (Zhōngwén), 汉语, 漢語)",浅咖啡,淺咖啡色,淺咖啡,rgb,138,117,121,6,5,full,white,zh,,1.1.5,
0,zh,"Chinese (中文 (Zhōngwén), 汉语, 漢語)",亮黄绿,亮黃綠色,亮黃綠,rgb,203,251,96,6,6,full,white,zh,,1.1.5,
0,zh,"Chinese (中文 (Zhōngwén), 汉语, 漢語)",亮橘,亮橘色,亮橘,rgb,248,187,27,6,7,full,white,zh,,1.1.5,
0,zh,"Chinese (中文 (Zhōngwén), 汉语, 漢語)",深绿,深綠色,深綠,rgb,67,116,113,6,8,full,white,zh,,1.1.5,
0,zh,"Chinese (中文 (Zhōngwén), 汉语, 漢語)",咖啡,咖啡色,咖啡,rgb,89,71,53,6,9,full,white,zh,,1.1.5,
0,zh,"Chinese (中文 (Zhōngwén), 汉语, 漢語)",绿,綠色,綠,rgb,114,152,70,6,10,full,white,zh,,1.1.5,
0,zh,"Chinese (中文 (Zhōngwén), 汉语, 漢語)",草绿,草綠色,草綠,rgb,121,157,3,6,11,full,white,zh,,1.1.5,
0,zh,"Chinese (中文 (Zhōngwén), 汉语, 漢語)",深紫,深紫色,深紫色,rgb,169,43,110,1,0,full,white,zh,,1.1.5,
0,zh,"Chinese (中文 (Zhōngwén), 汉语, 漢語)",绿,綠色,綠色,rgb,31,171,9,1,1,full,white,zh,,1.1.5,
0,zh,"Chinese (中文 (Zhōngwén), 汉语, 漢語)",粉红,粉紅色,粉紅色,rgb,248,99,186,1,2,full,white,zh,,1.1.5,
0,zh,"Chinese (中文 (Zhōngwén), 汉语, 漢語)",叶绿,葉綠色,葉綠色,rgb,152,159,13,1,3,full,white,zh,,1.1.5,
0,zh,"Chinese (中文 (Zhōngwén), 汉语, 漢語)",深灰,深灰色,深灰色,rgb,122,121,67,1,4,full,white,zh,,1.1.5,
0,zh,"Chinese (中文 (Zhōngwén), 汉语, 漢語)",棕,棕色,棕色,rgb,183,122,66,1,5,full,white,zh,,1.1.5,
0,zh,"Chinese (中文 (Zhōngwén), 汉语, 漢語)",棕绿,棕綠色,棕綠色,rgb,77,128,22,1,6,full,white,zh,,1.1.5,
0,zh,"Chinese (中文 (Zhōngwén), 汉语, 漢語)",粉灰,粉灰色,粉灰色,rgb,183,150,142,1,7,full,white,zh,,1.1.5,
0,zh,"Chinese (中文 (Zhōngwén), 汉语, 漢語)",靛,靛色,靛色,rgb,55,135,132,1,8,full,white,zh,,1.1.5,
0,zh,"Chinese (中文 (Zhōngwén), 汉语, 漢語)",紫,紫色,紫色,rgb,205,69,240,1,9,full,white,zh,,1.1.5,
0,zh,"Chinese (中文 (Zhōngwén), 汉语, 漢語)",蓝紫,藍紫色,藍紫色,rgb,113,85,128,1,10,full,white,zh,,1.1.5,
0,zh,"Chinese (中文 (Zhōngwén), 汉语, 漢語)",深绿,深綠色,深綠色,rgb,31,153,54,1,11,full,white,zh,,1.1.5,
0,zh,"Chinese (中文 (Zhōngwén), 汉语, 漢語)",灰绿,灰綠色,灰綠色,rgb,5,183,138,3,0,full,white,zh,,1.1.5,
0,zh,"Chinese (中文 (Zhōngwén), 汉语, 漢語)",亮蓝,亮藍色,亮藍色,rgb,34,210,220,3,2,full,white,zh,,1.1.5,
0,zh,"Chinese (中文 (Zhōngwén), 汉语, 漢語)",深绿,深綠色,深綠色,rgb,11,123,70,3,3,full,white,zh,,1.1.5,
0,zh,"Chinese (中文 (Zhōngwén), 汉语, 漢語)",宝蓝,寶藍色,寶藍色,rgb,14,55,141,3,4,full,white,zh,,1.1.5,
0,zh,"Chinese (中文 (Zhōngwén), 汉语, 漢語)",淡绿,淡綠色,淡綠色,rgb,181,254,125,3,5,full,white,zh,,1.1.5,
0,zh,"Chinese (中文 (Zhōngwén), 汉语, 漢語)",蓝紫,藍紫色,藍紫色,rgb,88,30,202,3,6,full,white,zh,,1.1.5,
0,zh,"Chinese (中文 (Zhōngwén), 汉语, 漢語)",浅绿,淺綠色,淺綠色,rgb,134,253,93,3,7,full,white,zh,,1.1.5,
0,zh,"Chinese (中文 (Zhōngwén), 汉语, 漢語)",淡蓝,淡藍色,淡藍色,rgb,89,98,237,3,8,full,white,zh,,1.1.5,
0,zh,"Chinese (中文 (Zhōngwén), 汉语, 漢語)",淡黄,淡黃色,淡黃色,rgb,223,225,81,3,9,full,white,zh,,1.1.5,
0,zh,"Chinese (中文 (Zhōngwén), 汉语, 漢語)",灰蓝,灰藍色,灰藍色,rgb,140,144,209,3,10,full,white,zh,,1.1.5,
0,zh,"Chinese (中文 (Zhōngwén), 汉语, 漢語)",纷红,紛紅色,紛紅色,rgb,230,90,131,3,11,full,white,zh,,1.1.5,
0,zh,"Chinese (中文 (Zhōngwén), 汉语, 漢語)",红棕,紅棕色,紅棕色,rgb,126,58,69,6,0,full,white,zh,,1.1.5,
0,zh,"Chinese (中文 (Zhōngwén), 汉语, 漢語)",宝蓝,寶藍色,寶藍色,rgb,48,22,148,6,1,full,white,zh,,1.1.5,
0,zh,"Chinese (中文 (Zhōngwén), 汉语, 漢語)",橘,橘色,橘色,rgb,218,106,17,6,2,full,white,zh,,1.1.5,
0,zh,"Chinese (中文 (Zhōngwén), 汉语, 漢語)",深蓝,深藍色,深藍色,rgb,32,62,115,6,3,full,white,zh,,1.1.5,
0,zh,"Chinese (中文 (Zhōngwén), 汉语, 漢語)",浅紫,淺紫色,淺紫色,rgb,219,157,239,6,4,full,white,zh,,1.1.5,
0,zh,"Chinese (中文 (Zhōngwén), 汉语, 漢語)",棕灰,棕灰色,棕灰色,rgb,175,177,97,6,5,full,white,zh,,1.1.5,
0,zh,"Chinese (中文 (Zhōngwén), 汉语, 漢語)",浅绿,淺綠色,淺綠色,rgb,162,252,184,6,6,full,white,zh,,1.1.5,
0,zh,"Chinese (中文 (Zhōngwén), 汉语, 漢語)",橘棕,橘棕色,橘棕色,rgb,146,58,26,6,7,full,white,zh,,1.1.5,
0,zh,"Chinese (中文 (Zhōngwén), 汉语, 漢語)",灰绿,灰綠色,灰綠色,rgb,104,150,113,6,8,full,white,zh,,1.1.5,
0,zh,"Chinese (中文 (Zhōngwén), 汉语, 漢語)",浅灰,淺灰色,淺灰色,rgb,221,228,202,6,9,full,white,zh,,1.1.5,
0,zh,"Chinese (中文 (Zhōngwén), 汉语, 漢語)",灰蓝,灰藍色,灰藍色,rgb,70,103,192,6,10,full,white,zh,,1.1.5,
0,zh,"Chinese (中文 (Zhōngwén), 汉语, 漢語)",深绿,深綠色,深綠色,rgb,4,52,41,6,11,full,white,zh,,1.1.5,
0,zh,"Chinese (中文 (Zhōngwén), 汉语, 漢語)",紫红,紅紫色,紅紫色,rgb,154,19,106,1,0,full,white,zh,,1.1.5,
0,zh,"Chinese (中文 (Zhōngwén), 汉语, 漢語)",浊灰,濁灰色,濁灰色,rgb,179,189,162,1,1,full,white,zh,,1.1.5,
0,zh,"Chinese (中文 (Zhōngwén), 汉语, 漢語)",浅棕,淺棕色,淺棕色,rgb,210,170,121,1,2,full,white,zh,,1.1.5,
0,zh,"Chinese (中文 (Zhōngwén), 汉语, 漢語)",咖啡,咖啡色,咖啡色,rgb,67,45,2,1,3,full,white,zh,,1.1.5,
0,zh,"Chinese (中文 (Zhōngwén), 汉语, 漢語)",鲜绿,鮮綠色,鮮綠色,rgb,17,235,23,1,4,full,white,zh,,1.1.5,
0,zh,"Chinese (中文 (Zhōngwén), 汉语, 漢語)",绿蓝,綠藍色,綠藍色,rgb,4,175,146,1,5,full,white,zh,,1.1.5,
0,zh,"Chinese (中文 (Zhōngwén), 汉语, 漢語)",靛,靛色,靛色,rgb,38,112,134,1,6,full,white,zh,,1.1.5,
0,zh,"Chinese (中文 (Zhōngwén), 汉语, 漢語)",明蓝,明藍色,明藍色,rgb,13,163,198,1,7,full,white,zh,,1.1.5,
0,zh,"Chinese (中文 (Zhōngwén), 汉语, 漢語)",深绿,深綠色,深綠色,rgb,4,115,73,1,8,full,white,zh,,1.1.5,
0,zh,"Chinese (中文 (Zhōngwén), 汉语, 漢語)",浅绿,淺綠色,淺綠色,rgb,181,228,37,1,9,full,white,zh,,1.1.5,
0,zh,"Chinese (中文 (Zhōngwén), 汉语, 漢語)",强粉,強粉色,強粉色,rgb,224,83,125,1,10,full,white,zh,,1.1.5,
0,zh,"Chinese (中文 (Zhōngwén), 汉语, 漢語)",强蓝,強藍色,強藍色,rgb,107,151,238,1,11,full,white,zh,,1.1.5,
0,zh,"Chinese (中文 (Zhōngwén), 汉语, 漢語)",深褐,深褐色,深褐色,rgb,113,98,53,3,0,full,white,zh,,1.1.5,
0,zh,"Chinese (中文 (Zhōngwén), 汉语, 漢語)",鲜红,鮮紅色,鮮紅色,rgb,239,53,15,3,1,full,white,zh,,1.1.5,
0,zh,"Chinese (中文 (Zhōngwén), 汉语, 漢語)",深绿,深綠色,深綠色,rgb,82,124,32,3,2,full,white,zh,,1.1.5,
0,zh,"Chinese (中文 (Zhōngwén), 汉语, 漢語)",灰蓝,灰藍色,灰藍色,rgb,140,126,157,3,3,full,white,zh,,1.1.5,
0,zh,"Chinese (中文 (Zhōngwén), 汉语, 漢語)",天蓝,天空藍色,天空藍,rgb,145,216,250,3,4,full,white,zh,,1.1.5,
0,zh,"Chinese (中文 (Zhōngwén), 汉语, 漢語)",鲜绿,鮮綠色,鮮綠色,rgb,26,169,50,3,5,full,white,zh,,1.1.5,
0,zh,"Chinese (中文 (Zhōngwén), 汉语, 漢語)",柔黄,柔黃色,柔黃色,rgb,244,225,144,3,6,full,white,zh,,1.1.5,
0,zh,"Chinese (中文 (Zhōngwén), 汉语, 漢語)",紫红,紫紅色,紫紅色,rgb,53,0,31,3,7,full,white,zh,,1.1.5,
0,zh,"Chinese (中文 (Zhōngwén), 汉语, 漢語)",橘红,橘紅色,橘紅色,rgb,246,120,81,3,8,full,white,zh,,1.1.5,
0,zh,"Chinese (中文 (Zhōngwén), 汉语, 漢語)",强蓝,強藍色,強藍色,rgb,70,89,255,3,9,full,white,zh,,1.1.5,
0,zh,"Chinese (中文 (Zhōngwén), 汉语, 漢語)",墨绿,墨綠色,墨綠色,rgb,140,132,32,3,10,full,white,zh,,1.1.5,
0,zh,"Chinese (中文 (Zhōngwén), 汉语, 漢語)",明蓝,明藍色,明藍色,rgb,105,233,230,3,11,full,white,zh,,1.1.5,
0,zh,"Chinese (中文 (Zhōngwén), 汉语, 漢語)",红棕,紅棕色,紅棕色,rgb,147,42,21,6,0,full,white,zh,,1.1.5,
0,zh,"Chinese (中文 (Zhōngwén), 汉语, 漢語)",鲜紫,鮮紫色,鮮紫色,rgb,129,39,211,6,1,full,white,zh,,1.1.5,
0,zh,"Chinese (中文 (Zhōngwén), 汉语, 漢語)",明红,明紅色,明紅色,rgb,220,7,54,6,2,full,white,zh,,1.1.5,
0,zh,"Chinese (中文 (Zhōngwén), 汉语, 漢語)",浅紫,淺紫色,淺紫色,rgb,176,137,243,6,3,full,white,zh,,1.1.5,
0,zh,"Chinese (中文 (Zhōngwén), 汉语, 漢語)",棕,棕色,棕色,rgb,146,96,79,6,4,full,white,zh,,1.1.5,
0,zh,"Chinese (中文 (Zhōngwén), 汉语, 漢語)",浊粉红,濁粉紅色,濁粉紅,rgb,210,152,183,6,5,full,white,zh,,1.1.5,
0,zh,"Chinese (中文 (Zhōngwén), 汉语, 漢語)",明绿,明綠色,明綠色,rgb,155,228,128,6,6,full,white,zh,,1.1.5,
0,zh,"Chinese (中文 (Zhōngwén), 汉语, 漢語)",明粉,明粉色,明粉色,rgb,240,119,182,6,7,full,white,zh,,1.1.5,
0,zh,"Chinese (中文 (Zhōngwén), 汉语, 漢語)",鲜绿,鮮綠色,鮮綠色,rgb,89,246,194,6,8,full,white,zh,,1.1.5,
0,zh,"Chinese (中文 (Zhōngwén), 汉语, 漢語)",浊紫,濁紫色,濁紫色,rgb,97,73,93,6,9,full,white,zh,,1.1.5,
0,zh,"Chinese (中文 (Zhōngwén), 汉语, 漢語)",鲜粉,鮮粉色,鮮粉色,rgb,248,41,110,6,10,full,white,zh,,1.1.5,
0,zh,"Chinese (中文 (Zhōngwén), 汉语, 漢語)",强蓝,強藍色,強藍色,rgb,32,97,202,6,11,full,white,zh,,1.1.5,
0,zh,"Chinese (中文 (Zhōngwén), 汉语, 漢語)",土耳其蓝,土耳其藍色,土耳其藍,rgb,48,192,213,1,0,full,white,zh,,1.1.5,
0,zh,"Chinese (中文 (Zhōngwén), 汉语, 漢語)",墨绿,墨綠色,墨綠,rgb,1,108,21,1,1,full,white,zh,,1.1.5,
0,zh,"Chinese (中文 (Zhōngwén), 汉语, 漢語)",卡其,卡其色,卡其,rgb,219,222,181,1,2,full,white,zh,,1.1.5,
0,zh,"Chinese (中文 (Zhōngwén), 汉语, 漢語)",酱紫,醬紫色,醬紫,rgb,172,64,146,1,3,full,white,zh,,1.1.5,
0,zh,"Chinese (中文 (Zhōngwén), 汉语, 漢語)",军灰,軍灰色,軍灰,rgb,118,132,118,1,4,full,white,zh,,1.1.5,
0,zh,"Chinese (中文 (Zhōngwén), 汉语, 漢語)",砖红,磚紅色,磚紅,rgb,155,60,36,1,5,full,white,zh,,1.1.5,
0,zh,"Chinese (中文 (Zhōngwén), 汉语, 漢語)",粉紫,粉紫色,粉紫,rgb,217,69,218,1,6,full,white,zh,,1.1.5,
0,zh,"Chinese (中文 (Zhōngwén), 汉语, 漢語)",亮绿,亮綠色,亮綠,rgb,19,232,103,1,7,full,white,zh,,1.1.5,
0,zh,"Chinese (中文 (Zhōngwén), 汉语, 漢語)",蓝,藍色,藍,rgb,62,115,245,1,8,full,white,zh,,1.1.5,
0,zh,"Chinese (中文 (Zhōngwén), 汉语, 漢語)",棕,棕色,棕,rgb,124,95,39,1,9,full,white,zh,,1.1.5,
0,zh,"Chinese (中文 (Zhōngwén), 汉语, 漢語)",灰绿,灰綠色,灰綠,rgb,91,160,140,1,10,full,white,zh,,1.1.5,
0,zh,"Chinese (中文 (Zhōngwén), 汉语, 漢語)",嫩绿,嫩綠色,嫩綠,rgb,84,211,164,1,11,full,white,zh,,1.1.5,
0,zh,"Chinese (中文 (Zhōngwén), 汉语, 漢語)",深卡其,深卡其色,深卡其,rgb,172,144,107,3,0,full,white,zh,,1.1.5,
0,zh,"Chinese (中文 (Zhōngwén), 汉语, 漢語)",浅粉紫,淺粉紫色,淺粉紫,rgb,227,155,227,3,1,full,white,zh,,1.1.5,
0,zh,"Chinese (中文 (Zhōngwén), 汉语, 漢語)",铭黄,銘黃色,銘黃,rgb,250,212,110,3,2,full,white,zh,,1.1.5,
0,zh,"Chinese (中文 (Zhōngwén), 汉语, 漢語)",深蓝,深藍色,深藍,rgb,38,98,168,3,3,full,white,zh,,1.1.5,
0,zh,"Chinese (中文 (Zhōngwén), 汉语, 漢語)",军绿,軍綠色,軍綠,rgb,67,139,86,3,4,full,white,zh,,1.1.5,
0,zh,"Chinese (中文 (Zhōngwén), 汉语, 漢語)",芥末绿,芥末綠色,芥末綠,rgb,137,148,69,3,5,full,white,zh,,1.1.5,
0,zh,"Chinese (中文 (Zhōngwén), 汉语, 漢語)",栗子,栗子色,栗子,rgb,188,108,104,3,6,full,white,zh,,1.1.5,
0,zh,"Chinese (中文 (Zhōngwén), 汉语, 漢語)",普鲁士蓝,普魯士藍色,普魯士藍,rgb,44,181,250,3,7,full,white,zh,,1.1.5,
0,zh,"Chinese (中文 (Zhōngwén), 汉语, 漢語)",宝蓝,寶藍色,寶藍,rgb,24,3,184,3,8,full,white,zh,,1.1.5,
0,zh,"Chinese (中文 (Zhōngwén), 汉语, 漢語)",灰蓝,灰藍色,灰藍,rgb,84,138,179,3,9,full,white,zh,,1.1.5,
0,zh,"Chinese (中文 (Zhōngwén), 汉语, 漢語)",浅土耳其蓝,淺土耳其藍色,淺土耳其藍,rgb,161,209,208,3,10,full,white,zh,,1.1.5,
0,zh,"Chinese (中文 (Zhōngwén), 汉语, 漢語)",亮橙,亮橙色,亮橙,rgb,250,138,55,3,11,full,white,zh,,1.1.5,
0,zh,"Chinese (中文 (Zhōngwén), 汉语, 漢語)",靛,靛色,靛,rgb,135,19,240,6,0,full,white,zh,,1.1.5,
0,zh,"Chinese (中文 (Zhōngwén), 汉语, 漢語)",紫灰,紫灰色,紫灰,rgb,128,109,124,6,1,full,white,zh,,1.1.5,
0,zh,"Chinese (中文 (Zhōngwén), 汉语, 漢語)",海军蓝,海軍藍色,海軍藍,rgb,25,43,85,6,2,full,white,zh,,1.1.5,
0,zh,"Chinese (中文 (Zhōngwén), 汉语, 漢語)",黑紫,黑紫色,黑紫,rgb,49,6,68,6,3,full,white,zh,,1.1.5,
0,zh,"Chinese (中文 (Zhōngwén), 汉语, 漢語)",灰黑,灰黑色,灰黑,rgb,42,52,49,6,4,full,white,zh,,1.1.5,
0,zh,"Chinese (中文 (Zhōngwén), 汉语, 漢語)",深蓝,深藍色,深藍,rgb,0,63,163,6,5,full,white,zh,,1.1.5,
0,zh,"Chinese (中文 (Zhōngwén), 汉语, 漢語)",亮黄,亮黃色,亮黃,rgb,239,239,82,6,6,full,white,zh,,1.1.5,
0,zh,"Chinese (中文 (Zhōngwén), 汉语, 漢語)",浅橘,淺橘色,淺橘,rgb,245,167,97,6,7,full,white,zh,,1.1.5,
0,zh,"Chinese (中文 (Zhōngwén), 汉语, 漢語)",深棕,深棕色,深棕,rgb,89,5,5,6,8,full,white,zh,,1.1.5,
0,zh,"Chinese (中文 (Zhōngwén), 汉语, 漢語)",浅粉,淺粉色,淺粉,rgb,236,186,206,6,9,full,white,zh,,1.1.5,
0,zh,"Chinese (中文 (Zhōngwén), 汉语, 漢語)",芥末黄,芥末黃色,芥末黃,rgb,182,188,55,6,10,full,white,zh,,1.1.5,
0,zh,"Chinese (中文 (Zhōngwén), 汉语, 漢語)",紫,紫色,紫,rgb,118,57,185,6,11,full,white,zh,,1.1.5,
0,zh,"Chinese (中文 (Zhōngwén), 汉语, 漢語)",紫,紫色,紫色,rgb,160,83,238,3,0,full,white,zh,,1.1.5,
0,zh,"Chinese (中文 (Zhōngwén), 汉语, 漢語)",粉紫,粉紫色,粉紫色,rgb,208,140,177,3,2,full,white,zh,,1.1.5,
0,zh,"Chinese (中文 (Zhōngwén), 汉语, 漢語)",粉红,粉紅色,粉紅色,rgb,234,79,155,3,3,full,white,zh,,1.1.5,
0,zh,"Chinese (中文 (Zhōngwén), 汉语, 漢語)",靛蓝,靛藍色,靛藍色,rgb,37,114,228,3,4,full,white,zh,,1.1.5,
0,zh,"Chinese (中文 (Zhōngwén), 汉语, 漢語)",青,青色,青色,rgb,17,159,188,3,5,full,white,zh,,1.1.5,
0,zh,"Chinese (中文 (Zhōngwén), 汉语, 漢語)",浅绿,淺綠色,淺綠色,rgb,55,149,92,3,6,full,white,zh,,1.1.5,
0,zh,"Chinese (中文 (Zhōngwén), 汉语, 漢語)",蓝紫,藍紫色,藍紫色,rgb,106,33,233,3,7,full,white,zh,,1.1.5,
0,zh,"Chinese (中文 (Zhōngwén), 汉语, 漢語)",桃红,桃紅色,桃紅色,rgb,208,2,98,3,8,full,white,zh,,1.1.5,
0,zh,"Chinese (中文 (Zhōngwén), 汉语, 漢語)",深绿,深綠色,深綠色,rgb,1,33,19,3,9,full,white,zh,,1.1.5,
0,zh,"Chinese (中文 (Zhōngwén), 汉语, 漢語)",深紫,深紫色,深紫色,rgb,166,75,148,3,10,full,white,zh,,1.1.5,
0,zh,"Chinese (中文 (Zhōngwén), 汉语, 漢語)",深蓝,深藍色,深藍色,rgb,27,0,148,3,11,full,white,zh,,1.1.5,
0,zh,"Chinese (中文 (Zhōngwén), 汉语, 漢語)",浅绿,淺綠色,淺綠,rgb,149,222,105,1,0,full,white,zh,,1.1.5,
0,zh,"Chinese (中文 (Zhōngwén), 汉语, 漢語)",荧光绿,螢光綠色,螢光綠,rgb,8,231,55,1,1,full,white,zh,,1.1.5,
0,zh,"Chinese (中文 (Zhōngwén), 汉语, 漢語)",粉红,粉紅色,粉紅,rgb,240,156,141,1,2,full,white,zh,,1.1.5,
0,zh,"Chinese (中文 (Zhōngwén), 汉语, 漢語)",浅绿,淺綠色,淺綠,rgb,221,242,179,1,3,full,white,zh,,1.1.5,
0,zh,"Chinese (中文 (Zhōngwén), 汉语, 漢語)",浅绿,淺綠色,淺綠,rgb,20,187,128,1,4,full,white,zh,,1.1.5,
0,zh,"Chinese (中文 (Zhōngwén), 汉语, 漢語)",洋红,洋紅色,洋紅,rgb,201,64,96,1,5,full,white,zh,,1.1.5,
0,zh,"Chinese (中文 (Zhōngwén), 汉语, 漢語)",青灰,青灰色,青灰,rgb,52,124,132,1,6,full,white,zh,,1.1.5,
0,zh,"Chinese (中文 (Zhōngwén), 汉语, 漢語)",紫,紫色,紫,rgb,48,23,110,1,7,full,white,zh,,1.1.5,
0,zh,"Chinese (中文 (Zhōngwén), 汉语, 漢語)",绿,綠色,綠,rgb,32,132,51,1,8,full,white,zh,,1.1.5,
0,zh,"Chinese (中文 (Zhōngwén), 汉语, 漢語)",青,青色,青,rgb,98,138,236,1,9,full,white,zh,,1.1.5,
0,zh,"Chinese (中文 (Zhōngwén), 汉语, 漢語)",粉紫红,粉紅紫色,粉紅紫,rgb,196,127,185,1,10,full,white,zh,,1.1.5,
0,zh,"Chinese (中文 (Zhōngwén), 汉语, 漢語)",青,青色,青,rgb,78,176,231,1,11,full,white,zh,,1.1.5,
0,zh,"Chinese (中文 (Zhōngwén), 汉语, 漢語)",棕,棕色,棕,rgb,150,102,91,3,0,full,white,zh,,1.1.5,
0,zh,"Chinese (中文 (Zhōngwén), 汉语, 漢語)",淡紫,淡紫色,淡紫,rgb,223,220,250,3,1,full,white,zh,,1.1.5,
0,zh,"Chinese (中文 (Zhōngwén), 汉语, 漢語)",土,土色,土,rgb,178,136,15,3,2,full,white,zh,,1.1.5,
0,zh,"Chinese (中文 (Zhōngwén), 汉语, 漢語)",浅棕,淺棕色,淺棕,rgb,157,105,44,3,3,full,white,zh,,1.1.5,
0,zh,"Chinese (中文 (Zhōngwén), 汉语, 漢語)",淡青,淡青色,淡青,rgb,89,208,186,3,4,full,white,zh,,1.1.5,
0,zh,"Chinese (中文 (Zhōngwén), 汉语, 漢語)",淡绿,淡綠色,淡綠,rgb,108,248,189,3,5,full,white,zh,,1.1.5,
0,zh,"Chinese (中文 (Zhōngwén), 汉语, 漢語)",蓝,藍色,藍,rgb,76,100,233,3,6,full,white,zh,,1.1.5,
0,zh,"Chinese (中文 (Zhōngwén), 汉语, 漢語)",橄榄,橄欖色,橄欖,rgb,191,177,74,3,7,full,white,zh,,1.1.5,
0,zh,"Chinese (中文 (Zhōngwén), 汉语, 漢語)",紫红,紫紅色,紫紅,rgb,159,12,91,3,8,full,white,zh,,1.1.5,
0,zh,"Chinese (中文 (Zhōngwén), 汉语, 漢語)",灰,灰色,灰,rgb,102,96,116,3,9,full,white,zh,,1.1.5,
0,zh,"Chinese (中文 (Zhōngwén), 汉语, 漢語)",橙红,橙紅色,橙紅,rgb,254,37,32,3,10,full,white,zh,,1.1.5,
0,zh,"Chinese (中文 (Zhōngwén), 汉语, 漢語)",灰绿,灰綠色,灰綠,rgb,122,162,143,3,11,full,white,zh,,1.1.5,
0,zh,"Chinese (中文 (Zhōngwén), 汉语, 漢語)",浅土,淺土色,淺土,rgb,201,186,166,6,0,full,white,zh,,1.1.5,
0,zh,"Chinese (中文 (Zhōngwén), 汉语, 漢語)",紫,紫色,紫,rgb,198,90,229,6,1,full,white,zh,,1.1.5,
0,zh,"Chinese (中文 (Zhōngwén), 汉语, 漢語)",橙,橙色,橙,rgb,235,102,81,6,2,full,white,zh,,1.1.5,
0,zh,"Chinese (中文 (Zhōngwén), 汉语, 漢語)",鲜紫,鮮紫色,鮮紫,rgb,221,12,205,6,3,full,white,zh,,1.1.5,
0,zh,"Chinese (中文 (Zhōngwén), 汉语, 漢語)",淡青,淡青色,淡青,rgb,181,243,243,6,4,full,white,zh,,1.1.5,
0,zh,"Chinese (中文 (Zhōngwén), 汉语, 漢語)",绿,綠色,綠,rgb,67,224,99,6,5,full,white,zh,,1.1.5,
0,zh,"Chinese (中文 (Zhōngwén), 汉语, 漢語)",土,土色,土,rgb,183,157,100,6,6,full,white,zh,,1.1.5,
0,zh,"Chinese (中文 (Zhōngwén), 汉语, 漢語)",绿,綠色,綠,rgb,80,173,29,6,7,full,white,zh,,1.1.5,
0,zh,"Chinese (中文 (Zhōngwén), 汉语, 漢語)",紫,紫色,紫,rgb,127,52,126,6,8,full,white,zh,,1.1.5,
0,zh,"Chinese (中文 (Zhōngwén), 汉语, 漢語)",暗红,暗紅色,暗紅,rgb,149,52,58,6,9,full,white,zh,,1.1.5,
0,zh,"Chinese (中文 (Zhōngwén), 汉语, 漢語)",墨绿,墨綠色,墨綠,rgb,72,74,6,6,10,full,white,zh,,1.1.5,
0,zh,"Chinese (中文 (Zhōngwén), 汉语, 漢語)",黑,黑色,黑,rgb,38,7,10,6,11,full,white,zh,,1.1.5,
0,zh,"Chinese (中文 (Zhōngwén), 汉语, 漢語)",墨绿,墨綠色,墨綠,rgb,16,53,48,1,0,full,white,zh,,1.1.5,
0,zh,"Chinese (中文 (Zhōngwén), 汉语, 漢語)",蓝,藍色,藍,rgb,15,136,235,1,1,full,white,zh,,1.1.5,
0,zh,"Chinese (中文 (Zhōngwén), 汉语, 漢語)",绿,綠色,綠,rgb,119,212,112,1,2,full,white,zh,,1.1.5,
0,zh,"Chinese (中文 (Zhōngwén), 汉语, 漢語)",粉,粉色,粉,rgb,216,77,148,1,3,full,white,zh,,1.1.5,
0,zh,"Chinese (中文 (Zhōngwén), 汉语, 漢語)",青绿,青綠色,青綠,rgb,149,235,68,1,4,full,white,zh,,1.1.5,
0,zh,"Chinese (中文 (Zhōngwén), 汉语, 漢語)",红,紅色,紅,rgb,187,8,30,1,5,full,white,zh,,1.1.5,
0,zh,"Chinese (中文 (Zhōngwén), 汉语, 漢語)",蓝绿,藍綠色,藍綠,rgb,73,133,164,1,6,full,white,zh,,1.1.5,
0,zh,"Chinese (中文 (Zhōngwén), 汉语, 漢語)",咖啡,咖啡色,咖啡,rgb,88,16,17,1,7,full,white,zh,,1.1.5,
0,zh,"Chinese (中文 (Zhōngwén), 汉语, 漢語)",淡绿,淡綠色,淡綠,rgb,226,238,197,1,8,full,white,zh,,1.1.5,
0,zh,"Chinese (中文 (Zhōngwén), 汉语, 漢語)",土橘红,土橘紅色,土橘紅,rgb,184,70,64,1,9,full,white,zh,,1.1.5,
0,zh,"Chinese (中文 (Zhōngwén), 汉语, 漢語)",深紫,深紫色,深紫,rgb,77,16,60,1,10,full,white,zh,,1.1.5,
0,zh,"Chinese (中文 (Zhōngwén), 汉语, 漢語)",绿,綠色,綠,rgb,220,222,121,1,11,full,white,zh,,1.1.5,
0,zh,"Chinese (中文 (Zhōngwén), 汉语, 漢語)",蓝,藍色,藍,rgb,48,85,225,3,0,full,white,zh,,1.1.5,
0,zh,"Chinese (中文 (Zhōngwén), 汉语, 漢語)",蓝紫,紫藍色,紫藍,rgb,79,36,197,3,1,full,white,zh,,1.1.5,
0,zh,"Chinese (中文 (Zhōngwén), 汉语, 漢語)",绿,綠色,綠,rgb,86,160,156,3,2,full,white,zh,,1.1.5,
0,zh,"Chinese (中文 (Zhōngwén), 汉语, 漢語)",粉紫,粉紫色,粉紫,rgb,146,22,146,3,3,full,white,zh,,1.1.5,
0,zh,"Chinese (中文 (Zhōngwén), 汉语, 漢語)",亮绿,亮綠色,亮綠,rgb,69,249,208,3,4,full,white,zh,,1.1.5,
0,zh,"Chinese (中文 (Zhōngwén), 汉语, 漢語)",深紫,深紫色,深紫,rgb,63,21,91,3,5,full,white,zh,,1.1.5,
0,zh,"Chinese (中文 (Zhōngwén), 汉语, 漢語)",草绿,草綠色,草綠,rgb,76,125,3,3,6,full,white,zh,,1.1.5,
0,zh,"Chinese (中文 (Zhōngwén), 汉语, 漢語)",土绿,土綠色,土綠,rgb,156,180,23,3,7,full,white,zh,,1.1.5,
0,zh,"Chinese (中文 (Zhōngwén), 汉语, 漢語)",咖啡,咖啡色,咖啡,rgb,97,50,13,3,8,full,white,zh,,1.1.5,
0,zh,"Chinese (中文 (Zhōngwén), 汉语, 漢語)",黄蓝绿,黃藍綠色,黃藍綠,rgb,136,188,117,3,9,full,white,zh,,1.1.5,
0,zh,"Chinese (中文 (Zhōngwén), 汉语, 漢語)",荧光绿,螢光綠色,螢光綠,rgb,47,230,148,3,10,full,white,zh,,1.1.5,
0,zh,"Chinese (中文 (Zhōngwén), 汉语, 漢語)",深咖啡,深咖啡色,深咖啡,rgb,48,19,20,3,11,full,white,zh,,1.1.5,
0,zh,"Chinese (中文 (Zhōngwén), 汉语, 漢語)",鲜红,鮮紅色,鮮紅,rgb,243,51,5,6,0,full,white,zh,,1.1.5,
0,zh,"Chinese (中文 (Zhōngwén), 汉语, 漢語)",浅紫,淺紫色,淺紫,rgb,204,148,234,6,1,full,white,zh,,1.1.5,
0,zh,"Chinese (中文 (Zhōngwén), 汉语, 漢語)",灰紫,灰紫色,灰紫,rgb,136,131,183,6,2,full,white,zh,,1.1.5,
0,zh,"Chinese (中文 (Zhōngwén), 汉语, 漢語)",荧光绿,螢光綠色,螢光綠,rgb,213,252,72,6,3,full,white,zh,,1.1.5,
0,zh,"Chinese (中文 (Zhōngwén), 汉语, 漢語)",奶茶,奶茶色,奶茶色,rgb,224,192,139,6,4,full,white,zh,,1.1.5,
0,zh,"Chinese (中文 (Zhōngwén), 汉语, 漢語)",土咖啡,土咖啡色,土咖啡,rgb,128,98,31,6,5,full,white,zh,,1.1.5,
0,zh,"Chinese (中文 (Zhōngwén), 汉语, 漢語)",萤光蓝,螢光藍色,螢光藍,rgb,103,226,227,6,6,full,white,zh,,1.1.5,
0,zh,"Chinese (中文 (Zhōngwén), 汉语, 漢語)",藕紫,藕紫色,藕紫,rgb,164,114,110,6,7,full,white,zh,,1.1.5,
0,zh,"Chinese (中文 (Zhōngwén), 汉语, 漢語)",粉紫,粉紫色,粉紫,rgb,204,11,183,6,8,full,white,zh,,1.1.5,
0,zh,"Chinese (中文 (Zhōngwén), 汉语, 漢語)",蓝,藍色,藍,rgb,42,189,225,6,9,full,white,zh,,1.1.5,
0,zh,"Chinese (中文 (Zhōngwén), 汉语, 漢語)",浅蓝,淺藍色,淺藍,rgb,194,234,243,6,10,full,white,zh,,1.1.5,
0,zh,"Chinese (中文 (Zhōngwén), 汉语, 漢語)",芭比粉,芭比粉色,芭比粉,rgb,250,131,240,6,11,full,white,zh,,1.1.5,
0,zh,"Chinese (中文 (Zhōngwén), 汉语, 漢語)",桃红,桃紅色,桃紅,rgb,199,63,127,1,0,full,white,zh,,1.1.5,
0,zh,"Chinese (中文 (Zhōngwén), 汉语, 漢語)",天蓝,天藍色,天藍,rgb,103,200,232,1,1,full,white,zh,,1.1.5,
0,zh,"Chinese (中文 (Zhōngwén), 汉语, 漢語)",深咖,深咖色,深咖色,rgb,107,62,57,1,2,full,white,zh,,1.1.5,
0,zh,"Chinese (中文 (Zhōngwén), 汉语, 漢語)",草绿,草綠色,草綠,rgb,54,158,46,1,3,full,white,zh,,1.1.5,
0,zh,"Chinese (中文 (Zhōngwén), 汉语, 漢語)",藕粉,藕粉色,藕粉,rgb,202,169,181,1,4,full,white,zh,,1.1.5,
0,zh,"Chinese (中文 (Zhōngwén), 汉语, 漢語)",灰绿,灰綠色,灰綠,rgb,103,137,152,1,5,full,white,zh,,1.1.5,
0,zh,"Chinese (中文 (Zhōngwén), 汉语, 漢語)",靛蓝,靛藍色,靛藍,rgb,52,27,219,1,6,full,white,zh,,1.1.5,
0,zh,"Chinese (中文 (Zhōngwén), 汉语, 漢語)",粉紫,粉紫色,粉紫,rgb,202,193,250,1,7,full,white,zh,,1.1.5,
0,zh,"Chinese (中文 (Zhōngwén), 汉语, 漢語)",夜色蓝,夜色藍色,夜色藍,rgb,19,43,158,1,8,full,white,zh,,1.1.5,
0,zh,"Chinese (中文 (Zhōngwén), 汉语, 漢語)",褐,褐色,褐色,rgb,122,84,29,1,9,full,white,zh,,1.1.5,
0,zh,"Chinese (中文 (Zhōngwén), 汉语, 漢語)",牛仔蓝,牛仔藍色,牛仔藍,rgb,64,96,188,1,10,full,white,zh,,1.1.5,
0,zh,"Chinese (中文 (Zhōngwén), 汉语, 漢語)",荧光绿,螢光綠色,螢光綠,rgb,203,242,29,1,11,full,white,zh,,1.1.5,
0,zh,"Chinese (中文 (Zhōngwén), 汉语, 漢語)",棕灰,棕灰色,棕灰色,rgb,242,235,224,1,0,full,white,zh,,1.1.5,
0,zh,"Chinese (中文 (Zhōngwén), 汉语, 漢語)",萤紫,螢紫色,螢紫色,rgb,209,63,255,1,1,full,white,zh,,1.1.5,
0,zh,"Chinese (中文 (Zhōngwén), 汉语, 漢語)",绿,綠色,綠色,rgb,19,163,13,1,2,full,white,zh,,1.1.5,
0,zh,"Chinese (中文 (Zhōngwén), 汉语, 漢語)",紫,紫色,紫色,rgb,133,84,164,1,3,full,white,zh,,1.1.5,
0,zh,"Chinese (中文 (Zhōngwén), 汉语, 漢語)",青绿,青綠色,青綠,rgb,142,215,78,1,4,full,white,zh,,1.1.5,
0,zh,"Chinese (中文 (Zhōngwén), 汉语, 漢語)",天蓝,天空藍色,天空藍,rgb,115,251,241,1,5,full,white,zh,,1.1.5,
0,zh,"Chinese (中文 (Zhōngwén), 汉语, 漢語)",墨绿,墨綠色,墨綠,rgb,70,89,22,1,6,full,white,zh,,1.1.5,
0,zh,"Chinese (中文 (Zhōngwén), 汉语, 漢語)",黄绿,黃綠色,黃綠,rgb,173,159,50,1,7,full,white,zh,,1.1.5,
0,zh,"Chinese (中文 (Zhōngwén), 汉语, 漢語)",蒂芬尼蓝,蒂芬尼藍色,蒂芬尼藍,rgb,42,217,169,1,8,full,white,zh,,1.1.5,
0,zh,"Chinese (中文 (Zhōngwén), 汉语, 漢語)",草绿,草綠色,草綠,rgb,81,143,20,1,9,full,white,zh,,1.1.5,
0,zh,"Chinese (中文 (Zhōngwén), 汉语, 漢語)",薰衣草紫,薰衣草紫色,薰衣草紫,rgb,192,176,205,1,10,full,white,zh,,1.1.5,
0,zh,"Chinese (中文 (Zhōngwén), 汉语, 漢語)",咖啡,咖啡色,咖啡色,rgb,96,65,38,1,11,full,white,zh,,1.1.5,
0,zh,"Chinese (中文 (Zhōngwén), 汉语, 漢語)",灰,灰色,灰,rgb,158,152,143,3,0,full,white,zh,,1.1.5,
0,zh,"Chinese (中文 (Zhōngwén), 汉语, 漢語)",荧光黄,螢光黃色,螢光黃,rgb,216,249,117,3,1,full,white,zh,,1.1.5,
0,zh,"Chinese (中文 (Zhōngwén), 汉语, 漢語)",暗紫,暗紫色,暗紫,rgb,176,83,132,3,2,full,white,zh,,1.1.5,
0,zh,"Chinese (中文 (Zhōngwén), 汉语, 漢語)",蓝紫,藍紫色,藍紫色,rgb,91,150,249,3,3,full,white,zh,,1.1.5,
0,zh,"Chinese (中文 (Zhōngwén), 汉语, 漢語)",宏,宏色,宏,rgb,213,58,62,3,4,full,white,zh,,1.1.5,
0,zh,"Chinese (中文 (Zhōngwén), 汉语, 漢語)",深灰,深灰色,深灰,rgb,90,86,83,3,5,full,white,zh,,1.1.5,
0,zh,"Chinese (中文 (Zhōngwén), 汉语, 漢語)",浅黄绿,淺黃綠色,淺黃綠,rgb,196,229,155,3,6,full,white,zh,,1.1.5,
0,zh,"Chinese (中文 (Zhōngwén), 汉语, 漢語)",深蓝,深藍色,深藍,rgb,11,3,192,3,7,full,white,zh,,1.1.5,
0,zh,"Chinese (中文 (Zhōngwén), 汉语, 漢語)",深紫,深紫色,深紫,rgb,109,47,197,3,8,full,white,zh,,1.1.5,
0,zh,"Chinese (中文 (Zhōngwén), 汉语, 漢語)",天蓝,天藍色,天藍,rgb,45,167,211,3,9,full,white,zh,,1.1.5,
0,zh,"Chinese (中文 (Zhōngwén), 汉语, 漢語)",粉,粉色,粉,rgb,248,134,237,3,10,full,white,zh,,1.1.5,
0,zh,"Chinese (中文 (Zhōngwén), 汉语, 漢語)",灰蓝,灰藍色,灰藍,rgb,12,51,129,3,11,full,white,zh,,1.1.5,
0,zh,"Chinese (中文 (Zhōngwén), 汉语, 漢語)",驼褐,駝褐色,駝褐,rgb,176,151,110,3,0,full,white,zh,,1.1.5,
0,zh,"Chinese (中文 (Zhōngwén), 汉语, 漢語)",橙,橙色,橙,rgb,244,149,32,3,1,full,white,zh,,1.1.5,
0,zh,"Chinese (中文 (Zhōngwén), 汉语, 漢語)",土红,土紅色,土紅,rgb,199,158,2,3,2,full,white,zh,,1.1.5,
0,zh,"Chinese (中文 (Zhōngwén), 汉语, 漢語)",苔绿,苔綠色,苔綠,rgb,169,191,66,3,3,full,white,zh,,1.1.5,
0,zh,"Chinese (中文 (Zhōngwén), 汉语, 漢語)",砖红,磚紅色,磚紅,rgb,194,77,59,3,4,full,white,zh,,1.1.5,
0,zh,"Chinese (中文 (Zhōngwén), 汉语, 漢語)",亮绿,亮綠色,亮綠,rgb,22,220,35,3,5,full,white,zh,,1.1.5,
0,zh,"Chinese (中文 (Zhōngwén), 汉语, 漢語)",深蓝绿,深藍綠色,深藍綠,rgb,26,79,106,3,6,full,white,zh,,1.1.5,
0,zh,"Chinese (中文 (Zhōngwén), 汉语, 漢語)",浅紫,淺紫色,淺紫,rgb,204,125,217,3,7,full,white,zh,,1.1.5,
0,zh,"Chinese (中文 (Zhōngwén), 汉语, 漢語)",浅土黄,淺土黃色,淺土黃,rgb,220,225,149,3,8,full,white,zh,,1.1.5,
0,zh,"Chinese (中文 (Zhōngwén), 汉语, 漢語)",淡绿,淡綠色,淡綠,rgb,56,192,143,3,9,full,white,zh,,1.1.5,
0,zh,"Chinese (中文 (Zhōngwén), 汉语, 漢語)",艳紫,豔紫色,豔紫,rgb,153,35,195,3,10,full,white,zh,,1.1.5,
0,zh,"Chinese (中文 (Zhōngwén), 汉语, 漢語)",浅绿,淺綠色,淺綠,rgb,241,251,224,3,11,full,white,zh,,1.1.5,
0,zh,"Chinese (中文 (Zhōngwén), 汉语, 漢語)",咖啡,咖啡色,咖啡,rgb,168,84,75,1,0,full,white,zh,,1.1.5,
0,zh,"Chinese (中文 (Zhōngwén), 汉语, 漢語)",绿,綠色,綠,rgb,65,246,105,1,1,full,white,zh,,1.1.5,
0,zh,"Chinese (中文 (Zhōngwén), 汉语, 漢語)",紫,紫色,紫色,rgb,219,54,143,1,2,full,white,zh,,1.1.5,
0,zh,"Chinese (中文 (Zhōngwén), 汉语, 漢語)",青蓝,青藍色,青藍,rgb,48,245,238,1,3,full,white,zh,,1.1.5,
0,zh,"Chinese (中文 (Zhōngwén), 汉语, 漢語)",土,土色,土色,rgb,201,160,59,1,4,full,white,zh,,1.1.5,
0,zh,"Chinese (中文 (Zhōngwén), 汉语, 漢語)",棕,棕色,棕色,rgb,178,158,131,1,5,full,white,zh,,1.1.5,
0,zh,"Chinese (中文 (Zhōngwén), 汉语, 漢語)",桃红,桃紅色,桃紅,rgb,248,68,105,1,6,full,white,zh,,1.1.5,
0,zh,"Chinese (中文 (Zhōngwén), 汉语, 漢語)",蓝,藍色,藍,rgb,98,97,187,1,7,full,white,zh,,1.1.5,
0,zh,"Chinese (中文 (Zhōngwén), 汉语, 漢語)",青绿,青綠色,青綠,rgb,194,205,41,1,8,full,white,zh,,1.1.5,
0,zh,"Chinese (中文 (Zhōngwén), 汉语, 漢語)",深蓝,深藍色,深藍,rgb,35,44,102,1,9,full,white,zh,,1.1.5,
0,zh,"Chinese (中文 (Zhōngwén), 汉语, 漢語)",靛,靛色,靛,rgb,110,49,248,1,10,full,white,zh,,1.1.5,
0,zh,"Chinese (中文 (Zhōngwén), 汉语, 漢語)",天蓝,天空藍色,天空藍,rgb,101,152,212,1,11,full,white,zh,,1.1.5,
0,zh,"Chinese (中文 (Zhōngwén), 汉语, 漢語)",纯黑,純黑色,純黑,rgb,19,17,28,6,0,full,white,zh,,1.1.5,
0,zh,"Chinese (中文 (Zhōngwén), 汉语, 漢語)",亮绿,亮綠色,亮綠,rgb,103,244,141,6,1,full,white,zh,,1.1.5,
0,zh,"Chinese (中文 (Zhōngwén), 汉语, 漢語)",深海蓝,深海藍色,深海藍,rgb,45,92,150,6,2,full,white,zh,,1.1.5,
0,zh,"Chinese (中文 (Zhōngwén), 汉语, 漢語)",蓝紫,藍紫色,藍紫,rgb,159,145,241,6,3,full,white,zh,,1.1.5,
0,zh,"Chinese (中文 (Zhōngwén), 汉语, 漢語)",浅蓝,淺藍色,淺藍,rgb,162,237,234,6,4,full,white,zh,,1.1.5,
0,zh,"Chinese (中文 (Zhōngwén), 汉语, 漢語)",粉,粉色,粉,rgb,239,172,228,6,5,full,white,zh,,1.1.5,
0,zh,"Chinese (中文 (Zhōngwén), 汉语, 漢語)",蓝绿,藍綠色,藍綠,rgb,90,173,163,6,6,full,white,zh,,1.1.5,
0,zh,"Chinese (中文 (Zhōngwén), 汉语, 漢語)",葡萄紫,葡萄紫色,葡萄紫,rgb,100,27,133,6,7,full,white,zh,,1.1.5,
0,zh,"Chinese (中文 (Zhōngwén), 汉语, 漢語)",亮紫,亮紫色,亮紫,rgb,154,96,240,6,8,full,white,zh,,1.1.5,
0,zh,"Chinese (中文 (Zhōngwén), 汉语, 漢語)",紫红,紫紅色,紫紅,rgb,113,8,91,6,9,full,white,zh,,1.1.5,
0,zh,"Chinese (中文 (Zhōngwén), 汉语, 漢語)",深土黄,深土黃色,深土黃,rgb,168,154,73,6,10,full,white,zh,,1.1.5,
0,zh,"Chinese (中文 (Zhōngwén), 汉语, 漢語)",深苔绿,深苔綠色,深苔綠,rgb,60,115,16,6,11,full,white,zh,,1.1.5,
0,zh,"Chinese (中文 (Zhōngwén), 汉语, 漢語)",青绿,青綠色,青綠,rgb,69,217,112,6,0,full,white,zh,,1.1.5,
0,zh,"Chinese (中文 (Zhōngwén), 汉语, 漢語)",灰紫,灰紫色,灰紫,rgb,166,123,147,6,1,full,white,zh,,1.1.5,
0,zh,"Chinese (中文 (Zhōngwén), 汉语, 漢語)",墨蓝,墨藍色,墨藍,rgb,6,47,90,6,2,full,white,zh,,1.1.5,
0,zh,"Chinese (中文 (Zhōngwén), 汉语, 漢語)",土黄,土黃色,土黃,rgb,189,131,3,6,3,full,white,zh,,1.1.5,
0,zh,"Chinese (中文 (Zhōngwén), 汉语, 漢語)",草绿,草綠色,草綠,rgb,93,138,86,6,4,full,white,zh,,1.1.5,
0,zh,"Chinese (中文 (Zhōngwén), 汉语, 漢語)",青绿,青綠色,青綠,rgb,189,204,16,6,5,full,white,zh,,1.1.5,
0,zh,"Chinese (中文 (Zhōngwén), 汉语, 漢語)",浅粉,淺粉色,淺粉,rgb,241,163,197,6,6,full,white,zh,,1.1.5,
0,zh,"Chinese (中文 (Zhōngwén), 汉语, 漢語)",紫,紫色,紫,rgb,139,0,122,6,7,full,white,zh,,1.1.5,
0,zh,"Chinese (中文 (Zhōngwén), 汉语, 漢語)",蓝绿,藍綠色,藍綠,rgb,38,115,129,6,8,full,white,zh,,1.1.5,
0,zh,"Chinese (中文 (Zhōngwén), 汉语, 漢語)",紫红,紫紅色,紫紅,rgb,142,6,82,6,9,full,white,zh,,1.1.5,
0,zh,"Chinese (中文 (Zhōngwén), 汉语, 漢語)",深绿,深綠色,深綠,rgb,4,94,69,6,10,full,white,zh,,1.1.5,
0,zh,"Chinese (中文 (Zhōngwén), 汉语, 漢語)",深紫,深紫色,深紫,rgb,63,34,144,6,11,full,white,zh,,1.1.5,
0,zh,"Chinese (中文 (Zhōngwén), 汉语, 漢語)",湛蓝,湛藍色,湛藍,rgb,61,212,253,3,0,full,white,zh,,1.1.5,
0,zh,"Chinese (中文 (Zhōngwén), 汉语, 漢語)",天蓝,天空藍色,天空藍,rgb,140,181,199,3,1,full,white,zh,,1.1.5,
0,zh,"Chinese (中文 (Zhōngwén), 汉语, 漢語)",青绿,青綠色,青綠,rgb,122,195,50,3,2,full,white,zh,,1.1.5,
0,zh,"Chinese (中文 (Zhōngwén), 汉语, 漢語)",深棕,深棕色,深棕色,rgb,81,74,29,3,3,full,white,zh,,1.1.5,
0,zh,"Chinese (中文 (Zhōngwén), 汉语, 漢語)",橘,橘色,橘色,rgb,237,167,18,3,4,full,white,zh,,1.1.5,
0,zh,"Chinese (中文 (Zhōngwén), 汉语, 漢語)",深紫,深紫色,深紫色,rgb,72,2,91,3,5,full,white,zh,,1.1.5,
0,zh,"Chinese (中文 (Zhōngwén), 汉语, 漢語)",藕,藕色,藕色,rgb,149,82,114,3,6,full,white,zh,,1.1.5,
0,zh,"Chinese (中文 (Zhōngwén), 汉语, 漢語)",紫,紫色,紫色,rgb,218,110,246,3,7,full,white,zh,,1.1.5,
0,zh,"Chinese (中文 (Zhōngwén), 汉语, 漢語)",桃红,桃紅色,桃紅,rgb,216,54,188,3,8,full,white,zh,,1.1.5,
0,zh,"Chinese (中文 (Zhōngwén), 汉语, 漢語)",荧光绿,螢光綠色,螢光綠,rgb,158,243,12,3,9,full,white,zh,,1.1.5,
0,zh,"Chinese (中文 (Zhōngwén), 汉语, 漢語)",青绿,青綠色,青綠,rgb,129,220,180,3,10,full,white,zh,,1.1.5,
0,zh,"Chinese (中文 (Zhōngwén), 汉语, 漢語)",绿,綠色,綠色,rgb,64,148,75,3,11,full,white,zh,,1.1.5,
0,zh,"Chinese (中文 (Zhōngwén), 汉语, 漢語)",深紫,深紫色,深紫色,rgb,106,14,81,6,0,full,white,zh,,1.1.5,
0,zh,"Chinese (中文 (Zhōngwén), 汉语, 漢語)",亮绿,亮綠色,亮綠色,rgb,55,238,167,6,1,full,white,zh,,1.1.5,
0,zh,"Chinese (中文 (Zhōngwén), 汉语, 漢語)",粉红,粉紅色,粉紅色,rgb,244,140,161,6,2,full,white,zh,,1.1.5,
0,zh,"Chinese (中文 (Zhōngwén), 汉语, 漢語)",藕,藕色,藕色,rgb,207,104,190,6,3,full,white,zh,,1.1.5,
0,zh,"Chinese (中文 (Zhōngwén), 汉语, 漢語)",橘,橘色,橘色,rgb,211,75,66,6,4,full,white,zh,,1.1.5,
0,zh,"Chinese (中文 (Zhōngwén), 汉语, 漢語)",亮紫,亮紫色,亮紫色,rgb,212,73,254,6,5,full,white,zh,,1.1.5,
0,zh,"Chinese (中文 (Zhōngwén), 汉语, 漢語)",荧光绿,螢光綠色,螢光綠,rgb,221,254,130,6,6,full,white,zh,,1.1.5,
0,zh,"Chinese (中文 (Zhōngwén), 汉语, 漢語)",桃,桃色,桃色,rgb,193,49,94,6,7,full,white,zh,,1.1.5,
0,zh,"Chinese (中文 (Zhōngwén), 汉语, 漢語)",蓝,藍色,藍色,rgb,72,95,250,6,8,full,white,zh,,1.1.5,
0,zh,"Chinese (中文 (Zhōngwén), 汉语, 漢語)",棕绿,棕綠色,棕綠色,rgb,143,159,31,6,9,full,white,zh,,1.1.5,
0,zh,"Chinese (中文 (Zhōngwén), 汉语, 漢語)",草底绿,草底綠色,草底綠,rgb,187,216,155,6,10,full,white,zh,,1.1.5,
0,zh,"Chinese (中文 (Zhōngwén), 汉语, 漢語)",绿,綠色,綠色,rgb,43,128,1,6,11,full,white,zh,,1.1.5,
0,zh,"Chinese (中文 (Zhōngwén), 汉语, 漢語)",绿,綠色,綠,rgb,33,165,76,1,0,full,white,zh,,1.1.5,
0,zh,"Chinese (中文 (Zhōngwén), 汉语, 漢語)",桃红,桃紅色,桃紅,rgb,199,61,94,1,1,full,white,zh,,1.1.5,
0,zh,"Chinese (中文 (Zhōngwén), 汉语, 漢語)",深绿,深綠色,深綠,rgb,21,124,91,1,2,full,white,zh,,1.1.5,
0,zh,"Chinese (中文 (Zhōngwén), 汉语, 漢語)",浅棕,淺棕色,淺棕,rgb,216,152,125,1,3,full,white,zh,,1.1.5,
0,zh,"Chinese (中文 (Zhōngwén), 汉语, 漢語)",紫,紫色,紫,rgb,170,66,205,1,4,full,white,zh,,1.1.5,
0,zh,"Chinese (中文 (Zhōngwén), 汉语, 漢語)",浅紫,淺紫色,淺紫,rgb,195,123,241,1,5,full,white,zh,,1.1.5,
0,zh,"Chinese (中文 (Zhōngwén), 汉语, 漢語)",亮绿,亮綠色,亮綠,rgb,68,224,42,1,6,full,white,zh,,1.1.5,
0,zh,"Chinese (中文 (Zhōngwén), 汉语, 漢語)",橄榄绿,橄欖綠色,橄欖綠,rgb,99,116,108,1,7,full,white,zh,,1.1.5,
0,zh,"Chinese (中文 (Zhōngwén), 汉语, 漢語)",咖啡,咖啡色,咖啡,rgb,108,73,23,1,8,full,white,zh,,1.1.5,
0,zh,"Chinese (中文 (Zhōngwén), 汉语, 漢語)",淡黄,淡黃色,淡黃,rgb,239,241,163,1,9,full,white,zh,,1.1.5,
0,zh,"Chinese (中文 (Zhōngwén), 汉语, 漢語)",浅绿,淺綠色,淺綠,rgb,170,224,159,1,10,full,white,zh,,1.1.5,
0,zh,"Chinese (中文 (Zhōngwén), 汉语, 漢語)",淡紫,淡紫色,淡紫,rgb,196,187,211,1,11,full,white,zh,,1.1.5,
0,zh,"Chinese (中文 (Zhōngwén), 汉语, 漢語)",军绿,軍綠色,軍綠,rgb,107,105,86,1,0,full,white,zh,,1.1.5,
0,zh,"Chinese (中文 (Zhōngwén), 汉语, 漢語)",褐,褐色,褐,rgb,171,119,97,1,1,full,white,zh,,1.1.5,
0,zh,"Chinese (中文 (Zhōngwén), 汉语, 漢語)",芥末黄,芥末黃色,芥末黃,rgb,228,184,63,1,2,full,white,zh,,1.1.5,
0,zh,"Chinese (中文 (Zhōngwén), 汉语, 漢語)",草地绿,草地綠色,草地綠,rgb,151,224,65,1,3,full,white,zh,,1.1.5,
0,zh,"Chinese (中文 (Zhōngwén), 汉语, 漢語)",水蓝,水藍色,水藍,rgb,84,134,243,1,4,full,white,zh,,1.1.5,
0,zh,"Chinese (中文 (Zhōngwén), 汉语, 漢語)",桃红,桃紅色,桃紅,rgb,249,56,237,1,5,full,white,zh,,1.1.5,
0,zh,"Chinese (中文 (Zhōngwén), 汉语, 漢語)",青绿,青綠色,青綠,rgb,181,234,142,1,6,full,white,zh,,1.1.5,
0,zh,"Chinese (中文 (Zhōngwén), 汉语, 漢語)",酒红,酒紅色,酒紅,rgb,131,22,102,1,7,full,white,zh,,1.1.5,
0,zh,"Chinese (中文 (Zhōngwén), 汉语, 漢語)",粉红,粉紅色,粉紅,rgb,225,160,185,1,8,full,white,zh,,1.1.5,
0,zh,"Chinese (中文 (Zhōngwén), 汉语, 漢語)",深蓝,深藍色,深藍,rgb,23,27,136,1,9,full,white,zh,,1.1.5,
0,zh,"Chinese (中文 (Zhōngwén), 汉语, 漢語)",洋红,洋紅色,洋紅,rgb,207,26,93,1,10,full,white,zh,,1.1.5,
0,zh,"Chinese (中文 (Zhōngwén), 汉语, 漢語)",浅灰,淺灰色,淺灰,rgb,191,188,186,1,11,full,white,zh,,1.1.5,
0,zh,"Chinese (中文 (Zhōngwén), 汉语, 漢語)",蓝,藍色,藍,rgb,63,163,242,1,0,full,white,zh,,1.1.5,
0,zh,"Chinese (中文 (Zhōngwén), 汉语, 漢語)",绿,綠色,綠,rgb,132,250,83,1,1,full,white,zh,,1.1.5,
0,zh,"Chinese (中文 (Zhōngwén), 汉语, 漢語)",绿,綠色,綠,rgb,93,165,75,1,2,full,white,zh,,1.1.5,
0,zh,"Chinese (中文 (Zhōngwén), 汉语, 漢語)",绿,綠色,綠,rgb,34,252,21,1,3,full,white,zh,,1.1.5,
0,zh,"Chinese (中文 (Zhōngwén), 汉语, 漢語)",紫,紫色,紫,rgb,159,167,219,1,4,full,white,zh,,1.1.5,
0,zh,"Chinese (中文 (Zhōngwén), 汉语, 漢語)",紫红,紫紅色,紫紅,rgb,177,32,83,1,5,full,white,zh,,1.1.5,
0,zh,"Chinese (中文 (Zhōngwén), 汉语, 漢語)",绿,綠色,綠,rgb,14,102,0,1,6,full,white,zh,,1.1.5,
0,zh,"Chinese (中文 (Zhōngwén), 汉语, 漢語)",紫,紫色,紫,rgb,144,107,209,1,7,full,white,zh,,1.1.5,
0,zh,"Chinese (中文 (Zhōngwén), 汉语, 漢語)",咖啡,咖啡色,咖啡色,rgb,100,80,79,1,8,full,white,zh,,1.1.5,
0,zh,"Chinese (中文 (Zhōngwén), 汉语, 漢語)",黄绿,黃綠色,黃綠,rgb,182,203,60,1,9,full,white,zh,,1.1.5,
0,zh,"Chinese (中文 (Zhōngwén), 汉语, 漢語)",蓝,藍色,藍,rgb,12,109,149,1,10,full,white,zh,,1.1.5,
0,zh,"Chinese (中文 (Zhōngwén), 汉语, 漢語)",紫,紫色,紫,rgb,172,36,216,1,11,full,white,zh,,1.1.5,
0,zh,"Chinese (中文 (Zhōngwén), 汉语, 漢語)",紫,紫色,紫,rgb,124,67,156,3,0,full,white,zh,,1.1.5,
0,zh,"Chinese (中文 (Zhōngwén), 汉语, 漢語)",暗蓝紫,暗藍紫色,暗藍紫,rgb,117,123,173,3,1,full,white,zh,,1.1.5,
0,zh,"Chinese (中文 (Zhōngwén), 汉语, 漢語)",蓝绿,藍綠色,藍綠,rgb,88,160,158,3,2,full,white,zh,,1.1.5,
0,zh,"Chinese (中文 (Zhōngwén), 汉语, 漢語)",暗绿,暗綠色,暗綠,rgb,104,169,113,3,3,full,white,zh,,1.1.5,
0,zh,"Chinese (中文 (Zhōngwén), 汉语, 漢語)",红棕,紅棕色,紅棕,rgb,123,81,97,3,4,full,white,zh,,1.1.5,
0,zh,"Chinese (中文 (Zhōngwén), 汉语, 漢語)",绿,綠色,綠,rgb,79,145,20,3,5,full,white,zh,,1.1.5,
0,zh,"Chinese (中文 (Zhōngwén), 汉语, 漢語)",棕,棕色,棕,rgb,154,131,81,3,6,full,white,zh,,1.1.5,
0,zh,"Chinese (中文 (Zhōngwén), 汉语, 漢語)",浅绿,淺綠色,淺綠,rgb,211,227,206,3,7,full,white,zh,,1.1.5,
0,zh,"Chinese (中文 (Zhōngwén), 汉语, 漢語)",黑,黑色,黑,rgb,3,28,47,3,8,full,white,zh,,1.1.5,
0,zh,"Chinese (中文 (Zhōngwén), 汉语, 漢語)",靛,靛色,靛,rgb,55,32,121,3,9,full,white,zh,,1.1.5,
0,zh,"Chinese (中文 (Zhōngwén), 汉语, 漢語)",萤光蓝,螢光藍色,螢光藍,rgb,40,244,223,3,10,full,white,zh,,1.1.5,
0,zh,"Chinese (中文 (Zhōngwén), 汉语, 漢語)",蓝紫,藍紫色,藍紫,rgb,88,39,230,3,11,full,white,zh,,1.1.5,
0,zh,"Chinese (中文 (Zhōngwén), 汉语, 漢語)",粉红,粉紅色,粉紅,rgb,241,189,188,3,0,full,white,zh,,1.1.5,
0,zh,"Chinese (中文 (Zhōngwén), 汉语, 漢語)",蓝,藍色,藍,rgb,121,150,160,3,1,full,white,zh,,1.1.5,
0,zh,"Chinese (中文 (Zhōngwén), 汉语, 漢語)",咖啡,咖啡色,咖啡,rgb,89,72,27,3,2,full,white,zh,,1.1.5,
0,zh,"Chinese (中文 (Zhōngwén), 汉语, 漢語)",红,紅色,紅,rgb,238,51,47,3,3,full,white,zh,,1.1.5,
0,zh,"Chinese (中文 (Zhōngwén), 汉语, 漢語)",桃红,桃紅色,桃紅,rgb,199,24,165,3,4,full,white,zh,,1.1.5,
0,zh,"Chinese (中文 (Zhōngwén), 汉语, 漢語)",绿,綠色,綠,rgb,79,196,50,3,5,full,white,zh,,1.1.5,
0,zh,"Chinese (中文 (Zhōngwén), 汉语, 漢語)",绿,綠色,綠,rgb,162,159,95,3,6,full,white,zh,,1.1.5,
0,zh,"Chinese (中文 (Zhōngwén), 汉语, 漢語)",粉红,粉紅色,粉紅,rgb,212,105,174,3,7,full,white,zh,,1.1.5,
0,zh,"Chinese (中文 (Zhōngwén), 汉语, 漢語)",蓝,藍色,藍,rgb,89,202,209,3,8,full,white,zh,,1.1.5,
0,zh,"Chinese (中文 (Zhōngwén), 汉语, 漢語)",咖啡,咖啡色,咖啡,rgb,149,78,17,3,9,full,white,zh,,1.1.5,
0,zh,"Chinese (中文 (Zhōngwén), 汉语, 漢語)",黄,黃色,黃,rgb,182,160,39,3,10,full,white,zh,,1.1.5,
0,zh,"Chinese (中文 (Zhōngwén), 汉语, 漢語)",蓝,藍色,藍,rgb,38,122,224,3,11,full,white,zh,,1.1.5,
0,zh,"Chinese (中文 (Zhōngwén), 汉语, 漢語)",粉紫,粉紫色,粉紫,rgb,188,95,183,3,0,full,white,zh,,1.1.5,
0,zh,"Chinese (中文 (Zhōngwén), 汉语, 漢語)",橄榄绿,橄欖綠色,橄欖綠,rgb,101,153,78,3,1,full,white,zh,,1.1.5,
0,zh,"Chinese (中文 (Zhōngwén), 汉语, 漢語)",青蛙绿,青蛙綠色,青蛙綠,rgb,11,155,90,3,2,full,white,zh,,1.1.5,
0,zh,"Chinese (中文 (Zhōngwén), 汉语, 漢語)",桃红,桃紅色,桃紅,rgb,236,10,136,3,3,full,white,zh,,1.1.5,
0,zh,"Chinese (中文 (Zhōngwén), 汉语, 漢語)",深褐,深褐色,深褐,rgb,65,42,54,3,4,full,white,zh,,1.1.5,
0,zh,"Chinese (中文 (Zhōngwén), 汉语, 漢語)",蓝灰,藍灰色,藍灰,rgb,117,170,172,3,5,full,white,zh,,1.1.5,
0,zh,"Chinese (中文 (Zhōngwén), 汉语, 漢語)",青,青色,青,rgb,21,166,201,3,6,full,white,zh,,1.1.5,
0,zh,"Chinese (中文 (Zhōngwén), 汉语, 漢語)",橘,橘色,橘,rgb,230,99,48,3,7,full,white,zh,,1.1.5,
0,zh,"Chinese (中文 (Zhōngwén), 汉语, 漢語)",深林绿,深林綠色,深林綠,rgb,32,92,75,3,8,full,white,zh,,1.1.5,
0,zh,"Chinese (中文 (Zhōngwén), 汉语, 漢語)",蓝紫,藍紫色,藍紫,rgb,71,73,120,3,9,full,white,zh,,1.1.5,
0,zh,"Chinese (中文 (Zhōngwén), 汉语, 漢語)",绿,綠色,綠,rgb,6,142,15,3,10,full,white,zh,,1.1.5,
0,zh,"Chinese (中文 (Zhōngwén), 汉语, 漢語)",湖水绿,湖水綠色,湖水綠,rgb,37,203,190,3,11,full,white,zh,,1.1.5,
0,zh,"Chinese (中文 (Zhōngwén), 汉语, 漢語)",黄,黃色,黃,rgb,231,131,10,6,0,full,white,zh,,1.1.5,
0,zh,"Chinese (中文 (Zhōngwén), 汉语, 漢語)",咖啡,咖啡色,咖啡,rgb,124,47,60,6,1,full,white,zh,,1.1.5,
0,zh,"Chinese (中文 (Zhōngwén), 汉语, 漢語)",蓝绿,藍綠色,藍綠,rgb,51,181,157,6,2,full,white,zh,,1.1.5,
0,zh,"Chinese (中文 (Zhōngwén), 汉语, 漢語)",蓝,藍色,藍,rgb,67,50,205,6,3,full,white,zh,,1.1.5,
0,zh,"Chinese (中文 (Zhōngwén), 汉语, 漢語)",洋红,洋紅色,洋紅,rgb,241,32,224,6,4,full,white,zh,,1.1.5,
0,zh,"Chinese (中文 (Zhōngwén), 汉语, 漢語)",绿,綠色,綠,rgb,135,243,134,6,5,full,white,zh,,1.1.5,
0,zh,"Chinese (中文 (Zhōngwén), 汉语, 漢語)",深蓝,深藍色,深藍,rgb,13,9,136,6,6,full,white,zh,,1.1.5,
0,zh,"Chinese (中文 (Zhōngwén), 汉语, 漢語)",靛,靛色,靛,rgb,18,19,107,6,7,full,white,zh,,1.1.5,
0,zh,"Chinese (中文 (Zhōngwén), 汉语, 漢語)",绿,綠色,綠,rgb,14,199,126,6,8,full,white,zh,,1.1.5,
0,zh,"Chinese (中文 (Zhōngwén), 汉语, 漢語)",绿,綠色,綠,rgb,7,106,110,6,9,full,white,zh,,1.1.5,
0,zh,"Chinese (中文 (Zhōngwén), 汉语, 漢語)",紫红,紫紅色,紫紅,rgb,142,29,138,6,10,full,white,zh,,1.1.5,
0,zh,"Chinese (中文 (Zhōngwén), 汉语, 漢語)",橘,橘色,橘,rgb,237,146,83,6,11,full,white,zh,,1.1.5,
0,zh,"Chinese (中文 (Zhōngwén), 汉语, 漢語)",黄绿,黃綠色,黃綠,rgb,222,245,3,6,0,full,white,zh,,1.1.5,
0,zh,"Chinese (中文 (Zhōngwén), 汉语, 漢語)",紫红,紫紅色,紫紅,rgb,194,44,137,6,1,full,white,zh,,1.1.5,
0,zh,"Chinese (中文 (Zhōngwén), 汉语, 漢語)",红,紅色,紅,rgb,187,10,41,6,2,full,white,zh,,1.1.5,
0,zh,"Chinese (中文 (Zhōngwén), 汉语, 漢語)",深绿,深綠色,深綠,rgb,80,109,54,6,3,full,white,zh,,1.1.5,
0,zh,"Chinese (中文 (Zhōngwén), 汉语, 漢語)",紫,紫色,紫,rgb,177,96,138,6,4,full,white,zh,,1.1.5,
0,zh,"Chinese (中文 (Zhōngwén), 汉语, 漢語)",浅粉,淺粉色,淺粉,rgb,253,204,198,6,5,full,white,zh,,1.1.5,
0,zh,"Chinese (中文 (Zhōngwén), 汉语, 漢語)",暗褐,暗褐色,暗褐,rgb,68,13,40,6,6,full,white,zh,,1.1.5,
0,zh,"Chinese (中文 (Zhōngwén), 汉语, 漢語)",蓝,藍色,藍,rgb,9,188,250,6,7,full,white,zh,,1.1.5,
0,zh,"Chinese (中文 (Zhōngwén), 汉语, 漢語)",黄绿,綠黃色,綠黃,rgb,164,181,77,6,8,full,white,zh,,1.1.5,
0,zh,"Chinese (中文 (Zhōngwén), 汉语, 漢語)",铭黄,銘黃色,銘黃,rgb,222,190,38,6,9,full,white,zh,,1.1.5,
0,zh,"Chinese (中文 (Zhōngwén), 汉语, 漢語)",浅紫,淺紫色,淺紫,rgb,235,190,245,6,10,full,white,zh,,1.1.5,
0,zh,"Chinese (中文 (Zhōngwén), 汉语, 漢語)",暗红,暗紅色,暗紅,rgb,117,3,77,6,11,full,white,zh,,1.1.5,
0,zh,"Chinese (中文 (Zhōngwén), 汉语, 漢語)",薰衣草蓝,薰衣草藍色,薰衣草藍,rgb,115,141,191,6,0,full,white,zh,,1.1.5,
0,zh,"Chinese (中文 (Zhōngwén), 汉语, 漢語)",浅,淺色,淺,rgb,180,195,140,6,1,full,white,zh,,1.1.5,
0,zh,"Chinese (中文 (Zhōngwén), 汉语, 漢語)",宝宝蓝,寶寶藍色,寶寶藍,rgb,216,243,244,6,2,full,white,zh,,1.1.5,
0,zh,"Chinese (中文 (Zhōngwén), 汉语, 漢語)",橄榄绿,橄欖綠色,橄欖綠,rgb,75,109,2,6,3,full,white,zh,,1.1.5,
0,zh,"Chinese (中文 (Zhōngwén), 汉语, 漢語)",宝蓝,寶藍色,寶藍色,rgb,19,58,211,6,4,full,white,zh,,1.1.5,
0,zh,"Chinese (中文 (Zhōngwén), 汉语, 漢語)",靛,靛色,靛,rgb,17,56,60,6,5,full,white,zh,,1.1.5,
0,zh,"Chinese (中文 (Zhōngwén), 汉语, 漢語)",珊瑚粉,珊瑚粉色,珊瑚粉,rgb,233,144,138,6,6,full,white,zh,,1.1.5,
0,zh,"Chinese (中文 (Zhōngwén), 汉语, 漢語)",浅紫,淺紫色,淺紫,rgb,153,97,233,6,7,full,white,zh,,1.1.5,
0,zh,"Chinese (中文 (Zhōngwén), 汉语, 漢語)",咖啡,咖啡色,咖啡色,rgb,168,111,47,6,8,full,white,zh,,1.1.5,
0,zh,"Chinese (中文 (Zhōngwén), 汉语, 漢語)",蓝,藍色,藍,rgb,11,81,191,6,9,full,white,zh,,1.1.5,
0,zh,"Chinese (中文 (Zhōngwén), 汉语, 漢語)",军绿,軍綠色,軍綠,rgb,119,128,75,6,10,full,white,zh,,1.1.5,
0,zh,"Chinese (中文 (Zhōngwén), 汉语, 漢語)",青绿,青綠色,青綠,rgb,75,252,121,6,11,full,white,zh,,1.1.5,
0,zh,"Chinese (中文 (Zhōngwén), 汉语, 漢語)",黄绿,黃綠色,黃綠色,rgb,166,218,80,1,0,full,white,zh,,1.1.5,
0,zh,"Chinese (中文 (Zhōngwén), 汉语, 漢語)",墨绿,墨綠色,墨綠,rgb,58,92,15,1,1,full,white,zh,,1.1.5,
0,zh,"Chinese (中文 (Zhōngwén), 汉语, 漢語)",薰衣草紫,薰衣草紫色,薰衣草紫,rgb,139,111,185,1,2,full,white,zh,,1.1.5,
0,zh,"Chinese (中文 (Zhōngwén), 汉语, 漢語)",水蓝,水藍色,水藍,rgb,89,220,223,1,3,full,white,zh,,1.1.5,
0,zh,"Chinese (中文 (Zhōngwén), 汉语, 漢語)",酒红,酒紅色,酒紅,rgb,159,60,56,1,4,full,white,zh,,1.1.5,
0,zh,"Chinese (中文 (Zhōngwén), 汉语, 漢語)",荧光绿,螢光綠色,螢光綠,rgb,83,233,112,1,5,full,white,zh,,1.1.5,
0,zh,"Chinese (中文 (Zhōngwén), 汉语, 漢語)",黑嘿,黑嘿色,黑嘿,rgb,49,35,26,1,6,full,white,zh,,1.1.5,
0,zh,"Chinese (中文 (Zhōngwén), 汉语, 漢語)",粉肤,粉膚色,粉膚色,rgb,206,171,166,1,7,full,white,zh,,1.1.5,
0,zh,"Chinese (中文 (Zhōngwén), 汉语, 漢語)",蓝黑,藍黑色,藍黑,rgb,16,6,74,1,8,full,white,zh,,1.1.5,
0,zh,"Chinese (中文 (Zhōngwén), 汉语, 漢語)",紫,紫色,紫,rgb,67,51,129,1,9,full,white,zh,,1.1.5,
0,zh,"Chinese (中文 (Zhōngwén), 汉语, 漢語)",粉,粉色,粉,rgb,227,184,219,1,10,full,white,zh,,1.1.5,
0,zh,"Chinese (中文 (Zhōngwén), 汉语, 漢語)",蓝绿,藍綠色,藍綠,rgb,109,169,154,1,11,full,white,zh,,1.1.5,
0,zh,"Chinese (中文 (Zhōngwén), 汉语, 漢語)",黄绿,黃綠色,黃綠,rgb,112,243,1,3,0,full,white,zh,,1.1.5,
0,zh,"Chinese (中文 (Zhōngwén), 汉语, 漢語)",芥末黄,芥末黃色,芥末黃,rgb,244,219,17,3,1,full,white,zh,,1.1.5,
0,zh,"Chinese (中文 (Zhōngwén), 汉语, 漢語)",葡萄紫,葡萄紫色,葡萄紫,rgb,131,51,141,3,2,full,white,zh,,1.1.5,
0,zh,"Chinese (中文 (Zhōngwén), 汉语, 漢語)",蓝紫,藍紫色,藍紫,rgb,84,87,247,3,3,full,white,zh,,1.1.5,
0,zh,"Chinese (中文 (Zhōngwén), 汉语, 漢語)",墨绿,墨綠色,墨綠,rgb,14,38,57,3,4,full,white,zh,,1.1.5,
0,zh,"Chinese (中文 (Zhōngwén), 汉语, 漢語)",湖水蓝,湖水藍色,湖水藍,rgb,49,139,167,3,5,full,white,zh,,1.1.5,
0,zh,"Chinese (中文 (Zhōngwén), 汉语, 漢語)",草绿,草綠色,草綠,rgb,84,136,92,3,6,full,white,zh,,1.1.5,
0,zh,"Chinese (中文 (Zhōngwén), 汉语, 漢語)",粉蓝,粉藍色,粉藍色,rgb,161,245,216,3,7,full,white,zh,,1.1.5,
0,zh,"Chinese (中文 (Zhōngwén), 汉语, 漢語)",橘,橘色,橘,rgb,237,134,3,3,8,full,white,zh,,1.1.5,
0,zh,"Chinese (中文 (Zhōngwén), 汉语, 漢語)",荧光粉,螢光粉色,螢光粉,rgb,237,92,175,3,9,full,white,zh,,1.1.5,
0,zh,"Chinese (中文 (Zhōngwén), 汉语, 漢語)",湖水绿,湖水綠色,湖水綠,rgb,8,175,117,3,10,full,white,zh,,1.1.5,
0,zh,"Chinese (中文 (Zhōngwén), 汉语, 漢語)",土绿,土綠色,土綠,rgb,153,162,83,3,11,full,white,zh,,1.1.5,
0,zh,"Chinese (中文 (Zhōngwén), 汉语, 漢語)",蜂蜜芥末黄,蜂蜜芥末黃色,蜂蜜芥末黃,rgb,227,223,140,6,0,full,white,zh,,1.1.5,
0,zh,"Chinese (中文 (Zhōngwén), 汉语, 漢語)",鲜紫,鮮紫色,鮮紫,rgb,59,3,244,6,1,full,white,zh,,1.1.5,
0,zh,"Chinese (中文 (Zhōngwén), 汉语, 漢語)",深棕,深棕色,深棕,rgb,61,18,51,6,2,full,white,zh,,1.1.5,
0,zh,"Chinese (中文 (Zhōngwén), 汉语, 漢語)",粉紫,粉紫色,粉紫,rgb,173,80,227,6,3,full,white,zh,,1.1.5,
0,zh,"Chinese (中文 (Zhōngwén), 汉语, 漢語)",桃红,桃紅色,桃紅,rgb,227,47,195,6,4,full,white,zh,,1.1.5,
0,zh,"Chinese (中文 (Zhōngwén), 汉语, 漢語)",卡其绿,卡其綠色,卡其綠,rgb,126,109,55,6,5,full,white,zh,,1.1.5,
0,zh,"Chinese (中文 (Zhōngwén), 汉语, 漢語)",灰蓝,灰藍色,灰藍,rgb,37,86,128,6,6,full,white,zh,,1.1.5,
0,zh,"Chinese (中文 (Zhōngwén), 汉语, 漢語)",婴儿粉,嬰兒粉色,嬰兒粉,rgb,225,145,155,6,7,full,white,zh,,1.1.5,
0,zh,"Chinese (中文 (Zhōngwén), 汉语, 漢語)",墨绿,墨綠色,墨綠,rgb,47,68,47,6,8,full,white,zh,,1.1.5,
0,zh,"Chinese (中文 (Zhōngwén), 汉语, 漢語)",青草绿,青草綠色,青草綠,rgb,76,184,40,6,9,full,white,zh,,1.1.5,
0,zh,"Chinese (中文 (Zhōngwén), 汉语, 漢語)",天蓝,天空藍色,天空藍,rgb,3,124,210,6,10,full,white,zh,,1.1.5,
0,zh,"Chinese (中文 (Zhōngwén), 汉语, 漢語)",鲜紫,鮮紫色,鮮紫,rgb,169,52,251,6,11,full,white,zh,,1.1.5,
0,zh,"Chinese (中文 (Zhōngwén), 汉语, 漢語)",藕紫,藕紫色,藕紫色,rgb,198,173,191,1,0,full,white,zh,,1.1.5,
0,zh,"Chinese (中文 (Zhōngwén), 汉语, 漢語)",军绿,軍綠色,軍綠色,rgb,81,91,53,1,1,full,white,zh,,1.1.5,
0,zh,"Chinese (中文 (Zhōngwén), 汉语, 漢語)",湖水绿,湖水綠色,湖水綠,rgb,116,230,177,1,2,full,white,zh,,1.1.5,
0,zh,"Chinese (中文 (Zhōngwén), 汉语, 漢語)",鹅黄,鵝黃色,鵝黃色,rgb,232,212,88,1,3,full,white,zh,,1.1.5,
0,zh,"Chinese (中文 (Zhōngwén), 汉语, 漢語)",蓝,藍色,藍色,rgb,38,88,223,1,4,full,white,zh,,1.1.5,
0,zh,"Chinese (中文 (Zhōngwén), 汉语, 漢語)",灰紫,灰紫色,灰紫色,rgb,160,106,153,1,5,full,white,zh,,1.1.5,
0,zh,"Chinese (中文 (Zhōngwén), 汉语, 漢語)",水蓝,水藍色,水藍色,rgb,133,170,238,1,6,full,white,zh,,1.1.5,
0,zh,"Chinese (中文 (Zhōngwén), 汉语, 漢語)",青绿,青綠色,青綠色,rgb,41,227,69,1,7,full,white,zh,,1.1.5,
0,zh,"Chinese (中文 (Zhōngwén), 汉语, 漢語)",绿,綠色,綠色,rgb,10,143,105,1,8,full,white,zh,,1.1.5,
0,zh,"Chinese (中文 (Zhōngwén), 汉语, 漢語)",紫,紫色,紫色,rgb,154,114,214,1,9,full,white,zh,,1.1.5,
0,zh,"Chinese (中文 (Zhōngwén), 汉语, 漢語)",红,紅色,紅色,rgb,214,59,71,1,10,full,white,zh,,1.1.5,
0,zh,"Chinese (中文 (Zhōngwén), 汉语, 漢語)",深蓝,深藍色,深藍色,rgb,19,46,96,1,11,full,white,zh,,1.1.5,
0,zh,"Chinese (中文 (Zhōngwén), 汉语, 漢語)",辆蓝,輛藍色,輛藍色,rgb,79,44,201,3,0,full,white,zh,,1.1.5,
0,zh,"Chinese (中文 (Zhōngwén), 汉语, 漢語)",灰蓝,灰藍色,灰藍色,rgb,75,122,122,3,1,full,white,zh,,1.1.5,
0,zh,"Chinese (中文 (Zhōngwén), 汉语, 漢語)",橄榄绿,橄欖綠色,橄欖綠,rgb,136,161,100,3,2,full,white,zh,,1.1.5,
0,zh,"Chinese (中文 (Zhōngwén), 汉语, 漢語)",粉紫,粉紫色,粉紫色,rgb,185,90,166,3,3,full,white,zh,,1.1.5,
0,zh,"Chinese (中文 (Zhōngwén), 汉语, 漢語)",暖橘,暖橘色,暖橘色,rgb,220,144,68,3,4,full,white,zh,,1.1.5,
0,zh,"Chinese (中文 (Zhōngwén), 汉语, 漢語)",桃红,桃紅色,桃紅色,rgb,198,39,108,3,5,full,white,zh,,1.1.5,
0,zh,"Chinese (中文 (Zhōngwén), 汉语, 漢語)",淡灰绿,淡灰綠色,淡灰綠色,rgb,213,223,190,3,6,full,white,zh,,1.1.5,
0,zh,"Chinese (中文 (Zhōngwén), 汉语, 漢語)",猪肝紫,豬肝紫色,豬肝紫,rgb,141,98,109,3,7,full,white,zh,,1.1.5,
0,zh,"Chinese (中文 (Zhōngwén), 汉语, 漢語)",叶绿,葉綠色,葉綠色,rgb,72,122,12,3,8,full,white,zh,,1.1.5,
0,zh,"Chinese (中文 (Zhōngwén), 汉语, 漢語)",紫,紫色,紫色,rgb,131,9,173,3,9,full,white,zh,,1.1.5,
0,zh,"Chinese (中文 (Zhōngwén), 汉语, 漢語)",深紫,深紫色,深紫色,rgb,87,38,106,3,10,full,white,zh,,1.1.5,
0,zh,"Chinese (中文 (Zhōngwén), 汉语, 漢語)",苹果绿,蘋果綠色,蘋果綠,rgb,186,206,14,3,11,full,white,zh,,1.1.5,
0,zh,"Chinese (中文 (Zhōngwén), 汉语, 漢語)",蓝绿,藍綠色,藍綠色,rgb,39,212,211,6,0,full,white,zh,,1.1.5,
0,zh,"Chinese (中文 (Zhōngwén), 汉语, 漢語)",深咖啡,深咖啡色,深咖啡色,rgb,87,32,39,6,1,full,white,zh,,1.1.5,
0,zh,"Chinese (中文 (Zhōngwén), 汉语, 漢語)",蓝,藍色,藍色,rgb,32,68,156,6,2,full,white,zh,,1.1.5,
0,zh,"Chinese (中文 (Zhōngwén), 汉语, 漢語)",土,土色,土色,rgb,160,129,43,6,3,full,white,zh,,1.1.5,
0,zh,"Chinese (中文 (Zhōngwén), 汉语, 漢語)",粉紫,紫粉色,紫粉色,rgb,189,33,165,6,4,full,white,zh,,1.1.5,
0,zh,"Chinese (中文 (Zhōngwén), 汉语, 漢語)",黑,黑色,黑色,rgb,41,23,35,6,5,full,white,zh,,1.1.5,
0,zh,"Chinese (中文 (Zhōngwén), 汉语, 漢語)",芥末黄,芥末黃色,芥末黃,rgb,244,167,36,6,6,full,white,zh,,1.1.5,
0,zh,"Chinese (中文 (Zhōngwén), 汉语, 漢語)",灰蓝,灰藍色,灰藍色,rgb,72,177,212,6,7,full,white,zh,,1.1.5,
0,zh,"Chinese (中文 (Zhōngwén), 汉语, 漢語)",青,青色,青色,rgb,124,216,101,6,8,full,white,zh,,1.1.5,
0,zh,"Chinese (中文 (Zhōngwén), 汉语, 漢語)",砖红,磚紅色,磚紅色,rgb,188,78,44,6,9,full,white,zh,,1.1.5,
0,zh,"Chinese (中文 (Zhōngwén), 汉语, 漢語)",霓虹紫,霓虹紫色,霓虹紫,rgb,205,7,215,6,10,full,white,zh,,1.1.5,
0,zh,"Chinese (中文 (Zhōngwén), 汉语, 漢語)",浅咖啡,淺咖啡色,淺咖啡色,rgb,174,83,76,6,11,full,white,zh,,1.1.5,
0,zh,"Chinese (中文 (Zhōngwén), 汉语, 漢語)",青绿,青綠色,青綠,rgb,50,228,58,1,0,full,white,zh,,1.1.5,
0,zh,"Chinese (中文 (Zhōngwén), 汉语, 漢語)",橄榄绿,橄欖綠色,橄欖綠,rgb,171,179,114,1,1,full,white,zh,,1.1.5,
0,zh,"Chinese (中文 (Zhōngwén), 汉语, 漢語)",暗红,暗紅色,暗紅,rgb,142,47,69,1,2,full,white,zh,,1.1.5,
0,zh,"Chinese (中文 (Zhōngwén), 汉语, 漢語)",深绿,深綠色,深綠,rgb,70,80,28,1,3,full,white,zh,,1.1.5,
0,zh,"Chinese (中文 (Zhōngwén), 汉语, 漢語)",奶茶,奶茶色,奶茶色,rgb,219,205,169,1,4,full,white,zh,,1.1.5,
0,zh,"Chinese (中文 (Zhōngwén), 汉语, 漢語)",孔雀蓝,孔雀藍色,孔雀藍,rgb,46,148,148,1,5,full,white,zh,,1.1.5,
0,zh,"Chinese (中文 (Zhōngwén), 汉语, 漢語)",浅蓝,淺藍色,淺藍,rgb,28,135,226,1,6,full,white,zh,,1.1.5,
0,zh,"Chinese (中文 (Zhōngwén), 汉语, 漢語)",紫,紫色,紫,rgb,128,26,205,1,7,full,white,zh,,1.1.5,
0,zh,"Chinese (中文 (Zhōngwén), 汉语, 漢語)",砖红,磚紅色,磚紅,rgb,216,74,33,1,8,full,white,zh,,1.1.5,
0,zh,"Chinese (中文 (Zhōngwén), 汉语, 漢語)",芥末黄,芥末黃色,芥末黃,rgb,184,160,28,1,9,full,white,zh,,1.1.5,
0,zh,"Chinese (中文 (Zhōngwén), 汉语, 漢語)",蓝绿,藍綠色,藍綠,rgb,22,164,126,1,10,full,white,zh,,1.1.5,
0,zh,"Chinese (中文 (Zhōngwén), 汉语, 漢語)",浅紫,淺紫色,淺紫,rgb,175,121,204,1,11,full,white,zh,,1.1.5,
0,zh,"Chinese (中文 (Zhōngwén), 汉语, 漢語)",靛蓝,靛藍色,靛藍,rgb,57,78,94,3,0,full,white,zh,,1.1.5,
0,zh,"Chinese (中文 (Zhōngwén), 汉语, 漢語)",粉红,粉紅色,粉紅,rgb,190,110,155,3,1,full,white,zh,,1.1.5,
0,zh,"Chinese (中文 (Zhōngwén), 汉语, 漢語)",橘,橘色,橘,rgb,221,127,54,3,2,full,white,zh,,1.1.5,
0,zh,"Chinese (中文 (Zhōngwén), 汉语, 漢語)",咖啡,咖啡色,咖啡,rgb,133,90,12,3,3,full,white,zh,,1.1.5,
0,zh,"Chinese (中文 (Zhōngwén), 汉语, 漢語)",浅咖啡,淺咖啡色,淺咖啡,rgb,145,98,97,3,4,full,white,zh,,1.1.5,
0,zh,"Chinese (中文 (Zhōngwén), 汉语, 漢語)",浅粉红,淺粉紅色,淺粉紅,rgb,239,221,238,3,5,full,white,zh,,1.1.5,
0,zh,"Chinese (中文 (Zhōngwén), 汉语, 漢語)",赭红,赭紅色,赭紅,rgb,198,161,165,3,6,full,white,zh,,1.1.5,
0,zh,"Chinese (中文 (Zhōngwén), 汉语, 漢語)",湖水绿,湖水綠色,湖水綠,rgb,134,176,154,3,7,full,white,zh,,1.1.5,
0,zh,"Chinese (中文 (Zhōngwén), 汉语, 漢語)",亮粉,亮粉色,亮粉,rgb,195,46,181,3,8,full,white,zh,,1.1.5,
0,zh,"Chinese (中文 (Zhōngwén), 汉语, 漢語)",苹果绿,蘋果綠色,蘋果綠,rgb,128,222,14,3,9,full,white,zh,,1.1.5,
0,zh,"Chinese (中文 (Zhōngwén), 汉语, 漢語)",艳红,艷紅色,艷紅,rgb,153,5,108,3,10,full,white,zh,,1.1.5,
0,zh,"Chinese (中文 (Zhōngwén), 汉语, 漢語)",绿,綠色,綠,rgb,70,162,23,3,11,full,white,zh,,1.1.5,
0,zh,"Chinese (中文 (Zhōngwén), 汉语, 漢語)",粉红,粉紅色,粉紅,rgb,243,134,148,6,0,full,white,zh,,1.1.5,
0,zh,"Chinese (中文 (Zhōngwén), 汉语, 漢語)",淡蓝,淡藍色,淡藍,rgb,95,118,241,6,1,full,white,zh,,1.1.5,
0,zh,"Chinese (中文 (Zhōngwén), 汉语, 漢語)",红,紅色,紅,rgb,212,26,61,6,2,full,white,zh,,1.1.5,
0,zh,"Chinese (中文 (Zhōngwén), 汉语, 漢語)",浅青绿,淺青綠色,淺青綠,rgb,127,211,108,6,3,full,white,zh,,1.1.5,
0,zh,"Chinese (中文 (Zhōngwén), 汉语, 漢語)",宝蓝,寶藍色,寶藍,rgb,37,63,238,6,4,full,white,zh,,1.1.5,
0,zh,"Chinese (中文 (Zhōngwén), 汉语, 漢語)",靛蓝,靛藍色,靛藍,rgb,21,71,121,6,5,full,white,zh,,1.1.5,
0,zh,"Chinese (中文 (Zhōngwén), 汉语, 漢語)",浅绿,淺綠色,淺綠,rgb,9,241,159,6,6,full,white,zh,,1.1.5,
0,zh,"Chinese (中文 (Zhōngwén), 汉语, 漢語)",紫,紫色,紫,rgb,105,72,198,6,7,full,white,zh,,1.1.5,
0,zh,"Chinese (中文 (Zhōngwén), 汉语, 漢語)",浅咖啡,淺咖啡色,淺咖啡,rgb,180,142,78,6,8,full,white,zh,,1.1.5,
0,zh,"Chinese (中文 (Zhōngwén), 汉语, 漢語)",砖红,磚紅色,磚紅,rgb,170,55,51,6,9,full,white,zh,,1.1.5,
0,zh,"Chinese (中文 (Zhōngwén), 汉语, 漢語)",墨绿,墨綠色,墨綠,rgb,36,106,76,6,10,full,white,zh,,1.1.5,
0,zh,"Chinese (中文 (Zhōngwén), 汉语, 漢語)",蓝绿,藍綠色,藍綠,rgb,3,144,194,6,11,full,white,zh,,1.1.5,
0,zh,"Chinese (中文 (Zhōngwén), 汉语, 漢語)",枯蓝,枯藍色,枯藍,rgb,10,70,221,1,0,full,white,zh,,1.1.5,
0,zh,"Chinese (中文 (Zhōngwén), 汉语, 漢語)",茶,茶色,茶色,rgb,197,91,23,1,1,full,white,zh,,1.1.5,
0,zh,"Chinese (中文 (Zhōngwén), 汉语, 漢語)",蓝,藍色,藍,rgb,58,112,222,1,2,full,white,zh,,1.1.5,
0,zh,"Chinese (中文 (Zhōngwén), 汉语, 漢語)",灰,灰色,灰,rgb,116,130,131,1,3,full,white,zh,,1.1.5,
0,zh,"Chinese (中文 (Zhōngwén), 汉语, 漢語)",深蓝,深藍色,深藍,rgb,24,80,107,1,4,full,white,zh,,1.1.5,
0,zh,"Chinese (中文 (Zhōngwén), 汉语, 漢語)",白绿,白綠色,白綠,rgb,60,232,126,1,5,full,white,zh,,1.1.5,
0,zh,"Chinese (中文 (Zhōngwén), 汉语, 漢語)",粉红,粉紅色,粉紅,rgb,236,188,246,1,6,full,white,zh,,1.1.5,
0,zh,"Chinese (中文 (Zhōngwén), 汉语, 漢語)",草绿,草綠色,草綠,rgb,149,205,27,1,7,full,white,zh,,1.1.5,
0,zh,"Chinese (中文 (Zhōngwén), 汉语, 漢語)",紫,紫色,紫,rgb,170,99,211,1,8,full,white,zh,,1.1.5,
0,zh,"Chinese (中文 (Zhōngwén), 汉语, 漢語)",红,紅色,紅,rgb,176,22,34,1,9,full,white,zh,,1.1.5,
0,zh,"Chinese (中文 (Zhōngwén), 汉语, 漢語)",浅绿,淺綠色,淺綠,rgb,209,237,155,1,10,full,white,zh,,1.1.5,
0,zh,"Chinese (中文 (Zhōngwén), 汉语, 漢語)",绿,綠色,綠,rgb,31,174,56,1,11,full,white,zh,,1.1.5,
0,zh,"Chinese (中文 (Zhōngwén), 汉语, 漢語)",深绿,深綠色,深綠,rgb,50,112,95,3,0,full,white,zh,,1.1.5,
0,zh,"Chinese (中文 (Zhōngwén), 汉语, 漢語)",橙,橙色,橙,rgb,235,151,1,3,1,full,white,zh,,1.1.5,
0,zh,"Chinese (中文 (Zhōngwén), 汉语, 漢語)",粉紫,粉紫色,粉紫,rgb,175,172,204,3,2,full,white,zh,,1.1.5,
0,zh,"Chinese (中文 (Zhōngwén), 汉语, 漢語)",蓝绿,藍綠色,藍綠,rgb,128,186,181,3,3,full,white,zh,,1.1.5,
0,zh,"Chinese (中文 (Zhōngwén), 汉语, 漢語)",黄绿,黃綠色,黃綠,rgb,44,239,60,3,4,full,white,zh,,1.1.5,
0,zh,"Chinese (中文 (Zhōngwén), 汉语, 漢語)",黑,黑色,黑,rgb,29,57,35,3,5,full,white,zh,,1.1.5,
0,zh,"Chinese (中文 (Zhōngwén), 汉语, 漢語)",黄,黃色,黃,rgb,219,244,64,3,6,full,white,zh,,1.1.5,
0,zh,"Chinese (中文 (Zhōngwén), 汉语, 漢語)",军绿,軍綠色,軍綠,rgb,81,142,43,3,7,full,white,zh,,1.1.5,
0,zh,"Chinese (中文 (Zhōngwén), 汉语, 漢語)",肤,膚色,膚色,rgb,245,174,85,3,8,full,white,zh,,1.1.5,
0,zh,"Chinese (中文 (Zhōngwén), 汉语, 漢語)",紫,紫色,紫,rgb,157,119,180,3,9,full,white,zh,,1.1.5,
0,zh,"Chinese (中文 (Zhōngwén), 汉语, 漢語)",朱,朱色,朱色,rgb,244,83,62,3,10,full,white,zh,,1.1.5,
0,zh,"Chinese (中文 (Zhōngwén), 汉语, 漢語)",草绿,草綠色,草綠,rgb,70,151,95,3,11,full,white,zh,,1.1.5,
0,zh,"Chinese (中文 (Zhōngwén), 汉语, 漢語)",黑,黑色,黑,rgb,52,22,36,6,0,full,white,zh,,1.1.5,
0,zh,"Chinese (中文 (Zhōngwén), 汉语, 漢語)",粉紫,粉紫色,粉紫色,rgb,243,4,216,6,1,full,white,zh,,1.1.5,
0,zh,"Chinese (中文 (Zhōngwén), 汉语, 漢語)",土黄,土黃色,土黃,rgb,215,209,80,6,2,full,white,zh,,1.1.5,
0,zh,"Chinese (中文 (Zhōngwén), 汉语, 漢語)",米,米色,米色,rgb,194,181,156,6,3,full,white,zh,,1.1.5,
0,zh,"Chinese (中文 (Zhōngwén), 汉语, 漢語)",希腊蓝,希臘藍色,希臘藍,rgb,25,136,191,6,4,full,white,zh,,1.1.5,
0,zh,"Chinese (中文 (Zhōngwén), 汉语, 漢語)",珊瑚红,珊瑚紅色,珊瑚紅,rgb,246,73,140,6,5,full,white,zh,,1.1.5,
0,zh,"Chinese (中文 (Zhōngwén), 汉语, 漢語)",鹅黄,鵝黃色,鵝黃色,rgb,222,200,124,6,6,full,white,zh,,1.1.5,
0,zh,"Chinese (中文 (Zhōngwén), 汉语, 漢語)",海军蓝,海軍藍色,海軍藍,rgb,8,10,102,6,7,full,white,zh,,1.1.5,
0,zh,"Chinese (中文 (Zhōngwén), 汉语, 漢語)",粉,粉色,粉,rgb,239,220,233,6,8,full,white,zh,,1.1.5,
0,zh,"Chinese (中文 (Zhōngwén), 汉语, 漢語)",棕,棕色,棕色,rgb,174,85,52,6,9,full,white,zh,,1.1.5,
0,zh,"Chinese (中文 (Zhōngwén), 汉语, 漢語)",蓝紫,藍紫色,藍紫色,rgb,176,158,248,6,10,full,white,zh,,1.1.5,
0,zh,"Chinese (中文 (Zhōngwén), 汉语, 漢語)",土耳其,土耳其色,土耳其,rgb,159,143,67,6,11,full,white,zh,,1.1.5,
0,zh,"Chinese (中文 (Zhōngwén), 汉语, 漢語)",正红,正紅色,正紅色,rgb,214,31,51,1,0,full,white,zh,,1.1.5,
0,zh,"Chinese (中文 (Zhōngwén), 汉语, 漢語)",水蓝,水藍色,水藍色,rgb,133,227,244,1,1,full,white,zh,,1.1.5,
0,zh,"Chinese (中文 (Zhōngwén), 汉语, 漢語)",绿,綠色,綠色,rgb,43,199,153,1,2,full,white,zh,,1.1.5,
0,zh,"Chinese (中文 (Zhōngwén), 汉语, 漢語)",湖水蓝,湖水藍色,湖水藍,rgb,53,159,174,1,3,full,white,zh,,1.1.5,
0,zh,"Chinese (中文 (Zhōngwén), 汉语, 漢語)",浅蓝紫,淺藍紫色,淺藍紫色,rgb,153,183,254,1,4,full,white,zh,,1.1.5,
0,zh,"Chinese (中文 (Zhōngwén), 汉语, 漢語)",桃红,桃紅色,桃紅色,rgb,211,2,82,1,5,full,white,zh,,1.1.5,
0,zh,"Chinese (中文 (Zhōngwén), 汉语, 漢語)",土,土色,土色,rgb,206,151,59,1,6,full,white,zh,,1.1.5,
0,zh,"Chinese (中文 (Zhōngwén), 汉语, 漢語)",橙黄,橙黃色,橙黃色,rgb,234,206,59,1,7,full,white,zh,,1.1.5,
0,zh,"Chinese (中文 (Zhōngwén), 汉语, 漢語)",橙,橙色,橙色,rgb,220,94,39,1,8,full,white,zh,,1.1.5,
0,zh,"Chinese (中文 (Zhōngwén), 汉语, 漢語)",深灰蓝,深灰藍色,深灰藍色,rgb,95,103,145,1,9,full,white,zh,,1.1.5,
0,zh,"Chinese (中文 (Zhōngwén), 汉语, 漢語)",草绿,草綠色,草綠色,rgb,99,236,137,1,10,full,white,zh,,1.1.5,
0,zh,"Chinese (中文 (Zhōngwén), 汉语, 漢語)",蓝紫,藍紫色,藍紫色,rgb,147,119,243,1,11,full,white,zh,,1.1.5,
0,zh,"Chinese (中文 (Zhōngwén), 汉语, 漢語)",墨绿,墨綠色,墨綠色,rgb,87,128,1,3,0,full,white,zh,,1.1.5,
0,zh,"Chinese (中文 (Zhōngwén), 汉语, 漢語)",黄绿,黃綠色,黃綠色,rgb,132,199,45,3,1,full,white,zh,,1.1.5,
0,zh,"Chinese (中文 (Zhōngwén), 汉语, 漢語)",紫红,紫紅色,紫紅色,rgb,240,105,204,3,2,full,white,zh,,1.1.5,
0,zh,"Chinese (中文 (Zhōngwén), 汉语, 漢語)",芋头,芋頭色,芋頭色,rgb,167,116,167,3,3,full,white,zh,,1.1.5,
0,zh,"Chinese (中文 (Zhōngwén), 汉语, 漢語)",海军蓝,海軍藍色,海軍藍色,rgb,107,68,248,3,4,full,white,zh,,1.1.5,
0,zh,"Chinese (中文 (Zhōngwén), 汉语, 漢語)",浅灰绿,淺灰綠色,淺灰綠色,rgb,167,200,138,3,5,full,white,zh,,1.1.5,
0,zh,"Chinese (中文 (Zhōngwén), 汉语, 漢語)",粉橘,粉橘色,粉橘色,rgb,247,190,141,3,6,full,white,zh,,1.1.5,
0,zh,"Chinese (中文 (Zhōngwén), 汉语, 漢語)",樱花粉,櫻花粉色,櫻花粉色,rgb,243,199,200,3,7,full,white,zh,,1.1.5,
0,zh,"Chinese (中文 (Zhōngwén), 汉语, 漢語)",深蓝,深藍色,深藍色,rgb,35,10,72,3,8,full,white,zh,,1.1.5,
0,zh,"Chinese (中文 (Zhōngwén), 汉语, 漢語)",紫,紫色,紫色,rgb,194,68,233,3,9,full,white,zh,,1.1.5,
0,zh,"Chinese (中文 (Zhōngwén), 汉语, 漢語)",灰棕,灰棕色,灰棕色,rgb,141,141,130,3,10,full,white,zh,,1.1.5,
0,zh,"Chinese (中文 (Zhōngwén), 汉语, 漢語)",普鲁士蓝,普魯士藍色,普魯士藍,rgb,80,112,188,3,11,full,white,zh,,1.1.5,
0,zh,"Chinese (中文 (Zhōngwén), 汉语, 漢語)",橄榄绿,橄欖綠色,橄欖綠色,rgb,155,180,78,6,0,full,white,zh,,1.1.5,
0,zh,"Chinese (中文 (Zhōngwén), 汉语, 漢語)",正蓝,正藍色,正藍色,rgb,19,16,250,6,1,full,white,zh,,1.1.5,
0,zh,"Chinese (中文 (Zhōngwén), 汉语, 漢語)",正紫,正紫色,正紫色,rgb,111,40,149,6,2,full,white,zh,,1.1.5,
0,zh,"Chinese (中文 (Zhōngwén), 汉语, 漢語)",午夜蓝,午夜藍色,午夜藍色,rgb,11,71,97,6,3,full,white,zh,,1.1.5,
0,zh,"Chinese (中文 (Zhōngwén), 汉语, 漢語)",天蓝,天空藍色,天空藍色,rgb,40,178,227,6,4,full,white,zh,,1.1.5,
0,zh,"Chinese (中文 (Zhōngwén), 汉语, 漢語)",青绿,青綠色,青綠色,rgb,153,254,186,6,5,full,white,zh,,1.1.5,
0,zh,"Chinese (中文 (Zhōngwén), 汉语, 漢語)",正绿,正綠色,正綠色,rgb,25,227,54,6,6,full,white,zh,,1.1.5,
0,zh,"Chinese (中文 (Zhōngwén), 汉语, 漢語)",桃红,桃紅色,桃紅色,rgb,238,94,107,6,7,full,white,zh,,1.1.5,
0,zh,"Chinese (中文 (Zhōngwén), 汉语, 漢語)",深棕红,深棕紅色,深棕紅色,rgb,94,27,34,6,8,full,white,zh,,1.1.5,
0,zh,"Chinese (中文 (Zhōngwén), 汉语, 漢語)",深紫,深紫色,深紫色,rgb,97,63,122,6,9,full,white,zh,,1.1.5,
0,zh,"Chinese (中文 (Zhōngwén), 汉语, 漢語)",孔雀绿,孔雀綠色,孔雀綠色,rgb,40,192,59,6,10,full,white,zh,,1.1.5,
0,zh,"Chinese (中文 (Zhōngwén), 汉语, 漢語)",砖红,磚紅色,磚紅色,rgb,179,82,55,6,11,full,white,zh,,1.1.5,
0,zh,"Chinese (中文 (Zhōngwén), 汉语, 漢語)",湖蓝,湖蓝色,湖蓝,rgb,130,203,220,1,0,full,white,en,,1.1.5,
0,zh,"Chinese (中文 (Zhōngwén), 汉语, 漢語)",草绿,草绿色,草绿,rgb,138,166,100,1,1,full,white,en,,1.1.5,
0,zh,"Chinese (中文 (Zhōngwén), 汉语, 漢語)",靛青,靛青色,靛青,rgb,40,69,168,1,2,full,white,en,,1.1.5,
0,zh,"Chinese (中文 (Zhōngwén), 汉语, 漢語)",玫红,玫红色,玫红,rgb,214,18,93,1,3,full,white,en,,1.1.5,
0,zh,"Chinese (中文 (Zhōngwén), 汉语, 漢語)",抹茶绿,抹茶绿色,抹茶绿,rgb,156,166,36,1,4,full,white,en,,1.1.5,
0,zh,"Chinese (中文 (Zhōngwén), 汉语, 漢語)",紫,紫色,紫色,rgb,89,40,88,1,5,full,white,en,,1.1.5,
0,zh,"Chinese (中文 (Zhōngwén), 汉语, 漢語)",粉,粉色,粉色,rgb,251,207,244,1,6,full,white,en,,1.1.5,
0,zh,"Chinese (中文 (Zhōngwén), 汉语, 漢語)",薄荷绿,薄荷绿色,薄荷绿,rgb,123,254,213,1,7,full,white,en,,1.1.5,
0,zh,"Chinese (中文 (Zhōngwén), 汉语, 漢語)",黄绿,黄绿色,黄绿,rgb,225,218,70,1,8,full,white,en,,1.1.5,
0,zh,"Chinese (中文 (Zhōngwén), 汉语, 漢語)",深蓝,深蓝色,深蓝,rgb,25,27,86,1,9,full,white,en,,1.1.5,
0,zh,"Chinese (中文 (Zhōngwén), 汉语, 漢語)",卡其,卡其色,卡其,rgb,186,180,155,1,10,full,white,en,,1.1.5,
0,zh,"Chinese (中文 (Zhōngwén), 汉语, 漢語)",橘,橘色,橘色,rgb,240,182,109,1,11,full,white,en,,1.1.5,
0,zh,"Chinese (中文 (Zhōngwén), 汉语, 漢語)",深紫,深紫色,深紫色,rgb,108,86,123,3,0,full,white,en,,1.1.5,
0,zh,"Chinese (中文 (Zhōngwén), 汉语, 漢語)",深绿,深绿色,深绿色,rgb,52,68,39,3,1,full,white,en,,1.1.5,
0,zh,"Chinese (中文 (Zhōngwén), 汉语, 漢語)",浅绿,浅绿色,浅绿色,rgb,135,212,60,3,2,full,white,en,,1.1.5,
0,zh,"Chinese (中文 (Zhōngwén), 汉语, 漢語)",薄荷绿,薄荷绿色,薄荷绿,rgb,82,237,131,3,3,full,white,en,,1.1.5,
0,zh,"Chinese (中文 (Zhōngwén), 汉语, 漢語)",黄绿,黄绿色,黄绿色,rgb,208,248,83,3,4,full,white,en,,1.1.5,
0,zh,"Chinese (中文 (Zhōngwén), 汉语, 漢語)",荧光紫,荧光紫色,荧光紫,rgb,118,92,237,3,5,full,white,en,,1.1.5,
0,zh,"Chinese (中文 (Zhōngwén), 汉语, 漢語)",荧光绿,荧光绿色,荧光绿,rgb,9,250,40,3,6,full,white,en,,1.1.5,
0,zh,"Chinese (中文 (Zhōngwén), 汉语, 漢語)",草绿,草绿色,草绿色,rgb,86,149,7,3,7,full,white,en,,1.1.5,
0,zh,"Chinese (中文 (Zhōngwén), 汉语, 漢語)",浅粉,浅粉色,浅粉色,rgb,248,144,185,3,8,full,white,en,,1.1.5,
0,zh,"Chinese (中文 (Zhōngwén), 汉语, 漢語)",豆沙,豆沙色,豆沙色,rgb,187,104,115,3,9,full,white,en,,1.1.5,
0,zh,"Chinese (中文 (Zhōngwén), 汉语, 漢語)",绿,绿色,绿色,rgb,67,182,87,3,10,full,white,en,,1.1.5,
0,zh,"Chinese (中文 (Zhōngwén), 汉语, 漢語)",芭比紫,芭比紫色,芭比紫,rgb,196,67,202,3,11,full,white,en,,1.1.5,
0,zh,"Chinese (中文 (Zhōngwén), 汉语, 漢語)",梅子,梅子色,梅子色,rgb,198,97,162,6,0,full,white,en,,1.1.5,
0,zh,"Chinese (中文 (Zhōngwén), 汉语, 漢語)",咖啡,咖啡色,咖啡色,rgb,163,103,68,6,1,full,white,en,,1.1.5,
0,zh,"Chinese (中文 (Zhōngwén), 汉语, 漢語)",青绿,青绿色,青绿色,rgb,18,92,98,6,2,full,white,en,,1.1.5,
0,zh,"Chinese (中文 (Zhōngwén), 汉语, 漢語)",基佬紫,基佬紫色,基佬紫,rgb,128,39,254,6,3,full,white,en,,1.1.5,
0,zh,"Chinese (中文 (Zhōngwén), 汉语, 漢語)",淡紫,淡紫色,淡紫色,rgb,202,159,239,6,4,full,white,en,,1.1.5,
0,zh,"Chinese (中文 (Zhōngwén), 汉语, 漢語)",草绿,草绿色,草绿色,rgb,6,181,15,6,5,full,white,en,,1.1.5,
0,zh,"Chinese (中文 (Zhōngwén), 汉语, 漢語)",雾霾蓝,雾霾蓝色,雾霾蓝,rgb,139,159,195,6,6,full,white,en,,1.1.5,
0,zh,"Chinese (中文 (Zhōngwén), 汉语, 漢語)",灰咖,灰咖色,灰咖色,rgb,108,100,86,6,7,full,white,en,,1.1.5,
0,zh,"Chinese (中文 (Zhōngwén), 汉语, 漢語)",紫,紫色,紫色,rgb,136,100,182,6,8,full,white,en,,1.1.5,
0,zh,"Chinese (中文 (Zhōngwén), 汉语, 漢語)",芭比粉,芭比粉色,芭比粉,rgb,253,76,254,6,9,full,white,en,,1.1.5,
0,zh,"Chinese (中文 (Zhōngwén), 汉语, 漢語)",湖绿,湖绿色,湖绿色,rgb,6,167,166,6,10,full,white,en,,1.1.5,
0,zh,"Chinese (中文 (Zhōngwén), 汉语, 漢語)",深蓝,深蓝色,深蓝色,rgb,40,96,159,6,11,full,white,en,,1.1.5,
0,zh,"Chinese (中文 (Zhōngwén), 汉语, 漢語)",翠绿,翠绿色,翠绿,rgb,47,135,46,1,0,full,white,en,,1.1.5,
0,zh,"Chinese (中文 (Zhōngwén), 汉语, 漢語)",钴蓝,钴蓝色,钴蓝,rgb,131,164,243,1,1,full,white,en,,1.1.5,
0,zh,"Chinese (中文 (Zhōngwén), 汉语, 漢語)",玫红,玫红色,玫红,rgb,193,17,83,1,2,full,white,en,,1.1.5,
0,zh,"Chinese (中文 (Zhōngwén), 汉语, 漢語)",黑,黑色,黑,rgb,24,33,38,1,3,full,white,en,,1.1.5,
0,zh,"Chinese (中文 (Zhōngwén), 汉语, 漢語)",紫红,紫红色,紫红,rgb,146,50,98,1,4,full,white,en,,1.1.5,
0,zh,"Chinese (中文 (Zhōngwén), 汉语, 漢語)",湖蓝,湖蓝色,湖蓝,rgb,5,83,85,1,5,full,white,en,,1.1.5,
0,zh,"Chinese (中文 (Zhōngwén), 汉语, 漢語)",粉,粉色,粉,rgb,252,199,245,1,6,full,white,en,,1.1.5,
0,zh,"Chinese (中文 (Zhōngwén), 汉语, 漢語)",褐,褐色,褐色,rgb,84,79,68,1,7,full,white,en,,1.1.5,
0,zh,"Chinese (中文 (Zhōngwén), 汉语, 漢語)",黑紫,黑紫色,黑紫,rgb,87,72,110,1,8,full,white,en,,1.1.5,
0,zh,"Chinese (中文 (Zhōngwén), 汉语, 漢語)",草绿,草绿色,草绿,rgb,22,242,77,1,9,full,white,en,,1.1.5,
0,zh,"Chinese (中文 (Zhōngwén), 汉语, 漢語)",蓝灰,蓝灰色,蓝灰,rgb,149,173,190,1,10,full,white,en,,1.1.5,
0,zh,"Chinese (中文 (Zhōngwén), 汉语, 漢語)",橘棕,橘棕色,橘棕,rgb,228,127,116,1,11,full,white,en,,1.1.5,
0,zh,"Chinese (中文 (Zhōngwén), 汉语, 漢語)",深红,深红色,深红,rgb,143,65,60,3,0,full,white,en,,1.1.5,
0,zh,"Chinese (中文 (Zhōngwén), 汉语, 漢語)",蓝绿,蓝绿色,蓝绿,rgb,33,151,111,3,1,full,white,en,,1.1.5,
0,zh,"Chinese (中文 (Zhōngwén), 汉语, 漢語)",草绿,草绿色,草绿,rgb,115,139,20,3,2,full,white,en,,1.1.5,
0,zh,"Chinese (中文 (Zhōngwén), 汉语, 漢語)",亮粉,亮粉色,亮粉,rgb,231,10,218,3,3,full,white,en,,1.1.5,
0,zh,"Chinese (中文 (Zhōngwén), 汉语, 漢語)",中黄,中黄色,中黄,rgb,252,160,57,3,4,full,white,en,,1.1.5,
0,zh,"Chinese (中文 (Zhōngwén), 汉语, 漢語)",湖蓝,湖蓝色,湖蓝,rgb,63,143,169,3,5,full,white,en,,1.1.5,
0,zh,"Chinese (中文 (Zhōngwén), 汉语, 漢語)",紫,紫色,紫,rgb,90,57,220,3,6,full,white,en,,1.1.5,
0,zh,"Chinese (中文 (Zhōngwén), 汉语, 漢語)",绿,绿色,绿,rgb,69,219,128,3,7,full,white,en,,1.1.5,
0,zh,"Chinese (中文 (Zhōngwén), 汉语, 漢語)",草灰,草灰色,草灰,rgb,190,192,145,3,8,full,white,en,,1.1.5,
0,zh,"Chinese (中文 (Zhōngwén), 汉语, 漢語)",草绿,草绿色,草绿,rgb,119,233,86,3,9,full,white,en,,1.1.5,
0,zh,"Chinese (中文 (Zhōngwén), 汉语, 漢語)",浅褐,浅褐色,浅褐色,rgb,233,176,129,3,10,full,white,en,,1.1.5,
0,zh,"Chinese (中文 (Zhōngwén), 汉语, 漢語)",玫红,玫红色,玫红,rgb,238,11,161,3,11,full,white,en,,1.1.5,
0,zh,"Chinese (中文 (Zhōngwén), 汉语, 漢語)",草绿,草绿色,草绿,rgb,205,232,46,6,0,full,white,en,,1.1.5,
0,zh,"Chinese (中文 (Zhōngwén), 汉语, 漢語)",紫红,紫红色,紫红,rgb,175,9,125,6,1,full,white,en,,1.1.5,
0,zh,"Chinese (中文 (Zhōngwén), 汉语, 漢語)",青,青色,青,rgb,33,225,201,6,2,full,white,en,,1.1.5,
0,zh,"Chinese (中文 (Zhōngwén), 汉语, 漢語)",黑,黑色,黑,rgb,38,18,64,6,3,full,white,en,,1.1.5,
0,zh,"Chinese (中文 (Zhōngwén), 汉语, 漢語)",绿,绿色,绿,rgb,41,171,31,6,4,full,white,en,,1.1.5,
0,zh,"Chinese (中文 (Zhōngwén), 汉语, 漢語)",墨绿,墨绿色,墨绿,rgb,52,66,4,6,5,full,white,en,,1.1.5,
0,zh,"Chinese (中文 (Zhōngwén), 汉语, 漢語)",紫灰,紫灰色,紫灰,rgb,150,123,139,6,6,full,white,en,,1.1.5,
0,zh,"Chinese (中文 (Zhōngwén), 汉语, 漢語)",灰绿,灰绿色,灰绿,rgb,151,197,111,6,7,full,white,en,,1.1.5,
0,zh,"Chinese (中文 (Zhōngwén), 汉语, 漢語)",红褐,红褐色,红褐色,rgb,188,65,8,6,8,full,white,en,,1.1.5,
0,zh,"Chinese (中文 (Zhōngwén), 汉语, 漢語)",土粽,土粽色,土粽,rgb,160,88,2,6,9,full,white,en,,1.1.5,
0,zh,"Chinese (中文 (Zhōngwén), 汉语, 漢語)",紫罗蓝,紫罗兰色,紫罗兰,rgb,121,58,153,6,10,full,white,en,,1.1.5,
0,zh,"Chinese (中文 (Zhōngwén), 汉语, 漢語)",深蓝,深蓝色,深蓝,rgb,56,91,171,6,11,full,white,en,,1.1.5,
0,zh,"Chinese (中文 (Zhōngwén), 汉语, 漢語)",深绿,深綠色,深綠,rgb,64,138,13,1,0,full,white,en,,1.1.5,
0,zh,"Chinese (中文 (Zhōngwén), 汉语, 漢語)",绿,綠色,綠,rgb,41,204,71,1,1,full,white,en,,1.1.5,
0,zh,"Chinese (中文 (Zhōngwén), 汉语, 漢語)",水绿,水綠色,水綠,rgb,198,249,224,1,2,full,white,en,,1.1.5,
0,zh,"Chinese (中文 (Zhōngwén), 汉语, 漢語)",灰紫,灰紫色,灰紫,rgb,99,81,127,1,3,full,white,en,,1.1.5,
0,zh,"Chinese (中文 (Zhōngwén), 汉语, 漢語)",米,米色,米,rgb,220,204,175,1,4,full,white,en,,1.1.5,
0,zh,"Chinese (中文 (Zhōngwén), 汉语, 漢語)",蓝,藍色,藍,rgb,81,148,249,1,5,full,white,en,,1.1.5,
0,zh,"Chinese (中文 (Zhōngwén), 汉语, 漢語)",咖啡,咖啡色,咖啡,rgb,80,65,68,1,6,full,white,en,,1.1.5,
0,zh,"Chinese (中文 (Zhōngwén), 汉语, 漢語)",粉蓝,粉藍色,粉藍,rgb,171,195,247,1,7,full,white,en,,1.1.5,
0,zh,"Chinese (中文 (Zhōngwén), 汉语, 漢語)",紫,紫色,紫,rgb,87,31,138,1,8,full,white,en,,1.1.5,
0,zh,"Chinese (中文 (Zhōngwén), 汉语, 漢語)",亮蓝,亮藍色,亮藍,rgb,63,228,247,1,9,full,white,en,,1.1.5,
0,zh,"Chinese (中文 (Zhōngwén), 汉语, 漢語)",深蓝,深藍色,深藍,rgb,20,78,200,1,10,full,white,en,,1.1.5,
0,zh,"Chinese (中文 (Zhōngwén), 汉语, 漢語)",粉,粉色,粉,rgb,242,138,177,1,11,full,white,en,,1.1.5,
0,zh,"Chinese (中文 (Zhōngwén), 汉语, 漢語)",浅紫,淺紫色,淺紫,rgb,183,147,207,3,0,full,white,en,,1.1.5,
0,zh,"Chinese (中文 (Zhōngwén), 汉语, 漢語)",浅绿,淺綠色,淺綠,rgb,61,221,153,3,1,full,white,en,,1.1.5,
0,zh,"Chinese (中文 (Zhōngwén), 汉语, 漢語)",亮粉,亮粉色,亮粉,rgb,250,104,228,3,2,full,white,en,,1.1.5,
0,zh,"Chinese (中文 (Zhōngwén), 汉语, 漢語)",灰绿,灰綠色,灰綠,rgb,58,129,105,3,3,full,white,en,,1.1.5,
0,zh,"Chinese (中文 (Zhōngwén), 汉语, 漢語)",红,紅色,紅,rgb,250,56,85,3,4,full,white,en,,1.1.5,
0,zh,"Chinese (中文 (Zhōngwén), 汉语, 漢語)",豆泥红,豆泥紅色,豆泥紅,rgb,175,93,107,3,5,full,white,en,,1.1.5,
0,zh,"Chinese (中文 (Zhōngwén), 汉语, 漢語)",天蓝,天藍色,天藍,rgb,1,181,246,3,6,full,white,en,,1.1.5,
0,zh,"Chinese (中文 (Zhōngwén), 汉语, 漢語)",雾绿,霧綠色,霧綠,rgb,92,175,174,3,7,full,white,en,,1.1.5,
0,zh,"Chinese (中文 (Zhōngwén), 汉语, 漢語)",蓝,藍色,藍,rgb,32,69,245,3,8,full,white,en,,1.1.5,
0,zh,"Chinese (中文 (Zhōngwén), 汉语, 漢語)",深咖啡,深咖啡色,深咖啡,rgb,58,36,18,3,9,full,white,en,,1.1.5,
0,zh,"Chinese (中文 (Zhōngwén), 汉语, 漢語)",桃红,桃紅色,桃紅,rgb,183,64,160,3,10,full,white,en,,1.1.5,
0,zh,"Chinese (中文 (Zhōngwén), 汉语, 漢語)",紫,紫色,紫,rgb,157,112,237,3,11,full,white,en,,1.1.5,
0,zh,"Chinese (中文 (Zhōngwén), 汉语, 漢語)",红,紅色,紅,rgb,185,4,104,6,0,full,white,en,,1.1.5,
0,zh,"Chinese (中文 (Zhōngwén), 汉语, 漢語)",橘,橘色,橘,rgb,204,89,67,6,1,full,white,en,,1.1.5,
0,zh,"Chinese (中文 (Zhōngwén), 汉语, 漢語)",紫,紫色,紫,rgb,143,39,79,6,2,full,white,en,,1.1.5,
0,zh,"Chinese (中文 (Zhōngwén), 汉语, 漢語)",绿,綠色,綠,rgb,216,244,173,6,3,full,white,en,,1.1.5,
0,zh,"Chinese (中文 (Zhōngwén), 汉语, 漢語)",黄,黃色,黃,rgb,216,160,100,6,4,full,white,en,,1.1.5,
0,zh,"Chinese (中文 (Zhōngwén), 汉语, 漢語)",粉,粉色,粉,rgb,241,204,228,6,5,full,white,en,,1.1.5,
0,zh,"Chinese (中文 (Zhōngwén), 汉语, 漢語)",绿,綠色,綠,rgb,3,245,77,6,6,full,white,en,,1.1.5,
0,zh,"Chinese (中文 (Zhōngwén), 汉语, 漢語)",粉,粉色,粉,rgb,241,7,110,6,7,full,white,en,,1.1.5,
0,zh,"Chinese (中文 (Zhōngwén), 汉语, 漢語)",绿,綠色,綠,rgb,124,112,63,6,8,full,white,en,,1.1.5,
0,zh,"Chinese (中文 (Zhōngwén), 汉语, 漢語)",咖啡,咖啡色,咖啡,rgb,85,58,3,6,9,full,white,en,,1.1.5,
0,zh,"Chinese (中文 (Zhōngwén), 汉语, 漢語)",绿,綠色,綠,rgb,133,215,107,6,10,full,white,en,,1.1.5,
0,zh,"Chinese (中文 (Zhōngwén), 汉语, 漢語)",黄,黃色,黃,rgb,255,189,29,6,11,full,white,en,,1.1.5,
0,zh,"Chinese (中文 (Zhōngwén), 汉语, 漢語)",粉,粉色,粉色,rgb,226,115,193,1,0,full,white,zh,,1.1.5,
0,zh,"Chinese (中文 (Zhōngwén), 汉语, 漢語)",灰粉,灰粉色,灰粉色,rgb,181,154,165,1,1,full,white,zh,,1.1.5,
0,zh,"Chinese (中文 (Zhōngwén), 汉语, 漢語)",紫,紫色,紫色,rgb,199,13,229,1,2,full,white,zh,,1.1.5,
0,zh,"Chinese (中文 (Zhōngwén), 汉语, 漢語)",草绿,草绿色,草绿色,rgb,133,194,37,1,3,full,white,zh,,1.1.5,
0,zh,"Chinese (中文 (Zhōngwén), 汉语, 漢語)",蓝紫,蓝紫色,蓝紫色,rgb,126,91,237,1,4,full,white,zh,,1.1.5,
0,zh,"Chinese (中文 (Zhōngwén), 汉语, 漢語)",洋红,洋红色,洋红色,rgb,245,13,195,1,5,full,white,zh,,1.1.5,
0,zh,"Chinese (中文 (Zhōngwén), 汉语, 漢語)",深绿,深绿色,深绿色,rgb,1,77,48,1,6,full,white,zh,,1.1.5,
0,zh,"Chinese (中文 (Zhōngwén), 汉语, 漢語)",深橙,深橙色,深橙色,rgb,220,101,49,1,7,full,white,zh,,1.1.5,
0,zh,"Chinese (中文 (Zhōngwén), 汉语, 漢語)",普鲁士蓝,普鲁士蓝色,普鲁士蓝,rgb,8,31,107,1,8,full,white,zh,,1.1.5,
0,zh,"Chinese (中文 (Zhōngwén), 汉语, 漢語)",深紫红,深紫红色,深紫红色,rgb,161,42,155,1,9,full,white,zh,,1.1.5,
0,zh,"Chinese (中文 (Zhōngwén), 汉语, 漢語)",橄榄,橄榄色,橄榄色,rgb,135,127,34,1,10,full,white,zh,,1.1.5,
0,zh,"Chinese (中文 (Zhōngwén), 汉语, 漢語)",黑,黑色,黑色,rgb,45,10,29,1,11,full,white,zh,,1.1.5,
0,zh,"Chinese (中文 (Zhōngwén), 汉语, 漢語)",橄榄黄,橄榄黄色,橄榄黄,rgb,192,206,86,3,0,full,white,zh,,1.1.5,
0,zh,"Chinese (中文 (Zhōngwén), 汉语, 漢語)",苹果绿,苹果绿色,苹果绿,rgb,195,229,194,3,1,full,white,zh,,1.1.5,
0,zh,"Chinese (中文 (Zhōngwén), 汉语, 漢語)",浅褐,浅褐色,浅褐色,rgb,200,172,120,3,2,full,white,zh,,1.1.5,
0,zh,"Chinese (中文 (Zhōngwén), 汉语, 漢語)",巧克力,巧克力色,巧克力色,rgb,98,52,19,3,3,full,white,zh,,1.1.5,
0,zh,"Chinese (中文 (Zhōngwén), 汉语, 漢語)",金,金色,金色,rgb,230,171,66,3,4,full,white,zh,,1.1.5,
0,zh,"Chinese (中文 (Zhōngwén), 汉语, 漢語)",湖蓝,湖蓝色,湖蓝色,rgb,34,239,218,3,5,full,white,zh,,1.1.5,
0,zh,"Chinese (中文 (Zhōngwén), 汉语, 漢語)",草绿,草绿色,草绿色,rgb,67,209,82,3,6,full,white,zh,,1.1.5,
0,zh,"Chinese (中文 (Zhōngwén), 汉语, 漢語)",深橄榄绿,深橄榄绿色,深橄榄绿,rgb,103,120,61,3,7,full,white,zh,,1.1.5,
0,zh,"Chinese (中文 (Zhōngwén), 汉语, 漢語)",紫,紫色,紫色,rgb,104,43,156,3,8,full,white,zh,,1.1.5,
0,zh,"Chinese (中文 (Zhōngwén), 汉语, 漢語)",丁香紫,丁香紫色,丁香紫,rgb,210,181,240,3,9,full,white,zh,,1.1.5,
0,zh,"Chinese (中文 (Zhōngwén), 汉语, 漢語)",浅红,浅红色,浅红色,rgb,231,109,98,3,10,full,white,zh,,1.1.5,
0,zh,"Chinese (中文 (Zhōngwén), 汉语, 漢語)",钢蓝,钢蓝色,钢蓝色,rgb,92,122,176,3,11,full,white,zh,,1.1.5,
0,zh,"Chinese (中文 (Zhōngwén), 汉语, 漢語)",深紫,深紫色,深紫色,rgb,156,69,116,6,0,full,white,zh,,1.1.5,
0,zh,"Chinese (中文 (Zhōngwén), 汉语, 漢語)",墨绿,墨绿色,墨绿色,rgb,11,58,72,6,1,full,white,zh,,1.1.5,
0,zh,"Chinese (中文 (Zhōngwén), 汉语, 漢語)",品红,品红色,品红色,rgb,250,80,162,6,2,full,white,zh,,1.1.5,
0,zh,"Chinese (中文 (Zhōngwén), 汉语, 漢語)",草绿,草绿色,草绿色,rgb,75,231,35,6,3,full,white,zh,,1.1.5,
0,zh,"Chinese (中文 (Zhōngwén), 汉语, 漢語)",西洋红,西洋红色,西洋红,rgb,245,39,114,6,4,full,white,zh,,1.1.5,
0,zh,"Chinese (中文 (Zhōngwén), 汉语, 漢語)",深青蓝,深青蓝色,深青蓝色,rgb,39,115,104,6,5,full,white,zh,,1.1.5,
0,zh,"Chinese (中文 (Zhōngwén), 汉语, 漢語)",山楂红,山楂红色,山楂红,rgb,199,12,16,6,6,full,white,zh,,1.1.5,
0,zh,"Chinese (中文 (Zhōngwén), 汉语, 漢語)",暗紫,暗紫色,暗紫色,rgb,75,34,87,6,7,full,white,zh,,1.1.5,
0,zh,"Chinese (中文 (Zhōngwén), 汉语, 漢語)",深蓝,深蓝色,深蓝色,rgb,57,73,132,6,8,full,white,zh,,1.1.5,
0,zh,"Chinese (中文 (Zhōngwén), 汉语, 漢語)",鼠尾草,鼠尾草色,鼠尾草色,rgb,140,141,115,6,9,full,white,zh,,1.1.5,
0,zh,"Chinese (中文 (Zhōngwén), 汉语, 漢語)",蓝紫,蓝紫色,蓝紫色,rgb,89,92,187,6,10,full,white,zh,,1.1.5,
0,zh,"Chinese (中文 (Zhōngwén), 汉语, 漢語)",浅蓝紫,浅蓝紫色,浅蓝紫色,rgb,136,150,254,6,11,full,white,zh,,1.1.5,
0,zh,"Chinese (中文 (Zhōngwén), 汉语, 漢語)",粉紫,粉紫色,粉紫,rgb,243,0,255,1,0,line,white,zh,,1.1.5,
0,zh,"Chinese (中文 (Zhōngwén), 汉语, 漢語)",暗黄,暗黄色,暗黄,rgb,255,153,0,1,1,line,white,zh,,1.1.5,
0,zh,"Chinese (中文 (Zhōngwén), 汉语, 漢語)",青绿,青绿色,青绿,rgb,0,255,182,1,2,line,white,zh,,1.1.5,
0,zh,"Chinese (中文 (Zhōngwén), 汉语, 漢語)",红,红色,红,rgb,255,0,73,1,3,line,white,zh,,1.1.5,
0,zh,"Chinese (中文 (Zhōngwén), 汉语, 漢語)",明黄,明黄色,明黄,rgb,255,251,0,1,4,line,white,zh,,1.1.5,
0,zh,"Chinese (中文 (Zhōngwén), 汉语, 漢語)",暗红,暗红色,暗红,rgb,255,0,115,1,5,line,white,zh,,1.1.5,
0,zh,"Chinese (中文 (Zhōngwén), 汉语, 漢語)",红,红色,红,rgb,255,0,99,1,6,line,white,zh,,1.1.5,
0,zh,"Chinese (中文 (Zhōngwén), 汉语, 漢語)",黄,黄色,黄,rgb,255,182,0,1,7,line,white,zh,,1.1.5,
0,zh,"Chinese (中文 (Zhōngwén), 汉语, 漢語)",深蓝,深蓝色,深蓝,rgb,0,110,255,1,8,line,white,zh,,1.1.5,
0,zh,"Chinese (中文 (Zhōngwén), 汉语, 漢語)",天蓝,天蓝色,天蓝,rgb,0,219,255,1,9,line,white,zh,,1.1.5,
0,zh,"Chinese (中文 (Zhōngwén), 汉语, 漢語)",暗粉,暗粉色,暗粉,rgb,255,0,213,1,10,line,white,zh,,1.1.5,
0,zh,"Chinese (中文 (Zhōngwén), 汉语, 漢語)",橙,橙色,橙,rgb,255,68,0,1,11,line,white,zh,,1.1.5,
0,zh,"Chinese (中文 (Zhōngwén), 汉语, 漢語)",粉,粉色,粉,rgb,255,0,144,3,0,line,white,zh,,1.1.5,
0,zh,"Chinese (中文 (Zhōngwén), 汉语, 漢語)",青绿,青绿色,青绿,rgb,141,255,0,3,1,line,white,zh,,1.1.5,
0,zh,"Chinese (中文 (Zhōngwén), 汉语, 漢語)",淡蓝,淡蓝色,淡蓝,rgb,0,161,255,3,2,line,white,zh,,1.1.5,
0,zh,"Chinese (中文 (Zhōngwén), 汉语, 漢語)",红,红色,红,rgb,255,0,30,3,3,line,white,zh,,1.1.5,
0,zh,"Chinese (中文 (Zhōngwén), 汉语, 漢語)",紫,紫色,紫,rgb,215,0,255,3,4,line,white,zh,,1.1.5,
0,zh,"Chinese (中文 (Zhōngwén), 汉语, 漢語)",绿,绿色,绿,rgb,0,255,102,3,5,line,white,zh,,1.1.5,
0,zh,"Chinese (中文 (Zhōngwén), 汉语, 漢語)",蓝,蓝色,蓝,rgb,0,122,255,3,6,line,white,zh,,1.1.5,
0,zh,"Chinese (中文 (Zhōngwén), 汉语, 漢語)",淡绿,淡绿色,淡绿,rgb,0,255,156,3,7,line,white,zh,,1.1.5,
0,zh,"Chinese (中文 (Zhōngwén), 汉语, 漢語)",黄,黄色,黄,rgb,192,255,0,3,8,line,white,zh,,1.1.5,
0,zh,"Chinese (中文 (Zhōngwén), 汉语, 漢語)",蓝,蓝色,蓝,rgb,0,88,255,3,9,line,white,zh,,1.1.5,
0,zh,"Chinese (中文 (Zhōngwén), 汉语, 漢語)",深蓝,深蓝色,深蓝,rgb,38,0,255,3,10,line,white,zh,,1.1.5,
0,zh,"Chinese (中文 (Zhōngwén), 汉语, 漢語)",蓝,蓝色,蓝,rgb,0,143,255,3,11,line,white,zh,,1.1.5,
0,zh,"Chinese (中文 (Zhōngwén), 汉语, 漢語)",草绿,草绿色,草绿,rgb,0,255,195,6,0,line,white,zh,,1.1.5,
0,zh,"Chinese (中文 (Zhōngwén), 汉语, 漢語)",深蓝,深蓝色,深蓝,rgb,93,0,255,6,1,line,white,zh,,1.1.5,
0,zh,"Chinese (中文 (Zhōngwén), 汉语, 漢語)",亮蓝,亮蓝色,亮蓝,rgb,0,250,255,6,2,line,white,zh,,1.1.5,
0,zh,"Chinese (中文 (Zhōngwén), 汉语, 漢語)",深橙,深橙色,深橙,rgb,255,119,0,6,3,line,white,zh,,1.1.5,
0,zh,"Chinese (中文 (Zhōngwén), 汉语, 漢語)",绿,绿色,绿,rgb,0,255,31,6,4,line,white,zh,,1.1.5,
0,zh,"Chinese (中文 (Zhōngwén), 汉语, 漢語)",蓝,蓝色,蓝,rgb,0,203,255,6,5,line,white,zh,,1.1.5,
0,zh,"Chinese (中文 (Zhōngwén), 汉语, 漢語)",黄,黄色,黄,rgb,255,234,0,6,6,line,white,zh,,1.1.5,
0,zh,"Chinese (中文 (Zhōngwén), 汉语, 漢語)",深蓝,深蓝色,深蓝,rgb,0,40,255,6,7,line,white,zh,,1.1.5,
0,zh,"Chinese (中文 (Zhōngwén), 汉语, 漢語)",深粉,深粉色,深粉,rgb,255,0,193,6,8,line,white,zh,,1.1.5,
0,zh,"Chinese (中文 (Zhōngwén), 汉语, 漢語)",亮蓝,亮蓝色,亮蓝,rgb,0,255,255,6,9,line,white,zh,,1.1.5,
0,zh,"Chinese (中文 (Zhōngwén), 汉语, 漢語)",绿,绿色,绿,rgb,50,255,0,6,10,line,white,zh,,1.1.5,
0,zh,"Chinese (中文 (Zhōngwén), 汉语, 漢語)",深橙,深橙色,深橙,rgb,255,86,0,6,11,line,white,zh,,1.1.5,
0,zh,"Chinese (中文 (Zhōngwén), 汉语, 漢語)",青绿,青绿色,青绿色,rgb,187,246,30,1,0,full,white,zh,,1.1.5,
0,zh,"Chinese (中文 (Zhōngwén), 汉语, 漢語)",淡紫,淡紫色,淡紫色,rgb,198,182,224,1,1,full,white,zh,,1.1.5,
0,zh,"Chinese (中文 (Zhōngwén), 汉语, 漢語)",青,青色,青色,rgb,89,239,219,1,2,full,white,zh,,1.1.5,
0,zh,"Chinese (中文 (Zhōngwén), 汉语, 漢語)",玫红,玫红色,玫红色,rgb,210,61,154,1,3,full,white,zh,,1.1.5,
0,zh,"Chinese (中文 (Zhōngwén), 汉语, 漢語)",酒红,酒红色,酒红色,rgb,126,12,14,1,4,full,white,zh,,1.1.5,
0,zh,"Chinese (中文 (Zhōngwén), 汉语, 漢語)",绿,绿色,绿色,rgb,52,221,21,1,5,full,white,zh,,1.1.5,
0,zh,"Chinese (中文 (Zhōngwén), 汉语, 漢語)",深紫,深紫色,深紫色,rgb,128,62,184,1,6,full,white,zh,,1.1.5,
0,zh,"Chinese (中文 (Zhōngwén), 汉语, 漢語)",紫,紫色,紫色,rgb,172,101,250,1,7,full,white,zh,,1.1.5,
0,zh,"Chinese (中文 (Zhōngwén), 汉语, 漢語)",蓝,蓝色,蓝色,rgb,67,152,248,1,8,full,white,zh,,1.1.5,
0,zh,"Chinese (中文 (Zhōngwén), 汉语, 漢語)",草绿,草绿色,草绿色,rgb,195,212,69,1,9,full,white,zh,,1.1.5,
0,zh,"Chinese (中文 (Zhōngwén), 汉语, 漢語)",深绿,深绿色,深绿色,rgb,20,85,74,1,10,full,white,zh,,1.1.5,
0,zh,"Chinese (中文 (Zhōngwén), 汉语, 漢語)",灰,灰色,灰色,rgb,160,164,139,1,11,full,white,zh,,1.1.5,
0,zh,"Chinese (中文 (Zhōngwén), 汉语, 漢語)",橙黄,橙黄色,橙黄色,rgb,247,207,124,1,0,full,white,zh,,1.1.5,
0,zh,"Chinese (中文 (Zhōngwén), 汉语, 漢語)",玫红,玫红色,玫红色,rgb,192,58,168,1,1,full,white,zh,,1.1.5,
0,zh,"Chinese (中文 (Zhōngwén), 汉语, 漢語)",黛,黛色,黛色,rgb,49,119,142,1,2,full,white,zh,,1.1.5,
0,zh,"Chinese (中文 (Zhōngwén), 汉语, 漢語)",蓝紫,蓝紫色,蓝紫色,rgb,114,116,237,1,3,full,white,zh,,1.1.5,
0,zh,"Chinese (中文 (Zhōngwén), 汉语, 漢語)",灰蓝,灰蓝色,灰蓝色,rgb,124,148,197,1,4,full,white,zh,,1.1.5,
0,zh,"Chinese (中文 (Zhōngwén), 汉语, 漢語)",湖绿,湖绿色,湖绿色,rgb,149,203,172,1,5,full,white,zh,,1.1.5,
0,zh,"Chinese (中文 (Zhōngwén), 汉语, 漢語)",砖,砖色,砖色,rgb,202,137,111,1,6,full,white,zh,,1.1.5,
0,zh,"Chinese (中文 (Zhōngwén), 汉语, 漢語)",深紫,深紫色,深紫色,rgb,54,4,86,1,7,full,white,zh,,1.1.5,
0,zh,"Chinese (中文 (Zhōngwén), 汉语, 漢語)",红,红色,红色,rgb,196,18,55,1,8,full,white,zh,,1.1.5,
0,zh,"Chinese (中文 (Zhōngwén), 汉语, 漢語)",红棕,红棕色,红棕色,rgb,74,17,14,1,9,full,white,zh,,1.1.5,
0,zh,"Chinese (中文 (Zhōngwén), 汉语, 漢語)",灰,灰色,灰色,rgb,160,158,136,1,10,full,white,zh,,1.1.5,
0,zh,"Chinese (中文 (Zhōngwén), 汉语, 漢語)",黑,黑色,黑色,rgb,4,13,35,1,11,full,white,zh,,1.1.5,
0,zh,"Chinese (中文 (Zhōngwén), 汉语, 漢語)",青绿,青绿色,青绿色,rgb,0,195,152,3,0,full,white,zh,,1.1.5,
0,zh,"Chinese (中文 (Zhōngwén), 汉语, 漢語)",褐,褐色,褐色,rgb,118,123,74,3,1,full,white,zh,,1.1.5,
0,zh,"Chinese (中文 (Zhōngwén), 汉语, 漢語)",淡绿,淡绿色,淡绿色,rgb,146,209,118,3,2,full,white,zh,,1.1.5,
0,zh,"Chinese (中文 (Zhōngwén), 汉语, 漢語)",朱红,朱红色,朱红色,rgb,247,124,93,3,3,full,white,zh,,1.1.5,
0,zh,"Chinese (中文 (Zhōngwén), 汉语, 漢語)",紫,紫色,紫色,rgb,204,103,231,3,4,full,white,zh,,1.1.5,
0,zh,"Chinese (中文 (Zhōngwén), 汉语, 漢語)",天蓝,天蓝色,天蓝色,rgb,121,219,238,3,5,full,white,zh,,1.1.5,
0,zh,"Chinese (中文 (Zhōngwén), 汉语, 漢語)",紫灰,紫灰色,紫灰色,rgb,137,110,135,3,6,full,white,zh,,1.1.5,
0,zh,"Chinese (中文 (Zhōngwén), 汉语, 漢語)",粉,粉色,粉色,rgb,253,201,208,3,7,full,white,zh,,1.1.5,
0,zh,"Chinese (中文 (Zhōngwén), 汉语, 漢語)",绿,绿色,绿色,rgb,32,176,83,3,8,full,white,zh,,1.1.5,
0,zh,"Chinese (中文 (Zhōngwén), 汉语, 漢語)",淡紫,淡紫色,淡紫色,rgb,201,201,246,3,9,full,white,zh,,1.1.5,
0,zh,"Chinese (中文 (Zhōngwén), 汉语, 漢語)",草绿,草绿色,草绿色,rgb,143,176,20,3,10,full,white,zh,,1.1.5,
0,zh,"Chinese (中文 (Zhōngwén), 汉语, 漢語)",宝蓝,宝蓝色,宝蓝色,rgb,24,65,208,3,11,full,white,zh,,1.1.5,
0,zh,"Chinese (中文 (Zhōngwén), 汉语, 漢語)",紫红,紫红色,紫红色,rgb,96,26,72,6,0,full,white,zh,,1.1.5,
0,zh,"Chinese (中文 (Zhōngwén), 汉语, 漢語)",紫,紫色,紫色,rgb,146,41,211,6,1,full,white,zh,,1.1.5,
0,zh,"Chinese (中文 (Zhōngwén), 汉语, 漢語)",深绿,深绿色,深绿色,rgb,72,136,0,6,2,full,white,zh,,1.1.5,
0,zh,"Chinese (中文 (Zhōngwén), 汉语, 漢語)",紫,紫色,紫色,rgb,127,99,169,6,3,full,white,zh,,1.1.5,
0,zh,"Chinese (中文 (Zhōngwén), 汉语, 漢語)",米黄,米黄色,米黄色,rgb,217,210,160,6,4,full,white,zh,,1.1.5,
0,zh,"Chinese (中文 (Zhōngwén), 汉语, 漢語)",湖绿,湖绿色,湖绿色,rgb,39,160,143,6,5,full,white,zh,,1.1.5,
0,zh,"Chinese (中文 (Zhōngwén), 汉语, 漢語)",淡青,淡青色,淡青色,rgb,155,252,207,6,6,full,white,zh,,1.1.5,
0,zh,"Chinese (中文 (Zhōngwén), 汉语, 漢語)",灰绿,灰绿色,灰绿色,rgb,213,229,215,6,7,full,white,zh,,1.1.5,
0,zh,"Chinese (中文 (Zhōngwén), 汉语, 漢語)",黄,黄色,黄色,rgb,243,222,25,6,8,full,white,zh,,1.1.5,
0,zh,"Chinese (中文 (Zhōngwén), 汉语, 漢語)",绿,绿色,绿色,rgb,60,237,8,6,9,full,white,zh,,1.1.5,
0,zh,"Chinese (中文 (Zhōngwén), 汉语, 漢語)",绿,绿色,绿色,rgb,42,246,99,6,10,full,white,zh,,1.1.5,
0,zh,"Chinese (中文 (Zhōngwén), 汉语, 漢語)",深绿,深绿色,深绿色,rgb,4,69,57,6,11,full,white,zh,,1.1.5,
0,zh,"Chinese (中文 (Zhōngwén), 汉语, 漢語)",紫,紫色,紫色,rgb,118,37,167,1,0,full,white,en,,1.1.5,
0,zh,"Chinese (中文 (Zhōngwén), 汉语, 漢語)",靛蓝,靛蓝色,靛蓝,rgb,2,26,142,1,1,full,white,en,,1.1.5,
0,zh,"Chinese (中文 (Zhōngwén), 汉语, 漢語)",水,水色,水色,rgb,184,219,218,1,2,full,white,en,,1.1.5,
0,zh,"Chinese (中文 (Zhōngwén), 汉语, 漢語)",浅粉红,浅粉红色,浅粉红色,rgb,252,216,222,1,3,full,white,en,,1.1.5,
0,zh,"Chinese (中文 (Zhōngwén), 汉语, 漢語)",艾青,艾青色,艾青色,rgb,119,230,202,1,4,full,white,en,,1.1.5,
0,zh,"Chinese (中文 (Zhōngwén), 汉语, 漢語)",秋香,秋香色,秋香色,rgb,172,180,33,1,5,full,white,en,,1.1.5,
0,zh,"Chinese (中文 (Zhōngwén), 汉语, 漢語)",绿,绿色,绿色,rgb,97,176,102,1,6,full,white,en,,1.1.5,
0,zh,"Chinese (中文 (Zhōngwén), 汉语, 漢語)",浅绿,浅绿色,浅绿色,rgb,116,227,119,1,7,full,white,en,,1.1.5,
0,zh,"Chinese (中文 (Zhōngwén), 汉语, 漢語)",蓝,蓝色,蓝色,rgb,52,100,165,1,8,full,white,en,,1.1.5,
0,zh,"Chinese (中文 (Zhōngwén), 汉语, 漢語)",深绿,深绿色,深绿色,rgb,52,82,1,1,9,full,white,en,,1.1.5,
0,zh,"Chinese (中文 (Zhōngwén), 汉语, 漢語)",蓝绿,蓝绿色,蓝绿色,rgb,41,77,78,1,10,full,white,en,,1.1.5,
0,zh,"Chinese (中文 (Zhōngwén), 汉语, 漢語)",紫,紫色,紫色,rgb,133,80,116,1,11,full,white,en,,1.1.5,
0,zh,"Chinese (中文 (Zhōngwén), 汉语, 漢語)",橘黄,橘黄色,橘黄色,rgb,254,149,47,3,0,full,white,en,,1.1.5,
0,zh,"Chinese (中文 (Zhōngwén), 汉语, 漢語)",灰紫,灰紫色,灰紫色,rgb,176,150,165,3,1,full,white,en,,1.1.5,
0,zh,"Chinese (中文 (Zhōngwén), 汉语, 漢語)",草绿,草绿色,草绿色,rgb,103,215,31,3,2,full,white,en,,1.1.5,
0,zh,"Chinese (中文 (Zhōngwén), 汉语, 漢語)",天蓝,天蓝色,天蓝色,rgb,68,158,253,3,3,full,white,en,,1.1.5,
0,zh,"Chinese (中文 (Zhōngwén), 汉语, 漢語)",大红,大红色,大红色,rgb,179,22,17,3,4,full,white,en,,1.1.5,
0,zh,"Chinese (中文 (Zhōngwén), 汉语, 漢語)",蓝紫,蓝紫色,蓝紫色,rgb,119,107,240,3,5,full,white,en,,1.1.5,
0,zh,"Chinese (中文 (Zhōngwén), 汉语, 漢語)",肉,肉色,肉色,rgb,226,163,137,3,6,full,white,en,,1.1.5,
0,zh,"Chinese (中文 (Zhōngwén), 汉语, 漢語)",紫红,紫红色,紫红色,rgb,80,13,44,3,7,full,white,en,,1.1.5,
0,zh,"Chinese (中文 (Zhōngwén), 汉语, 漢語)",深绿,深绿色,深绿色,rgb,21,110,13,3,8,full,white,en,,1.1.5,
0,zh,"Chinese (中文 (Zhōngwén), 汉语, 漢語)",棕绿,棕绿色,棕绿色,rgb,79,72,30,3,9,full,white,en,,1.1.5,
0,zh,"Chinese (中文 (Zhōngwén), 汉语, 漢語)",肉红,肉红色,肉红色,rgb,190,100,104,3,10,full,white,en,,1.1.5,
0,zh,"Chinese (中文 (Zhōngwén), 汉语, 漢語)",绿,绿色,绿色,rgb,100,151,39,3,11,full,white,en,,1.1.5,
0,zh,"Chinese (中文 (Zhōngwén), 汉语, 漢語)",深紫,深紫色,深紫色,rgb,68,46,71,6,2,full,white,en,,1.1.5,
0,zh,"Chinese (中文 (Zhōngwén), 汉语, 漢語)",蓝绿,蓝绿色,蓝绿色,rgb,33,135,106,6,3,full,white,en,,1.1.5,
0,zh,"Chinese (中文 (Zhōngwén), 汉语, 漢語)",粉紫,粉紫色,粉紫色,rgb,218,168,246,6,4,full,white,en,,1.1.5,
0,zh,"Chinese (中文 (Zhōngwén), 汉语, 漢語)",洋红,洋红色,洋红色,rgb,165,56,133,6,5,full,white,en,,1.1.5,
0,zh,"Chinese (中文 (Zhōngwén), 汉语, 漢語)",灰,灰色,灰色,rgb,138,133,119,6,6,full,white,en,,1.1.5,
0,zh,"Chinese (中文 (Zhōngwén), 汉语, 漢語)",金棕,金棕色,金棕色,rgb,196,158,19,6,7,full,white,en,,1.1.5,
0,zh,"Chinese (中文 (Zhōngwén), 汉语, 漢語)",亮绿,亮绿色,亮绿色,rgb,78,252,12,6,8,full,white,en,,1.1.5,
0,zh,"Chinese (中文 (Zhōngwén), 汉语, 漢語)",灰蓝,灰蓝色,灰蓝色,rgb,117,129,171,6,9,full,white,en,,1.1.5,
0,zh,"Chinese (中文 (Zhōngwén), 汉语, 漢語)",靛青,靛青色,靛青色,rgb,72,71,171,6,10,full,white,en,,1.1.5,
0,zh,"Chinese (中文 (Zhōngwén), 汉语, 漢語)",深紫,深紫色,深紫色,rgb,100,46,123,6,11,full,white,en,,1.1.5,
0,zh,"Chinese (中文 (Zhōngwén), 汉语, 漢語)",土黄,土黄色,土黄色,rgb,249,185,46,1,0,full,white,en,,1.1.5,
0,zh,"Chinese (中文 (Zhōngwén), 汉语, 漢語)",深蓝,深蓝色,深蓝色,rgb,29,64,128,1,1,full,white,en,,1.1.5,
0,zh,"Chinese (中文 (Zhōngwén), 汉语, 漢語)",天蓝,天蓝色,天蓝色,rgb,104,229,217,1,2,full,white,en,,1.1.5,
0,zh,"Chinese (中文 (Zhōngwén), 汉语, 漢語)",荧光绿,荧光绿色,荧光绿,rgb,140,214,6,1,3,full,white,en,,1.1.5,
0,zh,"Chinese (中文 (Zhōngwén), 汉语, 漢語)",薰衣草紫,薰衣草紫色,薰衣草紫,rgb,163,167,251,1,4,full,white,en,,1.1.5,
0,zh,"Chinese (中文 (Zhōngwén), 汉语, 漢語)",陶土黄,陶土黄色,陶土黄,rgb,188,119,83,1,5,full,white,en,,1.1.5,
0,zh,"Chinese (中文 (Zhōngwén), 汉语, 漢語)",浅墨绿,浅墨绿色,浅墨绿,rgb,85,131,109,1,6,full,white,en,,1.1.5,
0,zh,"Chinese (中文 (Zhōngwén), 汉语, 漢語)",深橘红,深橘红色,深橘红,rgb,225,90,26,1,7,full,white,en,,1.1.5,
0,zh,"Chinese (中文 (Zhōngwén), 汉语, 漢語)",青,青色,青色,rgb,59,252,210,1,8,full,white,en,,1.1.5,
0,zh,"Chinese (中文 (Zhōngwén), 汉语, 漢語)",灰粉,灰粉色,灰粉色,rgb,208,118,179,1,9,full,white,en,,1.1.5,
0,zh,"Chinese (中文 (Zhōngwén), 汉语, 漢語)",青草绿,青草绿色,青草绿,rgb,85,214,132,1,10,full,white,en,,1.1.5,
0,zh,"Chinese (中文 (Zhōngwén), 汉语, 漢語)",深深紫,深深紫色,深深紫,rgb,66,8,3,1,11,full,white,en,,1.1.5,
0,zh,"Chinese (中文 (Zhōngwén), 汉语, 漢語)",亮紫,亮紫色,亮紫色,rgb,122,74,215,3,0,full,white,en,,1.1.5,
0,zh,"Chinese (中文 (Zhōngwén), 汉语, 漢語)",浅黄,浅黄色,浅黄色,rgb,206,182,104,3,1,full,white,en,,1.1.5,
0,zh,"Chinese (中文 (Zhōngwén), 汉语, 漢語)",血红,血红色,血红色,rgb,185,14,13,3,2,full,white,en,,1.1.5,
0,zh,"Chinese (中文 (Zhōngwén), 汉语, 漢語)",灰绿,灰绿色,灰绿色,rgb,68,164,106,3,3,full,white,en,,1.1.5,
0,zh,"Chinese (中文 (Zhōngwén), 汉语, 漢語)",牛瘪绿,牛瘪绿色,牛瘪绿,rgb,118,117,41,3,4,full,white,en,,1.1.5,
0,zh,"Chinese (中文 (Zhōngwén), 汉语, 漢語)",深紫,深紫色,深紫色,rgb,46,4,51,3,5,full,white,en,,1.1.5,
0,zh,"Chinese (中文 (Zhōngwén), 汉语, 漢語)",庄重紫,庄重紫色,庄重紫,rgb,106,7,115,3,6,full,white,en,,1.1.5,
0,zh,"Chinese (中文 (Zhōngwén), 汉语, 漢語)",粉紫,粉紫色,粉紫色,rgb,250,145,242,3,7,full,white,en,,1.1.5,
0,zh,"Chinese (中文 (Zhōngwén), 汉语, 漢語)",艳紫,艳紫色,艳紫色,rgb,132,2,189,3,8,full,white,en,,1.1.5,
0,zh,"Chinese (中文 (Zhōngwén), 汉语, 漢語)",灰蓝,灰蓝色,灰蓝色,rgb,89,159,194,3,9,full,white,en,,1.1.5,
0,zh,"Chinese (中文 (Zhōngwén), 汉语, 漢語)",紫红,紫红色,紫红色,rgb,185,49,175,3,10,full,white,en,,1.1.5,
0,zh,"Chinese (中文 (Zhōngwén), 汉语, 漢語)",柚子红,柚子红色,柚子红,rgb,252,77,87,3,11,full,white,en,,1.1.5,
0,zh,"Chinese (中文 (Zhōngwén), 汉语, 漢語)",宝蓝,宝蓝色,宝蓝色,rgb,32,95,214,6,0,full,white,en,,1.1.5,
0,zh,"Chinese (中文 (Zhōngwén), 汉语, 漢語)",陶醉粉,陶醉粉色,陶醉粉,rgb,194,25,105,6,1,full,white,en,,1.1.5,
0,zh,"Chinese (中文 (Zhōngwén), 汉语, 漢語)",嫩绿,嫩绿色,嫩绿色,rgb,139,181,47,6,2,full,white,en,,1.1.5,
0,zh,"Chinese (中文 (Zhōngwén), 汉语, 漢語)",桃,桃色,桃色,rgb,251,137,159,6,3,full,white,en,,1.1.5,
0,zh,"Chinese (中文 (Zhōngwén), 汉语, 漢語)",瘀伤紫,瘀伤紫色,瘀伤紫,rgb,133,27,100,6,4,full,white,en,,1.1.5,
0,zh,"Chinese (中文 (Zhōngwén), 汉语, 漢語)",嫩嫩绿,嫩嫩绿色,嫩嫩绿,rgb,192,221,132,6,5,full,white,en,,1.1.5,
0,zh,"Chinese (中文 (Zhōngwén), 汉语, 漢語)",肉,肉色,肉色,rgb,228,182,181,6,6,full,white,en,,1.1.5,
0,zh,"Chinese (中文 (Zhōngwén), 汉语, 漢語)",墨绿,墨绿色,墨绿色,rgb,40,80,55,6,7,full,white,en,,1.1.5,
0,zh,"Chinese (中文 (Zhōngwén), 汉语, 漢語)",薄荷绿,薄荷绿色,薄荷绿,rgb,195,223,183,6,8,full,white,en,,1.1.5,
0,zh,"Chinese (中文 (Zhōngwén), 汉语, 漢語)",亮粉,亮粉色,亮粉色,rgb,203,10,253,6,9,full,white,en,,1.1.5,
0,zh,"Chinese (中文 (Zhōngwén), 汉语, 漢語)",棕,棕色,棕色,rgb,141,67,28,6,10,full,white,en,,1.1.5,
0,zh,"Chinese (中文 (Zhōngwén), 汉语, 漢語)",工业蓝,工业蓝色,工业蓝,rgb,8,81,92,6,11,full,white,en,,1.1.5,
0,zh,"Chinese (中文 (Zhōngwén), 汉语, 漢語)",肉粉,肉粉色,肉粉色,rgb,230,104,140,1,0,full,white,en,,1.1.5,
0,zh,"Chinese (中文 (Zhōngwén), 汉语, 漢語)",青,青色,青色,rgb,74,212,203,1,1,full,white,en,,1.1.5,
0,zh,"Chinese (中文 (Zhōngwén), 汉语, 漢語)",淡紫,淡紫色,淡紫,rgb,161,138,228,1,2,full,white,en,,1.1.5,
0,zh,"Chinese (中文 (Zhōngwén), 汉语, 漢語)",茄子紫,茄子紫色,茄子紫,rgb,90,24,99,1,3,full,white,en,,1.1.5,
0,zh,"Chinese (中文 (Zhōngwén), 汉语, 漢語)",深蓝,深蓝色,深蓝色,rgb,12,45,127,1,4,full,white,en,,1.1.5,
0,zh,"Chinese (中文 (Zhōngwén), 汉语, 漢語)",肉橘,肉橘色,肉橘色,rgb,220,109,88,1,5,full,white,en,,1.1.5,
0,zh,"Chinese (中文 (Zhōngwén), 汉语, 漢語)",粉红,粉红色,粉红色,rgb,219,64,163,1,6,full,white,en,,1.1.5,
0,zh,"Chinese (中文 (Zhōngwén), 汉语, 漢語)",藏青,藏青色,藏青色,rgb,54,71,73,1,7,full,white,en,,1.1.5,
0,zh,"Chinese (中文 (Zhōngwén), 汉语, 漢語)",紫,紫色,紫色,rgb,117,9,221,1,8,full,white,en,,1.1.5,
0,zh,"Chinese (中文 (Zhōngwén), 汉语, 漢語)",绿,绿色,绿色,rgb,112,151,33,1,9,full,white,en,,1.1.5,
0,zh,"Chinese (中文 (Zhōngwén), 汉语, 漢語)",蓝,蓝色,蓝色,rgb,54,194,224,1,10,full,white,en,,1.1.5,
0,zh,"Chinese (中文 (Zhōngwén), 汉语, 漢語)",米,米色,米色,rgb,233,209,171,1,11,full,white,en,,1.1.5,
0,zh,"Chinese (中文 (Zhōngwén), 汉语, 漢語)",莫蓝迪绿,莫兰迪绿色,莫兰迪绿色,rgb,136,177,147,3,0,full,white,en,,1.1.5,
0,zh,"Chinese (中文 (Zhōngwén), 汉语, 漢語)",藏蓝,藏蓝色,藏蓝色,rgb,24,25,65,3,1,full,white,en,,1.1.5,
0,zh,"Chinese (中文 (Zhōngwén), 汉语, 漢語)",黄绿,黄绿色,黄绿色,rgb,189,161,36,3,2,full,white,en,,1.1.5,
0,zh,"Chinese (中文 (Zhōngwén), 汉语, 漢語)",天水碧,天水碧色,天水碧,rgb,171,226,143,3,3,full,white,en,,1.1.5,
0,zh,"Chinese (中文 (Zhōngwén), 汉语, 漢語)",死亡芭比粉,死亡芭比粉色,死亡芭比粉,rgb,248,10,106,3,4,full,white,en,,1.1.5,
0,zh,"Chinese (中文 (Zhōngwén), 汉语, 漢語)",蟾蜍绿,蟾蜍绿色,蟾蜍绿,rgb,62,207,137,3,5,full,white,en,,1.1.5,
0,zh,"Chinese (中文 (Zhōngwén), 汉语, 漢語)",橄榄绿,橄榄绿色,橄榄绿,rgb,162,220,47,3,6,full,white,en,,1.1.5,
0,zh,"Chinese (中文 (Zhōngwén), 汉语, 漢語)",皎月,皎月色,皎月,rgb,28,99,246,3,7,full,white,en,,1.1.5,
0,zh,"Chinese (中文 (Zhōngwén), 汉语, 漢語)",酱紫,酱紫色,酱紫色,rgb,112,67,85,3,8,full,white,en,,1.1.5,
0,zh,"Chinese (中文 (Zhōngwén), 汉语, 漢語)",橘,橘色,橘色,rgb,242,165,2,3,9,full,white,en,,1.1.5,
0,zh,"Chinese (中文 (Zhōngwén), 汉语, 漢語)",棕,棕色,棕色,rgb,74,51,36,3,10,full,white,en,,1.1.5,
0,zh,"Chinese (中文 (Zhōngwén), 汉语, 漢語)",淡紫,淡紫色,淡紫色,rgb,219,133,227,3,11,full,white,en,,1.1.5,
0,zh,"Chinese (中文 (Zhōngwén), 汉语, 漢語)",灰紫,灰紫色,灰紫,rgb,160,158,191,6,0,full,white,en,,1.1.5,
0,zh,"Chinese (中文 (Zhōngwén), 汉语, 漢語)",橄榄绿,橄榄绿色,橄榄绿,rgb,142,138,52,6,1,full,white,en,,1.1.5,
0,zh,"Chinese (中文 (Zhōngwén), 汉语, 漢語)",紫,紫色,紫色,rgb,158,73,225,6,2,full,white,en,,1.1.5,
0,zh,"Chinese (中文 (Zhōngwén), 汉语, 漢語)",青草绿,青草绿色,青草绿,rgb,54,200,8,6,3,full,white,en,,1.1.5,
0,zh,"Chinese (中文 (Zhōngwén), 汉语, 漢語)",海蓝,海蓝色,海蓝,rgb,60,103,184,6,4,full,white,en,,1.1.5,
0,zh,"Chinese (中文 (Zhōngwén), 汉语, 漢語)",棕,棕色,棕,rgb,161,90,21,6,5,full,white,en,,1.1.5,
0,zh,"Chinese (中文 (Zhōngwén), 汉语, 漢語)",深绿,深绿色,深绿,rgb,7,121,81,6,6,full,white,en,,1.1.5,
0,zh,"Chinese (中文 (Zhōngwén), 汉语, 漢語)",转头橘,转头橘色,转头橘,rgb,219,106,26,6,7,full,white,en,,1.1.5,
0,zh,"Chinese (中文 (Zhōngwén), 汉语, 漢語)",肉粉,肉粉色,肉粉,rgb,222,149,131,6,8,full,white,en,,1.1.5,
0,zh,"Chinese (中文 (Zhōngwén), 汉语, 漢語)",藏绿,藏绿色,藏绿,rgb,60,75,5,6,9,full,white,en,,1.1.5,
0,zh,"Chinese (中文 (Zhōngwén), 汉语, 漢語)",嫩绿,嫩绿色,嫩绿,rgb,28,226,95,6,10,full,white,en,,1.1.5,
0,zh,"Chinese (中文 (Zhōngwén), 汉语, 漢語)",淡蓝,淡蓝色,淡蓝色,rgb,181,217,230,6,11,full,white,en,,1.1.5,
0,zh,"Chinese (中文 (Zhōngwén), 汉语, 漢語)",绿,綠色,綠色,rgb,47,157,89,1,0,full,white,zh,,1.1.5,
0,zh,"Chinese (中文 (Zhōngwén), 汉语, 漢語)",蓝,藍色,藍色,rgb,83,39,237,1,1,full,white,zh,,1.1.5,
0,zh,"Chinese (中文 (Zhōngwén), 汉语, 漢語)",淡蓝,淡藍色,淡藍色,rgb,192,245,250,1,2,full,white,zh,,1.1.5,
0,zh,"Chinese (中文 (Zhōngwén), 汉语, 漢語)",紫,紫色,紫色,rgb,123,79,203,1,4,full,white,zh,,1.1.5,
0,zh,"Chinese (中文 (Zhōngwén), 汉语, 漢語)",咖啡,咖啡色,咖啡色,rgb,177,130,62,1,7,full,white,zh,,1.1.5,
0,zh,"Chinese (中文 (Zhōngwén), 汉语, 漢語)",海军蓝,海軍藍色,海軍藍,rgb,36,81,115,1,8,full,white,zh,,1.1.5,
0,zh,"Chinese (中文 (Zhōngwén), 汉语, 漢語)",枣红,枣红色,枣红,rgb,145,23,84,1,0,full,white,en,,1.1.5,
0,zh,"Chinese (中文 (Zhōngwén), 汉语, 漢語)",宝蓝,宝蓝色,宝蓝,rgb,39,6,253,1,1,full,white,en,,1.1.5,
0,zh,"Chinese (中文 (Zhōngwén), 汉语, 漢語)",棕,棕色,棕,rgb,117,61,33,1,2,full,white,en,,1.1.5,
0,zh,"Chinese (中文 (Zhōngwén), 汉语, 漢語)",橙,橙色,橙色,rgb,234,186,41,1,3,full,white,en,,1.1.5,
0,zh,"Chinese (中文 (Zhōngwén), 汉语, 漢語)",灰绿,灰绿色,灰绿,rgb,156,171,153,1,4,full,white,en,,1.1.5,
0,zh,"Chinese (中文 (Zhōngwén), 汉语, 漢語)",品红,品红色,品红,rgb,246,12,152,1,5,full,white,en,,1.1.5,
0,zh,"Chinese (中文 (Zhōngwén), 汉语, 漢語)",草绿,草绿色,草绿,rgb,145,173,25,1,6,full,white,en,,1.1.5,
0,zh,"Chinese (中文 (Zhōngwén), 汉语, 漢語)",紫,紫色,紫色,rgb,109,28,167,1,7,full,white,en,,1.1.5,
0,zh,"Chinese (中文 (Zhōngwén), 汉语, 漢語)",青,青色,青色,rgb,40,169,214,1,8,full,white,en,,1.1.5,
0,zh,"Chinese (中文 (Zhōngwén), 汉语, 漢語)",深粉,深粉色,深粉,rgb,203,106,129,1,9,full,white,en,,1.1.5,
0,zh,"Chinese (中文 (Zhōngwén), 汉语, 漢語)",红,红色,红色,rgb,188,88,38,1,10,full,white,en,,1.1.5,
0,zh,"Chinese (中文 (Zhōngwén), 汉语, 漢語)",绿,绿色,绿色,rgb,25,142,93,1,11,full,white,en,,1.1.5,
0,zh,"Chinese (中文 (Zhōngwén), 汉语, 漢語)",青,青色,青色,rgb,28,208,219,3,0,full,white,en,,1.1.5,
0,zh,"Chinese (中文 (Zhōngwén), 汉语, 漢語)",浅紫,浅紫色,浅紫,rgb,208,189,202,3,1,full,white,en,,1.1.5,
0,zh,"Chinese (中文 (Zhōngwén), 汉语, 漢語)",浅棕,浅棕色,浅棕,rgb,223,191,130,3,2,full,white,en,,1.1.5,
0,zh,"Chinese (中文 (Zhōngwén), 汉语, 漢語)",深棕,深棕色,深棕,rgb,132,106,109,3,3,full,white,en,,1.1.5,
0,zh,"Chinese (中文 (Zhōngwén), 汉语, 漢語)",亮绿,亮绿色,亮绿,rgb,41,253,73,3,4,full,white,en,,1.1.5,
0,zh,"Chinese (中文 (Zhōngwén), 汉语, 漢語)",蓝,蓝色,蓝色,rgb,24,76,179,3,5,full,white,en,,1.1.5,
0,zh,"Chinese (中文 (Zhōngwén), 汉语, 漢語)",海蓝,海蓝色,海蓝,rgb,22,59,88,3,6,full,white,en,,1.1.5,
0,zh,"Chinese (中文 (Zhōngwén), 汉语, 漢語)",棕,棕色,棕色,rgb,140,123,77,3,7,full,white,en,,1.1.5,
0,zh,"Chinese (中文 (Zhōngwén), 汉语, 漢語)",深紫,深紫色,深紫,rgb,81,53,94,3,8,full,white,en,,1.1.5,
0,zh,"Chinese (中文 (Zhōngwén), 汉语, 漢語)",深红,深红色,深红,rgb,206,50,87,3,9,full,white,en,,1.1.5,
0,zh,"Chinese (中文 (Zhōngwén), 汉语, 漢語)",水绿,水绿色,水绿,rgb,161,216,180,3,10,full,white,en,,1.1.5,
0,zh,"Chinese (中文 (Zhōngwén), 汉语, 漢語)",绿,绿色,绿色,rgb,88,182,75,3,11,full,white,en,,1.1.5,
0,zh,"Chinese (中文 (Zhōngwén), 汉语, 漢語)",亮绿,亮绿色,亮绿,rgb,80,222,155,6,0,full,white,en,,1.1.5,
0,zh,"Chinese (中文 (Zhōngwén), 汉语, 漢語)",深紫,深紫色,深紫,rgb,28,4,77,6,1,full,white,en,,1.1.5,
0,zh,"Chinese (中文 (Zhōngwén), 汉语, 漢語)",砖红,砖红色,砖红,rgb,172,87,78,6,2,full,white,en,,1.1.5,
0,zh,"Chinese (中文 (Zhōngwén), 汉语, 漢語)",水蓝,水蓝色,水蓝,rgb,118,244,209,6,3,full,white,en,,1.1.5,
0,zh,"Chinese (中文 (Zhōngwén), 汉语, 漢語)",蓝,蓝色,蓝色,rgb,14,54,218,6,4,full,white,en,,1.1.5,
0,zh,"Chinese (中文 (Zhōngwén), 汉语, 漢語)",草绿,草绿色,草绿,rgb,152,243,35,6,5,full,white,en,,1.1.5,
0,zh,"Chinese (中文 (Zhōngwén), 汉语, 漢語)",红,红色,红色,rgb,233,41,11,6,6,full,white,en,,1.1.5,
0,zh,"Chinese (中文 (Zhōngwén), 汉语, 漢語)",浅紫,浅紫色,浅紫,rgb,174,139,235,6,7,full,white,en,,1.1.5,
0,zh,"Chinese (中文 (Zhōngwén), 汉语, 漢語)",橙,橙色,橙色,rgb,250,151,20,6,8,full,white,en,,1.1.5,
0,zh,"Chinese (中文 (Zhōngwén), 汉语, 漢語)",青绿,青绿色,青绿,rgb,60,93,93,6,9,full,white,en,,1.1.5,
0,zh,"Chinese (中文 (Zhōngwén), 汉语, 漢語)",绯红,绯红色,绯红,rgb,236,95,84,6,10,full,white,en,,1.1.5,
0,zh,"Chinese (中文 (Zhōngwén), 汉语, 漢語)",深绿,深绿色,深绿,rgb,60,96,43,6,11,full,white,en,,1.1.5,
0,zh,"Chinese (中文 (Zhōngwén), 汉语, 漢語)",浅绿,浅绿色,浅绿,rgb,208,232,173,1,0,full,white,zh,,1.1.5,
0,zh,"Chinese (中文 (Zhōngwén), 汉语, 漢語)",水蓝,水蓝色,水蓝,rgb,112,183,198,1,1,full,white,zh,,1.1.5,
0,zh,"Chinese (中文 (Zhōngwén), 汉语, 漢語)",有点深的紫,有点深的紫色,有点深的紫,rgb,146,64,153,1,2,full,white,zh,,1.1.5,
0,zh,"Chinese (中文 (Zhōngwén), 汉语, 漢語)",淡绿,淡绿色,淡绿,rgb,117,205,129,1,3,full,white,zh,,1.1.5,
0,zh,"Chinese (中文 (Zhōngwén), 汉语, 漢語)",很深很亮的紫,很深很亮的紫色,很深很亮的紫,rgb,104,36,215,1,4,full,white,zh,,1.1.5,
0,zh,"Chinese (中文 (Zhōngwén), 汉语, 漢語)",玫红,玫红色,玫红,rgb,241,73,114,1,5,full,white,zh,,1.1.5,
0,zh,"Chinese (中文 (Zhōngwén), 汉语, 漢語)",很深的绿,很深的绿色,很深的绿,rgb,45,60,35,1,6,full,white,zh,,1.1.5,
0,zh,"Chinese (中文 (Zhōngwén), 汉语, 漢語)",深蓝,深蓝色,深蓝,rgb,36,88,188,1,7,full,white,zh,,1.1.5,
0,zh,"Chinese (中文 (Zhōngwén), 汉语, 漢語)",有点亮的绿,有点亮的绿色,有点亮的绿,rgb,127,221,50,1,8,full,white,zh,,1.1.5,
0,zh,"Chinese (中文 (Zhōngwén), 汉语, 漢語)",有点深的蓝,有点深的蓝色,有点深的蓝,rgb,67,138,189,1,9,full,white,zh,,1.1.5,
0,zh,"Chinese (中文 (Zhōngwén), 汉语, 漢語)",有点深的脏粉,有点深的脏粉色,有点深的脏粉,rgb,164,130,149,1,10,full,white,zh,,1.1.5,
0,zh,"Chinese (中文 (Zhōngwén), 汉语, 漢語)",枯黄,枯黄色,枯黄,rgb,157,143,66,1,11,full,white,zh,,1.1.5,
0,zh,"Chinese (中文 (Zhōngwén), 汉语, 漢語)",蓝,蓝色,蓝,rgb,6,209,246,3,0,full,white,zh,,1.1.5,
0,zh,"Chinese (中文 (Zhōngwén), 汉语, 漢語)",黑,黑色,黑,rgb,9,18,29,3,1,full,white,zh,,1.1.5,
0,zh,"Chinese (中文 (Zhōngwén), 汉语, 漢語)",深黄,深黄色,深黄,rgb,243,191,49,3,2,full,white,zh,,1.1.5,
0,zh,"Chinese (中文 (Zhōngwén), 汉语, 漢語)",紫,紫色,紫,rgb,196,85,240,3,3,full,white,zh,,1.1.5,
0,zh,"Chinese (中文 (Zhōngwén), 汉语, 漢語)",草绿,草绿色,草绿,rgb,194,223,39,3,4,full,white,zh,,1.1.5,
0,zh,"Chinese (中文 (Zhōngwén), 汉语, 漢語)",亮绿,亮绿色,亮绿,rgb,1,233,92,3,5,full,white,zh,,1.1.5,
0,zh,"Chinese (中文 (Zhōngwén), 汉语, 漢語)",有点深的亮绿,有点深的亮绿色,有点深的亮绿,rgb,17,203,110,3,6,full,white,zh,,1.1.5,
0,zh,"Chinese (中文 (Zhōngwén), 汉语, 漢語)",深紫,深紫色,深紫,rgb,204,3,178,3,7,full,white,zh,,1.1.5,
0,zh,"Chinese (中文 (Zhōngwén), 汉语, 漢語)",桃红,桃红色,桃红,rgb,232,106,103,3,8,full,white,zh,,1.1.5,
0,zh,"Chinese (中文 (Zhōngwén), 汉语, 漢語)",粉,粉色,粉,rgb,226,147,236,3,9,full,white,zh,,1.1.5,
0,zh,"Chinese (中文 (Zhōngwén), 汉语, 漢語)",枯绿,枯绿色,枯绿,rgb,160,170,48,3,10,full,white,zh,,1.1.5,
0,zh,"Chinese (中文 (Zhōngwén), 汉语, 漢語)",深蓝,深蓝色,深蓝,rgb,1,94,161,3,11,full,white,zh,,1.1.5,
0,zh,"Chinese (中文 (Zhōngwén), 汉语, 漢語)",浅绿,浅绿色,浅绿色,rgb,116,228,162,1,0,full,white,zh,,1.1.5,
0,zh,"Chinese (中文 (Zhōngwén), 汉语, 漢語)",蓝,蓝色,蓝色,rgb,61,125,218,1,1,full,white,zh,,1.1.5,
0,zh,"Chinese (中文 (Zhōngwén), 汉语, 漢語)",橙,橙色,橙色,rgb,253,97,67,1,2,full,white,zh,,1.1.5,
0,zh,"Chinese (中文 (Zhōngwén), 汉语, 漢語)",绿,绿色,绿色,rgb,13,185,20,1,3,full,white,zh,,1.1.5,
0,zh,"Chinese (中文 (Zhōngwén), 汉语, 漢語)",紫,紫色,紫色,rgb,168,8,153,1,4,full,white,zh,,1.1.5,
0,zh,"Chinese (中文 (Zhōngwén), 汉语, 漢語)",深绿,深绿色,深绿色,rgb,67,164,75,1,5,full,white,zh,,1.1.5,
0,zh,"Chinese (中文 (Zhōngwén), 汉语, 漢語)",草绿,草绿色,草绿色,rgb,109,182,13,1,6,full,white,zh,,1.1.5,
0,zh,"Chinese (中文 (Zhōngwén), 汉语, 漢語)",粉,粉色,粉色,rgb,255,7,237,1,7,full,white,zh,,1.1.5,
0,zh,"Chinese (中文 (Zhōngwén), 汉语, 漢語)",蓝,蓝色,蓝色,rgb,30,90,239,1,8,full,white,zh,,1.1.5,
0,zh,"Chinese (中文 (Zhōngwén), 汉语, 漢語)",黄,黄色,黄色,rgb,248,223,82,1,9,full,white,zh,,1.1.5,
0,zh,"Chinese (中文 (Zhōngwén), 汉语, 漢語)",绿,绿色,绿色,rgb,135,161,127,1,10,full,white,zh,,1.1.5,
0,zh,"Chinese (中文 (Zhōngwén), 汉语, 漢語)",青,青色,青色,rgb,37,200,174,1,11,full,white,zh,,1.1.5,
0,zh,"Chinese (中文 (Zhōngwén), 汉语, 漢語)",棕,棕色,棕色,rgb,152,114,56,3,0,full,white,zh,,1.1.5,
0,zh,"Chinese (中文 (Zhōngwén), 汉语, 漢語)",亮绿,亮绿色,亮绿色,rgb,62,244,101,3,1,full,white,zh,,1.1.5,
0,zh,"Chinese (中文 (Zhōngwén), 汉语, 漢語)",淡黄,淡黄色,淡黄色,rgb,248,239,140,3,2,full,white,zh,,1.1.5,
0,zh,"Chinese (中文 (Zhōngwén), 汉语, 漢語)",紫,紫色,紫色,rgb,128,15,172,3,3,full,white,zh,,1.1.5,
0,zh,"Chinese (中文 (Zhōngwén), 汉语, 漢語)",深绿,深绿色,深绿色,rgb,70,101,3,3,4,full,white,zh,,1.1.5,
0,zh,"Chinese (中文 (Zhōngwén), 汉语, 漢語)",暗紫,暗紫色,暗紫色,rgb,102,79,122,3,5,full,white,zh,,1.1.5,
0,zh,"Chinese (中文 (Zhōngwén), 汉语, 漢語)",橙,橙色,橙色,rgb,255,163,43,3,6,full,white,zh,,1.1.5,
0,zh,"Chinese (中文 (Zhōngwén), 汉语, 漢語)",棕,棕色,棕色,rgb,180,147,134,3,7,full,white,zh,,1.1.5,
0,zh,"Chinese (中文 (Zhōngwén), 汉语, 漢語)",浅绿,浅绿色,浅绿色,rgb,178,221,204,3,8,full,white,zh,,1.1.5,
0,zh,"Chinese (中文 (Zhōngwén), 汉语, 漢語)",藏蓝,藏蓝色,藏蓝色,rgb,6,70,117,3,9,full,white,zh,,1.1.5,
0,zh,"Chinese (中文 (Zhōngwén), 汉语, 漢語)",橙,橙色,橙色,rgb,218,142,92,3,10,full,white,zh,,1.1.5,
0,zh,"Chinese (中文 (Zhōngwén), 汉语, 漢語)",橙,橙色,橙色,rgb,227,118,52,3,11,full,white,zh,,1.1.5,
0,zh,"Chinese (中文 (Zhōngwén), 汉语, 漢語)",粉红,粉红色,粉红色,rgb,231,83,198,6,0,full,white,zh,,1.1.5,
0,zh,"Chinese (中文 (Zhōngwén), 汉语, 漢語)",草绿,草绿色,草绿色,rgb,165,251,103,6,1,full,white,zh,,1.1.5,
0,zh,"Chinese (中文 (Zhōngwén), 汉语, 漢語)",紫,紫色,紫色,rgb,113,57,142,6,2,full,white,zh,,1.1.5,
0,zh,"Chinese (中文 (Zhōngwén), 汉语, 漢語)",粉红,粉红色,粉红色,rgb,190,52,124,6,3,full,white,zh,,1.1.5,
0,zh,"Chinese (中文 (Zhōngwén), 汉语, 漢語)",紫,紫色,紫色,rgb,121,57,239,6,4,full,white,zh,,1.1.5,
0,zh,"Chinese (中文 (Zhōngwén), 汉语, 漢語)",洋红,洋红色,洋红,rgb,204,72,239,6,5,full,white,zh,,1.1.5,
0,zh,"Chinese (中文 (Zhōngwén), 汉语, 漢語)",湖蓝,湖蓝色,湖蓝,rgb,24,224,246,6,6,full,white,zh,,1.1.5,
0,zh,"Chinese (中文 (Zhōngwén), 汉语, 漢語)",褐,褐色,褐色,rgb,165,79,42,6,7,full,white,zh,,1.1.5,
0,zh,"Chinese (中文 (Zhōngwén), 汉语, 漢語)",肉,肉色,肉色,rgb,254,239,230,6,8,full,white,zh,,1.1.5,
0,zh,"Chinese (中文 (Zhōngwén), 汉语, 漢語)",赭石,赭石色,赭石,rgb,77,48,28,6,9,full,white,zh,,1.1.5,
0,zh,"Chinese (中文 (Zhōngwén), 汉语, 漢語)",红,红色,红色,rgb,234,34,100,6,10,full,white,zh,,1.1.5,
0,zh,"Chinese (中文 (Zhōngwén), 汉语, 漢語)",紫,紫色,紫色,rgb,177,106,177,6,11,full,white,zh,,1.1.5,
15596,zh,"Chinese (中文 (Zhōngwén), 汉语, 漢語)",紫,紫色,紫,rgb,186,36,228,1,0,full,white,zh,,1.1.5,
15596,zh,"Chinese (中文 (Zhōngwén), 汉语, 漢語)",深紫,深紫色,深紫,rgb,93,7,166,1,1,full,white,zh,,1.1.5,
15596,zh,"Chinese (中文 (Zhōngwén), 汉语, 漢語)",蓝绿,蓝绿色,蓝绿,rgb,6,217,180,1,2,full,white,zh,,1.1.5,
15596,zh,"Chinese (中文 (Zhōngwén), 汉语, 漢語)",灰蓝,灰蓝色,灰蓝,rgb,132,148,183,1,3,full,white,zh,,1.1.5,
15596,zh,"Chinese (中文 (Zhōngwén), 汉语, 漢語)",蓝,蓝色,蓝,rgb,20,125,190,1,4,full,white,zh,,1.1.5,
15596,zh,"Chinese (中文 (Zhōngwén), 汉语, 漢語)",浅紫,浅紫色,浅紫,rgb,175,143,226,1,5,full,white,zh,,1.1.5,
15596,zh,"Chinese (中文 (Zhōngwén), 汉语, 漢語)",土黄,土黄色,土黄,rgb,160,116,11,1,6,full,white,zh,,1.1.5,
15596,zh,"Chinese (中文 (Zhōngwén), 汉语, 漢語)",绿,绿色,绿,rgb,24,146,56,1,7,full,white,zh,,1.1.5,
15596,zh,"Chinese (中文 (Zhōngwén), 汉语, 漢語)",天蓝,天蓝色,天蓝,rgb,35,195,209,1,8,full,white,zh,,1.1.5,
15596,zh,"Chinese (中文 (Zhōngwén), 汉语, 漢語)",棕,棕色,棕,rgb,187,96,5,1,9,full,white,zh,,1.1.5,
15596,zh,"Chinese (中文 (Zhōngwén), 汉语, 漢語)",水蓝,水蓝色,水蓝,rgb,12,241,164,1,10,full,white,zh,,1.1.5,
15596,zh,"Chinese (中文 (Zhōngwén), 汉语, 漢語)",粉,粉色,粉,rgb,231,61,136,1,11,full,white,zh,,1.1.5,
15596,zh,"Chinese (中文 (Zhōngwén), 汉语, 漢語)",浅紫,浅紫色,浅紫,rgb,220,162,188,3,0,full,white,zh,,1.1.5,
15596,zh,"Chinese (中文 (Zhōngwén), 汉语, 漢語)",灰,灰色,灰,rgb,199,189,145,3,1,full,white,zh,,1.1.5,
15596,zh,"Chinese (中文 (Zhōngwén), 汉语, 漢語)",深蓝,深蓝色,深蓝,rgb,39,75,126,3,2,full,white,zh,,1.1.5,
15596,zh,"Chinese (中文 (Zhōngwén), 汉语, 漢語)",浅棕,浅棕色,浅棕,rgb,120,98,81,3,3,full,white,zh,,1.1.5,
15596,zh,"Chinese (中文 (Zhōngwén), 汉语, 漢語)",蓝紫,蓝紫色,蓝紫,rgb,128,105,214,3,4,full,white,zh,,1.1.5,
15596,zh,"Chinese (中文 (Zhōngwén), 汉语, 漢語)",薄荷绿,薄荷绿色,薄荷绿,rgb,179,226,162,3,5,full,white,zh,,1.1.5,
15596,zh,"Chinese (中文 (Zhōngwén), 汉语, 漢語)",绛紫,绛紫色,绛紫,rgb,56,39,51,3,6,full,white,zh,,1.1.5,
15596,zh,"Chinese (中文 (Zhōngwén), 汉语, 漢語)",草绿,草绿色,草绿,rgb,108,245,59,3,7,full,white,zh,,1.1.5,
15596,zh,"Chinese (中文 (Zhōngwén), 汉语, 漢語)",深紫,深紫色,深紫,rgb,94,31,137,3,8,full,white,zh,,1.1.5,
15596,zh,"Chinese (中文 (Zhōngwén), 汉语, 漢語)",灰蓝,灰蓝色,灰蓝,rgb,56,106,102,3,9,full,white,zh,,1.1.5,
15596,zh,"Chinese (中文 (Zhōngwén), 汉语, 漢語)",军绿,军绿色,军绿,rgb,124,155,59,3,10,full,white,zh,,1.1.5,
15596,zh,"Chinese (中文 (Zhōngwén), 汉语, 漢語)",粉紫,粉紫色,粉紫,rgb,247,145,240,3,11,full,white,zh,,1.1.5,
15596,zh,"Chinese (中文 (Zhōngwén), 汉语, 漢語)",蓝,蓝色,蓝,rgb,31,107,209,6,0,full,white,zh,,1.1.5,
15596,zh,"Chinese (中文 (Zhōngwén), 汉语, 漢語)",黑,黑色,黑,rgb,30,39,16,6,1,full,white,zh,,1.1.5,
15596,zh,"Chinese (中文 (Zhōngwén), 汉语, 漢語)",浅绿,浅绿色,浅绿,rgb,65,227,98,6,2,full,white,zh,,1.1.5,
15596,zh,"Chinese (中文 (Zhōngwén), 汉语, 漢語)",紫,紫色,紫,rgb,165,61,131,6,3,full,white,zh,,1.1.5,
15596,zh,"Chinese (中文 (Zhōngwén), 汉语, 漢語)",红棕,红棕色,红棕,rgb,124,50,21,6,4,full,white,zh,,1.1.5,
15596,zh,"Chinese (中文 (Zhōngwén), 汉语, 漢語)",天蓝,天蓝色,天蓝,rgb,123,239,227,6,5,full,white,zh,,1.1.5,
15596,zh,"Chinese (中文 (Zhōngwén), 汉语, 漢語)",米,米色,米色,rgb,191,213,102,6,6,full,white,zh,,1.1.5,
15596,zh,"Chinese (中文 (Zhōngwén), 汉语, 漢語)",蓝绿,蓝绿色,蓝绿,rgb,50,113,72,6,7,full,white,zh,,1.1.5,
15596,zh,"Chinese (中文 (Zhōngwén), 汉语, 漢語)",紫,紫色,紫,rgb,109,49,86,6,8,full,white,zh,,1.1.5,
15596,zh,"Chinese (中文 (Zhōngwén), 汉语, 漢語)",水红,水红色,水红,rgb,225,68,63,6,9,full,white,zh,,1.1.5,
15596,zh,"Chinese (中文 (Zhōngwén), 汉语, 漢語)",鹅黄,鹅黄色,鹅黄,rgb,217,241,71,6,10,full,white,zh,,1.1.5,
15596,zh,"Chinese (中文 (Zhōngwén), 汉语, 漢語)",黄绿,黄绿色,黄绿,rgb,98,183,3,6,11,full,white,zh,,1.1.5,
15821,zh,"Chinese (中文 (Zhōngwén), 汉语, 漢語)",水蓝,水藍色,水藍,rgb,0,255,231,1,0,line,white,zh,,1.1.5,
15821,zh,"Chinese (中文 (Zhōngwén), 汉语, 漢語)",深蓝,深藍色,深藍,rgb,0,17,255,1,1,line,white,zh,,1.1.5,
15821,zh,"Chinese (中文 (Zhōngwén), 汉语, 漢語)",桃,桃色,桃色,rgb,255,0,203,1,2,line,white,zh,,1.1.5,
15821,zh,"Chinese (中文 (Zhōngwén), 汉语, 漢語)",紫,紫色,紫色,rgb,249,0,255,1,3,line,white,zh,,1.1.5,
15821,zh,"Chinese (中文 (Zhōngwén), 汉语, 漢語)",红,紅色,紅,rgb,255,0,62,1,4,line,white,zh,,1.1.5,
15821,zh,"Chinese (中文 (Zhōngwén), 汉语, 漢語)",草绿,草綠色,草綠,rgb,86,255,0,1,5,line,white,zh,,1.1.5,
15821,zh,"Chinese (中文 (Zhōngwén), 汉语, 漢語)",粉红,粉紅色,粉紅色,rgb,255,0,172,1,6,line,white,zh,,1.1.5,
15821,zh,"Chinese (中文 (Zhōngwén), 汉语, 漢語)",桃红,桃紅色,桃紅,rgb,255,0,107,1,7,line,white,zh,,1.1.5,
15821,zh,"Chinese (中文 (Zhōngwén), 汉语, 漢語)",黄,黃色,黃色,rgb,255,189,0,1,8,line,white,zh,,1.1.5,
15821,zh,"Chinese (中文 (Zhōngwén), 汉语, 漢語)",靛蓝,靛藍色,靛藍,rgb,0,52,255,1,9,line,white,zh,,1.1.5,
15821,zh,"Chinese (中文 (Zhōngwén), 汉语, 漢語)",浅橘,淺橘色,淺橘,rgb,255,126,0,1,10,line,white,zh,,1.1.5,
15821,zh,"Chinese (中文 (Zhōngwén), 汉语, 漢語)",橘,橘色,橘色,rgb,255,97,0,1,11,line,white,zh,,1.1.5,
0,zh,"Chinese (中文 (Zhōngwén), 汉语, 漢語)",橘,橘色,橘色,rgb,255,144,0,1,0,line,white,en,,1.1.5,
0,zh,"Chinese (中文 (Zhōngwén), 汉语, 漢語)",荧光绿,螢光綠色,螢光綠,rgb,0,255,102,1,1,line,white,en,,1.1.5,
0,zh,"Chinese (中文 (Zhōngwén), 汉语, 漢語)",橘红,橘紅色,橘紅色,rgb,255,78,0,1,2,line,white,en,,1.1.5,
0,zh,"Chinese (中文 (Zhōngwén), 汉语, 漢語)",蓝,藍色,藍色,rgb,0,59,255,1,3,line,white,en,,1.1.5,
0,zh,"Chinese (中文 (Zhōngwén), 汉语, 漢語)",桃红,桃紅色,桃紅色,rgb,255,0,91,1,4,line,white,en,,1.1.5,
0,zh,"Chinese (中文 (Zhōngwén), 汉语, 漢語)",青苹果绿,青蘋果綠色,青蘋果綠,rgb,167,255,0,1,5,line,white,en,,1.1.5,
0,zh,"Chinese (中文 (Zhōngwén), 汉语, 漢語)",粉红,粉紅色,粉紅色,rgb,255,0,191,1,6,line,white,en,,1.1.5,
0,zh,"Chinese (中文 (Zhōngwén), 汉语, 漢語)",蓝,藍色,藍色,rgb,0,223,255,1,7,line,white,en,,1.1.5,
0,zh,"Chinese (中文 (Zhōngwén), 汉语, 漢語)",黄绿,黃綠色,黃綠色,rgb,202,255,0,1,8,line,white,en,,1.1.5,
0,zh,"Chinese (中文 (Zhōngwén), 汉语, 漢語)",大红,大紅色,大紅色,rgb,255,0,68,1,9,line,white,en,,1.1.5,
0,zh,"Chinese (中文 (Zhōngwén), 汉语, 漢語)",黄,黃色,黃色,rgb,255,227,0,1,10,line,white,en,,1.1.5,
0,zh,"Chinese (中文 (Zhōngwén), 汉语, 漢語)",天蓝,天藍色,天藍色,rgb,0,233,255,1,11,line,white,en,,1.1.5,
0,zh,"Chinese (中文 (Zhōngwén), 汉语, 漢語)",青绿,青綠色,青綠色,rgb,0,255,172,3,0,line,white,en,,1.1.5,
0,zh,"Chinese (中文 (Zhōngwén), 汉语, 漢語)",浅蓝绿,淺藍綠色,淺藍綠色,rgb,0,255,220,3,1,line,white,en,,1.1.5,
0,zh,"Chinese (中文 (Zhōngwén), 汉语, 漢語)",土黄,土黃色,土黃色,rgb,255,184,0,3,2,line,white,en,,1.1.5,
0,zh,"Chinese (中文 (Zhōngwén), 汉语, 漢語)",靛蓝,靛藍色,靛藍色,rgb,0,30,255,3,3,line,white,en,,1.1.5,
0,zh,"Chinese (中文 (Zhōngwén), 汉语, 漢語)",绿,綠色,綠色,rgb,0,255,50,3,4,line,white,en,,1.1.5,
0,zh,"Chinese (中文 (Zhōngwén), 汉语, 漢語)",灰蓝,灰藍色,灰藍色,rgb,0,143,255,3,5,line,white,en,,1.1.5,
0,zh,"Chinese (中文 (Zhōngwén), 汉语, 漢語)",紫,紫色,紫色,rgb,117,0,255,3,6,line,white,en,,1.1.5,
0,zh,"Chinese (中文 (Zhōngwén), 汉语, 漢語)",粉桃,粉桃色,粉桃色,rgb,235,0,255,3,7,line,white,en,,1.1.5,
0,zh,"Chinese (中文 (Zhōngwén), 汉语, 漢語)",天蓝,天藍色,天藍色,rgb,0,197,255,3,8,line,white,en,,1.1.5,
0,zh,"Chinese (中文 (Zhōngwén), 汉语, 漢語)",浅紫,淺紫色,淺紫色,rgb,177,0,255,3,9,line,white,en,,1.1.5,
0,zh,"Chinese (中文 (Zhōngwén), 汉语, 漢語)",正蓝,正藍色,正藍色,rgb,0,93,255,3,10,line,white,en,,1.1.5,
0,zh,"Chinese (中文 (Zhōngwén), 汉语, 漢語)",浅蓝,淺藍色,淺藍色,rgb,0,255,235,3,11,line,white,en,,1.1.5,
0,zh,"Chinese (中文 (Zhōngwén), 汉语, 漢語)",淡黄绿,淡黃綠色,淡黃綠色,rgb,231,255,0,6,0,line,white,en,,1.1.5,
0,zh,"Chinese (中文 (Zhōngwén), 汉语, 漢語)",桃红,桃紅色,桃紅色,rgb,255,0,115,6,1,line,white,en,,1.1.5,
0,zh,"Chinese (中文 (Zhōngwén), 汉语, 漢語)",深粉红,深粉紅色,深粉紅色,rgb,255,0,175,6,2,line,white,en,,1.1.5,
0,zh,"Chinese (中文 (Zhōngwén), 汉语, 漢語)",大红,大紅色,大紅色,rgb,255,0,36,6,3,line,white,en,,1.1.5,
0,zh,"Chinese (中文 (Zhōngwén), 汉语, 漢語)",橘,橘色,橘色,rgb,255,100,0,6,4,line,white,en,,1.1.5,
0,zh,"Chinese (中文 (Zhōngwén), 汉语, 漢語)",蓝,藍色,藍色,rgb,0,124,255,6,5,line,white,en,,1.1.5,
0,zh,"Chinese (中文 (Zhōngwén), 汉语, 漢語)",深蓝,深藍色,深藍色,rgb,0,90,255,6,6,line,white,en,,1.1.5,
0,zh,"Chinese (中文 (Zhōngwén), 汉语, 漢語)",粉红,粉紅色,粉紅色,rgb,255,0,226,6,7,line,white,en,,1.1.5,
0,zh,"Chinese (中文 (Zhōngwén), 汉语, 漢語)",绿,綠色,綠色,rgb,0,255,125,6,8,line,white,en,,1.1.5,
0,zh,"Chinese (中文 (Zhōngwén), 汉语, 漢語)",浅蓝,淺藍色,淺藍色,rgb,0,172,255,6,9,line,white,en,,1.1.5,
0,zh,"Chinese (中文 (Zhōngwén), 汉语, 漢語)",橘黄,橘黃色,橘黃色,rgb,255,154,0,6,10,line,white,en,,1.1.5,
0,zh,"Chinese (中文 (Zhōngwén), 汉语, 漢語)",荧光绿,螢光綠色,螢光綠,rgb,84,255,0,6,11,line,white,en,,1.1.5,
0,zh,"Chinese (中文 (Zhōngwén), 汉语, 漢語)",淡蓝,淡蓝色,淡蓝,rgb,182,200,240,1,0,full,white,zh,,1.1.5,
0,zh,"Chinese (中文 (Zhōngwén), 汉语, 漢語)",淡蓝,淡蓝色,淡蓝,rgb,61,164,225,1,1,full,white,zh,,1.1.5,
0,zh,"Chinese (中文 (Zhōngwén), 汉语, 漢語)",土黄,土黄色,土黄,rgb,188,191,67,1,3,full,white,zh,,1.1.5,
0,zh,"Chinese (中文 (Zhōngwén), 汉语, 漢語)",紫,紫色,紫,rgb,94,52,111,1,4,full,white,zh,,1.1.5,
0,zh,"Chinese (中文 (Zhōngwén), 汉语, 漢語)",青,青色,青,rgb,51,218,215,1,5,full,white,zh,,1.1.5,
0,zh,"Chinese (中文 (Zhōngwén), 汉语, 漢語)",紫,紫色,紫,rgb,154,39,162,1,6,full,white,zh,,1.1.5,
0,zh,"Chinese (中文 (Zhōngwén), 汉语, 漢語)",蓝,蓝色,蓝,rgb,16,94,111,1,7,full,white,zh,,1.1.5,
0,zh,"Chinese (中文 (Zhōngwén), 汉语, 漢語)",绿,绿色,绿,rgb,128,241,114,1,8,full,white,zh,,1.1.5,
0,zh,"Chinese (中文 (Zhōngwén), 汉语, 漢語)",蓝,蓝色,蓝,rgb,22,34,200,1,9,full,white,zh,,1.1.5,
0,zh,"Chinese (中文 (Zhōngwén), 汉语, 漢語)",绿,绿色,绿,rgb,37,147,74,1,10,full,white,zh,,1.1.5,
0,zh,"Chinese (中文 (Zhōngwén), 汉语, 漢語)",蓝,蓝色,蓝,rgb,38,62,151,1,11,full,white,zh,,1.1.5,
0,zh,"Chinese (中文 (Zhōngwén), 汉语, 漢語)",天蓝,天蓝色,天蓝,rgb,0,104,255,1,0,line,white,zh,,1.1.5,
0,zh,"Chinese (中文 (Zhōngwén), 汉语, 漢語)",浅蓝,浅蓝色,浅蓝,rgb,0,168,255,1,1,line,white,zh,,1.1.5,
0,zh,"Chinese (中文 (Zhōngwén), 汉语, 漢語)",橙红,橙红色,橙红,rgb,255,80,0,1,2,line,white,zh,,1.1.5,
0,zh,"Chinese (中文 (Zhōngwén), 汉语, 漢語)",青,青色,青,rgb,0,237,255,1,3,line,white,zh,,1.1.5,
0,zh,"Chinese (中文 (Zhōngwén), 汉语, 漢語)",蓝,蓝色,蓝,rgb,0,45,255,1,4,line,white,zh,,1.1.5,
0,zh,"Chinese (中文 (Zhōngwén), 汉语, 漢語)",黄,黄色,黄,rgb,255,229,0,1,5,line,white,zh,,1.1.5,
0,zh,"Chinese (中文 (Zhōngwén), 汉语, 漢語)",绿,绿色,绿,rgb,0,255,126,1,6,line,white,zh,,1.1.5,
0,zh,"Chinese (中文 (Zhōngwén), 汉语, 漢語)",红,红色,红,rgb,255,0,40,1,7,line,white,zh,,1.1.5,
0,zh,"Chinese (中文 (Zhōngwén), 汉语, 漢語)",品红,品红色,品红,rgb,247,0,255,1,8,line,white,zh,,1.1.5,
0,zh,"Chinese (中文 (Zhōngwén), 汉语, 漢語)",橙,橙色,橙,rgb,255,115,0,1,9,line,white,zh,,1.1.5,
0,zh,"Chinese (中文 (Zhōngwén), 汉语, 漢語)",玫红,玫红色,玫红,rgb,255,0,156,1,10,line,white,zh,,1.1.5,
0,zh,"Chinese (中文 (Zhōngwén), 汉语, 漢語)",紫,紫色,紫,rgb,155,0,255,1,11,line,white,zh,,1.1.5,
0,zh,"Chinese (中文 (Zhōngwén), 汉语, 漢語)",浅紫,浅紫色,浅紫,rgb,151,113,156,1,0,full,white,zh,,1.1.5,
0,zh,"Chinese (中文 (Zhōngwén), 汉语, 漢語)",橘黄,橘黄色,橘黄色,rgb,241,121,32,1,1,full,white,zh,,1.1.5,
0,zh,"Chinese (中文 (Zhōngwén), 汉语, 漢語)",浅绿,浅绿色,浅绿色,rgb,115,246,147,1,2,full,white,zh,,1.1.5,
0,zh,"Chinese (中文 (Zhōngwén), 汉语, 漢語)",土黄,土黄色,土黄,rgb,208,201,79,1,3,full,white,zh,,1.1.5,
0,zh,"Chinese (中文 (Zhōngwén), 汉语, 漢語)",蓝,蓝色,蓝色,rgb,27,90,223,1,4,full,white,zh,,1.1.5,
0,zh,"Chinese (中文 (Zhōngwén), 汉语, 漢語)",深黄,深黄色,深黄,rgb,170,126,24,1,5,full,white,zh,,1.1.5,
0,zh,"Chinese (中文 (Zhōngwén), 汉语, 漢語)",粉紫,紫粉色,紫粉,rgb,227,62,154,1,6,full,white,zh,,1.1.5,
0,zh,"Chinese (中文 (Zhōngwén), 汉语, 漢語)",粉,粉色,粉色,rgb,247,91,219,1,7,full,white,zh,,1.1.5,
0,zh,"Chinese (中文 (Zhōngwén), 汉语, 漢語)",浅橙,浅橙色,浅橙,rgb,248,143,92,1,8,full,white,zh,,1.1.5,
0,zh,"Chinese (中文 (Zhōngwén), 汉语, 漢語)",紫,紫色,紫色,rgb,146,35,251,1,9,full,white,zh,,1.1.5,
0,zh,"Chinese (中文 (Zhōngwén), 汉语, 漢語)",棕,棕色,棕色,rgb,173,120,78,1,10,full,white,zh,,1.1.5,
0,zh,"Chinese (中文 (Zhōngwén), 汉语, 漢語)",品红,品红色,品红,rgb,230,87,74,1,11,full,white,zh,,1.1.5,
0,zh,"Chinese (中文 (Zhōngwén), 汉语, 漢語)",灰,灰色,灰色,rgb,179,177,198,1,0,full,white,zh,,1.1.5,
0,zh,"Chinese (中文 (Zhōngwén), 汉语, 漢語)",紫,紫色,紫色,rgb,148,78,170,1,1,full,white,zh,,1.1.5,
0,zh,"Chinese (中文 (Zhōngwén), 汉语, 漢語)",绿,绿色,绿色,rgb,109,225,28,1,2,full,white,zh,,1.1.5,
0,zh,"Chinese (中文 (Zhōngwén), 汉语, 漢語)",暗粉,暗粉色,暗粉色,rgb,190,127,197,1,3,full,white,zh,,1.1.5,
0,zh,"Chinese (中文 (Zhōngwén), 汉语, 漢語)",淡绿,淡绿色,淡绿色,rgb,170,236,94,1,4,full,white,zh,,1.1.5,
0,zh,"Chinese (中文 (Zhōngwén), 汉语, 漢語)",橙,橙色,橙色,rgb,202,97,81,1,5,full,white,zh,,1.1.5,
0,zh,"Chinese (中文 (Zhōngwén), 汉语, 漢語)",亮紫,亮紫色,亮紫色,rgb,164,112,243,1,6,full,white,zh,,1.1.5,
0,zh,"Chinese (中文 (Zhōngwén), 汉语, 漢語)",红,红色,红色,rgb,209,13,38,1,7,full,white,zh,,1.1.5,
0,zh,"Chinese (中文 (Zhōngwén), 汉语, 漢語)",黄绿,黄绿色,黄绿色,rgb,221,253,11,1,8,full,white,zh,,1.1.5,
0,zh,"Chinese (中文 (Zhōngwén), 汉语, 漢語)",蓝,蓝色,蓝色,rgb,76,146,221,1,9,full,white,zh,,1.1.5,
0,zh,"Chinese (中文 (Zhōngwén), 汉语, 漢語)",暗绿,暗绿色,暗绿色,rgb,25,51,16,1,10,full,white,zh,,1.1.5,
0,zh,"Chinese (中文 (Zhōngwén), 汉语, 漢語)",暗紫,暗紫色,暗紫色,rgb,129,52,87,1,11,full,white,zh,,1.1.5,
0,zh,"Chinese (中文 (Zhōngwén), 汉语, 漢語)",橙,橙色,橙色,rgb,231,174,70,3,0,full,white,zh,,1.1.5,
0,zh,"Chinese (中文 (Zhōngwén), 汉语, 漢語)",橙,橙色,橙色,rgb,225,135,84,3,1,full,white,zh,,1.1.5,
0,zh,"Chinese (中文 (Zhōngwén), 汉语, 漢語)",青,青色,青色,rgb,152,223,168,3,2,full,white,zh,,1.1.5,
0,zh,"Chinese (中文 (Zhōngwén), 汉语, 漢語)",紫,紫色,紫色,rgb,138,124,173,3,3,full,white,zh,,1.1.5,
0,zh,"Chinese (中文 (Zhōngwén), 汉语, 漢語)",青,青色,青色,rgb,57,199,189,3,4,full,white,zh,,1.1.5,
0,zh,"Chinese (中文 (Zhōngwén), 汉语, 漢語)",深红,深红色,深红,rgb,147,16,43,3,5,full,white,zh,,1.1.5,
0,zh,"Chinese (中文 (Zhōngwén), 汉语, 漢語)",藏青,藏青色,藏青,rgb,13,29,77,3,6,full,white,zh,,1.1.5,
0,zh,"Chinese (中文 (Zhōngwén), 汉语, 漢語)",粉,粉色,粉色,rgb,214,114,147,3,7,full,white,zh,,1.1.5,
0,zh,"Chinese (中文 (Zhōngwén), 汉语, 漢語)",土黄,土黄色,土黄,rgb,212,191,165,3,8,full,white,zh,,1.1.5,
0,zh,"Chinese (中文 (Zhōngwén), 汉语, 漢語)",深蓝,深蓝色,深蓝,rgb,1,32,157,3,9,full,white,zh,,1.1.5,
0,zh,"Chinese (中文 (Zhōngwén), 汉语, 漢語)",深灰,深灰色,深灰,rgb,62,75,98,3,10,full,white,zh,,1.1.5,
0,zh,"Chinese (中文 (Zhōngwén), 汉语, 漢語)",蓝绿,蓝绿色,蓝绿色,rgb,69,150,159,3,11,full,white,zh,,1.1.5,
0,zh,"Chinese (中文 (Zhōngwén), 汉语, 漢語)",棕绿,棕绿色,棕绿色,rgb,114,101,50,6,0,full,white,zh,,1.1.5,
0,zh,"Chinese (中文 (Zhōngwén), 汉语, 漢語)",黄绿,黄绿色,黄绿色,rgb,216,237,152,6,1,full,white,zh,,1.1.5,
0,zh,"Chinese (中文 (Zhōngwén), 汉语, 漢語)",棕,棕色,棕色,rgb,75,17,19,6,2,full,white,zh,,1.1.5,
0,zh,"Chinese (中文 (Zhōngwén), 汉语, 漢語)",橙黄,橙黄色,橙黄色,rgb,248,214,148,6,3,full,white,zh,,1.1.5,
0,zh,"Chinese (中文 (Zhōngwén), 汉语, 漢語)",紫,紫色,紫色,rgb,169,15,237,6,4,full,white,zh,,1.1.5,
0,zh,"Chinese (中文 (Zhōngwén), 汉语, 漢語)",绿,绿色,绿色,rgb,109,149,64,6,5,full,white,zh,,1.1.5,
0,zh,"Chinese (中文 (Zhōngwén), 汉语, 漢語)",蓝,蓝色,蓝色,rgb,22,88,215,6,6,full,white,zh,,1.1.5,
0,zh,"Chinese (中文 (Zhōngwén), 汉语, 漢語)",红,红色,红色,rgb,250,20,12,6,7,full,white,zh,,1.1.5,
0,zh,"Chinese (中文 (Zhōngwén), 汉语, 漢語)",绿,绿色,绿色,rgb,34,105,64,6,8,full,white,zh,,1.1.5,
0,zh,"Chinese (中文 (Zhōngwén), 汉语, 漢語)",黄绿,黄绿色,黄绿色,rgb,179,182,58,6,9,full,white,zh,,1.1.5,
0,zh,"Chinese (中文 (Zhōngwén), 汉语, 漢語)",青,青色,青色,rgb,92,238,142,6,10,full,white,zh,,1.1.5,
0,zh,"Chinese (中文 (Zhōngwén), 汉语, 漢語)",粉红,粉红色,粉红,rgb,228,110,194,6,11,full,white,zh,,1.1.5,
0,zh,"Chinese (中文 (Zhōngwén), 汉语, 漢語)",深棕,深棕色,深棕色,rgb,109,75,45,1,0,full,white,zh,,1.1.5,
0,zh,"Chinese (中文 (Zhōngwén), 汉语, 漢語)",红,红色,红色,rgb,226,16,62,1,1,full,white,zh,,1.1.5,
0,zh,"Chinese (中文 (Zhōngwén), 汉语, 漢語)",浅绿,浅绿色,浅绿色,rgb,19,220,156,1,2,full,white,zh,,1.1.5,
0,zh,"Chinese (中文 (Zhōngwén), 汉语, 漢語)",蓝绿,蓝绿色,蓝绿色,rgb,44,136,144,1,3,full,white,zh,,1.1.5,
0,zh,"Chinese (中文 (Zhōngwén), 汉语, 漢語)",酒红,酒红色,酒红色,rgb,109,4,33,1,4,full,white,zh,,1.1.5,
0,zh,"Chinese (中文 (Zhōngwén), 汉语, 漢語)",绿,绿色,绿色,rgb,96,180,43,1,5,full,white,zh,,1.1.5,
0,zh,"Chinese (中文 (Zhōngwén), 汉语, 漢語)",淡紫,淡紫色,淡紫色,rgb,209,184,202,1,6,full,white,zh,,1.1.5,
0,zh,"Chinese (中文 (Zhōngwén), 汉语, 漢語)",青绿,青绿色,青绿色,rgb,26,165,116,1,7,full,white,zh,,1.1.5,
0,zh,"Chinese (中文 (Zhōngwén), 汉语, 漢語)",棕,棕色,棕色,rgb,148,92,12,1,8,full,white,zh,,1.1.5,
0,zh,"Chinese (中文 (Zhōngwén), 汉语, 漢語)",蓝,蓝色,蓝色,rgb,39,68,173,1,9,full,white,zh,,1.1.5,
0,zh,"Chinese (中文 (Zhōngwén), 汉语, 漢語)",深蓝,深蓝色,深蓝色,rgb,3,36,110,1,10,full,white,zh,,1.1.5,
0,zh,"Chinese (中文 (Zhōngwén), 汉语, 漢語)",深绿,深绿色,深绿色,rgb,13,62,3,1,11,full,white,zh,,1.1.5,
0,zh,"Chinese (中文 (Zhōngwén), 汉语, 漢語)",粉红,粉红色,粉红色,rgb,230,110,146,3,0,full,white,zh,,1.1.5,
0,zh,"Chinese (中文 (Zhōngwén), 汉语, 漢語)",粉紫,粉紫色,粉紫色,rgb,235,178,234,3,1,full,white,zh,,1.1.5,
0,zh,"Chinese (中文 (Zhōngwén), 汉语, 漢語)",蓝,蓝色,蓝色,rgb,37,62,217,3,2,full,white,zh,,1.1.5,
0,zh,"Chinese (中文 (Zhōngwén), 汉语, 漢語)",深绿,深绿色,深绿色,rgb,41,116,39,3,3,full,white,zh,,1.1.5,
0,zh,"Chinese (中文 (Zhōngwén), 汉语, 漢語)",淡蓝,淡蓝色,淡蓝色,rgb,124,151,209,3,4,full,white,zh,,1.1.5,
0,zh,"Chinese (中文 (Zhōngwén), 汉语, 漢語)",品红,品红色,品红色,rgb,241,82,167,3,5,full,white,zh,,1.1.5,
0,zh,"Chinese (中文 (Zhōngwén), 汉语, 漢語)",深粉红,深粉红色,深粉红色,rgb,160,5,77,3,6,full,white,zh,,1.1.5,
0,zh,"Chinese (中文 (Zhōngwén), 汉语, 漢語)",橙,橙色,橙色,rgb,253,142,65,3,7,full,white,zh,,1.1.5,
0,zh,"Chinese (中文 (Zhōngwén), 汉语, 漢語)",墨绿,墨绿色,墨绿色,rgb,18,43,27,3,8,full,white,zh,,1.1.5,
0,zh,"Chinese (中文 (Zhōngwén), 汉语, 漢語)",藏蓝,藏蓝色,藏蓝色,rgb,21,76,120,3,9,full,white,zh,,1.1.5,
0,zh,"Chinese (中文 (Zhōngwén), 汉语, 漢語)",土黄,土黄色,土黄色,rgb,179,163,10,3,10,full,white,zh,,1.1.5,
0,zh,"Chinese (中文 (Zhōngwén), 汉语, 漢語)",浅青,浅青色,浅青色,rgb,165,242,196,3,11,full,white,zh,,1.1.5,
0,zh,"Chinese (中文 (Zhōngwén), 汉语, 漢語)",深紫,深紫色,深紫色,rgb,108,35,116,6,0,full,white,zh,,1.1.5,
0,zh,"Chinese (中文 (Zhōngwén), 汉语, 漢語)",青,青色,青色,rgb,179,255,254,6,1,full,white,zh,,1.1.5,
0,zh,"Chinese (中文 (Zhōngwén), 汉语, 漢語)",天蓝,天蓝色,天蓝色,rgb,38,178,246,6,2,full,white,zh,,1.1.5,
0,zh,"Chinese (中文 (Zhōngwén), 汉语, 漢語)",紫,紫色,紫色,rgb,158,74,243,6,3,full,white,zh,,1.1.5,
0,zh,"Chinese (中文 (Zhōngwén), 汉语, 漢語)",亮绿,亮绿色,亮绿色,rgb,154,214,11,6,4,full,white,zh,,1.1.5,
0,zh,"Chinese (中文 (Zhōngwén), 汉语, 漢語)",品红,品红色,品红色,rgb,244,126,231,6,5,full,white,zh,,1.1.5,
0,zh,"Chinese (中文 (Zhōngwén), 汉语, 漢語)",红,红色,红色,rgb,207,47,2,6,6,full,white,zh,,1.1.5,
0,zh,"Chinese (中文 (Zhōngwén), 汉语, 漢語)",暗绿,暗绿色,暗绿色,rgb,149,151,61,6,7,full,white,zh,,1.1.5,
0,zh,"Chinese (中文 (Zhōngwén), 汉语, 漢語)",深棕,深棕色,深棕色,rgb,48,28,27,6,8,full,white,zh,,1.1.5,
0,zh,"Chinese (中文 (Zhōngwén), 汉语, 漢語)",肉,肉色,肉色,rgb,241,165,171,6,9,full,white,zh,,1.1.5,
0,zh,"Chinese (中文 (Zhōngwén), 汉语, 漢語)",淡紫,淡紫色,淡紫色,rgb,170,138,244,6,10,full,white,zh,,1.1.5,
0,zh,"Chinese (中文 (Zhōngwén), 汉语, 漢語)",品红,品红色,品红色,rgb,229,38,228,6,11,full,white,zh,,1.1.5,
0,zh,"Chinese (中文 (Zhōngwén), 汉语, 漢語)",浅绿,浅绿色,浅绿,rgb,172,225,132,1,0,full,white,zh,,1.1.5,
0,zh,"Chinese (中文 (Zhōngwén), 汉语, 漢語)",绿,绿色,绿,rgb,17,153,1,1,1,full,white,zh,,1.1.5,
0,zh,"Chinese (中文 (Zhōngwén), 汉语, 漢語)",橘红,橘红色,橘红,rgb,217,88,12,1,2,full,white,zh,,1.1.5,
0,zh,"Chinese (中文 (Zhōngwén), 汉语, 漢語)",绿,绿色,绿,rgb,2,185,104,1,3,full,white,zh,,1.1.5,
0,zh,"Chinese (中文 (Zhōngwén), 汉语, 漢語)",深蓝,深蓝色,深蓝,rgb,39,11,150,1,4,full,white,zh,,1.1.5,
0,zh,"Chinese (中文 (Zhōngwén), 汉语, 漢語)",粉,粉色,粉,rgb,230,205,210,1,5,full,white,zh,,1.1.5,
0,zh,"Chinese (中文 (Zhōngwén), 汉语, 漢語)",绿,绿色,绿,rgb,76,245,85,1,6,full,white,zh,,1.1.5,
0,zh,"Chinese (中文 (Zhōngwén), 汉语, 漢語)",棕红,棕红色,棕红,rgb,89,35,38,1,7,full,white,zh,,1.1.5,
0,zh,"Chinese (中文 (Zhōngwén), 汉语, 漢語)",黄,黄色,黄,rgb,243,183,68,1,8,full,white,zh,,1.1.5,
0,zh,"Chinese (中文 (Zhōngwén), 汉语, 漢語)",紫,紫色,紫,rgb,143,104,201,1,9,full,white,zh,,1.1.5,
0,zh,"Chinese (中文 (Zhōngwén), 汉语, 漢語)",紫红,紫红色,紫红,rgb,166,46,77,1,10,full,white,zh,,1.1.5,
0,zh,"Chinese (中文 (Zhōngwén), 汉语, 漢語)",灰,灰色,灰,rgb,122,112,108,1,11,full,white,zh,,1.1.5,
0,zh,"Chinese (中文 (Zhōngwén), 汉语, 漢語)",棕红,棕红色,棕红,rgb,169,75,72,1,0,full,white,zh,,1.1.5,
0,zh,"Chinese (中文 (Zhōngwén), 汉语, 漢語)",红,红色,红,rgb,224,12,22,1,1,full,white,zh,,1.1.5,
0,zh,"Chinese (中文 (Zhōngwén), 汉语, 漢語)",青,青色,青,rgb,144,226,180,1,2,full,white,zh,,1.1.5,
0,zh,"Chinese (中文 (Zhōngwén), 汉语, 漢語)",紫,紫色,紫,rgb,135,26,253,1,3,full,white,zh,,1.1.5,
0,zh,"Chinese (中文 (Zhōngwén), 汉语, 漢語)",绿,绿色,绿,rgb,82,220,95,1,4,full,white,zh,,1.1.5,
0,zh,"Chinese (中文 (Zhōngwén), 汉语, 漢語)",粉紫,粉紫色,粉紫,rgb,211,180,208,1,5,full,white,zh,,1.1.5,
0,zh,"Chinese (中文 (Zhōngwén), 汉语, 漢語)",浅紫,浅紫色,浅紫,rgb,227,124,251,1,6,full,white,zh,,1.1.5,
0,zh,"Chinese (中文 (Zhōngwén), 汉语, 漢語)",棕黄,棕黄色,棕黄,rgb,140,76,2,1,7,full,white,zh,,1.1.5,
0,zh,"Chinese (中文 (Zhōngwén), 汉语, 漢語)",蓝,蓝色,蓝,rgb,48,27,200,1,8,full,white,zh,,1.1.5,
0,zh,"Chinese (中文 (Zhōngwén), 汉语, 漢語)",浅蓝,浅蓝色,浅蓝,rgb,86,112,251,1,9,full,white,zh,,1.1.5,
0,zh,"Chinese (中文 (Zhōngwén), 汉语, 漢語)",蓝,蓝色,蓝,rgb,55,119,221,1,10,full,white,zh,,1.1.5,
0,zh,"Chinese (中文 (Zhōngwén), 汉语, 漢語)",黄绿,黄绿色,黄绿,rgb,155,243,141,1,11,full,white,zh,,1.1.5,
0,zh,"Chinese (中文 (Zhōngwén), 汉语, 漢語)",绿,绿色,绿,rgb,108,158,48,3,0,full,white,zh,,1.1.5,
0,zh,"Chinese (中文 (Zhōngwén), 汉语, 漢語)",蓝黑,蓝黑色,蓝黑,rgb,66,69,152,3,1,full,white,zh,,1.1.5,
0,zh,"Chinese (中文 (Zhōngwén), 汉语, 漢語)",紫黑,紫黑色,紫黑,rgb,51,39,70,3,2,full,white,zh,,1.1.5,
0,zh,"Chinese (中文 (Zhōngwén), 汉语, 漢語)",棕,棕色,棕,rgb,65,35,3,3,3,full,white,zh,,1.1.5,
0,zh,"Chinese (中文 (Zhōngwén), 汉语, 漢語)",粉紫,粉紫色,粉紫,rgb,224,172,236,3,4,full,white,zh,,1.1.5,
0,zh,"Chinese (中文 (Zhōngwén), 汉语, 漢語)",绿,绿色,绿,rgb,141,250,37,3,5,full,white,zh,,1.1.5,
0,zh,"Chinese (中文 (Zhōngwén), 汉语, 漢語)",蓝,蓝色,蓝,rgb,3,44,45,3,6,full,white,zh,,1.1.5,
0,zh,"Chinese (中文 (Zhōngwén), 汉语, 漢語)",砖黄,砖黄色,砖黄,rgb,200,143,13,3,7,full,white,zh,,1.1.5,
0,zh,"Chinese (中文 (Zhōngwén), 汉语, 漢語)",紫,紫色,紫,rgb,138,73,203,3,8,full,white,zh,,1.1.5,
0,zh,"Chinese (中文 (Zhōngwén), 汉语, 漢語)",绿,绿色,绿,rgb,60,104,93,3,9,full,white,zh,,1.1.5,
0,zh,"Chinese (中文 (Zhōngwén), 汉语, 漢語)",粉红,粉红色,粉红,rgb,246,36,115,3,10,full,white,zh,,1.1.5,
0,zh,"Chinese (中文 (Zhōngwén), 汉语, 漢語)",黄绿,黄绿色,黄绿,rgb,154,181,2,3,11,full,white,zh,,1.1.5,
0,zh,"Chinese (中文 (Zhōngwén), 汉语, 漢語)",黄,黄色,黄,rgb,244,230,105,6,0,full,white,zh,,1.1.5,
0,zh,"Chinese (中文 (Zhōngwén), 汉语, 漢語)",灰,灰色,灰,rgb,135,157,145,6,1,full,white,zh,,1.1.5,
0,zh,"Chinese (中文 (Zhōngwén), 汉语, 漢語)",紫,紫色,紫,rgb,238,78,245,6,2,full,white,zh,,1.1.5,
0,zh,"Chinese (中文 (Zhōngwén), 汉语, 漢語)",青,青色,青,rgb,189,227,218,6,3,full,white,zh,,1.1.5,
0,zh,"Chinese (中文 (Zhōngwén), 汉语, 漢語)",紫,紫色,紫,rgb,219,2,177,6,4,full,white,zh,,1.1.5,
0,zh,"Chinese (中文 (Zhōngwén), 汉语, 漢語)",橙黄,橙黄色,橙黄,rgb,246,106,85,6,5,full,white,zh,,1.1.5,
0,zh,"Chinese (中文 (Zhōngwén), 汉语, 漢語)",棕黄,棕黄色,棕黄,rgb,112,97,58,6,6,full,white,zh,,1.1.5,
0,zh,"Chinese (中文 (Zhōngwén), 汉语, 漢語)",晃,晃色,晃,rgb,183,158,77,6,7,full,white,zh,,1.1.5,
0,zh,"Chinese (中文 (Zhōngwén), 汉语, 漢語)",墨绿,墨绿色,墨绿,rgb,74,91,5,6,8,full,white,zh,,1.1.5,
0,zh,"Chinese (中文 (Zhōngwén), 汉语, 漢語)",黄,黄色,黄,rgb,228,217,15,6,9,full,white,zh,,1.1.5,
0,zh,"Chinese (中文 (Zhōngwén), 汉语, 漢語)",青,青色,青,rgb,21,192,143,6,10,full,white,zh,,1.1.5,
0,zh,"Chinese (中文 (Zhōngwén), 汉语, 漢語)",紫,紫色,紫,rgb,139,50,130,6,11,full,white,zh,,1.1.5,
0,zh,"Chinese (中文 (Zhōngwén), 汉语, 漢語)",紫红,紫红色,紫红色,rgb,190,70,145,1,0,full,white,zh,,1.1.5,
0,zh,"Chinese (中文 (Zhōngwén), 汉语, 漢語)",蓝紫,蓝紫色,蓝紫色,rgb,61,45,105,1,1,full,white,zh,,1.1.5,
0,zh,"Chinese (中文 (Zhōngwén), 汉语, 漢語)",浅绿,浅绿色,浅绿色,rgb,46,217,128,1,2,full,white,zh,,1.1.5,
0,zh,"Chinese (中文 (Zhōngwén), 汉语, 漢語)",紫,紫色,紫色,rgb,154,2,220,1,3,full,white,zh,,1.1.5,
0,zh,"Chinese (中文 (Zhōngwén), 汉语, 漢語)",深紫,深紫色,深紫色,rgb,84,4,109,1,4,full,white,zh,,1.1.5,
0,zh,"Chinese (中文 (Zhōngwén), 汉语, 漢語)",浅黄,浅黄色,浅黄色,rgb,249,219,123,1,5,full,white,zh,,1.1.5,
0,zh,"Chinese (中文 (Zhōngwén), 汉语, 漢語)",土黄,土黄色,土黄色,rgb,231,161,82,1,6,full,white,zh,,1.1.5,
0,zh,"Chinese (中文 (Zhōngwén), 汉语, 漢語)",紫红,紫红色,紫红色,rgb,134,70,141,1,7,full,white,zh,,1.1.5,
0,zh,"Chinese (中文 (Zhōngwén), 汉语, 漢語)",蓝,蓝色,蓝色,rgb,40,107,203,1,8,full,white,zh,,1.1.5,
0,zh,"Chinese (中文 (Zhōngwén), 汉语, 漢語)",绿,绿色,绿色,rgb,81,159,51,1,9,full,white,zh,,1.1.5,
0,zh,"Chinese (中文 (Zhōngwén), 汉语, 漢語)",浅紫,浅紫色,浅紫色,rgb,135,102,204,1,10,full,white,zh,,1.1.5,
0,zh,"Chinese (中文 (Zhōngwén), 汉语, 漢語)",灰绿,灰绿色,灰绿色,rgb,130,172,159,1,11,full,white,zh,,1.1.5,
0,zh,"Chinese (中文 (Zhōngwén), 汉语, 漢語)",黑绿,黑绿色,黑绿色,rgb,49,50,10,3,0,full,white,zh,,1.1.5,
0,zh,"Chinese (中文 (Zhōngwén), 汉语, 漢語)",洋红,洋红色,洋红,rgb,234,66,90,3,1,full,white,zh,,1.1.5,
0,zh,"Chinese (中文 (Zhōngwén), 汉语, 漢語)",棕,棕色,棕色,rgb,201,71,29,3,2,full,white,zh,,1.1.5,
0,zh,"Chinese (中文 (Zhōngwén), 汉语, 漢語)",淡蓝,淡蓝色,淡蓝色,rgb,92,153,210,3,3,full,white,zh,,1.1.5,
0,zh,"Chinese (中文 (Zhōngwén), 汉语, 漢語)",深绿,深绿色,深绿色,rgb,77,113,29,3,4,full,white,zh,,1.1.5,
0,zh,"Chinese (中文 (Zhōngwén), 汉语, 漢語)",浅绿,浅绿色,浅绿色,rgb,145,232,91,3,5,full,white,zh,,1.1.5,
0,zh,"Chinese (中文 (Zhōngwén), 汉语, 漢語)",红,红色,红色,rgb,217,6,29,3,6,full,white,zh,,1.1.5,
0,zh,"Chinese (中文 (Zhōngwén), 汉语, 漢語)",紫红,紫红色,紫红色,rgb,234,5,114,3,7,full,white,zh,,1.1.5,
0,zh,"Chinese (中文 (Zhōngwén), 汉语, 漢語)",浅紫,浅紫色,浅紫色,rgb,150,123,168,3,8,full,white,zh,,1.1.5,
0,zh,"Chinese (中文 (Zhōngwén), 汉语, 漢語)",棕,棕色,棕色,rgb,195,93,88,3,9,full,white,zh,,1.1.5,
0,zh,"Chinese (中文 (Zhōngwén), 汉语, 漢語)",肉,肉色,肉色,rgb,219,179,135,3,10,full,white,zh,,1.1.5,
0,zh,"Chinese (中文 (Zhōngwén), 汉语, 漢語)",深粉,深粉色,深粉色,rgb,183,134,140,3,11,full,white,zh,,1.1.5,
0,zh,"Chinese (中文 (Zhōngwén), 汉语, 漢語)",洋红,洋红色,洋红,rgb,242,43,221,1,0,full,white,zh,,1.1.5,
0,zh,"Chinese (中文 (Zhōngwén), 汉语, 漢語)",深绿,深绿色,深绿,rgb,4,120,71,1,1,full,white,zh,,1.1.5,
0,zh,"Chinese (中文 (Zhōngwén), 汉语, 漢語)",深蓝,深蓝色,深蓝,rgb,7,27,194,1,2,full,white,zh,,1.1.5,
0,zh,"Chinese (中文 (Zhōngwén), 汉语, 漢語)",黄褐,黄褐色,黄褐,rgb,127,99,22,1,3,full,white,zh,,1.1.5,
0,zh,"Chinese (中文 (Zhōngwén), 汉语, 漢語)",灰绿,灰绿色,灰绿,rgb,79,152,67,1,4,full,white,zh,,1.1.5,
0,zh,"Chinese (中文 (Zhōngwén), 汉语, 漢語)",粉紫,粉紫色,粉紫,rgb,223,102,202,1,5,full,white,zh,,1.1.5,
0,zh,"Chinese (中文 (Zhōngwén), 汉语, 漢語)",三文鱼,三文鱼色,三文鱼,rgb,247,121,134,1,6,full,white,zh,,1.1.5,
0,zh,"Chinese (中文 (Zhōngwén), 汉语, 漢語)",青蓝,青蓝色,青蓝,rgb,91,227,230,1,7,full,white,zh,,1.1.5,
0,zh,"Chinese (中文 (Zhōngwén), 汉语, 漢語)",灰粉,灰粉色,灰粉,rgb,214,122,172,1,8,full,white,zh,,1.1.5,
0,zh,"Chinese (中文 (Zhōngwén), 汉语, 漢語)",紫,紫色,紫,rgb,194,11,227,1,9,full,white,zh,,1.1.5,
0,zh,"Chinese (中文 (Zhōngwén), 汉语, 漢語)",灰靛,灰靛色,灰靛,rgb,112,117,216,1,10,full,white,zh,,1.1.5,
0,zh,"Chinese (中文 (Zhōngwén), 汉语, 漢語)",亮绿,亮绿色,亮绿,rgb,98,216,29,1,11,full,white,zh,,1.1.5,
0,zh,"Chinese (中文 (Zhōngwén), 汉语, 漢語)",蓝黑,蓝黑色,蓝黑,rgb,52,81,122,3,0,full,white,zh,,1.1.5,
0,zh,"Chinese (中文 (Zhōngwén), 汉语, 漢語)",古象牙,古象牙色,古象牙,rgb,226,214,162,3,1,full,white,zh,,1.1.5,
0,zh,"Chinese (中文 (Zhōngwén), 汉语, 漢語)",浅黄绿,浅黄绿色,浅黄绿,rgb,202,207,118,3,2,full,white,zh,,1.1.5,
0,zh,"Chinese (中文 (Zhōngwén), 汉语, 漢語)",深褐,深褐色,深褐,rgb,65,60,27,3,3,full,white,zh,,1.1.5,
0,zh,"Chinese (中文 (Zhōngwén), 汉语, 漢語)",水绿,水绿色,水绿,rgb,78,181,147,3,4,full,white,zh,,1.1.5,
0,zh,"Chinese (中文 (Zhōngwén), 汉语, 漢語)",浅灰紫,浅灰紫色,浅灰紫,rgb,192,166,186,3,5,full,white,zh,,1.1.5,
0,zh,"Chinese (中文 (Zhōngwén), 汉语, 漢語)",红棕,红棕色,红棕,rgb,176,104,54,3,6,full,white,zh,,1.1.5,
0,zh,"Chinese (中文 (Zhōngwén), 汉语, 漢語)",深灰紫,深灰紫色,深灰紫,rgb,131,108,128,3,7,full,white,zh,,1.1.5,
0,zh,"Chinese (中文 (Zhōngwén), 汉语, 漢語)",深青,深青色,深青,rgb,40,131,138,3,8,full,white,zh,,1.1.5,
0,zh,"Chinese (中文 (Zhōngwén), 汉语, 漢語)",灰紫,灰紫色,灰紫,rgb,171,116,191,3,9,full,white,zh,,1.1.5,
0,zh,"Chinese (中文 (Zhōngwén), 汉语, 漢語)",浅紫,浅紫色,浅紫,rgb,251,222,253,3,10,full,white,zh,,1.1.5,
0,zh,"Chinese (中文 (Zhōngwén), 汉语, 漢語)",钴蓝,钴蓝色,钴蓝,rgb,60,2,250,3,11,full,white,zh,,1.1.5,
0,zh,"Chinese (中文 (Zhōngwén), 汉语, 漢語)",棕灰,棕灰色,棕灰,rgb,144,102,92,6,0,full,white,zh,,1.1.5,
0,zh,"Chinese (中文 (Zhōngwén), 汉语, 漢語)",绯红,绯红色,绯红,rgb,221,29,87,6,1,full,white,zh,,1.1.5,
0,zh,"Chinese (中文 (Zhōngwén), 汉语, 漢語)",深紫,深紫色,深紫,rgb,59,13,138,6,2,full,white,zh,,1.1.5,
0,zh,"Chinese (中文 (Zhōngwén), 汉语, 漢語)",黄绿,黄绿色,黄绿,rgb,182,209,9,6,3,full,white,zh,,1.1.5,
0,zh,"Chinese (中文 (Zhōngwén), 汉语, 漢語)",蔚蓝,蔚蓝色,蔚蓝,rgb,45,127,186,6,4,full,white,zh,,1.1.5,
0,zh,"Chinese (中文 (Zhōngwén), 汉语, 漢語)",大红,大红色,大红,rgb,231,4,7,6,5,full,white,zh,,1.1.5,
0,zh,"Chinese (中文 (Zhōngwén), 汉语, 漢語)",亮青,亮青色,亮青,rgb,68,251,182,6,6,full,white,zh,,1.1.5,
0,zh,"Chinese (中文 (Zhōngwén), 汉语, 漢語)",黄灰,黄灰色,黄灰,rgb,196,177,53,6,7,full,white,zh,,1.1.5,
0,zh,"Chinese (中文 (Zhōngwén), 汉语, 漢語)",葡萄紫,葡萄紫色,葡萄紫,rgb,118,64,125,6,8,full,white,zh,,1.1.5,
0,zh,"Chinese (中文 (Zhōngwén), 汉语, 漢語)",宝石蓝,宝石蓝色,宝石蓝,rgb,14,75,221,6,9,full,white,zh,,1.1.5,
0,zh,"Chinese (中文 (Zhōngwén), 汉语, 漢語)",血红,血红色,血红,rgb,140,27,36,6,10,full,white,zh,,1.1.5,
0,zh,"Chinese (中文 (Zhōngwén), 汉语, 漢語)",紫红,紫红色,紫红,rgb,179,9,174,6,11,full,white,zh,,1.1.5,
0,zh,"Chinese (中文 (Zhōngwén), 汉语, 漢語)",浅蓝,浅蓝色,浅蓝,rgb,0,201,255,1,0,line,white,zh,,1.1.5,
0,zh,"Chinese (中文 (Zhōngwén), 汉语, 漢語)",翠绿,翠绿色,翠绿,rgb,0,255,31,1,1,line,white,zh,,1.1.5,
0,zh,"Chinese (中文 (Zhōngwén), 汉语, 漢語)",洋红,洋红色,洋红,rgb,255,0,252,1,2,line,white,zh,,1.1.5,
0,zh,"Chinese (中文 (Zhōngwén), 汉语, 漢語)",橙,橙色,橙,rgb,255,164,0,1,3,line,white,zh,,1.1.5,
0,zh,"Chinese (中文 (Zhōngwén), 汉语, 漢語)",亮绿,亮绿色,亮绿,rgb,0,255,103,1,4,line,white,zh,,1.1.5,
0,zh,"Chinese (中文 (Zhōngwén), 汉语, 漢語)",赭红,赭红色,赭红,rgb,255,0,87,1,5,line,white,zh,,1.1.5,
0,zh,"Chinese (中文 (Zhōngwén), 汉语, 漢語)",蓝紫,蓝紫色,蓝紫,rgb,50,0,255,1,6,line,white,zh,,1.1.5,
0,zh,"Chinese (中文 (Zhōngwén), 汉语, 漢語)",蓝绿,蓝绿色,蓝绿,rgb,0,255,181,1,7,line,white,zh,,1.1.5,
0,zh,"Chinese (中文 (Zhōngwén), 汉语, 漢語)",品红,品红色,品红,rgb,255,0,140,1,8,line,white,zh,,1.1.5,
0,zh,"Chinese (中文 (Zhōngwén), 汉语, 漢語)",大红,大红色,大红,rgb,255,0,25,1,9,line,white,zh,,1.1.5,
0,zh,"Chinese (中文 (Zhōngwén), 汉语, 漢語)",蓝,蓝色,蓝,rgb,0,64,255,1,10,line,white,zh,,1.1.5,
0,zh,"Chinese (中文 (Zhōngwén), 汉语, 漢語)",黄,黄色,黄,rgb,255,223,0,1,11,line,white,zh,,1.1.5,
0,zh,"Chinese (中文 (Zhōngwén), 汉语, 漢語)",浅蓝绿,浅蓝绿色,浅蓝绿,rgb,0,255,221,3,0,line,white,zh,,1.1.5,
0,zh,"Chinese (中文 (Zhōngwén), 汉语, 漢語)",橙红,橙红色,橙红,rgb,255,114,0,3,1,line,white,zh,,1.1.5,
0,zh,"Chinese (中文 (Zhōngwén), 汉语, 漢語)",亮蓝,亮蓝色,亮蓝,rgb,0,247,255,3,2,line,white,zh,,1.1.5,
0,zh,"Chinese (中文 (Zhōngwén), 汉语, 漢語)",蓝绿,蓝绿色,蓝绿,rgb,0,255,247,3,3,line,white,zh,,1.1.5,
0,zh,"Chinese (中文 (Zhōngwén), 汉语, 漢語)",天蓝,天蓝色,天蓝,rgb,0,92,255,3,4,line,white,zh,,1.1.5,
0,zh,"Chinese (中文 (Zhōngwén), 汉语, 漢語)",海蓝,海蓝色,海蓝,rgb,0,115,255,3,5,line,white,zh,,1.1.5,
0,zh,"Chinese (中文 (Zhōngwén), 汉语, 漢語)",浅蓝,浅蓝色,浅蓝,rgb,0,158,255,3,6,line,white,zh,,1.1.5,
0,zh,"Chinese (中文 (Zhōngwén), 汉语, 漢語)",红,红色,红,rgb,255,47,0,3,7,line,white,zh,,1.1.5,
0,zh,"Chinese (中文 (Zhōngwén), 汉语, 漢語)",粉蓝,粉蓝色,粉蓝,rgb,0,215,255,3,8,line,white,zh,,1.1.5,
0,zh,"Chinese (中文 (Zhōngwén), 汉语, 漢語)",果绿,果绿色,果绿,rgb,188,255,0,3,9,line,white,zh,,1.1.5,
0,zh,"Chinese (中文 (Zhōngwén), 汉语, 漢語)",粉红,粉红色,粉红,rgb,255,0,215,3,10,line,white,zh,,1.1.5,
0,zh,"Chinese (中文 (Zhōngwén), 汉语, 漢語)",紫,紫色,紫,rgb,157,0,255,3,11,line,white,zh,,1.1.5,
0,zh,"Chinese (中文 (Zhōngwén), 汉语, 漢語)",洋红,洋红色,洋红,rgb,255,0,197,6,0,line,white,zh,,1.1.5,
0,zh,"Chinese (中文 (Zhōngwén), 汉语, 漢語)",橙,橙色,橙色,rgb,255,129,0,6,1,line,white,zh,,1.1.5,
0,zh,"Chinese (中文 (Zhōngwén), 汉语, 漢語)",果绿,果绿色,果绿,rgb,138,255,0,6,2,line,white,zh,,1.1.5,
0,zh,"Chinese (中文 (Zhōngwén), 汉语, 漢語)",天蓝,天蓝色,天蓝,rgb,0,177,255,6,3,line,white,zh,,1.1.5,
0,zh,"Chinese (中文 (Zhōngwén), 汉语, 漢語)",紫,紫色,紫,rgb,166,0,255,6,4,line,white,zh,,1.1.5,
0,zh,"Chinese (中文 (Zhōngwén), 汉语, 漢語)",大红,大红色,大红,rgb,255,0,58,6,5,line,white,zh,,1.1.5,
0,zh,"Chinese (中文 (Zhōngwén), 汉语, 漢語)",黄,黄色,黄,rgb,255,247,0,6,6,line,white,zh,,1.1.5,
0,zh,"Chinese (中文 (Zhōngwén), 汉语, 漢語)",粉绿,粉绿色,粉绿,rgb,0,255,123,6,7,line,white,zh,,1.1.5,
0,zh,"Chinese (中文 (Zhōngwén), 汉语, 漢語)",土黄,土黄色,土黄,rgb,255,183,0,6,8,line,white,zh,,1.1.5,
0,zh,"Chinese (中文 (Zhōngwén), 汉语, 漢語)",粉红,粉红色,粉红,rgb,255,0,164,6,9,line,white,zh,,1.1.5,
0,zh,"Chinese (中文 (Zhōngwén), 汉语, 漢語)",亮绿,亮绿色,亮绿,rgb,82,255,0,6,10,line,white,zh,,1.1.5,
0,zh,"Chinese (中文 (Zhōngwén), 汉语, 漢語)",蓝,蓝色,蓝,rgb,0,91,255,6,11,line,white,zh,,1.1.5,
0,zh,"Chinese (中文 (Zhōngwén), 汉语, 漢語)",深红,深红色,深红,rgb,184,53,36,1,0,full,white,zh,,1.1.5,
0,zh,"Chinese (中文 (Zhōngwén), 汉语, 漢語)",浅蓝,浅蓝色,浅蓝,rgb,139,211,251,1,1,full,white,zh,,1.1.5,
0,zh,"Chinese (中文 (Zhōngwén), 汉语, 漢語)",浅绿,浅绿色,浅绿,rgb,85,247,120,1,2,full,white,zh,,1.1.5,
0,zh,"Chinese (中文 (Zhōngwén), 汉语, 漢語)",棕,棕色,棕,rgb,180,149,96,1,3,full,white,zh,,1.1.5,
0,zh,"Chinese (中文 (Zhōngwén), 汉语, 漢語)",土蓝,土蓝色,土蓝,rgb,15,154,205,1,4,full,white,zh,,1.1.5,
0,zh,"Chinese (中文 (Zhōngwén), 汉语, 漢語)",紫,紫色,紫,rgb,86,47,107,1,5,full,white,zh,,1.1.5,
0,zh,"Chinese (中文 (Zhōngwén), 汉语, 漢語)",深紫,深紫色,深紫,rgb,38,7,88,1,6,full,white,zh,,1.1.5,
0,zh,"Chinese (中文 (Zhōngwén), 汉语, 漢語)",粉红,粉红色,粉红,rgb,228,42,154,1,7,full,white,zh,,1.1.5,
0,zh,"Chinese (中文 (Zhōngwén), 汉语, 漢語)",深绿,深绿色,深绿,rgb,18,90,59,1,8,full,white,zh,,1.1.5,
0,zh,"Chinese (中文 (Zhōngwén), 汉语, 漢語)",深蓝,深蓝色,深蓝,rgb,47,89,185,1,9,full,white,zh,,1.1.5,
0,zh,"Chinese (中文 (Zhōngwén), 汉语, 漢語)",灰,灰色,灰,rgb,146,152,153,1,10,full,white,zh,,1.1.5,
0,zh,"Chinese (中文 (Zhōngwén), 汉语, 漢語)",红,红色,红,rgb,251,13,54,1,11,full,white,zh,,1.1.5,
0,zh,"Chinese (中文 (Zhōngwén), 汉语, 漢語)",亮蓝,亮蓝色,亮蓝,rgb,16,231,238,3,0,full,white,zh,,1.1.5,
0,zh,"Chinese (中文 (Zhōngwén), 汉语, 漢語)",紫,紫色,紫,rgb,206,86,245,3,1,full,white,zh,,1.1.5,
0,zh,"Chinese (中文 (Zhōngwén), 汉语, 漢語)",粉红,粉红色,粉红,rgb,250,129,181,3,2,full,white,zh,,1.1.5,
0,zh,"Chinese (中文 (Zhōngwén), 汉语, 漢語)",绿,绿色,绿,rgb,13,223,140,3,3,full,white,zh,,1.1.5,
0,zh,"Chinese (中文 (Zhōngwén), 汉语, 漢語)",土绿,土绿色,土绿,rgb,170,180,71,3,4,full,white,zh,,1.1.5,
0,zh,"Chinese (中文 (Zhōngwén), 汉语, 漢語)",深绿,深绿色,深绿,rgb,114,173,120,3,5,full,white,zh,,1.1.5,
0,zh,"Chinese (中文 (Zhōngwén), 汉语, 漢語)",深红,深红色,深红,rgb,148,14,84,3,6,full,white,zh,,1.1.5,
0,zh,"Chinese (中文 (Zhōngwén), 汉语, 漢語)",浅橙,浅橙色,浅橙,rgb,238,154,117,3,7,full,white,zh,,1.1.5,
0,zh,"Chinese (中文 (Zhōngwén), 汉语, 漢語)",亮粉,亮粉色,亮粉,rgb,250,122,232,3,8,full,white,zh,,1.1.5,
0,zh,"Chinese (中文 (Zhōngwén), 汉语, 漢語)",草绿,草绿色,草绿,rgb,88,221,6,3,9,full,white,zh,,1.1.5,
0,zh,"Chinese (中文 (Zhōngwén), 汉语, 漢語)",灰绿,灰绿色,灰绿,rgb,88,169,163,3,10,full,white,zh,,1.1.5,
0,zh,"Chinese (中文 (Zhōngwén), 汉语, 漢語)",深蓝,深蓝色,深蓝,rgb,44,43,196,3,11,full,white,zh,,1.1.5,
0,zh,"Chinese (中文 (Zhōngwén), 汉语, 漢語)",蓝紫,蓝紫色,蓝紫,rgb,117,92,214,6,0,full,white,zh,,1.1.5,
0,zh,"Chinese (中文 (Zhōngwén), 汉语, 漢語)",浅红,浅红色,浅红,rgb,201,87,92,6,1,full,white,zh,,1.1.5,
0,zh,"Chinese (中文 (Zhōngwén), 汉语, 漢語)",蓝,蓝色,蓝,rgb,23,142,232,6,2,full,white,zh,,1.1.5,
0,zh,"Chinese (中文 (Zhōngwén), 汉语, 漢語)",黑,黑色,黑,rgb,42,39,35,6,3,full,white,zh,,1.1.5,
0,zh,"Chinese (中文 (Zhōngwén), 汉语, 漢語)",绿,绿色,绿,rgb,17,179,120,6,4,full,white,zh,,1.1.5,
0,zh,"Chinese (中文 (Zhōngwén), 汉语, 漢語)",棕红,棕红色,棕红,rgb,121,25,40,6,5,full,white,zh,,1.1.5,
0,zh,"Chinese (中文 (Zhōngwén), 汉语, 漢語)",深紫,深紫色,深紫,rgb,122,2,133,6,6,full,white,zh,,1.1.5,
0,zh,"Chinese (中文 (Zhōngwén), 汉语, 漢語)",绿,绿色,绿,rgb,73,155,34,6,7,full,white,zh,,1.1.5,
0,zh,"Chinese (中文 (Zhōngwén), 汉语, 漢語)",军绿,军绿色,军绿,rgb,60,86,82,6,8,full,white,zh,,1.1.5,
0,zh,"Chinese (中文 (Zhōngwén), 汉语, 漢語)",深绿,深绿色,深绿,rgb,39,126,59,6,9,full,white,zh,,1.1.5,
0,zh,"Chinese (中文 (Zhōngwén), 汉语, 漢語)",浅蓝,浅蓝色,浅蓝,rgb,195,220,230,6,10,full,white,zh,,1.1.5,
0,zh,"Chinese (中文 (Zhōngwén), 汉语, 漢語)",深棕,深棕色,深棕,rgb,69,55,14,6,11,full,white,zh,,1.1.5,
0,zh,"Chinese (中文 (Zhōngwén), 汉语, 漢語)",深蓝,深蓝色,深蓝,rgb,68,62,214,1,0,full,white,zh,,1.1.5,
0,zh,"Chinese (中文 (Zhōngwén), 汉语, 漢語)",青,青色,青色,rgb,21,233,191,1,1,full,white,zh,,1.1.5,
0,zh,"Chinese (中文 (Zhōngwén), 汉语, 漢語)",紫,紫色,紫色,rgb,203,72,243,1,2,full,white,zh,,1.1.5,
0,zh,"Chinese (中文 (Zhōngwén), 汉语, 漢語)",酱紫,酱紫色,酱紫,rgb,195,72,112,1,3,full,white,zh,,1.1.5,
0,zh,"Chinese (中文 (Zhōngwén), 汉语, 漢語)",藻绿,藻绿色,藻绿,rgb,143,162,68,1,4,full,white,zh,,1.1.5,
0,zh,"Chinese (中文 (Zhōngwén), 汉语, 漢語)",紫红,紫红色,紫红,rgb,210,12,94,1,5,full,white,zh,,1.1.5,
0,zh,"Chinese (中文 (Zhōngwén), 汉语, 漢語)",青灰,青灰色,青灰,rgb,184,206,201,1,6,full,white,zh,,1.1.5,
0,zh,"Chinese (中文 (Zhōngwén), 汉语, 漢語)",湖蓝,湖蓝色,湖蓝,rgb,6,214,235,1,7,full,white,zh,,1.1.5,
0,zh,"Chinese (中文 (Zhōngwén), 汉语, 漢語)",茶,茶色,茶色,rgb,178,138,116,1,8,full,white,zh,,1.1.5,
0,zh,"Chinese (中文 (Zhōngwén), 汉语, 漢語)",肉,肉色,肉色,rgb,235,131,104,1,9,full,white,zh,,1.1.5,
0,zh,"Chinese (中文 (Zhōngwén), 汉语, 漢語)",藏青,藏青色,藏青,rgb,24,64,109,1,10,full,white,zh,,1.1.5,
0,zh,"Chinese (中文 (Zhōngwén), 汉语, 漢語)",黑,黑色,黑,rgb,44,33,51,1,11,full,white,zh,,1.1.5,
0,zh,"Chinese (中文 (Zhōngwén), 汉语, 漢語)",肉,肉色,肉色,rgb,251,202,153,3,0,full,white,zh,,1.1.5,
0,zh,"Chinese (中文 (Zhōngwén), 汉语, 漢語)",蓝,蓝色,蓝,rgb,31,106,209,3,1,full,white,zh,,1.1.5,
0,zh,"Chinese (中文 (Zhōngwén), 汉语, 漢語)",暗紫,暗紫色,暗紫,rgb,91,66,152,3,2,full,white,zh,,1.1.5,
0,zh,"Chinese (中文 (Zhōngwén), 汉语, 漢語)",钢青,钢青色,钢青,rgb,71,114,140,3,3,full,white,zh,,1.1.5,
0,zh,"Chinese (中文 (Zhōngwén), 汉语, 漢語)",淡紫,淡紫色,淡紫,rgb,195,150,233,3,4,full,white,zh,,1.1.5,
0,zh,"Chinese (中文 (Zhōngwén), 汉语, 漢語)",青绿,青绿色,青绿,rgb,10,229,139,3,5,full,white,zh,,1.1.5,
0,zh,"Chinese (中文 (Zhōngwén), 汉语, 漢語)",暗红,暗红色,暗红,rgb,137,23,12,3,6,full,white,zh,,1.1.5,
0,zh,"Chinese (中文 (Zhōngwén), 汉语, 漢語)",嫩绿,嫩绿色,嫩绿,rgb,177,216,45,3,7,full,white,zh,,1.1.5,
0,zh,"Chinese (中文 (Zhōngwén), 汉语, 漢語)",浅棕,浅棕色,浅棕,rgb,186,156,76,3,8,full,white,zh,,1.1.5,
0,zh,"Chinese (中文 (Zhōngwén), 汉语, 漢語)",锈绿,锈绿色,锈绿,rgb,98,189,112,3,9,full,white,zh,,1.1.5,
0,zh,"Chinese (中文 (Zhōngwén), 汉语, 漢語)",铅灰,铅灰色,铅灰,rgb,117,129,108,3,10,full,white,zh,,1.1.5,
0,zh,"Chinese (中文 (Zhōngwén), 汉语, 漢語)",紫,紫色,紫,rgb,175,3,177,3,11,full,white,zh,,1.1.5,
0,zh,"Chinese (中文 (Zhōngwén), 汉语, 漢語)",黑,黑色,黑,rgb,54,52,32,6,0,full,white,zh,,1.1.5,
0,zh,"Chinese (中文 (Zhōngwén), 汉语, 漢語)",淡紫,淡紫色,淡紫,rgb,171,131,177,6,1,full,white,zh,,1.1.5,
0,zh,"Chinese (中文 (Zhōngwén), 汉语, 漢語)",暗紫,暗紫色,暗紫,rgb,117,65,86,6,2,full,white,zh,,1.1.5,
0,zh,"Chinese (中文 (Zhōngwén), 汉语, 漢語)",洋红,洋红色,洋红,rgb,229,16,179,6,3,full,white,zh,,1.1.5,
0,zh,"Chinese (中文 (Zhōngwén), 汉语, 漢語)",土黄,土黄色,土黄,rgb,218,122,1,6,4,full,white,zh,,1.1.5,
0,zh,"Chinese (中文 (Zhōngwén), 汉语, 漢語)",嫩绿,嫩绿色,嫩绿,rgb,126,250,49,6,5,full,white,zh,,1.1.5,
0,zh,"Chinese (中文 (Zhōngwén), 汉语, 漢語)",鹅黄,鹅黄色,鹅黄,rgb,223,221,120,6,6,full,white,zh,,1.1.5,
0,zh,"Chinese (中文 (Zhōngwén), 汉语, 漢語)",粉紫,粉紫色,粉紫,rgb,245,103,203,6,7,full,white,zh,,1.1.5,
0,zh,"Chinese (中文 (Zhōngwén), 汉语, 漢語)",暗青,暗青色,暗青,rgb,6,149,172,6,8,full,white,zh,,1.1.5,
0,zh,"Chinese (中文 (Zhōngwén), 汉语, 漢語)",深红,深红色,深红,rgb,202,28,29,6,9,full,white,zh,,1.1.5,
0,zh,"Chinese (中文 (Zhōngwén), 汉语, 漢語)",暗绿,暗绿色,暗绿,rgb,19,147,100,6,10,full,white,zh,,1.1.5,
0,zh,"Chinese (中文 (Zhōngwén), 汉语, 漢語)",暗粉,暗粉色,暗粉,rgb,241,138,163,6,11,full,white,zh,,1.1.5,
0,zh,"Chinese (中文 (Zhōngwén), 汉语, 漢語)",紫,紫色,紫色,rgb,176,45,183,1,0,full,white,zh,,1.1.5,
0,zh,"Chinese (中文 (Zhōngwén), 汉语, 漢語)",藏青,藏青色,藏青色,rgb,36,159,161,1,1,full,white,zh,,1.1.5,
0,zh,"Chinese (中文 (Zhōngwén), 汉语, 漢語)",粉红,粉红色,粉红色,rgb,254,139,222,1,2,full,white,zh,,1.1.5,
0,zh,"Chinese (中文 (Zhōngwén), 汉语, 漢語)",黑,黑色,黑色,rgb,40,36,3,1,3,full,white,zh,,1.1.5,
0,zh,"Chinese (中文 (Zhōngwén), 汉语, 漢語)",草绿,草绿色,草绿色,rgb,182,242,79,1,4,full,white,zh,,1.1.5,
0,zh,"Chinese (中文 (Zhōngwén), 汉语, 漢語)",孔雀绿,孔雀绿色,孔雀绿,rgb,71,200,157,1,5,full,white,zh,,1.1.5,
0,zh,"Chinese (中文 (Zhōngwén), 汉语, 漢語)",浅紫,浅紫色,浅紫色,rgb,154,153,214,1,6,full,white,zh,,1.1.5,
0,zh,"Chinese (中文 (Zhōngwén), 汉语, 漢語)",军绿,军绿色,军绿色,rgb,83,133,98,1,7,full,white,zh,,1.1.5,
0,zh,"Chinese (中文 (Zhōngwén), 汉语, 漢語)",浅红,浅红色,浅红色,rgb,229,139,128,1,8,full,white,zh,,1.1.5,
0,zh,"Chinese (中文 (Zhōngwén), 汉语, 漢語)",砖红,砖红色,砖红色,rgb,159,39,26,1,9,full,white,zh,,1.1.5,
0,zh,"Chinese (中文 (Zhōngwén), 汉语, 漢語)",紫,紫色,紫色,rgb,146,94,232,1,10,full,white,zh,,1.1.5,
0,zh,"Chinese (中文 (Zhōngwén), 汉语, 漢語)",孔雀绿,孔雀绿色,孔雀绿,rgb,19,234,159,1,11,full,white,zh,,1.1.5,
0,zh,"Chinese (中文 (Zhōngwén), 汉语, 漢語)",绛紫,绛紫色,绛紫,rgb,95,66,145,3,0,full,white,zh,,1.1.5,
0,zh,"Chinese (中文 (Zhōngwén), 汉语, 漢語)",明黄,明黄色,明黄,rgb,248,229,60,3,1,full,white,zh,,1.1.5,
0,zh,"Chinese (中文 (Zhōngwén), 汉语, 漢語)",深蓝,深蓝色,深蓝,rgb,68,34,218,3,2,full,white,zh,,1.1.5,
0,zh,"Chinese (中文 (Zhōngwén), 汉语, 漢語)",深青,深青色,深青色,rgb,23,68,82,3,3,full,white,zh,,1.1.5,
0,zh,"Chinese (中文 (Zhōngwén), 汉语, 漢語)",深绿,深绿色,深绿,rgb,80,185,70,3,4,full,white,zh,,1.1.5,
0,zh,"Chinese (中文 (Zhōngwén), 汉语, 漢語)",绿,绿色,绿色,rgb,70,219,24,3,5,full,white,zh,,1.1.5,
0,zh,"Chinese (中文 (Zhōngwén), 汉语, 漢語)",砖红,砖红色,砖红,rgb,118,55,15,3,6,full,white,zh,,1.1.5,
0,zh,"Chinese (中文 (Zhōngwén), 汉语, 漢語)",天蓝,天蓝色,天蓝,rgb,115,218,246,3,7,full,white,zh,,1.1.5,
0,zh,"Chinese (中文 (Zhōngwén), 汉语, 漢語)",银,银色,银色,rgb,222,238,235,3,8,full,white,zh,,1.1.5,
0,zh,"Chinese (中文 (Zhōngwén), 汉语, 漢語)",绛紫,绛紫色,绛紫,rgb,44,9,83,3,9,full,white,zh,,1.1.5,
0,zh,"Chinese (中文 (Zhōngwén), 汉语, 漢語)",深紫,深紫色,深紫,rgb,157,93,157,3,10,full,white,zh,,1.1.5,
0,zh,"Chinese (中文 (Zhōngwén), 汉语, 漢語)",湖蓝,湖蓝色,湖蓝,rgb,79,166,207,3,11,full,white,zh,,1.1.5,
0,zh,"Chinese (中文 (Zhōngwén), 汉语, 漢語)",棕黄,棕黄色,棕黄,rgb,141,106,45,6,0,full,white,zh,,1.1.5,
0,zh,"Chinese (中文 (Zhōngwén), 汉语, 漢語)",褐,褐色,褐色,rgb,72,2,0,6,1,full,white,zh,,1.1.5,
0,zh,"Chinese (中文 (Zhōngwén), 汉语, 漢語)",大红,大红色,大红,rgb,210,21,12,6,2,full,white,zh,,1.1.5,
0,zh,"Chinese (中文 (Zhōngwén), 汉语, 漢語)",粉褐,粉褐色,粉褐色,rgb,174,127,142,6,3,full,white,zh,,1.1.5,
0,zh,"Chinese (中文 (Zhōngwén), 汉语, 漢語)",深草绿,深草绿色,深草绿,rgb,159,157,109,6,4,full,white,zh,,1.1.5,
0,zh,"Chinese (中文 (Zhōngwén), 汉语, 漢語)",藏蓝,藏蓝色,藏蓝,rgb,19,30,151,6,5,full,white,zh,,1.1.5,
0,zh,"Chinese (中文 (Zhōngwén), 汉语, 漢語)",浅军绿,浅军绿色,浅军绿,rgb,208,215,153,6,6,full,white,zh,,1.1.5,
0,zh,"Chinese (中文 (Zhōngwén), 汉语, 漢語)",深蓝,深蓝色,深蓝,rgb,11,113,242,6,7,full,white,zh,,1.1.5,
0,zh,"Chinese (中文 (Zhōngwén), 汉语, 漢語)",大红,大红色,大红,rgb,214,53,80,6,8,full,white,zh,,1.1.5,
0,zh,"Chinese (中文 (Zhōngwén), 汉语, 漢語)",紫,紫色,紫色,rgb,164,43,252,6,9,full,white,zh,,1.1.5,
0,zh,"Chinese (中文 (Zhōngwén), 汉语, 漢語)",砖红,砖红色,砖红,rgb,168,84,73,6,10,full,white,zh,,1.1.5,
0,zh,"Chinese (中文 (Zhōngwén), 汉语, 漢語)",米黄,米黄色,米黄,rgb,234,194,159,6,11,full,white,zh,,1.1.5,
0,zh,"Chinese (中文 (Zhōngwén), 汉语, 漢語)",紫罗蓝,紫罗兰色,紫罗兰色,rgb,157,3,251,1,0,full,white,zh,,1.1.5,
0,zh,"Chinese (中文 (Zhōngwén), 汉语, 漢語)",橙,橙色,橙色,rgb,215,154,92,1,1,full,white,zh,,1.1.5,
0,zh,"Chinese (中文 (Zhōngwén), 汉语, 漢語)",湖蓝,湖蓝色,湖蓝色,rgb,2,213,225,1,2,full,white,zh,,1.1.5,
0,zh,"Chinese (中文 (Zhōngwén), 汉语, 漢語)",淡青,淡青色,淡青色,rgb,158,255,243,1,3,full,white,zh,,1.1.5,
0,zh,"Chinese (中文 (Zhōngwén), 汉语, 漢語)",淡紫,淡紫色,淡紫色,rgb,150,127,194,1,4,full,white,zh,,1.1.5,
0,zh,"Chinese (中文 (Zhōngwén), 汉语, 漢語)",绿,绿色,绿色,rgb,83,209,105,1,5,full,white,zh,,1.1.5,
0,zh,"Chinese (中文 (Zhōngwén), 汉语, 漢語)",粉紫,粉紫色,粉紫色,rgb,171,93,145,1,6,full,white,zh,,1.1.5,
0,zh,"Chinese (中文 (Zhōngwén), 汉语, 漢語)",蓝,蓝色,蓝色,rgb,46,22,217,1,7,full,white,zh,,1.1.5,
0,zh,"Chinese (中文 (Zhōngwén), 汉语, 漢語)",褐,褐色,褐色,rgb,103,52,73,1,8,full,white,zh,,1.1.5,
0,zh,"Chinese (中文 (Zhōngwén), 汉语, 漢語)",浅褐,浅褐色,浅褐色,rgb,175,157,140,1,9,full,white,zh,,1.1.5,
0,zh,"Chinese (中文 (Zhōngwén), 汉语, 漢語)",紫红,紫红色,紫红色,rgb,130,34,111,1,10,full,white,zh,,1.1.5,
0,zh,"Chinese (中文 (Zhōngwén), 汉语, 漢語)",淡蓝,淡蓝色,淡蓝色,rgb,73,132,229,1,11,full,white,zh,,1.1.5,
0,zh,"Chinese (中文 (Zhōngwén), 汉语, 漢語)",黑,黑色,黑色,rgb,3,5,44,3,0,full,white,zh,,1.1.5,
0,zh,"Chinese (中文 (Zhōngwén), 汉语, 漢語)",水绿,水绿色,水绿色,rgb,91,221,166,3,1,full,white,zh,,1.1.5,
0,zh,"Chinese (中文 (Zhōngwén), 汉语, 漢語)",灰绿,灰绿色,灰绿色,rgb,184,195,132,3,2,full,white,zh,,1.1.5,
0,zh,"Chinese (中文 (Zhōngwén), 汉语, 漢語)",橄榄绿,橄榄绿色,橄榄绿,rgb,72,144,63,3,3,full,white,zh,,1.1.5,
0,zh,"Chinese (中文 (Zhōngwén), 汉语, 漢語)",橙,橙色,橙色,rgb,222,124,50,3,4,full,white,zh,,1.1.5,
0,zh,"Chinese (中文 (Zhōngwén), 汉语, 漢語)",粉,粉色,粉色,rgb,247,127,209,3,5,full,white,zh,,1.1.5,
0,zh,"Chinese (中文 (Zhōngwén), 汉语, 漢語)",墨绿,墨绿色,墨绿色,rgb,13,34,12,3,6,full,white,zh,,1.1.5,
0,zh,"Chinese (中文 (Zhōngwén), 汉语, 漢語)",明黄,明黄色,明黄色,rgb,245,238,76,3,7,full,white,zh,,1.1.5,
0,zh,"Chinese (中文 (Zhōngwén), 汉语, 漢語)",玫红,玫红色,玫红色,rgb,190,44,74,3,8,full,white,zh,,1.1.5,
0,zh,"Chinese (中文 (Zhōngwén), 汉语, 漢語)",深蓝,深蓝色,深蓝色,rgb,51,66,152,3,9,full,white,zh,,1.1.5,
0,zh,"Chinese (中文 (Zhōngwén), 汉语, 漢語)",翠绿,翠绿色,翠绿色,rgb,19,156,10,3,10,full,white,zh,,1.1.5,
0,zh,"Chinese (中文 (Zhōngwén), 汉语, 漢語)",紫,紫色,紫色,rgb,171,46,183,3,11,full,white,zh,,1.1.5,
0,zh,"Chinese (中文 (Zhōngwén), 汉语, 漢語)",橘,橘色,橘色,rgb,241,90,24,6,0,full,white,zh,,1.1.5,
0,zh,"Chinese (中文 (Zhōngwén), 汉语, 漢語)",健那绿,健那绿色,健那绿,rgb,1,168,134,6,1,full,white,zh,,1.1.5,
0,zh,"Chinese (中文 (Zhōngwén), 汉语, 漢語)",浅红,浅红色,浅红色,rgb,244,9,80,6,2,full,white,zh,,1.1.5,
0,zh,"Chinese (中文 (Zhōngwén), 汉语, 漢語)",湖蓝,湖蓝色,湖蓝色,rgb,31,94,211,6,3,full,white,zh,,1.1.5,
0,zh,"Chinese (中文 (Zhōngwén), 汉语, 漢語)",桃粉,桃粉色,桃粉色,rgb,246,80,144,6,4,full,white,zh,,1.1.5,
0,zh,"Chinese (中文 (Zhōngwén), 汉语, 漢語)",橄榄绿,橄榄绿色,橄榄绿,rgb,60,78,31,6,5,full,white,zh,,1.1.5,
0,zh,"Chinese (中文 (Zhōngwén), 汉语, 漢語)",紫黑,紫黑色,紫黑色,rgb,62,24,70,6,6,full,white,zh,,1.1.5,
0,zh,"Chinese (中文 (Zhōngwén), 汉语, 漢語)",紫灰,紫灰色,紫灰色,rgb,183,158,184,6,7,full,white,zh,,1.1.5,
0,zh,"Chinese (中文 (Zhōngwén), 汉语, 漢語)",淡蓝紫,淡蓝紫色,淡蓝紫色,rgb,141,110,235,6,8,full,white,zh,,1.1.5,
0,zh,"Chinese (中文 (Zhōngwén), 汉语, 漢語)",玫红,玫红色,玫红色,rgb,246,38,160,6,9,full,white,zh,,1.1.5,
0,zh,"Chinese (中文 (Zhōngwén), 汉语, 漢語)",肉,肉色,肉色,rgb,243,222,219,6,10,full,white,zh,,1.1.5,
0,zh,"Chinese (中文 (Zhōngwén), 汉语, 漢語)",淡粉,淡粉色,淡粉色,rgb,247,147,181,6,11,full,white,zh,,1.1.5,
0,zh,"Chinese (中文 (Zhōngwén), 汉语, 漢語)",黄绿,黄绿色,黄绿,rgb,185,162,40,1,0,full,white,en,,1.1.5,
0,zh,"Chinese (中文 (Zhōngwén), 汉语, 漢語)",紫罗蓝,紫罗兰色,紫罗兰,rgb,177,109,198,1,1,full,white,en,,1.1.5,
0,zh,"Chinese (中文 (Zhōngwén), 汉语, 漢語)",粉,粉色,粉,rgb,242,121,205,1,2,full,white,en,,1.1.5,
0,zh,"Chinese (中文 (Zhōngwén), 汉语, 漢語)",灰褐,灰褐色,灰褐,rgb,156,137,149,1,3,full,white,en,,1.1.5,
0,zh,"Chinese (中文 (Zhōngwén), 汉语, 漢語)",绿,绿色,绿,rgb,116,213,97,1,4,full,white,en,,1.1.5,
0,zh,"Chinese (中文 (Zhōngwén), 汉语, 漢語)",蓝,蓝色,蓝,rgb,96,122,243,1,5,full,white,en,,1.1.5,
0,zh,"Chinese (中文 (Zhōngwén), 汉语, 漢語)",水蓝,水蓝色,水蓝,rgb,41,197,230,1,6,full,white,en,,1.1.5,
0,zh,"Chinese (中文 (Zhōngwén), 汉语, 漢語)",紫红,紫红色,紫红,rgb,155,37,121,1,7,full,white,en,,1.1.5,
0,zh,"Chinese (中文 (Zhōngwén), 汉语, 漢語)",黄,黄色,黄,rgb,243,219,70,1,8,full,white,en,,1.1.5,
0,zh,"Chinese (中文 (Zhōngwén), 汉语, 漢語)",深蓝,深蓝色,深蓝,rgb,31,3,204,1,9,full,white,en,,1.1.5,
0,zh,"Chinese (中文 (Zhōngwén), 汉语, 漢語)",青,青色,青,rgb,39,184,155,1,10,full,white,en,,1.1.5,
0,zh,"Chinese (中文 (Zhōngwén), 汉语, 漢語)",橙棕,橙棕色,橙棕,rgb,215,120,63,1,11,full,white,en,,1.1.5,
0,zh,"Chinese (中文 (Zhōngwén), 汉语, 漢語)",赭石,赭石色,赭石,rgb,189,131,115,3,0,full,white,en,,1.1.5,
0,zh,"Chinese (中文 (Zhōngwén), 汉语, 漢語)",蓝黑,蓝黑色,蓝黑,rgb,45,53,146,3,1,full,white,en,,1.1.5,
0,zh,"Chinese (中文 (Zhōngwén), 汉语, 漢語)",紫黑,紫黑色,紫黑,rgb,81,61,95,3,2,full,white,en,,1.1.5,
0,zh,"Chinese (中文 (Zhōngwén), 汉语, 漢語)",深红,深红色,深红,rgb,102,27,72,3,3,full,white,en,,1.1.5,
0,zh,"Chinese (中文 (Zhōngwén), 汉语, 漢語)",青蓝,蓝青色,蓝青,rgb,47,128,168,3,4,full,white,en,,1.1.5,
0,zh,"Chinese (中文 (Zhōngwén), 汉语, 漢語)",草绿,草绿色,草绿,rgb,136,178,104,3,5,full,white,en,,1.1.5,
0,zh,"Chinese (中文 (Zhōngwén), 汉语, 漢語)",大红,大红色,大红,rgb,167,19,14,3,6,full,white,en,,1.1.5,
0,zh,"Chinese (中文 (Zhōngwén), 汉语, 漢語)",绿,绿色,绿,rgb,73,141,48,3,7,full,white,en,,1.1.5,
0,zh,"Chinese (中文 (Zhōngwén), 汉语, 漢語)",亮绿,亮绿色,亮绿,rgb,69,244,144,3,8,full,white,en,,1.1.5,
0,zh,"Chinese (中文 (Zhōngwén), 汉语, 漢語)",土黄,土黄色,土黄,rgb,205,141,40,3,9,full,white,en,,1.1.5,
0,zh,"Chinese (中文 (Zhōngwén), 汉语, 漢語)",粉红,粉红色,粉红,rgb,245,4,119,3,10,full,white,en,,1.1.5,
0,zh,"Chinese (中文 (Zhōngwén), 汉语, 漢語)",黑,黑色,黑,rgb,44,18,13,3,11,full,white,en,,1.1.5,
0,zh,"Chinese (中文 (Zhōngwén), 汉语, 漢語)",亮粉,亮粉色,亮粉,rgb,255,16,199,6,0,full,white,en,,1.1.5,
0,zh,"Chinese (中文 (Zhōngwén), 汉语, 漢語)",黄灰,黄灰色,黄灰,rgb,231,225,181,6,1,full,white,en,,1.1.5,
0,zh,"Chinese (中文 (Zhōngwén), 汉语, 漢語)",藕荷,藕荷色,藕荷,rgb,219,165,204,6,2,full,white,en,,1.1.5,
0,zh,"Chinese (中文 (Zhōngwén), 汉语, 漢語)",深黄,深黄色,深黄,rgb,77,63,16,6,3,full,white,en,,1.1.5,
0,zh,"Chinese (中文 (Zhōngwén), 汉语, 漢語)",深青,深青色,深青,rgb,56,81,94,6,4,full,white,en,,1.1.5,
0,zh,"Chinese (中文 (Zhōngwén), 汉语, 漢語)",黄绿灰,黄绿灰色,黄绿灰,rgb,210,197,113,6,5,full,white,en,,1.1.5,
0,zh,"Chinese (中文 (Zhōngwén), 汉语, 漢語)",洋红,洋红色,洋红,rgb,239,37,66,6,6,full,white,en,,1.1.5,
0,zh,"Chinese (中文 (Zhōngwén), 汉语, 漢語)",深绿,深绿色,深绿,rgb,62,80,61,6,7,full,white,en,,1.1.5,
0,zh,"Chinese (中文 (Zhōngwén), 汉语, 漢語)",天蓝,天蓝色,天蓝,rgb,24,142,221,6,8,full,white,en,,1.1.5,
0,zh,"Chinese (中文 (Zhōngwén), 汉语, 漢語)",橘,橘色,橘,rgb,247,104,0,6,9,full,white,en,,1.1.5,
0,zh,"Chinese (中文 (Zhōngwén), 汉语, 漢語)",天青,天青色,天青,rgb,7,227,229,6,10,full,white,en,,1.1.5,
0,zh,"Chinese (中文 (Zhōngwén), 汉语, 漢語)",紫,紫色,紫,rgb,139,68,218,6,11,full,white,en,,1.1.5,
0,zh,"Chinese (中文 (Zhōngwén), 汉语, 漢語)",玫红,玫红色,玫红,rgb,212,108,185,1,0,full,white,zh,,1.1.5,
0,zh,"Chinese (中文 (Zhōngwén), 汉语, 漢語)",草绿,草绿色,草绿,rgb,148,217,122,1,1,full,white,zh,,1.1.5,
0,zh,"Chinese (中文 (Zhōngwén), 汉语, 漢語)",品红,品红色,品红,rgb,245,15,185,1,2,full,white,zh,,1.1.5,
0,zh,"Chinese (中文 (Zhōngwén), 汉语, 漢語)",深蓝,深蓝色,深蓝,rgb,85,99,213,1,3,full,white,zh,,1.1.5,
0,zh,"Chinese (中文 (Zhōngwén), 汉语, 漢語)",浅紫,浅紫色,浅紫,rgb,180,120,255,1,4,full,white,zh,,1.1.5,
0,zh,"Chinese (中文 (Zhōngwén), 汉语, 漢語)",蓝灰,蓝灰色,蓝灰,rgb,93,79,105,1,5,full,white,zh,,1.1.5,
0,zh,"Chinese (中文 (Zhōngwén), 汉语, 漢語)",纯蓝,纯蓝色,纯蓝,rgb,65,8,235,1,6,full,white,zh,,1.1.5,
0,zh,"Chinese (中文 (Zhōngwén), 汉语, 漢語)",深紫红,深紫红色,深紫红,rgb,123,71,122,1,7,full,white,zh,,1.1.5,
0,zh,"Chinese (中文 (Zhōngwén), 汉语, 漢語)",黄绿,绿黄色,绿黄,rgb,228,253,46,1,8,full,white,zh,,1.1.5,
0,zh,"Chinese (中文 (Zhōngwén), 汉语, 漢語)",深红,深红色,深红,rgb,183,42,3,1,9,full,white,zh,,1.1.5,
0,zh,"Chinese (中文 (Zhōngwén), 汉语, 漢語)",黄绿,黄绿色,黄绿,rgb,211,254,121,1,10,full,white,zh,,1.1.5,
0,zh,"Chinese (中文 (Zhōngwén), 汉语, 漢語)",绛紫,绛紫色,绛紫,rgb,75,24,92,1,11,full,white,zh,,1.1.5,
0,zh,"Chinese (中文 (Zhōngwén), 汉语, 漢語)",紫红,紫红色,紫红,rgb,149,54,155,3,0,full,white,zh,,1.1.5,
0,zh,"Chinese (中文 (Zhōngwén), 汉语, 漢語)",褐,褐色,褐色,rgb,67,17,47,3,1,full,white,zh,,1.1.5,
0,zh,"Chinese (中文 (Zhōngwén), 汉语, 漢語)",水绿,水绿色,水绿,rgb,3,211,142,3,2,full,white,zh,,1.1.5,
0,zh,"Chinese (中文 (Zhōngwén), 汉语, 漢語)",淡粉,淡粉色,淡粉,rgb,247,214,234,3,3,full,white,zh,,1.1.5,
0,zh,"Chinese (中文 (Zhōngwén), 汉语, 漢語)",湖蓝,湖蓝色,湖蓝,rgb,113,154,223,3,4,full,white,zh,,1.1.5,
0,zh,"Chinese (中文 (Zhōngwén), 汉语, 漢語)",草绿,草绿色,草绿,rgb,143,238,21,3,5,full,white,zh,,1.1.5,
0,zh,"Chinese (中文 (Zhōngwén), 汉语, 漢語)",浅孔雀蓝,浅孔雀蓝色,浅孔雀蓝,rgb,127,228,208,3,6,full,white,zh,,1.1.5,
0,zh,"Chinese (中文 (Zhōngwén), 汉语, 漢語)",深孔雀蓝,深孔雀蓝色,深孔雀蓝,rgb,62,158,149,3,7,full,white,zh,,1.1.5,
0,zh,"Chinese (中文 (Zhōngwén), 汉语, 漢語)",深蓝,深蓝色,深蓝,rgb,13,47,139,3,8,full,white,zh,,1.1.5,
0,zh,"Chinese (中文 (Zhōngwén), 汉语, 漢語)",土黄,土黄色,土黄,rgb,250,232,152,3,9,full,white,zh,,1.1.5,
0,zh,"Chinese (中文 (Zhōngwén), 汉语, 漢語)",绿棕,绿棕色,绿棕,rgb,196,187,5,3,10,full,white,zh,,1.1.5,
0,zh,"Chinese (中文 (Zhōngwén), 汉语, 漢語)",棕绿,棕绿色,棕绿,rgb,143,179,63,3,11,full,white,zh,,1.1.5,
0,zh,"Chinese (中文 (Zhōngwén), 汉语, 漢語)",海蓝,海蓝色,海蓝,rgb,11,96,172,6,0,full,white,zh,,1.1.5,
0,zh,"Chinese (中文 (Zhōngwén), 汉语, 漢語)",肉,肉色,肉色,rgb,243,221,187,6,1,full,white,zh,,1.1.5,
0,zh,"Chinese (中文 (Zhōngwén), 汉语, 漢語)",紫红,紫红色,紫红,rgb,105,11,154,6,2,full,white,zh,,1.1.5,
0,zh,"Chinese (中文 (Zhōngwén), 汉语, 漢語)",洋红,洋红色,洋红,rgb,206,32,224,6,3,full,white,zh,,1.1.5,
0,zh,"Chinese (中文 (Zhōngwén), 汉语, 漢語)",纯蓝,纯蓝色,纯蓝,rgb,38,74,238,6,4,full,white,zh,,1.1.5,
0,zh,"Chinese (中文 (Zhōngwén), 汉语, 漢語)",深绿,深绿色,深绿,rgb,27,93,21,6,5,full,white,zh,,1.1.5,
0,zh,"Chinese (中文 (Zhōngwén), 汉语, 漢語)",绿棕,绿棕色,绿棕,rgb,88,108,12,6,6,full,white,zh,,1.1.5,
0,zh,"Chinese (中文 (Zhōngwén), 汉语, 漢語)",茶,茶色,茶色,rgb,173,181,105,6,7,full,white,zh,,1.1.5,
0,zh,"Chinese (中文 (Zhōngwén), 汉语, 漢語)",蓝灰,蓝灰色,蓝灰,rgb,31,56,72,6,8,full,white,zh,,1.1.5,
0,zh,"Chinese (中文 (Zhōngwén), 汉语, 漢語)",纯绿,纯绿色,纯绿,rgb,55,227,43,6,9,full,white,zh,,1.1.5,
0,zh,"Chinese (中文 (Zhōngwén), 汉语, 漢語)",黄,黄色,黄色,rgb,252,244,117,6,10,full,white,zh,,1.1.5,
0,zh,"Chinese (中文 (Zhōngwén), 汉语, 漢語)",棕,棕色,棕色,rgb,117,95,64,6,11,full,white,zh,,1.1.5,
16113,zh,"Chinese (中文 (Zhōngwén), 汉语, 漢語)",橄榄绿,橄榄绿色,橄榄绿,rgb,129,153,80,1,0,full,white,zh,,1.1.5,
16113,zh,"Chinese (中文 (Zhōngwén), 汉语, 漢語)",深紫,深紫色,深紫,rgb,82,11,152,1,1,full,white,zh,,1.1.5,
16113,zh,"Chinese (中文 (Zhōngwén), 汉语, 漢語)",深青,深青色,深青,rgb,43,110,148,1,2,full,white,zh,,1.1.5,
16113,zh,"Chinese (中文 (Zhōngwén), 汉语, 漢語)",浅褐,浅褐色,浅褐,rgb,189,159,114,1,3,full,white,zh,,1.1.5,
16113,zh,"Chinese (中文 (Zhōngwén), 汉语, 漢語)",浅绿,浅绿色,浅绿,rgb,125,225,86,1,4,full,white,zh,,1.1.5,
16113,zh,"Chinese (中文 (Zhōngwén), 汉语, 漢語)",褐,褐色,褐色,rgb,155,131,130,1,5,full,white,zh,,1.1.5,
16113,zh,"Chinese (中文 (Zhōngwén), 汉语, 漢語)",桃红,桃红色,桃红,rgb,236,43,85,1,6,full,white,zh,,1.1.5,
16113,zh,"Chinese (中文 (Zhōngwén), 汉语, 漢語)",紫,紫色,紫色,rgb,163,105,189,1,7,full,white,zh,,1.1.5,
16113,zh,"Chinese (中文 (Zhōngwén), 汉语, 漢語)",水绿,水绿色,水绿,rgb,30,212,176,1,8,full,white,zh,,1.1.5,
16113,zh,"Chinese (中文 (Zhōngwén), 汉语, 漢語)",土黄,土黄色,土黄,rgb,215,213,90,1,9,full,white,zh,,1.1.5,
16113,zh,"Chinese (中文 (Zhōngwén), 汉语, 漢語)",深蓝,深蓝色,深蓝,rgb,14,46,104,1,10,full,white,zh,,1.1.5,
16113,zh,"Chinese (中文 (Zhōngwén), 汉语, 漢語)",粉,粉色,粉色,rgb,220,165,196,1,11,full,white,zh,,1.1.5,
16113,zh,"Chinese (中文 (Zhōngwén), 汉语, 漢語)",紫,紫色,紫色,rgb,177,8,195,3,0,full,white,zh,,1.1.5,
16113,zh,"Chinese (中文 (Zhōngwén), 汉语, 漢語)",橘红,橘红色,橘红,rgb,244,111,95,3,1,full,white,zh,,1.1.5,
16113,zh,"Chinese (中文 (Zhōngwén), 汉语, 漢語)",浅紫,浅紫色,浅紫,rgb,213,104,239,3,2,full,white,zh,,1.1.5,
16113,zh,"Chinese (中文 (Zhōngwén), 汉语, 漢語)",深灰,深灰色,深灰,rgb,89,55,82,3,3,full,white,zh,,1.1.5,
16113,zh,"Chinese (中文 (Zhōngwén), 汉语, 漢語)",红褐,红褐色,红褐色,rgb,146,40,17,3,4,full,white,zh,,1.1.5,
16113,zh,"Chinese (中文 (Zhōngwén), 汉语, 漢語)",青,青色,青色,rgb,33,196,245,3,5,full,white,zh,,1.1.5,
16113,zh,"Chinese (中文 (Zhōngwén), 汉语, 漢語)",深绿,深绿色,深绿,rgb,36,80,67,3,6,full,white,zh,,1.1.5,
16113,zh,"Chinese (中文 (Zhōngwén), 汉语, 漢語)",酒红,酒红色,酒红,rgb,163,78,109,3,7,full,white,zh,,1.1.5,
16113,zh,"Chinese (中文 (Zhōngwén), 汉语, 漢語)",靛蓝,靛蓝色,靛蓝,rgb,84,60,216,3,8,full,white,zh,,1.1.5,
16113,zh,"Chinese (中文 (Zhōngwén), 汉语, 漢語)",粉绿,粉绿色,粉绿,rgb,118,184,163,3,9,full,white,zh,,1.1.5,
16113,zh,"Chinese (中文 (Zhōngwén), 汉语, 漢語)",米,米色,米色,rgb,220,193,183,3,10,full,white,zh,,1.1.5,
16113,zh,"Chinese (中文 (Zhōngwén), 汉语, 漢語)",深棕,深棕色,深棕,rgb,63,38,33,3,11,full,white,zh,,1.1.5,
16113,zh,"Chinese (中文 (Zhōngwén), 汉语, 漢語)",紫,紫色,紫色,rgb,190,67,165,6,0,full,white,zh,,1.1.5,
16113,zh,"Chinese (中文 (Zhōngwén), 汉语, 漢語)",黄绿,黄绿色,黄绿,rgb,186,251,48,6,1,full,white,zh,,1.1.5,
16113,zh,"Chinese (中文 (Zhōngwén), 汉语, 漢語)",蓝紫,蓝紫色,蓝紫,rgb,115,88,207,6,2,full,white,zh,,1.1.5,
16113,zh,"Chinese (中文 (Zhōngwén), 汉语, 漢語)",深绿,深绿色,深绿,rgb,49,124,94,6,3,full,white,zh,,1.1.5,
16113,zh,"Chinese (中文 (Zhōngwén), 汉语, 漢語)",绿,绿色,绿色,rgb,5,225,125,6,4,full,white,zh,,1.1.5,
16113,zh,"Chinese (中文 (Zhōngwén), 汉语, 漢語)",黑,黑色,黑色,rgb,4,33,55,6,5,full,white,zh,,1.1.5,
16113,zh,"Chinese (中文 (Zhōngwén), 汉语, 漢語)",青灰,青灰色,青灰,rgb,159,178,216,6,6,full,white,zh,,1.1.5,
16113,zh,"Chinese (中文 (Zhōngwén), 汉语, 漢語)",青绿,青绿色,青绿,rgb,16,218,218,6,7,full,white,zh,,1.1.5,
16113,zh,"Chinese (中文 (Zhōngwén), 汉语, 漢語)",土黄,土黄色,土黄,rgb,169,153,34,6,8,full,white,zh,,1.1.5,
16113,zh,"Chinese (中文 (Zhōngwén), 汉语, 漢語)",深紫,深紫色,深紫,rgb,105,2,82,6,9,full,white,zh,,1.1.5,
16113,zh,"Chinese (中文 (Zhōngwén), 汉语, 漢語)",橘黄,橘黄色,橘黄,rgb,255,203,63,6,10,full,white,zh,,1.1.5,
16113,zh,"Chinese (中文 (Zhōngwén), 汉语, 漢語)",砖红,砖红色,砖红,rgb,202,47,28,6,11,full,white,zh,,1.1.5,
0,zh,"Chinese (中文 (Zhōngwén), 汉语, 漢語)",青,青色,青,rgb,114,217,98,1,0,full,white,en,,1.1.5,
0,zh,"Chinese (中文 (Zhōngwén), 汉语, 漢語)",紫,紫色,紫,rgb,168,52,255,1,1,full,white,en,,1.1.5,
0,zh,"Chinese (中文 (Zhōngwén), 汉语, 漢語)",浅绿,浅绿色,浅绿,rgb,93,232,159,1,2,full,white,en,,1.1.5,
0,zh,"Chinese (中文 (Zhōngwén), 汉语, 漢語)",深红,深红色,深红,rgb,201,41,120,1,3,full,white,en,,1.1.5,
0,zh,"Chinese (中文 (Zhōngwén), 汉语, 漢語)",金,金色,金,rgb,217,222,128,1,4,full,white,en,,1.1.5,
0,zh,"Chinese (中文 (Zhōngwén), 汉语, 漢語)",紫红,紫红色,紫红,rgb,213,55,225,1,5,full,white,en,,1.1.5,
0,zh,"Chinese (中文 (Zhōngwén), 汉语, 漢語)",靛,靛色,靛,rgb,83,59,98,1,6,full,white,en,,1.1.5,
0,zh,"Chinese (中文 (Zhōngwén), 汉语, 漢語)",深橙,深橙色,深橙,rgb,198,80,68,1,7,full,white,en,,1.1.5,
0,zh,"Chinese (中文 (Zhōngwén), 汉语, 漢語)",红,红色,红,rgb,227,27,49,1,8,full,white,en,,1.1.5,
0,zh,"Chinese (中文 (Zhōngwén), 汉语, 漢語)",浅紫,浅紫色,浅紫,rgb,186,105,190,1,9,full,white,en,,1.1.5,
0,zh,"Chinese (中文 (Zhōngwén), 汉语, 漢語)",青金,青金色,青金,rgb,169,162,41,1,10,full,white,en,,1.1.5,
0,zh,"Chinese (中文 (Zhōngwén), 汉语, 漢語)",蓝绿,蓝绿色,蓝绿,rgb,22,101,96,1,11,full,white,en,,1.1.5,
0,zh,"Chinese (中文 (Zhōngwén), 汉语, 漢語)",绿,绿色,绿,rgb,59,153,102,3,0,full,white,en,,1.1.5,
0,zh,"Chinese (中文 (Zhōngwén), 汉语, 漢語)",红,红色,红,rgb,171,66,92,3,1,full,white,en,,1.1.5,
0,zh,"Chinese (中文 (Zhōngwén), 汉语, 漢語)",浅蓝,浅蓝色,浅蓝,rgb,144,211,231,3,2,full,white,en,,1.1.5,
0,zh,"Chinese (中文 (Zhōngwén), 汉语, 漢語)",深绿,深绿色,深绿,rgb,43,59,17,3,3,full,white,en,,1.1.5,
0,zh,"Chinese (中文 (Zhōngwén), 汉语, 漢語)",靛,靛色,靛,rgb,73,56,170,3,4,full,white,en,,1.1.5,
0,zh,"Chinese (中文 (Zhōngwén), 汉语, 漢語)",蓝紫,紫蓝色,紫蓝,rgb,71,22,184,3,5,full,white,en,,1.1.5,
0,zh,"Chinese (中文 (Zhōngwén), 汉语, 漢語)",灰,灰色,灰,rgb,164,165,159,3,6,full,white,en,,1.1.5,
0,zh,"Chinese (中文 (Zhōngwén), 汉语, 漢語)",金,金色,金,rgb,221,176,92,3,7,full,white,en,,1.1.5,
0,zh,"Chinese (中文 (Zhōngwén), 汉语, 漢語)",浅红,浅红色,浅红,rgb,252,86,101,3,8,full,white,en,,1.1.5,
0,zh,"Chinese (中文 (Zhōngwén), 汉语, 漢語)",深蓝,深蓝色,深蓝,rgb,38,50,61,3,9,full,white,en,,1.1.5,
0,zh,"Chinese (中文 (Zhōngwén), 汉语, 漢語)",青,青色,青,rgb,65,122,46,3,10,full,white,en,,1.1.5,
0,zh,"Chinese (中文 (Zhōngwén), 汉语, 漢語)",青黄,青黄色,青黄,rgb,108,104,20,3,11,full,white,en,,1.1.5,
0,zh,"Chinese (中文 (Zhōngwén), 汉语, 漢語)",紫,紫色,紫,rgb,131,33,174,6,0,full,white,en,,1.1.5,
0,zh,"Chinese (中文 (Zhōngwén), 汉语, 漢語)",蓝,蓝色,蓝,rgb,86,115,255,6,1,full,white,en,,1.1.5,
0,zh,"Chinese (中文 (Zhōngwén), 汉语, 漢語)",黄,黄色,黄,rgb,248,242,63,6,2,full,white,en,,1.1.5,
0,zh,"Chinese (中文 (Zhōngwén), 汉语, 漢語)",蓝,蓝色,蓝,rgb,9,87,154,6,3,full,white,en,,1.1.5,
0,zh,"Chinese (中文 (Zhōngwén), 汉语, 漢語)",褐,褐色,褐,rgb,107,23,39,6,4,full,white,en,,1.1.5,
0,zh,"Chinese (中文 (Zhōngwén), 汉语, 漢語)",青,青色,青,rgb,157,218,11,6,5,full,white,en,,1.1.5,
0,zh,"Chinese (中文 (Zhōngwén), 汉语, 漢語)",浅灰,浅灰色,浅灰,rgb,228,215,201,6,6,full,white,en,,1.1.5,
0,zh,"Chinese (中文 (Zhōngwén), 汉语, 漢語)",粉红,粉红色,粉红,rgb,250,23,116,6,7,full,white,en,,1.1.5,
0,zh,"Chinese (中文 (Zhōngwén), 汉语, 漢語)",褐,褐色,褐,rgb,107,49,24,6,8,full,white,en,,1.1.5,
0,zh,"Chinese (中文 (Zhōngwén), 汉语, 漢語)",深黄,深黄色,深黄,rgb,176,124,21,6,9,full,white,en,,1.1.5,
0,zh,"Chinese (中文 (Zhōngwén), 汉语, 漢語)",紫红,紫红色,紫红,rgb,118,18,81,6,10,full,white,en,,1.1.5,
0,zh,"Chinese (中文 (Zhōngwén), 汉语, 漢語)",橙,橙色,橙,rgb,242,71,21,6,11,full,white,en,,1.1.5,
0,zh,"Chinese (中文 (Zhōngwén), 汉语, 漢語)",紫红,紫红色,紫红色,rgb,255,0,253,1,0,line,white,zh,,1.1.5,
0,zh,"Chinese (中文 (Zhōngwén), 汉语, 漢語)",橙,橙色,橙色,rgb,255,155,0,1,1,line,white,zh,,1.1.5,
0,zh,"Chinese (中文 (Zhōngwén), 汉语, 漢語)",深黄,深黄色,深黄色,rgb,255,198,0,1,2,line,white,zh,,1.1.5,
0,zh,"Chinese (中文 (Zhōngwén), 汉语, 漢語)",淡绿,淡绿色,淡绿色,rgb,110,255,0,1,3,line,white,zh,,1.1.5,
0,zh,"Chinese (中文 (Zhōngwén), 汉语, 漢語)",青蓝,青蓝色,青蓝色,rgb,0,239,255,1,4,line,white,zh,,1.1.5,
0,zh,"Chinese (中文 (Zhōngwén), 汉语, 漢語)",蓝,蓝色,蓝色,rgb,0,180,255,1,5,line,white,zh,,1.1.5,
0,zh,"Chinese (中文 (Zhōngwén), 汉语, 漢語)",淡蓝,淡蓝色,淡蓝色,rgb,0,193,255,1,6,line,white,zh,,1.1.5,
0,zh,"Chinese (中文 (Zhōngwén), 汉语, 漢語)",紫,紫色,紫色,rgb,189,0,255,1,8,line,white,zh,,1.1.5,
0,zh,"Chinese (中文 (Zhōngwén), 汉语, 漢語)",深橙,深橙色,深橙色,rgb,255,108,0,1,9,line,white,zh,,1.1.5,
0,zh,"Chinese (中文 (Zhōngwén), 汉语, 漢語)",青,青色,青色,rgb,0,255,222,1,10,line,white,zh,,1.1.5,
0,zh,"Chinese (中文 (Zhōngwén), 汉语, 漢語)",黄,黄色,黄色,rgb,255,255,0,1,11,line,white,zh,,1.1.5,
16378,zh,"Chinese (中文 (Zhōngwén), 汉语, 漢語)",青,青色,青色,rgb,48,182,148,1,0,full,white,zh,,1.1.5,
16378,zh,"Chinese (中文 (Zhōngwén), 汉语, 漢語)",黑,黑色,黑色,rgb,48,6,62,1,1,full,white,zh,,1.1.5,
16378,zh,"Chinese (中文 (Zhōngwén), 汉语, 漢語)",米黄,米黄色,米黄色,rgb,241,243,160,1,2,full,white,zh,,1.1.5,
16378,zh,"Chinese (中文 (Zhōngwén), 汉语, 漢語)",军绿,军绿色,军绿色,rgb,117,145,59,1,3,full,white,zh,,1.1.5,
16378,zh,"Chinese (中文 (Zhōngwén), 汉语, 漢語)",浅绿,浅绿色,浅绿色,rgb,23,237,93,1,4,full,white,zh,,1.1.5,
16378,zh,"Chinese (中文 (Zhōngwén), 汉语, 漢語)",淡紫,淡紫色,淡紫色,rgb,154,133,205,1,5,full,white,zh,,1.1.5,
16378,zh,"Chinese (中文 (Zhōngwén), 汉语, 漢語)",青,青色,青色,rgb,62,129,137,1,6,full,white,zh,,1.1.5,
16378,zh,"Chinese (中文 (Zhōngwén), 汉语, 漢語)",紫红,红紫色,红紫色,rgb,143,46,157,1,7,full,white,zh,,1.1.5,
16378,zh,"Chinese (中文 (Zhōngwén), 汉语, 漢語)",紫,紫色,紫色,rgb,89,42,173,1,8,full,white,zh,,1.1.5,
16378,zh,"Chinese (中文 (Zhōngwén), 汉语, 漢語)",暗绿,暗绿色,暗绿色,rgb,56,71,48,1,9,full,white,zh,,1.1.5,
16378,zh,"Chinese (中文 (Zhōngwén), 汉语, 漢語)",粉红,粉红色,粉红色,rgb,242,61,120,1,10,full,white,zh,,1.1.5,
16378,zh,"Chinese (中文 (Zhōngwén), 汉语, 漢語)",绿,绿色,绿色,rgb,24,120,38,1,11,full,white,zh,,1.1.5,
0,zh,"Chinese (中文 (Zhōngwén), 汉语, 漢語)",绿,绿色,绿色,rgb,1,134,34,1,0,full,white,zh,,1.1.5,
0,zh,"Chinese (中文 (Zhōngwén), 汉语, 漢語)",浅紫,浅紫色,浅紫色,rgb,193,193,223,1,1,full,white,zh,,1.1.5,
0,zh,"Chinese (中文 (Zhōngwén), 汉语, 漢語)",紫,紫色,紫色,rgb,198,141,239,1,2,full,white,zh,,1.1.5,
0,zh,"Chinese (中文 (Zhōngwén), 汉语, 漢語)",橄榄,橄榄色,橄榄色,rgb,65,62,20,1,3,full,white,zh,,1.1.5,
0,zh,"Chinese (中文 (Zhōngwén), 汉语, 漢語)",青绿,青绿色,青绿色,rgb,73,221,57,1,4,full,white,zh,,1.1.5,
0,zh,"Chinese (中文 (Zhōngwén), 汉语, 漢語)",褐,褐色,褐色,rgb,205,119,55,1,5,full,white,zh,,1.1.5,
0,zh,"Chinese (中文 (Zhōngwén), 汉语, 漢語)",森林绿,森林绿色,森林绿,rgb,77,175,120,1,6,full,white,zh,,1.1.5,
0,zh,"Chinese (中文 (Zhōngwén), 汉语, 漢語)",淡蓝,淡蓝色,淡蓝色,rgb,76,112,237,1,7,full,white,zh,,1.1.5,
0,zh,"Chinese (中文 (Zhōngwén), 汉语, 漢語)",黄绿,黄绿色,黄绿色,rgb,169,197,22,1,8,full,white,zh,,1.1.5,
0,zh,"Chinese (中文 (Zhōngwén), 汉语, 漢語)",深蓝,深蓝色,深蓝色,rgb,39,8,86,1,9,full,white,zh,,1.1.5,
0,zh,"Chinese (中文 (Zhōngwén), 汉语, 漢語)",蛋黄,蛋黄色,蛋黄色,rgb,220,209,90,1,10,full,white,zh,,1.1.5,
0,zh,"Chinese (中文 (Zhōngwén), 汉语, 漢語)",蓝,蓝色,蓝色,rgb,31,44,232,1,11,full,white,zh,,1.1.5,
16375,zh,"Chinese (中文 (Zhōngwén), 汉语, 漢語)",黄绿,黄绿色,黄绿色,rgb,213,191,74,1,0,full,white,zh,,1.1.5,
16375,zh,"Chinese (中文 (Zhōngwén), 汉语, 漢語)",草莓红,草莓红色,草莓红,rgb,207,30,85,1,1,full,white,zh,,1.1.5,
16375,zh,"Chinese (中文 (Zhōngwén), 汉语, 漢語)",淡蓝,淡蓝色,淡蓝色,rgb,108,216,243,1,2,full,white,zh,,1.1.5,
16375,zh,"Chinese (中文 (Zhōngwén), 汉语, 漢語)",土黄,土黄色,土黄色,rgb,195,138,9,1,3,full,white,zh,,1.1.5,
16375,zh,"Chinese (中文 (Zhōngwén), 汉语, 漢語)",蓝,蓝色,蓝色,rgb,64,46,254,1,4,full,white,zh,,1.1.5,
16375,zh,"Chinese (中文 (Zhōngwén), 汉语, 漢語)",绿,绿色,绿色,rgb,58,205,88,1,5,full,white,zh,,1.1.5,
16375,zh,"Chinese (中文 (Zhōngwén), 汉语, 漢語)",淡绿,淡绿色,淡绿色,rgb,172,183,119,1,6,full,white,zh,,1.1.5,
16375,zh,"Chinese (中文 (Zhōngwén), 汉语, 漢語)",肉橙,肉橙色,肉橙色,rgb,247,115,98,1,7,full,white,zh,,1.1.5,
16375,zh,"Chinese (中文 (Zhōngwén), 汉语, 漢語)",蓝,蓝色,蓝色,rgb,48,54,220,1,8,full,white,zh,,1.1.5,
16375,zh,"Chinese (中文 (Zhōngwén), 汉语, 漢語)",薰衣草紫,薰衣草紫色,薰衣草紫,rgb,120,126,188,1,9,full,white,zh,,1.1.5,
16375,zh,"Chinese (中文 (Zhōngwén), 汉语, 漢語)",黄棕,黄棕色,黄棕色,rgb,213,123,50,1,10,full,white,zh,,1.1.5,
16375,zh,"Chinese (中文 (Zhōngwén), 汉语, 漢語)",深绿,深绿色,深绿色,rgb,50,96,16,1,11,full,white,zh,,1.1.5,
0,zh,"Chinese (中文 (Zhōngwén), 汉语, 漢語)",绿,绿色,绿色,rgb,0,255,102,3,0,line,white,zh,,1.1.5,
0,zh,"Chinese (中文 (Zhōngwén), 汉语, 漢語)",玫红,玫瑰红色,玫瑰红,rgb,255,0,148,3,1,line,white,zh,,1.1.5,
0,zh,"Chinese (中文 (Zhōngwén), 汉语, 漢語)",草绿,草绿色,草绿色,rgb,0,255,129,3,2,line,white,zh,,1.1.5,
0,zh,"Chinese (中文 (Zhōngwén), 汉语, 漢語)",深黄,深黄色,深黄色,rgb,255,218,0,3,3,line,white,zh,,1.1.5,
0,zh,"Chinese (中文 (Zhōngwén), 汉语, 漢語)",淡绿,淡绿色,淡绿色,rgb,164,255,0,3,4,line,white,zh,,1.1.5,
0,zh,"Chinese (中文 (Zhōngwén), 汉语, 漢語)",蓝,蓝色,蓝色,rgb,0,122,255,3,6,line,white,zh,,1.1.5,
0,zh,"Chinese (中文 (Zhōngwén), 汉语, 漢語)",红,红色,红色,rgb,255,0,6,3,7,line,white,zh,,1.1.5,
0,zh,"Chinese (中文 (Zhōngwén), 汉语, 漢語)",深蓝,深蓝色,深蓝色,rgb,53,0,255,3,8,line,white,zh,,1.1.5,
0,zh,"Chinese (中文 (Zhōngwén), 汉语, 漢語)",红,红色,红色,rgb,255,0,50,3,9,line,white,zh,,1.1.5,
0,zh,"Chinese (中文 (Zhōngwén), 汉语, 漢語)",橙,橙色,橙色,rgb,255,79,0,3,10,line,white,zh,,1.1.5,
0,zh,"Chinese (中文 (Zhōngwén), 汉语, 漢語)",深粉,深粉色,深粉色,rgb,255,0,235,3,11,line,white,zh,,1.1.5,
16375,zh,"Chinese (中文 (Zhōngwén), 汉语, 漢語)",蓝,蓝色,蓝色,rgb,71,117,212,3,0,full,white,zh,,1.1.5,
16375,zh,"Chinese (中文 (Zhōngwén), 汉语, 漢語)",青绿,青绿色,青绿色,rgb,26,173,143,3,1,full,white,zh,,1.1.5,
16375,zh,"Chinese (中文 (Zhōngwén), 汉语, 漢語)",浅绿,浅绿色,浅绿色,rgb,158,254,125,3,2,full,white,zh,,1.1.5,
16375,zh,"Chinese (中文 (Zhōngwén), 汉语, 漢語)",绿,绿色,绿色,rgb,61,238,49,3,3,full,white,zh,,1.1.5,
16375,zh,"Chinese (中文 (Zhōngwén), 汉语, 漢語)",棕红,棕红色,棕红色,rgb,154,61,55,3,4,full,white,zh,,1.1.5,
16375,zh,"Chinese (中文 (Zhōngwén), 汉语, 漢語)",青,青色,青色,rgb,86,250,219,3,5,full,white,zh,,1.1.5,
16375,zh,"Chinese (中文 (Zhōngwén), 汉语, 漢語)",淡紫,淡紫色,淡紫色,rgb,213,186,227,3,6,full,white,zh,,1.1.5,
16375,zh,"Chinese (中文 (Zhōngwén), 汉语, 漢語)",暗绿,暗绿色,暗绿色,rgb,128,165,137,3,7,full,white,zh,,1.1.5,
16375,zh,"Chinese (中文 (Zhōngwén), 汉语, 漢語)",黄绿,黄绿色,黄绿色,rgb,233,241,58,3,8,full,white,zh,,1.1.5,
16375,zh,"Chinese (中文 (Zhōngwén), 汉语, 漢語)",棕,棕色,棕色,rgb,174,69,16,3,9,full,white,zh,,1.1.5,
16375,zh,"Chinese (中文 (Zhōngwén), 汉语, 漢語)",浅紫,浅紫色,浅紫色,rgb,156,119,230,3,10,full,white,zh,,1.1.5,
16375,zh,"Chinese (中文 (Zhōngwén), 汉语, 漢語)",绿棕,绿棕色,绿棕色,rgb,86,72,38,3,11,full,white,zh,,1.1.5,
16378,zh,"Chinese (中文 (Zhōngwén), 汉语, 漢語)",咖啡,咖啡色,咖啡色,rgb,99,61,46,3,0,full,white,zh,,1.1.5,
16378,zh,"Chinese (中文 (Zhōngwén), 汉语, 漢語)",绿,绿色,绿色,rgb,112,169,24,3,1,full,white,zh,,1.1.5,
16378,zh,"Chinese (中文 (Zhōngwén), 汉语, 漢語)",蓝紫,蓝紫色,蓝紫色,rgb,98,94,146,3,2,full,white,zh,,1.1.5,
16378,zh,"Chinese (中文 (Zhōngwén), 汉语, 漢語)",亮绿,亮绿色,亮绿色,rgb,209,253,245,3,3,full,white,zh,,1.1.5,
16378,zh,"Chinese (中文 (Zhōngwén), 汉语, 漢語)",黑褐,黑褐色,黑褐色,rgb,76,63,72,3,4,full,white,zh,,1.1.5,
16378,zh,"Chinese (中文 (Zhōngwén), 汉语, 漢語)",紫红,红紫色,红紫色,rgb,171,77,219,3,5,full,white,zh,,1.1.5,
16378,zh,"Chinese (中文 (Zhōngwén), 汉语, 漢語)",鲜红,鲜红色,鲜红色,rgb,243,70,80,3,6,full,white,zh,,1.1.5,
16378,zh,"Chinese (中文 (Zhōngwén), 汉语, 漢語)",亮黄,亮黄色,亮黄色,rgb,225,250,41,3,7,full,white,zh,,1.1.5,
16378,zh,"Chinese (中文 (Zhōngwén), 汉语, 漢語)",褐,褐色,褐色,rgb,163,81,67,3,8,full,white,zh,,1.1.5,
16378,zh,"Chinese (中文 (Zhōngwén), 汉语, 漢語)",黄咖,黄咖色,黄咖色,rgb,248,211,176,3,9,full,white,zh,,1.1.5,
16378,zh,"Chinese (中文 (Zhōngwén), 汉语, 漢語)",浅绿,浅绿色,浅绿色,rgb,26,245,162,3,10,full,white,zh,,1.1.5,
16378,zh,"Chinese (中文 (Zhōngwén), 汉语, 漢語)",深蓝,深蓝色,深蓝色,rgb,33,65,167,3,11,full,white,zh,,1.1.5,
0,zh,"Chinese (中文 (Zhōngwén), 汉语, 漢語)",淡蓝,淡蓝色,淡蓝色,rgb,0,214,255,6,0,line,white,zh,,1.1.5,
0,zh,"Chinese (中文 (Zhōngwén), 汉语, 漢語)",蓝,蓝色,蓝色,rgb,0,79,255,6,1,line,white,zh,,1.1.5,
0,zh,"Chinese (中文 (Zhōngwén), 汉语, 漢語)",绿,绿色,绿色,rgb,0,255,46,6,2,line,white,zh,,1.1.5,
0,zh,"Chinese (中文 (Zhōngwén), 汉语, 漢語)",蓝,蓝色,蓝色,rgb,0,111,255,6,3,line,white,zh,,1.1.5,
0,zh,"Chinese (中文 (Zhōngwén), 汉语, 漢語)",青,青色,青色,rgb,0,255,235,6,4,line,white,zh,,1.1.5,
0,zh,"Chinese (中文 (Zhōngwén), 汉语, 漢語)",橙,橙色,橙色,rgb,255,121,0,6,5,line,white,zh,,1.1.5,
0,zh,"Chinese (中文 (Zhōngwén), 汉语, 漢語)",深粉,深粉色,深粉色,rgb,255,0,207,6,6,line,white,zh,,1.1.5,
0,zh,"Chinese (中文 (Zhōngwén), 汉语, 漢語)",黄绿,黄绿色,黄绿色,rgb,195,255,0,6,7,line,white,zh,,1.1.5,
0,zh,"Chinese (中文 (Zhōngwén), 汉语, 漢語)",深粉,深粉色,深粉色,rgb,255,0,135,6,8,line,white,zh,,1.1.5,
0,zh,"Chinese (中文 (Zhōngwén), 汉语, 漢語)",蓝,蓝色,蓝色,rgb,0,149,255,6,9,line,white,zh,,1.1.5,
0,zh,"Chinese (中文 (Zhōngwén), 汉语, 漢語)",深蓝,深蓝色,深蓝色,rgb,0,62,255,6,10,line,white,zh,,1.1.5,
0,zh,"Chinese (中文 (Zhōngwén), 汉语, 漢語)",紫,紫色,紫色,rgb,143,0,255,6,11,line,white,zh,,1.1.5,
16375,zh,"Chinese (中文 (Zhōngwén), 汉语, 漢語)",正红,正红色,正红色,rgb,236,25,6,6,0,full,white,zh,,1.1.5,
16375,zh,"Chinese (中文 (Zhōngwén), 汉语, 漢語)",墨绿,墨绿色,墨绿色,rgb,62,85,82,6,1,full,white,zh,,1.1.5,
16375,zh,"Chinese (中文 (Zhōngwén), 汉语, 漢語)",藏蓝,藏蓝色,藏蓝色,rgb,33,23,62,6,2,full,white,zh,,1.1.5,
16375,zh,"Chinese (中文 (Zhōngwén), 汉语, 漢語)",棕,棕色,棕色,rgb,90,12,24,6,3,full,white,zh,,1.1.5,
16375,zh,"Chinese (中文 (Zhōngwén), 汉语, 漢語)",暗紫,暗紫色,暗紫色,rgb,123,52,96,6,4,full,white,zh,,1.1.5,
16375,zh,"Chinese (中文 (Zhōngwén), 汉语, 漢語)",绿,绿色,绿色,rgb,91,158,34,6,5,full,white,zh,,1.1.5,
16375,zh,"Chinese (中文 (Zhōngwén), 汉语, 漢語)",深绿,深绿色,深绿色,rgb,23,109,88,6,6,full,white,zh,,1.1.5,
16375,zh,"Chinese (中文 (Zhōngwén), 汉语, 漢語)",品红,品红色,品红色,rgb,205,57,133,6,7,full,white,zh,,1.1.5,
16375,zh,"Chinese (中文 (Zhōngwén), 汉语, 漢語)",土绿,土绿色,土绿色,rgb,150,141,29,6,8,full,white,zh,,1.1.5,
16375,zh,"Chinese (中文 (Zhōngwén), 汉语, 漢語)",灰蓝,灰蓝色,灰蓝色,rgb,99,87,110,6,9,full,white,zh,,1.1.5,
16375,zh,"Chinese (中文 (Zhōngwén), 汉语, 漢語)",紫,紫色,紫色,rgb,128,12,183,6,10,full,white,zh,,1.1.5,
16375,zh,"Chinese (中文 (Zhōngwén), 汉语, 漢語)",棕黄,棕黄色,棕黄色,rgb,156,123,56,6,11,full,white,zh,,1.1.5,
0,zh,"Chinese (中文 (Zhōngwén), 汉语, 漢語)",蔚蓝,蔚蓝色,蔚蓝色,rgb,48,252,241,3,0,full,white,zh,,1.1.5,
0,zh,"Chinese (中文 (Zhōngwén), 汉语, 漢語)",刚蓝,刚蓝色,刚蓝色,rgb,78,144,148,3,1,full,white,zh,,1.1.5,
0,zh,"Chinese (中文 (Zhōngwén), 汉语, 漢語)",天蓝,天蓝色,天蓝色,rgb,137,181,254,3,2,full,white,zh,,1.1.5,
0,zh,"Chinese (中文 (Zhōngwén), 汉语, 漢語)",紫藤,紫藤色,紫藤色,rgb,157,58,172,3,3,full,white,zh,,1.1.5,
0,zh,"Chinese (中文 (Zhōngwén), 汉语, 漢語)",深蓝,深蓝色,深蓝色,rgb,3,7,122,3,4,full,white,zh,,1.1.5,
0,zh,"Chinese (中文 (Zhōngwén), 汉语, 漢語)",褐,褐色,褐色,rgb,109,58,36,3,5,full,white,zh,,1.1.5,
0,zh,"Chinese (中文 (Zhōngwén), 汉语, 漢語)",石榴红,石榴红色,石榴红,rgb,150,4,83,3,6,full,white,zh,,1.1.5,
0,zh,"Chinese (中文 (Zhōngwén), 汉语, 漢語)",粉红,粉红色,粉红色,rgb,212,83,154,3,7,full,white,zh,,1.1.5,
0,zh,"Chinese (中文 (Zhōngwén), 汉语, 漢語)",草绿,草绿色,草绿色,rgb,145,246,142,3,8,full,white,zh,,1.1.5,
0,zh,"Chinese (中文 (Zhōngwén), 汉语, 漢語)",天蓝,天空蓝色,天空蓝,rgb,9,211,243,3,9,full,white,zh,,1.1.5,
0,zh,"Chinese (中文 (Zhōngwén), 汉语, 漢語)",海军蓝,海军蓝色,海军蓝,rgb,44,142,199,3,10,full,white,zh,,1.1.5,
0,zh,"Chinese (中文 (Zhōngwén), 汉语, 漢語)",血红,血红色,血红色,rgb,180,15,55,3,11,full,white,zh,,1.1.5,
16378,zh,"Chinese (中文 (Zhōngwén), 汉语, 漢語)",胭脂红,胭脂红色,胭脂红,rgb,183,86,118,6,0,full,white,zh,,1.1.5,
16378,zh,"Chinese (中文 (Zhōngwén), 汉语, 漢語)",苹果绿,苹果绿色,苹果绿,rgb,194,248,179,6,1,full,white,zh,,1.1.5,
16378,zh,"Chinese (中文 (Zhōngwén), 汉语, 漢語)",大红,大红色,大红色,rgb,245,15,23,6,2,full,white,zh,,1.1.5,
16378,zh,"Chinese (中文 (Zhōngwén), 汉语, 漢語)",军绿,军绿色,军绿色,rgb,99,112,67,6,3,full,white,zh,,1.1.5,
16378,zh,"Chinese (中文 (Zhōngwén), 汉语, 漢語)",天蓝,天蓝色,天蓝色,rgb,40,171,239,6,4,full,white,zh,,1.1.5,
16378,zh,"Chinese (中文 (Zhōngwén), 汉语, 漢語)",洋红,洋红色,洋红色,rgb,207,118,229,6,5,full,white,zh,,1.1.5,
16378,zh,"Chinese (中文 (Zhōngwén), 汉语, 漢語)",青绿,青绿色,青绿色,rgb,139,187,153,6,6,full,white,zh,,1.1.5,
16378,zh,"Chinese (中文 (Zhōngwén), 汉语, 漢語)",浅黄,浅黄色,浅黄色,rgb,230,254,118,6,7,full,white,zh,,1.1.5,
16378,zh,"Chinese (中文 (Zhōngwén), 汉语, 漢語)",深紫红,深紫红色,深紫红色,rgb,99,14,62,6,8,full,white,zh,,1.1.5,
16378,zh,"Chinese (中文 (Zhōngwén), 汉语, 漢語)",浅天蓝,浅天蓝色,浅天蓝色,rgb,74,224,244,6,9,full,white,zh,,1.1.5,
16378,zh,"Chinese (中文 (Zhōngwén), 汉语, 漢語)",暗黄,暗黄色,暗黄色,rgb,246,193,38,6,10,full,white,zh,,1.1.5,
16378,zh,"Chinese (中文 (Zhōngwén), 汉语, 漢語)",草绿,草绿色,草绿色,rgb,82,251,27,6,11,full,white,zh,,1.1.5,
0,zh,"Chinese (中文 (Zhōngwén), 汉语, 漢語)",海军蓝,海军蓝色,海军蓝,rgb,68,62,164,6,0,full,white,zh,,1.1.5,
0,zh,"Chinese (中文 (Zhōngwén), 汉语, 漢語)",紫,紫色,紫色,rgb,180,26,239,6,1,full,white,zh,,1.1.5,
0,zh,"Chinese (中文 (Zhōngwén), 汉语, 漢語)",柚子红,柚子红色,柚子红,rgb,206,100,107,6,2,full,white,zh,,1.1.5,
0,zh,"Chinese (中文 (Zhōngwén), 汉语, 漢語)",浅绿,浅绿色,浅绿色,rgb,198,254,191,6,3,full,white,zh,,1.1.5,
0,zh,"Chinese (中文 (Zhōngwén), 汉语, 漢語)",樱桃红,樱桃红色,樱桃红,rgb,179,16,5,6,4,full,white,zh,,1.1.5,
0,zh,"Chinese (中文 (Zhōngwén), 汉语, 漢語)",石灰黄,石灰黄色,石灰黄,rgb,136,136,95,6,5,full,white,zh,,1.1.5,
0,zh,"Chinese (中文 (Zhōngwén), 汉语, 漢語)",褐,褐色,褐色,rgb,109,80,12,6,6,full,white,zh,,1.1.5,
0,zh,"Chinese (中文 (Zhōngwén), 汉语, 漢語)",深蓝,深蓝色,深蓝色,rgb,20,49,92,6,7,full,white,zh,,1.1.5,
0,zh,"Chinese (中文 (Zhōngwén), 汉语, 漢語)",紫,紫色,紫色,rgb,115,99,176,6,8,full,white,zh,,1.1.5,
0,zh,"Chinese (中文 (Zhōngwén), 汉语, 漢語)",蓝黑,蓝黑色,蓝黑色,rgb,24,35,46,6,9,full,white,zh,,1.1.5,
0,zh,"Chinese (中文 (Zhōngwén), 汉语, 漢語)",桔梗紫,桔梗紫色,桔梗紫,rgb,147,62,122,6,10,full,white,zh,,1.1.5,
0,zh,"Chinese (中文 (Zhōngwén), 汉语, 漢語)",粉红,粉红色,粉红色,rgb,246,39,149,6,11,full,white,zh,,1.1.5,
16956,zh,"Chinese (中文 (Zhōngwén), 汉语, 漢語)",褐,褐色,褐色,rgb,170,96,92,1,0,full,white,zh,,1.1.5,
16956,zh,"Chinese (中文 (Zhōngwén), 汉语, 漢語)",紫棕,紫棕色,紫棕,rgb,106,71,110,1,1,full,white,zh,,1.1.5,
16956,zh,"Chinese (中文 (Zhōngwén), 汉语, 漢語)",黄绿,黄绿色,黄绿,rgb,174,214,64,1,2,full,white,zh,,1.1.5,
16956,zh,"Chinese (中文 (Zhōngwén), 汉语, 漢語)",亮青,亮青色,亮青,rgb,98,232,210,1,3,full,white,zh,,1.1.5,
16956,zh,"Chinese (中文 (Zhōngwén), 汉语, 漢語)",亮蓝,亮蓝色,亮蓝,rgb,70,13,249,1,4,full,white,zh,,1.1.5,
16956,zh,"Chinese (中文 (Zhōngwén), 汉语, 漢語)",黄棕,黄棕色,黄棕,rgb,147,139,64,1,5,full,white,zh,,1.1.5,
16956,zh,"Chinese (中文 (Zhōngwén), 汉语, 漢語)",粉绿,粉绿色,粉绿,rgb,22,177,145,1,6,full,white,zh,,1.1.5,
16956,zh,"Chinese (中文 (Zhōngwén), 汉语, 漢語)",绿棕,绿棕色,绿棕,rgb,119,113,80,1,7,full,white,zh,,1.1.5,
16956,zh,"Chinese (中文 (Zhōngwén), 汉语, 漢語)",藏青,藏青色,藏青,rgb,23,107,145,1,8,full,white,zh,,1.1.5,
16956,zh,"Chinese (中文 (Zhōngwén), 汉语, 漢語)",粉紫,粉紫色,粉紫,rgb,180,138,243,1,9,full,white,zh,,1.1.5,
16956,zh,"Chinese (中文 (Zhōngwén), 汉语, 漢語)",浅青,浅青色,浅青,rgb,158,232,233,1,10,full,white,zh,,1.1.5,
16956,zh,"Chinese (中文 (Zhōngwén), 汉语, 漢語)",紫,紫色,紫色,rgb,85,39,168,1,11,full,white,zh,,1.1.5,
16956,zh,"Chinese (中文 (Zhōngwén), 汉语, 漢語)",亮绿,亮绿色,亮绿,rgb,38,199,93,3,0,full,white,zh,,1.1.5,
16956,zh,"Chinese (中文 (Zhōngwén), 汉语, 漢語)",橙,橙色,橙色,rgb,236,112,95,3,1,full,white,zh,,1.1.5,
16956,zh,"Chinese (中文 (Zhōngwén), 汉语, 漢語)",深棕,深棕色,深棕,rgb,71,53,50,3,2,full,white,zh,,1.1.5,
16956,zh,"Chinese (中文 (Zhōngwén), 汉语, 漢語)",荧光黄,荧光黄色,荧光黄,rgb,220,250,133,3,3,full,white,zh,,1.1.5,
16956,zh,"Chinese (中文 (Zhōngwén), 汉语, 漢語)",天蓝,天空蓝色,天空蓝,rgb,54,221,245,3,4,full,white,zh,,1.1.5,
16956,zh,"Chinese (中文 (Zhōngwén), 汉语, 漢語)",暗绿,暗绿色,暗绿,rgb,34,103,108,3,5,full,white,zh,,1.1.5,
16956,zh,"Chinese (中文 (Zhōngwén), 汉语, 漢語)",粉,粉色,粉色,rgb,245,138,196,3,6,full,white,zh,,1.1.5,
16956,zh,"Chinese (中文 (Zhōngwén), 汉语, 漢語)",亮资,亮资色,亮资,rgb,187,9,230,3,7,full,white,zh,,1.1.5,
16956,zh,"Chinese (中文 (Zhōngwén), 汉语, 漢語)",草绿,草绿色,草绿,rgb,146,182,154,3,8,full,white,zh,,1.1.5,
16956,zh,"Chinese (中文 (Zhōngwén), 汉语, 漢語)",米灰,米灰色,米灰,rgb,203,190,192,3,9,full,white,zh,,1.1.5,
16956,zh,"Chinese (中文 (Zhōngwén), 汉语, 漢語)",暗蓝,暗蓝色,暗蓝,rgb,7,38,99,3,10,full,white,zh,,1.1.5,
16956,zh,"Chinese (中文 (Zhōngwén), 汉语, 漢語)",浅粉,浅粉色,浅粉,rgb,242,186,248,3,11,full,white,zh,,1.1.5,
16956,zh,"Chinese (中文 (Zhōngwén), 汉语, 漢語)",黑,黑色,黑色,rgb,24,3,6,6,0,full,white,zh,,1.1.5,
16956,zh,"Chinese (中文 (Zhōngwén), 汉语, 漢語)",黄,黄色,黄色,rgb,240,191,129,6,1,full,white,zh,,1.1.5,
16956,zh,"Chinese (中文 (Zhōngwén), 汉语, 漢語)",亮紫,亮紫色,亮紫,rgb,186,69,211,6,2,full,white,zh,,1.1.5,
16956,zh,"Chinese (中文 (Zhōngwén), 汉语, 漢語)",蓝,蓝色,蓝色,rgb,10,100,199,6,3,full,white,zh,,1.1.5,
16956,zh,"Chinese (中文 (Zhōngwén), 汉语, 漢語)",浅褐,浅褐色,浅褐色,rgb,228,207,64,6,4,full,white,zh,,1.1.5,
16956,zh,"Chinese (中文 (Zhōngwén), 汉语, 漢語)",荧光绿,荧光绿色,荧光绿,rgb,157,242,123,6,5,full,white,zh,,1.1.5,
16956,zh,"Chinese (中文 (Zhōngwén), 汉语, 漢語)",藏红,藏红色,藏红,rgb,168,27,82,6,6,full,white,zh,,1.1.5,
16956,zh,"Chinese (中文 (Zhōngwén), 汉语, 漢語)",亮绿,亮绿色,亮绿,rgb,11,250,158,6,7,full,white,zh,,1.1.5,
16956,zh,"Chinese (中文 (Zhōngwén), 汉语, 漢語)",橄榄绿,橄榄绿色,橄榄绿,rgb,97,129,69,6,8,full,white,zh,,1.1.5,
16956,zh,"Chinese (中文 (Zhōngwén), 汉语, 漢語)",紫,紫色,紫色,rgb,142,81,238,6,9,full,white,zh,,1.1.5,
16956,zh,"Chinese (中文 (Zhōngwén), 汉语, 漢語)",海蓝,海蓝色,海蓝,rgb,1,140,223,6,10,full,white,zh,,1.1.5,
16956,zh,"Chinese (中文 (Zhōngwén), 汉语, 漢語)",暗蓝,暗蓝色,暗蓝,rgb,21,12,179,6,11,full,white,zh,,1.1.5,
17131,zh,"Chinese (中文 (Zhōngwén), 汉语, 漢語)",青,青色,青色,rgb,199,251,231,1,0,full,white,zh,,1.1.5,
17131,zh,"Chinese (中文 (Zhōngwén), 汉语, 漢語)",草绿,草绿色,草绿色,rgb,113,203,71,1,1,full,white,zh,,1.1.5,
17131,zh,"Chinese (中文 (Zhōngwén), 汉语, 漢語)",蓝,蓝色,蓝色,rgb,56,110,171,1,2,full,white,zh,,1.1.5,
17131,zh,"Chinese (中文 (Zhōngwén), 汉语, 漢語)",紫,紫色,紫色,rgb,78,7,82,1,3,full,white,zh,,1.1.5,
17131,zh,"Chinese (中文 (Zhōngwén), 汉语, 漢語)",黑,黑色,黑色,rgb,79,62,54,1,4,full,white,zh,,1.1.5,
17131,zh,"Chinese (中文 (Zhōngwén), 汉语, 漢語)",粉,粉色,粉色,rgb,252,192,202,1,5,full,white,zh,,1.1.5,
17131,zh,"Chinese (中文 (Zhōngwén), 汉语, 漢語)",紫,紫色,紫色,rgb,166,113,176,1,6,full,white,zh,,1.1.5,
17131,zh,"Chinese (中文 (Zhōngwén), 汉语, 漢語)",绿,绿色,绿色,rgb,4,165,114,1,7,full,white,zh,,1.1.5,
17131,zh,"Chinese (中文 (Zhōngwén), 汉语, 漢語)",灰,灰色,灰色,rgb,156,159,157,1,8,full,white,zh,,1.1.5,
17131,zh,"Chinese (中文 (Zhōngwén), 汉语, 漢語)",靛蓝,靛蓝色,靛蓝色,rgb,4,192,201,1,9,full,white,zh,,1.1.5,
17131,zh,"Chinese (中文 (Zhōngwén), 汉语, 漢語)",紫,紫色,紫色,rgb,221,35,140,1,10,full,white,zh,,1.1.5,
17131,zh,"Chinese (中文 (Zhōngwén), 汉语, 漢語)",黄,黄色,黄色,rgb,224,209,108,1,11,full,white,zh,,1.1.5,
17132,zh,"Chinese (中文 (Zhōngwén), 汉语, 漢語)",黑,黑色,黑色,rgb,51,76,59,1,0,full,white,zh,,1.1.5,
17132,zh,"Chinese (中文 (Zhōngwén), 汉语, 漢語)",海军蓝,海军蓝色,海军蓝,rgb,0,108,154,1,1,full,white,zh,,1.1.5,
17132,zh,"Chinese (中文 (Zhōngwén), 汉语, 漢語)",深紫,深紫色,深紫色,rgb,121,103,154,1,2,full,white,zh,,1.1.5,
17132,zh,"Chinese (中文 (Zhōngwén), 汉语, 漢語)",深粉,深粉色,深粉色,rgb,176,124,121,1,3,full,white,zh,,1.1.5,
17132,zh,"Chinese (中文 (Zhōngwén), 汉语, 漢語)",黄,黄色,黄色,rgb,229,230,26,1,4,full,white,zh,,1.1.5,
17132,zh,"Chinese (中文 (Zhōngwén), 汉语, 漢語)",绿,绿色,绿色,rgb,111,251,169,1,5,full,white,zh,,1.1.5,
17132,zh,"Chinese (中文 (Zhōngwén), 汉语, 漢語)",紫,紫色,紫色,rgb,183,148,216,1,6,full,white,zh,,1.1.5,
17132,zh,"Chinese (中文 (Zhōngwén), 汉语, 漢語)",橙,橙色,橙色,rgb,234,119,24,1,7,full,white,zh,,1.1.5,
17132,zh,"Chinese (中文 (Zhōngwén), 汉语, 漢語)",紫罗蓝,紫罗兰色,紫罗兰色,rgb,238,62,254,1,8,full,white,zh,,1.1.5,
17132,zh,"Chinese (中文 (Zhōngwén), 汉语, 漢語)",靛蓝,靛蓝色,靛蓝色,rgb,57,207,222,1,9,full,white,zh,,1.1.5,
17132,zh,"Chinese (中文 (Zhōngwén), 汉语, 漢語)",酒红,酒红色,酒红色,rgb,157,25,51,1,10,full,white,zh,,1.1.5,
17132,zh,"Chinese (中文 (Zhōngwén), 汉语, 漢語)",青,青色,青色,rgb,22,212,193,1,11,full,white,zh,,1.1.5,
17138,zh,"Chinese (中文 (Zhōngwén), 汉语, 漢語)",蓝,蓝色,蓝,rgb,126,180,199,1,0,full,white,en,,1.1.5,
17138,zh,"Chinese (中文 (Zhōngwén), 汉语, 漢語)",棕,棕色,棕,rgb,115,82,7,1,1,full,white,en,,1.1.5,
17138,zh,"Chinese (中文 (Zhōngwén), 汉语, 漢語)",紫,紫色,紫色,rgb,124,111,143,1,2,full,white,en,,1.1.5,
17138,zh,"Chinese (中文 (Zhōngwén), 汉语, 漢語)",淡蓝,淡蓝色,淡蓝,rgb,68,213,209,1,3,full,white,en,,1.1.5,
17138,zh,"Chinese (中文 (Zhōngwén), 汉语, 漢語)",深绿,深绿色,深绿,rgb,24,87,62,1,4,full,white,en,,1.1.5,
17138,zh,"Chinese (中文 (Zhōngwén), 汉语, 漢語)",深紫,深紫色,深紫,rgb,137,25,193,1,5,full,white,en,,1.1.5,
17138,zh,"Chinese (中文 (Zhōngwén), 汉语, 漢語)",紫,紫色,紫色,rgb,131,103,241,1,6,full,white,en,,1.1.5,
17138,zh,"Chinese (中文 (Zhōngwén), 汉语, 漢語)",黄,黄色,黄色,rgb,251,217,103,1,8,full,white,en,,1.1.5,
17138,zh,"Chinese (中文 (Zhōngwén), 汉语, 漢語)",紫,紫色,紫,rgb,169,30,244,1,9,full,white,en,,1.1.5,
17138,zh,"Chinese (中文 (Zhōngwén), 汉语, 漢語)",深红,深红色,深红,rgb,143,47,54,1,10,full,white,en,,1.1.5,
17138,zh,"Chinese (中文 (Zhōngwén), 汉语, 漢語)",橘,橘色,橘,rgb,243,129,64,1,11,full,white,en,,1.1.5,
17138,zh,"Chinese (中文 (Zhōngwén), 汉语, 漢語)",棕,棕色,棕,rgb,177,104,49,3,0,full,white,en,,1.1.5,
17138,zh,"Chinese (中文 (Zhōngwén), 汉语, 漢語)",绿,绿色,绿,rgb,27,214,71,3,1,full,white,en,,1.1.5,
17138,zh,"Chinese (中文 (Zhōngwén), 汉语, 漢語)",紫,紫色,紫,rgb,105,49,132,3,2,full,white,en,,1.1.5,
17138,zh,"Chinese (中文 (Zhōngwén), 汉语, 漢語)",浅,浅色,浅,rgb,26,232,148,3,3,full,white,en,,1.1.5,
17138,zh,"Chinese (中文 (Zhōngwén), 汉语, 漢語)",深棕,深棕色,深棕,rgb,95,55,42,3,4,full,white,en,,1.1.5,
17138,zh,"Chinese (中文 (Zhōngwén), 汉语, 漢語)",红,红色,红,rgb,211,42,102,3,5,full,white,en,,1.1.5,
17138,zh,"Chinese (中文 (Zhōngwén), 汉语, 漢語)",紫,紫色,紫,rgb,164,97,185,3,6,full,white,en,,1.1.5,
17138,zh,"Chinese (中文 (Zhōngwén), 汉语, 漢語)",淡,淡色,淡,rgb,160,225,150,3,7,full,white,en,,1.1.5,
17138,zh,"Chinese (中文 (Zhōngwén), 汉语, 漢語)",米,米色,米,rgb,212,189,165,3,8,full,white,en,,1.1.5,
17138,zh,"Chinese (中文 (Zhōngwén), 汉语, 漢語)",青,青色,青,rgb,53,130,124,3,9,full,white,en,,1.1.5,
17138,zh,"Chinese (中文 (Zhōngwén), 汉语, 漢語)",蓝,蓝色,蓝,rgb,98,119,229,3,10,full,white,en,,1.1.5,
17138,zh,"Chinese (中文 (Zhōngwén), 汉语, 漢語)",紫,紫色,紫,rgb,205,21,179,3,11,full,white,en,,1.1.5,
17139,zh,"Chinese (中文 (Zhōngwén), 汉语, 漢語)",深绿,深绿色,深绿色,rgb,6,183,90,1,0,full,white,zh,,1.1.5,
17139,zh,"Chinese (中文 (Zhōngwén), 汉语, 漢語)",深紫,深紫色,深紫色,rgb,59,32,99,1,1,full,white,zh,,1.1.5,
17139,zh,"Chinese (中文 (Zhōngwén), 汉语, 漢語)",亮绿,亮绿色,亮绿色,rgb,73,241,85,1,2,full,white,zh,,1.1.5,
17139,zh,"Chinese (中文 (Zhōngwén), 汉语, 漢語)",大红,大红色,大红色,rgb,227,35,26,1,3,full,white,zh,,1.1.5,
17139,zh,"Chinese (中文 (Zhōngwén), 汉语, 漢語)",葡萄紫,葡萄紫色,葡萄紫,rgb,129,66,129,1,4,full,white,zh,,1.1.5,
17139,zh,"Chinese (中文 (Zhōngwén), 汉语, 漢語)",藏青,藏青色,藏青色,rgb,55,50,73,1,5,full,white,zh,,1.1.5,
17139,zh,"Chinese (中文 (Zhōngwén), 汉语, 漢語)",亮薄荷绿,亮薄荷绿色,亮薄荷绿,rgb,140,248,212,1,6,full,white,zh,,1.1.5,
17139,zh,"Chinese (中文 (Zhōngwén), 汉语, 漢語)",浅紫,浅紫色,浅紫色,rgb,205,157,222,1,7,full,white,zh,,1.1.5,
17139,zh,"Chinese (中文 (Zhōngwén), 汉语, 漢語)",卡其,卡其色,卡其色,rgb,135,118,14,1,8,full,white,zh,,1.1.5,
17139,zh,"Chinese (中文 (Zhōngwén), 汉语, 漢語)",荧光紫,荧光紫色,荧光紫,rgb,133,139,232,1,9,full,white,zh,,1.1.5,
17139,zh,"Chinese (中文 (Zhōngwén), 汉语, 漢語)",蓝绿,蓝绿色,蓝绿色,rgb,63,180,151,1,10,full,white,zh,,1.1.5,
17139,zh,"Chinese (中文 (Zhōngwén), 汉语, 漢語)",棕,棕色,棕色,rgb,163,94,43,1,11,full,white,zh,,1.1.5,
17143,zh,"Chinese (中文 (Zhōngwén), 汉语, 漢語)",红,红色,红色,rgb,231,86,91,1,0,full,white,en,,1.1.5,
17143,zh,"Chinese (中文 (Zhōngwén), 汉语, 漢語)",米,米色,米色,rgb,239,225,159,1,1,full,white,en,,1.1.5,
17143,zh,"Chinese (中文 (Zhōngwén), 汉语, 漢語)",蓝,蓝色,蓝色,rgb,15,109,188,1,2,full,white,en,,1.1.5,
17143,zh,"Chinese (中文 (Zhōngwén), 汉语, 漢語)",墨绿,墨绿色,墨绿色,rgb,129,158,152,1,3,full,white,en,,1.1.5,
17143,zh,"Chinese (中文 (Zhōngwén), 汉语, 漢語)",青,青色,青色,rgb,110,215,211,1,4,full,white,en,,1.1.5,
17143,zh,"Chinese (中文 (Zhōngwén), 汉语, 漢語)",棕,棕色,棕色,rgb,77,6,31,1,5,full,white,en,,1.1.5,
17143,zh,"Chinese (中文 (Zhōngwén), 汉语, 漢語)",紫红,紫红色,紫红色,rgb,129,23,85,1,6,full,white,en,,1.1.5,
17143,zh,"Chinese (中文 (Zhōngwén), 汉语, 漢語)",紫,紫色,紫色,rgb,148,64,211,1,7,full,white,en,,1.1.5,
17143,zh,"Chinese (中文 (Zhōngwén), 汉语, 漢語)",藏青,藏青色,藏青色,rgb,48,106,143,1,8,full,white,en,,1.1.5,
17143,zh,"Chinese (中文 (Zhōngwén), 汉语, 漢語)",深紫,深紫色,深紫色,rgb,45,34,116,1,9,full,white,en,,1.1.5,
17143,zh,"Chinese (中文 (Zhōngwén), 汉语, 漢語)",浅绿,浅绿色,浅绿色,rgb,157,201,164,1,10,full,white,en,,1.1.5,
17143,zh,"Chinese (中文 (Zhōngwén), 汉语, 漢語)",土黄,土黄色,土黄色,rgb,193,99,36,1,11,full,white,en,,1.1.5,
17131,zh,"Chinese (中文 (Zhōngwén), 汉语, 漢語)",荧光绿,荧光绿色,荧光绿,rgb,181,248,12,3,0,full,white,zh,,1.1.5,
17131,zh,"Chinese (中文 (Zhōngwén), 汉语, 漢語)",草绿,草绿色,草绿,rgb,176,234,154,3,1,full,white,zh,,1.1.5,
17131,zh,"Chinese (中文 (Zhōngwén), 汉语, 漢語)",莫蓝迪紫,莫兰迪紫色,莫兰迪紫,rgb,182,157,192,3,2,full,white,zh,,1.1.5,
17131,zh,"Chinese (中文 (Zhōngwén), 汉语, 漢語)",浅棕,浅棕色,浅棕,rgb,189,156,101,3,3,full,white,zh,,1.1.5,
17131,zh,"Chinese (中文 (Zhōngwén), 汉语, 漢語)",蓝,蓝色,蓝色,rgb,66,119,244,3,4,full,white,zh,,1.1.5,
17131,zh,"Chinese (中文 (Zhōngwén), 汉语, 漢語)",橘,橘色,橘色,rgb,224,138,42,3,5,full,white,zh,,1.1.5,
17131,zh,"Chinese (中文 (Zhōngwén), 汉语, 漢語)",青,青色,青色,rgb,25,245,188,3,6,full,white,zh,,1.1.5,
17131,zh,"Chinese (中文 (Zhōngwén), 汉语, 漢語)",棕,棕色,棕色,rgb,126,69,50,3,7,full,white,zh,,1.1.5,
17131,zh,"Chinese (中文 (Zhōngwén), 汉语, 漢語)",克莱因蓝,克莱因蓝色,克莱因蓝,rgb,66,2,172,3,8,full,white,zh,,1.1.5,
17131,zh,"Chinese (中文 (Zhōngwén), 汉语, 漢語)",黄,黄色,黄色,rgb,240,237,7,3,9,full,white,zh,,1.1.5,
17131,zh,"Chinese (中文 (Zhōngwén), 汉语, 漢語)",海蓝,海蓝色,海蓝,rgb,18,127,163,3,10,full,white,zh,,1.1.5,
17131,zh,"Chinese (中文 (Zhōngwén), 汉语, 漢語)",莫蓝迪绿,莫兰迪绿色,莫兰迪绿,rgb,72,133,105,3,11,full,white,zh,,1.1.5,
17141,zh,"Chinese (中文 (Zhōngwén), 汉语, 漢語)",玫红,玫红色,玫红色,rgb,240,56,182,1,0,full,white,en,,1.1.5,
17141,zh,"Chinese (中文 (Zhōngwén), 汉语, 漢語)",蓝紫,蓝紫色,蓝紫色,rgb,157,148,252,1,1,full,white,en,,1.1.5,
17141,zh,"Chinese (中文 (Zhōngwén), 汉语, 漢語)",淡紫,淡紫色,淡紫色,rgb,207,123,224,1,2,full,white,en,,1.1.5,
17141,zh,"Chinese (中文 (Zhōngwén), 汉语, 漢語)",深蓝,深蓝色,深蓝色,rgb,15,35,76,1,3,full,white,en,,1.1.5,
17141,zh,"Chinese (中文 (Zhōngwén), 汉语, 漢語)",天蓝,天蓝色,天蓝色,rgb,74,203,236,1,4,full,white,en,,1.1.5,
17141,zh,"Chinese (中文 (Zhōngwén), 汉语, 漢語)",紫红,红紫色,红紫色,rgb,186,43,113,1,5,full,white,en,,1.1.5,
17141,zh,"Chinese (中文 (Zhōngwén), 汉语, 漢語)",黄绿,黄绿色,黄绿色,rgb,153,155,56,1,6,full,white,en,,1.1.5,
17141,zh,"Chinese (中文 (Zhōngwén), 汉语, 漢語)",淡蓝,淡蓝色,淡蓝色,rgb,172,214,219,1,7,full,white,en,,1.1.5,
17141,zh,"Chinese (中文 (Zhōngwén), 汉语, 漢語)",红,红色,红色,rgb,246,30,33,1,8,full,white,en,,1.1.5,
17141,zh,"Chinese (中文 (Zhōngwén), 汉语, 漢語)",灰棕,灰棕色,灰棕色,rgb,142,116,126,1,9,full,white,en,,1.1.5,
17141,zh,"Chinese (中文 (Zhōngwén), 汉语, 漢語)",玫粉,玫粉色,玫粉色,rgb,254,77,125,1,10,full,white,en,,1.1.5,
17141,zh,"Chinese (中文 (Zhōngwén), 汉语, 漢語)",绿,绿色,绿色,rgb,24,208,53,1,11,full,white,en,,1.1.5,
17144,zh,"Chinese (中文 (Zhōngwén), 汉语, 漢語)",天蓝,天蓝色,天蓝色,rgb,54,168,164,1,0,full,white,zh,,1.1.5,
17144,zh,"Chinese (中文 (Zhōngwén), 汉语, 漢語)",绿,绿色,绿色,rgb,62,152,27,1,1,full,white,zh,,1.1.5,
17144,zh,"Chinese (中文 (Zhōngwén), 汉语, 漢語)",紫,紫色,紫色,rgb,179,94,213,1,2,full,white,zh,,1.1.5,
17144,zh,"Chinese (中文 (Zhōngwén), 汉语, 漢語)",灰,灰色,灰色,rgb,219,229,242,1,3,full,white,zh,,1.1.5,
17144,zh,"Chinese (中文 (Zhōngwén), 汉语, 漢語)",深蓝,深蓝色,深蓝色,rgb,2,77,95,1,4,full,white,zh,,1.1.5,
17144,zh,"Chinese (中文 (Zhōngwén), 汉语, 漢語)",紫红,紫红色,紫红色,rgb,187,70,128,1,5,full,white,zh,,1.1.5,
17144,zh,"Chinese (中文 (Zhōngwén), 汉语, 漢語)",黄,黄色,黄色,rgb,220,217,52,1,6,full,white,zh,,1.1.5,
17144,zh,"Chinese (中文 (Zhōngwén), 汉语, 漢語)",暗灰,暗灰色,暗灰色,rgb,126,160,170,1,7,full,white,zh,,1.1.5,
17144,zh,"Chinese (中文 (Zhōngwén), 汉语, 漢語)",土黄,土黄色,土黄色,rgb,181,167,53,1,8,full,white,zh,,1.1.5,
17144,zh,"Chinese (中文 (Zhōngwén), 汉语, 漢語)",浅蓝,浅蓝色,浅蓝色,rgb,164,231,215,1,9,full,white,zh,,1.1.5,
17144,zh,"Chinese (中文 (Zhōngwén), 汉语, 漢語)",暗紫,暗紫色,暗紫色,rgb,96,62,134,1,10,full,white,zh,,1.1.5,
17144,zh,"Chinese (中文 (Zhōngwén), 汉语, 漢語)",棕,棕色,棕色,rgb,146,125,104,1,11,full,white,zh,,1.1.5,
17132,zh,"Chinese (中文 (Zhōngwén), 汉语, 漢語)",亮粉,亮粉色,亮粉色,rgb,253,138,251,3,0,full,white,zh,,1.1.5,
17132,zh,"Chinese (中文 (Zhōngwén), 汉语, 漢語)",深绿,深绿色,深绿色,rgb,19,143,65,3,1,full,white,zh,,1.1.5,
17132,zh,"Chinese (中文 (Zhōngwén), 汉语, 漢語)",深粉,深粉色,深粉色,rgb,211,29,146,3,2,full,white,zh,,1.1.5,
17132,zh,"Chinese (中文 (Zhōngwén), 汉语, 漢語)",粉,粉色,粉色,rgb,239,171,188,3,3,full,white,zh,,1.1.5,
17132,zh,"Chinese (中文 (Zhōngwén), 汉语, 漢語)",深蓝,深蓝色,深蓝色,rgb,54,68,141,3,4,full,white,zh,,1.1.5,
17132,zh,"Chinese (中文 (Zhōngwén), 汉语, 漢語)",青,青色,青色,rgb,150,216,153,3,5,full,white,zh,,1.1.5,
17132,zh,"Chinese (中文 (Zhōngwén), 汉语, 漢語)",绯红,绯红色,绯红色,rgb,162,99,58,3,6,full,white,zh,,1.1.5,
17132,zh,"Chinese (中文 (Zhōngwén), 汉语, 漢語)",绿,绿色,绿色,rgb,138,164,20,3,7,full,white,zh,,1.1.5,
17132,zh,"Chinese (中文 (Zhōngwén), 汉语, 漢語)",海蓝,海蓝色,海蓝色,rgb,121,67,195,3,8,full,white,zh,,1.1.5,
17132,zh,"Chinese (中文 (Zhōngwén), 汉语, 漢語)",黑,黑色,黑色,rgb,87,9,39,3,9,full,white,zh,,1.1.5,
17132,zh,"Chinese (中文 (Zhōngwén), 汉语, 漢語)",粉,粉色,粉色,rgb,187,185,171,3,10,full,white,zh,,1.1.5,
17132,zh,"Chinese (中文 (Zhōngwén), 汉语, 漢語)",红,红色,红色,rgb,213,91,47,3,11,full,white,zh,,1.1.5,
17138,zh,"Chinese (中文 (Zhōngwén), 汉语, 漢語)",紫,紫色,紫,rgb,215,194,249,6,0,full,white,en,,1.1.5,
17138,zh,"Chinese (中文 (Zhōngwén), 汉语, 漢語)",红,红色,红,rgb,223,53,3,6,1,full,white,en,,1.1.5,
17138,zh,"Chinese (中文 (Zhōngwén), 汉语, 漢語)",紫,紫色,紫,rgb,70,35,149,6,2,full,white,en,,1.1.5,
17138,zh,"Chinese (中文 (Zhōngwén), 汉语, 漢語)",绿,绿色,绿,rgb,137,217,66,6,3,full,white,en,,1.1.5,
17138,zh,"Chinese (中文 (Zhōngwén), 汉语, 漢語)",绿,绿色,绿,rgb,162,157,10,6,4,full,white,en,,1.1.5,
17138,zh,"Chinese (中文 (Zhōngwén), 汉语, 漢語)",蓝,蓝色,蓝,rgb,41,161,236,6,5,full,white,en,,1.1.5,
17138,zh,"Chinese (中文 (Zhōngwén), 汉语, 漢語)",橘,橘色,橘,rgb,253,139,15,6,6,full,white,en,,1.1.5,
17138,zh,"Chinese (中文 (Zhōngwén), 汉语, 漢語)",红,红色,红,rgb,202,116,151,6,7,full,white,en,,1.1.5,
17138,zh,"Chinese (中文 (Zhōngwén), 汉语, 漢語)",粉,粉色,粉,rgb,255,135,154,6,8,full,white,en,,1.1.5,
17138,zh,"Chinese (中文 (Zhōngwén), 汉语, 漢語)",深绿,深绿色,深绿,rgb,53,59,33,6,9,full,white,en,,1.1.5,
17138,zh,"Chinese (中文 (Zhōngwén), 汉语, 漢語)",淡绿,淡绿色,淡绿,rgb,5,165,94,6,10,full,white,en,,1.1.5,
17138,zh,"Chinese (中文 (Zhōngwén), 汉语, 漢語)",棕,棕色,棕,rgb,234,179,118,6,11,full,white,en,,1.1.5,
17143,zh,"Chinese (中文 (Zhōngwén), 汉语, 漢語)",浅紫,浅紫色,浅紫色,rgb,194,126,189,3,0,full,white,en,,1.1.5,
17143,zh,"Chinese (中文 (Zhōngwén), 汉语, 漢語)",深红,深红色,深红色,rgb,150,17,52,3,1,full,white,en,,1.1.5,
17143,zh,"Chinese (中文 (Zhōngwén), 汉语, 漢語)",橘黄,橘黄色,橘黄色,rgb,233,72,12,3,2,full,white,en,,1.1.5,
17143,zh,"Chinese (中文 (Zhōngwén), 汉语, 漢語)",土黄,土黄色,土黄色,rgb,196,177,94,3,3,full,white,en,,1.1.5,
17143,zh,"Chinese (中文 (Zhōngwén), 汉语, 漢語)",亮绿,亮绿色,亮绿色,rgb,231,250,145,3,4,full,white,en,,1.1.5,
17143,zh,"Chinese (中文 (Zhōngwén), 汉语, 漢語)",紫红,紫红色,紫红色,rgb,223,102,231,3,5,full,white,en,,1.1.5,
17143,zh,"Chinese (中文 (Zhōngwén), 汉语, 漢語)",莫蓝迪紫,莫兰迪紫色,莫兰迪紫色,rgb,168,186,242,3,6,full,white,en,,1.1.5,
17143,zh,"Chinese (中文 (Zhōngwén), 汉语, 漢語)",紫,紫色,紫色,rgb,101,72,182,3,7,full,white,en,,1.1.5,
17143,zh,"Chinese (中文 (Zhōngwén), 汉语, 漢語)",草绿,草绿色,草绿色,rgb,142,182,79,3,8,full,white,en,,1.1.5,
17143,zh,"Chinese (中文 (Zhōngwén), 汉语, 漢語)",桃红,桃红色,桃红色,rgb,250,21,94,3,9,full,white,en,,1.1.5,
17143,zh,"Chinese (中文 (Zhōngwén), 汉语, 漢語)",绿,绿色,绿色,rgb,3,202,2,3,10,full,white,en,,1.1.5,
17143,zh,"Chinese (中文 (Zhōngwén), 汉语, 漢語)",深紫,深紫色,深紫色,rgb,69,47,98,3,11,full,white,en,,1.1.5,
17139,zh,"Chinese (中文 (Zhōngwén), 汉语, 漢語)",天蓝,天蓝色,天蓝色,rgb,104,184,234,3,0,full,white,zh,,1.1.5,
17139,zh,"Chinese (中文 (Zhōngwén), 汉语, 漢語)",棕黄,棕黄色,棕黄,rgb,203,170,67,3,1,full,white,zh,,1.1.5,
17139,zh,"Chinese (中文 (Zhōngwén), 汉语, 漢語)",薰衣草紫,薰衣草紫色,薰衣草紫,rgb,131,134,170,3,2,full,white,zh,,1.1.5,
17139,zh,"Chinese (中文 (Zhōngwén), 汉语, 漢語)",玫紫,玫紫色,玫紫色,rgb,93,7,70,3,3,full,white,zh,,1.1.5,
17139,zh,"Chinese (中文 (Zhōngwén), 汉语, 漢語)",宝蓝,宝蓝色,宝蓝色,rgb,25,20,184,3,4,full,white,zh,,1.1.5,
17139,zh,"Chinese (中文 (Zhōngwén), 汉语, 漢語)",玫粉,玫粉色,玫粉色,rgb,201,41,155,3,5,full,white,zh,,1.1.5,
17139,zh,"Chinese (中文 (Zhōngwén), 汉语, 漢語)",亮蓝,亮蓝色,亮蓝色,rgb,28,95,235,3,6,full,white,zh,,1.1.5,
17139,zh,"Chinese (中文 (Zhōngwén), 汉语, 漢語)",深蓝,深蓝色,深蓝色,rgb,27,78,149,3,7,full,white,zh,,1.1.5,
17139,zh,"Chinese (中文 (Zhōngwén), 汉语, 漢語)",草绿,草绿色,草绿,rgb,125,220,24,3,8,full,white,zh,,1.1.5,
17139,zh,"Chinese (中文 (Zhōngwén), 汉语, 漢語)",湖蓝,湖蓝色,湖蓝色,rgb,7,225,224,3,9,full,white,zh,,1.1.5,
17139,zh,"Chinese (中文 (Zhōngwén), 汉语, 漢語)",蓝绿,蓝绿色,蓝绿色,rgb,7,125,137,3,10,full,white,zh,,1.1.5,
17139,zh,"Chinese (中文 (Zhōngwén), 汉语, 漢語)",朱红,朱红色,朱红色,rgb,159,31,44,3,11,full,white,zh,,1.1.5,
17147,zh,"Chinese (中文 (Zhōngwén), 汉语, 漢語)",灰绿,灰绿色,灰绿色,rgb,138,185,170,1,0,full,white,zh,,1.1.5,
17147,zh,"Chinese (中文 (Zhōngwén), 汉语, 漢語)",墨绿,墨绿色,墨绿色,rgb,9,54,3,1,1,full,white,zh,,1.1.5,
17147,zh,"Chinese (中文 (Zhōngwén), 汉语, 漢語)",草绿,草绿色,草绿色,rgb,54,194,110,1,2,full,white,zh,,1.1.5,
17147,zh,"Chinese (中文 (Zhōngwén), 汉语, 漢語)",靛蓝,靛蓝色,靛蓝色,rgb,12,69,192,1,3,full,white,zh,,1.1.5,
17147,zh,"Chinese (中文 (Zhōngwén), 汉语, 漢語)",洋红,洋红色,洋红色,rgb,221,67,110,1,4,full,white,zh,,1.1.5,
17147,zh,"Chinese (中文 (Zhōngwén), 汉语, 漢語)",淡蓝,淡蓝色,淡蓝色,rgb,117,195,237,1,5,full,white,zh,,1.1.5,
17147,zh,"Chinese (中文 (Zhōngwén), 汉语, 漢語)",米黄,米黄色,米黄色,rgb,236,243,199,1,6,full,white,zh,,1.1.5,
17147,zh,"Chinese (中文 (Zhōngwén), 汉语, 漢語)",浅紫,浅紫色,浅紫色,rgb,186,103,186,1,7,full,white,zh,,1.1.5,
17147,zh,"Chinese (中文 (Zhōngwén), 汉语, 漢語)",灰蓝,灰蓝色,灰蓝色,rgb,50,107,184,1,8,full,white,zh,,1.1.5,
17147,zh,"Chinese (中文 (Zhōngwén), 汉语, 漢語)",孔雀蓝绿,孔雀蓝绿色,孔雀蓝绿色,rgb,36,148,174,1,10,full,white,zh,,1.1.5,
17147,zh,"Chinese (中文 (Zhōngwén), 汉语, 漢語)",灰粉,灰粉色,灰粉色,rgb,210,146,141,1,11,full,white,zh,,1.1.5,
17144,zh,"Chinese (中文 (Zhōngwén), 汉语, 漢語)",暗蓝,暗蓝色,暗蓝色,rgb,141,138,205,3,0,full,white,zh,,1.1.5,
17144,zh,"Chinese (中文 (Zhōngwén), 汉语, 漢語)",紫,紫色,紫色,rgb,123,37,236,3,1,full,white,zh,,1.1.5,
17144,zh,"Chinese (中文 (Zhōngwén), 汉语, 漢語)",深蓝,深蓝色,深蓝色,rgb,13,55,165,3,2,full,white,zh,,1.1.5,
17144,zh,"Chinese (中文 (Zhōngwén), 汉语, 漢語)",棕,棕色,棕色,rgb,132,78,6,3,3,full,white,zh,,1.1.5,
17144,zh,"Chinese (中文 (Zhōngwén), 汉语, 漢語)",水蓝,水蓝色,水蓝色,rgb,12,202,174,3,4,full,white,zh,,1.1.5,
17144,zh,"Chinese (中文 (Zhōngwén), 汉语, 漢語)",粉紫,粉紫色,粉紫色,rgb,220,97,188,3,5,full,white,zh,,1.1.5,
17144,zh,"Chinese (中文 (Zhōngwén), 汉语, 漢語)",海蓝,海蓝色,海蓝色,rgb,18,123,176,3,6,full,white,zh,,1.1.5,
17144,zh,"Chinese (中文 (Zhōngwén), 汉语, 漢語)",淡绿,淡绿色,淡绿色,rgb,172,192,133,3,7,full,white,zh,,1.1.5,
17144,zh,"Chinese (中文 (Zhōngwén), 汉语, 漢語)",红,红色,红色,rgb,234,31,35,3,8,full,white,zh,,1.1.5,
17144,zh,"Chinese (中文 (Zhōngwén), 汉语, 漢語)",绿,绿色,绿色,rgb,40,204,34,3,9,full,white,zh,,1.1.5,
17144,zh,"Chinese (中文 (Zhōngwén), 汉语, 漢語)",暗绿,暗绿色,暗绿色,rgb,82,172,116,3,10,full,white,zh,,1.1.5,
17144,zh,"Chinese (中文 (Zhōngwén), 汉语, 漢語)",浅粉,浅粉色,浅粉色,rgb,248,118,151,3,11,full,white,zh,,1.1.5,
17141,zh,"Chinese (中文 (Zhōngwén), 汉语, 漢語)",深蓝,深蓝色,深蓝色,rgb,13,56,218,3,0,full,white,en,,1.1.5,
17141,zh,"Chinese (中文 (Zhōngwén), 汉语, 漢語)",大红,大红色,大红色,rgb,186,20,32,3,1,full,white,en,,1.1.5,
17141,zh,"Chinese (中文 (Zhōngwén), 汉语, 漢語)",棕褐,棕褐色,棕褐色,rgb,69,33,29,3,2,full,white,en,,1.1.5,
17141,zh,"Chinese (中文 (Zhōngwén), 汉语, 漢語)",蓝紫,蓝紫色,蓝紫色,rgb,56,56,136,3,3,full,white,en,,1.1.5,
17141,zh,"Chinese (中文 (Zhōngwén), 汉语, 漢語)",浅蓝,浅蓝色,浅蓝色,rgb,9,229,238,3,4,full,white,en,,1.1.5,
17141,zh,"Chinese (中文 (Zhōngwén), 汉语, 漢語)",蓝,蓝色,蓝色,rgb,7,122,248,3,5,full,white,en,,1.1.5,
17141,zh,"Chinese (中文 (Zhōngwén), 汉语, 漢語)",紫,紫色,紫色,rgb,176,30,174,3,6,full,white,en,,1.1.5,
17141,zh,"Chinese (中文 (Zhōngwén), 汉语, 漢語)",浅绿,浅绿色,浅绿色,rgb,65,253,162,3,7,full,white,en,,1.1.5,
17141,zh,"Chinese (中文 (Zhōngwén), 汉语, 漢語)",海蓝,海蓝色,海蓝色,rgb,26,146,193,3,8,full,white,en,,1.1.5,
17141,zh,"Chinese (中文 (Zhōngwén), 汉语, 漢語)",棕,棕色,棕色,rgb,118,47,30,3,9,full,white,en,,1.1.5,
17141,zh,"Chinese (中文 (Zhōngwén), 汉语, 漢語)",淡绿,淡绿色,淡绿色,rgb,174,234,173,3,10,full,white,en,,1.1.5,
17141,zh,"Chinese (中文 (Zhōngwén), 汉语, 漢語)",淡黄,淡黄色,淡黄色,rgb,242,218,105,3,11,full,white,en,,1.1.5,
17131,zh,"Chinese (中文 (Zhōngwén), 汉语, 漢語)",蓝,蓝色,蓝色,rgb,119,184,238,6,0,full,white,zh,,1.1.5,
17131,zh,"Chinese (中文 (Zhōngwén), 汉语, 漢語)",深蓝,深蓝色,深蓝,rgb,62,43,85,6,1,full,white,zh,,1.1.5,
17131,zh,"Chinese (中文 (Zhōngwén), 汉语, 漢語)",莫蓝迪蓝,莫兰迪蓝色,莫兰迪蓝,rgb,61,89,114,6,2,full,white,zh,,1.1.5,
17131,zh,"Chinese (中文 (Zhōngwén), 汉语, 漢語)",绿,绿色,绿色,rgb,165,194,54,6,3,full,white,zh,,1.1.5,
17131,zh,"Chinese (中文 (Zhōngwén), 汉语, 漢語)",浅紫,浅紫色,浅紫色,rgb,163,112,219,6,4,full,white,zh,,1.1.5,
17131,zh,"Chinese (中文 (Zhōngwén), 汉语, 漢語)",草绿,草绿色,草绿色,rgb,66,244,118,6,5,full,white,zh,,1.1.5,
17131,zh,"Chinese (中文 (Zhōngwén), 汉语, 漢語)",莫蓝迪绿,莫兰迪绿色,莫兰迪绿,rgb,119,125,94,6,6,full,white,zh,,1.1.5,
17131,zh,"Chinese (中文 (Zhōngwén), 汉语, 漢語)",紫,紫色,紫色,rgb,183,81,215,6,7,full,white,zh,,1.1.5,
17131,zh,"Chinese (中文 (Zhōngwén), 汉语, 漢語)",深紫,深紫色,深紫色,rgb,88,46,137,6,8,full,white,zh,,1.1.5,
17131,zh,"Chinese (中文 (Zhōngwén), 汉语, 漢語)",紫红,紫红色,紫红色,rgb,203,36,217,6,9,full,white,zh,,1.1.5,
17131,zh,"Chinese (中文 (Zhōngwén), 汉语, 漢語)",莫蓝迪红,莫兰迪红色,莫兰迪红,rgb,132,40,67,6,10,full,white,zh,,1.1.5,
17131,zh,"Chinese (中文 (Zhōngwén), 汉语, 漢語)",粉,粉色,粉色,rgb,227,139,172,6,11,full,white,zh,,1.1.5,
17151,zh,"Chinese (中文 (Zhōngwén), 汉语, 漢語)",玫红,玫红色,玫红色,rgb,250,77,239,1,0,full,white,en,,1.1.5,
17151,zh,"Chinese (中文 (Zhōngwén), 汉语, 漢語)",紫黑,紫黑色,紫黑色,rgb,87,78,125,1,1,full,white,en,,1.1.5,
17151,zh,"Chinese (中文 (Zhōngwén), 汉语, 漢語)",天蓝,天蓝色,天蓝色,rgb,127,188,230,1,2,full,white,en,,1.1.5,
17151,zh,"Chinese (中文 (Zhōngwén), 汉语, 漢語)",紫罗蓝,紫罗兰色,紫罗兰色,rgb,184,92,254,1,3,full,white,en,,1.1.5,
17151,zh,"Chinese (中文 (Zhōngwén), 汉语, 漢語)",橙,橙色,橙色,rgb,250,173,89,1,4,full,white,en,,1.1.5,
17151,zh,"Chinese (中文 (Zhōngwén), 汉语, 漢語)",蓝绿,蓝绿色,蓝绿色,rgb,108,156,168,1,5,full,white,en,,1.1.5,
17151,zh,"Chinese (中文 (Zhōngwén), 汉语, 漢語)",土黄,土黄色,土黄色,rgb,174,99,30,1,6,full,white,en,,1.1.5,
17151,zh,"Chinese (中文 (Zhōngwén), 汉语, 漢語)",粉,粉色,粉色,rgb,247,105,211,1,7,full,white,en,,1.1.5,
17151,zh,"Chinese (中文 (Zhōngwén), 汉语, 漢語)",草绿,草绿色,草绿色,rgb,192,220,126,1,8,full,white,en,,1.1.5,
17151,zh,"Chinese (中文 (Zhōngwén), 汉语, 漢語)",钻蓝,钻蓝色,钻蓝色,rgb,84,81,188,1,9,full,white,en,,1.1.5,
17151,zh,"Chinese (中文 (Zhōngwén), 汉语, 漢語)",深紫,深紫色,深紫色,rgb,88,18,242,1,10,full,white,en,,1.1.5,
17151,zh,"Chinese (中文 (Zhōngwén), 汉语, 漢語)",绿,绿色,绿色,rgb,21,220,105,1,11,full,white,en,,1.1.5,
17132,zh,"Chinese (中文 (Zhōngwén), 汉语, 漢語)",粉绿,粉绿色,粉绿色,rgb,149,178,213,6,0,full,white,zh,,1.1.5,
17132,zh,"Chinese (中文 (Zhōngwén), 汉语, 漢語)",黑,黑色,黑色,rgb,11,24,20,6,1,full,white,zh,,1.1.5,
17132,zh,"Chinese (中文 (Zhōngwén), 汉语, 漢語)",深绿,深绿色,深绿色,rgb,117,117,59,6,2,full,white,zh,,1.1.5,
17132,zh,"Chinese (中文 (Zhōngwén), 汉语, 漢語)",天蓝,天蓝色,天蓝色,rgb,27,190,251,6,3,full,white,zh,,1.1.5,
17132,zh,"Chinese (中文 (Zhōngwén), 汉语, 漢語)",灰,灰色,灰色,rgb,158,249,230,6,4,full,white,zh,,1.1.5,
17132,zh,"Chinese (中文 (Zhōngwén), 汉语, 漢語)",蓝,蓝色,蓝色,rgb,94,144,255,6,5,full,white,zh,,1.1.5,
17132,zh,"Chinese (中文 (Zhōngwén), 汉语, 漢語)",深青,深青色,深青色,rgb,47,145,159,6,6,full,white,zh,,1.1.5,
17132,zh,"Chinese (中文 (Zhōngwén), 汉语, 漢語)",酒红,酒红色,酒红色,rgb,111,69,59,6,7,full,white,zh,,1.1.5,
17132,zh,"Chinese (中文 (Zhōngwén), 汉语, 漢語)",青灰,青灰色,青灰色,rgb,3,73,92,6,8,full,white,zh,,1.1.5,
17132,zh,"Chinese (中文 (Zhōngwén), 汉语, 漢語)",红,红色,红色,rgb,222,24,27,6,9,full,white,zh,,1.1.5,
17132,zh,"Chinese (中文 (Zhōngwén), 汉语, 漢語)",绿,绿色,绿色,rgb,3,178,21,6,10,full,white,zh,,1.1.5,
17132,zh,"Chinese (中文 (Zhōngwén), 汉语, 漢語)",浅黄,浅黄色,浅黄色,rgb,255,217,156,6,11,full,white,zh,,1.1.5,
17143,zh,"Chinese (中文 (Zhōngwén), 汉语, 漢語)",深紫,深紫色,深紫色,rgb,68,5,156,6,0,full,white,en,,1.1.5,
17143,zh,"Chinese (中文 (Zhōngwén), 汉语, 漢語)",墨绿,墨绿色,墨绿色,rgb,34,67,31,6,1,full,white,en,,1.1.5,
17143,zh,"Chinese (中文 (Zhōngwén), 汉语, 漢語)",青,青色,青色,rgb,34,139,136,6,2,full,white,en,,1.1.5,
17143,zh,"Chinese (中文 (Zhōngwén), 汉语, 漢語)",浅紫,浅紫色,浅紫色,rgb,224,199,230,6,3,full,white,en,,1.1.5,
17143,zh,"Chinese (中文 (Zhōngwén), 汉语, 漢語)",暗紫,暗紫色,暗紫色,rgb,170,28,156,6,4,full,white,en,,1.1.5,
17143,zh,"Chinese (中文 (Zhōngwén), 汉语, 漢語)",草绿,草绿色,草绿色,rgb,59,139,17,6,5,full,white,en,,1.1.5,
17143,zh,"Chinese (中文 (Zhōngwén), 汉语, 漢語)",棕,棕色,棕色,rgb,103,65,34,6,6,full,white,en,,1.1.5,
17143,zh,"Chinese (中文 (Zhōngwén), 汉语, 漢語)",紫红,紫红色,紫红色,rgb,185,10,114,6,7,full,white,en,,1.1.5,
17143,zh,"Chinese (中文 (Zhōngwén), 汉语, 漢語)",天蓝,天蓝色,天蓝色,rgb,15,171,248,6,8,full,white,en,,1.1.5,
17143,zh,"Chinese (中文 (Zhōngwén), 汉语, 漢語)",青绿,青绿色,青绿色,rgb,21,216,178,6,9,full,white,en,,1.1.5,
17143,zh,"Chinese (中文 (Zhōngwén), 汉语, 漢語)",蓝紫,蓝紫色,蓝紫色,rgb,55,53,218,6,10,full,white,en,,1.1.5,
17143,zh,"Chinese (中文 (Zhōngwén), 汉语, 漢語)",紫,紫色,紫色,rgb,219,70,245,6,11,full,white,en,,1.1.5,
17139,zh,"Chinese (中文 (Zhōngwén), 汉语, 漢語)",朱砂,朱砂色,朱砂色,rgb,202,96,96,6,0,full,white,zh,,1.1.5,
17139,zh,"Chinese (中文 (Zhōngwén), 汉语, 漢語)",巧克力,巧克力色,巧克力色,rgb,68,36,2,6,1,full,white,zh,,1.1.5,
17139,zh,"Chinese (中文 (Zhōngwén), 汉语, 漢語)",卡其,卡其色,卡其色,rgb,189,131,101,6,2,full,white,zh,,1.1.5,
17139,zh,"Chinese (中文 (Zhōngwén), 汉语, 漢語)",紫罗蓝,紫罗兰色,紫罗兰色,rgb,99,27,242,6,3,full,white,zh,,1.1.5,
17139,zh,"Chinese (中文 (Zhōngwén), 汉语, 漢語)",天蓝,天蓝色,天蓝色,rgb,171,237,255,6,4,full,white,zh,,1.1.5,
17139,zh,"Chinese (中文 (Zhōngwén), 汉语, 漢語)",黄,黄色,黄色,rgb,243,235,111,6,5,full,white,zh,,1.1.5,
17139,zh,"Chinese (中文 (Zhōngwén), 汉语, 漢語)",青绿,青绿色,青绿色,rgb,182,196,161,6,6,full,white,zh,,1.1.5,
17139,zh,"Chinese (中文 (Zhōngwén), 汉语, 漢語)",浅军绿,浅军绿色,浅军绿色,rgb,155,158,95,6,7,full,white,zh,,1.1.5,
17139,zh,"Chinese (中文 (Zhōngwén), 汉语, 漢語)",军绿,军绿色,军绿色,rgb,74,110,29,6,8,full,white,zh,,1.1.5,
17139,zh,"Chinese (中文 (Zhōngwén), 汉语, 漢語)",咖啡,咖啡色,咖啡色,rgb,118,97,94,6,9,full,white,zh,,1.1.5,
17139,zh,"Chinese (中文 (Zhōngwén), 汉语, 漢語)",粉紫,粉紫色,粉紫色,rgb,191,92,188,6,10,full,white,zh,,1.1.5,
17139,zh,"Chinese (中文 (Zhōngwén), 汉语, 漢語)",森绿,森绿色,森绿色,rgb,43,82,74,6,11,full,white,zh,,1.1.5,
17144,zh,"Chinese (中文 (Zhōngwén), 汉语, 漢語)",肉,肉色,肉色,rgb,218,160,142,6,0,full,white,zh,,1.1.5,
17144,zh,"Chinese (中文 (Zhōngwén), 汉语, 漢語)",天蓝,天蓝色,天蓝色,rgb,98,179,242,6,1,full,white,zh,,1.1.5,
17144,zh,"Chinese (中文 (Zhōngwén), 汉语, 漢語)",深蓝,深蓝色,深蓝色,rgb,47,82,249,6,2,full,white,zh,,1.1.5,
17144,zh,"Chinese (中文 (Zhōngwén), 汉语, 漢語)",红,红色,红色,rgb,222,27,77,6,3,full,white,zh,,1.1.5,
17144,zh,"Chinese (中文 (Zhōngwén), 汉语, 漢語)",暗绿,暗绿色,暗绿色,rgb,134,190,37,6,4,full,white,zh,,1.1.5,
17144,zh,"Chinese (中文 (Zhōngwén), 汉语, 漢語)",深紫,深紫色,深紫色,rgb,176,91,252,6,5,full,white,zh,,1.1.5,
17144,zh,"Chinese (中文 (Zhōngwén), 汉语, 漢語)",深蓝,深蓝色,深蓝色,rgb,5,68,137,6,6,full,white,zh,,1.1.5,
17144,zh,"Chinese (中文 (Zhōngwén), 汉语, 漢語)",黑灰,黑灰色,黑灰色,rgb,29,39,55,6,7,full,white,zh,,1.1.5,
17144,zh,"Chinese (中文 (Zhōngwén), 汉语, 漢語)",亮绿,亮绿色,亮绿色,rgb,150,250,27,6,8,full,white,zh,,1.1.5,
17144,zh,"Chinese (中文 (Zhōngwén), 汉语, 漢語)",灰紫,灰紫色,灰紫色,rgb,165,140,157,6,9,full,white,zh,,1.1.5,
17144,zh,"Chinese (中文 (Zhōngwén), 汉语, 漢語)",紫,紫色,紫色,rgb,217,55,242,6,10,full,white,zh,,1.1.5,
17144,zh,"Chinese (中文 (Zhōngwén), 汉语, 漢語)",深绿,深绿色,深绿色,rgb,10,189,78,6,11,full,white,zh,,1.1.5,
17150,zh,"Chinese (中文 (Zhōngwén), 汉语, 漢語)",玫红,玫红色,玫红,rgb,207,40,66,1,0,full,white,zh,,1.1.5,
17150,zh,"Chinese (中文 (Zhōngwén), 汉语, 漢語)",深绿,深绿色,深绿,rgb,49,140,13,1,1,full,white,zh,,1.1.5,
17150,zh,"Chinese (中文 (Zhōngwén), 汉语, 漢語)",荧光紫,荧光紫色,荧光紫,rgb,221,46,238,1,2,full,white,zh,,1.1.5,
17150,zh,"Chinese (中文 (Zhōngwén), 汉语, 漢語)",蓝紫,蓝紫色,蓝紫,rgb,110,109,224,1,3,full,white,zh,,1.1.5,
17150,zh,"Chinese (中文 (Zhōngwén), 汉语, 漢語)",橘红,橘红色,橘红,rgb,253,86,58,1,4,full,white,zh,,1.1.5,
17150,zh,"Chinese (中文 (Zhōngwén), 汉语, 漢語)",深蓝,深蓝色,深蓝,rgb,30,82,232,1,5,full,white,zh,,1.1.5,
17150,zh,"Chinese (中文 (Zhōngwén), 汉语, 漢語)",褐红,褐红色,褐红,rgb,193,83,88,1,6,full,white,zh,,1.1.5,
17150,zh,"Chinese (中文 (Zhōngwén), 汉语, 漢語)",灰蓝,灰蓝色,灰蓝,rgb,154,177,221,1,7,full,white,zh,,1.1.5,
17150,zh,"Chinese (中文 (Zhōngwén), 汉语, 漢語)",灰绿,灰绿色,灰绿,rgb,143,191,40,1,8,full,white,zh,,1.1.5,
17150,zh,"Chinese (中文 (Zhōngwén), 汉语, 漢語)",嫩绿,嫩绿色,嫩绿,rgb,122,234,105,1,9,full,white,zh,,1.1.5,
17150,zh,"Chinese (中文 (Zhōngwén), 汉语, 漢語)",深蓝,深蓝色,深蓝,rgb,54,21,163,1,10,full,white,zh,,1.1.5,
17150,zh,"Chinese (中文 (Zhōngwén), 汉语, 漢語)",蓝绿,蓝绿色,蓝绿,rgb,30,178,173,1,11,full,white,zh,,1.1.5,
17151,zh,"Chinese (中文 (Zhōngwén), 汉语, 漢語)",紫,紫色,紫色,rgb,180,34,167,3,0,full,white,en,,1.1.5,
17151,zh,"Chinese (中文 (Zhōngwén), 汉语, 漢語)",暗红,暗红色,暗红色,rgb,149,28,70,3,1,full,white,en,,1.1.5,
17151,zh,"Chinese (中文 (Zhōngwén), 汉语, 漢語)",紫黑,紫黑色,紫黑色,rgb,106,3,95,3,2,full,white,en,,1.1.5,
17151,zh,"Chinese (中文 (Zhōngwén), 汉语, 漢語)",暗绿,暗绿色,暗绿色,rgb,144,156,127,3,3,full,white,en,,1.1.5,
17151,zh,"Chinese (中文 (Zhōngwén), 汉语, 漢語)",粉红,粉红色,粉红色,rgb,250,33,181,3,4,full,white,en,,1.1.5,
17151,zh,"Chinese (中文 (Zhōngwén), 汉语, 漢語)",钻蓝,钻蓝色,钻蓝色,rgb,74,38,204,3,5,full,white,en,,1.1.5,
17151,zh,"Chinese (中文 (Zhōngwén), 汉语, 漢語)",玫红,玫红色,玫红色,rgb,231,25,80,3,6,full,white,en,,1.1.5,
17151,zh,"Chinese (中文 (Zhōngwén), 汉语, 漢語)",深绿,深绿色,深绿色,rgb,40,51,23,3,7,full,white,en,,1.1.5,
17151,zh,"Chinese (中文 (Zhōngwén), 汉语, 漢語)",暗黄,暗黄色,暗黄色,rgb,199,188,61,3,8,full,white,en,,1.1.5,
17151,zh,"Chinese (中文 (Zhōngwén), 汉语, 漢語)",米,米色,米色,rgb,242,244,201,3,9,full,white,en,,1.1.5,
17151,zh,"Chinese (中文 (Zhōngwén), 汉语, 漢語)",棕,棕色,棕色,rgb,118,90,48,3,10,full,white,en,,1.1.5,
17151,zh,"Chinese (中文 (Zhōngwén), 汉语, 漢語)",绿,绿色,绿色,rgb,117,198,143,3,11,full,white,en,,1.1.5,
17147,zh,"Chinese (中文 (Zhōngwén), 汉语, 漢語)",浅紫,浅紫色,浅紫色,rgb,146,134,203,3,0,full,white,zh,,1.1.5,
17147,zh,"Chinese (中文 (Zhōngwén), 汉语, 漢語)",砖褐,砖褐色,砖褐色,rgb,135,2,8,3,1,full,white,zh,,1.1.5,
17147,zh,"Chinese (中文 (Zhōngwén), 汉语, 漢語)",橙,橙色,橙色,rgb,232,135,31,3,2,full,white,zh,,1.1.5,
17147,zh,"Chinese (中文 (Zhōngwén), 汉语, 漢語)",墨蓝,墨蓝色,墨蓝色,rgb,42,38,82,3,3,full,white,zh,,1.1.5,
17147,zh,"Chinese (中文 (Zhōngwén), 汉语, 漢語)",砖粉,砖粉色,砖粉色,rgb,183,91,122,3,4,full,white,zh,,1.1.5,
17147,zh,"Chinese (中文 (Zhōngwén), 汉语, 漢語)",紫,紫色,紫色,rgb,113,45,163,3,5,full,white,zh,,1.1.5,
17147,zh,"Chinese (中文 (Zhōngwén), 汉语, 漢語)",宝绿,宝绿色,宝绿色,rgb,6,89,126,3,6,full,white,zh,,1.1.5,
17147,zh,"Chinese (中文 (Zhōngwén), 汉语, 漢語)",褐,褐色,褐色,rgb,205,156,102,3,7,full,white,zh,,1.1.5,
17147,zh,"Chinese (中文 (Zhōngwén), 汉语, 漢語)",粉红,粉红色,粉红色,rgb,250,61,187,3,8,full,white,zh,,1.1.5,
17147,zh,"Chinese (中文 (Zhōngwén), 汉语, 漢語)",灰粉,灰粉色,灰粉色,rgb,198,58,133,3,9,full,white,zh,,1.1.5,
17147,zh,"Chinese (中文 (Zhōngwén), 汉语, 漢語)",绿,绿色,绿色,rgb,58,230,5,3,10,full,white,zh,,1.1.5,
17147,zh,"Chinese (中文 (Zhōngwén), 汉语, 漢語)",浅绿,浅绿色,浅绿色,rgb,146,235,166,3,11,full,white,zh,,1.1.5,
17141,zh,"Chinese (中文 (Zhōngwén), 汉语, 漢語)",草绿,草绿色,草绿色,rgb,109,172,78,6,0,full,white,en,,1.1.5,
17141,zh,"Chinese (中文 (Zhōngwén), 汉语, 漢語)",黑,黑色,黑色,rgb,4,37,44,6,1,full,white,en,,1.1.5,
17141,zh,"Chinese (中文 (Zhōngwén), 汉语, 漢語)",深海蓝,深海蓝色,深海蓝,rgb,69,107,181,6,2,full,white,en,,1.1.5,
17141,zh,"Chinese (中文 (Zhōngwén), 汉语, 漢語)",草绿,草绿色,草绿色,rgb,83,172,16,6,3,full,white,en,,1.1.5,
17141,zh,"Chinese (中文 (Zhōngwén), 汉语, 漢語)",绿树,绿树色,绿树色,rgb,23,176,92,6,4,full,white,en,,1.1.5,
17141,zh,"Chinese (中文 (Zhōngwén), 汉语, 漢語)",深紫,深紫色,深紫色,rgb,93,24,143,6,5,full,white,en,,1.1.5,
17141,zh,"Chinese (中文 (Zhōngwén), 汉语, 漢語)",浅淡绿,浅淡绿色,浅淡绿色,rgb,157,230,94,6,6,full,white,en,,1.1.5,
17141,zh,"Chinese (中文 (Zhōngwén), 汉语, 漢語)",粉,粉色,粉色,rgb,241,186,254,6,7,full,white,en,,1.1.5,
17141,zh,"Chinese (中文 (Zhōngwén), 汉语, 漢語)",奶棕,奶棕色,奶棕色,rgb,208,159,104,6,8,full,white,en,,1.1.5,
17141,zh,"Chinese (中文 (Zhōngwén), 汉语, 漢語)",浅深红,浅深红色,浅深红色,rgb,181,50,72,6,9,full,white,en,,1.1.5,
17141,zh,"Chinese (中文 (Zhōngwén), 汉语, 漢語)",淡海军蓝,淡海军蓝色,淡海军蓝色,rgb,139,163,205,6,10,full,white,en,,1.1.5,
17141,zh,"Chinese (中文 (Zhōngwén), 汉语, 漢語)",深蓝绿,深蓝绿色,深蓝绿色,rgb,46,77,101,6,11,full,white,en,,1.1.5,
17151,zh,"Chinese (中文 (Zhōngwén), 汉语, 漢語)",土黄,土黄色,土黄色,rgb,180,141,65,6,0,full,white,en,,1.1.5,
17151,zh,"Chinese (中文 (Zhōngwén), 汉语, 漢語)",暗蓝,暗蓝色,暗蓝色,rgb,5,140,198,6,1,full,white,en,,1.1.5,
17151,zh,"Chinese (中文 (Zhōngwén), 汉语, 漢語)",橙,橙色,橙色,rgb,221,91,61,6,2,full,white,en,,1.1.5,
17151,zh,"Chinese (中文 (Zhōngwén), 汉语, 漢語)",蓝绿,蓝绿色,蓝绿色,rgb,3,140,126,6,3,full,white,en,,1.1.5,
17151,zh,"Chinese (中文 (Zhōngwén), 汉语, 漢語)",紫,紫色,紫色,rgb,162,79,159,6,4,full,white,en,,1.1.5,
17151,zh,"Chinese (中文 (Zhōngwén), 汉语, 漢語)",深绿,深绿色,深绿色,rgb,48,107,43,6,5,full,white,en,,1.1.5,
17151,zh,"Chinese (中文 (Zhōngwén), 汉语, 漢語)",肉,肉色,肉色,rgb,252,188,171,6,6,full,white,en,,1.1.5,
17151,zh,"Chinese (中文 (Zhōngwén), 汉语, 漢語)",紫黑,紫黑色,紫黑色,rgb,16,12,122,6,7,full,white,en,,1.1.5,
17151,zh,"Chinese (中文 (Zhōngwén), 汉语, 漢語)",淡紫,淡紫色,淡紫色,rgb,187,147,210,6,8,full,white,en,,1.1.5,
17151,zh,"Chinese (中文 (Zhōngwén), 汉语, 漢語)",钻蓝,钻蓝色,钻蓝色,rgb,22,91,234,6,9,full,white,en,,1.1.5,
17151,zh,"Chinese (中文 (Zhōngwén), 汉语, 漢語)",草绿,草绿色,草绿色,rgb,208,227,55,6,10,full,white,en,,1.1.5,
17151,zh,"Chinese (中文 (Zhōngwén), 汉语, 漢語)",米黄,米黄色,米黄色,rgb,252,225,136,6,11,full,white,en,,1.1.5,
17150,zh,"Chinese (中文 (Zhōngwén), 汉语, 漢語)",灰绿,灰绿色,灰绿,rgb,135,186,116,3,0,full,white,zh,,1.1.5,
17150,zh,"Chinese (中文 (Zhōngwén), 汉语, 漢語)",深绿,深绿色,深绿,rgb,35,132,91,3,1,full,white,zh,,1.1.5,
17150,zh,"Chinese (中文 (Zhōngwén), 汉语, 漢語)",紫红,紫红色,紫红,rgb,162,116,135,3,2,full,white,zh,,1.1.5,
17150,zh,"Chinese (中文 (Zhōngwén), 汉语, 漢語)",灰紫,灰紫色,灰紫,rgb,132,113,164,3,3,full,white,zh,,1.1.5,
17150,zh,"Chinese (中文 (Zhōngwén), 汉语, 漢語)",深红,深红色,深红,rgb,131,40,17,3,4,full,white,zh,,1.1.5,
17150,zh,"Chinese (中文 (Zhōngwén), 汉语, 漢語)",肉,肉色,肉色,rgb,214,199,188,3,5,full,white,zh,,1.1.5,
17150,zh,"Chinese (中文 (Zhōngwén), 汉语, 漢語)",深紫,深紫色,深紫,rgb,131,67,161,3,6,full,white,zh,,1.1.5,
17150,zh,"Chinese (中文 (Zhōngwén), 汉语, 漢語)",嫩粉,嫩粉色,嫩粉,rgb,253,188,189,3,7,full,white,zh,,1.1.5,
17150,zh,"Chinese (中文 (Zhōngwén), 汉语, 漢語)",深蓝,深蓝色,深蓝,rgb,19,47,229,3,8,full,white,zh,,1.1.5,
17150,zh,"Chinese (中文 (Zhōngwén), 汉语, 漢語)",荧光紫,荧光紫色,荧光紫,rgb,218,108,196,3,9,full,white,zh,,1.1.5,
17150,zh,"Chinese (中文 (Zhōngwén), 汉语, 漢語)",荧光绿,荧光绿色,荧光绿,rgb,111,221,34,3,10,full,white,zh,,1.1.5,
17150,zh,"Chinese (中文 (Zhōngwén), 汉语, 漢語)",紫红,紫红色,紫红,rgb,126,18,68,3,11,full,white,zh,,1.1.5,
17147,zh,"Chinese (中文 (Zhōngwén), 汉语, 漢語)",洋绿,洋绿色,洋绿色,rgb,95,180,43,6,0,full,white,zh,,1.1.5,
17147,zh,"Chinese (中文 (Zhōngwén), 汉语, 漢語)",叶绿,叶绿色,叶绿色,rgb,99,162,101,6,1,full,white,zh,,1.1.5,
17147,zh,"Chinese (中文 (Zhōngwén), 汉语, 漢語)",森绿,森绿色,森绿色,rgb,45,108,31,6,2,full,white,zh,,1.1.5,
17147,zh,"Chinese (中文 (Zhōngwén), 汉语, 漢語)",棕褐,棕褐色,棕褐色,rgb,149,122,33,6,3,full,white,zh,,1.1.5,
17147,zh,"Chinese (中文 (Zhōngwén), 汉语, 漢語)",淡紫,淡紫色,淡紫色,rgb,211,171,217,6,4,full,white,zh,,1.1.5,
17147,zh,"Chinese (中文 (Zhōngwén), 汉语, 漢語)",红,红色,红色,rgb,233,53,24,6,5,full,white,zh,,1.1.5,
17147,zh,"Chinese (中文 (Zhōngwén), 汉语, 漢語)",黄,黄色,黄色,rgb,252,234,24,6,6,full,white,zh,,1.1.5,
17147,zh,"Chinese (中文 (Zhōngwén), 汉语, 漢語)",灰黑,灰黑色,灰黑色,rgb,235,246,127,6,7,full,white,zh,,1.1.5,
17147,zh,"Chinese (中文 (Zhōngwén), 汉语, 漢語)",亮绿,亮绿色,亮绿色,rgb,23,231,95,6,8,full,white,zh,,1.1.5,
17147,zh,"Chinese (中文 (Zhōngwén), 汉语, 漢語)",深蓝,深蓝色,深蓝色,rgb,33,58,251,6,9,full,white,zh,,1.1.5,
17147,zh,"Chinese (中文 (Zhōngwén), 汉语, 漢語)",土褐,土褐色,土褐色,rgb,226,194,99,6,10,full,white,zh,,1.1.5,
17147,zh,"Chinese (中文 (Zhōngwén), 汉语, 漢語)",洋蓝紫,洋兰紫色,洋兰紫色,rgb,112,132,250,6,11,full,white,zh,,1.1.5,
17150,zh,"Chinese (中文 (Zhōngwén), 汉语, 漢語)",褐黄,褐黄色,褐黄,rgb,220,158,26,6,0,full,white,zh,,1.1.5,
17150,zh,"Chinese (中文 (Zhōngwén), 汉语, 漢語)",灰蓝,灰蓝色,灰蓝,rgb,78,114,150,6,1,full,white,zh,,1.1.5,
17150,zh,"Chinese (中文 (Zhōngwén), 汉语, 漢語)",墨蓝,墨蓝色,墨蓝,rgb,42,64,125,6,2,full,white,zh,,1.1.5,
17150,zh,"Chinese (中文 (Zhōngwén), 汉语, 漢語)",粉紫,紫粉色,紫粉,rgb,220,34,164,6,3,full,white,zh,,1.1.5,
17150,zh,"Chinese (中文 (Zhōngwén), 汉语, 漢語)",深蓝,深蓝色,深蓝,rgb,2,43,143,6,4,full,white,zh,,1.1.5,
17150,zh,"Chinese (中文 (Zhōngwén), 汉语, 漢語)",橙,橙色,橙色,rgb,253,126,39,6,5,full,white,zh,,1.1.5,
17150,zh,"Chinese (中文 (Zhōngwén), 汉语, 漢語)",墨黑,墨黑色,墨黑,rgb,43,29,66,6,6,full,white,zh,,1.1.5,
17150,zh,"Chinese (中文 (Zhōngwén), 汉语, 漢語)",灰绿,灰绿色,灰绿,rgb,46,102,105,6,7,full,white,zh,,1.1.5,
17150,zh,"Chinese (中文 (Zhōngwén), 汉语, 漢語)",褐黄,褐黄色,褐黄,rgb,185,155,63,6,8,full,white,zh,,1.1.5,
17150,zh,"Chinese (中文 (Zhōngwén), 汉语, 漢語)",橘粉,橘粉色,橘粉,rgb,251,175,120,6,9,full,white,zh,,1.1.5,
17150,zh,"Chinese (中文 (Zhōngwén), 汉语, 漢語)",深绿,深绿色,深绿,rgb,26,46,8,6,10,full,white,zh,,1.1.5,
17150,zh,"Chinese (中文 (Zhōngwén), 汉语, 漢語)",褐绿,褐绿色,褐绿,rgb,85,86,18,6,11,full,white,zh,,1.1.5,
0,zh,"Chinese (中文 (Zhōngwén), 汉语, 漢語)",绿,绿色,绿,rgb,69,254,195,1,0,full,white,zh,,1.1.5,
0,zh,"Chinese (中文 (Zhōngwén), 汉语, 漢語)",紫,紫色,紫,rgb,121,54,141,1,1,full,white,zh,,1.1.5,
0,zh,"Chinese (中文 (Zhōngwén), 汉语, 漢語)",黄,黄色,黄,rgb,206,252,1,1,2,full,white,zh,,1.1.5,
0,zh,"Chinese (中文 (Zhōngwén), 汉语, 漢語)",棕红,棕红色,棕红,rgb,138,8,36,1,3,full,white,zh,,1.1.5,
0,zh,"Chinese (中文 (Zhōngwén), 汉语, 漢語)",绿,绿色,绿,rgb,62,168,18,1,4,full,white,zh,,1.1.5,
0,zh,"Chinese (中文 (Zhōngwén), 汉语, 漢語)",青,青色,青,rgb,4,197,187,1,5,full,white,zh,,1.1.5,
0,zh,"Chinese (中文 (Zhōngwén), 汉语, 漢語)",藏青,藏青色,藏青,rgb,98,72,249,1,6,full,white,zh,,1.1.5,
0,zh,"Chinese (中文 (Zhōngwén), 汉语, 漢語)",绿,绿色,绿,rgb,19,249,66,1,7,full,white,zh,,1.1.5,
0,zh,"Chinese (中文 (Zhōngwén), 汉语, 漢語)",灰绿,灰绿色,灰绿,rgb,78,168,92,1,8,full,white,zh,,1.1.5,
0,zh,"Chinese (中文 (Zhōngwén), 汉语, 漢語)",粉,粉色,粉,rgb,216,26,126,1,9,full,white,zh,,1.1.5,
0,zh,"Chinese (中文 (Zhōngwén), 汉语, 漢語)",黑,黑色,黑,rgb,5,18,38,1,10,full,white,zh,,1.1.5,
0,zh,"Chinese (中文 (Zhōngwén), 汉语, 漢語)",蓝,蓝色,蓝,rgb,91,188,206,1,11,full,white,zh,,1.1.5,
0,zh,"Chinese (中文 (Zhōngwén), 汉语, 漢語)",蓝,蓝色,蓝,rgb,34,78,114,3,0,full,white,zh,,1.1.5,
0,zh,"Chinese (中文 (Zhōngwén), 汉语, 漢語)",黄,黄色,黄,rgb,204,205,42,3,1,full,white,zh,,1.1.5,
0,zh,"Chinese (中文 (Zhōngwén), 汉语, 漢語)",紫,紫色,紫,rgb,161,7,184,3,2,full,white,zh,,1.1.5,
0,zh,"Chinese (中文 (Zhōngwén), 汉语, 漢語)",褐,褐色,褐,rgb,73,19,25,3,3,full,white,zh,,1.1.5,
0,zh,"Chinese (中文 (Zhōngwén), 汉语, 漢語)",粉,粉色,粉,rgb,211,27,163,3,4,full,white,zh,,1.1.5,
0,zh,"Chinese (中文 (Zhōngwén), 汉语, 漢語)",棕黄,棕黄色,棕黄,rgb,124,116,24,3,5,full,white,zh,,1.1.5,
0,zh,"Chinese (中文 (Zhōngwén), 汉语, 漢語)",蓝,蓝色,蓝,rgb,80,89,225,3,6,full,white,zh,,1.1.5,
0,zh,"Chinese (中文 (Zhōngwén), 汉语, 漢語)",绿,绿色,绿,rgb,22,144,122,3,7,full,white,zh,,1.1.5,
0,zh,"Chinese (中文 (Zhōngwén), 汉语, 漢語)",蓝,蓝色,蓝,rgb,66,184,249,3,8,full,white,zh,,1.1.5,
0,zh,"Chinese (中文 (Zhōngwén), 汉语, 漢語)",黄绿,黄绿色,黄绿,rgb,144,165,65,3,9,full,white,zh,,1.1.5,
0,zh,"Chinese (中文 (Zhōngwén), 汉语, 漢語)",粉,粉色,粉,rgb,235,158,254,3,10,full,white,zh,,1.1.5,
0,zh,"Chinese (中文 (Zhōngwén), 汉语, 漢語)",绿,绿色,绿,rgb,19,242,125,3,11,full,white,zh,,1.1.5,
0,zh,"Chinese (中文 (Zhōngwén), 汉语, 漢語)",绿,绿色,绿,rgb,102,108,65,6,0,full,white,zh,,1.1.5,
0,zh,"Chinese (中文 (Zhōngwén), 汉语, 漢語)",橙,橙色,橙,rgb,212,67,17,6,1,full,white,zh,,1.1.5,
0,zh,"Chinese (中文 (Zhōngwén), 汉语, 漢語)",棕,棕色,棕,rgb,155,103,67,6,2,full,white,zh,,1.1.5,
0,zh,"Chinese (中文 (Zhōngwén), 汉语, 漢語)",粉,粉色,粉,rgb,200,86,177,6,3,full,white,zh,,1.1.5,
0,zh,"Chinese (中文 (Zhōngwén), 汉语, 漢語)",红,红色,红,rgb,164,33,83,6,4,full,white,zh,,1.1.5,
0,zh,"Chinese (中文 (Zhōngwén), 汉语, 漢語)",橙,橙色,橙,rgb,219,157,92,6,5,full,white,zh,,1.1.5,
0,zh,"Chinese (中文 (Zhōngwén), 汉语, 漢語)",蓝,蓝色,蓝,rgb,186,237,237,6,6,full,white,zh,,1.1.5,
0,zh,"Chinese (中文 (Zhōngwén), 汉语, 漢語)",绿,绿色,绿,rgb,50,116,63,6,7,full,white,zh,,1.1.5,
0,zh,"Chinese (中文 (Zhōngwén), 汉语, 漢語)",黄,黄色,黄,rgb,241,211,158,6,8,full,white,zh,,1.1.5,
0,zh,"Chinese (中文 (Zhōngwén), 汉语, 漢語)",蓝,蓝色,蓝,rgb,42,30,158,6,9,full,white,zh,,1.1.5,
0,zh,"Chinese (中文 (Zhōngwén), 汉语, 漢語)",红,红色,红,rgb,237,10,29,6,10,full,white,zh,,1.1.5,
0,zh,"Chinese (中文 (Zhōngwén), 汉语, 漢語)",绿,绿色,绿,rgb,17,52,41,6,11,full,white,zh,,1.1.5,
18043,zh,"Chinese (中文 (Zhōngwén), 汉语, 漢語)",蓝绿,蓝绿色,蓝绿,rgb,0,255,162,1,0,line,white,en,,1.1.5,
18043,zh,"Chinese (中文 (Zhōngwén), 汉语, 漢語)",黄绿,黄绿色,黄绿,rgb,227,255,0,1,1,line,white,en,,1.1.5,
18043,zh,"Chinese (中文 (Zhōngwén), 汉语, 漢語)",蓝紫,蓝紫色,蓝紫,rgb,163,0,255,1,2,line,white,en,,1.1.5,
18043,zh,"Chinese (中文 (Zhōngwén), 汉语, 漢語)",蓝,蓝色,蓝,rgb,0,0,255,1,3,line,white,en,,1.1.5,
18043,zh,"Chinese (中文 (Zhōngwén), 汉语, 漢語)",天蓝,天蓝色,天蓝,rgb,0,162,255,1,4,line,white,en,,1.1.5,
18043,zh,"Chinese (中文 (Zhōngwén), 汉语, 漢語)",黄,黄色,黄,rgb,242,255,0,1,5,line,white,en,,1.1.5,
18043,zh,"Chinese (中文 (Zhōngwén), 汉语, 漢語)",珠粉,珠粉色,珠粉,rgb,255,0,159,1,6,line,white,en,,1.1.5,
18043,zh,"Chinese (中文 (Zhōngwén), 汉语, 漢語)",草绿,草绿色,草绿,rgb,0,255,11,1,7,line,white,en,,1.1.5,
18043,zh,"Chinese (中文 (Zhōngwén), 汉语, 漢語)",青蓝,蓝青色,蓝青,rgb,0,255,152,1,8,line,white,en,,1.1.5,
18043,zh,"Chinese (中文 (Zhōngwén), 汉语, 漢語)",橙,橙色,橙,rgb,255,142,0,1,9,line,white,en,,1.1.5,
18043,zh,"Chinese (中文 (Zhōngwén), 汉语, 漢語)",浅蓝,浅蓝色,浅蓝,rgb,0,202,255,1,10,line,white,en,,1.1.5,
18043,zh,"Chinese (中文 (Zhōngwén), 汉语, 漢語)",粉,粉色,粉,rgb,255,0,219,1,11,line,white,en,,1.1.5,
18043,zh,"Chinese (中文 (Zhōngwén), 汉语, 漢語)",绿蓝,绿蓝色,绿蓝,rgb,0,255,113,3,0,line,white,en,,1.1.5,
18043,zh,"Chinese (中文 (Zhōngwén), 汉语, 漢語)",天蓝,天蓝色,天蓝,rgb,0,255,254,3,1,line,white,en,,1.1.5,
18043,zh,"Chinese (中文 (Zhōngwén), 汉语, 漢語)",浅蓝,浅蓝色,浅蓝,rgb,0,115,255,3,2,line,white,en,,1.1.5,
18043,zh,"Chinese (中文 (Zhōngwén), 汉语, 漢語)",橙,橙色,橙,rgb,255,113,0,3,3,line,white,en,,1.1.5,
18043,zh,"Chinese (中文 (Zhōngwén), 汉语, 漢語)",珠粉,珠粉色,珠粉,rgb,255,0,128,3,4,line,white,en,,1.1.5,
18043,zh,"Chinese (中文 (Zhōngwén), 汉语, 漢語)",草绿,草绿色,草绿,rgb,124,255,0,3,5,line,white,en,,1.1.5,
18043,zh,"Chinese (中文 (Zhōngwén), 汉语, 漢語)",青,青色,青,rgb,0,255,213,3,6,line,white,en,,1.1.5,
18043,zh,"Chinese (中文 (Zhōngwén), 汉语, 漢語)",草绿,草绿色,草绿,rgb,149,255,0,3,7,line,white,en,,1.1.5,
18043,zh,"Chinese (中文 (Zhōngwén), 汉语, 漢語)",蓝,蓝色,蓝,rgb,0,65,255,3,8,line,white,en,,1.1.5,
18043,zh,"Chinese (中文 (Zhōngwén), 汉语, 漢語)",红,红色,红,rgb,255,0,23,3,9,line,white,en,,1.1.5,
18043,zh,"Chinese (中文 (Zhōngwén), 汉语, 漢語)",浅蓝,浅蓝色,浅蓝,rgb,0,153,255,3,10,line,white,en,,1.1.5,
18043,zh,"Chinese (中文 (Zhōngwén), 汉语, 漢語)",红橙,红橙色,红橙,rgb,255,78,0,3,11,line,white,en,,1.1.5,
18043,zh,"Chinese (中文 (Zhōngwén), 汉语, 漢語)",黄,黄色,黄,rgb,255,241,0,6,0,line,white,en,,1.1.5,
18043,zh,"Chinese (中文 (Zhōngwén), 汉语, 漢語)",紫罗蓝,紫罗兰色,紫罗兰,rgb,123,0,255,6,1,line,white,en,,1.1.5,
18043,zh,"Chinese (中文 (Zhōngwén), 汉语, 漢語)",蓝,蓝色,蓝,rgb,0,104,255,6,2,line,white,en,,1.1.5,
18043,zh,"Chinese (中文 (Zhōngwén), 汉语, 漢語)",正红,正红色,正红,rgb,255,0,49,6,3,line,white,en,,1.1.5,
18043,zh,"Chinese (中文 (Zhōngwén), 汉语, 漢語)",粉,粉色,粉,rgb,230,0,255,6,4,line,white,en,,1.1.5,
18043,zh,"Chinese (中文 (Zhōngwén), 汉语, 漢語)",天蓝,天蓝色,天蓝,rgb,0,213,255,6,5,line,white,en,,1.1.5,
18043,zh,"Chinese (中文 (Zhōngwén), 汉语, 漢語)",橙黄,橙黄色,橙黄,rgb,255,159,0,6,6,line,white,en,,1.1.5,
18043,zh,"Chinese (中文 (Zhōngwén), 汉语, 漢語)",紫红,紫红色,紫红,rgb,255,0,199,6,7,line,white,en,,1.1.5,
18043,zh,"Chinese (中文 (Zhōngwén), 汉语, 漢語)",浅黄,浅黄色,浅黄,rgb,255,207,0,6,8,line,white,en,,1.1.5,
18043,zh,"Chinese (中文 (Zhōngwén), 汉语, 漢語)",青,青色,青,rgb,0,254,255,6,9,line,white,en,,1.1.5,
18043,zh,"Chinese (中文 (Zhōngwén), 汉语, 漢語)",蓝,蓝色,蓝,rgb,0,68,255,6,10,line,white,en,,1.1.5,
18043,zh,"Chinese (中文 (Zhōngwén), 汉语, 漢語)",红,红色,红,rgb,255,0,83,6,11,line,white,en,,1.1.5,
18058,zh,"Chinese (中文 (Zhōngwén), 汉语, 漢語)",草绿,草绿色,草绿,rgb,122,255,0,1,0,line,white,en,,1.1.5,
18058,zh,"Chinese (中文 (Zhōngwén), 汉语, 漢語)",浅蓝,浅蓝色,浅蓝,rgb,0,225,255,1,1,line,white,en,,1.1.5,
18058,zh,"Chinese (中文 (Zhōngwén), 汉语, 漢語)",黄绿,黄绿色,黄绿,rgb,209,255,0,1,2,line,white,en,,1.1.5,
18058,zh,"Chinese (中文 (Zhōngwén), 汉语, 漢語)",蓝绿,蓝绿色,蓝绿,rgb,0,255,177,1,3,line,white,en,,1.1.5,
18058,zh,"Chinese (中文 (Zhōngwén), 汉语, 漢語)",浅蓝,浅蓝色,浅蓝,rgb,0,255,230,1,4,line,white,en,,1.1.5,
18058,zh,"Chinese (中文 (Zhōngwén), 汉语, 漢語)",天蓝,天蓝色,天蓝,rgb,0,192,255,1,5,line,white,en,,1.1.5,
18058,zh,"Chinese (中文 (Zhōngwén), 汉语, 漢語)",蓝,蓝色,蓝,rgb,0,117,255,1,6,line,white,en,,1.1.5,
18058,zh,"Chinese (中文 (Zhōngwén), 汉语, 漢語)",青绿,青绿色,青绿,rgb,0,255,155,1,7,line,white,en,,1.1.5,
18058,zh,"Chinese (中文 (Zhōngwén), 汉语, 漢語)",橘红,橘红色,橘红,rgb,255,41,0,1,8,line,white,en,,1.1.5,
18058,zh,"Chinese (中文 (Zhōngwén), 汉语, 漢語)",橘,橘色,橘色,rgb,255,113,0,1,9,line,white,en,,1.1.5,
18058,zh,"Chinese (中文 (Zhōngwén), 汉语, 漢語)",紫,紫色,紫,rgb,186,0,255,1,10,line,white,en,,1.1.5,
18058,zh,"Chinese (中文 (Zhōngwén), 汉语, 漢語)",红,红色,红,rgb,255,0,9,1,11,line,white,en,,1.1.5,
18058,zh,"Chinese (中文 (Zhōngwén), 汉语, 漢語)",蓝,蓝色,蓝,rgb,0,48,255,3,0,line,white,en,,1.1.5,
18058,zh,"Chinese (中文 (Zhōngwén), 汉语, 漢語)",紫,紫色,紫,rgb,132,0,255,3,1,line,white,en,,1.1.5,
18058,zh,"Chinese (中文 (Zhōngwén), 汉语, 漢語)",绿,绿色,绿,rgb,0,255,56,3,2,line,white,en,,1.1.5,
18058,zh,"Chinese (中文 (Zhōngwén), 汉语, 漢語)",桃红,桃红色,桃红,rgb,255,0,162,3,3,line,white,en,,1.1.5,
18058,zh,"Chinese (中文 (Zhōngwén), 汉语, 漢語)",黄,黄色,黄,rgb,255,226,0,3,4,line,white,en,,1.1.5,
18058,zh,"Chinese (中文 (Zhōngwén), 汉语, 漢語)",柠檬黄,柠檬黄色,柠檬黄,rgb,255,211,0,3,5,line,white,en,,1.1.5,
18058,zh,"Chinese (中文 (Zhōngwén), 汉语, 漢語)",橙,橙色,橙,rgb,255,132,0,3,6,line,white,en,,1.1.5,
18058,zh,"Chinese (中文 (Zhōngwén), 汉语, 漢語)",红,红色,红,rgb,255,0,67,3,7,line,white,en,,1.1.5,
18058,zh,"Chinese (中文 (Zhōngwén), 汉语, 漢語)",蓝绿,蓝绿色,蓝绿,rgb,0,255,220,3,8,line,white,en,,1.1.5,
18058,zh,"Chinese (中文 (Zhōngwén), 汉语, 漢語)",洋红,洋红色,洋红,rgb,250,0,255,3,9,line,white,en,,1.1.5,
18058,zh,"Chinese (中文 (Zhōngwén), 汉语, 漢語)",粉红,粉红色,粉红,rgb,255,0,113,3,10,line,white,en,,1.1.5,
18058,zh,"Chinese (中文 (Zhōngwén), 汉语, 漢語)",蓝,蓝色,蓝,rgb,64,0,255,3,11,line,white,en,,1.1.5,
18129,zh,"Chinese (中文 (Zhōngwén), 汉语, 漢語)",橘,橘色,橘色,rgb,250,114,31,1,0,full,white,zh,,1.1.5,
18129,zh,"Chinese (中文 (Zhōngwén), 汉语, 漢語)",浅绿,浅绿色,浅绿,rgb,173,255,4,1,1,full,white,zh,,1.1.5,
18129,zh,"Chinese (中文 (Zhōngwén), 汉语, 漢語)",紫,紫色,紫色,rgb,185,92,243,1,2,full,white,zh,,1.1.5,
18129,zh,"Chinese (中文 (Zhōngwén), 汉语, 漢語)",肉,肉色,肉色,rgb,221,183,146,1,3,full,white,zh,,1.1.5,
18129,zh,"Chinese (中文 (Zhōngwén), 汉语, 漢語)",屎黄,屎黄色,屎黄色,rgb,173,163,13,1,4,full,white,zh,,1.1.5,
18129,zh,"Chinese (中文 (Zhōngwén), 汉语, 漢語)",淡绿,淡绿色,淡绿,rgb,178,237,99,1,5,full,white,zh,,1.1.5,
18129,zh,"Chinese (中文 (Zhōngwén), 汉语, 漢語)",橙,橙色,橙色,rgb,223,149,52,1,6,full,white,zh,,1.1.5,
18129,zh,"Chinese (中文 (Zhōngwén), 汉语, 漢語)",酒红,酒红色,酒红,rgb,151,54,55,1,7,full,white,zh,,1.1.5,
18129,zh,"Chinese (中文 (Zhōngwén), 汉语, 漢語)",黄,黄色,黄色,rgb,252,245,5,1,8,full,white,zh,,1.1.5,
18129,zh,"Chinese (中文 (Zhōngwén), 汉语, 漢語)",紫,紫色,紫色,rgb,170,24,176,1,9,full,white,zh,,1.1.5,
18129,zh,"Chinese (中文 (Zhōngwén), 汉语, 漢語)",靛蓝,靛蓝色,靛蓝,rgb,4,57,111,1,10,full,white,zh,,1.1.5,
18129,zh,"Chinese (中文 (Zhōngwén), 汉语, 漢語)",暗绿,暗绿色,暗绿色,rgb,55,177,114,1,11,full,white,zh,,1.1.5,
18119,zh,"Chinese (中文 (Zhōngwén), 汉语, 漢語)",靛蓝,靛蓝色,靛蓝,rgb,50,173,242,1,0,full,white,en,,1.1.5,
18119,zh,"Chinese (中文 (Zhōngwén), 汉语, 漢語)",蒂芙尼蓝,蒂芙尼蓝色,蒂芙尼蓝,rgb,110,175,184,1,1,full,white,en,,1.1.5,
18119,zh,"Chinese (中文 (Zhōngwén), 汉语, 漢語)",蓝紫,蓝紫色,蓝紫,rgb,19,10,161,1,2,full,white,en,,1.1.5,
18119,zh,"Chinese (中文 (Zhōngwén), 汉语, 漢語)",肉,肉色,肉色,rgb,250,186,143,1,3,full,white,en,,1.1.5,
18119,zh,"Chinese (中文 (Zhōngwén), 汉语, 漢語)",芭比粉,芭比粉色,芭比粉,rgb,226,10,160,1,4,full,white,en,,1.1.5,
18119,zh,"Chinese (中文 (Zhōngwén), 汉语, 漢語)",三文鱼橙,三文鱼橙色,三文鱼橙,rgb,201,23,8,1,5,full,white,en,,1.1.5,
18119,zh,"Chinese (中文 (Zhōngwén), 汉语, 漢語)",深蓝,深蓝色,深蓝,rgb,16,28,117,1,6,full,white,en,,1.1.5,
18119,zh,"Chinese (中文 (Zhōngwén), 汉语, 漢語)",亮绿,亮绿色,亮绿,rgb,149,241,87,1,7,full,white,en,,1.1.5,
18119,zh,"Chinese (中文 (Zhōngwén), 汉语, 漢語)",天蓝,天蓝色,天蓝,rgb,88,154,247,1,8,full,white,en,,1.1.5,
18119,zh,"Chinese (中文 (Zhōngwén), 汉语, 漢語)",棕,棕色,棕色,rgb,149,91,34,1,9,full,white,en,,1.1.5,
18131,zh,"Chinese (中文 (Zhōngwén), 汉语, 漢語)",蓝紫,藍紫色,藍紫色,rgb,58,58,240,1,0,full,white,zh,,1.1.5,
18131,zh,"Chinese (中文 (Zhōngwén), 汉语, 漢語)",暗红,暗紅色,暗紅色,rgb,148,14,49,1,1,full,white,zh,,1.1.5,
18131,zh,"Chinese (中文 (Zhōngwén), 汉语, 漢語)",紫罗蓝,紫羅蘭色,紫羅蘭,rgb,144,133,176,1,2,full,white,zh,,1.1.5,
18131,zh,"Chinese (中文 (Zhōngwén), 汉语, 漢語)",青,青色,青色,rgb,105,221,212,1,3,full,white,zh,,1.1.5,
18131,zh,"Chinese (中文 (Zhōngwén), 汉语, 漢語)",亮绿,亮綠色,亮綠色,rgb,91,243,14,1,4,full,white,zh,,1.1.5,
18131,zh,"Chinese (中文 (Zhōngwén), 汉语, 漢語)",蓝,藍色,藍色,rgb,45,127,229,1,5,full,white,zh,,1.1.5,
18131,zh,"Chinese (中文 (Zhōngwén), 汉语, 漢語)",海军蓝,海軍藍色,海軍藍,rgb,39,70,215,1,6,full,white,zh,,1.1.5,
18131,zh,"Chinese (中文 (Zhōngwén), 汉语, 漢語)",亮紫,亮紫色,亮紫色,rgb,163,65,179,1,7,full,white,zh,,1.1.5,
18131,zh,"Chinese (中文 (Zhōngwén), 汉语, 漢語)",黄绿,黃綠色,黃綠色,rgb,212,237,53,1,8,full,white,zh,,1.1.5,
18131,zh,"Chinese (中文 (Zhōngwén), 汉语, 漢語)",黑,黑色,黑色,rgb,42,50,8,1,9,full,white,zh,,1.1.5,
18131,zh,"Chinese (中文 (Zhōngwén), 汉语, 漢語)",深绿,深綠色,深綠色,rgb,15,83,6,1,10,full,white,zh,,1.1.5,
18131,zh,"Chinese (中文 (Zhōngwén), 汉语, 漢語)",淡绿,淡綠色,淡綠色,rgb,93,130,119,1,11,full,white,zh,,1.1.5,
18118,zh,"Chinese (中文 (Zhōngwén), 汉语, 漢語)",粉紫,紫粉色,紫粉,rgb,224,185,226,1,0,full,white,en,,1.1.5,
18118,zh,"Chinese (中文 (Zhōngwén), 汉语, 漢語)",青绿,青绿色,青绿色,rgb,24,209,153,1,1,full,white,en,,1.1.5,
18118,zh,"Chinese (中文 (Zhōngwén), 汉语, 漢語)",嫣紫,嫣紫色,嫣紫,rgb,159,23,121,1,2,full,white,en,,1.1.5,
18118,zh,"Chinese (中文 (Zhōngwén), 汉语, 漢語)",紫,紫色,紫色,rgb,158,68,218,1,3,full,white,en,,1.1.5,
18118,zh,"Chinese (中文 (Zhōngwén), 汉语, 漢語)",浅蓝,浅蓝色,浅蓝,rgb,73,78,251,1,4,full,white,en,,1.1.5,
18118,zh,"Chinese (中文 (Zhōngwén), 汉语, 漢語)",棕红,棕红色,棕红,rgb,129,58,82,1,5,full,white,en,,1.1.5,
18118,zh,"Chinese (中文 (Zhōngwén), 汉语, 漢語)",浅红,浅红色,浅红,rgb,240,104,101,1,6,full,white,en,,1.1.5,
18118,zh,"Chinese (中文 (Zhōngwén), 汉语, 漢語)",深蓝,深蓝色,深蓝,rgb,60,15,209,1,7,full,white,en,,1.1.5,
18118,zh,"Chinese (中文 (Zhōngwén), 汉语, 漢語)",天蓝,天蓝色,天蓝,rgb,70,165,211,1,8,full,white,en,,1.1.5,
18118,zh,"Chinese (中文 (Zhōngwén), 汉语, 漢語)",蓝,蓝色,蓝色,rgb,12,97,181,1,9,full,white,en,,1.1.5,
18118,zh,"Chinese (中文 (Zhōngwén), 汉语, 漢語)",绿,绿色,绿色,rgb,31,171,60,1,10,full,white,en,,1.1.5,
18118,zh,"Chinese (中文 (Zhōngwén), 汉语, 漢語)",深肉,深肉色,深肉色,rgb,206,150,148,1,11,full,white,en,,1.1.5,
18117,zh,"Chinese (中文 (Zhōngwén), 汉语, 漢語)",蓝绿,藍綠色,藍綠,rgb,30,196,130,1,2,full,white,en,,1.1.5,
18117,zh,"Chinese (中文 (Zhōngwén), 汉语, 漢語)",藏青,藏青色,藏青,rgb,46,55,155,1,3,full,white,en,,1.1.5,
18117,zh,"Chinese (中文 (Zhōngwén), 汉语, 漢語)",粉紫,粉紫色,粉紫,rgb,185,165,239,1,4,full,white,en,,1.1.5,
18117,zh,"Chinese (中文 (Zhōngwén), 汉语, 漢語)",荧光绿,螢光綠色,螢光綠,rgb,68,230,66,1,5,full,white,en,,1.1.5,
18117,zh,"Chinese (中文 (Zhōngwén), 汉语, 漢語)",紫红,紅紫色,紅紫,rgb,211,116,220,1,6,full,white,en,,1.1.5,
18117,zh,"Chinese (中文 (Zhōngwén), 汉语, 漢語)",灰,灰色,灰,rgb,8,120,110,1,7,full,white,en,,1.1.5,
18117,zh,"Chinese (中文 (Zhōngwén), 汉语, 漢語)",黑,黑色,黑,rgb,43,54,54,1,8,full,white,en,,1.1.5,
18117,zh,"Chinese (中文 (Zhōngwén), 汉语, 漢語)",酒红,酒紅色,酒紅,rgb,168,73,103,1,9,full,white,en,,1.1.5,
18117,zh,"Chinese (中文 (Zhōngwén), 汉语, 漢語)",紫,紫色,紫,rgb,149,100,220,1,10,full,white,en,,1.1.5,
18117,zh,"Chinese (中文 (Zhōngwén), 汉语, 漢語)",深红,深紅色,深紅色,rgb,181,1,38,1,11,full,white,en,,1.1.5,
18118,zh,"Chinese (中文 (Zhōngwén), 汉语, 漢語)",黑,黑色,黑色,rgb,32,30,18,3,0,full,white,en,,1.1.5,
18118,zh,"Chinese (中文 (Zhōngwén), 汉语, 漢語)",抹茶,抹茶色,抹茶色,rgb,146,144,53,3,1,full,white,en,,1.1.5,
18118,zh,"Chinese (中文 (Zhōngwén), 汉语, 漢語)",灰,灰色,灰色,rgb,120,141,136,3,2,full,white,en,,1.1.5,
18165,zh,"Chinese (中文 (Zhōngwén), 汉语, 漢語)",绿,綠色,綠色,rgb,96,198,135,1,0,full,white,zh,,1.1.5,
18165,zh,"Chinese (中文 (Zhōngwén), 汉语, 漢語)",橘,橘色,橘色,rgb,251,148,17,1,1,full,white,zh,,1.1.5,
18165,zh,"Chinese (中文 (Zhōngwén), 汉语, 漢語)",草绿,草綠色,草綠色,rgb,226,225,158,1,2,full,white,zh,,1.1.5,
18165,zh,"Chinese (中文 (Zhōngwén), 汉语, 漢語)",紫,紫色,紫色,rgb,80,1,160,1,3,full,white,zh,,1.1.5,
18165,zh,"Chinese (中文 (Zhōngwén), 汉语, 漢語)",暗红,暗紅色,暗紅色,rgb,189,24,17,1,4,full,white,zh,,1.1.5,
18165,zh,"Chinese (中文 (Zhōngwén), 汉语, 漢語)",蓝绿,藍綠色,藍綠色,rgb,72,164,186,1,5,full,white,zh,,1.1.5,
18165,zh,"Chinese (中文 (Zhōngwén), 汉语, 漢語)",粉紫,粉紫色,粉紫色,rgb,218,55,250,1,6,full,white,zh,,1.1.5,
18165,zh,"Chinese (中文 (Zhōngwén), 汉语, 漢語)",粉红,粉紅色,粉紅色,rgb,214,121,129,1,7,full,white,zh,,1.1.5,
18165,zh,"Chinese (中文 (Zhōngwén), 汉语, 漢語)",靛蓝,靛藍色,靛藍色,rgb,7,57,206,1,8,full,white,zh,,1.1.5,
18165,zh,"Chinese (中文 (Zhōngwén), 汉语, 漢語)",桃红,桃紅色,桃紅色,rgb,238,4,77,1,9,full,white,zh,,1.1.5,
18165,zh,"Chinese (中文 (Zhōngwén), 汉语, 漢語)",亮橘,亮橘色,亮橘色,rgb,253,58,17,1,10,full,white,zh,,1.1.5,
18165,zh,"Chinese (中文 (Zhōngwén), 汉语, 漢語)",铁灰,鐵灰色,鐵灰色,rgb,60,61,63,1,11,full,white,zh,,1.1.5,
18165,zh,"Chinese (中文 (Zhōngwén), 汉语, 漢語)",粉橘,粉橘色,粉橘色,rgb,225,123,93,3,0,full,white,zh,,1.1.5,
18165,zh,"Chinese (中文 (Zhōngwén), 汉语, 漢語)",蓝绿,藍綠色,藍綠色,rgb,14,170,143,3,1,full,white,zh,,1.1.5,
18165,zh,"Chinese (中文 (Zhōngwén), 汉语, 漢語)",红,紅色,紅色,rgb,165,47,65,3,2,full,white,zh,,1.1.5,
18165,zh,"Chinese (中文 (Zhōngwén), 汉语, 漢語)",草绿,草綠色,草綠色,rgb,94,144,55,3,3,full,white,zh,,1.1.5,
18165,zh,"Chinese (中文 (Zhōngwén), 汉语, 漢語)",粉紫,粉紫色,粉紫色,rgb,198,15,161,3,4,full,white,zh,,1.1.5,
18165,zh,"Chinese (中文 (Zhōngwén), 汉语, 漢語)",紫,紫色,紫色,rgb,37,14,66,3,5,full,white,zh,,1.1.5,
18165,zh,"Chinese (中文 (Zhōngwén), 汉语, 漢語)",蓝,藍色,藍色,rgb,10,175,253,3,6,full,white,zh,,1.1.5,
18165,zh,"Chinese (中文 (Zhōngwén), 汉语, 漢語)",暗蓝绿,暗藍綠色,暗藍綠色,rgb,59,99,114,3,7,full,white,zh,,1.1.5,
18165,zh,"Chinese (中文 (Zhōngwén), 汉语, 漢語)",浅咖,淺咖色,淺咖色,rgb,196,173,149,3,8,full,white,zh,,1.1.5,
18165,zh,"Chinese (中文 (Zhōngwén), 汉语, 漢語)",酒红,酒紅色,酒紅色,rgb,63,2,24,3,9,full,white,zh,,1.1.5,
18165,zh,"Chinese (中文 (Zhōngwén), 汉语, 漢語)",亮绿,亮綠色,亮綠色,rgb,20,222,52,3,10,full,white,zh,,1.1.5,
18165,zh,"Chinese (中文 (Zhōngwén), 汉语, 漢語)",靛,靛色,靛色,rgb,84,14,215,3,11,full,white,zh,,1.1.5,
18165,zh,"Chinese (中文 (Zhōngwén), 汉语, 漢語)",亮草绿,亮草綠色,亮草綠色,rgb,157,220,7,6,0,full,white,zh,,1.1.5,
18165,zh,"Chinese (中文 (Zhōngwén), 汉语, 漢語)",草绿,草綠色,草綠色,rgb,188,199,13,6,1,full,white,zh,,1.1.5,
18165,zh,"Chinese (中文 (Zhōngwén), 汉语, 漢語)",深绿,深綠色,深綠,rgb,22,95,34,6,2,full,white,zh,,1.1.5,
18165,zh,"Chinese (中文 (Zhōngwén), 汉语, 漢語)",暗紫,暗紫色,暗紫,rgb,123,68,93,6,3,full,white,zh,,1.1.5,
18165,zh,"Chinese (中文 (Zhōngwén), 汉语, 漢語)",莫蓝迪绿,莫蘭迪綠色,莫蘭迪綠,rgb,136,166,141,6,4,full,white,zh,,1.1.5,
18165,zh,"Chinese (中文 (Zhōngwén), 汉语, 漢語)",橘黄,橘黃色,橘黃,rgb,210,158,62,6,5,full,white,zh,,1.1.5,
18165,zh,"Chinese (中文 (Zhōngwén), 汉语, 漢語)",粉,粉色,粉色,rgb,213,91,153,6,6,full,white,zh,,1.1.5,
18165,zh,"Chinese (中文 (Zhōngwén), 汉语, 漢語)",深紫,深紫色,深紫色,rgb,14,29,59,6,7,full,white,zh,,1.1.5,
18165,zh,"Chinese (中文 (Zhōngwén), 汉语, 漢語)",莫蓝迪紫,莫蘭迪紫色,莫蘭迪紫,rgb,162,148,180,6,8,full,white,zh,,1.1.5,
18165,zh,"Chinese (中文 (Zhōngwén), 汉语, 漢語)",粉紫,粉紫色,粉紫,rgb,210,155,217,6,9,full,white,zh,,1.1.5,
18165,zh,"Chinese (中文 (Zhōngwén), 汉语, 漢語)",深草绿,深草綠色,深草綠,rgb,116,122,15,6,10,full,white,zh,,1.1.5,
18165,zh,"Chinese (中文 (Zhōngwén), 汉语, 漢語)",天蓝,天藍色,天藍色,rgb,97,220,232,6,11,full,white,zh,,1.1.5,
18360,zh,"Chinese (中文 (Zhōngwén), 汉语, 漢語)",紫,紫色,紫,rgb,111,71,100,1,0,full,white,zh,,1.1.5,
18360,zh,"Chinese (中文 (Zhōngwén), 汉语, 漢語)",紫,紫色,紫,rgb,109,2,181,1,1,full,white,zh,,1.1.5,
18360,zh,"Chinese (中文 (Zhōngwén), 汉语, 漢語)",深紫,深紫色,深紫,rgb,61,20,93,1,2,full,white,zh,,1.1.5,
18360,zh,"Chinese (中文 (Zhōngwén), 汉语, 漢語)",青,青色,青,rgb,5,222,231,1,3,full,white,zh,,1.1.5,
18360,zh,"Chinese (中文 (Zhōngwén), 汉语, 漢語)",淡紫,淡紫色,淡紫,rgb,124,144,213,1,4,full,white,zh,,1.1.5,
18360,zh,"Chinese (中文 (Zhōngwén), 汉语, 漢語)",松绿,松绿色,松绿,rgb,75,150,105,1,5,full,white,zh,,1.1.5,
18360,zh,"Chinese (中文 (Zhōngwén), 汉语, 漢語)",浅蓝,浅蓝色,浅蓝,rgb,184,224,243,1,6,full,white,zh,,1.1.5,
18360,zh,"Chinese (中文 (Zhōngwén), 汉语, 漢語)",深绿,深绿色,深绿,rgb,49,69,17,1,7,full,white,zh,,1.1.5,
18360,zh,"Chinese (中文 (Zhōngwén), 汉语, 漢語)",深绿,深绿色,深绿,rgb,9,127,30,1,8,full,white,zh,,1.1.5,
18360,zh,"Chinese (中文 (Zhōngwén), 汉语, 漢語)",深蓝,深蓝色,深蓝,rgb,5,22,252,1,9,full,white,zh,,1.1.5,
18360,zh,"Chinese (中文 (Zhōngwén), 汉语, 漢語)",紫,紫色,紫,rgb,200,80,155,1,10,full,white,zh,,1.1.5,
18360,zh,"Chinese (中文 (Zhōngwén), 汉语, 漢語)",浅绿,浅绿色,浅绿,rgb,149,242,175,1,11,full,white,zh,,1.1.5,
18360,zh,"Chinese (中文 (Zhōngwén), 汉语, 漢語)",深蓝,深蓝色,深蓝,rgb,16,40,156,3,0,full,white,zh,,1.1.5,
18360,zh,"Chinese (中文 (Zhōngwén), 汉语, 漢語)",柠檬黄,柠檬黄色,柠檬黄,rgb,241,193,25,3,1,full,white,zh,,1.1.5,
18360,zh,"Chinese (中文 (Zhōngwén), 汉语, 漢語)",绿,绿色,绿,rgb,66,208,12,3,2,full,white,zh,,1.1.5,
18360,zh,"Chinese (中文 (Zhōngwén), 汉语, 漢語)",草绿,草绿色,草绿,rgb,151,182,10,3,3,full,white,zh,,1.1.5,
18360,zh,"Chinese (中文 (Zhōngwén), 汉语, 漢語)",豆沙红,豆沙红色,豆沙红,rgb,180,72,59,3,4,full,white,zh,,1.1.5,
18360,zh,"Chinese (中文 (Zhōngwén), 汉语, 漢語)",紫,紫色,紫,rgb,157,92,247,3,5,full,white,zh,,1.1.5,
18360,zh,"Chinese (中文 (Zhōngwén), 汉语, 漢語)",棕红,棕红色,棕红,rgb,90,35,20,3,6,full,white,zh,,1.1.5,
18360,zh,"Chinese (中文 (Zhōngwén), 汉语, 漢語)",紫,紫色,紫,rgb,141,56,184,3,7,full,white,zh,,1.1.5,
18360,zh,"Chinese (中文 (Zhōngwén), 汉语, 漢語)",绿,绿色,绿,rgb,106,198,91,3,8,full,white,zh,,1.1.5,
18360,zh,"Chinese (中文 (Zhōngwén), 汉语, 漢語)",蓝,蓝色,蓝,rgb,1,145,207,3,9,full,white,zh,,1.1.5,
18360,zh,"Chinese (中文 (Zhōngwén), 汉语, 漢語)",灰,灰色,灰,rgb,95,92,74,3,10,full,white,zh,,1.1.5,
18360,zh,"Chinese (中文 (Zhōngwén), 汉语, 漢語)",浅绿,浅绿色,浅绿,rgb,212,240,208,3,11,full,white,zh,,1.1.5,
18360,zh,"Chinese (中文 (Zhōngwén), 汉语, 漢語)",靛蓝,靛蓝色,靛蓝,rgb,68,102,214,6,0,full,white,zh,,1.1.5,
18360,zh,"Chinese (中文 (Zhōngwén), 汉语, 漢語)",棕黄,棕黄色,棕黄,rgb,147,123,40,6,1,full,white,zh,,1.1.5,
18360,zh,"Chinese (中文 (Zhōngwén), 汉语, 漢語)",紫,紫色,紫,rgb,126,85,163,6,2,full,white,zh,,1.1.5,
18360,zh,"Chinese (中文 (Zhōngwén), 汉语, 漢語)",土黄,土黄色,土黄,rgb,201,151,42,6,3,full,white,zh,,1.1.5,
18360,zh,"Chinese (中文 (Zhōngwén), 汉语, 漢語)",蓝,蓝色,蓝,rgb,38,84,227,6,4,full,white,zh,,1.1.5,
18360,zh,"Chinese (中文 (Zhōngwén), 汉语, 漢語)",豆沙绿,豆沙绿色,豆沙绿,rgb,166,168,109,6,5,full,white,zh,,1.1.5,
18360,zh,"Chinese (中文 (Zhōngwén), 汉语, 漢語)",紫,紫色,紫,rgb,177,18,235,6,6,full,white,zh,,1.1.5,
18360,zh,"Chinese (中文 (Zhōngwén), 汉语, 漢語)",青,青色,青,rgb,91,212,184,6,7,full,white,zh,,1.1.5,
18360,zh,"Chinese (中文 (Zhōngwén), 汉语, 漢語)",蓝灰,蓝灰色,蓝灰,rgb,68,100,118,6,8,full,white,zh,,1.1.5,
18360,zh,"Chinese (中文 (Zhōngwén), 汉语, 漢語)",品红,品红色,品红,rgb,174,5,62,6,9,full,white,zh,,1.1.5,
18360,zh,"Chinese (中文 (Zhōngwén), 汉语, 漢語)",粉,粉色,粉,rgb,241,69,124,6,10,full,white,zh,,1.1.5,
18360,zh,"Chinese (中文 (Zhōngwén), 汉语, 漢語)",橙,橙色,橙,rgb,224,113,2,6,11,full,white,zh,,1.1.5,
18399,zh,"Chinese (中文 (Zhōngwén), 汉语, 漢語)",紫黑,紫黑色,紫黑,rgb,65,47,69,1,0,full,white,zh,,1.1.5,
18399,zh,"Chinese (中文 (Zhōngwén), 汉语, 漢語)",蛋黄,蛋黄色,蛋黄,rgb,252,171,10,1,1,full,white,zh,,1.1.5,
18399,zh,"Chinese (中文 (Zhōngwén), 汉语, 漢語)",深棕,深棕色,深棕,rgb,116,38,12,1,2,full,white,zh,,1.1.5,
18399,zh,"Chinese (中文 (Zhōngwén), 汉语, 漢語)",粉红,粉红色,粉红,rgb,235,88,169,1,3,full,white,zh,,1.1.5,
18399,zh,"Chinese (中文 (Zhōngwén), 汉语, 漢語)",亮红,亮红色,亮红,rgb,181,4,49,1,4,full,white,zh,,1.1.5,
18399,zh,"Chinese (中文 (Zhōngwén), 汉语, 漢語)",桃,桃色,桃色,rgb,194,69,100,1,5,full,white,zh,,1.1.5,
18399,zh,"Chinese (中文 (Zhōngwén), 汉语, 漢語)",浅黄,浅黄色,浅黄,rgb,255,214,142,1,6,full,white,zh,,1.1.5,
18399,zh,"Chinese (中文 (Zhōngwén), 汉语, 漢語)",天蓝,天蓝色,天蓝,rgb,176,234,254,1,7,full,white,zh,,1.1.5,
18399,zh,"Chinese (中文 (Zhōngwén), 汉语, 漢語)",灰蓝,灰蓝色,灰蓝,rgb,121,153,205,1,8,full,white,zh,,1.1.5,
18399,zh,"Chinese (中文 (Zhōngwén), 汉语, 漢語)",荧光绿,荧光绿色,荧光绿,rgb,144,254,14,1,9,full,white,zh,,1.1.5,
18399,zh,"Chinese (中文 (Zhōngwén), 汉语, 漢語)",深紫,深紫色,深紫,rgb,112,31,95,1,10,full,white,zh,,1.1.5,
18399,zh,"Chinese (中文 (Zhōngwén), 汉语, 漢語)",土,土色,土色,rgb,190,110,78,1,11,full,white,zh,,1.1.5,
18399,zh,"Chinese (中文 (Zhōngwén), 汉语, 漢語)",灰,灰色,灰色,rgb,83,97,129,3,0,full,white,zh,,1.1.5,
18399,zh,"Chinese (中文 (Zhōngwén), 汉语, 漢語)",深绿,深绿色,深绿,rgb,47,92,50,3,1,full,white,zh,,1.1.5,
18399,zh,"Chinese (中文 (Zhōngwén), 汉语, 漢語)",蓝,蓝色,蓝色,rgb,49,119,230,3,2,full,white,zh,,1.1.5,
18399,zh,"Chinese (中文 (Zhōngwén), 汉语, 漢語)",亮绿,亮绿色,亮绿,rgb,55,247,141,3,3,full,white,zh,,1.1.5,
18399,zh,"Chinese (中文 (Zhōngwén), 汉语, 漢語)",天蓝,天蓝色,天蓝,rgb,28,186,225,3,4,full,white,zh,,1.1.5,
18399,zh,"Chinese (中文 (Zhōngwén), 汉语, 漢語)",黑蓝,黑蓝色,黑蓝,rgb,2,12,65,3,5,full,white,zh,,1.1.5,
18399,zh,"Chinese (中文 (Zhōngwén), 汉语, 漢語)",蓝紫,蓝紫色,蓝紫,rgb,82,17,185,3,6,full,white,zh,,1.1.5,
18399,zh,"Chinese (中文 (Zhōngwén), 汉语, 漢語)",深蓝,深蓝色,深蓝,rgb,61,52,148,3,7,full,white,zh,,1.1.5,
18399,zh,"Chinese (中文 (Zhōngwén), 汉语, 漢語)",亮紫,亮紫色,亮紫,rgb,154,44,244,3,8,full,white,zh,,1.1.5,
18399,zh,"Chinese (中文 (Zhōngwén), 汉语, 漢語)",棕绿,棕绿色,棕绿,rgb,70,71,56,3,9,full,white,zh,,1.1.5,
18399,zh,"Chinese (中文 (Zhōngwén), 汉语, 漢語)",土黄,土黄色,土黄,rgb,154,120,73,3,10,full,white,zh,,1.1.5,
18399,zh,"Chinese (中文 (Zhōngwén), 汉语, 漢語)",粉紫,粉紫色,粉紫,rgb,163,98,183,3,11,full,white,zh,,1.1.5,
18399,zh,"Chinese (中文 (Zhōngwén), 汉语, 漢語)",灰黄,灰黄色,灰黄,rgb,169,173,150,6,0,full,white,zh,,1.1.5,
18399,zh,"Chinese (中文 (Zhōngwén), 汉语, 漢語)",深青,深青色,深青,rgb,66,137,152,6,1,full,white,zh,,1.1.5,
18399,zh,"Chinese (中文 (Zhōngwén), 汉语, 漢語)",米,米色,米色,rgb,244,254,191,6,2,full,white,zh,,1.1.5,
18399,zh,"Chinese (中文 (Zhōngwén), 汉语, 漢語)",深蓝,深蓝色,深蓝,rgb,65,75,231,6,3,full,white,zh,,1.1.5,
18399,zh,"Chinese (中文 (Zhōngwén), 汉语, 漢語)",灰绿,灰绿色,灰绿,rgb,129,155,61,6,4,full,white,zh,,1.1.5,
18399,zh,"Chinese (中文 (Zhōngwén), 汉语, 漢語)",浅绿,浅绿色,浅绿,rgb,179,227,130,6,5,full,white,zh,,1.1.5,
18399,zh,"Chinese (中文 (Zhōngwén), 汉语, 漢語)",深粉,深粉色,深粉,rgb,242,43,208,6,6,full,white,zh,,1.1.5,
18399,zh,"Chinese (中文 (Zhōngwén), 汉语, 漢語)",天蓝,天蓝色,天蓝,rgb,66,174,255,6,7,full,white,zh,,1.1.5,
18399,zh,"Chinese (中文 (Zhōngwén), 汉语, 漢語)",绿,绿色,绿色,rgb,33,159,60,6,8,full,white,zh,,1.1.5,
18399,zh,"Chinese (中文 (Zhōngwén), 汉语, 漢語)",浅青,浅青色,浅青,rgb,74,187,184,6,9,full,white,zh,,1.1.5,
18399,zh,"Chinese (中文 (Zhōngwén), 汉语, 漢語)",棕绿,棕绿色,棕绿,rgb,159,178,9,6,10,full,white,zh,,1.1.5,
18399,zh,"Chinese (中文 (Zhōngwén), 汉语, 漢語)",蓝绿,蓝绿色,蓝绿,rgb,77,236,184,6,11,full,white,zh,,1.1.5,
18532,zh,"Chinese (中文 (Zhōngwén), 汉语, 漢語)",酒红,酒红色,酒红,rgb,180,26,42,1,0,full,white,zh,,1.1.5,
18532,zh,"Chinese (中文 (Zhōngwén), 汉语, 漢語)",草绿,草绿色,草绿,rgb,104,163,50,1,1,full,white,zh,,1.1.5,
18532,zh,"Chinese (中文 (Zhōngwén), 汉语, 漢語)",粉红,粉红色,粉红,rgb,244,75,129,1,2,full,white,zh,,1.1.5,
18532,zh,"Chinese (中文 (Zhōngwén), 汉语, 漢語)",芒果黄,芒果黄色,芒果黄,rgb,218,118,20,1,3,full,white,zh,,1.1.5,
18532,zh,"Chinese (中文 (Zhōngwén), 汉语, 漢語)",蓝紫,紫蓝色,紫蓝,rgb,100,21,237,1,4,full,white,zh,,1.1.5,
18532,zh,"Chinese (中文 (Zhōngwén), 汉语, 漢語)",土黄,土黄色,土黄,rgb,154,110,20,1,5,full,white,zh,,1.1.5,
18532,zh,"Chinese (中文 (Zhōngwén), 汉语, 漢語)",砖红,砖红色,砖红,rgb,198,79,41,1,6,full,white,zh,,1.1.5,
18532,zh,"Chinese (中文 (Zhōngwén), 汉语, 漢語)",浅蓝,浅蓝色,浅蓝,rgb,188,212,230,1,7,full,white,zh,,1.1.5,
18532,zh,"Chinese (中文 (Zhōngwén), 汉语, 漢語)",薰衣紫,薰衣紫色,薰衣紫,rgb,191,51,238,1,8,full,white,zh,,1.1.5,
18532,zh,"Chinese (中文 (Zhōngwén), 汉语, 漢語)",黄绿,黄绿色,黄绿,rgb,151,196,42,1,9,full,white,zh,,1.1.5,
18532,zh,"Chinese (中文 (Zhōngwén), 汉语, 漢語)",卡其,卡其色,卡其,rgb,193,188,94,1,10,full,white,zh,,1.1.5,
18532,zh,"Chinese (中文 (Zhōngwén), 汉语, 漢語)",中灰,中灰色,中灰,rgb,132,126,135,1,11,full,white,zh,,1.1.5,
18532,zh,"Chinese (中文 (Zhōngwén), 汉语, 漢語)",绿灰,绿灰色,绿灰,rgb,105,135,114,3,0,full,white,zh,,1.1.5,
18532,zh,"Chinese (中文 (Zhōngwén), 汉语, 漢語)",浅绿,浅绿色,浅绿,rgb,176,236,198,3,1,full,white,zh,,1.1.5,
18532,zh,"Chinese (中文 (Zhōngwén), 汉语, 漢語)",亮绿,亮绿色,亮绿,rgb,94,254,41,3,2,full,white,zh,,1.1.5,
18532,zh,"Chinese (中文 (Zhōngwén), 汉语, 漢語)",灰咖啡,灰咖啡色,灰咖啡,rgb,52,48,17,3,3,full,white,zh,,1.1.5,
18532,zh,"Chinese (中文 (Zhōngwén), 汉语, 漢語)",橙红,橙红色,橙红,rgb,251,89,49,3,4,full,white,zh,,1.1.5,
18532,zh,"Chinese (中文 (Zhōngwén), 汉语, 漢語)",黄,黄色,黄,rgb,221,210,12,3,5,full,white,zh,,1.1.5,
18532,zh,"Chinese (中文 (Zhōngwén), 汉语, 漢語)",砖红,砖红色,砖红,rgb,78,190,12,3,6,full,white,zh,,1.1.5,
18532,zh,"Chinese (中文 (Zhōngwén), 汉语, 漢語)",紫罗蓝,紫罗兰色,紫罗兰,rgb,210,68,179,3,7,full,white,zh,,1.1.5,
18532,zh,"Chinese (中文 (Zhōngwén), 汉语, 漢語)",浅紫,浅紫色,浅紫,rgb,233,182,234,3,8,full,white,zh,,1.1.5,
18532,zh,"Chinese (中文 (Zhōngwén), 汉语, 漢語)",蓝绿,蓝绿色,蓝绿,rgb,102,248,204,3,9,full,white,zh,,1.1.5,
18532,zh,"Chinese (中文 (Zhōngwén), 汉语, 漢語)",黄绿,黄绿色,黄绿,rgb,108,206,231,3,10,full,white,zh,,1.1.5,
18532,zh,"Chinese (中文 (Zhōngwén), 汉语, 漢語)",灰绿,灰绿色,灰绿,rgb,39,113,46,3,11,full,white,zh,,1.1.5,
18532,zh,"Chinese (中文 (Zhōngwén), 汉语, 漢語)",红卡其,红卡其色,红卡其,rgb,161,88,64,6,0,full,white,zh,,1.1.5,
18532,zh,"Chinese (中文 (Zhōngwén), 汉语, 漢語)",天蓝,天蓝色,天蓝,rgb,81,123,193,6,1,full,white,zh,,1.1.5,
18532,zh,"Chinese (中文 (Zhōngwén), 汉语, 漢語)",蓝绿,蓝绿色,蓝绿,rgb,28,117,155,6,2,full,white,zh,,1.1.5,
18532,zh,"Chinese (中文 (Zhōngwén), 汉语, 漢語)",灰蓝,灰蓝色,灰蓝,rgb,11,51,105,6,3,full,white,zh,,1.1.5,
18532,zh,"Chinese (中文 (Zhōngwén), 汉语, 漢語)",秋草绿,秋草绿色,秋草绿,rgb,126,134,55,6,4,full,white,zh,,1.1.5,
18532,zh,"Chinese (中文 (Zhōngwén), 汉语, 漢語)",柠檬黄,柠檬黄色,柠檬黄,rgb,213,243,59,6,5,full,white,zh,,1.1.5,
18532,zh,"Chinese (中文 (Zhōngwén), 汉语, 漢語)",深蓝,深蓝色,深蓝,rgb,12,58,67,6,6,full,white,zh,,1.1.5,
18532,zh,"Chinese (中文 (Zhōngwén), 汉语, 漢語)",黄绿,黄绿色,黄绿,rgb,43,178,105,6,7,full,white,zh,,1.1.5,
18532,zh,"Chinese (中文 (Zhōngwén), 汉语, 漢語)",灰紫,灰紫色,灰紫,rgb,83,79,111,6,8,full,white,zh,,1.1.5,
18532,zh,"Chinese (中文 (Zhōngwén), 汉语, 漢語)",亮紫,亮紫色,亮紫,rgb,146,92,225,6,9,full,white,zh,,1.1.5,
18532,zh,"Chinese (中文 (Zhōngwén), 汉语, 漢語)",鲜嫩蓝,鲜嫩蓝色,鲜嫩蓝,rgb,7,95,250,6,10,full,white,zh,,1.1.5,
18532,zh,"Chinese (中文 (Zhōngwén), 汉语, 漢語)",紫红,红紫色,红紫,rgb,195,144,241,6,11,full,white,zh,,1.1.5,
18690,zh,"Chinese (中文 (Zhōngwén), 汉语, 漢語)",青,青色,青,rgb,37,249,168,1,0,full,white,zh,,1.1.5,
18690,zh,"Chinese (中文 (Zhōngwén), 汉语, 漢語)",深蓝,深蓝色,深蓝,rgb,18,47,160,1,1,full,white,zh,,1.1.5,
18690,zh,"Chinese (中文 (Zhōngwén), 汉语, 漢語)",橙,橙色,橙,rgb,248,128,54,1,2,full,white,zh,,1.1.5,
18690,zh,"Chinese (中文 (Zhōngwén), 汉语, 漢語)",水蓝,水蓝色,水蓝,rgb,114,192,231,1,3,full,white,zh,,1.1.5,
18690,zh,"Chinese (中文 (Zhōngwén), 汉语, 漢語)",浅绿,浅绿色,浅绿,rgb,121,220,69,1,4,full,white,zh,,1.1.5,
18690,zh,"Chinese (中文 (Zhōngwén), 汉语, 漢語)",土黄,土黄色,土黄,rgb,208,182,94,1,5,full,white,zh,,1.1.5,
18690,zh,"Chinese (中文 (Zhōngwén), 汉语, 漢語)",蓝紫,蓝紫色,蓝紫,rgb,91,57,213,1,6,full,white,zh,,1.1.5,
18690,zh,"Chinese (中文 (Zhōngwén), 汉语, 漢語)",亮绿,亮绿色,亮绿,rgb,161,252,13,1,7,full,white,zh,,1.1.5,
18690,zh,"Chinese (中文 (Zhōngwén), 汉语, 漢語)",红,红色,红,rgb,207,28,16,1,8,full,white,zh,,1.1.5,
18690,zh,"Chinese (中文 (Zhōngwén), 汉语, 漢語)",蓝紫,蓝紫色,蓝紫,rgb,187,90,225,1,9,full,white,zh,,1.1.5,
18690,zh,"Chinese (中文 (Zhōngwén), 汉语, 漢語)",靛,靛色,靛,rgb,114,32,106,1,10,full,white,zh,,1.1.5,
18690,zh,"Chinese (中文 (Zhōngwén), 汉语, 漢語)",洋红,洋红色,洋红,rgb,247,87,187,1,11,full,white,zh,,1.1.5,
18690,zh,"Chinese (中文 (Zhōngwén), 汉语, 漢語)",蓝,蓝色,蓝,rgb,2,97,205,3,0,full,white,zh,,1.1.5,
18690,zh,"Chinese (中文 (Zhōngwén), 汉语, 漢語)",土,土色,土,rgb,61,44,37,3,1,full,white,zh,,1.1.5,
18690,zh,"Chinese (中文 (Zhōngwén), 汉语, 漢語)",蓝,蓝色,蓝,rgb,6,129,210,3,2,full,white,zh,,1.1.5,
18690,zh,"Chinese (中文 (Zhōngwén), 汉语, 漢語)",深灰蓝,深灰蓝色,深灰蓝,rgb,89,101,123,3,3,full,white,zh,,1.1.5,
18690,zh,"Chinese (中文 (Zhōngwén), 汉语, 漢語)",深蓝绿,深蓝绿色,深蓝绿,rgb,22,122,117,3,4,full,white,zh,,1.1.5,
18690,zh,"Chinese (中文 (Zhōngwén), 汉语, 漢語)",灰绿,灰绿色,灰绿,rgb,154,184,178,3,5,full,white,zh,,1.1.5,
18690,zh,"Chinese (中文 (Zhōngwén), 汉语, 漢語)",褐黄,褐黄色,褐黄,rgb,240,161,116,3,6,full,white,zh,,1.1.5,
18690,zh,"Chinese (中文 (Zhōngwén), 汉语, 漢語)",深红,深红色,深红,rgb,137,14,47,3,7,full,white,zh,,1.1.5,
18690,zh,"Chinese (中文 (Zhōngwén), 汉语, 漢語)",紫罗蓝,紫罗兰色,紫罗兰,rgb,180,166,203,3,8,full,white,zh,,1.1.5,
18690,zh,"Chinese (中文 (Zhōngwén), 汉语, 漢語)",淡绿,淡绿色,淡绿,rgb,148,211,130,3,9,full,white,zh,,1.1.5,
18690,zh,"Chinese (中文 (Zhōngwén), 汉语, 漢語)",亮紫,亮紫色,亮紫,rgb,220,46,195,3,10,full,white,zh,,1.1.5,
18690,zh,"Chinese (中文 (Zhōngwén), 汉语, 漢語)",深绿,深绿色,深绿,rgb,27,93,23,3,11,full,white,zh,,1.1.5,
18690,zh,"Chinese (中文 (Zhōngwén), 汉语, 漢語)",亚甲基蓝,亚甲基蓝色,亚甲基蓝,rgb,7,19,82,6,0,full,white,zh,,1.1.5,
18690,zh,"Chinese (中文 (Zhōngwén), 汉语, 漢語)",橙黄,橙黄色,橙黄,rgb,246,165,62,6,1,full,white,zh,,1.1.5,
18690,zh,"Chinese (中文 (Zhōngwén), 汉语, 漢語)",深灰紫,深灰紫色,深灰紫,rgb,104,70,95,6,2,full,white,zh,,1.1.5,
18690,zh,"Chinese (中文 (Zhōngwén), 汉语, 漢語)",荧光绿,荧光绿色,荧光绿,rgb,223,255,125,6,3,full,white,zh,,1.1.5,
18690,zh,"Chinese (中文 (Zhōngwén), 汉语, 漢語)",青,青色,青,rgb,124,235,209,6,4,full,white,zh,,1.1.5,
18690,zh,"Chinese (中文 (Zhōngwén), 汉语, 漢語)",绿,绿色,绿,rgb,110,161,32,6,5,full,white,zh,,1.1.5,
18690,zh,"Chinese (中文 (Zhōngwén), 汉语, 漢語)",浅褐绿,浅褐绿色,浅褐绿,rgb,184,194,70,6,6,full,white,zh,,1.1.5,
18690,zh,"Chinese (中文 (Zhōngwén), 汉语, 漢語)",灰褐,灰褐色,灰褐,rgb,130,111,92,6,7,full,white,zh,,1.1.5,
18690,zh,"Chinese (中文 (Zhōngwén), 汉语, 漢語)",褐绿,褐绿色,褐绿,rgb,129,143,75,6,8,full,white,zh,,1.1.5,
18690,zh,"Chinese (中文 (Zhōngwén), 汉语, 漢語)",深褐红,深褐红色,深褐红,rgb,56,5,4,6,9,full,white,zh,,1.1.5,
18690,zh,"Chinese (中文 (Zhōngwén), 汉语, 漢語)",深橙红,深橙红色,深橙红,rgb,128,39,4,6,10,full,white,zh,,1.1.5,
18690,zh,"Chinese (中文 (Zhōngwén), 汉语, 漢語)",土褐,土褐色,土褐,rgb,164,118,59,6,11,full,white,zh,,1.1.5,
18693,zh,"Chinese (中文 (Zhōngwén), 汉语, 漢語)",绿,绿色,绿色,rgb,59,202,108,1,0,full,white,zh,,1.1.5,
18693,zh,"Chinese (中文 (Zhōngwén), 汉语, 漢語)",粉,粉色,粉色,rgb,235,193,224,1,1,full,white,zh,,1.1.5,
18693,zh,"Chinese (中文 (Zhōngwén), 汉语, 漢語)",蓝紫,蓝紫色,蓝紫色,rgb,95,96,160,1,2,full,white,zh,,1.1.5,
18693,zh,"Chinese (中文 (Zhōngwén), 汉语, 漢語)",紫,紫色,紫色,rgb,125,40,220,1,3,full,white,zh,,1.1.5,
18693,zh,"Chinese (中文 (Zhōngwén), 汉语, 漢語)",浅绿,浅绿色,浅绿色,rgb,101,192,128,1,4,full,white,zh,,1.1.5,
18693,zh,"Chinese (中文 (Zhōngwén), 汉语, 漢語)",浅紫,浅紫色,浅紫色,rgb,141,151,202,1,5,full,white,zh,,1.1.5,
18693,zh,"Chinese (中文 (Zhōngwén), 汉语, 漢語)",棕,棕色,棕色,rgb,171,133,30,1,6,full,white,zh,,1.1.5,
18693,zh,"Chinese (中文 (Zhōngwén), 汉语, 漢語)",深粉,深粉色,深粉色,rgb,210,116,231,1,7,full,white,zh,,1.1.5,
18693,zh,"Chinese (中文 (Zhōngwén), 汉语, 漢語)",暗红,暗红色,暗红色,rgb,137,35,32,1,8,full,white,zh,,1.1.5,
18693,zh,"Chinese (中文 (Zhōngwén), 汉语, 漢語)",深紫,深紫色,深紫色,rgb,47,11,84,1,9,full,white,zh,,1.1.5,
18693,zh,"Chinese (中文 (Zhōngwén), 汉语, 漢語)",深粉,深粉色,深粉色,rgb,218,94,137,1,10,full,white,zh,,1.1.5,
18693,zh,"Chinese (中文 (Zhōngwén), 汉语, 漢語)",橙,橙色,橙色,rgb,237,166,87,1,11,full,white,zh,,1.1.5,
0,zh,"Chinese (中文 (Zhōngwén), 汉语, 漢語)",蓝,蓝色,蓝色,rgb,0,44,255,1,0,line,white,zh,,1.1.5,na
0,zh,"Chinese (中文 (Zhōngwén), 汉语, 漢語)",黄,黄色,黄色,rgb,239,255,0,1,1,line,white,zh,,1.1.5,na
0,zh,"Chinese (中文 (Zhōngwén), 汉语, 漢語)",粉,粉色,粉色,rgb,255,0,117,1,2,line,white,zh,,1.1.5,na
0,zh,"Chinese (中文 (Zhōngwén), 汉语, 漢語)",紫,紫色,紫色,rgb,217,0,255,1,3,line,white,zh,,1.1.5,na
0,zh,"Chinese (中文 (Zhōngwén), 汉语, 漢語)",蓝,蓝色,蓝色,rgb,0,165,255,1,4,line,white,zh,,1.1.5,na
0,zh,"Chinese (中文 (Zhōngwén), 汉语, 漢語)",绿,绿色,绿色,rgb,0,255,177,1,5,line,white,zh,,1.1.5,na
0,zh,"Chinese (中文 (Zhōngwén), 汉语, 漢語)",蓝,蓝色,蓝色,rgb,0,91,255,1,6,line,white,zh,,1.1.5,na
0,zh,"Chinese (中文 (Zhōngwén), 汉语, 漢語)",黄,黄色,黄色,rgb,255,233,0,1,7,line,white,zh,,1.1.5,na
0,zh,"Chinese (中文 (Zhōngwén), 汉语, 漢語)",橙,橙色,橙色,rgb,255,189,0,1,8,line,white,zh,,1.1.5,na
0,zh,"Chinese (中文 (Zhōngwén), 汉语, 漢語)",红,红色,红色,rgb,255,43,0,1,9,line,white,zh,,1.1.5,na
0,zh,"Chinese (中文 (Zhōngwén), 汉语, 漢語)",绿,绿色,绿色,rgb,60,255,0,1,10,line,white,zh,,1.1.5,na
0,zh,"Chinese (中文 (Zhōngwén), 汉语, 漢語)",绿,绿色,绿色,rgb,0,255,88,1,11,line,white,zh,,1.1.5,na
18693,zh,"Chinese (中文 (Zhōngwén), 汉语, 漢語)",绿,绿色,绿色,rgb,66,215,15,3,0,full,white,zh,,1.1.5,
18693,zh,"Chinese (中文 (Zhōngwén), 汉语, 漢語)",浅橙,浅橙色,浅橙色,rgb,248,186,46,3,1,full,white,zh,,1.1.5,
18693,zh,"Chinese (中文 (Zhōngwén), 汉语, 漢語)",深绿,深绿色,深绿色,rgb,5,165,141,3,2,full,white,zh,,1.1.5,
18693,zh,"Chinese (中文 (Zhōngwén), 汉语, 漢語)",深粉,深粉色,深粉色,rgb,239,15,200,3,3,full,white,zh,,1.1.5,
18693,zh,"Chinese (中文 (Zhōngwén), 汉语, 漢語)",棕黑,棕黑色,棕黑色,rgb,79,64,44,3,4,full,white,zh,,1.1.5,
18693,zh,"Chinese (中文 (Zhōngwén), 汉语, 漢語)",紫,紫色,紫色,rgb,114,93,252,3,5,full,white,zh,,1.1.5,
18693,zh,"Chinese (中文 (Zhōngwén), 汉语, 漢語)",浅青,浅青色,浅青色,rgb,121,174,179,3,6,full,white,zh,,1.1.5,
18693,zh,"Chinese (中文 (Zhōngwén), 汉语, 漢語)",棕灰,棕灰色,棕灰色,rgb,133,124,97,3,7,full,white,zh,,1.1.5,
18693,zh,"Chinese (中文 (Zhōngwén), 汉语, 漢語)",红棕,红棕色,红棕色,rgb,183,88,17,3,8,full,white,zh,,1.1.5,
18693,zh,"Chinese (中文 (Zhōngwén), 汉语, 漢語)",深蓝,深蓝色,深蓝色,rgb,70,145,222,3,9,full,white,zh,,1.1.5,
18693,zh,"Chinese (中文 (Zhōngwén), 汉语, 漢語)",粉紫,粉紫色,粉紫色,rgb,207,47,232,3,10,full,white,zh,,1.1.5,
18693,zh,"Chinese (中文 (Zhōngwén), 汉语, 漢語)",深棕,深棕色,深棕色,rgb,98,59,10,3,11,full,white,zh,,1.1.5,
0,zh,"Chinese (中文 (Zhōngwén), 汉语, 漢語)",蓝,蓝色,蓝色,rgb,0,243,255,3,0,line,white,zh,,1.1.5,na
0,zh,"Chinese (中文 (Zhōngwén), 汉语, 漢語)",紫,紫色,紫色,rgb,243,0,255,3,1,line,white,zh,,1.1.5,na
0,zh,"Chinese (中文 (Zhōngwén), 汉语, 漢語)",蓝,蓝色,蓝色,rgb,0,128,255,3,2,line,white,zh,,1.1.5,na
0,zh,"Chinese (中文 (Zhōngwén), 汉语, 漢語)",粉,粉色,粉色,rgb,255,0,194,3,3,line,white,zh,,1.1.5,na
0,zh,"Chinese (中文 (Zhōngwén), 汉语, 漢語)",天蓝,天蓝色,天蓝,rgb,0,255,228,3,4,line,white,zh,,1.1.5,na
0,zh,"Chinese (中文 (Zhōngwén), 汉语, 漢語)",蓝,蓝色,蓝色,rgb,0,148,255,3,5,line,white,zh,,1.1.5,na
0,zh,"Chinese (中文 (Zhōngwén), 汉语, 漢語)",橙,橙色,橙色,rgb,255,147,0,3,6,line,white,zh,,1.1.5,na
0,zh,"Chinese (中文 (Zhōngwén), 汉语, 漢語)",红,红色,红色,rgb,255,0,60,3,7,line,white,zh,,1.1.5,na
0,zh,"Chinese (中文 (Zhōngwén), 汉语, 漢語)",粉红,粉红色,粉红,rgb,255,0,86,3,8,line,white,zh,,1.1.5,na
0,zh,"Chinese (中文 (Zhōngwén), 汉语, 漢語)",绿,绿色,绿色,rgb,0,255,39,3,9,line,white,zh,,1.1.5,na
0,zh,"Chinese (中文 (Zhōngwén), 汉语, 漢語)",绿,绿色,绿色,rgb,0,255,191,3,10,line,white,zh,,1.1.5,na
0,zh,"Chinese (中文 (Zhōngwén), 汉语, 漢語)",橙,橙色,橙色,rgb,255,181,0,3,11,line,white,zh,,1.1.5,na
18693,zh,"Chinese (中文 (Zhōngwén), 汉语, 漢語)",青绿,青绿色,青绿色,rgb,51,245,213,6,0,full,white,zh,,1.1.5,
18693,zh,"Chinese (中文 (Zhōngwén), 汉语, 漢語)",红褐,红褐色,红褐色,rgb,209,122,81,6,1,full,white,zh,,1.1.5,
18693,zh,"Chinese (中文 (Zhōngwén), 汉语, 漢語)",浅绿,浅绿色,浅绿色,rgb,203,247,170,6,2,full,white,zh,,1.1.5,
18693,zh,"Chinese (中文 (Zhōngwén), 汉语, 漢語)",深绿,深绿色,深绿色,rgb,117,152,25,6,3,full,white,zh,,1.1.5,
18693,zh,"Chinese (中文 (Zhōngwén), 汉语, 漢語)",粉红,粉红色,粉红色,rgb,229,30,75,6,4,full,white,zh,,1.1.5,
18693,zh,"Chinese (中文 (Zhōngwén), 汉语, 漢語)",深绿,深绿色,深绿色,rgb,40,133,57,6,5,full,white,zh,,1.1.5,
18693,zh,"Chinese (中文 (Zhōngwén), 汉语, 漢語)",浅紫,浅紫色,浅紫色,rgb,162,117,191,6,6,full,white,zh,,1.1.5,
18693,zh,"Chinese (中文 (Zhōngwén), 汉语, 漢語)",肉紫,肉紫色,肉紫色,rgb,191,135,164,6,7,full,white,zh,,1.1.5,
18693,zh,"Chinese (中文 (Zhōngwén), 汉语, 漢語)",亮绿,亮绿色,亮绿色,rgb,197,242,105,6,8,full,white,zh,,1.1.5,
18693,zh,"Chinese (中文 (Zhōngwén), 汉语, 漢語)",暗绿,暗绿色,暗绿色,rgb,106,126,68,6,9,full,white,zh,,1.1.5,
18693,zh,"Chinese (中文 (Zhōngwén), 汉语, 漢語)",深紫,深紫色,深紫色,rgb,163,62,153,6,10,full,white,zh,,1.1.5,
18693,zh,"Chinese (中文 (Zhōngwén), 汉语, 漢語)",粉,粉色,粉色,rgb,229,32,161,6,11,full,white,zh,,1.1.5,
0,zh,"Chinese (中文 (Zhōngwén), 汉语, 漢語)",蓝,蓝色,蓝色,rgb,0,198,255,6,0,line,white,zh,,1.1.5,na
0,zh,"Chinese (中文 (Zhōngwén), 汉语, 漢語)",蓝,蓝色,蓝色,rgb,0,32,255,6,1,line,white,zh,,1.1.5,na
0,zh,"Chinese (中文 (Zhōngwén), 汉语, 漢語)",蓝,蓝色,蓝色,rgb,0,220,255,6,2,line,white,zh,,1.1.5,na
0,zh,"Chinese (中文 (Zhōngwén), 汉语, 漢語)",红,红色,红色,rgb,255,0,30,6,3,line,white,zh,,1.1.5,na
0,zh,"Chinese (中文 (Zhōngwén), 汉语, 漢語)",蓝,蓝色,蓝色,rgb,0,71,255,6,4,line,white,zh,,1.1.5,na
0,zh,"Chinese (中文 (Zhōngwén), 汉语, 漢語)",粉,粉色,粉色,rgb,255,0,145,6,5,line,white,zh,,1.1.5,na
0,zh,"Chinese (中文 (Zhōngwén), 汉语, 漢語)",绿,绿色,绿色,rgb,0,255,145,6,6,line,white,zh,,1.1.5,na
0,zh,"Chinese (中文 (Zhōngwén), 汉语, 漢語)",橙,橙色,橙色,rgb,255,93,0,6,7,line,white,zh,,1.1.5,na
0,zh,"Chinese (中文 (Zhōngwén), 汉语, 漢語)",紫,紫色,紫色,rgb,113,0,255,6,8,line,white,zh,,1.1.5,na
0,zh,"Chinese (中文 (Zhōngwén), 汉语, 漢語)",粉,粉色,粉色,rgb,255,0,229,6,9,line,white,zh,,1.1.5,na
0,zh,"Chinese (中文 (Zhōngwén), 汉语, 漢語)",绿,绿色,绿色,rgb,154,255,0,6,10,line,white,zh,,1.1.5,na
0,zh,"Chinese (中文 (Zhōngwén), 汉语, 漢語)",黄,黄色,黄色,rgb,225,255,0,6,11,line,white,zh,,1.1.5,na
18698,zh,"Chinese (中文 (Zhōngwén), 汉语, 漢語)",蓝,蓝色,蓝色,rgb,72,125,238,1,0,full,white,zh,,1.1.5,
18698,zh,"Chinese (中文 (Zhōngwén), 汉语, 漢語)",绿,绿色,绿色,rgb,210,216,151,1,1,full,white,zh,,1.1.5,
18698,zh,"Chinese (中文 (Zhōngwén), 汉语, 漢語)",浅蓝,浅蓝色,浅蓝,rgb,151,200,243,1,2,full,white,zh,,1.1.5,
18698,zh,"Chinese (中文 (Zhōngwén), 汉语, 漢語)",浅绿,浅绿色,浅绿,rgb,129,212,101,1,3,full,white,zh,,1.1.5,
18698,zh,"Chinese (中文 (Zhōngwén), 汉语, 漢語)",屎黄,屎黄色,屎黄,rgb,212,207,102,1,4,full,white,zh,,1.1.5,
18698,zh,"Chinese (中文 (Zhōngwén), 汉语, 漢語)",紫,紫色,紫色,rgb,130,114,170,1,5,full,white,zh,,1.1.5,
18698,zh,"Chinese (中文 (Zhōngwén), 汉语, 漢語)",深粉,深粉色,深粉,rgb,168,23,116,1,6,full,white,zh,,1.1.5,
18698,zh,"Chinese (中文 (Zhōngwén), 汉语, 漢語)",暗蓝,暗蓝色,暗蓝,rgb,73,148,190,1,7,full,white,zh,,1.1.5,
18698,zh,"Chinese (中文 (Zhōngwén), 汉语, 漢語)",亮粉,亮粉色,亮粉,rgb,202,7,182,1,8,full,white,zh,,1.1.5,
18698,zh,"Chinese (中文 (Zhōngwén), 汉语, 漢語)",亮绿,亮绿色,亮绿,rgb,149,223,31,1,9,full,white,zh,,1.1.5,
18698,zh,"Chinese (中文 (Zhōngwén), 汉语, 漢語)",褐,褐色,褐色,rgb,161,87,17,1,10,full,white,zh,,1.1.5,
18698,zh,"Chinese (中文 (Zhōngwén), 汉语, 漢語)",土黄,土黄色,土黄,rgb,227,190,40,1,11,full,white,zh,,1.1.5,
18699,zh,"Chinese (中文 (Zhōngwén), 汉语, 漢語)",深粉,深粉色,深粉色,rgb,191,88,119,1,0,full,white,zh,,1.1.5,
18699,zh,"Chinese (中文 (Zhōngwén), 汉语, 漢語)",墨绿,墨绿色,墨绿色,rgb,67,77,4,1,1,full,white,zh,,1.1.5,
18699,zh,"Chinese (中文 (Zhōngwén), 汉语, 漢語)",深紫,深紫色,深紫色,rgb,156,28,116,1,2,full,white,zh,,1.1.5,
18699,zh,"Chinese (中文 (Zhōngwén), 汉语, 漢語)",蓝,蓝色,蓝色,rgb,49,61,237,1,3,full,white,zh,,1.1.5,
18699,zh,"Chinese (中文 (Zhōngwén), 汉语, 漢語)",深绿,深绿色,深绿色,rgb,16,143,24,1,4,full,white,zh,,1.1.5,
18699,zh,"Chinese (中文 (Zhōngwén), 汉语, 漢語)",粘土,粘土色,粘土色,rgb,141,169,167,1,5,full,white,zh,,1.1.5,
18699,zh,"Chinese (中文 (Zhōngwén), 汉语, 漢語)",绿,绿色,绿色,rgb,41,242,88,1,6,full,white,zh,,1.1.5,
18699,zh,"Chinese (中文 (Zhōngwén), 汉语, 漢語)",深紫,深紫色,深紫色,rgb,155,110,192,1,7,full,white,zh,,1.1.5,
18699,zh,"Chinese (中文 (Zhōngwén), 汉语, 漢語)",紫,紫色,紫色,rgb,161,122,254,1,8,full,white,zh,,1.1.5,
18699,zh,"Chinese (中文 (Zhōngwén), 汉语, 漢語)",棕,棕色,棕色,rgb,117,71,55,1,9,full,white,zh,,1.1.5,
18699,zh,"Chinese (中文 (Zhōngwén), 汉语, 漢語)",血红,血红色,血红色,rgb,246,56,100,1,10,full,white,zh,,1.1.5,
18699,zh,"Chinese (中文 (Zhōngwén), 汉语, 漢語)",深紫,深紫色,深紫色,rgb,183,24,176,3,0,full,white,zh,,1.1.5,
18699,zh,"Chinese (中文 (Zhōngwén), 汉语, 漢語)",黄绿,黄绿色,黄绿色,rgb,192,230,130,3,1,full,white,zh,,1.1.5,
18699,zh,"Chinese (中文 (Zhōngwén), 汉语, 漢語)",蓝黑,蓝黑色,蓝黑色,rgb,77,66,164,3,2,full,white,zh,,1.1.5,
18699,zh,"Chinese (中文 (Zhōngwén), 汉语, 漢語)",蓝绿,蓝绿色,蓝绿色,rgb,11,204,173,3,3,full,white,zh,,1.1.5,
18699,zh,"Chinese (中文 (Zhōngwén), 汉语, 漢語)",青草,青草色,青草色,rgb,123,226,54,3,4,full,white,zh,,1.1.5,
18699,zh,"Chinese (中文 (Zhōngwén), 汉语, 漢語)",亮粉,亮粉色,亮粉色,rgb,251,77,233,3,5,full,white,zh,,1.1.5,
18699,zh,"Chinese (中文 (Zhōngwén), 汉语, 漢語)",橙红,橙红色,橙红色,rgb,254,124,60,3,6,full,white,zh,,1.1.5,
18699,zh,"Chinese (中文 (Zhōngwén), 汉语, 漢語)",棕,棕色,棕色,rgb,143,139,98,3,7,full,white,zh,,1.1.5,
18699,zh,"Chinese (中文 (Zhōngwén), 汉语, 漢語)",粉紫,紫粉色,紫粉色,rgb,207,105,180,3,8,full,white,zh,,1.1.5,
18699,zh,"Chinese (中文 (Zhōngwén), 汉语, 漢語)",绿,绿色,绿色,rgb,53,187,120,3,9,full,white,zh,,1.1.5,
18699,zh,"Chinese (中文 (Zhōngwén), 汉语, 漢語)",橙,橙色,橙色,rgb,252,142,12,3,10,full,white,zh,,1.1.5,
18699,zh,"Chinese (中文 (Zhōngwén), 汉语, 漢語)",萤光蓝,荧光蓝色,荧光蓝色,rgb,23,242,255,3,11,full,white,zh,,1.1.5,
18699,zh,"Chinese (中文 (Zhōngwén), 汉语, 漢語)",深粉,深粉色,深粉色,rgb,228,32,140,6,0,full,white,zh,,1.1.5,
18699,zh,"Chinese (中文 (Zhōngwén), 汉语, 漢語)",墨绿,墨绿色,墨绿色,rgb,14,66,38,6,1,full,white,zh,,1.1.5,
18699,zh,"Chinese (中文 (Zhōngwén), 汉语, 漢語)",紫,紫色,紫色,rgb,135,8,239,6,2,full,white,zh,,1.1.5,
18699,zh,"Chinese (中文 (Zhōngwén), 汉语, 漢語)",黄,黄色,黄色,rgb,235,224,74,6,3,full,white,zh,,1.1.5,
18699,zh,"Chinese (中文 (Zhōngwén), 汉语, 漢語)",灰,灰色,灰色,rgb,148,135,151,6,4,full,white,zh,,1.1.5,
18699,zh,"Chinese (中文 (Zhōngwén), 汉语, 漢語)",浅黑,浅黑色,浅黑色,rgb,56,48,72,6,5,full,white,zh,,1.1.5,
18699,zh,"Chinese (中文 (Zhōngwén), 汉语, 漢語)",土黄,土黄色,土黄色,rgb,195,155,39,6,6,full,white,zh,,1.1.5,
18699,zh,"Chinese (中文 (Zhōngwén), 汉语, 漢語)",深亮蓝,深亮蓝色,深亮蓝色,rgb,17,29,166,6,7,full,white,zh,,1.1.5,
18699,zh,"Chinese (中文 (Zhōngwén), 汉语, 漢語)",深蓝,深蓝色,深蓝色,rgb,13,73,142,6,8,full,white,zh,,1.1.5,
18699,zh,"Chinese (中文 (Zhōngwén), 汉语, 漢語)",蓝,蓝色,蓝色,rgb,52,125,223,6,9,full,white,zh,,1.1.5,
18699,zh,"Chinese (中文 (Zhōngwén), 汉语, 漢語)",荧光绿,荧光绿色,荧光绿色,rgb,41,238,143,6,10,full,white,zh,,1.1.5,
18699,zh,"Chinese (中文 (Zhōngwén), 汉语, 漢語)",深紫深红,深紫深红色,深紫深红色,rgb,83,29,81,6,11,full,white,zh,,1.1.5,
18703,zh,"Chinese (中文 (Zhōngwén), 汉语, 漢語)",红,红色,红色,rgb,101,154,15,1,5,full,white,zh,,1.1.5,
18703,zh,"Chinese (中文 (Zhōngwén), 汉语, 漢語)",蓝,蓝色,蓝色,rgb,60,43,250,1,9,full,white,zh,,1.1.5,
18703,zh,"Chinese (中文 (Zhōngwén), 汉语, 漢語)",粉,粉色,粉色,rgb,120,197,218,1,10,full,white,zh,,1.1.5,
18783,zh,"Chinese (中文 (Zhōngwén), 汉语, 漢語)",土黄,土黄色,土黄,rgb,144,133,101,1,0,full,white,zh,,1.1.5,
18783,zh,"Chinese (中文 (Zhōngwén), 汉语, 漢語)",深红,深红色,深红,rgb,177,59,46,1,1,full,white,zh,,1.1.5,
18783,zh,"Chinese (中文 (Zhōngwén), 汉语, 漢語)",蓝灰,蓝灰色,蓝灰,rgb,86,153,192,1,2,full,white,zh,,1.1.5,
18783,zh,"Chinese (中文 (Zhōngwén), 汉语, 漢語)",紫黑,紫黑色,紫黑,rgb,79,67,90,1,3,full,white,zh,,1.1.5,
18783,zh,"Chinese (中文 (Zhōngwén), 汉语, 漢語)",柠檬黄,柠檬黄色,柠檬黄,rgb,208,234,1,1,4,full,white,zh,,1.1.5,
18783,zh,"Chinese (中文 (Zhōngwén), 汉语, 漢語)",黑,黑色,黑,rgb,38,57,46,1,5,full,white,zh,,1.1.5,
18783,zh,"Chinese (中文 (Zhōngwén), 汉语, 漢語)",蓝灰,蓝灰色,蓝灰,rgb,76,131,132,1,6,full,white,zh,,1.1.5,
18783,zh,"Chinese (中文 (Zhōngwén), 汉语, 漢語)",紫红,紫红色,紫红,rgb,159,30,172,1,7,full,white,zh,,1.1.5,
18783,zh,"Chinese (中文 (Zhōngwén), 汉语, 漢語)",绿,绿色,绿,rgb,47,175,8,1,8,full,white,zh,,1.1.5,
18783,zh,"Chinese (中文 (Zhōngwén), 汉语, 漢語)",天蓝,天蓝色,天蓝,rgb,131,204,187,1,9,full,white,zh,,1.1.5,
18783,zh,"Chinese (中文 (Zhōngwén), 汉语, 漢語)",深紫,深紫色,深紫,rgb,125,64,106,1,10,full,white,zh,,1.1.5,
18783,zh,"Chinese (中文 (Zhōngwén), 汉语, 漢語)",宝蓝,宝蓝色,宝蓝,rgb,20,62,210,1,11,full,white,zh,,1.1.5,
18783,zh,"Chinese (中文 (Zhōngwén), 汉语, 漢語)",红,红色,红,rgb,222,39,7,3,0,full,white,zh,,1.1.5,
18783,zh,"Chinese (中文 (Zhōngwén), 汉语, 漢語)",粉红,粉红色,粉红,rgb,241,25,135,3,1,full,white,zh,,1.1.5,
18783,zh,"Chinese (中文 (Zhōngwén), 汉语, 漢語)",蓝,蓝色,蓝,rgb,63,106,242,3,2,full,white,zh,,1.1.5,
18783,zh,"Chinese (中文 (Zhōngwén), 汉语, 漢語)",深蓝,深蓝色,深蓝,rgb,37,91,132,3,3,full,white,zh,,1.1.5,
18783,zh,"Chinese (中文 (Zhōngwén), 汉语, 漢語)",黑,黑色,黑,rgb,46,46,1,3,4,full,white,zh,,1.1.5,
18783,zh,"Chinese (中文 (Zhōngwén), 汉语, 漢語)",亮绿,亮绿色,亮绿,rgb,66,252,160,3,5,full,white,zh,,1.1.5,
18783,zh,"Chinese (中文 (Zhōngwén), 汉语, 漢語)",绿,绿色,绿,rgb,72,161,57,3,6,full,white,zh,,1.1.5,
18783,zh,"Chinese (中文 (Zhōngwén), 汉语, 漢語)",黄褐,黄褐色,黄褐,rgb,195,193,59,3,7,full,white,zh,,1.1.5,
18783,zh,"Chinese (中文 (Zhōngwén), 汉语, 漢語)",天蓝,天蓝色,天蓝,rgb,34,225,207,3,8,full,white,zh,,1.1.5,
18783,zh,"Chinese (中文 (Zhōngwén), 汉语, 漢語)",紫,紫色,紫,rgb,153,58,234,3,9,full,white,zh,,1.1.5,
18783,zh,"Chinese (中文 (Zhōngwén), 汉语, 漢語)",深蓝,深蓝色,深蓝,rgb,6,77,171,3,10,full,white,zh,,1.1.5,
18783,zh,"Chinese (中文 (Zhōngwén), 汉语, 漢語)",粉,粉色,粉,rgb,233,105,193,3,11,full,white,zh,,1.1.5,
18783,zh,"Chinese (中文 (Zhōngwén), 汉语, 漢語)",天蓝,天蓝色,天蓝,rgb,192,253,250,6,0,full,white,zh,,1.1.5,
18783,zh,"Chinese (中文 (Zhōngwén), 汉语, 漢語)",淡蓝,淡蓝色,淡蓝,rgb,120,208,230,6,1,full,white,zh,,1.1.5,
18783,zh,"Chinese (中文 (Zhōngwén), 汉语, 漢語)",黄,黄色,黄,rgb,248,201,3,6,2,full,white,zh,,1.1.5,
18783,zh,"Chinese (中文 (Zhōngwén), 汉语, 漢語)",绿,绿色,绿,rgb,140,234,123,6,3,full,white,zh,,1.1.5,
18783,zh,"Chinese (中文 (Zhōngwén), 汉语, 漢語)",棕,棕色,棕,rgb,70,21,1,6,4,full,white,zh,,1.1.5,
18783,zh,"Chinese (中文 (Zhōngwén), 汉语, 漢語)",蓝,蓝色,蓝,rgb,149,169,245,6,5,full,white,zh,,1.1.5,
18783,zh,"Chinese (中文 (Zhōngwén), 汉语, 漢語)",棕黄,棕黄色,棕黄,rgb,204,159,94,6,6,full,white,zh,,1.1.5,
18783,zh,"Chinese (中文 (Zhōngwén), 汉语, 漢語)",棕,棕色,棕,rgb,138,80,74,6,7,full,white,zh,,1.1.5,
18783,zh,"Chinese (中文 (Zhōngwén), 汉语, 漢語)",粉红,粉红色,粉红,rgb,217,85,242,6,8,full,white,zh,,1.1.5,
18783,zh,"Chinese (中文 (Zhōngwén), 汉语, 漢語)",紫,紫色,紫,rgb,153,107,199,6,9,full,white,zh,,1.1.5,
18783,zh,"Chinese (中文 (Zhōngwén), 汉语, 漢語)",淡绿,淡绿色,淡绿,rgb,186,231,177,6,10,full,white,zh,,1.1.5,
18783,zh,"Chinese (中文 (Zhōngwén), 汉语, 漢語)",褐,褐色,褐,rgb,110,69,27,6,11,full,white,zh,,1.1.5,
18870,zh,"Chinese (中文 (Zhōngwén), 汉语, 漢語)",绿,绿色,绿,rgb,86,221,46,1,0,full,white,zh,,1.1.5,
18870,zh,"Chinese (中文 (Zhōngwén), 汉语, 漢語)",棕,棕色,棕,rgb,61,39,39,1,1,full,white,zh,,1.1.5,
18870,zh,"Chinese (中文 (Zhōngwén), 汉语, 漢語)",橙,橙色,橙,rgb,242,144,74,1,2,full,white,zh,,1.1.5,
18870,zh,"Chinese (中文 (Zhōngwén), 汉语, 漢語)",米黄,米黄色,米黄,rgb,240,221,136,1,3,full,white,zh,,1.1.5,
18870,zh,"Chinese (中文 (Zhōngwén), 汉语, 漢語)",橘黄,桔黄色,桔黄,rgb,245,195,33,1,4,full,white,zh,,1.1.5,
18870,zh,"Chinese (中文 (Zhōngwén), 汉语, 漢語)",品红,品红色,品红,rgb,191,26,113,1,5,full,white,zh,,1.1.5,
18870,zh,"Chinese (中文 (Zhōngwén), 汉语, 漢語)",紫,紫色,紫,rgb,155,46,134,1,6,full,white,zh,,1.1.5,
18870,zh,"Chinese (中文 (Zhōngwén), 汉语, 漢語)",深紫,深紫色,深紫,rgb,53,22,70,1,7,full,white,zh,,1.1.5,
18870,zh,"Chinese (中文 (Zhōngwén), 汉语, 漢語)",军绿,军绿色,军绿,rgb,90,99,53,1,8,full,white,zh,,1.1.5,
18870,zh,"Chinese (中文 (Zhōngwén), 汉语, 漢語)",浅蓝,浅蓝色,浅蓝,rgb,7,111,233,1,9,full,white,zh,,1.1.5,
18870,zh,"Chinese (中文 (Zhōngwén), 汉语, 漢語)",浅绿,浅绿色,浅绿,rgb,208,249,200,1,10,full,white,zh,,1.1.5,
18870,zh,"Chinese (中文 (Zhōngwén), 汉语, 漢語)",浅紫,浅紫色,浅紫,rgb,191,129,236,1,11,full,white,zh,,1.1.5,
18870,zh,"Chinese (中文 (Zhōngwén), 汉语, 漢語)",淡棕,淡棕色,淡棕,rgb,214,185,170,3,0,full,white,zh,,1.1.5,
18870,zh,"Chinese (中文 (Zhōngwén), 汉语, 漢語)",棕,棕色,棕,rgb,137,74,53,3,1,full,white,zh,,1.1.5,
18870,zh,"Chinese (中文 (Zhōngwén), 汉语, 漢語)",深红,深红色,深红,rgb,218,11,61,3,2,full,white,zh,,1.1.5,
18870,zh,"Chinese (中文 (Zhōngwén), 汉语, 漢語)",绿,绿色,绿,rgb,23,255,7,3,3,full,white,zh,,1.1.5,
18870,zh,"Chinese (中文 (Zhōngwén), 汉语, 漢語)",亮紫,亮紫色,亮紫,rgb,186,43,226,3,4,full,white,zh,,1.1.5,
18870,zh,"Chinese (中文 (Zhōngwén), 汉语, 漢語)",卡其,卡其色,卡其,rgb,16,46,86,3,5,full,white,zh,,1.1.5,
18870,zh,"Chinese (中文 (Zhōngwén), 汉语, 漢語)",深粉,深粉色,深粉,rgb,181,84,96,3,6,full,white,zh,,1.1.5,
18870,zh,"Chinese (中文 (Zhōngwén), 汉语, 漢語)",红,红色,红,rgb,216,60,32,3,7,full,white,zh,,1.1.5,
18870,zh,"Chinese (中文 (Zhōngwén), 汉语, 漢語)",赤红,赤红色,赤红,rgb,131,9,21,3,8,full,white,zh,,1.1.5,
18870,zh,"Chinese (中文 (Zhōngwén), 汉语, 漢語)",肉,肉色,肉色,rgb,237,108,102,3,9,full,white,zh,,1.1.5,
18870,zh,"Chinese (中文 (Zhōngwén), 汉语, 漢語)",薄荷,薄荷色,薄荷,rgb,211,228,22,3,10,full,white,zh,,1.1.5,
18870,zh,"Chinese (中文 (Zhōngwén), 汉语, 漢語)",青绿,青绿色,青绿,rgb,10,216,200,3,11,full,white,zh,,1.1.5,
18870,zh,"Chinese (中文 (Zhōngwén), 汉语, 漢語)",棕,棕色,棕,rgb,143,88,108,6,0,full,white,zh,,1.1.5,
18870,zh,"Chinese (中文 (Zhōngwén), 汉语, 漢語)",草绿,草绿色,草绿,rgb,122,150,64,6,1,full,white,zh,,1.1.5,
18870,zh,"Chinese (中文 (Zhōngwén), 汉语, 漢語)",深紫,深紫色,深紫,rgb,50,23,150,6,2,full,white,zh,,1.1.5,
18870,zh,"Chinese (中文 (Zhōngwén), 汉语, 漢語)",亮紫,亮紫色,亮紫,rgb,100,75,232,6,3,full,white,zh,,1.1.5,
18870,zh,"Chinese (中文 (Zhōngwén), 汉语, 漢語)",深蓝,深蓝色,深蓝,rgb,35,102,183,6,4,full,white,zh,,1.1.5,
18870,zh,"Chinese (中文 (Zhōngwén), 汉语, 漢語)",暗蓝,暗蓝色,暗蓝,rgb,32,143,185,6,5,full,white,zh,,1.1.5,
18870,zh,"Chinese (中文 (Zhōngwén), 汉语, 漢語)",亮蓝,亮蓝色,亮蓝,rgb,150,249,249,6,6,full,white,zh,,1.1.5,
18870,zh,"Chinese (中文 (Zhōngwén), 汉语, 漢語)",浅紫,浅紫色,浅紫,rgb,159,144,187,6,7,full,white,zh,,1.1.5,
18870,zh,"Chinese (中文 (Zhōngwén), 汉语, 漢語)",灰蓝,灰蓝色,灰蓝,rgb,127,152,163,6,8,full,white,zh,,1.1.5,
18870,zh,"Chinese (中文 (Zhōngwén), 汉语, 漢語)",蓝紫,蓝紫色,蓝紫,rgb,92,36,235,6,9,full,white,zh,,1.1.5,
18870,zh,"Chinese (中文 (Zhōngwén), 汉语, 漢語)",青,青色,青,rgb,55,161,147,6,10,full,white,zh,,1.1.5,
18870,zh,"Chinese (中文 (Zhōngwén), 汉语, 漢語)",灰,灰色,灰,rgb,75,81,85,6,11,full,white,zh,,1.1.5,
18871,zh,"Chinese (中文 (Zhōngwén), 汉语, 漢語)",有点暗的黄,有点暗的黄色,有点暗的黄,rgb,214,214,11,1,0,full,white,zh,,1.1.5,
18871,zh,"Chinese (中文 (Zhōngwén), 汉语, 漢語)",淡绿,淡绿色,淡绿,rgb,176,236,217,1,1,full,white,zh,,1.1.5,
18871,zh,"Chinese (中文 (Zhōngwén), 汉语, 漢語)",品红,品红色,品红,rgb,251,32,239,1,2,full,white,zh,,1.1.5,
18871,zh,"Chinese (中文 (Zhōngwén), 汉语, 漢語)",藏青,藏青色,藏青,rgb,11,16,108,1,3,full,white,zh,,1.1.5,
18871,zh,"Chinese (中文 (Zhōngwén), 汉语, 漢語)",浅绿,浅绿色,浅绿,rgb,36,227,121,1,4,full,white,zh,,1.1.5,
18871,zh,"Chinese (中文 (Zhōngwén), 汉语, 漢語)",黄绿,黄绿色,黄绿,rgb,170,198,66,1,5,full,white,zh,,1.1.5,
18871,zh,"Chinese (中文 (Zhōngwén), 汉语, 漢語)",浅灰蓝,浅灰蓝色,浅灰蓝,rgb,168,187,226,1,6,full,white,zh,,1.1.5,
18871,zh,"Chinese (中文 (Zhōngwén), 汉语, 漢語)",浅粉紫,浅粉紫色,浅粉紫,rgb,220,161,217,1,7,full,white,zh,,1.1.5,
18871,zh,"Chinese (中文 (Zhōngwén), 汉语, 漢語)",深红,深红色,深红,rgb,152,37,56,1,8,full,white,zh,,1.1.5,
18871,zh,"Chinese (中文 (Zhōngwén), 汉语, 漢語)",黑,黑色,黑,rgb,29,21,51,1,9,full,white,zh,,1.1.5,
18871,zh,"Chinese (中文 (Zhōngwén), 汉语, 漢語)",深绿,深绿色,深绿,rgb,120,151,52,1,10,full,white,zh,,1.1.5,
18871,zh,"Chinese (中文 (Zhōngwén), 汉语, 漢語)",蓝绿,蓝绿色,蓝绿,rgb,76,197,199,1,11,full,white,zh,,1.1.5,
18871,zh,"Chinese (中文 (Zhōngwén), 汉语, 漢語)",暗紫,暗紫色,暗紫,rgb,189,100,169,3,0,full,white,zh,,1.1.5,
18871,zh,"Chinese (中文 (Zhōngwén), 汉语, 漢語)",紫红,红紫色,红紫,rgb,189,85,197,3,1,full,white,zh,,1.1.5,
18871,zh,"Chinese (中文 (Zhōngwén), 汉语, 漢語)",蓝,蓝色,蓝,rgb,55,75,181,3,2,full,white,zh,,1.1.5,
18871,zh,"Chinese (中文 (Zhōngwén), 汉语, 漢語)",红,红色,红,rgb,220,14,24,3,3,full,white,zh,,1.1.5,
18871,zh,"Chinese (中文 (Zhōngwén), 汉语, 漢語)",品红,品红色,品红,rgb,239,81,180,3,4,full,white,zh,,1.1.5,
18871,zh,"Chinese (中文 (Zhōngwén), 汉语, 漢語)",暗灰绿,暗灰绿色,暗灰绿,rgb,106,127,123,3,5,full,white,zh,,1.1.5,
18871,zh,"Chinese (中文 (Zhōngwén), 汉语, 漢語)",暗蓝绿,暗蓝绿色,暗蓝绿,rgb,22,78,89,3,6,full,white,zh,,1.1.5,
18871,zh,"Chinese (中文 (Zhōngwén), 汉语, 漢語)",暗绿,暗绿色,暗绿,rgb,6,105,7,3,7,full,white,zh,,1.1.5,
18871,zh,"Chinese (中文 (Zhōngwén), 汉语, 漢語)",绿,绿色,绿,rgb,7,115,83,3,8,full,white,zh,,1.1.5,
18871,zh,"Chinese (中文 (Zhōngwén), 汉语, 漢語)",紫,紫色,紫,rgb,126,30,235,3,9,full,white,zh,,1.1.5,
18871,zh,"Chinese (中文 (Zhōngwén), 汉语, 漢語)",浅灰绿,浅灰绿色,浅灰绿,rgb,105,171,134,3,10,full,white,zh,,1.1.5,
18871,zh,"Chinese (中文 (Zhōngwén), 汉语, 漢語)",淡绿,淡绿色,淡绿,rgb,139,219,107,3,11,full,white,zh,,1.1.5,
18871,zh,"Chinese (中文 (Zhōngwén), 汉语, 漢語)",深蓝紫,深蓝紫色,深蓝紫,rgb,98,89,149,6,0,full,white,zh,,1.1.5,
18871,zh,"Chinese (中文 (Zhōngwén), 汉语, 漢語)",亮黄,亮黄色,亮黄,rgb,248,227,113,6,1,full,white,zh,,1.1.5,
18871,zh,"Chinese (中文 (Zhōngwén), 汉语, 漢語)",浅绿,浅绿色,浅绿,rgb,87,237,5,6,2,full,white,zh,,1.1.5,
18871,zh,"Chinese (中文 (Zhōngwén), 汉语, 漢語)",紫,紫色,紫,rgb,192,72,234,6,3,full,white,zh,,1.1.5,
18871,zh,"Chinese (中文 (Zhōngwén), 汉语, 漢語)",黄,黄色,黄色,rgb,227,170,31,6,4,full,white,zh,,1.1.5,
18871,zh,"Chinese (中文 (Zhōngwén), 汉语, 漢語)",肉,肉色,肉色,rgb,254,185,170,6,5,full,white,zh,,1.1.5,
18871,zh,"Chinese (中文 (Zhōngwén), 汉语, 漢語)",淡蓝,淡蓝色,淡蓝,rgb,72,178,247,6,6,full,white,zh,,1.1.5,
18871,zh,"Chinese (中文 (Zhōngwén), 汉语, 漢語)",暗紫红,暗紫红色,暗紫红,rgb,149,72,101,6,7,full,white,zh,,1.1.5,
18871,zh,"Chinese (中文 (Zhōngwén), 汉语, 漢語)",绿,绿色,绿,rgb,28,183,116,6,8,full,white,zh,,1.1.5,
18871,zh,"Chinese (中文 (Zhōngwén), 汉语, 漢語)",暗黄,暗黄色,暗黄色,rgb,148,120,28,6,9,full,white,zh,,1.1.5,
18871,zh,"Chinese (中文 (Zhōngwén), 汉语, 漢語)",黑,黑色,黑,rgb,65,49,50,6,10,full,white,zh,,1.1.5,
18871,zh,"Chinese (中文 (Zhōngwén), 汉语, 漢語)",淡紫,淡紫色,淡紫,rgb,143,110,220,6,11,full,white,zh,,1.1.5,
18872,zh,"Chinese (中文 (Zhōngwén), 汉语, 漢語)",红,红色,红色,rgb,255,55,0,1,0,line,white,zh,,1.1.5,
18872,zh,"Chinese (中文 (Zhōngwén), 汉语, 漢語)",蓝,蓝色,蓝色,rgb,0,220,255,1,1,line,white,zh,,1.1.5,
18872,zh,"Chinese (中文 (Zhōngwén), 汉语, 漢語)",红,红色,红色,rgb,255,0,76,1,2,line,white,zh,,1.1.5,
18872,zh,"Chinese (中文 (Zhōngwén), 汉语, 漢語)",粉,粉色,粉色,rgb,255,0,236,1,3,line,white,zh,,1.1.5,
18872,zh,"Chinese (中文 (Zhōngwén), 汉语, 漢語)",黄,黄色,黄色,rgb,255,248,0,1,4,line,white,zh,,1.1.5,
18872,zh,"Chinese (中文 (Zhōngwén), 汉语, 漢語)",粉,粉色,粉色,rgb,255,0,181,1,5,line,white,zh,,1.1.5,
18872,zh,"Chinese (中文 (Zhōngwén), 汉语, 漢語)",绿,绿色,绿色,rgb,0,255,118,1,6,line,white,zh,,1.1.5,
18872,zh,"Chinese (中文 (Zhōngwén), 汉语, 漢語)",蓝,蓝色,蓝色,rgb,105,0,255,1,7,line,white,zh,,1.1.5,
18872,zh,"Chinese (中文 (Zhōngwén), 汉语, 漢語)",绿,绿色,绿色,rgb,255,0,109,1,8,line,white,zh,,1.1.5,
18872,zh,"Chinese (中文 (Zhōngwén), 汉语, 漢語)",橙,橙色,橙色,rgb,143,255,0,1,9,line,white,zh,,1.1.5,
18872,zh,"Chinese (中文 (Zhōngwén), 汉语, 漢語)",蓝,蓝色,蓝色,rgb,0,255,177,1,10,line,white,zh,,1.1.5,
18872,zh,"Chinese (中文 (Zhōngwén), 汉语, 漢語)",蓝,蓝色,蓝色,rgb,0,134,255,1,11,line,white,zh,,1.1.5,
18872,zh,"Chinese (中文 (Zhōngwén), 汉语, 漢語)",橙,橙色,橙色,rgb,255,135,0,3,0,line,white,zh,,1.1.5,
18872,zh,"Chinese (中文 (Zhōngwén), 汉语, 漢語)",蓝,蓝色,蓝色,rgb,0,167,255,3,1,line,white,zh,,1.1.5,
18872,zh,"Chinese (中文 (Zhōngwén), 汉语, 漢語)",蓝,蓝色,蓝色,rgb,0,255,198,3,2,line,white,zh,,1.1.5,
18872,zh,"Chinese (中文 (Zhōngwén), 汉语, 漢語)",粉红,粉红色,粉红,rgb,255,0,166,3,3,line,white,zh,,1.1.5,
18872,zh,"Chinese (中文 (Zhōngwén), 汉语, 漢語)",蓝,蓝色,蓝色,rgb,78,0,255,3,4,line,white,zh,,1.1.5,
18872,zh,"Chinese (中文 (Zhōngwén), 汉语, 漢語)",深蓝,深蓝色,深蓝,rgb,0,70,255,3,5,line,white,zh,,1.1.5,
18872,zh,"Chinese (中文 (Zhōngwén), 汉语, 漢語)",蓝,蓝色,蓝色,rgb,0,101,255,3,6,line,white,zh,,1.1.5,
18872,zh,"Chinese (中文 (Zhōngwén), 汉语, 漢語)",蓝,蓝色,蓝色,rgb,0,240,255,3,7,line,white,zh,,1.1.5,
18872,zh,"Chinese (中文 (Zhōngwén), 汉语, 漢語)",黄,黄色,黄色,rgb,255,219,0,3,8,line,white,zh,,1.1.5,
18872,zh,"Chinese (中文 (Zhōngwén), 汉语, 漢語)",蓝,蓝色,蓝色,rgb,189,0,255,3,9,line,white,zh,,1.1.5,
18872,zh,"Chinese (中文 (Zhōngwén), 汉语, 漢語)",蓝,蓝色,蓝色,rgb,0,145,255,3,10,line,white,zh,,1.1.5,
18872,zh,"Chinese (中文 (Zhōngwén), 汉语, 漢語)",蓝,蓝色,蓝色,rgb,0,255,248,3,11,line,white,zh,,1.1.5,
18873,zh,"Chinese (中文 (Zhōngwén), 汉语, 漢語)",粉,粉色,粉色,rgb,133,246,179,1,0,full,white,zh,,1.1.5,
18873,zh,"Chinese (中文 (Zhōngwén), 汉语, 漢語)",紫,紫色,紫色,rgb,87,53,127,1,1,full,white,zh,,1.1.5,
18873,zh,"Chinese (中文 (Zhōngwén), 汉语, 漢語)",棕,棕色,棕色,rgb,67,25,17,1,2,full,white,zh,,1.1.5,
18873,zh,"Chinese (中文 (Zhōngwén), 汉语, 漢語)",紫,紫色,紫色,rgb,35,81,149,1,3,full,white,zh,,1.1.5,
18873,zh,"Chinese (中文 (Zhōngwén), 汉语, 漢語)",粉,粉色,粉色,rgb,249,113,110,1,4,full,white,zh,,1.1.5,
18873,zh,"Chinese (中文 (Zhōngwén), 汉语, 漢語)",绿,绿色,绿色,rgb,109,78,84,1,5,full,white,zh,,1.1.5,
18873,zh,"Chinese (中文 (Zhōngwén), 汉语, 漢語)",粉,粉色,粉色,rgb,248,119,153,1,6,full,white,zh,,1.1.5,
18873,zh,"Chinese (中文 (Zhōngwén), 汉语, 漢語)",紫,紫色,紫色,rgb,213,7,190,1,7,full,white,zh,,1.1.5,
18873,zh,"Chinese (中文 (Zhōngwén), 汉语, 漢語)",蓝,蓝色,蓝色,rgb,52,113,241,1,8,full,white,zh,,1.1.5,
18873,zh,"Chinese (中文 (Zhōngwén), 汉语, 漢語)",天蓝,天蓝色,天蓝,rgb,165,232,215,1,9,full,white,zh,,1.1.5,
18873,zh,"Chinese (中文 (Zhōngwén), 汉语, 漢語)",粉,粉色,粉色,rgb,245,10,169,1,10,full,white,zh,,1.1.5,
18873,zh,"Chinese (中文 (Zhōngwén), 汉语, 漢語)",米黄,米黄色,米黄,rgb,255,189,107,1,11,full,white,zh,,1.1.5,
18873,zh,"Chinese (中文 (Zhōngwén), 汉语, 漢語)",粉红,粉红色,粉红,rgb,162,121,161,3,0,full,white,zh,,1.1.5,
18873,zh,"Chinese (中文 (Zhōngwén), 汉语, 漢語)",灰绿,灰绿色,灰绿,rgb,6,138,135,3,1,full,white,zh,,1.1.5,
18873,zh,"Chinese (中文 (Zhōngwén), 汉语, 漢語)",绿,绿色,绿色,rgb,209,203,99,3,2,full,white,zh,,1.1.5,
18873,zh,"Chinese (中文 (Zhōngwén), 汉语, 漢語)",黑,黑色,黑色,rgb,19,3,48,3,3,full,white,zh,,1.1.5,
18873,zh,"Chinese (中文 (Zhōngwén), 汉语, 漢語)",红,红色,红色,rgb,146,127,29,3,4,full,white,zh,,1.1.5,
18873,zh,"Chinese (中文 (Zhōngwén), 汉语, 漢語)",深蓝,深蓝色,深蓝,rgb,30,4,136,3,5,full,white,zh,,1.1.5,
18873,zh,"Chinese (中文 (Zhōngwén), 汉语, 漢語)",粉,粉色,粉色,rgb,68,122,149,3,6,full,white,zh,,1.1.5,
18873,zh,"Chinese (中文 (Zhōngwén), 汉语, 漢語)",橘,橘色,橘色,rgb,24,218,0,3,7,full,white,zh,,1.1.5,
18873,zh,"Chinese (中文 (Zhōngwén), 汉语, 漢語)",粉,粉色,粉色,rgb,229,143,113,3,8,full,white,zh,,1.1.5,
18873,zh,"Chinese (中文 (Zhōngwén), 汉语, 漢語)",橘红,橘红色,橘红,rgb,249,77,35,3,9,full,white,zh,,1.1.5,
18873,zh,"Chinese (中文 (Zhōngwén), 汉语, 漢語)",棕,棕色,棕色,rgb,92,133,67,3,10,full,white,zh,,1.1.5,
18873,zh,"Chinese (中文 (Zhōngwén), 汉语, 漢語)",米白,米白色,米白,rgb,234,247,191,3,11,full,white,zh,,1.1.5,
18873,zh,"Chinese (中文 (Zhōngwén), 汉语, 漢語)",蓝,蓝色,蓝色,rgb,56,24,245,6,0,full,white,zh,,1.1.5,
18873,zh,"Chinese (中文 (Zhōngwén), 汉语, 漢語)",蓝,蓝色,蓝色,rgb,14,62,180,6,1,full,white,zh,,1.1.5,
18873,zh,"Chinese (中文 (Zhōngwén), 汉语, 漢語)",蓝,蓝色,蓝色,rgb,13,43,216,6,2,full,white,zh,,1.1.5,
18873,zh,"Chinese (中文 (Zhōngwén), 汉语, 漢語)",粉,粉色,粉色,rgb,223,212,211,6,3,full,white,zh,,1.1.5,
18873,zh,"Chinese (中文 (Zhōngwén), 汉语, 漢語)",棕,棕色,棕色,rgb,104,27,11,6,4,full,white,zh,,1.1.5,
18873,zh,"Chinese (中文 (Zhōngwén), 汉语, 漢語)",棕,棕色,棕色,rgb,29,79,37,6,5,full,white,zh,,1.1.5,
18873,zh,"Chinese (中文 (Zhōngwén), 汉语, 漢語)",粉红,粉红色,粉红,rgb,21,191,103,6,6,full,white,zh,,1.1.5,
18873,zh,"Chinese (中文 (Zhōngwén), 汉语, 漢語)",蓝,蓝色,蓝色,rgb,7,167,252,6,7,full,white,zh,,1.1.5,
18873,zh,"Chinese (中文 (Zhōngwén), 汉语, 漢語)",粉,粉色,粉色,rgb,31,248,148,6,8,full,white,zh,,1.1.5,
18873,zh,"Chinese (中文 (Zhōngwén), 汉语, 漢語)",蓝,蓝色,蓝色,rgb,57,211,219,6,9,full,white,zh,,1.1.5,
18873,zh,"Chinese (中文 (Zhōngwén), 汉语, 漢語)",橙,橙色,橙色,rgb,249,158,26,6,10,full,white,zh,,1.1.5,
18873,zh,"Chinese (中文 (Zhōngwén), 汉语, 漢語)",蓝,蓝色,蓝色,rgb,147,113,236,6,11,full,white,zh,,1.1.5,
18875,zh,"Chinese (中文 (Zhōngwén), 汉语, 漢語)",桃红,桃红色,桃红,rgb,239,105,117,1,0,full,white,zh,,1.1.5,
18875,zh,"Chinese (中文 (Zhōngwén), 汉语, 漢語)",天蓝,天蓝色,天蓝,rgb,67,253,245,1,1,full,white,zh,,1.1.5,
18875,zh,"Chinese (中文 (Zhōngwén), 汉语, 漢語)",褐,褐色,褐色,rgb,201,113,53,1,2,full,white,zh,,1.1.5,
18875,zh,"Chinese (中文 (Zhōngwén), 汉语, 漢語)",深蓝,深蓝色,深蓝,rgb,9,34,177,1,3,full,white,zh,,1.1.5,
18875,zh,"Chinese (中文 (Zhōngwén), 汉语, 漢語)",土黄,土黄色,土黄,rgb,209,172,89,1,4,full,white,zh,,1.1.5,
18875,zh,"Chinese (中文 (Zhōngwén), 汉语, 漢語)",藏青,藏青色,藏青,rgb,3,48,86,1,5,full,white,zh,,1.1.5,
18875,zh,"Chinese (中文 (Zhōngwén), 汉语, 漢語)",浅紫,浅紫色,浅紫,rgb,217,197,237,1,6,full,white,zh,,1.1.5,
18875,zh,"Chinese (中文 (Zhōngwén), 汉语, 漢語)",玫红,玫瑰红色,玫瑰红,rgb,175,41,80,1,7,full,white,zh,,1.1.5,
18875,zh,"Chinese (中文 (Zhōngwén), 汉语, 漢語)",青绿,青绿色,青绿,rgb,40,131,143,1,8,full,white,zh,,1.1.5,
18875,zh,"Chinese (中文 (Zhōngwén), 汉语, 漢語)",草绿,草绿色,草绿,rgb,124,167,49,1,9,full,white,zh,,1.1.5,
18875,zh,"Chinese (中文 (Zhōngwén), 汉语, 漢語)",深黄,深黄色,深黄,rgb,196,163,28,1,10,full,white,zh,,1.1.5,
18875,zh,"Chinese (中文 (Zhōngwén), 汉语, 漢語)",大红,大红色,大红,rgb,204,4,57,1,11,full,white,zh,,1.1.5,
18875,zh,"Chinese (中文 (Zhōngwén), 汉语, 漢語)",浅藏青,浅藏青色,浅藏青,rgb,44,111,198,3,0,full,white,zh,,1.1.5,
18875,zh,"Chinese (中文 (Zhōngwén), 汉语, 漢語)",嫩黄绿,嫩黄绿色,嫩黄绿,rgb,219,250,98,3,1,full,white,zh,,1.1.5,
18875,zh,"Chinese (中文 (Zhōngwén), 汉语, 漢語)",灰蓝,灰蓝色,灰蓝,rgb,152,194,238,3,2,full,white,zh,,1.1.5,
18875,zh,"Chinese (中文 (Zhōngwén), 汉语, 漢語)",墨绿,墨绿色,墨绿,rgb,77,106,52,3,3,full,white,zh,,1.1.5,
18875,zh,"Chinese (中文 (Zhōngwén), 汉语, 漢語)",绿,绿色,绿,rgb,5,174,47,3,4,full,white,zh,,1.1.5,
18875,zh,"Chinese (中文 (Zhōngwén), 汉语, 漢語)",深紫,深紫色,深紫,rgb,132,8,152,3,6,full,white,zh,,1.1.5,
18875,zh,"Chinese (中文 (Zhōngwén), 汉语, 漢語)",紫红,紫红色,紫红,rgb,185,88,182,3,7,full,white,zh,,1.1.5,
18875,zh,"Chinese (中文 (Zhōngwén), 汉语, 漢語)",亮紫,亮紫色,亮紫,rgb,195,13,241,3,8,full,white,zh,,1.1.5,
18875,zh,"Chinese (中文 (Zhōngwén), 汉语, 漢語)",肉,肉色,肉色,rgb,248,176,165,3,9,full,white,zh,,1.1.5,
18875,zh,"Chinese (中文 (Zhōngwén), 汉语, 漢語)",浅紫,浅紫色,浅紫,rgb,152,109,230,3,10,full,white,zh,,1.1.5,
18875,zh,"Chinese (中文 (Zhōngwén), 汉语, 漢語)",蓝紫,蓝紫色,蓝紫,rgb,106,62,241,3,11,full,white,zh,,1.1.5,
18875,zh,"Chinese (中文 (Zhōngwén), 汉语, 漢語)",暗红褐,暗红褐色,暗红褐,rgb,75,34,1,6,0,full,white,zh,,1.1.5,
18875,zh,"Chinese (中文 (Zhōngwén), 汉语, 漢語)",紫罗蓝,紫罗兰色,紫罗兰,rgb,104,56,154,6,1,full,white,zh,,1.1.5,
18875,zh,"Chinese (中文 (Zhōngwén), 汉语, 漢語)",亮黄,亮黄色,亮黄,rgb,251,246,29,6,2,full,white,zh,,1.1.5,
18875,zh,"Chinese (中文 (Zhōngwén), 汉语, 漢語)",淡蓝,淡蓝色,淡蓝,rgb,207,254,252,6,3,full,white,zh,,1.1.5,
18875,zh,"Chinese (中文 (Zhōngwén), 汉语, 漢語)",灰褐,灰褐色,灰褐,rgb,125,114,101,6,4,full,white,zh,,1.1.5,
18875,zh,"Chinese (中文 (Zhōngwén), 汉语, 漢語)",青涩,青涩色,青涩,rgb,19,143,205,6,5,full,white,zh,,1.1.5,
18875,zh,"Chinese (中文 (Zhōngwén), 汉语, 漢語)",鲜红,鲜红色,鲜红,rgb,253,58,47,6,7,full,white,zh,,1.1.5,
18875,zh,"Chinese (中文 (Zhōngwén), 汉语, 漢語)",红褐,红褐色,红褐,rgb,105,49,51,6,8,full,white,zh,,1.1.5,
18875,zh,"Chinese (中文 (Zhōngwén), 汉语, 漢語)",深绿,深绿色,深绿,rgb,42,152,84,6,9,full,white,zh,,1.1.5,
18875,zh,"Chinese (中文 (Zhōngwén), 汉语, 漢語)",亮绿,亮绿色,亮绿,rgb,26,251,150,6,10,full,white,zh,,1.1.5,
18875,zh,"Chinese (中文 (Zhōngwén), 汉语, 漢語)",黑,黑色,黑色,rgb,43,23,36,6,11,full,white,zh,,1.1.5,
18943,zh,"Chinese (中文 (Zhōngwén), 汉语, 漢語)",橙,橙色,橙色,rgb,222,145,17,1,0,full,white,en,,1.1.5,
18943,zh,"Chinese (中文 (Zhōngwén), 汉语, 漢語)",天蓝,天蓝色,天蓝,rgb,23,183,228,1,1,full,white,en,,1.1.5,
18943,zh,"Chinese (中文 (Zhōngwén), 汉语, 漢語)",青,青色,青色,rgb,25,135,147,1,2,full,white,en,,1.1.5,
18943,zh,"Chinese (中文 (Zhōngwén), 汉语, 漢語)",深蓝,深蓝色,深蓝,rgb,62,27,194,1,3,full,white,en,,1.1.5,
18943,zh,"Chinese (中文 (Zhōngwén), 汉语, 漢語)",紫,紫色,紫色,rgb,173,47,172,1,4,full,white,en,,1.1.5,
18943,zh,"Chinese (中文 (Zhōngwén), 汉语, 漢語)",紫灰,紫灰色,紫灰色,rgb,118,96,112,1,5,full,white,en,,1.1.5,
18943,zh,"Chinese (中文 (Zhōngwén), 汉语, 漢語)",深紫,深紫色,深紫,rgb,74,7,145,1,6,full,white,en,,1.1.5,
18943,zh,"Chinese (中文 (Zhōngwén), 汉语, 漢語)",天蓝,天蓝色,天蓝,rgb,138,239,238,1,7,full,white,en,,1.1.5,
18943,zh,"Chinese (中文 (Zhōngwén), 汉语, 漢語)",荧光绿,荧光绿色,荧光绿,rgb,189,248,24,1,8,full,white,en,,1.1.5,
18943,zh,"Chinese (中文 (Zhōngwén), 汉语, 漢語)",桔红,桔红色,桔红,rgb,201,82,58,1,9,full,white,en,,1.1.5,
18943,zh,"Chinese (中文 (Zhōngwén), 汉语, 漢語)",粉蓝,粉蓝色,粉蓝,rgb,161,164,221,1,10,full,white,en,,1.1.5,
18943,zh,"Chinese (中文 (Zhōngwén), 汉语, 漢語)",草绿,草绿色,草绿,rgb,79,124,37,1,11,full,white,en,,1.1.5,
18943,zh,"Chinese (中文 (Zhōngwén), 汉语, 漢語)",浅紫,浅紫色,浅紫色,rgb,217,194,211,3,0,full,white,en,,1.1.5,
18943,zh,"Chinese (中文 (Zhōngwén), 汉语, 漢語)",绿,绿色,绿色,rgb,117,199,77,3,1,full,white,en,,1.1.5,
18943,zh,"Chinese (中文 (Zhōngwén), 汉语, 漢語)",黄绿,黄绿色,黄绿色,rgb,161,143,1,3,2,full,white,en,,1.1.5,
18943,zh,"Chinese (中文 (Zhōngwén), 汉语, 漢語)",粉,粉色,粉色,rgb,231,152,169,3,3,full,white,en,,1.1.5,
18943,zh,"Chinese (中文 (Zhōngwén), 汉语, 漢語)",蓝,蓝色,蓝色,rgb,72,121,224,3,4,full,white,en,,1.1.5,
18943,zh,"Chinese (中文 (Zhōngwén), 汉语, 漢語)",棕,棕色,棕色,rgb,165,84,21,3,5,full,white,en,,1.1.5,
18943,zh,"Chinese (中文 (Zhōngwén), 汉语, 漢語)",黑,黑色,黑色,rgb,18,40,7,3,6,full,white,en,,1.1.5,
18943,zh,"Chinese (中文 (Zhōngwén), 汉语, 漢語)",黄绿,黄绿色,黄绿色,rgb,222,235,128,3,7,full,white,en,,1.1.5,
18943,zh,"Chinese (中文 (Zhōngwén), 汉语, 漢語)",深绿,深绿色,深绿色,rgb,9,125,94,3,8,full,white,en,,1.1.5,
18943,zh,"Chinese (中文 (Zhōngwén), 汉语, 漢語)",洋红,洋红色,洋红,rgb,225,18,151,3,9,full,white,en,,1.1.5,
18943,zh,"Chinese (中文 (Zhōngwén), 汉语, 漢語)",绿,绿色,绿色,rgb,30,185,109,3,10,full,white,en,,1.1.5,
18943,zh,"Chinese (中文 (Zhōngwén), 汉语, 漢語)",淡青,淡青色,淡青色,rgb,121,203,173,3,11,full,white,en,,1.1.5,
18995,zh,"Chinese (中文 (Zhōngwén), 汉语, 漢語)",灰,灰色,灰色,rgb,192,189,190,1,0,full,white,zh,,1.1.5,
18995,zh,"Chinese (中文 (Zhōngwén), 汉语, 漢語)",水绿,水绿色,水绿,rgb,116,217,192,1,1,full,white,zh,,1.1.5,
18995,zh,"Chinese (中文 (Zhōngwén), 汉语, 漢語)",墨绿,墨绿色,墨绿,rgb,8,102,78,1,2,full,white,zh,,1.1.5,
18995,zh,"Chinese (中文 (Zhōngwén), 汉语, 漢語)",灰,灰色,灰色,rgb,109,161,151,1,3,full,white,zh,,1.1.5,
18995,zh,"Chinese (中文 (Zhōngwén), 汉语, 漢語)",淡绿,淡绿色,淡绿,rgb,52,241,181,1,4,full,white,zh,,1.1.5,
18995,zh,"Chinese (中文 (Zhōngwén), 汉语, 漢語)",亮蓝,亮蓝色,亮蓝,rgb,27,117,239,1,5,full,white,zh,,1.1.5,
18995,zh,"Chinese (中文 (Zhōngwén), 汉语, 漢語)",草绿,草绿色,草绿,rgb,89,241,137,1,7,full,white,zh,,1.1.5,
18995,zh,"Chinese (中文 (Zhōngwén), 汉语, 漢語)",橄榄绿,橄榄绿色,橄榄绿,rgb,73,107,36,1,8,full,white,zh,,1.1.5,
18995,zh,"Chinese (中文 (Zhōngwén), 汉语, 漢語)",紫罗蓝,紫罗兰色,紫罗兰色,rgb,142,53,207,1,9,full,white,zh,,1.1.5,
18995,zh,"Chinese (中文 (Zhōngwén), 汉语, 漢語)",紫,紫色,紫色,rgb,136,4,132,1,10,full,white,zh,,1.1.5,
18995,zh,"Chinese (中文 (Zhōngwén), 汉语, 漢語)",蓝,蓝色,蓝色,rgb,32,75,213,1,11,full,white,zh,,1.1.5,
18995,zh,"Chinese (中文 (Zhōngwén), 汉语, 漢語)",深紫,深紫色,深紫,rgb,28,58,137,3,0,full,white,zh,,1.1.5,
18995,zh,"Chinese (中文 (Zhōngwén), 汉语, 漢語)",墨绿,墨绿色,墨绿,rgb,107,93,72,3,1,full,white,zh,,1.1.5,
18995,zh,"Chinese (中文 (Zhōngwén), 汉语, 漢語)",蓝紫,蓝紫色,蓝紫,rgb,126,8,247,3,2,full,white,zh,,1.1.5,
18995,zh,"Chinese (中文 (Zhōngwén), 汉语, 漢語)",土黄,土黄色,土黄,rgb,231,154,96,3,3,full,white,zh,,1.1.5,
18995,zh,"Chinese (中文 (Zhōngwén), 汉语, 漢語)",粉紫,粉紫色,粉紫,rgb,218,69,235,3,4,full,white,zh,,1.1.5,
18995,zh,"Chinese (中文 (Zhōngwén), 汉语, 漢語)",亮黄,亮黄色,亮黄,rgb,224,247,184,3,5,full,white,zh,,1.1.5,
18995,zh,"Chinese (中文 (Zhōngwén), 汉语, 漢語)",蓝,蓝色,蓝,rgb,70,48,224,3,6,full,white,zh,,1.1.5,
18995,zh,"Chinese (中文 (Zhōngwén), 汉语, 漢語)",天蓝,天蓝色,天蓝,rgb,11,163,243,3,7,full,white,zh,,1.1.5,
18995,zh,"Chinese (中文 (Zhōngwén), 汉语, 漢語)",深绿,深绿色,深绿,rgb,21,61,14,3,8,full,white,zh,,1.1.5,
18995,zh,"Chinese (中文 (Zhōngwén), 汉语, 漢語)",绿,绿色,绿色,rgb,173,186,89,3,9,full,white,zh,,1.1.5,
18995,zh,"Chinese (中文 (Zhōngwén), 汉语, 漢語)",深粉,深粉色,深粉,rgb,218,54,131,3,10,full,white,zh,,1.1.5,
18995,zh,"Chinese (中文 (Zhōngwén), 汉语, 漢語)",青蓝,青蓝色,青蓝,rgb,80,118,175,3,11,full,white,zh,,1.1.5,
18995,zh,"Chinese (中文 (Zhōngwén), 汉语, 漢語)",黑,黑色,黑,rgb,58,14,2,6,0,full,white,zh,,1.1.5,
18995,zh,"Chinese (中文 (Zhōngwén), 汉语, 漢語)",粉,粉色,粉色,rgb,222,145,228,6,1,full,white,zh,,1.1.5,
18995,zh,"Chinese (中文 (Zhōngwén), 汉语, 漢語)",棕,棕色,棕色,rgb,148,82,76,6,2,full,white,zh,,1.1.5,
18995,zh,"Chinese (中文 (Zhōngwén), 汉语, 漢語)",藏青,藏青色,藏青,rgb,71,5,96,6,3,full,white,zh,,1.1.5,
18995,zh,"Chinese (中文 (Zhōngwén), 汉语, 漢語)",深水青,深水青色,深水青,rgb,38,115,140,6,4,full,white,zh,,1.1.5,
18995,zh,"Chinese (中文 (Zhōngwén), 汉语, 漢語)",绿,绿色,绿色,rgb,93,181,78,6,5,full,white,zh,,1.1.5,
18995,zh,"Chinese (中文 (Zhōngwén), 汉语, 漢語)",桃红,桃红色,桃红,rgb,229,105,208,6,6,full,white,zh,,1.1.5,
18995,zh,"Chinese (中文 (Zhōngwén), 汉语, 漢語)",亮绿,亮绿色,亮绿,rgb,129,232,17,6,7,full,white,zh,,1.1.5,
18995,zh,"Chinese (中文 (Zhōngwén), 汉语, 漢語)",水青绿,水青绿色,水青绿,rgb,47,181,201,6,8,full,white,zh,,1.1.5,
18995,zh,"Chinese (中文 (Zhōngwén), 汉语, 漢語)",土黄,土黄色,土黄,rgb,248,194,75,6,9,full,white,zh,,1.1.5,
18995,zh,"Chinese (中文 (Zhōngwén), 汉语, 漢語)",浅棕,浅棕色,浅棕色,rgb,201,163,129,6,10,full,white,zh,,1.1.5,
18995,zh,"Chinese (中文 (Zhōngwén), 汉语, 漢語)",青绿蓝,青绿蓝色,青绿蓝,rgb,123,157,180,6,11,full,white,zh,,1.1.5,
19005,zh,"Chinese (中文 (Zhōngwén), 汉语, 漢語)",品红,品红色,品红,rgb,230,32,161,1,0,full,white,en,,1.1.5,
19005,zh,"Chinese (中文 (Zhōngwén), 汉语, 漢語)",棕,棕色,棕,rgb,140,95,62,1,1,full,white,en,,1.1.5,
19005,zh,"Chinese (中文 (Zhōngwén), 汉语, 漢語)",春绿,春绿色,春绿,rgb,166,239,110,1,2,full,white,en,,1.1.5,
19005,zh,"Chinese (中文 (Zhōngwén), 汉语, 漢語)",橙黄,橙黄色,橙黄,rgb,228,220,4,1,3,full,white,en,,1.1.5,
19005,zh,"Chinese (中文 (Zhōngwén), 汉语, 漢語)",亮蓝,亮蓝色,亮蓝,rgb,73,61,248,1,4,full,white,en,,1.1.5,
19005,zh,"Chinese (中文 (Zhōngwén), 汉语, 漢語)",青蓝,青蓝色,青蓝,rgb,37,138,215,1,5,full,white,en,,1.1.5,
19005,zh,"Chinese (中文 (Zhōngwén), 汉语, 漢語)",紫,紫色,紫,rgb,121,48,182,1,6,full,white,en,,1.1.5,
19005,zh,"Chinese (中文 (Zhōngwén), 汉语, 漢語)",暗青,暗青色,暗青,rgb,67,110,149,1,7,full,white,en,,1.1.5,
19005,zh,"Chinese (中文 (Zhōngwén), 汉语, 漢語)",黑,黑色,黑,rgb,21,12,16,1,8,full,white,en,,1.1.5,
19005,zh,"Chinese (中文 (Zhōngwén), 汉语, 漢語)",红,红色,红,rgb,189,1,0,1,9,full,white,en,,1.1.5,
19005,zh,"Chinese (中文 (Zhōngwén), 汉语, 漢語)",绿,绿色,绿,rgb,64,139,45,1,10,full,white,en,,1.1.5,
19005,zh,"Chinese (中文 (Zhōngwén), 汉语, 漢語)",蓝,蓝色,蓝,rgb,48,117,228,1,11,full,white,en,,1.1.5,
19005,zh,"Chinese (中文 (Zhōngwén), 汉语, 漢語)",春绿,春绿色,春绿,rgb,133,247,159,3,0,full,white,en,,1.1.5,
19005,zh,"Chinese (中文 (Zhōngwén), 汉语, 漢語)",橙,橙色,橙,rgb,237,164,39,3,1,full,white,en,,1.1.5,
19005,zh,"Chinese (中文 (Zhōngwén), 汉语, 漢語)",绛,绛色,绛,rgb,155,27,64,3,2,full,white,en,,1.1.5,
19005,zh,"Chinese (中文 (Zhōngwén), 汉语, 漢語)",碧,碧色,碧,rgb,46,140,117,3,3,full,white,en,,1.1.5,
19005,zh,"Chinese (中文 (Zhōngwén), 汉语, 漢語)",紫,紫色,紫,rgb,150,81,178,3,4,full,white,en,,1.1.5,
19005,zh,"Chinese (中文 (Zhōngwén), 汉语, 漢語)",粉紫,紫粉色,紫粉,rgb,235,197,245,3,5,full,white,en,,1.1.5,
19005,zh,"Chinese (中文 (Zhōngwén), 汉语, 漢語)",灰紫,灰紫色,灰紫,rgb,173,129,176,3,6,full,white,en,,1.1.5,
19005,zh,"Chinese (中文 (Zhōngwén), 汉语, 漢語)",绀,绀色,绀,rgb,95,72,93,3,7,full,white,en,,1.1.5,
19005,zh,"Chinese (中文 (Zhōngwén), 汉语, 漢語)",青,青色,青,rgb,18,222,227,3,8,full,white,en,,1.1.5,
19005,zh,"Chinese (中文 (Zhōngwén), 汉语, 漢語)",荧光紫,荧光紫色,荧光紫,rgb,181,103,253,3,9,full,white,en,,1.1.5,
19005,zh,"Chinese (中文 (Zhōngwén), 汉语, 漢語)",青蓝,青蓝色,青蓝,rgb,3,178,221,3,10,full,white,en,,1.1.5,
19005,zh,"Chinese (中文 (Zhōngwén), 汉语, 漢語)",淡粉,淡粉色,淡粉,rgb,228,218,218,3,11,full,white,en,,1.1.5,
19005,zh,"Chinese (中文 (Zhōngwén), 汉语, 漢語)",红,红色,红,rgb,226,89,57,6,0,full,white,en,,1.1.5,
19005,zh,"Chinese (中文 (Zhōngwén), 汉语, 漢語)",浅春绿,浅春绿色,浅春绿,rgb,193,239,179,6,1,full,white,en,,1.1.5,
19005,zh,"Chinese (中文 (Zhōngwén), 汉语, 漢語)",灰粉,灰粉色,灰粉,rgb,153,131,141,6,2,full,white,en,,1.1.5,
19005,zh,"Chinese (中文 (Zhōngwén), 汉语, 漢語)",油褐,油褐色,油褐,rgb,96,105,85,6,3,full,white,en,,1.1.5,
19005,zh,"Chinese (中文 (Zhōngwén), 汉语, 漢語)",玫红,玫瑰红色,玫瑰红,rgb,222,62,96,6,4,full,white,en,,1.1.5,
19005,zh,"Chinese (中文 (Zhōngwén), 汉语, 漢語)",绿,绿色,绿,rgb,98,224,34,6,5,full,white,en,,1.1.5,
19005,zh,"Chinese (中文 (Zhōngwén), 汉语, 漢語)",黑,黑色,黑,rgb,57,1,10,6,6,full,white,en,,1.1.5,
19005,zh,"Chinese (中文 (Zhōngwén), 汉语, 漢語)",亮品红,亮品红色,亮品红,rgb,223,113,224,6,7,full,white,en,,1.1.5,
19005,zh,"Chinese (中文 (Zhōngwén), 汉语, 漢語)",黑,黑色,黑,rgb,63,8,58,6,8,full,white,en,,1.1.5,
19005,zh,"Chinese (中文 (Zhōngwén), 汉语, 漢語)",蓝紫,蓝紫色,蓝紫,rgb,165,3,223,6,9,full,white,en,,1.1.5,
19005,zh,"Chinese (中文 (Zhōngwén), 汉语, 漢語)",水青,水青色,水青,rgb,26,246,218,6,10,full,white,en,,1.1.5,
19005,zh,"Chinese (中文 (Zhōngwén), 汉语, 漢語)",黑,黑色,黑,rgb,21,26,59,6,11,full,white,en,,1.1.5,
19037,zh,"Chinese (中文 (Zhōngwén), 汉语, 漢語)",紫,紫色,紫色,rgb,123,0,255,3,0,line,white,zh,,1.1.5,
19037,zh,"Chinese (中文 (Zhōngwén), 汉语, 漢語)",海蓝,海蓝色,海蓝色,rgb,0,98,255,3,1,line,white,zh,,1.1.5,
19037,zh,"Chinese (中文 (Zhōngwén), 汉语, 漢語)",红,红色,红色,rgb,255,0,55,3,2,line,white,zh,,1.1.5,
19037,zh,"Chinese (中文 (Zhōngwén), 汉语, 漢語)",红,红色,红色,rgb,255,0,48,3,3,line,white,zh,,1.1.5,
19037,zh,"Chinese (中文 (Zhōngwén), 汉语, 漢語)",紫红,紫红色,紫红色,rgb,185,0,255,3,4,line,white,zh,,1.1.5,
19037,zh,"Chinese (中文 (Zhōngwén), 汉语, 漢語)",粉,粉色,粉色,rgb,255,0,204,3,5,line,white,zh,,1.1.5,
19037,zh,"Chinese (中文 (Zhōngwén), 汉语, 漢語)",橙,橙色,橙色,rgb,255,135,0,3,6,line,white,zh,,1.1.5,
19037,zh,"Chinese (中文 (Zhōngwén), 汉语, 漢語)",黄,黄色,黄色,rgb,255,246,0,3,7,line,white,zh,,1.1.5,
19037,zh,"Chinese (中文 (Zhōngwén), 汉语, 漢語)",青,青色,青色,rgb,0,250,255,3,8,line,white,zh,,1.1.5,
19037,zh,"Chinese (中文 (Zhōngwén), 汉语, 漢語)",草绿,草绿色,草绿色,rgb,136,255,0,3,9,line,white,zh,,1.1.5,
19037,zh,"Chinese (中文 (Zhōngwén), 汉语, 漢語)",绿,绿色,绿色,rgb,0,255,128,3,10,line,white,zh,,1.1.5,
19037,zh,"Chinese (中文 (Zhōngwén), 汉语, 漢語)",靛蓝,靛蓝色,靛蓝,rgb,62,0,255,3,11,line,white,zh,,1.1.5,
19037,zh,"Chinese (中文 (Zhōngwén), 汉语, 漢語)",红,红色,红色,rgb,255,0,92,6,0,line,white,zh,,1.1.5,
19037,zh,"Chinese (中文 (Zhōngwén), 汉语, 漢語)",青,青色,青色,rgb,0,220,255,6,1,line,white,zh,,1.1.5,
19037,zh,"Chinese (中文 (Zhōngwén), 汉语, 漢語)",粉,粉色,粉色,rgb,255,0,172,6,2,line,white,zh,,1.1.5,
19037,zh,"Chinese (中文 (Zhōngwén), 汉语, 漢語)",深蓝,深蓝色,深蓝色,rgb,0,38,255,6,3,line,white,zh,,1.1.5,
19037,zh,"Chinese (中文 (Zhōngwén), 汉语, 漢語)",青绿,青绿色,青绿色,rgb,0,255,191,6,4,line,white,zh,,1.1.5,
19037,zh,"Chinese (中文 (Zhōngwén), 汉语, 漢語)",青绿,青绿色,青绿色,rgb,0,255,188,6,5,line,white,zh,,1.1.5,
19037,zh,"Chinese (中文 (Zhōngwén), 汉语, 漢語)",海蓝,海蓝色,海蓝色,rgb,0,125,255,6,6,line,white,zh,,1.1.5,
19037,zh,"Chinese (中文 (Zhōngwén), 汉语, 漢語)",深蓝,深蓝色,深蓝色,rgb,0,81,255,6,7,line,white,zh,,1.1.5,
19037,zh,"Chinese (中文 (Zhōngwén), 汉语, 漢語)",紫红,紫红色,紫红色,rgb,229,0,255,6,8,line,white,zh,,1.1.5,
19037,zh,"Chinese (中文 (Zhōngwén), 汉语, 漢語)",蓝,蓝色,蓝色,rgb,0,177,255,6,9,line,white,zh,,1.1.5,
19037,zh,"Chinese (中文 (Zhōngwén), 汉语, 漢語)",天蓝,天蓝色,天蓝色,rgb,0,200,255,6,10,line,white,zh,,1.1.5,
19037,zh,"Chinese (中文 (Zhōngwén), 汉语, 漢語)",蓝,蓝色,蓝色,rgb,0,140,255,6,11,line,white,zh,,1.1.5,
19053,zh,"Chinese (中文 (Zhōngwén), 汉语, 漢語)",蓝,蓝色,蓝色,rgb,54,151,248,1,0,full,white,zh,,1.1.5,
19053,zh,"Chinese (中文 (Zhōngwén), 汉语, 漢語)",亮绿,亮绿色,亮绿色,rgb,29,249,77,1,1,full,white,zh,,1.1.5,
19053,zh,"Chinese (中文 (Zhōngwén), 汉语, 漢語)",深蓝,深蓝色,深蓝色,rgb,11,41,211,1,2,full,white,zh,,1.1.5,
19053,zh,"Chinese (中文 (Zhōngwén), 汉语, 漢語)",土黄,土黄色,土黄色,rgb,207,190,73,1,3,full,white,zh,,1.1.5,
19053,zh,"Chinese (中文 (Zhōngwén), 汉语, 漢語)",深绿,深绿色,深绿色,rgb,58,92,60,1,4,full,white,zh,,1.1.5,
19053,zh,"Chinese (中文 (Zhōngwén), 汉语, 漢語)",浅棕,浅棕色,浅棕色,rgb,194,155,128,1,5,full,white,zh,,1.1.5,
19053,zh,"Chinese (中文 (Zhōngwén), 汉语, 漢語)",粉红,红粉色,红粉色,rgb,193,60,118,1,6,full,white,zh,,1.1.5,
19053,zh,"Chinese (中文 (Zhōngwén), 汉语, 漢語)",浅绿,浅绿色,浅绿色,rgb,124,201,147,1,7,full,white,zh,,1.1.5,
19053,zh,"Chinese (中文 (Zhōngwén), 汉语, 漢語)",紫红,红紫色,红紫色,rgb,82,38,100,1,8,full,white,zh,,1.1.5,
19053,zh,"Chinese (中文 (Zhōngwén), 汉语, 漢語)",浅红,浅红色,浅红色,rgb,205,93,103,1,9,full,white,zh,,1.1.5,
19053,zh,"Chinese (中文 (Zhōngwén), 汉语, 漢語)",深紫,深紫色,深紫色,rgb,132,66,171,1,10,full,white,zh,,1.1.5,
19053,zh,"Chinese (中文 (Zhōngwén), 汉语, 漢語)",浅紫,浅紫色,浅紫色,rgb,157,121,199,1,11,full,white,zh,,1.1.5,
19057,zh,"Chinese (中文 (Zhōngwén), 汉语, 漢語)",红,红色,红色,rgb,193,85,62,1,0,full,white,en,,1.1.5,
19057,zh,"Chinese (中文 (Zhōngwén), 汉语, 漢語)",蓝,蓝色,蓝色,rgb,174,76,230,1,1,full,white,en,,1.1.5,
19057,zh,"Chinese (中文 (Zhōngwén), 汉语, 漢語)",橙,橙色,橙色,rgb,225,87,35,1,2,full,white,en,,1.1.5,
19057,zh,"Chinese (中文 (Zhōngwén), 汉语, 漢語)",绿,绿色,绿色,rgb,16,198,47,1,3,full,white,en,,1.1.5,
19057,zh,"Chinese (中文 (Zhōngwén), 汉语, 漢語)",绿,绿色,绿色,rgb,114,137,15,1,4,full,white,en,,1.1.5,
19057,zh,"Chinese (中文 (Zhōngwén), 汉语, 漢語)",灰,灰色,灰色,rgb,140,231,222,1,5,full,white,en,,1.1.5,
19057,zh,"Chinese (中文 (Zhōngwén), 汉语, 漢語)",粉,粉色,粉色,rgb,48,125,177,1,6,full,white,en,,1.1.5,
19057,zh,"Chinese (中文 (Zhōngwén), 汉语, 漢語)",黑,黑色,黑色,rgb,169,26,57,1,7,full,white,en,,1.1.5,
19057,zh,"Chinese (中文 (Zhōngwén), 汉语, 漢語)",绿,绿色,绿色,rgb,151,134,44,1,8,full,white,en,,1.1.5,
19057,zh,"Chinese (中文 (Zhōngwén), 汉语, 漢語)",黄,黄色,黄色,rgb,155,242,169,1,9,full,white,en,,1.1.5,
19057,zh,"Chinese (中文 (Zhōngwén), 汉语, 漢語)",紫,紫色,紫色,rgb,86,27,247,1,10,full,white,en,,1.1.5,
19057,zh,"Chinese (中文 (Zhōngwén), 汉语, 漢語)",浅粉,浅粉色,浅粉色,rgb,109,193,235,1,11,full,white,en,,1.1.5,
19057,zh,"Chinese (中文 (Zhōngwén), 汉语, 漢語)",灰,灰色,灰色,rgb,141,146,134,3,0,full,white,en,,1.1.5,
19057,zh,"Chinese (中文 (Zhōngwén), 汉语, 漢語)",绿,绿色,绿色,rgb,31,175,86,3,1,full,white,en,,1.1.5,
19057,zh,"Chinese (中文 (Zhōngwén), 汉语, 漢語)",绿,绿色,绿色,rgb,163,223,31,3,2,full,white,en,,1.1.5,
19057,zh,"Chinese (中文 (Zhōngwén), 汉语, 漢語)",黄,黄色,黄色,rgb,206,226,157,3,3,full,white,en,,1.1.5,
19057,zh,"Chinese (中文 (Zhōngwén), 汉语, 漢語)",紫,紫色,紫色,rgb,11,36,109,3,4,full,white,en,,1.1.5,
19057,zh,"Chinese (中文 (Zhōngwén), 汉语, 漢語)",红,红色,红色,rgb,30,82,0,3,5,full,white,en,,1.1.5,
19057,zh,"Chinese (中文 (Zhōngwén), 汉语, 漢語)",棕,棕色,棕色,rgb,105,81,57,3,6,full,white,en,,1.1.5,
19057,zh,"Chinese (中文 (Zhōngwén), 汉语, 漢語)",黑,黑色,黑色,rgb,50,27,23,3,7,full,white,en,,1.1.5,
19057,zh,"Chinese (中文 (Zhōngwén), 汉语, 漢語)",粉,粉色,粉色,rgb,200,158,139,3,8,full,white,en,,1.1.5,
19057,zh,"Chinese (中文 (Zhōngwén), 汉语, 漢語)",黄,黄色,黄色,rgb,144,246,119,3,9,full,white,en,,1.1.5,
19057,zh,"Chinese (中文 (Zhōngwén), 汉语, 漢語)",紫,紫色,紫色,rgb,128,24,93,3,10,full,white,en,,1.1.5,
19057,zh,"Chinese (中文 (Zhōngwén), 汉语, 漢語)",绿,绿色,绿色,rgb,236,153,106,3,11,full,white,en,,1.1.5,
19057,zh,"Chinese (中文 (Zhōngwén), 汉语, 漢語)",棕,棕色,棕色,rgb,141,63,70,6,0,full,white,en,,1.1.5,
19057,zh,"Chinese (中文 (Zhōngwén), 汉语, 漢語)",蓝,蓝色,蓝色,rgb,167,185,254,6,1,full,white,en,,1.1.5,
19057,zh,"Chinese (中文 (Zhōngwén), 汉语, 漢語)",粉,粉色,粉色,rgb,133,73,136,6,2,full,white,en,,1.1.5,
19057,zh,"Chinese (中文 (Zhōngwén), 汉语, 漢語)",蓝,蓝色,蓝色,rgb,90,125,227,6,3,full,white,en,,1.1.5,
19057,zh,"Chinese (中文 (Zhōngwén), 汉语, 漢語)",蓝,蓝色,蓝色,rgb,104,94,248,6,4,full,white,en,,1.1.5,
19057,zh,"Chinese (中文 (Zhōngwén), 汉语, 漢語)",绿,绿色,绿色,rgb,24,141,94,6,5,full,white,en,,1.1.5,
19057,zh,"Chinese (中文 (Zhōngwén), 汉语, 漢語)",黄,黄色,黄色,rgb,64,247,202,6,6,full,white,en,,1.1.5,
19057,zh,"Chinese (中文 (Zhōngwén), 汉语, 漢語)",蓝,蓝色,蓝色,rgb,241,72,212,6,7,full,white,en,,1.1.5,
19057,zh,"Chinese (中文 (Zhōngwén), 汉语, 漢語)",红,红色,红色,rgb,167,33,12,6,8,full,white,en,,1.1.5,
19057,zh,"Chinese (中文 (Zhōngwén), 汉语, 漢語)",紫,紫色,紫色,rgb,89,30,171,6,9,full,white,en,,1.1.5,
19057,zh,"Chinese (中文 (Zhōngwén), 汉语, 漢語)",灰,灰色,灰色,rgb,229,85,115,6,10,full,white,en,,1.1.5,
19057,zh,"Chinese (中文 (Zhōngwén), 汉语, 漢語)",红,红色,红色,rgb,250,37,53,6,11,full,white,en,,1.1.5,
19065,zh,"Chinese (中文 (Zhōngwén), 汉语, 漢語)",驼,驼色,驼,rgb,212,165,132,1,0,full,white,en,,1.1.5,
19065,zh,"Chinese (中文 (Zhōngwén), 汉语, 漢語)",浅绿,浅绿色,浅绿,rgb,200,209,15,1,1,full,white,en,,1.1.5,
19065,zh,"Chinese (中文 (Zhōngwén), 汉语, 漢語)",灰紫,灰紫色,灰紫,rgb,211,63,166,1,2,full,white,en,,1.1.5,
19065,zh,"Chinese (中文 (Zhōngwén), 汉语, 漢語)",青柠绿,青柠绿色,青柠绿,rgb,91,187,50,1,3,full,white,en,,1.1.5,
19065,zh,"Chinese (中文 (Zhōngwén), 汉语, 漢語)",靛紫,靛紫色,靛紫,rgb,90,25,179,1,4,full,white,en,,1.1.5,
19065,zh,"Chinese (中文 (Zhōngwén), 汉语, 漢語)",灰粉,灰粉色,灰粉,rgb,203,119,153,1,5,full,white,en,,1.1.5,
19065,zh,"Chinese (中文 (Zhōngwén), 汉语, 漢語)",蓝,蓝色,蓝,rgb,9,74,207,1,6,full,white,en,,1.1.5,
19065,zh,"Chinese (中文 (Zhōngwén), 汉语, 漢語)",红棕,红棕色,红棕,rgb,217,73,100,1,7,full,white,en,,1.1.5,
19065,zh,"Chinese (中文 (Zhōngwén), 汉语, 漢語)",棕绿,棕绿色,棕绿,rgb,41,84,51,1,8,full,white,en,,1.1.5,
19065,zh,"Chinese (中文 (Zhōngwén), 汉语, 漢語)",黑,黑色,黑,rgb,63,9,19,1,9,full,white,en,,1.1.5,
19065,zh,"Chinese (中文 (Zhōngwén), 汉语, 漢語)",棕橙,棕橙色,棕橙,rgb,251,151,100,1,10,full,white,en,,1.1.5,
19065,zh,"Chinese (中文 (Zhōngwén), 汉语, 漢語)",春绿,春绿色,春绿,rgb,82,220,152,1,11,full,white,en,,1.1.5,
0,zh,"Chinese (中文 (Zhōngwén), 汉语, 漢語)",绿,绿色,绿,rgb,203,223,152,1,0,full,white,zh,,1.1.5,
0,zh,"Chinese (中文 (Zhōngwén), 汉语, 漢語)",蓝,蓝色,蓝,rgb,17,87,172,1,1,full,white,zh,,1.1.5,
0,zh,"Chinese (中文 (Zhōngwén), 汉语, 漢語)",青,青色,青,rgb,73,198,249,1,2,full,white,zh,,1.1.5,
0,zh,"Chinese (中文 (Zhōngwén), 汉语, 漢語)",棕,棕色,棕,rgb,141,72,80,1,3,full,white,zh,,1.1.5,
0,zh,"Chinese (中文 (Zhōngwén), 汉语, 漢語)",粉,粉色,粉,rgb,235,105,192,1,4,full,white,zh,,1.1.5,
0,zh,"Chinese (中文 (Zhōngwén), 汉语, 漢語)",绿,绿色,绿,rgb,17,176,167,1,5,full,white,zh,,1.1.5,
0,zh,"Chinese (中文 (Zhōngwén), 汉语, 漢語)",黑,黑色,黑,rgb,93,73,91,1,6,full,white,zh,,1.1.5,
0,zh,"Chinese (中文 (Zhōngwén), 汉语, 漢語)",蓝,蓝色,蓝,rgb,128,142,195,1,7,full,white,zh,,1.1.5,
0,zh,"Chinese (中文 (Zhōngwén), 汉语, 漢語)",紫,紫色,紫,rgb,109,14,104,1,8,full,white,zh,,1.1.5,
0,zh,"Chinese (中文 (Zhōngwén), 汉语, 漢語)",绿,绿色,绿,rgb,106,133,5,1,9,full,white,zh,,1.1.5,
0,zh,"Chinese (中文 (Zhōngwén), 汉语, 漢語)",绿,绿色,绿,rgb,45,102,64,1,10,full,white,zh,,1.1.5,
0,zh,"Chinese (中文 (Zhōngwén), 汉语, 漢語)",绿,绿色,绿,rgb,44,224,107,1,11,full,white,zh,,1.1.5,
19065,zh,"Chinese (中文 (Zhōngwén), 汉语, 漢語)",暗青,暗青色,暗青,rgb,94,231,235,3,0,full,white,en,,1.1.5,
19065,zh,"Chinese (中文 (Zhōngwén), 汉语, 漢語)",朱红,朱红色,朱红,rgb,240,57,49,3,1,full,white,en,,1.1.5,
19065,zh,"Chinese (中文 (Zhōngwén), 汉语, 漢語)",青,青色,青,rgb,219,210,246,3,2,full,white,en,,1.1.5,
19065,zh,"Chinese (中文 (Zhōngwén), 汉语, 漢語)",蓝紫,蓝紫色,蓝紫,rgb,144,13,242,3,3,full,white,en,,1.1.5,
19065,zh,"Chinese (中文 (Zhōngwén), 汉语, 漢語)",浅青,浅青色,浅青,rgb,233,230,223,3,4,full,white,en,,1.1.5,
19065,zh,"Chinese (中文 (Zhōngwén), 汉语, 漢語)",靛,靛色,靛,rgb,9,22,126,3,5,full,white,en,,1.1.5,
19065,zh,"Chinese (中文 (Zhōngwén), 汉语, 漢語)",赤,赤色,赤,rgb,202,96,47,3,6,full,white,en,,1.1.5,
19065,zh,"Chinese (中文 (Zhōngwén), 汉语, 漢語)",灰绿,灰绿色,灰绿,rgb,145,140,153,3,7,full,white,en,,1.1.5,
19065,zh,"Chinese (中文 (Zhōngwén), 汉语, 漢語)",品红,品红色,品红,rgb,165,150,249,3,8,full,white,en,,1.1.5,
19065,zh,"Chinese (中文 (Zhōngwén), 汉语, 漢語)",黄,黄色,黄,rgb,250,214,39,3,9,full,white,en,,1.1.5,
19065,zh,"Chinese (中文 (Zhōngwén), 汉语, 漢語)",绿,绿色,绿,rgb,237,146,17,3,10,full,white,en,,1.1.5,
19065,zh,"Chinese (中文 (Zhōngwén), 汉语, 漢語)",蓝,蓝色,蓝,rgb,37,8,231,3,11,full,white,en,,1.1.5,
19065,zh,"Chinese (中文 (Zhōngwén), 汉语, 漢語)",赭石,赭石色,赭石,rgb,185,94,82,6,0,full,white,en,,1.1.5,
19065,zh,"Chinese (中文 (Zhōngwén), 汉语, 漢語)",玫红,玫红色,玫红,rgb,254,27,177,6,1,full,white,en,,1.1.5,
19065,zh,"Chinese (中文 (Zhōngwén), 汉语, 漢語)",奶油,奶油色,奶油,rgb,234,255,198,6,2,full,white,en,,1.1.5,
19065,zh,"Chinese (中文 (Zhōngwén), 汉语, 漢語)",灰红,灰红色,灰红,rgb,153,107,86,6,3,full,white,en,,1.1.5,
19065,zh,"Chinese (中文 (Zhōngwén), 汉语, 漢語)",绿松石,绿松石色,绿松石,rgb,135,192,167,6,4,full,white,en,,1.1.5,
19065,zh,"Chinese (中文 (Zhōngwén), 汉语, 漢語)",黄绿,黄绿色,黄绿,rgb,183,250,67,6,5,full,white,en,,1.1.5,
19065,zh,"Chinese (中文 (Zhōngwén), 汉语, 漢語)",绀,绀色,绀,rgb,51,63,129,6,6,full,white,en,,1.1.5,
19065,zh,"Chinese (中文 (Zhōngwén), 汉语, 漢語)",翠,翠色,翠,rgb,121,84,106,6,7,full,white,en,,1.1.5,
19065,zh,"Chinese (中文 (Zhōngwén), 汉语, 漢語)",水鸭绿,水鸭绿色,水鸭绿,rgb,0,135,135,6,8,full,white,en,,1.1.5,
19065,zh,"Chinese (中文 (Zhōngwén), 汉语, 漢語)",橄榄绿,橄榄绿色,橄榄绿,rgb,21,109,28,6,9,full,white,en,,1.1.5,
19065,zh,"Chinese (中文 (Zhōngwén), 汉语, 漢語)",玫瑰粉,玫瑰粉色,玫瑰粉,rgb,252,9,122,6,10,full,white,en,,1.1.5,
19065,zh,"Chinese (中文 (Zhōngwén), 汉语, 漢語)",蓝黑,蓝黑色,蓝黑,rgb,4,36,72,6,11,full,white,en,,1.1.5,
0,zh,"Chinese (中文 (Zhōngwén), 汉语, 漢語)",棕,棕色,棕,rgb,127,40,19,3,0,full,white,zh,,1.1.5,
0,zh,"Chinese (中文 (Zhōngwén), 汉语, 漢語)",黄,黄色,黄,rgb,244,193,107,3,1,full,white,zh,,1.1.5,
0,zh,"Chinese (中文 (Zhōngwén), 汉语, 漢語)",绿,绿色,绿,rgb,180,247,142,3,2,full,white,zh,,1.1.5,
0,zh,"Chinese (中文 (Zhōngwén), 汉语, 漢語)",紫,紫色,紫,rgb,157,109,171,3,3,full,white,zh,,1.1.5,
0,zh,"Chinese (中文 (Zhōngwén), 汉语, 漢語)",棕灰,棕灰色,棕灰,rgb,178,157,122,3,4,full,white,zh,,1.1.5,
0,zh,"Chinese (中文 (Zhōngwén), 汉语, 漢語)",黑,黑色,黑,rgb,58,41,5,3,5,full,white,zh,,1.1.5,
0,zh,"Chinese (中文 (Zhōngwén), 汉语, 漢語)",紫,紫色,紫,rgb,146,23,229,3,6,full,white,zh,,1.1.5,
0,zh,"Chinese (中文 (Zhōngwén), 汉语, 漢語)",蓝,蓝色,蓝,rgb,6,43,167,3,7,full,white,zh,,1.1.5,
0,zh,"Chinese (中文 (Zhōngwén), 汉语, 漢語)",绿,绿色,绿,rgb,131,160,105,3,8,full,white,zh,,1.1.5,
0,zh,"Chinese (中文 (Zhōngwén), 汉语, 漢語)",紫,紫色,紫,rgb,201,161,244,3,9,full,white,zh,,1.1.5,
0,zh,"Chinese (中文 (Zhōngwén), 汉语, 漢語)",蓝绿,蓝绿色,蓝绿,rgb,25,139,157,3,10,full,white,zh,,1.1.5,
0,zh,"Chinese (中文 (Zhōngwén), 汉语, 漢語)",蓝,蓝色,蓝,rgb,109,156,244,3,11,full,white,zh,,1.1.5,
0,zh,"Chinese (中文 (Zhōngwén), 汉语, 漢語)",黄绿,黄绿色,黄绿,rgb,156,129,24,6,0,full,white,zh,,1.1.5,
0,zh,"Chinese (中文 (Zhōngwén), 汉语, 漢語)",淡绿,淡绿色,淡绿,rgb,180,241,226,6,1,full,white,zh,,1.1.5,
0,zh,"Chinese (中文 (Zhōngwén), 汉语, 漢語)",粉,粉色,粉,rgb,194,84,132,6,2,full,white,zh,,1.1.5,
0,zh,"Chinese (中文 (Zhōngwén), 汉语, 漢語)",绿,绿色,绿,rgb,77,146,61,6,3,full,white,zh,,1.1.5,
0,zh,"Chinese (中文 (Zhōngwén), 汉语, 漢語)",紫,紫色,紫,rgb,186,55,210,6,4,full,white,zh,,1.1.5,
0,zh,"Chinese (中文 (Zhōngwén), 汉语, 漢語)",绿,绿色,绿,rgb,119,197,159,6,5,full,white,zh,,1.1.5,
0,zh,"Chinese (中文 (Zhōngwén), 汉语, 漢語)",蓝,蓝色,蓝,rgb,39,53,216,6,6,full,white,zh,,1.1.5,
0,zh,"Chinese (中文 (Zhōngwén), 汉语, 漢語)",红,红色,红,rgb,189,69,82,6,7,full,white,zh,,1.1.5,
0,zh,"Chinese (中文 (Zhōngwén), 汉语, 漢語)",黄,黄色,黄,rgb,252,250,44,6,8,full,white,zh,,1.1.5,
0,zh,"Chinese (中文 (Zhōngwén), 汉语, 漢語)",红,红色,红,rgb,182,29,4,6,9,full,white,zh,,1.1.5,
0,zh,"Chinese (中文 (Zhōngwén), 汉语, 漢語)",粉,粉色,粉,rgb,247,153,157,6,10,full,white,zh,,1.1.5,
0,zh,"Chinese (中文 (Zhōngwén), 汉语, 漢語)",红,红色,红,rgb,247,75,87,6,11,full,white,zh,,1.1.5,
19070,zh,"Chinese (中文 (Zhōngwén), 汉语, 漢語)",茶,茶色,茶色,rgb,166,159,15,1,0,full,white,zh,,1.1.5,
19070,zh,"Chinese (中文 (Zhōngwén), 汉语, 漢語)",天蓝,天蓝色,天蓝,rgb,59,201,246,1,1,full,white,zh,,1.1.5,
19070,zh,"Chinese (中文 (Zhōngwén), 汉语, 漢語)",深粉,深粉色,深粉,rgb,102,10,44,1,2,full,white,zh,,1.1.5,
19070,zh,"Chinese (中文 (Zhōngwén), 汉语, 漢語)",淡蓝,淡蓝色,淡蓝,rgb,79,242,252,1,3,full,white,zh,,1.1.5,
19070,zh,"Chinese (中文 (Zhōngwén), 汉语, 漢語)",橘,橘色,橘色,rgb,250,160,71,1,4,full,white,zh,,1.1.5,
19070,zh,"Chinese (中文 (Zhōngwén), 汉语, 漢語)",草绿,草绿色,草绿,rgb,108,176,105,1,5,full,white,zh,,1.1.5,
19070,zh,"Chinese (中文 (Zhōngwén), 汉语, 漢語)",蓝绿,蓝绿色,蓝绿,rgb,70,148,128,3,0,full,white,zh,,1.1.5,
19070,zh,"Chinese (中文 (Zhōngwén), 汉语, 漢語)",草绿,草绿色,草绿,rgb,1,167,2,3,1,full,white,zh,,1.1.5,
19070,zh,"Chinese (中文 (Zhōngwén), 汉语, 漢語)",蓝,蓝色,蓝色,rgb,4,40,237,3,2,full,white,zh,,1.1.5,
19070,zh,"Chinese (中文 (Zhōngwén), 汉语, 漢語)",深粉,深粉色,深粉,rgb,211,55,197,3,3,full,white,zh,,1.1.5,
19070,zh,"Chinese (中文 (Zhōngwén), 汉语, 漢語)",浓绿,浓绿色,浓绿,rgb,11,133,31,3,4,full,white,zh,,1.1.5,
19070,zh,"Chinese (中文 (Zhōngwén), 汉语, 漢語)",淡绿,淡绿色,淡绿,rgb,122,233,91,3,5,full,white,zh,,1.1.5,
19070,zh,"Chinese (中文 (Zhōngwén), 汉语, 漢語)",粉,粉色,粉色,rgb,237,137,163,3,6,full,white,zh,,1.1.5,
19070,zh,"Chinese (中文 (Zhōngwén), 汉语, 漢語)",淡紫,淡紫色,淡紫,rgb,157,115,173,3,7,full,white,zh,,1.1.5,
19070,zh,"Chinese (中文 (Zhōngwén), 汉语, 漢語)",紫,紫色,紫色,rgb,84,68,145,3,8,full,white,zh,,1.1.5,
19070,zh,"Chinese (中文 (Zhōngwén), 汉语, 漢語)",铜,铜色,铜色,rgb,174,99,71,3,9,full,white,zh,,1.1.5,
19070,zh,"Chinese (中文 (Zhōngwén), 汉语, 漢語)",黄绿,黄绿色,黄绿,rgb,211,250,117,3,10,full,white,zh,,1.1.5,
19070,zh,"Chinese (中文 (Zhōngwén), 汉语, 漢語)",深蓝,深蓝色,深蓝,rgb,32,26,175,3,11,full,white,zh,,1.1.5,
19070,zh,"Chinese (中文 (Zhōngwén), 汉语, 漢語)",粉红,粉红色,粉红,rgb,236,64,107,6,0,full,white,zh,,1.1.5,
19070,zh,"Chinese (中文 (Zhōngwén), 汉语, 漢語)",紫红,红紫色,红紫,rgb,124,9,99,6,1,full,white,zh,,1.1.5,
19070,zh,"Chinese (中文 (Zhōngwén), 汉语, 漢語)",橘铜,橘铜色,橘铜,rgb,178,99,18,6,2,full,white,zh,,1.1.5,
19070,zh,"Chinese (中文 (Zhōngwén), 汉语, 漢語)",灰绿,灰绿色,灰绿,rgb,63,111,113,6,3,full,white,zh,,1.1.5,
19070,zh,"Chinese (中文 (Zhōngwén), 汉语, 漢語)",绿,绿色,绿色,rgb,57,220,17,6,4,full,white,zh,,1.1.5,
19070,zh,"Chinese (中文 (Zhōngwén), 汉语, 漢語)",棕绿,棕绿色,棕绿,rgb,117,89,32,6,5,full,white,zh,,1.1.5,
19070,zh,"Chinese (中文 (Zhōngwén), 汉语, 漢語)",草绿,草绿色,草绿,rgb,89,121,31,6,6,full,white,zh,,1.1.5,
19070,zh,"Chinese (中文 (Zhōngwén), 汉语, 漢語)",草绿,草绿色,草绿,rgb,9,129,73,6,7,full,white,zh,,1.1.5,
19070,zh,"Chinese (中文 (Zhōngwén), 汉语, 漢語)",蓝,蓝色,蓝色,rgb,50,99,200,6,8,full,white,zh,,1.1.5,
19070,zh,"Chinese (中文 (Zhōngwén), 汉语, 漢語)",淡蓝,淡蓝色,淡蓝,rgb,179,243,241,6,9,full,white,zh,,1.1.5,
19070,zh,"Chinese (中文 (Zhōngwén), 汉语, 漢語)",灰蓝,灰蓝色,灰蓝,rgb,85,151,179,6,10,full,white,zh,,1.1.5,
19070,zh,"Chinese (中文 (Zhōngwén), 汉语, 漢語)",紫,紫色,紫色,rgb,131,95,237,6,11,full,white,zh,,1.1.5,
19345,zh,"Chinese (中文 (Zhōngwén), 汉语, 漢語)",青绿,青绿色,青绿色,rgb,18,141,156,1,0,full,white,zh,,1.1.5,
19345,zh,"Chinese (中文 (Zhōngwén), 汉语, 漢語)",靛蓝,靛蓝色,靛蓝色,rgb,48,102,169,1,1,full,white,zh,,1.1.5,
19345,zh,"Chinese (中文 (Zhōngwén), 汉语, 漢語)",粉紫,粉紫色,粉紫色,rgb,183,96,201,1,2,full,white,zh,,1.1.5,
19345,zh,"Chinese (中文 (Zhōngwén), 汉语, 漢語)",正蓝,正蓝色,正蓝色,rgb,27,41,199,1,3,full,white,zh,,1.1.5,
19345,zh,"Chinese (中文 (Zhōngwén), 汉语, 漢語)",灰棕,灰棕色,灰棕色,rgb,76,76,103,1,4,full,white,zh,,1.1.5,
19345,zh,"Chinese (中文 (Zhōngwén), 汉语, 漢語)",浅棕黄,浅棕黄色,浅棕黄色,rgb,219,184,108,1,5,full,white,zh,,1.1.5,
19345,zh,"Chinese (中文 (Zhōngwén), 汉语, 漢語)",嫩绿,嫩绿色,嫩绿色,rgb,196,219,72,1,6,full,white,zh,,1.1.5,
19345,zh,"Chinese (中文 (Zhōngwén), 汉语, 漢語)",松花绿,松花绿色,松花绿,rgb,6,140,61,1,7,full,white,zh,,1.1.5,
19345,zh,"Chinese (中文 (Zhōngwén), 汉语, 漢語)",翠绿,翠绿色,翠绿色,rgb,94,240,89,1,8,full,white,zh,,1.1.5,
19345,zh,"Chinese (中文 (Zhōngwén), 汉语, 漢語)",亮蓝,亮蓝色,亮蓝色,rgb,12,81,218,1,9,full,white,zh,,1.1.5,
19345,zh,"Chinese (中文 (Zhōngwén), 汉语, 漢語)",青蓝,青蓝色,青蓝色,rgb,83,233,223,1,10,full,white,zh,,1.1.5,
19345,zh,"Chinese (中文 (Zhōngwén), 汉语, 漢語)",玫红,玫红色,玫红色,rgb,225,15,120,1,11,full,white,zh,,1.1.5,
19345,zh,"Chinese (中文 (Zhōngwén), 汉语, 漢語)",草绿,草绿色,草绿色,rgb,155,237,131,3,0,full,white,zh,,1.1.5,
19345,zh,"Chinese (中文 (Zhōngwén), 汉语, 漢語)",碧绿,碧绿色,碧绿色,rgb,65,187,124,3,1,full,white,zh,,1.1.5,
19345,zh,"Chinese (中文 (Zhōngwén), 汉语, 漢語)",蓝紫,蓝紫色,蓝紫色,rgb,125,110,195,3,2,full,white,zh,,1.1.5,
19345,zh,"Chinese (中文 (Zhōngwén), 汉语, 漢語)",土黄,土黄色,土黄色,rgb,194,166,17,3,3,full,white,zh,,1.1.5,
19345,zh,"Chinese (中文 (Zhōngwén), 汉语, 漢語)",酱紫,酱紫色,酱紫色,rgb,148,124,156,3,4,full,white,zh,,1.1.5,
19345,zh,"Chinese (中文 (Zhōngwén), 汉语, 漢語)",藕粉,藕粉色,藕粉色,rgb,251,228,247,3,5,full,white,zh,,1.1.5,
19345,zh,"Chinese (中文 (Zhōngwén), 汉语, 漢語)",深褐,深褐色,深褐色,rgb,51,6,4,3,6,full,white,zh,,1.1.5,
19345,zh,"Chinese (中文 (Zhōngwén), 汉语, 漢語)",藏青,藏青色,藏青色,rgb,19,6,72,3,7,full,white,zh,,1.1.5,
19345,zh,"Chinese (中文 (Zhōngwén), 汉语, 漢語)",琉璃蓝,琉璃蓝色,琉璃蓝,rgb,23,130,247,3,8,full,white,zh,,1.1.5,
19345,zh,"Chinese (中文 (Zhōngwén), 汉语, 漢語)",亮橙,亮橙色,亮橙色,rgb,251,178,24,3,9,full,white,zh,,1.1.5,
19345,zh,"Chinese (中文 (Zhōngwén), 汉语, 漢語)",丁香紫,丁香紫色,丁香紫,rgb,209,164,247,3,10,full,white,zh,,1.1.5,
19345,zh,"Chinese (中文 (Zhōngwén), 汉语, 漢語)",灰绿,灰绿色,灰绿色,rgb,143,177,162,3,11,full,white,zh,,1.1.5,
19345,zh,"Chinese (中文 (Zhōngwén), 汉语, 漢語)",棕赭,棕赭色,棕赭色,rgb,194,93,82,6,0,full,white,zh,,1.1.5,
19345,zh,"Chinese (中文 (Zhōngwén), 汉语, 漢語)",天蓝,天蓝色,天蓝色,rgb,66,199,247,6,1,full,white,zh,,1.1.5,
19345,zh,"Chinese (中文 (Zhōngwén), 汉语, 漢語)",蓝紫,蓝紫色,蓝紫色,rgb,137,33,251,6,2,full,white,zh,,1.1.5,
19345,zh,"Chinese (中文 (Zhōngwén), 汉语, 漢語)",琥珀橙,琥珀橙色,琥珀橙,rgb,218,121,6,6,3,full,white,zh,,1.1.5,
19345,zh,"Chinese (中文 (Zhōngwén), 汉语, 漢語)",豆沙绿,豆沙绿色,豆沙绿,rgb,221,254,223,6,4,full,white,zh,,1.1.5,
19345,zh,"Chinese (中文 (Zhōngwén), 汉语, 漢語)",深栗,深栗色,深栗色,rgb,80,36,62,6,5,full,white,zh,,1.1.5,
19345,zh,"Chinese (中文 (Zhōngwén), 汉语, 漢語)",石榴红,石榴红色,石榴红,rgb,216,15,33,6,6,full,white,zh,,1.1.5,
19345,zh,"Chinese (中文 (Zhōngwén), 汉语, 漢語)",墨绿,墨绿色,墨绿色,rgb,26,65,1,6,7,full,white,zh,,1.1.5,
19345,zh,"Chinese (中文 (Zhōngwén), 汉语, 漢語)",青莲紫,青莲紫色,青莲紫,rgb,106,27,134,6,8,full,white,zh,,1.1.5,
19345,zh,"Chinese (中文 (Zhōngwén), 汉语, 漢語)",洋红,洋红色,洋红色,rgb,202,42,204,6,9,full,white,zh,,1.1.5,
19345,zh,"Chinese (中文 (Zhōngwén), 汉语, 漢語)",水粉紫,水粉紫色,水粉紫,rgb,253,140,180,6,10,full,white,zh,,1.1.5,
19345,zh,"Chinese (中文 (Zhōngwén), 汉语, 漢語)",棕褐,棕褐色,棕褐色,rgb,185,124,61,6,11,full,white,zh,,1.1.5,
19353,zh,"Chinese (中文 (Zhōngwén), 汉语, 漢語)",品红,品红色,品红,rgb,223,17,83,1,0,full,white,en,,1.1.5,
19353,zh,"Chinese (中文 (Zhōngwén), 汉语, 漢語)",墨绿,墨绿色,墨绿,rgb,13,210,110,1,1,full,white,en,,1.1.5,
19353,zh,"Chinese (中文 (Zhōngwén), 汉语, 漢語)",青,青色,青,rgb,74,202,207,1,2,full,white,en,,1.1.5,
19353,zh,"Chinese (中文 (Zhōngwén), 汉语, 漢語)",蓝,蓝色,蓝,rgb,61,101,188,1,3,full,white,en,,1.1.5,
19353,zh,"Chinese (中文 (Zhōngwén), 汉语, 漢語)",灰,灰色,灰,rgb,195,190,186,1,4,full,white,en,,1.1.5,
19353,zh,"Chinese (中文 (Zhōngwén), 汉语, 漢語)",绿,绿色,绿,rgb,84,246,37,1,5,full,white,en,,1.1.5,
19353,zh,"Chinese (中文 (Zhōngwén), 汉语, 漢語)",紫,紫色,紫,rgb,171,73,165,1,6,full,white,en,,1.1.5,
19353,zh,"Chinese (中文 (Zhōngwén), 汉语, 漢語)",土黄,土黄色,土黄,rgb,215,146,31,1,7,full,white,en,,1.1.5,
19353,zh,"Chinese (中文 (Zhōngwén), 汉语, 漢語)",绿,绿色,绿,rgb,108,245,101,1,8,full,white,en,,1.1.5,
19353,zh,"Chinese (中文 (Zhōngwén), 汉语, 漢語)",淡粉,淡粉色,淡粉,rgb,241,206,253,1,9,full,white,en,,1.1.5,
19353,zh,"Chinese (中文 (Zhōngwén), 汉语, 漢語)",土黄,土黄色,土黄,rgb,215,166,87,1,10,full,white,en,,1.1.5,
19353,zh,"Chinese (中文 (Zhōngwén), 汉语, 漢語)",天蓝,天蓝色,天蓝,rgb,144,183,253,1,11,full,white,en,,1.1.5,
19353,zh,"Chinese (中文 (Zhōngwén), 汉语, 漢語)",棕,棕色,棕,rgb,199,113,92,3,0,full,white,en,,1.1.5,
19353,zh,"Chinese (中文 (Zhōngwén), 汉语, 漢語)",淡紫,淡紫色,淡紫,rgb,237,105,236,3,1,full,white,en,,1.1.5,
19353,zh,"Chinese (中文 (Zhōngwén), 汉语, 漢語)",紫,紫色,紫,rgb,218,15,238,3,2,full,white,en,,1.1.5,
19353,zh,"Chinese (中文 (Zhōngwén), 汉语, 漢語)",灰绿,灰绿色,灰绿,rgb,144,193,83,3,3,full,white,en,,1.1.5,
19353,zh,"Chinese (中文 (Zhōngwén), 汉语, 漢語)",蓝,蓝色,蓝,rgb,90,133,254,3,4,full,white,en,,1.1.5,
19353,zh,"Chinese (中文 (Zhōngwén), 汉语, 漢語)",深棕,深棕色,深棕,rgb,107,76,28,3,5,full,white,en,,1.1.5,
19353,zh,"Chinese (中文 (Zhōngwén), 汉语, 漢語)",粉,粉色,粉,rgb,246,98,182,3,6,full,white,en,,1.1.5,
19353,zh,"Chinese (中文 (Zhōngwén), 汉语, 漢語)",淡黄,淡黄色,淡黄,rgb,245,251,157,3,7,full,white,en,,1.1.5,
19353,zh,"Chinese (中文 (Zhōngwén), 汉语, 漢語)",紫灰,紫灰色,紫灰,rgb,184,121,178,3,8,full,white,en,,1.1.5,
19353,zh,"Chinese (中文 (Zhōngwén), 汉语, 漢語)",深蓝,深蓝色,深蓝,rgb,65,62,194,3,9,full,white,en,,1.1.5,
19353,zh,"Chinese (中文 (Zhōngwén), 汉语, 漢語)",黄棕,黄棕色,黄棕,rgb,205,185,16,3,10,full,white,en,,1.1.5,
19353,zh,"Chinese (中文 (Zhōngwén), 汉语, 漢語)",灰蓝,灰蓝色,灰蓝,rgb,123,152,178,3,11,full,white,en,,1.1.5,
19353,zh,"Chinese (中文 (Zhōngwén), 汉语, 漢語)",紫,紫色,紫,rgb,136,60,251,6,0,full,white,en,,1.1.5,
19353,zh,"Chinese (中文 (Zhōngwén), 汉语, 漢語)",棕,棕色,棕,rgb,148,82,11,6,1,full,white,en,,1.1.5,
19353,zh,"Chinese (中文 (Zhōngwén), 汉语, 漢語)",棕黑,棕黑色,棕黑,rgb,80,55,56,6,2,full,white,en,,1.1.5,
19353,zh,"Chinese (中文 (Zhōngwén), 汉语, 漢語)",灰黄,灰黄色,灰黄,rgb,172,169,116,6,3,full,white,en,,1.1.5,
19353,zh,"Chinese (中文 (Zhōngwén), 汉语, 漢語)",绿,绿色,绿,rgb,23,135,18,6,4,full,white,en,,1.1.5,
19353,zh,"Chinese (中文 (Zhōngwén), 汉语, 漢語)",黑,黑色,黑,rgb,24,4,41,6,5,full,white,en,,1.1.5,
19353,zh,"Chinese (中文 (Zhōngwén), 汉语, 漢語)",灰绿,灰绿色,灰绿,rgb,115,139,111,6,6,full,white,en,,1.1.5,
19353,zh,"Chinese (中文 (Zhōngwén), 汉语, 漢語)",品红,品红色,品红,rgb,195,41,117,6,7,full,white,en,,1.1.5,
19353,zh,"Chinese (中文 (Zhōngwén), 汉语, 漢語)",深紫,深紫色,深紫,rgb,112,38,102,6,8,full,white,en,,1.1.5,
19353,zh,"Chinese (中文 (Zhōngwén), 汉语, 漢語)",浅绿,浅绿色,浅绿,rgb,170,255,164,6,9,full,white,en,,1.1.5,
19353,zh,"Chinese (中文 (Zhōngwén), 汉语, 漢語)",蓝,蓝色,蓝,rgb,4,134,189,6,10,full,white,en,,1.1.5,
19353,zh,"Chinese (中文 (Zhōngwén), 汉语, 漢語)",蓝紫,蓝紫色,蓝紫,rgb,151,119,220,6,11,full,white,en,,1.1.5,
19386,zh,"Chinese (中文 (Zhōngwén), 汉语, 漢語)",草绿,草绿色,草绿,rgb,192,221,120,1,0,full,white,zh,,1.1.5,
19386,zh,"Chinese (中文 (Zhōngwén), 汉语, 漢語)",蓝,蓝色,蓝色,rgb,44,89,238,1,1,full,white,zh,,1.1.5,
19386,zh,"Chinese (中文 (Zhōngwén), 汉语, 漢語)",土黄,土黄色,土黄,rgb,187,140,18,1,2,full,white,zh,,1.1.5,
19386,zh,"Chinese (中文 (Zhōngwén), 汉语, 漢語)",紫灰,紫灰色,紫灰,rgb,128,84,112,1,3,full,white,zh,,1.1.5,
19386,zh,"Chinese (中文 (Zhōngwén), 汉语, 漢語)",浅绿,浅绿色,浅绿,rgb,213,222,180,1,4,full,white,zh,,1.1.5,
19386,zh,"Chinese (中文 (Zhōngwén), 汉语, 漢語)",青绿,青绿色,青绿,rgb,114,190,169,1,5,full,white,zh,,1.1.5,
19386,zh,"Chinese (中文 (Zhōngwén), 汉语, 漢語)",深紫,深紫色,深紫,rgb,46,20,28,1,6,full,white,zh,,1.1.5,
19386,zh,"Chinese (中文 (Zhōngwén), 汉语, 漢語)",品红,品红色,品红,rgb,225,1,218,1,7,full,white,zh,,1.1.5,
19386,zh,"Chinese (中文 (Zhōngwén), 汉语, 漢語)",天蓝,天蓝色,天蓝,rgb,84,190,241,1,8,full,white,zh,,1.1.5,
19386,zh,"Chinese (中文 (Zhōngwén), 汉语, 漢語)",深绿,深绿色,深绿,rgb,57,110,3,1,9,full,white,zh,,1.1.5,
19386,zh,"Chinese (中文 (Zhōngwén), 汉语, 漢語)",紫,紫色,紫色,rgb,132,67,137,1,10,full,white,zh,,1.1.5,
19386,zh,"Chinese (中文 (Zhōngwén), 汉语, 漢語)",浅蓝,浅蓝色,浅蓝,rgb,181,229,245,1,11,full,white,zh,,1.1.5,
19386,zh,"Chinese (中文 (Zhōngwén), 汉语, 漢語)",青,青色,青色,rgb,39,219,224,3,0,full,white,zh,,1.1.5,
19386,zh,"Chinese (中文 (Zhōngwén), 汉语, 漢語)",浅紫,浅紫色,浅紫,rgb,109,108,185,3,1,full,white,zh,,1.1.5,
19386,zh,"Chinese (中文 (Zhōngwén), 汉语, 漢語)",墨绿,墨绿色,墨绿,rgb,38,51,17,3,2,full,white,zh,,1.1.5,
19386,zh,"Chinese (中文 (Zhōngwén), 汉语, 漢語)",深红,深红色,深红,rgb,130,47,32,3,3,full,white,zh,,1.1.5,
19386,zh,"Chinese (中文 (Zhōngwén), 汉语, 漢語)",深绿,深绿色,深绿,rgb,28,81,78,3,4,full,white,zh,,1.1.5,
19386,zh,"Chinese (中文 (Zhōngwén), 汉语, 漢語)",紫,紫色,紫色,rgb,55,19,136,3,5,full,white,zh,,1.1.5,
19386,zh,"Chinese (中文 (Zhōngwén), 汉语, 漢語)",黄,黄色,黄色,rgb,230,237,41,3,6,full,white,zh,,1.1.5,
19386,zh,"Chinese (中文 (Zhōngwén), 汉语, 漢語)",绿,绿色,绿色,rgb,50,191,47,3,7,full,white,zh,,1.1.5,
19386,zh,"Chinese (中文 (Zhōngwén), 汉语, 漢語)",钢蓝,钢蓝色,钢蓝,rgb,38,91,137,3,8,full,white,zh,,1.1.5,
19386,zh,"Chinese (中文 (Zhōngwén), 汉语, 漢語)",玫红,玫红色,玫红,rgb,168,68,119,3,9,full,white,zh,,1.1.5,
19386,zh,"Chinese (中文 (Zhōngwén), 汉语, 漢語)",橙红,橙红色,橙红,rgb,255,99,60,3,10,full,white,zh,,1.1.5,
19386,zh,"Chinese (中文 (Zhōngwén), 汉语, 漢語)",深紫,深紫色,深紫,rgb,47,33,81,3,11,full,white,zh,,1.1.5,
19386,zh,"Chinese (中文 (Zhōngwén), 汉语, 漢語)",紫,紫色,紫色,rgb,94,8,241,6,0,full,white,zh,,1.1.5,
19386,zh,"Chinese (中文 (Zhōngwén), 汉语, 漢語)",绿,绿色,绿色,rgb,27,190,113,6,1,full,white,zh,,1.1.5,
19386,zh,"Chinese (中文 (Zhōngwén), 汉语, 漢語)",棕,棕色,棕色,rgb,203,138,97,6,2,full,white,zh,,1.1.5,
19386,zh,"Chinese (中文 (Zhōngwén), 汉语, 漢語)",蓝紫,蓝紫色,蓝紫,rgb,123,114,234,6,3,full,white,zh,,1.1.5,
19386,zh,"Chinese (中文 (Zhōngwén), 汉语, 漢語)",棕,棕色,棕色,rgb,155,131,107,6,4,full,white,zh,,1.1.5,
19386,zh,"Chinese (中文 (Zhōngwén), 汉语, 漢語)",墨绿,墨绿色,墨绿,rgb,21,112,134,6,5,full,white,zh,,1.1.5,
19386,zh,"Chinese (中文 (Zhōngwén), 汉语, 漢語)",深红,深红色,深红,rgb,171,5,74,6,6,full,white,zh,,1.1.5,
19386,zh,"Chinese (中文 (Zhōngwén), 汉语, 漢語)",黄绿,黄绿色,黄绿,rgb,181,232,65,6,7,full,white,zh,,1.1.5,
19386,zh,"Chinese (中文 (Zhōngwén), 汉语, 漢語)",粉红,粉红色,粉红,rgb,236,166,192,6,8,full,white,zh,,1.1.5,
19386,zh,"Chinese (中文 (Zhōngwén), 汉语, 漢語)",玫红,玫红色,玫红,rgb,231,56,183,6,9,full,white,zh,,1.1.5,
19386,zh,"Chinese (中文 (Zhōngwén), 汉语, 漢語)",红,红色,红色,rgb,229,30,64,6,10,full,white,zh,,1.1.5,
19386,zh,"Chinese (中文 (Zhōngwén), 汉语, 漢語)",浅红,浅红色,浅红,rgb,239,125,138,6,11,full,white,zh,,1.1.5,
19395,zh,"Chinese (中文 (Zhōngwén), 汉语, 漢語)",红,红色,红,rgb,218,59,105,1,0,full,white,zh,,1.1.5,
19395,zh,"Chinese (中文 (Zhōngwén), 汉语, 漢語)",红褐,红褐色,红褐,rgb,179,92,99,1,1,full,white,zh,,1.1.5,
19395,zh,"Chinese (中文 (Zhōngwén), 汉语, 漢語)",灰,灰色,灰,rgb,122,137,138,1,2,full,white,zh,,1.1.5,
19395,zh,"Chinese (中文 (Zhōngwén), 汉语, 漢語)",绿,绿色,绿,rgb,5,86,50,1,3,full,white,zh,,1.1.5,
19395,zh,"Chinese (中文 (Zhōngwén), 汉语, 漢語)",紫,紫色,紫,rgb,162,60,247,1,4,full,white,zh,,1.1.5,
19395,zh,"Chinese (中文 (Zhōngwén), 汉语, 漢語)",黑,黑色,黑,rgb,47,10,7,1,5,full,white,zh,,1.1.5,
19395,zh,"Chinese (中文 (Zhōngwén), 汉语, 漢語)",青灰,青灰色,青灰,rgb,136,190,204,1,6,full,white,zh,,1.1.5,
19395,zh,"Chinese (中文 (Zhōngwén), 汉语, 漢語)",红,红色,红,rgb,245,51,45,1,7,full,white,zh,,1.1.5,
19395,zh,"Chinese (中文 (Zhōngwén), 汉语, 漢語)",蓝,蓝色,蓝,rgb,93,156,243,1,8,full,white,zh,,1.1.5,
19395,zh,"Chinese (中文 (Zhōngwén), 汉语, 漢語)",青,青色,青,rgb,160,235,223,1,9,full,white,zh,,1.1.5,
19395,zh,"Chinese (中文 (Zhōngwén), 汉语, 漢語)",绿,绿色,绿,rgb,51,171,148,1,10,full,white,zh,,1.1.5,
19395,zh,"Chinese (中文 (Zhōngwén), 汉语, 漢語)",紫,紫色,紫,rgb,213,106,225,1,11,full,white,zh,,1.1.5,
19395,zh,"Chinese (中文 (Zhōngwén), 汉语, 漢語)",褐,褐色,褐,rgb,97,30,48,3,0,full,white,zh,,1.1.5,
19395,zh,"Chinese (中文 (Zhōngwén), 汉语, 漢語)",绿,绿色,绿,rgb,33,192,138,3,1,full,white,zh,,1.1.5,
19395,zh,"Chinese (中文 (Zhōngwén), 汉语, 漢語)",浅绿,浅绿色,浅绿,rgb,202,225,175,3,2,full,white,zh,,1.1.5,
19395,zh,"Chinese (中文 (Zhōngwén), 汉语, 漢語)",绿,绿色,绿,rgb,122,162,107,3,3,full,white,zh,,1.1.5,
19395,zh,"Chinese (中文 (Zhōngwén), 汉语, 漢語)",肉,肉色,肉色,rgb,249,180,142,3,4,full,white,zh,,1.1.5,
19395,zh,"Chinese (中文 (Zhōngwén), 汉语, 漢語)",蓝灰,蓝灰色,蓝灰,rgb,24,99,125,3,5,full,white,zh,,1.1.5,
19395,zh,"Chinese (中文 (Zhōngwén), 汉语, 漢語)",紫,紫色,紫,rgb,188,6,146,3,6,full,white,zh,,1.1.5,
19395,zh,"Chinese (中文 (Zhōngwén), 汉语, 漢語)",粉,粉色,粉,rgb,235,139,175,3,7,full,white,zh,,1.1.5,
19395,zh,"Chinese (中文 (Zhōngwén), 汉语, 漢語)",蓝,蓝色,蓝,rgb,71,25,213,3,8,full,white,zh,,1.1.5,
19395,zh,"Chinese (中文 (Zhōngwén), 汉语, 漢語)",灰,灰色,灰,rgb,71,85,83,3,9,full,white,zh,,1.1.5,
19395,zh,"Chinese (中文 (Zhōngwén), 汉语, 漢語)",绿,绿色,绿,rgb,76,166,65,3,10,full,white,zh,,1.1.5,
19395,zh,"Chinese (中文 (Zhōngwén), 汉语, 漢語)",粉,粉色,粉,rgb,241,193,195,3,11,full,white,zh,,1.1.5,
19395,zh,"Chinese (中文 (Zhōngwén), 汉语, 漢語)",黄,黄色,黄,rgb,213,152,58,6,0,full,white,zh,,1.1.5,
19395,zh,"Chinese (中文 (Zhōngwén), 汉语, 漢語)",墨绿,墨绿色,墨绿,rgb,114,119,57,6,1,full,white,zh,,1.1.5,
19395,zh,"Chinese (中文 (Zhōngwén), 汉语, 漢語)",紫,紫色,紫,rgb,160,110,180,6,2,full,white,zh,,1.1.5,
19395,zh,"Chinese (中文 (Zhōngwén), 汉语, 漢語)",黄,黄色,黄,rgb,232,229,93,6,3,full,white,zh,,1.1.5,
19395,zh,"Chinese (中文 (Zhōngwén), 汉语, 漢語)",蓝,蓝色,蓝,rgb,47,36,117,6,4,full,white,zh,,1.1.5,
19395,zh,"Chinese (中文 (Zhōngwén), 汉语, 漢語)",蓝,蓝色,蓝,rgb,64,3,252,6,5,full,white,zh,,1.1.5,
19395,zh,"Chinese (中文 (Zhōngwén), 汉语, 漢語)",绿,绿色,绿,rgb,132,238,34,6,6,full,white,zh,,1.1.5,
19395,zh,"Chinese (中文 (Zhōngwén), 汉语, 漢語)",橙黄,橙黄色,橙黄,rgb,241,186,31,6,7,full,white,zh,,1.1.5,
19395,zh,"Chinese (中文 (Zhōngwén), 汉语, 漢語)",绿,绿色,绿,rgb,125,212,69,6,8,full,white,zh,,1.1.5,
19395,zh,"Chinese (中文 (Zhōngwén), 汉语, 漢語)",绿,绿色,绿,rgb,79,254,87,6,9,full,white,zh,,1.1.5,
19395,zh,"Chinese (中文 (Zhōngwén), 汉语, 漢語)",蓝,蓝色,蓝,rgb,24,151,190,6,10,full,white,zh,,1.1.5,
19395,zh,"Chinese (中文 (Zhōngwén), 汉语, 漢語)",橙,橙色,橙,rgb,230,122,7,6,11,full,white,zh,,1.1.5,
0,zh,"Chinese (中文 (Zhōngwén), 汉语, 漢語)",赭石,赭石色,赭石,rgb,190,90,33,1,0,full,white,zh,,1.1.5,
0,zh,"Chinese (中文 (Zhōngwén), 汉语, 漢語)",熟褐,熟褐色,熟褐,rgb,74,32,42,1,1,full,white,zh,,1.1.5,
0,zh,"Chinese (中文 (Zhōngwén), 汉语, 漢語)",锦葵紫,锦葵紫色,锦葵紫,rgb,211,108,200,1,2,full,white,zh,,1.1.5,
0,zh,"Chinese (中文 (Zhōngwén), 汉语, 漢語)",土黄,土黄色,土黄,rgb,210,152,2,1,3,full,white,zh,,1.1.5,
0,zh,"Chinese (中文 (Zhōngwén), 汉语, 漢語)",桃红,桃红色,桃红,rgb,235,113,141,1,4,full,white,zh,,1.1.5,
0,zh,"Chinese (中文 (Zhōngwén), 汉语, 漢語)",荧光绿,荧光绿色,荧光绿,rgb,94,236,72,1,5,full,white,zh,,1.1.5,
0,zh,"Chinese (中文 (Zhōngwén), 汉语, 漢語)",淡绿,淡绿色,淡绿,rgb,147,249,158,1,6,full,white,zh,,1.1.5,
0,zh,"Chinese (中文 (Zhōngwén), 汉语, 漢語)",紫罗蓝,紫罗兰色,紫罗兰,rgb,149,7,152,1,7,full,white,zh,,1.1.5,
0,zh,"Chinese (中文 (Zhōngwén), 汉语, 漢語)",浅蟹灰,浅蟹灰色,浅蟹灰,rgb,64,104,135,1,8,full,white,zh,,1.1.5,
0,zh,"Chinese (中文 (Zhōngwén), 汉语, 漢語)",米驼,米驼色,米驼,rgb,184,147,102,1,9,full,white,zh,,1.1.5,
0,zh,"Chinese (中文 (Zhōngwén), 汉语, 漢語)",湖蓝,湖蓝色,湖蓝,rgb,41,93,211,1,10,full,white,zh,,1.1.5,
0,zh,"Chinese (中文 (Zhōngwén), 汉语, 漢語)",沙,沙色,沙色,rgb,197,172,87,1,11,full,white,zh,,1.1.5,
0,zh,"Chinese (中文 (Zhōngwén), 汉语, 漢語)",暗红,暗红色,暗红,rgb,160,47,61,3,0,full,white,zh,,1.1.5,
0,zh,"Chinese (中文 (Zhōngwén), 汉语, 漢語)",浅橄榄绿,浅橄榄绿色,浅橄榄绿,rgb,154,157,22,3,1,full,white,zh,,1.1.5,
0,zh,"Chinese (中文 (Zhōngwén), 汉语, 漢語)",紫罗蓝,紫罗兰色,紫罗兰,rgb,152,51,132,3,2,full,white,zh,,1.1.5,
0,zh,"Chinese (中文 (Zhōngwén), 汉语, 漢語)",荧光绿,荧光绿色,荧光绿,rgb,67,247,8,3,3,full,white,zh,,1.1.5,
0,zh,"Chinese (中文 (Zhōngwén), 汉语, 漢語)",玫红,玫红色,玫红,rgb,235,69,104,3,4,full,white,zh,,1.1.5,
0,zh,"Chinese (中文 (Zhōngwén), 汉语, 漢語)",青紫,青紫色,青紫,rgb,122,12,235,3,5,full,white,zh,,1.1.5,
0,zh,"Chinese (中文 (Zhōngwén), 汉语, 漢語)",青苹果,青苹果色,青苹果,rgb,218,250,161,3,6,full,white,zh,,1.1.5,
0,zh,"Chinese (中文 (Zhōngwén), 汉语, 漢語)",深青铜,深青铜色,深青铜,rgb,138,117,16,3,7,full,white,zh,,1.1.5,
0,zh,"Chinese (中文 (Zhōngwén), 汉语, 漢語)",中绿,中绿色,中绿,rgb,91,166,88,3,8,full,white,zh,,1.1.5,
0,zh,"Chinese (中文 (Zhōngwén), 汉语, 漢語)",蓝莲,蓝莲色,蓝莲,rgb,97,63,121,3,9,full,white,zh,,1.1.5,
0,zh,"Chinese (中文 (Zhōngwén), 汉语, 漢語)",青,青色,青,rgb,66,248,243,3,10,full,white,zh,,1.1.5,
0,zh,"Chinese (中文 (Zhōngwén), 汉语, 漢語)",天蓝,天蓝色,天蓝,rgb,66,165,247,3,11,full,white,zh,,1.1.5,
0,zh,"Chinese (中文 (Zhōngwén), 汉语, 漢語)",脏紫,脏紫色,脏紫,rgb,155,123,151,6,0,full,white,zh,,1.1.5,
0,zh,"Chinese (中文 (Zhōngwén), 汉语, 漢語)",荧光青,荧光青色,荧光青,rgb,12,255,207,6,1,full,white,zh,,1.1.5,
0,zh,"Chinese (中文 (Zhōngwén), 汉语, 漢語)",品红,品红色,品红,rgb,250,87,229,6,2,full,white,zh,,1.1.5,
0,zh,"Chinese (中文 (Zhōngwén), 汉语, 漢語)",暗柠檬黄,暗柠檬黄色,暗柠檬黄,rgb,229,235,71,6,3,full,white,zh,,1.1.5,
0,zh,"Chinese (中文 (Zhōngwén), 汉语, 漢語)",钴蓝,钴蓝色,钴蓝,rgb,43,106,192,6,4,full,white,zh,,1.1.5,
0,zh,"Chinese (中文 (Zhōngwén), 汉语, 漢語)",紫丁香,紫丁香色,紫丁香,rgb,166,155,211,6,5,full,white,zh,,1.1.5,
0,zh,"Chinese (中文 (Zhōngwén), 汉语, 漢語)",浅墨绿,浅墨绿色,浅墨绿,rgb,60,143,116,6,6,full,white,zh,,1.1.5,
0,zh,"Chinese (中文 (Zhōngwén), 汉语, 漢語)",暖灰,暖灰色,暖灰,rgb,125,120,116,6,7,full,white,zh,,1.1.5,
0,zh,"Chinese (中文 (Zhōngwén), 汉语, 漢語)",大红,大红色,大红,rgb,220,14,31,6,8,full,white,zh,,1.1.5,
0,zh,"Chinese (中文 (Zhōngwén), 汉语, 漢語)",绿松石青,绿松石青色,绿松石青,rgb,107,197,155,6,9,full,white,zh,,1.1.5,
0,zh,"Chinese (中文 (Zhōngwén), 汉语, 漢語)",湖蓝,湖蓝色,湖蓝,rgb,32,162,211,6,10,full,white,zh,,1.1.5,
0,zh,"Chinese (中文 (Zhōngwén), 汉语, 漢語)",巧克力棕,巧克力棕色,巧克力棕,rgb,89,65,24,6,11,full,white,zh,,1.1.5,
19432,zh,"Chinese (中文 (Zhōngwén), 汉语, 漢語)",紫,紫色,紫,rgb,212,0,255,1,0,line,white,en,,1.1.5,
19432,zh,"Chinese (中文 (Zhōngwén), 汉语, 漢語)",青,青色,青,rgb,0,255,239,1,1,line,white,en,,1.1.5,
19432,zh,"Chinese (中文 (Zhōngwén), 汉语, 漢語)",桃,桃色,桃,rgb,255,0,85,1,2,line,white,en,,1.1.5,
19432,zh,"Chinese (中文 (Zhōngwén), 汉语, 漢語)",天蓝,天藍色,天藍,rgb,0,139,255,1,3,line,white,en,,1.1.5,
19432,zh,"Chinese (中文 (Zhōngwén), 汉语, 漢語)",粉紫,粉紫色,粉紫,rgb,239,0,255,1,4,line,white,en,,1.1.5,
19432,zh,"Chinese (中文 (Zhōngwén), 汉语, 漢語)",绿,綠色,綠,rgb,0,255,80,1,5,line,white,en,,1.1.5,
19432,zh,"Chinese (中文 (Zhōngwén), 汉语, 漢語)",橙黄,橙黃色,橙黃,rgb,255,158,0,1,6,line,white,en,,1.1.5,
19432,zh,"Chinese (中文 (Zhōngwén), 汉语, 漢語)",知更,知更色,知更,rgb,0,255,200,1,7,line,white,en,,1.1.5,
19432,zh,"Chinese (中文 (Zhōngwén), 汉语, 漢語)",橙红,橙紅色,橙紅,rgb,255,105,0,1,8,line,white,en,,1.1.5,
19432,zh,"Chinese (中文 (Zhōngwén), 汉语, 漢語)",橙,橙色,橙,rgb,255,129,0,1,9,line,white,en,,1.1.5,
19432,zh,"Chinese (中文 (Zhōngwén), 汉语, 漢語)",黄绿,黃綠色,黃綠,rgb,104,255,0,1,10,line,white,en,,1.1.5,
19432,zh,"Chinese (中文 (Zhōngwén), 汉语, 漢語)",深蓝,深藍色,深藍,rgb,0,38,255,1,11,line,white,en,,1.1.5,
19432,zh,"Chinese (中文 (Zhōngwén), 汉语, 漢語)",粉紫,粉紫色,粉紫,rgb,255,0,240,3,0,line,white,en,,1.1.5,
19432,zh,"Chinese (中文 (Zhōngwén), 汉语, 漢語)",天蓝,天藍色,天藍,rgb,0,205,255,3,1,line,white,en,,1.1.5,
19432,zh,"Chinese (中文 (Zhōngwén), 汉语, 漢語)",绿,綠色,綠,rgb,0,255,74,3,2,line,white,en,,1.1.5,
19432,zh,"Chinese (中文 (Zhōngwén), 汉语, 漢語)",粉,粉色,粉,rgb,255,0,150,3,3,line,white,en,,1.1.5,
19432,zh,"Chinese (中文 (Zhōngwén), 汉语, 漢語)",紫红,紫紅色,紫紅,rgb,255,0,143,3,4,line,white,en,,1.1.5,
19432,zh,"Chinese (中文 (Zhōngwén), 汉语, 漢語)",水蓝,水藍色,水藍,rgb,0,208,255,3,5,line,white,en,,1.1.5,
19432,zh,"Chinese (中文 (Zhōngwén), 汉语, 漢語)",暗黄,暗黃色,暗黃,rgb,255,216,0,3,6,line,white,en,,1.1.5,
19432,zh,"Chinese (中文 (Zhōngwén), 汉语, 漢語)",红,紅色,紅,rgb,255,0,74,3,7,line,white,en,,1.1.5,
19432,zh,"Chinese (中文 (Zhōngwén), 汉语, 漢語)",紫,紫色,紫,rgb,138,0,255,3,8,line,white,en,,1.1.5,
19432,zh,"Chinese (中文 (Zhōngwén), 汉语, 漢語)",湖蓝,湖藍色,湖藍,rgb,0,75,255,3,9,line,white,en,,1.1.5,
19432,zh,"Chinese (中文 (Zhōngwén), 汉语, 漢語)",黄,黃色,黃,rgb,255,254,0,3,10,line,white,en,,1.1.5,
19432,zh,"Chinese (中文 (Zhōngwén), 汉语, 漢語)",土黄,土黃色,土黃,rgb,255,184,0,3,11,line,white,en,,1.1.5,
19432,zh,"Chinese (中文 (Zhōngwén), 汉语, 漢語)",青绿,青綠色,青綠,rgb,0,255,147,6,0,line,white,en,,1.1.5,
19432,zh,"Chinese (中文 (Zhōngwén), 汉语, 漢語)",黄绿,黃綠色,黃綠,rgb,166,255,0,6,1,line,white,en,,1.1.5,
19432,zh,"Chinese (中文 (Zhōngwén), 汉语, 漢語)",宝蓝,寶藍色,寶藍,rgb,0,172,255,6,2,line,white,en,,1.1.5,
19432,zh,"Chinese (中文 (Zhōngwén), 汉语, 漢語)",红,紅色,紅,rgb,255,0,25,6,3,line,white,en,,1.1.5,
19432,zh,"Chinese (中文 (Zhōngwén), 汉语, 漢語)",嫩绿,嫩綠色,嫩綠,rgb,0,255,183,6,4,line,white,en,,1.1.5,
19432,zh,"Chinese (中文 (Zhōngwén), 汉语, 漢語)",湖蓝,湖藍色,湖藍,rgb,0,106,255,6,5,line,white,en,,1.1.5,
19432,zh,"Chinese (中文 (Zhōngwén), 汉语, 漢語)",蓝,藍色,藍,rgb,0,21,255,6,6,line,white,en,,1.1.5,
19432,zh,"Chinese (中文 (Zhōngwén), 汉语, 漢語)",海蓝,海藍色,海藍,rgb,0,127,255,6,7,line,white,en,,1.1.5,
19432,zh,"Chinese (中文 (Zhōngwén), 汉语, 漢語)",粉,粉色,粉,rgb,255,0,185,6,8,line,white,en,,1.1.5,
19432,zh,"Chinese (中文 (Zhōngwén), 汉语, 漢語)",天蓝,天藍色,天藍,rgb,0,237,255,6,9,line,white,en,,1.1.5,
19432,zh,"Chinese (中文 (Zhōngwén), 汉语, 漢語)",品红,品紅色,品紅,rgb,255,4,0,6,10,line,white,en,,1.1.5,
19432,zh,"Chinese (中文 (Zhōngwén), 汉语, 漢語)",鹅黄,鵝黃色,鵝黃,rgb,230,255,0,6,11,line,white,en,,1.1.5,
19624,zh,"Chinese (中文 (Zhōngwén), 汉语, 漢語)",蓝,蓝色,蓝,rgb,34,111,226,1,0,full,white,zh,,1.1.5,
19624,zh,"Chinese (中文 (Zhōngwén), 汉语, 漢語)",绿,绿色,绿,rgb,143,241,27,1,1,full,white,zh,,1.1.5,
19624,zh,"Chinese (中文 (Zhōngwén), 汉语, 漢語)",玫红,玫红色,玫红,rgb,242,87,113,1,2,full,white,zh,,1.1.5,
19624,zh,"Chinese (中文 (Zhōngwén), 汉语, 漢語)",红褐,红褐色,红褐,rgb,202,44,10,1,3,full,white,zh,,1.1.5,
19624,zh,"Chinese (中文 (Zhōngwén), 汉语, 漢語)",紫,紫色,紫,rgb,122,11,232,1,4,full,white,zh,,1.1.5,
19624,zh,"Chinese (中文 (Zhōngwén), 汉语, 漢語)",肉,肉色,肉,rgb,219,203,196,1,5,full,white,zh,,1.1.5,
19624,zh,"Chinese (中文 (Zhōngwén), 汉语, 漢語)",紫,紫色,紫,rgb,144,117,164,1,6,full,white,zh,,1.1.5,
19624,zh,"Chinese (中文 (Zhōngwén), 汉语, 漢語)",褐,褐色,褐,rgb,202,109,65,1,7,full,white,zh,,1.1.5,
19624,zh,"Chinese (中文 (Zhōngwén), 汉语, 漢語)",黑,黑色,黑,rgb,58,37,68,1,8,full,white,zh,,1.1.5,
19624,zh,"Chinese (中文 (Zhōngwén), 汉语, 漢語)",紫,紫色,紫,rgb,187,38,140,1,9,full,white,zh,,1.1.5,
19624,zh,"Chinese (中文 (Zhōngwén), 汉语, 漢語)",土黄,土黄色,土黄,rgb,221,187,108,1,10,full,white,zh,,1.1.5,
19624,zh,"Chinese (中文 (Zhōngwén), 汉语, 漢語)",绿,绿色,绿,rgb,25,194,132,1,11,full,white,zh,,1.1.5,
19624,zh,"Chinese (中文 (Zhōngwén), 汉语, 漢語)",深绿,深绿色,深绿,rgb,33,163,61,3,0,full,white,zh,,1.1.5,
19624,zh,"Chinese (中文 (Zhōngwén), 汉语, 漢語)",紫,紫色,紫,rgb,132,54,215,3,1,full,white,zh,,1.1.5,
19624,zh,"Chinese (中文 (Zhōngwén), 汉语, 漢語)",绿,绿色,绿,rgb,118,238,90,3,2,full,white,zh,,1.1.5,
19624,zh,"Chinese (中文 (Zhōngwén), 汉语, 漢語)",深蓝,深蓝色,深蓝,rgb,22,52,114,3,3,full,white,zh,,1.1.5,
19624,zh,"Chinese (中文 (Zhōngwén), 汉语, 漢語)",黑,黑色,黑,rgb,34,26,5,3,4,full,white,zh,,1.1.5,
19624,zh,"Chinese (中文 (Zhōngwén), 汉语, 漢語)",浅紫,浅紫色,浅紫,rgb,187,160,229,3,5,full,white,zh,,1.1.5,
19624,zh,"Chinese (中文 (Zhōngwén), 汉语, 漢語)",玫红,玫红色,玫红,rgb,248,12,177,3,6,full,white,zh,,1.1.5,
19624,zh,"Chinese (中文 (Zhōngwén), 汉语, 漢語)",黄,黄色,黄,rgb,254,243,119,3,7,full,white,zh,,1.1.5,
19624,zh,"Chinese (中文 (Zhōngwén), 汉语, 漢語)",海绿,海绿色,海绿,rgb,32,85,63,3,8,full,white,zh,,1.1.5,
19624,zh,"Chinese (中文 (Zhōngwén), 汉语, 漢語)",绿,绿色,绿,rgb,77,252,28,3,9,full,white,zh,,1.1.5,
19624,zh,"Chinese (中文 (Zhōngwén), 汉语, 漢語)",蓝,蓝色,蓝,rgb,15,73,245,3,10,full,white,zh,,1.1.5,
19624,zh,"Chinese (中文 (Zhōngwén), 汉语, 漢語)",深红,深红色,深红,rgb,174,47,82,3,11,full,white,zh,,1.1.5,
19624,zh,"Chinese (中文 (Zhōngwén), 汉语, 漢語)",海绿,海绿色,海绿,rgb,63,177,167,6,0,full,white,zh,,1.1.5,
19624,zh,"Chinese (中文 (Zhōngwén), 汉语, 漢語)",青,青色,青,rgb,124,245,238,6,1,full,white,zh,,1.1.5,
19624,zh,"Chinese (中文 (Zhōngwén), 汉语, 漢語)",浅蓝,浅蓝色,浅蓝,rgb,159,195,245,6,2,full,white,zh,,1.1.5,
19624,zh,"Chinese (中文 (Zhōngwén), 汉语, 漢語)",深蓝,深蓝色,深蓝,rgb,12,9,101,6,3,full,white,zh,,1.1.5,
19624,zh,"Chinese (中文 (Zhōngwén), 汉语, 漢語)",深绿,深绿色,深绿,rgb,63,117,132,6,4,full,white,zh,,1.1.5,
19624,zh,"Chinese (中文 (Zhōngwén), 汉语, 漢語)",棕,棕色,棕,rgb,83,61,33,6,5,full,white,zh,,1.1.5,
19624,zh,"Chinese (中文 (Zhōngwén), 汉语, 漢語)",玫红,玫红色,玫红,rgb,219,45,216,6,6,full,white,zh,,1.1.5,
19624,zh,"Chinese (中文 (Zhōngwén), 汉语, 漢語)",蓝,蓝色,蓝,rgb,85,155,233,6,7,full,white,zh,,1.1.5,
19624,zh,"Chinese (中文 (Zhōngwén), 汉语, 漢語)",草绿,草绿色,草绿,rgb,124,182,124,6,8,full,white,zh,,1.1.5,
19624,zh,"Chinese (中文 (Zhōngwén), 汉语, 漢語)",深红,深红色,深红,rgb,161,86,103,6,9,full,white,zh,,1.1.5,
19624,zh,"Chinese (中文 (Zhōngwén), 汉语, 漢語)",深绿,深绿色,深绿,rgb,51,84,17,6,10,full,white,zh,,1.1.5,
19624,zh,"Chinese (中文 (Zhōngwén), 汉语, 漢語)",粉,粉色,粉,rgb,252,180,221,6,11,full,white,zh,,1.1.5,
19692,zh,"Chinese (中文 (Zhōngwén), 汉语, 漢語)",紫,紫色,紫色,rgb,108,22,208,1,0,full,white,zh,,1.1.5,
19692,zh,"Chinese (中文 (Zhōngwén), 汉语, 漢語)",深绿,深绿色,深绿,rgb,58,105,69,1,1,full,white,zh,,1.1.5,
19692,zh,"Chinese (中文 (Zhōngwén), 汉语, 漢語)",土黄,土黄色,土黄,rgb,208,205,152,1,2,full,white,zh,,1.1.5,
19692,zh,"Chinese (中文 (Zhōngwén), 汉语, 漢語)",金黄,金黄色,金黄,rgb,245,201,54,1,3,full,white,zh,,1.1.5,
19692,zh,"Chinese (中文 (Zhōngwén), 汉语, 漢語)",深蓝,深蓝色,深蓝,rgb,58,76,135,1,4,full,white,zh,,1.1.5,
19692,zh,"Chinese (中文 (Zhōngwén), 汉语, 漢語)",粉,粉色,粉色,rgb,226,144,235,1,5,full,white,zh,,1.1.5,
19692,zh,"Chinese (中文 (Zhōngwén), 汉语, 漢語)",紫,紫色,紫色,rgb,174,71,228,1,6,full,white,zh,,1.1.5,
19692,zh,"Chinese (中文 (Zhōngwén), 汉语, 漢語)",深青,深青色,深青,rgb,51,90,110,1,7,full,white,zh,,1.1.5,
19692,zh,"Chinese (中文 (Zhōngwén), 汉语, 漢語)",靛蓝,靛蓝色,靛蓝,rgb,9,33,68,1,8,full,white,zh,,1.1.5,
19692,zh,"Chinese (中文 (Zhōngwén), 汉语, 漢語)",浅红,浅红色,浅红,rgb,195,116,113,1,9,full,white,zh,,1.1.5,
19692,zh,"Chinese (中文 (Zhōngwén), 汉语, 漢語)",深黄,深黄色,深黄,rgb,166,139,64,1,10,full,white,zh,,1.1.5,
19692,zh,"Chinese (中文 (Zhōngwén), 汉语, 漢語)",红,红色,红色,rgb,216,17,74,1,11,full,white,zh,,1.1.5,
19692,zh,"Chinese (中文 (Zhōngwén), 汉语, 漢語)",黑红,黑红色,黑红,rgb,43,24,4,3,0,full,white,zh,,1.1.5,
19692,zh,"Chinese (中文 (Zhōngwén), 汉语, 漢語)",天蓝,天蓝色,天蓝,rgb,33,242,229,3,1,full,white,zh,,1.1.5,
19692,zh,"Chinese (中文 (Zhōngwén), 汉语, 漢語)",紫红,紫红色,紫红,rgb,139,84,102,3,2,full,white,zh,,1.1.5,
19692,zh,"Chinese (中文 (Zhōngwén), 汉语, 漢語)",草绿,草绿色,草绿,rgb,86,173,67,3,3,full,white,zh,,1.1.5,
19692,zh,"Chinese (中文 (Zhōngwén), 汉语, 漢語)",蓝,蓝色,蓝色,rgb,74,81,178,3,4,full,white,zh,,1.1.5,
19692,zh,"Chinese (中文 (Zhōngwén), 汉语, 漢語)",浅青,浅青色,浅青,rgb,135,222,205,3,5,full,white,zh,,1.1.5,
19692,zh,"Chinese (中文 (Zhōngwén), 汉语, 漢語)",青绿,青绿色,青绿,rgb,107,181,131,3,6,full,white,zh,,1.1.5,
19692,zh,"Chinese (中文 (Zhōngwén), 汉语, 漢語)",粉,粉色,粉色,rgb,254,85,193,3,7,full,white,zh,,1.1.5,
19692,zh,"Chinese (中文 (Zhōngwén), 汉语, 漢語)",棕,棕色,棕色,rgb,126,61,41,3,8,full,white,zh,,1.1.5,
19692,zh,"Chinese (中文 (Zhōngwén), 汉语, 漢語)",橄榄绿,橄榄绿色,橄榄绿,rgb,103,143,68,3,9,full,white,zh,,1.1.5,
19692,zh,"Chinese (中文 (Zhōngwén), 汉语, 漢語)",酒红,酒红色,酒红,rgb,161,23,63,3,10,full,white,zh,,1.1.5,
19692,zh,"Chinese (中文 (Zhōngwén), 汉语, 漢語)",蓝,蓝色,蓝色,rgb,68,87,251,3,11,full,white,zh,,1.1.5,
19692,zh,"Chinese (中文 (Zhōngwén), 汉语, 漢語)",蓝,蓝色,蓝色,rgb,102,169,228,6,0,full,white,zh,,1.1.5,
19692,zh,"Chinese (中文 (Zhōngwén), 汉语, 漢語)",玫红,玫红色,玫红,rgb,217,27,130,6,1,full,white,zh,,1.1.5,
19692,zh,"Chinese (中文 (Zhōngwén), 汉语, 漢語)",粉红,粉红色,粉红,rgb,206,104,153,6,2,full,white,zh,,1.1.5,
19692,zh,"Chinese (中文 (Zhōngwén), 汉语, 漢語)",天蓝,天蓝色,天蓝,rgb,105,209,243,6,3,full,white,zh,,1.1.5,
19692,zh,"Chinese (中文 (Zhōngwén), 汉语, 漢語)",浅绿,浅绿色,浅绿,rgb,154,241,174,6,4,full,white,zh,,1.1.5,
19692,zh,"Chinese (中文 (Zhōngwén), 汉语, 漢語)",紫,紫色,紫色,rgb,176,119,244,6,5,full,white,zh,,1.1.5,
19692,zh,"Chinese (中文 (Zhōngwén), 汉语, 漢語)",蓝,蓝色,蓝色,rgb,53,27,160,6,6,full,white,zh,,1.1.5,
19692,zh,"Chinese (中文 (Zhōngwén), 汉语, 漢語)",黄绿,黄绿色,黄绿,rgb,174,237,107,6,7,full,white,zh,,1.1.5,
19692,zh,"Chinese (中文 (Zhōngwén), 汉语, 漢語)",橄榄黄,橄榄黄色,橄榄黄,rgb,98,93,36,6,8,full,white,zh,,1.1.5,
19692,zh,"Chinese (中文 (Zhōngwén), 汉语, 漢語)",黄,黄色,黄色,rgb,208,195,85,6,9,full,white,zh,,1.1.5,
19692,zh,"Chinese (中文 (Zhōngwén), 汉语, 漢語)",橘红,橘红色,橘红,rgb,190,63,1,6,10,full,white,zh,,1.1.5,
19692,zh,"Chinese (中文 (Zhōngwén), 汉语, 漢語)",紫,紫色,紫色,rgb,137,68,171,6,11,full,white,zh,,1.1.5,
19696,zh,"Chinese (中文 (Zhōngwén), 汉语, 漢語)",褐,褐色,褐色,rgb,113,35,28,1,0,full,white,zh,,1.1.5,
19696,zh,"Chinese (中文 (Zhōngwén), 汉语, 漢語)",灰绿,灰绿色,灰绿色,rgb,108,157,131,1,1,full,white,zh,,1.1.5,
19696,zh,"Chinese (中文 (Zhōngwén), 汉语, 漢語)",蓝紫,蓝紫色,蓝紫色,rgb,95,29,237,1,2,full,white,zh,,1.1.5,
19696,zh,"Chinese (中文 (Zhōngwén), 汉语, 漢語)",嫩绿,嫩绿色,嫩绿色,rgb,123,230,135,1,3,full,white,zh,,1.1.5,
19696,zh,"Chinese (中文 (Zhōngwén), 汉语, 漢語)",玫红,玫红色,玫红色,rgb,217,12,159,1,4,full,white,zh,,1.1.5,
19696,zh,"Chinese (中文 (Zhōngwén), 汉语, 漢語)",橄榄绿,橄榄绿色,橄榄绿,rgb,109,115,16,1,5,full,white,zh,,1.1.5,
19696,zh,"Chinese (中文 (Zhōngwén), 汉语, 漢語)",青,青色,青色,rgb,27,232,240,1,6,full,white,zh,,1.1.5,
19696,zh,"Chinese (中文 (Zhōngwén), 汉语, 漢語)",紫,紫色,紫色,rgb,125,41,194,1,7,full,white,zh,,1.1.5,
19696,zh,"Chinese (中文 (Zhōngwén), 汉语, 漢語)",深黄绿,深黄绿色,深黄绿色,rgb,117,155,25,1,8,full,white,zh,,1.1.5,
19696,zh,"Chinese (中文 (Zhōngwén), 汉语, 漢語)",浅品,浅品色,浅品色,rgb,232,78,243,1,9,full,white,zh,,1.1.5,
19696,zh,"Chinese (中文 (Zhōngwén), 汉语, 漢語)",灰,灰色,灰色,rgb,82,88,87,1,10,full,white,zh,,1.1.5,
19696,zh,"Chinese (中文 (Zhōngwén), 汉语, 漢語)",橙灰,橙灰色,橙灰色,rgb,225,144,89,1,11,full,white,zh,,1.1.5,
19696,zh,"Chinese (中文 (Zhōngwén), 汉语, 漢語)",深棕,深棕色,深棕色,rgb,86,58,22,3,0,full,white,zh,,1.1.5,
19696,zh,"Chinese (中文 (Zhōngwén), 汉语, 漢語)",紫,紫色,紫色,rgb,124,38,148,3,1,full,white,zh,,1.1.5,
19696,zh,"Chinese (中文 (Zhōngwén), 汉语, 漢語)",暗黄绿,暗黄绿色,暗黄绿色,rgb,158,161,104,3,2,full,white,zh,,1.1.5,
19696,zh,"Chinese (中文 (Zhōngwén), 汉语, 漢語)",浅蓝灰,浅蓝灰色,浅蓝灰色,rgb,94,135,174,3,3,full,white,zh,,1.1.5,
19696,zh,"Chinese (中文 (Zhōngwén), 汉语, 漢語)",浅紫,浅紫色,浅紫色,rgb,195,151,240,3,4,full,white,zh,,1.1.5,
19696,zh,"Chinese (中文 (Zhōngwén), 汉语, 漢語)",亮灰蓝紫,亮灰蓝紫色,亮灰蓝紫色,rgb,183,186,221,3,5,full,white,zh,,1.1.5,
19696,zh,"Chinese (中文 (Zhōngwén), 汉语, 漢語)",黄绿,黄绿色,黄绿色,rgb,192,222,24,3,6,full,white,zh,,1.1.5,
19696,zh,"Chinese (中文 (Zhōngwén), 汉语, 漢語)",绿,绿色,绿色,rgb,11,248,87,3,7,full,white,zh,,1.1.5,
19696,zh,"Chinese (中文 (Zhōngwén), 汉语, 漢語)",红棕,红棕色,红棕色,rgb,179,78,41,3,8,full,white,zh,,1.1.5,
19696,zh,"Chinese (中文 (Zhōngwén), 汉语, 漢語)",灰品,灰品色,灰品色,rgb,221,104,222,3,9,full,white,zh,,1.1.5,
19696,zh,"Chinese (中文 (Zhōngwén), 汉语, 漢語)",黑,黑色,黑色,rgb,42,37,51,3,10,full,white,zh,,1.1.5,
19696,zh,"Chinese (中文 (Zhōngwén), 汉语, 漢語)",深品,深品色,深品色,rgb,172,73,141,3,11,full,white,zh,,1.1.5,
19696,zh,"Chinese (中文 (Zhōngwén), 汉语, 漢語)",暗棕红,暗棕红色,暗棕红色,rgb,170,5,58,6,0,full,white,zh,,1.1.5,
19696,zh,"Chinese (中文 (Zhōngwén), 汉语, 漢語)",灰青绿,灰青绿色,灰青绿色,rgb,149,217,170,6,1,full,white,zh,,1.1.5,
19696,zh,"Chinese (中文 (Zhōngwén), 汉语, 漢語)",蓝,蓝色,蓝色,rgb,33,90,185,6,2,full,white,zh,,1.1.5,
19696,zh,"Chinese (中文 (Zhōngwén), 汉语, 漢語)",亮灰棕,亮灰棕色,亮灰棕色,rgb,165,145,137,6,3,full,white,zh,,1.1.5,
19696,zh,"Chinese (中文 (Zhōngwén), 汉语, 漢語)",灰黄,灰黄色,灰黄色,rgb,231,208,39,6,4,full,white,zh,,1.1.5,
19696,zh,"Chinese (中文 (Zhōngwén), 汉语, 漢語)",天蓝,天蓝色,天蓝色,rgb,139,169,252,6,5,full,white,zh,,1.1.5,
19696,zh,"Chinese (中文 (Zhōngwén), 汉语, 漢語)",青绿,青绿色,青绿色,rgb,52,182,149,6,6,full,white,zh,,1.1.5,
19696,zh,"Chinese (中文 (Zhōngwén), 汉语, 漢語)",暗黄,暗黄色,暗黄色,rgb,238,197,88,6,7,full,white,zh,,1.1.5,
19696,zh,"Chinese (中文 (Zhōngwén), 汉语, 漢語)",明黄,明黄色,明黄,rgb,250,253,109,6,8,full,white,zh,,1.1.5,
19696,zh,"Chinese (中文 (Zhōngwén), 汉语, 漢語)",青,青色,青色,rgb,87,242,204,6,9,full,white,zh,,1.1.5,
19696,zh,"Chinese (中文 (Zhōngwén), 汉语, 漢語)",深绿,深绿色,深绿色,rgb,83,157,79,6,10,full,white,zh,,1.1.5,
19696,zh,"Chinese (中文 (Zhōngwén), 汉语, 漢語)",深蓝,深蓝色,深蓝色,rgb,16,56,196,6,11,full,white,zh,,1.1.5,
19698,zh,"Chinese (中文 (Zhōngwén), 汉语, 漢語)",红,红色,红色,rgb,171,21,45,1,0,full,white,zh,,1.1.5,
19698,zh,"Chinese (中文 (Zhōngwén), 汉语, 漢語)",深红,深红色,深红色,rgb,114,20,33,1,1,full,white,zh,,1.1.5,
19698,zh,"Chinese (中文 (Zhōngwén), 汉语, 漢語)",棕,棕色,棕色,rgb,122,86,62,1,2,full,white,zh,,1.1.5,
19698,zh,"Chinese (中文 (Zhōngwén), 汉语, 漢語)",淡绿,淡绿色,淡绿色,rgb,66,130,73,1,3,full,white,zh,,1.1.5,
19698,zh,"Chinese (中文 (Zhōngwén), 汉语, 漢語)",草绿,草绿色,草绿色,rgb,47,151,11,1,4,full,white,zh,,1.1.5,
19698,zh,"Chinese (中文 (Zhōngwén), 汉语, 漢語)",深青,深青色,深青色,rgb,28,167,142,1,5,full,white,zh,,1.1.5,
19698,zh,"Chinese (中文 (Zhōngwén), 汉语, 漢語)",靛蓝,靛蓝色,靛蓝色,rgb,35,25,108,1,6,full,white,zh,,1.1.5,
19698,zh,"Chinese (中文 (Zhōngwén), 汉语, 漢語)",紫,紫色,紫色,rgb,103,15,147,1,7,full,white,zh,,1.1.5,
19698,zh,"Chinese (中文 (Zhōngwén), 汉语, 漢語)",胭脂,胭脂色,胭脂色,rgb,98,2,51,1,8,full,white,zh,,1.1.5,
19698,zh,"Chinese (中文 (Zhōngwén), 汉语, 漢語)",淡紫,淡紫色,淡紫色,rgb,111,61,89,1,9,full,white,zh,,1.1.5,
19698,zh,"Chinese (中文 (Zhōngwén), 汉语, 漢語)",黄绿,黄绿色,黄绿色,rgb,133,176,16,1,10,full,white,zh,,1.1.5,
19698,zh,"Chinese (中文 (Zhōngwén), 汉语, 漢語)",棕黄,棕黄色,棕黄色,rgb,164,113,38,1,11,full,white,zh,,1.1.5,
19702,zh,"Chinese (中文 (Zhōngwén), 汉语, 漢語)",粉紫,粉紫色,粉紫色,rgb,208,38,222,1,1,full,white,zh,,1.1.5,
19702,zh,"Chinese (中文 (Zhōngwén), 汉语, 漢語)",深紫,深紫色,深紫色,rgb,94,41,149,1,2,full,white,zh,,1.1.5,
19702,zh,"Chinese (中文 (Zhōngwén), 汉语, 漢語)",浅黄绿,浅黄绿色,浅黄绿色,rgb,188,241,27,1,3,full,white,zh,,1.1.5,
19702,zh,"Chinese (中文 (Zhōngwén), 汉语, 漢語)",灰白,灰白色,灰白色,rgb,191,212,191,1,4,full,white,zh,,1.1.5,
19702,zh,"Chinese (中文 (Zhōngwén), 汉语, 漢語)",绿,绿色,绿色,rgb,26,220,66,1,5,full,white,zh,,1.1.5,
19702,zh,"Chinese (中文 (Zhōngwén), 汉语, 漢語)",紫,紫色,紫色,rgb,163,59,246,1,6,full,white,zh,,1.1.5,
19702,zh,"Chinese (中文 (Zhōngwén), 汉语, 漢語)",黑,黑色,黑色,rgb,3,15,28,1,7,full,white,zh,,1.1.5,
19702,zh,"Chinese (中文 (Zhōngwén), 汉语, 漢語)",深绿,深绿色,深绿色,rgb,53,147,72,1,9,full,white,zh,,1.1.5,
19702,zh,"Chinese (中文 (Zhōngwén), 汉语, 漢語)",粉红,粉红色,粉红色,rgb,241,144,187,1,10,full,white,zh,,1.1.5,
19702,zh,"Chinese (中文 (Zhōngwén), 汉语, 漢語)",浅绿,浅绿色,浅绿色,rgb,78,247,141,1,11,full,white,zh,,1.1.5,
19702,zh,"Chinese (中文 (Zhōngwén), 汉语, 漢語)",黄,黄色,黄色,rgb,242,247,15,3,0,full,white,zh,,1.1.5,
19702,zh,"Chinese (中文 (Zhōngwén), 汉语, 漢語)",红,红色,红色,rgb,205,50,46,3,1,full,white,zh,,1.1.5,
19702,zh,"Chinese (中文 (Zhōngwén), 汉语, 漢語)",灰,灰色,灰色,rgb,155,166,173,3,2,full,white,zh,,1.1.5,
19702,zh,"Chinese (中文 (Zhōngwén), 汉语, 漢語)",酒红,酒红色,酒红色,rgb,172,20,71,3,3,full,white,zh,,1.1.5,
19702,zh,"Chinese (中文 (Zhōngwén), 汉语, 漢語)",天蓝,天蓝色,天蓝色,rgb,60,171,222,3,5,full,white,zh,,1.1.5,
19702,zh,"Chinese (中文 (Zhōngwén), 汉语, 漢語)",粉紫,粉紫色,粉紫色,rgb,138,30,123,3,6,full,white,zh,,1.1.5,
19702,zh,"Chinese (中文 (Zhōngwén), 汉语, 漢語)",深绿,深绿色,深绿色,rgb,16,106,60,3,7,full,white,zh,,1.1.5,
19702,zh,"Chinese (中文 (Zhōngwén), 汉语, 漢語)",蓝,蓝色,蓝色,rgb,39,97,218,3,10,full,white,zh,,1.1.5,
19702,zh,"Chinese (中文 (Zhōngwén), 汉语, 漢語)",浅紫,浅紫色,浅紫色,rgb,178,116,201,6,0,full,white,zh,,1.1.5,
19702,zh,"Chinese (中文 (Zhōngwén), 汉语, 漢語)",土黄,土黄色,土黄色,rgb,208,128,39,6,1,full,white,zh,,1.1.5,
19702,zh,"Chinese (中文 (Zhōngwén), 汉语, 漢語)",墨绿,墨绿色,墨绿色,rgb,80,82,49,6,2,full,white,zh,,1.1.5,
19702,zh,"Chinese (中文 (Zhōngwén), 汉语, 漢語)",深蓝,深蓝色,深蓝色,rgb,26,113,181,6,3,full,white,zh,,1.1.5,
19702,zh,"Chinese (中文 (Zhōngwén), 汉语, 漢語)",砖红,砖红色,砖红色,rgb,211,63,1,6,5,full,white,zh,,1.1.5,
19702,zh,"Chinese (中文 (Zhōngwén), 汉语, 漢語)",黄,黄色,黄色,rgb,236,187,60,6,7,full,white,zh,,1.1.5,
19702,zh,"Chinese (中文 (Zhōngwén), 汉语, 漢語)",浅绿,浅绿色,浅绿色,rgb,92,211,132,6,8,full,white,zh,,1.1.5,
19702,zh,"Chinese (中文 (Zhōngwén), 汉语, 漢語)",群青,群青色,群青色,rgb,25,3,196,6,9,full,white,zh,,1.1.5,
19702,zh,"Chinese (中文 (Zhōngwén), 汉语, 漢語)",粉紫,粉紫色,粉紫色,rgb,246,83,222,6,11,full,white,zh,,1.1.5,
19703,zh,"Chinese (中文 (Zhōngwén), 汉语, 漢語)",较暗橙微绿,较暗橙微绿色,较暗橙微绿,rgb,153,84,11,1,0,full,white,zh,,1.1.5,
19703,zh,"Chinese (中文 (Zhōngwén), 汉语, 漢語)",较亮绿微蓝,较亮绿微蓝色,较亮绿微蓝,rgb,131,248,153,1,1,full,white,zh,,1.1.5,
19703,zh,"Chinese (中文 (Zhōngwén), 汉语, 漢語)",偏暗青,偏暗青色,偏暗青,rgb,5,174,173,1,2,full,white,zh,,1.1.5,
19703,zh,"Chinese (中文 (Zhōngwén), 汉语, 漢語)",偏亮灰青,偏亮灰青色,偏亮灰青,rgb,169,226,221,1,3,full,white,zh,,1.1.5,
19703,zh,"Chinese (中文 (Zhōngwén), 汉语, 漢語)",较暗红橙,较暗红橙色,较暗红橙,rgb,143,15,42,1,4,full,white,zh,,1.1.5,
19703,zh,"Chinese (中文 (Zhōngwén), 汉语, 漢語)",微暗橙,微暗橙色,微暗橙,rgb,215,88,4,1,5,full,white,zh,,1.1.5,
19703,zh,"Chinese (中文 (Zhōngwén), 汉语, 漢語)",偏亮少灰紫,偏亮少灰紫色,偏亮少灰紫,rgb,189,141,222,1,6,full,white,zh,,1.1.5,
19703,zh,"Chinese (中文 (Zhōngwén), 汉语, 漢語)",暗多灰橙黄,暗多灰橙黄色,暗多灰橙黄,rgb,102,64,67,1,7,full,white,zh,,1.1.5,
19703,zh,"Chinese (中文 (Zhōngwén), 汉语, 漢語)",微亮灰绿,微亮灰绿色,微亮灰绿,rgb,156,214,147,1,8,full,white,zh,,1.1.5,
19703,zh,"Chinese (中文 (Zhōngwén), 汉语, 漢語)",较暗蓝微紫,较暗蓝微紫色,较暗蓝微紫,rgb,24,60,189,1,9,full,white,zh,,1.1.5,
19703,zh,"Chinese (中文 (Zhōngwén), 汉语, 漢語)",灰红微橙,灰红微橙色,灰红微橙,rgb,190,139,139,1,10,full,white,zh,,1.1.5,
19703,zh,"Chinese (中文 (Zhōngwén), 汉语, 漢語)",蓝紫,蓝紫色,蓝紫,rgb,86,48,221,1,11,full,white,zh,,1.1.5,
19703,zh,"Chinese (中文 (Zhōngwén), 汉语, 漢語)",少灰黄,少灰黄色,少灰黄,rgb,237,194,39,3,0,full,white,zh,,1.1.5,
19703,zh,"Chinese (中文 (Zhōngwén), 汉语, 漢語)",较暗灰绿微蓝,较暗灰绿微蓝色,较暗灰绿微蓝,rgb,32,137,95,3,1,full,white,zh,,1.1.5,
19703,zh,"Chinese (中文 (Zhōngwén), 汉语, 漢語)",较暗少灰红,较暗少灰红色,较暗少灰红,rgb,180,45,24,3,2,full,white,zh,,1.1.5,
19703,zh,"Chinese (中文 (Zhōngwén), 汉语, 漢語)",较亮少灰黄偏绿,较亮少灰黄偏绿色,较亮少灰黄偏绿,rgb,236,244,111,3,3,full,white,zh,,1.1.5,
19703,zh,"Chinese (中文 (Zhōngwén), 汉语, 漢語)",较暗灰青偏蓝,较暗灰青偏蓝色,较暗灰青偏蓝,rgb,34,121,125,3,4,full,white,zh,,1.1.5,
19703,zh,"Chinese (中文 (Zhōngwén), 汉语, 漢語)",亮红,亮红色,亮红,rgb,254,1,49,3,5,full,white,zh,,1.1.5,
19703,zh,"Chinese (中文 (Zhōngwén), 汉语, 漢語)",较暗灰黄绿,较暗灰黄绿色,较暗灰黄绿,rgb,133,125,61,3,6,full,white,zh,,1.1.5,
19703,zh,"Chinese (中文 (Zhōngwén), 汉语, 漢語)",绿偏蓝,绿偏蓝色,绿偏蓝,rgb,47,194,101,3,7,full,white,zh,,1.1.5,
19703,zh,"Chinese (中文 (Zhōngwén), 汉语, 漢語)",微暗灰蓝,微暗灰蓝色,微暗灰蓝,rgb,99,142,209,3,8,full,white,zh,,1.1.5,
19703,zh,"Chinese (中文 (Zhōngwén), 汉语, 漢語)",暗灰绿偏蓝,暗灰绿偏蓝色,暗灰绿偏蓝,rgb,33,76,61,3,9,full,white,zh,,1.1.5,
19703,zh,"Chinese (中文 (Zhōngwén), 汉语, 漢語)",微暗灰紫红微紫,微暗灰红紫微紫色,微暗灰红紫微紫,rgb,192,78,154,3,10,full,white,zh,,1.1.5,
19703,zh,"Chinese (中文 (Zhōngwén), 汉语, 漢語)",亮青偏蓝,亮青偏蓝色,亮青偏蓝,rgb,65,239,252,3,11,full,white,zh,,1.1.5,
19703,zh,"Chinese (中文 (Zhōngwén), 汉语, 漢語)",微亮紫红,微亮红紫色,微亮红紫,rgb,242,71,177,6,0,full,white,zh,,1.1.5,
19703,zh,"Chinese (中文 (Zhōngwén), 汉语, 漢語)",较亮紫微红,较亮紫微红色,较亮紫微红,rgb,180,24,243,6,1,full,white,zh,,1.1.5,
19703,zh,"Chinese (中文 (Zhōngwén), 汉语, 漢語)",微亮少灰绿微黄,微亮少灰绿微黄色,微亮少灰绿微黄,rgb,140,174,79,6,2,full,white,zh,,1.1.5,
19703,zh,"Chinese (中文 (Zhōngwén), 汉语, 漢語)",微暗绿,微暗绿色,微暗绿,rgb,40,143,41,6,3,full,white,zh,,1.1.5,
19703,zh,"Chinese (中文 (Zhōngwén), 汉语, 漢語)",绿风暗灰,绿风暗灰色,绿风暗灰,rgb,34,1,19,6,4,full,white,zh,,1.1.5,
19703,zh,"Chinese (中文 (Zhōngwén), 汉语, 漢語)",较亮青偏绿,较亮青偏绿色,较亮青偏绿,rgb,36,239,193,6,5,full,white,zh,,1.1.5,
19703,zh,"Chinese (中文 (Zhōngwén), 汉语, 漢語)",微暗少灰橙,微暗少灰橙色,微暗少灰橙,rgb,213,118,73,6,6,full,white,zh,,1.1.5,
19703,zh,"Chinese (中文 (Zhōngwén), 汉语, 漢語)",较暗灰蓝偏青,较暗灰蓝偏青色,较暗灰蓝偏青,rgb,105,150,175,6,7,full,white,zh,,1.1.5,
19703,zh,"Chinese (中文 (Zhōngwén), 汉语, 漢語)",暗橙偏黄,暗橙偏黄色,暗橙偏黄,rgb,98,42,7,6,8,full,white,zh,,1.1.5,
19703,zh,"Chinese (中文 (Zhōngwén), 汉语, 漢語)",微暗紫,微暗紫色,微暗紫,rgb,128,1,159,6,9,full,white,zh,,1.1.5,
19703,zh,"Chinese (中文 (Zhōngwén), 汉语, 漢語)",暗少灰蓝偏青,暗少灰蓝偏青色,暗少灰蓝偏青,rgb,43,80,144,6,10,full,white,zh,,1.1.5,
19703,zh,"Chinese (中文 (Zhōngwén), 汉语, 漢語)",微暗绿,微暗绿色,微暗绿,rgb,123,217,57,6,11,full,white,zh,,1.1.5,
19708,zh,"Chinese (中文 (Zhōngwén), 汉语, 漢語)",草绿,草绿色,草绿,rgb,104,199,108,1,0,full,white,zh,,1.1.5,
19708,zh,"Chinese (中文 (Zhōngwén), 汉语, 漢語)",浅绿,浅绿色,浅绿,rgb,168,216,165,1,1,full,white,zh,,1.1.5,
19708,zh,"Chinese (中文 (Zhōngwén), 汉语, 漢語)",黄绿,黄绿色,黄绿,rgb,147,162,54,1,2,full,white,zh,,1.1.5,
19708,zh,"Chinese (中文 (Zhōngwén), 汉语, 漢語)",玫红,玫红色,玫红,rgb,209,91,148,1,3,full,white,zh,,1.1.5,
19708,zh,"Chinese (中文 (Zhōngwén), 汉语, 漢語)",黄,黄色,黄,rgb,230,197,81,1,4,full,white,zh,,1.1.5,
19708,zh,"Chinese (中文 (Zhōngwén), 汉语, 漢語)",豆沙红,豆沙红色,豆沙红,rgb,182,104,106,1,5,full,white,zh,,1.1.5,
19708,zh,"Chinese (中文 (Zhōngwén), 汉语, 漢語)",紫,紫色,紫色,rgb,191,61,251,1,6,full,white,zh,,1.1.5,
19708,zh,"Chinese (中文 (Zhōngwén), 汉语, 漢語)",蓝绿,蓝绿色,蓝绿,rgb,119,175,171,1,7,full,white,zh,,1.1.5,
19708,zh,"Chinese (中文 (Zhōngwén), 汉语, 漢語)",紫,紫色,紫,rgb,208,75,191,1,8,full,white,zh,,1.1.5,
19708,zh,"Chinese (中文 (Zhōngwén), 汉语, 漢語)",天蓝,天蓝色,天蓝,rgb,66,169,243,1,9,full,white,zh,,1.1.5,
19708,zh,"Chinese (中文 (Zhōngwén), 汉语, 漢語)",绿,绿色,绿,rgb,137,211,70,1,10,full,white,zh,,1.1.5,
19708,zh,"Chinese (中文 (Zhōngwén), 汉语, 漢語)",绿,绿色,绿,rgb,86,157,38,1,11,full,white,zh,,1.1.5,
19708,zh,"Chinese (中文 (Zhōngwén), 汉语, 漢語)",蓝,蓝色,蓝,rgb,102,117,192,3,0,full,white,zh,,1.1.5,
19708,zh,"Chinese (中文 (Zhōngwén), 汉语, 漢語)",红,红色,红,rgb,252,91,70,3,1,full,white,zh,,1.1.5,
19708,zh,"Chinese (中文 (Zhōngwén), 汉语, 漢語)",深绿,深绿色,深绿,rgb,30,74,65,3,2,full,white,zh,,1.1.5,
19708,zh,"Chinese (中文 (Zhōngwén), 汉语, 漢語)",蓝,蓝色,蓝,rgb,112,130,243,3,3,full,white,zh,,1.1.5,
19708,zh,"Chinese (中文 (Zhōngwén), 汉语, 漢語)",浅绿,浅绿色,浅绿,rgb,55,176,137,3,4,full,white,zh,,1.1.5,
19708,zh,"Chinese (中文 (Zhōngwén), 汉语, 漢語)",草绿,草绿色,草绿,rgb,80,111,58,3,5,full,white,zh,,1.1.5,
19708,zh,"Chinese (中文 (Zhōngwén), 汉语, 漢語)",深蓝,深蓝色,深蓝,rgb,43,47,95,3,6,full,white,zh,,1.1.5,
19708,zh,"Chinese (中文 (Zhōngwén), 汉语, 漢語)",深紫,深紫色,深紫,rgb,49,12,52,3,7,full,white,zh,,1.1.5,
19708,zh,"Chinese (中文 (Zhōngwén), 汉语, 漢語)",浅蓝,浅蓝色,浅蓝,rgb,175,192,238,3,8,full,white,zh,,1.1.5,
19708,zh,"Chinese (中文 (Zhōngwén), 汉语, 漢語)",土黄,土黄色,土黄,rgb,189,158,107,3,9,full,white,zh,,1.1.5,
19708,zh,"Chinese (中文 (Zhōngwén), 汉语, 漢語)",亮绿,亮绿色,亮绿,rgb,71,254,95,3,10,full,white,zh,,1.1.5,
19708,zh,"Chinese (中文 (Zhōngwén), 汉语, 漢語)",蓝紫,蓝紫色,蓝紫,rgb,99,38,239,3,11,full,white,zh,,1.1.5,
19708,zh,"Chinese (中文 (Zhōngwén), 汉语, 漢語)",棕,棕色,棕,rgb,175,91,30,6,0,full,white,zh,,1.1.5,
19708,zh,"Chinese (中文 (Zhōngwén), 汉语, 漢語)",粉玫,粉玫色,粉玫,rgb,220,148,218,6,1,full,white,zh,,1.1.5,
19708,zh,"Chinese (中文 (Zhōngwén), 汉语, 漢語)",浅紫,浅紫色,浅紫,rgb,167,131,170,6,2,full,white,zh,,1.1.5,
19708,zh,"Chinese (中文 (Zhōngwén), 汉语, 漢語)",蓝绿,蓝绿色,蓝绿,rgb,30,226,209,6,3,full,white,zh,,1.1.5,
19708,zh,"Chinese (中文 (Zhōngwén), 汉语, 漢語)",紫,紫色,紫,rgb,136,60,153,6,4,full,white,zh,,1.1.5,
19708,zh,"Chinese (中文 (Zhōngwén), 汉语, 漢語)",明黄,明黄色,明黄,rgb,250,215,15,6,5,full,white,zh,,1.1.5,
19708,zh,"Chinese (中文 (Zhōngwén), 汉语, 漢語)",蓝,蓝色,蓝,rgb,30,10,137,6,6,full,white,zh,,1.1.5,
19708,zh,"Chinese (中文 (Zhōngwén), 汉语, 漢語)",梅红,梅红色,梅红,rgb,156,8,98,6,7,full,white,zh,,1.1.5,
19708,zh,"Chinese (中文 (Zhōngwén), 汉语, 漢語)",天蓝,天蓝色,天蓝,rgb,39,199,220,6,8,full,white,zh,,1.1.5,
19708,zh,"Chinese (中文 (Zhōngwén), 汉语, 漢語)",棕,棕色,棕,rgb,134,82,53,6,9,full,white,zh,,1.1.5,
19708,zh,"Chinese (中文 (Zhōngwén), 汉语, 漢語)",灰紫,灰紫色,灰紫,rgb,95,79,106,6,10,full,white,zh,,1.1.5,
19708,zh,"Chinese (中文 (Zhōngwén), 汉语, 漢語)",玫红,玫红色,玫红,rgb,246,53,171,6,11,full,white,zh,,1.1.5,
19712,zh,"Chinese (中文 (Zhōngwén), 汉语, 漢語)",蓝,蓝色,蓝色,rgb,54,136,212,1,0,full,white,zh,,1.1.5,
19712,zh,"Chinese (中文 (Zhōngwén), 汉语, 漢語)",青,青色,青色,rgb,1,224,185,1,1,full,white,zh,,1.1.5,
19712,zh,"Chinese (中文 (Zhōngwén), 汉语, 漢語)",青灰,青灰色,青灰色,rgb,45,151,143,1,2,full,white,zh,,1.1.5,
19712,zh,"Chinese (中文 (Zhōngwén), 汉语, 漢語)",深绿,深绿色,深绿色,rgb,29,65,5,1,3,full,white,zh,,1.1.5,
19712,zh,"Chinese (中文 (Zhōngwén), 汉语, 漢語)",亮绿,亮绿色,亮绿色,rgb,1,252,166,1,4,full,white,zh,,1.1.5,
19712,zh,"Chinese (中文 (Zhōngwén), 汉语, 漢語)",蓝灰,蓝灰色,蓝灰色,rgb,98,126,150,1,5,full,white,zh,,1.1.5,
19712,zh,"Chinese (中文 (Zhōngwén), 汉语, 漢語)",粉灰,粉灰色,粉灰色,rgb,147,106,111,1,6,full,white,zh,,1.1.5,
19712,zh,"Chinese (中文 (Zhōngwén), 汉语, 漢語)",橘褐,橘褐色,橘褐色,rgb,157,83,29,1,7,full,white,zh,,1.1.5,
19712,zh,"Chinese (中文 (Zhōngwén), 汉语, 漢語)",粉紫,粉紫色,粉紫色,rgb,209,89,169,1,8,full,white,zh,,1.1.5,
19712,zh,"Chinese (中文 (Zhōngwén), 汉语, 漢語)",绿,绿色,绿色,rgb,87,185,44,1,9,full,white,zh,,1.1.5,
19712,zh,"Chinese (中文 (Zhōngwén), 汉语, 漢語)",浅灰绿,浅灰绿色,浅灰绿色,rgb,221,222,165,1,10,full,white,zh,,1.1.5,
19712,zh,"Chinese (中文 (Zhōngwén), 汉语, 漢語)",蓝紫,蓝紫色,蓝紫色,rgb,99,104,212,1,11,full,white,zh,,1.1.5,
19712,zh,"Chinese (中文 (Zhōngwén), 汉语, 漢語)",草绿,草绿色,草绿色,rgb,172,226,95,3,0,full,white,zh,,1.1.5,
19712,zh,"Chinese (中文 (Zhōngwén), 汉语, 漢語)",大红,大红色,大红色,rgb,160,36,4,3,1,full,white,zh,,1.1.5,
19712,zh,"Chinese (中文 (Zhōngwén), 汉语, 漢語)",蓝,蓝色,蓝色,rgb,41,55,217,3,2,full,white,zh,,1.1.5,
19712,zh,"Chinese (中文 (Zhōngwén), 汉语, 漢語)",亮紫,亮紫色,亮紫色,rgb,118,16,240,3,3,full,white,zh,,1.1.5,
19712,zh,"Chinese (中文 (Zhōngwén), 汉语, 漢語)",黄绿,黄绿色,黄绿色,rgb,202,199,7,3,4,full,white,zh,,1.1.5,
19712,zh,"Chinese (中文 (Zhōngwén), 汉语, 漢語)",紫,紫色,紫色,rgb,114,3,161,3,5,full,white,zh,,1.1.5,
19712,zh,"Chinese (中文 (Zhōngwén), 汉语, 漢語)",浅绿,浅绿色,浅绿色,rgb,188,253,167,3,6,full,white,zh,,1.1.5,
19712,zh,"Chinese (中文 (Zhōngwén), 汉语, 漢語)",深紫,深紫色,深紫色,rgb,51,25,83,3,7,full,white,zh,,1.1.5,
19712,zh,"Chinese (中文 (Zhōngwén), 汉语, 漢語)",青,青色,青色,rgb,59,95,95,3,8,full,white,zh,,1.1.5,
19712,zh,"Chinese (中文 (Zhōngwén), 汉语, 漢語)",土黄,土黄色,土黄色,rgb,164,121,50,3,9,full,white,zh,,1.1.5,
19712,zh,"Chinese (中文 (Zhōngwén), 汉语, 漢語)",肉粉,肉粉色,肉粉色,rgb,219,110,92,3,10,full,white,zh,,1.1.5,
19712,zh,"Chinese (中文 (Zhōngwén), 汉语, 漢語)",亮粉紫,亮粉紫色,亮粉紫色,rgb,238,50,229,3,11,full,white,zh,,1.1.5,
19712,zh,"Chinese (中文 (Zhōngwén), 汉语, 漢語)",亮蓝,亮蓝色,亮蓝色,rgb,14,159,209,6,0,full,white,zh,,1.1.5,
19712,zh,"Chinese (中文 (Zhōngwén), 汉语, 漢語)",深蓝紫,深蓝紫色,深蓝紫色,rgb,42,31,124,6,1,full,white,zh,,1.1.5,
19712,zh,"Chinese (中文 (Zhōngwén), 汉语, 漢語)",紫,紫色,紫色,rgb,135,54,98,6,2,full,white,zh,,1.1.5,
19712,zh,"Chinese (中文 (Zhōngwén), 汉语, 漢語)",红,红色,红色,rgb,234,66,24,6,3,full,white,zh,,1.1.5,
19712,zh,"Chinese (中文 (Zhōngwén), 汉语, 漢語)",浅肉粉,浅肉粉色,浅肉粉色,rgb,218,155,140,6,4,full,white,zh,,1.1.5,
19712,zh,"Chinese (中文 (Zhōngwén), 汉语, 漢語)",绿,绿色,绿色,rgb,40,117,66,6,5,full,white,zh,,1.1.5,
19712,zh,"Chinese (中文 (Zhōngwén), 汉语, 漢語)",大红,大红色,大红色,rgb,150,19,47,6,6,full,white,zh,,1.1.5,
19712,zh,"Chinese (中文 (Zhōngwén), 汉语, 漢語)",亮粉,亮粉色,亮粉色,rgb,231,38,170,6,7,full,white,zh,,1.1.5,
19712,zh,"Chinese (中文 (Zhōngwén), 汉语, 漢語)",灰紫,灰紫色,灰紫色,rgb,146,67,156,6,8,full,white,zh,,1.1.5,
19712,zh,"Chinese (中文 (Zhōngwén), 汉语, 漢語)",浅绿,浅绿色,浅绿色,rgb,86,194,117,6,9,full,white,zh,,1.1.5,
19712,zh,"Chinese (中文 (Zhōngwén), 汉语, 漢語)",浅紫,浅紫色,浅紫色,rgb,176,172,211,6,10,full,white,zh,,1.1.5,
19712,zh,"Chinese (中文 (Zhōngwén), 汉语, 漢語)",亮紫,亮紫色,亮紫色,rgb,172,31,226,6,11,full,white,zh,,1.1.5,
0,zh,"Chinese (中文 (Zhōngwén), 汉语, 漢語)",深蓝,深蓝色,深蓝,rgb,107,104,125,1,0,full,white,zh,,1.1.5,
0,zh,"Chinese (中文 (Zhōngwén), 汉语, 漢語)",墨绿,墨绿色,墨绿,rgb,75,84,52,1,1,full,white,zh,,1.1.5,
0,zh,"Chinese (中文 (Zhōngwén), 汉语, 漢語)",浅紫,浅紫色,浅紫,rgb,166,149,246,1,2,full,white,zh,,1.1.5,
0,zh,"Chinese (中文 (Zhōngwén), 汉语, 漢語)",屎黄,屎黄色,屎黄,rgb,181,147,3,1,3,full,white,zh,,1.1.5,
0,zh,"Chinese (中文 (Zhōngwén), 汉语, 漢語)",青草绿,青草绿色,青草绿,rgb,187,189,60,1,4,full,white,zh,,1.1.5,
0,zh,"Chinese (中文 (Zhōngwén), 汉语, 漢語)",棕,棕色,棕,rgb,152,71,42,1,5,full,white,zh,,1.1.5,
0,zh,"Chinese (中文 (Zhōngwén), 汉语, 漢語)",深蓝,深蓝色,深蓝,rgb,7,38,174,1,6,full,white,zh,,1.1.5,
0,zh,"Chinese (中文 (Zhōngwén), 汉语, 漢語)",粉红,粉红色,粉红,rgb,233,134,209,1,7,full,white,zh,,1.1.5,
0,zh,"Chinese (中文 (Zhōngwén), 汉语, 漢語)",深蓝,深蓝色,深蓝,rgb,51,68,129,1,8,full,white,zh,,1.1.5,
0,zh,"Chinese (中文 (Zhōngwén), 汉语, 漢語)",荧光绿,荧光绿色,荧光绿,rgb,49,253,56,1,9,full,white,zh,,1.1.5,
0,zh,"Chinese (中文 (Zhōngwén), 汉语, 漢語)",紫红,紫红色,紫红,rgb,164,17,98,1,10,full,white,zh,,1.1.5,
0,zh,"Chinese (中文 (Zhōngwén), 汉语, 漢語)",浅绿,浅绿色,浅绿,rgb,209,221,172,1,11,full,white,zh,,1.1.5,
0,zh,"Chinese (中文 (Zhōngwén), 汉语, 漢語)",屎黄,屎黄色,屎黄,rgb,251,195,14,3,0,full,white,zh,,1.1.5,
0,zh,"Chinese (中文 (Zhōngwén), 汉语, 漢語)",棕,棕色,棕,rgb,173,117,61,3,1,full,white,zh,,1.1.5,
0,zh,"Chinese (中文 (Zhōngwén), 汉语, 漢語)",紫,紫色,紫,rgb,174,64,249,3,2,full,white,zh,,1.1.5,
0,zh,"Chinese (中文 (Zhōngwén), 汉语, 漢語)",紫红,紫红色,紫红,rgb,222,60,208,3,3,full,white,zh,,1.1.5,
0,zh,"Chinese (中文 (Zhōngwén), 汉语, 漢語)",肤,肤色,肤色,rgb,218,181,92,3,4,full,white,zh,,1.1.5,
0,zh,"Chinese (中文 (Zhōngwén), 汉语, 漢語)",绿,绿色,绿色,rgb,101,172,68,3,5,full,white,zh,,1.1.5,
0,zh,"Chinese (中文 (Zhōngwén), 汉语, 漢語)",浅紫,浅紫色,浅紫,rgb,205,176,221,3,6,full,white,zh,,1.1.5,
0,zh,"Chinese (中文 (Zhōngwén), 汉语, 漢語)",蓝绿,蓝绿色,蓝绿,rgb,136,221,181,3,7,full,white,zh,,1.1.5,
0,zh,"Chinese (中文 (Zhōngwén), 汉语, 漢語)",紫,紫色,紫,rgb,177,89,221,3,8,full,white,zh,,1.1.5,
0,zh,"Chinese (中文 (Zhōngwén), 汉语, 漢語)",大红,大红色,大红,rgb,204,5,29,3,9,full,white,zh,,1.1.5,
0,zh,"Chinese (中文 (Zhōngwén), 汉语, 漢語)",黑,黑色,黑,rgb,44,36,31,3,10,full,white,zh,,1.1.5,
0,zh,"Chinese (中文 (Zhōngwén), 汉语, 漢語)",蓝,蓝色,蓝,rgb,102,138,185,3,11,full,white,zh,,1.1.5,
0,zh,"Chinese (中文 (Zhōngwén), 汉语, 漢語)",荧光粉,荧光粉色,荧光粉,rgb,244,11,250,6,0,full,white,zh,,1.1.5,
0,zh,"Chinese (中文 (Zhōngwén), 汉语, 漢語)",浅绿,浅绿色,浅绿,rgb,189,248,156,6,1,full,white,zh,,1.1.5,
0,zh,"Chinese (中文 (Zhōngwén), 汉语, 漢語)",浅棕,浅棕色,浅棕,rgb,183,136,114,6,2,full,white,zh,,1.1.5,
0,zh,"Chinese (中文 (Zhōngwén), 汉语, 漢語)",紫罗蓝,紫罗兰色,紫罗兰,rgb,104,91,202,6,3,full,white,zh,,1.1.5,
0,zh,"Chinese (中文 (Zhōngwén), 汉语, 漢語)",浅蓝,浅蓝色,浅蓝,rgb,209,235,230,6,4,full,white,zh,,1.1.5,
0,zh,"Chinese (中文 (Zhōngwén), 汉语, 漢語)",棕,棕色,棕,rgb,115,86,76,6,5,full,white,zh,,1.1.5,
0,zh,"Chinese (中文 (Zhōngwén), 汉语, 漢語)",墨绿,墨绿色,墨绿,rgb,113,135,87,6,6,full,white,zh,,1.1.5,
0,zh,"Chinese (中文 (Zhōngwén), 汉语, 漢語)",荧光绿,荧光绿色,荧光绿,rgb,136,231,10,6,7,full,white,zh,,1.1.5,
0,zh,"Chinese (中文 (Zhōngwén), 汉语, 漢語)",粉,粉色,粉,rgb,226,133,163,6,8,full,white,zh,,1.1.5,
0,zh,"Chinese (中文 (Zhōngwén), 汉语, 漢語)",深绿,深绿色,深绿,rgb,15,119,46,6,9,full,white,zh,,1.1.5,
0,zh,"Chinese (中文 (Zhōngwén), 汉语, 漢語)",橙,橙色,橙,rgb,240,139,36,6,10,full,white,zh,,1.1.5,
0,zh,"Chinese (中文 (Zhōngwén), 汉语, 漢語)",浅紫,浅紫色,浅紫,rgb,166,117,185,6,11,full,white,zh,,1.1.5,
19719,zh,"Chinese (中文 (Zhōngwén), 汉语, 漢語)",天蓝,天蓝色,天蓝,rgb,0,192,255,1,0,line,white,zh,,1.1.5,
19719,zh,"Chinese (中文 (Zhōngwén), 汉语, 漢語)",孔雀绿,孔雀绿色,孔雀绿,rgb,0,255,186,1,1,line,white,zh,,1.1.5,
19719,zh,"Chinese (中文 (Zhōngwén), 汉语, 漢語)",宝蓝,宝蓝色,宝蓝,rgb,0,102,255,1,2,line,white,zh,,1.1.5,
19719,zh,"Chinese (中文 (Zhōngwén), 汉语, 漢語)",深宝蓝,深宝蓝色,深宝蓝,rgb,0,81,255,1,3,line,white,zh,,1.1.5,
19719,zh,"Chinese (中文 (Zhōngwén), 汉语, 漢語)",橙,橙色,橙,rgb,255,119,0,1,4,line,white,zh,,1.1.5,
19719,zh,"Chinese (中文 (Zhōngwén), 汉语, 漢語)",艳紫,艳紫色,艳紫,rgb,211,0,255,1,5,line,white,zh,,1.1.5,
19719,zh,"Chinese (中文 (Zhōngwén), 汉语, 漢語)",橘红,橘红色,橘红,rgb,255,85,0,1,6,line,white,zh,,1.1.5,
19719,zh,"Chinese (中文 (Zhōngwén), 汉语, 漢語)",樱桃红,樱桃红色,樱桃红,rgb,255,0,80,1,7,line,white,zh,,1.1.5,
19719,zh,"Chinese (中文 (Zhōngwén), 汉语, 漢語)",荧光绿,荧光绿色,荧光绿,rgb,0,255,103,1,8,line,white,zh,,1.1.5,
19719,zh,"Chinese (中文 (Zhōngwén), 汉语, 漢語)",深橘红,深橘红色,深橘红,rgb,255,75,0,1,9,line,white,zh,,1.1.5,
19719,zh,"Chinese (中文 (Zhōngwén), 汉语, 漢語)",莹光艳籽,莹光艳籽色,莹光艳籽,rgb,230,0,255,1,10,line,white,zh,,1.1.5,
19719,zh,"Chinese (中文 (Zhōngwén), 汉语, 漢語)",明黄,明黄色,明黄,rgb,252,255,0,1,11,line,white,zh,,1.1.5,
19723,zh,"Chinese (中文 (Zhōngwén), 汉语, 漢語)",深棕,深棕色,深棕色,rgb,63,43,25,1,0,full,white,zh,,1.1.5,
19723,zh,"Chinese (中文 (Zhōngwén), 汉语, 漢語)",艳粉,艳粉色,艳粉色,rgb,248,50,156,1,1,full,white,zh,,1.1.5,
19723,zh,"Chinese (中文 (Zhōngwén), 汉语, 漢語)",橄榄,橄榄色,橄榄色,rgb,80,87,61,1,2,full,white,zh,,1.1.5,
19723,zh,"Chinese (中文 (Zhōngwén), 汉语, 漢語)",淡粉,淡粉色,淡粉色,rgb,250,147,181,1,3,full,white,zh,,1.1.5,
19723,zh,"Chinese (中文 (Zhōngwén), 汉语, 漢語)",天蓝,天蓝色,天蓝色,rgb,127,185,231,1,4,full,white,zh,,1.1.5,
19723,zh,"Chinese (中文 (Zhōngwén), 汉语, 漢語)",蓝紫,蓝紫色,蓝紫色,rgb,103,94,163,1,5,full,white,zh,,1.1.5,
19723,zh,"Chinese (中文 (Zhōngwén), 汉语, 漢語)",淡紫,淡紫色,淡紫色,rgb,179,128,221,1,6,full,white,zh,,1.1.5,
19723,zh,"Chinese (中文 (Zhōngwén), 汉语, 漢語)",深紫,深紫色,深紫色,rgb,123,31,148,1,7,full,white,zh,,1.1.5,
19723,zh,"Chinese (中文 (Zhōngwén), 汉语, 漢語)",艳紫,艳紫色,艳紫色,rgb,232,26,229,1,8,full,white,zh,,1.1.5,
19723,zh,"Chinese (中文 (Zhōngwén), 汉语, 漢語)",青宝石,青宝石色,青宝石色,rgb,18,221,199,1,9,full,white,zh,,1.1.5,
19723,zh,"Chinese (中文 (Zhōngwén), 汉语, 漢語)",有点偏绿的黄,有点偏绿的黄色,有点偏绿的黄色,rgb,223,223,32,1,10,full,white,zh,,1.1.5,
19723,zh,"Chinese (中文 (Zhōngwén), 汉语, 漢語)",黄绿,黄绿色,黄绿色,rgb,127,164,20,1,11,full,white,zh,,1.1.5,
19723,zh,"Chinese (中文 (Zhōngwén), 汉语, 漢語)",淡青,淡青色,淡青色,rgb,96,195,123,3,0,full,white,zh,,1.1.5,
19723,zh,"Chinese (中文 (Zhōngwén), 汉语, 漢語)",棕,棕色,棕色,rgb,155,114,27,3,1,full,white,zh,,1.1.5,
19723,zh,"Chinese (中文 (Zhōngwén), 汉语, 漢語)",红色偏黄,红色偏黄色,红色偏黄,rgb,202,102,84,3,2,full,white,zh,,1.1.5,
19723,zh,"Chinese (中文 (Zhōngwén), 汉语, 漢語)",绿色偏蓝,绿色偏蓝色,绿色偏蓝,rgb,40,93,98,3,3,full,white,zh,,1.1.5,
19723,zh,"Chinese (中文 (Zhōngwén), 汉语, 漢語)",亮绿,亮绿色,亮绿色,rgb,75,241,28,3,4,full,white,zh,,1.1.5,
19723,zh,"Chinese (中文 (Zhōngwén), 汉语, 漢語)",深紫,深紫色,深紫色,rgb,115,82,120,3,5,full,white,zh,,1.1.5,
19723,zh,"Chinese (中文 (Zhōngwén), 汉语, 漢語)",灰蓝,灰蓝色,灰蓝色,rgb,77,122,157,3,6,full,white,zh,,1.1.5,
19723,zh,"Chinese (中文 (Zhōngwén), 汉语, 漢語)",灰色偏绿,灰色偏绿色,灰色偏绿,rgb,138,164,170,3,7,full,white,zh,,1.1.5,
19723,zh,"Chinese (中文 (Zhōngwén), 汉语, 漢語)",蓝,蓝色,蓝色,rgb,54,109,231,3,8,full,white,zh,,1.1.5,
19723,zh,"Chinese (中文 (Zhōngwén), 汉语, 漢語)",淡棕,淡棕色,淡棕色,rgb,171,119,86,3,9,full,white,zh,,1.1.5,
19723,zh,"Chinese (中文 (Zhōngwén), 汉语, 漢語)",黄色偏橙,黄色偏橙色,黄色偏橙,rgb,244,168,38,3,10,full,white,zh,,1.1.5,
19723,zh,"Chinese (中文 (Zhōngwén), 汉语, 漢語)",紫,紫色,紫色,rgb,149,153,223,3,11,full,white,zh,,1.1.5,
19723,zh,"Chinese (中文 (Zhōngwén), 汉语, 漢語)",深蓝,深蓝色,深蓝色,rgb,22,29,140,6,0,full,white,zh,,1.1.5,
19723,zh,"Chinese (中文 (Zhōngwén), 汉语, 漢語)",青宝石,青宝石色,青宝石色,rgb,36,170,155,6,1,full,white,zh,,1.1.5,
19723,zh,"Chinese (中文 (Zhōngwén), 汉语, 漢語)",艳紫,艳紫色,艳紫色,rgb,198,63,185,6,2,full,white,zh,,1.1.5,
19723,zh,"Chinese (中文 (Zhōngwén), 汉语, 漢語)",绿色偏黄,绿色偏黄色,绿色偏黄,rgb,94,192,16,6,3,full,white,zh,,1.1.5,
19723,zh,"Chinese (中文 (Zhōngwén), 汉语, 漢語)",深肉,深肉色,深肉色,rgb,212,173,140,6,4,full,white,zh,,1.1.5,
19723,zh,"Chinese (中文 (Zhōngwén), 汉语, 漢語)",黄色偏绿,黄色偏绿色,黄色偏绿,rgb,187,208,111,6,5,full,white,zh,,1.1.5,
19723,zh,"Chinese (中文 (Zhōngwén), 汉语, 漢語)",紫色偏灰,紫色偏灰色,紫色偏灰,rgb,157,82,156,6,6,full,white,zh,,1.1.5,
19723,zh,"Chinese (中文 (Zhōngwén), 汉语, 漢語)",深紫,深紫色,深紫色,rgb,94,23,173,6,7,full,white,zh,,1.1.5,
19723,zh,"Chinese (中文 (Zhōngwén), 汉语, 漢語)",亮红,亮红色,亮红色,rgb,241,47,92,6,8,full,white,zh,,1.1.5,
19723,zh,"Chinese (中文 (Zhōngwén), 汉语, 漢語)",深艳红,深艳红色,深艳红色,rgb,202,33,102,6,9,full,white,zh,,1.1.5,
19723,zh,"Chinese (中文 (Zhōngwén), 汉语, 漢語)",米色偏黄,米色偏黄色,米色偏黄,rgb,243,253,186,6,10,full,white,zh,,1.1.5,
19723,zh,"Chinese (中文 (Zhōngwén), 汉语, 漢語)",深艳紫,深艳紫色,深艳紫色,rgb,147,22,109,6,11,full,white,zh,,1.1.5,
19726,zh,"Chinese (中文 (Zhōngwén), 汉语, 漢語)",粉红,粉红色,粉红,rgb,236,106,126,1,0,full,white,zh,,1.1.5,
19726,zh,"Chinese (中文 (Zhōngwén), 汉语, 漢語)",深绿,深绿色,深绿,rgb,68,103,15,1,1,full,white,zh,,1.1.5,
19726,zh,"Chinese (中文 (Zhōngwén), 汉语, 漢語)",黑,黑色,黑色,rgb,14,9,17,1,2,full,white,zh,,1.1.5,
19726,zh,"Chinese (中文 (Zhōngwén), 汉语, 漢語)",草绿,草绿色,草绿,rgb,135,184,63,1,3,full,white,zh,,1.1.5,
19726,zh,"Chinese (中文 (Zhōngwén), 汉语, 漢語)",蓝,蓝色,蓝色,rgb,110,185,223,1,4,full,white,zh,,1.1.5,
19726,zh,"Chinese (中文 (Zhōngwén), 汉语, 漢語)",深紫,深紫色,深紫色,rgb,133,71,136,1,5,full,white,zh,,1.1.5,
19726,zh,"Chinese (中文 (Zhōngwén), 汉语, 漢語)",青,青色,青色,rgb,16,220,213,1,6,full,white,zh,,1.1.5,
19726,zh,"Chinese (中文 (Zhōngwén), 汉语, 漢語)",亮紫,亮紫色,亮紫色,rgb,164,81,254,1,7,full,white,zh,,1.1.5,
19726,zh,"Chinese (中文 (Zhōngwén), 汉语, 漢語)",红,红色,红色,rgb,226,55,32,1,8,full,white,zh,,1.1.5,
19726,zh,"Chinese (中文 (Zhōngwén), 汉语, 漢語)",深蓝,深蓝色,深蓝,rgb,46,40,153,1,9,full,white,zh,,1.1.5,
19726,zh,"Chinese (中文 (Zhōngwén), 汉语, 漢語)",紫罗蓝,紫罗兰色,紫罗兰色,rgb,100,72,163,1,10,full,white,zh,,1.1.5,
19726,zh,"Chinese (中文 (Zhōngwén), 汉语, 漢語)",土黄,土黄色,土黄色,rgb,207,131,82,1,11,full,white,zh,,1.1.5,
19726,zh,"Chinese (中文 (Zhōngwén), 汉语, 漢語)",蓝,蓝色,蓝色,rgb,32,106,209,3,0,full,white,zh,,1.1.5,
19726,zh,"Chinese (中文 (Zhōngwén), 汉语, 漢語)",深绿,深绿色,深绿,rgb,60,149,92,3,1,full,white,zh,,1.1.5,
19726,zh,"Chinese (中文 (Zhōngwén), 汉语, 漢語)",墨蓝,墨蓝色,墨蓝色,rgb,36,29,93,3,2,full,white,zh,,1.1.5,
19726,zh,"Chinese (中文 (Zhōngwén), 汉语, 漢語)",深蓝,深蓝色,深蓝,rgb,41,10,194,3,3,full,white,zh,,1.1.5,
19726,zh,"Chinese (中文 (Zhōngwén), 汉语, 漢語)",淡粉,淡粉色,淡粉色,rgb,215,158,251,3,4,full,white,zh,,1.1.5,
19726,zh,"Chinese (中文 (Zhōngwén), 汉语, 漢語)",土黄绿,土黄绿色,土黄绿色,rgb,135,120,36,3,5,full,white,zh,,1.1.5,
19726,zh,"Chinese (中文 (Zhōngwén), 汉语, 漢語)",米黄,米黄色,米黄色,rgb,203,195,138,3,6,full,white,zh,,1.1.5,
19726,zh,"Chinese (中文 (Zhōngwén), 汉语, 漢語)",青绿,青绿色,青绿色,rgb,103,230,102,3,7,full,white,zh,,1.1.5,
19726,zh,"Chinese (中文 (Zhōngwén), 汉语, 漢語)",淡绿,淡绿色,淡绿色,rgb,212,236,213,3,8,full,white,zh,,1.1.5,
19726,zh,"Chinese (中文 (Zhōngwén), 汉语, 漢語)",淡红,淡红色,淡红色,rgb,221,142,135,3,9,full,white,zh,,1.1.5,
19726,zh,"Chinese (中文 (Zhōngwén), 汉语, 漢語)",紫,紫色,紫色,rgb,164,14,182,3,10,full,white,zh,,1.1.5,
19726,zh,"Chinese (中文 (Zhōngwén), 汉语, 漢語)",蓝灰,蓝灰色,蓝灰色,rgb,95,106,136,3,11,full,white,zh,,1.1.5,
19730,zh,"Chinese (中文 (Zhōngwén), 汉语, 漢語)",草绿,草绿色,草绿,rgb,23,227,181,1,0,full,white,zh,,1.1.5,
19730,zh,"Chinese (中文 (Zhōngwén), 汉语, 漢語)",墨绿,墨绿色,墨绿,rgb,73,79,68,1,1,full,white,zh,,1.1.5,
19730,zh,"Chinese (中文 (Zhōngwén), 汉语, 漢語)",黑,黑色,黑,rgb,24,15,15,1,2,full,white,zh,,1.1.5,
19730,zh,"Chinese (中文 (Zhōngwén), 汉语, 漢語)",橘,橘色,橘,rgb,201,91,19,1,3,full,white,zh,,1.1.5,
19730,zh,"Chinese (中文 (Zhōngwén), 汉语, 漢語)",灰,灰色,灰,rgb,134,144,157,1,4,full,white,zh,,1.1.5,
19730,zh,"Chinese (中文 (Zhōngwén), 汉语, 漢語)",粉,粉色,粉,rgb,246,108,229,1,5,full,white,zh,,1.1.5,
19730,zh,"Chinese (中文 (Zhōngwén), 汉语, 漢語)",翠绿,翠绿色,翠绿,rgb,121,231,107,1,6,full,white,zh,,1.1.5,
19730,zh,"Chinese (中文 (Zhōngwén), 汉语, 漢語)",黛紫,黛紫色,黛紫,rgb,228,106,184,1,7,full,white,zh,,1.1.5,
19730,zh,"Chinese (中文 (Zhōngwén), 汉语, 漢語)",天蓝,天蓝色,天蓝,rgb,79,230,238,1,8,full,white,zh,,1.1.5,
19730,zh,"Chinese (中文 (Zhōngwén), 汉语, 漢語)",深蓝,深蓝色,深蓝,rgb,73,139,240,1,9,full,white,zh,,1.1.5,
19730,zh,"Chinese (中文 (Zhōngwén), 汉语, 漢語)",黄绿,黄绿色,黄绿,rgb,205,246,18,1,10,full,white,zh,,1.1.5,
19730,zh,"Chinese (中文 (Zhōngwén), 汉语, 漢語)",棕灰,棕灰色,棕灰,rgb,174,151,113,1,11,full,white,zh,,1.1.5,
19742,zh,"Chinese (中文 (Zhōngwén), 汉语, 漢語)",绿,绿色,绿色,rgb,29,234,32,1,0,full,white,zh,,1.1.5,
19742,zh,"Chinese (中文 (Zhōngwén), 汉语, 漢語)",棕,棕色,棕色,rgb,125,52,43,1,1,full,white,zh,,1.1.5,
19742,zh,"Chinese (中文 (Zhōngwén), 汉语, 漢語)",藏青,藏青色,藏青色,rgb,58,148,152,1,2,full,white,zh,,1.1.5,
19742,zh,"Chinese (中文 (Zhōngwén), 汉语, 漢語)",粉紫,粉紫色,粉紫色,rgb,198,65,226,1,3,full,white,zh,,1.1.5,
19742,zh,"Chinese (中文 (Zhōngwén), 汉语, 漢語)",淡紫,淡紫色,淡紫色,rgb,225,212,245,1,4,full,white,zh,,1.1.5,
19742,zh,"Chinese (中文 (Zhōngwén), 汉语, 漢語)",青,青色,青色,rgb,82,205,167,1,5,full,white,zh,,1.1.5,
19742,zh,"Chinese (中文 (Zhōngwén), 汉语, 漢語)",深绿,深绿色,深绿色,rgb,62,142,104,1,6,full,white,zh,,1.1.5,
19742,zh,"Chinese (中文 (Zhōngwén), 汉语, 漢語)",橙,橙色,橙色,rgb,220,73,27,1,7,full,white,zh,,1.1.5,
19742,zh,"Chinese (中文 (Zhōngwén), 汉语, 漢語)",玫红,玫红色,玫红色,rgb,196,2,101,1,8,full,white,zh,,1.1.5,
19742,zh,"Chinese (中文 (Zhōngwén), 汉语, 漢語)",深蓝,深蓝色,深蓝色,rgb,18,98,252,1,9,full,white,zh,,1.1.5,
19742,zh,"Chinese (中文 (Zhōngwén), 汉语, 漢語)",肉,肉色,肉色,rgb,233,215,161,1,10,full,white,zh,,1.1.5,
19742,zh,"Chinese (中文 (Zhōngwén), 汉语, 漢語)",原野绿,原野绿色,原野绿色,rgb,162,178,73,1,11,full,white,zh,,1.1.5,
19953,zh,"Chinese (中文 (Zhōngwén), 汉语, 漢語)",紫,紫色,紫,rgb,110,75,198,1,0,full,white,zh,,1.1.5,
19953,zh,"Chinese (中文 (Zhōngwén), 汉语, 漢語)",浅绿,浅绿色,浅绿,rgb,188,216,160,1,1,full,white,zh,,1.1.5,
19953,zh,"Chinese (中文 (Zhōngwén), 汉语, 漢語)",天蓝,天蓝色,天蓝,rgb,89,184,235,1,2,full,white,zh,,1.1.5,
19953,zh,"Chinese (中文 (Zhōngwén), 汉语, 漢語)",血红,血红色,血红,rgb,181,41,33,1,3,full,white,zh,,1.1.5,
19953,zh,"Chinese (中文 (Zhōngwén), 汉语, 漢語)",草绿,草绿色,草绿,rgb,36,106,72,1,4,full,white,zh,,1.1.5,
19953,zh,"Chinese (中文 (Zhōngwén), 汉语, 漢語)",土黄,土黄色,土黄,rgb,210,178,24,1,5,full,white,zh,,1.1.5,
19953,zh,"Chinese (中文 (Zhōngwén), 汉语, 漢語)",褐,褐色,褐,rgb,116,6,1,1,6,full,white,zh,,1.1.5,
19953,zh,"Chinese (中文 (Zhōngwén), 汉语, 漢語)",天青,天青色,天青,rgb,204,228,20,1,7,full,white,zh,,1.1.5,
19953,zh,"Chinese (中文 (Zhōngwén), 汉语, 漢語)",深蓝,深蓝色,深蓝,rgb,42,75,140,1,8,full,white,zh,,1.1.5,
19953,zh,"Chinese (中文 (Zhōngwén), 汉语, 漢語)",蓝,蓝色,蓝,rgb,46,101,214,1,9,full,white,zh,,1.1.5,
19953,zh,"Chinese (中文 (Zhōngwén), 汉语, 漢語)",浅褐,浅褐色,浅褐,rgb,153,58,70,1,10,full,white,zh,,1.1.5,
19953,zh,"Chinese (中文 (Zhōngwén), 汉语, 漢語)",青,青色,青,rgb,82,132,23,1,11,full,white,zh,,1.1.5,
19953,zh,"Chinese (中文 (Zhōngwén), 汉语, 漢語)",青蓝,青蓝色,青蓝,rgb,103,222,198,3,0,full,white,zh,,1.1.5,
19953,zh,"Chinese (中文 (Zhōngwén), 汉语, 漢語)",浅绿,浅绿色,浅绿,rgb,204,232,105,3,1,full,white,zh,,1.1.5,
19953,zh,"Chinese (中文 (Zhōngwén), 汉语, 漢語)",朱红,朱红色,朱红,rgb,195,121,87,3,2,full,white,zh,,1.1.5,
19953,zh,"Chinese (中文 (Zhōngwén), 汉语, 漢語)",浅黄,浅黄色,浅黄,rgb,239,244,214,3,3,full,white,zh,,1.1.5,
19953,zh,"Chinese (中文 (Zhōngwén), 汉语, 漢語)",蓝,蓝色,蓝,rgb,10,234,245,3,4,full,white,zh,,1.1.5,
19953,zh,"Chinese (中文 (Zhōngwén), 汉语, 漢語)",浅紫,浅紫色,浅紫,rgb,206,75,204,3,5,full,white,zh,,1.1.5,
19953,zh,"Chinese (中文 (Zhōngwén), 汉语, 漢語)",紫,紫色,紫,rgb,109,59,139,3,6,full,white,zh,,1.1.5,
19953,zh,"Chinese (中文 (Zhōngwén), 汉语, 漢語)",深褐,深褐色,深褐,rgb,84,44,33,3,7,full,white,zh,,1.1.5,
19953,zh,"Chinese (中文 (Zhōngwén), 汉语, 漢語)",青绿,青绿色,青绿,rgb,19,164,36,3,8,full,white,zh,,1.1.5,
19953,zh,"Chinese (中文 (Zhōngwén), 汉语, 漢語)",绀紫,绀紫色,绀紫,rgb,146,41,101,3,9,full,white,zh,,1.1.5,
19953,zh,"Chinese (中文 (Zhōngwén), 汉语, 漢語)",绿,绿色,绿,rgb,30,149,67,3,10,full,white,zh,,1.1.5,
19953,zh,"Chinese (中文 (Zhōngwén), 汉语, 漢語)",深蓝,深蓝色,深蓝,rgb,21,34,67,3,11,full,white,zh,,1.1.5,
19953,zh,"Chinese (中文 (Zhōngwén), 汉语, 漢語)",灰,灰色,灰,rgb,138,134,135,6,0,full,white,zh,,1.1.5,
19953,zh,"Chinese (中文 (Zhōngwén), 汉语, 漢語)",肤,肤色,肤,rgb,231,174,162,6,1,full,white,zh,,1.1.5,
19953,zh,"Chinese (中文 (Zhōngwén), 汉语, 漢語)",紫,紫色,紫,rgb,107,9,171,6,2,full,white,zh,,1.1.5,
19953,zh,"Chinese (中文 (Zhōngwén), 汉语, 漢語)",褐,褐色,褐,rgb,230,187,120,6,3,full,white,zh,,1.1.5,
19953,zh,"Chinese (中文 (Zhōngwén), 汉语, 漢語)",橙,橙色,橙,rgb,253,137,76,6,4,full,white,zh,,1.1.5,
19953,zh,"Chinese (中文 (Zhōngwén), 汉语, 漢語)",亮粉,亮粉色,亮粉,rgb,252,68,154,6,5,full,white,zh,,1.1.5,
19953,zh,"Chinese (中文 (Zhōngwén), 汉语, 漢語)",浅紫,浅紫色,浅紫,rgb,222,195,220,6,6,full,white,zh,,1.1.5,
19953,zh,"Chinese (中文 (Zhōngwén), 汉语, 漢語)",青,青色,青,rgb,22,149,170,6,7,full,white,zh,,1.1.5,
19953,zh,"Chinese (中文 (Zhōngwén), 汉语, 漢語)",亮紫,亮紫色,亮紫,rgb,220,145,207,6,8,full,white,zh,,1.1.5,
19953,zh,"Chinese (中文 (Zhōngwén), 汉语, 漢語)",深褐,深褐色,深褐,rgb,61,18,50,6,9,full,white,zh,,1.1.5,
19953,zh,"Chinese (中文 (Zhōngwén), 汉语, 漢語)",蓝,蓝色,蓝,rgb,22,1,191,6,10,full,white,zh,,1.1.5,
19953,zh,"Chinese (中文 (Zhōngwén), 汉语, 漢語)",浅青,浅青色,浅青,rgb,199,226,236,6,11,full,white,zh,,1.1.5,
19956,zh,"Chinese (中文 (Zhōngwén), 汉语, 漢語)",红,红色,红色,rgb,198,13,42,1,0,full,white,zh,,1.1.5,
19956,zh,"Chinese (中文 (Zhōngwén), 汉语, 漢語)",紫,紫色,紫色,rgb,197,104,229,1,1,full,white,zh,,1.1.5,
19956,zh,"Chinese (中文 (Zhōngwén), 汉语, 漢語)",棕,棕色,棕色,rgb,167,104,29,1,2,full,white,zh,,1.1.5,
19956,zh,"Chinese (中文 (Zhōngwén), 汉语, 漢語)",深棕,深棕色,深棕色,rgb,127,79,36,1,3,full,white,zh,,1.1.5,
19956,zh,"Chinese (中文 (Zhōngwén), 汉语, 漢語)",粉,粉色,粉色,rgb,218,109,123,1,4,full,white,zh,,1.1.5,
19956,zh,"Chinese (中文 (Zhōngwén), 汉语, 漢語)",青蓝,青蓝色,青蓝色,rgb,74,175,197,1,5,full,white,zh,,1.1.5,
19956,zh,"Chinese (中文 (Zhōngwén), 汉语, 漢語)",棕黄,棕黄色,棕黄色,rgb,225,144,35,1,6,full,white,zh,,1.1.5,
19956,zh,"Chinese (中文 (Zhōngwén), 汉语, 漢語)",紫红,紫红色,紫红色,rgb,161,35,73,1,7,full,white,zh,,1.1.5,
19956,zh,"Chinese (中文 (Zhōngwén), 汉语, 漢語)",亮棕,亮棕色,亮棕色,rgb,208,164,129,1,8,full,white,zh,,1.1.5,
19956,zh,"Chinese (中文 (Zhōngwén), 汉语, 漢語)",绿,绿色,绿色,rgb,143,190,127,1,9,full,white,zh,,1.1.5,
19956,zh,"Chinese (中文 (Zhōngwén), 汉语, 漢語)",紫红,紫红色,紫红色,rgb,109,5,25,1,10,full,white,zh,,1.1.5,
19956,zh,"Chinese (中文 (Zhōngwén), 汉语, 漢語)",蓝,蓝色,蓝色,rgb,100,116,235,1,11,full,white,zh,,1.1.5,
19956,zh,"Chinese (中文 (Zhōngwén), 汉语, 漢語)",浅黄,浅黄色,浅黄色,rgb,235,221,143,3,0,full,white,zh,,1.1.5,
19956,zh,"Chinese (中文 (Zhōngwén), 汉语, 漢語)",青绿,青绿色,青绿色,rgb,74,205,153,3,1,full,white,zh,,1.1.5,
19956,zh,"Chinese (中文 (Zhōngwén), 汉语, 漢語)",深绿,深绿色,深绿色,rgb,14,72,24,3,2,full,white,zh,,1.1.5,
19956,zh,"Chinese (中文 (Zhōngwén), 汉语, 漢語)",橘红,橘红色,橘红色,rgb,235,74,29,3,3,full,white,zh,,1.1.5,
19956,zh,"Chinese (中文 (Zhōngwén), 汉语, 漢語)",灰紫,灰紫色,灰紫色,rgb,145,136,158,3,4,full,white,zh,,1.1.5,
19956,zh,"Chinese (中文 (Zhōngwén), 汉语, 漢語)",深黄绿,深黄绿色,深黄绿色,rgb,73,82,12,3,5,full,white,zh,,1.1.5,
19956,zh,"Chinese (中文 (Zhōngwén), 汉语, 漢語)",粉品红,粉品红色,粉品红,rgb,251,80,180,3,6,full,white,zh,,1.1.5,
19956,zh,"Chinese (中文 (Zhōngwén), 汉语, 漢語)",紫红,紫红色,紫红色,rgb,160,11,113,3,7,full,white,zh,,1.1.5,
19956,zh,"Chinese (中文 (Zhōngwén), 汉语, 漢語)",品红,品红色,品红色,rgb,253,23,235,3,8,full,white,zh,,1.1.5,
19956,zh,"Chinese (中文 (Zhōngwén), 汉语, 漢語)",浅黄绿,浅黄绿色,浅黄绿色,rgb,181,197,95,3,9,full,white,zh,,1.1.5,
19956,zh,"Chinese (中文 (Zhōngwén), 汉语, 漢語)",桃红,桃红色,桃红色,rgb,243,75,105,3,10,full,white,zh,,1.1.5,
19956,zh,"Chinese (中文 (Zhōngwén), 汉语, 漢語)",深蓝,深蓝色,深蓝色,rgb,42,19,139,3,11,full,white,zh,,1.1.5,
19956,zh,"Chinese (中文 (Zhōngwén), 汉语, 漢語)",灰紫,灰紫色,灰紫色,rgb,162,142,218,6,0,full,white,zh,,1.1.5,
19956,zh,"Chinese (中文 (Zhōngwén), 汉语, 漢語)",桃红,桃红色,桃红色,rgb,248,103,154,6,1,full,white,zh,,1.1.5,
19956,zh,"Chinese (中文 (Zhōngwén), 汉语, 漢語)",蓝紫,蓝紫色,蓝紫色,rgb,82,53,143,6,2,full,white,zh,,1.1.5,
19956,zh,"Chinese (中文 (Zhōngwén), 汉语, 漢語)",青,青色,青色,rgb,42,237,221,6,3,full,white,zh,,1.1.5,
19956,zh,"Chinese (中文 (Zhōngwén), 汉语, 漢語)",黄绿,黄绿色,黄绿色,rgb,164,178,19,6,4,full,white,zh,,1.1.5,
19956,zh,"Chinese (中文 (Zhōngwén), 汉语, 漢語)",蓝,蓝色,蓝色,rgb,12,108,177,6,5,full,white,zh,,1.1.5,
19956,zh,"Chinese (中文 (Zhōngwén), 汉语, 漢語)",绿,绿色,绿色,rgb,45,247,64,6,6,full,white,zh,,1.1.5,
19956,zh,"Chinese (中文 (Zhōngwén), 汉语, 漢語)",褐,褐色,褐色,rgb,57,18,9,6,7,full,white,zh,,1.1.5,
19956,zh,"Chinese (中文 (Zhōngwén), 汉语, 漢語)",绿,绿色,绿色,rgb,47,151,92,6,8,full,white,zh,,1.1.5,
19956,zh,"Chinese (中文 (Zhōngwén), 汉语, 漢語)",浅黄绿,浅黄绿色,浅黄绿色,rgb,192,232,45,6,9,full,white,zh,,1.1.5,
19956,zh,"Chinese (中文 (Zhōngwén), 汉语, 漢語)",紫,紫色,紫色,rgb,175,35,250,6,10,full,white,zh,,1.1.5,
19956,zh,"Chinese (中文 (Zhōngwén), 汉语, 漢語)",灰青,灰青色,灰青色,rgb,109,141,138,6,11,full,white,zh,,1.1.5,
19959,zh,"Chinese (中文 (Zhōngwén), 汉语, 漢語)",粉红,粉红色,粉红,rgb,255,0,155,1,0,line,white,zh,,1.1.5,
19959,zh,"Chinese (中文 (Zhōngwén), 汉语, 漢語)",橙红,橙红色,橙红,rgb,255,98,0,1,1,line,white,zh,,1.1.5,
19959,zh,"Chinese (中文 (Zhōngwén), 汉语, 漢語)",蓝,蓝色,蓝色,rgb,0,172,255,1,2,line,white,zh,,1.1.5,
19959,zh,"Chinese (中文 (Zhōngwén), 汉语, 漢語)",大红,大红色,大红,rgb,255,0,37,1,3,line,white,zh,,1.1.5,
19959,zh,"Chinese (中文 (Zhōngwén), 汉语, 漢語)",淡蓝,淡蓝色,淡蓝色,rgb,0,216,255,1,4,line,white,zh,,1.1.5,
19959,zh,"Chinese (中文 (Zhōngwén), 汉语, 漢語)",深蓝,深蓝色,深蓝色,rgb,0,113,255,1,5,line,white,zh,,1.1.5,
19959,zh,"Chinese (中文 (Zhōngwén), 汉语, 漢語)",黄,黄色,黄色,rgb,237,255,0,1,6,line,white,zh,,1.1.5,
19959,zh,"Chinese (中文 (Zhōngwén), 汉语, 漢語)",橙黄,橙黄色,橙黄,rgb,255,142,0,1,7,line,white,zh,,1.1.5,
19959,zh,"Chinese (中文 (Zhōngwén), 汉语, 漢語)",淡红,淡红色,淡红,rgb,255,0,95,1,8,line,white,zh,,1.1.5,
19959,zh,"Chinese (中文 (Zhōngwén), 汉语, 漢語)",紫,紫色,紫色,rgb,186,0,255,1,9,line,white,zh,,1.1.5,
19959,zh,"Chinese (中文 (Zhōngwén), 汉语, 漢語)",粉紫,紫粉色,紫粉,rgb,255,0,179,1,10,line,white,zh,,1.1.5,
19959,zh,"Chinese (中文 (Zhōngwén), 汉语, 漢語)",蓝绿,蓝绿色,蓝绿,rgb,0,255,213,1,11,line,white,zh,,1.1.5,
19959,zh,"Chinese (中文 (Zhōngwén), 汉语, 漢語)",深紫,深紫色,深紫色,rgb,92,0,255,3,0,line,white,zh,,1.1.5,
19959,zh,"Chinese (中文 (Zhōngwén), 汉语, 漢語)",湖蓝,湖蓝色,湖蓝色,rgb,0,139,255,3,1,line,white,zh,,1.1.5,
19959,zh,"Chinese (中文 (Zhōngwén), 汉语, 漢語)",红偏紫,红偏紫色,红偏紫,rgb,255,0,122,3,2,line,white,zh,,1.1.5,
19959,zh,"Chinese (中文 (Zhōngwén), 汉语, 漢語)",荧光绿,荧光绿色,荧光绿,rgb,0,255,178,3,3,line,white,zh,,1.1.5,
19959,zh,"Chinese (中文 (Zhōngwén), 汉语, 漢語)",粉紫,紫粉色,紫粉,rgb,255,0,240,3,4,line,white,zh,,1.1.5,
19959,zh,"Chinese (中文 (Zhōngwén), 汉语, 漢語)",土黄,土黄色,土黄,rgb,255,183,0,3,5,line,white,zh,,1.1.5,
19959,zh,"Chinese (中文 (Zhōngwén), 汉语, 漢語)",橙红,橙红色,橙红,rgb,255,48,0,3,6,line,white,zh,,1.1.5,
19959,zh,"Chinese (中文 (Zhōngwén), 汉语, 漢語)",浅绿,浅绿色,浅绿色,rgb,0,255,103,3,7,line,white,zh,,1.1.5,
19959,zh,"Chinese (中文 (Zhōngwén), 汉语, 漢語)",湛蓝,湛蓝色,湛蓝,rgb,0,44,255,3,8,line,white,zh,,1.1.5,
19959,zh,"Chinese (中文 (Zhōngwén), 汉语, 漢語)",淡蓝,淡蓝色,淡蓝,rgb,0,234,255,3,9,line,white,zh,,1.1.5,
19959,zh,"Chinese (中文 (Zhōngwén), 汉语, 漢語)",浅黄绿,浅黄绿色,浅黄绿,rgb,151,255,0,3,10,line,white,zh,,1.1.5,
19959,zh,"Chinese (中文 (Zhōngwén), 汉语, 漢語)",深蓝,深蓝色,深蓝,rgb,0,67,255,3,11,line,white,zh,,1.1.5,
19959,zh,"Chinese (中文 (Zhōngwén), 汉语, 漢語)",淡蓝,淡蓝色,淡蓝,rgb,0,190,255,6,0,line,white,zh,,1.1.5,
19959,zh,"Chinese (中文 (Zhōngwén), 汉语, 漢語)",深蓝,深蓝色,深蓝,rgb,0,117,255,6,1,line,white,zh,,1.1.5,
19959,zh,"Chinese (中文 (Zhōngwén), 汉语, 漢語)",绿,绿色,绿色,rgb,124,255,0,6,2,line,white,zh,,1.1.5,
19959,zh,"Chinese (中文 (Zhōngwén), 汉语, 漢語)",粉紫,紫粉色,紫粉,rgb,255,0,248,6,3,line,white,zh,,1.1.5,
19959,zh,"Chinese (中文 (Zhōngwén), 汉语, 漢語)",湛蓝,湛蓝色,湛蓝,rgb,0,13,255,6,4,line,white,zh,,1.1.5,
19959,zh,"Chinese (中文 (Zhōngwén), 汉语, 漢語)",大红,大红色,大红,rgb,255,0,65,6,5,line,white,zh,,1.1.5,
19959,zh,"Chinese (中文 (Zhōngwén), 汉语, 漢語)",黄,黄色,黄色,rgb,255,225,0,6,6,line,white,zh,,1.1.5,
19959,zh,"Chinese (中文 (Zhōngwén), 汉语, 漢語)",谈绿,谈绿色,谈绿色,rgb,0,255,152,6,7,line,white,zh,,1.1.5,
19959,zh,"Chinese (中文 (Zhōngwén), 汉语, 漢語)",绿,绿色,绿色,rgb,0,255,72,6,8,line,white,zh,,1.1.5,
19959,zh,"Chinese (中文 (Zhōngwén), 汉语, 漢語)",黄绿,黄绿色,黄绿色,rgb,200,255,0,6,9,line,white,zh,,1.1.5,
19959,zh,"Chinese (中文 (Zhōngwén), 汉语, 漢語)",土黄,土黄色,土黄色,rgb,255,178,0,6,10,line,white,zh,,1.1.5,
19959,zh,"Chinese (中文 (Zhōngwén), 汉语, 漢語)",荧光绿,荧光绿色,荧光绿,rgb,0,255,226,6,11,line,white,zh,,1.1.5,
19955,zh,"Chinese (中文 (Zhōngwén), 汉语, 漢語)",烟紫,烟紫色,烟紫色,rgb,182,148,186,1,0,full,white,en,,1.1.5,
19955,zh,"Chinese (中文 (Zhōngwén), 汉语, 漢語)",妖紫,妖紫色,妖紫色,rgb,173,110,183,1,1,full,white,en,,1.1.5,
19955,zh,"Chinese (中文 (Zhōngwén), 汉语, 漢語)",土黄,土黄色,土黄色,rgb,221,195,55,1,2,full,white,en,,1.1.5,
19955,zh,"Chinese (中文 (Zhōngwén), 汉语, 漢語)",棕黄,棕黄色,棕黄色,rgb,211,144,30,1,3,full,white,en,,1.1.5,
19955,zh,"Chinese (中文 (Zhōngwén), 汉语, 漢語)",红棕,红棕色,红棕色,rgb,106,42,67,1,4,full,white,en,,1.1.5,
19955,zh,"Chinese (中文 (Zhōngwén), 汉语, 漢語)",粉紫,粉紫色,粉紫色,rgb,234,185,254,1,6,full,white,en,,1.1.5,
19955,zh,"Chinese (中文 (Zhōngwén), 汉语, 漢語)",黄绿,黄绿色,黄绿色,rgb,236,246,32,1,7,full,white,en,,1.1.5,
19955,zh,"Chinese (中文 (Zhōngwén), 汉语, 漢語)",深蓝,深蓝色,深蓝色,rgb,64,83,142,1,8,full,white,en,,1.1.5,
19955,zh,"Chinese (中文 (Zhōngwén), 汉语, 漢語)",紫红,紫红色,紫红色,rgb,167,45,140,1,9,full,white,en,,1.1.5,
19955,zh,"Chinese (中文 (Zhōngwén), 汉语, 漢語)",孔雀蓝,孔雀蓝色,孔雀蓝,rgb,14,144,172,1,10,full,white,en,,1.1.5,
19955,zh,"Chinese (中文 (Zhōngwén), 汉语, 漢語)",深绿,深绿色,深绿色,rgb,58,79,1,1,11,full,white,en,,1.1.5,
19955,zh,"Chinese (中文 (Zhōngwén), 汉语, 漢語)",朱红,朱红色,朱红色,rgb,155,47,61,3,0,full,white,en,,1.1.5,
19955,zh,"Chinese (中文 (Zhōngwén), 汉语, 漢語)",绿,绿色,绿色,rgb,41,174,10,3,1,full,white,en,,1.1.5,
19955,zh,"Chinese (中文 (Zhōngwén), 汉语, 漢語)",亮紫,亮紫色,亮紫色,rgb,137,62,226,3,2,full,white,en,,1.1.5,
19955,zh,"Chinese (中文 (Zhōngwén), 汉语, 漢語)",蓝绿,蓝绿色,蓝绿色,rgb,123,199,190,3,3,full,white,en,,1.1.5,
19955,zh,"Chinese (中文 (Zhōngwén), 汉语, 漢語)",玫红,玫红色,玫红色,rgb,219,71,213,3,4,full,white,en,,1.1.5,
19955,zh,"Chinese (中文 (Zhōngwén), 汉语, 漢語)",猪肝,猪肝色,猪肝色,rgb,125,7,7,3,5,full,white,en,,1.1.5,
19955,zh,"Chinese (中文 (Zhōngwén), 汉语, 漢語)",荧光绿,荧光绿色,荧光绿,rgb,137,222,9,3,6,full,white,en,,1.1.5,
19955,zh,"Chinese (中文 (Zhōngwén), 汉语, 漢語)",蓝紫,蓝紫色,蓝紫色,rgb,77,5,156,3,7,full,white,en,,1.1.5,
19955,zh,"Chinese (中文 (Zhōngwén), 汉语, 漢語)",土黄,土黄色,土黄色,rgb,160,156,74,3,8,full,white,en,,1.1.5,
19955,zh,"Chinese (中文 (Zhōngwén), 汉语, 漢語)",图棕,图棕色,图棕色,rgb,164,136,95,3,9,full,white,en,,1.1.5,
19955,zh,"Chinese (中文 (Zhōngwén), 汉语, 漢語)",本蓝,本蓝色,本蓝色,rgb,18,98,226,3,10,full,white,en,,1.1.5,
19955,zh,"Chinese (中文 (Zhōngwén), 汉语, 漢語)",蓝灰,蓝灰色,蓝灰色,rgb,83,98,115,3,11,full,white,en,,1.1.5,
19955,zh,"Chinese (中文 (Zhōngwén), 汉语, 漢語)",芭比粉,芭比粉色,芭比粉,rgb,236,117,185,6,0,full,white,en,,1.1.5,
19955,zh,"Chinese (中文 (Zhōngwén), 汉语, 漢語)",荧光绿,荧光绿色,荧光绿,rgb,16,234,79,6,4,full,white,en,,1.1.5,
19955,zh,"Chinese (中文 (Zhōngwén), 汉语, 漢語)",浅绿,浅绿色,浅绿色,rgb,134,237,175,6,6,full,white,en,,1.1.5,
19955,zh,"Chinese (中文 (Zhōngwén), 汉语, 漢語)",棕,棕色,棕色,rgb,166,89,31,6,8,full,white,en,,1.1.5,
19955,zh,"Chinese (中文 (Zhōngwén), 汉语, 漢語)",蓝,蓝色,蓝色,rgb,1,42,138,6,9,full,white,en,,1.1.5,
19955,zh,"Chinese (中文 (Zhōngwén), 汉语, 漢語)",黑,黑色,黑色,rgb,12,8,38,6,10,full,white,en,,1.1.5,
19955,zh,"Chinese (中文 (Zhōngwén), 汉语, 漢語)",萤光蓝,荧光蓝色,荧光蓝,rgb,42,72,224,6,11,full,white,en,,1.1.5,
19977,zh,"Chinese (中文 (Zhōngwén), 汉语, 漢語)",灰棕,灰棕色,灰棕色,rgb,117,73,64,1,0,full,white,en,,1.1.5,
19977,zh,"Chinese (中文 (Zhōngwén), 汉语, 漢語)",灰绿松石,灰绿松石色,灰绿松石,rgb,99,167,186,1,1,full,white,en,,1.1.5,
19977,zh,"Chinese (中文 (Zhōngwén), 汉语, 漢語)",深灰,深灰色,深灰色,rgb,77,82,77,1,2,full,white,en,,1.1.5,
19977,zh,"Chinese (中文 (Zhōngwén), 汉语, 漢語)",翠绿,翠绿色,翠绿,rgb,61,189,99,1,3,full,white,en,,1.1.5,
19977,zh,"Chinese (中文 (Zhōngwén), 汉语, 漢語)",荧光绿,荧光绿色,荧光绿,rgb,126,226,56,1,4,full,white,en,,1.1.5,
19977,zh,"Chinese (中文 (Zhōngwén), 汉语, 漢語)",洋红,洋红色,洋红色,rgb,230,2,219,1,5,full,white,en,,1.1.5,
19977,zh,"Chinese (中文 (Zhōngwén), 汉语, 漢語)",淡紫,淡紫色,淡紫色,rgb,176,161,227,1,6,full,white,en,,1.1.5,
19977,zh,"Chinese (中文 (Zhōngwén), 汉语, 漢語)",深皮粉,深皮粉色,深皮粉色,rgb,198,76,126,1,7,full,white,en,,1.1.5,
19977,zh,"Chinese (中文 (Zhōngwén), 汉语, 漢語)",深靛蓝,深靛蓝色,深靛蓝色,rgb,64,67,114,1,8,full,white,en,,1.1.5,
19977,zh,"Chinese (中文 (Zhōngwén), 汉语, 漢語)",淡荧光绿,淡荧光绿色,淡荧光绿,rgb,169,252,129,1,9,full,white,en,,1.1.5,
19977,zh,"Chinese (中文 (Zhōngwén), 汉语, 漢語)",黄绿,黄绿色,黄绿色,rgb,224,251,89,1,10,full,white,en,,1.1.5,
19977,zh,"Chinese (中文 (Zhōngwén), 汉语, 漢語)",灰蓝,灰蓝色,灰蓝色,rgb,125,141,177,1,11,full,white,en,,1.1.5,
0,zh,"Chinese (中文 (Zhōngwén), 汉语, 漢語)",粉紫,粉紫色,粉紫色,rgb,194,33,112,1,0,full,white,en,,1.1.5,
0,zh,"Chinese (中文 (Zhōngwén), 汉语, 漢語)",翠绿,翠绿色,翠绿,rgb,22,209,168,1,1,full,white,en,,1.1.5,
0,zh,"Chinese (中文 (Zhōngwén), 汉语, 漢語)",深紫,深紫色,深紫,rgb,116,69,98,1,2,full,white,en,,1.1.5,
0,zh,"Chinese (中文 (Zhōngwén), 汉语, 漢語)",深蓝,深蓝色,深蓝,rgb,7,50,81,1,3,full,white,en,,1.1.5,
0,zh,"Chinese (中文 (Zhōngwén), 汉语, 漢語)",海蓝,海蓝色,海蓝,rgb,28,103,188,1,4,full,white,en,,1.1.5,
0,zh,"Chinese (中文 (Zhōngwén), 汉语, 漢語)",青绿,青绿色,青绿,rgb,118,121,85,1,5,full,white,en,,1.1.5,
0,zh,"Chinese (中文 (Zhōngwén), 汉语, 漢語)",粉紫,粉紫色,粉紫,rgb,152,46,124,1,6,full,white,en,,1.1.5,
0,zh,"Chinese (中文 (Zhōngwén), 汉语, 漢語)",绿,绿色,绿色,rgb,118,161,137,1,7,full,white,en,,1.1.5,
0,zh,"Chinese (中文 (Zhōngwén), 汉语, 漢語)",棕橙,棕橙色,棕橙,rgb,190,76,73,1,8,full,white,en,,1.1.5,
0,zh,"Chinese (中文 (Zhōngwén), 汉语, 漢語)",宝石蓝,宝石蓝色,宝石蓝,rgb,44,30,184,1,9,full,white,en,,1.1.5,
0,zh,"Chinese (中文 (Zhōngwén), 汉语, 漢語)",浅蓝,浅蓝色,浅蓝,rgb,133,186,251,1,10,full,white,en,,1.1.5,
0,zh,"Chinese (中文 (Zhōngwén), 汉语, 漢語)",深绿,深绿色,深绿,rgb,56,71,68,1,11,full,white,en,,1.1.5,
0,zh,"Chinese (中文 (Zhōngwén), 汉语, 漢語)",粉紫,粉紫色,粉紫,rgb,209,70,182,3,0,full,white,en,,1.1.5,
0,zh,"Chinese (中文 (Zhōngwén), 汉语, 漢語)",亮绿,亮绿色,亮绿,rgb,38,254,153,3,1,full,white,en,,1.1.5,
0,zh,"Chinese (中文 (Zhōngwén), 汉语, 漢語)",酒红棕,酒红棕色,酒红棕,rgb,178,127,138,3,2,full,white,en,,1.1.5,
0,zh,"Chinese (中文 (Zhōngwén), 汉语, 漢語)",深棕,深棕色,深棕色,rgb,72,48,23,3,3,full,white,en,,1.1.5,
0,zh,"Chinese (中文 (Zhōngwén), 汉语, 漢語)",深紫红,深紫红色,深紫红,rgb,113,9,52,3,4,full,white,en,,1.1.5,
0,zh,"Chinese (中文 (Zhōngwén), 汉语, 漢語)",紫,紫色,紫色,rgb,91,62,135,3,5,full,white,en,,1.1.5,
0,zh,"Chinese (中文 (Zhōngwén), 汉语, 漢語)",浅绿,浅绿色,浅绿,rgb,202,209,173,3,6,full,white,en,,1.1.5,
0,zh,"Chinese (中文 (Zhōngwén), 汉语, 漢語)",蓝,蓝色,蓝色,rgb,57,136,175,3,7,full,white,en,,1.1.5,
0,zh,"Chinese (中文 (Zhōngwén), 汉语, 漢語)",深黄,深黄色,深黄,rgb,211,165,42,3,8,full,white,en,,1.1.5,
0,zh,"Chinese (中文 (Zhōngwén), 汉语, 漢語)",深绿,深绿色,深绿,rgb,79,78,3,3,9,full,white,en,,1.1.5,
0,zh,"Chinese (中文 (Zhōngwén), 汉语, 漢語)",浅绿,浅绿色,浅绿,rgb,163,240,181,3,10,full,white,en,,1.1.5,
0,zh,"Chinese (中文 (Zhōngwén), 汉语, 漢語)",灰,灰色,灰色,rgb,130,128,134,3,11,full,white,en,,1.1.5,
0,zh,"Chinese (中文 (Zhōngwén), 汉语, 漢語)",土黄,土黄色,土黄,rgb,168,129,45,6,0,full,white,en,,1.1.5,
0,zh,"Chinese (中文 (Zhōngwén), 汉语, 漢語)",草绿,草绿色,草绿,rgb,100,198,15,6,1,full,white,en,,1.1.5,
0,zh,"Chinese (中文 (Zhōngwén), 汉语, 漢語)",紫,紫色,紫色,rgb,109,35,243,6,2,full,white,en,,1.1.5,
0,zh,"Chinese (中文 (Zhōngwén), 汉语, 漢語)",浅黄,浅黄色,浅黄,rgb,238,220,120,6,3,full,white,en,,1.1.5,
0,zh,"Chinese (中文 (Zhōngwén), 汉语, 漢語)",浅绿,浅绿色,浅绿,rgb,139,197,89,6,4,full,white,en,,1.1.5,
0,zh,"Chinese (中文 (Zhōngwén), 汉语, 漢語)",天蓝,天蓝色,天蓝,rgb,171,234,246,6,5,full,white,en,,1.1.5,
0,zh,"Chinese (中文 (Zhōngwén), 汉语, 漢語)",绿,绿色,绿色,rgb,9,151,140,6,6,full,white,en,,1.1.5,
0,zh,"Chinese (中文 (Zhōngwén), 汉语, 漢語)",肉,肉色,肉色,rgb,243,185,143,6,7,full,white,en,,1.1.5,
0,zh,"Chinese (中文 (Zhōngwén), 汉语, 漢語)",绿,绿色,绿色,rgb,33,139,28,6,8,full,white,en,,1.1.5,
0,zh,"Chinese (中文 (Zhōngwén), 汉语, 漢語)",深紫,深紫色,深紫色,rgb,29,10,55,6,9,full,white,en,,1.1.5,
0,zh,"Chinese (中文 (Zhōngwén), 汉语, 漢語)",海蓝,海蓝色,海蓝,rgb,39,120,240,6,10,full,white,en,,1.1.5,
0,zh,"Chinese (中文 (Zhōngwén), 汉语, 漢語)",紫罗蓝,紫罗兰色,紫罗兰,rgb,198,171,223,6,11,full,white,en,,1.1.5,
20103,zh,"Chinese (中文 (Zhōngwén), 汉语, 漢語)",天蓝,天藍色,天藍,rgb,74,174,245,1,0,full,white,en,,1.1.5,
20103,zh,"Chinese (中文 (Zhōngwén), 汉语, 漢語)",粉红,粉紅色,粉紅,rgb,243,137,171,1,1,full,white,en,,1.1.5,
20103,zh,"Chinese (中文 (Zhōngwén), 汉语, 漢語)",淡紫,淡紫色,淡紫,rgb,148,154,189,1,2,full,white,en,,1.1.5,
20103,zh,"Chinese (中文 (Zhōngwén), 汉语, 漢語)",草绿,草綠色,草綠,rgb,108,162,85,1,3,full,white,en,,1.1.5,
20103,zh,"Chinese (中文 (Zhōngwén), 汉语, 漢語)",玫瑰粉,玫瑰粉色,玫瑰粉,rgb,177,111,135,1,4,full,white,en,,1.1.5,
20103,zh,"Chinese (中文 (Zhōngwén), 汉语, 漢語)",绿,綠色,綠,rgb,101,247,133,1,5,full,white,en,,1.1.5,
20103,zh,"Chinese (中文 (Zhōngwén), 汉语, 漢語)",玫红,玫紅色,玫紅,rgb,241,27,79,1,6,full,white,en,,1.1.5,
20103,zh,"Chinese (中文 (Zhōngwén), 汉语, 漢語)",墨绿,墨綠色,墨綠,rgb,9,69,46,1,7,full,white,en,,1.1.5,
20103,zh,"Chinese (中文 (Zhōngwén), 汉语, 漢語)",鹅黄,鵝黃色,鵝黃,rgb,230,182,110,1,8,full,white,en,,1.1.5,
20103,zh,"Chinese (中文 (Zhōngwén), 汉语, 漢語)",水蓝,水藍色,水藍,rgb,26,203,224,1,9,full,white,en,,1.1.5,
20103,zh,"Chinese (中文 (Zhōngwén), 汉语, 漢語)",粉紫,粉紫色,粉紫,rgb,220,159,230,1,10,full,white,en,,1.1.5,
20103,zh,"Chinese (中文 (Zhōngwén), 汉语, 漢語)",深蓝,深藍色,深藍,rgb,33,17,125,1,11,full,white,en,,1.1.5,
20103,zh,"Chinese (中文 (Zhōngwén), 汉语, 漢語)",绿,綠色,綠,rgb,117,210,57,3,0,full,white,en,,1.1.5,
20103,zh,"Chinese (中文 (Zhōngwén), 汉语, 漢語)",棕,棕色,棕色,rgb,75,55,35,3,1,full,white,en,,1.1.5,
20103,zh,"Chinese (中文 (Zhōngwén), 汉语, 漢語)",摩卡棕,摩卡棕色,摩卡棕,rgb,216,139,89,3,2,full,white,en,,1.1.5,
20103,zh,"Chinese (中文 (Zhōngwén), 汉语, 漢語)",灰,灰色,灰,rgb,229,233,223,3,3,full,white,en,,1.1.5,
20103,zh,"Chinese (中文 (Zhōngwén), 汉语, 漢語)",绿,綠色,綠,rgb,205,205,124,3,4,full,white,en,,1.1.5,
20103,zh,"Chinese (中文 (Zhōngwén), 汉语, 漢語)",靛蓝,靛藍色,靛藍,rgb,17,45,64,3,5,full,white,en,,1.1.5,
20103,zh,"Chinese (中文 (Zhōngwén), 汉语, 漢語)",绿,綠色,綠,rgb,115,124,24,3,6,full,white,en,,1.1.5,
20103,zh,"Chinese (中文 (Zhōngwén), 汉语, 漢語)",粉,粉色,粉,rgb,249,56,192,3,7,full,white,en,,1.1.5,
20103,zh,"Chinese (中文 (Zhōngwén), 汉语, 漢語)",绿,綠色,綠,rgb,169,214,22,3,8,full,white,en,,1.1.5,
20103,zh,"Chinese (中文 (Zhōngwén), 汉语, 漢語)",粉,粉色,粉,rgb,218,183,185,3,9,full,white,en,,1.1.5,
20103,zh,"Chinese (中文 (Zhōngwén), 汉语, 漢語)",红,紅色,紅,rgb,170,73,81,3,10,full,white,en,,1.1.5,
20103,zh,"Chinese (中文 (Zhōngwén), 汉语, 漢語)",蓝,藍色,藍,rgb,153,207,206,3,11,full,white,en,,1.1.5,
20103,zh,"Chinese (中文 (Zhōngwén), 汉语, 漢語)",蓝,藍色,藍,rgb,27,78,163,6,0,full,white,en,,1.1.5,
20103,zh,"Chinese (中文 (Zhōngwén), 汉语, 漢語)",紫,紫色,紫,rgb,156,37,236,6,1,full,white,en,,1.1.5,
20103,zh,"Chinese (中文 (Zhōngwén), 汉语, 漢語)",紫,紫色,紫,rgb,139,74,190,6,2,full,white,en,,1.1.5,
20103,zh,"Chinese (中文 (Zhōngwén), 汉语, 漢語)",紫,紫色,紫,rgb,141,99,168,6,3,full,white,en,,1.1.5,
20103,zh,"Chinese (中文 (Zhōngwén), 汉语, 漢語)",蓝,藍色,藍,rgb,14,63,198,6,4,full,white,en,,1.1.5,
20103,zh,"Chinese (中文 (Zhōngwén), 汉语, 漢語)",黄,黃色,黃,rgb,222,174,57,6,5,full,white,en,,1.1.5,
20103,zh,"Chinese (中文 (Zhōngwén), 汉语, 漢語)",绿,綠色,綠,rgb,43,156,132,6,6,full,white,en,,1.1.5,
20103,zh,"Chinese (中文 (Zhōngwén), 汉语, 漢語)",绿,綠色,綠,rgb,23,123,40,6,7,full,white,en,,1.1.5,
20103,zh,"Chinese (中文 (Zhōngwén), 汉语, 漢語)",蓝,藍色,藍,rgb,39,122,155,6,8,full,white,en,,1.1.5,
20103,zh,"Chinese (中文 (Zhōngwén), 汉语, 漢語)",绿,綠色,綠,rgb,7,232,170,6,9,full,white,en,,1.1.5,
20103,zh,"Chinese (中文 (Zhōngwén), 汉语, 漢語)",绿,綠色,綠,rgb,70,107,51,6,10,full,white,en,,1.1.5,
20103,zh,"Chinese (中文 (Zhōngwén), 汉语, 漢語)",灰,灰色,灰,rgb,124,126,111,6,11,full,white,en,,1.1.5,
20124,zh,"Chinese (中文 (Zhōngwén), 汉语, 漢語)",蓝,蓝色,蓝,rgb,14,143,229,1,0,full,white,zh,,1.1.5,
20124,zh,"Chinese (中文 (Zhōngwén), 汉语, 漢語)",深绿,深绿色,深绿,rgb,24,108,73,1,1,full,white,zh,,1.1.5,
20124,zh,"Chinese (中文 (Zhōngwén), 汉语, 漢語)",绿,绿色,绿,rgb,52,244,158,1,2,full,white,zh,,1.1.5,
20124,zh,"Chinese (中文 (Zhōngwén), 汉语, 漢語)",暗黄,暗黄色,暗黄,rgb,176,211,17,1,3,full,white,zh,,1.1.5,
20124,zh,"Chinese (中文 (Zhōngwén), 汉语, 漢語)",红,红色,红,rgb,242,6,62,1,4,full,white,zh,,1.1.5,
20124,zh,"Chinese (中文 (Zhōngwén), 汉语, 漢語)",灰,灰色,灰,rgb,146,158,170,1,5,full,white,zh,,1.1.5,
20124,zh,"Chinese (中文 (Zhōngwén), 汉语, 漢語)",咖啡,咖啡色,咖啡,rgb,201,158,72,1,6,full,white,zh,,1.1.5,
20124,zh,"Chinese (中文 (Zhōngwén), 汉语, 漢語)",粉红,粉红色,粉红,rgb,242,131,170,1,8,full,white,zh,,1.1.5,
20124,zh,"Chinese (中文 (Zhōngwén), 汉语, 漢語)",暗红,暗红色,暗红,rgb,189,61,11,1,9,full,white,zh,,1.1.5,
20124,zh,"Chinese (中文 (Zhōngwén), 汉语, 漢語)",紫红,紫红色,紫红,rgb,218,62,211,1,10,full,white,zh,,1.1.5,
20124,zh,"Chinese (中文 (Zhōngwén), 汉语, 漢語)",蓝绿,蓝绿色,蓝绿,rgb,90,215,210,1,11,full,white,zh,,1.1.5,
20124,zh,"Chinese (中文 (Zhōngwén), 汉语, 漢語)",黑,黑色,黑,rgb,7,26,18,3,0,full,white,zh,,1.1.5,
20124,zh,"Chinese (中文 (Zhōngwén), 汉语, 漢語)",蓝紫,蓝紫色,蓝紫,rgb,134,8,132,3,1,full,white,zh,,1.1.5,
20124,zh,"Chinese (中文 (Zhōngwén), 汉语, 漢語)",红,红色,红,rgb,240,47,28,3,2,full,white,zh,,1.1.5,
20124,zh,"Chinese (中文 (Zhōngwén), 汉语, 漢語)",深紫,深紫色,深紫,rgb,45,9,76,3,3,full,white,zh,,1.1.5,
20124,zh,"Chinese (中文 (Zhōngwén), 汉语, 漢語)",蓝,蓝色,蓝,rgb,74,72,216,3,4,full,white,zh,,1.1.5,
20124,zh,"Chinese (中文 (Zhōngwén), 汉语, 漢語)",深绿,深绿色,深绿,rgb,3,128,56,3,5,full,white,zh,,1.1.5,
20124,zh,"Chinese (中文 (Zhōngwén), 汉语, 漢語)",暗红,暗红色,暗红,rgb,144,73,13,3,6,full,white,zh,,1.1.5,
20124,zh,"Chinese (中文 (Zhōngwén), 汉语, 漢語)",咖啡,咖啡色,咖啡,rgb,251,139,33,3,7,full,white,zh,,1.1.5,
20124,zh,"Chinese (中文 (Zhōngwén), 汉语, 漢語)",粉红,粉红色,粉红,rgb,254,204,189,3,8,full,white,zh,,1.1.5,
20124,zh,"Chinese (中文 (Zhōngwén), 汉语, 漢語)",绿,绿色,绿,rgb,97,203,39,3,9,full,white,zh,,1.1.5,
20124,zh,"Chinese (中文 (Zhōngwén), 汉语, 漢語)",深绿,深绿色,深绿,rgb,37,103,104,3,10,full,white,zh,,1.1.5,
20124,zh,"Chinese (中文 (Zhōngwén), 汉语, 漢語)",淡粉,淡粉色,淡粉,rgb,227,180,253,3,11,full,white,zh,,1.1.5,
20124,zh,"Chinese (中文 (Zhōngwén), 汉语, 漢語)",绿,绿色,绿,rgb,72,158,132,6,0,full,white,zh,,1.1.5,
20124,zh,"Chinese (中文 (Zhōngwén), 汉语, 漢語)",粉红,粉红色,粉红,rgb,201,129,128,6,1,full,white,zh,,1.1.5,
20124,zh,"Chinese (中文 (Zhōngwén), 汉语, 漢語)",紫红,紫红色,紫红,rgb,216,124,200,6,2,full,white,zh,,1.1.5,
20124,zh,"Chinese (中文 (Zhōngwén), 汉语, 漢語)",深紫红,深紫红色,深紫红,rgb,152,34,91,6,3,full,white,zh,,1.1.5,
20124,zh,"Chinese (中文 (Zhōngwén), 汉语, 漢語)",深绿,深绿色,深绿,rgb,39,97,133,6,4,full,white,zh,,1.1.5,
20124,zh,"Chinese (中文 (Zhōngwén), 汉语, 漢語)",桃红,桃红色,桃红,rgb,249,47,148,6,5,full,white,zh,,1.1.5,
20124,zh,"Chinese (中文 (Zhōngwén), 汉语, 漢語)",土黄,土黄色,土黄,rgb,179,193,80,6,6,full,white,zh,,1.1.5,
20124,zh,"Chinese (中文 (Zhōngwén), 汉语, 漢語)",绿,绿色,绿,rgb,116,127,14,6,7,full,white,zh,,1.1.5,
20124,zh,"Chinese (中文 (Zhōngwén), 汉语, 漢語)",靛,靛色,靛,rgb,97,101,202,6,8,full,white,zh,,1.1.5,
20124,zh,"Chinese (中文 (Zhōngwén), 汉语, 漢語)",蓝绿,蓝绿色,蓝绿,rgb,165,215,227,6,9,full,white,zh,,1.1.5,
20124,zh,"Chinese (中文 (Zhōngwén), 汉语, 漢語)",绿,绿色,绿,rgb,108,141,71,6,10,full,white,zh,,1.1.5,
20124,zh,"Chinese (中文 (Zhōngwén), 汉语, 漢語)",深蓝,深蓝色,深蓝,rgb,6,57,118,6,11,full,white,zh,,1.1.5,
20189,zh,"Chinese (中文 (Zhōngwén), 汉语, 漢語)",绿,绿色,绿色,rgb,80,124,46,1,0,full,white,zh,,1.1.5,
20189,zh,"Chinese (中文 (Zhōngwén), 汉语, 漢語)",灰,灰色,灰色,rgb,100,102,100,1,1,full,white,zh,,1.1.5,
20189,zh,"Chinese (中文 (Zhōngwén), 汉语, 漢語)",紫,紫色,紫色,rgb,86,71,91,1,2,full,white,zh,,1.1.5,
20189,zh,"Chinese (中文 (Zhōngwén), 汉语, 漢語)",黄绿,黄绿色,黄绿色,rgb,139,186,51,1,3,full,white,zh,,1.1.5,
20189,zh,"Chinese (中文 (Zhōngwén), 汉语, 漢語)",紫,紫色,紫色,rgb,88,41,130,1,4,full,white,zh,,1.1.5,
20189,zh,"Chinese (中文 (Zhōngwén), 汉语, 漢語)",蓝,蓝色,蓝色,rgb,73,77,121,1,5,full,white,zh,,1.1.5,
20189,zh,"Chinese (中文 (Zhōngwén), 汉语, 漢語)",橙,橙色,橙色,rgb,166,90,54,1,6,full,white,zh,,1.1.5,
20189,zh,"Chinese (中文 (Zhōngwén), 汉语, 漢語)",翠绿,翠绿色,翠绿,rgb,52,158,81,1,7,full,white,zh,,1.1.5,
20189,zh,"Chinese (中文 (Zhōngwén), 汉语, 漢語)",粉,粉色,粉色,rgb,129,77,121,1,8,full,white,zh,,1.1.5,
20189,zh,"Chinese (中文 (Zhōngwén), 汉语, 漢語)",暗红,暗红色,暗红,rgb,98,35,65,1,9,full,white,zh,,1.1.5,
20189,zh,"Chinese (中文 (Zhōngwén), 汉语, 漢語)",棕,棕色,棕色,rgb,69,52,43,1,10,full,white,zh,,1.1.5,
20189,zh,"Chinese (中文 (Zhōngwén), 汉语, 漢語)",土黄,土黄色,土黄色,rgb,158,126,69,1,11,full,white,zh,,1.1.5,
20189,zh,"Chinese (中文 (Zhōngwén), 汉语, 漢語)",深灰,深灰色,深灰色,rgb,88,83,27,3,0,full,white,zh,,1.1.5,
20189,zh,"Chinese (中文 (Zhōngwén), 汉语, 漢語)",紫,紫色,紫色,rgb,244,75,237,3,1,full,white,zh,,1.1.5,
20189,zh,"Chinese (中文 (Zhōngwén), 汉语, 漢語)",暗红,暗红色,暗红,rgb,166,23,51,3,2,full,white,zh,,1.1.5,
20189,zh,"Chinese (中文 (Zhōngwén), 汉语, 漢語)",墨绿,墨绿色,墨绿,rgb,16,106,4,3,3,full,white,zh,,1.1.5,
20189,zh,"Chinese (中文 (Zhōngwén), 汉语, 漢語)",蓝,蓝色,蓝色,rgb,84,102,222,3,4,full,white,zh,,1.1.5,
20189,zh,"Chinese (中文 (Zhōngwén), 汉语, 漢語)",女,女色,女色,rgb,30,238,150,3,5,full,white,zh,,1.1.5,
20189,zh,"Chinese (中文 (Zhōngwén), 汉语, 漢語)",暗紫,暗紫色,暗紫色,rgb,170,40,132,3,6,full,white,zh,,1.1.5,
20189,zh,"Chinese (中文 (Zhōngwén), 汉语, 漢語)",绿,绿色,绿色,rgb,97,165,18,3,7,full,white,zh,,1.1.5,
20189,zh,"Chinese (中文 (Zhōngwén), 汉语, 漢語)",浅灰,浅灰色,浅灰色,rgb,247,245,242,3,8,full,white,zh,,1.1.5,
20189,zh,"Chinese (中文 (Zhōngwén), 汉语, 漢語)",灰蓝,灰蓝色,灰蓝色,rgb,69,103,148,3,9,full,white,zh,,1.1.5,
20189,zh,"Chinese (中文 (Zhōngwén), 汉语, 漢語)",黄,黄色,黄色,rgb,234,234,37,3,10,full,white,zh,,1.1.5,
20189,zh,"Chinese (中文 (Zhōngwén), 汉语, 漢語)",蓝绿,蓝绿色,蓝绿色,rgb,132,230,189,3,11,full,white,zh,,1.1.5,
20189,zh,"Chinese (中文 (Zhōngwén), 汉语, 漢語)",红,红色,红色,rgb,249,48,12,6,0,full,white,zh,,1.1.5,
20189,zh,"Chinese (中文 (Zhōngwén), 汉语, 漢語)",绿,绿色,绿色,rgb,25,151,80,6,1,full,white,zh,,1.1.5,
20189,zh,"Chinese (中文 (Zhōngwén), 汉语, 漢語)",紫,紫色,紫色,rgb,147,39,159,6,2,full,white,zh,,1.1.5,
20189,zh,"Chinese (中文 (Zhōngwén), 汉语, 漢語)",蓝,蓝色,蓝色,rgb,33,171,215,6,3,full,white,zh,,1.1.5,
20189,zh,"Chinese (中文 (Zhōngwén), 汉语, 漢語)",暗红,暗红色,暗红,rgb,193,93,99,6,4,full,white,zh,,1.1.5,
20189,zh,"Chinese (中文 (Zhōngwén), 汉语, 漢語)",灰紫,灰紫色,灰紫色,rgb,154,96,133,6,5,full,white,zh,,1.1.5,
20189,zh,"Chinese (中文 (Zhōngwén), 汉语, 漢語)",灰青,灰青色,灰青,rgb,136,191,180,6,6,full,white,zh,,1.1.5,
20189,zh,"Chinese (中文 (Zhōngwén), 汉语, 漢語)",黄绿,黄绿色,黄绿色,rgb,191,219,92,6,7,full,white,zh,,1.1.5,
20189,zh,"Chinese (中文 (Zhōngwén), 汉语, 漢語)",绿,绿色,绿色,rgb,120,156,95,6,8,full,white,zh,,1.1.5,
20189,zh,"Chinese (中文 (Zhōngwén), 汉语, 漢語)",墨绿,墨绿色,墨绿色,rgb,71,89,80,6,9,full,white,zh,,1.1.5,
20189,zh,"Chinese (中文 (Zhōngwén), 汉语, 漢語)",黑,黑色,黑色,rgb,50,35,64,6,10,full,white,zh,,1.1.5,
20189,zh,"Chinese (中文 (Zhōngwén), 汉语, 漢語)",亮紫,亮紫色,亮紫色,rgb,182,31,253,6,11,full,white,zh,,1.1.5,
20216,zh,"Chinese (中文 (Zhōngwén), 汉语, 漢語)",粉,粉色,粉色,rgb,210,98,179,1,0,full,white,en,,1.1.5,
20216,zh,"Chinese (中文 (Zhōngwén), 汉语, 漢語)",土黄,土黄色,土黄色,rgb,156,134,64,1,1,full,white,en,,1.1.5,
20216,zh,"Chinese (中文 (Zhōngwén), 汉语, 漢語)",荧光黄,荧光黄色,荧光黄,rgb,160,252,8,1,2,full,white,en,,1.1.5,
20216,zh,"Chinese (中文 (Zhōngwén), 汉语, 漢語)",紫,紫色,紫色,rgb,98,22,144,1,3,full,white,en,,1.1.5,
20216,zh,"Chinese (中文 (Zhōngwén), 汉语, 漢語)",绿,绿色,绿色,rgb,67,205,35,1,4,full,white,en,,1.1.5,
20216,zh,"Chinese (中文 (Zhōngwén), 汉语, 漢語)",棕,棕色,棕色,rgb,132,88,40,1,5,full,white,en,,1.1.5,
20216,zh,"Chinese (中文 (Zhōngwén), 汉语, 漢語)",紫罗蓝,紫罗兰色,紫罗兰,rgb,195,36,182,1,6,full,white,en,,1.1.5,
20216,zh,"Chinese (中文 (Zhōngwén), 汉语, 漢語)",天蓝,天蓝色,天蓝色,rgb,54,137,209,1,7,full,white,en,,1.1.5,
20216,zh,"Chinese (中文 (Zhōngwén), 汉语, 漢語)",浅绿,浅绿色,浅绿色,rgb,145,215,49,1,8,full,white,en,,1.1.5,
20216,zh,"Chinese (中文 (Zhōngwén), 汉语, 漢語)",蓝,蓝色,蓝色,rgb,51,81,219,1,9,full,white,en,,1.1.5,
20216,zh,"Chinese (中文 (Zhōngwén), 汉语, 漢語)",青,青色,青色,rgb,72,164,187,1,10,full,white,en,,1.1.5,
20216,zh,"Chinese (中文 (Zhōngwén), 汉语, 漢語)",胭脂,胭脂色,胭脂,rgb,160,77,88,1,11,full,white,en,,1.1.5,
20216,zh,"Chinese (中文 (Zhōngwén), 汉语, 漢語)",蓝灰,蓝灰色,蓝灰,rgb,112,137,173,3,0,full,white,en,,1.1.5,
20216,zh,"Chinese (中文 (Zhōngwén), 汉语, 漢語)",土黄,土黄色,土黄色,rgb,153,142,20,3,1,full,white,en,,1.1.5,
20216,zh,"Chinese (中文 (Zhōngwén), 汉语, 漢語)",深紫,深紫色,深紫色,rgb,106,48,81,3,2,full,white,en,,1.1.5,
20216,zh,"Chinese (中文 (Zhōngwén), 汉语, 漢語)",暗紫,暗紫色,暗紫色,rgb,102,84,119,3,3,full,white,en,,1.1.5,
20216,zh,"Chinese (中文 (Zhōngwén), 汉语, 漢語)",棕,棕色,棕色,rgb,121,48,9,3,4,full,white,en,,1.1.5,
20216,zh,"Chinese (中文 (Zhōngwén), 汉语, 漢語)",粉,粉色,粉色,rgb,240,9,173,3,5,full,white,en,,1.1.5,
20216,zh,"Chinese (中文 (Zhōngwén), 汉语, 漢語)",绿,绿色,绿色,rgb,1,127,21,3,6,full,white,en,,1.1.5,
20216,zh,"Chinese (中文 (Zhōngwén), 汉语, 漢語)",紫罗蓝,紫罗兰色,紫罗兰,rgb,130,96,178,3,7,full,white,en,,1.1.5,
20216,zh,"Chinese (中文 (Zhōngwén), 汉语, 漢語)",肉,肉色,肉色,rgb,218,197,182,3,8,full,white,en,,1.1.5,
20216,zh,"Chinese (中文 (Zhōngwén), 汉语, 漢語)",深红,深红色,深红色,rgb,147,6,32,3,9,full,white,en,,1.1.5,
20216,zh,"Chinese (中文 (Zhōngwén), 汉语, 漢語)",群青,群青色,群青,rgb,40,50,126,3,10,full,white,en,,1.1.5,
20216,zh,"Chinese (中文 (Zhōngwén), 汉语, 漢語)",淡紫,淡紫色,淡紫色,rgb,165,156,219,3,11,full,white,en,,1.1.5,
20216,zh,"Chinese (中文 (Zhōngwén), 汉语, 漢語)",浅绿,浅绿色,浅绿色,rgb,136,247,219,6,0,full,white,en,,1.1.5,
20216,zh,"Chinese (中文 (Zhōngwén), 汉语, 漢語)",淡绿,淡绿色,淡绿色,rgb,124,193,183,6,1,full,white,en,,1.1.5,
20216,zh,"Chinese (中文 (Zhōngwén), 汉语, 漢語)",墨绿,墨绿色,墨绿色,rgb,22,60,73,6,2,full,white,en,,1.1.5,
20216,zh,"Chinese (中文 (Zhōngwén), 汉语, 漢語)",浅橙,浅橙色,浅橙色,rgb,251,170,109,6,3,full,white,en,,1.1.5,
20216,zh,"Chinese (中文 (Zhōngwén), 汉语, 漢語)",橘红,橘红色,橘红色,rgb,213,94,68,6,4,full,white,en,,1.1.5,
20216,zh,"Chinese (中文 (Zhōngwén), 汉语, 漢語)",淡绿,淡绿色,淡绿色,rgb,217,240,211,6,5,full,white,en,,1.1.5,
20216,zh,"Chinese (中文 (Zhōngwén), 汉语, 漢語)",中黄,中黄色,中黄,rgb,225,199,10,6,6,full,white,en,,1.1.5,
20216,zh,"Chinese (中文 (Zhōngwén), 汉语, 漢語)",紫罗蓝,紫罗兰色,紫罗兰,rgb,109,23,209,6,7,full,white,en,,1.1.5,
20216,zh,"Chinese (中文 (Zhōngwén), 汉语, 漢語)",浅棕,浅棕色,浅棕色,rgb,191,183,127,6,8,full,white,en,,1.1.5,
20216,zh,"Chinese (中文 (Zhōngwén), 汉语, 漢語)",屎绿,屎绿色,屎绿色,rgb,71,96,9,6,9,full,white,en,,1.1.5,
20216,zh,"Chinese (中文 (Zhōngwén), 汉语, 漢語)",红,红色,红色,rgb,241,9,20,6,10,full,white,en,,1.1.5,
20216,zh,"Chinese (中文 (Zhōngwén), 汉语, 漢語)",粉,粉色,粉色,rgb,223,115,153,6,11,full,white,en,,1.1.5,
0,zh,"Chinese (中文 (Zhōngwén), 汉语, 漢語)",荧光绿,荧光绿色,荧光绿,rgb,0,255,77,1,0,line,white,en,,1.1.5,
0,zh,"Chinese (中文 (Zhōngwén), 汉语, 漢語)",深蓝,深蓝色,深蓝,rgb,0,65,255,1,1,line,white,en,,1.1.5,
0,zh,"Chinese (中文 (Zhōngwén), 汉语, 漢語)",天蓝,天蓝色,天蓝,rgb,0,212,255,1,2,line,white,en,,1.1.5,
0,zh,"Chinese (中文 (Zhōngwén), 汉语, 漢語)",玫红,玫红色,玫红,rgb,255,0,213,1,3,line,white,en,,1.1.5,
0,zh,"Chinese (中文 (Zhōngwén), 汉语, 漢語)",紫,紫色,紫色,rgb,198,0,255,1,4,line,white,en,,1.1.5,
0,zh,"Chinese (中文 (Zhōngwén), 汉语, 漢語)",黄,黄色,黄色,rgb,255,218,0,1,5,line,white,en,,1.1.5,
0,zh,"Chinese (中文 (Zhōngwén), 汉语, 漢語)",蓝,蓝色,蓝色,rgb,0,178,255,1,6,line,white,en,,1.1.5,
0,zh,"Chinese (中文 (Zhōngwén), 汉语, 漢語)",浅绿,浅绿色,浅绿,rgb,0,255,138,1,7,line,white,en,,1.1.5,
0,zh,"Chinese (中文 (Zhōngwén), 汉语, 漢語)",红,红色,红色,rgb,255,0,36,1,8,line,white,en,,1.1.5,
0,zh,"Chinese (中文 (Zhōngwén), 汉语, 漢語)",蓝绿,蓝绿色,蓝绿色,rgb,0,255,208,1,9,line,white,en,,1.1.5,
0,zh,"Chinese (中文 (Zhōngwén), 汉语, 漢語)",紫红,紫红色,紫红,rgb,255,0,122,1,10,line,white,en,,1.1.5,
0,zh,"Chinese (中文 (Zhōngwén), 汉语, 漢語)",荧光黄,荧光黄色,荧光黄,rgb,255,255,0,1,11,line,white,en,,1.1.5,
0,zh,"Chinese (中文 (Zhōngwén), 汉语, 漢語)",深蓝,深蓝色,深蓝,rgb,0,25,255,3,0,line,white,en,,1.1.5,
0,zh,"Chinese (中文 (Zhōngwén), 汉语, 漢語)",天蓝,天蓝色,天蓝,rgb,0,190,255,3,1,line,white,en,,1.1.5,
0,zh,"Chinese (中文 (Zhōngwén), 汉语, 漢語)",玫红,玫红色,玫红,rgb,255,0,249,3,2,line,white,en,,1.1.5,
0,zh,"Chinese (中文 (Zhōngwén), 汉语, 漢語)",蓝,蓝色,蓝色,rgb,0,138,255,3,3,line,white,en,,1.1.5,
0,zh,"Chinese (中文 (Zhōngwén), 汉语, 漢語)",橙黄,橙黄色,橙黄,rgb,255,195,0,3,4,line,white,en,,1.1.5,
0,zh,"Chinese (中文 (Zhōngwén), 汉语, 漢語)",草绿,草绿色,草绿,rgb,146,255,0,3,5,line,white,en,,1.1.5,
0,zh,"Chinese (中文 (Zhōngwén), 汉语, 漢語)",蓝绿,蓝绿色,蓝绿,rgb,0,255,225,3,6,line,white,en,,1.1.5,
0,zh,"Chinese (中文 (Zhōngwén), 汉语, 漢語)",正红,正红色,正红,rgb,255,70,0,3,7,line,white,en,,1.1.5,
0,zh,"Chinese (中文 (Zhōngwén), 汉语, 漢語)",黄绿,黄绿色,黄绿,rgb,190,255,0,3,8,line,white,en,,1.1.5,
0,zh,"Chinese (中文 (Zhōngwén), 汉语, 漢語)",玫红,玫红色,玫红,rgb,255,0,147,3,9,line,white,en,,1.1.5,
0,zh,"Chinese (中文 (Zhōngwén), 汉语, 漢語)",紫红,紫红色,紫红,rgb,255,0,207,3,10,line,white,en,,1.1.5,
0,zh,"Chinese (中文 (Zhōngwén), 汉语, 漢語)",橙,橙色,橙色,rgb,255,166,0,3,11,line,white,en,,1.1.5,
0,zh,"Chinese (中文 (Zhōngwén), 汉语, 漢語)",紫,紫色,紫,rgb,162,34,230,1,0,full,white,en,,1.1.5,
0,zh,"Chinese (中文 (Zhōngwén), 汉语, 漢語)",蓝,蓝色,蓝,rgb,70,172,226,1,1,full,white,en,,1.1.5,
0,zh,"Chinese (中文 (Zhōngwén), 汉语, 漢語)",草绿,草绿色,草绿,rgb,178,231,94,1,2,full,white,en,,1.1.5,
0,zh,"Chinese (中文 (Zhōngwén), 汉语, 漢語)",棕,棕色,棕,rgb,127,111,114,1,3,full,white,en,,1.1.5,
0,zh,"Chinese (中文 (Zhōngwén), 汉语, 漢語)",浅绿,浅绿色,浅绿,rgb,195,253,161,1,4,full,white,en,,1.1.5,
0,zh,"Chinese (中文 (Zhōngwén), 汉语, 漢語)",鸭屎绿,鸭屎绿色,鸭屎绿,rgb,125,131,6,1,5,full,white,en,,1.1.5,
0,zh,"Chinese (中文 (Zhōngwén), 汉语, 漢語)",橙红,橙红色,橙红,rgb,236,115,85,1,6,full,white,en,,1.1.5,
0,zh,"Chinese (中文 (Zhōngwén), 汉语, 漢語)",青,青色,青色,rgb,30,202,210,1,7,full,white,en,,1.1.5,
0,zh,"Chinese (中文 (Zhōngwén), 汉语, 漢語)",深紫,深紫色,深紫,rgb,118,96,178,1,8,full,white,en,,1.1.5,
0,zh,"Chinese (中文 (Zhōngwén), 汉语, 漢語)",墨绿,墨绿色,墨绿,rgb,65,141,128,1,9,full,white,en,,1.1.5,
0,zh,"Chinese (中文 (Zhōngwén), 汉语, 漢語)",青黑,青黑色,青黑,rgb,22,42,63,1,10,full,white,en,,1.1.5,
0,zh,"Chinese (中文 (Zhōngwén), 汉语, 漢語)",深蓝,深蓝色,深蓝,rgb,20,24,217,1,11,full,white,en,,1.1.5,
0,zh,"Chinese (中文 (Zhōngwén), 汉语, 漢語)",天蓝,天蓝色,天蓝,rgb,0,235,255,6,0,line,white,en,,1.1.5,
0,zh,"Chinese (中文 (Zhōngwén), 汉语, 漢語)",深蓝,深蓝色,深蓝,rgb,0,106,255,6,1,line,white,en,,1.1.5,
0,zh,"Chinese (中文 (Zhōngwén), 汉语, 漢語)",正红,正红色,正红,rgb,255,0,54,6,2,line,white,en,,1.1.5,
0,zh,"Chinese (中文 (Zhōngwén), 汉语, 漢語)",草绿,草绿色,草绿,rgb,104,255,0,6,3,line,white,en,,1.1.5,
0,zh,"Chinese (中文 (Zhōngwén), 汉语, 漢語)",橙,橙色,橙色,rgb,255,141,0,6,4,line,white,en,,1.1.5,
0,zh,"Chinese (中文 (Zhōngwén), 汉语, 漢語)",绿,绿色,绿色,rgb,0,255,103,6,5,line,white,en,,1.1.5,
0,zh,"Chinese (中文 (Zhōngwén), 汉语, 漢語)",紫,紫色,紫色,rgb,137,0,255,6,6,line,white,en,,1.1.5,
0,zh,"Chinese (中文 (Zhōngwén), 汉语, 漢語)",橙红,橙红色,橙红,rgb,255,98,0,6,7,line,white,en,,1.1.5,
0,zh,"Chinese (中文 (Zhōngwén), 汉语, 漢語)",荧光绿,荧光绿色,荧光绿,rgb,0,255,183,6,8,line,white,en,,1.1.5,
0,zh,"Chinese (中文 (Zhōngwén), 汉语, 漢語)",蓝,蓝色,蓝色,rgb,0,134,255,6,9,line,white,en,,1.1.5,
0,zh,"Chinese (中文 (Zhōngwén), 汉语, 漢語)",梅红,梅红色,梅红,rgb,255,0,82,6,10,line,white,en,,1.1.5,
0,zh,"Chinese (中文 (Zhōngwén), 汉语, 漢語)",深蓝,深蓝色,深蓝,rgb,0,85,255,6,11,line,white,en,,1.1.5,
0,zh,"Chinese (中文 (Zhōngwén), 汉语, 漢語)",深粉,深粉色,深粉,rgb,215,94,219,3,0,full,white,en,,1.1.5,
0,zh,"Chinese (中文 (Zhōngwén), 汉语, 漢語)",酒红,酒红色,酒红,rgb,132,0,75,3,1,full,white,en,,1.1.5,
0,zh,"Chinese (中文 (Zhōngwén), 汉语, 漢語)",褐,褐色,褐色,rgb,183,130,43,3,2,full,white,en,,1.1.5,
0,zh,"Chinese (中文 (Zhōngwén), 汉语, 漢語)",深蓝,深蓝色,深蓝,rgb,41,77,182,3,3,full,white,en,,1.1.5,
0,zh,"Chinese (中文 (Zhōngwén), 汉语, 漢語)",白蓝,白蓝色,白蓝,rgb,155,168,219,3,4,full,white,en,,1.1.5,
0,zh,"Chinese (中文 (Zhōngwén), 汉语, 漢語)",灰青,灰青色,灰青,rgb,148,170,161,3,5,full,white,en,,1.1.5,
0,zh,"Chinese (中文 (Zhōngwén), 汉语, 漢語)",棕,棕色,棕,rgb,162,124,82,3,6,full,white,en,,1.1.5,
0,zh,"Chinese (中文 (Zhōngwén), 汉语, 漢語)",凝夜紫,凝夜紫色,凝夜紫,rgb,77,37,85,3,7,full,white,en,,1.1.5,
0,zh,"Chinese (中文 (Zhōngwén), 汉语, 漢語)",妖紫,妖紫色,妖紫,rgb,108,5,134,3,8,full,white,en,,1.1.5,
0,zh,"Chinese (中文 (Zhōngwén), 汉语, 漢語)",深绿,深绿色,深绿,rgb,30,125,71,3,9,full,white,en,,1.1.5,
0,zh,"Chinese (中文 (Zhōngwén), 汉语, 漢語)",翠绿,翠绿色,翠绿,rgb,46,243,133,3,10,full,white,en,,1.1.5,
0,zh,"Chinese (中文 (Zhōngwén), 汉语, 漢語)",草绿,草绿色,草绿,rgb,109,170,16,3,11,full,white,en,,1.1.5,
0,zh,"Chinese (中文 (Zhōngwén), 汉语, 漢語)",黄绿,黄绿色,黄绿,rgb,205,211,51,6,0,full,white,en,,1.1.5,
0,zh,"Chinese (中文 (Zhōngwén), 汉语, 漢語)",蓝紫,蓝紫色,蓝紫,rgb,80,98,146,6,1,full,white,en,,1.1.5,
0,zh,"Chinese (中文 (Zhōngwén), 汉语, 漢語)",粉红,粉红色,粉红,rgb,251,126,202,6,2,full,white,en,,1.1.5,
0,zh,"Chinese (中文 (Zhōngwén), 汉语, 漢語)",橙,橙色,橙色,rgb,249,178,32,6,3,full,white,en,,1.1.5,
0,zh,"Chinese (中文 (Zhōngwén), 汉语, 漢語)",青,青色,青,rgb,88,130,145,6,4,full,white,en,,1.1.5,
0,zh,"Chinese (中文 (Zhōngwén), 汉语, 漢語)",草绿,草绿色,草绿,rgb,127,177,115,6,5,full,white,en,,1.1.5,
0,zh,"Chinese (中文 (Zhōngwén), 汉语, 漢語)",红棕,红棕色,红棕,rgb,80,23,1,6,6,full,white,en,,1.1.5,
0,zh,"Chinese (中文 (Zhōngwén), 汉语, 漢語)",墨绿,墨绿色,墨绿,rgb,90,105,67,6,7,full,white,en,,1.1.5,
0,zh,"Chinese (中文 (Zhōngwén), 汉语, 漢語)",蓝,蓝色,蓝,rgb,12,157,246,6,8,full,white,en,,1.1.5,
0,zh,"Chinese (中文 (Zhōngwén), 汉语, 漢語)",粉红,粉红色,粉红,rgb,236,57,113,6,9,full,white,en,,1.1.5,
0,zh,"Chinese (中文 (Zhōngwén), 汉语, 漢語)",紫红,紫红色,紫红,rgb,239,45,229,6,10,full,white,en,,1.1.5,
0,zh,"Chinese (中文 (Zhōngwén), 汉语, 漢語)",绿,绿色,绿,rgb,107,246,90,6,11,full,white,en,,1.1.5,
0,zh,"Chinese (中文 (Zhōngwén), 汉语, 漢語)",豆沙,豆沙色,豆沙色,rgb,178,114,117,1,0,full,white,zh,,1.1.5,
0,zh,"Chinese (中文 (Zhōngwén), 汉语, 漢語)",墨绿,墨绿色,墨绿,rgb,10,132,56,1,1,full,white,zh,,1.1.5,
0,zh,"Chinese (中文 (Zhōngwén), 汉语, 漢語)",绿,绿色,绿色,rgb,31,230,112,1,2,full,white,zh,,1.1.5,
0,zh,"Chinese (中文 (Zhōngwén), 汉语, 漢語)",草绿,草绿色,草绿,rgb,144,222,35,1,3,full,white,zh,,1.1.5,
0,zh,"Chinese (中文 (Zhōngwén), 汉语, 漢語)",紫罗蓝,紫罗兰色,紫罗兰,rgb,187,2,110,1,4,full,white,zh,,1.1.5,
0,zh,"Chinese (中文 (Zhōngwén), 汉语, 漢語)",春日青,春日青色,春日青,rgb,29,243,170,1,5,full,white,zh,,1.1.5,
0,zh,"Chinese (中文 (Zhōngwén), 汉语, 漢語)",砖红,砖红色,砖红,rgb,196,74,8,1,6,full,white,zh,,1.1.5,
0,zh,"Chinese (中文 (Zhōngwén), 汉语, 漢語)",普鲁士蓝,普鲁士蓝色,普鲁士蓝,rgb,14,39,169,1,7,full,white,zh,,1.1.5,
0,zh,"Chinese (中文 (Zhōngwén), 汉语, 漢語)",雪青,雪青色,雪青,rgb,173,155,180,1,8,full,white,zh,,1.1.5,
0,zh,"Chinese (中文 (Zhōngwén), 汉语, 漢語)",红棕,红棕色,红棕色,rgb,162,62,35,1,9,full,white,zh,,1.1.5,
0,zh,"Chinese (中文 (Zhōngwén), 汉语, 漢語)",蓝灰,蓝灰色,蓝灰色,rgb,42,134,169,1,10,full,white,zh,,1.1.5,
0,zh,"Chinese (中文 (Zhōngwén), 汉语, 漢語)",橘黄,橘黄色,橘黄色,rgb,207,132,24,1,11,full,white,zh,,1.1.5,
0,zh,"Chinese (中文 (Zhōngwén), 汉语, 漢語)",品红,品红色,品红色,rgb,235,7,237,3,0,full,white,zh,,1.1.5,
0,zh,"Chinese (中文 (Zhōngwén), 汉语, 漢語)",蓝绿,蓝绿色,蓝绿色,rgb,28,214,204,3,1,full,white,zh,,1.1.5,
0,zh,"Chinese (中文 (Zhōngwén), 汉语, 漢語)",黑,黑色,黑色,rgb,59,56,60,3,2,full,white,zh,,1.1.5,
0,zh,"Chinese (中文 (Zhōngwén), 汉语, 漢語)",薄荷绿,薄荷绿色,薄荷绿,rgb,139,227,180,3,3,full,white,zh,,1.1.5,
0,zh,"Chinese (中文 (Zhōngwén), 汉语, 漢語)",紫,紫色,紫色,rgb,117,2,113,3,4,full,white,zh,,1.1.5,
0,zh,"Chinese (中文 (Zhōngwén), 汉语, 漢語)",橄榄绿,橄榄绿色,橄榄绿,rgb,171,162,89,3,5,full,white,zh,,1.1.5,
0,zh,"Chinese (中文 (Zhōngwén), 汉语, 漢語)",桃红,桃红色,桃红色,rgb,218,1,85,3,6,full,white,zh,,1.1.5,
0,zh,"Chinese (中文 (Zhōngwén), 汉语, 漢語)",深墨绿,深墨绿色,深墨绿色,rgb,30,69,54,3,7,full,white,zh,,1.1.5,
0,zh,"Chinese (中文 (Zhōngwén), 汉语, 漢語)",灰绿,灰绿色,灰绿色,rgb,178,205,203,3,8,full,white,zh,,1.1.5,
0,zh,"Chinese (中文 (Zhōngwén), 汉语, 漢語)",墨蓝,墨蓝色,墨蓝色,rgb,25,77,119,3,9,full,white,zh,,1.1.5,
0,zh,"Chinese (中文 (Zhōngwén), 汉语, 漢語)",肉,肉色,肉色,rgb,236,216,181,3,10,full,white,zh,,1.1.5,
0,zh,"Chinese (中文 (Zhōngwén), 汉语, 漢語)",深棕,深棕色,深棕色,rgb,70,20,17,3,11,full,white,zh,,1.1.5,
0,zh,"Chinese (中文 (Zhōngwén), 汉语, 漢語)",奶黄,奶黄色,奶黄色,rgb,242,167,115,6,0,full,white,zh,,1.1.5,
0,zh,"Chinese (中文 (Zhōngwén), 汉语, 漢語)",雾蓝,雾蓝色,雾蓝色,rgb,21,130,222,6,1,full,white,zh,,1.1.5,
0,zh,"Chinese (中文 (Zhōngwén), 汉语, 漢語)",紫罗蓝,紫罗兰色,紫罗兰,rgb,176,1,183,6,2,full,white,zh,,1.1.5,
0,zh,"Chinese (中文 (Zhōngwén), 汉语, 漢語)",草绿,草绿色,草绿色,rgb,144,190,99,6,3,full,white,zh,,1.1.5,
0,zh,"Chinese (中文 (Zhōngwén), 汉语, 漢語)",蓝黑,蓝黑色,蓝黑色,rgb,24,67,148,6,4,full,white,zh,,1.1.5,
0,zh,"Chinese (中文 (Zhōngwén), 汉语, 漢語)",橄榄绿,橄榄绿色,橄榄绿,rgb,97,86,66,6,5,full,white,zh,,1.1.5,
0,zh,"Chinese (中文 (Zhōngwén), 汉语, 漢語)",肉红,肉红色,肉红色,rgb,224,128,111,6,6,full,white,zh,,1.1.5,
0,zh,"Chinese (中文 (Zhōngwén), 汉语, 漢語)",肉粉,肉粉色,肉粉色,rgb,237,173,163,6,7,full,white,zh,,1.1.5,
0,zh,"Chinese (中文 (Zhōngwén), 汉语, 漢語)",群青,群青色,群青,rgb,26,45,229,6,8,full,white,zh,,1.1.5,
0,zh,"Chinese (中文 (Zhōngwén), 汉语, 漢語)",紫黑,紫黑色,紫黑色,rgb,81,50,87,6,9,full,white,zh,,1.1.5,
0,zh,"Chinese (中文 (Zhōngwén), 汉语, 漢語)",土黄,土黄色,土黄色,rgb,139,112,24,6,10,full,white,zh,,1.1.5,
0,zh,"Chinese (中文 (Zhōngwén), 汉语, 漢語)",灰绿,灰绿色,灰绿色,rgb,140,154,120,6,11,full,white,zh,,1.1.5,
0,zh,"Chinese (中文 (Zhōngwén), 汉语, 漢語)",肉,肉色,肉,rgb,212,187,179,1,0,full,white,zh,,1.1.5,
0,zh,"Chinese (中文 (Zhōngwén), 汉语, 漢語)",深蓝,深蓝色,深蓝色,rgb,76,104,145,1,1,full,white,zh,,1.1.5,
0,zh,"Chinese (中文 (Zhōngwén), 汉语, 漢語)",绿,绿色,绿色,rgb,104,197,155,1,2,full,white,zh,,1.1.5,
0,zh,"Chinese (中文 (Zhōngwén), 汉语, 漢語)",玫红,玫红色,玫红色,rgb,218,68,103,1,3,full,white,zh,,1.1.5,
0,zh,"Chinese (中文 (Zhōngwén), 汉语, 漢語)",很正的粉,很正的粉色,很正的粉色,rgb,243,181,230,1,4,full,white,zh,,1.1.5,
0,zh,"Chinese (中文 (Zhōngwén), 汉语, 漢語)",冷色调紫,冷色调紫色,冷色调紫色,rgb,78,68,159,1,5,full,white,zh,,1.1.5,
0,zh,"Chinese (中文 (Zhōngwén), 汉语, 漢語)",湖蓝,湖蓝色,湖蓝色,rgb,87,193,222,1,6,full,white,zh,,1.1.5,
0,zh,"Chinese (中文 (Zhōngwén), 汉语, 漢語)",棕绿,棕绿色,棕绿色,rgb,144,139,104,1,7,full,white,zh,,1.1.5,
0,zh,"Chinese (中文 (Zhōngwén), 汉语, 漢語)",很火的蓝,很火的蓝色,很火的蓝,rgb,40,62,221,1,8,full,white,zh,,1.1.5,
0,zh,"Chinese (中文 (Zhōngwén), 汉语, 漢語)",草绿,草绿色,草绿色,rgb,171,220,2,1,9,full,white,zh,,1.1.5,
0,zh,"Chinese (中文 (Zhōngwén), 汉语, 漢語)",蓝黑,蓝黑色,蓝黑色,rgb,31,24,90,1,10,full,white,zh,,1.1.5,
0,zh,"Chinese (中文 (Zhōngwén), 汉语, 漢語)",红色微橘,红色微橘色,红色微橘,rgb,236,78,45,3,0,full,white,zh,,1.1.5,
0,zh,"Chinese (中文 (Zhōngwén), 汉语, 漢語)",黯淡的粉,黯淡的粉色,黯淡的粉色,rgb,196,133,132,3,1,full,white,zh,,1.1.5,
0,zh,"Chinese (中文 (Zhōngwén), 汉语, 漢語)",丑出新高度的粉,丑出新高度的粉色,丑出新高度的粉,rgb,172,89,118,3,2,full,white,zh,,1.1.5,
0,zh,"Chinese (中文 (Zhōngwén), 汉语, 漢語)",草绿深一点,草绿深一点色,草绿深一点,rgb,145,146,10,3,3,full,white,zh,,1.1.5,
0,zh,"Chinese (中文 (Zhōngwén), 汉语, 漢語)",亮亮的蓝绿,亮亮的蓝绿色,亮亮的蓝绿色,rgb,44,240,196,3,4,full,white,zh,,1.1.5,
0,zh,"Chinese (中文 (Zhōngwén), 汉语, 漢語)",深深的草绿,深深的草绿色,深深的草绿,rgb,107,121,34,3,5,full,white,zh,,1.1.5,
0,zh,"Chinese (中文 (Zhōngwén), 汉语, 漢語)",浅绿,浅绿色,浅绿,rgb,199,225,135,3,6,full,white,zh,,1.1.5,
0,zh,"Chinese (中文 (Zhōngwén), 汉语, 漢語)",亮亮的绿,亮亮的绿色,亮亮的绿,rgb,46,234,31,3,7,full,white,zh,,1.1.5,
0,zh,"Chinese (中文 (Zhōngwén), 汉语, 漢語)",深绿,深绿色,深绿,rgb,11,167,59,3,8,full,white,zh,,1.1.5,
0,zh,"Chinese (中文 (Zhōngwén), 汉语, 漢語)",冷调黄棕,冷调黄棕色,冷调黄棕色,rgb,200,193,147,3,9,full,white,zh,,1.1.5,
0,zh,"Chinese (中文 (Zhōngwén), 汉语, 漢語)",深棕绿,深棕绿色,深棕绿,rgb,77,77,34,3,10,full,white,zh,,1.1.5,
0,zh,"Chinese (中文 (Zhōngwén), 汉语, 漢語)",暗深绿,暗深绿色,暗深绿,rgb,24,55,49,3,11,full,white,zh,,1.1.5,
0,zh,"Chinese (中文 (Zhōngwén), 汉语, 漢語)",棕,棕色,棕色,rgb,132,61,4,6,0,full,white,zh,,1.1.5,
0,zh,"Chinese (中文 (Zhōngwén), 汉语, 漢語)",深棕,深棕色,深棕色,rgb,71,18,34,6,1,full,white,zh,,1.1.5,
0,zh,"Chinese (中文 (Zhōngwén), 汉语, 漢語)",蓝紫,蓝紫色,蓝紫色,rgb,127,153,243,6,2,full,white,zh,,1.1.5,
0,zh,"Chinese (中文 (Zhōngwén), 汉语, 漢語)",暖调紫,暖调紫色,暖调紫色,rgb,150,76,239,6,3,full,white,zh,,1.1.5,
0,zh,"Chinese (中文 (Zhōngwén), 汉语, 漢語)",偏紫的粉,偏紫的粉色,偏紫的粉色,rgb,185,79,185,6,4,full,white,zh,,1.1.5,
0,zh,"Chinese (中文 (Zhōngwén), 汉语, 漢語)",深红,深红色,深红色,rgb,115,5,42,6,5,full,white,zh,,1.1.5,
0,zh,"Chinese (中文 (Zhōngwén), 汉语, 漢語)",深深灰黑,深深灰黑色,深深灰黑,rgb,17,5,41,6,6,full,white,zh,,1.1.5,
0,zh,"Chinese (中文 (Zhōngwén), 汉语, 漢語)",棕,棕色,棕色,rgb,76,37,11,6,7,full,white,zh,,1.1.5,
0,zh,"Chinese (中文 (Zhōngwén), 汉语, 漢語)",深绿,深绿色,深绿,rgb,37,88,42,6,8,full,white,zh,,1.1.5,
0,zh,"Chinese (中文 (Zhōngwén), 汉语, 漢語)",很火的蓝,很火的蓝色,很火的蓝,rgb,12,38,241,6,9,full,white,zh,,1.1.5,
0,zh,"Chinese (中文 (Zhōngwén), 汉语, 漢語)",橘,橘色,橘色,rgb,252,163,85,6,10,full,white,zh,,1.1.5,
0,zh,"Chinese (中文 (Zhōngwén), 汉语, 漢語)",灰蓝,灰蓝色,灰蓝色,rgb,162,184,194,6,11,full,white,zh,,1.1.5,
0,zh,"Chinese (中文 (Zhōngwén), 汉语, 漢語)",湖蓝,湖蓝色,湖蓝,rgb,1,116,149,1,0,full,white,zh,,1.1.5,
0,zh,"Chinese (中文 (Zhōngwén), 汉语, 漢語)",橘,橘色,橘色,rgb,237,91,43,1,1,full,white,zh,,1.1.5,
0,zh,"Chinese (中文 (Zhōngwén), 汉语, 漢語)",玫红,玫红色,玫红,rgb,233,15,118,1,2,full,white,zh,,1.1.5,
0,zh,"Chinese (中文 (Zhōngwén), 汉语, 漢語)",咖,咖色,咖色,rgb,135,79,27,1,3,full,white,zh,,1.1.5,
0,zh,"Chinese (中文 (Zhōngwén), 汉语, 漢語)",草绿,草绿色,草绿,rgb,116,115,17,1,4,full,white,zh,,1.1.5,
0,zh,"Chinese (中文 (Zhōngwén), 汉语, 漢語)",米黄,米黄色,米黄,rgb,254,174,35,1,5,full,white,zh,,1.1.5,
0,zh,"Chinese (中文 (Zhōngwén), 汉语, 漢語)",棕红,棕红色,棕红,rgb,154,89,83,1,6,full,white,zh,,1.1.5,
0,zh,"Chinese (中文 (Zhōngwén), 汉语, 漢語)",黄绿,黄绿色,黄绿,rgb,219,235,111,1,7,full,white,zh,,1.1.5,
0,zh,"Chinese (中文 (Zhōngwén), 汉语, 漢語)",灰棕,灰棕色,灰棕,rgb,143,126,106,1,8,full,white,zh,,1.1.5,
0,zh,"Chinese (中文 (Zhōngwén), 汉语, 漢語)",湛紫,湛紫色,湛紫,rgb,135,49,217,1,9,full,white,zh,,1.1.5,
0,zh,"Chinese (中文 (Zhōngwén), 汉语, 漢語)",粉紫,粉紫色,粉紫,rgb,236,44,177,1,10,full,white,zh,,1.1.5,
0,zh,"Chinese (中文 (Zhōngwén), 汉语, 漢語)",灰红,灰红色,灰红,rgb,204,54,77,1,11,full,white,zh,,1.1.5,
0,zh,"Chinese (中文 (Zhōngwén), 汉语, 漢語)",湛蓝,湛蓝色,湛蓝,rgb,107,178,246,3,0,full,white,zh,,1.1.5,
0,zh,"Chinese (中文 (Zhōngwén), 汉语, 漢語)",天蓝,天蓝色,天蓝,rgb,125,239,242,3,1,full,white,zh,,1.1.5,
0,zh,"Chinese (中文 (Zhōngwén), 汉语, 漢語)",暗紫,暗紫色,暗紫,rgb,126,105,197,3,2,full,white,zh,,1.1.5,
0,zh,"Chinese (中文 (Zhōngwén), 汉语, 漢語)",翠绿,翠绿色,翠绿,rgb,48,237,71,3,3,full,white,zh,,1.1.5,
0,zh,"Chinese (中文 (Zhōngwén), 汉语, 漢語)",葱绿,葱绿色,葱绿,rgb,40,174,137,3,4,full,white,zh,,1.1.5,
0,zh,"Chinese (中文 (Zhōngwén), 汉语, 漢語)",分红,分红色,分红,rgb,211,110,233,3,5,full,white,zh,,1.1.5,
0,zh,"Chinese (中文 (Zhōngwén), 汉语, 漢語)",苍绿,苍绿色,苍绿,rgb,41,187,47,3,6,full,white,zh,,1.1.5,
0,zh,"Chinese (中文 (Zhōngwén), 汉语, 漢語)",松绿,松绿色,松绿,rgb,138,189,115,3,7,full,white,zh,,1.1.5,
0,zh,"Chinese (中文 (Zhōngwén), 汉语, 漢語)",灰紫,灰紫色,灰紫,rgb,202,181,229,3,8,full,white,zh,,1.1.5,
0,zh,"Chinese (中文 (Zhōngwén), 汉语, 漢語)",蓝绿,蓝绿色,蓝绿,rgb,10,244,212,3,9,full,white,zh,,1.1.5,
0,zh,"Chinese (中文 (Zhōngwén), 汉语, 漢語)",紫红,紫红色,紫红,rgb,190,12,238,3,10,full,white,zh,,1.1.5,
0,zh,"Chinese (中文 (Zhōngwén), 汉语, 漢語)",黑蓝,黑蓝色,黑蓝,rgb,3,4,57,3,11,full,white,zh,,1.1.5,
0,zh,"Chinese (中文 (Zhōngwén), 汉语, 漢語)",星蓝,星蓝色,星蓝,rgb,52,98,230,6,0,full,white,zh,,1.1.5,
0,zh,"Chinese (中文 (Zhōngwén), 汉语, 漢語)",黛黑,黛黑色,黛黑,rgb,79,74,104,6,1,full,white,zh,,1.1.5,
0,zh,"Chinese (中文 (Zhōngwén), 汉语, 漢語)",土,土色,土色,rgb,223,223,175,6,2,full,white,zh,,1.1.5,
0,zh,"Chinese (中文 (Zhōngwén), 汉语, 漢語)",油绿,油绿色,油绿,rgb,139,205,2,6,3,full,white,zh,,1.1.5,
0,zh,"Chinese (中文 (Zhōngwén), 汉语, 漢語)",玫紫,玫紫色,玫紫,rgb,125,43,103,6,4,full,white,zh,,1.1.5,
0,zh,"Chinese (中文 (Zhōngwén), 汉语, 漢語)",深紫,深紫色,深紫,rgb,84,43,174,6,5,full,white,zh,,1.1.5,
0,zh,"Chinese (中文 (Zhōngwén), 汉语, 漢語)",墨蓝,墨蓝色,墨蓝,rgb,10,86,151,6,6,full,white,zh,,1.1.5,
0,zh,"Chinese (中文 (Zhōngwén), 汉语, 漢語)",灰绿,灰绿色,灰绿,rgb,145,170,135,6,7,full,white,zh,,1.1.5,
0,zh,"Chinese (中文 (Zhōngwén), 汉语, 漢語)",苍松绿,苍松绿色,苍松绿,rgb,12,80,82,6,8,full,white,zh,,1.1.5,
0,zh,"Chinese (中文 (Zhōngwén), 汉语, 漢語)",深绿,深绿色,深绿,rgb,14,113,80,6,9,full,white,zh,,1.1.5,
0,zh,"Chinese (中文 (Zhōngwén), 汉语, 漢語)",芭比粉,芭比粉色,芭比粉,rgb,249,91,254,6,10,full,white,zh,,1.1.5,
0,zh,"Chinese (中文 (Zhōngwén), 汉语, 漢語)",灰粉,灰粉色,灰粉,rgb,196,134,169,6,11,full,white,zh,,1.1.5,
0,zh,"Chinese (中文 (Zhōngwén), 汉语, 漢語)",绿,绿色,绿,rgb,6,141,5,1,0,full,white,zh,,1.1.5,
0,zh,"Chinese (中文 (Zhōngwén), 汉语, 漢語)",嫩绿,嫩绿色,嫩绿,rgb,186,254,22,1,1,full,white,zh,,1.1.5,
0,zh,"Chinese (中文 (Zhōngwén), 汉语, 漢語)",蓝,蓝色,蓝,rgb,122,187,251,1,2,full,white,zh,,1.1.5,
0,zh,"Chinese (中文 (Zhōngwén), 汉语, 漢語)",紫,紫色,紫,rgb,181,139,211,1,3,full,white,zh,,1.1.5,
0,zh,"Chinese (中文 (Zhōngwén), 汉语, 漢語)",亮绿,亮绿色,亮绿,rgb,52,248,85,1,4,full,white,zh,,1.1.5,
0,zh,"Chinese (中文 (Zhōngwén), 汉语, 漢語)",深绿,深绿色,深绿,rgb,47,115,105,1,5,full,white,zh,,1.1.5,
20241,zh,"Chinese (中文 (Zhōngwén), 汉语, 漢語)",青,青色,青,rgb,150,220,163,1,0,full,white,zh,,1.1.5,
20241,zh,"Chinese (中文 (Zhōngwén), 汉语, 漢語)",枯叶绿,枯叶绿色,枯叶绿,rgb,172,167,70,1,1,full,white,zh,,1.1.5,
20241,zh,"Chinese (中文 (Zhōngwén), 汉语, 漢語)",灰,灰色,灰,rgb,150,149,132,1,2,full,white,zh,,1.1.5,
20241,zh,"Chinese (中文 (Zhōngwén), 汉语, 漢語)",湖蓝,湖蓝色,湖蓝,rgb,101,146,187,1,3,full,white,zh,,1.1.5,
20241,zh,"Chinese (中文 (Zhōngwén), 汉语, 漢語)",粉,粉色,粉,rgb,216,124,185,1,4,full,white,zh,,1.1.5,
20241,zh,"Chinese (中文 (Zhōngwén), 汉语, 漢語)",红,红色,红,rgb,181,18,28,1,5,full,white,zh,,1.1.5,
20241,zh,"Chinese (中文 (Zhōngwén), 汉语, 漢語)",棕,棕色,棕,rgb,152,103,17,1,6,full,white,zh,,1.1.5,
20241,zh,"Chinese (中文 (Zhōngwén), 汉语, 漢語)",亮紫,亮紫色,亮紫,rgb,171,105,251,1,7,full,white,zh,,1.1.5,
20241,zh,"Chinese (中文 (Zhōngwén), 汉语, 漢語)",天蓝,天蓝色,天蓝,rgb,50,188,251,1,8,full,white,zh,,1.1.5,
20241,zh,"Chinese (中文 (Zhōngwén), 汉语, 漢語)",红棕,红棕色,红棕,rgb,109,61,55,1,9,full,white,zh,,1.1.5,
20241,zh,"Chinese (中文 (Zhōngwén), 汉语, 漢語)",淡黄,淡黄色,淡黄,rgb,224,238,128,1,10,full,white,zh,,1.1.5,
20241,zh,"Chinese (中文 (Zhōngwén), 汉语, 漢語)",绿,绿色,绿,rgb,68,216,11,1,11,full,white,zh,,1.1.5,
20241,zh,"Chinese (中文 (Zhōngwén), 汉语, 漢語)",亮紫,亮紫色,亮紫,rgb,178,36,219,3,0,full,white,zh,,1.1.5,
20241,zh,"Chinese (中文 (Zhōngwén), 汉语, 漢語)",耦合绿,耦合绿色,耦合绿,rgb,64,241,194,3,1,full,white,zh,,1.1.5,
20241,zh,"Chinese (中文 (Zhōngwén), 汉语, 漢語)",胭脂红,胭脂红色,胭脂红,rgb,240,129,127,3,2,full,white,zh,,1.1.5,
20241,zh,"Chinese (中文 (Zhōngwén), 汉语, 漢語)",淡蓝,淡蓝色,淡蓝,rgb,147,252,252,3,3,full,white,zh,,1.1.5,
20241,zh,"Chinese (中文 (Zhōngwén), 汉语, 漢語)",玫红,玫红色,玫红,rgb,209,30,141,3,4,full,white,zh,,1.1.5,
20241,zh,"Chinese (中文 (Zhōngwén), 汉语, 漢語)",绿,绿色,绿,rgb,66,238,108,3,5,full,white,zh,,1.1.5,
20241,zh,"Chinese (中文 (Zhōngwén), 汉语, 漢語)",草绿,草绿色,草绿,rgb,15,64,26,3,6,full,white,zh,,1.1.5,
20241,zh,"Chinese (中文 (Zhōngwén), 汉语, 漢語)",普蓝,普蓝色,普蓝,rgb,50,73,188,3,7,full,white,zh,,1.1.5,
20241,zh,"Chinese (中文 (Zhōngwén), 汉语, 漢語)",深蓝,深蓝色,深蓝,rgb,1,42,52,3,8,full,white,zh,,1.1.5,
20241,zh,"Chinese (中文 (Zhōngwén), 汉语, 漢語)",莫蓝迪粉,莫兰迪粉色,莫兰迪粉,rgb,159,98,135,3,9,full,white,zh,,1.1.5,
20241,zh,"Chinese (中文 (Zhōngwén), 汉语, 漢語)",草绿,草绿色,草绿,rgb,5,160,3,3,10,full,white,zh,,1.1.5,
20241,zh,"Chinese (中文 (Zhōngwén), 汉语, 漢語)",叶绿,叶绿色,叶绿,rgb,135,168,33,3,11,full,white,zh,,1.1.5,
20241,zh,"Chinese (中文 (Zhōngwén), 汉语, 漢語)",黄绿,黄绿色,黄绿,rgb,198,213,47,6,0,full,white,zh,,1.1.5,
20241,zh,"Chinese (中文 (Zhōngwén), 汉语, 漢語)",土黄,土黄色,土黄,rgb,215,169,51,6,1,full,white,zh,,1.1.5,
20241,zh,"Chinese (中文 (Zhōngwén), 汉语, 漢語)",薄荷紫,薄荷紫色,薄荷紫,rgb,171,175,240,6,2,full,white,zh,,1.1.5,
20241,zh,"Chinese (中文 (Zhōngwén), 汉语, 漢語)",玫红,玫红色,玫红,rgb,203,60,104,6,3,full,white,zh,,1.1.5,
20241,zh,"Chinese (中文 (Zhōngwén), 汉语, 漢語)",深蓝,深蓝色,深蓝,rgb,2,53,136,6,4,full,white,zh,,1.1.5,
20241,zh,"Chinese (中文 (Zhōngwén), 汉语, 漢語)",水绿,水绿色,水绿,rgb,22,164,116,6,5,full,white,zh,,1.1.5,
20241,zh,"Chinese (中文 (Zhōngwén), 汉语, 漢語)",褐,褐色,褐色,rgb,84,64,15,6,6,full,white,zh,,1.1.5,
20241,zh,"Chinese (中文 (Zhōngwén), 汉语, 漢語)",橘红,橘红色,橘红,rgb,198,78,18,6,7,full,white,zh,,1.1.5,
20241,zh,"Chinese (中文 (Zhōngwén), 汉语, 漢語)",梅子红,梅子红色,梅子红,rgb,242,17,80,6,8,full,white,zh,,1.1.5,
20241,zh,"Chinese (中文 (Zhōngwén), 汉语, 漢語)",灰绿,灰绿色,灰绿,rgb,66,100,117,6,9,full,white,zh,,1.1.5,
20241,zh,"Chinese (中文 (Zhōngwén), 汉语, 漢語)",亮黄,亮黄色,亮黄,rgb,253,200,12,6,10,full,white,zh,,1.1.5,
20241,zh,"Chinese (中文 (Zhōngwén), 汉语, 漢語)",米,米色,米色,rgb,245,238,209,6,11,full,white,zh,,1.1.5,
20244,zh,"Chinese (中文 (Zhōngwén), 汉语, 漢語)",粉,粉色,粉色,rgb,252,186,172,1,0,full,white,zh,,1.1.5,en
20244,zh,"Chinese (中文 (Zhōngwén), 汉语, 漢語)",灰绿,灰绿色,灰绿,rgb,156,155,131,1,1,full,white,zh,,1.1.5,en
20244,zh,"Chinese (中文 (Zhōngwén), 汉语, 漢語)",绿,绿色,绿色,rgb,7,239,186,1,2,full,white,zh,,1.1.5,en
20244,zh,"Chinese (中文 (Zhōngwén), 汉语, 漢語)",绿,绿色,绿色,rgb,213,232,175,1,3,full,white,zh,,1.1.5,en
20244,zh,"Chinese (中文 (Zhōngwén), 汉语, 漢語)",黄绿,黄绿色,黄绿,rgb,207,235,127,1,4,full,white,zh,,1.1.5,en
20244,zh,"Chinese (中文 (Zhōngwén), 汉语, 漢語)",墨蓝,墨蓝色,墨蓝,rgb,1,15,120,1,5,full,white,zh,,1.1.5,en
20244,zh,"Chinese (中文 (Zhōngwén), 汉语, 漢語)",芭比粉,芭比粉色,芭比粉,rgb,192,172,199,1,6,full,white,zh,,1.1.5,en
20244,zh,"Chinese (中文 (Zhōngwén), 汉语, 漢語)",橘,橘色,橘色,rgb,231,147,72,1,7,full,white,zh,,1.1.5,en
20244,zh,"Chinese (中文 (Zhōngwén), 汉语, 漢語)",玫红,玫红色,玫红,rgb,238,47,116,1,8,full,white,zh,,1.1.5,en
20244,zh,"Chinese (中文 (Zhōngwén), 汉语, 漢語)",暗红,暗红色,暗红,rgb,167,18,22,1,9,full,white,zh,,1.1.5,en
20244,zh,"Chinese (中文 (Zhōngwén), 汉语, 漢語)",粉,粉色,粉色,rgb,195,117,155,1,10,full,white,zh,,1.1.5,en
20244,zh,"Chinese (中文 (Zhōngwén), 汉语, 漢語)",黑,黑色,黑色,rgb,28,22,48,1,11,full,white,zh,,1.1.5,en
20244,zh,"Chinese (中文 (Zhōngwén), 汉语, 漢語)",灰绿,灰绿色,灰绿,rgb,55,68,26,3,0,full,white,zh,,1.1.5,en
20244,zh,"Chinese (中文 (Zhōngwén), 汉语, 漢語)",褐,褐色,褐色,rgb,124,83,46,3,1,full,white,zh,,1.1.5,en
20244,zh,"Chinese (中文 (Zhōngwén), 汉语, 漢語)",绿,绿色,绿色,rgb,91,158,142,3,2,full,white,zh,,1.1.5,en
20244,zh,"Chinese (中文 (Zhōngwén), 汉语, 漢語)",黄绿,黄绿色,黄绿,rgb,117,237,70,3,3,full,white,zh,,1.1.5,en
20244,zh,"Chinese (中文 (Zhōngwén), 汉语, 漢語)",死亡芭比粉,死亡芭比粉色,死亡芭比粉,rgb,251,12,208,3,4,full,white,zh,,1.1.5,en
20244,zh,"Chinese (中文 (Zhōngwén), 汉语, 漢語)",绿,绿色,绿色,rgb,171,242,168,3,5,full,white,zh,,1.1.5,en
20244,zh,"Chinese (中文 (Zhōngwén), 汉语, 漢語)",灰,灰色,灰色,rgb,90,95,113,3,6,full,white,zh,,1.1.5,en
20244,zh,"Chinese (中文 (Zhōngwén), 汉语, 漢語)",紫,紫色,紫色,rgb,170,134,246,3,7,full,white,zh,,1.1.5,en
20244,zh,"Chinese (中文 (Zhōngwén), 汉语, 漢語)",绿,绿色,绿色,rgb,59,145,83,3,8,full,white,zh,,1.1.5,en
20244,zh,"Chinese (中文 (Zhōngwén), 汉语, 漢語)",蓝,蓝色,蓝色,rgb,68,106,211,3,9,full,white,zh,,1.1.5,en
20244,zh,"Chinese (中文 (Zhōngwén), 汉语, 漢語)",蓝,蓝色,蓝色,rgb,131,156,224,3,10,full,white,zh,,1.1.5,en
20244,zh,"Chinese (中文 (Zhōngwén), 汉语, 漢語)",绿,绿色,绿色,rgb,171,249,226,3,11,full,white,zh,,1.1.5,en
20244,zh,"Chinese (中文 (Zhōngwén), 汉语, 漢語)",褐,褐色,褐色,rgb,137,68,81,6,0,full,white,zh,,1.1.5,en
20244,zh,"Chinese (中文 (Zhōngwén), 汉语, 漢語)",米,米色,米色,rgb,220,208,202,6,1,full,white,zh,,1.1.5,en
20244,zh,"Chinese (中文 (Zhōngwén), 汉语, 漢語)",红,红色,红色,rgb,232,49,28,6,2,full,white,zh,,1.1.5,en
20244,zh,"Chinese (中文 (Zhōngwén), 汉语, 漢語)",屎黄,屎黄色,屎黄色,rgb,141,114,6,6,3,full,white,zh,,1.1.5,en
20244,zh,"Chinese (中文 (Zhōngwén), 汉语, 漢語)",褐,褐色,褐色,rgb,151,69,15,6,4,full,white,zh,,1.1.5,en
20244,zh,"Chinese (中文 (Zhōngwén), 汉语, 漢語)",紫,紫色,紫色,rgb,157,81,228,6,5,full,white,zh,,1.1.5,en
20244,zh,"Chinese (中文 (Zhōngwén), 汉语, 漢語)",泥红,泥红色,泥红色,rgb,204,109,95,6,6,full,white,zh,,1.1.5,en
20244,zh,"Chinese (中文 (Zhōngwén), 汉语, 漢語)",紫,紫色,紫色,rgb,87,98,240,6,7,full,white,zh,,1.1.5,en
20244,zh,"Chinese (中文 (Zhōngwén), 汉语, 漢語)",粉,粉色,粉色,rgb,214,57,156,6,8,full,white,zh,,1.1.5,en
20244,zh,"Chinese (中文 (Zhōngwén), 汉语, 漢語)",绿,绿色,绿色,rgb,92,171,3,6,9,full,white,zh,,1.1.5,en
20244,zh,"Chinese (中文 (Zhōngwén), 汉语, 漢語)",绿,绿色,绿色,rgb,11,94,106,6,10,full,white,zh,,1.1.5,en
20244,zh,"Chinese (中文 (Zhōngwén), 汉语, 漢語)",绿,绿色,绿色,rgb,163,219,58,6,11,full,white,zh,,1.1.5,en
0,zh,"Chinese (中文 (Zhōngwén), 汉语, 漢語)",浅绿,浅绿色,浅绿,rgb,147,249,48,1,0,full,white,zh,,1.1.5,
0,zh,"Chinese (中文 (Zhōngwén), 汉语, 漢語)",亮深蓝,亮深蓝色,亮深蓝,rgb,10,56,235,1,1,full,white,zh,,1.1.5,
0,zh,"Chinese (中文 (Zhōngwén), 汉语, 漢語)",深粉,深粉色,深粉,rgb,177,57,130,1,2,full,white,zh,,1.1.5,
0,zh,"Chinese (中文 (Zhōngwén), 汉语, 漢語)",浅绿,浅绿色,浅绿,rgb,163,202,138,1,3,full,white,zh,,1.1.5,
0,zh,"Chinese (中文 (Zhōngwén), 汉语, 漢語)",咖,咖色,咖色,rgb,179,102,29,1,4,full,white,zh,,1.1.5,
0,zh,"Chinese (中文 (Zhōngwén), 汉语, 漢語)",紫,紫色,紫色,rgb,136,7,184,1,5,full,white,zh,,1.1.5,
0,zh,"Chinese (中文 (Zhōngwén), 汉语, 漢語)",蓝,蓝色,蓝色,rgb,13,71,158,1,6,full,white,zh,,1.1.5,
0,zh,"Chinese (中文 (Zhōngwén), 汉语, 漢語)",紫黑,紫黑色,紫黑,rgb,67,53,91,1,7,full,white,zh,,1.1.5,
0,zh,"Chinese (中文 (Zhōngwén), 汉语, 漢語)",粉,粉色,粉色,rgb,190,97,232,1,8,full,white,zh,,1.1.5,
0,zh,"Chinese (中文 (Zhōngwén), 汉语, 漢語)",绿,绿色,绿色,rgb,34,244,109,1,9,full,white,zh,,1.1.5,
0,zh,"Chinese (中文 (Zhōngwén), 汉语, 漢語)",黑,黑色,黑色,rgb,26,18,28,1,10,full,white,zh,,1.1.5,
0,zh,"Chinese (中文 (Zhōngwén), 汉语, 漢語)",橙,橙色,橙色,rgb,253,121,53,1,11,full,white,zh,,1.1.5,
0,zh,"Chinese (中文 (Zhōngwén), 汉语, 漢語)",亮深蓝,亮深蓝色,亮深蓝,rgb,37,50,184,3,0,full,white,zh,,1.1.5,
0,zh,"Chinese (中文 (Zhōngwén), 汉语, 漢語)",正蓝,正蓝色,正蓝,rgb,27,166,229,3,1,full,white,zh,,1.1.5,
0,zh,"Chinese (中文 (Zhōngwén), 汉语, 漢語)",肉,肉色,肉色,rgb,241,192,145,3,2,full,white,zh,,1.1.5,
0,zh,"Chinese (中文 (Zhōngwén), 汉语, 漢語)",绿1,绿1色,绿1,rgb,79,228,148,3,3,full,white,zh,,1.1.5,
0,zh,"Chinese (中文 (Zhōngwén), 汉语, 漢語)",湖水蓝,湖水蓝色,湖水蓝,rgb,151,245,240,3,4,full,white,zh,,1.1.5,
0,zh,"Chinese (中文 (Zhōngwén), 汉语, 漢語)",浅绿,浅绿色,浅绿,rgb,60,247,203,3,5,full,white,zh,,1.1.5,
0,zh,"Chinese (中文 (Zhōngwén), 汉语, 漢語)",土,土色,土色,rgb,220,172,47,3,6,full,white,zh,,1.1.5,
0,zh,"Chinese (中文 (Zhōngwén), 汉语, 漢語)",蓝紫,蓝紫色,蓝紫色,rgb,121,93,251,3,7,full,white,zh,,1.1.5,
0,zh,"Chinese (中文 (Zhōngwén), 汉语, 漢語)",翡翠绿,翡翠绿色,翡翠绿,rgb,15,143,162,3,8,full,white,zh,,1.1.5,
0,zh,"Chinese (中文 (Zhōngwén), 汉语, 漢語)",绿,绿色,绿色,rgb,125,196,35,3,9,full,white,zh,,1.1.5,
0,zh,"Chinese (中文 (Zhōngwén), 汉语, 漢語)",深咖,深咖色,深咖,rgb,95,85,73,3,10,full,white,zh,,1.1.5,
0,zh,"Chinese (中文 (Zhōngwén), 汉语, 漢語)",粉,粉色,粉色,rgb,244,200,251,3,11,full,white,zh,,1.1.5,
0,zh,"Chinese (中文 (Zhōngwén), 汉语, 漢語)",蓝紫,蓝紫色,蓝紫,rgb,58,25,113,6,0,full,white,zh,,1.1.5,
0,zh,"Chinese (中文 (Zhōngwén), 汉语, 漢語)",咖2,咖2色,咖2,rgb,127,49,38,6,1,full,white,zh,,1.1.5,
0,zh,"Chinese (中文 (Zhōngwén), 汉语, 漢語)",深绿,深绿色,深绿,rgb,13,181,59,6,2,full,white,zh,,1.1.5,
0,zh,"Chinese (中文 (Zhōngwén), 汉语, 漢語)",蓝,蓝色,蓝色,rgb,70,114,184,6,3,full,white,zh,,1.1.5,
0,zh,"Chinese (中文 (Zhōngwén), 汉语, 漢語)",咖啡,咖啡色,咖啡,rgb,74,5,16,6,4,full,white,zh,,1.1.5,
0,zh,"Chinese (中文 (Zhōngwén), 汉语, 漢語)",亮粉,亮粉色,亮粉,rgb,216,39,196,6,5,full,white,zh,,1.1.5,
0,zh,"Chinese (中文 (Zhōngwén), 汉语, 漢語)",没见过,没见过色,没见过,rgb,235,252,154,6,6,full,white,zh,,1.1.5,
0,zh,"Chinese (中文 (Zhōngwén), 汉语, 漢語)",湖水蓝2,湖水蓝2色,湖水蓝2,rgb,5,127,246,6,7,full,white,zh,,1.1.5,
0,zh,"Chinese (中文 (Zhōngwén), 汉语, 漢語)",浅蓝,浅蓝色,浅蓝,rgb,155,214,246,6,8,full,white,zh,,1.1.5,
0,zh,"Chinese (中文 (Zhōngwén), 汉语, 漢語)",草女绿,草女绿色,草女绿,rgb,52,162,101,6,9,full,white,zh,,1.1.5,
0,zh,"Chinese (中文 (Zhōngwén), 汉语, 漢語)",米白,米白色,米白,rgb,246,244,226,6,10,full,white,zh,,1.1.5,
0,zh,"Chinese (中文 (Zhōngwén), 汉语, 漢語)",紫2,紫2色,紫2,rgb,132,70,109,6,11,full,white,zh,,1.1.5,
0,zh,"Chinese (中文 (Zhōngwén), 汉语, 漢語)",蓝,蓝色,蓝,rgb,108,161,170,1,0,full,white,en,,1.1.5,
0,zh,"Chinese (中文 (Zhōngwén), 汉语, 漢語)",粉,粉色,粉,rgb,240,19,160,1,1,full,white,en,,1.1.5,
0,zh,"Chinese (中文 (Zhōngwén), 汉语, 漢語)",紫,紫色,紫,rgb,71,43,145,1,2,full,white,en,,1.1.5,
20251,zh,"Chinese (中文 (Zhōngwén), 汉语, 漢語)",深蓝,深蓝色,深蓝色,rgb,2,89,166,1,0,full,white,zh,,1.1.5,
20251,zh,"Chinese (中文 (Zhōngwén), 汉语, 漢語)",亮绿,亮绿色,亮绿色,rgb,61,252,51,1,1,full,white,zh,,1.1.5,
20251,zh,"Chinese (中文 (Zhōngwén), 汉语, 漢語)",黄绿,黄绿色,黄绿色,rgb,177,200,164,1,2,full,white,zh,,1.1.5,
20251,zh,"Chinese (中文 (Zhōngwén), 汉语, 漢語)",浅粉,浅粉色,浅粉色,rgb,255,197,198,1,3,full,white,zh,,1.1.5,
20251,zh,"Chinese (中文 (Zhōngwén), 汉语, 漢語)",深红,深红色,深红色,rgb,244,18,64,1,4,full,white,zh,,1.1.5,
20251,zh,"Chinese (中文 (Zhōngwén), 汉语, 漢語)",深绿,深绿色,深绿色,rgb,43,206,82,1,5,full,white,zh,,1.1.5,
20251,zh,"Chinese (中文 (Zhōngwén), 汉语, 漢語)",蓝绿,蓝绿色,蓝绿色,rgb,86,137,134,1,6,full,white,zh,,1.1.5,
20251,zh,"Chinese (中文 (Zhōngwén), 汉语, 漢語)",紫黑,紫黑色,紫黑色,rgb,27,29,43,1,7,full,white,zh,,1.1.5,
20251,zh,"Chinese (中文 (Zhōngwén), 汉语, 漢語)",黑,黑色,黑色,rgb,14,24,6,1,8,full,white,zh,,1.1.5,
20251,zh,"Chinese (中文 (Zhōngwén), 汉语, 漢語)",紫,紫色,紫色,rgb,231,40,226,1,9,full,white,zh,,1.1.5,
20251,zh,"Chinese (中文 (Zhōngwén), 汉语, 漢語)",浅黄,浅黄色,浅黄色,rgb,254,249,173,1,10,full,white,zh,,1.1.5,
20251,zh,"Chinese (中文 (Zhōngwén), 汉语, 漢語)",浅绿,浅绿色,浅绿色,rgb,82,227,143,1,11,full,white,zh,,1.1.5,
20251,zh,"Chinese (中文 (Zhōngwén), 汉语, 漢語)",深紫,深紫色,深紫色,rgb,97,70,123,3,0,full,white,zh,,1.1.5,
20251,zh,"Chinese (中文 (Zhōngwén), 汉语, 漢語)",粉,粉色,粉色,rgb,208,113,160,3,1,full,white,zh,,1.1.5,
20251,zh,"Chinese (中文 (Zhōngwén), 汉语, 漢語)",土黄,土黄色,土黄色,rgb,184,179,38,3,2,full,white,zh,,1.1.5,
20251,zh,"Chinese (中文 (Zhōngwén), 汉语, 漢語)",蓝,蓝色,蓝色,rgb,45,108,243,3,3,full,white,zh,,1.1.5,
20251,zh,"Chinese (中文 (Zhōngwén), 汉语, 漢語)",黄,黄色,黄色,rgb,252,181,58,3,4,full,white,zh,,1.1.5,
20251,zh,"Chinese (中文 (Zhōngwén), 汉语, 漢語)",棕绿,棕绿色,棕绿色,rgb,135,142,36,3,5,full,white,zh,,1.1.5,
20251,zh,"Chinese (中文 (Zhōngwén), 汉语, 漢語)",浅蓝,浅蓝色,浅蓝色,rgb,136,247,251,3,6,full,white,zh,,1.1.5,
20251,zh,"Chinese (中文 (Zhōngwén), 汉语, 漢語)",浅蓝绿,浅蓝绿色,浅蓝绿色,rgb,133,227,196,3,7,full,white,zh,,1.1.5,
20251,zh,"Chinese (中文 (Zhōngwén), 汉语, 漢語)",一种红,一种红色,一种红色,rgb,228,68,107,3,8,full,white,zh,,1.1.5,
20251,zh,"Chinese (中文 (Zhōngwén), 汉语, 漢語)",浅黄绿,浅黄绿色,浅黄绿色,rgb,205,252,194,3,9,full,white,zh,,1.1.5,
20251,zh,"Chinese (中文 (Zhōngwén), 汉语, 漢語)",深棕,深棕色,深棕色,rgb,93,80,7,3,10,full,white,zh,,1.1.5,
20251,zh,"Chinese (中文 (Zhōngwén), 汉语, 漢語)",一种绿,一种绿色,一种绿色,rgb,20,159,129,3,11,full,white,zh,,1.1.5,
20251,zh,"Chinese (中文 (Zhōngwén), 汉语, 漢語)",深绿,深绿色,深绿色,rgb,82,97,75,6,0,full,white,zh,,1.1.5,
20251,zh,"Chinese (中文 (Zhōngwén), 汉语, 漢語)",粉,粉色,粉色,rgb,254,77,172,6,1,full,white,zh,,1.1.5,
20251,zh,"Chinese (中文 (Zhōngwén), 汉语, 漢語)",土黄,土黄色,土黄色,rgb,210,132,46,6,2,full,white,zh,,1.1.5,
20251,zh,"Chinese (中文 (Zhōngwén), 汉语, 漢語)",一种蓝,一种蓝色,一种蓝色,rgb,159,183,225,6,3,full,white,zh,,1.1.5,
20251,zh,"Chinese (中文 (Zhōngwén), 汉语, 漢語)",深蓝,深蓝色,深蓝色,rgb,57,47,149,6,4,full,white,zh,,1.1.5,
20251,zh,"Chinese (中文 (Zhōngwén), 汉语, 漢語)",紫,紫色,紫色,rgb,144,35,156,6,5,full,white,zh,,1.1.5,
20251,zh,"Chinese (中文 (Zhōngwén), 汉语, 漢語)",绿,绿色,绿色,rgb,116,186,62,6,6,full,white,zh,,1.1.5,
20251,zh,"Chinese (中文 (Zhōngwén), 汉语, 漢語)",绿,绿色,绿色,rgb,70,140,52,6,7,full,white,zh,,1.1.5,
20251,zh,"Chinese (中文 (Zhōngwén), 汉语, 漢語)",深蓝,深蓝色,深蓝色,rgb,38,54,218,6,8,full,white,zh,,1.1.5,
20251,zh,"Chinese (中文 (Zhōngwén), 汉语, 漢語)",蓝,蓝色,蓝色,rgb,7,139,227,6,9,full,white,zh,,1.1.5,
20251,zh,"Chinese (中文 (Zhōngwén), 汉语, 漢語)",皮肤的,皮肤的色,皮肤的,rgb,254,215,175,6,10,full,white,zh,,1.1.5,
20251,zh,"Chinese (中文 (Zhōngwén), 汉语, 漢語)",红黑,红黑色,红黑色,rgb,76,4,63,6,11,full,white,zh,,1.1.5,
20254,zh,"Chinese (中文 (Zhōngwén), 汉语, 漢語)",棕,棕色,棕色,rgb,157,115,58,1,0,full,white,zh,,1.1.5,
20254,zh,"Chinese (中文 (Zhōngwén), 汉语, 漢語)",粉,粉色,粉色,rgb,220,62,151,1,1,full,white,zh,,1.1.5,
20254,zh,"Chinese (中文 (Zhōngwén), 汉语, 漢語)",草绿,草绿色,草绿,rgb,139,222,163,1,2,full,white,zh,,1.1.5,
20254,zh,"Chinese (中文 (Zhōngwén), 汉语, 漢語)",黄,黄色,黄色,rgb,245,235,73,1,3,full,white,zh,,1.1.5,
20254,zh,"Chinese (中文 (Zhōngwén), 汉语, 漢語)",褐,褐色,褐色,rgb,85,31,40,1,4,full,white,zh,,1.1.5,
20254,zh,"Chinese (中文 (Zhōngwén), 汉语, 漢語)",蓝,蓝色,蓝色,rgb,60,145,214,1,5,full,white,zh,,1.1.5,
20254,zh,"Chinese (中文 (Zhōngwén), 汉语, 漢語)",青绿,青绿色,青绿,rgb,92,253,198,1,6,full,white,zh,,1.1.5,
20254,zh,"Chinese (中文 (Zhōngwén), 汉语, 漢語)",浅紫,浅紫色,浅紫色,rgb,180,162,205,1,7,full,white,zh,,1.1.5,
20254,zh,"Chinese (中文 (Zhōngwén), 汉语, 漢語)",浅绿,浅绿色,浅绿色,rgb,22,250,154,1,8,full,white,zh,,1.1.5,
20254,zh,"Chinese (中文 (Zhōngwén), 汉语, 漢語)",紫,紫色,紫色,rgb,140,64,199,1,9,full,white,zh,,1.1.5,
20254,zh,"Chinese (中文 (Zhōngwén), 汉语, 漢語)",灰,灰色,灰色,rgb,93,114,119,1,10,full,white,zh,,1.1.5,
20254,zh,"Chinese (中文 (Zhōngwén), 汉语, 漢語)",深蓝,深蓝色,深蓝色,rgb,51,42,132,1,11,full,white,zh,,1.1.5,
20254,zh,"Chinese (中文 (Zhōngwén), 汉语, 漢語)",黄,黄色,黄色,rgb,241,175,20,3,0,full,white,zh,,1.1.5,
20254,zh,"Chinese (中文 (Zhōngwén), 汉语, 漢語)",粉,粉色,粉色,rgb,212,40,206,3,1,full,white,zh,,1.1.5,
20254,zh,"Chinese (中文 (Zhōngwén), 汉语, 漢語)",深蓝,深蓝色,深蓝色,rgb,71,79,150,3,2,full,white,zh,,1.1.5,
20254,zh,"Chinese (中文 (Zhōngwén), 汉语, 漢語)",浅蓝,浅蓝色,浅蓝色,rgb,117,191,223,3,3,full,white,zh,,1.1.5,
20254,zh,"Chinese (中文 (Zhōngwén), 汉语, 漢語)",蓝,蓝色,蓝色,rgb,63,68,211,3,4,full,white,zh,,1.1.5,
20254,zh,"Chinese (中文 (Zhōngwén), 汉语, 漢語)",天青,天青色,天青色,rgb,135,175,161,3,5,full,white,zh,,1.1.5,
20254,zh,"Chinese (中文 (Zhōngwén), 汉语, 漢語)",绿,绿色,绿色,rgb,15,145,40,3,6,full,white,zh,,1.1.5,
20254,zh,"Chinese (中文 (Zhōngwén), 汉语, 漢語)",蓝紫,蓝紫色,蓝紫色,rgb,96,66,251,3,7,full,white,zh,,1.1.5,
20254,zh,"Chinese (中文 (Zhōngwén), 汉语, 漢語)",深绿,深绿色,深绿色,rgb,44,125,85,3,8,full,white,zh,,1.1.5,
20254,zh,"Chinese (中文 (Zhōngwén), 汉语, 漢語)",橘,橘色,橘色,rgb,250,128,75,3,9,full,white,zh,,1.1.5,
20254,zh,"Chinese (中文 (Zhōngwén), 汉语, 漢語)",浅紫,浅紫色,浅紫色,rgb,193,139,243,3,10,full,white,zh,,1.1.5,
20254,zh,"Chinese (中文 (Zhōngwén), 汉语, 漢語)",褐,褐色,褐色,rgb,117,36,22,3,11,full,white,zh,,1.1.5,
20254,zh,"Chinese (中文 (Zhōngwén), 汉语, 漢語)",褐,褐色,褐色,rgb,153,106,93,6,0,full,white,zh,,1.1.5,
20254,zh,"Chinese (中文 (Zhōngwén), 汉语, 漢語)",灰,灰色,灰色,rgb,26,55,62,6,1,full,white,zh,,1.1.5,
20254,zh,"Chinese (中文 (Zhōngwén), 汉语, 漢語)",肉,肉色,肉色,rgb,232,180,170,6,2,full,white,zh,,1.1.5,
20254,zh,"Chinese (中文 (Zhōngwén), 汉语, 漢語)",绿,绿色,绿色,rgb,8,216,87,6,3,full,white,zh,,1.1.5,
20254,zh,"Chinese (中文 (Zhōngwén), 汉语, 漢語)",浅绿,浅绿色,浅绿色,rgb,170,234,100,6,4,full,white,zh,,1.1.5,
20254,zh,"Chinese (中文 (Zhōngwén), 汉语, 漢語)",深红,深红色,深红色,rgb,191,62,15,6,5,full,white,zh,,1.1.5,
20254,zh,"Chinese (中文 (Zhōngwén), 汉语, 漢語)",蓝,蓝色,蓝色,rgb,70,248,242,6,6,full,white,zh,,1.1.5,
20254,zh,"Chinese (中文 (Zhōngwén), 汉语, 漢語)",黑,黑色,黑色,rgb,30,36,0,6,7,full,white,zh,,1.1.5,
20254,zh,"Chinese (中文 (Zhōngwén), 汉语, 漢語)",紫,紫色,紫色,rgb,183,123,157,6,8,full,white,zh,,1.1.5,
20254,zh,"Chinese (中文 (Zhōngwén), 汉语, 漢語)",粉,粉色,粉色,rgb,237,134,125,6,9,full,white,zh,,1.1.5,
20254,zh,"Chinese (中文 (Zhōngwén), 汉语, 漢語)",绿,绿色,绿色,rgb,65,245,67,6,10,full,white,zh,,1.1.5,
20254,zh,"Chinese (中文 (Zhōngwén), 汉语, 漢語)",蓝,蓝色,蓝色,rgb,12,2,143,6,11,full,white,zh,,1.1.5,
20437,zh,"Chinese (中文 (Zhōngwén), 汉语, 漢語)",草绿,草绿色,草绿,rgb,199,239,103,1,0,full,white,zh,,1.1.5,
20437,zh,"Chinese (中文 (Zhōngwén), 汉语, 漢語)",蓝,蓝色,蓝,rgb,40,121,198,1,1,full,white,zh,,1.1.5,
20437,zh,"Chinese (中文 (Zhōngwén), 汉语, 漢語)",橘,橘色,橘,rgb,236,109,65,1,2,full,white,zh,,1.1.5,
20437,zh,"Chinese (中文 (Zhōngwén), 汉语, 漢語)",蓝灰,蓝灰色,蓝灰,rgb,163,198,194,1,3,full,white,zh,,1.1.5,
20437,zh,"Chinese (中文 (Zhōngwén), 汉语, 漢語)",普鲁士蓝,普鲁士蓝色,普鲁士蓝,rgb,11,22,64,1,4,full,white,zh,,1.1.5,
20437,zh,"Chinese (中文 (Zhōngwén), 汉语, 漢語)",粉,粉色,粉色,rgb,217,155,176,1,5,full,white,zh,,1.1.5,
20437,zh,"Chinese (中文 (Zhōngwén), 汉语, 漢語)",亮绿,亮绿色,亮绿,rgb,2,201,108,1,6,full,white,zh,,1.1.5,
20437,zh,"Chinese (中文 (Zhōngwén), 汉语, 漢語)",橘红,橘红色,橘红,rgb,210,56,4,1,7,full,white,zh,,1.1.5,
20437,zh,"Chinese (中文 (Zhōngwén), 汉语, 漢語)",蓝绿,蓝绿色,蓝绿,rgb,77,208,188,1,8,full,white,zh,,1.1.5,
20437,zh,"Chinese (中文 (Zhōngwén), 汉语, 漢語)",玫红,玫红色,玫红,rgb,193,43,100,1,9,full,white,zh,,1.1.5,
20437,zh,"Chinese (中文 (Zhōngwén), 汉语, 漢語)",浅棕,浅棕色,浅棕,rgb,174,100,80,1,10,full,white,zh,,1.1.5,
20437,zh,"Chinese (中文 (Zhōngwén), 汉语, 漢語)",香槟,香槟色,香槟,rgb,221,182,146,1,11,full,white,zh,,1.1.5,
20437,zh,"Chinese (中文 (Zhōngwén), 汉语, 漢語)",紫罗蓝,紫罗兰色,紫罗兰,rgb,171,42,252,3,0,full,white,zh,,1.1.5,
20437,zh,"Chinese (中文 (Zhōngwén), 汉语, 漢語)",棕,棕色,棕色,rgb,77,35,8,3,1,full,white,zh,,1.1.5,
20437,zh,"Chinese (中文 (Zhōngwén), 汉语, 漢語)",暗黄,暗黄色,暗黄,rgb,229,199,34,3,2,full,white,zh,,1.1.5,
20437,zh,"Chinese (中文 (Zhōngwén), 汉语, 漢語)",深蓝,深蓝色,深蓝,rgb,32,56,203,3,3,full,white,zh,,1.1.5,
20437,zh,"Chinese (中文 (Zhōngwén), 汉语, 漢語)",深紫红,深紫红色,深紫红,rgb,129,69,94,3,4,full,white,zh,,1.1.5,
20437,zh,"Chinese (中文 (Zhōngwén), 汉语, 漢語)",深绿,深绿色,深绿,rgb,41,138,79,3,5,full,white,zh,,1.1.5,
20437,zh,"Chinese (中文 (Zhōngwén), 汉语, 漢語)",浅绿,浅绿色,浅绿,rgb,167,233,153,3,6,full,white,zh,,1.1.5,
20437,zh,"Chinese (中文 (Zhōngwén), 汉语, 漢語)",淡紫,淡紫色,淡紫,rgb,181,160,243,3,7,full,white,zh,,1.1.5,
20437,zh,"Chinese (中文 (Zhōngwén), 汉语, 漢語)",蓝灰,蓝灰色,蓝灰,rgb,118,155,176,3,8,full,white,zh,,1.1.5,
20437,zh,"Chinese (中文 (Zhōngwén), 汉语, 漢語)",灰,灰色,灰色,rgb,110,103,119,3,9,full,white,zh,,1.1.5,
20437,zh,"Chinese (中文 (Zhōngwén), 汉语, 漢語)",粉红,粉红色,粉红,rgb,241,38,171,3,10,full,white,zh,,1.1.5,
20437,zh,"Chinese (中文 (Zhōngwén), 汉语, 漢語)",土黄,土黄色,土黄,rgb,244,168,2,3,11,full,white,zh,,1.1.5,
20437,zh,"Chinese (中文 (Zhōngwén), 汉语, 漢語)",草绿,草绿色,草绿,rgb,67,134,19,6,0,full,white,zh,,1.1.5,
20437,zh,"Chinese (中文 (Zhōngwén), 汉语, 漢語)",深绿,深绿色,深绿,rgb,57,102,83,6,1,full,white,zh,,1.1.5,
20437,zh,"Chinese (中文 (Zhōngwén), 汉语, 漢語)",浅蓝,浅蓝色,浅蓝,rgb,140,245,247,6,2,full,white,zh,,1.1.5,
20437,zh,"Chinese (中文 (Zhōngwén), 汉语, 漢語)",棕红,棕红色,棕红,rgb,79,17,48,6,3,full,white,zh,,1.1.5,
20437,zh,"Chinese (中文 (Zhōngwén), 汉语, 漢語)",亮绿,亮绿色,亮绿,rgb,61,209,38,6,4,full,white,zh,,1.1.5,
20437,zh,"Chinese (中文 (Zhōngwén), 汉语, 漢語)",浅黄,浅黄色,浅黄,rgb,246,233,120,6,5,full,white,zh,,1.1.5,
20437,zh,"Chinese (中文 (Zhōngwén), 汉语, 漢語)",黑绿,黑绿色,黑绿,rgb,7,34,29,6,6,full,white,zh,,1.1.5,
20437,zh,"Chinese (中文 (Zhōngwén), 汉语, 漢語)",粉,粉色,粉,rgb,235,120,184,6,7,full,white,zh,,1.1.5,
20437,zh,"Chinese (中文 (Zhōngwén), 汉语, 漢語)",红,红色,红,rgb,223,55,75,6,8,full,white,zh,,1.1.5,
20437,zh,"Chinese (中文 (Zhōngwén), 汉语, 漢語)",棕绿,棕绿色,棕绿,rgb,76,67,25,6,9,full,white,zh,,1.1.5,
20437,zh,"Chinese (中文 (Zhōngwén), 汉语, 漢語)",天蓝,天蓝色,天蓝,rgb,40,191,229,6,10,full,white,zh,,1.1.5,
20437,zh,"Chinese (中文 (Zhōngwén), 汉语, 漢語)",群青,群青色,群青,rgb,21,10,97,6,11,full,white,zh,,1.1.5,
20482,zh,"Chinese (中文 (Zhōngwén), 汉语, 漢語)",浅蓝,浅蓝色,浅蓝色,rgb,0,123,255,3,0,line,white,zh,,1.1.5,
20482,zh,"Chinese (中文 (Zhōngwén), 汉语, 漢語)",深蓝,深蓝色,深蓝色,rgb,0,10,255,3,1,line,white,zh,,1.1.5,
20482,zh,"Chinese (中文 (Zhōngwén), 汉语, 漢語)",绿,绿色,绿色,rgb,0,255,49,3,2,line,white,zh,,1.1.5,
20482,zh,"Chinese (中文 (Zhōngwén), 汉语, 漢語)",橙,橙色,橙色,rgb,255,207,0,3,3,line,white,zh,,1.1.5,
20482,zh,"Chinese (中文 (Zhōngwén), 汉语, 漢語)",品红,品红色,品红,rgb,255,0,99,3,4,line,white,zh,,1.1.5,
20482,zh,"Chinese (中文 (Zhōngwén), 汉语, 漢語)",黄,黄色,黄色,rgb,241,255,0,3,5,line,white,zh,,1.1.5,
20482,zh,"Chinese (中文 (Zhōngwén), 汉语, 漢語)",橘,橘色,橘色,rgb,255,175,0,3,6,line,white,zh,,1.1.5,
20482,zh,"Chinese (中文 (Zhōngwén), 汉语, 漢語)",红,红色,红色,rgb,255,48,0,3,7,line,white,zh,,1.1.5,
20482,zh,"Chinese (中文 (Zhōngwén), 汉语, 漢語)",红,红色,红色,rgb,255,0,9,3,8,line,white,zh,,1.1.5,
20482,zh,"Chinese (中文 (Zhōngwén), 汉语, 漢語)",黄绿,黄绿色,黄绿色,rgb,71,255,0,3,9,line,white,zh,,1.1.5,
20482,zh,"Chinese (中文 (Zhōngwén), 汉语, 漢語)",青,青色,青色,rgb,0,224,255,3,10,line,white,zh,,1.1.5,
20482,zh,"Chinese (中文 (Zhōngwén), 汉语, 漢語)",蓝,蓝色,蓝色,rgb,0,40,255,3,11,line,white,zh,,1.1.5,
20482,zh,"Chinese (中文 (Zhōngwén), 汉语, 漢語)",紫,紫色,紫色,rgb,181,0,255,6,0,line,white,zh,,1.1.5,
20482,zh,"Chinese (中文 (Zhōngwén), 汉语, 漢語)",黄,黄色,黄色,rgb,255,218,0,6,1,line,white,zh,,1.1.5,
20482,zh,"Chinese (中文 (Zhōngwén), 汉语, 漢語)",青绿,青绿色,青绿色,rgb,0,255,153,6,2,line,white,zh,,1.1.5,
20482,zh,"Chinese (中文 (Zhōngwén), 汉语, 漢語)",橙,橙色,橙色,rgb,255,108,0,6,3,line,white,zh,,1.1.5,
20482,zh,"Chinese (中文 (Zhōngwén), 汉语, 漢語)",品红,品红色,品红,rgb,255,0,75,6,4,line,white,zh,,1.1.5,
20482,zh,"Chinese (中文 (Zhōngwén), 汉语, 漢語)",浅蓝,浅蓝色,浅蓝色,rgb,0,193,255,6,5,line,white,zh,,1.1.5,
20482,zh,"Chinese (中文 (Zhōngwén), 汉语, 漢語)",浅蓝,浅蓝色,浅蓝色,rgb,0,180,255,6,6,line,white,zh,,1.1.5,
20482,zh,"Chinese (中文 (Zhōngwén), 汉语, 漢語)",深蓝,深蓝色,深蓝色,rgb,0,68,255,6,7,line,white,zh,,1.1.5,
20482,zh,"Chinese (中文 (Zhōngwén), 汉语, 漢語)",蓝,蓝色,蓝色,rgb,0,144,255,6,8,line,white,zh,,1.1.5,
20482,zh,"Chinese (中文 (Zhōngwén), 汉语, 漢語)",品红,品红色,品红,rgb,255,0,188,6,9,line,white,zh,,1.1.5,
20482,zh,"Chinese (中文 (Zhōngwén), 汉语, 漢語)",青绿,青绿色,青绿色,rgb,0,255,167,6,10,line,white,zh,,1.1.5,
20482,zh,"Chinese (中文 (Zhōngwén), 汉语, 漢語)",蓝,蓝色,蓝色,rgb,0,106,255,6,11,line,white,zh,,1.1.5,
20545,zh,"Chinese (中文 (Zhōngwén), 汉语, 漢語)",深灰绿,深灰绿色,深灰绿,rgb,75,126,124,1,0,full,white,en,,1.1.5,
20545,zh,"Chinese (中文 (Zhōngwén), 汉语, 漢語)",黄绿,黄绿色,黄绿,rgb,194,199,91,1,1,full,white,en,,1.1.5,
20545,zh,"Chinese (中文 (Zhōngwén), 汉语, 漢語)",深蓝,深蓝色,深蓝,rgb,29,51,162,1,2,full,white,en,,1.1.5,
20545,zh,"Chinese (中文 (Zhōngwén), 汉语, 漢語)",蓝灰,蓝灰色,蓝灰,rgb,110,122,194,1,3,full,white,en,,1.1.5,
20545,zh,"Chinese (中文 (Zhōngwén), 汉语, 漢語)",亮紫,亮紫色,亮紫,rgb,136,86,254,1,5,full,white,en,,1.1.5,
20545,zh,"Chinese (中文 (Zhōngwén), 汉语, 漢語)",孔雀蓝,孔雀蓝色,孔雀蓝,rgb,67,44,239,1,7,full,white,en,,1.1.5,
20545,zh,"Chinese (中文 (Zhōngwén), 汉语, 漢語)",深红,深红色,深红,rgb,212,22,55,1,8,full,white,en,,1.1.5,
20829,zh,"Chinese (中文 (Zhōngwén), 汉语, 漢語)",赭黄,赭黄色,赭黄,rgb,186,103,12,1,0,full,white,zh,,1.1.5,
20829,zh,"Chinese (中文 (Zhōngwén), 汉语, 漢語)",韭黄,韭黄色,韭黄,rgb,237,251,142,1,1,full,white,zh,,1.1.5,
20829,zh,"Chinese (中文 (Zhōngwén), 汉语, 漢語)",淡紫,淡紫色,淡紫,rgb,165,129,245,1,2,full,white,zh,,1.1.5,
20829,zh,"Chinese (中文 (Zhōngwén), 汉语, 漢語)",钴蓝,钴蓝色,钴蓝,rgb,0,78,216,1,3,full,white,zh,,1.1.5,
20829,zh,"Chinese (中文 (Zhōngwén), 汉语, 漢語)",水蓝,水蓝色,水蓝,rgb,78,174,221,1,4,full,white,zh,,1.1.5,
20829,zh,"Chinese (中文 (Zhōngwén), 汉语, 漢語)",亮粉紫,亮紫粉色,亮紫粉,rgb,211,60,195,1,5,full,white,zh,,1.1.5,
20829,zh,"Chinese (中文 (Zhōngwén), 汉语, 漢語)",酱紫,酱紫色,酱紫,rgb,159,100,159,1,6,full,white,zh,,1.1.5,
20829,zh,"Chinese (中文 (Zhōngwén), 汉语, 漢語)",普鲁士蓝,普鲁士蓝色,普鲁士蓝,rgb,61,94,177,1,7,full,white,zh,,1.1.5,
20829,zh,"Chinese (中文 (Zhōngwén), 汉语, 漢語)",品红,品红色,品红,rgb,224,94,140,1,8,full,white,zh,,1.1.5,
20829,zh,"Chinese (中文 (Zhōngwén), 汉语, 漢語)",爱丽丝蓝,爱丽丝蓝色,爱丽丝蓝,rgb,219,231,255,1,9,full,white,zh,,1.1.5,
20829,zh,"Chinese (中文 (Zhōngwén), 汉语, 漢語)",墨绿,墨绿色,墨绿,rgb,83,121,89,1,10,full,white,zh,,1.1.5,
20829,zh,"Chinese (中文 (Zhōngwén), 汉语, 漢語)",秋香,秋香色,秋香色,rgb,214,194,64,1,11,full,white,zh,,1.1.5,
20829,zh,"Chinese (中文 (Zhōngwén), 汉语, 漢語)",草绿,草绿色,草绿,rgb,152,216,43,3,0,full,white,zh,,1.1.5,
20829,zh,"Chinese (中文 (Zhōngwén), 汉语, 漢語)",油绿,油绿色,油绿,rgb,38,165,49,3,1,full,white,zh,,1.1.5,
20829,zh,"Chinese (中文 (Zhōngwén), 汉语, 漢語)",紫红,紫红色,紫红,rgb,190,13,235,3,2,full,white,zh,,1.1.5,
20829,zh,"Chinese (中文 (Zhōngwén), 汉语, 漢語)",赭黄,赭黄色,赭黄,rgb,208,101,72,3,3,full,white,zh,,1.1.5,
20829,zh,"Chinese (中文 (Zhōngwén), 汉语, 漢語)",绛蓝,绛蓝色,绛蓝,rgb,24,25,207,3,4,full,white,zh,,1.1.5,
20829,zh,"Chinese (中文 (Zhōngwén), 汉语, 漢語)",深棕,深棕色,深棕,rgb,104,64,26,3,5,full,white,zh,,1.1.5,
20829,zh,"Chinese (中文 (Zhōngwén), 汉语, 漢語)",暗紫罗蓝,暗紫罗兰色,暗紫罗兰,rgb,63,39,159,3,6,full,white,zh,,1.1.5,
20829,zh,"Chinese (中文 (Zhōngwén), 汉语, 漢語)",草绿,草绿色,草绿,rgb,129,148,72,3,7,full,white,zh,,1.1.5,
20829,zh,"Chinese (中文 (Zhōngwén), 汉语, 漢語)",土黄,土黄色,土黄,rgb,197,156,65,3,8,full,white,zh,,1.1.5,
20829,zh,"Chinese (中文 (Zhōngwén), 汉语, 漢語)",紫棠,紫棠色,紫棠,rgb,101,49,127,3,9,full,white,zh,,1.1.5,
20829,zh,"Chinese (中文 (Zhōngwén), 汉语, 漢語)",藏青,藏青色,藏青,rgb,36,36,83,3,10,full,white,zh,,1.1.5,
20829,zh,"Chinese (中文 (Zhōngwén), 汉语, 漢語)",水绿,水绿色,水绿,rgb,29,206,212,3,11,full,white,zh,,1.1.5,
20829,zh,"Chinese (中文 (Zhōngwén), 汉语, 漢語)",石绿,石绿色,石绿,rgb,182,215,178,6,0,full,white,zh,,1.1.5,
20829,zh,"Chinese (中文 (Zhōngwén), 汉语, 漢語)",藕粉,藕粉色,藕粉,rgb,222,156,172,6,1,full,white,zh,,1.1.5,
20829,zh,"Chinese (中文 (Zhōngwén), 汉语, 漢語)",红,红色,红,rgb,208,33,23,6,2,full,white,zh,,1.1.5,
20829,zh,"Chinese (中文 (Zhōngwén), 汉语, 漢語)",叶绿,叶绿色,叶绿,rgb,113,157,11,6,3,full,white,zh,,1.1.5,
20829,zh,"Chinese (中文 (Zhōngwén), 汉语, 漢語)",丁香紫,丁香紫色,丁香紫,rgb,190,155,226,6,4,full,white,zh,,1.1.5,
20829,zh,"Chinese (中文 (Zhōngwén), 汉语, 漢語)",蓝灰,蓝灰色,蓝灰,rgb,115,121,143,6,5,full,white,zh,,1.1.5,
20829,zh,"Chinese (中文 (Zhōngwén), 汉语, 漢語)",翡翠,翡翠色,翡翠,rgb,120,226,169,6,6,full,white,zh,,1.1.5,
20829,zh,"Chinese (中文 (Zhōngwén), 汉语, 漢語)",鸭黄,鸭黄色,鸭黄,rgb,243,249,91,6,7,full,white,zh,,1.1.5,
20829,zh,"Chinese (中文 (Zhōngwén), 汉语, 漢語)",暗绛紫,暗绛紫色,暗绛紫,rgb,97,61,76,6,8,full,white,zh,,1.1.5,
20829,zh,"Chinese (中文 (Zhōngwén), 汉语, 漢語)",赭,赭色,赭色,rgb,176,115,97,6,9,full,white,zh,,1.1.5,
20829,zh,"Chinese (中文 (Zhōngwén), 汉语, 漢語)",枯黄,枯黄色,枯黄,rgb,207,167,120,6,10,full,white,zh,,1.1.5,
20829,zh,"Chinese (中文 (Zhōngwén), 汉语, 漢語)",栗,栗色,栗色,rgb,156,70,82,6,11,full,white,zh,,1.1.5,
20890,zh,"Chinese (中文 (Zhōngwén), 汉语, 漢語)",淡红,淡红色,淡红色,rgb,240,59,38,1,0,full,white,zh,,1.1.5,
20890,zh,"Chinese (中文 (Zhōngwén), 汉语, 漢語)",低饱和蓝,低饱和蓝色,低饱和蓝色,rgb,44,100,210,1,1,full,white,zh,,1.1.5,
20890,zh,"Chinese (中文 (Zhōngwén), 汉语, 漢語)",粉绿,粉绿色,粉绿,rgb,209,221,198,1,2,full,white,zh,,1.1.5,
20890,zh,"Chinese (中文 (Zhōngwén), 汉语, 漢語)",暗绿,暗绿色,暗绿,rgb,14,46,15,1,3,full,white,zh,,1.1.5,
20890,zh,"Chinese (中文 (Zhōngwén), 汉语, 漢語)",土黄,土黄色,土黄色,rgb,204,170,47,1,4,full,white,zh,,1.1.5,
20890,zh,"Chinese (中文 (Zhōngwén), 汉语, 漢語)",藕荷,藕荷色,藕荷色,rgb,223,217,249,1,5,full,white,zh,,1.1.5,
20890,zh,"Chinese (中文 (Zhōngwén), 汉语, 漢語)",偏绿的黄绿,偏绿的黄绿色,偏绿的黄绿色,rgb,187,206,140,1,6,full,white,zh,,1.1.5,
20890,zh,"Chinese (中文 (Zhōngwén), 汉语, 漢語)",棕,棕色,棕色,rgb,115,59,54,1,7,full,white,zh,,1.1.5,
20890,zh,"Chinese (中文 (Zhōngwén), 汉语, 漢語)",褐,褐色,褐色,rgb,159,99,19,1,8,full,white,zh,,1.1.5,
20890,zh,"Chinese (中文 (Zhōngwén), 汉语, 漢語)",偏紫的蓝,偏紫的蓝色,偏紫的蓝色,rgb,65,30,178,1,9,full,white,zh,,1.1.5,
20890,zh,"Chinese (中文 (Zhōngwén), 汉语, 漢語)",天蓝,天蓝色,天蓝,rgb,105,206,242,1,10,full,white,zh,,1.1.5,
20890,zh,"Chinese (中文 (Zhōngwén), 汉语, 漢語)",草绿,草绿色,草绿,rgb,64,233,14,1,11,full,white,zh,,1.1.5,
0,zh,"Chinese (中文 (Zhōngwén), 汉语, 漢語)",淡紫,淡紫色,淡紫色,rgb,197,117,240,1,0,full,white,zh,,1.1.5,
0,zh,"Chinese (中文 (Zhōngwén), 汉语, 漢語)",淡红,淡红色,淡红色,rgb,246,54,51,1,1,full,white,zh,,1.1.5,
0,zh,"Chinese (中文 (Zhōngwén), 汉语, 漢語)",土黄,土黄色,土黄色,rgb,195,149,26,1,2,full,white,zh,,1.1.5,
0,zh,"Chinese (中文 (Zhōngwén), 汉语, 漢語)",暗紫,暗紫色,暗紫色,rgb,83,39,106,1,3,full,white,zh,,1.1.5,
0,zh,"Chinese (中文 (Zhōngwén), 汉语, 漢語)",紫红,紫红色,紫红色,rgb,182,33,239,1,4,full,white,zh,,1.1.5,
0,zh,"Chinese (中文 (Zhōngwén), 汉语, 漢語)",浅绿,浅绿色,浅绿色,rgb,113,149,102,1,5,full,white,zh,,1.1.5,
0,zh,"Chinese (中文 (Zhōngwén), 汉语, 漢語)",深绿,深绿色,深绿色,rgb,10,95,57,1,6,full,white,zh,,1.1.5,
0,zh,"Chinese (中文 (Zhōngwén), 汉语, 漢語)",红褐,红褐色,红褐色,rgb,112,4,63,1,7,full,white,zh,,1.1.5,
0,zh,"Chinese (中文 (Zhōngwén), 汉语, 漢語)",紫红,紫红色,紫红色,rgb,124,70,105,1,8,full,white,zh,,1.1.5,
0,zh,"Chinese (中文 (Zhōngwén), 汉语, 漢語)",粉红,粉红色,粉红色,rgb,247,168,235,1,9,full,white,zh,,1.1.5,
0,zh,"Chinese (中文 (Zhōngwén), 汉语, 漢語)",粉绿,粉绿色,粉绿色,rgb,158,234,218,1,10,full,white,zh,,1.1.5,
0,zh,"Chinese (中文 (Zhōngwén), 汉语, 漢語)",粉蓝,粉蓝色,粉蓝色,rgb,123,161,208,1,11,full,white,zh,,1.1.5,
0,zh,"Chinese (中文 (Zhōngwén), 汉语, 漢語)",灰青,灰青色,灰青色,rgb,92,111,145,3,0,full,white,zh,,1.1.5,
0,zh,"Chinese (中文 (Zhōngwén), 汉语, 漢語)",青蓝,青蓝色,青蓝色,rgb,3,61,222,3,1,full,white,zh,,1.1.5,
0,zh,"Chinese (中文 (Zhōngwén), 汉语, 漢語)",青绿,青绿色,青绿色,rgb,45,150,101,3,2,full,white,zh,,1.1.5,
0,zh,"Chinese (中文 (Zhōngwén), 汉语, 漢語)",浅褐,浅褐色,浅褐色,rgb,155,105,111,3,3,full,white,zh,,1.1.5,
0,zh,"Chinese (中文 (Zhōngwén), 汉语, 漢語)",淡黄绿,淡黄绿色,淡黄绿色,rgb,139,235,97,3,4,full,white,zh,,1.1.5,
0,zh,"Chinese (中文 (Zhōngwén), 汉语, 漢語)",品红,品红色,品红色,rgb,247,15,174,3,5,full,white,zh,,1.1.5,
0,zh,"Chinese (中文 (Zhōngwén), 汉语, 漢語)",灰蓝,灰蓝色,灰蓝色,rgb,159,170,254,3,6,full,white,zh,,1.1.5,
0,zh,"Chinese (中文 (Zhōngwén), 汉语, 漢語)",淡绿,淡绿色,淡绿色,rgb,52,209,118,3,7,full,white,zh,,1.1.5,
0,zh,"Chinese (中文 (Zhōngwén), 汉语, 漢語)",正黄,正黄色,正黄色,rgb,254,236,11,3,8,full,white,zh,,1.1.5,
0,zh,"Chinese (中文 (Zhōngwén), 汉语, 漢語)",墨绿,墨绿色,墨绿色,rgb,9,58,51,3,9,full,white,zh,,1.1.5,
0,zh,"Chinese (中文 (Zhōngwén), 汉语, 漢語)",黄绿,黄绿色,黄绿色,rgb,223,248,169,3,10,full,white,zh,,1.1.5,
0,zh,"Chinese (中文 (Zhōngwén), 汉语, 漢語)",灰绿,灰绿色,灰绿色,rgb,145,176,168,3,11,full,white,zh,,1.1.5,
0,zh,"Chinese (中文 (Zhōngwén), 汉语, 漢語)",黑褐,黑褐色,黑褐色,rgb,51,25,55,6,0,full,white,zh,,1.1.5,
0,zh,"Chinese (中文 (Zhōngwén), 汉语, 漢語)",暗紫,暗紫色,暗紫色,rgb,188,48,171,6,1,full,white,zh,,1.1.5,
0,zh,"Chinese (中文 (Zhōngwén), 汉语, 漢語)",绿,绿色,绿色,rgb,3,229,55,6,2,full,white,zh,,1.1.5,
0,zh,"Chinese (中文 (Zhōngwén), 汉语, 漢語)",暗灰绿,暗灰绿色,暗灰绿,rgb,167,155,119,6,3,full,white,zh,,1.1.5,
0,zh,"Chinese (中文 (Zhōngwén), 汉语, 漢語)",紫红,紫红色,紫红色,rgb,241,58,231,6,4,full,white,zh,,1.1.5,
0,zh,"Chinese (中文 (Zhōngwén), 汉语, 漢語)",土,土色,土色,rgb,205,144,81,6,5,full,white,zh,,1.1.5,
0,zh,"Chinese (中文 (Zhōngwén), 汉语, 漢語)",红,红色,红,rgb,205,42,126,6,6,full,white,zh,,1.1.5,
0,zh,"Chinese (中文 (Zhōngwén), 汉语, 漢語)",暗橙,暗橙色,暗橙色,rgb,212,107,16,6,7,full,white,zh,,1.1.5,
0,zh,"Chinese (中文 (Zhōngwén), 汉语, 漢語)",丹,丹色,丹色,rgb,212,85,79,6,8,full,white,zh,,1.1.5,
0,zh,"Chinese (中文 (Zhōngwén), 汉语, 漢語)",若草,若草色,若草色,rgb,171,182,111,6,9,full,white,zh,,1.1.5,
0,zh,"Chinese (中文 (Zhōngwén), 汉语, 漢語)",花,花色,花色,rgb,30,66,162,6,10,full,white,zh,,1.1.5,
0,zh,"Chinese (中文 (Zhōngwén), 汉语, 漢語)",藕荷,藕荷色,藕荷色,rgb,182,160,198,6,11,full,white,zh,,1.1.5,
20909,zh,"Chinese (中文 (Zhōngwén), 汉语, 漢語)",橘红,橘红色,橘红,rgb,218,133,111,3,0,full,white,zh,,1.1.5,
20909,zh,"Chinese (中文 (Zhōngwén), 汉语, 漢語)",翠绿,翠绿色,翠绿,rgb,36,181,59,3,1,full,white,zh,,1.1.5,
20909,zh,"Chinese (中文 (Zhōngwén), 汉语, 漢語)",青绿,青绿色,青绿,rgb,94,170,84,3,2,full,white,zh,,1.1.5,
20909,zh,"Chinese (中文 (Zhōngwén), 汉语, 漢語)",紫红,紫红色,紫红,rgb,131,39,82,3,3,full,white,zh,,1.1.5,
20909,zh,"Chinese (中文 (Zhōngwén), 汉语, 漢語)",艳俗粉,艳俗粉色,艳俗粉,rgb,218,119,218,3,4,full,white,zh,,1.1.5,
20909,zh,"Chinese (中文 (Zhōngwén), 汉语, 漢語)",墨绿,墨绿色,墨绿,rgb,57,84,47,3,5,full,white,zh,,1.1.5,
20909,zh,"Chinese (中文 (Zhōngwén), 汉语, 漢語)",棕,棕色,棕,rgb,139,82,16,3,6,full,white,zh,,1.1.5,
20909,zh,"Chinese (中文 (Zhōngwén), 汉语, 漢語)",亮绿,亮绿色,亮绿,rgb,23,243,112,3,7,full,white,zh,,1.1.5,
20909,zh,"Chinese (中文 (Zhōngwén), 汉语, 漢語)",深蓝,深蓝色,深蓝,rgb,40,38,193,3,8,full,white,zh,,1.1.5,
20909,zh,"Chinese (中文 (Zhōngwén), 汉语, 漢語)",土橙,土橙色,土橙,rgb,203,181,128,3,9,full,white,zh,,1.1.5,
20909,zh,"Chinese (中文 (Zhōngwén), 汉语, 漢語)",蓝草绿蓝,蓝草绿蓝色,蓝草绿蓝,rgb,2,121,152,3,10,full,white,zh,,1.1.5,
20909,zh,"Chinese (中文 (Zhōngwén), 汉语, 漢語)",麦绿,麦绿色,麦绿,rgb,165,213,139,3,11,full,white,zh,,1.1.5,
20909,zh,"Chinese (中文 (Zhōngwén), 汉语, 漢語)",浅蓝,浅蓝色,浅蓝,rgb,71,196,252,6,0,full,white,zh,,1.1.5,
20909,zh,"Chinese (中文 (Zhōngwén), 汉语, 漢語)",深粉,深粉色,深粉,rgb,191,64,137,6,1,full,white,zh,,1.1.5,
20909,zh,"Chinese (中文 (Zhōngwén), 汉语, 漢語)",紫罗蓝紫,紫罗兰紫色,紫罗兰紫,rgb,174,143,183,6,3,full,white,zh,,1.1.5,
20909,zh,"Chinese (中文 (Zhōngwén), 汉语, 漢語)",棕黑,棕黑色,棕黑,rgb,53,1,38,6,4,full,white,zh,,1.1.5,
20909,zh,"Chinese (中文 (Zhōngwén), 汉语, 漢語)",绿茶,绿茶色,绿茶,rgb,157,175,61,6,5,full,white,zh,,1.1.5,
20909,zh,"Chinese (中文 (Zhōngwén), 汉语, 漢語)",深蓝,深蓝色,深蓝,rgb,12,68,146,6,6,full,white,zh,,1.1.5,
20909,zh,"Chinese (中文 (Zhōngwén), 汉语, 漢語)",青蓝,青蓝色,青蓝,rgb,113,171,247,6,7,full,white,zh,,1.1.5,
20909,zh,"Chinese (中文 (Zhōngwén), 汉语, 漢語)",褐绿,褐绿色,褐绿,rgb,113,97,2,6,8,full,white,zh,,1.1.5,
20909,zh,"Chinese (中文 (Zhōngwén), 汉语, 漢語)",藏青,藏青色,藏青,rgb,18,73,92,6,9,full,white,zh,,1.1.5,
20909,zh,"Chinese (中文 (Zhōngwén), 汉语, 漢語)",墨青,墨青色,墨青,rgb,96,96,136,6,10,full,white,zh,,1.1.5,
20909,zh,"Chinese (中文 (Zhōngwén), 汉语, 漢語)",漆黑,漆黑色,漆黑,rgb,51,27,32,6,11,full,white,zh,,1.1.5,
21054,zh,"Chinese (中文 (Zhōngwén), 汉语, 漢語)",玫红,玫红色,玫红,rgb,255,0,161,1,0,line,white,zh,,1.1.5,
21054,zh,"Chinese (中文 (Zhōngwén), 汉语, 漢語)",蓝紫,蓝紫色,蓝紫,rgb,130,0,255,1,1,line,white,zh,,1.1.5,
21054,zh,"Chinese (中文 (Zhōngwén), 汉语, 漢語)",天蓝,天蓝色,天蓝,rgb,0,229,255,1,2,line,white,zh,,1.1.5,
21054,zh,"Chinese (中文 (Zhōngwén), 汉语, 漢語)",大红,大红色,大红,rgb,255,0,83,1,3,line,white,zh,,1.1.5,
21054,zh,"Chinese (中文 (Zhōngwén), 汉语, 漢語)",蓝,蓝色,蓝,rgb,0,112,255,1,4,line,white,zh,,1.1.5,
21054,zh,"Chinese (中文 (Zhōngwén), 汉语, 漢語)",深蓝,深蓝色,深蓝,rgb,0,81,255,1,5,line,white,zh,,1.1.5,
21054,zh,"Chinese (中文 (Zhōngwén), 汉语, 漢語)",玫红,玫红色,玫红,rgb,255,0,117,1,6,line,white,zh,,1.1.5,
21054,zh,"Chinese (中文 (Zhōngwén), 汉语, 漢語)",蓝,蓝色,蓝,rgb,0,147,255,1,7,line,white,zh,,1.1.5,
21054,zh,"Chinese (中文 (Zhōngwén), 汉语, 漢語)",紫,紫色,紫,rgb,174,0,255,1,8,line,white,zh,,1.1.5,
21054,zh,"Chinese (中文 (Zhōngwén), 汉语, 漢語)",蓝绿,蓝绿色,蓝绿,rgb,0,255,191,1,9,line,white,zh,,1.1.5,
21054,zh,"Chinese (中文 (Zhōngwén), 汉语, 漢語)",蓝,蓝色,蓝,rgb,0,120,255,1,10,line,white,zh,,1.1.5,
21054,zh,"Chinese (中文 (Zhōngwén), 汉语, 漢語)",黄绿,黄绿色,黄绿,rgb,92,255,0,1,11,line,white,zh,,1.1.5,
21054,zh,"Chinese (中文 (Zhōngwén), 汉语, 漢語)",深蓝,深蓝色,深蓝,rgb,0,23,255,3,0,line,white,zh,,1.1.5,
21054,zh,"Chinese (中文 (Zhōngwén), 汉语, 漢語)",天蓝,天蓝色,天蓝,rgb,0,238,255,3,1,line,white,zh,,1.1.5,
21054,zh,"Chinese (中文 (Zhōngwén), 汉语, 漢語)",荧光黄,荧光黄色,荧光黄,rgb,243,255,0,3,2,line,white,zh,,1.1.5,
21054,zh,"Chinese (中文 (Zhōngwén), 汉语, 漢語)",玫红,玫红色,玫红,rgb,255,0,239,3,3,line,white,zh,,1.1.5,
21054,zh,"Chinese (中文 (Zhōngwén), 汉语, 漢語)",橙黄,橙黄色,橙黄,rgb,255,182,0,3,4,line,white,zh,,1.1.5,
21054,zh,"Chinese (中文 (Zhōngwén), 汉语, 漢語)",青,青色,青色,rgb,0,255,238,3,5,line,white,zh,,1.1.5,
21054,zh,"Chinese (中文 (Zhōngwén), 汉语, 漢語)",橙黄,橙黄色,橙黄,rgb,255,202,0,3,6,line,white,zh,,1.1.5,
21054,zh,"Chinese (中文 (Zhōngwén), 汉语, 漢語)",黄绿,黄绿色,黄绿,rgb,0,255,78,3,7,line,white,zh,,1.1.5,
21054,zh,"Chinese (中文 (Zhōngwén), 汉语, 漢語)",玫红,玫红色,玫红,rgb,255,0,248,3,8,line,white,zh,,1.1.5,
21054,zh,"Chinese (中文 (Zhōngwén), 汉语, 漢語)",蓝,蓝色,蓝,rgb,0,173,255,3,9,line,white,zh,,1.1.5,
21054,zh,"Chinese (中文 (Zhōngwén), 汉语, 漢語)",橙黄,橙黄色,橙黄,rgb,255,218,0,3,10,line,white,zh,,1.1.5,
21054,zh,"Chinese (中文 (Zhōngwén), 汉语, 漢語)",红,红色,红,rgb,255,0,26,3,11,line,white,zh,,1.1.5,
21054,zh,"Chinese (中文 (Zhōngwén), 汉语, 漢語)",橙红,橙红色,橙红,rgb,255,113,0,6,0,line,white,zh,,1.1.5,
21054,zh,"Chinese (中文 (Zhōngwén), 汉语, 漢語)",橙,橙色,橙,rgb,255,136,0,6,1,line,white,zh,,1.1.5,
21054,zh,"Chinese (中文 (Zhōngwén), 汉语, 漢語)",红,红色,红,rgb,255,0,64,6,2,line,white,zh,,1.1.5,
21054,zh,"Chinese (中文 (Zhōngwén), 汉语, 漢語)",绿,绿色,绿,rgb,0,255,145,6,3,line,white,zh,,1.1.5,
21054,zh,"Chinese (中文 (Zhōngwén), 汉语, 漢語)",蓝,蓝色,蓝,rgb,0,183,255,6,4,line,white,zh,,1.1.5,
21054,zh,"Chinese (中文 (Zhōngwén), 汉语, 漢語)",深蓝,深蓝色,深蓝,rgb,0,54,255,6,5,line,white,zh,,1.1.5,
21054,zh,"Chinese (中文 (Zhōngwén), 汉语, 漢語)",黄绿,黄绿色,黄绿,rgb,171,255,0,6,6,line,white,zh,,1.1.5,
21054,zh,"Chinese (中文 (Zhōngwén), 汉语, 漢語)",蓝绿,蓝绿色,蓝绿,rgb,0,255,173,6,7,line,white,zh,,1.1.5,
21054,zh,"Chinese (中文 (Zhōngwén), 汉语, 漢語)",红,红色,红,rgb,255,49,0,6,8,line,white,zh,,1.1.5,
21054,zh,"Chinese (中文 (Zhōngwén), 汉语, 漢語)",绿,绿色,绿,rgb,5,255,0,6,9,line,white,zh,,1.1.5,
21054,zh,"Chinese (中文 (Zhōngwén), 汉语, 漢語)",黄绿,黄绿色,黄绿,rgb,205,255,0,6,10,line,white,zh,,1.1.5,
21054,zh,"Chinese (中文 (Zhōngwén), 汉语, 漢語)",玫红,玫红色,玫红,rgb,255,0,210,6,11,line,white,zh,,1.1.5,
21194,zh,"Chinese (中文 (Zhōngwén), 汉语, 漢語)",灰,灰色,灰色,rgb,78,89,99,1,0,full,white,en,,1.1.5,
21194,zh,"Chinese (中文 (Zhōngwén), 汉语, 漢語)",紫红,紫红色,紫红色,rgb,71,6,59,1,1,full,white,en,,1.1.5,
21194,zh,"Chinese (中文 (Zhōngwén), 汉语, 漢語)",青,青色,青色,rgb,35,147,169,1,2,full,white,en,,1.1.5,
21194,zh,"Chinese (中文 (Zhōngwén), 汉语, 漢語)",灰蓝,灰蓝色,灰蓝色,rgb,158,161,190,1,3,full,white,en,,1.1.5,
21194,zh,"Chinese (中文 (Zhōngwén), 汉语, 漢語)",青绿,青绿色,青绿色,rgb,150,250,87,1,4,full,white,en,,1.1.5,
21194,zh,"Chinese (中文 (Zhōngwén), 汉语, 漢語)",紫,紫色,紫色,rgb,132,97,208,1,5,full,white,en,,1.1.5,
21194,zh,"Chinese (中文 (Zhōngwén), 汉语, 漢語)",绿,绿色,绿色,rgb,6,114,40,1,6,full,white,en,,1.1.5,
21194,zh,"Chinese (中文 (Zhōngwén), 汉语, 漢語)",青,青色,青色,rgb,2,176,162,1,7,full,white,en,,1.1.5,
21194,zh,"Chinese (中文 (Zhōngwén), 汉语, 漢語)",天蓝,天蓝色,天蓝色,rgb,79,186,250,1,8,full,white,en,,1.1.5,
21194,zh,"Chinese (中文 (Zhōngwén), 汉语, 漢語)",绿,绿色,绿色,rgb,8,190,64,1,9,full,white,en,,1.1.5,
21194,zh,"Chinese (中文 (Zhōngwén), 汉语, 漢語)",土黄,土黄色,土黄色,rgb,229,148,68,1,10,full,white,en,,1.1.5,
21194,zh,"Chinese (中文 (Zhōngwén), 汉语, 漢語)",紫,紫色,紫色,rgb,58,26,120,1,11,full,white,en,,1.1.5,
21194,zh,"Chinese (中文 (Zhōngwén), 汉语, 漢語)",红,红色,红色,rgb,172,80,103,3,0,full,white,en,,1.1.5,
21194,zh,"Chinese (中文 (Zhōngwén), 汉语, 漢語)",棕绿,棕绿色,棕绿色,rgb,57,52,6,3,1,full,white,en,,1.1.5,
21194,zh,"Chinese (中文 (Zhōngwén), 汉语, 漢語)",浅绿,浅绿色,浅绿色,rgb,162,207,121,3,2,full,white,en,,1.1.5,
21194,zh,"Chinese (中文 (Zhōngwén), 汉语, 漢語)",黄绿,黄绿色,黄绿色,rgb,100,97,32,3,3,full,white,en,,1.1.5,
21194,zh,"Chinese (中文 (Zhōngwén), 汉语, 漢語)",蓝,蓝色,蓝色,rgb,37,135,232,3,4,full,white,en,,1.1.5,
21194,zh,"Chinese (中文 (Zhōngwén), 汉语, 漢語)",品红,品红色,品红色,rgb,220,76,155,3,5,full,white,en,,1.1.5,
21194,zh,"Chinese (中文 (Zhōngwén), 汉语, 漢語)",淡紫,淡紫色,淡紫色,rgb,204,142,196,3,6,full,white,en,,1.1.5,
21194,zh,"Chinese (中文 (Zhōngwén), 汉语, 漢語)",品红,品红色,品红色,rgb,247,69,237,3,7,full,white,en,,1.1.5,
21194,zh,"Chinese (中文 (Zhōngwén), 汉语, 漢語)",青,青色,青色,rgb,178,227,202,3,8,full,white,en,,1.1.5,
21194,zh,"Chinese (中文 (Zhōngwén), 汉语, 漢語)",肉,肉色,肉色,rgb,247,213,192,3,9,full,white,en,,1.1.5,
21194,zh,"Chinese (中文 (Zhōngwén), 汉语, 漢語)",青,青色,青色,rgb,79,141,122,3,10,full,white,en,,1.1.5,
21194,zh,"Chinese (中文 (Zhōngwén), 汉语, 漢語)",亮红,亮红色,亮红色,rgb,238,75,91,3,11,full,white,en,,1.1.5,
21194,zh,"Chinese (中文 (Zhōngwén), 汉语, 漢語)",金,金色,金色,rgb,174,145,1,6,0,full,white,en,,1.1.5,
21194,zh,"Chinese (中文 (Zhōngwén), 汉语, 漢語)",粉棕,粉棕色,粉棕色,rgb,185,141,130,6,1,full,white,en,,1.1.5,
21194,zh,"Chinese (中文 (Zhōngwén), 汉语, 漢語)",深红,深红色,深红色,rgb,137,40,33,6,2,full,white,en,,1.1.5,
21194,zh,"Chinese (中文 (Zhōngwén), 汉语, 漢語)",青黑,青黑色,青黑色,rgb,4,16,51,6,3,full,white,en,,1.1.5,
21194,zh,"Chinese (中文 (Zhōngwén), 汉语, 漢語)",紫,紫色,紫色,rgb,70,26,163,6,4,full,white,en,,1.1.5,
21194,zh,"Chinese (中文 (Zhōngwén), 汉语, 漢語)",蓝,蓝色,蓝色,rgb,45,85,233,6,5,full,white,en,,1.1.5,
21194,zh,"Chinese (中文 (Zhōngwén), 汉语, 漢語)",土黄,土黄色,土黄色,rgb,153,155,101,6,6,full,white,en,,1.1.5,
21194,zh,"Chinese (中文 (Zhōngwén), 汉语, 漢語)",粉,粉色,粉色,rgb,225,124,111,6,7,full,white,en,,1.1.5,
21194,zh,"Chinese (中文 (Zhōngwén), 汉语, 漢語)",灰蓝,灰蓝色,灰蓝色,rgb,82,126,166,6,8,full,white,en,,1.1.5,
21194,zh,"Chinese (中文 (Zhōngwén), 汉语, 漢語)",天蓝,天蓝色,天蓝色,rgb,128,215,247,6,9,full,white,en,,1.1.5,
21194,zh,"Chinese (中文 (Zhōngwén), 汉语, 漢語)",土黄,土黄色,土黄色,rgb,152,86,7,6,10,full,white,en,,1.1.5,
21194,zh,"Chinese (中文 (Zhōngwén), 汉语, 漢語)",黄,黄色,黄色,rgb,197,188,21,6,11,full,white,en,,1.1.5,
21196,zh,"Chinese (中文 (Zhōngwén), 汉语, 漢語)",朱砂红,朱砂红色,朱砂红,rgb,103,11,37,1,0,full,white,zh,,1.1.5,
21196,zh,"Chinese (中文 (Zhōngwén), 汉语, 漢語)",洋红,洋红色,洋红,rgb,238,7,228,1,1,full,white,zh,,1.1.5,
21196,zh,"Chinese (中文 (Zhōngwén), 汉语, 漢語)",苹果绿,苹果绿色,苹果绿,rgb,148,222,87,1,2,full,white,zh,,1.1.5,
21196,zh,"Chinese (中文 (Zhōngwén), 汉语, 漢語)",嫩绿,嫩绿色,嫩绿,rgb,40,246,169,1,3,full,white,zh,,1.1.5,
21196,zh,"Chinese (中文 (Zhōngwén), 汉语, 漢語)",粉红,粉红色,粉红,rgb,205,105,188,1,4,full,white,zh,,1.1.5,
21196,zh,"Chinese (中文 (Zhōngwén), 汉语, 漢語)",墨绿,墨绿色,墨绿,rgb,25,89,73,1,5,full,white,zh,,1.1.5,
21196,zh,"Chinese (中文 (Zhōngwén), 汉语, 漢語)",土黄,土黄色,土黄,rgb,195,151,37,1,6,full,white,zh,,1.1.5,
21196,zh,"Chinese (中文 (Zhōngwén), 汉语, 漢語)",砖红,砖红色,砖红,rgb,179,80,43,1,7,full,white,zh,,1.1.5,
21196,zh,"Chinese (中文 (Zhōngwén), 汉语, 漢語)",紫罗蓝,紫罗兰色,紫罗兰色,rgb,137,103,252,1,8,full,white,zh,,1.1.5,
21196,zh,"Chinese (中文 (Zhōngwén), 汉语, 漢語)",草绿,草绿色,草绿,rgb,65,173,52,1,9,full,white,zh,,1.1.5,
21196,zh,"Chinese (中文 (Zhōngwén), 汉语, 漢語)",橙,橙色,橙色,rgb,226,114,33,1,10,full,white,zh,,1.1.5,
21196,zh,"Chinese (中文 (Zhōngwén), 汉语, 漢語)",绿,绿色,绿色,rgb,38,230,54,1,11,full,white,zh,,1.1.5,
21203,zh,"Chinese (中文 (Zhōngwén), 汉语, 漢語)",墨绿,墨绿色,墨绿,rgb,73,93,24,1,0,full,white,zh,,1.1.5,
21203,zh,"Chinese (中文 (Zhōngwén), 汉语, 漢語)",烟灰,烟灰色,烟灰,rgb,62,90,111,1,1,full,white,zh,,1.1.5,
21203,zh,"Chinese (中文 (Zhōngwén), 汉语, 漢語)",草绿,草绿色,草绿,rgb,9,121,15,1,2,full,white,zh,,1.1.5,
21203,zh,"Chinese (中文 (Zhōngwén), 汉语, 漢語)",橙红,橙红色,橙红,rgb,250,89,42,1,3,full,white,zh,,1.1.5,
21203,zh,"Chinese (中文 (Zhōngwén), 汉语, 漢語)",蓝灰,蓝灰色,蓝灰,rgb,103,172,186,1,4,full,white,zh,,1.1.5,
21203,zh,"Chinese (中文 (Zhōngwén), 汉语, 漢語)",土黄,土黄色,土黄,rgb,143,133,2,1,5,full,white,zh,,1.1.5,
21203,zh,"Chinese (中文 (Zhōngwén), 汉语, 漢語)",紫,紫色,紫,rgb,147,130,211,1,6,full,white,zh,,1.1.5,
21203,zh,"Chinese (中文 (Zhōngwén), 汉语, 漢語)",胭脂,胭脂色,胭脂,rgb,192,78,77,1,7,full,white,zh,,1.1.5,
21203,zh,"Chinese (中文 (Zhōngwén), 汉语, 漢語)",紫,紫色,紫,rgb,168,57,202,1,8,full,white,zh,,1.1.5,
21203,zh,"Chinese (中文 (Zhōngwén), 汉语, 漢語)",绿,绿色,绿,rgb,162,225,27,1,9,full,white,zh,,1.1.5,
21203,zh,"Chinese (中文 (Zhōngwén), 汉语, 漢語)",橙,橙色,橙,rgb,254,148,70,1,10,full,white,zh,,1.1.5,
21203,zh,"Chinese (中文 (Zhōngwén), 汉语, 漢語)",暗紫,暗紫色,暗紫,rgb,130,8,67,1,11,full,white,zh,,1.1.5,
21203,zh,"Chinese (中文 (Zhōngwén), 汉语, 漢語)",灰,灰色,灰,rgb,180,186,163,3,0,full,white,zh,,1.1.5,
21203,zh,"Chinese (中文 (Zhōngwén), 汉语, 漢語)",蓝,蓝色,蓝,rgb,19,132,246,3,1,full,white,zh,,1.1.5,
21203,zh,"Chinese (中文 (Zhōngwén), 汉语, 漢語)",绿,绿色,绿,rgb,28,191,32,3,2,full,white,zh,,1.1.5,
21203,zh,"Chinese (中文 (Zhōngwén), 汉语, 漢語)",天蓝,天蓝色,天蓝,rgb,50,147,229,3,3,full,white,zh,,1.1.5,
21203,zh,"Chinese (中文 (Zhōngwén), 汉语, 漢語)",淡紫,淡紫色,淡紫,rgb,214,195,214,3,4,full,white,zh,,1.1.5,
21203,zh,"Chinese (中文 (Zhōngwén), 汉语, 漢語)",浅绿,浅绿色,浅绿,rgb,195,235,199,3,5,full,white,zh,,1.1.5,
21203,zh,"Chinese (中文 (Zhōngwén), 汉语, 漢語)",深灰绿,深灰绿色,深灰绿,rgb,64,109,100,3,6,full,white,zh,,1.1.5,
21203,zh,"Chinese (中文 (Zhōngwén), 汉语, 漢語)",暗蓝,暗蓝色,暗蓝,rgb,36,3,98,3,7,full,white,zh,,1.1.5,
21203,zh,"Chinese (中文 (Zhōngwén), 汉语, 漢語)",亮紫,亮紫色,亮紫,rgb,130,57,237,3,8,full,white,zh,,1.1.5,
21203,zh,"Chinese (中文 (Zhōngwén), 汉语, 漢語)",暗棕,暗棕色,暗棕,rgb,66,43,29,3,9,full,white,zh,,1.1.5,
21203,zh,"Chinese (中文 (Zhōngwén), 汉语, 漢語)",棕紫,棕紫色,棕紫,rgb,74,49,66,3,10,full,white,zh,,1.1.5,
21203,zh,"Chinese (中文 (Zhōngwén), 汉语, 漢語)",紫,紫色,紫,rgb,247,40,246,3,11,full,white,zh,,1.1.5,
21203,zh,"Chinese (中文 (Zhōngwén), 汉语, 漢語)",蓝,蓝色,蓝,rgb,2,13,190,6,0,full,white,zh,,1.1.5,
21203,zh,"Chinese (中文 (Zhōngwén), 汉语, 漢語)",棕,棕色,棕,rgb,126,37,31,6,1,full,white,zh,,1.1.5,
21203,zh,"Chinese (中文 (Zhōngwén), 汉语, 漢語)",绿,绿色,绿,rgb,97,157,71,6,2,full,white,zh,,1.1.5,
21203,zh,"Chinese (中文 (Zhōngwén), 汉语, 漢語)",蓝,蓝色,蓝,rgb,33,63,174,6,3,full,white,zh,,1.1.5,
21203,zh,"Chinese (中文 (Zhōngwén), 汉语, 漢語)",土绿,土绿色,土绿,rgb,75,80,55,6,4,full,white,zh,,1.1.5,
21203,zh,"Chinese (中文 (Zhōngwén), 汉语, 漢語)",土黄,土黄色,土黄,rgb,210,177,29,6,5,full,white,zh,,1.1.5,
21203,zh,"Chinese (中文 (Zhōngwén), 汉语, 漢語)",深绿,深绿色,深绿,rgb,9,56,44,6,6,full,white,zh,,1.1.5,
21203,zh,"Chinese (中文 (Zhōngwén), 汉语, 漢語)",暗蓝,暗蓝色,暗蓝,rgb,21,89,144,6,7,full,white,zh,,1.1.5,
21203,zh,"Chinese (中文 (Zhōngwén), 汉语, 漢語)",黄绿,黄绿色,黄绿,rgb,194,209,30,6,8,full,white,zh,,1.1.5,
21203,zh,"Chinese (中文 (Zhōngwén), 汉语, 漢語)",蓝,蓝色,蓝,rgb,42,2,246,6,9,full,white,zh,,1.1.5,
21203,zh,"Chinese (中文 (Zhōngwén), 汉语, 漢語)",米黄,米黄色,米黄,rgb,245,233,144,6,10,full,white,zh,,1.1.5,
21203,zh,"Chinese (中文 (Zhōngwén), 汉语, 漢語)",亮绿,亮绿色,亮绿,rgb,102,253,73,6,11,full,white,zh,,1.1.5,
21205,zh,"Chinese (中文 (Zhōngwén), 汉语, 漢語)",青,青色,青色,rgb,131,237,203,1,0,full,white,zh,,1.1.5,
21205,zh,"Chinese (中文 (Zhōngwén), 汉语, 漢語)",浅棕,浅棕色,浅棕色,rgb,215,119,72,1,1,full,white,zh,,1.1.5,
21205,zh,"Chinese (中文 (Zhōngwén), 汉语, 漢語)",蓝,蓝色,蓝色,rgb,33,183,186,1,2,full,white,zh,,1.1.5,
21205,zh,"Chinese (中文 (Zhōngwén), 汉语, 漢語)",紫,紫色,紫色,rgb,23,14,60,1,3,full,white,zh,,1.1.5,
21205,zh,"Chinese (中文 (Zhōngwén), 汉语, 漢語)",黄,黄色,黄色,rgb,218,168,57,1,4,full,white,zh,,1.1.5,
21205,zh,"Chinese (中文 (Zhōngwén), 汉语, 漢語)",红,红色,红色,rgb,182,40,29,1,5,full,white,zh,,1.1.5,
21205,zh,"Chinese (中文 (Zhōngwén), 汉语, 漢語)",浅青,浅青色,浅青色,rgb,84,239,174,1,6,full,white,zh,,1.1.5,
21205,zh,"Chinese (中文 (Zhōngwén), 汉语, 漢語)",浅红,浅红色,浅红色,rgb,211,105,117,1,7,full,white,zh,,1.1.5,
21205,zh,"Chinese (中文 (Zhōngwén), 汉语, 漢語)",浅紫,浅紫色,浅紫色,rgb,83,43,208,1,8,full,white,zh,,1.1.5,
21205,zh,"Chinese (中文 (Zhōngwén), 汉语, 漢語)",浅灰,浅灰色,浅灰色,rgb,131,167,173,1,9,full,white,zh,,1.1.5,
21205,zh,"Chinese (中文 (Zhōngwén), 汉语, 漢語)",深绿,深绿色,深绿色,rgb,83,117,82,1,10,full,white,zh,,1.1.5,
21205,zh,"Chinese (中文 (Zhōngwén), 汉语, 漢語)",浅蓝,浅蓝色,浅蓝色,rgb,90,131,246,1,11,full,white,zh,,1.1.5,
21322,zh,"Chinese (中文 (Zhōngwén), 汉语, 漢語)",褐,褐色,褐,rgb,93,89,29,1,0,full,white,zh,,1.1.5,
21322,zh,"Chinese (中文 (Zhōngwén), 汉语, 漢語)",红,红色,红,rgb,175,60,85,1,1,full,white,zh,,1.1.5,
21322,zh,"Chinese (中文 (Zhōngwén), 汉语, 漢語)",绿,绿色,绿,rgb,151,248,116,1,2,full,white,zh,,1.1.5,
21322,zh,"Chinese (中文 (Zhōngwén), 汉语, 漢語)",绿,绿色,绿,rgb,28,228,79,1,3,full,white,zh,,1.1.5,
21322,zh,"Chinese (中文 (Zhōngwén), 汉语, 漢語)",紫,紫色,紫,rgb,216,60,161,1,4,full,white,zh,,1.1.5,
21322,zh,"Chinese (中文 (Zhōngwén), 汉语, 漢語)",紫,紫色,紫,rgb,170,47,206,1,5,full,white,zh,,1.1.5,
21322,zh,"Chinese (中文 (Zhōngwén), 汉语, 漢語)",粉,粉色,粉,rgb,226,163,188,1,6,full,white,zh,,1.1.5,
21322,zh,"Chinese (中文 (Zhōngwén), 汉语, 漢語)",黄,黄色,黄,rgb,243,243,194,1,7,full,white,zh,,1.1.5,
21322,zh,"Chinese (中文 (Zhōngwén), 汉语, 漢語)",蓝,蓝色,蓝,rgb,100,155,185,1,8,full,white,zh,,1.1.5,
21322,zh,"Chinese (中文 (Zhōngwén), 汉语, 漢語)",橙,橙色,橙,rgb,216,131,53,1,9,full,white,zh,,1.1.5,
21322,zh,"Chinese (中文 (Zhōngwén), 汉语, 漢語)",蓝,蓝色,蓝,rgb,89,24,244,1,10,full,white,zh,,1.1.5,
21322,zh,"Chinese (中文 (Zhōngwén), 汉语, 漢語)",绿,绿色,绿,rgb,105,199,27,1,11,full,white,zh,,1.1.5,
21322,zh,"Chinese (中文 (Zhōngwén), 汉语, 漢語)",紫,紫色,紫,rgb,168,69,161,3,0,full,white,zh,,1.1.5,
21322,zh,"Chinese (中文 (Zhōngwén), 汉语, 漢語)",紫,紫色,紫,rgb,80,65,109,3,1,full,white,zh,,1.1.5,
21322,zh,"Chinese (中文 (Zhōngwén), 汉语, 漢語)",黑,黑色,黑,rgb,52,61,37,3,2,full,white,zh,,1.1.5,
21322,zh,"Chinese (中文 (Zhōngwén), 汉语, 漢語)",棕,棕色,棕,rgb,123,105,108,3,3,full,white,zh,,1.1.5,
21322,zh,"Chinese (中文 (Zhōngwén), 汉语, 漢語)",蓝,蓝色,蓝,rgb,38,82,180,3,4,full,white,zh,,1.1.5,
21322,zh,"Chinese (中文 (Zhōngwén), 汉语, 漢語)",绿,绿色,绿,rgb,173,254,62,3,5,full,white,zh,,1.1.5,
21322,zh,"Chinese (中文 (Zhōngwén), 汉语, 漢語)",绿,绿色,绿,rgb,126,198,136,3,6,full,white,zh,,1.1.5,
21322,zh,"Chinese (中文 (Zhōngwén), 汉语, 漢語)",绿,绿色,绿,rgb,106,233,152,3,7,full,white,zh,,1.1.5,
21322,zh,"Chinese (中文 (Zhōngwén), 汉语, 漢語)",橙,橙色,橙,rgb,246,195,161,3,8,full,white,zh,,1.1.5,
21322,zh,"Chinese (中文 (Zhōngwén), 汉语, 漢語)",褐,褐色,褐,rgb,186,130,84,3,9,full,white,zh,,1.1.5,
21322,zh,"Chinese (中文 (Zhōngwén), 汉语, 漢語)",紫,紫色,紫,rgb,52,7,100,3,10,full,white,zh,,1.1.5,
21322,zh,"Chinese (中文 (Zhōngwén), 汉语, 漢語)",绿,绿色,绿,rgb,39,121,7,3,11,full,white,zh,,1.1.5,
21322,zh,"Chinese (中文 (Zhōngwén), 汉语, 漢語)",蓝,蓝色,蓝,rgb,85,31,168,6,0,full,white,zh,,1.1.5,
21322,zh,"Chinese (中文 (Zhōngwén), 汉语, 漢語)",黄,黄色,黄,rgb,231,226,101,6,1,full,white,zh,,1.1.5,
21322,zh,"Chinese (中文 (Zhōngwén), 汉语, 漢語)",紫,紫色,紫,rgb,163,91,138,6,2,full,white,zh,,1.1.5,
21322,zh,"Chinese (中文 (Zhōngwén), 汉语, 漢語)",红,红色,红,rgb,229,9,73,6,3,full,white,zh,,1.1.5,
21322,zh,"Chinese (中文 (Zhōngwén), 汉语, 漢語)",粉,粉色,粉,rgb,255,76,138,6,4,full,white,zh,,1.1.5,
21322,zh,"Chinese (中文 (Zhōngwén), 汉语, 漢語)",绿,绿色,绿,rgb,33,93,36,6,5,full,white,zh,,1.1.5,
21322,zh,"Chinese (中文 (Zhōngwén), 汉语, 漢語)",蓝,蓝色,蓝,rgb,77,74,248,6,6,full,white,zh,,1.1.5,
21322,zh,"Chinese (中文 (Zhōngwén), 汉语, 漢語)",绿,绿色,绿,rgb,36,186,179,6,7,full,white,zh,,1.1.5,
21322,zh,"Chinese (中文 (Zhōngwén), 汉语, 漢語)",蓝,蓝色,蓝,rgb,176,208,234,6,8,full,white,zh,,1.1.5,
21322,zh,"Chinese (中文 (Zhōngwén), 汉语, 漢語)",黄,黄色,黄,rgb,218,195,123,6,9,full,white,zh,,1.1.5,
21322,zh,"Chinese (中文 (Zhōngwén), 汉语, 漢語)",紫,紫色,紫,rgb,226,8,216,6,10,full,white,zh,,1.1.5,
21322,zh,"Chinese (中文 (Zhōngwén), 汉语, 漢語)",蓝,蓝色,蓝,rgb,77,109,175,6,11,full,white,zh,,1.1.5,
21326,zh,"Chinese (中文 (Zhōngwén), 汉语, 漢語)",绿,绿色,绿,rgb,90,184,66,1,0,full,white,zh,,1.1.5,
21326,zh,"Chinese (中文 (Zhōngwén), 汉语, 漢語)",紫,紫色,紫,rgb,151,60,155,1,1,full,white,zh,,1.1.5,
21326,zh,"Chinese (中文 (Zhōngwén), 汉语, 漢語)",粉,粉色,粉,rgb,226,65,180,1,2,full,white,zh,,1.1.5,
21326,zh,"Chinese (中文 (Zhōngwén), 汉语, 漢語)",浅绿,浅绿色,浅绿,rgb,245,253,226,1,3,full,white,zh,,1.1.5,
21326,zh,"Chinese (中文 (Zhōngwén), 汉语, 漢語)",深蓝,深蓝色,深蓝,rgb,14,39,97,1,4,full,white,zh,,1.1.5,
21326,zh,"Chinese (中文 (Zhōngwén), 汉语, 漢語)",蓝绿,蓝绿色,蓝绿,rgb,65,172,193,1,5,full,white,zh,,1.1.5,
21326,zh,"Chinese (中文 (Zhōngwén), 汉语, 漢語)",朱红,朱红色,朱红,rgb,167,17,107,1,6,full,white,zh,,1.1.5,
21326,zh,"Chinese (中文 (Zhōngwén), 汉语, 漢語)",深绿,深绿色,深绿,rgb,0,58,34,1,7,full,white,zh,,1.1.5,
21326,zh,"Chinese (中文 (Zhōngwén), 汉语, 漢語)",紫,紫色,紫,rgb,130,98,233,1,8,full,white,zh,,1.1.5,
21326,zh,"Chinese (中文 (Zhōngwén), 汉语, 漢語)",荧光绿,荧光绿色,荧光绿,rgb,171,243,139,1,9,full,white,zh,,1.1.5,
21326,zh,"Chinese (中文 (Zhōngwén), 汉语, 漢語)",紫,紫色,紫,rgb,124,43,232,1,10,full,white,zh,,1.1.5,
21326,zh,"Chinese (中文 (Zhōngwén), 汉语, 漢語)",橙红,橙红色,橙红,rgb,252,87,60,1,11,full,white,zh,,1.1.5,
21326,zh,"Chinese (中文 (Zhōngwén), 汉语, 漢語)",蓝,蓝色,蓝,rgb,60,154,251,3,0,full,white,zh,,1.1.5,
21326,zh,"Chinese (中文 (Zhōngwén), 汉语, 漢語)",灰绿,灰绿色,灰绿,rgb,153,192,165,3,1,full,white,zh,,1.1.5,
21326,zh,"Chinese (中文 (Zhōngwén), 汉语, 漢語)",蓝绿,蓝绿色,蓝绿,rgb,125,248,187,3,2,full,white,zh,,1.1.5,
21326,zh,"Chinese (中文 (Zhōngwén), 汉语, 漢語)",深绿,深绿色,深绿,rgb,105,125,44,3,3,full,white,zh,,1.1.5,
21326,zh,"Chinese (中文 (Zhōngwén), 汉语, 漢語)",蓝绿,蓝绿色,蓝绿,rgb,26,159,141,3,4,full,white,zh,,1.1.5,
21326,zh,"Chinese (中文 (Zhōngwén), 汉语, 漢語)",土黄,土黄色,土黄,rgb,163,126,15,3,5,full,white,zh,,1.1.5,
21326,zh,"Chinese (中文 (Zhōngwén), 汉语, 漢語)",粉,粉色,粉,rgb,235,136,229,3,6,full,white,zh,,1.1.5,
21326,zh,"Chinese (中文 (Zhōngwén), 汉语, 漢語)",黄绿,黄绿色,黄绿,rgb,212,210,65,3,7,full,white,zh,,1.1.5,
21326,zh,"Chinese (中文 (Zhōngwén), 汉语, 漢語)",亮橙,亮橙色,亮橙色,rgb,254,170,105,3,8,full,white,zh,,1.1.5,
21326,zh,"Chinese (中文 (Zhōngwén), 汉语, 漢語)",灰,灰色,灰色,rgb,92,106,119,3,9,full,white,zh,,1.1.5,
21326,zh,"Chinese (中文 (Zhōngwén), 汉语, 漢語)",深褐,深褐色,深褐色,rgb,42,33,33,3,10,full,white,zh,,1.1.5,
21326,zh,"Chinese (中文 (Zhōngwén), 汉语, 漢語)",深蓝,深蓝色,深蓝,rgb,30,129,174,3,11,full,white,zh,,1.1.5,
21326,zh,"Chinese (中文 (Zhōngwén), 汉语, 漢語)",灰紫,灰紫色,灰紫,rgb,234,226,241,6,0,full,white,zh,,1.1.5,
21326,zh,"Chinese (中文 (Zhōngwén), 汉语, 漢語)",绿,绿色,绿,rgb,68,106,70,6,1,full,white,zh,,1.1.5,
21326,zh,"Chinese (中文 (Zhōngwén), 汉语, 漢語)",灰紫,灰紫色,灰紫,rgb,152,122,133,6,2,full,white,zh,,1.1.5,
21326,zh,"Chinese (中文 (Zhōngwén), 汉语, 漢語)",荧光绿,荧光绿色,荧光绿,rgb,126,248,106,6,3,full,white,zh,,1.1.5,
21326,zh,"Chinese (中文 (Zhōngwén), 汉语, 漢語)",珊瑚红,珊瑚红色,珊瑚红,rgb,234,151,148,6,4,full,white,zh,,1.1.5,
21326,zh,"Chinese (中文 (Zhōngwén), 汉语, 漢語)",橙,橙色,橙,rgb,166,67,29,6,5,full,white,zh,,1.1.5,
21326,zh,"Chinese (中文 (Zhōngwén), 汉语, 漢語)",红,红色,红,rgb,166,5,17,6,6,full,white,zh,,1.1.5,
21326,zh,"Chinese (中文 (Zhōngwén), 汉语, 漢語)",灰紫,灰紫色,灰紫,rgb,86,64,85,6,7,full,white,zh,,1.1.5,
21326,zh,"Chinese (中文 (Zhōngwén), 汉语, 漢語)",紫红,紫红色,紫红,rgb,108,1,48,6,8,full,white,zh,,1.1.5,
21326,zh,"Chinese (中文 (Zhōngwén), 汉语, 漢語)",深蓝,深蓝色,深蓝,rgb,36,49,205,6,9,full,white,zh,,1.1.5,
21326,zh,"Chinese (中文 (Zhōngwén), 汉语, 漢語)",黄绿,黄绿色,黄绿,rgb,209,206,110,6,10,full,white,zh,,1.1.5,
21326,zh,"Chinese (中文 (Zhōngwén), 汉语, 漢語)",卡其,卡其色,卡其色,rgb,178,132,100,6,11,full,white,zh,,1.1.5,
21489,zh,"Chinese (中文 (Zhōngwén), 汉语, 漢語)",砖红,砖红色,砖红,rgb,215,124,101,1,0,full,white,zh,,1.1.5,
21489,zh,"Chinese (中文 (Zhōngwén), 汉语, 漢語)",棕,棕色,棕色,rgb,136,125,30,1,1,full,white,zh,,1.1.5,
21489,zh,"Chinese (中文 (Zhōngwén), 汉语, 漢語)",深绿,深绿色,深绿,rgb,5,78,13,1,2,full,white,zh,,1.1.5,
21489,zh,"Chinese (中文 (Zhōngwén), 汉语, 漢語)",肉,肉色,肉色,rgb,228,174,138,1,3,full,white,zh,,1.1.5,
21489,zh,"Chinese (中文 (Zhōngwén), 汉语, 漢語)",蓝紫,蓝紫色,蓝紫色,rgb,99,90,208,1,4,full,white,zh,,1.1.5,
21489,zh,"Chinese (中文 (Zhōngwén), 汉语, 漢語)",棕红,棕红色,棕红,rgb,157,75,8,1,5,full,white,zh,,1.1.5,
21489,zh,"Chinese (中文 (Zhōngwén), 汉语, 漢語)",浅黄,浅黄色,浅黄,rgb,245,246,208,1,6,full,white,zh,,1.1.5,
21489,zh,"Chinese (中文 (Zhōngwén), 汉语, 漢語)",紫红,紫红色,紫红,rgb,153,28,99,1,7,full,white,zh,,1.1.5,
21489,zh,"Chinese (中文 (Zhōngwén), 汉语, 漢語)",酒红,酒红色,酒红,rgb,140,58,58,1,8,full,white,zh,,1.1.5,
21489,zh,"Chinese (中文 (Zhōngwén), 汉语, 漢語)",橙红,橙红色,橙红,rgb,251,62,22,1,9,full,white,zh,,1.1.5,
21489,zh,"Chinese (中文 (Zhōngwén), 汉语, 漢語)",普鲁士蓝,普鲁士蓝色,普鲁士蓝,rgb,42,80,162,1,10,full,white,zh,,1.1.5,
21489,zh,"Chinese (中文 (Zhōngwén), 汉语, 漢語)",紫,紫色,紫色,rgb,109,24,174,1,11,full,white,zh,,1.1.5,
21489,zh,"Chinese (中文 (Zhōngwén), 汉语, 漢語)",浅紫,浅紫色,浅紫,rgb,238,126,245,3,0,full,white,zh,,1.1.5,
21489,zh,"Chinese (中文 (Zhōngwén), 汉语, 漢語)",棕黑,棕黑色,棕黑,rgb,72,78,40,3,1,full,white,zh,,1.1.5,
21489,zh,"Chinese (中文 (Zhōngwén), 汉语, 漢語)",天蓝,天蓝色,天蓝,rgb,58,189,252,3,2,full,white,zh,,1.1.5,
21489,zh,"Chinese (中文 (Zhōngwén), 汉语, 漢語)",深粉,深粉色,深粉,rgb,204,119,134,3,3,full,white,zh,,1.1.5,
21489,zh,"Chinese (中文 (Zhōngwén), 汉语, 漢語)",浅绿,浅绿色,浅绿,rgb,134,236,45,3,4,full,white,zh,,1.1.5,
21489,zh,"Chinese (中文 (Zhōngwén), 汉语, 漢語)",浅绿蓝,浅绿蓝色,浅绿蓝色,rgb,166,247,223,3,5,full,white,zh,,1.1.5,
21489,zh,"Chinese (中文 (Zhōngwén), 汉语, 漢語)",深红,深红色,深红,rgb,84,44,12,3,6,full,white,zh,,1.1.5,
21489,zh,"Chinese (中文 (Zhōngwén), 汉语, 漢語)",叶绿,叶绿色,叶绿,rgb,87,228,123,3,7,full,white,zh,,1.1.5,
21489,zh,"Chinese (中文 (Zhōngwén), 汉语, 漢語)",黄绿,黄绿色,黄绿,rgb,155,186,24,3,8,full,white,zh,,1.1.5,
21489,zh,"Chinese (中文 (Zhōngwén), 汉语, 漢語)",紫红,紫红色,紫红,rgb,215,27,115,3,9,full,white,zh,,1.1.5,
21489,zh,"Chinese (中文 (Zhōngwén), 汉语, 漢語)",酒红,酒红色,酒红,rgb,142,6,56,3,10,full,white,zh,,1.1.5,
21489,zh,"Chinese (中文 (Zhōngwén), 汉语, 漢語)",蓝紫,蓝紫色,蓝紫色,rgb,142,149,221,3,11,full,white,zh,,1.1.5,
21489,zh,"Chinese (中文 (Zhōngwén), 汉语, 漢語)",红,红色,红,rgb,237,75,67,6,0,full,white,zh,,1.1.5,
21489,zh,"Chinese (中文 (Zhōngwén), 汉语, 漢語)",蓝绿,蓝绿色,蓝绿,rgb,67,142,132,6,1,full,white,zh,,1.1.5,
21489,zh,"Chinese (中文 (Zhōngwén), 汉语, 漢語)",紫,紫色,紫色,rgb,221,33,238,6,2,full,white,zh,,1.1.5,
21489,zh,"Chinese (中文 (Zhōngwén), 汉语, 漢語)",绿蓝,绿蓝色,绿蓝,rgb,4,88,110,6,3,full,white,zh,,1.1.5,
21489,zh,"Chinese (中文 (Zhōngwén), 汉语, 漢語)",深蓝,深蓝色,深蓝,rgb,68,67,109,6,4,full,white,zh,,1.1.5,
21489,zh,"Chinese (中文 (Zhōngwén), 汉语, 漢語)",蓝,蓝色,蓝,rgb,51,124,187,6,5,full,white,zh,,1.1.5,
21489,zh,"Chinese (中文 (Zhōngwén), 汉语, 漢語)",浅蓝,浅蓝色,浅蓝,rgb,184,225,241,6,6,full,white,zh,,1.1.5,
21489,zh,"Chinese (中文 (Zhōngwén), 汉语, 漢語)",红黑,红黑色,红黑,rgb,57,4,39,6,7,full,white,zh,,1.1.5,
21489,zh,"Chinese (中文 (Zhōngwén), 汉语, 漢語)",黄绿,黄绿色,黄绿,rgb,144,182,108,6,8,full,white,zh,,1.1.5,
21489,zh,"Chinese (中文 (Zhōngwén), 汉语, 漢語)",粉,粉色,粉,rgb,215,192,194,6,9,full,white,zh,,1.1.5,
21489,zh,"Chinese (中文 (Zhōngwén), 汉语, 漢語)",蓝黑,蓝黑色,蓝黑,rgb,30,35,42,6,10,full,white,zh,,1.1.5,
21489,zh,"Chinese (中文 (Zhōngwén), 汉语, 漢語)",蓝绿,蓝绿色,蓝绿,rgb,69,190,141,6,11,full,white,zh,,1.1.5,
21496,zh,"Chinese (中文 (Zhōngwén), 汉语, 漢語)",黄绿,黄绿色,黄绿,rgb,181,227,16,1,0,full,white,zh,,1.1.5,
21496,zh,"Chinese (中文 (Zhōngwén), 汉语, 漢語)",知更鸟青,知更鸟青色,知更鸟青,rgb,113,241,222,1,1,full,white,zh,,1.1.5,
21496,zh,"Chinese (中文 (Zhōngwén), 汉语, 漢語)",青绿,青绿色,青绿,rgb,27,242,185,1,2,full,white,zh,,1.1.5,
21496,zh,"Chinese (中文 (Zhōngwén), 汉语, 漢語)",棕黑,棕黑色,棕黑,rgb,55,20,30,1,3,full,white,zh,,1.1.5,
21496,zh,"Chinese (中文 (Zhōngwén), 汉语, 漢語)",墨绿,墨绿色,墨绿,rgb,30,73,105,1,4,full,white,zh,,1.1.5,
21496,zh,"Chinese (中文 (Zhōngwén), 汉语, 漢語)",湖蓝,湖蓝色,湖蓝,rgb,17,66,144,1,5,full,white,zh,,1.1.5,
21496,zh,"Chinese (中文 (Zhōngwén), 汉语, 漢語)",橙黄,橙黄色,橙黄,rgb,227,154,97,1,6,full,white,zh,,1.1.5,
21496,zh,"Chinese (中文 (Zhōngwén), 汉语, 漢語)",灰粉,灰粉色,灰粉,rgb,196,131,167,1,7,full,white,zh,,1.1.5,
21496,zh,"Chinese (中文 (Zhōngwén), 汉语, 漢語)",紫,紫色,紫,rgb,113,60,151,1,8,full,white,zh,,1.1.5,
21496,zh,"Chinese (中文 (Zhōngwén), 汉语, 漢語)",桃红,桃红色,桃红,rgb,177,90,159,1,9,full,white,zh,,1.1.5,
21496,zh,"Chinese (中文 (Zhōngwén), 汉语, 漢語)",浅黄,浅黄色,浅黄,rgb,238,214,188,1,10,full,white,zh,,1.1.5,
21496,zh,"Chinese (中文 (Zhōngwén), 汉语, 漢語)",红棕,红棕色,红棕,rgb,117,53,78,1,11,full,white,zh,,1.1.5,
21496,zh,"Chinese (中文 (Zhōngwén), 汉语, 漢語)",黄绿,黄绿色,黄绿,rgb,180,171,83,3,0,full,white,zh,,1.1.5,
21496,zh,"Chinese (中文 (Zhōngwén), 汉语, 漢語)",墨绿,墨绿色,墨绿,rgb,82,85,49,3,1,full,white,zh,,1.1.5,
21496,zh,"Chinese (中文 (Zhōngwén), 汉语, 漢語)",青绿,青绿色,青绿,rgb,105,142,96,3,2,full,white,zh,,1.1.5,
21496,zh,"Chinese (中文 (Zhōngwén), 汉语, 漢語)",蓝,蓝色,蓝,rgb,42,128,208,3,3,full,white,zh,,1.1.5,
21496,zh,"Chinese (中文 (Zhōngwén), 汉语, 漢語)",绿,绿色,绿,rgb,43,147,80,3,4,full,white,zh,,1.1.5,
21496,zh,"Chinese (中文 (Zhōngwén), 汉语, 漢語)",灰紫,灰紫色,灰紫,rgb,118,97,148,3,5,full,white,zh,,1.1.5,
21496,zh,"Chinese (中文 (Zhōngwén), 汉语, 漢語)",天蓝,天蓝色,天蓝,rgb,76,196,233,3,6,full,white,zh,,1.1.5,
21496,zh,"Chinese (中文 (Zhōngwén), 汉语, 漢語)",黄绿,黄绿色,黄绿,rgb,122,156,41,3,7,full,white,zh,,1.1.5,
21496,zh,"Chinese (中文 (Zhōngwén), 汉语, 漢語)",青金石,青金石色,青金石,rgb,1,11,236,3,8,full,white,zh,,1.1.5,
21496,zh,"Chinese (中文 (Zhōngwén), 汉语, 漢語)",灰蓝,灰蓝色,灰蓝,rgb,174,226,238,3,9,full,white,zh,,1.1.5,
21496,zh,"Chinese (中文 (Zhōngwén), 汉语, 漢語)",橙,橙色,橙,rgb,204,114,38,3,10,full,white,zh,,1.1.5,
21496,zh,"Chinese (中文 (Zhōngwén), 汉语, 漢語)",大红,大红色,大红,rgb,197,49,52,3,11,full,white,zh,,1.1.5,
21496,zh,"Chinese (中文 (Zhōngwén), 汉语, 漢語)",蓝,蓝色,蓝,rgb,68,78,205,6,0,full,white,zh,,1.1.5,
21496,zh,"Chinese (中文 (Zhōngwén), 汉语, 漢語)",樱花粉,樱花粉色,樱花粉,rgb,250,147,217,6,1,full,white,zh,,1.1.5,
21496,zh,"Chinese (中文 (Zhōngwén), 汉语, 漢語)",土黄,土黄色,土黄,rgb,242,187,18,6,2,full,white,zh,,1.1.5,
21496,zh,"Chinese (中文 (Zhōngwén), 汉语, 漢語)",绿,绿色,绿,rgb,12,165,9,6,3,full,white,zh,,1.1.5,
21496,zh,"Chinese (中文 (Zhōngwén), 汉语, 漢語)",草绿,草绿色,草绿,rgb,95,112,35,6,4,full,white,zh,,1.1.5,
21496,zh,"Chinese (中文 (Zhōngwén), 汉语, 漢語)",玫红,玫红色,玫红,rgb,155,16,138,6,5,full,white,zh,,1.1.5,
21496,zh,"Chinese (中文 (Zhōngwén), 汉语, 漢語)",月白,月白色,月白,rgb,136,147,243,6,6,full,white,zh,,1.1.5,
21496,zh,"Chinese (中文 (Zhōngwén), 汉语, 漢語)",墨蓝,墨兰色,墨兰,rgb,13,8,65,6,7,full,white,zh,,1.1.5,
21496,zh,"Chinese (中文 (Zhōngwén), 汉语, 漢語)",草绿,草绿色,草绿,rgb,75,152,142,6,8,full,white,zh,,1.1.5,
21496,zh,"Chinese (中文 (Zhōngwén), 汉语, 漢語)",绿,绿色,绿,rgb,73,218,105,6,9,full,white,zh,,1.1.5,
21496,zh,"Chinese (中文 (Zhōngwén), 汉语, 漢語)",粉紫,粉紫色,粉紫,rgb,210,142,243,6,10,full,white,zh,,1.1.5,
21496,zh,"Chinese (中文 (Zhōngwén), 汉语, 漢語)",大红,大红色,大红,rgb,210,49,4,6,11,full,white,zh,,1.1.5,
21513,zh,"Chinese (中文 (Zhōngwén), 汉语, 漢語)",品红,品红色,品红,rgb,204,0,144,1,0,line,white,zh,,1.1.5,
21513,zh,"Chinese (中文 (Zhōngwén), 汉语, 漢語)",黄,黄色,黄,rgb,204,157,0,1,1,line,white,zh,,1.1.5,
21513,zh,"Chinese (中文 (Zhōngwén), 汉语, 漢語)",粉红,粉红色,粉红,rgb,204,0,99,1,2,line,white,zh,,1.1.5,
21513,zh,"Chinese (中文 (Zhōngwén), 汉语, 漢語)",草绿,草绿色,草绿,rgb,133,204,0,1,3,line,white,zh,,1.1.5,
21513,zh,"Chinese (中文 (Zhōngwén), 汉语, 漢語)",青,青色,青色,rgb,0,204,160,1,4,line,white,zh,,1.1.5,
21513,zh,"Chinese (中文 (Zhōngwén), 汉语, 漢語)",湖蓝,湖蓝色,湖蓝,rgb,0,138,204,1,5,line,white,zh,,1.1.5,
21513,zh,"Chinese (中文 (Zhōngwén), 汉语, 漢語)",天蓝,天蓝色,天蓝,rgb,0,158,204,1,6,line,white,zh,,1.1.5,
21513,zh,"Chinese (中文 (Zhōngwén), 汉语, 漢語)",蓝,蓝色,蓝色,rgb,0,24,204,1,7,line,white,zh,,1.1.5,
21513,zh,"Chinese (中文 (Zhōngwén), 汉语, 漢語)",蓝,蓝色,蓝色,rgb,0,58,204,1,8,line,white,zh,,1.1.5,
21513,zh,"Chinese (中文 (Zhōngwén), 汉语, 漢語)",紫,紫色,紫色,rgb,173,0,204,1,9,line,white,zh,,1.1.5,
21513,zh,"Chinese (中文 (Zhōngwén), 汉语, 漢語)",橙,橙色,橙色,rgb,204,63,0,1,10,line,white,zh,,1.1.5,
21513,zh,"Chinese (中文 (Zhōngwén), 汉语, 漢語)",青,青色,青色,rgb,0,204,167,1,11,line,white,zh,,1.1.5,
21515,zh,"Chinese (中文 (Zhōngwén), 汉语, 漢語)",棕黄,棕黄色,棕黄,rgb,216,165,53,1,0,full,white,zh,,1.1.5,
21515,zh,"Chinese (中文 (Zhōngwén), 汉语, 漢語)",紫,紫色,紫,rgb,123,36,160,1,1,full,white,zh,,1.1.5,
21515,zh,"Chinese (中文 (Zhōngwén), 汉语, 漢語)",绿,绿色,绿,rgb,1,192,73,1,2,full,white,zh,,1.1.5,
21515,zh,"Chinese (中文 (Zhōngwén), 汉语, 漢語)",亮紫,亮紫色,亮紫,rgb,185,26,246,1,3,full,white,zh,,1.1.5,
21515,zh,"Chinese (中文 (Zhōngwén), 汉语, 漢語)",棕,棕色,棕,rgb,178,111,50,1,4,full,white,zh,,1.1.5,
21515,zh,"Chinese (中文 (Zhōngwén), 汉语, 漢語)",红,红色,红,rgb,245,10,79,1,5,full,white,zh,,1.1.5,
21515,zh,"Chinese (中文 (Zhōngwén), 汉语, 漢語)",青,青色,青,rgb,120,231,195,1,6,full,white,zh,,1.1.5,
21515,zh,"Chinese (中文 (Zhōngwén), 汉语, 漢語)",淡紫,淡紫色,淡紫,rgb,208,99,204,1,7,full,white,zh,,1.1.5,
21515,zh,"Chinese (中文 (Zhōngwén), 汉语, 漢語)",草绿,草绿色,草绿,rgb,153,194,18,1,8,full,white,zh,,1.1.5,
21515,zh,"Chinese (中文 (Zhōngwén), 汉语, 漢語)",淡绿,淡绿色,淡绿,rgb,193,198,96,1,9,full,white,zh,,1.1.5,
21515,zh,"Chinese (中文 (Zhōngwén), 汉语, 漢語)",暗粉,暗粉色,暗粉,rgb,179,113,130,1,10,full,white,zh,,1.1.5,
21515,zh,"Chinese (中文 (Zhōngwén), 汉语, 漢語)",深紫,深紫色,深紫,rgb,76,42,80,1,11,full,white,zh,,1.1.5,
21515,zh,"Chinese (中文 (Zhōngwén), 汉语, 漢語)",黑,黑色,黑,rgb,27,42,32,3,0,full,white,zh,,1.1.5,
21515,zh,"Chinese (中文 (Zhōngwén), 汉语, 漢語)",粉红,粉红色,粉红,rgb,205,81,99,3,1,full,white,zh,,1.1.5,
21515,zh,"Chinese (中文 (Zhōngwén), 汉语, 漢語)",暗红,暗红色,暗红,rgb,141,16,48,3,2,full,white,zh,,1.1.5,
21515,zh,"Chinese (中文 (Zhōngwén), 汉语, 漢語)",淡绿,淡绿色,淡绿,rgb,212,254,214,3,3,full,white,zh,,1.1.5,
21515,zh,"Chinese (中文 (Zhōngwén), 汉语, 漢語)",紫,紫色,紫,rgb,171,0,195,3,4,full,white,zh,,1.1.5,
21515,zh,"Chinese (中文 (Zhōngwén), 汉语, 漢語)",深紫,深紫色,深紫,rgb,97,16,103,3,5,full,white,zh,,1.1.5,
21515,zh,"Chinese (中文 (Zhōngwén), 汉语, 漢語)",绿,绿色,绿,rgb,88,197,113,3,6,full,white,zh,,1.1.5,
21515,zh,"Chinese (中文 (Zhōngwén), 汉语, 漢語)",紫,紫色,紫,rgb,178,101,243,3,7,full,white,zh,,1.1.5,
21515,zh,"Chinese (中文 (Zhōngwén), 汉语, 漢語)",湖蓝,湖蓝色,湖蓝,rgb,29,162,249,3,8,full,white,zh,,1.1.5,
21515,zh,"Chinese (中文 (Zhōngwén), 汉语, 漢語)",蓝,蓝色,蓝,rgb,37,83,225,3,9,full,white,zh,,1.1.5,
21515,zh,"Chinese (中文 (Zhōngwén), 汉语, 漢語)",灰,灰色,灰,rgb,159,170,189,3,10,full,white,zh,,1.1.5,
21515,zh,"Chinese (中文 (Zhōngwén), 汉语, 漢語)",深粽,深粽色,深粽,rgb,91,51,39,3,11,full,white,zh,,1.1.5,
21515,zh,"Chinese (中文 (Zhōngwén), 汉语, 漢語)",暗粉,暗粉色,暗粉,rgb,152,57,119,6,0,full,white,zh,,1.1.5,
21515,zh,"Chinese (中文 (Zhōngwén), 汉语, 漢語)",蓝,蓝色,蓝,rgb,11,19,206,6,1,full,white,zh,,1.1.5,
21515,zh,"Chinese (中文 (Zhōngwén), 汉语, 漢語)",暗绿,暗绿色,暗绿,rgb,64,128,5,6,2,full,white,zh,,1.1.5,
21515,zh,"Chinese (中文 (Zhōngwén), 汉语, 漢語)",淡棕,淡棕色,淡棕,rgb,225,192,143,6,3,full,white,zh,,1.1.5,
21515,zh,"Chinese (中文 (Zhōngwén), 汉语, 漢語)",品红,品红色,品红,rgb,247,62,196,6,4,full,white,zh,,1.1.5,
21515,zh,"Chinese (中文 (Zhōngwén), 汉语, 漢語)",深蓝,深蓝色,深蓝,rgb,13,37,150,6,5,full,white,zh,,1.1.5,
21515,zh,"Chinese (中文 (Zhōngwén), 汉语, 漢語)",灰紫,灰紫色,灰紫,rgb,127,87,156,6,6,full,white,zh,,1.1.5,
21515,zh,"Chinese (中文 (Zhōngwén), 汉语, 漢語)",淡棕,淡棕色,淡棕,rgb,203,170,164,6,7,full,white,zh,,1.1.5,
21515,zh,"Chinese (中文 (Zhōngwén), 汉语, 漢語)",天蓝,天蓝色,天蓝,rgb,79,246,245,6,8,full,white,zh,,1.1.5,
21515,zh,"Chinese (中文 (Zhōngwén), 汉语, 漢語)",蓝绿,蓝绿色,蓝绿,rgb,11,170,123,6,9,full,white,zh,,1.1.5,
21515,zh,"Chinese (中文 (Zhōngwén), 汉语, 漢語)",橙,橙色,橙,rgb,217,108,44,6,10,full,white,zh,,1.1.5,
21515,zh,"Chinese (中文 (Zhōngwén), 汉语, 漢語)",橙红,橙红色,橙红,rgb,225,38,2,6,11,full,white,zh,,1.1.5,
21550,zh,"Chinese (中文 (Zhōngwén), 汉语, 漢語)",丁香,丁香色,丁香,rgb,190,165,231,1,0,full,white,zh,,1.1.5,
21550,zh,"Chinese (中文 (Zhōngwén), 汉语, 漢語)",藏蓝,藏蓝色,藏蓝,rgb,39,22,122,1,1,full,white,zh,,1.1.5,
21550,zh,"Chinese (中文 (Zhōngwén), 汉语, 漢語)",豆绿,豆绿色,豆绿,rgb,143,225,69,1,2,full,white,zh,,1.1.5,
21550,zh,"Chinese (中文 (Zhōngwén), 汉语, 漢語)",浅紫,浅紫色,浅紫,rgb,115,117,226,1,3,full,white,zh,,1.1.5,
21550,zh,"Chinese (中文 (Zhōngwén), 汉语, 漢語)",深棕,深棕色,深棕,rgb,90,53,65,1,4,full,white,zh,,1.1.5,
21550,zh,"Chinese (中文 (Zhōngwén), 汉语, 漢語)",紫,紫色,紫色,rgb,92,7,182,1,5,full,white,zh,,1.1.5,
21550,zh,"Chinese (中文 (Zhōngwén), 汉语, 漢語)",水绿,水绿色,水绿,rgb,138,190,203,1,6,full,white,zh,,1.1.5,
21550,zh,"Chinese (中文 (Zhōngwén), 汉语, 漢語)",深蓝,深蓝色,深蓝,rgb,35,51,117,1,7,full,white,zh,,1.1.5,
21550,zh,"Chinese (中文 (Zhōngwén), 汉语, 漢語)",赭石,赭石色,赭石,rgb,178,88,47,1,8,full,white,zh,,1.1.5,
21550,zh,"Chinese (中文 (Zhōngwén), 汉语, 漢語)",葱绿,葱绿色,葱绿,rgb,53,172,104,1,9,full,white,zh,,1.1.5,
21550,zh,"Chinese (中文 (Zhōngwén), 汉语, 漢語)",草绿,草绿色,草绿,rgb,94,225,137,1,10,full,white,zh,,1.1.5,
21550,zh,"Chinese (中文 (Zhōngwén), 汉语, 漢語)",紫红,紫红色,紫红,rgb,139,69,130,1,11,full,white,zh,,1.1.5,
21550,zh,"Chinese (中文 (Zhōngwén), 汉语, 漢語)",玄青,玄青色,玄青,rgb,44,13,36,3,0,full,white,zh,,1.1.5,
21550,zh,"Chinese (中文 (Zhōngwén), 汉语, 漢語)",棕,棕色,棕色,rgb,148,99,71,3,1,full,white,zh,,1.1.5,
21550,zh,"Chinese (中文 (Zhōngwén), 汉语, 漢語)",缥绿,缥绿色,缥绿,rgb,54,252,133,3,2,full,white,zh,,1.1.5,
21550,zh,"Chinese (中文 (Zhōngwén), 汉语, 漢語)",黄栌,黄栌色,黄栌,rgb,232,171,95,3,3,full,white,zh,,1.1.5,
21550,zh,"Chinese (中文 (Zhōngwén), 汉语, 漢語)",水蓝,水蓝色,水蓝,rgb,81,231,228,3,4,full,white,zh,,1.1.5,
21550,zh,"Chinese (中文 (Zhōngwén), 汉语, 漢語)",蓝灰,蓝灰色,蓝灰,rgb,125,135,176,3,5,full,white,zh,,1.1.5,
21550,zh,"Chinese (中文 (Zhōngwén), 汉语, 漢語)",紫红,紫红色,紫红,rgb,126,9,109,3,6,full,white,zh,,1.1.5,
21550,zh,"Chinese (中文 (Zhōngwén), 汉语, 漢語)",土黄,土黄色,土黄,rgb,254,178,41,3,7,full,white,zh,,1.1.5,
21550,zh,"Chinese (中文 (Zhōngwén), 汉语, 漢語)",桃红,桃红色,桃红,rgb,223,125,139,3,8,full,white,zh,,1.1.5,
21550,zh,"Chinese (中文 (Zhōngwén), 汉语, 漢語)",亮绿,亮绿色,亮绿,rgb,133,252,32,3,9,full,white,zh,,1.1.5,
21550,zh,"Chinese (中文 (Zhōngwén), 汉语, 漢語)",霜,霜色,霜色,rgb,205,215,207,3,10,full,white,zh,,1.1.5,
21550,zh,"Chinese (中文 (Zhōngwén), 汉语, 漢語)",紫,紫色,紫色,rgb,178,106,204,3,11,full,white,zh,,1.1.5,
21550,zh,"Chinese (中文 (Zhōngwén), 汉语, 漢語)",胭脂,胭脂色,胭脂,rgb,137,2,38,6,0,full,white,zh,,1.1.5,
21550,zh,"Chinese (中文 (Zhōngwén), 汉语, 漢語)",品红,品红色,品红,rgb,254,112,210,6,1,full,white,zh,,1.1.5,
21550,zh,"Chinese (中文 (Zhōngwén), 汉语, 漢語)",黄绿,黄绿色,黄绿,rgb,118,124,56,6,2,full,white,zh,,1.1.5,
21550,zh,"Chinese (中文 (Zhōngwén), 汉语, 漢語)",秋,秋色,秋色,rgb,156,131,15,6,3,full,white,zh,,1.1.5,
21550,zh,"Chinese (中文 (Zhōngwén), 汉语, 漢語)",绿,绿色,绿色,rgb,56,211,38,6,4,full,white,zh,,1.1.5,
21550,zh,"Chinese (中文 (Zhōngwén), 汉语, 漢語)",洋红,洋红色,洋红,rgb,226,33,115,6,5,full,white,zh,,1.1.5,
21550,zh,"Chinese (中文 (Zhōngwén), 汉语, 漢語)",深灰,深灰色,深灰,rgb,79,91,88,6,6,full,white,zh,,1.1.5,
21550,zh,"Chinese (中文 (Zhōngwén), 汉语, 漢語)",靛蓝,靛蓝色,靛蓝,rgb,43,89,138,6,7,full,white,zh,,1.1.5,
21550,zh,"Chinese (中文 (Zhōngwén), 汉语, 漢語)",苍黄,苍黄色,苍黄,rgb,166,174,131,6,8,full,white,zh,,1.1.5,
21550,zh,"Chinese (中文 (Zhōngwén), 汉语, 漢語)",豆绿,豆绿色,豆绿,rgb,111,169,60,6,9,full,white,zh,,1.1.5,
21550,zh,"Chinese (中文 (Zhōngwén), 汉语, 漢語)",暗粉,暗粉色,暗粉,rgb,197,21,174,6,10,full,white,zh,,1.1.5,
21550,zh,"Chinese (中文 (Zhōngwén), 汉语, 漢語)",暗红,暗红色,暗红,rgb,142,28,87,6,11,full,white,zh,,1.1.5,
21562,zh,"Chinese (中文 (Zhōngwén), 汉语, 漢語)",蓝,蓝色,蓝色,rgb,75,98,144,1,0,full,white,zh,,1.1.5,
21562,zh,"Chinese (中文 (Zhōngwén), 汉语, 漢語)",青,青色,青色,rgb,106,218,195,1,1,full,white,zh,,1.1.5,
21562,zh,"Chinese (中文 (Zhōngwén), 汉语, 漢語)",土黄,土黄色,土黄色,rgb,188,141,18,1,2,full,white,zh,,1.1.5,
21562,zh,"Chinese (中文 (Zhōngwén), 汉语, 漢語)",深蓝,深蓝色,深蓝,rgb,34,12,150,1,3,full,white,zh,,1.1.5,
21562,zh,"Chinese (中文 (Zhōngwén), 汉语, 漢語)",黄绿,黄绿色,黄绿色,rgb,99,89,18,1,4,full,white,zh,,1.1.5,
21562,zh,"Chinese (中文 (Zhōngwén), 汉语, 漢語)",深棕,深棕色,深棕色,rgb,57,36,39,1,5,full,white,zh,,1.1.5,
21562,zh,"Chinese (中文 (Zhōngwén), 汉语, 漢語)",深红,深红色,深红色,rgb,159,5,18,1,6,full,white,zh,,1.1.5,
21562,zh,"Chinese (中文 (Zhōngwén), 汉语, 漢語)",橙,橙色,橙色,rgb,253,141,79,1,7,full,white,zh,,1.1.5,
21562,zh,"Chinese (中文 (Zhōngwén), 汉语, 漢語)",粉,粉色,粉色,rgb,221,72,105,1,8,full,white,zh,,1.1.5,
21562,zh,"Chinese (中文 (Zhōngwén), 汉语, 漢語)",绿,绿色,绿色,rgb,40,182,33,1,9,full,white,zh,,1.1.5,
21562,zh,"Chinese (中文 (Zhōngwén), 汉语, 漢語)",青,青色,青色,rgb,161,181,207,1,10,full,white,zh,,1.1.5,
21562,zh,"Chinese (中文 (Zhōngwén), 汉语, 漢語)",浅绿,浅绿色,浅绿色,rgb,139,209,115,1,11,full,white,zh,,1.1.5,
21562,zh,"Chinese (中文 (Zhōngwén), 汉语, 漢語)",翠绿,翠绿色,翠绿色,rgb,104,239,6,3,0,full,white,zh,,1.1.5,
21562,zh,"Chinese (中文 (Zhōngwén), 汉语, 漢語)",蓝绿,蓝绿色,蓝绿色,rgb,72,214,137,3,1,full,white,zh,,1.1.5,
21562,zh,"Chinese (中文 (Zhōngwén), 汉语, 漢語)",天蓝,天蓝色,天蓝色,rgb,132,222,237,3,2,full,white,zh,,1.1.5,
21562,zh,"Chinese (中文 (Zhōngwén), 汉语, 漢語)",粉,粉色,粉色,rgb,244,176,237,3,3,full,white,zh,,1.1.5,
21562,zh,"Chinese (中文 (Zhōngwén), 汉语, 漢語)",紫,紫色,紫色,rgb,167,43,95,3,4,full,white,zh,,1.1.5,
21562,zh,"Chinese (中文 (Zhōngwén), 汉语, 漢語)",肉,肉色,肉色,rgb,202,158,169,3,5,full,white,zh,,1.1.5,
21562,zh,"Chinese (中文 (Zhōngwén), 汉语, 漢語)",棕,棕色,棕色,rgb,179,111,39,3,6,full,white,zh,,1.1.5,
21562,zh,"Chinese (中文 (Zhōngwén), 汉语, 漢語)",绿,绿色,绿色,rgb,58,138,9,3,7,full,white,zh,,1.1.5,
21562,zh,"Chinese (中文 (Zhōngwén), 汉语, 漢語)",深蓝,深蓝色,深蓝色,rgb,7,11,74,3,8,full,white,zh,,1.1.5,
21562,zh,"Chinese (中文 (Zhōngwén), 汉语, 漢語)",粉,粉色,粉色,rgb,250,116,189,3,9,full,white,zh,,1.1.5,
21562,zh,"Chinese (中文 (Zhōngwén), 汉语, 漢語)",橙红,橙红色,橙红色,rgb,249,80,58,3,10,full,white,zh,,1.1.5,
21562,zh,"Chinese (中文 (Zhōngwén), 汉语, 漢語)",墨绿,墨绿色,墨绿色,rgb,44,114,73,3,11,full,white,zh,,1.1.5,
21562,zh,"Chinese (中文 (Zhōngwén), 汉语, 漢語)",浅绿,浅绿色,浅绿色,rgb,220,228,156,6,0,full,white,zh,,1.1.5,
21562,zh,"Chinese (中文 (Zhōngwén), 汉语, 漢語)",深紫,深紫色,深紫色,rgb,106,52,94,6,1,full,white,zh,,1.1.5,
21562,zh,"Chinese (中文 (Zhōngwén), 汉语, 漢語)",肉,肉色,肉色,rgb,246,184,159,6,2,full,white,zh,,1.1.5,
21562,zh,"Chinese (中文 (Zhōngwén), 汉语, 漢語)",浅绿,浅绿色,浅绿色,rgb,193,211,102,6,3,full,white,zh,,1.1.5,
21562,zh,"Chinese (中文 (Zhōngwén), 汉语, 漢語)",黑,黑色,黑色,rgb,0,23,38,6,4,full,white,zh,,1.1.5,
21562,zh,"Chinese (中文 (Zhōngwén), 汉语, 漢語)",天蓝,天蓝色,天蓝色,rgb,21,150,242,6,5,full,white,zh,,1.1.5,
21562,zh,"Chinese (中文 (Zhōngwén), 汉语, 漢語)",紫,紫色,紫色,rgb,130,134,223,6,6,full,white,zh,,1.1.5,
21562,zh,"Chinese (中文 (Zhōngwén), 汉语, 漢語)",淡绿,淡绿色,淡绿色,rgb,161,195,150,6,7,full,white,zh,,1.1.5,
21562,zh,"Chinese (中文 (Zhōngwén), 汉语, 漢語)",棕红,棕红色,棕红色,rgb,94,33,19,6,8,full,white,zh,,1.1.5,
21562,zh,"Chinese (中文 (Zhōngwén), 汉语, 漢語)",绿,绿色,绿色,rgb,162,208,27,6,9,full,white,zh,,1.1.5,
21562,zh,"Chinese (中文 (Zhōngwén), 汉语, 漢語)",粉,粉色,粉色,rgb,240,141,247,6,10,full,white,zh,,1.1.5,
21562,zh,"Chinese (中文 (Zhōngwén), 汉语, 漢語)",紫,紫色,紫色,rgb,124,69,211,6,11,full,white,zh,,1.1.5,
0,zh,"Chinese (中文 (Zhōngwén), 汉语, 漢語)",紫,紫色,紫,rgb,251,188,211,1,0,full,white,zh,,1.1.5,
0,zh,"Chinese (中文 (Zhōngwén), 汉语, 漢語)",绿,绿色,绿,rgb,57,131,84,1,1,full,white,zh,,1.1.5,
0,zh,"Chinese (中文 (Zhōngwén), 汉语, 漢語)",橙,橙色,橙,rgb,181,134,85,1,2,full,white,zh,,1.1.5,
0,zh,"Chinese (中文 (Zhōngwén), 汉语, 漢語)",黄绿,黄绿色,黄绿,rgb,174,241,97,1,3,full,white,zh,,1.1.5,
0,zh,"Chinese (中文 (Zhōngwén), 汉语, 漢語)",灰,灰色,灰,rgb,89,96,95,1,4,full,white,zh,,1.1.5,
0,zh,"Chinese (中文 (Zhōngwén), 汉语, 漢語)",深蓝,深蓝色,深蓝,rgb,9,82,98,1,5,full,white,zh,,1.1.5,
0,zh,"Chinese (中文 (Zhōngwén), 汉语, 漢語)",紫,紫色,紫,rgb,110,18,156,1,6,full,white,zh,,1.1.5,
0,zh,"Chinese (中文 (Zhōngwén), 汉语, 漢語)",蓝紫,蓝紫色,蓝紫,rgb,108,144,244,1,7,full,white,zh,,1.1.5,
0,zh,"Chinese (中文 (Zhōngwén), 汉语, 漢語)",绿,绿色,绿,rgb,67,243,34,1,8,full,white,zh,,1.1.5,
0,zh,"Chinese (中文 (Zhōngwén), 汉语, 漢語)",深棕,深棕色,深棕,rgb,226,241,149,1,9,full,white,zh,,1.1.5,
0,zh,"Chinese (中文 (Zhōngwén), 汉语, 漢語)",深蓝,深蓝色,深蓝,rgb,142,238,240,1,10,full,white,zh,,1.1.5,
0,zh,"Chinese (中文 (Zhōngwén), 汉语, 漢語)",深绿,深绿色,深绿,rgb,185,254,185,1,11,full,white,zh,,1.1.5,
0,zh,"Chinese (中文 (Zhōngwén), 汉语, 漢語)",蓝,蓝色,蓝,rgb,58,182,203,3,0,full,white,zh,,1.1.5,
0,zh,"Chinese (中文 (Zhōngwén), 汉语, 漢語)",蓝,蓝色,蓝,rgb,109,179,235,3,1,full,white,zh,,1.1.5,
0,zh,"Chinese (中文 (Zhōngwén), 汉语, 漢語)",绿,绿色,绿,rgb,35,223,102,3,2,full,white,zh,,1.1.5,
0,zh,"Chinese (中文 (Zhōngwén), 汉语, 漢語)",绿,绿色,绿,rgb,72,155,38,3,3,full,white,zh,,1.1.5,
0,zh,"Chinese (中文 (Zhōngwén), 汉语, 漢語)",深品红,深品红色,深品红色,rgb,158,45,104,3,4,full,white,zh,,1.1.5,
0,zh,"Chinese (中文 (Zhōngwén), 汉语, 漢語)",品红,品红色,品红,rgb,226,39,130,3,5,full,white,zh,,1.1.5,
0,zh,"Chinese (中文 (Zhōngwén), 汉语, 漢語)",浅棕,浅棕色,浅棕色,rgb,166,119,23,3,6,full,white,zh,,1.1.5,
0,zh,"Chinese (中文 (Zhōngwén), 汉语, 漢語)",青,青色,青色,rgb,55,244,214,3,7,full,white,zh,,1.1.5,
0,zh,"Chinese (中文 (Zhōngwén), 汉语, 漢語)",灰绿,灰绿色,灰绿色,rgb,151,164,105,3,8,full,white,zh,,1.1.5,
0,zh,"Chinese (中文 (Zhōngwén), 汉语, 漢語)",蓝,蓝色,蓝,rgb,47,7,206,3,9,full,white,zh,,1.1.5,
0,zh,"Chinese (中文 (Zhōngwén), 汉语, 漢語)",紫,紫色,紫,rgb,53,14,77,3,10,full,white,zh,,1.1.5,
0,zh,"Chinese (中文 (Zhōngwén), 汉语, 漢語)",淡紫,淡紫色,淡紫色,rgb,185,185,235,3,11,full,white,zh,,1.1.5,
0,zh,"Chinese (中文 (Zhōngwén), 汉语, 漢語)",绿,绿色,绿,rgb,76,141,128,6,0,full,white,zh,,1.1.5,
0,zh,"Chinese (中文 (Zhōngwén), 汉语, 漢語)",粉,粉色,粉,rgb,196,99,185,6,1,full,white,zh,,1.1.5,
0,zh,"Chinese (中文 (Zhōngwén), 汉语, 漢語)",橙,橙色,橙,rgb,229,118,116,6,2,full,white,zh,,1.1.5,
0,zh,"Chinese (中文 (Zhōngwén), 汉语, 漢語)",深黄绿,深黄绿色,深黄绿,rgb,216,243,12,6,3,full,white,zh,,1.1.5,
0,zh,"Chinese (中文 (Zhōngwén), 汉语, 漢語)",浅紫,浅紫色,浅紫,rgb,188,144,218,6,4,full,white,zh,,1.1.5,
0,zh,"Chinese (中文 (Zhōngwén), 汉语, 漢語)",淡黄,淡黄色,淡黄,rgb,239,193,145,6,5,full,white,zh,,1.1.5,
0,zh,"Chinese (中文 (Zhōngwén), 汉语, 漢語)",绿,绿色,绿,rgb,24,184,5,6,6,full,white,zh,,1.1.5,
0,zh,"Chinese (中文 (Zhōngwén), 汉语, 漢語)",灰紫,灰紫色,灰紫,rgb,146,79,105,6,7,full,white,zh,,1.1.5,
0,zh,"Chinese (中文 (Zhōngwén), 汉语, 漢語)",蓝,蓝色,蓝,rgb,15,16,142,6,8,full,white,zh,,1.1.5,
0,zh,"Chinese (中文 (Zhōngwén), 汉语, 漢語)",蓝,蓝色,蓝,rgb,49,62,208,6,9,full,white,zh,,1.1.5,
0,zh,"Chinese (中文 (Zhōngwén), 汉语, 漢語)",橙,橙色,橙,rgb,246,136,58,6,10,full,white,zh,,1.1.5,
0,zh,"Chinese (中文 (Zhōngwén), 汉语, 漢語)",棕,棕色,棕,rgb,250,217,49,6,11,full,white,zh,,1.1.5,
21578,zh,"Chinese (中文 (Zhōngwén), 汉语, 漢語)",粉红,粉紅色,粉紅,rgb,228,123,190,1,0,full,white,en,,1.1.5,
21578,zh,"Chinese (中文 (Zhōngwén), 汉语, 漢語)",橘,橘色,橘,rgb,250,174,37,1,1,full,white,en,,1.1.5,
21578,zh,"Chinese (中文 (Zhōngwén), 汉语, 漢語)",浅蓝,淺藍色,淺藍,rgb,80,190,248,1,2,full,white,en,,1.1.5,
21578,zh,"Chinese (中文 (Zhōngwén), 汉语, 漢語)",咖啡,咖啡色,咖啡,rgb,116,54,53,1,3,full,white,en,,1.1.5,
21578,zh,"Chinese (中文 (Zhōngwén), 汉语, 漢語)",蓝,藍色,藍,rgb,29,109,171,1,4,full,white,en,,1.1.5,
21578,zh,"Chinese (中文 (Zhōngwén), 汉语, 漢語)",耦,耦色,耦色,rgb,239,210,197,1,5,full,white,en,,1.1.5,
21578,zh,"Chinese (中文 (Zhōngwén), 汉语, 漢語)",黄绿,黃綠色,黃綠,rgb,184,232,63,1,6,full,white,en,,1.1.5,
21578,zh,"Chinese (中文 (Zhōngwén), 汉语, 漢語)",浅绿,淺綠色,淺綠,rgb,126,241,234,1,7,full,white,en,,1.1.5,
21578,zh,"Chinese (中文 (Zhōngwén), 汉语, 漢語)",红,紅色,紅,rgb,217,88,70,1,8,full,white,en,,1.1.5,
21578,zh,"Chinese (中文 (Zhōngwén), 汉语, 漢語)",粉紫,粉紫色,粉紫,rgb,186,166,201,1,9,full,white,en,,1.1.5,
21578,zh,"Chinese (中文 (Zhōngwén), 汉语, 漢語)",深蓝,深藍色,深藍,rgb,47,70,99,1,10,full,white,en,,1.1.5,
21578,zh,"Chinese (中文 (Zhōngwén), 汉语, 漢語)",紫,紫色,紫,rgb,130,71,168,1,11,full,white,en,,1.1.5,
21650,zh,"Chinese (中文 (Zhōngwén), 汉语, 漢語)",草绿,草绿色,草绿,rgb,94,153,19,1,0,full,white,zh,,1.1.5,
21650,zh,"Chinese (中文 (Zhōngwén), 汉语, 漢語)",砖红,砖红色,砖红,rgb,196,99,128,1,1,full,white,zh,,1.1.5,
21650,zh,"Chinese (中文 (Zhōngwén), 汉语, 漢語)",紫,紫色,紫,rgb,133,61,164,1,2,full,white,zh,,1.1.5,
21650,zh,"Chinese (中文 (Zhōngwén), 汉语, 漢語)",紫,紫色,紫,rgb,173,55,235,1,3,full,white,zh,,1.1.5,
21650,zh,"Chinese (中文 (Zhōngwén), 汉语, 漢語)",品红,品红色,品红,rgb,190,27,185,1,4,full,white,zh,,1.1.5,
21650,zh,"Chinese (中文 (Zhōngwén), 汉语, 漢語)",群青,群青色,群青,rgb,19,80,196,1,5,full,white,zh,,1.1.5,
21650,zh,"Chinese (中文 (Zhōngwén), 汉语, 漢語)",粉,粉色,粉,rgb,200,169,200,1,6,full,white,zh,,1.1.5,
21650,zh,"Chinese (中文 (Zhōngwén), 汉语, 漢語)",深绿,深绿色,深绿,rgb,40,112,57,1,7,full,white,zh,,1.1.5,
21650,zh,"Chinese (中文 (Zhōngwén), 汉语, 漢語)",黄绿,黄绿色,黄绿,rgb,205,227,85,1,8,full,white,zh,,1.1.5,
21650,zh,"Chinese (中文 (Zhōngwén), 汉语, 漢語)",青蓝,蓝青色,蓝青,rgb,98,211,213,1,9,full,white,zh,,1.1.5,
21650,zh,"Chinese (中文 (Zhōngwén), 汉语, 漢語)",肉,肉色,肉,rgb,224,196,130,1,10,full,white,zh,,1.1.5,
21650,zh,"Chinese (中文 (Zhōngwén), 汉语, 漢語)",淡绿,淡绿色,淡绿,rgb,173,233,176,1,11,full,white,zh,,1.1.5,
21650,zh,"Chinese (中文 (Zhōngwén), 汉语, 漢語)",红,红色,红,rgb,226,71,32,3,0,full,white,zh,,1.1.5,
21650,zh,"Chinese (中文 (Zhōngwén), 汉语, 漢語)",绿,绿色,绿,rgb,65,205,56,3,1,full,white,zh,,1.1.5,
21650,zh,"Chinese (中文 (Zhōngwén), 汉语, 漢語)",紫,紫色,紫,rgb,103,62,209,3,2,full,white,zh,,1.1.5,
21650,zh,"Chinese (中文 (Zhōngwén), 汉语, 漢語)",蓝,蓝色,蓝,rgb,30,144,201,3,3,full,white,zh,,1.1.5,
21650,zh,"Chinese (中文 (Zhōngwén), 汉语, 漢語)",棕,棕色,棕,rgb,168,135,124,3,4,full,white,zh,,1.1.5,
21650,zh,"Chinese (中文 (Zhōngwén), 汉语, 漢語)",土黄,土黄色,土黄,rgb,199,182,69,3,5,full,white,zh,,1.1.5,
21650,zh,"Chinese (中文 (Zhōngwén), 汉语, 漢語)",紫,紫色,紫,rgb,111,123,191,3,6,full,white,zh,,1.1.5,
21650,zh,"Chinese (中文 (Zhōngwén), 汉语, 漢語)",淡绿,淡绿色,淡绿,rgb,5,253,4,3,7,full,white,zh,,1.1.5,
21650,zh,"Chinese (中文 (Zhōngwén), 汉语, 漢語)",棕,棕色,棕,rgb,170,90,45,3,8,full,white,zh,,1.1.5,
21650,zh,"Chinese (中文 (Zhōngwén), 汉语, 漢語)",靛,靛色,靛,rgb,40,93,123,3,9,full,white,zh,,1.1.5,
21650,zh,"Chinese (中文 (Zhōngwén), 汉语, 漢語)",棕,棕色,棕,rgb,152,139,59,3,10,full,white,zh,,1.1.5,
21650,zh,"Chinese (中文 (Zhōngwén), 汉语, 漢語)",蓝,蓝色,蓝,rgb,37,146,250,3,11,full,white,zh,,1.1.5,
21650,zh,"Chinese (中文 (Zhōngwén), 汉语, 漢語)",棕,棕色,棕,rgb,184,51,69,6,0,full,white,zh,,1.1.5,
21650,zh,"Chinese (中文 (Zhōngwén), 汉语, 漢語)",靛,靛色,靛,rgb,20,30,130,6,1,full,white,zh,,1.1.5,
21650,zh,"Chinese (中文 (Zhōngwén), 汉语, 漢語)",蓝绿,蓝绿色,蓝绿,rgb,33,154,137,6,2,full,white,zh,,1.1.5,
21650,zh,"Chinese (中文 (Zhōngwén), 汉语, 漢語)",紫,紫色,紫,rgb,125,56,115,6,3,full,white,zh,,1.1.5,
21650,zh,"Chinese (中文 (Zhōngwén), 汉语, 漢語)",黄绿,黄绿色,黄绿,rgb,179,250,126,6,4,full,white,zh,,1.1.5,
21650,zh,"Chinese (中文 (Zhōngwén), 汉语, 漢語)",肉,肉色,肉,rgb,246,170,150,6,5,full,white,zh,,1.1.5,
21650,zh,"Chinese (中文 (Zhōngwén), 汉语, 漢語)",粉,粉色,粉,rgb,244,25,102,6,6,full,white,zh,,1.1.5,
21650,zh,"Chinese (中文 (Zhōngwén), 汉语, 漢語)",紫,紫色,紫,rgb,93,58,79,6,7,full,white,zh,,1.1.5,
21650,zh,"Chinese (中文 (Zhōngwén), 汉语, 漢語)",绿,绿色,绿,rgb,47,206,107,6,8,full,white,zh,,1.1.5,
21650,zh,"Chinese (中文 (Zhōngwén), 汉语, 漢語)",蓝,蓝色,蓝,rgb,40,81,160,6,9,full,white,zh,,1.1.5,
21650,zh,"Chinese (中文 (Zhōngwén), 汉语, 漢語)",蓝绿,蓝绿色,蓝绿,rgb,188,254,237,6,10,full,white,zh,,1.1.5,
21650,zh,"Chinese (中文 (Zhōngwén), 汉语, 漢語)",灰绿,灰绿色,灰绿,rgb,91,108,93,6,11,full,white,zh,,1.1.5,
21848,zh,"Chinese (中文 (Zhōngwén), 汉语, 漢語)",蓝,蓝色,蓝,rgb,82,89,251,1,0,full,white,zh,,1.1.5,
21848,zh,"Chinese (中文 (Zhōngwén), 汉语, 漢語)",土黄,土黄色,土黄,rgb,223,187,36,1,1,full,white,zh,,1.1.5,
21848,zh,"Chinese (中文 (Zhōngwén), 汉语, 漢語)",绿,绿色,绿,rgb,46,244,108,1,2,full,white,zh,,1.1.5,
21848,zh,"Chinese (中文 (Zhōngwén), 汉语, 漢語)",棕,棕色,棕,rgb,153,88,4,1,3,full,white,zh,,1.1.5,
21848,zh,"Chinese (中文 (Zhōngwén), 汉语, 漢語)",紫,紫色,紫,rgb,124,24,147,1,4,full,white,zh,,1.1.5,
21848,zh,"Chinese (中文 (Zhōngwén), 汉语, 漢語)",棕,棕色,棕,rgb,124,81,45,1,5,full,white,zh,,1.1.5,
21848,zh,"Chinese (中文 (Zhōngwén), 汉语, 漢語)",灰,灰色,灰,rgb,49,78,95,1,6,full,white,zh,,1.1.5,
21848,zh,"Chinese (中文 (Zhōngwén), 汉语, 漢語)",棕,棕色,棕,rgb,171,150,135,1,7,full,white,zh,,1.1.5,
21848,zh,"Chinese (中文 (Zhōngwén), 汉语, 漢語)",绿,绿色,绿,rgb,143,229,73,1,8,full,white,zh,,1.1.5,
21848,zh,"Chinese (中文 (Zhōngwén), 汉语, 漢語)",紫,紫色,紫,rgb,141,117,233,1,9,full,white,zh,,1.1.5,
21848,zh,"Chinese (中文 (Zhōngwén), 汉语, 漢語)",绿,绿色,绿,rgb,41,152,132,1,10,full,white,zh,,1.1.5,
21848,zh,"Chinese (中文 (Zhōngwén), 汉语, 漢語)",粉,粉色,粉,rgb,254,144,157,1,11,full,white,zh,,1.1.5,
21848,zh,"Chinese (中文 (Zhōngwén), 汉语, 漢語)",绿,绿色,绿,rgb,52,90,13,3,0,full,white,zh,,1.1.5,
21848,zh,"Chinese (中文 (Zhōngwén), 汉语, 漢語)",黄,黄色,黄,rgb,233,235,127,3,1,full,white,zh,,1.1.5,
21848,zh,"Chinese (中文 (Zhōngwén), 汉语, 漢語)",绿,绿色,绿,rgb,167,204,133,3,2,full,white,zh,,1.1.5,
21848,zh,"Chinese (中文 (Zhōngwén), 汉语, 漢語)",红,红色,红,rgb,232,71,90,3,3,full,white,zh,,1.1.5,
21848,zh,"Chinese (中文 (Zhōngwén), 汉语, 漢語)",紫,紫色,紫,rgb,182,124,192,3,4,full,white,zh,,1.1.5,
21848,zh,"Chinese (中文 (Zhōngwén), 汉语, 漢語)",粉,粉色,粉,rgb,243,178,149,3,5,full,white,zh,,1.1.5,
21848,zh,"Chinese (中文 (Zhōngwén), 汉语, 漢語)",红,红色,红,rgb,121,41,45,3,6,full,white,zh,,1.1.5,
21848,zh,"Chinese (中文 (Zhōngwén), 汉语, 漢語)",灰,灰色,灰,rgb,191,200,215,3,7,full,white,zh,,1.1.5,
21848,zh,"Chinese (中文 (Zhōngwén), 汉语, 漢語)",绿,绿色,绿,rgb,142,164,42,3,8,full,white,zh,,1.1.5,
21848,zh,"Chinese (中文 (Zhōngwén), 汉语, 漢語)",红,红色,红,rgb,191,54,32,3,9,full,white,zh,,1.1.5,
21848,zh,"Chinese (中文 (Zhōngwén), 汉语, 漢語)",绿,绿色,绿,rgb,9,127,34,3,10,full,white,zh,,1.1.5,
21848,zh,"Chinese (中文 (Zhōngwén), 汉语, 漢語)",粉,粉色,粉,rgb,243,162,208,3,11,full,white,zh,,1.1.5,
21848,zh,"Chinese (中文 (Zhōngwén), 汉语, 漢語)",蓝,蓝色,蓝,rgb,129,213,224,6,0,full,white,zh,,1.1.5,
21848,zh,"Chinese (中文 (Zhōngwén), 汉语, 漢語)",绿,绿色,绿,rgb,193,248,30,6,1,full,white,zh,,1.1.5,
21848,zh,"Chinese (中文 (Zhōngwén), 汉语, 漢語)",紫,紫色,紫,rgb,167,156,248,6,2,full,white,zh,,1.1.5,
21848,zh,"Chinese (中文 (Zhōngwén), 汉语, 漢語)",红,红色,红,rgb,142,19,80,6,3,full,white,zh,,1.1.5,
21848,zh,"Chinese (中文 (Zhōngwén), 汉语, 漢語)",蓝,蓝色,蓝,rgb,84,184,244,6,4,full,white,zh,,1.1.5,
21848,zh,"Chinese (中文 (Zhōngwén), 汉语, 漢語)",紫,紫色,紫,rgb,254,93,241,6,5,full,white,zh,,1.1.5,
21848,zh,"Chinese (中文 (Zhōngwén), 汉语, 漢語)",紫,紫色,紫,rgb,73,4,89,6,6,full,white,zh,,1.1.5,
21848,zh,"Chinese (中文 (Zhōngwén), 汉语, 漢語)",蓝,蓝色,蓝,rgb,78,97,174,6,7,full,white,zh,,1.1.5,
21848,zh,"Chinese (中文 (Zhōngwén), 汉语, 漢語)",紫,紫色,紫,rgb,115,75,107,6,8,full,white,zh,,1.1.5,
21848,zh,"Chinese (中文 (Zhōngwén), 汉语, 漢語)",绿,绿色,绿,rgb,175,245,209,6,9,full,white,zh,,1.1.5,
21848,zh,"Chinese (中文 (Zhōngwén), 汉语, 漢語)",绿,绿色,绿,rgb,35,242,157,6,10,full,white,zh,,1.1.5,
21848,zh,"Chinese (中文 (Zhōngwén), 汉语, 漢語)",蓝,蓝色,蓝,rgb,17,90,140,6,11,full,white,zh,,1.1.5,
0,zh,"Chinese (中文 (Zhōngwén), 汉语, 漢語)",棕,棕色,棕色,rgb,182,100,41,1,0,full,white,zh,,1.1.5,
0,zh,"Chinese (中文 (Zhōngwén), 汉语, 漢語)",绿,绿色,绿色,rgb,78,224,85,1,1,full,white,zh,,1.1.5,
0,zh,"Chinese (中文 (Zhōngwén), 汉语, 漢語)",紫,紫色,紫色,rgb,225,152,228,1,2,full,white,zh,,1.1.5,
0,zh,"Chinese (中文 (Zhōngwén), 汉语, 漢語)",浅绿,浅绿色,浅绿色,rgb,230,246,187,1,3,full,white,zh,,1.1.5,
0,zh,"Chinese (中文 (Zhōngwén), 汉语, 漢語)",褐,褐色,褐色,rgb,134,117,67,1,4,full,white,zh,,1.1.5,
0,zh,"Chinese (中文 (Zhōngwén), 汉语, 漢語)",土黄,土黄色,土黄色,rgb,217,189,23,1,5,full,white,zh,,1.1.5,
0,zh,"Chinese (中文 (Zhōngwén), 汉语, 漢語)",深蓝,深蓝色,深蓝色,rgb,50,61,106,1,6,full,white,zh,,1.1.5,
0,zh,"Chinese (中文 (Zhōngwén), 汉语, 漢語)",深灰,深灰色,深灰色,rgb,129,122,129,1,7,full,white,zh,,1.1.5,
0,zh,"Chinese (中文 (Zhōngwén), 汉语, 漢語)",紫,紫色,紫色,rgb,173,82,227,1,8,full,white,zh,,1.1.5,
0,zh,"Chinese (中文 (Zhōngwén), 汉语, 漢語)",青,青色,青色,rgb,78,147,102,1,9,full,white,zh,,1.1.5,
0,zh,"Chinese (中文 (Zhōngwén), 汉语, 漢語)",粉紫,粉紫色,粉紫色,rgb,228,113,234,1,10,full,white,zh,,1.1.5,
0,zh,"Chinese (中文 (Zhōngwén), 汉语, 漢語)",蓝,蓝色,蓝色,rgb,40,102,209,1,11,full,white,zh,,1.1.5,
eb8a5db3-4a03-41a5-ac66-f8c9555786be,zh,"Chinese (中文 (Zhōngwén), 汉语, 漢語)",肉橘,肉橘色,肉橘色,p3,0.975846,0.735711,0.522043,1,0,full,black,en,en,2,
eb8a5db3-4a03-41a5-ac66-f8c9555786be,zh,"Chinese (中文 (Zhōngwén), 汉语, 漢語)",灰,灰色,灰色,p3,0.542564,0.567696,0.572542,1,1,full,black,en,en,2,
eb8a5db3-4a03-41a5-ac66-f8c9555786be,zh,"Chinese (中文 (Zhōngwén), 汉语, 漢語)",绿,绿色,绿色,p3,0.47462,0.782558,0.440391,1,2,full,black,en,en,2,
eb8a5db3-4a03-41a5-ac66-f8c9555786be,zh,"Chinese (中文 (Zhōngwén), 汉语, 漢語)",浅红,浅红色,浅红色,p3,0.632752,0.419962,0.458271,1,3,full,black,en,en,2,
eb8a5db3-4a03-41a5-ac66-f8c9555786be,zh,"Chinese (中文 (Zhōngwén), 汉语, 漢語)",红,红色,红色,p3,0.714056,0.227155,0.352506,1,4,full,black,en,en,2,
eb8a5db3-4a03-41a5-ac66-f8c9555786be,zh,"Chinese (中文 (Zhōngwén), 汉语, 漢語)",紫,紫色,紫色,p3,0.509628,0.331125,0.609595,1,5,full,black,en,en,2,
eb8a5db3-4a03-41a5-ac66-f8c9555786be,zh,"Chinese (中文 (Zhōngwén), 汉语, 漢語)",蓝,蓝色,蓝色,p3,0.180695,0.244261,0.966138,1,6,full,black,en,en,2,
eb8a5db3-4a03-41a5-ac66-f8c9555786be,zh,"Chinese (中文 (Zhōngwén), 汉语, 漢語)",海军蓝,海军蓝色,海军蓝色,p3,0.123591,0.133043,0.686606,1,7,full,black,en,en,2,
eb8a5db3-4a03-41a5-ac66-f8c9555786be,zh,"Chinese (中文 (Zhōngwén), 汉语, 漢語)",暗红,暗红色,暗红色,p3,0.41552,0.156725,0.220951,1,8,full,black,en,en,2,
eb8a5db3-4a03-41a5-ac66-f8c9555786be,zh,"Chinese (中文 (Zhōngwén), 汉语, 漢語)",浅紫,浅紫色,浅紫色,p3,0.398248,0.326976,0.383812,1,9,full,black,en,en,2,
eb8a5db3-4a03-41a5-ac66-f8c9555786be,zh,"Chinese (中文 (Zhōngwén), 汉语, 漢語)",玫红,玫红色,玫红色,p3,0.528189,0.00114344,0.413992,1,10,full,black,en,en,2,
eb8a5db3-4a03-41a5-ac66-f8c9555786be,zh,"Chinese (中文 (Zhōngwén), 汉语, 漢語)",青,青色,青色,p3,0.076989,0.98973,0.859354,1,11,full,black,en,en,2,
eb8a5db3-4a03-41a5-ac66-f8c9555786be,zh,"Chinese (中文 (Zhōngwén), 汉语, 漢語)",浅紫,浅紫色,浅紫色,p3,0.829902,0.552335,0.949836,3,0,full,black,en,en,2,
eb8a5db3-4a03-41a5-ac66-f8c9555786be,zh,"Chinese (中文 (Zhōngwén), 汉语, 漢語)",暗紫,暗紫色,暗紫色,p3,0.579118,0.0990701,0.66119,3,1,full,black,en,en,2,
eb8a5db3-4a03-41a5-ac66-f8c9555786be,zh,"Chinese (中文 (Zhōngwén), 汉语, 漢語)",芭比粉,芭比粉色,芭比粉,p3,0.98541,0.0420696,0.715526,3,2,full,black,en,en,2,
eb8a5db3-4a03-41a5-ac66-f8c9555786be,zh,"Chinese (中文 (Zhōngwén), 汉语, 漢語)",军绿,军绿色,军绿色,p3,0.553713,0.536635,0.227054,3,3,full,black,en,en,2,
eb8a5db3-4a03-41a5-ac66-f8c9555786be,zh,"Chinese (中文 (Zhōngwén), 汉语, 漢語)",紫,紫色,紫色,p3,0.822381,0.350313,0.947307,3,4,full,black,en,en,2,
eb8a5db3-4a03-41a5-ac66-f8c9555786be,zh,"Chinese (中文 (Zhōngwén), 汉语, 漢語)",绿,绿色,绿色,p3,0.0376837,0.604485,0.431215,3,5,full,black,en,en,2,
eb8a5db3-4a03-41a5-ac66-f8c9555786be,zh,"Chinese (中文 (Zhōngwén), 汉语, 漢語)",浅绿,浅绿色,浅绿色,p3,0.614543,0.965555,0.581112,3,6,full,black,en,en,2,
eb8a5db3-4a03-41a5-ac66-f8c9555786be,zh,"Chinese (中文 (Zhōngwén), 汉语, 漢語)",粉,粉色,粉色,p3,0.822229,0.359521,0.551538,3,8,full,black,en,en,2,
eb8a5db3-4a03-41a5-ac66-f8c9555786be,zh,"Chinese (中文 (Zhōngwén), 汉语, 漢語)",深蓝,深蓝色,深蓝色,p3,0.306075,0.305341,0.592236,3,9,full,black,en,en,2,
eb8a5db3-4a03-41a5-ac66-f8c9555786be,zh,"Chinese (中文 (Zhōngwén), 汉语, 漢語)",浅蓝,浅蓝色,浅蓝色,p3,0.503185,0.652346,0.994611,3,10,full,black,en,en,2,
eb8a5db3-4a03-41a5-ac66-f8c9555786be,zh,"Chinese (中文 (Zhōngwén), 汉语, 漢語)",黄,黄色,黄色,p3,0.871389,0.83531,0.40707,3,11,full,black,en,en,2,
eb8a5db3-4a03-41a5-ac66-f8c9555786be,zh,"Chinese (中文 (Zhōngwén), 汉语, 漢語)",蓝,蓝色,蓝色,p3,0.307984,0.508504,0.586875,5,0,full,black,en,en,2,
eb8a5db3-4a03-41a5-ac66-f8c9555786be,zh,"Chinese (中文 (Zhōngwén), 汉语, 漢語)",粉,粉色,粉色,p3,0.82042,0.632699,0.705101,5,1,full,black,en,en,2,
eb8a5db3-4a03-41a5-ac66-f8c9555786be,zh,"Chinese (中文 (Zhōngwén), 汉语, 漢語)",暗绿,暗绿色,暗绿色,p3,0.0611031,0.140491,0.0462246,5,2,full,black,en,en,2,
eb8a5db3-4a03-41a5-ac66-f8c9555786be,zh,"Chinese (中文 (Zhōngwén), 汉语, 漢語)",绿,绿色,绿色,p3,0.236138,0.998854,0.378377,5,3,full,black,en,en,2,
eb8a5db3-4a03-41a5-ac66-f8c9555786be,zh,"Chinese (中文 (Zhōngwén), 汉语, 漢語)",浅蓝,浅蓝色,浅蓝色,p3,0.855961,0.945642,0.916323,5,4,full,black,en,en,2,
eb8a5db3-4a03-41a5-ac66-f8c9555786be,zh,"Chinese (中文 (Zhōngwén), 汉语, 漢語)",橘红,橘红色,橘红色,p3,0.909609,0.490392,0.432747,5,5,full,black,en,en,2,
eb8a5db3-4a03-41a5-ac66-f8c9555786be,zh,"Chinese (中文 (Zhōngwén), 汉语, 漢語)",蓝,蓝色,蓝色,p3,0.416109,0.421166,0.976926,5,6,full,black,en,en,2,
eb8a5db3-4a03-41a5-ac66-f8c9555786be,zh,"Chinese (中文 (Zhōngwén), 汉语, 漢語)",暗紫,暗紫色,暗紫色,p3,0.370232,0.185826,0.444417,5,8,full,black,en,en,2,
eb8a5db3-4a03-41a5-ac66-f8c9555786be,zh,"Chinese (中文 (Zhōngwén), 汉语, 漢語)",暗灰,暗灰色,暗灰色,p3,0.203083,0.224677,0.243099,5,9,full,black,en,en,2,
eb8a5db3-4a03-41a5-ac66-f8c9555786be,zh,"Chinese (中文 (Zhōngwén), 汉语, 漢語)",棕,棕色,棕色,p3,0.623006,0.365414,0.0979978,5,10,full,black,en,en,2,
eb8a5db3-4a03-41a5-ac66-f8c9555786be,zh,"Chinese (中文 (Zhōngwén), 汉语, 漢語)",灰,灰色,灰色,p3,0.718643,0.739673,0.651756,5,11,full,black,en,en,2,
bf996409-54c7-41f3-bbcc-e23532acd584,zh,"Chinese (中文 (Zhōngwén), 汉语, 漢語)",豆沙绿,豆沙绿色,豆沙绿,rgb,147,167,95,1,0,full,black,en,zh,2.0.2,
bf996409-54c7-41f3-bbcc-e23532acd584,zh,"Chinese (中文 (Zhōngwén), 汉语, 漢語)",靛,靛色,靛,rgb,59,23,181,1,1,full,black,en,zh,2.0.2,
bf996409-54c7-41f3-bbcc-e23532acd584,zh,"Chinese (中文 (Zhōngwén), 汉语, 漢語)",棕,棕色,棕,rgb,138,92,64,1,2,full,black,en,zh,2.0.2,
bf996409-54c7-41f3-bbcc-e23532acd584,zh,"Chinese (中文 (Zhōngwén), 汉语, 漢語)",紫,紫色,紫,rgb,104,56,140,1,3,full,black,en,zh,2.0.2,
bf996409-54c7-41f3-bbcc-e23532acd584,zh,"Chinese (中文 (Zhōngwén), 汉语, 漢語)",群青,群青色,群青,rgb,32,53,228,1,4,full,black,en,zh,2.0.2,
bf996409-54c7-41f3-bbcc-e23532acd584,zh,"Chinese (中文 (Zhōngwén), 汉语, 漢語)",红,红色,红,rgb,229,54,56,1,5,full,black,en,zh,2.0.2,
bf996409-54c7-41f3-bbcc-e23532acd584,zh,"Chinese (中文 (Zhōngwén), 汉语, 漢語)",草绿,草绿色,草绿,rgb,59,162,12,1,6,full,black,en,zh,2.0.2,
bf996409-54c7-41f3-bbcc-e23532acd584,zh,"Chinese (中文 (Zhōngwén), 汉语, 漢語)",浅绿,浅绿色,浅绿,rgb,144,193,164,1,7,full,black,en,zh,2.0.2,
bf996409-54c7-41f3-bbcc-e23532acd584,zh,"Chinese (中文 (Zhōngwén), 汉语, 漢語)",豆沙绿,豆沙绿色,豆沙绿,rgb,149,173,84,1,8,full,black,en,zh,2.0.2,
bf996409-54c7-41f3-bbcc-e23532acd584,zh,"Chinese (中文 (Zhōngwén), 汉语, 漢語)",天蓝,天蓝色,天蓝,rgb,124,179,252,1,9,full,black,en,zh,2.0.2,
bf996409-54c7-41f3-bbcc-e23532acd584,zh,"Chinese (中文 (Zhōngwén), 汉语, 漢語)",淡紫,淡紫色,淡紫,rgb,111,93,202,1,10,full,black,en,zh,2.0.2,
bf996409-54c7-41f3-bbcc-e23532acd584,zh,"Chinese (中文 (Zhōngwén), 汉语, 漢語)",粉红,粉红色,粉红,rgb,245,86,195,1,11,full,black,en,zh,2.0.2,
bf996409-54c7-41f3-bbcc-e23532acd584,zh,"Chinese (中文 (Zhōngwén), 汉语, 漢語)",深紫,深紫色,深紫,rgb,106,74,96,3,0,full,black,en,zh,2.0.2,
bf996409-54c7-41f3-bbcc-e23532acd584,zh,"Chinese (中文 (Zhōngwén), 汉语, 漢語)",深绿,深绿色,深绿,rgb,61,116,110,3,1,full,black,en,zh,2.0.2,
bf996409-54c7-41f3-bbcc-e23532acd584,zh,"Chinese (中文 (Zhōngwén), 汉语, 漢語)",天蓝,天蓝色,天蓝,rgb,7,184,227,3,2,full,black,en,zh,2.0.2,
bf996409-54c7-41f3-bbcc-e23532acd584,zh,"Chinese (中文 (Zhōngwén), 汉语, 漢語)",深粉,深粉色,深粉,rgb,229,68,156,3,3,full,black,en,zh,2.0.2,
bf996409-54c7-41f3-bbcc-e23532acd584,zh,"Chinese (中文 (Zhōngwén), 汉语, 漢語)",浅葱,浅葱色,浅葱,rgb,209,245,135,3,4,full,black,en,zh,2.0.2,
bf996409-54c7-41f3-bbcc-e23532acd584,zh,"Chinese (中文 (Zhōngwén), 汉语, 漢語)",淡灰,淡灰色,淡灰,rgb,209,205,202,3,5,full,black,en,zh,2.0.2,
bf996409-54c7-41f3-bbcc-e23532acd584,zh,"Chinese (中文 (Zhōngwén), 汉语, 漢語)",浅灰绿,浅灰绿色,浅灰绿,rgb,201,215,210,3,7,full,black,en,zh,2.0.2,
bf996409-54c7-41f3-bbcc-e23532acd584,zh,"Chinese (中文 (Zhōngwén), 汉语, 漢語)",紫,紫色,紫,rgb,171,60,191,3,8,full,black,en,zh,2.0.2,
bf996409-54c7-41f3-bbcc-e23532acd584,zh,"Chinese (中文 (Zhōngwén), 汉语, 漢語)",荧光绿,荧光绿色,荧光绿,rgb,95,243,159,3,9,full,black,en,zh,2.0.2,
bf996409-54c7-41f3-bbcc-e23532acd584,zh,"Chinese (中文 (Zhōngwén), 汉语, 漢語)",黑,黑色,黑,rgb,2,9,0,3,10,full,black,en,zh,2.0.2,
bf996409-54c7-41f3-bbcc-e23532acd584,zh,"Chinese (中文 (Zhōngwén), 汉语, 漢語)",粉蓝,粉蓝色,粉蓝,rgb,156,221,220,3,11,full,black,en,zh,2.0.2,
bf996409-54c7-41f3-bbcc-e23532acd584,zh,"Chinese (中文 (Zhōngwén), 汉语, 漢語)",粉,粉色,粉,rgb,201,118,217,5,0,full,black,en,zh,2.0.2,
bf996409-54c7-41f3-bbcc-e23532acd584,zh,"Chinese (中文 (Zhōngwén), 汉语, 漢語)",棕黄,棕黄色,棕黄,rgb,144,124,43,5,1,full,black,en,zh,2.0.2,
bf996409-54c7-41f3-bbcc-e23532acd584,zh,"Chinese (中文 (Zhōngwén), 汉语, 漢語)",蓝,蓝色,蓝,rgb,21,133,185,5,2,full,black,en,zh,2.0.2,
bf996409-54c7-41f3-bbcc-e23532acd584,zh,"Chinese (中文 (Zhōngwén), 汉语, 漢語)",紫,紫色,紫,rgb,173,91,230,5,3,full,black,en,zh,2.0.2,
bf996409-54c7-41f3-bbcc-e23532acd584,zh,"Chinese (中文 (Zhōngwén), 汉语, 漢語)",深灰,深灰色,深灰,rgb,107,122,128,5,4,full,black,en,zh,2.0.2,
bf996409-54c7-41f3-bbcc-e23532acd584,zh,"Chinese (中文 (Zhōngwén), 汉语, 漢語)",暗金,暗金色,暗金,rgb,171,157,45,5,5,full,black,en,zh,2.0.2,
bf996409-54c7-41f3-bbcc-e23532acd584,zh,"Chinese (中文 (Zhōngwén), 汉语, 漢語)",藕荷,藕荷色,藕荷,rgb,213,131,221,5,6,full,black,en,zh,2.0.2,
bf996409-54c7-41f3-bbcc-e23532acd584,zh,"Chinese (中文 (Zhōngwén), 汉语, 漢語)",草绿,草绿色,草绿,rgb,113,177,84,5,7,full,black,en,zh,2.0.2,
bf996409-54c7-41f3-bbcc-e23532acd584,zh,"Chinese (中文 (Zhōngwén), 汉语, 漢語)",暗紫,暗紫色,暗紫,rgb,142,108,140,5,8,full,black,en,zh,2.0.2,
bf996409-54c7-41f3-bbcc-e23532acd584,zh,"Chinese (中文 (Zhōngwén), 汉语, 漢語)",蓝灰,蓝灰色,蓝灰,rgb,120,121,157,5,9,full,black,en,zh,2.0.2,
bf996409-54c7-41f3-bbcc-e23532acd584,zh,"Chinese (中文 (Zhōngwén), 汉语, 漢語)",肉,肉色,肉,rgb,251,187,180,5,10,full,black,en,zh,2.0.2,
bf996409-54c7-41f3-bbcc-e23532acd584,zh,"Chinese (中文 (Zhōngwén), 汉语, 漢語)",灰绿,灰绿色,灰绿,rgb,109,147,162,5,11,full,black,en,zh,2.0.2,
575b69b9-fda4-4717-81c1-2196b806668a,zh,"Chinese (中文 (Zhōngwén), 汉语, 漢語)",海草,海草色,海草色,p3,0.309336,0.475101,0.512135,1,0,full,white,en,en,2.1.1,
575b69b9-fda4-4717-81c1-2196b806668a,zh,"Chinese (中文 (Zhōngwén), 汉语, 漢語)",橙,橙色,橙色,p3,0.873792,0.574984,0.340022,1,1,full,white,en,en,2.1.1,
575b69b9-fda4-4717-81c1-2196b806668a,zh,"Chinese (中文 (Zhōngwén), 汉语, 漢語)",深紫,深紫色,深紫色,p3,0.196467,0.124557,0.250462,1,2,full,white,en,en,2.1.1,
575b69b9-fda4-4717-81c1-2196b806668a,zh,"Chinese (中文 (Zhōngwén), 汉语, 漢語)",深棕,深棕色,深棕色,p3,0.195724,0.161398,0.080349,1,3,full,white,en,en,2.1.1,
575b69b9-fda4-4717-81c1-2196b806668a,zh,"Chinese (中文 (Zhōngwén), 汉语, 漢語)",浅蓝,浅蓝色,浅蓝色,p3,0.435593,0.574616,0.708156,1,4,full,white,en,en,2.1.1,
575b69b9-fda4-4717-81c1-2196b806668a,zh,"Chinese (中文 (Zhōngwén), 汉语, 漢語)",深蓝,深蓝色,深蓝色,p3,0.109068,0.296687,0.814128,1,5,full,white,en,en,2.1.1,
575b69b9-fda4-4717-81c1-2196b806668a,zh,"Chinese (中文 (Zhōngwén), 汉语, 漢語)",粉,粉色,粉色,p3,0.843695,0.175449,0.597264,1,6,full,white,en,en,2.1.1,
575b69b9-fda4-4717-81c1-2196b806668a,zh,"Chinese (中文 (Zhōngwén), 汉语, 漢語)",浅粉,浅粉色,浅粉色,p3,0.801888,0.472086,0.740951,1,7,full,white,en,en,2.1.1,
575b69b9-fda4-4717-81c1-2196b806668a,zh,"Chinese (中文 (Zhōngwén), 汉语, 漢語)",深绿,深绿色,深绿色,p3,0.119519,0.305642,0.071516,1,8,full,white,en,en,2.1.1,
575b69b9-fda4-4717-81c1-2196b806668a,zh,"Chinese (中文 (Zhōngwén), 汉语, 漢語)",浅绿,浅绿色,浅绿色,p3,0.581223,0.610457,0.519589,1,9,full,white,en,en,2.1.1,
575b69b9-fda4-4717-81c1-2196b806668a,zh,"Chinese (中文 (Zhōngwén), 汉语, 漢語)",明黄,明黄色,明黄,p3,0.996788,0.94908,0.341138,1,10,full,white,en,en,2.1.1,
575b69b9-fda4-4717-81c1-2196b806668a,zh,"Chinese (中文 (Zhōngwén), 汉语, 漢語)",浅粉,浅粉色,浅粉色,p3,0.8992,0.589478,0.95242,1,11,full,white,en,en,2.1.1,
575b69b9-fda4-4717-81c1-2196b806668a,zh,"Chinese (中文 (Zhōngwén), 汉语, 漢語)",蓝绿,蓝绿色,蓝绿色,p3,0.343924,0.820882,0.69804,3,0,full,white,en,en,2.1.1,
575b69b9-fda4-4717-81c1-2196b806668a,zh,"Chinese (中文 (Zhōngwén), 汉语, 漢語)",深蓝,深蓝色,深蓝色,p3,0.092998,0.350517,0.476311,3,1,full,white,en,en,2.1.1,
575b69b9-fda4-4717-81c1-2196b806668a,zh,"Chinese (中文 (Zhōngwén), 汉语, 漢語)",浅绿,浅绿色,浅绿色,p3,0.654466,0.927787,0.755838,3,2,full,white,en,en,2.1.1,
575b69b9-fda4-4717-81c1-2196b806668a,zh,"Chinese (中文 (Zhōngwén), 汉语, 漢語)",紫,紫色,紫色,p3,0.471213,0.099326,0.553675,3,3,full,white,en,en,2.1.1,
575b69b9-fda4-4717-81c1-2196b806668a,zh,"Chinese (中文 (Zhōngwén), 汉语, 漢語)",海军蓝,海军蓝色,海军蓝,p3,0.121415,0.209447,0.486801,3,4,full,white,en,en,2.1.1,
575b69b9-fda4-4717-81c1-2196b806668a,zh,"Chinese (中文 (Zhōngwén), 汉语, 漢語)",粉丝,粉丝色,粉丝,p3,0.912938,0.572195,0.639825,3,5,full,white,en,en,2.1.1,
575b69b9-fda4-4717-81c1-2196b806668a,zh,"Chinese (中文 (Zhōngwén), 汉语, 漢語)",浅紫,浅紫色,浅紫色,p3,0.48769,0.381652,0.462276,3,6,full,white,en,en,2.1.1,
575b69b9-fda4-4717-81c1-2196b806668a,zh,"Chinese (中文 (Zhōngwén), 汉语, 漢語)",亮绿,亮绿色,亮绿色,p3,0.27665,0.918755,0.503413,3,7,full,white,en,en,2.1.1,
575b69b9-fda4-4717-81c1-2196b806668a,zh,"Chinese (中文 (Zhōngwén), 汉语, 漢語)",红棕,红棕色,红棕色,p3,0.375382,0.208818,0.271634,3,8,full,white,en,en,2.1.1,
575b69b9-fda4-4717-81c1-2196b806668a,zh,"Chinese (中文 (Zhōngwén), 汉语, 漢語)",粉,粉色,粉色,p3,0.659813,0.311641,0.398239,3,9,full,white,en,en,2.1.1,
575b69b9-fda4-4717-81c1-2196b806668a,zh,"Chinese (中文 (Zhōngwén), 汉语, 漢語)",深粉,深粉色,深粉色,p3,0.517891,0.070529,0.270683,3,10,full,white,en,en,2.1.1,
575b69b9-fda4-4717-81c1-2196b806668a,zh,"Chinese (中文 (Zhōngwén), 汉语, 漢語)",奶黄,奶黄色,奶黄色,p3,0.997769,0.962819,0.714593,3,11,full,white,en,en,2.1.1,
29f08bc8-35af-442f-bffb-1f284884c5f9,zh,"Chinese (中文 (Zhōngwén), 汉语, 漢語)",绿,绿色,绿色,p3,0.999751,0.714834,0.518765,1,0,full,black,en,en,2.1.1,
29f08bc8-35af-442f-bffb-1f284884c5f9,zh,"Chinese (中文 (Zhōngwén), 汉语, 漢語)",粉红,粉红色,粉红色,p3,0.573187,0.154314,0.417036,1,1,full,black,en,en,2.1.1,
29f08bc8-35af-442f-bffb-1f284884c5f9,zh,"Chinese (中文 (Zhōngwén), 汉语, 漢語)",绿,绿色,绿色,p3,0.476115,0.790865,0.390792,1,2,full,black,en,en,2.1.1,
29f08bc8-35af-442f-bffb-1f284884c5f9,zh,"Chinese (中文 (Zhōngwén), 汉语, 漢語)",橙,橙色,橙色,p3,0.887033,0.42377,0.180153,1,3,full,black,en,en,2.1.1,
29f08bc8-35af-442f-bffb-1f284884c5f9,zh,"Chinese (中文 (Zhōngwén), 汉语, 漢語)",黑,黑色,黑色,p3,0.004083,0.000121,0.00158,1,4,full,black,en,en,2.1.1,
29f08bc8-35af-442f-bffb-1f284884c5f9,zh,"Chinese (中文 (Zhōngwén), 汉语, 漢語)",绿,绿色,绿色,p3,0.220073,0.889916,0.317755,1,5,full,black,en,en,2.1.1,
29f08bc8-35af-442f-bffb-1f284884c5f9,zh,"Chinese (中文 (Zhōngwén), 汉语, 漢語)",紫,紫色,紫色,p3,0.302338,0.158153,0.446106,1,6,full,black,en,en,2.1.1,
29f08bc8-35af-442f-bffb-1f284884c5f9,zh,"Chinese (中文 (Zhōngwén), 汉语, 漢語)",灰,灰色,灰色,p3,0.213423,0.141236,0.227898,1,7,full,black,en,en,2.1.1,
29f08bc8-35af-442f-bffb-1f284884c5f9,zh,"Chinese (中文 (Zhōngwén), 汉语, 漢語)",红,红色,红色,p3,0.867175,0.208513,0.289414,1,8,full,black,en,en,2.1.1,
29f08bc8-35af-442f-bffb-1f284884c5f9,zh,"Chinese (中文 (Zhōngwén), 汉语, 漢語)",灰,灰色,灰色,p3,0.704409,0.668594,0.697017,1,9,full,black,en,en,2.1.1,
29f08bc8-35af-442f-bffb-1f284884c5f9,zh,"Chinese (中文 (Zhōngwén), 汉语, 漢語)",紫,紫色,紫色,p3,0.643177,0.347417,0.93307,1,10,full,black,en,en,2.1.1,
29f08bc8-35af-442f-bffb-1f284884c5f9,zh,"Chinese (中文 (Zhōngwén), 汉语, 漢語)",灰,灰色,灰色,p3,0.047202,0.495037,0.463575,1,11,full,black,en,en,2.1.1,
dd0e4200-c465-4297-b323-be86265913f6,zh,"Chinese (中文 (Zhōngwén), 汉语, 漢語)",黑,黑色,黑色,rec2020,0,0,0,1,0,full,black,zh,zh,2.1.1,
5ef47662-bf7a-47f0-be16-e4366a18d053,zh,"Chinese (中文 (Zhōngwén), 汉语, 漢語)",牛油果绿,牛油果绿色,牛油果绿,p3,0.763398,0.860184,0.543225,1,0,full,white,zh,zh,2.1.1,
5ef47662-bf7a-47f0-be16-e4366a18d053,zh,"Chinese (中文 (Zhōngwén), 汉语, 漢語)",荧光粉,荧光粉色,荧光粉,p3,0.99021,0.430863,0.913421,1,1,full,white,zh,zh,2.1.1,
5ef47662-bf7a-47f0-be16-e4366a18d053,zh,"Chinese (中文 (Zhōngwén), 汉语, 漢語)",橘棕,橘棕色,橘棕色,p3,0.734832,0.53365,0.182783,1,2,full,white,zh,zh,2.1.1,
5ef47662-bf7a-47f0-be16-e4366a18d053,zh,"Chinese (中文 (Zhōngwén), 汉语, 漢語)",粉紫,粉紫色,粉紫色,p3,0.881228,0.831982,0.91162,1,3,full,white,zh,zh,2.1.1,
5ef47662-bf7a-47f0-be16-e4366a18d053,zh,"Chinese (中文 (Zhōngwén), 汉语, 漢語)",海军蓝,海军蓝色,海军蓝,p3,0.295932,0.335021,0.44261,1,4,full,white,zh,zh,2.1.1,
5ef47662-bf7a-47f0-be16-e4366a18d053,zh,"Chinese (中文 (Zhōngwén), 汉语, 漢語)",紫罗蓝,紫罗兰色,紫罗兰色,p3,0.623687,0.486843,0.780028,1,5,full,white,zh,zh,2.1.1,
5ef47662-bf7a-47f0-be16-e4366a18d053,zh,"Chinese (中文 (Zhōngwén), 汉语, 漢語)",黑,黑色,黑色,p3,0.00353604,0.0055352,0.00795278,1,6,full,white,zh,zh,2.1.1,
5ef47662-bf7a-47f0-be16-e4366a18d053,zh,"Chinese (中文 (Zhōngwén), 汉语, 漢語)",军绿,军绿色,军绿色,p3,0.261732,0.301333,0.209434,1,7,full,white,zh,zh,2.1.1,
5ef47662-bf7a-47f0-be16-e4366a18d053,zh,"Chinese (中文 (Zhōngwén), 汉语, 漢語)",青,青色,青色,p3,0.654934,0.966112,0.86025,1,8,full,white,zh,zh,2.1.1,
5ef47662-bf7a-47f0-be16-e4366a18d053,zh,"Chinese (中文 (Zhōngwén), 汉语, 漢語)",荧光绿,荧光绿色,荧光绿,p3,0.135605,0.860094,0.431179,1,9,full,white,zh,zh,2.1.1,
5ef47662-bf7a-47f0-be16-e4366a18d053,zh,"Chinese (中文 (Zhōngwén), 汉语, 漢語)",柠檬黄,柠檬黄色,柠檬黄,p3,0.949693,0.980828,0.48299,1,10,full,white,zh,zh,2.1.1,
5ef47662-bf7a-47f0-be16-e4366a18d053,zh,"Chinese (中文 (Zhōngwén), 汉语, 漢語)",灰,灰色,灰色,p3,0.509553,0.536734,0.50026,1,11,full,white,zh,zh,2.1.1,
5ef47662-bf7a-47f0-be16-e4366a18d053,zh,"Chinese (中文 (Zhōngwén), 汉语, 漢語)",粉紫,粉紫色,粉紫色,p3,0.806132,0.586197,0.883813,3,0,full,white,zh,zh,2.1.1,
5ef47662-bf7a-47f0-be16-e4366a18d053,zh,"Chinese (中文 (Zhōngwén), 汉语, 漢語)",森林绿,森林绿色,森林绿,p3,0.183371,0.445983,0.22598,3,1,full,white,zh,zh,2.1.1,
5ef47662-bf7a-47f0-be16-e4366a18d053,zh,"Chinese (中文 (Zhōngwén), 汉语, 漢語)",湖蓝,湖蓝色,湖蓝色,p3,0.290115,0.656512,0.805055,3,2,full,white,zh,zh,2.1.1,
5ef47662-bf7a-47f0-be16-e4366a18d053,zh,"Chinese (中文 (Zhōngwén), 汉语, 漢語)",深蓝,深蓝色,深蓝色,p3,0.00164303,0.182546,0.556578,3,3,full,white,zh,zh,2.1.1,
5ef47662-bf7a-47f0-be16-e4366a18d053,zh,"Chinese (中文 (Zhōngwén), 汉语, 漢語)",玫红,玫红色,玫红色,p3,0.711658,0.068918,0.503865,3,4,full,white,zh,zh,2.1.1,
5ef47662-bf7a-47f0-be16-e4366a18d053,zh,"Chinese (中文 (Zhōngwén), 汉语, 漢語)",棕,棕色,棕色,p3,0.481225,0.361312,0.00766224,3,5,full,white,zh,zh,2.1.1,
5ef47662-bf7a-47f0-be16-e4366a18d053,zh,"Chinese (中文 (Zhōngwén), 汉语, 漢語)",雾霾蓝,雾霾蓝色,雾霾蓝,p3,0.571605,0.633052,0.880929,3,6,full,white,zh,zh,2.1.1,
5ef47662-bf7a-47f0-be16-e4366a18d053,zh,"Chinese (中文 (Zhōngwén), 汉语, 漢語)",肉粉,肉粉色,肉粉色,p3,0.909447,0.675002,0.721292,3,7,full,white,zh,zh,2.1.1,
5ef47662-bf7a-47f0-be16-e4366a18d053,zh,"Chinese (中文 (Zhōngwén), 汉语, 漢語)",紫,紫色,紫色,p3,0.518095,0.246566,0.998244,3,8,full,white,zh,zh,2.1.1,
5ef47662-bf7a-47f0-be16-e4366a18d053,zh,"Chinese (中文 (Zhōngwén), 汉语, 漢語)",海军蓝,海军蓝色,海军蓝,p3,0.16779,0.219123,0.346805,3,9,full,white,zh,zh,2.1.1,
5ef47662-bf7a-47f0-be16-e4366a18d053,zh,"Chinese (中文 (Zhōngwén), 汉语, 漢語)",玫紫,玫紫色,玫紫色,p3,0.717354,0.0124814,0.848882,3,10,full,white,zh,zh,2.1.1,
5ef47662-bf7a-47f0-be16-e4366a18d053,zh,"Chinese (中文 (Zhōngwén), 汉语, 漢語)",紫红,紫红色,紫红色,p3,0.424434,0.113808,0.296053,3,11,full,white,zh,zh,2.1.1,
5ef47662-bf7a-47f0-be16-e4366a18d053,zh,"Chinese (中文 (Zhōngwén), 汉语, 漢語)",葡萄紫,葡萄紫色,葡萄紫,p3,0.274633,0.0471942,0.270201,5,0,full,white,zh,zh,2.1.1,
5ef47662-bf7a-47f0-be16-e4366a18d053,zh,"Chinese (中文 (Zhōngwén), 汉语, 漢語)",粉紫,粉紫色,粉紫色,p3,0.760708,0.363778,0.778146,5,1,full,white,zh,zh,2.1.1,
5ef47662-bf7a-47f0-be16-e4366a18d053,zh,"Chinese (中文 (Zhōngwén), 汉语, 漢語)",蓝,蓝色,蓝色,p3,0.406581,0.516931,0.98345,5,2,full,white,zh,zh,2.1.1,
5ef47662-bf7a-47f0-be16-e4366a18d053,zh,"Chinese (中文 (Zhōngwén), 汉语, 漢語)",深紫,深紫色,深紫色,p3,0.343379,0.232677,0.619783,5,3,full,white,zh,zh,2.1.1,
5ef47662-bf7a-47f0-be16-e4366a18d053,zh,"Chinese (中文 (Zhōngwén), 汉语, 漢語)",牛油果绿,牛油果绿色,牛油果绿,p3,0.495193,0.661969,0.247034,5,4,full,white,zh,zh,2.1.1,
5ef47662-bf7a-47f0-be16-e4366a18d053,zh,"Chinese (中文 (Zhōngwén), 汉语, 漢語)",青绿,青绿色,青绿色,p3,0.0539139,0.659608,0.559415,5,5,full,white,zh,zh,2.1.1,
5ef47662-bf7a-47f0-be16-e4366a18d053,zh,"Chinese (中文 (Zhōngwén), 汉语, 漢語)",湖水绿,湖水绿色,湖水绿,p3,0.420674,0.775035,0.654215,5,6,full,white,zh,zh,2.1.1,
5ef47662-bf7a-47f0-be16-e4366a18d053,zh,"Chinese (中文 (Zhōngwén), 汉语, 漢語)",宝蓝,宝蓝色,宝蓝色,p3,0.277976,0.195052,0.888369,5,7,full,white,zh,zh,2.1.1,
5ef47662-bf7a-47f0-be16-e4366a18d053,zh,"Chinese (中文 (Zhōngwén), 汉语, 漢語)",荧光粉,荧光粉色,荧光粉,p3,0.960993,0.374388,0.640944,5,8,full,white,zh,zh,2.1.1,
5ef47662-bf7a-47f0-be16-e4366a18d053,zh,"Chinese (中文 (Zhōngwén), 汉语, 漢語)",砖红,砖红色,砖红色,p3,0.669439,0.316824,0.293789,5,9,full,white,zh,zh,2.1.1,
5ef47662-bf7a-47f0-be16-e4366a18d053,zh,"Chinese (中文 (Zhōngwén), 汉语, 漢語)",灰粉,灰粉色,灰粉色,p3,0.773386,0.553269,0.557217,5,10,full,white,zh,zh,2.1.1,
5ef47662-bf7a-47f0-be16-e4366a18d053,zh,"Chinese (中文 (Zhōngwén), 汉语, 漢語)",大红,大红色,大红色,p3,0.843539,0.0796942,0.116049,5,11,full,white,zh,zh,2.1.1,
00ae9f26-d2f8-4e37-aa9b-172c57fe3e96,zh,"Chinese (中文 (Zhōngwén), 汉语, 漢語)",绿,绿色,绿色,p3,0.330058,0.446538,0.00511,1,0,full,black,zh,zh,2.1.1,
00ae9f26-d2f8-4e37-aa9b-172c57fe3e96,zh,"Chinese (中文 (Zhōngwén), 汉语, 漢語)",粉紫,粉紫色,粉紫,p3,0.939288,0.556376,0.86596,1,1,full,black,zh,zh,2.1.1,
00ae9f26-d2f8-4e37-aa9b-172c57fe3e96,zh,"Chinese (中文 (Zhōngwén), 汉语, 漢語)",紫色绿,紫色绿色,紫色绿色,p3,0.37358,0.673411,0.590964,1,3,full,black,zh,zh,2.1.1,
00ae9f26-d2f8-4e37-aa9b-172c57fe3e96,zh,"Chinese (中文 (Zhōngwén), 汉语, 漢語)",天青,天青色,天青,p3,0.199004,0.830049,0.77614,1,5,full,black,zh,zh,2.1.1,
00ae9f26-d2f8-4e37-aa9b-172c57fe3e96,zh,"Chinese (中文 (Zhōngwén), 汉语, 漢語)",蓝,蓝色,蓝,p3,0.21838,0.592174,0.956859,1,6,full,black,zh,zh,2.1.1,
00ae9f26-d2f8-4e37-aa9b-172c57fe3e96,zh,"Chinese (中文 (Zhōngwén), 汉语, 漢語)",红,红色,红,p3,0.972873,0.156846,0.399668,1,7,full,black,zh,zh,2.1.1,
00ae9f26-d2f8-4e37-aa9b-172c57fe3e96,zh,"Chinese (中文 (Zhōngwén), 汉语, 漢語)",淡紫,淡紫色,淡紫,p3,0.897246,0.84912,0.981198,1,8,full,black,zh,zh,2.1.1,
00ae9f26-d2f8-4e37-aa9b-172c57fe3e96,zh,"Chinese (中文 (Zhōngwén), 汉语, 漢語)",红棕,红棕色,红棕,p3,0.651675,0.273232,0.206432,1,9,full,black,zh,zh,2.1.1,
00ae9f26-d2f8-4e37-aa9b-172c57fe3e96,zh,"Chinese (中文 (Zhōngwén), 汉语, 漢語)",绿,绿色,绿色,p3,0.234347,0.983179,0.585792,1,10,full,black,zh,zh,2.1.1,
00ae9f26-d2f8-4e37-aa9b-172c57fe3e96,zh,"Chinese (中文 (Zhōngwén), 汉语, 漢語)",紫,紫色,紫色,p3,0.346247,0.243285,0.867399,1,11,full,black,zh,zh,2.1.1,
00ae9f26-d2f8-4e37-aa9b-172c57fe3e96,zh,"Chinese (中文 (Zhōngwén), 汉语, 漢語)",绿,绿色,绿,p3,0.452631,0.585367,0.090862,5,0,full,black,zh,zh,2.1.1,
00ae9f26-d2f8-4e37-aa9b-172c57fe3e96,zh,"Chinese (中文 (Zhōngwén), 汉语, 漢語)",绿,绿色,绿,p3,0.658383,0.775068,0.334301,5,1,full,black,zh,zh,2.1.1,
00ae9f26-d2f8-4e37-aa9b-172c57fe3e96,zh,"Chinese (中文 (Zhōngwén), 汉语, 漢語)",深紫,深紫色,深紫,p3,0.257893,0.117335,0.329653,5,2,full,black,zh,zh,2.1.1,
00ae9f26-d2f8-4e37-aa9b-172c57fe3e96,zh,"Chinese (中文 (Zhōngwén), 汉语, 漢語)",橙,橙色,橙,p3,0.872097,0.38566,0.012684,5,3,full,black,zh,zh,2.1.1,
00ae9f26-d2f8-4e37-aa9b-172c57fe3e96,zh,"Chinese (中文 (Zhōngwén), 汉语, 漢語)",灰绿,灰绿色,灰绿,p3,0.472573,0.53459,0.473697,5,4,full,black,zh,zh,2.1.1,
00ae9f26-d2f8-4e37-aa9b-172c57fe3e96,zh,"Chinese (中文 (Zhōngwén), 汉语, 漢語)",紫,紫色,紫色,p3,0.710508,0.665077,0.977659,5,5,full,black,zh,zh,2.1.1,
00ae9f26-d2f8-4e37-aa9b-172c57fe3e96,zh,"Chinese (中文 (Zhōngwén), 汉语, 漢語)",蓝,蓝色,蓝,p3,0.167573,0.428309,0.972909,5,6,full,black,zh,zh,2.1.1,
00ae9f26-d2f8-4e37-aa9b-172c57fe3e96,zh,"Chinese (中文 (Zhōngwén), 汉语, 漢語)",深绿,深绿色,深绿,p3,0.059051,0.131174,0.051695,5,7,full,black,zh,zh,2.1.1,
00ae9f26-d2f8-4e37-aa9b-172c57fe3e96,zh,"Chinese (中文 (Zhōngwén), 汉语, 漢語)",深蓝,深蓝色,深蓝,p3,0.001879,0.086364,0.258814,5,8,full,black,zh,zh,2.1.1,
00ae9f26-d2f8-4e37-aa9b-172c57fe3e96,zh,"Chinese (中文 (Zhōngwén), 汉语, 漢語)",淡绿,淡绿色,淡绿,p3,0.761085,0.945454,0.63855,5,9,full,black,zh,zh,2.1.1,
00ae9f26-d2f8-4e37-aa9b-172c57fe3e96,zh,"Chinese (中文 (Zhōngwén), 汉语, 漢語)",紫红,红紫色,红紫,p3,0.824112,0.358314,0.527829,5,10,full,black,zh,zh,2.1.1,
00ae9f26-d2f8-4e37-aa9b-172c57fe3e96,zh,"Chinese (中文 (Zhōngwén), 汉语, 漢語)",紫,紫色,紫色,p3,0.503835,0.371175,0.937276,5,11,full,black,zh,zh,2.1.1,
f5a39f19-585a-454c-8698-419d16684b41,zh,"Chinese (中文 (Zhōngwén), 汉语, 漢語)",黄绿,黄绿色,黄绿,p3,0.9105,0.994662,0.279664,1,0,full,white,en,en,2.1.1,
f5a39f19-585a-454c-8698-419d16684b41,zh,"Chinese (中文 (Zhōngwén), 汉语, 漢語)",蓝绿,蓝绿色,蓝绿,p3,0.33315,0.637763,0.663373,1,1,full,white,en,en,2.1.1,
f5a39f19-585a-454c-8698-419d16684b41,zh,"Chinese (中文 (Zhōngwén), 汉语, 漢語)",亮蓝绿,亮蓝绿色,亮蓝绿,p3,0.137268,0.749028,0.602971,1,2,full,white,en,en,2.1.1,
f5a39f19-585a-454c-8698-419d16684b41,zh,"Chinese (中文 (Zhōngwén), 汉语, 漢語)",深绿,深绿色,深绿,p3,0.016441,0.405184,0.301862,1,4,full,white,en,en,2.1.1,
f5a39f19-585a-454c-8698-419d16684b41,zh,"Chinese (中文 (Zhōngwén), 汉语, 漢語)",天蓝,天蓝色,天蓝,p3,0.549582,0.788025,0.979368,1,5,full,white,en,en,2.1.1,
f5a39f19-585a-454c-8698-419d16684b41,zh,"Chinese (中文 (Zhōngwén), 汉语, 漢語)",两字,两字色,两字,p3,0.7244,0.549138,0.980182,1,6,full,white,en,en,2.1.1,
c4e68c92-9880-41f1-a440-995ff5c8518c,zh,"Chinese (中文 (Zhōngwén), 汉语, 漢語)",蒂芙尼蓝,蒂芙尼蓝色,蒂芙尼蓝,p3,0.101956,0.843259,0.811388,1,0,full,black,zh,zh,2.1.1,
c4e68c92-9880-41f1-a440-995ff5c8518c,zh,"Chinese (中文 (Zhōngwén), 汉语, 漢語)",暗紫红,暗紫红色,暗紫红色,p3,0.603749,0.208743,0.417934,1,1,full,black,zh,zh,2.1.1,
c4e68c92-9880-41f1-a440-995ff5c8518c,zh,"Chinese (中文 (Zhōngwén), 汉语, 漢語)",骚粉,骚粉色,骚粉,p3,0.952378,0.465919,0.983652,1,2,full,black,zh,zh,2.1.1,
c4e68c92-9880-41f1-a440-995ff5c8518c,zh,"Chinese (中文 (Zhōngwén), 汉语, 漢語)",绿,绿色,绿,p3,0.280271,0.768575,0.410094,1,3,full,black,zh,zh,2.1.1,
c4e68c92-9880-41f1-a440-995ff5c8518c,zh,"Chinese (中文 (Zhōngwén), 汉语, 漢語)",荧光粉,荧光粉色,荧光粉,p3,0.928767,0.07149,0.642781,1,4,full,black,zh,zh,2.1.1,
c4e68c92-9880-41f1-a440-995ff5c8518c,zh,"Chinese (中文 (Zhōngwén), 汉语, 漢語)",黄,黄色,黄,p3,0.980229,0.786234,0.25512,1,5,full,black,zh,zh,2.1.1,
c4e68c92-9880-41f1-a440-995ff5c8518c,zh,"Chinese (中文 (Zhōngwén), 汉语, 漢語)",抹茶绿,抹茶绿色,抹茶绿,p3,0.69663,0.76891,0.525679,1,6,full,black,zh,zh,2.1.1,
c4e68c92-9880-41f1-a440-995ff5c8518c,zh,"Chinese (中文 (Zhōngwén), 汉语, 漢語)",阳光黄,阳光黄色,阳光黄,p3,0.95258,0.951698,0.246205,1,7,full,black,zh,zh,2.1.1,
c4e68c92-9880-41f1-a440-995ff5c8518c,zh,"Chinese (中文 (Zhōngwén), 汉语, 漢語)",青花蓝,青花蓝色,青花蓝,p3,0.120943,0.051527,0.440427,1,8,full,black,zh,zh,2.1.1,
c4e68c92-9880-41f1-a440-995ff5c8518c,zh,"Chinese (中文 (Zhōngwén), 汉语, 漢語)",荧光绿,荧光绿色,荧光绿,p3,0.360537,0.936352,0.282242,1,9,full,black,zh,zh,2.1.1,
c4e68c92-9880-41f1-a440-995ff5c8518c,zh,"Chinese (中文 (Zhōngwén), 汉语, 漢語)",猪血红,猪血红色,猪血红,p3,0.37993,0.117929,0.09985,1,10,full,black,zh,zh,2.1.1,
70b42894-8497-4c2c-b60e-f4ddfe2a50a1,zh,"Chinese (中文 (Zhōngwén), 汉语, 漢語)",深荧光,深荧光色,深荧光色,p3,0.84370905,0.8918789,0.17415738,1,0,full,white,zh,zh,2.1.1,
70b42894-8497-4c2c-b60e-f4ddfe2a50a1,zh,"Chinese (中文 (Zhōngwén), 汉语, 漢語)",芭比红,芭比红色,芭比红,p3,0.97632873,0.188235,0.8014382,1,1,full,white,zh,zh,2.1.1,
70b42894-8497-4c2c-b60e-f4ddfe2a50a1,zh,"Chinese (中文 (Zhōngwén), 汉语, 漢語)",深蓝,深蓝色,深蓝色,p3,0.07886835,0.2351068,0.5101267,1,2,full,white,zh,zh,2.1.1,
70b42894-8497-4c2c-b60e-f4ddfe2a50a1,zh,"Chinese (中文 (Zhōngwén), 汉语, 漢語)",玫红,玫瑰红色,玫瑰红,p3,0.716992,0.16897057,0.30475006,1,3,full,white,zh,zh,2.1.1,
70b42894-8497-4c2c-b60e-f4ddfe2a50a1,zh,"Chinese (中文 (Zhōngwén), 汉语, 漢語)",黑紫,黑紫色,黑紫色,p3,0.10196358,0.004839854,0.19300258,1,4,full,white,zh,zh,2.1.1,
70b42894-8497-4c2c-b60e-f4ddfe2a50a1,zh,"Chinese (中文 (Zhōngwén), 汉语, 漢語)",藏蓝,藏蓝色,藏蓝色,p3,0.019810846,0.09993382,0.39600396,1,5,full,white,zh,zh,2.1.1,
70b42894-8497-4c2c-b60e-f4ddfe2a50a1,zh,"Chinese (中文 (Zhōngwén), 汉语, 漢語)",蓝紫,蓝紫色,蓝紫色,p3,0.19404373,0.013716367,0.5782338,1,6,full,white,zh,zh,2.1.1,
70b42894-8497-4c2c-b60e-f4ddfe2a50a1,zh,"Chinese (中文 (Zhōngwén), 汉语, 漢語)",紫,紫色,紫色,p3,0.40491563,0.21542948,0.47297376,1,7,full,white,zh,zh,2.1.1,
70b42894-8497-4c2c-b60e-f4ddfe2a50a1,zh,"Chinese (中文 (Zhōngwén), 汉语, 漢語)",亮橙,亮橙色,亮橙色,p3,0.99804956,0.4424609,0.2457747,1,8,full,white,zh,zh,2.1.1,
70b42894-8497-4c2c-b60e-f4ddfe2a50a1,zh,"Chinese (中文 (Zhōngwén), 汉语, 漢語)",腮红杏,腮红杏色,腮红杏色,p3,0.74538136,0.4205793,0.3413325,1,9,full,white,zh,zh,2.1.1,
70b42894-8497-4c2c-b60e-f4ddfe2a50a1,zh,"Chinese (中文 (Zhōngwén), 汉语, 漢語)",小麦,小麦色,小麦色,p3,0.9223904,0.63208795,0.4093185,1,10,full,white,zh,zh,2.1.1,
70b42894-8497-4c2c-b60e-f4ddfe2a50a1,zh,"Chinese (中文 (Zhōngwén), 汉语, 漢語)",蓝,蓝色,蓝色,p3,0.30445677,0.5077603,0.98834914,1,11,full,white,zh,zh,2.1.1,
70b42894-8497-4c2c-b60e-f4ddfe2a50a1,zh,"Chinese (中文 (Zhōngwén), 汉语, 漢語)",紫红,紫红色,紫红色,p3,0.5872929,0.30129534,0.4997054,3,0,full,white,zh,zh,2.1.1,
70b42894-8497-4c2c-b60e-f4ddfe2a50a1,zh,"Chinese (中文 (Zhōngwén), 汉语, 漢語)",浅紫,浅紫色,浅紫色,p3,0.5986157,0.5252099,0.96514106,3,1,full,white,zh,zh,2.1.1,
70b42894-8497-4c2c-b60e-f4ddfe2a50a1,zh,"Chinese (中文 (Zhōngwén), 汉语, 漢語)",灰紫,灰紫色,灰紫色,p3,0.53028923,0.43583956,0.47533888,3,2,full,white,zh,zh,2.1.1,
70b42894-8497-4c2c-b60e-f4ddfe2a50a1,zh,"Chinese (中文 (Zhōngwén), 汉语, 漢語)",亮绿,亮绿色,亮绿色,p3,0.26395416,0.84986174,0.22039512,3,3,full,white,zh,zh,2.1.1,
70b42894-8497-4c2c-b60e-f4ddfe2a50a1,zh,"Chinese (中文 (Zhōngwén), 汉语, 漢語)",深蓝,深蓝色,深蓝色,p3,0.19588646,0.29586712,0.7083553,3,4,full,white,zh,zh,2.1.1,
70b42894-8497-4c2c-b60e-f4ddfe2a50a1,zh,"Chinese (中文 (Zhōngwén), 汉语, 漢語)",灰绿,灰绿色,灰绿色,p3,0.052455064,0.099504836,0.09851143,3,5,full,white,zh,zh,2.1.1,
70b42894-8497-4c2c-b60e-f4ddfe2a50a1,zh,"Chinese (中文 (Zhōngwén), 汉语, 漢語)",粉,粉色,粉色,p3,0.87273103,0.5014996,0.8351766,3,6,full,white,zh,zh,2.1.1,
70b42894-8497-4c2c-b60e-f4ddfe2a50a1,zh,"Chinese (中文 (Zhōngwén), 汉语, 漢語)",灰棕,灰棕色,灰棕色,p3,0.5989403,0.5815758,0.5330374,3,7,full,white,zh,zh,2.1.1,
70b42894-8497-4c2c-b60e-f4ddfe2a50a1,zh,"Chinese (中文 (Zhōngwén), 汉语, 漢語)",浅绿,浅绿色,浅绿色,p3,0.8503247,0.9850639,0.7852901,3,8,full,white,zh,zh,2.1.1,
70b42894-8497-4c2c-b60e-f4ddfe2a50a1,zh,"Chinese (中文 (Zhōngwén), 汉语, 漢語)",米,米色,米色,p3,0.8612886,0.7874701,0.638625,3,9,full,white,zh,zh,2.1.1,
70b42894-8497-4c2c-b60e-f4ddfe2a50a1,zh,"Chinese (中文 (Zhōngwén), 汉语, 漢語)",紫红,紫红色,紫红色,p3,0.5585952,0.0818623,0.5575108,3,10,full,white,zh,zh,2.1.1,
70b42894-8497-4c2c-b60e-f4ddfe2a50a1,zh,"Chinese (中文 (Zhōngwén), 汉语, 漢語)",土黄,土黄色,土黄色,p3,0.7901113,0.6795466,0.17656223,3,11,full,white,zh,zh,2.1.1,
70b42894-8497-4c2c-b60e-f4ddfe2a50a1,zh,"Chinese (中文 (Zhōngwén), 汉语, 漢語)",浅粉,浅粉色,浅粉色,p3,0.95255494,0.6870498,0.73803306,5,0,full,white,zh,zh,2.1.1,
70b42894-8497-4c2c-b60e-f4ddfe2a50a1,zh,"Chinese (中文 (Zhōngwén), 汉语, 漢語)",浅蓝紫,浅蓝紫色,浅蓝紫色,p3,0.49836236,0.51237786,0.72082984,5,1,full,white,zh,zh,2.1.1,
70b42894-8497-4c2c-b60e-f4ddfe2a50a1,zh,"Chinese (中文 (Zhōngwén), 汉语, 漢語)",草绿,草绿色,草绿,p3,0.5778086,0.7588933,0.11480347,5,2,full,white,zh,zh,2.1.1,
70b42894-8497-4c2c-b60e-f4ddfe2a50a1,zh,"Chinese (中文 (Zhōngwén), 汉语, 漢語)",亮蓝紫,亮蓝紫色,亮蓝紫色,p3,0.33480346,0.030568473,0.99922305,5,3,full,white,zh,zh,2.1.1,
70b42894-8497-4c2c-b60e-f4ddfe2a50a1,zh,"Chinese (中文 (Zhōngwén), 汉语, 漢語)",浅绿,浅绿色,浅绿,p3,0.57771146,0.9349847,0.33336854,5,4,full,white,zh,zh,2.1.1,
70b42894-8497-4c2c-b60e-f4ddfe2a50a1,zh,"Chinese (中文 (Zhōngwén), 汉语, 漢語)",粉紫,紫粉色,紫粉色,p3,0.6735073,0.3444473,0.9122011,5,5,full,white,zh,zh,2.1.1,
70b42894-8497-4c2c-b60e-f4ddfe2a50a1,zh,"Chinese (中文 (Zhōngwén), 汉语, 漢語)",薄荷绿,薄荷绿色,薄荷绿,p3,0.26179284,0.97388977,0.70681936,5,6,full,white,zh,zh,2.1.1,
70b42894-8497-4c2c-b60e-f4ddfe2a50a1,zh,"Chinese (中文 (Zhōngwén), 汉语, 漢語)",天蓝,天蓝色,天蓝色,p3,0.3869106,0.73187023,0.90876955,5,7,full,white,zh,zh,2.1.1,
70b42894-8497-4c2c-b60e-f4ddfe2a50a1,zh,"Chinese (中文 (Zhōngwén), 汉语, 漢語)",红棕,红棕色,红棕色,p3,0.24537769,0.062528566,0.02184196,5,8,full,white,zh,zh,2.1.1,
70b42894-8497-4c2c-b60e-f4ddfe2a50a1,zh,"Chinese (中文 (Zhōngwén), 汉语, 漢語)",砖红,砖红色,砖红色,p3,0.5625872,0.23873939,0.16981374,5,9,full,white,zh,zh,2.1.1,
70b42894-8497-4c2c-b60e-f4ddfe2a50a1,zh,"Chinese (中文 (Zhōngwén), 汉语, 漢語)",深紫,深紫色,深紫色,p3,0.30656487,0.11745524,0.3059386,5,10,full,white,zh,zh,2.1.1,
70b42894-8497-4c2c-b60e-f4ddfe2a50a1,zh,"Chinese (中文 (Zhōngwén), 汉语, 漢語)",深灰,深灰色,深灰色,p3,0.28066903,0.31386617,0.33689415,5,11,full,white,zh,zh,2.1.1,
1b877a01-0015-4653-b70a-1cb658d95d6d,zh,"Chinese (中文 (Zhōngwén), 汉语, 漢語)",绿,绿色,绿色,rgb,0,255,89,1,0,line,black,en,en,2.1.1,
1b877a01-0015-4653-b70a-1cb658d95d6d,zh,"Chinese (中文 (Zhōngwén), 汉语, 漢語)",蓝,蓝色,蓝色,rgb,0,153,255,1,1,line,black,en,en,2.1.1,
1b877a01-0015-4653-b70a-1cb658d95d6d,zh,"Chinese (中文 (Zhōngwén), 汉语, 漢語)",紫,紫色,紫色,rgb,184,0,255,1,2,line,black,en,en,2.1.1,
1b877a01-0015-4653-b70a-1cb658d95d6d,zh,"Chinese (中文 (Zhōngwén), 汉语, 漢語)",青,青色,青色,rgb,0,255,192,1,3,line,black,en,en,2.1.1,
1b877a01-0015-4653-b70a-1cb658d95d6d,zh,"Chinese (中文 (Zhōngwén), 汉语, 漢語)",深蓝,深蓝色,深蓝色,rgb,0,90,255,1,5,line,black,en,en,2.1.1,
1b877a01-0015-4653-b70a-1cb658d95d6d,zh,"Chinese (中文 (Zhōngwén), 汉语, 漢語)",蓝紫,蓝紫色,蓝紫色,rgb,51,0,255,1,6,line,black,en,en,2.1.1,
1b877a01-0015-4653-b70a-1cb658d95d6d,zh,"Chinese (中文 (Zhōngwén), 汉语, 漢語)",天蓝,天蓝色,天蓝色,rgb,0,203,255,1,7,line,black,en,en,2.1.1,
1b877a01-0015-4653-b70a-1cb658d95d6d,zh,"Chinese (中文 (Zhōngwén), 汉语, 漢語)",天蓝,天蓝色,天蓝色,rgb,0,208,255,1,8,line,black,en,en,2.1.1,
1b877a01-0015-4653-b70a-1cb658d95d6d,zh,"Chinese (中文 (Zhōngwén), 汉语, 漢語)",黄,黄色,黄色,rgb,255,210,0,1,9,line,black,en,en,2.1.1,
1b877a01-0015-4653-b70a-1cb658d95d6d,zh,"Chinese (中文 (Zhōngwén), 汉语, 漢語)",紫,紫色,紫色,rgb,202,0,255,1,10,line,black,en,en,2.1.1,
1b877a01-0015-4653-b70a-1cb658d95d6d,zh,"Chinese (中文 (Zhōngwén), 汉语, 漢語)",红,红色,红色,rgb,255,56,0,1,11,line,black,en,en,2.1.1,
1b877a01-0015-4653-b70a-1cb658d95d6d,zh,"Chinese (中文 (Zhōngwén), 汉语, 漢語)",紫,紫色,紫色,rgb,245,0,255,3,0,line,black,en,en,2.1.1,
1b877a01-0015-4653-b70a-1cb658d95d6d,zh,"Chinese (中文 (Zhōngwén), 汉语, 漢語)",红,红色,红色,rgb,255,0,82,3,1,line,black,en,en,2.1.1,
1b877a01-0015-4653-b70a-1cb658d95d6d,zh,"Chinese (中文 (Zhōngwén), 汉语, 漢語)",深蓝,深蓝色,深蓝色,rgb,0,129,255,3,2,line,black,en,en,2.1.1,
1b877a01-0015-4653-b70a-1cb658d95d6d,zh,"Chinese (中文 (Zhōngwén), 汉语, 漢語)",绿,绿色,绿色,rgb,0,255,49,3,3,line,black,en,en,2.1.1,
1b877a01-0015-4653-b70a-1cb658d95d6d,zh,"Chinese (中文 (Zhōngwén), 汉语, 漢語)",粉紫,粉紫色,粉紫色,rgb,255,0,211,3,4,line,black,en,en,2.1.1,
1b877a01-0015-4653-b70a-1cb658d95d6d,zh,"Chinese (中文 (Zhōngwén), 汉语, 漢語)",橘,橘色,橘色,rgb,255,80,0,3,5,line,black,en,en,2.1.1,
1b877a01-0015-4653-b70a-1cb658d95d6d,zh,"Chinese (中文 (Zhōngwén), 汉语, 漢語)",姿,姿色,姿色,rgb,144,0,255,3,6,line,black,en,en,2.1.1,
1b877a01-0015-4653-b70a-1cb658d95d6d,zh,"Chinese (中文 (Zhōngwén), 汉语, 漢語)",卡其,卡其色,卡其色,rgb,255,160,0,3,7,line,black,en,en,2.1.1,
1b877a01-0015-4653-b70a-1cb658d95d6d,zh,"Chinese (中文 (Zhōngwén), 汉语, 漢語)",芭比粉,芭比粉色,芭比粉色,rgb,255,0,148,3,8,line,black,en,en,2.1.1,
1b877a01-0015-4653-b70a-1cb658d95d6d,zh,"Chinese (中文 (Zhōngwén), 汉语, 漢語)",青绿,青绿色,青绿色,rgb,0,255,176,3,9,line,black,en,en,2.1.1,
1b877a01-0015-4653-b70a-1cb658d95d6d,zh,"Chinese (中文 (Zhōngwén), 汉语, 漢語)",蓝,蓝色,蓝色,rgb,0,182,255,3,10,line,black,en,en,2.1.1,
1b877a01-0015-4653-b70a-1cb658d95d6d,zh,"Chinese (中文 (Zhōngwén), 汉语, 漢語)",米黄,米黄色,米黄色,rgb,255,179,0,3,11,line,black,en,en,2.1.1,
1b877a01-0015-4653-b70a-1cb658d95d6d,zh,"Chinese (中文 (Zhōngwén), 汉语, 漢語)",果绿,果绿色,果绿色,rgb,212,255,0,5,0,line,black,en,en,2.1.1,
1b877a01-0015-4653-b70a-1cb658d95d6d,zh,"Chinese (中文 (Zhōngwén), 汉语, 漢語)",深蓝,深蓝色,深蓝色,rgb,0,77,255,5,1,line,black,en,en,2.1.1,
1b877a01-0015-4653-b70a-1cb658d95d6d,zh,"Chinese (中文 (Zhōngwén), 汉语, 漢語)",深紫,深紫色,深紫色,rgb,112,0,255,5,2,line,black,en,en,2.1.1,
1b877a01-0015-4653-b70a-1cb658d95d6d,zh,"Chinese (中文 (Zhōngwén), 汉语, 漢語)",橘,橘色,橘色,rgb,255,139,0,5,3,line,black,en,en,2.1.1,
1b877a01-0015-4653-b70a-1cb658d95d6d,zh,"Chinese (中文 (Zhōngwén), 汉语, 漢語)",粉,粉色,粉色,rgb,255,0,114,5,4,line,black,en,en,2.1.1,
1b877a01-0015-4653-b70a-1cb658d95d6d,zh,"Chinese (中文 (Zhōngwén), 汉语, 漢語)",深蓝,深蓝色,深蓝色,rgb,0,11,255,5,5,line,black,en,en,2.1.1,
1b877a01-0015-4653-b70a-1cb658d95d6d,zh,"Chinese (中文 (Zhōngwén), 汉语, 漢語)",亮黄,亮黄色,亮黄色,rgb,255,253,0,5,6,line,black,en,en,2.1.1,
1b877a01-0015-4653-b70a-1cb658d95d6d,zh,"Chinese (中文 (Zhōngwén), 汉语, 漢語)",芭比粉,芭比粉色,芭比粉色,rgb,255,0,172,5,7,line,black,en,en,2.1.1,
1b877a01-0015-4653-b70a-1cb658d95d6d,zh,"Chinese (中文 (Zhōngwén), 汉语, 漢語)",绿,绿色,绿色,rgb,155,255,0,5,8,line,black,en,en,2.1.1,
1b877a01-0015-4653-b70a-1cb658d95d6d,zh,"Chinese (中文 (Zhōngwén), 汉语, 漢語)",黄,黄色,黄色,rgb,255,224,0,5,9,line,black,en,en,2.1.1,
1b877a01-0015-4653-b70a-1cb658d95d6d,zh,"Chinese (中文 (Zhōngwén), 汉语, 漢語)",青,青色,青色,rgb,0,255,252,5,10,line,black,en,en,2.1.1,
1b877a01-0015-4653-b70a-1cb658d95d6d,zh,"Chinese (中文 (Zhōngwén), 汉语, 漢語)",深紫,深紫色,深紫色,rgb,85,0,255,5,11,line,black,en,en,2.1.1,
4d73b280-dd37-4cc3-b375-596387f4226f,zh,"Chinese (中文 (Zhōngwén), 汉语, 漢語)",红褐,红褐色,红褐色,p3,0.525777,0.154596,0.183797,1,0,full,black,zh,zh,2.1.1,
4d73b280-dd37-4cc3-b375-596387f4226f,zh,"Chinese (中文 (Zhōngwén), 汉语, 漢語)",淡绿,淡绿色,淡绿色,p3,0.524375,0.75552,0.663837,1,1,full,black,zh,zh,2.1.1,
4d73b280-dd37-4cc3-b375-596387f4226f,zh,"Chinese (中文 (Zhōngwén), 汉语, 漢語)",紫褐,紫褐色,紫褐色,p3,0.51841,0.402545,0.529018,1,2,full,black,zh,zh,2.1.1,
4d73b280-dd37-4cc3-b375-596387f4226f,zh,"Chinese (中文 (Zhōngwén), 汉语, 漢語)",淡紫,淡紫色,淡紫色,p3,0.831633,0.692761,0.980893,1,3,full,black,zh,zh,2.1.1,
4d73b280-dd37-4cc3-b375-596387f4226f,zh,"Chinese (中文 (Zhōngwén), 汉语, 漢語)",肉,肉色,肉色,p3,0.833976,0.670226,0.604182,1,4,full,black,zh,zh,2.1.1,
4d73b280-dd37-4cc3-b375-596387f4226f,zh,"Chinese (中文 (Zhōngwén), 汉语, 漢語)",红褐,红褐色,红褐色,p3,0.237436,0.0897,0.136898,1,5,full,black,zh,zh,2.1.1,
4d73b280-dd37-4cc3-b375-596387f4226f,zh,"Chinese (中文 (Zhōngwén), 汉语, 漢語)",亮紫,亮紫色,亮紫色,p3,0.521964,0.059424,0.845931,1,6,full,black,zh,zh,2.1.1,
4d73b280-dd37-4cc3-b375-596387f4226f,zh,"Chinese (中文 (Zhōngwén), 汉语, 漢語)",紫红,紫红色,紫红色,p3,0.640732,0.144247,0.602983,1,7,full,black,zh,zh,2.1.1,
4d73b280-dd37-4cc3-b375-596387f4226f,zh,"Chinese (中文 (Zhōngwén), 汉语, 漢語)",蓝紫,蓝紫色,蓝紫色,p3,0.266123,0.220972,0.449812,1,8,full,black,zh,zh,2.1.1,
4d73b280-dd37-4cc3-b375-596387f4226f,zh,"Chinese (中文 (Zhōngwén), 汉语, 漢語)",深绿,深绿色,深绿色,p3,0.065167,0.172394,0.211374,1,9,full,black,zh,zh,2.1.1,
4d73b280-dd37-4cc3-b375-596387f4226f,zh,"Chinese (中文 (Zhōngwén), 汉语, 漢語)",粉红,红粉色,红粉色,p3,0.938548,0.179013,0.410393,1,10,full,black,zh,zh,2.1.1,
4d73b280-dd37-4cc3-b375-596387f4226f,zh,"Chinese (中文 (Zhōngwén), 汉语, 漢語)",蓝紫,蓝紫色,蓝紫色,p3,0.304741,0.127957,0.771486,1,11,full,black,zh,zh,2.1.1,
4d73b280-dd37-4cc3-b375-596387f4226f,zh,"Chinese (中文 (Zhōngwén), 汉语, 漢語)",淡蓝,淡蓝色,淡蓝色,p3,0.311102,0.384709,0.617002,3,0,full,black,zh,zh,2.1.1,
4d73b280-dd37-4cc3-b375-596387f4226f,zh,"Chinese (中文 (Zhōngwén), 汉语, 漢語)",深绿,深绿色,深绿色,p3,0.116212,0.322401,0.320664,3,1,full,black,zh,zh,2.1.1,
4d73b280-dd37-4cc3-b375-596387f4226f,zh,"Chinese (中文 (Zhōngwén), 汉语, 漢語)",浅绿,浅绿色,浅绿色,p3,0.555599,0.79588,0.390495,3,2,full,black,zh,zh,2.1.1,
4d73b280-dd37-4cc3-b375-596387f4226f,zh,"Chinese (中文 (Zhōngwén), 汉语, 漢語)",浅蓝,浅蓝色,浅蓝色,p3,0.805881,0.985974,0.984435,3,3,full,black,zh,zh,2.1.1,
4d73b280-dd37-4cc3-b375-596387f4226f,zh,"Chinese (中文 (Zhōngwén), 汉语, 漢語)",深蓝,深蓝色,深蓝色,p3,0.010495,0.008003,0.196473,3,4,full,black,zh,zh,2.1.1,
4d73b280-dd37-4cc3-b375-596387f4226f,zh,"Chinese (中文 (Zhōngwén), 汉语, 漢語)",淡黄,淡黄色,淡黄色,p3,0.94125,0.882059,0.69054,3,5,full,black,zh,zh,2.1.1,
4d73b280-dd37-4cc3-b375-596387f4226f,zh,"Chinese (中文 (Zhōngwén), 汉语, 漢語)",粉,粉色,粉色,p3,0.88913,0.445985,0.637215,3,6,full,black,zh,zh,2.1.1,
4d73b280-dd37-4cc3-b375-596387f4226f,zh,"Chinese (中文 (Zhōngwén), 汉语, 漢語)",紫,紫色,紫色,p3,0.547365,0.513836,0.771023,3,7,full,black,zh,zh,2.1.1,
4d73b280-dd37-4cc3-b375-596387f4226f,zh,"Chinese (中文 (Zhōngwén), 汉语, 漢語)",绿,绿色,绿色,p3,0.386187,0.918078,0.411716,3,8,full,black,zh,zh,2.1.1,
4d73b280-dd37-4cc3-b375-596387f4226f,zh,"Chinese (中文 (Zhōngwén), 汉语, 漢語)",蓝,蓝色,蓝色,p3,0.33756,0.48413,0.925708,3,9,full,black,zh,zh,2.1.1,
4d73b280-dd37-4cc3-b375-596387f4226f,zh,"Chinese (中文 (Zhōngwén), 汉语, 漢語)",黄褐,黄褐色,黄褐色,p3,0.77828,0.603557,0.076268,3,10,full,black,zh,zh,2.1.1,
4d73b280-dd37-4cc3-b375-596387f4226f,zh,"Chinese (中文 (Zhōngwén), 汉语, 漢語)",深绿,深绿色,深绿色,p3,0.133586,0.336105,0.005338,3,11,full,black,zh,zh,2.1.1,
4d73b280-dd37-4cc3-b375-596387f4226f,zh,"Chinese (中文 (Zhōngwén), 汉语, 漢語)",淡绿,淡绿色,淡绿色,p3,0.342106,0.606407,0.543619,5,0,full,black,zh,zh,2.1.1,
4d73b280-dd37-4cc3-b375-596387f4226f,zh,"Chinese (中文 (Zhōngwén), 汉语, 漢語)",神粉红,神粉红色,神粉红,p3,0.723857,0.387452,0.492649,5,1,full,black,zh,zh,2.1.1,
4d73b280-dd37-4cc3-b375-596387f4226f,zh,"Chinese (中文 (Zhōngwén), 汉语, 漢語)",亮紫,亮紫色,亮紫色,p3,0.502065,0.321381,0.95984,5,2,full,black,zh,zh,2.1.1,
4d73b280-dd37-4cc3-b375-596387f4226f,zh,"Chinese (中文 (Zhōngwén), 汉语, 漢語)",淡蓝,淡蓝色,淡蓝色,p3,0.687121,0.838787,0.9786,5,3,full,black,zh,zh,2.1.1,
4d73b280-dd37-4cc3-b375-596387f4226f,zh,"Chinese (中文 (Zhōngwén), 汉语, 漢語)",紫褐,紫褐色,紫褐色,p3,0.368252,0.005856,0.265293,5,4,full,black,zh,zh,2.1.1,
4d73b280-dd37-4cc3-b375-596387f4226f,zh,"Chinese (中文 (Zhōngwén), 汉语, 漢語)",绿,绿色,绿色,p3,0.006884,0.550565,0.349,5,5,full,black,zh,zh,2.1.1,
4d73b280-dd37-4cc3-b375-596387f4226f,zh,"Chinese (中文 (Zhōngwén), 汉语, 漢語)",亮粉,亮粉色,亮粉色,p3,0.961579,0.182184,0.962141,5,6,full,black,zh,zh,2.1.1,
4d73b280-dd37-4cc3-b375-596387f4226f,zh,"Chinese (中文 (Zhōngwén), 汉语, 漢語)",褐,褐色,褐色,p3,0.417284,0.299867,0.368352,5,7,full,black,zh,zh,2.1.1,
4d73b280-dd37-4cc3-b375-596387f4226f,zh,"Chinese (中文 (Zhōngwén), 汉语, 漢語)",深蓝,深蓝色,深蓝色,p3,0.109877,0.098378,0.545026,5,8,full,black,zh,zh,2.1.1,
4d73b280-dd37-4cc3-b375-596387f4226f,zh,"Chinese (中文 (Zhōngwén), 汉语, 漢語)",橘,橘色,橘色,p3,0.907429,0.324248,0.211813,5,9,full,black,zh,zh,2.1.1,
4d73b280-dd37-4cc3-b375-596387f4226f,zh,"Chinese (中文 (Zhōngwén), 汉语, 漢語)",亮绿,亮绿色,亮绿色,p3,0.826733,0.986372,0.523152,5,10,full,black,zh,zh,2.1.1,
4d73b280-dd37-4cc3-b375-596387f4226f,zh,"Chinese (中文 (Zhōngwén), 汉语, 漢語)",暗蓝,暗蓝色,暗蓝色,p3,0.571607,0.653617,0.77844,5,11,full,black,zh,zh,2.1.1,
092bc223-cc37-45dc-a0d2-00e99919426c,zh,"Chinese (中文 (Zhōngwén), 汉语, 漢語)",咖啡,咖啡色,咖啡色,rec2020,0,0,0,1,0,full,white,zh,zh,2.1.1,
092bc223-cc37-45dc-a0d2-00e99919426c,zh,"Chinese (中文 (Zhōngwén), 汉语, 漢語)",葡萄紫,葡萄紫色,葡萄紫,rec2020,0,0,0,1,1,full,white,zh,zh,2.1.1,
092bc223-cc37-45dc-a0d2-00e99919426c,zh,"Chinese (中文 (Zhōngwén), 汉语, 漢語)",薰衣草紫,薰衣草紫色,薰衣草紫,rec2020,0,0,0,1,2,full,white,zh,zh,2.1.1,
092bc223-cc37-45dc-a0d2-00e99919426c,zh,"Chinese (中文 (Zhōngwén), 汉语, 漢語)",克莱因蓝,克莱因蓝色,克莱因蓝,rec2020,0,0,0,1,3,full,white,zh,zh,2.1.1,
092bc223-cc37-45dc-a0d2-00e99919426c,zh,"Chinese (中文 (Zhōngwén), 汉语, 漢語)",蒂芙尼蓝,蒂芙尼蓝色,蒂芙尼蓝,rec2020,0,0,0,1,4,full,white,zh,zh,2.1.1,
092bc223-cc37-45dc-a0d2-00e99919426c,zh,"Chinese (中文 (Zhōngwén), 汉语, 漢語)",酒红,酒红色,酒红色,rec2020,0,0,0,1,5,full,white,zh,zh,2.1.1,
092bc223-cc37-45dc-a0d2-00e99919426c,zh,"Chinese (中文 (Zhōngwén), 汉语, 漢語)",米白,米白色,米白色,rec2020,0,0,0,1,6,full,white,zh,zh,2.1.1,
092bc223-cc37-45dc-a0d2-00e99919426c,zh,"Chinese (中文 (Zhōngwén), 汉语, 漢語)",湖水蓝,湖水蓝色,湖水蓝,rec2020,0,0,0,1,7,full,white,zh,zh,2.1.1,
092bc223-cc37-45dc-a0d2-00e99919426c,zh,"Chinese (中文 (Zhōngwén), 汉语, 漢語)",奶茶,奶茶色,奶茶色,rec2020,0,0,0,1,8,full,white,zh,zh,2.1.1,
092bc223-cc37-45dc-a0d2-00e99919426c,zh,"Chinese (中文 (Zhōngwén), 汉语, 漢語)",薄荷绿,薄荷绿色,薄荷绿,rec2020,0,0,0,1,9,full,white,zh,zh,2.1.1,
092bc223-cc37-45dc-a0d2-00e99919426c,zh,"Chinese (中文 (Zhōngwén), 汉语, 漢語)",玫瑰粉,玫瑰粉色,玫瑰粉,rec2020,0,0,0,1,10,full,white,zh,zh,2.1.1,
092bc223-cc37-45dc-a0d2-00e99919426c,zh,"Chinese (中文 (Zhōngwén), 汉语, 漢語)",勃艮第红,勃艮第红色,勃艮第红,rec2020,0,0,0,1,11,full,white,zh,zh,2.1.1,
092bc223-cc37-45dc-a0d2-00e99919426c,zh,"Chinese (中文 (Zhōngwén), 汉语, 漢語)",浅蓝,浅蓝色,浅蓝色,rec2020,0,0,0,3,0,full,white,zh,zh,2.1.1,
092bc223-cc37-45dc-a0d2-00e99919426c,zh,"Chinese (中文 (Zhōngwén), 汉语, 漢語)",深灰,深灰色,深灰色,rec2020,0,0,0,3,1,full,white,zh,zh,2.1.1,
092bc223-cc37-45dc-a0d2-00e99919426c,zh,"Chinese (中文 (Zhōngwén), 汉语, 漢語)",白金,白金色,白金色,rec2020,0,0,0,3,2,full,white,zh,zh,2.1.1,
092bc223-cc37-45dc-a0d2-00e99919426c,zh,"Chinese (中文 (Zhōngwén), 汉语, 漢語)",玫瑰粉,玫瑰粉色,玫瑰粉,rec2020,0,0,0,3,3,full,white,zh,zh,2.1.1,
092bc223-cc37-45dc-a0d2-00e99919426c,zh,"Chinese (中文 (Zhōngwén), 汉语, 漢語)",柠檬黄,柠檬黄色,柠檬黄,rec2020,0,0,0,3,4,full,white,zh,zh,2.1.1,
092bc223-cc37-45dc-a0d2-00e99919426c,zh,"Chinese (中文 (Zhōngwén), 汉语, 漢語)",天蓝,天空蓝色,天空蓝,rec2020,0,0,0,3,5,full,white,zh,zh,2.1.1,
092bc223-cc37-45dc-a0d2-00e99919426c,zh,"Chinese (中文 (Zhōngwén), 汉语, 漢語)",星空灰,星空灰色,星空灰,rec2020,0,0,0,3,6,full,white,zh,zh,2.1.1,
092bc223-cc37-45dc-a0d2-00e99919426c,zh,"Chinese (中文 (Zhōngwén), 汉语, 漢語)",象牙白,象牙白色,象牙白,rec2020,0,0,0,3,7,full,white,zh,zh,2.1.1,
092bc223-cc37-45dc-a0d2-00e99919426c,zh,"Chinese (中文 (Zhōngwén), 汉语, 漢語)",紫罗蓝,紫罗兰色,紫罗兰色,rec2020,0,0,0,3,8,full,white,zh,zh,2.1.1,
092bc223-cc37-45dc-a0d2-00e99919426c,zh,"Chinese (中文 (Zhōngwén), 汉语, 漢語)",蓝紫,蓝紫色,蓝紫色,rec2020,0,0,0,3,9,full,white,zh,zh,2.1.1,
092bc223-cc37-45dc-a0d2-00e99919426c,zh,"Chinese (中文 (Zhōngwén), 汉语, 漢語)",烟灰蓝,烟灰蓝色,烟灰蓝,rec2020,0,0,0,3,10,full,white,zh,zh,2.1.1,
092bc223-cc37-45dc-a0d2-00e99919426c,zh,"Chinese (中文 (Zhōngwén), 汉语, 漢語)",香槟金,香槟金色,香槟金,rec2020,0,0,0,3,11,full,white,zh,zh,2.1.1,
092bc223-cc37-45dc-a0d2-00e99919426c,zh,"Chinese (中文 (Zhōngwén), 汉语, 漢語)",银河灰,银河灰色,银河灰,rec2020,0,0,0,5,0,full,white,zh,zh,2.1.1,
092bc223-cc37-45dc-a0d2-00e99919426c,zh,"Chinese (中文 (Zhōngwén), 汉语, 漢語)",宝石蓝,宝石蓝色,宝石蓝,rec2020,0,0,0,5,1,full,white,zh,zh,2.1.1,
092bc223-cc37-45dc-a0d2-00e99919426c,zh,"Chinese (中文 (Zhōngwén), 汉语, 漢語)",玛瑙红,玛瑙红色,玛瑙红,rec2020,0,0,0,5,2,full,white,zh,zh,2.1.1,
092bc223-cc37-45dc-a0d2-00e99919426c,zh,"Chinese (中文 (Zhōngwén), 汉语, 漢語)",祖母绿,祖母绿色,祖母绿,rec2020,0,0,0,5,3,full,white,zh,zh,2.1.1,
092bc223-cc37-45dc-a0d2-00e99919426c,zh,"Chinese (中文 (Zhōngwén), 汉语, 漢語)",珍珠白,珍珠白色,珍珠白,rec2020,0,0,0,5,4,full,white,zh,zh,2.1.1,
092bc223-cc37-45dc-a0d2-00e99919426c,zh,"Chinese (中文 (Zhōngwén), 汉语, 漢語)",琥珀,琥珀色,琥珀色,rec2020,0,0,0,5,5,full,white,zh,zh,2.1.1,
092bc223-cc37-45dc-a0d2-00e99919426c,zh,"Chinese (中文 (Zhōngwén), 汉语, 漢語)",奶油黄,奶油黄色,奶油黄,rec2020,0,0,0,5,6,full,white,zh,zh,2.1.1,
092bc223-cc37-45dc-a0d2-00e99919426c,zh,"Chinese (中文 (Zhōngwén), 汉语, 漢語)",焦糖棕,焦糖棕色,焦糖棕,rec2020,0,0,0,5,7,full,white,zh,zh,2.1.1,
092bc223-cc37-45dc-a0d2-00e99919426c,zh,"Chinese (中文 (Zhōngwén), 汉语, 漢語)",黛青,黛青色,黛青色,rec2020,0,0,0,5,8,full,white,zh,zh,2.1.1,
092bc223-cc37-45dc-a0d2-00e99919426c,zh,"Chinese (中文 (Zhōngwén), 汉语, 漢語)",胭脂红,胭脂红色,胭脂红,rec2020,0,0,0,5,9,full,white,zh,zh,2.1.1,
092bc223-cc37-45dc-a0d2-00e99919426c,zh,"Chinese (中文 (Zhōngwén), 汉语, 漢語)",水墨灰,水墨灰色,水墨灰,rec2020,0,0,0,5,10,full,white,zh,zh,2.1.1,
092bc223-cc37-45dc-a0d2-00e99919426c,zh,"Chinese (中文 (Zhōngwén), 汉语, 漢語)",暮光紫,暮光紫色,暮光紫,rec2020,0,0,0,5,11,full,white,zh,zh,2.1.1,
55d1171c-dcc0-4c1f-bc8a-1b978776835f,zh,"Chinese (中文 (Zhōngwén), 汉语, 漢語)",灰,灰色,灰,p3,0.622798,0.628131,0.551809,1,0,full,black,en,en,2.1.1,
55d1171c-dcc0-4c1f-bc8a-1b978776835f,zh,"Chinese (中文 (Zhōngwén), 汉语, 漢語)",荧光绿,荧光绿色,荧光绿,p3,0.481505,0.94741,0.441636,1,1,full,black,en,en,2.1.1,
55d1171c-dcc0-4c1f-bc8a-1b978776835f,zh,"Chinese (中文 (Zhōngwén), 汉语, 漢語)",深绿,深绿色,深绿,p3,0.160756,0.373113,0.224475,1,2,full,black,en,en,2.1.1,
55d1171c-dcc0-4c1f-bc8a-1b978776835f,zh,"Chinese (中文 (Zhōngwén), 汉语, 漢語)",皮粉,皮粉色,皮粉,p3,0.906483,0.591048,0.582996,1,3,full,black,en,en,2.1.1,
55d1171c-dcc0-4c1f-bc8a-1b978776835f,zh,"Chinese (中文 (Zhōngwén), 汉语, 漢語)",梅粉,梅粉色,梅粉,p3,0.601631,0.11277,0.338257,1,4,full,black,en,en,2.1.1,
55d1171c-dcc0-4c1f-bc8a-1b978776835f,zh,"Chinese (中文 (Zhōngwén), 汉语, 漢語)",炭灰,炭灰色,炭灰,p3,0.127031,0.126898,0.017841,1,5,full,black,en,en,2.1.1,
55d1171c-dcc0-4c1f-bc8a-1b978776835f,zh,"Chinese (中文 (Zhōngwén), 汉语, 漢語)",深粉,深粉色,深粉,p3,0.638012,0.321188,0.326938,1,6,full,black,en,en,2.1.1,
55d1171c-dcc0-4c1f-bc8a-1b978776835f,zh,"Chinese (中文 (Zhōngwén), 汉语, 漢語)",深紫,深紫色,深紫,p3,0.213877,0.027195,0.127151,1,7,full,black,en,en,2.1.1,
55d1171c-dcc0-4c1f-bc8a-1b978776835f,zh,"Chinese (中文 (Zhōngwén), 汉语, 漢語)",土黄,土黄色,土黄,p3,0.632184,0.477126,0.061617,1,8,full,black,en,en,2.1.1,
55d1171c-dcc0-4c1f-bc8a-1b978776835f,zh,"Chinese (中文 (Zhōngwén), 汉语, 漢語)",芋头紫,芋头紫色,芋头紫,p3,0.369746,0.235018,0.270301,1,9,full,black,en,en,2.1.1,
55d1171c-dcc0-4c1f-bc8a-1b978776835f,zh,"Chinese (中文 (Zhōngwén), 汉语, 漢語)",荧光粉,荧光粉色,荧光粉,p3,0.756588,0.21105,0.487078,1,10,full,black,en,en,2.1.1,
55d1171c-dcc0-4c1f-bc8a-1b978776835f,zh,"Chinese (中文 (Zhōngwén), 汉语, 漢語)",淡蓝,淡蓝色,淡蓝,p3,0.751052,0.726567,0.817736,1,11,full,black,en,en,2.1.1,
55d1171c-dcc0-4c1f-bc8a-1b978776835f,zh,"Chinese (中文 (Zhōngwén), 汉语, 漢語)",深紫,深紫色,深紫,p3,0.242559,0.090163,0.378814,3,0,full,black,en,en,2.1.1,
55d1171c-dcc0-4c1f-bc8a-1b978776835f,zh,"Chinese (中文 (Zhōngwén), 汉语, 漢語)",橘,橘色,橘,p3,0.834228,0.47657,0.048199,3,1,full,black,en,en,2.1.1,
55d1171c-dcc0-4c1f-bc8a-1b978776835f,zh,"Chinese (中文 (Zhōngwén), 汉语, 漢語)",蓝紫,蓝紫色,蓝紫,p3,0.397754,0.198261,0.987326,3,2,full,black,en,en,2.1.1,
55d1171c-dcc0-4c1f-bc8a-1b978776835f,zh,"Chinese (中文 (Zhōngwén), 汉语, 漢語)",黑,黑色,黑,p3,0.000687,0.001909,0.011514,3,3,full,black,en,en,2.1.1,
55d1171c-dcc0-4c1f-bc8a-1b978776835f,zh,"Chinese (中文 (Zhōngwén), 汉语, 漢語)",青,青色,青,p3,0.315532,0.810987,0.537727,3,4,full,black,en,en,2.1.1,
55d1171c-dcc0-4c1f-bc8a-1b978776835f,zh,"Chinese (中文 (Zhōngwén), 汉语, 漢語)",暗粉,暗粉色,暗粉,p3,0.608157,0.452659,0.542655,3,5,full,black,en,en,2.1.1,
55d1171c-dcc0-4c1f-bc8a-1b978776835f,zh,"Chinese (中文 (Zhōngwén), 汉语, 漢語)",深蓝,深蓝色,深蓝,p3,0.116095,0.107006,0.900646,3,6,full,black,en,en,2.1.1,
55d1171c-dcc0-4c1f-bc8a-1b978776835f,zh,"Chinese (中文 (Zhōngwén), 汉语, 漢語)",蓝,蓝色,蓝,p3,0.225475,0.355745,0.865072,3,7,full,black,en,en,2.1.1,
55d1171c-dcc0-4c1f-bc8a-1b978776835f,zh,"Chinese (中文 (Zhōngwén), 汉语, 漢語)",绿,绿色,绿,p3,0.261205,0.659752,0.352443,3,8,full,black,en,en,2.1.1,
55d1171c-dcc0-4c1f-bc8a-1b978776835f,zh,"Chinese (中文 (Zhōngwén), 汉语, 漢語)",薰衣草紫,薰衣草紫色,薰衣草紫,p3,0.725037,0.559196,0.975,3,9,full,black,en,en,2.1.1,
55d1171c-dcc0-4c1f-bc8a-1b978776835f,zh,"Chinese (中文 (Zhōngwén), 汉语, 漢語)",萤光蓝,荧光蓝色,荧光蓝,p3,0.05067,0.940313,0.974168,3,10,full,black,en,en,2.1.1,
55d1171c-dcc0-4c1f-bc8a-1b978776835f,zh,"Chinese (中文 (Zhōngwén), 汉语, 漢語)",天蓝,天蓝色,天蓝,p3,0.36982,0.784736,0.863743,3,11,full,black,en,en,2.1.1,
55d1171c-dcc0-4c1f-bc8a-1b978776835f,zh,"Chinese (中文 (Zhōngwén), 汉语, 漢語)",深紫,深紫色,深紫,p3,0.428294,0.188898,0.672683,5,0,full,black,en,en,2.1.1,
55d1171c-dcc0-4c1f-bc8a-1b978776835f,zh,"Chinese (中文 (Zhōngwén), 汉语, 漢語)",荧光粉,荧光粉色,荧光粉,p3,0.877009,0.183373,0.809478,5,1,full,black,en,en,2.1.1,
55d1171c-dcc0-4c1f-bc8a-1b978776835f,zh,"Chinese (中文 (Zhōngwén), 汉语, 漢語)",深蓝,深蓝色,深蓝,p3,0.164696,0.233501,0.667628,5,2,full,black,en,en,2.1.1,
55d1171c-dcc0-4c1f-bc8a-1b978776835f,zh,"Chinese (中文 (Zhōngwén), 汉语, 漢語)",青蓝,青蓝色,青蓝,p3,0.072522,0.374191,0.562049,5,3,full,black,en,en,2.1.1,
55d1171c-dcc0-4c1f-bc8a-1b978776835f,zh,"Chinese (中文 (Zhōngwén), 汉语, 漢語)",黑,黑色,黑,p3,0.084936,0.00879,0.038285,5,4,full,black,en,en,2.1.1,
55d1171c-dcc0-4c1f-bc8a-1b978776835f,zh,"Chinese (中文 (Zhōngwén), 汉语, 漢語)",深青,深青色,深青,p3,0.304344,0.558756,0.591914,5,5,full,black,en,en,2.1.1,
55d1171c-dcc0-4c1f-bc8a-1b978776835f,zh,"Chinese (中文 (Zhōngwén), 汉语, 漢語)",淡黄,淡黄色,淡黄,p3,0.911011,0.976293,0.732514,5,6,full,black,en,en,2.1.1,
55d1171c-dcc0-4c1f-bc8a-1b978776835f,zh,"Chinese (中文 (Zhōngwén), 汉语, 漢語)",灰紫,灰紫色,灰紫,p3,0.414049,0.377928,0.554499,5,7,full,black,en,en,2.1.1,
55d1171c-dcc0-4c1f-bc8a-1b978776835f,zh,"Chinese (中文 (Zhōngwén), 汉语, 漢語)",柠檬黄,柠檬黄色,柠檬黄,p3,0.951784,0.91217,0.178359,5,8,full,black,en,en,2.1.1,
55d1171c-dcc0-4c1f-bc8a-1b978776835f,zh,"Chinese (中文 (Zhōngwén), 汉语, 漢語)",黄绿,黄绿色,黄绿,p3,0.690075,0.77089,0.418197,5,9,full,black,en,en,2.1.1,
55d1171c-dcc0-4c1f-bc8a-1b978776835f,zh,"Chinese (中文 (Zhōngwén), 汉语, 漢語)",牛仔蓝,牛仔蓝色,牛仔蓝,p3,0.100048,0.206649,0.342244,5,10,full,black,en,en,2.1.1,
55d1171c-dcc0-4c1f-bc8a-1b978776835f,zh,"Chinese (中文 (Zhōngwén), 汉语, 漢語)",热粉,热粉色,热粉,p3,0.96772,0.228682,0.439288,5,11,full,black,en,en,2.1.1,
e7b08f9c-dae3-4834-a3ee-a293803cc8dc,zh,"Chinese (中文 (Zhōngwén), 汉语, 漢語)",浅绿,浅绿色,浅绿色,p3,0.672885,0.8778263,0.5765351,1,0,full,white,en,en,2.1.1,
e7b08f9c-dae3-4834-a3ee-a293803cc8dc,zh,"Chinese (中文 (Zhōngwén), 汉语, 漢語)",荧光黄,荧光黄色,荧光黄色,p3,0.9129804,0.96481466,0.2649363,1,1,full,white,en,en,2.1.1,
e7b08f9c-dae3-4834-a3ee-a293803cc8dc,zh,"Chinese (中文 (Zhōngwén), 汉语, 漢語)",深灰,深灰色,深灰色,p3,0.32415113,0.3936872,0.43267256,1,2,full,white,en,en,2.1.1,
e7b08f9c-dae3-4834-a3ee-a293803cc8dc,zh,"Chinese (中文 (Zhōngwén), 汉语, 漢語)",紫,紫色,紫色,p3,0.2634324,0.20165214,0.37934348,1,3,full,white,en,en,2.1.1,
e7b08f9c-dae3-4834-a3ee-a293803cc8dc,zh,"Chinese (中文 (Zhōngwén), 汉语, 漢語)",海蓝,海蓝色,海蓝色,p3,0.27226147,0.37607256,0.6765452,1,4,full,white,en,en,2.1.1,
e7b08f9c-dae3-4834-a3ee-a293803cc8dc,zh,"Chinese (中文 (Zhōngwén), 汉语, 漢語)",黄,黄色,黄色,p3,0.85138136,0.72305715,0.13553442,1,5,full,white,en,en,2.1.1,
e7b08f9c-dae3-4834-a3ee-a293803cc8dc,zh,"Chinese (中文 (Zhōngwén), 汉语, 漢語)",蓝,蓝色,蓝色,p3,0.09545164,0.23720218,0.6912225,1,6,full,white,en,en,2.1.1,
e7b08f9c-dae3-4834-a3ee-a293803cc8dc,zh,"Chinese (中文 (Zhōngwén), 汉语, 漢語)",紫,紫色,紫色,p3,0.34523752,0.018077344,0.44430763,1,7,full,white,en,en,2.1.1,
e7b08f9c-dae3-4834-a3ee-a293803cc8dc,zh,"Chinese (中文 (Zhōngwén), 汉语, 漢語)",粉,粉色,粉色,p3,0.9101896,0.3758346,0.5610561,1,8,full,white,en,en,2.1.1,
e7b08f9c-dae3-4834-a3ee-a293803cc8dc,zh,"Chinese (中文 (Zhōngwén), 汉语, 漢語)",棕红,棕红色,棕红色,p3,0.35833335,0.040827274,0.21965966,1,9,full,white,en,en,2.1.1,
e7b08f9c-dae3-4834-a3ee-a293803cc8dc,zh,"Chinese (中文 (Zhōngwén), 汉语, 漢語)",天蓝,天蓝色,天蓝色,p3,0.7050054,0.949311,0.97780174,1,10,full,white,en,en,2.1.1,
e7b08f9c-dae3-4834-a3ee-a293803cc8dc,zh,"Chinese (中文 (Zhōngwén), 汉语, 漢語)",暗粉,暗粉色,暗粉色,p3,0.7201685,0.60374856,0.65273064,1,11,full,white,en,en,2.1.1,
e7b08f9c-dae3-4834-a3ee-a293803cc8dc,zh,"Chinese (中文 (Zhōngwén), 汉语, 漢語)",紫,紫色,紫色,p3,0.8048247,0.4600687,0.90732384,3,0,full,white,en,en,2.1.1,
e7b08f9c-dae3-4834-a3ee-a293803cc8dc,zh,"Chinese (中文 (Zhōngwén), 汉语, 漢語)",棕红,棕红色,棕红色,p3,0.60590285,0.39646807,0.39726368,3,1,full,white,en,en,2.1.1,
e7b08f9c-dae3-4834-a3ee-a293803cc8dc,zh,"Chinese (中文 (Zhōngwén), 汉语, 漢語)",粉,粉色,粉色,p3,0.99026173,0.39408082,0.8233259,3,2,full,white,en,en,2.1.1,
e7b08f9c-dae3-4834-a3ee-a293803cc8dc,zh,"Chinese (中文 (Zhōngwén), 汉语, 漢語)",红,红色,红色,p3,0.60352266,0.22363667,0.22437789,3,3,full,white,en,en,2.1.1,
e7b08f9c-dae3-4834-a3ee-a293803cc8dc,zh,"Chinese (中文 (Zhōngwén), 汉语, 漢語)",蓝绿,蓝绿色,蓝绿色,p3,0.21303846,0.918972,0.84063303,3,4,full,white,en,en,2.1.1,
e7b08f9c-dae3-4834-a3ee-a293803cc8dc,zh,"Chinese (中文 (Zhōngwén), 汉语, 漢語)",蓝,蓝色,蓝色,p3,0.113164775,0.30110368,0.33399406,3,5,full,white,en,en,2.1.1,
e7b08f9c-dae3-4834-a3ee-a293803cc8dc,zh,"Chinese (中文 (Zhōngwén), 汉语, 漢語)",橙,橙色,橙色,p3,0.9933505,0.66959906,0.54502314,3,6,full,white,en,en,2.1.1,
e7b08f9c-dae3-4834-a3ee-a293803cc8dc,zh,"Chinese (中文 (Zhōngwén), 汉语, 漢語)",天蓝,天蓝色,天蓝色,p3,0.48910844,0.584906,0.97727877,3,7,full,white,en,en,2.1.1,
e7b08f9c-dae3-4834-a3ee-a293803cc8dc,zh,"Chinese (中文 (Zhōngwén), 汉语, 漢語)",肉,肉色,肉色,p3,0.97179663,0.8388865,0.7041811,3,8,full,white,en,en,2.1.1,
e7b08f9c-dae3-4834-a3ee-a293803cc8dc,zh,"Chinese (中文 (Zhōngwén), 汉语, 漢語)",紫,紫色,紫色,p3,0.6675298,0.096384235,0.9493687,3,9,full,white,en,en,2.1.1,
e7b08f9c-dae3-4834-a3ee-a293803cc8dc,zh,"Chinese (中文 (Zhōngwén), 汉语, 漢語)",绿,绿色,绿色,p3,0.60591865,0.95873606,0.36460087,3,10,full,white,en,en,2.1.1,
e7b08f9c-dae3-4834-a3ee-a293803cc8dc,zh,"Chinese (中文 (Zhōngwén), 汉语, 漢語)",蓝,蓝色,蓝色,p3,0.4016266,0.34402105,0.9627212,3,11,full,white,en,en,2.1.1,
e7b08f9c-dae3-4834-a3ee-a293803cc8dc,zh,"Chinese (中文 (Zhōngwén), 汉语, 漢語)",暗橙,暗橙色,暗橙色,p3,0.75070804,0.5091799,0.29597986,5,0,full,white,en,en,2.1.1,
e7b08f9c-dae3-4834-a3ee-a293803cc8dc,zh,"Chinese (中文 (Zhōngwén), 汉语, 漢語)",蓝,蓝色,蓝色,p3,0.4542869,0.6632899,0.6982546,5,1,full,white,en,en,2.1.1,
e7b08f9c-dae3-4834-a3ee-a293803cc8dc,zh,"Chinese (中文 (Zhōngwén), 汉语, 漢語)",粉,粉色,粉色,p3,0.7761643,0.111408114,0.6028693,5,2,full,white,en,en,2.1.1,
e7b08f9c-dae3-4834-a3ee-a293803cc8dc,zh,"Chinese (中文 (Zhōngwén), 汉语, 漢語)",浅蓝,浅蓝色,浅蓝色,p3,0.7084346,0.75621474,0.9000713,5,3,full,white,en,en,2.1.1,
e7b08f9c-dae3-4834-a3ee-a293803cc8dc,zh,"Chinese (中文 (Zhōngwén), 汉语, 漢語)",深紫,深紫色,深紫色,p3,0.4035223,0.25744933,0.5505499,5,4,full,white,en,en,2.1.1,
e7b08f9c-dae3-4834-a3ee-a293803cc8dc,zh,"Chinese (中文 (Zhōngwén), 汉语, 漢語)",绿,绿色,绿色,p3,0.3732319,0.8494573,0.5041646,5,5,full,white,en,en,2.1.1,
e7b08f9c-dae3-4834-a3ee-a293803cc8dc,zh,"Chinese (中文 (Zhōngwén), 汉语, 漢語)",藏青,藏青色,藏青色,p3,0.0034339135,0.024745485,0.34723237,5,6,full,white,en,en,2.1.1,
e7b08f9c-dae3-4834-a3ee-a293803cc8dc,zh,"Chinese (中文 (Zhōngwén), 汉语, 漢語)",棕,棕色,棕色,p3,0.17779692,0.11695673,0.10631463,5,7,full,white,en,en,2.1.1,
e7b08f9c-dae3-4834-a3ee-a293803cc8dc,zh,"Chinese (中文 (Zhōngwén), 汉语, 漢語)",绿,绿色,绿色,p3,0.07616933,0.501275,0.35057312,5,8,full,white,en,en,2.1.1,
e7b08f9c-dae3-4834-a3ee-a293803cc8dc,zh,"Chinese (中文 (Zhōngwén), 汉语, 漢語)",深绿,深绿色,深绿色,p3,0.17046735,0.24597768,0.03794157,5,9,full,white,en,en,2.1.1,
e7b08f9c-dae3-4834-a3ee-a293803cc8dc,zh,"Chinese (中文 (Zhōngwén), 汉语, 漢語)",棕,棕色,棕色,p3,0.35643664,0.28101638,0.14974357,5,10,full,white,en,en,2.1.1,
e7b08f9c-dae3-4834-a3ee-a293803cc8dc,zh,"Chinese (中文 (Zhōngwén), 汉语, 漢語)",紫,紫色,紫色,p3,0.6134497,0.44136485,0.7735776,5,11,full,white,en,en,2.1.1,
97b91b9f-2928-40cf-ba2c-b7a9a4e6ef97,zh,"Chinese (中文 (Zhōngwén), 汉语, 漢語)",蓝绿,蓝绿色,蓝绿色,p3,0.325717,0.78105,0.53785,1,0,full,white,zh,zh,2.1.1,
97b91b9f-2928-40cf-ba2c-b7a9a4e6ef97,zh,"Chinese (中文 (Zhōngwén), 汉语, 漢語)",橄榄绿,橄榄绿色,橄榄绿,p3,0.507691,0.523561,0.350185,1,1,full,white,zh,zh,2.1.1,
97b91b9f-2928-40cf-ba2c-b7a9a4e6ef97,zh,"Chinese (中文 (Zhōngwén), 汉语, 漢語)",粉紫,粉紫色,粉紫色,p3,0.890147,0.555446,0.999404,1,2,full,white,zh,zh,2.1.1,
97b91b9f-2928-40cf-ba2c-b7a9a4e6ef97,zh,"Chinese (中文 (Zhōngwén), 汉语, 漢語)",墨绿,墨绿色,墨绿色,p3,0.303974,0.334513,0.036572,1,3,full,white,zh,zh,2.1.1,
97b91b9f-2928-40cf-ba2c-b7a9a4e6ef97,zh,"Chinese (中文 (Zhōngwén), 汉语, 漢語)",明黄,明黄色,明黄色,p3,0.957263,0.940157,0.181416,1,4,full,white,zh,zh,2.1.1,
97b91b9f-2928-40cf-ba2c-b7a9a4e6ef97,zh,"Chinese (中文 (Zhōngwén), 汉语, 漢語)",墨蓝,墨蓝色,墨蓝色,p3,0.041143,0.202659,0.287222,1,5,full,white,zh,zh,2.1.1,
97b91b9f-2928-40cf-ba2c-b7a9a4e6ef97,zh,"Chinese (中文 (Zhōngwén), 汉语, 漢語)",紫,紫色,紫色,p3,0.338403,0.090661,0.416712,1,6,full,white,zh,zh,2.1.1,
97b91b9f-2928-40cf-ba2c-b7a9a4e6ef97,zh,"Chinese (中文 (Zhōngwén), 汉语, 漢語)",橙,橙色,橙色,p3,0.889917,0.445649,0.207553,1,7,full,white,zh,zh,2.1.1,
97b91b9f-2928-40cf-ba2c-b7a9a4e6ef97,zh,"Chinese (中文 (Zhōngwén), 汉语, 漢語)",浅绿,浅绿色,浅绿色,p3,0.834497,0.972455,0.842982,1,8,full,white,zh,zh,2.1.1,
97b91b9f-2928-40cf-ba2c-b7a9a4e6ef97,zh,"Chinese (中文 (Zhōngwén), 汉语, 漢語)",湖蓝,湖蓝色,湖蓝,p3,0.442835,0.702803,0.735782,1,9,full,white,zh,zh,2.1.1,
97b91b9f-2928-40cf-ba2c-b7a9a4e6ef97,zh,"Chinese (中文 (Zhōngwén), 汉语, 漢語)",荧光绿,荧光绿色,荧光绿,p3,0.110124,0.874233,0.246883,1,10,full,white,zh,zh,2.1.1,
97b91b9f-2928-40cf-ba2c-b7a9a4e6ef97,zh,"Chinese (中文 (Zhōngwén), 汉语, 漢語)",亮蓝,亮蓝色,亮蓝色,p3,0.207459,0.124807,0.65971,1,11,full,white,zh,zh,2.1.1,
97b91b9f-2928-40cf-ba2c-b7a9a4e6ef97,zh,"Chinese (中文 (Zhōngwén), 汉语, 漢語)",蓝灰,蓝灰色,蓝灰色,p3,0.287545,0.28511,0.421606,3,0,full,white,zh,zh,2.1.1,
97b91b9f-2928-40cf-ba2c-b7a9a4e6ef97,zh,"Chinese (中文 (Zhōngwén), 汉语, 漢語)",亮紫,亮紫色,亮紫色,p3,0.536783,0.444999,0.949371,3,1,full,white,zh,zh,2.1.1,
97b91b9f-2928-40cf-ba2c-b7a9a4e6ef97,zh,"Chinese (中文 (Zhōngwén), 汉语, 漢語)",品红,品红色,品红色,p3,0.54458,0.004538,0.00202,3,2,full,white,zh,zh,2.1.1,
97b91b9f-2928-40cf-ba2c-b7a9a4e6ef97,zh,"Chinese (中文 (Zhōngwén), 汉语, 漢語)",黑,黑色,黑色,p3,0.076745,0.132479,0.039414,3,3,full,white,zh,zh,2.1.1,
97b91b9f-2928-40cf-ba2c-b7a9a4e6ef97,zh,"Chinese (中文 (Zhōngwén), 汉语, 漢語)",浅灰蓝,浅灰蓝色,浅灰蓝,p3,0.498991,0.526007,0.666904,3,4,full,white,zh,zh,2.1.1,
97b91b9f-2928-40cf-ba2c-b7a9a4e6ef97,zh,"Chinese (中文 (Zhōngwén), 汉语, 漢語)",紫红,紫红色,紫红,p3,0.558485,0.315344,0.663138,3,5,full,white,zh,zh,2.1.1,
97b91b9f-2928-40cf-ba2c-b7a9a4e6ef97,zh,"Chinese (中文 (Zhōngwén), 汉语, 漢語)",嫩绿,嫩绿色,嫩绿,p3,0.662625,0.869029,0.502098,3,6,full,white,zh,zh,2.1.1,
97b91b9f-2928-40cf-ba2c-b7a9a4e6ef97,zh,"Chinese (中文 (Zhōngwén), 汉语, 漢語)",海蓝,海蓝色,海蓝,p3,0.17573,0.454453,0.760963,3,7,full,white,zh,zh,2.1.1,
97b91b9f-2928-40cf-ba2c-b7a9a4e6ef97,zh,"Chinese (中文 (Zhōngwén), 汉语, 漢語)",粉,粉色,粉色,p3,0.865204,0.395848,0.566294,3,8,full,white,zh,zh,2.1.1,
97b91b9f-2928-40cf-ba2c-b7a9a4e6ef97,zh,"Chinese (中文 (Zhōngwén), 汉语, 漢語)",红,红色,红色,p3,0.799814,0.132063,0.242665,3,9,full,white,zh,zh,2.1.1,
97b91b9f-2928-40cf-ba2c-b7a9a4e6ef97,zh,"Chinese (中文 (Zhōngwén), 汉语, 漢語)",土褐,土褐色,土褐色,p3,0.80735,0.670873,0.467161,3,10,full,white,zh,zh,2.1.1,
97b91b9f-2928-40cf-ba2c-b7a9a4e6ef97,zh,"Chinese (中文 (Zhōngwén), 汉语, 漢語)",淡蓝,淡蓝色,淡蓝色,p3,0.525449,0.69128,0.953828,3,11,full,white,zh,zh,2.1.1,
97b91b9f-2928-40cf-ba2c-b7a9a4e6ef97,zh,"Chinese (中文 (Zhōngwén), 汉语, 漢語)",荧光粉,荧光粉色,荧光粉,p3,0.971824,0.250248,0.840894,5,0,full,white,zh,zh,2.1.1,
97b91b9f-2928-40cf-ba2c-b7a9a4e6ef97,zh,"Chinese (中文 (Zhōngwén), 汉语, 漢語)",黑,黑色,黑色,p3,0.102717,0.001602,0.030203,5,1,full,white,zh,zh,2.1.1,
97b91b9f-2928-40cf-ba2c-b7a9a4e6ef97,zh,"Chinese (中文 (Zhōngwén), 汉语, 漢語)",树绿,树绿色,树绿色,p3,0.295479,0.475815,0.091811,5,2,full,white,zh,zh,2.1.1,
97b91b9f-2928-40cf-ba2c-b7a9a4e6ef97,zh,"Chinese (中文 (Zhōngwén), 汉语, 漢語)",深绿,深绿色,深绿色,p3,0.315901,0.436472,0.389229,5,3,full,white,zh,zh,2.1.1,
97b91b9f-2928-40cf-ba2c-b7a9a4e6ef97,zh,"Chinese (中文 (Zhōngwén), 汉语, 漢語)",嫩粉,嫩粉色,嫩粉色,p3,0.942228,0.598433,0.713755,5,4,full,white,zh,zh,2.1.1,
97b91b9f-2928-40cf-ba2c-b7a9a4e6ef97,zh,"Chinese (中文 (Zhōngwén), 汉语, 漢語)",萤光蓝,荧光蓝色,荧光蓝,p3,0.183897,0.23082,0.857809,5,5,full,white,zh,zh,2.1.1,
97b91b9f-2928-40cf-ba2c-b7a9a4e6ef97,zh,"Chinese (中文 (Zhōngwén), 汉语, 漢語)",暗粉,暗粉色,暗粉色,p3,0.691258,0.301588,0.454773,5,6,full,white,zh,zh,2.1.1,
97b91b9f-2928-40cf-ba2c-b7a9a4e6ef97,zh,"Chinese (中文 (Zhōngwén), 汉语, 漢語)",青灰,青灰色,青灰色,p3,0.730647,0.799878,0.798345,5,7,full,white,zh,zh,2.1.1,
97b91b9f-2928-40cf-ba2c-b7a9a4e6ef97,zh,"Chinese (中文 (Zhōngwén), 汉语, 漢語)",鹅黄,鹅黄色,鹅黄色,p3,0.855745,0.791386,0.170618,5,8,full,white,zh,zh,2.1.1,
97b91b9f-2928-40cf-ba2c-b7a9a4e6ef97,zh,"Chinese (中文 (Zhōngwén), 汉语, 漢語)",亮紫,亮紫色,亮紫色,p3,0.726174,0.19652,0.850769,5,9,full,white,zh,zh,2.1.1,
97b91b9f-2928-40cf-ba2c-b7a9a4e6ef97,zh,"Chinese (中文 (Zhōngwén), 汉语, 漢語)",棕,棕色,棕色,p3,0.547765,0.353168,0.27778,5,10,full,white,zh,zh,2.1.1,
97b91b9f-2928-40cf-ba2c-b7a9a4e6ef97,zh,"Chinese (中文 (Zhōngwén), 汉语, 漢語)",红褐,红褐色,红褐色,p3,0.325876,0.044084,0.176468,5,11,full,white,zh,zh,2.1.1,
1f5a55ac-cbae-4c52-b436-e7ae1b75a6a7,zh,"Chinese (中文 (Zhōngwén), 汉语, 漢語)",紫,紫色,紫色,p3,0.631909,0.296248,0.911734,1,0,full,black,zh,zh,2.1.1,
1f5a55ac-cbae-4c52-b436-e7ae1b75a6a7,zh,"Chinese (中文 (Zhōngwén), 汉语, 漢語)",绿,绿色,绿色,p3,0.680725,0.999712,0.24353,1,1,full,black,zh,zh,2.1.1,
1f5a55ac-cbae-4c52-b436-e7ae1b75a6a7,zh,"Chinese (中文 (Zhōngwén), 汉语, 漢語)",粉,粉色,粉色,p3,0.947393,0.765703,0.796487,1,2,full,black,zh,zh,2.1.1,
1f5a55ac-cbae-4c52-b436-e7ae1b75a6a7,zh,"Chinese (中文 (Zhōngwén), 汉语, 漢語)",黑,黑色,黑色,p3,0,0.000021,0.00001,1,3,full,black,zh,zh,2.1.1,
1f5a55ac-cbae-4c52-b436-e7ae1b75a6a7,zh,"Chinese (中文 (Zhōngwén), 汉语, 漢語)",绿,绿色,绿色,p3,0.075893,0.49065,0.187848,1,4,full,black,zh,zh,2.1.1,
1f5a55ac-cbae-4c52-b436-e7ae1b75a6a7,zh,"Chinese (中文 (Zhōngwén), 汉语, 漢語)",灰,灰色,灰色,p3,0.583539,0.606879,0.839604,1,5,full,black,zh,zh,2.1.1,
1f5a55ac-cbae-4c52-b436-e7ae1b75a6a7,zh,"Chinese (中文 (Zhōngwén), 汉语, 漢語)",红,红色,红色,p3,0.495765,0.085834,0.035297,1,6,full,black,zh,zh,2.1.1,
1f5a55ac-cbae-4c52-b436-e7ae1b75a6a7,zh,"Chinese (中文 (Zhōngwén), 汉语, 漢語)",绿,绿色,绿色,p3,0.531831,0.873359,0.585052,1,7,full,black,zh,zh,2.1.1,
1f5a55ac-cbae-4c52-b436-e7ae1b75a6a7,zh,"Chinese (中文 (Zhōngwén), 汉语, 漢語)",黄,黄色,黄色,p3,0.832902,0.840564,0.653633,1,8,full,black,zh,zh,2.1.1,
1f5a55ac-cbae-4c52-b436-e7ae1b75a6a7,zh,"Chinese (中文 (Zhōngwén), 汉语, 漢語)",裸,裸色,裸色,p3,0.576913,0.503957,0.528128,1,9,full,black,zh,zh,2.1.1,
1f5a55ac-cbae-4c52-b436-e7ae1b75a6a7,zh,"Chinese (中文 (Zhōngwén), 汉语, 漢語)",棕,棕色,棕色,p3,0.340651,0.196224,0.070693,1,10,full,black,zh,zh,2.1.1,
1f5a55ac-cbae-4c52-b436-e7ae1b75a6a7,zh,"Chinese (中文 (Zhōngwén), 汉语, 漢語)",深紫,深紫色,深紫色,p3,0.15833,0.000657,0.34151,1,11,full,black,zh,zh,2.1.1,
1f5a55ac-cbae-4c52-b436-e7ae1b75a6a7,zh,"Chinese (中文 (Zhōngwén), 汉语, 漢語)",紫棕,紫棕色,紫棕色,p3,0.154127,0.125128,0.155165,3,0,full,black,zh,zh,2.1.1,
1f5a55ac-cbae-4c52-b436-e7ae1b75a6a7,zh,"Chinese (中文 (Zhōngwén), 汉语, 漢語)",紫,紫色,紫色,p3,0.41812,0.218416,0.524694,3,1,full,black,zh,zh,2.1.1,
1f5a55ac-cbae-4c52-b436-e7ae1b75a6a7,zh,"Chinese (中文 (Zhōngwén), 汉语, 漢語)",深绿,深绿色,深绿色,p3,0.138752,0.333124,0.129325,3,2,full,black,zh,zh,2.1.1,
1f5a55ac-cbae-4c52-b436-e7ae1b75a6a7,zh,"Chinese (中文 (Zhōngwén), 汉语, 漢語)",凉粉,凉粉色,凉粉色,p3,0.867648,0.323394,0.641732,3,3,full,black,zh,zh,2.1.1,
1f5a55ac-cbae-4c52-b436-e7ae1b75a6a7,zh,"Chinese (中文 (Zhōngwén), 汉语, 漢語)",宝蓝,宝蓝色,宝蓝色,p3,0.030318,0.172962,0.690794,3,4,full,black,zh,zh,2.1.1,
1f5a55ac-cbae-4c52-b436-e7ae1b75a6a7,zh,"Chinese (中文 (Zhōngwén), 汉语, 漢語)",暗紫,暗紫色,暗紫色,p3,0.230827,0.18879,0.340577,3,5,full,black,zh,zh,2.1.1,
1f5a55ac-cbae-4c52-b436-e7ae1b75a6a7,zh,"Chinese (中文 (Zhōngwén), 汉语, 漢語)",橙黄,橙黄色,橙黄色,p3,0.903861,0.59027,0.18655,3,6,full,black,zh,zh,2.1.1,
1f5a55ac-cbae-4c52-b436-e7ae1b75a6a7,zh,"Chinese (中文 (Zhōngwén), 汉语, 漢語)",玫粉,玫粉色,玫粉色,p3,0.654061,0.155354,0.361711,3,7,full,black,zh,zh,2.1.1,
1f5a55ac-cbae-4c52-b436-e7ae1b75a6a7,zh,"Chinese (中文 (Zhōngwén), 汉语, 漢語)",浅蓝,浅蓝色,浅蓝,p3,0.240346,0.633129,0.922705,3,8,full,black,zh,zh,2.1.1,
1f5a55ac-cbae-4c52-b436-e7ae1b75a6a7,zh,"Chinese (中文 (Zhōngwén), 汉语, 漢語)",蓝绿,蓝绿色,蓝绿色,p3,0.403633,0.636905,0.603342,3,9,full,black,zh,zh,2.1.1,
1f5a55ac-cbae-4c52-b436-e7ae1b75a6a7,zh,"Chinese (中文 (Zhōngwén), 汉语, 漢語)",亮绿,亮绿色,亮绿色,p3,0.246737,0.771854,0.503145,3,10,full,black,zh,zh,2.1.1,
1f5a55ac-cbae-4c52-b436-e7ae1b75a6a7,zh,"Chinese (中文 (Zhōngwén), 汉语, 漢語)",墨绿,墨绿色,墨绿色,p3,0.194846,0.450241,0.434291,3,11,full,black,zh,zh,2.1.1,
1f5a55ac-cbae-4c52-b436-e7ae1b75a6a7,zh,"Chinese (中文 (Zhōngwén), 汉语, 漢語)",橙粉,橙粉色,橙粉色,p3,0.850017,0.549702,0.513008,5,0,full,black,zh,zh,2.1.1,
1f5a55ac-cbae-4c52-b436-e7ae1b75a6a7,zh,"Chinese (中文 (Zhōngwén), 汉语, 漢語)",荧光绿,荧光绿色,荧光绿,p3,0.044854,0.978842,0.448416,5,1,full,black,zh,zh,2.1.1,
1f5a55ac-cbae-4c52-b436-e7ae1b75a6a7,zh,"Chinese (中文 (Zhōngwén), 汉语, 漢語)",黄棕,黄棕色,黄棕色,p3,0.515691,0.434613,0.255863,5,2,full,black,zh,zh,2.1.1,
1f5a55ac-cbae-4c52-b436-e7ae1b75a6a7,zh,"Chinese (中文 (Zhōngwén), 汉语, 漢語)",黄绿,黄绿色,黄绿色,p3,0.607269,0.584519,0.271334,5,3,full,black,zh,zh,2.1.1,
1f5a55ac-cbae-4c52-b436-e7ae1b75a6a7,zh,"Chinese (中文 (Zhōngwén), 汉语, 漢語)",柠檬黄,柠檬黄色,柠檬黄,p3,0.975092,0.921759,0.451015,5,4,full,black,zh,zh,2.1.1,
1f5a55ac-cbae-4c52-b436-e7ae1b75a6a7,zh,"Chinese (中文 (Zhōngwén), 汉语, 漢語)",暗蓝,暗蓝色,暗蓝色,p3,0.100149,0.353226,0.687944,5,5,full,black,zh,zh,2.1.1,
1f5a55ac-cbae-4c52-b436-e7ae1b75a6a7,zh,"Chinese (中文 (Zhōngwén), 汉语, 漢語)",黄绿,黄绿色,黄绿色,p3,0.694245,0.737029,0.357091,5,6,full,black,zh,zh,2.1.1,
1f5a55ac-cbae-4c52-b436-e7ae1b75a6a7,zh,"Chinese (中文 (Zhōngwén), 汉语, 漢語)",天蓝,天空蓝色,天空蓝,p3,0.313886,0.4911,0.752303,5,7,full,black,zh,zh,2.1.1,
1f5a55ac-cbae-4c52-b436-e7ae1b75a6a7,zh,"Chinese (中文 (Zhōngwén), 汉语, 漢語)",粉,粉色,粉色,p3,0.742127,0.340394,0.456591,5,8,full,black,zh,zh,2.1.1,
1f5a55ac-cbae-4c52-b436-e7ae1b75a6a7,zh,"Chinese (中文 (Zhōngwén), 汉语, 漢語)",荧光红,荧光红色,荧光红,p3,0.990055,0.056739,0.218481,5,9,full,black,zh,zh,2.1.1,
1f5a55ac-cbae-4c52-b436-e7ae1b75a6a7,zh,"Chinese (中文 (Zhōngwén), 汉语, 漢語)",浅紫,浅紫色,浅紫色,p3,0.549811,0.443071,0.824913,5,10,full,black,zh,zh,2.1.1,
1f5a55ac-cbae-4c52-b436-e7ae1b75a6a7,zh,"Chinese (中文 (Zhōngwén), 汉语, 漢語)",草绿,草绿色,草绿色,p3,0.270799,0.6494,0.183592,5,11,full,black,zh,zh,2.1.1,
b79f826c-4af4-4bdb-8def-f90915919c43,zh,"Chinese (中文 (Zhōngwén), 汉语, 漢語)",珊瑚粉,珊瑚粉色,珊瑚粉,p3,0.85216,0.604055,0.627417,1,0,full,white,en,en,2.1.1,
b79f826c-4af4-4bdb-8def-f90915919c43,zh,"Chinese (中文 (Zhōngwén), 汉语, 漢語)",亮紫,亮紫色,亮紫,p3,0.470657,0.330412,0.902558,1,1,full,white,en,en,2.1.1,
b79f826c-4af4-4bdb-8def-f90915919c43,zh,"Chinese (中文 (Zhōngwén), 汉语, 漢語)",黑,黑色,黑色,p3,0.107125,0.068167,0.012395,1,2,full,white,en,en,2.1.1,
b79f826c-4af4-4bdb-8def-f90915919c43,zh,"Chinese (中文 (Zhōngwén), 汉语, 漢語)",青草绿,青草绿色,青草绿,p3,0.783626,0.872368,0.627334,1,3,full,white,en,en,2.1.1,
b79f826c-4af4-4bdb-8def-f90915919c43,zh,"Chinese (中文 (Zhōngwén), 汉语, 漢語)",玫红,玫红色,玫红,p3,0.704847,0.108649,0.357469,1,4,full,white,en,en,2.1.1,
b79f826c-4af4-4bdb-8def-f90915919c43,zh,"Chinese (中文 (Zhōngwén), 汉语, 漢語)",天青,天青色,天青,p3,0.485132,0.963963,0.948789,1,5,full,white,en,en,2.1.1,
b79f826c-4af4-4bdb-8def-f90915919c43,zh,"Chinese (中文 (Zhōngwén), 汉语, 漢語)",深棕,深棕色,深棕,p3,0.310465,0.17773,0.155842,1,6,full,white,en,en,2.1.1,
b79f826c-4af4-4bdb-8def-f90915919c43,zh,"Chinese (中文 (Zhōngwén), 汉语, 漢語)",橘黄,橘黄色,橘黄,p3,0.968485,0.692356,0.299951,1,7,full,white,en,en,2.1.1,
b79f826c-4af4-4bdb-8def-f90915919c43,zh,"Chinese (中文 (Zhōngwén), 汉语, 漢語)",荧光绿,荧光绿色,荧光绿,p3,0.406674,0.997096,0.616829,1,8,full,white,en,en,2.1.1,
b79f826c-4af4-4bdb-8def-f90915919c43,zh,"Chinese (中文 (Zhōngwén), 汉语, 漢語)",亮绿,亮绿色,亮绿,p3,0.087436,0.891793,0.3138,1,9,full,white,en,en,2.1.1,
b79f826c-4af4-4bdb-8def-f90915919c43,zh,"Chinese (中文 (Zhōngwén), 汉语, 漢語)",标准蓝,标准蓝色,标准蓝,p3,0.091758,0.087606,0.783525,1,10,full,white,en,en,2.1.1,
b79f826c-4af4-4bdb-8def-f90915919c43,zh,"Chinese (中文 (Zhōngwén), 汉语, 漢語)",土黄,土黄色,土黄,p3,0.738933,0.557623,0.140508,1,11,full,white,en,en,2.1.1,
b79f826c-4af4-4bdb-8def-f90915919c43,zh,"Chinese (中文 (Zhōngwén), 汉语, 漢語)",玫红,玫红色,玫红,p3,0.49023,0.022059,0.25493,3,0,full,white,en,en,2.1.1,
b79f826c-4af4-4bdb-8def-f90915919c43,zh,"Chinese (中文 (Zhōngwén), 汉语, 漢語)",亮紫,亮紫色,亮紫,p3,0.750726,0.281415,0.848764,3,1,full,white,en,en,2.1.1,
b79f826c-4af4-4bdb-8def-f90915919c43,zh,"Chinese (中文 (Zhōngwén), 汉语, 漢語)",森绿,森绿色,森绿,p3,0.449785,0.612772,0.213614,3,2,full,white,en,en,2.1.1,
b79f826c-4af4-4bdb-8def-f90915919c43,zh,"Chinese (中文 (Zhōngwén), 汉语, 漢語)",靛蓝,靛蓝色,靛蓝,p3,0.286317,0.579512,0.606093,3,3,full,white,en,en,2.1.1,
b79f826c-4af4-4bdb-8def-f90915919c43,zh,"Chinese (中文 (Zhōngwén), 汉语, 漢語)",淡绿,淡绿色,淡绿,p3,0.626446,0.762692,0.472016,3,4,full,white,en,en,2.1.1,
b79f826c-4af4-4bdb-8def-f90915919c43,zh,"Chinese (中文 (Zhōngwén), 汉语, 漢語)",紫,紫色,紫色,p3,0.38571,0.160282,0.612009,3,5,full,white,en,en,2.1.1,
b79f826c-4af4-4bdb-8def-f90915919c43,zh,"Chinese (中文 (Zhōngwén), 汉语, 漢語)",蛋黄,蛋黄色,蛋黄色,p3,0.97957,0.905356,0.098689,3,6,full,white,en,en,2.1.1,
b79f826c-4af4-4bdb-8def-f90915919c43,zh,"Chinese (中文 (Zhōngwén), 汉语, 漢語)",紫灰,紫灰色,紫灰,p3,0.441681,0.435147,0.541425,3,7,full,white,en,en,2.1.1,
b79f826c-4af4-4bdb-8def-f90915919c43,zh,"Chinese (中文 (Zhōngwén), 汉语, 漢語)",黑,黑色,黑,p3,0.052603,0.005916,0.083304,3,8,full,white,en,en,2.1.1,
b79f826c-4af4-4bdb-8def-f90915919c43,zh,"Chinese (中文 (Zhōngwén), 汉语, 漢語)",深蓝,深蓝色,深蓝,p3,0.193844,0.209178,0.562487,3,9,full,white,en,en,2.1.1,
b79f826c-4af4-4bdb-8def-f90915919c43,zh,"Chinese (中文 (Zhōngwén), 汉语, 漢語)",蓝,蓝色,蓝,p3,0.264136,0.484042,0.841992,3,10,full,white,en,en,2.1.1,
b79f826c-4af4-4bdb-8def-f90915919c43,zh,"Chinese (中文 (Zhōngwén), 汉语, 漢語)",深绿,深绿色,深绿,p3,0.007303,0.229681,0.25022,3,11,full,white,en,en,2.1.1,
b79f826c-4af4-4bdb-8def-f90915919c43,zh,"Chinese (中文 (Zhōngwén), 汉语, 漢語)",天蓝,天蓝色,天蓝,p3,0.390701,0.669713,0.931403,5,0,full,white,en,en,2.1.1,
b79f826c-4af4-4bdb-8def-f90915919c43,zh,"Chinese (中文 (Zhōngwén), 汉语, 漢語)",森绿,森绿色,森绿,p3,0.102726,0.431901,0.303291,5,1,full,white,en,en,2.1.1,
b79f826c-4af4-4bdb-8def-f90915919c43,zh,"Chinese (中文 (Zhōngwén), 汉语, 漢語)",淡紫,淡紫色,淡紫,p3,0.577505,0.530176,0.767546,5,2,full,white,en,en,2.1.1,
b79f826c-4af4-4bdb-8def-f90915919c43,zh,"Chinese (中文 (Zhōngwén), 汉语, 漢語)",天蓝,天空蓝色,天空蓝,p3,0.435886,0.81859,0.883958,5,3,full,white,en,en,2.1.1,
b79f826c-4af4-4bdb-8def-f90915919c43,zh,"Chinese (中文 (Zhōngwén), 汉语, 漢語)",淡粉,淡粉色,淡粉,p3,0.942227,0.785184,0.910525,5,4,full,white,en,en,2.1.1,
b79f826c-4af4-4bdb-8def-f90915919c43,zh,"Chinese (中文 (Zhōngwén), 汉语, 漢語)",橘,橘色,橘,p3,0.896913,0.523031,0.307535,5,5,full,white,en,en,2.1.1,
b79f826c-4af4-4bdb-8def-f90915919c43,zh,"Chinese (中文 (Zhōngwén), 汉语, 漢語)",黑紫,黑紫色,黑紫,p3,0.194731,0.133339,0.264881,5,6,full,white,en,en,2.1.1,
b79f826c-4af4-4bdb-8def-f90915919c43,zh,"Chinese (中文 (Zhōngwén), 汉语, 漢語)",青桔绿,青桔绿色,青桔绿,p3,0.681965,0.872127,0.176789,5,7,full,white,en,en,2.1.1,
b79f826c-4af4-4bdb-8def-f90915919c43,zh,"Chinese (中文 (Zhōngwén), 汉语, 漢語)",浅棕,浅棕色,浅棕,p3,0.657353,0.471421,0.379835,5,8,full,white,en,en,2.1.1,
b79f826c-4af4-4bdb-8def-f90915919c43,zh,"Chinese (中文 (Zhōngwén), 汉语, 漢語)",蓝灰,蓝灰色,蓝灰,p3,0.353634,0.30461,0.346962,5,9,full,white,en,en,2.1.1,
b79f826c-4af4-4bdb-8def-f90915919c43,zh,"Chinese (中文 (Zhōngwén), 汉语, 漢語)",红,红色,红,p3,0.808635,0.251388,0.05388,5,10,full,white,en,en,2.1.1,
b79f826c-4af4-4bdb-8def-f90915919c43,zh,"Chinese (中文 (Zhōngwén), 汉语, 漢語)",艳粉,艳粉色,艳粉,p3,0.903373,0.24174,0.546529,5,11,full,white,en,en,2.1.1,
f8f63cee-ad64-440e-9698-16f07035c038,zh,"Chinese (中文 (Zhōngwén), 汉语, 漢語)",绿,绿色,绿色,p3,0.204182,0.508944,0.249433,1,0,full,white,zh,zh,2.1.1,
f8f63cee-ad64-440e-9698-16f07035c038,zh,"Chinese (中文 (Zhōngwén), 汉语, 漢語)",亮紫,亮紫色,亮紫,p3,0.954937,0.263328,0.96981,1,1,full,white,zh,zh,2.1.1,
f8f63cee-ad64-440e-9698-16f07035c038,zh,"Chinese (中文 (Zhōngwén), 汉语, 漢語)",橙,橙色,橙色,p3,0.971119,0.457257,0.40979,1,2,full,white,zh,zh,2.1.1,
f8f63cee-ad64-440e-9698-16f07035c038,zh,"Chinese (中文 (Zhōngwén), 汉语, 漢語)",红,红色,红色,p3,0.899366,0.181917,0.255367,1,3,full,white,zh,zh,2.1.1,
f8f63cee-ad64-440e-9698-16f07035c038,zh,"Chinese (中文 (Zhōngwén), 汉语, 漢語)",玫红,玫瑰红色,玫瑰红,p3,0.582441,0.100973,0.181289,1,4,full,white,zh,zh,2.1.1,
f8f63cee-ad64-440e-9698-16f07035c038,zh,"Chinese (中文 (Zhōngwén), 汉语, 漢語)",绿,绿色,绿色,p3,0.530592,0.597186,0.154992,1,5,full,white,zh,zh,2.1.1,
f8f63cee-ad64-440e-9698-16f07035c038,zh,"Chinese (中文 (Zhōngwén), 汉语, 漢語)",深绿,深绿色,深绿色,p3,0.121317,0.284927,0.04538,1,7,full,white,zh,zh,2.1.1,
f8f63cee-ad64-440e-9698-16f07035c038,zh,"Chinese (中文 (Zhōngwén), 汉语, 漢語)",深粉,深粉色,深粉,p3,0.693896,0.531895,0.604929,1,8,full,white,zh,zh,2.1.1,
f8f63cee-ad64-440e-9698-16f07035c038,zh,"Chinese (中文 (Zhōngwén), 汉语, 漢語)",青,青色,青色,p3,0.23794,0.321195,0.308346,1,9,full,white,zh,zh,2.1.1,
f8f63cee-ad64-440e-9698-16f07035c038,zh,"Chinese (中文 (Zhōngwén), 汉语, 漢語)",亮绿,亮绿色,亮绿,p3,0.3187,0.684504,0.202625,1,10,full,white,zh,zh,2.1.1,
f8f63cee-ad64-440e-9698-16f07035c038,zh,"Chinese (中文 (Zhōngwén), 汉语, 漢語)",紫,紫色,紫色,p3,0.433286,0.045108,0.399933,1,11,full,white,zh,zh,2.1.1,
9da5f481-c0ad-4ea5-9487-aa1a10527c8f,zh,"Chinese (中文 (Zhōngwén), 汉语, 漢語)",雾蓝,雾蓝色,雾蓝色,rgb,98,158,192,1,0,full,black,zh,zh,2.1.1,
9da5f481-c0ad-4ea5-9487-aa1a10527c8f,zh,"Chinese (中文 (Zhōngwén), 汉语, 漢語)",粉,粉色,粉色,rgb,230,114,155,1,1,full,black,zh,zh,2.1.1,
9da5f481-c0ad-4ea5-9487-aa1a10527c8f,zh,"Chinese (中文 (Zhōngwén), 汉语, 漢語)",灰棕,灰棕色,灰棕色,rgb,152,137,143,1,2,full,black,zh,zh,2.1.1,
9da5f481-c0ad-4ea5-9487-aa1a10527c8f,zh,"Chinese (中文 (Zhōngwén), 汉语, 漢語)",玫红,玫红色,玫红色,rgb,208,67,249,1,3,full,black,zh,zh,2.1.1,
9da5f481-c0ad-4ea5-9487-aa1a10527c8f,zh,"Chinese (中文 (Zhōngwén), 汉语, 漢語)",紫,紫色,紫色,rgb,100,97,158,1,4,full,black,zh,zh,2.1.1,
9da5f481-c0ad-4ea5-9487-aa1a10527c8f,zh,"Chinese (中文 (Zhōngwén), 汉语, 漢語)",蓝,蓝色,蓝色,rgb,86,168,237,1,5,full,black,zh,zh,2.1.1,
9da5f481-c0ad-4ea5-9487-aa1a10527c8f,zh,"Chinese (中文 (Zhōngwén), 汉语, 漢語)",灰绿,灰绿色,灰绿色,rgb,65,152,146,1,6,full,black,zh,zh,2.1.1,
9da5f481-c0ad-4ea5-9487-aa1a10527c8f,zh,"Chinese (中文 (Zhōngwén), 汉语, 漢語)",灰粉,灰粉色,灰粉色,rgb,177,110,171,1,7,full,black,zh,zh,2.1.1,
9da5f481-c0ad-4ea5-9487-aa1a10527c8f,zh,"Chinese (中文 (Zhōngwén), 汉语, 漢語)",绿,绿色,绿色,rgb,1,193,188,1,8,full,black,zh,zh,2.1.1,
9da5f481-c0ad-4ea5-9487-aa1a10527c8f,zh,"Chinese (中文 (Zhōngwén), 汉语, 漢語)",深蓝,深蓝色,深蓝色,rgb,53,68,233,1,9,full,black,zh,zh,2.1.1,
9da5f481-c0ad-4ea5-9487-aa1a10527c8f,zh,"Chinese (中文 (Zhōngwén), 汉语, 漢語)",红褐,红褐色,红褐色,rgb,54,1,22,1,10,full,black,zh,zh,2.1.1,
9da5f481-c0ad-4ea5-9487-aa1a10527c8f,zh,"Chinese (中文 (Zhōngwén), 汉语, 漢語)",黄,黄色,黄色,rgb,192,212,98,1,11,full,black,zh,zh,2.1.1,
9da5f481-c0ad-4ea5-9487-aa1a10527c8f,zh,"Chinese (中文 (Zhōngwén), 汉语, 漢語)",淡紫,淡紫色,淡紫色,rgb,104,107,237,3,0,full,black,zh,zh,2.1.1,
9da5f481-c0ad-4ea5-9487-aa1a10527c8f,zh,"Chinese (中文 (Zhōngwén), 汉语, 漢語)",深紫,深紫色,深紫色,rgb,84,44,95,3,1,full,black,zh,zh,2.1.1,
9da5f481-c0ad-4ea5-9487-aa1a10527c8f,zh,"Chinese (中文 (Zhōngwén), 汉语, 漢語)",蓝紫,蓝紫色,蓝紫色,rgb,30,5,147,3,2,full,black,zh,zh,2.1.1,
9da5f481-c0ad-4ea5-9487-aa1a10527c8f,zh,"Chinese (中文 (Zhōngwén), 汉语, 漢語)",草绿,草绿色,草绿色,rgb,101,160,40,3,3,full,black,zh,zh,2.1.1,
9da5f481-c0ad-4ea5-9487-aa1a10527c8f,zh,"Chinese (中文 (Zhōngwén), 汉语, 漢語)",深蓝,深蓝色,深蓝色,rgb,3,48,166,3,4,full,black,zh,zh,2.1.1,
9da5f481-c0ad-4ea5-9487-aa1a10527c8f,zh,"Chinese (中文 (Zhōngwén), 汉语, 漢語)",卡其,卡其色,卡其色,rgb,178,156,149,3,5,full,black,zh,zh,2.1.1,
9da5f481-c0ad-4ea5-9487-aa1a10527c8f,zh,"Chinese (中文 (Zhōngwén), 汉语, 漢語)",天蓝,天空蓝色,天空蓝,rgb,52,103,200,3,6,full,black,zh,zh,2.1.1,
9da5f481-c0ad-4ea5-9487-aa1a10527c8f,zh,"Chinese (中文 (Zhōngwén), 汉语, 漢語)",嫩绿,嫩绿色,嫩绿色,rgb,140,187,80,3,7,full,black,zh,zh,2.1.1,
9da5f481-c0ad-4ea5-9487-aa1a10527c8f,zh,"Chinese (中文 (Zhōngwén), 汉语, 漢語)",淡绿,淡绿色,淡绿色,rgb,199,247,185,3,8,full,black,zh,zh,2.1.1,
9da5f481-c0ad-4ea5-9487-aa1a10527c8f,zh,"Chinese (中文 (Zhōngwén), 汉语, 漢語)",灰黄,灰黄色,灰黄,rgb,182,188,120,3,9,full,black,zh,zh,2.1.1,
9da5f481-c0ad-4ea5-9487-aa1a10527c8f,zh,"Chinese (中文 (Zhōngwén), 汉语, 漢語)",蓝,蓝色,蓝色,rgb,19,138,214,3,10,full,black,zh,zh,2.1.1,
9da5f481-c0ad-4ea5-9487-aa1a10527c8f,zh,"Chinese (中文 (Zhōngwén), 汉语, 漢語)",土黄,土黄色,土黄色,rgb,199,197,79,3,11,full,black,zh,zh,2.1.1,
9da5f481-c0ad-4ea5-9487-aa1a10527c8f,zh,"Chinese (中文 (Zhōngwén), 汉语, 漢語)",草绿,草绿色,草绿色,rgb,142,199,104,5,0,full,black,zh,zh,2.1.1,
9da5f481-c0ad-4ea5-9487-aa1a10527c8f,zh,"Chinese (中文 (Zhōngwén), 汉语, 漢語)",紫,紫色,紫色,rgb,108,50,183,5,1,full,black,zh,zh,2.1.1,
9da5f481-c0ad-4ea5-9487-aa1a10527c8f,zh,"Chinese (中文 (Zhōngwén), 汉语, 漢語)",深紫,深紫色,深紫色,rgb,90,41,106,5,2,full,black,zh,zh,2.1.1,
9da5f481-c0ad-4ea5-9487-aa1a10527c8f,zh,"Chinese (中文 (Zhōngwén), 汉语, 漢語)",深棕,深棕色,深棕色,rgb,61,17,20,5,3,full,black,zh,zh,2.1.1,
9da5f481-c0ad-4ea5-9487-aa1a10527c8f,zh,"Chinese (中文 (Zhōngwén), 汉语, 漢語)",蓝,蓝色,蓝色,rgb,30,6,136,5,4,full,black,zh,zh,2.1.1,
9da5f481-c0ad-4ea5-9487-aa1a10527c8f,zh,"Chinese (中文 (Zhōngwén), 汉语, 漢語)",胭脂粉,胭脂粉色,胭脂粉,rgb,208,66,164,5,5,full,black,zh,zh,2.1.1,
9da5f481-c0ad-4ea5-9487-aa1a10527c8f,zh,"Chinese (中文 (Zhōngwén), 汉语, 漢語)",罗紫,罗紫色,罗紫色,rgb,81,33,86,5,6,full,black,zh,zh,2.1.1,
9da5f481-c0ad-4ea5-9487-aa1a10527c8f,zh,"Chinese (中文 (Zhōngwén), 汉语, 漢語)",荧光粉,荧光粉色,荧光粉,rgb,212,41,183,5,7,full,black,zh,zh,2.1.1,
9da5f481-c0ad-4ea5-9487-aa1a10527c8f,zh,"Chinese (中文 (Zhōngwén), 汉语, 漢語)",烟绿,烟绿色,烟绿色,rgb,55,96,89,5,8,full,black,zh,zh,2.1.1,
9da5f481-c0ad-4ea5-9487-aa1a10527c8f,zh,"Chinese (中文 (Zhōngwén), 汉语, 漢語)",粉,粉色,粉色,rgb,248,100,250,5,9,full,black,zh,zh,2.1.1,
9da5f481-c0ad-4ea5-9487-aa1a10527c8f,zh,"Chinese (中文 (Zhōngwén), 汉语, 漢語)",粉紫,紫粉色,紫粉,rgb,180,71,238,5,10,full,black,zh,zh,2.1.1,
9da5f481-c0ad-4ea5-9487-aa1a10527c8f,zh,"Chinese (中文 (Zhōngwén), 汉语, 漢語)",红棕,红棕色,红棕色,rgb,88,9,65,5,11,full,black,zh,zh,2.1.1,
fd8676a1-5300-49fd-a976-fea6f9d08065,zh,"Chinese (中文 (Zhōngwén), 汉语, 漢語)",草,草色,草,rgb,110,154,82,1,0,full,white,zh,zh,2.1.1,
fd8676a1-5300-49fd-a976-fea6f9d08065,zh,"Chinese (中文 (Zhōngwén), 汉语, 漢語)",蓝绿,蓝绿色,蓝绿,rgb,34,147,136,1,1,full,white,zh,zh,2.1.1,
fd8676a1-5300-49fd-a976-fea6f9d08065,zh,"Chinese (中文 (Zhōngwén), 汉语, 漢語)",灰蓝,灰蓝色,灰蓝,rgb,51,81,120,1,2,full,white,zh,zh,2.1.1,
fd8676a1-5300-49fd-a976-fea6f9d08065,zh,"Chinese (中文 (Zhōngwén), 汉语, 漢語)",浅绿,浅绿色,浅绿,rgb,208,240,206,1,3,full,white,zh,zh,2.1.1,
fd8676a1-5300-49fd-a976-fea6f9d08065,zh,"Chinese (中文 (Zhōngwén), 汉语, 漢語)",深紫,深紫色,深紫,rgb,198,61,242,1,4,full,white,zh,zh,2.1.1,
fd8676a1-5300-49fd-a976-fea6f9d08065,zh,"Chinese (中文 (Zhōngwén), 汉语, 漢語)",深蓝,深蓝色,深蓝,rgb,35,71,147,1,5,full,white,zh,zh,2.1.1,
fd8676a1-5300-49fd-a976-fea6f9d08065,zh,"Chinese (中文 (Zhōngwén), 汉语, 漢語)",青提,青提色,青提,rgb,203,213,112,1,6,full,white,zh,zh,2.1.1,
fd8676a1-5300-49fd-a976-fea6f9d08065,zh,"Chinese (中文 (Zhōngwén), 汉语, 漢語)",葡萄,葡萄色,葡萄,rgb,168,72,109,1,7,full,white,zh,zh,2.1.1,
fd8676a1-5300-49fd-a976-fea6f9d08065,zh,"Chinese (中文 (Zhōngwén), 汉语, 漢語)",淡紫,淡紫色,淡紫,rgb,212,95,234,1,8,full,white,zh,zh,2.1.1,
fd8676a1-5300-49fd-a976-fea6f9d08065,zh,"Chinese (中文 (Zhōngwén), 汉语, 漢語)",棕,棕色,棕,rgb,34,4,4,1,9,full,white,zh,zh,2.1.1,
fd8676a1-5300-49fd-a976-fea6f9d08065,zh,"Chinese (中文 (Zhōngwén), 汉语, 漢語)",橙,橙色,橙,rgb,232,132,47,1,10,full,white,zh,zh,2.1.1,
fd8676a1-5300-49fd-a976-fea6f9d08065,zh,"Chinese (中文 (Zhōngwén), 汉语, 漢語)",紫丁香,紫丁香色,紫丁香,rgb,172,145,174,1,11,full,white,zh,zh,2.1.1,
fd8676a1-5300-49fd-a976-fea6f9d08065,zh,"Chinese (中文 (Zhōngwén), 汉语, 漢語)",深绿,深绿色,深绿,rgb,53,139,44,3,0,full,white,zh,zh,2.1.1,
fd8676a1-5300-49fd-a976-fea6f9d08065,zh,"Chinese (中文 (Zhōngwén), 汉语, 漢語)",棕,棕色,棕,rgb,151,81,46,3,1,full,white,zh,zh,2.1.1,
fd8676a1-5300-49fd-a976-fea6f9d08065,zh,"Chinese (中文 (Zhōngwén), 汉语, 漢語)",艳紫,艳紫色,艳紫,rgb,156,39,220,3,2,full,white,zh,zh,2.1.1,
fd8676a1-5300-49fd-a976-fea6f9d08065,zh,"Chinese (中文 (Zhōngwén), 汉语, 漢語)",绿蓝,绿蓝色,绿蓝,rgb,88,160,155,3,3,full,white,zh,zh,2.1.1,
fd8676a1-5300-49fd-a976-fea6f9d08065,zh,"Chinese (中文 (Zhōngwén), 汉语, 漢語)",灰蓝,灰蓝色,灰蓝,rgb,87,142,154,3,4,full,white,zh,zh,2.1.1,
fd8676a1-5300-49fd-a976-fea6f9d08065,zh,"Chinese (中文 (Zhōngwén), 汉语, 漢語)",灰紫,灰紫色,灰紫,rgb,102,73,119,3,5,full,white,zh,zh,2.1.1,
fd8676a1-5300-49fd-a976-fea6f9d08065,zh,"Chinese (中文 (Zhōngwén), 汉语, 漢語)",淡绿,淡绿色,淡绿,rgb,172,198,75,3,6,full,white,zh,zh,2.1.1,
fd8676a1-5300-49fd-a976-fea6f9d08065,zh,"Chinese (中文 (Zhōngwén), 汉语, 漢語)",肉桂,肉桂色,肉桂,rgb,176,85,72,3,7,full,white,zh,zh,2.1.1,
fd8676a1-5300-49fd-a976-fea6f9d08065,zh,"Chinese (中文 (Zhōngwén), 汉语, 漢語)",艳芬,艳芬色,艳芬,rgb,239,55,110,3,8,full,white,zh,zh,2.1.1,
fd8676a1-5300-49fd-a976-fea6f9d08065,zh,"Chinese (中文 (Zhōngwén), 汉语, 漢語)",中绿,中绿色,中绿,rgb,58,150,39,3,9,full,white,zh,zh,2.1.1,
fd8676a1-5300-49fd-a976-fea6f9d08065,zh,"Chinese (中文 (Zhōngwén), 汉语, 漢語)",淡紫,淡紫色,淡紫,rgb,180,165,225,3,10,full,white,zh,zh,2.1.1,
fd8676a1-5300-49fd-a976-fea6f9d08065,zh,"Chinese (中文 (Zhōngwén), 汉语, 漢語)",土绿,土绿色,土绿,rgb,123,157,73,3,11,full,white,zh,zh,2.1.1,
fd8676a1-5300-49fd-a976-fea6f9d08065,zh,"Chinese (中文 (Zhōngwén), 汉语, 漢語)",亮灰蓝,亮灰蓝色,亮灰蓝,rgb,160,214,223,5,0,full,white,zh,zh,2.1.1,
fd8676a1-5300-49fd-a976-fea6f9d08065,zh,"Chinese (中文 (Zhōngwén), 汉语, 漢語)",中蓝,中蓝色,中蓝,rgb,74,168,245,5,1,full,white,zh,zh,2.1.1,
fd8676a1-5300-49fd-a976-fea6f9d08065,zh,"Chinese (中文 (Zhōngwén), 汉语, 漢語)",灰绿,灰绿色,灰绿,rgb,154,193,187,5,2,full,white,zh,zh,2.1.1,
fd8676a1-5300-49fd-a976-fea6f9d08065,zh,"Chinese (中文 (Zhōngwén), 汉语, 漢語)",暗紫,暗紫色,暗紫,rgb,98,70,200,5,3,full,white,zh,zh,2.1.1,
fd8676a1-5300-49fd-a976-fea6f9d08065,zh,"Chinese (中文 (Zhōngwén), 汉语, 漢語)",天蓝,天蓝色,天蓝,rgb,45,197,250,5,4,full,white,zh,zh,2.1.1,
fd8676a1-5300-49fd-a976-fea6f9d08065,zh,"Chinese (中文 (Zhōngwén), 汉语, 漢語)",深棕,深棕色,深棕,rgb,98,43,1,5,5,full,white,zh,zh,2.1.1,
fd8676a1-5300-49fd-a976-fea6f9d08065,zh,"Chinese (中文 (Zhōngwén), 汉语, 漢語)",黑,黑色,黑,rgb,27,38,46,5,6,full,white,zh,zh,2.1.1,
fd8676a1-5300-49fd-a976-fea6f9d08065,zh,"Chinese (中文 (Zhōngwén), 汉语, 漢語)",西柚,西柚色,西柚,rgb,224,117,100,5,7,full,white,zh,zh,2.1.1,
fd8676a1-5300-49fd-a976-fea6f9d08065,zh,"Chinese (中文 (Zhōngwén), 汉语, 漢語)",艳紫,艳紫色,艳紫,rgb,123,1,228,5,8,full,white,zh,zh,2.1.1,
fd8676a1-5300-49fd-a976-fea6f9d08065,zh,"Chinese (中文 (Zhōngwén), 汉语, 漢語)",干巴草绿,干巴草绿色,干巴草绿,rgb,205,231,176,5,9,full,white,zh,zh,2.1.1,
fd8676a1-5300-49fd-a976-fea6f9d08065,zh,"Chinese (中文 (Zhōngwén), 汉语, 漢語)",灰紫,灰紫色,灰紫,rgb,81,76,151,5,10,full,white,zh,zh,2.1.1,
fd8676a1-5300-49fd-a976-fea6f9d08065,zh,"Chinese (中文 (Zhōngwén), 汉语, 漢語)",中紫,中紫色,中紫,rgb,108,70,238,5,11,full,white,zh,zh,2.1.1,
78f11b80-4818-4fdc-9b5e-d7f72fb0b85d,zh,"Chinese (中文 (Zhōngwén), 汉语, 漢語)",芭比粉,芭比粉色,芭比粉,p3,0.933368,0.321718,0.835539,1,0,full,black,en,en,2.1.1,
78f11b80-4818-4fdc-9b5e-d7f72fb0b85d,zh,"Chinese (中文 (Zhōngwén), 汉语, 漢語)",黑,黑色,黑色,p3,0.0000906624,0.0000131752,0.000705668,1,1,full,black,en,en,2.1.1,
78f11b80-4818-4fdc-9b5e-d7f72fb0b85d,zh,"Chinese (中文 (Zhōngwén), 汉语, 漢語)",深草绿,深草绿色,深草绿,p3,0.340444,0.367123,0.181845,1,2,full,black,en,en,2.1.1,
78f11b80-4818-4fdc-9b5e-d7f72fb0b85d,zh,"Chinese (中文 (Zhōngwén), 汉语, 漢語)",深紫,深紫色,深紫,p3,0.513325,0.289015,0.733571,1,3,full,black,en,en,2.1.1,
78f11b80-4818-4fdc-9b5e-d7f72fb0b85d,zh,"Chinese (中文 (Zhōngwén), 汉语, 漢語)",湖蓝,湖蓝色,湖蓝,p3,0.0771571,0.367526,0.6468,1,4,full,black,en,en,2.1.1,
78f11b80-4818-4fdc-9b5e-d7f72fb0b85d,zh,"Chinese (中文 (Zhōngwén), 汉语, 漢語)",草绿,草绿色,草绿,p3,0.467318,0.578748,0.348054,1,5,full,black,en,en,2.1.1,
78f11b80-4818-4fdc-9b5e-d7f72fb0b85d,zh,"Chinese (中文 (Zhōngwén), 汉语, 漢語)",翠绿,翠绿色,翠绿,p3,0.0315212,0.627117,0.433483,1,6,full,black,en,en,2.1.1,
78f11b80-4818-4fdc-9b5e-d7f72fb0b85d,zh,"Chinese (中文 (Zhōngwén), 汉语, 漢語)",荧光绿,荧光绿色,荧光绿,p3,0.041884,0.82125,0.262964,1,7,full,black,en,en,2.1.1,
78f11b80-4818-4fdc-9b5e-d7f72fb0b85d,zh,"Chinese (中文 (Zhōngwén), 汉语, 漢語)",天蓝,天蓝色,天蓝,p3,0.199579,0.509058,0.848976,1,8,full,black,en,en,2.1.1,
78f11b80-4818-4fdc-9b5e-d7f72fb0b85d,zh,"Chinese (中文 (Zhōngwén), 汉语, 漢語)",灰白,灰白色,灰白,p3,0.812085,0.819809,0.836386,1,9,full,black,en,en,2.1.1,
78f11b80-4818-4fdc-9b5e-d7f72fb0b85d,zh,"Chinese (中文 (Zhōngwén), 汉语, 漢語)",紫罗蓝,紫罗兰色,紫罗兰,p3,0.508097,0.454829,0.899544,1,10,full,black,en,en,2.1.1,
78f11b80-4818-4fdc-9b5e-d7f72fb0b85d,zh,"Chinese (中文 (Zhōngwén), 汉语, 漢語)",浅蓝绿,浅蓝绿色,浅蓝绿,p3,0.703831,0.958959,0.945601,1,11,full,black,en,en,2.1.1,
78f11b80-4818-4fdc-9b5e-d7f72fb0b85d,zh,"Chinese (中文 (Zhōngwén), 汉语, 漢語)",黑,黑色,黑色,p3,0.0105224,0.0535046,0.0135218,3,0,full,black,en,en,2.1.1,
78f11b80-4818-4fdc-9b5e-d7f72fb0b85d,zh,"Chinese (中文 (Zhōngwén), 汉语, 漢語)",深蓝绿,深蓝绿色,深蓝绿色,p3,0.280006,0.508959,0.541424,3,1,full,black,en,en,2.1.1,
78f11b80-4818-4fdc-9b5e-d7f72fb0b85d,zh,"Chinese (中文 (Zhōngwén), 汉语, 漢語)",蓝灰,蓝灰色,蓝灰,p3,0.508509,0.568466,0.676215,3,2,full,black,en,en,2.1.1,
78f11b80-4818-4fdc-9b5e-d7f72fb0b85d,zh,"Chinese (中文 (Zhōngwén), 汉语, 漢語)",深蓝紫,深蓝紫色,深蓝紫色,p3,0.0859697,0.043998,0.243082,3,3,full,black,en,en,2.1.1,
78f11b80-4818-4fdc-9b5e-d7f72fb0b85d,zh,"Chinese (中文 (Zhōngwén), 汉语, 漢語)",萤光蓝,荧光蓝色,荧光蓝,p3,0.322746,0.825872,0.813022,3,4,full,black,en,en,2.1.1,
78f11b80-4818-4fdc-9b5e-d7f72fb0b85d,zh,"Chinese (中文 (Zhōngwén), 汉语, 漢語)",大红,大红色,大红色,p3,0.738121,0.179947,0.172222,3,5,full,black,en,en,2.1.1,
78f11b80-4818-4fdc-9b5e-d7f72fb0b85d,zh,"Chinese (中文 (Zhōngwén), 汉语, 漢語)",粉紫,粉紫色,粉紫色,p3,0.655901,0.0615644,0.868326,3,6,full,black,en,en,2.1.1,
78f11b80-4818-4fdc-9b5e-d7f72fb0b85d,zh,"Chinese (中文 (Zhōngwén), 汉语, 漢語)",灰粉,灰粉色,灰粉色,p3,0.45278,0.309847,0.344805,3,7,full,black,en,en,2.1.1,
78f11b80-4818-4fdc-9b5e-d7f72fb0b85d,zh,"Chinese (中文 (Zhōngwén), 汉语, 漢語)",深紫,深紫色,深紫色,p3,0.404549,0.0772351,0.649138,3,8,full,black,en,en,2.1.1,
78f11b80-4818-4fdc-9b5e-d7f72fb0b85d,zh,"Chinese (中文 (Zhōngwén), 汉语, 漢語)",桃红,桃红色,桃红色,p3,0.690519,0.00788374,0.362126,3,9,full,black,en,en,2.1.1,
78f11b80-4818-4fdc-9b5e-d7f72fb0b85d,zh,"Chinese (中文 (Zhōngwén), 汉语, 漢語)",柠檬黄,柠檬黄色,柠檬黄,p3,0.890901,0.997469,0.453721,3,10,full,black,en,en,2.1.1,
78f11b80-4818-4fdc-9b5e-d7f72fb0b85d,zh,"Chinese (中文 (Zhōngwén), 汉语, 漢語)",肉,肉色,肉色,p3,0.957898,0.814995,0.57407,3,11,full,black,en,en,2.1.1,
78f11b80-4818-4fdc-9b5e-d7f72fb0b85d,zh,"Chinese (中文 (Zhōngwén), 汉语, 漢語)",桃粉,桃粉色,桃粉色,p3,0.932037,0.573394,0.666889,5,0,full,black,en,en,2.1.1,
78f11b80-4818-4fdc-9b5e-d7f72fb0b85d,zh,"Chinese (中文 (Zhōngwén), 汉语, 漢語)",翠绿,翠绿色,翠绿,p3,0.246983,0.663501,0.148816,5,1,full,black,en,en,2.1.1,
78f11b80-4818-4fdc-9b5e-d7f72fb0b85d,zh,"Chinese (中文 (Zhōngwén), 汉语, 漢語)",黄绿,黄绿色,黄绿色,p3,0.626524,0.88545,0.556733,5,2,full,black,en,en,2.1.1,
78f11b80-4818-4fdc-9b5e-d7f72fb0b85d,zh,"Chinese (中文 (Zhōngwén), 汉语, 漢語)",深粉,深粉色,深粉色,p3,0.721545,0.343824,0.623229,5,3,full,black,en,en,2.1.1,
78f11b80-4818-4fdc-9b5e-d7f72fb0b85d,zh,"Chinese (中文 (Zhōngwén), 汉语, 漢語)",深紫,深紫色,深紫色,p3,0.215158,0.15005,0.481554,5,4,full,black,en,en,2.1.1,
78f11b80-4818-4fdc-9b5e-d7f72fb0b85d,zh,"Chinese (中文 (Zhōngwén), 汉语, 漢語)",森林绿,森林绿色,森林绿,p3,0.0809283,0.271574,0.261869,5,5,full,black,en,en,2.1.1,
78f11b80-4818-4fdc-9b5e-d7f72fb0b85d,zh,"Chinese (中文 (Zhōngwén), 汉语, 漢語)",红,红色,红色,p3,0.97003,0.147774,0.175197,5,6,full,black,en,en,2.1.1,
78f11b80-4818-4fdc-9b5e-d7f72fb0b85d,zh,"Chinese (中文 (Zhōngwén), 汉语, 漢語)",浅蓝,浅蓝色,浅蓝,p3,0.428002,0.646149,0.93783,5,7,full,black,en,en,2.1.1,
78f11b80-4818-4fdc-9b5e-d7f72fb0b85d,zh,"Chinese (中文 (Zhōngwén), 汉语, 漢語)",粉紫,粉紫色,粉紫色,p3,0.752059,0.553797,0.958544,5,8,full,black,en,en,2.1.1,
78f11b80-4818-4fdc-9b5e-d7f72fb0b85d,zh,"Chinese (中文 (Zhōngwén), 汉语, 漢語)",荧光黄绿,荧光黄绿色,荧光黄绿色,p3,0.559634,0.957802,0.196832,5,9,full,black,en,en,2.1.1,
78f11b80-4818-4fdc-9b5e-d7f72fb0b85d,zh,"Chinese (中文 (Zhōngwén), 汉语, 漢語)",杏黄,杏黄色,杏黄色,p3,0.8117,0.668265,0.470457,5,10,full,black,en,en,2.1.1,
78f11b80-4818-4fdc-9b5e-d7f72fb0b85d,zh,"Chinese (中文 (Zhōngwén), 汉语, 漢語)",灰紫,灰紫色,灰紫色,p3,0.392226,0.382199,0.580723,5,11,full,black,en,en,2.1.1,
74e987f5-8297-4cff-95a8-489b6e68f6b8,zh,"Chinese (中文 (Zhōngwén), 汉语, 漢語)",粉,粉色,粉,rgb,213,156,187,1,0,full,black,zh,zh,2.1.1,
74e987f5-8297-4cff-95a8-489b6e68f6b8,zh,"Chinese (中文 (Zhōngwén), 汉语, 漢語)",淡绿,淡绿色,淡绿,rgb,158,175,118,1,1,full,black,zh,zh,2.1.1,
74e987f5-8297-4cff-95a8-489b6e68f6b8,zh,"Chinese (中文 (Zhōngwén), 汉语, 漢語)",灰蓝,灰蓝色,灰蓝,rgb,43,45,59,1,2,full,black,zh,zh,2.1.1,
74e987f5-8297-4cff-95a8-489b6e68f6b8,zh,"Chinese (中文 (Zhōngwén), 汉语, 漢語)",亮粉,亮粉色,亮粉,rgb,216,135,238,1,3,full,black,zh,zh,2.1.1,
74e987f5-8297-4cff-95a8-489b6e68f6b8,zh,"Chinese (中文 (Zhōngwén), 汉语, 漢語)",亮绿,亮绿色,亮绿,rgb,146,242,116,1,4,full,black,zh,zh,2.1.1,
74e987f5-8297-4cff-95a8-489b6e68f6b8,zh,"Chinese (中文 (Zhōngwén), 汉语, 漢語)",亮紫,亮紫色,亮紫,rgb,124,84,248,1,5,full,black,zh,zh,2.1.1,
74e987f5-8297-4cff-95a8-489b6e68f6b8,zh,"Chinese (中文 (Zhōngwén), 汉语, 漢語)",淡青,淡青色,淡青,rgb,195,240,235,1,6,full,black,zh,zh,2.1.1,
74e987f5-8297-4cff-95a8-489b6e68f6b8,zh,"Chinese (中文 (Zhōngwén), 汉语, 漢語)",青,青色,青色,rgb,70,225,202,1,7,full,black,zh,zh,2.1.1,
74e987f5-8297-4cff-95a8-489b6e68f6b8,zh,"Chinese (中文 (Zhōngwén), 汉语, 漢語)",浅军绿,浅军绿色,浅军绿,rgb,161,179,78,1,8,full,black,zh,zh,2.1.1,
74e987f5-8297-4cff-95a8-489b6e68f6b8,zh,"Chinese (中文 (Zhōngwén), 汉语, 漢語)",橙,橙色,橙色,rgb,198,100,43,1,9,full,black,zh,zh,2.1.1,
74e987f5-8297-4cff-95a8-489b6e68f6b8,zh,"Chinese (中文 (Zhōngwén), 汉语, 漢語)",淡黄绿,淡黄绿色,淡黄绿,rgb,169,176,121,1,10,full,black,zh,zh,2.1.1,
74e987f5-8297-4cff-95a8-489b6e68f6b8,zh,"Chinese (中文 (Zhōngwén), 汉语, 漢語)",黄绿,黄绿色,黄绿,rgb,142,169,92,1,11,full,black,zh,zh,2.1.1,
74e987f5-8297-4cff-95a8-489b6e68f6b8,zh,"Chinese (中文 (Zhōngwén), 汉语, 漢語)",粉紫,紫粉色,紫粉,rgb,159,18,134,3,0,full,black,zh,zh,2.1.1,
74e987f5-8297-4cff-95a8-489b6e68f6b8,zh,"Chinese (中文 (Zhōngwén), 汉语, 漢語)",浅黄绿,浅黄绿色,浅黄绿,rgb,147,209,93,3,1,full,black,zh,zh,2.1.1,
74e987f5-8297-4cff-95a8-489b6e68f6b8,zh,"Chinese (中文 (Zhōngwén), 汉语, 漢語)",亮粉,亮粉色,亮粉,rgb,203,35,176,3,2,full,black,zh,zh,2.1.1,
74e987f5-8297-4cff-95a8-489b6e68f6b8,zh,"Chinese (中文 (Zhōngwén), 汉语, 漢語)",浅灰绿,浅灰绿色,浅灰绿,rgb,123,133,121,3,3,full,black,zh,zh,2.1.1,
74e987f5-8297-4cff-95a8-489b6e68f6b8,zh,"Chinese (中文 (Zhōngwén), 汉语, 漢語)",浅橘红,浅橘红色,浅橘红,rgb,175,54,62,3,4,full,black,zh,zh,2.1.1,
74e987f5-8297-4cff-95a8-489b6e68f6b8,zh,"Chinese (中文 (Zhōngwén), 汉语, 漢語)",淡蓝,淡蓝色,淡蓝,rgb,80,112,243,3,5,full,black,zh,zh,2.1.1,
74e987f5-8297-4cff-95a8-489b6e68f6b8,zh,"Chinese (中文 (Zhōngwén), 汉语, 漢語)",深蓝,深蓝色,深蓝,rgb,29,7,165,3,6,full,black,zh,zh,2.1.1,
74e987f5-8297-4cff-95a8-489b6e68f6b8,zh,"Chinese (中文 (Zhōngwén), 汉语, 漢語)",棕,棕色,棕,rgb,67,52,46,3,7,full,black,zh,zh,2.1.1,
74e987f5-8297-4cff-95a8-489b6e68f6b8,zh,"Chinese (中文 (Zhōngwén), 汉语, 漢語)",亮青蓝,亮青蓝色,亮青蓝,rgb,33,184,241,3,8,full,black,zh,zh,2.1.1,
74e987f5-8297-4cff-95a8-489b6e68f6b8,zh,"Chinese (中文 (Zhōngwén), 汉语, 漢語)",深绿,深绿色,深绿,rgb,2,39,12,3,9,full,black,zh,zh,2.1.1,
74e987f5-8297-4cff-95a8-489b6e68f6b8,zh,"Chinese (中文 (Zhōngwén), 汉语, 漢語)",黄绿,黄绿色,黄绿,rgb,144,194,80,3,10,full,black,zh,zh,2.1.1,
74e987f5-8297-4cff-95a8-489b6e68f6b8,zh,"Chinese (中文 (Zhōngwén), 汉语, 漢語)",亮黄绿,亮黄绿色,亮黄绿,rgb,181,244,117,3,11,full,black,zh,zh,2.1.1,
74e987f5-8297-4cff-95a8-489b6e68f6b8,zh,"Chinese (中文 (Zhōngwén), 汉语, 漢語)",灰深蓝,灰深蓝色,灰深蓝,rgb,77,138,207,5,0,full,black,zh,zh,2.1.1,
74e987f5-8297-4cff-95a8-489b6e68f6b8,zh,"Chinese (中文 (Zhōngwén), 汉语, 漢語)",黑灰,黑灰色,黑灰,rgb,43,47,56,5,1,full,black,zh,zh,2.1.1,
74e987f5-8297-4cff-95a8-489b6e68f6b8,zh,"Chinese (中文 (Zhōngwén), 汉语, 漢語)",军绿,军绿色,军绿,rgb,64,78,61,5,2,full,black,zh,zh,2.1.1,
74e987f5-8297-4cff-95a8-489b6e68f6b8,zh,"Chinese (中文 (Zhōngwén), 汉语, 漢語)",浅橘黄,浅橘黄色,浅橘黄,rgb,193,157,113,5,3,full,black,zh,zh,2.1.1,
74e987f5-8297-4cff-95a8-489b6e68f6b8,zh,"Chinese (中文 (Zhōngwén), 汉语, 漢語)",雾霾蓝,雾霾蓝色,雾霾蓝,rgb,173,230,253,5,4,full,black,zh,zh,2.1.1,
74e987f5-8297-4cff-95a8-489b6e68f6b8,zh,"Chinese (中文 (Zhōngwén), 汉语, 漢語)",亮青,亮青色,亮青,rgb,37,239,206,5,5,full,black,zh,zh,2.1.1,
74e987f5-8297-4cff-95a8-489b6e68f6b8,zh,"Chinese (中文 (Zhōngwén), 汉语, 漢語)",亮粉,亮粉色,亮粉,rgb,191,74,197,5,6,full,black,zh,zh,2.1.1,
74e987f5-8297-4cff-95a8-489b6e68f6b8,zh,"Chinese (中文 (Zhōngwén), 汉语, 漢語)",深紫,深紫色,深紫,rgb,74,26,95,5,7,full,black,zh,zh,2.1.1,
74e987f5-8297-4cff-95a8-489b6e68f6b8,zh,"Chinese (中文 (Zhōngwén), 汉语, 漢語)",亮紫,亮紫色,亮紫,rgb,122,61,192,5,8,full,black,zh,zh,2.1.1,
74e987f5-8297-4cff-95a8-489b6e68f6b8,zh,"Chinese (中文 (Zhōngwén), 汉语, 漢語)",亮粉紫,亮紫粉色,亮紫粉,rgb,158,58,178,5,9,full,black,zh,zh,2.1.1,
74e987f5-8297-4cff-95a8-489b6e68f6b8,zh,"Chinese (中文 (Zhōngwén), 汉语, 漢語)",浅灰黄,浅灰黄色,浅灰黄,rgb,205,208,120,5,10,full,black,zh,zh,2.1.1,
74e987f5-8297-4cff-95a8-489b6e68f6b8,zh,"Chinese (中文 (Zhōngwén), 汉语, 漢語)",亮深紫,亮深紫色,亮深紫,rgb,81,17,95,5,11,full,black,zh,zh,2.1.1,
d6d34073-bce0-4aa1-8b36-c10f25e99450,zh,"Chinese (中文 (Zhōngwén), 汉语, 漢語)",黄绿,黄绿色,黄绿色,rgb,210,235,81,1,0,full,white,zh,zh,2.1.2,
d6d34073-bce0-4aa1-8b36-c10f25e99450,zh,"Chinese (中文 (Zhōngwén), 汉语, 漢語)",浅蓝,浅蓝色,浅蓝色,rgb,131,170,205,1,1,full,white,zh,zh,2.1.2,
d6d34073-bce0-4aa1-8b36-c10f25e99450,zh,"Chinese (中文 (Zhōngwén), 汉语, 漢語)",酒红,酒红色,酒红色,rgb,107,16,66,1,2,full,white,zh,zh,2.1.2,
d6d34073-bce0-4aa1-8b36-c10f25e99450,zh,"Chinese (中文 (Zhōngwén), 汉语, 漢語)",粉红,粉红色,粉红色,rgb,251,196,248,1,3,full,white,zh,zh,2.1.2,
d6d34073-bce0-4aa1-8b36-c10f25e99450,zh,"Chinese (中文 (Zhōngwén), 汉语, 漢語)",黑,黑色,黑色,rgb,8,30,45,1,4,full,white,zh,zh,2.1.2,
d6d34073-bce0-4aa1-8b36-c10f25e99450,zh,"Chinese (中文 (Zhōngwén), 汉语, 漢語)",绿,绿色,绿色,rgb,46,86,64,1,5,full,white,zh,zh,2.1.2,
d6d34073-bce0-4aa1-8b36-c10f25e99450,zh,"Chinese (中文 (Zhōngwén), 汉语, 漢語)",浅红,浅红色,浅红色,rgb,248,188,174,1,6,full,white,zh,zh,2.1.2,
d6d34073-bce0-4aa1-8b36-c10f25e99450,zh,"Chinese (中文 (Zhōngwén), 汉语, 漢語)",棕,棕色,棕色,rgb,67,48,46,1,7,full,white,zh,zh,2.1.2,
d6d34073-bce0-4aa1-8b36-c10f25e99450,zh,"Chinese (中文 (Zhōngwén), 汉语, 漢語)",红,红色,红色,rgb,190,41,74,1,8,full,white,zh,zh,2.1.2,
d6d34073-bce0-4aa1-8b36-c10f25e99450,zh,"Chinese (中文 (Zhōngwén), 汉语, 漢語)",紫,紫色,紫色,rgb,104,59,92,1,9,full,white,zh,zh,2.1.2,
d6d34073-bce0-4aa1-8b36-c10f25e99450,zh,"Chinese (中文 (Zhōngwén), 汉语, 漢語)",海蓝,海蓝色,海蓝色,rgb,77,113,152,1,10,full,white,zh,zh,2.1.2,
d6d34073-bce0-4aa1-8b36-c10f25e99450,zh,"Chinese (中文 (Zhōngwén), 汉语, 漢語)",天蓝,天蓝色,天蓝色,rgb,103,150,254,1,11,full,white,zh,zh,2.1.2,
d6d34073-bce0-4aa1-8b36-c10f25e99450,zh,"Chinese (中文 (Zhōngwén), 汉语, 漢語)",紫,紫色,紫色,rgb,140,89,128,3,0,full,white,zh,zh,2.1.2,
d6d34073-bce0-4aa1-8b36-c10f25e99450,zh,"Chinese (中文 (Zhōngwén), 汉语, 漢語)",粉紫,粉紫色,粉紫,rgb,213,142,187,3,1,full,white,zh,zh,2.1.2,
d6d34073-bce0-4aa1-8b36-c10f25e99450,zh,"Chinese (中文 (Zhōngwén), 汉语, 漢語)",紫,紫色,紫色,rgb,139,90,222,3,2,full,white,zh,zh,2.1.2,
d6d34073-bce0-4aa1-8b36-c10f25e99450,zh,"Chinese (中文 (Zhōngwén), 汉语, 漢語)",绿,绿色,绿色,rgb,108,189,50,3,3,full,white,zh,zh,2.1.2,
d6d34073-bce0-4aa1-8b36-c10f25e99450,zh,"Chinese (中文 (Zhōngwén), 汉语, 漢語)",紫,紫色,紫色,rgb,143,97,225,3,4,full,white,zh,zh,2.1.2,
d6d34073-bce0-4aa1-8b36-c10f25e99450,zh,"Chinese (中文 (Zhōngwén), 汉语, 漢語)",紫,紫色,紫色,rgb,149,49,201,3,5,full,white,zh,zh,2.1.2,
d6d34073-bce0-4aa1-8b36-c10f25e99450,zh,"Chinese (中文 (Zhōngwén), 汉语, 漢語)",紫,紫色,紫色,rgb,130,88,222,3,6,full,white,zh,zh,2.1.2,
d6d34073-bce0-4aa1-8b36-c10f25e99450,zh,"Chinese (中文 (Zhōngwén), 汉语, 漢語)",深蓝,深蓝色,深蓝色,rgb,30,55,93,3,7,full,white,zh,zh,2.1.2,
d6d34073-bce0-4aa1-8b36-c10f25e99450,zh,"Chinese (中文 (Zhōngwén), 汉语, 漢語)",棕,棕色,棕色,rgb,74,25,37,3,8,full,white,zh,zh,2.1.2,
d6d34073-bce0-4aa1-8b36-c10f25e99450,zh,"Chinese (中文 (Zhōngwén), 汉语, 漢語)",粉红,粉红色,粉红色,rgb,247,86,167,3,9,full,white,zh,zh,2.1.2,
d6d34073-bce0-4aa1-8b36-c10f25e99450,zh,"Chinese (中文 (Zhōngwén), 汉语, 漢語)",红,红色,红色,rgb,157,46,37,3,10,full,white,zh,zh,2.1.2,
d6d34073-bce0-4aa1-8b36-c10f25e99450,zh,"Chinese (中文 (Zhōngwén), 汉语, 漢語)",紫,紫色,紫色,rgb,113,34,238,3,11,full,white,zh,zh,2.1.2,
d6d34073-bce0-4aa1-8b36-c10f25e99450,zh,"Chinese (中文 (Zhōngwén), 汉语, 漢語)",深蓝,深蓝色,深蓝色,rgb,18,56,89,5,0,full,white,zh,zh,2.1.2,
d6d34073-bce0-4aa1-8b36-c10f25e99450,zh,"Chinese (中文 (Zhōngwén), 汉语, 漢語)",棕,棕色,棕色,rgb,130,112,106,5,1,full,white,zh,zh,2.1.2,
d6d34073-bce0-4aa1-8b36-c10f25e99450,zh,"Chinese (中文 (Zhōngwén), 汉语, 漢語)",浅蓝绿,浅蓝绿色,浅蓝绿色,rgb,131,180,187,5,2,full,white,zh,zh,2.1.2,
d6d34073-bce0-4aa1-8b36-c10f25e99450,zh,"Chinese (中文 (Zhōngwén), 汉语, 漢語)",紫,紫色,紫色,rgb,110,62,216,5,3,full,white,zh,zh,2.1.2,
d6d34073-bce0-4aa1-8b36-c10f25e99450,zh,"Chinese (中文 (Zhōngwén), 汉语, 漢語)",浅绿,浅绿色,浅绿色,rgb,200,251,217,5,4,full,white,zh,zh,2.1.2,
d6d34073-bce0-4aa1-8b36-c10f25e99450,zh,"Chinese (中文 (Zhōngwén), 汉语, 漢語)",天蓝,天蓝色,天蓝色,rgb,96,152,225,5,5,full,white,zh,zh,2.1.2,
d6d34073-bce0-4aa1-8b36-c10f25e99450,zh,"Chinese (中文 (Zhōngwén), 汉语, 漢語)",粉红,粉红色,粉红色,rgb,207,113,163,5,6,full,white,zh,zh,2.1.2,
d6d34073-bce0-4aa1-8b36-c10f25e99450,zh,"Chinese (中文 (Zhōngwén), 汉语, 漢語)",紫,紫色,紫色,rgb,148,111,163,5,7,full,white,zh,zh,2.1.2,
d6d34073-bce0-4aa1-8b36-c10f25e99450,zh,"Chinese (中文 (Zhōngwén), 汉语, 漢語)",粉红,粉红色,粉红色,rgb,215,172,184,5,8,full,white,zh,zh,2.1.2,
d6d34073-bce0-4aa1-8b36-c10f25e99450,zh,"Chinese (中文 (Zhōngwén), 汉语, 漢語)",绿,绿色,绿色,rgb,110,168,142,5,9,full,white,zh,zh,2.1.2,
d6d34073-bce0-4aa1-8b36-c10f25e99450,zh,"Chinese (中文 (Zhōngwén), 汉语, 漢語)",粉紫,粉紫色,粉紫色,rgb,183,75,196,5,10,full,white,zh,zh,2.1.2,
d6d34073-bce0-4aa1-8b36-c10f25e99450,zh,"Chinese (中文 (Zhōngwén), 汉语, 漢語)",紫红,紫红色,紫红色,rgb,175,74,158,5,11,full,white,zh,zh,2.1.2,
3ff0e0e9-28ec-483f-b36f-a4dbcde6af7e,zh,"Chinese (中文 (Zhōngwén), 汉语, 漢語)",粉,粉色,粉色,rgb,243,210,190,1,0,full,black,zh,zh,2.1.2,
3ff0e0e9-28ec-483f-b36f-a4dbcde6af7e,zh,"Chinese (中文 (Zhōngwén), 汉语, 漢語)",蓝,蓝色,蓝色,rgb,47,67,183,1,1,full,black,zh,zh,2.1.2,
3ff0e0e9-28ec-483f-b36f-a4dbcde6af7e,zh,"Chinese (中文 (Zhōngwén), 汉语, 漢語)",紫,紫色,紫色,rgb,135,84,144,1,2,full,black,zh,zh,2.1.2,
3ff0e0e9-28ec-483f-b36f-a4dbcde6af7e,zh,"Chinese (中文 (Zhōngwén), 汉语, 漢語)",绿,绿色,绿色,rgb,120,228,64,1,3,full,black,zh,zh,2.1.2,
3ff0e0e9-28ec-483f-b36f-a4dbcde6af7e,zh,"Chinese (中文 (Zhōngwén), 汉语, 漢語)",浅绿,浅绿色,浅绿色,rgb,60,210,115,1,4,full,black,zh,zh,2.1.2,
3ff0e0e9-28ec-483f-b36f-a4dbcde6af7e,zh,"Chinese (中文 (Zhōngwén), 汉语, 漢語)",深蓝,深蓝色,深蓝色,rgb,21,23,77,1,5,full,black,zh,zh,2.1.2,
3ff0e0e9-28ec-483f-b36f-a4dbcde6af7e,zh,"Chinese (中文 (Zhōngwén), 汉语, 漢語)",暗蓝,暗蓝色,暗蓝色,rgb,33,55,84,1,6,full,black,zh,zh,2.1.2,
3ff0e0e9-28ec-483f-b36f-a4dbcde6af7e,zh,"Chinese (中文 (Zhōngwén), 汉语, 漢語)",紫,紫色,紫色,rgb,128,83,127,1,7,full,black,zh,zh,2.1.2,
3ff0e0e9-28ec-483f-b36f-a4dbcde6af7e,zh,"Chinese (中文 (Zhōngwén), 汉语, 漢語)",橘黄,橘黄色,橘黄色,rgb,252,137,91,1,8,full,black,zh,zh,2.1.2,
3ff0e0e9-28ec-483f-b36f-a4dbcde6af7e,zh,"Chinese (中文 (Zhōngwén), 汉语, 漢語)",棕,棕色,棕色,rgb,144,71,17,1,9,full,black,zh,zh,2.1.2,
3ff0e0e9-28ec-483f-b36f-a4dbcde6af7e,zh,"Chinese (中文 (Zhōngwén), 汉语, 漢語)",黄绿,黄绿色,黄绿色,rgb,175,188,132,1,10,full,black,zh,zh,2.1.2,
3ff0e0e9-28ec-483f-b36f-a4dbcde6af7e,zh,"Chinese (中文 (Zhōngwén), 汉语, 漢語)",蓝紫,蓝紫色,蓝紫色,rgb,100,105,155,1,11,full,black,zh,zh,2.1.2,
ea755c82-0dd9-4ab8-8560-ae7afe1ff867,zh,"Chinese (中文 (Zhōngwén), 汉语, 漢語)",粉紫,粉紫色,粉紫色,rgb,220,91,164,1,0,full,white,zh,zh,2.1.2,
ea755c82-0dd9-4ab8-8560-ae7afe1ff867,zh,"Chinese (中文 (Zhōngwén), 汉语, 漢語)",品红,品红色,品红色,rgb,244,62,194,1,1,full,white,zh,zh,2.1.2,
ea755c82-0dd9-4ab8-8560-ae7afe1ff867,zh,"Chinese (中文 (Zhōngwén), 汉语, 漢語)",红,红色,红色,rgb,239,69,83,1,2,full,white,zh,zh,2.1.2,
ea755c82-0dd9-4ab8-8560-ae7afe1ff867,zh,"Chinese (中文 (Zhōngwén), 汉语, 漢語)",深紫,深紫色,深紫色,rgb,74,9,120,1,3,full,white,zh,zh,2.1.2,
ea755c82-0dd9-4ab8-8560-ae7afe1ff867,zh,"Chinese (中文 (Zhōngwén), 汉语, 漢語)",草绿,草绿色,草绿色,rgb,129,172,13,1,4,full,white,zh,zh,2.1.2,
ea755c82-0dd9-4ab8-8560-ae7afe1ff867,zh,"Chinese (中文 (Zhōngwén), 汉语, 漢語)",棕,棕色,棕色,rgb,128,69,30,1,5,full,white,zh,zh,2.1.2,
ea755c82-0dd9-4ab8-8560-ae7afe1ff867,zh,"Chinese (中文 (Zhōngwén), 汉语, 漢語)",深蓝,深蓝色,深蓝色,rgb,54,74,129,1,6,full,white,zh,zh,2.1.2,
ea755c82-0dd9-4ab8-8560-ae7afe1ff867,zh,"Chinese (中文 (Zhōngwén), 汉语, 漢語)",灰绿,灰绿色,灰绿色,rgb,148,162,149,1,7,full,white,zh,zh,2.1.2,
ea755c82-0dd9-4ab8-8560-ae7afe1ff867,zh,"Chinese (中文 (Zhōngwén), 汉语, 漢語)",深紫,深紫色,深紫色,rgb,164,26,136,1,8,full,white,zh,zh,2.1.2,
ea755c82-0dd9-4ab8-8560-ae7afe1ff867,zh,"Chinese (中文 (Zhōngwén), 汉语, 漢語)",蓝紫,蓝紫色,蓝紫色,rgb,150,131,225,1,9,full,white,zh,zh,2.1.2,
ea755c82-0dd9-4ab8-8560-ae7afe1ff867,zh,"Chinese (中文 (Zhōngwén), 汉语, 漢語)",蓝黑,蓝黑色,蓝黑色,rgb,55,47,94,1,10,full,white,zh,zh,2.1.2,
ea755c82-0dd9-4ab8-8560-ae7afe1ff867,zh,"Chinese (中文 (Zhōngwén), 汉语, 漢語)",军绿,军绿色,军绿色,rgb,113,121,28,1,11,full,white,zh,zh,2.1.2,
ea755c82-0dd9-4ab8-8560-ae7afe1ff867,zh,"Chinese (中文 (Zhōngwén), 汉语, 漢語)",黑,黑色,黑色,rgb,42,30,32,3,0,full,white,zh,zh,2.1.2,
ea755c82-0dd9-4ab8-8560-ae7afe1ff867,zh,"Chinese (中文 (Zhōngwén), 汉语, 漢語)",紫,紫色,紫色,rgb,119,47,146,3,1,full,white,zh,zh,2.1.2,
ea755c82-0dd9-4ab8-8560-ae7afe1ff867,zh,"Chinese (中文 (Zhōngwén), 汉语, 漢語)",紫,紫色,紫色,rgb,136,44,134,3,2,full,white,zh,zh,2.1.2,
ea755c82-0dd9-4ab8-8560-ae7afe1ff867,zh,"Chinese (中文 (Zhōngwén), 汉语, 漢語)",紫,紫色,紫色,rgb,176,76,205,3,3,full,white,zh,zh,2.1.2,
ea755c82-0dd9-4ab8-8560-ae7afe1ff867,zh,"Chinese (中文 (Zhōngwén), 汉语, 漢語)",品红,品红色,品红色,rgb,251,29,149,3,4,full,white,zh,zh,2.1.2,
ea755c82-0dd9-4ab8-8560-ae7afe1ff867,zh,"Chinese (中文 (Zhōngwén), 汉语, 漢語)",绿,绿色,绿色,rgb,114,167,41,3,5,full,white,zh,zh,2.1.2,
ea755c82-0dd9-4ab8-8560-ae7afe1ff867,zh,"Chinese (中文 (Zhōngwén), 汉语, 漢語)",绿,绿色,绿色,rgb,55,245,86,3,6,full,white,zh,zh,2.1.2,
ea755c82-0dd9-4ab8-8560-ae7afe1ff867,zh,"Chinese (中文 (Zhōngwén), 汉语, 漢語)",蓝,蓝色,蓝色,rgb,87,22,209,3,7,full,white,zh,zh,2.1.2,
ea755c82-0dd9-4ab8-8560-ae7afe1ff867,zh,"Chinese (中文 (Zhōngwén), 汉语, 漢語)",粉,粉色,粉色,rgb,249,168,224,3,8,full,white,zh,zh,2.1.2,
ea755c82-0dd9-4ab8-8560-ae7afe1ff867,zh,"Chinese (中文 (Zhōngwén), 汉语, 漢語)",棕,棕色,棕色,rgb,95,37,64,3,9,full,white,zh,zh,2.1.2,
ea755c82-0dd9-4ab8-8560-ae7afe1ff867,zh,"Chinese (中文 (Zhōngwén), 汉语, 漢語)",蓝紫,蓝紫色,蓝紫色,rgb,209,183,254,3,10,full,white,zh,zh,2.1.2,
ea755c82-0dd9-4ab8-8560-ae7afe1ff867,zh,"Chinese (中文 (Zhōngwén), 汉语, 漢語)",粉,粉色,粉色,rgb,218,80,134,3,11,full,white,zh,zh,2.1.2,
ea755c82-0dd9-4ab8-8560-ae7afe1ff867,zh,"Chinese (中文 (Zhōngwén), 汉语, 漢語)",蓝紫,蓝紫色,蓝紫色,rgb,70,48,186,5,0,full,white,zh,zh,2.1.2,
ea755c82-0dd9-4ab8-8560-ae7afe1ff867,zh,"Chinese (中文 (Zhōngwén), 汉语, 漢語)",品红,品红色,品红色,rgb,231,55,140,5,1,full,white,zh,zh,2.1.2,
ea755c82-0dd9-4ab8-8560-ae7afe1ff867,zh,"Chinese (中文 (Zhōngwén), 汉语, 漢語)",绿,绿色,绿色,rgb,54,137,96,5,2,full,white,zh,zh,2.1.2,
ea755c82-0dd9-4ab8-8560-ae7afe1ff867,zh,"Chinese (中文 (Zhōngwén), 汉语, 漢語)",棕,棕色,棕色,rgb,91,47,81,5,3,full,white,zh,zh,2.1.2,
ea755c82-0dd9-4ab8-8560-ae7afe1ff867,zh,"Chinese (中文 (Zhōngwén), 汉语, 漢語)",草绿,草绿色,草绿色,rgb,133,167,39,5,4,full,white,zh,zh,2.1.2,
ea755c82-0dd9-4ab8-8560-ae7afe1ff867,zh,"Chinese (中文 (Zhōngwén), 汉语, 漢語)",肉,肉色,肉色,rgb,220,194,177,5,5,full,white,zh,zh,2.1.2,
ea755c82-0dd9-4ab8-8560-ae7afe1ff867,zh,"Chinese (中文 (Zhōngwén), 汉语, 漢語)",黄,黄色,黄色,rgb,215,223,69,5,6,full,white,zh,zh,2.1.2,
ea755c82-0dd9-4ab8-8560-ae7afe1ff867,zh,"Chinese (中文 (Zhōngwén), 汉语, 漢語)",灰绿,灰绿色,灰绿色,rgb,170,198,181,5,7,full,white,zh,zh,2.1.2,
ea755c82-0dd9-4ab8-8560-ae7afe1ff867,zh,"Chinese (中文 (Zhōngwén), 汉语, 漢語)",紫,紫色,紫色,rgb,199,91,199,5,8,full,white,zh,zh,2.1.2,
ea755c82-0dd9-4ab8-8560-ae7afe1ff867,zh,"Chinese (中文 (Zhōngwén), 汉语, 漢語)",灰蓝,灰蓝色,灰蓝色,rgb,53,93,136,5,9,full,white,zh,zh,2.1.2,
ea755c82-0dd9-4ab8-8560-ae7afe1ff867,zh,"Chinese (中文 (Zhōngwén), 汉语, 漢語)",灰蓝,灰蓝色,灰蓝色,rgb,101,146,158,5,10,full,white,zh,zh,2.1.2,
ea755c82-0dd9-4ab8-8560-ae7afe1ff867,zh,"Chinese (中文 (Zhōngwén), 汉语, 漢語)",绿,绿色,绿色,rgb,137,244,115,5,11,full,white,zh,zh,2.1.2,
6f9a0ebe-7666-48c9-a4a6-37f9e1c0833f,zh,"Chinese (中文 (Zhōngwén), 汉语, 漢語)",草绿,草绿色,草绿,rgb,160,251,98,1,0,full,black,zh,zh,2.1.2,
6f9a0ebe-7666-48c9-a4a6-37f9e1c0833f,zh,"Chinese (中文 (Zhōngwén), 汉语, 漢語)",嫩黄,嫩黄色,嫩黄,rgb,203,248,161,1,2,full,black,zh,zh,2.1.2,
6f9a0ebe-7666-48c9-a4a6-37f9e1c0833f,zh,"Chinese (中文 (Zhōngwén), 汉语, 漢語)",黑,黑色,黑,rgb,14,7,2,1,3,full,black,zh,zh,2.1.2,
6f9a0ebe-7666-48c9-a4a6-37f9e1c0833f,zh,"Chinese (中文 (Zhōngwén), 汉语, 漢語)",浅紫,浅紫色,浅紫,rgb,120,111,191,1,4,full,black,zh,zh,2.1.2,
6f9a0ebe-7666-48c9-a4a6-37f9e1c0833f,zh,"Chinese (中文 (Zhōngwén), 汉语, 漢語)",深绿,深绿色,深绿,rgb,41,141,38,1,5,full,black,zh,zh,2.1.2,
6f9a0ebe-7666-48c9-a4a6-37f9e1c0833f,zh,"Chinese (中文 (Zhōngwén), 汉语, 漢語)",湖蓝,湖蓝色,湖蓝,rgb,26,148,153,1,6,full,black,zh,zh,2.1.2,
6f9a0ebe-7666-48c9-a4a6-37f9e1c0833f,zh,"Chinese (中文 (Zhōngwén), 汉语, 漢語)",嫩绿,嫩绿色,嫩绿,rgb,179,224,141,1,7,full,black,zh,zh,2.1.2,
6f9a0ebe-7666-48c9-a4a6-37f9e1c0833f,zh,"Chinese (中文 (Zhōngwén), 汉语, 漢語)",朱红,朱红色,朱红,rgb,138,43,47,1,8,full,black,zh,zh,2.1.2,
6f9a0ebe-7666-48c9-a4a6-37f9e1c0833f,zh,"Chinese (中文 (Zhōngwén), 汉语, 漢語)",肉橙,肉橙色,肉橙色,rgb,250,177,144,1,9,full,black,zh,zh,2.1.2,
6f9a0ebe-7666-48c9-a4a6-37f9e1c0833f,zh,"Chinese (中文 (Zhōngwén), 汉语, 漢語)",肉,肉色,肉色,rgb,221,199,182,1,10,full,black,zh,zh,2.1.2,
6f9a0ebe-7666-48c9-a4a6-37f9e1c0833f,zh,"Chinese (中文 (Zhōngwén), 汉语, 漢語)",梅红,梅红色,梅红,rgb,190,37,99,1,11,full,black,zh,zh,2.1.2,
