participantId,langAbv,lang,name,standardized_entered_name,entered_name,colorSpace,r,g,b,trialNum,tileNum,rgbSet,background,instructionsLocale,browserLocale,studyVersion,originalLangAbv
3508,de,German (Deutsch),giftgrun,giftgrün,Giftgrün,rgb,128,255,0,1,0,line,white,en,,pilot,
3508,de,German (Deutsch),magenta,magenta,Magenta,rgb,255,0,77,1,1,line,white,en,,pilot,
3508,de,German (Deutsch),himmelblau,himmelblau,Himmelblau,rgb,0,133,255,1,2,line,white,en,,pilot,
3508,de,German (Deutsch),ocker,ocker,Ocker,rgb,255,161,0,1,3,line,white,en,,pilot,
3508,de,German (Deutsch),turkis,türkis,Türkis,rgb,0,237,255,1,4,line,white,en,,pilot,
3508,de,German (Deutsch),navy,navy,Navy,rgb,0,69,255,1,5,line,white,en,,pilot,
3508,de,German (Deutsch),hellblau,hellblau,Hellblau,rgb,0,206,255,1,6,line,white,en,,pilot,
3508,de,German (Deutsch),hellblau,hellblau,Hellblau,rgb,0,182,255,1,7,line,white,en,,pilot,
3508,de,German (Deutsch),pink,pink,Pink,rgb,255,0,111,1,8,line,white,en,,pilot,
3508,de,German (Deutsch),hellblau,hellblau,Hellblau,rgb,0,179,255,1,9,line,white,en,,pilot,
3508,de,German (Deutsch),indigo,indigo,Indigo,rgb,0,107,255,1,10,line,white,en,,pilot,
3508,de,German (Deutsch),sonnengelb,sonnengelb,Sonnengelb,rgb,255,209,0,1,11,line,white,en,,pilot,
3508,de,German (Deutsch),orange,orange,Orange,rgb,255,137,0,3,0,line,white,en,,pilot,
3508,de,German (Deutsch),giftgrun,giftgrün,Giftgrün,rgb,0,255,119,3,1,line,white,en,,pilot,
3508,de,German (Deutsch),rot,rot,Rot,rgb,255,0,8,3,2,line,white,en,,pilot,
3508,de,German (Deutsch),neongelb,neongelb,Neongelb,rgb,209,255,0,3,3,line,white,en,,pilot,
3508,de,German (Deutsch),mandarin,mandarin,Mandarin,rgb,255,112,0,3,4,line,white,en,,pilot,
3508,de,German (Deutsch),neonpink,neonpink,Neonpink,rgb,255,0,145,3,5,line,white,en,,pilot,
3508,de,German (Deutsch),hellrot,hellrot,Hellrot,rgb,255,35,0,3,6,line,white,en,,pilot,
3508,de,German (Deutsch),fruhlingsgrun,frühlingsgrün,Frühlingsgrün,rgb,0,255,121,3,7,line,white,en,,pilot,
3508,de,German (Deutsch),limette,limette,Limette,rgb,0,255,37,3,8,line,white,en,,pilot,
3508,de,German (Deutsch),blassgelb,blassgelb,Blassgelb,rgb,237,255,0,3,9,line,white,en,,pilot,
3508,de,German (Deutsch),lila,lila,Lila,rgb,190,0,255,3,10,line,white,en,,pilot,
3508,de,German (Deutsch),dunkelblau,dunkelblau,Dunkelblau,rgb,51,0,255,3,11,line,white,en,,pilot,
3508,de,German (Deutsch),turkis,türkis,Türkis,rgb,0,255,253,6,0,line,white,en,,pilot,
3508,de,German (Deutsch),dunkelblau,dunkelblau,Dunkelblau,rgb,0,51,255,6,1,line,white,en,,pilot,
3508,de,German (Deutsch),hellblau,hellblau,Hellblau,rgb,0,146,255,6,2,line,white,en,,pilot,
3508,de,German (Deutsch),turkis,türkis,Türkis,rgb,0,255,204,6,3,line,white,en,,pilot,
3508,de,German (Deutsch),gelb,gelb,Gelb,rgb,255,240,0,6,4,line,white,en,,pilot,
3508,de,German (Deutsch),lila,lila,Lila,rgb,157,0,255,6,5,line,white,en,,pilot,
3508,de,German (Deutsch),himbeere,himbeere,Himbeere,rgb,255,0,93,6,6,line,white,en,,pilot,
3508,de,German (Deutsch),limettengrun,limettengrün,Limettengrün,rgb,176,255,0,6,7,line,white,en,,pilot,
3508,de,German (Deutsch),pink,pink,Pink,rgb,255,0,206,6,8,line,white,en,,pilot,
3508,de,German (Deutsch),helllila,hell lila,Hell Lila,rgb,249,0,255,6,9,line,white,en,,pilot,
3508,de,German (Deutsch),hellgrun,hellgrün,Hellgrün,rgb,0,255,167,6,10,line,white,en,,pilot,
3508,de,German (Deutsch),dunkelpink,dunkelpink,Dunkelpink,rgb,255,0,230,6,11,line,white,en,,pilot,
3540,de,German (Deutsch),grun,grün,Grün,rgb,127,255,0,1,0,line,white,en,,pilot,
3540,de,German (Deutsch),turkis,türkis,Türkis,rgb,0,255,250,1,1,line,white,en,,pilot,
3540,de,German (Deutsch),blau,blau,Blau,rgb,0,68,255,1,2,line,white,en,,pilot,
3540,de,German (Deutsch),rot,rot,Rot,rgb,255,0,18,1,3,line,white,en,,pilot,
3540,de,German (Deutsch),dunkelgelb,dunkelgelb,Dunkelgelb,rgb,255,198,0,1,4,line,white,en,,pilot,
3540,de,German (Deutsch),turkis,türkis,Türkis,rgb,0,255,214,1,5,line,white,en,,pilot,
3540,de,German (Deutsch),orange,orange,Orange,rgb,255,122,0,1,6,line,white,en,,pilot,
3540,de,German (Deutsch),turkis,türkis,Türkis,rgb,0,255,178,1,7,line,white,en,,pilot,
3540,de,German (Deutsch),grun,grün,Grün,rgb,179,255,0,1,8,line,white,en,,pilot,
3540,de,German (Deutsch),gelb,gelb,Gelb,rgb,255,241,0,1,9,line,white,en,,pilot,
3540,de,German (Deutsch),orange,orange,Orange,rgb,255,112,0,1,10,line,white,en,,pilot,
3540,de,German (Deutsch),rot,rot,Rot,rgb,255,77,0,3,0,line,white,en,,pilot,
3540,de,German (Deutsch),blau,blau,Blau,rgb,64,0,255,3,1,line,white,en,,pilot,
3540,de,German (Deutsch),blau,blau,Blau,rgb,0,105,255,3,2,line,white,en,,pilot,
3540,de,German (Deutsch),grun,grün,Grün,rgb,0,255,109,3,3,line,white,en,,pilot,
3540,de,German (Deutsch),bordeaux,bordeaux,Bordeaux,rgb,255,0,125,3,4,line,white,en,,pilot,
3540,de,German (Deutsch),violett,violett,Violett,rgb,249,0,255,3,5,line,white,en,,pilot,
3540,de,German (Deutsch),gelb,gelb,Gelb,rgb,255,254,0,3,6,line,white,en,,pilot,
3540,de,German (Deutsch),lila,lila,Lila,rgb,255,0,220,3,7,line,white,en,,pilot,
3540,de,German (Deutsch),lila,lila,Lila,rgb,255,0,205,3,8,line,white,en,,pilot,
3540,de,German (Deutsch),lila,lila,Lila,rgb,255,0,168,3,9,line,white,en,,pilot,
3540,de,German (Deutsch),violett,violett,Violett,rgb,170,0,255,3,10,line,white,en,,pilot,
3540,de,German (Deutsch),hellblau,hellblau,Hellblau,rgb,0,211,255,3,11,line,white,en,,pilot,
3540,de,German (Deutsch),blau,blau,Blau,rgb,0,179,255,6,0,line,white,en,,pilot,
3540,de,German (Deutsch),hellblau,hellblau,Hellblau,rgb,0,248,255,6,1,line,white,en,,pilot,
3540,de,German (Deutsch),violett,violett,Violett,rgb,116,0,255,6,2,line,white,en,,pilot,
3540,de,German (Deutsch),rot,rot,Rot,rgb,255,0,64,6,3,line,white,en,,pilot,
3540,de,German (Deutsch),blau,blau,Blau,rgb,0,60,255,6,4,line,white,en,,pilot,
3540,de,German (Deutsch),orange,orange,Orange,rgb,255,163,0,6,5,line,white,en,,pilot,
3540,de,German (Deutsch),bordeaux,bordeaux,Bordeaux,rgb,255,0,85,6,6,line,white,en,,pilot,
3540,de,German (Deutsch),turkis,türkis,Türkis,rgb,0,255,154,6,7,line,white,en,,pilot,
3540,de,German (Deutsch),blau,blau,Blau,rgb,0,192,255,6,8,line,white,en,,pilot,
3540,de,German (Deutsch),grun,grün,Grün,rgb,0,255,37,6,9,line,white,en,,pilot,
3542,de,German (Deutsch),pink,pink,Pink,rgb,255,0,252,1,0,line,white,en,,pilot,
3542,de,German (Deutsch),gelb,gelb,Gelb,rgb,210,255,0,1,1,line,white,en,,pilot,
3542,de,German (Deutsch),violett,violett,Violett,rgb,196,0,255,1,2,line,white,en,,pilot,
3542,de,German (Deutsch),hellgrun,hellgrün,Hellgrün,rgb,0,255,51,1,3,line,white,en,,pilot,
3542,de,German (Deutsch),lila,lila,Lila,rgb,255,0,186,1,4,line,white,en,,pilot,
3542,de,German (Deutsch),orange,orange,Orange,rgb,255,63,0,1,5,line,white,en,,pilot,
3542,de,German (Deutsch),hellblau,hellblau,Hellblau,rgb,0,187,255,1,6,line,white,en,,pilot,
3542,de,German (Deutsch),rot,rot,Rot,rgb,255,0,97,1,7,line,white,en,,pilot,
3542,de,German (Deutsch),hellgrun,hellgrün,Hellgrün,rgb,173,255,0,1,8,line,white,en,,pilot,
3542,de,German (Deutsch),hellgrun,hellgrün,Hellgrün,rgb,43,255,0,1,9,line,white,en,,pilot,
3542,de,German (Deutsch),turkis,türkis,Türkis,rgb,0,255,192,1,10,line,white,en,,pilot,
3542,de,German (Deutsch),blau,blau,Blau,rgb,0,126,255,1,11,line,white,en,,pilot,
3542,de,German (Deutsch),dunkelgelb,dunkelgelb,Dunkelgelb,rgb,255,235,0,3,0,line,white,en,,pilot,
3542,de,German (Deutsch),blau,blau,Blau,rgb,121,0,255,3,1,line,white,en,,pilot,
3542,de,German (Deutsch),blau,blau,Blau,rgb,88,0,255,3,2,line,white,en,,pilot,
3542,de,German (Deutsch),blau,blau,Blau,rgb,0,71,255,3,3,line,white,en,,pilot,
3542,de,German (Deutsch),rot,rot,Rot,rgb,255,0,73,3,4,line,white,en,,pilot,
3542,de,German (Deutsch),hellgrun,hellgrün,Hellgrün,rgb,0,255,160,3,5,line,white,en,,pilot,
3542,de,German (Deutsch),orange,orange,Orange,rgb,255,187,0,3,6,line,white,en,,pilot,
3542,de,German (Deutsch),hellblau,hellblau,Hellblau,rgb,0,164,255,3,7,line,white,en,,pilot,
3542,de,German (Deutsch),turkis,türkis,Türkis,rgb,0,250,255,3,8,line,white,en,,pilot,
3542,de,German (Deutsch),rostrot,rostrot,Rostrot,rgb,255,99,0,3,9,line,white,en,,pilot,
3542,de,German (Deutsch),hellgelb,hellgelb,Hellgelb,rgb,242,255,0,3,10,line,white,en,,pilot,
3542,de,German (Deutsch),rot,rot,Rot,rgb,255,0,39,3,11,line,white,en,,pilot,
3542,de,German (Deutsch),rot,rot,Rot,rgb,255,0,122,6,0,line,white,en,,pilot,
3542,de,German (Deutsch),hellgrun,hellgrün,Hellgrün,rgb,0,255,102,6,1,line,white,en,,pilot,
3542,de,German (Deutsch),pink,pink,Pink,rgb,255,0,222,6,2,line,white,en,,pilot,
3542,de,German (Deutsch),grun,grün,Grün,rgb,0,255,146,6,3,line,white,en,,pilot,
3542,de,German (Deutsch),blau,blau,Blau,rgb,0,112,255,6,4,line,white,en,,pilot,
3542,de,German (Deutsch),turkis,türkis,Türkis,rgb,0,255,235,6,5,line,white,en,,pilot,
3542,de,German (Deutsch),hellblau,hellblau,Hellblau,rgb,0,229,255,6,6,line,white,en,,pilot,
3542,de,German (Deutsch),dunkelblau,dunkelblau,Dunkelblau,rgb,0,52,255,6,7,line,white,en,,pilot,
3542,de,German (Deutsch),rot,rot,Rot,rgb,255,0,169,6,8,line,white,en,,pilot,
3542,de,German (Deutsch),blau,blau,Blau,rgb,0,148,255,6,9,line,white,en,,pilot,
3542,de,German (Deutsch),orange,orange,Orange,rgb,255,147,0,6,10,line,white,en,,pilot,
3542,de,German (Deutsch),orange,orange,Orange,rgb,255,168,0,6,11,line,white,en,,pilot,
4118,de,German (Deutsch),blau,blau,blau,rgb,0,62,255,1,0,line,white,en,,pilot,
4118,de,German (Deutsch),neongrun,neongrün,neongrün,rgb,158,255,0,1,1,line,white,en,,pilot,
4118,de,German (Deutsch),turkis,türkis,türkis,rgb,0,255,237,1,2,line,white,en,,pilot,
4118,de,German (Deutsch),apfelgrun,apfelgrün,apfelgrün,rgb,130,255,0,1,3,line,white,en,,pilot,
4118,de,German (Deutsch),mint,mint,mint,rgb,0,255,210,1,4,line,white,en,,pilot,
4118,de,German (Deutsch),hellblau,hellblau,hellblau,rgb,0,213,255,1,5,line,white,en,,pilot,
4118,de,German (Deutsch),orange,orange,orange,rgb,255,126,0,1,6,line,white,en,,pilot,
4118,de,German (Deutsch),rot,rot,rot,rgb,255,0,82,1,7,line,white,en,,pilot,
4118,de,German (Deutsch),mittelblau,mittelblau,mittelblau,rgb,0,17,255,1,8,line,white,en,,pilot,
4118,de,German (Deutsch),lila,lila,lila,rgb,131,0,255,1,9,line,white,en,,pilot,
4118,de,German (Deutsch),hellblau,hellblau,hellblau,rgb,0,137,255,1,10,line,white,en,,pilot,
4118,de,German (Deutsch),dunkelgelb,dunkelgelb,dunkelgelb,rgb,255,177,0,1,11,line,white,en,,pilot,
4118,de,German (Deutsch),lila,lila,lila,rgb,196,0,255,3,0,line,white,en,,pilot,
4118,de,German (Deutsch),rot,rot,rot,rgb,255,0,64,3,1,line,white,en,,pilot,
4118,de,German (Deutsch),mint,mint,mint,rgb,0,255,180,3,2,line,white,en,,pilot,
4118,de,German (Deutsch),mittelgelb,mittelgelb,mittelgelb,rgb,255,193,0,3,3,line,white,en,,pilot,
4118,de,German (Deutsch),turkis,türkis,türkis,rgb,0,232,255,3,4,line,white,en,,pilot,
4118,de,German (Deutsch),hellblau,hellblau,hellblau,rgb,0,190,255,3,5,line,white,en,,pilot,
4118,de,German (Deutsch),hellbraun,hellbraun,hellbraun,rgb,255,106,0,3,6,line,white,en,,pilot,
4118,de,German (Deutsch),lilapink,lilapink,lilapink,rgb,255,0,185,3,7,line,white,en,,pilot,
4118,de,German (Deutsch),violett,violett,violett,rgb,255,0,232,3,8,line,white,en,,pilot,
4118,de,German (Deutsch),himmelsblau,himmelsblau,himmelsblau,rgb,0,170,255,3,9,line,white,en,,pilot,
4118,de,German (Deutsch),hellgrun,hellgrün,hellgrün,rgb,0,255,99,3,10,line,white,en,,pilot,
4118,de,German (Deutsch),mattrot,mattrot,mattrot,rgb,255,0,45,3,11,line,white,en,,pilot,
4118,de,German (Deutsch),blau,blau,blau,rgb,0,126,255,6,0,line,white,en,,pilot,
4118,de,German (Deutsch),neongrun,neongrün,neongrün,rgb,0,255,61,6,1,line,white,en,,pilot,
4118,de,German (Deutsch),mittelgelb,mittelgelb,mittelgelb,rgb,255,226,0,6,2,line,white,en,,pilot,
4118,de,German (Deutsch),pinklila,pinklila,pinklila,rgb,255,0,174,6,3,line,white,en,,pilot,
4118,de,German (Deutsch),blassgrun,blassgrün,blassgrün,rgb,0,255,131,6,4,line,white,en,,pilot,
4118,de,German (Deutsch),mittelblau,mittelblau,mittelblau,rgb,0,98,255,6,5,line,white,en,,pilot,
4118,de,German (Deutsch),lila,lila,lila,rgb,246,0,255,6,6,line,white,en,,pilot,
4118,de,German (Deutsch),tiefblau,tiefblau,tiefblau,rgb,0,74,255,6,7,line,white,en,,pilot,
4118,de,German (Deutsch),zitronengelb,zitronengelb,zitronengelb,rgb,222,255,0,6,8,line,white,en,,pilot,
4118,de,German (Deutsch),rottlicheslila,röttliches lila,röttliches lila,rgb,255,0,140,6,9,line,white,en,,pilot,
4118,de,German (Deutsch),gelbrot,gelbrot,gelbrot,rgb,255,40,0,6,10,line,white,en,,pilot,
4118,de,German (Deutsch),sonnengelb,sonnengelb,sonnengelb,rgb,238,255,0,6,11,line,white,en,,pilot,
4197,de,German (Deutsch),orange,orange,orange,rgb,255,129,0,1,0,line,white,en,,pilot,
4197,de,German (Deutsch),gelb,gelb,gelb,rgb,237,255,0,1,1,line,white,en,,pilot,
4197,de,German (Deutsch),aprikose,aprikose,aprikose,rgb,255,171,0,1,2,line,white,en,,pilot,
4197,de,German (Deutsch),hellblau,hell blau,hell-blau,rgb,0,193,255,1,3,line,white,en,,pilot,
4197,de,German (Deutsch),rotorange,rot orange,rot-orange,rgb,255,63,0,1,4,line,white,en,,pilot,
4197,de,German (Deutsch),rot,rot,rot,rgb,255,0,14,1,5,line,white,en,,pilot,
4197,de,German (Deutsch),turkis,türkis,türkis,rgb,0,255,255,1,6,line,white,en,,pilot,
4197,de,German (Deutsch),pink,pink,pink,rgb,255,0,199,1,7,line,white,en,,pilot,
4197,de,German (Deutsch),grun,grün,grün,rgb,0,255,91,1,8,line,white,en,,pilot,
4197,de,German (Deutsch),konigsblau,königs blau,königs-blau,rgb,51,0,255,1,9,line,white,en,,pilot,
4197,de,German (Deutsch),hellgrun,hell grün,hell-grün,rgb,0,255,145,1,10,line,white,en,,pilot,
4197,de,German (Deutsch),blau,blau,blau,rgb,0,113,255,1,11,line,white,en,,pilot,
4197,de,German (Deutsch),grun,grün,grün,rgb,75,255,0,3,0,line,white,en,,pilot,
4197,de,German (Deutsch),pink,pink,pink,rgb,255,0,102,3,1,line,white,en,,pilot,
4197,de,German (Deutsch),turkis,türkis,türkis,rgb,0,255,250,3,2,line,white,en,,pilot,
4197,de,German (Deutsch),rot,rot,rot,rgb,255,0,57,3,3,line,white,en,,pilot,
4197,de,German (Deutsch),blau,blau,blau,rgb,0,178,255,3,4,line,white,en,,pilot,
4197,de,German (Deutsch),orange,orange,orange,rgb,255,105,0,3,5,line,white,en,,pilot,
4197,de,German (Deutsch),grun,grün,grün,rgb,28,255,0,3,6,line,white,en,,pilot,
4197,de,German (Deutsch),pink,pink,pink,rgb,255,0,131,3,7,line,white,en,,pilot,
4197,de,German (Deutsch),lila,lila,lila,rgb,148,0,255,3,8,line,white,en,,pilot,
4197,de,German (Deutsch),blau,blau,blau,rgb,0,230,255,3,9,line,white,en,,pilot,
4197,de,German (Deutsch),blau,blau,blau,rgb,0,157,255,3,10,line,white,en,,pilot,
4197,de,German (Deutsch),grungelb,grün gelb,grün-gelb,rgb,219,255,0,3,11,line,white,en,,pilot,
4197,de,German (Deutsch),turkis,türkis,türkis,rgb,0,255,190,6,0,line,white,en,,pilot,
4197,de,German (Deutsch),orange,orange,orange,rgb,255,193,0,6,1,line,white,en,,pilot,
4197,de,German (Deutsch),blau,blau,blau,rgb,0,79,255,6,2,line,white,en,,pilot,
4197,de,German (Deutsch),pink,pink,pink,rgb,255,0,222,6,3,line,white,en,,pilot,
4197,de,German (Deutsch),lila,lila,lila,rgb,203,0,255,6,4,line,white,en,,pilot,
4197,de,German (Deutsch),blau,blau,blau,rgb,0,128,255,6,5,line,white,en,,pilot,
4197,de,German (Deutsch),gelb,gelb,gelb,rgb,255,216,0,6,6,line,white,en,,pilot,
4197,de,German (Deutsch),turkis,türkis,türkis,rgb,0,255,220,6,7,line,white,en,,pilot,
4197,de,German (Deutsch),grun,grün,grün,rgb,154,255,0,6,8,line,white,en,,pilot,
4197,de,German (Deutsch),blau,blau,blau,rgb,0,49,255,6,9,line,white,en,,pilot,
4197,de,German (Deutsch),pink,pink,pink,rgb,255,0,148,6,10,line,white,en,,pilot,
4197,de,German (Deutsch),pink,pink,pink,rgb,255,0,254,6,11,line,white,en,,pilot,
4763,de,German (Deutsch),blau,blau,Blau,rgb,0,98,255,1,0,line,white,en,,1.1.2,
4763,de,German (Deutsch),hellgrun,hellgrün,Hellgrün,rgb,0,255,177,1,1,line,white,en,,1.1.2,
4763,de,German (Deutsch),gelb,gelb,Gelb,rgb,243,255,0,1,2,line,white,en,,1.1.2,
4763,de,German (Deutsch),hellblau,hellblau,Hellblau,rgb,0,238,255,1,3,line,white,en,,1.1.2,
4763,de,German (Deutsch),blau,blau,Blau,rgb,0,189,255,1,4,line,white,en,,1.1.2,
4763,de,German (Deutsch),lila,lila,Lila,rgb,198,0,255,1,5,line,white,en,,1.1.2,
4763,de,German (Deutsch),grun,grün,Grün,rgb,0,255,76,1,6,line,white,en,,1.1.2,
4763,de,German (Deutsch),blau,blau,Blau,rgb,0,123,255,1,7,line,white,en,,1.1.2,
4763,de,German (Deutsch),blau,blau,Blau,rgb,0,22,255,1,8,line,white,en,,1.1.2,
4763,de,German (Deutsch),rosa,rosa,Rosa,rgb,255,0,97,1,9,line,white,en,,1.1.2,
4763,de,German (Deutsch),blau,blau,Blau,rgb,0,226,255,1,10,line,white,en,,1.1.2,
4763,de,German (Deutsch),grun,grün,Grün,rgb,201,255,0,1,11,line,white,en,,1.1.2,
4763,de,German (Deutsch),rot,rot,Rot,rgb,255,0,50,3,0,line,white,en,,1.1.2,
4763,de,German (Deutsch),rot,rot,Rot,rgb,255,16,0,3,1,line,white,en,,1.1.2,
4763,de,German (Deutsch),hellblau,hellblau,Hellblau,rgb,0,255,202,3,2,line,white,en,,1.1.2,
4763,de,German (Deutsch),rosa,rosa,Rosa,rgb,255,0,228,3,3,line,white,en,,1.1.2,
4763,de,German (Deutsch),orange,orange,Orange,rgb,255,149,0,3,4,line,white,en,,1.1.2,
4763,de,German (Deutsch),blau,blau,Blau,rgb,0,58,255,3,5,line,white,en,,1.1.2,
4763,de,German (Deutsch),rosa,rosa,Rosa,rgb,255,0,209,3,6,line,white,en,,1.1.2,
4763,de,German (Deutsch),blau,blau,Blau,rgb,0,164,255,3,7,line,white,en,,1.1.2,
4763,de,German (Deutsch),orange,orange,Orange,rgb,255,102,0,3,8,line,white,en,,1.1.2,
4763,de,German (Deutsch),lila,lila,Lila,rgb,126,0,255,3,9,line,white,en,,1.1.2,
4763,de,German (Deutsch),orange,orange,Orange,rgb,255,185,0,3,10,line,white,en,,1.1.2,
4763,de,German (Deutsch),roda,roda,Roda,rgb,242,0,255,3,11,line,white,en,,1.1.2,
4763,de,German (Deutsch),grun,grün,Grün,rgb,0,255,91,6,0,line,white,en,,1.1.2,
4763,de,German (Deutsch),hellblau,hellblau,Hellblau,rgb,0,255,228,6,1,line,white,en,,1.1.2,
4763,de,German (Deutsch),blau,blau,Blau,rgb,0,146,255,6,2,line,white,en,,1.1.2,
4763,de,German (Deutsch),rosa,rosa,Rosa,rgb,255,0,173,6,3,line,white,en,,1.1.2,
4763,de,German (Deutsch),rot,rot,Rot,rgb,255,0,11,6,4,line,white,en,,1.1.2,
4763,de,German (Deutsch),grun,grün,Grün,rgb,109,255,0,6,5,line,white,en,,1.1.2,
4763,de,German (Deutsch),orange,orange,Orange,rgb,255,172,0,6,6,line,white,en,,1.1.2,
4763,de,German (Deutsch),grun,grün,Grün,rgb,0,255,151,6,7,line,white,en,,1.1.2,
4763,de,German (Deutsch),blau,blau,Blau,rgb,0,67,255,6,8,line,white,en,,1.1.2,
4763,de,German (Deutsch),rosa,rosa,Rosa,rgb,255,0,119,6,9,line,white,en,,1.1.2,
4763,de,German (Deutsch),gelb,gelb,Gelb,rgb,255,234,0,6,10,line,white,en,,1.1.2,
4763,de,German (Deutsch),grun,grün,Grün,rgb,136,255,0,6,11,line,white,en,,1.1.2,
4825,de,German (Deutsch),rot,rot,Rot,rgb,255,0,16,1,0,line,white,en,,1.1.2,
4825,de,German (Deutsch),lila,lila,Lila,rgb,213,0,255,1,1,line,white,en,,1.1.2,
4825,de,German (Deutsch),blau,blau,Blau,rgb,0,182,255,1,2,line,white,en,,1.1.2,
4825,de,German (Deutsch),grun,grün,Grün,rgb,187,255,0,1,3,line,white,en,,1.1.2,
4825,de,German (Deutsch),gelb,gelb,Gelb,rgb,231,255,0,1,4,line,white,en,,1.1.2,
4825,de,German (Deutsch),rot,rot,Rot,rgb,255,85,0,1,5,line,white,en,,1.1.2,
4825,de,German (Deutsch),grun,grün,Grün,rgb,0,255,95,1,6,line,white,en,,1.1.2,
4825,de,German (Deutsch),grun,grün,Grün,rgb,171,255,0,1,7,line,white,en,,1.1.2,
4825,de,German (Deutsch),orange,orange,Orange,rgb,255,148,0,1,8,line,white,en,,1.1.2,
4825,de,German (Deutsch),blau,blau,Blau,rgb,0,69,255,1,9,line,white,en,,1.1.2,
4825,de,German (Deutsch),lila,lila,Lila,rgb,255,0,219,1,10,line,white,en,,1.1.2,
4825,de,German (Deutsch),turkis,türkis,Türkis,rgb,0,255,250,1,11,line,white,en,,1.1.2,
4825,de,German (Deutsch),blau,blau,Blau,rgb,0,133,255,3,0,line,white,en,,1.1.2,
4825,de,German (Deutsch),grun,grün,Grün,rgb,102,255,0,3,1,line,white,en,,1.1.2,
4825,de,German (Deutsch),pink,pink,Pink,rgb,255,0,94,3,2,line,white,en,,1.1.2,
4825,de,German (Deutsch),lila,lila,Lila,rgb,244,0,255,3,3,line,white,en,,1.1.2,
4825,de,German (Deutsch),gelb,gelb,Gelb,rgb,255,228,0,3,4,line,white,en,,1.1.2,
4825,de,German (Deutsch),gelb,gelb,Gelb,rgb,255,210,0,3,5,line,white,en,,1.1.2,
4825,de,German (Deutsch),blau,blau,Blau,rgb,0,167,255,3,6,line,white,en,,1.1.2,
4825,de,German (Deutsch),blau,blau,Blau,rgb,0,62,255,3,7,line,white,en,,1.1.2,
4825,de,German (Deutsch),pink,pink,Pink,rgb,255,0,65,3,8,line,white,en,,1.1.2,
4825,de,German (Deutsch),pink,pink,Pink,rgb,255,0,168,3,9,line,white,en,,1.1.2,
4825,de,German (Deutsch),pink,pink,Pink,rgb,255,0,120,3,10,line,white,en,,1.1.2,
4825,de,German (Deutsch),turkis,türkis,Türkis,rgb,0,255,204,3,11,line,white,en,,1.1.2,
4825,de,German (Deutsch),grun,grün,Grün,rgb,0,255,137,6,0,line,white,en,,1.1.2,
4825,de,German (Deutsch),orange,orange,Orange,rgb,255,163,0,6,1,line,white,en,,1.1.2,
4825,de,German (Deutsch),blau,blau,Blau,rgb,0,34,255,6,2,line,white,en,,1.1.2,
4825,de,German (Deutsch),lila,lila,Lila,rgb,127,0,255,6,3,line,white,en,,1.1.2,
4825,de,German (Deutsch),blau,blau,Blau,rgb,0,147,255,6,4,line,white,en,,1.1.2,
4825,de,German (Deutsch),turkis,türkis,Türkis,rgb,0,255,255,6,5,line,white,en,,1.1.2,
4825,de,German (Deutsch),grun,grün,Grün,rgb,0,255,181,6,6,line,white,en,,1.1.2,
4825,de,German (Deutsch),blau,blau,Blau,rgb,0,225,255,6,7,line,white,en,,1.1.2,
4825,de,German (Deutsch),lila,lila,Lila,rgb,255,0,204,6,8,line,white,en,,1.1.2,
4825,de,German (Deutsch),grun,grün,Grün,rgb,0,255,59,6,9,line,white,en,,1.1.2,
4825,de,German (Deutsch),blau,blau,Blau,rgb,0,103,255,6,10,line,white,en,,1.1.2,
4825,de,German (Deutsch),rot,rot,Rot,rgb,255,67,0,6,11,line,white,en,,1.1.2,
4894,de,German (Deutsch),lila,lila,Lila,rgb,255,0,189,1,0,line,white,en,,1.1.2,
4894,de,German (Deutsch),pink,pink,Pink,rgb,255,0,224,1,1,line,white,en,,1.1.2,
4894,de,German (Deutsch),ocker,ocker,Ocker,rgb,255,215,0,1,2,line,white,en,,1.1.2,
4894,de,German (Deutsch),dunkelblau,dunkelblau,Dunkelblau,rgb,0,133,255,1,3,line,white,en,,1.1.2,
4894,de,German (Deutsch),hellblau,hellblau,Hellblau,rgb,0,157,255,1,5,line,white,en,,1.1.2,
4894,de,German (Deutsch),neon,neon,Neon,rgb,198,255,0,1,6,line,white,en,,1.1.2,
4894,de,German (Deutsch),orange,orange,Orange,rgb,255,166,0,1,7,line,white,en,,1.1.2,
4894,de,German (Deutsch),organgerot,organge rot,Organge-rot,rgb,255,93,0,1,8,line,white,en,,1.1.2,
4894,de,German (Deutsch),hellgrun,hellgrün,Hellgrün,rgb,0,255,76,1,9,line,white,en,,1.1.2,
4894,de,German (Deutsch),hellgrun,hellgrün,Hellgrün,rgb,0,255,97,1,10,line,white,en,,1.1.2,
4894,de,German (Deutsch),burgunder,burgunder,Burgunder,rgb,255,0,128,1,11,line,white,en,,1.1.2,
4894,de,German (Deutsch),orange,orange,Orange,rgb,255,149,0,3,0,line,white,en,,1.1.2,
4894,de,German (Deutsch),grun,grün,Grün,rgb,0,255,142,3,1,line,white,en,,1.1.2,
4894,de,German (Deutsch),pink,pink,Pink,rgb,255,0,159,3,2,line,white,en,,1.1.2,
4894,de,German (Deutsch),hellblau,hellblau,Hellblau,rgb,0,178,255,3,3,line,white,en,,1.1.2,
4894,de,German (Deutsch),dunkelblau,dunkelblau,Dunkelblau,rgb,0,6,255,3,4,line,white,en,,1.1.2,
4894,de,German (Deutsch),lila,lila,Lila,rgb,160,0,255,3,5,line,white,en,,1.1.2,
4894,de,German (Deutsch),helllila,hell lila,Hell Lila,rgb,209,0,255,3,6,line,white,en,,1.1.2,
4894,de,German (Deutsch),hellblau,hellblau,Hellblau,rgb,0,194,255,3,7,line,white,en,,1.1.2,
4894,de,German (Deutsch),blau,blau,Blau,rgb,0,109,255,3,8,line,white,en,,1.1.2,
4894,de,German (Deutsch),hellblau,hellblau,Hellblau,rgb,0,205,255,3,9,line,white,en,,1.1.2,
4894,de,German (Deutsch),blassgrun,blass grün,blass grün,rgb,0,255,190,3,10,line,white,en,,1.1.2,
4894,de,German (Deutsch),rot,rot,Rot,rgb,255,0,57,3,11,line,white,en,,1.1.2,
4894,de,German (Deutsch),rot,rot,rot,rgb,255,0,24,6,0,line,white,en,,1.1.2,
4894,de,German (Deutsch),dunkelblau,dunkelblau,dunkelblau,rgb,0,44,255,6,1,line,white,en,,1.1.2,
4894,de,German (Deutsch),neon,neon,neon,rgb,153,255,0,6,2,line,white,en,,1.1.2,
4894,de,German (Deutsch),dunkelblau,dunkelblau,dunkelblau,rgb,0,89,255,6,3,line,white,en,,1.1.2,
4894,de,German (Deutsch),lila,lila,lila,rgb,255,0,248,6,4,line,white,en,,1.1.2,
4894,de,German (Deutsch),grun,grün,grün,rgb,57,255,0,6,5,line,white,en,,1.1.2,
4894,de,German (Deutsch),orange,orange,orange,rgb,255,195,0,6,6,line,white,en,,1.1.2,
4894,de,German (Deutsch),burgunder,burgunder,burgunder,rgb,255,0,96,6,7,line,white,en,,1.1.2,
4894,de,German (Deutsch),geld,geld,geld,rgb,255,255,0,6,8,line,white,en,,1.1.2,
4894,de,German (Deutsch),hellblau,hellblau,hellblau,rgb,0,251,255,6,9,line,white,en,,1.1.2,
4894,de,German (Deutsch),rot,rot,rot,rgb,255,34,0,6,10,line,white,en,,1.1.2,
4894,de,German (Deutsch),blassblau,blassblau,blassblau,rgb,0,255,227,6,11,line,white,en,,1.1.2,
4968,de,German (Deutsch),ocker,ocker,Ocker,rgb,255,169,0,1,0,line,white,en,,1.1.2,
4968,de,German (Deutsch),orange,orange,Orange,rgb,255,88,0,1,1,line,white,en,,1.1.2,
4968,de,German (Deutsch),lila,lila,Lila,rgb,119,0,255,1,2,line,white,en,,1.1.2,
4968,de,German (Deutsch),hellbraun,hellbraun,Hellbraun,rgb,255,132,0,1,3,line,white,en,,1.1.2,
4968,de,German (Deutsch),lilablau,lilablau,Lilablau,rgb,80,0,255,1,4,line,white,en,,1.1.2,
4968,de,German (Deutsch),himmelblau,himmelblau,Himmelblau,rgb,0,199,255,1,5,line,white,en,,1.1.2,
4968,de,German (Deutsch),sanftesblau,sanftes blau,sanftes Blau,rgb,0,134,255,1,6,line,white,en,,1.1.2,
4968,de,German (Deutsch),kobaltblau,kobaltblau,Kobaltblau,rgb,0,61,255,1,7,line,white,en,,1.1.2,
4968,de,German (Deutsch),pastelturkis,pasteltürkis,Pasteltürkis,rgb,0,255,174,1,8,line,white,en,,1.1.2,
4968,de,German (Deutsch),hellblau,hellblau,Hellblau,rgb,0,228,255,1,9,line,white,en,,1.1.2,
4968,de,German (Deutsch),gelb,gelb,Gelb,rgb,255,249,0,1,10,line,white,en,,1.1.2,
4968,de,German (Deutsch),maganta,maganta,Maganta,rgb,255,0,191,1,11,line,white,en,,1.1.2,
4968,de,German (Deutsch),pink,pink,Pink,rgb,255,0,119,3,0,line,white,en,,1.1.2,
4968,de,German (Deutsch),hellesturkisgrun,helles türkisgrün,helles Türkisgrün,rgb,0,255,87,3,1,line,white,en,,1.1.2,
4968,de,German (Deutsch),helleslika,helles lika,helles Lika,rgb,255,0,225,3,2,line,white,en,,1.1.2,
4968,de,German (Deutsch),grellesgrun,grelles grün,grelles Grün,rgb,0,255,9,3,3,line,white,en,,1.1.2,
4968,de,German (Deutsch),blau,blau,Blau,rgb,0,81,255,3,4,line,white,en,,1.1.2,
4968,de,German (Deutsch),warmesgrun,warmes grün,warmes grün,rgb,68,255,0,3,5,line,white,en,,1.1.2,
4968,de,German (Deutsch),maganta,maganta,Maganta,rgb,255,0,169,3,6,line,white,en,,1.1.2,
4968,de,German (Deutsch),himmelblau,himmelblau,Himmelblau,rgb,0,168,255,3,7,line,white,en,,1.1.2,
4968,de,German (Deutsch),giftgelb,giftgelb,Giftgelb,rgb,222,255,0,3,8,line,white,en,,1.1.2,
4968,de,German (Deutsch),hellblau,hellblau,Hellblau,rgb,0,251,255,3,9,line,white,en,,1.1.2,
4968,de,German (Deutsch),helleslila,helles lila,helles Lila,rgb,248,0,255,3,10,line,white,en,,1.1.2,
4968,de,German (Deutsch),gelb,gelb,Gelb,rgb,255,239,0,3,11,line,white,en,,1.1.2,
4968,de,German (Deutsch),lila,lila,Lila,rgb,182,0,255,6,0,line,white,en,,1.1.2,
4968,de,German (Deutsch),blau,blau,Blau,rgb,0,104,255,6,1,line,white,en,,1.1.2,
4968,de,German (Deutsch),rot,rot,Rot,rgb,255,41,0,6,2,line,white,en,,1.1.2,
4968,de,German (Deutsch),pink,pink,Pink,rgb,255,0,92,6,3,line,white,en,,1.1.2,
4968,de,German (Deutsch),pinkesrot,pinkes rot,pinkes Rot,rgb,255,0,46,6,4,line,white,en,,1.1.2,
4968,de,German (Deutsch),hellesturkisblau,helles türkisblau,helles Türkisblau,rgb,0,255,195,6,5,line,white,en,,1.1.2,
4968,de,German (Deutsch),giftgrun,giftgrün,Giftgrün,rgb,182,255,0,6,6,line,white,en,,1.1.2,
4968,de,German (Deutsch),grellesblau,grelles blau,grelles Blau,rgb,0,255,255,6,7,line,white,en,,1.1.2,
4968,de,German (Deutsch),sanftesblau,sanftes blau,sanftes Blau,rgb,0,149,255,6,8,line,white,en,,1.1.2,
4968,de,German (Deutsch),pinkesrot,pinkes rot,pinkes Rot,rgb,255,0,50,6,9,line,white,en,,1.1.2,
4968,de,German (Deutsch),ocker,ocker,Ocker,rgb,255,208,0,6,10,line,white,en,,1.1.2,
4968,de,German (Deutsch),hellesturkis,helles türkis,helles Türkis,rgb,0,255,156,6,11,line,white,en,,1.1.2,
5004,de,German (Deutsch),blau,blau,blau,rgb,0,71,255,1,0,line,white,en,,1.1.2,
5004,de,German (Deutsch),pinkrot,pinkrot,pinkrot,rgb,255,0,132,1,1,line,white,en,,1.1.2,
5004,de,German (Deutsch),pink,pink,pink,rgb,255,0,167,1,2,line,white,en,,1.1.2,
5004,de,German (Deutsch),hellgrun,hellgrün,hellgrün,rgb,121,255,0,1,3,line,white,en,,1.1.2,
5004,de,German (Deutsch),orange,orange,orange,rgb,255,114,0,1,4,line,white,en,,1.1.2,
5004,de,German (Deutsch),rot,rot,rot,rgb,255,0,45,1,5,line,white,en,,1.1.2,
5004,de,German (Deutsch),gelb,gelb,gelb,rgb,255,249,0,1,6,line,white,en,,1.1.2,
5004,de,German (Deutsch),lila,lila,lila,rgb,198,0,255,1,7,line,white,en,,1.1.2,
5004,de,German (Deutsch),grun,grün,grün,rgb,37,255,0,1,8,line,white,en,,1.1.2,
5004,de,German (Deutsch),rot,rot,rot,rgb,255,31,0,1,9,line,white,en,,1.1.2,
5004,de,German (Deutsch),gelb,gelb,gelb,rgb,255,242,0,1,10,line,white,en,,1.1.2,
5004,de,German (Deutsch),rot,rot,rot,rgb,255,0,69,1,11,line,white,en,,1.1.2,
5004,de,German (Deutsch),hellblau,hellblau,hellblau,rgb,0,214,255,3,0,line,white,en,,1.1.2,
5004,de,German (Deutsch),orange,orange,orange,rgb,255,175,0,3,1,line,white,en,,1.1.2,
5004,de,German (Deutsch),blau,blau,blau,rgb,0,117,255,3,2,line,white,en,,1.1.2,
5004,de,German (Deutsch),mittelblau,mittelblau,mittelblau,rgb,0,162,255,3,3,line,white,en,,1.1.2,
5004,de,German (Deutsch),mittleresdunkelblau,mittleres dunkel blau,mittleres dunkel blau,rgb,0,46,255,3,4,line,white,en,,1.1.2,
5004,de,German (Deutsch),lila,lila,lila,rgb,154,0,255,3,5,line,white,en,,1.1.2,
5004,de,German (Deutsch),rotpink,rot pink,rot pink,rgb,255,0,101,3,6,line,white,en,,1.1.2,
5004,de,German (Deutsch),grun,grün,grün,rgb,0,255,99,3,7,line,white,en,,1.1.2,
5004,de,German (Deutsch),turkisgrun,türkisgrün,türkisgrün,rgb,0,255,193,3,8,line,white,en,,1.1.2,
5004,de,German (Deutsch),senfgelb,senfgelb,senfgelb,rgb,255,205,0,3,9,line,white,en,,1.1.2,
5004,de,German (Deutsch),pink,pink,pink,rgb,255,0,186,3,10,line,white,en,,1.1.2,
5004,de,German (Deutsch),blau,blau,blau,rgb,0,104,255,3,11,line,white,en,,1.1.2,
5516,de,German (Deutsch),pink,pink,Pink,rgb,255,0,108,1,0,line,white,en,,1.1.2,
5516,de,German (Deutsch),himmelblau,himmelblau,Himmelblau,rgb,0,171,255,1,1,line,white,en,,1.1.2,
5516,de,German (Deutsch),orange,orange,Orange,rgb,255,126,0,1,2,line,white,en,,1.1.2,
5516,de,German (Deutsch),orangegelb,orangegelb,Orangegelb,rgb,255,182,0,1,3,line,white,en,,1.1.2,
5516,de,German (Deutsch),turkisblau,türkisblau,Türkisblau,rgb,0,188,255,1,4,line,white,en,,1.1.2,
5516,de,German (Deutsch),pink,pink,Pink,rgb,255,0,117,1,5,line,white,en,,1.1.2,
5516,de,German (Deutsch),turkis,türkis,Türkis,rgb,0,255,229,1,6,line,white,en,,1.1.2,
5516,de,German (Deutsch),hellgrun,hellgrün,Hellgrün,rgb,180,255,0,1,7,line,white,en,,1.1.2,
5516,de,German (Deutsch),lila,lila,Lila,rgb,255,0,253,1,8,line,white,en,,1.1.2,
5516,de,German (Deutsch),blau,blau,Blau,rgb,0,121,255,1,9,line,white,en,,1.1.2,
5516,de,German (Deutsch),dunkelblau,dunkelblau,Dunkelblau,rgb,0,90,255,1,10,line,white,en,,1.1.2,
5516,de,German (Deutsch),turkis,türkis,Türkis,rgb,0,224,255,1,11,line,white,en,,1.1.2,
5516,de,German (Deutsch),rot,rot,Rot,rgb,255,0,75,3,0,line,white,en,,1.1.2,
5516,de,German (Deutsch),pink,pink,Pink,rgb,255,0,147,3,1,line,white,en,,1.1.2,
5516,de,German (Deutsch),rot,rot,Rot,rgb,255,0,34,3,2,line,white,en,,1.1.2,
5516,de,German (Deutsch),turkis,türkis,Türkis,rgb,0,238,255,3,3,line,white,en,,1.1.2,
5516,de,German (Deutsch),grungelb,grüngelb,Grüngelb,rgb,210,255,0,3,4,line,white,en,,1.1.2,
5516,de,German (Deutsch),blau,blau,Blau,rgb,0,137,255,3,5,line,white,en,,1.1.2,
5516,de,German (Deutsch),lila,lila,Lila,rgb,195,0,255,3,6,line,white,en,,1.1.2,
5516,de,German (Deutsch),dunkelblau,dunkelblau,Dunkelblau,rgb,0,39,255,3,7,line,white,en,,1.1.2,
5516,de,German (Deutsch),hellgrun,hellgrün,Hellgrün,rgb,0,255,88,3,8,line,white,en,,1.1.2,
5516,de,German (Deutsch),orange,orange,Orange,rgb,255,92,0,3,9,line,white,en,,1.1.2,
5516,de,German (Deutsch),gelb,gelb,Gelb,rgb,255,231,0,3,10,line,white,en,,1.1.2,
5516,de,German (Deutsch),pink,pink,Pink,rgb,255,0,214,3,11,line,white,en,,1.1.2,
5516,de,German (Deutsch),blau,blau,Blau,rgb,0,107,255,6,0,line,white,en,,1.1.2,
5516,de,German (Deutsch),grun,grün,Grün,rgb,0,255,57,6,1,line,white,en,,1.1.2,
5516,de,German (Deutsch),gelb,gelb,Gelb,rgb,255,205,0,6,2,line,white,en,,1.1.2,
5516,de,German (Deutsch),grun,grün,Grün,rgb,58,255,0,6,3,line,white,en,,1.1.2,
5516,de,German (Deutsch),gelb,gelb,Gelb,rgb,255,245,0,6,4,line,white,en,,1.1.2,
5516,de,German (Deutsch),violett,violett,Violett,rgb,99,0,255,6,5,line,white,en,,1.1.2,
5516,de,German (Deutsch),minzgrun,minzgrün,Minzgrün,rgb,0,255,160,6,6,line,white,en,,1.1.2,
5516,de,German (Deutsch),turkis,türkis,Türkis,rgb,0,255,223,6,7,line,white,en,,1.1.2,
5516,de,German (Deutsch),orange,orange,Orange,rgb,255,73,0,6,8,line,white,en,,1.1.2,
5516,de,German (Deutsch),violett,violett,Violett,rgb,76,0,255,6,9,line,white,en,,1.1.2,
5516,de,German (Deutsch),grun,grün,Grün,rgb,0,255,146,6,10,line,white,en,,1.1.2,
5516,de,German (Deutsch),pink,pink,Pink,rgb,255,0,201,6,11,line,white,en,,1.1.2,
5601,de,German (Deutsch),grun,grün,grün,rgb,0,255,65,1,0,line,white,en,,1.1.2,
5601,de,German (Deutsch),orange,orange,orange,rgb,255,138,0,1,1,line,white,en,,1.1.2,
5601,de,German (Deutsch),turkis,türkis,türkis,rgb,0,255,204,1,2,line,white,en,,1.1.2,
5601,de,German (Deutsch),grunturkis,grüntürkis,grüntürkis,rgb,0,255,178,1,3,line,white,en,,1.1.2,
5601,de,German (Deutsch),lila,lila,lila,rgb,147,0,255,1,4,line,white,en,,1.1.2,
5601,de,German (Deutsch),dunkelorange,dunkelorange,dunkelorange,rgb,255,88,0,1,5,line,white,en,,1.1.2,
5601,de,German (Deutsch),blau,blau,blau,rgb,0,82,255,1,6,line,white,en,,1.1.2,
5601,de,German (Deutsch),neongrun,neongrün,neongrün,rgb,183,255,0,1,7,line,white,en,,1.1.2,
5601,de,German (Deutsch),lilapink,lilapink,lilapink,rgb,227,0,255,1,8,line,white,en,,1.1.2,
5601,de,German (Deutsch),grunturkis,grüntürkis,grüntürkis,rgb,0,255,143,1,9,line,white,en,,1.1.2,
5601,de,German (Deutsch),pink,pink,pink,rgb,255,0,80,1,10,line,white,en,,1.1.2,
5601,de,German (Deutsch),himmelblau,himmelblau,himmelblau,rgb,0,153,255,1,11,line,white,en,,1.1.2,
5601,de,German (Deutsch),hellnblau,hellnblau,hellnblau,rgb,0,212,255,3,0,line,white,en,,1.1.2,
5601,de,German (Deutsch),lila,lila,lila,rgb,180,0,255,3,1,line,white,en,,1.1.2,
5601,de,German (Deutsch),pink,pink,pink,rgb,255,0,211,3,2,line,white,en,,1.1.2,
5601,de,German (Deutsch),pink,pink,pink,rgb,255,0,160,3,3,line,white,en,,1.1.2,
5601,de,German (Deutsch),grun,grün,grün,rgb,129,255,0,3,4,line,white,en,,1.1.2,
5601,de,German (Deutsch),hellmitelblau,hellmitelblau,hellmitelblau,rgb,0,188,255,3,5,line,white,en,,1.1.2,
5601,de,German (Deutsch),blau,blau,blau,rgb,0,118,255,3,6,line,white,en,,1.1.2,
5601,de,German (Deutsch),orange,orange,orange,rgb,255,155,0,3,7,line,white,en,,1.1.2,
5601,de,German (Deutsch),dunkelblau,dunkelblau,dunkelblau,rgb,0,40,255,3,8,line,white,en,,1.1.2,
5601,de,German (Deutsch),gelb,gelb,gelb,rgb,255,216,0,3,9,line,white,en,,1.1.2,
5601,de,German (Deutsch),blau,blau,blau,rgb,0,96,255,3,10,line,white,en,,1.1.2,
5601,de,German (Deutsch),dunkelorange,dunkelorange,dunkelorange,rgb,255,63,0,3,11,line,white,en,,1.1.2,
5601,de,German (Deutsch),lilapink,lilapink,lilapink,rgb,255,0,206,6,0,line,white,en,,1.1.2,
5601,de,German (Deutsch),neongrun,neongrün,neongrün,rgb,188,255,0,6,1,line,white,en,,1.1.2,
5601,de,German (Deutsch),mittelblau,mittelblau,mittelblau,rgb,0,174,255,6,2,line,white,en,,1.1.2,
5601,de,German (Deutsch),grunturkis,grüntürkis,grüntürkis,rgb,0,255,119,6,3,line,white,en,,1.1.2,
5601,de,German (Deutsch),pink,pink,pink,rgb,255,0,118,6,4,line,white,en,,1.1.2,
5601,de,German (Deutsch),rot,rot,rot,rgb,255,0,15,6,5,line,white,en,,1.1.2,
5601,de,German (Deutsch),hellblau,hellblau,hellblau,rgb,0,255,255,6,6,line,white,en,,1.1.2,
5601,de,German (Deutsch),gelb,gelb,gelb,rgb,240,255,0,6,7,line,white,en,,1.1.2,
5601,de,German (Deutsch),hellblau,hellblau,hellblau,rgb,0,255,255,6,8,line,white,en,,1.1.2,
5601,de,German (Deutsch),orangebraun,orangebraun,orangebraun,rgb,255,202,0,6,9,line,white,en,,1.1.2,
5601,de,German (Deutsch),pink,pink,pink,rgb,255,0,87,6,10,line,white,en,,1.1.2,
5601,de,German (Deutsch),blau,blau,blau,rgb,0,12,255,6,11,line,white,en,,1.1.2,
5608,de,German (Deutsch),hellblau,hellblau,hellblau,rgb,0,228,255,1,0,line,white,en,,1.1.2,bg
5608,de,German (Deutsch),rot,rot,rot,rgb,255,0,41,1,1,line,white,en,,1.1.2,bg
5608,de,German (Deutsch),rot,rot,rot,rgb,255,0,50,1,2,line,white,en,,1.1.2,bg
5608,de,German (Deutsch),dunkelblau,dunkelblau,dunkelblau,rgb,0,104,255,1,3,line,white,en,,1.1.2,bg
5608,de,German (Deutsch),dunkelblau,dunkelblau,dunkelblau,rgb,0,62,255,1,4,line,white,en,,1.1.2,bg
5608,de,German (Deutsch),pink,pink,pink,rgb,255,0,103,1,5,line,white,en,,1.1.2,bg
5608,de,German (Deutsch),blau,blau,blau,rgb,0,140,255,1,6,line,white,en,,1.1.2,bg
5608,de,German (Deutsch),hellgrun,hellgrün,hellgrün,rgb,0,255,121,1,7,line,white,en,,1.1.2,bg
5608,de,German (Deutsch),pink,pink,pink,rgb,255,0,133,1,8,line,white,en,,1.1.2,bg
5608,de,German (Deutsch),neongrun,neongrün,neongrün,rgb,0,255,94,1,9,line,white,en,,1.1.2,bg
5608,de,German (Deutsch),lila,lila,lila,rgb,194,0,255,1,10,line,white,en,,1.1.2,bg
5608,de,German (Deutsch),grun,grün,grün,rgb,0,255,158,1,11,line,white,en,,1.1.2,bg
5671,de,German (Deutsch),ocker,ocker,Ocker,rgb,255,197,0,1,0,line,white,en,,1.1.2,
5671,de,German (Deutsch),gelb,gelb,Gelb,rgb,255,220,0,1,1,line,white,en,,1.1.2,
5671,de,German (Deutsch),pink,pink,Pink,rgb,255,0,194,1,2,line,white,en,,1.1.2,
5671,de,German (Deutsch),pinkmitrosaunterton,pink mit rosaunterton,Pink mit Rosaunterton,rgb,255,0,122,1,3,line,white,en,,1.1.2,
5671,de,German (Deutsch),kobaltblau,kobalt blau,Kobalt Blau,rgb,0,99,255,1,4,line,white,en,,1.1.2,
5671,de,German (Deutsch),magenta,magenta,Magenta,rgb,255,0,106,1,5,line,white,en,,1.1.2,
5671,de,German (Deutsch),orange(hell),orange (hell),Orange (hell),rgb,255,168,0,1,6,line,white,en,,1.1.2,
5671,de,German (Deutsch),orange(dunkel),orange (dunkel),Orange (dunkel),rgb,255,57,0,1,7,line,white,en,,1.1.2,
5671,de,German (Deutsch),himmelblau,himmelblau,Himmelblau,rgb,0,167,255,1,8,line,white,en,,1.1.2,
5671,de,German (Deutsch),turkis,türkis,Türkis,rgb,0,255,148,1,9,line,white,en,,1.1.2,
5671,de,German (Deutsch),hellesblaugrun,helles blaugrün,Helles blaugrün,rgb,0,255,211,1,10,line,white,en,,1.1.2,
5671,de,German (Deutsch),ultramarinblau,ultramarinblau,Ultramarinblau,rgb,41,0,255,1,11,line,white,en,,1.1.2,
5671,de,German (Deutsch),himmelsblau,himmelsblau,Himmelsblau,rgb,0,211,255,3,0,line,white,en,,1.1.2,
5671,de,German (Deutsch),kobaltblau,kobaltblau,Kobaltblau,rgb,0,153,255,3,1,line,white,en,,1.1.2,
5671,de,German (Deutsch),neongrun,neon grün,Neon Grün,rgb,0,255,6,3,2,line,white,en,,1.1.2,
5671,de,German (Deutsch),neonblau(dunkel),neonblau (dunkel),Neonblau (dunkel),rgb,0,239,255,3,3,line,white,en,,1.1.2,
5671,de,German (Deutsch),pink,pink,Pink,rgb,255,0,234,3,4,line,white,en,,1.1.2,
5671,de,German (Deutsch),turkis,türkis,Türkis,rgb,0,255,185,3,5,line,white,en,,1.1.2,
5671,de,German (Deutsch),grun(hell),grün (hell),Grün (hell),rgb,165,255,0,3,6,line,white,en,,1.1.2,
5671,de,German (Deutsch),ultamarinblau,ultamarinblau,Ultamarinblau,rgb,0,85,255,3,7,line,white,en,,1.1.2,
5671,de,German (Deutsch),orange(dunkel),orange (dunkel),Orange (dunkel),rgb,255,81,0,3,8,line,white,en,,1.1.2,
5671,de,German (Deutsch),neonblau,neonblau,NeonBlau,rgb,0,255,253,3,9,line,white,en,,1.1.2,
5671,de,German (Deutsch),lila,lila,Lila,rgb,186,0,255,3,10,line,white,en,,1.1.2,
5671,de,German (Deutsch),grungelb,grüngelb,grüngelb,rgb,229,255,0,3,11,line,white,en,,1.1.2,
5671,de,German (Deutsch),neongrun,neongrün,NeonGrün,rgb,63,255,0,6,0,line,white,en,,1.1.2,
5671,de,German (Deutsch),himmelblau,himmelblau,Himmelblau,rgb,0,183,255,6,1,line,white,en,,1.1.2,
5671,de,German (Deutsch),ultramarin,ultramarin,Ultramarin,rgb,0,53,255,6,2,line,white,en,,1.1.2,
5671,de,German (Deutsch),kobaltblau,kobalt blau,Kobalt Blau,rgb,0,119,255,6,3,line,white,en,,1.1.2,
5671,de,German (Deutsch),orange,orange,Orange,rgb,255,125,0,6,4,line,white,en,,1.1.2,
5671,de,German (Deutsch),lila,lila,Lila,rgb,100,0,255,6,5,line,white,en,,1.1.2,
5671,de,German (Deutsch),neongrun(hell),neongrün(hell),Neongrün(hell),rgb,0,255,79,6,6,line,white,en,,1.1.2,
5671,de,German (Deutsch),dunkelpink,dunkel pink,Dunkel Pink,rgb,255,0,78,6,7,line,white,en,,1.1.2,
5671,de,German (Deutsch),neonlila,neon lila,Neon Lila,rgb,222,0,255,6,8,line,white,en,,1.1.2,
5671,de,German (Deutsch),rosa,rosa,Rosa,rgb,255,0,169,6,9,line,white,en,,1.1.2,
5671,de,German (Deutsch),gelb(dunkel),gelb (dunkel),Gelb (dunkel),rgb,255,254,0,6,10,line,white,en,,1.1.2,
5671,de,German (Deutsch),rot,rot,Rot,rgb,255,0,45,6,11,line,white,en,,1.1.2,
5674,de,German (Deutsch),turkis,türkis,türkis,rgb,0,255,251,1,0,line,white,en,,1.1.2,
5674,de,German (Deutsch),azurblau,azurblau,azurblau,rgb,0,229,255,1,1,line,white,en,,1.1.2,
5674,de,German (Deutsch),blauviolett,blauviolett,blauviolett,rgb,98,0,255,1,2,line,white,en,,1.1.2,
5674,de,German (Deutsch),grun,grün,grün,rgb,0,255,134,1,3,line,white,en,,1.1.2,
5674,de,German (Deutsch),hellblau,hellblau,hellblau,rgb,0,197,255,1,4,line,white,en,,1.1.2,
5674,de,German (Deutsch),mittelblau,mittelblau,mittelblau,rgb,0,108,255,1,5,line,white,en,,1.1.2,
5674,de,German (Deutsch),feuerrot,feuerrot,feuerrot,rgb,255,0,68,1,6,line,white,en,,1.1.2,
5674,de,German (Deutsch),orange,orange,orange,rgb,255,134,0,1,7,line,white,en,,1.1.2,
5674,de,German (Deutsch),leuchtendblau,leuchtend blau,leuchtend blau,rgb,0,87,255,1,8,line,white,en,,1.1.2,
5674,de,German (Deutsch),pink,pink,pink,rgb,255,0,145,1,9,line,white,en,,1.1.2,
5674,de,German (Deutsch),konigsblau,königsblau,königsblau,rgb,82,0,255,1,10,line,white,en,,1.1.2,
5674,de,German (Deutsch),azurblau,azurblau,azurblau,rgb,0,235,255,1,11,line,white,en,,1.1.2,
5674,de,German (Deutsch),fuchsia,fuchsia,fuchsia,rgb,255,0,128,3,0,line,white,en,,1.1.2,
5674,de,German (Deutsch),dunkelorange,dunkelorange,dunkelorange,rgb,255,109,0,3,1,line,white,en,,1.1.2,
5674,de,German (Deutsch),orange,orange,orange,rgb,255,164,0,3,2,line,white,en,,1.1.2,
5674,de,German (Deutsch),rotlichpink,rötlich pink,rötlich pink,rgb,255,0,94,3,3,line,white,en,,1.1.2,
5674,de,German (Deutsch),grasgrun,grasgrün,grasgrün,rgb,149,255,0,3,4,line,white,en,,1.1.2,
5674,de,German (Deutsch),froschgrun,froschgrün,froschgrün,rgb,0,255,83,3,5,line,white,en,,1.1.2,
5674,de,German (Deutsch),purpur,purpur,purpur,rgb,217,0,255,3,6,line,white,en,,1.1.2,
5674,de,German (Deutsch),orangerot,orangerot,orangerot,rgb,255,62,0,3,7,line,white,en,,1.1.2,
5674,de,German (Deutsch),rot,rot,rot,rgb,255,0,46,3,8,line,white,en,,1.1.2,
5674,de,German (Deutsch),gelbgrun,gelbgrün,gelbgrün,rgb,196,255,0,3,9,line,white,en,,1.1.2,
5674,de,German (Deutsch),gelb,gelb,gelb,rgb,255,245,0,3,10,line,white,en,,1.1.2,
5674,de,German (Deutsch),mintgrun,mintgrün,mintgrün,rgb,0,255,159,3,11,line,white,en,,1.1.2,
5746,de,German (Deutsch),pink,pink,Pink,rgb,255,0,242,1,0,line,white,en,,1.1.2,
5746,de,German (Deutsch),turkis,türkis,Türkis,rgb,0,255,212,1,1,line,white,en,,1.1.2,
5746,de,German (Deutsch),hellgrun,hellgrün,Hellgrün,rgb,0,255,163,1,2,line,white,en,,1.1.2,
5746,de,German (Deutsch),blau,blau,Blau,rgb,0,92,255,1,3,line,white,en,,1.1.2,
5746,de,German (Deutsch),rot,rot,Rot,rgb,255,0,45,1,4,line,white,en,,1.1.2,
5746,de,German (Deutsch),gelb,gelb,Gelb,rgb,255,209,0,1,5,line,white,en,,1.1.2,
5746,de,German (Deutsch),hellblau,hellblau,Hellblau,rgb,0,228,255,1,6,line,white,en,,1.1.2,
5746,de,German (Deutsch),dunkelblau,dunkelblau,Dunkelblau,rgb,0,39,255,1,7,line,white,en,,1.1.2,
5746,de,German (Deutsch),blau,blau,Blau,rgb,0,133,255,1,8,line,white,en,,1.1.2,
5746,de,German (Deutsch),orange,orange,Orange,rgb,255,175,0,1,9,line,white,en,,1.1.2,
5746,de,German (Deutsch),lila,lila,Lila,rgb,84,0,255,1,10,line,white,en,,1.1.2,
5746,de,German (Deutsch),grun,grün,Grün,rgb,0,255,99,1,11,line,white,en,,1.1.2,
5746,de,German (Deutsch),aquamarin,aquamarin,Aquamarin,rgb,0,255,150,3,0,line,white,en,,1.1.2,
5746,de,German (Deutsch),turkis,türkis,Türkis,rgb,0,255,240,3,1,line,white,en,,1.1.2,
5746,de,German (Deutsch),grun,grün,Grün,rgb,0,255,74,3,2,line,white,en,,1.1.2,
5746,de,German (Deutsch),blau,blau,Blau,rgb,0,169,255,3,3,line,white,en,,1.1.2,
5746,de,German (Deutsch),pink,pink,Pink,rgb,255,0,118,3,4,line,white,en,,1.1.2,
5746,de,German (Deutsch),lila,lila,Lila,rgb,233,0,255,3,5,line,white,en,,1.1.2,
5746,de,German (Deutsch),gelb,gelb,Gelb,rgb,212,255,0,3,6,line,white,en,,1.1.2,
5746,de,German (Deutsch),orange,orange,Orange,rgb,255,112,0,3,7,line,white,en,,1.1.2,
5746,de,German (Deutsch),pink,pink,Pink,rgb,255,0,196,3,8,line,white,en,,1.1.2,
5746,de,German (Deutsch),hellgrun,hellgrün,Hellgrün,rgb,130,255,0,3,9,line,white,en,,1.1.2,
5746,de,German (Deutsch),gelb,gelb,Gelb,rgb,255,255,0,3,10,line,white,en,,1.1.2,
5746,de,German (Deutsch),pink,pink,Pink,rgb,255,0,173,3,11,line,white,en,,1.1.2,
5746,de,German (Deutsch),orange,orange,Orange,rgb,255,134,0,6,0,line,white,en,,1.1.2,
5746,de,German (Deutsch),hellblau,hellblau,Hellblau,rgb,0,204,255,6,1,line,white,en,,1.1.2,
5746,de,German (Deutsch),dunkellila,dunkellila,Dunkellila,rgb,128,0,255,6,2,line,white,en,,1.1.2,
5746,de,German (Deutsch),lila,lila,Lila,rgb,203,0,255,6,3,line,white,en,,1.1.2,
5746,de,German (Deutsch),rot,rot,Rot,rgb,255,0,54,6,4,line,white,en,,1.1.2,
5746,de,German (Deutsch),turkis,türkis,Türkis,rgb,0,237,255,6,5,line,white,en,,1.1.2,
5746,de,German (Deutsch),blau,blau,Blau,rgb,0,78,255,6,6,line,white,en,,1.1.2,
5746,de,German (Deutsch),pink,pink,Pink,rgb,255,0,100,6,7,line,white,en,,1.1.2,
5746,de,German (Deutsch),gelb,gelb,Gelb,rgb,255,227,0,6,8,line,white,en,,1.1.2,
5746,de,German (Deutsch),dunkelorange,dunkelorange,Dunkelorange,rgb,255,75,0,6,9,line,white,en,,1.1.2,
5746,de,German (Deutsch),hellgrun,hellgrün,Hellgrün,rgb,149,255,0,6,10,line,white,en,,1.1.2,
5746,de,German (Deutsch),blau,blau,Blau,rgb,0,149,255,6,11,line,white,en,,1.1.2,
6277,de,German (Deutsch),grun,grün,Grün,rgb,0,255,132,3,0,line,white,en,,1.1.2,
6277,de,German (Deutsch),violeett,violeett,Violeett,rgb,143,0,255,3,1,line,white,en,,1.1.2,
6277,de,German (Deutsch),grun,grün,Grün,rgb,0,255,60,3,2,line,white,en,,1.1.2,
6277,de,German (Deutsch),blau,blau,Blau,rgb,0,220,255,3,3,line,white,en,,1.1.2,
6277,de,German (Deutsch),blau,blau,Blau,rgb,0,103,255,3,4,line,white,en,,1.1.2,
6277,de,German (Deutsch),blau,blau,Blau,rgb,0,154,255,3,5,line,white,en,,1.1.2,
6277,de,German (Deutsch),orange,orange,Orange,rgb,255,114,0,3,6,line,white,en,,1.1.2,
6277,de,German (Deutsch),turkis,türkis,Türkis,rgb,0,255,187,3,7,line,white,en,,1.1.2,
6277,de,German (Deutsch),gelb,gelb,Gelb,rgb,219,255,0,3,8,line,white,en,,1.1.2,
6277,de,German (Deutsch),grun,grün,Grün,rgb,130,255,0,3,9,line,white,en,,1.1.2,
6277,de,German (Deutsch),rot,rot,Rot,rgb,255,0,41,3,10,line,white,en,,1.1.2,
6277,de,German (Deutsch),lila,lila,Lila,rgb,167,0,255,3,11,line,white,en,,1.1.2,
6277,de,German (Deutsch),rot,rot,Rot,rgb,255,69,0,6,0,line,white,en,,1.1.2,
6277,de,German (Deutsch),turkis,türkis,Türkis,rgb,0,246,255,6,1,line,white,en,,1.1.2,
6277,de,German (Deutsch),beige,beige,Beige,rgb,255,212,0,6,2,line,white,en,,1.1.2,
6277,de,German (Deutsch),rosa,rosa,Rosa,rgb,255,0,199,6,3,line,white,en,,1.1.2,
6277,de,German (Deutsch),flieder,flieder,Flieder,rgb,255,0,147,6,4,line,white,en,,1.1.2,
6277,de,German (Deutsch),violett,violett,Violett,rgb,255,0,131,6,5,line,white,en,,1.1.2,
6277,de,German (Deutsch),lila,lila,Lila,rgb,255,0,219,6,6,line,white,en,,1.1.2,
6277,de,German (Deutsch),grun,grün,Grün,rgb,0,255,108,6,7,line,white,en,,1.1.2,
6277,de,German (Deutsch),blau,blau,Blau,rgb,0,196,255,6,8,line,white,en,,1.1.2,
6277,de,German (Deutsch),blau,blau,Blau,rgb,0,125,255,6,9,line,white,en,,1.1.2,
6277,de,German (Deutsch),orange,orange,Orange,rgb,255,157,0,6,10,line,white,en,,1.1.2,
6277,de,German (Deutsch),turkis,türkis,Türkis,rgb,0,255,254,6,11,line,white,en,,1.1.2,
6401,de,German (Deutsch),babyblau,babyblau,Babyblau,rgb,0,217,255,1,0,line,white,en,,1.1.2,
6401,de,German (Deutsch),lila,lila,Lila,rgb,115,0,255,1,1,line,white,en,,1.1.2,
6401,de,German (Deutsch),gelb,gelb,Gelb,rgb,255,233,0,1,2,line,white,en,,1.1.2,
6401,de,German (Deutsch),rosa,rosa,Rosa,rgb,255,0,204,1,3,line,white,en,,1.1.2,
6401,de,German (Deutsch),pink,pink,Pink,rgb,255,0,153,1,4,line,white,en,,1.1.2,
6401,de,German (Deutsch),helltuerkis,helltuerkis,Helltuerkis,rgb,0,251,255,1,5,line,white,en,,1.1.2,
6401,de,German (Deutsch),rot,rot,Rot,rgb,255,0,90,1,6,line,white,en,,1.1.2,
6401,de,German (Deutsch),grun,gruen,Gruen,rgb,0,255,143,1,7,line,white,en,,1.1.2,
6401,de,German (Deutsch),lila,lila,Lila,rgb,211,0,255,1,8,line,white,en,,1.1.2,
6401,de,German (Deutsch),hellblau,hellblau,Hellblau,rgb,0,201,255,1,9,line,white,en,,1.1.2,
6401,de,German (Deutsch),aubergine,aubergine,Aubergine,rgb,255,0,142,1,10,line,white,en,,1.1.2,
6401,de,German (Deutsch),blau,blau,Blau,rgb,0,167,255,1,11,line,white,en,,1.1.2,
6401,de,German (Deutsch),hellgrun,hellgruen,Hellgruen,rgb,0,255,176,3,0,line,white,en,,1.1.2,
6401,de,German (Deutsch),lila,lila,Lila,rgb,255,0,211,3,1,line,white,en,,1.1.2,
6401,de,German (Deutsch),dunkelblau,dunkelblau,Dunkelblau,rgb,0,72,255,3,2,line,white,en,,1.1.2,
6401,de,German (Deutsch),orange,orange,Orange,rgb,255,87,0,3,3,line,white,en,,1.1.2,
6401,de,German (Deutsch),gelbgrun,gelbgruen,Gelbgruen,rgb,185,255,0,3,4,line,white,en,,1.1.2,
6401,de,German (Deutsch),hellblau,hellblau,Hellblau,rgb,0,145,255,3,5,line,white,en,,1.1.2,
6401,de,German (Deutsch),tuerkis,tuerkis,Tuerkis,rgb,0,255,244,3,6,line,white,en,,1.1.2,
6401,de,German (Deutsch),rot,rot,Rot,rgb,255,0,42,3,7,line,white,en,,1.1.2,
6401,de,German (Deutsch),hellgrun,hellgruen,Hellgruen,rgb,0,255,57,3,8,line,white,en,,1.1.2,
6401,de,German (Deutsch),marineblau,marineblau,Marineblau,rgb,0,39,255,3,9,line,white,en,,1.1.2,
6401,de,German (Deutsch),blau,blau,Blau,rgb,0,95,255,3,10,line,white,en,,1.1.2,
6401,de,German (Deutsch),hellblau,hellblau,Hellblau,rgb,0,133,255,3,11,line,white,en,,1.1.2,
6401,de,German (Deutsch),rot,rot,Rot,rgb,255,0,71,6,0,line,white,en,,1.1.2,
6401,de,German (Deutsch),orange,orange,Orange,rgb,255,133,0,6,1,line,white,en,,1.1.2,
6401,de,German (Deutsch),lila,lila,Lila,rgb,254,0,255,6,2,line,white,en,,1.1.2,
6401,de,German (Deutsch),dunkelgelb,dunkelgelb,Dunkelgelb,rgb,255,194,0,6,3,line,white,en,,1.1.2,
6401,de,German (Deutsch),rot,rot,Rot,rgb,255,55,0,6,4,line,white,en,,1.1.2,
6401,de,German (Deutsch),gelb,gelb,Gelb,rgb,250,255,0,6,5,line,white,en,,1.1.2,
6401,de,German (Deutsch),dunkelblau,dunkelblau,Dunkelblau,rgb,0,32,255,6,6,line,white,en,,1.1.2,
6401,de,German (Deutsch),grun,gruen,Gruen,rgb,0,255,105,6,7,line,white,en,,1.1.2,
6401,de,German (Deutsch),grun,gruen,Gruen,rgb,99,255,0,6,8,line,white,en,,1.1.2,
6401,de,German (Deutsch),orange,orange,Orange,rgb,255,154,0,6,9,line,white,en,,1.1.2,
6401,de,German (Deutsch),tuerkis,tuerkis,Tuerkis,rgb,0,255,196,6,10,line,white,en,,1.1.2,
6401,de,German (Deutsch),gelb,gelb,Gelb,rgb,229,255,0,6,11,line,white,en,,1.1.2,
6410,de,German (Deutsch),rotorange,rot orange,rot orange,rgb,255,0,14,1,0,line,white,en,,1.1.2,
6410,de,German (Deutsch),orange,orange,orange,rgb,255,75,0,1,1,line,white,en,,1.1.2,
6410,de,German (Deutsch),dunkelblau,dunkel blau,dunkel blau,rgb,0,49,255,1,2,line,white,en,,1.1.2,
6410,de,German (Deutsch),magenta,magenta,magenta,rgb,255,0,220,1,3,line,white,en,,1.1.2,
6410,de,German (Deutsch),blaulila,blau lila,blau lila,rgb,67,0,255,1,4,line,white,en,,1.1.2,
6410,de,German (Deutsch),rotblau,rot blau,rot blau,rgb,255,0,101,1,5,line,white,en,,1.1.2,
6410,de,German (Deutsch),turkis,türkis,türkis,rgb,0,255,254,1,7,line,white,en,,1.1.2,
6410,de,German (Deutsch),mittleresblau,mittleres blau,mittleres blau,rgb,0,169,255,1,8,line,white,en,,1.1.2,
6410,de,German (Deutsch),grunturkis,grün türkis,grün-türkis,rgb,0,255,175,1,9,line,white,en,,1.1.2,
6410,de,German (Deutsch),grungelb,grün gelb,grün gelb,rgb,188,255,0,1,10,line,white,en,,1.1.2,
6410,de,German (Deutsch),rot,rot,rot,rgb,255,0,73,1,11,line,white,en,,1.1.2,
6410,de,German (Deutsch),turkisblau,türkis blau,türkis blau,rgb,0,227,255,3,0,line,white,en,,1.1.2,
6410,de,German (Deutsch),orange,orange,orange,rgb,255,145,0,3,1,line,white,en,,1.1.2,
6410,de,German (Deutsch),lila,lila,lila,rgb,134,0,255,3,2,line,white,en,,1.1.2,
6410,de,German (Deutsch),lilarot,lila rot,lila rot,rgb,219,0,255,3,3,line,white,en,,1.1.2,
6410,de,German (Deutsch),grungelb,grün gelb,grün gelb,rgb,158,255,0,3,4,line,white,en,,1.1.2,
6410,de,German (Deutsch),dunkelblau,dunkel blau,dunkel blau,rgb,0,75,255,3,5,line,white,en,,1.1.2,
6410,de,German (Deutsch),magentarot,magenta rot,magenta rot,rgb,255,0,171,3,6,line,white,en,,1.1.2,
6410,de,German (Deutsch),grun,grün,grün,rgb,0,255,40,3,7,line,white,en,,1.1.2,
6410,de,German (Deutsch),blau,blau,blau,rgb,0,110,255,3,8,line,white,en,,1.1.2,
6410,de,German (Deutsch),turkis,türkis,türkis,rgb,0,253,255,3,9,line,white,en,,1.1.2,
6410,de,German (Deutsch),magenta,magenta,magenta,rgb,255,0,201,3,10,line,white,en,,1.1.2,
6410,de,German (Deutsch),rotorange,rot orange,rot orange,rgb,255,92,0,3,11,line,white,en,,1.1.2,
6410,de,German (Deutsch),mittleresblau,mittleres blau,mittleres blau,rgb,0,157,255,6,0,line,white,en,,1.1.2,
6410,de,German (Deutsch),helleresblau,helleres blau,helleres blau,rgb,0,203,255,6,1,line,white,en,,1.1.2,
6410,de,German (Deutsch),lilamagenta,lila magenta,lila magenta,rgb,205,0,255,6,2,line,white,en,,1.1.2,
6410,de,German (Deutsch),gelb,gelb,gelb,rgb,255,245,0,6,3,line,white,en,,1.1.2,
6410,de,German (Deutsch),orange,orange,orange,rgb,255,158,0,6,4,line,white,en,,1.1.2,
6410,de,German (Deutsch),dunkelgelb,dunkel gelb,dunkel gelb,rgb,255,216,0,6,5,line,white,en,,1.1.2,
6410,de,German (Deutsch),grun,grün,grün,rgb,0,255,83,6,6,line,white,en,,1.1.2,
6410,de,German (Deutsch),orangegelb,orange gelb,orange gelb,rgb,255,186,0,6,7,line,white,en,,1.1.2,
6410,de,German (Deutsch),blau,blau,blau,rgb,0,123,255,6,8,line,white,en,,1.1.2,
6410,de,German (Deutsch),grunturkis,grün türkis,grün türkis,rgb,0,255,194,6,9,line,white,en,,1.1.2,
6410,de,German (Deutsch),rotmagenta,rot magenta,rot magenta,rgb,255,0,124,6,10,line,white,en,,1.1.2,
6410,de,German (Deutsch),grungelb,grün gelb,grün gelb,rgb,105,255,0,6,11,line,white,en,,1.1.2,
6483,de,German (Deutsch),grun,grün,grün,rgb,180,255,0,1,0,line,white,en,,1.1.2,
6483,de,German (Deutsch),lila,lila,lila,rgb,152,0,255,1,1,line,white,en,,1.1.2,
6483,de,German (Deutsch),turkis,türkis,türkis,rgb,0,255,236,1,2,line,white,en,,1.1.2,
6483,de,German (Deutsch),pink,pink,pink,rgb,255,0,198,1,3,line,white,en,,1.1.2,
6483,de,German (Deutsch),blau,blau,blau,rgb,0,72,255,1,4,line,white,en,,1.1.2,
6483,de,German (Deutsch),grun,grün,grün,rgb,0,255,195,1,5,line,white,en,,1.1.2,
6483,de,German (Deutsch),pink,pink,pink,rgb,255,0,214,1,6,line,white,en,,1.1.2,
6483,de,German (Deutsch),blau,blau,blau,rgb,79,0,255,1,7,line,white,en,,1.1.2,
6483,de,German (Deutsch),orange,orange,orange,rgb,255,163,0,1,8,line,white,en,,1.1.2,
6483,de,German (Deutsch),orange,orange,orange,rgb,255,188,0,1,9,line,white,en,,1.1.2,
6483,de,German (Deutsch),blau,blau,blau,rgb,0,211,255,1,10,line,white,en,,1.1.2,
6483,de,German (Deutsch),grun,grün,grün,rgb,0,255,107,1,11,line,white,en,,1.1.2,
6483,de,German (Deutsch),lila,lila,lila,rgb,239,0,255,3,0,line,white,en,,1.1.2,
6483,de,German (Deutsch),pink,pink,pink,rgb,255,0,167,3,1,line,white,en,,1.1.2,
6483,de,German (Deutsch),orange,orange,orange,rgb,255,128,0,3,2,line,white,en,,1.1.2,
6483,de,German (Deutsch),gelb,gelb,gelb,rgb,255,216,0,3,3,line,white,en,,1.1.2,
6483,de,German (Deutsch),blau,blau,blau,rgb,0,193,255,3,4,line,white,en,,1.1.2,
6483,de,German (Deutsch),grun,grün,grün,rgb,111,255,0,3,5,line,white,en,,1.1.2,
6483,de,German (Deutsch),orange,orange,orange,rgb,255,118,0,3,6,line,white,en,,1.1.2,
6483,de,German (Deutsch),rot,rot,rot,rgb,255,0,49,3,7,line,white,en,,1.1.2,
6483,de,German (Deutsch),blau,blau,blau,rgb,0,95,255,3,8,line,white,en,,1.1.2,
6483,de,German (Deutsch),rot,rot,rot,rgb,255,0,84,3,9,line,white,en,,1.1.2,
6483,de,German (Deutsch),rot,rot,rot,rgb,255,0,112,3,10,line,white,en,,1.1.2,
6483,de,German (Deutsch),gelb,gelb,gelb,rgb,248,255,0,3,11,line,white,en,,1.1.2,
6483,de,German (Deutsch),rot,rot,rot,rgb,255,56,0,6,0,line,white,en,,1.1.2,
6483,de,German (Deutsch),lila,lila,lila,rgb,174,0,255,6,1,line,white,en,,1.1.2,
6483,de,German (Deutsch),grun,grün,grün,rgb,0,255,121,6,2,line,white,en,,1.1.2,
6483,de,German (Deutsch),grun,grün,grün,rgb,0,255,4,6,3,line,white,en,,1.1.2,
6483,de,German (Deutsch),grun,grün,grün,rgb,0,255,176,6,4,line,white,en,,1.1.2,
6483,de,German (Deutsch),blau,blau,blau,rgb,0,159,255,6,5,line,white,en,,1.1.2,
6483,de,German (Deutsch),blau,blau,blau,rgb,0,115,255,6,6,line,white,en,,1.1.2,
6483,de,German (Deutsch),blau,blau,blau,rgb,0,38,255,6,7,line,white,en,,1.1.2,
6483,de,German (Deutsch),turkis,türkis,türkis,rgb,0,245,255,6,8,line,white,en,,1.1.2,
6483,de,German (Deutsch),grun,grün,grün,rgb,228,255,0,6,9,line,white,en,,1.1.2,
6483,de,German (Deutsch),rot,rot,rot,rgb,255,0,45,6,10,line,white,en,,1.1.2,
6483,de,German (Deutsch),blau,blau,blau,rgb,0,152,255,6,11,line,white,en,,1.1.2,
6702,de,German (Deutsch),magenta,magenta,magenta,rgb,255,0,147,1,0,line,white,en,,1.1.2,
6702,de,German (Deutsch),hellblau,hellblau,hellblau,rgb,0,156,255,1,1,line,white,en,,1.1.2,
6702,de,German (Deutsch),gelb,gelb,gelb,rgb,255,221,0,1,2,line,white,en,,1.1.2,
6702,de,German (Deutsch),blau,blau,blau,rgb,52,0,255,1,3,line,white,en,,1.1.2,
6702,de,German (Deutsch),mittelblau,mittelblau,mittelblau,rgb,0,130,255,1,4,line,white,en,,1.1.2,
6702,de,German (Deutsch),dunkelorange,dunkelorange,dunkelorange,rgb,255,139,0,1,5,line,white,en,,1.1.2,
6702,de,German (Deutsch),hellgrun,hellgrün,hellgrün,rgb,0,255,189,1,6,line,white,en,,1.1.2,
6702,de,German (Deutsch),turkis,türkis,türkis,rgb,0,255,243,1,7,line,white,en,,1.1.2,
6702,de,German (Deutsch),pink,pink,pink,rgb,255,0,219,1,8,line,white,en,,1.1.2,
6702,de,German (Deutsch),warmesrot,warmes rot,warmes rot,rgb,255,18,0,1,9,line,white,en,,1.1.2,
6702,de,German (Deutsch),orange,orange,orange,rgb,255,162,0,1,10,line,white,en,,1.1.2,
6702,de,German (Deutsch),rot,rot,rot,rgb,255,0,90,1,11,line,white,en,,1.1.2,
6702,de,German (Deutsch),pastelgrun,pastelgrün,pastelgrün,rgb,0,255,201,3,0,line,white,en,,1.1.2,
6702,de,German (Deutsch),rot,rot,rot,rgb,255,111,0,3,1,line,white,en,,1.1.2,
6702,de,German (Deutsch),hellblau,hellblau,hellblau,rgb,0,214,255,3,2,line,white,en,,1.1.2,
6702,de,German (Deutsch),mittelblau,mittelblau,mittelblau,rgb,0,183,255,3,3,line,white,en,,1.1.2,
6702,de,German (Deutsch),pink,pink,pink,rgb,255,0,199,3,4,line,white,en,,1.1.2,
6702,de,German (Deutsch),flieder,flieder,flieder,rgb,231,0,255,3,5,line,white,en,,1.1.2,
6702,de,German (Deutsch),blau,blau,blau,rgb,0,97,255,3,6,line,white,en,,1.1.2,
6702,de,German (Deutsch),lila,lila,lila,rgb,160,0,255,3,7,line,white,en,,1.1.2,
6702,de,German (Deutsch),grun,grün,grün,rgb,0,255,139,3,8,line,white,en,,1.1.2,
6702,de,German (Deutsch),neongrun,neongrün,neongrün,rgb,206,255,0,3,9,line,white,en,,1.1.2,
6702,de,German (Deutsch),goldgelb,goldgelb,goldgelb,rgb,255,195,0,3,10,line,white,en,,1.1.2,
6702,de,German (Deutsch),grun,grün,grün,rgb,0,255,73,6,0,line,white,en,,1.1.2,
6702,de,German (Deutsch),hellblau,hellblau,hellblau,rgb,0,165,255,6,2,line,white,en,,1.1.2,
6702,de,German (Deutsch),pink,pink,pink,rgb,255,0,117,6,3,line,white,en,,1.1.2,
6702,de,German (Deutsch),grun,grün,grün,rgb,0,255,79,6,4,line,white,en,,1.1.2,
6702,de,German (Deutsch),gelb,gelb,gelb,rgb,232,255,0,6,6,line,white,en,,1.1.2,
6702,de,German (Deutsch),mittelblau,mittelblau,mittelblau,rgb,0,90,255,6,7,line,white,en,,1.1.2,
6702,de,German (Deutsch),neongrun,neongrün,neongrün,rgb,156,255,0,6,8,line,white,en,,1.1.2,
6702,de,German (Deutsch),grun,grün,grün,rgb,58,255,0,6,9,line,white,en,,1.1.2,
6702,de,German (Deutsch),blau,blau,blau,rgb,0,46,255,6,10,line,white,en,,1.1.2,
6702,de,German (Deutsch),irgendwierot,irgendwierot,irgendwierot,rgb,255,0,80,6,11,line,white,en,,1.1.2,
6761,de,German (Deutsch),giftgrun,giftgrün,giftgrün,rgb,140,255,0,1,0,line,white,en,,1.1.2,
6761,de,German (Deutsch),konigsblau,königsblau,königsblau,rgb,40,0,255,1,1,line,white,en,,1.1.2,
6761,de,German (Deutsch),mittelblau,mittelblau,mittelblau,rgb,0,109,255,1,2,line,white,en,,1.1.2,
6761,de,German (Deutsch),zylan,zylan,zylan,rgb,0,229,255,1,3,line,white,en,,1.1.2,
6761,de,German (Deutsch),gelb,gelb,gelb,rgb,224,255,0,1,4,line,white,en,,1.1.2,
6761,de,German (Deutsch),turkis,türkis,türkis,rgb,0,255,188,1,5,line,white,en,,1.1.2,
6761,de,German (Deutsch),lila,lila,lila,rgb,156,0,255,1,6,line,white,en,,1.1.2,
6761,de,German (Deutsch),knallgrun,knallgrün,knallgrün,rgb,87,255,0,1,7,line,white,en,,1.1.2,
6761,de,German (Deutsch),orange,orange,orange,rgb,255,107,0,1,8,line,white,en,,1.1.2,
6761,de,German (Deutsch),mittelgrun,mittelgrün,mittelgrün,rgb,0,255,67,1,9,line,white,en,,1.1.2,
6761,de,German (Deutsch),pink,pink,pink,rgb,255,0,108,1,10,line,white,en,,1.1.2,
6761,de,German (Deutsch),magenta,magenta,magenta,rgb,255,0,198,1,11,line,white,en,,1.1.2,
6761,de,German (Deutsch),pink,pink,pink,rgb,255,0,167,3,0,line,white,en,,1.1.2,
6761,de,German (Deutsch),blau,blau,blau,rgb,0,88,255,3,1,line,white,en,,1.1.2,
6761,de,German (Deutsch),gelb,gelb,gelb,rgb,249,255,0,3,2,line,white,en,,1.1.2,
6761,de,German (Deutsch),himmelblau,himmelblau,himmelblau,rgb,0,194,255,3,3,line,white,en,,1.1.2,
6761,de,German (Deutsch),lindgrun,lindgrün,lindgrün,rgb,0,255,124,3,4,line,white,en,,1.1.2,
6761,de,German (Deutsch),mittelblau,mittelblau,mittelblau,rgb,0,127,255,3,5,line,white,en,,1.1.2,
6761,de,German (Deutsch),rot,rot,rot,rgb,255,0,78,3,6,line,white,en,,1.1.2,
6761,de,German (Deutsch),turkis,türkis,türkis,rgb,0,255,204,3,7,line,white,en,,1.1.2,
6761,de,German (Deutsch),konigsblau,königsblau,königsblau,rgb,0,55,255,3,8,line,white,en,,1.1.2,
6761,de,German (Deutsch),mittelblau,mittelblau,mittelblau,rgb,0,143,255,3,9,line,white,en,,1.1.2,
6761,de,German (Deutsch),magenta,magenta,magenta,rgb,255,0,244,3,10,line,white,en,,1.1.2,
6761,de,German (Deutsch),mittelblau,mittelblau,mittelblau,rgb,0,166,255,3,11,line,white,en,,1.1.2,
6761,de,German (Deutsch),orangegelb,orangegelb,orangegelb,rgb,255,207,0,6,0,line,white,en,,1.1.2,
6761,de,German (Deutsch),cerulean,cerulean,cerulean,rgb,0,255,254,6,1,line,white,en,,1.1.2,
6761,de,German (Deutsch),orange,orange,orange,rgb,255,169,0,6,2,line,white,en,,1.1.2,
6761,de,German (Deutsch),knallgelb,knallgelb,knallgelb,rgb,255,241,0,6,3,line,white,en,,1.1.2,
6761,de,German (Deutsch),magenta,magenta,magenta,rgb,255,0,246,6,4,line,white,en,,1.1.2,
6761,de,German (Deutsch),knallgrun,knallgrün,knallgrün,rgb,0,255,77,6,5,line,white,en,,1.1.2,
6761,de,German (Deutsch),violett,violett,violett,rgb,217,0,255,6,6,line,white,en,,1.1.2,
6761,de,German (Deutsch),zylan,zylan,zylan,rgb,0,233,255,6,7,line,white,en,,1.1.2,
6761,de,German (Deutsch),knallrot,knallrot,knallrot,rgb,255,46,0,6,8,line,white,en,,1.1.2,
6761,de,German (Deutsch),orange,orange,orange,rgb,255,150,0,6,9,line,white,en,,1.1.2,
6761,de,German (Deutsch),pink,pink,pink,rgb,255,0,114,6,10,line,white,en,,1.1.2,
6761,de,German (Deutsch),rot,rot,rot,rgb,255,0,18,6,11,line,white,en,,1.1.2,
6921,de,German (Deutsch),blau,blau,blau,rgb,0,176,255,1,0,line,white,en,,1.1.2,
6921,de,German (Deutsch),himmelblau,himmelblau,himmelblau,rgb,0,190,255,1,1,line,white,en,,1.1.2,
6921,de,German (Deutsch),lila,lila,lila,rgb,195,0,255,1,2,line,white,en,,1.1.2,
6921,de,German (Deutsch),hellgrun,hellgrün,hellgrün,rgb,194,255,0,1,3,line,white,en,,1.1.2,
6921,de,German (Deutsch),signalgrun,signalgrün,signalgrün,rgb,0,255,15,1,4,line,white,en,,1.1.2,
6921,de,German (Deutsch),grun,grün,grün,rgb,119,255,0,1,5,line,white,en,,1.1.2,
6921,de,German (Deutsch),blau,blau,blau,rgb,0,113,255,1,6,line,white,en,,1.1.2,
6921,de,German (Deutsch),blau,blau,blau,rgb,63,0,255,1,7,line,white,en,,1.1.2,
6921,de,German (Deutsch),magenta,magenta,magenta,rgb,255,0,244,1,8,line,white,en,,1.1.2,
6921,de,German (Deutsch),grun,grün,grün,rgb,175,255,0,1,9,line,white,en,,1.1.2,
6921,de,German (Deutsch),turkis,türkis,türkis,rgb,0,255,194,1,10,line,white,en,,1.1.2,
6921,de,German (Deutsch),orange,orange,orange,rgb,255,171,0,1,11,line,white,en,,1.1.2,
6921,de,German (Deutsch),blau,blau,blau,rgb,0,51,255,3,0,line,white,en,,1.1.2,
6921,de,German (Deutsch),blau,blau,blau,rgb,0,66,255,3,1,line,white,en,,1.1.2,
6921,de,German (Deutsch),rot,rot,rot,rgb,255,48,0,3,2,line,white,en,,1.1.2,
6921,de,German (Deutsch),orange,orange,orange,rgb,255,96,0,3,3,line,white,en,,1.1.2,
6921,de,German (Deutsch),grun,grün,grün,rgb,0,255,117,3,4,line,white,en,,1.1.2,
6921,de,German (Deutsch),magenta,magenta,magenta,rgb,255,0,194,3,5,line,white,en,,1.1.2,
6921,de,German (Deutsch),lila,lila,lila,rgb,117,0,255,3,6,line,white,en,,1.1.2,
6921,de,German (Deutsch),gelb,gelb,gelb,rgb,236,255,0,3,7,line,white,en,,1.1.2,
6921,de,German (Deutsch),blau,blau,blau,rgb,0,151,255,3,8,line,white,en,,1.1.2,
6921,de,German (Deutsch),rot,rot,rot,rgb,255,0,78,3,9,line,white,en,,1.1.2,
6921,de,German (Deutsch),rot,rot,rot,rgb,255,0,10,3,10,line,white,en,,1.1.2,
6921,de,German (Deutsch),orange,orange,orange,rgb,255,144,0,3,11,line,white,en,,1.1.2,
6921,de,German (Deutsch),hellblau,hellblau,hellblau,rgb,0,211,255,6,0,line,white,en,,1.1.2,
6921,de,German (Deutsch),magenta,magenta,magenta,rgb,252,0,255,6,1,line,white,en,,1.1.2,
6921,de,German (Deutsch),blau,blau,blau,rgb,0,116,255,6,2,line,white,en,,1.1.2,
6921,de,German (Deutsch),gelb,gelb,gelb,rgb,255,199,0,6,3,line,white,en,,1.1.2,
6921,de,German (Deutsch),gelb,gelb,gelb,rgb,255,237,0,6,4,line,white,en,,1.1.2,
6921,de,German (Deutsch),turkis,türkis,türkis,rgb,0,255,233,6,5,line,white,en,,1.1.2,
6921,de,German (Deutsch),hellblau,hellblau,hellblau,rgb,0,242,255,6,6,line,white,en,,1.1.2,
6921,de,German (Deutsch),grun,grün,grün,rgb,0,255,154,6,7,line,white,en,,1.1.2,
6921,de,German (Deutsch),rot,rot,rot,rgb,255,0,89,6,8,line,white,en,,1.1.2,
6921,de,German (Deutsch),grun,grün,grün,rgb,0,255,170,6,9,line,white,en,,1.1.2,
6921,de,German (Deutsch),pink,pink,pink,rgb,255,0,130,6,10,line,white,en,,1.1.2,
6921,de,German (Deutsch),pink,pink,pink,rgb,255,0,150,6,11,line,white,en,,1.1.2,
7025,de,German (Deutsch),rot,rot,Rot,rgb,255,0,54,1,0,line,white,en,,1.1.2,
7025,de,German (Deutsch),himmelblau,himmelblau,Himmelblau,rgb,0,170,255,1,1,line,white,en,,1.1.2,
7025,de,German (Deutsch),pink,pink,Pink,rgb,255,0,214,1,2,line,white,en,,1.1.2,
7025,de,German (Deutsch),hellblau,hellblau,Hellblau,rgb,0,182,255,1,3,line,white,en,,1.1.2,
7025,de,German (Deutsch),hellorange,hellorange,Hellorange,rgb,255,104,0,1,4,line,white,en,,1.1.2,
7025,de,German (Deutsch),orange,orange,Orange,rgb,255,65,0,1,5,line,white,en,,1.1.2,
7025,de,German (Deutsch),ultramarinblau,ultramarinblau,Ultramarinblau,rgb,0,77,255,1,6,line,white,en,,1.1.2,
7025,de,German (Deutsch),cyanblau,cyanblau,Cyanblau,rgb,0,255,250,1,7,line,white,en,,1.1.2,
7025,de,German (Deutsch),gelb,gelb,Gelb,rgb,255,175,0,1,8,line,white,en,,1.1.2,
7025,de,German (Deutsch),violett,violett,Violett,rgb,174,0,255,1,9,line,white,en,,1.1.2,
7025,de,German (Deutsch),blaugrun,blaugrün,Blaugrün,rgb,0,208,255,1,10,line,white,en,,1.1.2,
7025,de,German (Deutsch),turkisgrun,türkisgrün,Türkisgrün,rgb,0,255,123,1,11,line,white,en,,1.1.2,
7025,de,German (Deutsch),limette,limette,Limette,rgb,198,255,0,3,0,line,white,en,,1.1.2,
7025,de,German (Deutsch),rot,rot,Rot,rgb,255,0,48,3,1,line,white,en,,1.1.2,
7025,de,German (Deutsch),turkis,türkis,Türkis,rgb,0,255,195,3,2,line,white,en,,1.1.2,
7025,de,German (Deutsch),violett,violett,Violett,rgb,255,0,255,3,3,line,white,en,,1.1.2,
7025,de,German (Deutsch),blau,blau,Blau,rgb,0,48,255,3,4,line,white,en,,1.1.2,
7025,de,German (Deutsch),gelb,gelb,Gelb,rgb,255,233,0,3,5,line,white,en,,1.1.2,
7025,de,German (Deutsch),ultramarin,ultramarin,Ultramarin,rgb,0,13,255,3,6,line,white,en,,1.1.2,
7025,de,German (Deutsch),neongrun,neongrün,Neongrün,rgb,56,255,0,3,7,line,white,en,,1.1.2,
7025,de,German (Deutsch),grasgrun,grasgrün,Grasgrün,rgb,144,255,0,3,8,line,white,en,,1.1.2,
7025,de,German (Deutsch),rosa,rosa,Rosa,rgb,255,0,104,3,9,line,white,en,,1.1.2,
7025,de,German (Deutsch),magenta,magenta,Magenta,rgb,255,0,124,3,10,line,white,en,,1.1.2,
7025,de,German (Deutsch),terracotta,terracotta,Terracotta,rgb,255,151,0,3,11,line,white,en,,1.1.2,
7025,de,German (Deutsch),blau,blau,Blau,rgb,0,138,255,6,0,line,white,en,,1.1.2,
7025,de,German (Deutsch),lila,lila,Lila,rgb,98,0,255,6,1,line,white,en,,1.1.2,
7025,de,German (Deutsch),blau,blau,Blau,rgb,0,238,255,6,2,line,white,en,,1.1.2,
7025,de,German (Deutsch),grun,grün,Grün,rgb,40,255,0,6,3,line,white,en,,1.1.2,
7025,de,German (Deutsch),turkis,türkis,Türkis,rgb,0,255,190,6,4,line,white,en,,1.1.2,
7025,de,German (Deutsch),ocker,ocker,Ocker,rgb,255,204,0,6,5,line,white,en,,1.1.2,
7025,de,German (Deutsch),pink,pink,Pink,rgb,255,0,184,6,6,line,white,en,,1.1.2,
7025,de,German (Deutsch),blau,blau,Blau,rgb,0,110,255,6,7,line,white,en,,1.1.2,
7025,de,German (Deutsch),blassgrun,blassgrün,Blassgrün,rgb,0,255,104,6,8,line,white,en,,1.1.2,
7025,de,German (Deutsch),gelb,gelb,Gelb,rgb,255,250,0,6,9,line,white,en,,1.1.2,
7025,de,German (Deutsch),himmelblau,himmelblau,Himmelblau,rgb,0,126,255,6,10,line,white,en,,1.1.2,
7025,de,German (Deutsch),pink,pink,Pink,rgb,255,0,157,6,11,line,white,en,,1.1.2,
7088,de,German (Deutsch),grun,grün,grün,rgb,120,255,0,1,0,line,white,en,,1.1.2,
7088,de,German (Deutsch),grun,grün,grün,rgb,206,255,0,1,1,line,white,en,,1.1.2,
7088,de,German (Deutsch),orange,orange,orange,rgb,255,148,0,1,2,line,white,en,,1.1.2,
7088,de,German (Deutsch),lila,lila,lila,rgb,226,0,255,1,3,line,white,en,,1.1.2,
7088,de,German (Deutsch),lila,lila,lila,rgb,132,0,255,1,4,line,white,en,,1.1.2,
7088,de,German (Deutsch),turkis,türkis,türkis,rgb,0,255,184,1,5,line,white,en,,1.1.2,
7088,de,German (Deutsch),grun,grün,grün,rgb,139,255,0,1,6,line,white,en,,1.1.2,
7088,de,German (Deutsch),lila,lila,lila,rgb,255,0,160,1,7,line,white,en,,1.1.2,
7088,de,German (Deutsch),orange,orange,orange,rgb,255,112,0,1,8,line,white,en,,1.1.2,
7088,de,German (Deutsch),blau,blau,blau,rgb,0,29,255,1,9,line,white,en,,1.1.2,
7088,de,German (Deutsch),lila,lila,lila,rgb,255,0,114,1,10,line,white,en,,1.1.2,
7088,de,German (Deutsch),blau,blau,blau,rgb,0,227,255,1,11,line,white,en,,1.1.2,
7088,de,German (Deutsch),blau,blau,blau,rgb,0,120,255,3,0,line,white,en,,1.1.2,
7088,de,German (Deutsch),gelb,gelb,gelb,rgb,255,244,0,3,1,line,white,en,,1.1.2,
7088,de,German (Deutsch),blau,blau,blau,rgb,0,254,255,3,2,line,white,en,,1.1.2,
7088,de,German (Deutsch),lila,lila,lila,rgb,182,0,255,3,3,line,white,en,,1.1.2,
7088,de,German (Deutsch),blau,blau,blau,rgb,0,255,207,3,4,line,white,en,,1.1.2,
7088,de,German (Deutsch),grun,grün,grün,rgb,0,255,100,3,5,line,white,en,,1.1.2,
7088,de,German (Deutsch),blau,blau,blau,rgb,0,255,239,3,6,line,white,en,,1.1.2,
7088,de,German (Deutsch),grun,grün,grün,rgb,0,255,68,3,7,line,white,en,,1.1.2,
7088,de,German (Deutsch),orange,orange,orange,rgb,255,186,0,3,8,line,white,en,,1.1.2,
7088,de,German (Deutsch),turkis,türkis,türkis,rgb,0,255,152,3,9,line,white,en,,1.1.2,
7088,de,German (Deutsch),orange,orange,orange,rgb,255,155,0,3,10,line,white,en,,1.1.2,
7088,de,German (Deutsch),lila,lila,lila,rgb,255,0,109,3,11,line,white,en,,1.1.2,
7088,de,German (Deutsch),rot,rot,rot,rgb,255,0,51,6,0,line,white,en,,1.1.2,
7088,de,German (Deutsch),blau,blau,blau,rgb,0,157,255,6,1,line,white,en,,1.1.2,
7088,de,German (Deutsch),blau,blau,blau,rgb,0,164,255,6,2,line,white,en,,1.1.2,
7088,de,German (Deutsch),lila,lila,lila,rgb,255,0,187,6,3,line,white,en,,1.1.2,
7088,de,German (Deutsch),blau,blau,blau,rgb,0,76,255,6,4,line,white,en,,1.1.2,
7088,de,German (Deutsch),blau,blau,blau,rgb,0,64,255,6,5,line,white,en,,1.1.2,
7088,de,German (Deutsch),rot,rot,rot,rgb,255,0,48,6,6,line,white,en,,1.1.2,
7088,de,German (Deutsch),blau,blau,blau,rgb,0,183,255,6,7,line,white,en,,1.1.2,
7088,de,German (Deutsch),blau,blau,blau,rgb,0,97,255,6,8,line,white,en,,1.1.2,
7088,de,German (Deutsch),lila,lila,lila,rgb,255,0,237,6,9,line,white,en,,1.1.2,
7088,de,German (Deutsch),gelb,gelb,gelb,rgb,255,220,0,6,10,line,white,en,,1.1.2,
7088,de,German (Deutsch),orange,orange,orange,rgb,255,81,0,6,11,line,white,en,,1.1.2,
0,de,German (Deutsch),orange,orange,Orange,rgb,255,151,0,1,0,line,white,en,,1.1.2,
0,de,German (Deutsch),pink,pink,Pink,rgb,255,0,230,1,1,line,white,en,,1.1.2,
0,de,German (Deutsch),konigsblau,königsblau,Königsblau,rgb,0,67,255,1,2,line,white,en,,1.1.2,
0,de,German (Deutsch),kirschrot,kirschrot,Kirschrot,rgb,255,0,51,1,3,line,white,en,,1.1.2,
0,de,German (Deutsch),hellorange,hellorange,Hellorange,rgb,255,168,0,1,4,line,white,en,,1.1.2,
0,de,German (Deutsch),dunkelorange,dunkelorange,Dunkelorange,rgb,255,86,0,1,5,line,white,en,,1.1.2,
0,de,German (Deutsch),zitronengelb,zitronengelb,Zitronengelb,rgb,239,255,0,1,6,line,white,en,,1.1.2,
0,de,German (Deutsch),grun,grün,Grün,rgb,0,255,156,1,7,line,white,en,,1.1.2,
0,de,German (Deutsch),tomatenrot,tomatenrot,Tomatenrot,rgb,255,0,21,1,8,line,white,en,,1.1.2,
0,de,German (Deutsch),leuchtgrun,leuchtgrün,Leuchtgrün,rgb,44,255,0,1,9,line,white,en,,1.1.2,
0,de,German (Deutsch),orange,orange,Orange,rgb,255,205,0,1,10,line,white,en,,1.1.2,
0,de,German (Deutsch),hellesturkis,helles türkis,Helles Türkis,rgb,0,255,254,1,11,line,white,en,,1.1.2,
7215,de,German (Deutsch),magenta,magenta,Magenta,rgb,255,0,95,1,0,line,white,en,,1.1.2,
7215,de,German (Deutsch),rot,rot,Rot,rgb,255,0,60,1,1,line,white,en,,1.1.2,
7215,de,German (Deutsch),blau,blau,Blau,rgb,0,149,255,1,2,line,white,en,,1.1.2,
7215,de,German (Deutsch),orange,orange,Orange,rgb,255,153,0,1,3,line,white,en,,1.1.2,
7215,de,German (Deutsch),senfgelb,senfgelb,Senfgelb,rgb,255,182,0,1,4,line,white,en,,1.1.2,
7215,de,German (Deutsch),giftgrun,giftgrün,Giftgrün,rgb,113,255,0,1,5,line,white,en,,1.1.2,
7215,de,German (Deutsch),grun,grün,Grün,rgb,0,255,89,1,6,line,white,en,,1.1.2,
7215,de,German (Deutsch),turkis,türkis,Türkis,rgb,0,255,233,1,8,line,white,en,,1.1.2,
7215,de,German (Deutsch),grasgrun,grasgrün,Grasgrün,rgb,140,255,0,1,9,line,white,en,,1.1.2,
7215,de,German (Deutsch),blaugrun,blaugrün,Blaugrün,rgb,0,255,128,1,10,line,white,en,,1.1.2,
7215,de,German (Deutsch),pink,pink,Pink,rgb,255,0,169,1,11,line,white,en,,1.1.2,
7215,de,German (Deutsch),grun,grün,Grün,rgb,0,255,183,3,0,line,white,en,,1.1.2,
7215,de,German (Deutsch),grasgrun,grasgrün,Grasgrün,rgb,208,255,0,3,1,line,white,en,,1.1.2,
7215,de,German (Deutsch),dunkelblau,dunkelblau,Dunkelblau,rgb,0,77,255,3,2,line,white,en,,1.1.2,
7215,de,German (Deutsch),lila,lila,Lila,rgb,255,0,209,3,3,line,white,en,,1.1.2,
7215,de,German (Deutsch),lila,lila,Lila,rgb,255,0,214,3,4,line,white,en,,1.1.2,
7215,de,German (Deutsch),cobalt,cobalt,Cobalt,rgb,0,115,255,3,5,line,white,en,,1.1.2,
7215,de,German (Deutsch),hellblau,hellblau,Hellblau,rgb,0,202,255,3,6,line,white,en,,1.1.2,
7215,de,German (Deutsch),himmelblau,himmelblau,Himmelblau,rgb,0,163,255,3,7,line,white,en,,1.1.2,
7215,de,German (Deutsch),rot,rot,Rot,rgb,255,0,44,3,8,line,white,en,,1.1.2,
7215,de,German (Deutsch),giftgrun,giftgrün,Giftgrün,rgb,19,255,0,3,9,line,white,en,,1.1.2,
7215,de,German (Deutsch),blau,blau,Blau,rgb,0,105,255,3,10,line,white,en,,1.1.2,
7215,de,German (Deutsch),zitronengelb,zitronengelb,Zitronengelb,rgb,255,255,0,3,11,line,white,en,,1.1.2,
7215,de,German (Deutsch),marin,marin,Marin,rgb,0,10,255,6,0,line,white,en,,1.1.2,
7215,de,German (Deutsch),lila,lila,Lila,rgb,255,0,248,6,1,line,white,en,,1.1.2,
7215,de,German (Deutsch),lila,lila,Lila,rgb,163,0,255,6,2,line,white,en,,1.1.2,
7215,de,German (Deutsch),hellblau,hellblau,Hellblau,rgb,0,221,255,6,3,line,white,en,,1.1.2,
7215,de,German (Deutsch),orange,orange,Orange,rgb,255,135,0,6,4,line,white,en,,1.1.2,
7215,de,German (Deutsch),orange,orange,Orange,rgb,255,99,0,6,5,line,white,en,,1.1.2,
7215,de,German (Deutsch),gelb,gelb,Gelb,rgb,255,240,0,6,6,line,white,en,,1.1.2,
7215,de,German (Deutsch),grun,grün,Grün,rgb,0,255,201,6,7,line,white,en,,1.1.2,
7215,de,German (Deutsch),pink,pink,Pink,rgb,255,0,128,6,8,line,white,en,,1.1.2,
7215,de,German (Deutsch),lila,lila,Lila,rgb,120,0,255,6,9,line,white,en,,1.1.2,
7215,de,German (Deutsch),blau,blau,Blau,rgb,0,43,255,6,10,line,white,en,,1.1.2,
7215,de,German (Deutsch),rot,rot,Rot,rgb,255,43,0,6,11,line,white,en,,1.1.2,
7243,de,German (Deutsch),zwischenblau,zwischenblau,zwischenblau,rgb,0,122,255,1,0,line,white,en,,1.1.2,
7243,de,German (Deutsch),konigsblau,königsblau,königsblau,rgb,0,49,255,1,1,line,white,en,,1.1.2,
7243,de,German (Deutsch),dunkelblau,dunkelblau,dunkelblau,rgb,0,33,255,1,2,line,white,en,,1.1.2,
7243,de,German (Deutsch),turkis,türkis,türkis,rgb,0,255,149,1,3,line,white,en,,1.1.2,
7243,de,German (Deutsch),lilapink,lilapink,lilapink,rgb,255,0,228,1,4,line,white,en,,1.1.2,
7243,de,German (Deutsch),giftgrun,giftgrün,giftgrün,rgb,0,255,25,1,5,line,white,en,,1.1.2,
7243,de,German (Deutsch),pink,pink,pink,rgb,255,0,152,1,6,line,white,en,,1.1.2,
7243,de,German (Deutsch),lila,lila,lila,rgb,222,0,255,1,7,line,white,en,,1.1.2,
7243,de,German (Deutsch),blau,blau,blau,rgb,0,96,255,1,8,line,white,en,,1.1.2,
7243,de,German (Deutsch),limettengrun,limettengrün,limettengrün,rgb,163,255,0,1,9,line,white,en,,1.1.2,
7243,de,German (Deutsch),hellblau,hellblau,hellblau,rgb,0,153,255,1,10,line,white,en,,1.1.2,
7243,de,German (Deutsch),gelb,gelb,gelb,rgb,255,211,0,1,11,line,white,en,,1.1.2,
7243,de,German (Deutsch),hellturkis,helltürkis,helltürkis,rgb,0,255,224,3,0,line,white,en,,1.1.2,
7243,de,German (Deutsch),blaupfeil,blaupfeil,blaupfeil,rgb,0,211,255,3,1,line,white,en,,1.1.2,
7243,de,German (Deutsch),orange,orange,orange,rgb,255,163,0,3,2,line,white,en,,1.1.2,
7243,de,German (Deutsch),rot,rot,rot,rgb,255,0,35,3,4,line,white,en,,1.1.2,
7243,de,German (Deutsch),pinkrot,pinkrot,pinkrot,rgb,255,0,84,3,5,line,white,en,,1.1.2,
7243,de,German (Deutsch),blaulila,blaulila,blaulila,rgb,160,0,255,3,6,line,white,en,,1.1.2,
7243,de,German (Deutsch),giftigergrun,giftigergrün,giftigergrün,rgb,101,255,0,3,7,line,white,en,,1.1.2,
7243,de,German (Deutsch),nilgrun,nilgrün,nilgrün,rgb,0,255,173,3,8,line,white,en,,1.1.2,
7243,de,German (Deutsch),kornblumenblau,kornblumenblau,kornblumenblau,rgb,0,168,255,3,10,line,white,en,,1.1.2,
7243,de,German (Deutsch),zitronengelb,zitronengelb,zitronengelb,rgb,255,249,0,3,11,line,white,en,,1.1.2,
7243,de,German (Deutsch),pink,pink,pink,rgb,255,0,122,6,0,line,white,en,,1.1.2,
7243,de,German (Deutsch),pinkrot,pinkrot,pinkrot,rgb,255,0,70,6,1,line,white,en,,1.1.2,
7243,de,German (Deutsch),gelb,gelb,gelb,rgb,255,237,0,6,2,line,white,en,,1.1.2,
7243,de,German (Deutsch),hellorange,hellorange,hellorange,rgb,255,141,0,6,3,line,white,en,,1.1.2,
7243,de,German (Deutsch),konigsblau,königsblau,königsblau,rgb,0,76,255,6,4,line,white,en,,1.1.2,
7243,de,German (Deutsch),limettengrun,limettengrün,limettengrün,rgb,199,255,0,6,5,line,white,en,,1.1.2,
7243,de,German (Deutsch),rot,rot,rot,rgb,255,25,0,6,6,line,white,en,,1.1.2,
7243,de,German (Deutsch),lila,lila,lila,rgb,210,0,255,6,7,line,white,en,,1.1.2,
7243,de,German (Deutsch),nilgrun,nilgrün,nilgrün,rgb,0,255,108,6,8,line,white,en,,1.1.2,
7243,de,German (Deutsch),turkis,türkis,türkis,rgb,0,248,255,6,9,line,white,en,,1.1.2,
7243,de,German (Deutsch),hellblau,hellblau,hellblau,rgb,0,200,255,6,10,line,white,en,,1.1.2,
7243,de,German (Deutsch),orange,orange,orange,rgb,255,93,0,6,11,line,white,en,,1.1.2,
7451,de,German (Deutsch),turkis,türkis,Türkis,rgb,0,233,255,1,0,line,white,en,,1.1.2,
7451,de,German (Deutsch),orange,orange,Orange,rgb,255,150,0,1,1,line,white,en,,1.1.2,
7451,de,German (Deutsch),grun,grün,Grün,rgb,0,255,112,1,2,line,white,en,,1.1.2,
7451,de,German (Deutsch),orange,orange,Orange,rgb,255,99,0,1,3,line,white,en,,1.1.2,
7451,de,German (Deutsch),blau,blau,Blau,rgb,0,177,255,1,4,line,white,en,,1.1.2,
7451,de,German (Deutsch),violett,violett,Violett,rgb,163,0,255,1,5,line,white,en,,1.1.2,
7451,de,German (Deutsch),dunkelblau,dunkelblau,Dunkelblau,rgb,0,111,255,1,6,line,white,en,,1.1.2,
7451,de,German (Deutsch),gelb,gelb,Gelb,rgb,255,225,0,1,7,line,white,en,,1.1.2,
7451,de,German (Deutsch),himmelblau,himmelblau,Himmelblau,rgb,0,186,255,1,8,line,white,en,,1.1.2,
7451,de,German (Deutsch),neonpink,neonpink,Neonpink,rgb,255,0,220,1,9,line,white,en,,1.1.2,
7451,de,German (Deutsch),rot,rot,Rot,rgb,255,64,0,1,10,line,white,en,,1.1.2,
7451,de,German (Deutsch),pink,pink,Pink,rgb,255,0,193,1,11,line,white,en,,1.1.2,
7451,de,German (Deutsch),neongrun,neongrün,Neongrün,rgb,8,255,0,3,0,line,white,en,,1.1.2,
7451,de,German (Deutsch),rot,rot,Rot,rgb,255,0,63,3,1,line,white,en,,1.1.2,
7451,de,German (Deutsch),kaiserblau,kaiserblau,Kaiserblau,rgb,0,44,255,3,2,line,white,en,,1.1.2,
7451,de,German (Deutsch),pink,pink,Pink,rgb,255,0,114,3,3,line,white,en,,1.1.2,
7451,de,German (Deutsch),tiefblau,tiefblau,Tiefblau,rgb,0,2,255,3,4,line,white,en,,1.1.2,
7451,de,German (Deutsch),pink,pink,Pink,rgb,255,0,174,3,5,line,white,en,,1.1.2,
7451,de,German (Deutsch),neongrun,neongrün,Neongrün,rgb,0,255,123,3,7,line,white,en,,1.1.2,
7451,de,German (Deutsch),hellgrun,hellgrün,Hellgrün,rgb,158,255,0,3,8,line,white,en,,1.1.2,
7451,de,German (Deutsch),babyblau,babyblau,Babyblau,rgb,0,227,255,3,9,line,white,en,,1.1.2,
7451,de,German (Deutsch),turkis,türkis,Türkis,rgb,0,255,237,3,10,line,white,en,,1.1.2,
7457,de,German (Deutsch),hellblau,hellblau,hellblau,rgb,0,203,255,1,0,line,white,en,,1.1.2,
7457,de,German (Deutsch),grassgrun,grassgrün,grassgrün,rgb,132,255,0,1,1,line,white,en,,1.1.2,
7457,de,German (Deutsch),gelb,gelb,gelb,rgb,255,249,0,1,2,line,white,en,,1.1.2,
7457,de,German (Deutsch),orange,orange,orange,rgb,255,199,0,1,3,line,white,en,,1.1.2,
7457,de,German (Deutsch),blau,blau,blau,rgb,0,167,255,1,4,line,white,en,,1.1.2,
7457,de,German (Deutsch),dunkelblau,dunkelblau,dunkelblau,rgb,0,62,255,1,5,line,white,en,,1.1.2,
7457,de,German (Deutsch),grun,grün,grün,rgb,0,255,96,1,6,line,white,en,,1.1.2,
7457,de,German (Deutsch),orange,orange,orange,rgb,255,142,0,1,7,line,white,en,,1.1.2,
7457,de,German (Deutsch),lila,lila,lila,rgb,255,0,249,1,8,line,white,en,,1.1.2,
7457,de,German (Deutsch),pink,pink,pink,rgb,255,0,169,1,9,line,white,en,,1.1.2,
7457,de,German (Deutsch),blau,blau,blau,rgb,0,94,255,1,10,line,white,en,,1.1.2,
7457,de,German (Deutsch),lila,lila,lila,rgb,255,0,229,1,11,line,white,en,,1.1.2,
7457,de,German (Deutsch),tiefblau,tiefblau,tiefblau,rgb,0,116,255,3,0,line,white,en,,1.1.2,
7457,de,German (Deutsch),hellblau,hellblau,hellblau,rgb,0,222,255,3,1,line,white,en,,1.1.2,
7457,de,German (Deutsch),grun,grün,grün,rgb,32,255,0,3,2,line,white,en,,1.1.2,
7457,de,German (Deutsch),violett,violett,violett,rgb,183,0,255,3,3,line,white,en,,1.1.2,
7457,de,German (Deutsch),pink,pink,pink,rgb,255,0,132,3,4,line,white,en,,1.1.2,
7457,de,German (Deutsch),turkis,türkis,türkis,rgb,0,255,240,3,5,line,white,en,,1.1.2,
7457,de,German (Deutsch),orange,orange,orange,rgb,255,165,0,3,6,line,white,en,,1.1.2,
7457,de,German (Deutsch),grun,grün,grün,rgb,0,255,122,3,7,line,white,en,,1.1.2,
7457,de,German (Deutsch),orange,orange,orange,rgb,255,60,0,3,8,line,white,en,,1.1.2,
7457,de,German (Deutsch),turkis,türkis,türkis,rgb,0,255,212,3,9,line,white,en,,1.1.2,
7457,de,German (Deutsch),gelb,gelb,gelb,rgb,255,234,0,3,10,line,white,en,,1.1.2,
7457,de,German (Deutsch),gelbgrun,gelbgrün,gelbgrün,rgb,200,255,0,3,11,line,white,en,,1.1.2,
7457,de,German (Deutsch),orange,orange,orange,rgb,255,98,0,6,0,line,white,en,,1.1.2,
7457,de,German (Deutsch),blau,blau,blau,rgb,0,147,255,6,1,line,white,en,,1.1.2,
7457,de,German (Deutsch),grun,grün,grün,rgb,176,255,0,6,2,line,white,en,,1.1.2,
7457,de,German (Deutsch),dunkelblau,dunkelblau,dunkelblau,rgb,77,0,255,6,3,line,white,en,,1.1.2,
7457,de,German (Deutsch),dunkelblau,dunkelblau,dunkelblau,rgb,118,0,255,6,4,line,white,en,,1.1.2,
7457,de,German (Deutsch),lila,lila,lila,rgb,255,0,192,6,5,line,white,en,,1.1.2,
7457,de,German (Deutsch),magenta,magenta,magenta,rgb,255,0,77,6,6,line,white,en,,1.1.2,
7457,de,German (Deutsch),blau,blau,blau,rgb,0,69,255,6,7,line,white,en,,1.1.2,
7457,de,German (Deutsch),magenta,magenta,magenta,rgb,255,0,43,6,8,line,white,en,,1.1.2,
7457,de,German (Deutsch),magenta,magenta,magenta,rgb,255,0,108,6,9,line,white,en,,1.1.2,
7457,de,German (Deutsch),turkis,türkis,türkis,rgb,0,255,180,6,10,line,white,en,,1.1.2,
7457,de,German (Deutsch),turkis,türkis,türkis,rgb,0,250,255,6,11,line,white,en,,1.1.2,
8117,de,German (Deutsch),turquoise,turquoise,turquoise,rgb,0,255,190,1,1,line,white,en,,1.1.2,
8117,de,German (Deutsch),pink,pink,pink,rgb,255,0,199,1,4,line,white,en,,1.1.2,
8117,de,German (Deutsch),purple,purple,purple,rgb,209,0,255,1,5,line,white,en,,1.1.2,
8117,de,German (Deutsch),azul,azul,azul,rgb,0,255,241,1,7,line,white,en,,1.1.2,
8117,de,German (Deutsch),pink,pink,pink,rgb,255,0,112,1,9,line,white,en,,1.1.2,
8117,de,German (Deutsch),orange,orange,Orange,rgb,255,208,0,3,0,line,white,en,,1.1.2,
8117,de,German (Deutsch),lila,lila,lila,rgb,228,0,255,3,1,line,white,en,,1.1.2,
8117,de,German (Deutsch),gelb,gelb,gelb,rgb,255,251,0,3,2,line,white,en,,1.1.2,
8117,de,German (Deutsch),orange,orange,orange,rgb,255,120,0,3,3,line,white,en,,1.1.2,
8117,de,German (Deutsch),grun,gruen,gruen,rgb,0,255,102,3,4,line,white,en,,1.1.2,
8117,de,German (Deutsch),grun,gruen,gruen,rgb,201,255,0,3,5,line,white,en,,1.1.2,
8117,de,German (Deutsch),magenta,magenta,magenta,rgb,255,0,218,3,6,line,white,en,,1.1.2,
8117,de,German (Deutsch),hellblau,hell blau,hell blau,rgb,0,201,255,3,7,line,white,en,,1.1.2,
8117,de,German (Deutsch),blau,blau,blau,rgb,0,180,255,3,8,line,white,en,,1.1.2,
8117,de,German (Deutsch),pink,pink,pink,rgb,255,0,158,3,9,line,white,en,,1.1.2,
8117,de,German (Deutsch),blau,blau,blau,rgb,0,142,255,3,10,line,white,en,,1.1.2,
8117,de,German (Deutsch),orange,orange,orange,rgb,255,169,0,3,11,line,white,en,,1.1.2,
8117,de,German (Deutsch),royalblau,royal blau,royal blau,rgb,0,35,255,6,0,line,white,en,,1.1.2,
8117,de,German (Deutsch),turkis,turkis,turkis,rgb,0,255,215,6,1,line,white,en,,1.1.2,
8117,de,German (Deutsch),orange,orange,orange,rgb,255,107,0,6,2,line,white,en,,1.1.2,
8117,de,German (Deutsch),azul,azul,azul,rgb,0,248,255,6,3,line,white,en,,1.1.2,
8117,de,German (Deutsch),lila,lila,lila,rgb,146,0,255,6,4,line,white,en,,1.1.2,
8117,de,German (Deutsch),blau,blau,blau,rgb,0,91,255,6,5,line,white,en,,1.1.2,
8117,de,German (Deutsch),grun,gruen,gruen,rgb,0,255,126,6,6,line,white,en,,1.1.2,
8117,de,German (Deutsch),rot,rot,rot,rgb,255,78,0,6,7,line,white,en,,1.1.2,
8117,de,German (Deutsch),dunkelblau,dunkel blau,dunkel blau,rgb,38,0,255,6,8,line,white,en,,1.1.2,
8117,de,German (Deutsch),azul,azul,azul,rgb,0,218,255,6,9,line,white,en,,1.1.2,
8117,de,German (Deutsch),rot,rot,rot,rgb,255,0,35,6,10,line,white,en,,1.1.2,
8117,de,German (Deutsch),blau,blau,blau,rgb,0,119,255,6,11,line,white,en,,1.1.2,
8187,de,German (Deutsch),rosa,rosa,rosa,rgb,255,0,142,1,0,line,white,en,,1.1.2,
8187,de,German (Deutsch),rot,rot,rot,rgb,255,0,79,1,1,line,white,en,,1.1.2,
8187,de,German (Deutsch),blau,blau,blau,rgb,0,129,255,1,2,line,white,en,,1.1.2,
8187,de,German (Deutsch),gelb,gelb,gelb,rgb,255,183,0,1,3,line,white,en,,1.1.2,
8187,de,German (Deutsch),grun,grün,grün,rgb,0,255,25,1,5,line,white,en,,1.1.2,
8187,de,German (Deutsch),hellblau,hellblau,hellblau,rgb,0,255,252,1,6,line,white,en,,1.1.2,
8187,de,German (Deutsch),hellblau,hellblau,hellblau,rgb,0,248,255,1,7,line,white,en,,1.1.2,
8187,de,German (Deutsch),hellblau,hellblau,hellblau,rgb,0,210,255,1,8,line,white,en,,1.1.2,
8187,de,German (Deutsch),grun,grün,grün,rgb,66,255,0,1,9,line,white,en,,1.1.2,
8187,de,German (Deutsch),rosa,rosa,rosa,rgb,255,0,157,1,10,line,white,en,,1.1.2,
8187,de,German (Deutsch),orange,orange,orange,rgb,255,104,0,1,11,line,white,en,,1.1.2,
8188,de,German (Deutsch),blau,blau,blau,rgb,0,80,255,1,0,line,white,en,,1.1.2,
8188,de,German (Deutsch),mango,mango,mango,rgb,255,185,0,1,1,line,white,en,,1.1.2,
8188,de,German (Deutsch),hellblau,hellblau,hellblau,rgb,0,174,255,1,2,line,white,en,,1.1.2,
8188,de,German (Deutsch),pink,pink,pink,rgb,255,0,146,1,3,line,white,en,,1.1.2,
8188,de,German (Deutsch),lila,lila,lila,rgb,156,0,255,1,4,line,white,en,,1.1.2,
8188,de,German (Deutsch),magenta,magenta,magenta,rgb,211,0,255,1,5,line,white,en,,1.1.2,
8188,de,German (Deutsch),orange,orange,orange,rgb,255,137,0,1,6,line,white,en,,1.1.2,
8188,de,German (Deutsch),grun,grün,grün,rgb,86,255,0,1,7,line,white,en,,1.1.2,
8188,de,German (Deutsch),blau,blau,blau,rgb,0,124,255,1,8,line,white,en,,1.1.2,
8188,de,German (Deutsch),gelb,gelb,gelb,rgb,255,213,0,1,10,line,white,en,,1.1.2,
8188,de,German (Deutsch),turkis,türkis,türkis,rgb,0,189,255,1,11,line,white,en,,1.1.2,
8188,de,German (Deutsch),rot,rot,rot,rgb,255,36,0,3,0,line,white,en,,1.1.2,
8188,de,German (Deutsch),hellgrun,hellgrün,hellgrün,rgb,161,255,0,3,1,line,white,en,,1.1.2,
8188,de,German (Deutsch),violett,violett,violett,rgb,79,0,255,3,2,line,white,en,,1.1.2,
8188,de,German (Deutsch),pink,pink,pink,rgb,255,0,198,3,3,line,white,en,,1.1.2,
8188,de,German (Deutsch),grun,grün,grün,rgb,0,255,29,3,4,line,white,en,,1.1.2,
8188,de,German (Deutsch),turkis,türkis,türkis,rgb,0,255,207,3,5,line,white,en,,1.1.2,
8188,de,German (Deutsch),dunkelorange,dunkelorange,dunkelorange,rgb,255,92,0,3,6,line,white,en,,1.1.2,
8188,de,German (Deutsch),blau,blau,blau,rgb,0,35,255,3,7,line,white,en,,1.1.2,
8188,de,German (Deutsch),meeresgrun,meeresgrün,meeresgrün,rgb,0,255,169,3,8,line,white,en,,1.1.2,
8188,de,German (Deutsch),orange,orange,orange,rgb,255,166,0,3,9,line,white,en,,1.1.2,
8188,de,German (Deutsch),hellblau,hellblau,hellblau,rgb,0,230,255,3,10,line,white,en,,1.1.2,
8188,de,German (Deutsch),pink,pink,pink,rgb,255,0,233,3,11,line,white,en,,1.1.2,
8188,de,German (Deutsch),minze,minze,minze,rgb,0,255,143,6,0,line,white,en,,1.1.2,
8188,de,German (Deutsch),blau,blau,blau,rgb,0,108,255,6,1,line,white,en,,1.1.2,
8188,de,German (Deutsch),grun,grün,grün,rgb,0,255,99,6,2,line,white,en,,1.1.2,
8188,de,German (Deutsch),gelbgrun,gelbgrün,gelbgrün,rgb,203,255,0,6,3,line,white,en,,1.1.2,
8188,de,German (Deutsch),kirschrot,kirschrot,kirschrot,rgb,255,0,61,6,4,line,white,en,,1.1.2,
8188,de,German (Deutsch),gelbgrun,gelbgrün,gelbgrün,rgb,237,255,0,6,5,line,white,en,,1.1.2,
8188,de,German (Deutsch),meeresblau,meeresblau,meeresblau,rgb,0,137,255,6,6,line,white,en,,1.1.2,
8188,de,German (Deutsch),rot,rot,rot,rgb,255,0,39,6,7,line,white,en,,1.1.2,
8188,de,German (Deutsch),pink,pink,pink,rgb,255,0,140,6,8,line,white,en,,1.1.2,
8188,de,German (Deutsch),magenta,magenta,magenta,rgb,242,0,255,6,9,line,white,en,,1.1.2,
8188,de,German (Deutsch),kirschrot,kirschrot,kirschrot,rgb,255,0,92,6,10,line,white,en,,1.1.2,
8292,de,German (Deutsch),pink,pink,Pink,rgb,255,0,209,1,0,line,white,en,,1.1.2,
8292,de,German (Deutsch),turkis,türkis,Türkis,rgb,0,255,228,1,1,line,white,en,,1.1.2,
8292,de,German (Deutsch),magenta,magenta,Magenta,rgb,255,0,104,1,3,line,white,en,,1.1.2,
8292,de,German (Deutsch),gelb,gelb,Gelb,rgb,232,255,0,1,4,line,white,en,,1.1.2,
8292,de,German (Deutsch),violet,violet,Violet,rgb,93,0,255,1,5,line,white,en,,1.1.2,
8292,de,German (Deutsch),turkis,türkis,Türkis,rgb,0,255,205,1,6,line,white,en,,1.1.2,
8292,de,German (Deutsch),giftgrun,giftgrün,Giftgrün,rgb,0,255,52,1,7,line,white,en,,1.1.2,
8292,de,German (Deutsch),blau,blau,Blau,rgb,0,93,255,1,8,line,white,en,,1.1.2,
8292,de,German (Deutsch),orange,orange,Orange,rgb,255,131,0,1,9,line,white,en,,1.1.2,
8292,de,German (Deutsch),dunkelblau,dunkelblau,Dunkelblau,rgb,0,16,255,1,10,line,white,en,,1.1.2,
8292,de,German (Deutsch),hellblau,hellblau,Hellblau,rgb,0,142,255,1,11,line,white,en,,1.1.2,
8292,de,German (Deutsch),dunkelblau,dunkelblau,Dunkelblau,rgb,0,47,255,3,0,line,white,en,,1.1.2,
8292,de,German (Deutsch),babyblau,babyblau,Babyblau,rgb,0,165,255,3,1,line,white,en,,1.1.2,
8292,de,German (Deutsch),blau,blau,Blau,rgb,0,122,255,3,2,line,white,en,,1.1.2,
8292,de,German (Deutsch),orange,orange,Orange,rgb,255,178,0,3,3,line,white,en,,1.1.2,
8292,de,German (Deutsch),hellgrun,hellgrün,Hellgrün,rgb,0,255,122,3,4,line,white,en,,1.1.2,
8292,de,German (Deutsch),rot,rot,Rot,rgb,255,0,53,3,5,line,white,en,,1.1.2,
8292,de,German (Deutsch),orange,orange,Orange,rgb,255,119,0,3,6,line,white,en,,1.1.2,
8292,de,German (Deutsch),pink,pink,Pink,rgb,255,0,249,3,7,line,white,en,,1.1.2,
8292,de,German (Deutsch),hellgelb,hellgelb,Hellgelb,rgb,255,224,0,3,8,line,white,en,,1.1.2,
8292,de,German (Deutsch),hellgrun,hellgrün,Hellgrün,rgb,185,255,0,3,9,line,white,en,,1.1.2,
8292,de,German (Deutsch),gelb,gelb,Gelb,rgb,255,201,0,3,10,line,white,en,,1.1.2,
8292,de,German (Deutsch),turkis,türkis,Türkis,rgb,0,240,255,3,11,line,white,en,,1.1.2,
8292,de,German (Deutsch),blau,blau,Blau,rgb,0,83,255,6,0,line,white,en,,1.1.2,
8292,de,German (Deutsch),pink,pink,Pink,rgb,255,0,174,6,1,line,white,en,,1.1.2,
8292,de,German (Deutsch),gelb,gelb,Gelb,rgb,221,255,0,6,2,line,white,en,,1.1.2,
8292,de,German (Deutsch),hellgrun,hellgrün,Hellgrün,rgb,74,255,0,6,3,line,white,en,,1.1.2,
8292,de,German (Deutsch),magenta,magenta,Magenta,rgb,255,0,130,6,4,line,white,en,,1.1.2,
8292,de,German (Deutsch),pink,pink,Pink,rgb,255,0,220,6,5,line,white,en,,1.1.2,
8292,de,German (Deutsch),rot,rot,Rot,rgb,255,0,42,6,6,line,white,en,,1.1.2,
8292,de,German (Deutsch),zinnoberrot,zinnoberrot,Zinnoberrot,rgb,255,46,0,6,7,line,white,en,,1.1.2,
8292,de,German (Deutsch),grun,grün,Grün,rgb,0,255,170,6,8,line,white,en,,1.1.2,
8292,de,German (Deutsch),turkis,türkis,Türkis,rgb,0,205,255,6,9,line,white,en,,1.1.2,
8292,de,German (Deutsch),lila,lila,Lila,rgb,212,0,255,6,10,line,white,en,,1.1.2,
8292,de,German (Deutsch),grun,grün,Grün,rgb,0,255,86,6,11,line,white,en,,1.1.2,
8302,de,German (Deutsch),grunblau,grünblau,Grünblau,rgb,0,255,209,1,0,line,white,en,,1.1.2,
8302,de,German (Deutsch),kurbisorange,kürbisorange,Kürbisorange,rgb,255,101,0,1,1,line,white,en,,1.1.2,
8302,de,German (Deutsch),turkis,türkis,Türkis,rgb,0,255,177,1,2,line,white,en,,1.1.2,
8302,de,German (Deutsch),marineblau,marineblau,Marineblau,rgb,0,65,255,1,3,line,white,en,,1.1.2,
8302,de,German (Deutsch),limettengrun,limettengrün,Limettengrün,rgb,0,255,105,1,4,line,white,en,,1.1.2,
8302,de,German (Deutsch),magenta,magenta,Magenta,rgb,255,0,142,1,5,line,white,en,,1.1.2,
8302,de,German (Deutsch),fuchsia,fuchsia,Fuchsia,rgb,255,0,167,1,6,line,white,en,,1.1.2,
8302,de,German (Deutsch),lila,lila,Lila,rgb,240,0,255,1,7,line,white,en,,1.1.2,
8302,de,German (Deutsch),orange,orange,Orange,rgb,255,152,0,1,8,line,white,en,,1.1.2,
8302,de,German (Deutsch),dunkelorange,dunkelorange,Dunkelorange,rgb,255,120,0,1,9,line,white,en,,1.1.2,
8302,de,German (Deutsch),dunkelblau,dunkelblau,Dunkelblau,rgb,0,95,255,1,10,line,white,en,,1.1.2,
8302,de,German (Deutsch),rot,rot,Rot,rgb,255,0,16,1,11,line,white,en,,1.1.2,
8302,de,German (Deutsch),dunkelblau,dunkelblau,Dunkelblau,rgb,0,120,255,3,0,line,white,en,,1.1.2,
8302,de,German (Deutsch),lila,lila,Lila,rgb,159,0,255,3,1,line,white,en,,1.1.2,
8302,de,German (Deutsch),limettengrun,limettengrün,Limettengrün,rgb,0,255,132,3,2,line,white,en,,1.1.2,
8302,de,German (Deutsch),marineblau,marineblau,Marineblau,rgb,22,0,255,3,3,line,white,en,,1.1.2,
8302,de,German (Deutsch),mittelblau,mittelblau,Mittelblau,rgb,0,168,255,3,4,line,white,en,,1.1.2,
8302,de,German (Deutsch),himmelblau,himmelblau,Himmelblau,rgb,0,255,253,3,5,line,white,en,,1.1.2,
8302,de,German (Deutsch),pink,pink,Pink,rgb,255,0,196,3,6,line,white,en,,1.1.2,
8302,de,German (Deutsch),meerblau,meerblau,Meerblau,rgb,0,203,255,3,7,line,white,en,,1.1.2,
8302,de,German (Deutsch),neongrun,neongrün,Neongrün,rgb,158,255,0,3,8,line,white,en,,1.1.2,
8302,de,German (Deutsch),tiefblau,tiefblau,Tiefblau,rgb,0,144,255,3,9,line,white,en,,1.1.2,
8302,de,German (Deutsch),rot,rot,Rot,rgb,255,61,0,3,10,line,white,en,,1.1.2,
8302,de,German (Deutsch),fuchsia,fuchsia,Fuchsia,rgb,255,0,92,3,11,line,white,en,,1.1.2,
8302,de,German (Deutsch),blau,blau,Blau,rgb,0,207,255,6,0,line,white,en,,1.1.2,
8302,de,German (Deutsch),neongrun,neongrün,Neongrün,rgb,201,255,0,6,1,line,white,en,,1.1.2,
8302,de,German (Deutsch),gelbgrun,gelbgrün,Gelbgrün,rgb,237,255,0,6,2,line,white,en,,1.1.2,
8302,de,German (Deutsch),lila,lila,Lila,rgb,203,0,255,6,4,line,white,en,,1.1.2,
8302,de,German (Deutsch),marineblau,marineblau,Marineblau,rgb,0,90,255,6,5,line,white,en,,1.1.2,
8302,de,German (Deutsch),gelb,gelb,Gelb,rgb,255,239,0,6,6,line,white,en,,1.1.2,
8302,de,German (Deutsch),rot,rot,Rot,rgb,255,0,62,6,7,line,white,en,,1.1.2,
8302,de,German (Deutsch),limettengrun,limettengrün,Limettengrün,rgb,127,255,0,6,8,line,white,en,,1.1.2,
8302,de,German (Deutsch),himmelblau,himmelblau,Himmelblau,rgb,0,248,255,6,9,line,white,en,,1.1.2,
8302,de,German (Deutsch),grun,grün,Grün,rgb,0,255,52,6,10,line,white,en,,1.1.2,
8302,de,German (Deutsch),orange,orange,Orange,rgb,255,198,0,6,11,line,white,en,,1.1.2,
8586,de,German (Deutsch),grun,grün,grün,rgb,62,255,0,1,0,line,white,en,,1.1.2,
8586,de,German (Deutsch),gelb,gelb,gelb,rgb,255,212,0,1,1,line,white,en,,1.1.2,
8586,de,German (Deutsch),turkis,türkis,türkis,rgb,0,255,184,1,2,line,white,en,,1.1.2,
8586,de,German (Deutsch),turkis,türkis,türkis,rgb,0,255,199,1,3,line,white,en,,1.1.2,
8586,de,German (Deutsch),magenta,magenta,magenta,rgb,255,0,98,1,4,line,white,en,,1.1.2,
8586,de,German (Deutsch),hellblau,hellblau,hellblau,rgb,0,255,226,1,5,line,white,en,,1.1.2,
8586,de,German (Deutsch),blau,blau,blau,rgb,0,86,255,1,6,line,white,en,,1.1.2,
8586,de,German (Deutsch),blau,blau,blau,rgb,0,143,255,1,7,line,white,en,,1.1.2,
8586,de,German (Deutsch),gelb,gelb,gelb,rgb,241,255,0,1,8,line,white,en,,1.1.2,
8586,de,German (Deutsch),lila,lila,lila,rgb,255,0,249,1,9,line,white,en,,1.1.2,
8586,de,German (Deutsch),blau,blau,blau,rgb,0,160,255,1,10,line,white,en,,1.1.2,
8586,de,German (Deutsch),lila,lila,lila,rgb,255,0,166,1,11,line,white,en,,1.1.2,
8586,de,German (Deutsch),violett,violett,violett,rgb,160,0,255,3,0,line,white,en,,1.1.2,
8586,de,German (Deutsch),violett,violett,violett,rgb,203,0,255,3,1,line,white,en,,1.1.2,
8586,de,German (Deutsch),gelb,gelb,gelb,rgb,194,255,0,3,2,line,white,en,,1.1.2,
8586,de,German (Deutsch),rot,rot,rot,rgb,255,0,36,3,3,line,white,en,,1.1.2,
8586,de,German (Deutsch),blau,blau,blau,rgb,0,113,255,3,4,line,white,en,,1.1.2,
8586,de,German (Deutsch),blau,blau,blau,rgb,0,40,255,3,5,line,white,en,,1.1.2,
8586,de,German (Deutsch),hellblau,hellblau,hellblau,rgb,0,232,255,3,6,line,white,en,,1.1.2,
8586,de,German (Deutsch),magenta,magenta,magenta,rgb,255,0,132,3,7,line,white,en,,1.1.2,
8586,de,German (Deutsch),orange,orange,orange,rgb,255,92,0,3,8,line,white,en,,1.1.2,
8586,de,German (Deutsch),lila,lila,lila,rgb,255,0,196,3,9,line,white,en,,1.1.2,
8586,de,German (Deutsch),blau,blau,blau,rgb,0,25,255,3,10,line,white,en,,1.1.2,
8586,de,German (Deutsch),orange,orange,orange,rgb,255,139,0,3,11,line,white,en,,1.1.2,
8586,de,German (Deutsch),lila,lila,lila,rgb,255,0,225,6,1,line,white,en,,1.1.2,
8586,de,German (Deutsch),grun,grün,grün,rgb,0,255,58,6,2,line,white,en,,1.1.2,
8586,de,German (Deutsch),blau,blau,blau,rgb,0,199,255,6,3,line,white,en,,1.1.2,
8586,de,German (Deutsch),blau,blau,blau,rgb,0,126,255,6,4,line,white,en,,1.1.2,
8586,de,German (Deutsch),hellblau,hellblau,hellblau,rgb,0,221,255,6,5,line,white,en,,1.1.2,
8586,de,German (Deutsch),orange,orange,orange,rgb,255,163,0,6,6,line,white,en,,1.1.2,
8586,de,German (Deutsch),rot,rot,rot,rgb,255,49,0,6,7,line,white,en,,1.1.2,
8586,de,German (Deutsch),turkis,türkis,türkis,rgb,0,255,141,6,8,line,white,en,,1.1.2,
8586,de,German (Deutsch),olivegrun,olivegrün,olivegrün,rgb,176,255,0,6,9,line,white,en,,1.1.2,
8586,de,German (Deutsch),grun,grün,grün,rgb,0,255,94,6,10,line,white,en,,1.1.2,
8586,de,German (Deutsch),orange,orange,orange,rgb,255,189,0,6,11,line,white,en,,1.1.2,
8883,de,German (Deutsch),mint,mint,Mint,rgb,0,255,173,1,0,line,white,en,,1.1.2,
8883,de,German (Deutsch),violet,violet,Violet,rgb,126,0,255,1,1,line,white,en,,1.1.2,
8883,de,German (Deutsch),rot,rot,Rot,rgb,255,0,0,1,2,line,white,en,,1.1.2,
8883,de,German (Deutsch),dunkelblau,dunkelblau,Dunkelblau,rgb,0,69,255,1,3,line,white,en,,1.1.2,
8883,de,German (Deutsch),gelb,gelb,Gelb,rgb,208,255,0,1,4,line,white,en,,1.1.2,
8883,de,German (Deutsch),grun,grün,Grün,rgb,90,255,0,1,5,line,white,en,,1.1.2,
8883,de,German (Deutsch),grun,grün,Grün,rgb,0,255,78,1,6,line,white,en,,1.1.2,
8883,de,German (Deutsch),orange,orange,Orange,rgb,255,145,0,1,7,line,white,en,,1.1.2,
8883,de,German (Deutsch),blau,blau,Blau,rgb,0,102,255,1,9,line,white,en,,1.1.2,
8883,de,German (Deutsch),lila,lila,Lila,rgb,197,0,255,1,10,line,white,en,,1.1.2,
8883,de,German (Deutsch),pink,pink,Pink,rgb,255,0,255,1,11,line,white,en,,1.1.2,
8883,de,German (Deutsch),pink,pink,Pink,rgb,255,0,136,3,0,line,white,en,,1.1.2,
8883,de,German (Deutsch),pink,pink,Pink,rgb,255,0,157,3,1,line,white,en,,1.1.2,
8883,de,German (Deutsch),orange,orange,Orange,rgb,255,113,0,3,2,line,white,en,,1.1.2,
8883,de,German (Deutsch),dunkelblau,dunkelblau,Dunkelblau,rgb,0,49,255,3,3,line,white,en,,1.1.2,
8883,de,German (Deutsch),ocker,ocker,Ocker,rgb,255,209,0,3,4,line,white,en,,1.1.2,
8883,de,German (Deutsch),hellgrun,hellgrün,Hellgrün,rgb,151,255,0,3,7,line,white,en,,1.1.2,
8883,de,German (Deutsch),neongelb,neongelb,Neongelb,rgb,238,255,0,3,8,line,white,en,,1.1.2,
8883,de,German (Deutsch),blau,blau,Blau,rgb,0,147,255,3,9,line,white,en,,1.1.2,
8883,de,German (Deutsch),mint,mint,Mint,rgb,0,255,211,3,10,line,white,en,,1.1.2,
8883,de,German (Deutsch),hellblau,hellblau,Hellblau,rgb,0,234,255,3,11,line,white,en,,1.1.2,
8883,de,German (Deutsch),dunkelblau,dunkelblau,Dunkelblau,rgb,0,15,255,6,0,line,white,en,,1.1.2,
8883,de,German (Deutsch),grun,grün,Grün,rgb,0,255,57,6,1,line,white,en,,1.1.2,
8883,de,German (Deutsch),rot,rot,Rot,rgb,255,0,64,6,2,line,white,en,,1.1.2,
8883,de,German (Deutsch),hellblau,hellblau,Hellblau,rgb,0,206,255,6,3,line,white,en,,1.1.2,
8883,de,German (Deutsch),magenta,magenta,Magenta,rgb,255,0,226,6,4,line,white,en,,1.1.2,
8883,de,German (Deutsch),magenta,magenta,Magenta,rgb,255,0,194,6,5,line,white,en,,1.1.2,
8883,de,German (Deutsch),gelb,gelb,Gelb,rgb,255,221,0,6,6,line,white,en,,1.1.2,
8883,de,German (Deutsch),orange,orange,Orange,rgb,255,168,0,6,7,line,white,en,,1.1.2,
8883,de,German (Deutsch),neongrun,neongrün,Neongrün,rgb,0,255,135,6,8,line,white,en,,1.1.2,
8883,de,German (Deutsch),blau,blau,Blau,rgb,0,128,255,6,9,line,white,en,,1.1.2,
8883,de,German (Deutsch),rot,rot,Rot,rgb,255,0,108,6,10,line,white,en,,1.1.2,
8883,de,German (Deutsch),rot,rot,Rot,rgb,255,0,45,6,11,line,white,en,,1.1.2,
8999,de,German (Deutsch),orange,orange,Orange,rgb,255,109,0,1,0,line,white,en,,1.1.2,
8999,de,German (Deutsch),himmelblau,himmelblau,Himmelblau,rgb,0,151,255,1,1,line,white,en,,1.1.2,
8999,de,German (Deutsch),turkis,türkis,Türkis,rgb,0,244,255,1,2,line,white,en,,1.1.2,
8999,de,German (Deutsch),pink,pink,Pink,rgb,255,0,89,1,3,line,white,en,,1.1.2,
8999,de,German (Deutsch),gelb,gelb,Gelb,rgb,255,183,0,1,4,line,white,en,,1.1.2,
8999,de,German (Deutsch),royalblau,royalblau,Royalblau,rgb,0,49,255,1,5,line,white,en,,1.1.2,
8999,de,German (Deutsch),pastellgrun,pastellgrün,Pastellgrün,rgb,0,255,179,1,6,line,white,en,,1.1.2,
8999,de,German (Deutsch),hellgrun,hellgrün,Hellgrün,rgb,68,255,0,1,7,line,white,en,,1.1.2,
8999,de,German (Deutsch),pink,pink,Pink,rgb,255,0,150,1,8,line,white,en,,1.1.2,
8999,de,German (Deutsch),dunkelgelb,dunkelgelb,Dunkelgelb,rgb,255,166,0,1,9,line,white,en,,1.1.2,
8999,de,German (Deutsch),hellgrun,hellgrün,Hellgrün,rgb,0,255,54,1,10,line,white,en,,1.1.2,
8999,de,German (Deutsch),pink,pink,Pink,rgb,255,0,183,1,11,line,white,en,,1.1.2,
8999,de,German (Deutsch),zitronengelb,zitronengelb,Zitronengelb,rgb,250,255,0,3,0,line,white,en,,1.1.2,
8999,de,German (Deutsch),plaumenblau,plaumenblau,Plaumenblau,rgb,113,0,255,3,1,line,white,en,,1.1.2,
8999,de,German (Deutsch),blau,blau,Blau,rgb,0,123,255,3,2,line,white,en,,1.1.2,
8999,de,German (Deutsch),hellblau,hellblau,Hellblau,rgb,0,190,255,3,3,line,white,en,,1.1.2,
8999,de,German (Deutsch),pink,pink,Pink,rgb,255,0,214,3,4,line,white,en,,1.1.2,
8999,de,German (Deutsch),dunkelblau,dunkelblau,Dunkelblau,rgb,0,20,255,3,5,line,white,en,,1.1.2,
8999,de,German (Deutsch),grungelb,grüngelb,Grüngelb,rgb,160,255,0,3,6,line,white,en,,1.1.2,
8999,de,German (Deutsch),puderblau,puderblau,Puderblau,rgb,0,104,255,3,7,line,white,en,,1.1.2,
8999,de,German (Deutsch),orange,orange,Orange,rgb,255,136,0,3,8,line,white,en,,1.1.2,
8999,de,German (Deutsch),turkisgrun,türkisgrün,Türkisgrün,rgb,0,255,145,3,9,line,white,en,,1.1.2,
8999,de,German (Deutsch),gelbgrun,gelbgrün,Gelbgrün,rgb,213,255,0,3,10,line,white,en,,1.1.2,
8999,de,German (Deutsch),rot,rot,Rot,rgb,255,50,0,3,11,line,white,en,,1.1.2,
8999,de,German (Deutsch),konigsblau,königsblau,Königsblau,rgb,0,73,255,6,0,line,white,en,,1.1.2,
8999,de,German (Deutsch),turkisblau,türkisblau,Türkisblau,rgb,0,255,237,6,1,line,white,en,,1.1.2,
8999,de,German (Deutsch),gelb,gelb,Gelb,rgb,255,213,0,6,2,line,white,en,,1.1.2,
8999,de,German (Deutsch),violett,violett,Violett,rgb,211,0,255,6,3,line,white,en,,1.1.2,
8999,de,German (Deutsch),pink,pink,Pink,rgb,255,0,126,6,4,line,white,en,,1.1.2,
8999,de,German (Deutsch),violett,violett,Violett,rgb,221,0,255,6,5,line,white,en,,1.1.2,
8999,de,German (Deutsch),turkisgrun,türkisgrün,Türkisgrün,rgb,0,255,202,6,6,line,white,en,,1.1.2,
8999,de,German (Deutsch),hellblau,hellblau,Hellblau,rgb,0,206,255,6,7,line,white,en,,1.1.2,
8999,de,German (Deutsch),pinkrot,pinkrot,Pinkrot,rgb,255,0,49,6,8,line,white,en,,1.1.2,
8999,de,German (Deutsch),hellgrun,hellgrün,Hellgrün,rgb,0,255,87,6,9,line,white,en,,1.1.2,
8999,de,German (Deutsch),rot,rot,Rot,rgb,255,0,29,6,10,line,white,en,,1.1.2,
8999,de,German (Deutsch),himmelblau,himmelblau,Himmelblau,rgb,0,159,255,6,11,line,white,en,,1.1.2,
9052,de,German (Deutsch),blau,blau,blau,rgb,0,170,255,1,0,line,white,en,,1.1.2,
9052,de,German (Deutsch),grun,grün,grün,rgb,0,255,146,1,1,line,white,en,,1.1.2,
9052,de,German (Deutsch),rot,rot,rot,rgb,255,0,118,1,2,line,white,en,,1.1.2,
9052,de,German (Deutsch),blau,blau,blau,rgb,0,143,255,1,3,line,white,en,,1.1.2,
9052,de,German (Deutsch),pink,pink,pink,rgb,255,0,199,1,4,line,white,en,,1.1.2,
9052,de,German (Deutsch),turkis,türkis,türkis,rgb,0,255,231,1,5,line,white,en,,1.1.2,
9052,de,German (Deutsch),gelb,gelb,gelb,rgb,255,221,0,1,6,line,white,en,,1.1.2,
9052,de,German (Deutsch),indigo,indigo,indigo,rgb,0,254,255,1,7,line,white,en,,1.1.2,
9052,de,German (Deutsch),gelb,gelb,gelb,rgb,255,251,0,1,8,line,white,en,,1.1.2,
9052,de,German (Deutsch),grun,grün,grün,rgb,131,255,0,1,9,line,white,en,,1.1.2,
9052,de,German (Deutsch),grun,grün,grün,rgb,177,255,0,1,10,line,white,en,,1.1.2,
9052,de,German (Deutsch),orange,orange,orange,rgb,255,121,0,1,11,line,white,en,,1.1.2,
9052,de,German (Deutsch),blau,blau,blau,rgb,37,0,255,3,0,line,white,en,,1.1.2,
9052,de,German (Deutsch),blau,blau,blau,rgb,0,98,255,3,1,line,white,en,,1.1.2,
9052,de,German (Deutsch),blau,blau,blau,rgb,0,121,255,3,2,line,white,en,,1.1.2,
9052,de,German (Deutsch),blau,blau,blau,rgb,0,57,255,3,3,line,white,en,,1.1.2,
9052,de,German (Deutsch),grun,grün,grün,rgb,188,255,0,3,4,line,white,en,,1.1.2,
9052,de,German (Deutsch),blau,blau,blau,rgb,119,0,255,3,5,line,white,en,,1.1.2,
9052,de,German (Deutsch),turkis,türkis,türkis,rgb,0,255,197,3,6,line,white,en,,1.1.2,
9052,de,German (Deutsch),blau,blau,blau,rgb,0,194,255,3,7,line,white,en,,1.1.2,
9052,de,German (Deutsch),grun,grün,grün,rgb,19,255,0,3,8,line,white,en,,1.1.2,
9052,de,German (Deutsch),grun,grün,grün,rgb,0,255,173,3,9,line,white,en,,1.1.2,
9052,de,German (Deutsch),orange,orange,orange,rgb,255,156,0,3,10,line,white,en,,1.1.2,
9052,de,German (Deutsch),blau,blau,blau,rgb,0,74,255,3,11,line,white,en,,1.1.2,
9052,de,German (Deutsch),rot,rot,rot,rgb,255,0,100,6,0,line,white,en,,1.1.2,
9052,de,German (Deutsch),rot,rot,rot,rgb,255,66,0,6,1,line,white,en,,1.1.2,
9052,de,German (Deutsch),lila,lila,lila,rgb,255,0,227,6,2,line,white,en,,1.1.2,
9052,de,German (Deutsch),pink,pink,pink,rgb,255,0,163,6,3,line,white,en,,1.1.2,
9052,de,German (Deutsch),gelb,gelb,gelb,rgb,255,199,0,6,4,line,white,en,,1.1.2,
9052,de,German (Deutsch),rot,rot,rot,rgb,255,0,27,6,5,line,white,en,,1.1.2,
9052,de,German (Deutsch),lila,lila,lila,rgb,250,0,255,6,6,line,white,en,,1.1.2,
9052,de,German (Deutsch),blau,blau,blau,rgb,0,217,255,6,7,line,white,en,,1.1.2,
9052,de,German (Deutsch),orange,orange,orange,rgb,255,97,0,6,8,line,white,en,,1.1.2,
9052,de,German (Deutsch),grun,grün,grün,rgb,0,255,80,6,9,line,white,en,,1.1.2,
9052,de,German (Deutsch),rot,rot,rot,rgb,255,0,55,6,10,line,white,en,,1.1.2,
9052,de,German (Deutsch),lila,lila,lila,rgb,218,0,255,6,11,line,white,en,,1.1.2,
9173,de,German (Deutsch),hellgrun,hellgrün,Hellgrün,rgb,0,255,40,1,0,line,white,en,,1.1.2,
9173,de,German (Deutsch),konigsblau,königsblau,Königsblau,rgb,0,15,255,1,1,line,white,en,,1.1.2,
9173,de,German (Deutsch),turkis,türkis,Türkis,rgb,0,255,199,1,2,line,white,en,,1.1.2,
9173,de,German (Deutsch),blau,blau,Blau,rgb,0,148,255,1,3,line,white,en,,1.1.2,
9173,de,German (Deutsch),hellblau,hellblau,Hellblau,rgb,0,169,255,1,4,line,white,en,,1.1.2,
9173,de,German (Deutsch),dunkelblau,dunkelblau,Dunkelblau,rgb,0,61,255,1,5,line,white,en,,1.1.2,
9173,de,German (Deutsch),hellgrun,hellgrün,Hellgrün,rgb,77,255,0,1,6,line,white,en,,1.1.2,
9173,de,German (Deutsch),lila,lila,Lila,rgb,187,0,255,1,7,line,white,en,,1.1.2,
9173,de,German (Deutsch),rot,rot,Rot,rgb,255,0,37,1,8,line,white,en,,1.1.2,
9173,de,German (Deutsch),dunkelrot,dunkelrot,Dunkelrot,rgb,255,0,116,1,9,line,white,en,,1.1.2,
9173,de,German (Deutsch),blau,blau,Blau,rgb,0,134,255,1,10,line,white,en,,1.1.2,
9173,de,German (Deutsch),orange,orange,Orange,rgb,255,162,0,1,11,line,white,en,,1.1.2,
9173,de,German (Deutsch),sandorange,sandorange,Sandorange,rgb,255,190,0,3,0,line,white,en,,1.1.2,
9173,de,German (Deutsch),turkis,türkis,Türkis,rgb,0,255,255,3,1,line,white,en,,1.1.2,
9173,de,German (Deutsch),rosa,rosa,Rosa,rgb,255,0,185,3,2,line,white,en,,1.1.2,
9173,de,German (Deutsch),orange,orange,Orange,rgb,255,97,0,3,3,line,white,en,,1.1.2,
9173,de,German (Deutsch),orange,orange,Orange,rgb,255,121,0,3,4,line,white,en,,1.1.2,
9173,de,German (Deutsch),rosarot,rosarot,Rosarot,rgb,255,0,99,3,5,line,white,en,,1.1.2,
9173,de,German (Deutsch),turkis,türkis,Türkis,rgb,0,228,255,3,6,line,white,en,,1.1.2,
9173,de,German (Deutsch),rosa,rosa,Rosa,rgb,255,0,255,3,7,line,white,en,,1.1.2,
9173,de,German (Deutsch),grun,grün,Grün,rgb,0,255,181,3,8,line,white,en,,1.1.2,
9173,de,German (Deutsch),blau,blau,Blau,rgb,0,187,255,3,9,line,white,en,,1.1.2,
9173,de,German (Deutsch),rot,rot,Rot,rgb,255,59,0,3,10,line,white,en,,1.1.2,
9173,de,German (Deutsch),rot,rot,Rot,rgb,255,0,49,3,11,line,white,en,,1.1.2,
9173,de,German (Deutsch),konigsblau,königsblau,Königsblau,rgb,0,84,255,6,0,line,white,en,,1.1.2,
9173,de,German (Deutsch),rosa,rosa,Rosa,rgb,255,0,236,6,1,line,white,en,,1.1.2,
9173,de,German (Deutsch),gelbgrun,gelbgrün,Gelbgrün,rgb,201,255,0,6,2,line,white,en,,1.1.2,
9173,de,German (Deutsch),turkis,türkis,Türkis,rgb,0,255,254,6,3,line,white,en,,1.1.2,
9173,de,German (Deutsch),gelb,gelb,Gelb,rgb,255,240,0,6,4,line,white,en,,1.1.2,
9173,de,German (Deutsch),hellgrun,hellgrün,Hellgrün,rgb,156,255,0,6,5,line,white,en,,1.1.2,
9173,de,German (Deutsch),turkis,türkis,Türkis,rgb,0,255,143,6,6,line,white,en,,1.1.2,
9173,de,German (Deutsch),gelb,gelb,Gelb,rgb,238,255,0,6,7,line,white,en,,1.1.2,
9173,de,German (Deutsch),blau,blau,Blau,rgb,0,94,255,6,8,line,white,en,,1.1.2,
9173,de,German (Deutsch),grun,grün,Grün,rgb,0,255,101,6,9,line,white,en,,1.1.2,
9173,de,German (Deutsch),rosa,rosa,Rosa,rgb,255,0,146,6,10,line,white,en,,1.1.2,
9173,de,German (Deutsch),lila,lila,Lila,rgb,112,0,255,6,11,line,white,en,,1.1.2,
9321,de,German (Deutsch),hellblau,hellblau,hellblau,rgb,0,176,255,1,0,line,white,en,,1.1.2,
9321,de,German (Deutsch),azurblau,azurblau,azurblau,rgb,0,128,255,1,1,line,white,en,,1.1.2,
9321,de,German (Deutsch),violett,violett,violett,rgb,186,0,255,1,2,line,white,en,,1.1.2,
9321,de,German (Deutsch),rot,rot,rot,rgb,255,0,70,1,3,line,white,en,,1.1.2,
9321,de,German (Deutsch),dunkelblau,dunkelblau,dunkelblau,rgb,0,34,255,1,4,line,white,en,,1.1.2,
9321,de,German (Deutsch),pink,pink,pink,rgb,255,0,100,1,5,line,white,en,,1.1.2,
9321,de,German (Deutsch),orange,orange,orange,rgb,255,182,0,1,6,line,white,en,,1.1.2,
9321,de,German (Deutsch),pink,pink,pink,rgb,255,0,144,1,7,line,white,en,,1.1.2,
9321,de,German (Deutsch),rot,rot,rot,rgb,255,46,0,1,8,line,white,en,,1.1.2,
9321,de,German (Deutsch),babyblau,babyblau,babyblau,rgb,0,215,255,1,9,line,white,en,,1.1.2,
9321,de,German (Deutsch),orange,orange,orange,rgb,255,181,0,1,10,line,white,en,,1.1.2,
9321,de,German (Deutsch),neongrun,neongrün,neongrün,rgb,0,255,115,1,11,line,white,en,,1.1.2,
9321,de,German (Deutsch),blau,blau,blau,rgb,0,203,255,3,0,line,white,en,,1.1.2,
9321,de,German (Deutsch),turkis,türkis,Türkis,rgb,0,255,162,3,1,line,white,en,,1.1.2,
9321,de,German (Deutsch),konigsblau,königsblau,Königsblau,rgb,0,72,255,3,2,line,white,en,,1.1.2,
9321,de,German (Deutsch),orange,orange,orange,rgb,255,127,0,3,3,line,white,en,,1.1.2,
9321,de,German (Deutsch),hellgrun,hellgrün,hellgrün,rgb,165,255,0,3,4,line,white,en,,1.1.2,
9321,de,German (Deutsch),rot,rot,rot,rgb,255,90,0,3,5,line,white,en,,1.1.2,
9321,de,German (Deutsch),turkis,türkis,türkis,rgb,0,255,123,3,6,line,white,en,,1.1.2,
9321,de,German (Deutsch),hellblau,hellblau,hellblau,rgb,0,244,255,3,7,line,white,en,,1.1.2,
9321,de,German (Deutsch),grassgrun,grassgrün,grassgrün,rgb,103,255,0,3,8,line,white,en,,1.1.2,
9321,de,German (Deutsch),konigsblau,königsblau,königsblau,rgb,0,52,255,3,9,line,white,en,,1.1.2,
9321,de,German (Deutsch),neongrun,neongrün,neongrün,rgb,0,255,42,3,10,line,white,en,,1.1.2,
9321,de,German (Deutsch),gelb,gelb,gelb,rgb,255,254,0,3,11,line,white,en,,1.1.2,
9321,de,German (Deutsch),pink,pink,Pink,rgb,255,0,122,6,0,line,white,en,,1.1.2,
9321,de,German (Deutsch),pink,pink,pink,rgb,255,0,254,6,1,line,white,en,,1.1.2,
9321,de,German (Deutsch),turkis,türkis,türkis,rgb,0,255,201,6,2,line,white,en,,1.1.2,
9321,de,German (Deutsch),blau,blau,blau,rgb,0,99,255,6,3,line,white,en,,1.1.2,
9321,de,German (Deutsch),rot,rot,rot,rgb,255,0,46,6,4,line,white,en,,1.1.2,
9321,de,German (Deutsch),pink,pink,pink,rgb,255,0,179,6,5,line,white,en,,1.1.2,
9321,de,German (Deutsch),pink,pink,pink,rgb,255,0,217,6,6,line,white,en,,1.1.2,
9321,de,German (Deutsch),turkis,türkis,türkis,rgb,0,255,240,6,7,line,white,en,,1.1.2,
9321,de,German (Deutsch),grun,grün,grün,rgb,189,255,0,6,8,line,white,en,,1.1.2,
9321,de,German (Deutsch),blau,blau,blau,rgb,0,141,255,6,9,line,white,en,,1.1.2,
9321,de,German (Deutsch),gelb,gelb,gelb,rgb,255,229,0,6,10,line,white,en,,1.1.2,
9321,de,German (Deutsch),violett,violett,violett,rgb,133,0,255,6,11,line,white,en,,1.1.2,
9344,de,German (Deutsch),rot,rot,Rot,rgb,255,0,33,1,0,line,white,en,,1.1.2,
9344,de,German (Deutsch),blau,blau,Blau,rgb,0,34,255,1,1,line,white,en,,1.1.2,
9344,de,German (Deutsch),grun,grün,Grün,rgb,107,255,0,1,2,line,white,en,,1.1.2,
9344,de,German (Deutsch),eklig,eklig,Eklig,rgb,219,0,255,1,3,line,white,en,,1.1.2,
9344,de,German (Deutsch),blau,blau,Blau,rgb,0,138,255,1,4,line,white,en,,1.1.2,
9344,de,German (Deutsch),rosa,rosa,Rosa,rgb,255,0,104,1,5,line,white,en,,1.1.2,
9344,de,German (Deutsch),blau,blau,Blau,rgb,105,0,255,1,6,line,white,en,,1.1.2,
9344,de,German (Deutsch),grun,grün,Grün,rgb,0,255,62,1,7,line,white,en,,1.1.2,
9344,de,German (Deutsch),grun,grün,Grün,rgb,0,255,199,1,8,line,white,en,,1.1.2,
9344,de,German (Deutsch),grun,grün,Grün,rgb,215,255,0,1,9,line,white,en,,1.1.2,
9344,de,German (Deutsch),orange,orange,Orange,rgb,182,255,0,1,10,line,white,en,,1.1.2,
9344,de,German (Deutsch),blau,blau,Blau,rgb,0,125,255,1,11,line,white,en,,1.1.2,
9344,de,German (Deutsch),gelb,gelb,Gelb,rgb,255,218,0,3,0,line,white,en,,1.1.2,
9344,de,German (Deutsch),orange,orange,Orange,rgb,255,155,0,3,1,line,white,en,,1.1.2,
9344,de,German (Deutsch),pink,pink,Pink,rgb,255,0,167,3,2,line,white,en,,1.1.2,
9344,de,German (Deutsch),turkis,türkis,Türkis,rgb,0,255,255,3,3,line,white,en,,1.1.2,
9344,de,German (Deutsch),blau,blau,Blau,rgb,0,160,255,3,4,line,white,en,,1.1.2,
9344,de,German (Deutsch),eklig,eklig,Eklig,rgb,255,0,214,3,5,line,white,en,,1.1.2,
9344,de,German (Deutsch),rot,rot,Rot,rgb,255,94,0,3,6,line,white,en,,1.1.2,
9344,de,German (Deutsch),grun,grün,Grün,rgb,0,255,114,3,7,line,white,en,,1.1.2,
9344,de,German (Deutsch),wat?,wat?,Wat?,rgb,0,255,134,3,8,line,white,en,,1.1.2,
9344,de,German (Deutsch),hellblau,hellblau,Hellblau,rgb,0,255,255,3,9,line,white,en,,1.1.2,
9344,de,German (Deutsch),blutrot,blutrot,Blutrot,rgb,255,0,115,3,10,line,white,en,,1.1.2,
9344,de,German (Deutsch),blau,blau,Blau,rgb,0,93,255,3,11,line,white,en,,1.1.2,
9344,de,German (Deutsch),orange,orange,Orange,rgb,255,185,0,6,2,line,white,en,,1.1.2,
9344,de,German (Deutsch),gelb,gelb,Gelb,rgb,255,245,0,6,3,line,white,en,,1.1.2,
9344,de,German (Deutsch),blau,blau,Blau,rgb,0,88,255,6,4,line,white,en,,1.1.2,
9344,de,German (Deutsch),blau,blau,Blau,rgb,198,0,255,6,5,line,white,en,,1.1.2,
9344,de,German (Deutsch),rot,rot,Rot,rgb,255,137,0,6,6,line,white,en,,1.1.2,
9344,de,German (Deutsch),blau,blau,Blau,rgb,70,0,255,6,8,line,white,en,,1.1.2,
9344,de,German (Deutsch),rot,rot,Rot,rgb,255,78,0,6,9,line,white,en,,1.1.2,
9422,de,German (Deutsch),grungelb,grüngelb,grüngelb,rgb,228,255,0,1,0,line,white,en,,1.1.2,
9422,de,German (Deutsch),turkis,türkis,türkis,rgb,0,255,233,1,1,line,white,en,,1.1.2,
9422,de,German (Deutsch),orange,orange,orange,rgb,255,129,0,1,2,line,white,en,,1.1.2,
9422,de,German (Deutsch),gelb,gelb,gelb,rgb,255,227,0,1,3,line,white,en,,1.1.2,
9422,de,German (Deutsch),fuchsia,fuchsia,fuchsia,rgb,255,0,203,1,4,line,white,en,,1.1.2,
9422,de,German (Deutsch),lila,lila,lila,rgb,195,0,255,1,5,line,white,en,,1.1.2,
9422,de,German (Deutsch),lila,lila,lila,rgb,225,0,255,1,6,line,white,en,,1.1.2,
9422,de,German (Deutsch),blau,blau,blau,rgb,0,73,255,1,7,line,white,en,,1.1.2,
9422,de,German (Deutsch),grun,grün,grün,rgb,0,255,103,1,8,line,white,en,,1.1.2,
9422,de,German (Deutsch),hellgrun,hellgrün,hellgrün,rgb,0,255,141,1,9,line,white,en,,1.1.2,
9422,de,German (Deutsch),lila,lila,lila,rgb,143,0,255,1,10,line,white,en,,1.1.2,
9422,de,German (Deutsch),blau,blau,blau,rgb,0,61,255,1,11,line,white,en,,1.1.2,
9422,de,German (Deutsch),rot,rot,rot,rgb,255,0,24,3,0,line,white,en,,1.1.2,
9422,de,German (Deutsch),blau,blau,blau,rgb,0,98,255,3,1,line,white,en,,1.1.2,
9422,de,German (Deutsch),himmelblau,himmelblau,himmelblau,rgb,0,171,255,3,2,line,white,en,,1.1.2,
9422,de,German (Deutsch),hellblau,hellblau,hellblau,rgb,0,215,255,3,3,line,white,en,,1.1.2,
9422,de,German (Deutsch),rotorange,rot orange,rot-orange,rgb,255,58,0,3,4,line,white,en,,1.1.2,
9422,de,German (Deutsch),orange,orange,orange,rgb,255,158,0,3,5,line,white,en,,1.1.2,
9422,de,German (Deutsch),fuchsia,fuchsia,fuchsia,rgb,255,0,234,3,6,line,white,en,,1.1.2,
9422,de,German (Deutsch),turkis,türkis,türkis,rgb,0,249,255,3,7,line,white,en,,1.1.2,
9422,de,German (Deutsch),hellgrun,hellgrün,hellgrün,rgb,0,255,184,3,8,line,white,en,,1.1.2,
9422,de,German (Deutsch),rot,rot,rot,rgb,255,0,52,3,9,line,white,en,,1.1.2,
9422,de,German (Deutsch),gelb,gelb,gelb,rgb,255,254,0,3,10,line,white,en,,1.1.2,
9422,de,German (Deutsch),orange,orange,orange,rgb,255,182,0,3,11,line,white,en,,1.1.2,
9422,de,German (Deutsch),turkis,türkis,türkis,rgb,0,255,215,6,0,line,white,en,,1.1.2,
9422,de,German (Deutsch),fuchsia,fuchsia,fuchsia,rgb,255,0,144,6,1,line,white,en,,1.1.2,
9422,de,German (Deutsch),blau,blau,blau,rgb,0,117,255,6,2,line,white,en,,1.1.2,
9422,de,German (Deutsch),grun,grün,grün,rgb,0,255,50,6,3,line,white,en,,1.1.2,
9422,de,German (Deutsch),konigsblau,königsblau,königsblau,rgb,0,30,255,6,4,line,white,en,,1.1.2,
9422,de,German (Deutsch),giftgrun,giftgrün,giftgrün,rgb,139,255,0,6,5,line,white,en,,1.1.2,
9422,de,German (Deutsch),orange,orange,orange,rgb,255,96,0,6,6,line,white,en,,1.1.2,
9422,de,German (Deutsch),hellblau,hellblau,hellblau,rgb,0,200,255,6,7,line,white,en,,1.1.2,
9422,de,German (Deutsch),giftgrun,giftgrün,giftgrün,rgb,127,255,0,6,8,line,white,en,,1.1.2,
9422,de,German (Deutsch),himmelblau,himmelblau,himmelblau,rgb,0,141,255,6,9,line,white,en,,1.1.2,
9422,de,German (Deutsch),rot,rot,rot,rgb,255,0,93,6,10,line,white,en,,1.1.2,
9422,de,German (Deutsch),fuchsia,fuchsia,fuchsia,rgb,255,0,116,6,11,line,white,en,,1.1.2,
9591,de,German (Deutsch),grun,grün,grün,rgb,60,255,0,1,0,line,white,en,,1.1.2,
9591,de,German (Deutsch),lila,lila,lila,rgb,107,0,255,1,2,line,white,en,,1.1.2,
9591,de,German (Deutsch),blau,blau,blau,rgb,0,183,255,1,3,line,white,en,,1.1.2,
9591,de,German (Deutsch),blau,blau,blau,rgb,0,214,255,1,4,line,white,en,,1.1.2,
9591,de,German (Deutsch),gelb,gelb,gelb,rgb,255,229,0,1,5,line,white,en,,1.1.2,
9591,de,German (Deutsch),orange,orange,orange,rgb,255,107,0,1,6,line,white,en,,1.1.2,
9591,de,German (Deutsch),turkis,türkis,türkis,rgb,0,255,130,1,7,line,white,en,,1.1.2,
9591,de,German (Deutsch),pink,pink,pink,rgb,255,0,141,1,8,line,white,en,,1.1.2,
9591,de,German (Deutsch),grun,grün,grün,rgb,0,255,39,1,9,line,white,en,,1.1.2,
9591,de,German (Deutsch),blau,blau,blau,rgb,0,69,255,1,10,line,white,en,,1.1.2,
9591,de,German (Deutsch),turkis,türkis,türkis,rgb,0,255,184,1,11,line,white,en,,1.1.2,
9591,de,German (Deutsch),blau,blau,blau,rgb,0,64,255,3,0,line,white,en,,1.1.2,
9591,de,German (Deutsch),magenta,magenta,magenta,rgb,255,0,72,3,2,line,white,en,,1.1.2,
9591,de,German (Deutsch),pink,pink,pink,rgb,255,0,148,3,3,line,white,en,,1.1.2,
9591,de,German (Deutsch),gelbgrun,gelbgrün,gelbgrün,rgb,207,255,0,3,5,line,white,en,,1.1.2,
9591,de,German (Deutsch),orange,orange,orange,rgb,255,130,0,3,6,line,white,en,,1.1.2,
9591,de,German (Deutsch),magenta,magenta,magenta,rgb,255,0,102,3,7,line,white,en,,1.1.2,
9591,de,German (Deutsch),turkis,türkis,türkis,rgb,0,255,113,3,8,line,white,en,,1.1.2,
9591,de,German (Deutsch),magenta,magenta,magenta,rgb,255,0,182,3,9,line,white,en,,1.1.2,
9591,de,German (Deutsch),gelb,gelb,gelb,rgb,255,190,0,3,10,line,white,en,,1.1.2,
9591,de,German (Deutsch),blau,blau,blau,rgb,0,127,255,3,11,line,white,en,,1.1.2,
9591,de,German (Deutsch),gelb,gelb,gelb,rgb,255,253,0,6,0,line,white,en,,1.1.2,
9591,de,German (Deutsch),rot,rot,rot,rgb,255,61,0,6,1,line,white,en,,1.1.2,
9591,de,German (Deutsch),orange,orange,orange,rgb,255,176,0,6,2,line,white,en,,1.1.2,
9591,de,German (Deutsch),grun,grün,grün,rgb,137,255,0,6,3,line,white,en,,1.1.2,
9591,de,German (Deutsch),blau,blau,blau,rgb,0,110,255,6,4,line,white,en,,1.1.2,
9591,de,German (Deutsch),lila,lila,lila,rgb,225,0,255,6,5,line,white,en,,1.1.2,
9591,de,German (Deutsch),blau,blau,blau,rgb,0,174,255,6,6,line,white,en,,1.1.2,
9591,de,German (Deutsch),blau,blau,blau,rgb,0,11,255,6,7,line,white,en,,1.1.2,
9591,de,German (Deutsch),rot,rot,rot,rgb,255,0,39,6,8,line,white,en,,1.1.2,
9591,de,German (Deutsch),blau,blau,blau,rgb,0,149,255,6,9,line,white,en,,1.1.2,
9591,de,German (Deutsch),magenta,magenta,magenta,rgb,255,0,234,6,10,line,white,en,,1.1.2,
9591,de,German (Deutsch),lila,lila,lila,rgb,171,0,255,6,11,line,white,en,,1.1.2,
9673,de,German (Deutsch),mittelblau,mittelblau,mittelblau,rgb,0,170,255,1,0,line,white,en,,1.1.2,
9673,de,German (Deutsch),dunkelpink,dunkelpink,dunkelpink,rgb,255,0,131,1,1,line,white,en,,1.1.2,
9673,de,German (Deutsch),gelb,gelb,gelb,rgb,231,255,0,1,2,line,white,en,,1.1.2,
9673,de,German (Deutsch),hellgrun,hellgrün,hellgrün,rgb,127,255,0,1,3,line,white,en,,1.1.2,
9673,de,German (Deutsch),himmelblau,himmelblau,Himmelblau,rgb,0,190,255,1,4,line,white,en,,1.1.2,
9673,de,German (Deutsch),turkis,türkis,türkis,rgb,0,255,244,1,5,line,white,en,,1.1.2,
9673,de,German (Deutsch),lilapink,lilapink,lilapink,rgb,233,0,255,1,6,line,white,en,,1.1.2,
9673,de,German (Deutsch),mitteleresdunkelblau,mitteleres dunkelblau,mitteleres dunkelblau,rgb,0,120,255,1,7,line,white,en,,1.1.2,
9673,de,German (Deutsch),magenta,magenta,magenta,rgb,255,0,105,1,8,line,white,en,,1.1.2,
9673,de,German (Deutsch),orangegelb,orangegelb,orangegelb,rgb,255,207,0,1,9,line,white,en,,1.1.2,
9673,de,German (Deutsch),mittelrot,mittelrot,mittelrot,rgb,255,0,45,1,10,line,white,en,,1.1.2,
9673,de,German (Deutsch),mittelpink,mittelpink,mittelpink,rgb,255,0,242,1,11,line,white,en,,1.1.2,
9674,de,German (Deutsch),dunkelhimmerblau,dunkelhimmerblau,Dunkelhimmerblau,rgb,0,206,255,3,0,line,white,en,,1.1.2,
9674,de,German (Deutsch),persenningblau,persenningblau,Persenningblau,rgb,0,124,255,3,2,line,white,en,,1.1.2,
9674,de,German (Deutsch),dodgerblau,dodger blau,Dodger-Blau,rgb,0,150,255,3,3,line,white,en,,1.1.2,
9674,de,German (Deutsch),grungelb,grüngelb,Grüngelb,rgb,189,255,0,3,4,line,white,en,,1.1.2,
9674,de,German (Deutsch),helleshimmelblau,helles himmelblau,Helles Himmelblau,rgb,0,199,255,3,5,line,white,en,,1.1.2,
9674,de,German (Deutsch),gold,gold,gold,rgb,255,200,0,3,6,line,white,en,,1.1.2,
9674,de,German (Deutsch),magenta,magenta,magenta,rgb,255,0,160,3,7,line,white,en,,1.1.2,
9674,de,German (Deutsch),tiefeshimmelblau,tiefes himmelblau,Tiefes Himmelblau,rgb,0,176,255,3,8,line,white,en,,1.1.2,
9674,de,German (Deutsch),limone,limone,Limone,rgb,0,255,27,3,9,line,white,en,,1.1.2,
9674,de,German (Deutsch),tiefrosa,tiefrosa,Tiefrosa,rgb,255,0,133,3,10,line,white,en,,1.1.2,
9674,de,German (Deutsch),blau,blau,blau,rgb,0,65,255,3,11,line,white,en,,1.1.2,
9673,de,German (Deutsch),dunkleshimmelblau,dunkles himmelblau,dunkles himmelblau,rgb,0,136,255,3,0,line,white,en,,1.1.2,
9673,de,German (Deutsch),blau,blau,blau,rgb,0,91,255,3,1,line,white,en,,1.1.2,
9673,de,German (Deutsch),hellesturkis,helles türkis,helles türkis,rgb,0,254,255,3,2,line,white,en,,1.1.2,
9673,de,German (Deutsch),hellesrot,helles rot,helles rot,rgb,255,0,57,3,3,line,white,en,,1.1.2,
9673,de,German (Deutsch),dunkelblau,dunkelblau,dunkelblau,rgb,0,63,255,3,4,line,white,en,,1.1.2,
9673,de,German (Deutsch),grungelb,grüngelb,grüngelb,rgb,208,255,0,3,5,line,white,en,,1.1.2,
9673,de,German (Deutsch),dunklesturkisblau,dunkles türkisblau,dunkles türkisblau,rgb,0,214,255,3,6,line,white,en,,1.1.2,
9673,de,German (Deutsch),dunkelgelb,dunkelgelb,dunkelgelb,rgb,255,236,0,3,7,line,white,en,,1.1.2,
9673,de,German (Deutsch),mittellila,mittel lila,mittel lila,rgb,199,0,255,3,8,line,white,en,,1.1.2,
9673,de,German (Deutsch),dunkelorange,dunkelorange,dunkelorange,rgb,255,94,0,3,9,line,white,en,,1.1.2,
9673,de,German (Deutsch),dunkelesorangegelb,dunkeles orangegelb,dunkeles orangegelb,rgb,255,129,0,3,10,line,white,en,,1.1.2,
9673,de,German (Deutsch),dunklespink,dunkles pink,dunkles pink,rgb,255,0,183,3,11,line,white,en,,1.1.2,
9673,de,German (Deutsch),dunklesmagenta,dunkles magenta,dunkles magenta,rgb,255,0,169,6,0,line,white,en,,1.1.2,
9673,de,German (Deutsch),grassgrun,grassgrün,grassgrün,rgb,0,255,52,6,1,line,white,en,,1.1.2,
9673,de,German (Deutsch),blassgrun,blassgrün,blassgrün,rgb,0,255,146,6,2,line,white,en,,1.1.2,
9673,de,German (Deutsch),grun,grün,grün,rgb,0,255,79,6,3,line,white,en,,1.1.2,
9673,de,German (Deutsch),orange,orange,orange,rgb,255,155,0,6,4,line,white,en,,1.1.2,
9673,de,German (Deutsch),gelbgrun,gelbgrün,gelbgrün,rgb,134,255,0,6,5,line,white,en,,1.1.2,
9673,de,German (Deutsch),mittelrot,mittelrot,mittelrot,rgb,255,36,0,6,6,line,white,en,,1.1.2,
9673,de,German (Deutsch),hellturkis,hell türkis,hell türkis,rgb,0,255,190,6,7,line,white,en,,1.1.2,
9673,de,German (Deutsch),dunkellila,dunkellila,dunkellila,rgb,122,0,255,6,8,line,white,en,,1.1.2,
9673,de,German (Deutsch),mittelturkis,mittel türkis,mittel türkis,rgb,0,255,195,6,9,line,white,en,,1.1.2,
9673,de,German (Deutsch),tiefeshimmelblau,tiefes himmelblau,tiefes himmelblau,rgb,0,112,255,6,10,line,white,en,,1.1.2,
9673,de,German (Deutsch),dunkelblau,dunkelblau,dunkelblau,rgb,47,0,255,6,11,line,white,en,,1.1.2,
9674,de,German (Deutsch),grungelb,grüngelb,Grüngelb,rgb,136,255,0,6,0,line,white,en,,1.1.2,
9674,de,German (Deutsch),orchiedee,orchiedee,Orchiedee,rgb,187,0,255,6,1,line,white,en,,1.1.2,
9674,de,German (Deutsch),rot,rot,Rot,rgb,255,0,7,6,2,line,white,en,,1.1.2,
9674,de,German (Deutsch),zyan,zyan,Zyan,rgb,0,255,235,6,3,line,white,en,,1.1.2,
9674,de,German (Deutsch),gold,gold,Gold,rgb,255,231,0,6,4,line,white,en,,1.1.2,
9674,de,German (Deutsch),dodgerblau,dodger blau,Dodger-Blau,rgb,0,107,255,6,5,line,white,en,,1.1.2,
9674,de,German (Deutsch),fuchsie,fuchsie,Fuchsie,rgb,255,0,206,6,6,line,white,en,,1.1.2,
9674,de,German (Deutsch),karmesinrot,karmesinrot,Karmesinrot,rgb,255,0,56,6,7,line,white,en,,1.1.2,
9674,de,German (Deutsch),orange,orange,Orange,rgb,255,169,0,6,8,line,white,en,,1.1.2,
9674,de,German (Deutsch),blau,blau,Blau,rgb,0,89,255,6,9,line,white,en,,1.1.2,
9674,de,German (Deutsch),mittleresfruhlingsgrun,mittleres frühlingsgrün,Mittleres Frühlingsgrün,rgb,0,255,106,6,11,line,white,en,,1.1.2,
9723,de,German (Deutsch),orange,orange,orange,rgb,255,194,0,1,0,line,white,en,,1.1.2,
9723,de,German (Deutsch),blau,blau,blau,rgb,0,138,255,1,1,line,white,en,,1.1.2,
9723,de,German (Deutsch),lime,lime,lime,rgb,202,255,0,1,2,line,white,en,,1.1.2,
9723,de,German (Deutsch),minze,minze,minze,rgb,0,255,158,1,3,line,white,en,,1.1.2,
9723,de,German (Deutsch),pink,pink,pink,rgb,255,0,96,1,4,line,white,en,,1.1.2,
9723,de,German (Deutsch),rot,rot,rot,rgb,255,0,33,1,5,line,white,en,,1.1.2,
9723,de,German (Deutsch),grun,grün,grün,rgb,83,255,0,1,6,line,white,en,,1.1.2,
9723,de,German (Deutsch),blau,blau,blau,rgb,0,48,255,1,7,line,white,en,,1.1.2,
9723,de,German (Deutsch),grun,grün,grün,rgb,0,255,123,1,8,line,white,en,,1.1.2,
9723,de,German (Deutsch),grun,grün,grün,rgb,0,255,63,1,9,line,white,en,,1.1.2,
9723,de,German (Deutsch),grun,grün,grün,rgb,0,255,110,1,10,line,white,en,,1.1.2,
9723,de,German (Deutsch),rot,rot,rot,rgb,255,0,73,1,11,line,white,en,,1.1.2,
9723,de,German (Deutsch),rot,rot,rot,rgb,255,77,0,3,1,line,white,en,,1.1.2,
9723,de,German (Deutsch),blau,blau,blau,rgb,0,90,255,3,2,line,white,en,,1.1.2,
9723,de,German (Deutsch),hellblau,hellblau,hellblau,rgb,0,222,255,3,3,line,white,en,,1.1.2,
9723,de,German (Deutsch),gelb,gelb,gelb,rgb,255,247,0,3,4,line,white,en,,1.1.2,
9723,de,German (Deutsch),turkis,türkis,türkis,rgb,0,255,216,3,5,line,white,en,,1.1.2,
9723,de,German (Deutsch),lila,lila,lila,rgb,255,0,173,3,6,line,white,en,,1.1.2,
9723,de,German (Deutsch),pink,pink,pink,rgb,255,0,139,3,7,line,white,en,,1.1.2,
9723,de,German (Deutsch),blau,blau,blau,rgb,0,162,255,3,8,line,white,en,,1.1.2,
9723,de,German (Deutsch),grun,grün,grün,rgb,133,255,0,3,9,line,white,en,,1.1.2,
9723,de,German (Deutsch),lila,lila,lila,rgb,255,0,251,3,10,line,white,en,,1.1.2,
9723,de,German (Deutsch),dunkelblau,dunkelblau,dunkelblau,rgb,60,0,255,3,11,line,white,en,,1.1.2,
9723,de,German (Deutsch),minze,minze,minze,rgb,0,255,230,6,0,line,white,en,,1.1.2,
9723,de,German (Deutsch),blau,blau,blau,rgb,0,100,255,6,1,line,white,en,,1.1.2,
9723,de,German (Deutsch),pink,pink,pink,rgb,255,0,218,6,2,line,white,en,,1.1.2,
9723,de,German (Deutsch),orange,orange,orange,rgb,255,158,0,6,3,line,white,en,,1.1.2,
9723,de,German (Deutsch),lila,lila,lila,rgb,143,0,255,6,4,line,white,en,,1.1.2,
9723,de,German (Deutsch),orange,orange,orange,rgb,255,122,0,6,5,line,white,en,,1.1.2,
9723,de,German (Deutsch),hellblau,hellblau,hellblau,rgb,0,193,255,6,6,line,white,en,,1.1.2,
9723,de,German (Deutsch),lila,lila,lila,rgb,188,0,255,6,7,line,white,en,,1.1.2,
9723,de,German (Deutsch),gelb,gelb,gelb,rgb,255,233,0,6,8,line,white,en,,1.1.2,
9723,de,German (Deutsch),orange,orange,orange,rgb,255,118,0,6,9,line,white,en,,1.1.2,
9723,de,German (Deutsch),blau,blau,blau,rgb,0,114,255,6,10,line,white,en,,1.1.2,
9723,de,German (Deutsch),pink,pink,pink,rgb,255,0,181,6,11,line,white,en,,1.1.2,
9823,de,German (Deutsch),magenta,magenta,magenta,rgb,255,0,246,1,1,line,white,en,,1.1.2,
9823,de,German (Deutsch),lila,lila,lila,rgb,198,0,255,1,2,line,white,en,,1.1.2,
9823,de,German (Deutsch),hellgrun,hellgrün,hellgrün,rgb,177,255,0,1,3,line,white,en,,1.1.2,
9823,de,German (Deutsch),magenta,magenta,magenta,rgb,255,0,223,1,4,line,white,en,,1.1.2,
9823,de,German (Deutsch),grun,grün,grün,rgb,56,255,0,1,5,line,white,en,,1.1.2,
9823,de,German (Deutsch),grun,grün,grün,rgb,0,255,14,1,6,line,white,en,,1.1.2,
9823,de,German (Deutsch),orange,orange,orange,rgb,255,166,0,1,7,line,white,en,,1.1.2,
9823,de,German (Deutsch),blau,blau,blau,rgb,0,195,255,1,8,line,white,en,,1.1.2,
9823,de,German (Deutsch),rot,rot,rot,rgb,255,0,73,1,9,line,white,en,,1.1.2,
9823,de,German (Deutsch),hellblau,hellblau,hellblau,rgb,0,246,255,1,10,line,white,en,,1.1.2,
9823,de,German (Deutsch),blau,blau,blau,rgb,0,167,255,1,11,line,white,en,,1.1.2,
9823,de,German (Deutsch),blau,blau,blau,rgb,0,141,255,3,0,line,white,en,,1.1.2,
9823,de,German (Deutsch),blau,blau,blau,rgb,0,98,255,3,1,line,white,en,,1.1.2,
9823,de,German (Deutsch),turkis,türkis,türkis,rgb,0,255,197,3,2,line,white,en,,1.1.2,
9823,de,German (Deutsch),magenta,magenta,magenta,rgb,255,0,123,3,3,line,white,en,,1.1.2,
9823,de,German (Deutsch),orange,orange,orange,rgb,255,120,0,3,4,line,white,en,,1.1.2,
9823,de,German (Deutsch),dunkelblau,dunkelblau,dunkelblau,rgb,0,55,255,3,5,line,white,en,,1.1.2,
9823,de,German (Deutsch),rot,rot,rot,rgb,255,49,0,3,6,line,white,en,,1.1.2,
9823,de,German (Deutsch),rot,rot,rot,rgb,255,0,85,3,7,line,white,en,,1.1.2,
9823,de,German (Deutsch),pink,pink,pink,rgb,255,0,178,3,8,line,white,en,,1.1.2,
9823,de,German (Deutsch),gelb,gelb,gelb,rgb,252,255,0,3,9,line,white,en,,1.1.2,
9823,de,German (Deutsch),dunkelblau,dunkelblau,dunkelblau,rgb,24,0,255,3,10,line,white,en,,1.1.2,
9823,de,German (Deutsch),dunkelblau,dunkelblau,dunkelblau,rgb,0,73,255,3,11,line,white,en,,1.1.2,
9823,de,German (Deutsch),grun,grün,grün,rgb,0,255,98,6,0,line,white,en,,1.1.2,
9823,de,German (Deutsch),orange,orange,orange,rgb,255,84,0,6,1,line,white,en,,1.1.2,
9823,de,German (Deutsch),dunkelgelb,dunkelgelb,dunkelgelb,rgb,255,214,0,6,2,line,white,en,,1.1.2,
9823,de,German (Deutsch),hellgrun,hellgrün,hellgrün,rgb,0,255,131,6,3,line,white,en,,1.1.2,
9823,de,German (Deutsch),blau,blau,blau,rgb,0,123,255,6,4,line,white,en,,1.1.2,
9823,de,German (Deutsch),hellblau,hellblau,hellblau,rgb,0,220,255,6,5,line,white,en,,1.1.2,
9823,de,German (Deutsch),gelbgrun,gelbgrün,gelbgrün,rgb,203,255,0,6,6,line,white,en,,1.1.2,
9823,de,German (Deutsch),magenta,magenta,magenta,rgb,255,0,161,6,7,line,white,en,,1.1.2,
9823,de,German (Deutsch),rot,rot,rot,rgb,255,0,19,6,8,line,white,en,,1.1.2,
9823,de,German (Deutsch),orange,orange,orange,rgb,255,189,0,6,9,line,white,en,,1.1.2,
9823,de,German (Deutsch),lila,lila,lila,rgb,139,0,255,6,10,line,white,en,,1.1.2,
10041,de,German (Deutsch),blau,blau,Blau,rgb,0,68,255,1,0,line,white,en,,1.1.2,
10041,de,German (Deutsch),pink,pink,Pink,rgb,255,0,241,1,1,line,white,en,,1.1.2,
10041,de,German (Deutsch),preussischblau,preussisch blau,Preussisch blau,rgb,0,136,255,1,2,line,white,en,,1.1.2,
10041,de,German (Deutsch),orange,orange,Orange,rgb,255,121,0,1,3,line,white,en,,1.1.2,
10041,de,German (Deutsch),pink,pink,Pink,rgb,255,0,147,1,4,line,white,en,,1.1.2,
10041,de,German (Deutsch),rot,rot,Rot,rgb,255,77,0,1,5,line,white,en,,1.1.2,
10041,de,German (Deutsch),gelb,gelb,Gelb,rgb,255,252,0,1,6,line,white,en,,1.1.2,
10041,de,German (Deutsch),turkis,türkis,Türkis,rgb,0,255,221,1,7,line,white,en,,1.1.2,
10041,de,German (Deutsch),grun,grün,Grün,rgb,0,255,129,1,8,line,white,en,,1.1.2,
10041,de,German (Deutsch),hellblau,hellblau,Hellblau,rgb,0,219,255,1,9,line,white,en,,1.1.2,
10041,de,German (Deutsch),turkis,türkis,Türkis,rgb,0,240,255,1,10,line,white,en,,1.1.2,
10041,de,German (Deutsch),blau,blau,Blau,rgb,0,133,255,1,11,line,white,en,,1.1.2,
10041,de,German (Deutsch),turkis,türkis,Türkis,rgb,0,255,254,3,0,line,white,en,,1.1.2,
10041,de,German (Deutsch),lila,lila,Lila,rgb,220,0,255,3,1,line,white,en,,1.1.2,
10041,de,German (Deutsch),blau,blau,Blau,rgb,0,44,255,3,2,line,white,en,,1.1.2,
10041,de,German (Deutsch),hellgrun,hellgrün,Hellgrün,rgb,41,255,0,3,3,line,white,en,,1.1.2,
10041,de,German (Deutsch),gelb,gelb,Gelb,rgb,255,235,0,3,4,line,white,en,,1.1.2,
10041,de,German (Deutsch),violett,violett,Violett,rgb,205,0,255,3,5,line,white,en,,1.1.2,
10041,de,German (Deutsch),rod,rod,Rod,rgb,255,0,63,3,6,line,white,en,,1.1.2,
10041,de,German (Deutsch),hellblau,hellblau,Hellblau,rgb,0,202,255,3,7,line,white,en,,1.1.2,
10041,de,German (Deutsch),rot,rot,Rot,rgb,255,0,38,3,8,line,white,en,,1.1.2,
10041,de,German (Deutsch),hellblau,hellblau,Hellblau,rgb,0,180,255,3,9,line,white,en,,1.1.2,
10041,de,German (Deutsch),gelbgrun,gelbgrün,Gelbgrün,rgb,204,255,0,3,10,line,white,en,,1.1.2,
10041,de,German (Deutsch),grun,grün,Grün,rgb,0,255,53,3,11,line,white,en,,1.1.2,
10041,de,German (Deutsch),grun,grün,Grün,rgb,0,255,164,6,0,line,white,en,,1.1.2,
10041,de,German (Deutsch),blau,blau,Blau,rgb,0,91,255,6,1,line,white,en,,1.1.2,
10041,de,German (Deutsch),pink,pink,Pink,rgb,255,0,207,6,2,line,white,en,,1.1.2,
10041,de,German (Deutsch),hellgrun,hellgrün,Hellgrün,rgb,0,255,100,6,3,line,white,en,,1.1.2,
10041,de,German (Deutsch),blau,blau,Blau,rgb,30,0,255,6,4,line,white,en,,1.1.2,
10041,de,German (Deutsch),orange,orange,Orange,rgb,255,159,0,6,5,line,white,en,,1.1.2,
10041,de,German (Deutsch),orange,orange,Orange,rgb,255,108,0,6,6,line,white,en,,1.1.2,
10041,de,German (Deutsch),gelbgrun,gelbgrün,Gelbgrün,rgb,162,255,0,6,7,line,white,en,,1.1.2,
10041,de,German (Deutsch),sand,sand,Sand,rgb,255,188,0,6,8,line,white,en,,1.1.2,
10041,de,German (Deutsch),pink,pink,Pink,rgb,255,0,118,6,9,line,white,en,,1.1.2,
10041,de,German (Deutsch),rot,rot,Rot,rgb,255,0,89,6,10,line,white,en,,1.1.2,
10041,de,German (Deutsch),violett,violett,Violett,rgb,155,0,255,6,11,line,white,en,,1.1.2,
10274,de,German (Deutsch),orange,orange,Orange,rgb,255,114,0,1,0,line,white,en,,1.1.2,
10274,de,German (Deutsch),senfgelb,senfgelb,Senfgelb,rgb,255,211,0,1,1,line,white,en,,1.1.2,
10274,de,German (Deutsch),himmelblau,himmelblau,Himmelblau,rgb,0,151,255,1,2,line,white,en,,1.1.2,
10274,de,German (Deutsch),aquamarine,aquamarine,Aquamarine,rgb,0,44,255,1,3,line,white,en,,1.1.2,
10274,de,German (Deutsch),blau,blau,Blau,rgb,0,69,255,1,4,line,white,en,,1.1.2,
10274,de,German (Deutsch),neongrun,neongrün,Neongrün,rgb,0,255,120,1,5,line,white,en,,1.1.2,
10274,de,German (Deutsch),karmesinrot,karmesinrot,Karmesinrot,rgb,255,0,72,1,6,line,white,en,,1.1.2,
10274,de,German (Deutsch),magenta,magenta,Magenta,rgb,218,0,255,1,7,line,white,en,,1.1.2,
10274,de,German (Deutsch),mint,mint,Mint,rgb,0,255,172,1,8,line,white,en,,1.1.2,
10274,de,German (Deutsch),fruhlingsgrun,frühlingsgrün,Frühlingsgrün,rgb,113,255,0,1,9,line,white,en,,1.1.2,
10274,de,German (Deutsch),limettengrun,limettengrün,Limettengrün,rgb,139,255,0,1,10,line,white,en,,1.1.2,
10274,de,German (Deutsch),zinnoberrot,zinnoberrot,Zinnoberrot,rgb,255,61,0,1,11,line,white,en,,1.1.2,
10274,de,German (Deutsch),neongrun,neongrün,Neongrün,rgb,0,255,66,3,0,line,white,en,,1.1.2,
10274,de,German (Deutsch),rot,rot,Rot,rgb,255,0,84,3,1,line,white,en,,1.1.2,
10274,de,German (Deutsch),magenta,magenta,Magenta,rgb,255,0,229,3,2,line,white,en,,1.1.2,
10274,de,German (Deutsch),pink,pink,Pink,rgb,255,0,140,3,3,line,white,en,,1.1.2,
10274,de,German (Deutsch),zinnoberrot,zinnoberrot,Zinnoberrot,rgb,255,0,10,3,4,line,white,en,,1.1.2,
10274,de,German (Deutsch),senfgelb,senfgelb,Senfgelb,rgb,255,231,0,3,5,line,white,en,,1.1.2,
10274,de,German (Deutsch),gelbgrun,gelbgrün,Gelbgrün,rgb,224,255,0,3,6,line,white,en,,1.1.2,
10274,de,German (Deutsch),blauviolett,blauviolett,Blauviolett,rgb,107,0,255,3,7,line,white,en,,1.1.2,
10274,de,German (Deutsch),violett,violett,Violett,rgb,177,0,255,3,8,line,white,en,,1.1.2,
10274,de,German (Deutsch),orange,orange,Orange,rgb,255,136,0,3,9,line,white,en,,1.1.2,
10274,de,German (Deutsch),hellblau,hellblau,Hellblau,rgb,0,191,255,3,10,line,white,en,,1.1.2,
10274,de,German (Deutsch),pink,pink,Pink,rgb,255,0,162,3,11,line,white,en,,1.1.2,
10274,de,German (Deutsch),himmelblau,himmelblau,Himmelblau,rgb,0,210,255,6,0,line,white,en,,1.1.2,
10274,de,German (Deutsch),marineblau,marineblau,Marineblau,rgb,72,0,255,6,1,line,white,en,,1.1.2,
10274,de,German (Deutsch),turkis,türkis,Türkis,rgb,0,255,231,6,2,line,white,en,,1.1.2,
10274,de,German (Deutsch),gelb,gelb,Gelb,rgb,232,255,0,6,3,line,white,en,,1.1.2,
10274,de,German (Deutsch),blau,blau,Blau,rgb,0,135,255,6,4,line,white,en,,1.1.2,
10274,de,German (Deutsch),pink,pink,Pink,rgb,255,0,205,6,5,line,white,en,,1.1.2,
10274,de,German (Deutsch),mint,mint,Mint,rgb,0,255,200,6,6,line,white,en,,1.1.2,
10274,de,German (Deutsch),orange,orange,Orange,rgb,255,160,0,6,7,line,white,en,,1.1.2,
10274,de,German (Deutsch),blau,blau,Blau,rgb,0,92,255,6,8,line,white,en,,1.1.2,
10274,de,German (Deutsch),neongrun,neongrün,Neongrün,rgb,0,255,121,6,9,line,white,en,,1.1.2,
10274,de,German (Deutsch),himmelblau,himmelblau,Himmelblau,rgb,0,178,255,6,11,line,white,en,,1.1.2,
10294,de,German (Deutsch),turkis,türkis,Türkis,rgb,0,232,255,1,0,line,white,en,,1.1.2,
10294,de,German (Deutsch),blau,blau,Blau,rgb,0,49,255,1,1,line,white,en,,1.1.2,
10294,de,German (Deutsch),lila,lila,Lila,rgb,255,0,243,1,2,line,white,en,,1.1.2,
10294,de,German (Deutsch),mintgrun,mint grün,Mint Grün,rgb,0,255,168,1,3,line,white,en,,1.1.2,
10294,de,German (Deutsch),mint,mint,Mint,rgb,0,255,155,1,4,line,white,en,,1.1.2,
10294,de,German (Deutsch),pink,pink,Pink,rgb,255,0,105,1,5,line,white,en,,1.1.2,
10294,de,German (Deutsch),hellorange,hell orange,Hell Orange,rgb,255,165,0,1,6,line,white,en,,1.1.2,
10294,de,German (Deutsch),hellblau,hellblau,Hellblau,rgb,0,185,255,1,7,line,white,en,,1.1.2,
10294,de,German (Deutsch),hellblau,hellblau,Hellblau,rgb,0,220,255,1,8,line,white,en,,1.1.2,
10294,de,German (Deutsch),grun,grün,Grün,rgb,122,255,0,1,9,line,white,en,,1.1.2,
10294,de,German (Deutsch),orange,orange,Orange,rgb,255,148,0,1,10,line,white,en,,1.1.2,
10294,de,German (Deutsch),dunkelorange,dunkel orange,Dunkel Orange,rgb,255,79,0,1,11,line,white,en,,1.1.2,
10295,de,German (Deutsch),lila,lila,Lila,rgb,179,0,255,1,0,line,white,en,,1.1.2,
10295,de,German (Deutsch),blau,blau,Blau,rgb,0,138,255,1,1,line,white,en,,1.1.2,
10295,de,German (Deutsch),turkis,türkis,Türkis,rgb,0,255,237,1,2,line,white,en,,1.1.2,
10295,de,German (Deutsch),grun,grün,Grün,rgb,175,255,0,1,3,line,white,en,,1.1.2,
10295,de,German (Deutsch),pink,pink,Pink,rgb,255,0,248,1,4,line,white,en,,1.1.2,
10295,de,German (Deutsch),grun,grün,Grün,rgb,0,255,77,1,5,line,white,en,,1.1.2,
10295,de,German (Deutsch),orange,orange,Orange,rgb,255,144,0,1,6,line,white,en,,1.1.2,
10295,de,German (Deutsch),lila,lila,Lila,rgb,157,0,255,1,7,line,white,en,,1.1.2,
10295,de,German (Deutsch),pink,pink,Pink,rgb,255,0,127,1,8,line,white,en,,1.1.2,
10295,de,German (Deutsch),rot,rot,Rot,rgb,255,0,15,1,9,line,white,en,,1.1.2,
10295,de,German (Deutsch),rot,rot,Rot,rgb,255,0,75,1,10,line,white,en,,1.1.2,
10295,de,German (Deutsch),orange,orange,Orange,rgb,255,85,0,1,11,line,white,en,,1.1.2,
10295,de,German (Deutsch),grun,grün,Grün,rgb,0,255,149,3,0,line,white,en,,1.1.2,
10295,de,German (Deutsch),blau,blau,Blau,rgb,0,106,255,3,1,line,white,en,,1.1.2,
10295,de,German (Deutsch),orange,orange,Orange,rgb,255,72,0,3,2,line,white,en,,1.1.2,
10295,de,German (Deutsch),grun,grün,Grün,rgb,198,255,0,3,3,line,white,en,,1.1.2,
10295,de,German (Deutsch),grun,grün,Grün,rgb,63,255,0,3,4,line,white,en,,1.1.2,
10295,de,German (Deutsch),gelb,gelb,Gelb,rgb,255,250,0,3,5,line,white,en,,1.1.2,
10295,de,German (Deutsch),blau,blau,Blau,rgb,0,37,255,3,6,line,white,en,,1.1.2,
10295,de,German (Deutsch),gelb,gelb,Gelb,rgb,255,234,0,3,7,line,white,en,,1.1.2,
10295,de,German (Deutsch),orange,orange,Orange,rgb,255,158,0,3,8,line,white,en,,1.1.2,
10295,de,German (Deutsch),blau,blau,Blau,rgb,0,131,255,3,9,line,white,en,,1.1.2,
10295,de,German (Deutsch),blau,blau,Blau,rgb,0,87,255,3,10,line,white,en,,1.1.2,
10295,de,German (Deutsch),pink,pink,Pink,rgb,255,0,226,3,11,line,white,en,,1.1.2,
10295,de,German (Deutsch),turkis,türkis,Türkis,rgb,0,250,255,6,0,line,white,en,,1.1.2,
10295,de,German (Deutsch),blau,blau,Blau,rgb,0,227,255,6,1,line,white,en,,1.1.2,
10295,de,German (Deutsch),grun,grün,Grün,rgb,0,255,35,6,2,line,white,en,,1.1.2,
10295,de,German (Deutsch),blau,blau,Blau,rgb,0,187,255,6,3,line,white,en,,1.1.2,
10295,de,German (Deutsch),blau,blau,Blau,rgb,0,9,255,6,4,line,white,en,,1.1.2,
10295,de,German (Deutsch),grun,grün,Grün,rgb,0,255,174,6,5,line,white,en,,1.1.2,
10295,de,German (Deutsch),blau,blau,Blau,rgb,0,163,255,6,6,line,white,en,,1.1.2,
10295,de,German (Deutsch),turkis,türkis,Türkis,rgb,0,255,219,6,7,line,white,en,,1.1.2,
10295,de,German (Deutsch),pink,pink,Pink,rgb,255,0,109,6,8,line,white,en,,1.1.2,
10295,de,German (Deutsch),pink,pink,Pink,rgb,255,0,171,6,9,line,white,en,,1.1.2,
10295,de,German (Deutsch),pink,pink,Pink,rgb,255,0,190,6,10,line,white,en,,1.1.2,
10295,de,German (Deutsch),orange,orange,Orange,rgb,255,202,0,6,11,line,white,en,,1.1.2,
10302,de,German (Deutsch),schlupferblau,schlüpferblau,schlüpferblau,rgb,0,154,255,1,0,line,white,en,,1.1.2,
10302,de,German (Deutsch),marin,marin,marin,rgb,0,64,255,1,1,line,white,en,,1.1.2,
10302,de,German (Deutsch),zitrone,zitrone,zitrone,rgb,230,255,0,1,2,line,white,en,,1.1.2,
10302,de,German (Deutsch),magenta,magenta,magenta,rgb,255,0,219,1,3,line,white,en,,1.1.2,
10302,de,German (Deutsch),pastellgrun,pastellgrün,pastellgrün,rgb,0,255,152,1,4,line,white,en,,1.1.2,
10302,de,German (Deutsch),ice,ice,ice,rgb,0,255,224,1,5,line,white,en,,1.1.2,
10302,de,German (Deutsch),turkis,türkis,türkis,rgb,0,255,168,1,6,line,white,en,,1.1.2,
10302,de,German (Deutsch),hellorange,hellorange,hellorange,rgb,255,194,0,1,7,line,white,en,,1.1.2,
10302,de,German (Deutsch),orange,orange,orange,rgb,255,153,0,1,8,line,white,en,,1.1.2,
10302,de,German (Deutsch),pink,pink,pink,rgb,255,0,132,1,9,line,white,en,,1.1.2,
10302,de,German (Deutsch),barbybullshit,barbybullshit,barbybullshit,rgb,255,0,154,1,10,line,white,en,,1.1.2,
10302,de,German (Deutsch),rot,rot,rot,rgb,255,0,34,1,11,line,white,en,,1.1.2,
10302,de,German (Deutsch),magenta,magenta,magenta,rgb,255,0,178,3,0,line,white,en,,1.1.2,
10302,de,German (Deutsch),hellblau,hellblau,hellblau,rgb,0,221,255,3,1,line,white,en,,1.1.2,
10302,de,German (Deutsch),blutorange,blutorange,blutorange,rgb,255,67,0,3,2,line,white,en,,1.1.2,
10302,de,German (Deutsch),warnschildgelb,warnschildgelb,warnschildgelb,rgb,255,253,0,3,3,line,white,en,,1.1.2,
10302,de,German (Deutsch),lila,lila,lila,rgb,120,0,255,3,4,line,white,en,,1.1.2,
10302,de,German (Deutsch),deepoceanblue,deepoceanblue,deepoceanblue,rgb,0,6,255,3,5,line,white,en,,1.1.2,
10302,de,German (Deutsch),turkis,türkis,türkis,rgb,0,255,197,3,6,line,white,en,,1.1.2,
10302,de,German (Deutsch),pfirsichrot,pfirsichrot,pfirsichrot,rgb,255,0,93,3,8,line,white,en,,1.1.2,
10302,de,German (Deutsch),gelb,gelb,gelb,rgb,255,223,0,3,9,line,white,en,,1.1.2,
10302,de,German (Deutsch),schlupferblau,schlüpferblau,schlüpferblau,rgb,0,168,255,3,10,line,white,en,,1.1.2,
10302,de,German (Deutsch),orange,orange,orange,rgb,255,146,0,3,11,line,white,en,,1.1.2,
10302,de,German (Deutsch),magenta,magenta,magenta,rgb,255,0,255,6,0,line,white,en,,1.1.2,
10302,de,German (Deutsch),griftgrun,griftgrün,griftgrün,rgb,0,255,41,6,1,line,white,en,,1.1.2,
10302,de,German (Deutsch),beruhigendesblau,beruhigendes blau,beruhigendes blau,rgb,0,114,255,6,2,line,white,en,,1.1.2,
10302,de,German (Deutsch),limonengrun,limonengrün,limonengrün,rgb,148,255,0,6,3,line,white,en,,1.1.2,
10302,de,German (Deutsch),hellturkis,helltürkis,helltürkis,rgb,0,255,119,6,4,line,white,en,,1.1.2,
10302,de,German (Deutsch),schlupferblau,schlüpferblau,schlüpferblau,rgb,0,202,255,6,5,line,white,en,,1.1.2,
10302,de,German (Deutsch),deepthink,deepthink,deepthink,rgb,0,104,255,6,6,line,white,en,,1.1.2,
10302,de,German (Deutsch),helllila,helllila,helllila,rgb,202,0,255,6,7,line,white,en,,1.1.2,
10302,de,German (Deutsch),pfirsichrot,pfirsichrot,pfirsichrot,rgb,255,0,73,6,8,line,white,en,,1.1.2,
10302,de,German (Deutsch),orange,orange,orange,rgb,255,88,0,6,9,line,white,en,,1.1.2,
10302,de,German (Deutsch),neongrun,neongrün,neongrün,rgb,67,255,0,6,10,line,white,en,,1.1.2,
10302,de,German (Deutsch),aktiviertesblau,aktiviertes blau,aktiviertes blau,rgb,0,239,255,6,11,line,white,en,,1.1.2,
10329,de,German (Deutsch),hellblau,hellblau,Hellblau,rgb,0,170,255,1,0,line,white,en,,1.1.2,
10329,de,German (Deutsch),hellgrun,hellgrün,Hellgrün,rgb,174,255,0,1,1,line,white,en,,1.1.2,
10329,de,German (Deutsch),dunkelgelbt,dunkelgelbt,Dunkelgelbt,rgb,255,208,0,1,2,line,white,en,,1.1.2,
10329,de,German (Deutsch),gelb,gelb,Gelb,rgb,255,252,0,1,3,line,white,en,,1.1.2,
10329,de,German (Deutsch),turkis,türkis,Türkis,rgb,0,255,212,1,4,line,white,en,,1.1.2,
10329,de,German (Deutsch),lila,lila,Lila,rgb,255,0,231,1,5,line,white,en,,1.1.2,
10329,de,German (Deutsch),orange,orange,Orange,rgb,255,163,0,1,6,line,white,en,,1.1.2,
10329,de,German (Deutsch),blau,blau,Blau,rgb,0,144,255,1,7,line,white,en,,1.1.2,
10329,de,German (Deutsch),hellrot,hellrot,Hellrot,rgb,255,0,27,1,8,line,white,en,,1.1.2,
10329,de,German (Deutsch),grunturkis,grün türkis,Grün-Türkis,rgb,0,255,144,1,9,line,white,en,,1.1.2,
10329,de,German (Deutsch),dunkelrot,dunkelrot,Dunkelrot,rgb,255,0,49,1,10,line,white,en,,1.1.2,
10329,de,German (Deutsch),gelb,gelb,Gelb,rgb,255,240,0,1,11,line,white,en,,1.1.2,
10329,de,German (Deutsch),neongrun,neongrün,Neongrün,rgb,0,255,81,3,0,line,white,en,,1.1.2,
10329,de,German (Deutsch),dunkelblau,dunkelblau,Dunkelblau,rgb,72,0,255,3,1,line,white,en,,1.1.2,
10329,de,German (Deutsch),lila,lila,Lila,rgb,236,0,255,3,2,line,white,en,,1.1.2,
10329,de,German (Deutsch),violett,violett,Violett,rgb,187,0,255,3,3,line,white,en,,1.1.2,
10329,de,German (Deutsch),dunkelorange,dunkelorange,Dunkelorange,rgb,255,116,0,3,4,line,white,en,,1.1.2,
10329,de,German (Deutsch),blau,blau,Blau,rgb,0,98,255,3,5,line,white,en,,1.1.2,
10329,de,German (Deutsch),hellblau,hellblau,Hellblau,rgb,0,228,255,3,6,line,white,en,,1.1.2,
10329,de,German (Deutsch),blau,blau,Blau,rgb,0,117,255,3,7,line,white,en,,1.1.2,
10329,de,German (Deutsch),turkis,türkis,Türkis,rgb,0,255,229,3,8,line,white,en,,1.1.2,
10329,de,German (Deutsch),dunkleresblau,dunkleres blau,Dunkleres Blau,rgb,0,87,255,3,9,line,white,en,,1.1.2,
10329,de,German (Deutsch),hellblau,hellblau,Hellblau,rgb,0,238,255,3,10,line,white,en,,1.1.2,
10329,de,German (Deutsch),hellgrun,hellgrün,Hellgrün,rgb,101,255,0,3,11,line,white,en,,1.1.2,
10329,de,German (Deutsch),dunkellila,dunkellila,Dunkellila,rgb,162,0,255,6,0,line,white,en,,1.1.2,
10329,de,German (Deutsch),pink,pink,Pink,rgb,255,0,209,6,1,line,white,en,,1.1.2,
10329,de,German (Deutsch),rot,rot,Rot,rgb,255,0,103,6,2,line,white,en,,1.1.2,
10329,de,German (Deutsch),rot,rot,Rot,rgb,255,54,0,6,3,line,white,en,,1.1.2,
10329,de,German (Deutsch),hellgrun,hellgrün,Hellgrün,rgb,186,255,0,6,4,line,white,en,,1.1.2,
10329,de,German (Deutsch),hellblau,hellblau,Hellblau,rgb,0,198,255,6,5,line,white,en,,1.1.2,
10329,de,German (Deutsch),lila,lila,Lila,rgb,255,0,123,6,6,line,white,en,,1.1.2,
10329,de,German (Deutsch),orange,orange,Orange,rgb,255,138,0,6,7,line,white,en,,1.1.2,
10329,de,German (Deutsch),grun,grün,Grün,rgb,0,255,8,6,8,line,white,en,,1.1.2,
10329,de,German (Deutsch),dunkelblau,dunkelblau,Dunkelblau,rgb,0,45,255,6,9,line,white,en,,1.1.2,
10329,de,German (Deutsch),lila,lila,Lila,rgb,255,0,154,6,10,line,white,en,,1.1.2,
10329,de,German (Deutsch),turkis,türkis,Türkis,rgb,0,255,174,6,11,line,white,en,,1.1.2,
10359,de,German (Deutsch),blau,blau,Blau,rgb,0,163,255,1,0,line,white,en,,1.1.2,
10359,de,German (Deutsch),rot,rot,Rot,rgb,255,71,0,1,1,line,white,en,,1.1.2,
10359,de,German (Deutsch),magenta,magenta,Magenta,rgb,232,0,255,1,2,line,white,en,,1.1.2,
10359,de,German (Deutsch),hellblau,hellblau,Hellblau,rgb,0,225,255,1,3,line,white,en,,1.1.2,
10359,de,German (Deutsch),pink,pink,Pink,rgb,255,0,152,1,4,line,white,en,,1.1.2,
10359,de,German (Deutsch),gelb,gelb,Gelb,rgb,255,242,0,1,5,line,white,en,,1.1.2,
10359,de,German (Deutsch),marineblau,marineblau,Marineblau,rgb,0,79,255,1,6,line,white,en,,1.1.2,
10359,de,German (Deutsch),turkis,türkis,Türkis,rgb,0,255,244,1,7,line,white,en,,1.1.2,
10359,de,German (Deutsch),orange,orange,Orange,rgb,255,132,0,1,8,line,white,en,,1.1.2,
10359,de,German (Deutsch),rotorange,rotorange,Rotorange,rgb,255,101,0,1,9,line,white,en,,1.1.2,
10359,de,German (Deutsch),limette,limette,Limette,rgb,193,255,0,1,10,line,white,en,,1.1.2,
10359,de,German (Deutsch),grasgrun,grasgrün,Grasgrün,rgb,0,255,150,1,11,line,white,en,,1.1.2,
10374,de,German (Deutsch),blau,blau,Blau,rgb,0,127,255,1,0,line,white,en,,1.1.2,
10374,de,German (Deutsch),orange,orange,Orange,rgb,255,92,0,1,1,line,white,en,,1.1.2,
10374,de,German (Deutsch),pink,pink,Pink,rgb,255,0,226,1,2,line,white,en,,1.1.2,
10374,de,German (Deutsch),rot,rot,Rot,rgb,255,0,77,1,3,line,white,en,,1.1.2,
10374,de,German (Deutsch),turkies,türkies,Türkies,rgb,0,218,255,1,4,line,white,en,,1.1.2,
10374,de,German (Deutsch),hellblau,hellblau,Hellblau,rgb,0,191,255,1,5,line,white,en,,1.1.2,
10374,de,German (Deutsch),hellgrun,hellgrün,Hellgrün,rgb,0,255,170,1,6,line,white,en,,1.1.2,
10374,de,German (Deutsch),grun,grün,Grün,rgb,0,255,75,1,7,line,white,en,,1.1.2,
10374,de,German (Deutsch),dunkelblau,dunkelblau,Dunkelblau,rgb,0,108,255,1,8,line,white,en,,1.1.2,
10374,de,German (Deutsch),neongrun,neongrün,Neongrün,rgb,0,255,139,1,9,line,white,en,,1.1.2,
10374,de,German (Deutsch),gelb,gelb,Gelb,rgb,255,254,0,1,10,line,white,en,,1.1.2,
10374,de,German (Deutsch),lila,lila,Lila,rgb,196,0,255,1,11,line,white,en,,1.1.2,
10374,de,German (Deutsch),pink,pink,Pink,rgb,255,0,174,3,0,line,white,en,,1.1.2,
10374,de,German (Deutsch),hellblau,hellblau,Hellblau,rgb,0,175,255,3,1,line,white,en,,1.1.2,
10374,de,German (Deutsch),orange,orange,Orange,rgb,255,159,0,3,2,line,white,en,,1.1.2,
10374,de,German (Deutsch),limette,limette,Limette,rgb,201,255,0,3,3,line,white,en,,1.1.2,
10374,de,German (Deutsch),neongrun,neongrün,Neongrün,rgb,0,255,89,3,4,line,white,en,,1.1.2,
10374,de,German (Deutsch),okker,okker,Okker,rgb,255,207,0,3,5,line,white,en,,1.1.2,
10374,de,German (Deutsch),graipfruit,graipfruit,Graipfruit,rgb,255,77,0,3,6,line,white,en,,1.1.2,
10374,de,German (Deutsch),turkies,türkies,Türkies,rgb,0,255,231,3,7,line,white,en,,1.1.2,
10374,de,German (Deutsch),pink,pink,Pink,rgb,255,0,252,3,8,line,white,en,,1.1.2,
10374,de,German (Deutsch),lachs,lachs,lachs,rgb,255,0,106,3,9,line,white,en,,1.1.2,
10374,de,German (Deutsch),turkies,türkies,Türkies,rgb,0,255,223,3,10,line,white,en,,1.1.2,
10374,de,German (Deutsch),dunkelblau,dunkelblau,Dunkelblau,rgb,0,65,255,3,11,line,white,en,,1.1.2,
10374,de,German (Deutsch),obergine,obergine,Obergine,rgb,153,0,255,6,0,line,white,en,,1.1.2,
10374,de,German (Deutsch),sonnengleb,sonnengleb,Sonnengleb,rgb,255,237,0,6,1,line,white,en,,1.1.2,
10374,de,German (Deutsch),turkies,türkies,Türkies,rgb,0,244,255,6,2,line,white,en,,1.1.2,
10374,de,German (Deutsch),limette,limette,Limette,rgb,113,255,0,6,3,line,white,en,,1.1.2,
10374,de,German (Deutsch),neongelb,neongelb,Neongelb,rgb,151,255,0,6,4,line,white,en,,1.1.2,
10374,de,German (Deutsch),neonpink,neonpink,Neonpink,rgb,255,0,202,6,5,line,white,en,,1.1.2,
10374,de,German (Deutsch),himmelsblau,himmelsblau,Himmelsblau,rgb,0,147,255,6,6,line,white,en,,1.1.2,
10374,de,German (Deutsch),blutrot,blutrot,Blutrot,rgb,255,0,28,6,7,line,white,en,,1.1.2,
10374,de,German (Deutsch),meeresblau,meeresblau,Meeresblau,rgb,0,25,255,6,8,line,white,en,,1.1.2,
10374,de,German (Deutsch),dunkelblau,dunkelblau,Dunkelblau,rgb,0,83,255,6,9,line,white,en,,1.1.2,
10374,de,German (Deutsch),graipfruit,graipfruit,Graipfruit,rgb,255,0,133,6,10,line,white,en,,1.1.2,
10374,de,German (Deutsch),okker,okker,Okker,rgb,255,135,0,6,11,line,white,en,,1.1.2,
10391,de,German (Deutsch),blau,blau,Blau,rgb,0,118,255,1,0,line,white,en,,1.1.2,
10391,de,German (Deutsch),rosa,rosa,Rosa,rgb,255,0,218,1,1,line,white,en,,1.1.2,
10391,de,German (Deutsch),gelb,gelb,Gelb,rgb,255,217,0,1,2,line,white,en,,1.1.2,
10391,de,German (Deutsch),blau,blau,Blau,rgb,0,58,255,1,3,line,white,en,,1.1.2,
10391,de,German (Deutsch),blau,blau,Blau,rgb,0,255,227,1,4,line,white,en,,1.1.2,
10391,de,German (Deutsch),gelb,gelb,Gelb,rgb,231,255,0,1,5,line,white,en,,1.1.2,
10391,de,German (Deutsch),gelb,gelb,Gelb,rgb,255,208,0,1,6,line,white,en,,1.1.2,
10391,de,German (Deutsch),rosa,rosa,Rosa,rgb,255,0,153,1,7,line,white,en,,1.1.2,
10391,de,German (Deutsch),blau,blau,Blau,rgb,0,136,255,1,8,line,white,en,,1.1.2,
10391,de,German (Deutsch),blau,blau,Blau,rgb,73,0,255,1,9,line,white,en,,1.1.2,
10391,de,German (Deutsch),blau,blau,Blau,rgb,0,233,255,1,10,line,white,en,,1.1.2,
10391,de,German (Deutsch),blau,blau,Blau,rgb,0,163,255,1,11,line,white,en,,1.1.2,
10391,de,German (Deutsch),lila,lila,Lila,rgb,149,0,255,3,0,line,white,en,,1.1.2,
10391,de,German (Deutsch),blau,blau,Blau,rgb,0,208,255,3,1,line,white,en,,1.1.2,
10391,de,German (Deutsch),blau,blau,Blau,rgb,0,182,255,3,2,line,white,en,,1.1.2,
10391,de,German (Deutsch),rosa,rosa,Rosa,rgb,238,0,255,3,3,line,white,en,,1.1.2,
10391,de,German (Deutsch),grun,grün,Grün,rgb,178,255,0,3,4,line,white,en,,1.1.2,
10391,de,German (Deutsch),blau,blau,Blau,rgb,0,76,255,3,5,line,white,en,,1.1.2,
10391,de,German (Deutsch),grun,grün,Grün,rgb,194,255,0,3,6,line,white,en,,1.1.2,
10391,de,German (Deutsch),rot,rot,Rot,rgb,255,0,12,3,7,line,white,en,,1.1.2,
10391,de,German (Deutsch),grun,grün,Grün,rgb,0,255,108,3,8,line,white,en,,1.1.2,
10391,de,German (Deutsch),orange,orange,Orange,rgb,255,72,0,3,9,line,white,en,,1.1.2,
10391,de,German (Deutsch),rosa,rosa,Rosa,rgb,255,0,115,3,10,line,white,en,,1.1.2,
10391,de,German (Deutsch),lila,lila,Lila,rgb,210,0,255,3,11,line,white,en,,1.1.2,
10391,de,German (Deutsch),orange,orange,Orange,rgb,255,155,0,6,0,line,white,en,,1.1.2,
10391,de,German (Deutsch),rot,rot,Rot,rgb,255,0,85,6,1,line,white,en,,1.1.2,
10391,de,German (Deutsch),rot,rot,Rot,rgb,255,0,74,6,2,line,white,en,,1.1.2,
10391,de,German (Deutsch),orange,orange,Orange,rgb,255,147,0,6,3,line,white,en,,1.1.2,
10391,de,German (Deutsch),grun,grün,Grün,rgb,0,255,154,6,4,line,white,en,,1.1.2,
10391,de,German (Deutsch),orange,orange,Orange,rgb,255,93,0,6,5,line,white,en,,1.1.2,
10391,de,German (Deutsch),grun,grün,Grün,rgb,0,255,61,6,6,line,white,en,,1.1.2,
10391,de,German (Deutsch),turkis,türkis,Türkis,rgb,0,255,200,6,7,line,white,en,,1.1.2,
10391,de,German (Deutsch),rosa,rosa,Rosa,rgb,255,0,205,6,8,line,white,en,,1.1.2,
10391,de,German (Deutsch),grun,grün,Grün,rgb,65,255,0,6,9,line,white,en,,1.1.2,
10391,de,German (Deutsch),blau,blau,Blau,rgb,0,96,255,6,10,line,white,en,,1.1.2,
10391,de,German (Deutsch),grun,grün,Grün,rgb,0,255,159,6,11,line,white,en,,1.1.2,
10565,de,German (Deutsch),neongrun,neongrün,neongrün,rgb,201,255,0,1,0,line,white,en,,1.1.2,
10565,de,German (Deutsch),hellblau,hellblau,hellblau,rgb,0,204,255,1,2,line,white,en,,1.1.2,
10565,de,German (Deutsch),dunkelblau,dunkelblau,dunkelblau,rgb,0,65,255,1,3,line,white,en,,1.1.2,
10565,de,German (Deutsch),blau,blau,blau,rgb,0,134,255,1,4,line,white,en,,1.1.2,
10565,de,German (Deutsch),hellgrun,hellgrün,hellgrün,rgb,55,255,0,1,5,line,white,en,,1.1.2,
10565,de,German (Deutsch),magenta,magenta,magenta,rgb,255,0,159,1,6,line,white,en,,1.1.2,
10565,de,German (Deutsch),orange,orange,orange,rgb,255,198,0,1,7,line,white,en,,1.1.2,
10565,de,German (Deutsch),mittelblau,mittelblau,mittelblau,rgb,0,79,255,1,8,line,white,en,,1.1.2,
10565,de,German (Deutsch),dunkelblau,dunkelblau,dunkelblau,rgb,23,0,255,1,9,line,white,en,,1.1.2,
10565,de,German (Deutsch),lila,lila,lila,rgb,255,0,237,1,10,line,white,en,,1.1.2,
10565,de,German (Deutsch),grunblau,grünblau,grünblau,rgb,0,255,174,1,11,line,white,en,,1.1.2,
10565,de,German (Deutsch),hellblau,hellblau,hellblau,rgb,0,245,255,3,0,line,white,en,,1.1.2,
10565,de,German (Deutsch),magenta,magenta,magenta,rgb,255,0,102,3,1,line,white,en,,1.1.2,
10565,de,German (Deutsch),lila,lila,lila,rgb,200,0,255,3,2,line,white,en,,1.1.2,
10565,de,German (Deutsch),gelb,gelb,gelb,rgb,255,252,0,3,3,line,white,en,,1.1.2,
10565,de,German (Deutsch),hellblau,hellblau,hellblau,rgb,0,255,250,3,4,line,white,en,,1.1.2,
10565,de,German (Deutsch),blaulila,blaulila,blaulila,rgb,133,0,255,3,5,line,white,en,,1.1.2,
10565,de,German (Deutsch),lila,lila,lila,rgb,218,0,255,3,6,line,white,en,,1.1.2,
10565,de,German (Deutsch),hellgrun,hellgrün,hellgrün,rgb,0,255,107,3,7,line,white,en,,1.1.2,
10565,de,German (Deutsch),rotorange,rotorange,rotorange,rgb,255,85,0,3,8,line,white,en,,1.1.2,
10565,de,German (Deutsch),dunkelorange,dunkelorange,dunkelorange,rgb,255,147,0,3,9,line,white,en,,1.1.2,
10565,de,German (Deutsch),rot,rot,rot,rgb,255,45,0,3,10,line,white,en,,1.1.2,
10565,de,German (Deutsch),orange,orange,orange,rgb,255,179,0,3,11,line,white,en,,1.1.2,
10565,de,German (Deutsch),blau,blau,blau,rgb,0,165,255,6,0,line,white,en,,1.1.2,
10565,de,German (Deutsch),rot,rot,rot,rgb,255,0,78,6,1,line,white,en,,1.1.2,
10565,de,German (Deutsch),magenta,magenta,magenta,rgb,255,0,129,6,2,line,white,en,,1.1.2,
10565,de,German (Deutsch),rot,rot,rot,rgb,255,0,46,6,3,line,white,en,,1.1.2,
10565,de,German (Deutsch),hellblau,hellblau,hellblau,rgb,0,209,255,6,4,line,white,en,,1.1.2,
10565,de,German (Deutsch),sonnengelb,sonnengelb,sonnengelb,rgb,255,214,0,6,5,line,white,en,,1.1.2,
10565,de,German (Deutsch),grun,grün,grün,rgb,0,255,30,6,6,line,white,en,,1.1.2,
10565,de,German (Deutsch),blau,blau,blau,rgb,0,158,255,6,7,line,white,en,,1.1.2,
10565,de,German (Deutsch),magenta,magenta,magenta,rgb,255,0,208,6,8,line,white,en,,1.1.2,
10565,de,German (Deutsch),blaugrun,blaugrün,blaugrün,rgb,0,255,149,6,9,line,white,en,,1.1.2,
10565,de,German (Deutsch),neongrun,neongrün,neongrün,rgb,164,255,0,6,10,line,white,en,,1.1.2,
10565,de,German (Deutsch),mittelblau,mittelblau,mittelblau,rgb,0,112,255,6,11,line,white,en,,1.1.2,
10567,de,German (Deutsch),pink,pink,pink,rgb,255,0,211,1,1,line,white,en,,1.1.2,
10567,de,German (Deutsch),hellblau,hellblau,hellblau,rgb,0,198,255,1,2,line,white,en,,1.1.2,
10567,de,German (Deutsch),gelb,gelb,gelb,rgb,255,226,0,1,3,line,white,en,,1.1.2,
10567,de,German (Deutsch),blau,blau,blau,rgb,0,97,255,1,4,line,white,en,,1.1.2,
10567,de,German (Deutsch),blau,blau,blau,rgb,0,137,255,1,5,line,white,en,,1.1.2,
10567,de,German (Deutsch),orange,orange,orange,rgb,255,194,0,1,6,line,white,en,,1.1.2,
10567,de,German (Deutsch),grun,grün,grün,rgb,0,255,127,1,7,line,white,en,,1.1.2,
10567,de,German (Deutsch),blau,blau,blau,rgb,0,174,255,1,8,line,white,en,,1.1.2,
10567,de,German (Deutsch),lime,lime,lime,rgb,179,255,0,1,9,line,white,en,,1.1.2,
10567,de,German (Deutsch),pink,pink,pink,rgb,255,0,246,1,10,line,white,en,,1.1.2,
10567,de,German (Deutsch),dunkelblau,dunkelblau,dunkelblau,rgb,26,0,255,1,11,line,white,en,,1.1.2,
10567,de,German (Deutsch),blau,blau,blau,rgb,0,75,255,3,0,line,white,en,,1.1.2,
10567,de,German (Deutsch),zitronengelb,zitronengelb,zitronengelb,rgb,223,255,0,3,1,line,white,en,,1.1.2,
10567,de,German (Deutsch),orange,orange,orange,rgb,255,142,0,3,2,line,white,en,,1.1.2,
10567,de,German (Deutsch),rot,rot,rot,rgb,255,52,0,3,3,line,white,en,,1.1.2,
10567,de,German (Deutsch),roz,roz,roz,rgb,255,0,25,3,4,line,white,en,,1.1.2,
10567,de,German (Deutsch),koralle,koralle,koralle,rgb,255,0,85,3,5,line,white,en,,1.1.2,
10567,de,German (Deutsch),grun,grün,grün,rgb,0,255,70,3,7,line,white,en,,1.1.2,
10567,de,German (Deutsch),pink,pink,pink,rgb,255,0,188,3,8,line,white,en,,1.1.2,
10567,de,German (Deutsch),grun,grün,grün,rgb,89,255,0,3,9,line,white,en,,1.1.2,
10567,de,German (Deutsch),lila,lila,lila,rgb,119,0,255,3,10,line,white,en,,1.1.2,
10567,de,German (Deutsch),rosarot,rosarot,rosarot,rgb,255,0,115,3,11,line,white,en,,1.1.2,
10567,de,German (Deutsch),turkis,türkis,türkis,rgb,0,245,255,6,0,line,white,en,,1.1.2,
10567,de,German (Deutsch),lila,lila,lila,rgb,208,0,255,6,1,line,white,en,,1.1.2,
10567,de,German (Deutsch),blau,blau,blau,rgb,0,136,255,6,2,line,white,en,,1.1.2,
10567,de,German (Deutsch),orange,orange,orange,rgb,255,104,0,6,3,line,white,en,,1.1.2,
10567,de,German (Deutsch),hellblau,hellblau,hellblau,rgb,0,229,255,6,4,line,white,en,,1.1.2,
10567,de,German (Deutsch),pink,pink,pink,rgb,255,0,159,6,6,line,white,en,,1.1.2,
10567,de,German (Deutsch),grun,grün,grün,rgb,0,255,119,6,7,line,white,en,,1.1.2,
10567,de,German (Deutsch),gelb,gelb,gelb,rgb,255,254,0,6,8,line,white,en,,1.1.2,
10567,de,German (Deutsch),blau,blau,blau,rgb,0,40,255,6,9,line,white,en,,1.1.2,
10567,de,German (Deutsch),okker,okker,okker,rgb,255,168,0,6,10,line,white,en,,1.1.2,
10567,de,German (Deutsch),rot,rot,rot,rgb,255,0,63,6,11,line,white,en,,1.1.2,
10639,de,German (Deutsch),orange,orange,orange,rgb,255,155,0,1,0,line,white,en,,1.1.2,
10639,de,German (Deutsch),grun,grün,grün,rgb,0,255,82,1,1,line,white,en,,1.1.2,
10639,de,German (Deutsch),blau,blau,blau,rgb,0,83,255,1,2,line,white,en,,1.1.2,
10639,de,German (Deutsch),grun,grün,grün,rgb,0,255,148,1,3,line,white,en,,1.1.2,
10639,de,German (Deutsch),pink,pink,pink,rgb,255,0,237,1,4,line,white,en,,1.1.2,
10639,de,German (Deutsch),blau,blau,blau,rgb,0,171,255,1,5,line,white,en,,1.1.2,
10639,de,German (Deutsch),gelb,gelb,gelb,rgb,232,255,0,1,6,line,white,en,,1.1.2,
10639,de,German (Deutsch),rot,rot,rot,rgb,255,11,0,1,7,line,white,en,,1.1.2,
10639,de,German (Deutsch),orange,orange,orange,rgb,255,149,0,1,8,line,white,en,,1.1.2,
10639,de,German (Deutsch),grun,grün,grün,rgb,0,255,31,1,9,line,white,en,,1.1.2,
10639,de,German (Deutsch),lila,lila,lila,rgb,156,0,255,1,10,line,white,en,,1.1.2,
10639,de,German (Deutsch),lila,lila,lila,rgb,202,0,255,1,11,line,white,en,,1.1.2,
10639,de,German (Deutsch),pink,pink,pink,rgb,255,0,175,3,0,line,white,en,,1.1.2,
10639,de,German (Deutsch),gelb,gelb,gelb,rgb,255,214,0,3,1,line,white,en,,1.1.2,
10639,de,German (Deutsch),turkis,türkis,türkis,rgb,0,243,255,3,2,line,white,en,,1.1.2,
10639,de,German (Deutsch),blau,blau,blau,rgb,0,225,255,3,3,line,white,en,,1.1.2,
10639,de,German (Deutsch),turkis,türkis,türkis,rgb,0,255,224,3,4,line,white,en,,1.1.2,
10639,de,German (Deutsch),pink,pink,pink,rgb,236,0,255,3,5,line,white,en,,1.1.2,
10639,de,German (Deutsch),blau,blau,blau,rgb,0,155,255,3,6,line,white,en,,1.1.2,
10639,de,German (Deutsch),grun,grün,grün,rgb,0,255,168,3,7,line,white,en,,1.1.2,
10639,de,German (Deutsch),orange,orange,orange,rgb,255,118,0,3,8,line,white,en,,1.1.2,
10639,de,German (Deutsch),grun,grün,grün,rgb,113,255,0,3,9,line,white,en,,1.1.2,
10639,de,German (Deutsch),pink,pink,Pink,rgb,255,0,130,3,10,line,white,en,,1.1.2,
10639,de,German (Deutsch),rot,rot,rot,rgb,255,0,93,3,11,line,white,en,,1.1.2,
10639,de,German (Deutsch),blau,blau,blau,rgb,0,50,255,6,0,line,white,en,,1.1.2,
10639,de,German (Deutsch),grun,grün,grün,rgb,195,255,0,6,1,line,white,en,,1.1.2,
10639,de,German (Deutsch),pink,pink,pink,rgb,255,0,207,6,2,line,white,en,,1.1.2,
10639,de,German (Deutsch),blau,blau,blau,rgb,0,191,255,6,3,line,white,en,,1.1.2,
10639,de,German (Deutsch),rot,rot,rot,rgb,255,0,55,6,4,line,white,en,,1.1.2,
10639,de,German (Deutsch),gelb,gelb,gelb,rgb,255,208,0,6,5,line,white,en,,1.1.2,
10639,de,German (Deutsch),turkis,türkis,türkis,rgb,0,255,211,6,6,line,white,en,,1.1.2,
10639,de,German (Deutsch),blau,blau,blau,rgb,63,0,255,6,7,line,white,en,,1.1.2,
10639,de,German (Deutsch),blau,blau,blau,rgb,0,122,255,6,8,line,white,en,,1.1.2,
10639,de,German (Deutsch),rot,rot,rot,rgb,255,0,22,6,9,line,white,en,,1.1.2,
10639,de,German (Deutsch),blau,blau,blau,rgb,0,95,255,6,10,line,white,en,,1.1.2,
10639,de,German (Deutsch),grun,grün,grün,rgb,183,255,0,6,11,line,white,en,,1.1.2,
10747,de,German (Deutsch),giftgrun,giftgrün,Giftgrün,rgb,23,255,0,1,0,line,white,en,,1.1.2,
10747,de,German (Deutsch),himmelblau,himmelblau,Himmelblau,rgb,0,232,255,1,1,line,white,en,,1.1.2,
10747,de,German (Deutsch),lila,lila,Lila,rgb,183,0,255,1,2,line,white,en,,1.1.2,
10747,de,German (Deutsch),blau,blau,Blau,rgb,0,171,255,1,3,line,white,en,,1.1.2,
10747,de,German (Deutsch),blaugrun,blaugrün,Blaugrün,rgb,0,255,167,1,4,line,white,en,,1.1.2,
10747,de,German (Deutsch),dunkelpink,dunkelpink,Dunkelpink,rgb,255,0,175,1,5,line,white,en,,1.1.2,
10747,de,German (Deutsch),senfgelb,senfgelb,Senfgelb,rgb,255,225,0,1,6,line,white,en,,1.1.2,
10747,de,German (Deutsch),dunkelblau,dunkelblau,Dunkelblau,rgb,0,85,255,1,7,line,white,en,,1.1.2,
10747,de,German (Deutsch),grasgrun,grasgrün,Grasgrün,rgb,107,255,0,1,8,line,white,en,,1.1.2,
10747,de,German (Deutsch),mint,mint,Mint,rgb,0,255,222,1,9,line,white,en,,1.1.2,
10747,de,German (Deutsch),pink,pink,Pink,rgb,255,0,137,1,10,line,white,en,,1.1.2,
10747,de,German (Deutsch),orange,orange,Orange,rgb,255,124,0,1,11,line,white,en,,1.1.2,
10747,de,German (Deutsch),mint,mint,Mint,rgb,0,255,224,3,0,line,white,en,,1.1.2,
10747,de,German (Deutsch),gelbgrun,gelbgrün,Gelbgrün,rgb,138,255,0,3,1,line,white,en,,1.1.2,
10747,de,German (Deutsch),blaulila,blaulila,BlauLila,rgb,0,147,255,3,2,line,white,en,,1.1.2,
10747,de,German (Deutsch),rot,rot,Rot,rgb,255,0,58,3,3,line,white,en,,1.1.2,
10747,de,German (Deutsch),blaugrau,blaugrau,Blaugrau,rgb,0,201,255,3,4,line,white,en,,1.1.2,
10747,de,German (Deutsch),rot,rot,Rot,rgb,255,37,0,3,5,line,white,en,,1.1.2,
10747,de,German (Deutsch),dunkelorange,dunkelorange,Dunkelorange,rgb,255,174,0,3,6,line,white,en,,1.1.2,
10747,de,German (Deutsch),grasgrun,grasgrün,Grasgrün,rgb,0,255,80,3,7,line,white,en,,1.1.2,
10747,de,German (Deutsch),himmelblau,himmelblau,Himmelblau,rgb,0,212,255,3,8,line,white,en,,1.1.2,
10747,de,German (Deutsch),grun,grün,Grün,rgb,0,255,131,3,9,line,white,en,,1.1.2,
10747,de,German (Deutsch),dunkelblau,dunkelblau,Dunkelblau,rgb,0,54,255,3,10,line,white,en,,1.1.2,
10747,de,German (Deutsch),blau,blau,Blau,rgb,0,110,255,3,11,line,white,en,,1.1.2,
10747,de,German (Deutsch),rot,rot,Rot,rgb,255,0,22,6,0,line,white,en,,1.1.2,
10747,de,German (Deutsch),blau,blau,Blau,rgb,0,119,255,6,1,line,white,en,,1.1.2,
10747,de,German (Deutsch),lila,lila,Lila,rgb,243,0,255,6,2,line,white,en,,1.1.2,
10747,de,German (Deutsch),dunkelrot,dunkelrot,Dunkelrot,rgb,255,0,90,6,3,line,white,en,,1.1.2,
10747,de,German (Deutsch),gelbgrun,gelbgrün,Gelbgrün,rgb,186,255,0,6,4,line,white,en,,1.1.2,
10747,de,German (Deutsch),roalila,roa lila,Roa-Lila,rgb,255,0,241,6,5,line,white,en,,1.1.2,
10747,de,German (Deutsch),senfgelb,senfgelb,Senfgelb,rgb,255,207,0,6,6,line,white,en,,1.1.2,
10747,de,German (Deutsch),sonnenblumengelb,sonnenblumengelb,Sonnenblumengelb,rgb,255,246,0,6,7,line,white,en,,1.1.2,
10747,de,German (Deutsch),dunkellia,dunkellia,Dunkellia,rgb,150,0,255,6,8,line,white,en,,1.1.2,
10747,de,German (Deutsch),pink,pink,Pink,rgb,255,0,185,6,9,line,white,en,,1.1.2,
10747,de,German (Deutsch),dunkelblau,dunkelblau,Dunkelblau,rgb,0,19,255,6,10,line,white,en,,1.1.2,
10747,de,German (Deutsch),orange,orange,Orange,rgb,255,81,0,6,11,line,white,en,,1.1.2,
10762,de,German (Deutsch),blau,blau,Blau,rgb,0,127,255,1,0,line,white,en,,1.1.2,
10762,de,German (Deutsch),orange,orange,Orange,rgb,255,110,0,1,1,line,white,en,,1.1.2,
10762,de,German (Deutsch),lila,lila,Lila,rgb,106,0,255,1,2,line,white,en,,1.1.2,
10762,de,German (Deutsch),hellblau,hellblau,Hellblau,rgb,0,174,255,1,3,line,white,en,,1.1.2,
10762,de,German (Deutsch),hellblau,hellblau,Hellblau,rgb,0,235,255,1,4,line,white,en,,1.1.2,
10762,de,German (Deutsch),grun,grün,Grün,rgb,0,255,42,1,5,line,white,en,,1.1.2,
10762,de,German (Deutsch),rot,rot,Rot,rgb,255,0,30,1,6,line,white,en,,1.1.2,
10762,de,German (Deutsch),blau,blau,Blau,rgb,0,145,255,1,7,line,white,en,,1.1.2,
10762,de,German (Deutsch),rot,rot,Rot,rgb,255,0,59,1,8,line,white,en,,1.1.2,
10762,de,German (Deutsch),blau,blau,Blau,rgb,0,195,255,1,9,line,white,en,,1.1.2,
10762,de,German (Deutsch),grun,grün,Grün,rgb,111,255,0,1,10,line,white,en,,1.1.2,
10762,de,German (Deutsch),blau,blau,Blau,rgb,0,97,255,1,11,line,white,en,,1.1.2,
10762,de,German (Deutsch),gelb,gelb,Gelb,rgb,255,205,0,3,0,line,white,en,,1.1.2,
10762,de,German (Deutsch),pink,pink,Pink,rgb,249,0,255,3,1,line,white,en,,1.1.2,
10762,de,German (Deutsch),orange,orange,Orange,rgb,255,134,0,3,2,line,white,en,,1.1.2,
10762,de,German (Deutsch),blau,blau,Blau,rgb,0,57,255,3,3,line,white,en,,1.1.2,
10762,de,German (Deutsch),rot,rot,Rot,rgb,255,37,0,3,4,line,white,en,,1.1.2,
10762,de,German (Deutsch),rosa,rosa,Rosa,rgb,255,0,106,3,5,line,white,en,,1.1.2,
10762,de,German (Deutsch),pink,pink,Pink,rgb,255,0,141,3,6,line,white,en,,1.1.2,
10762,de,German (Deutsch),gelb,gelb,Gelb,rgb,255,227,0,3,7,line,white,en,,1.1.2,
10762,de,German (Deutsch),grun,grün,Grün,rgb,0,255,119,3,8,line,white,en,,1.1.2,
10762,de,German (Deutsch),lila,lila,Lila,rgb,205,0,255,3,9,line,white,en,,1.1.2,
10762,de,German (Deutsch),turkis,türkis,Türkis,rgb,0,255,176,3,10,line,white,en,,1.1.2,
10762,de,German (Deutsch),turkis,türkis,Türkis,rgb,0,255,213,3,11,line,white,en,,1.1.2,
10762,de,German (Deutsch),grun,grün,Grün,rgb,207,255,0,6,0,line,white,en,,1.1.2,
10762,de,German (Deutsch),turkis,türkis,Türkis,rgb,0,255,155,6,1,line,white,en,,1.1.2,
10762,de,German (Deutsch),gelb,gelb,Gelb,rgb,255,246,0,6,2,line,white,en,,1.1.2,
10762,de,German (Deutsch),blau,blau,Blau,rgb,0,219,255,6,3,line,white,en,,1.1.2,
10762,de,German (Deutsch),blau,blau,Blau,rgb,28,0,255,6,4,line,white,en,,1.1.2,
10762,de,German (Deutsch),blau,blau,Blau,rgb,0,74,255,6,5,line,white,en,,1.1.2,
10762,de,German (Deutsch),grun,grün,Grün,rgb,178,255,0,6,6,line,white,en,,1.1.2,
10762,de,German (Deutsch),rosa,rosa,Rosa,rgb,255,0,162,6,7,line,white,en,,1.1.2,
10762,de,German (Deutsch),hellblau,hellblau,Hellblau,rgb,0,255,253,6,8,line,white,en,,1.1.2,
10762,de,German (Deutsch),rosa,rosa,Rosa,rgb,255,0,233,6,9,line,white,en,,1.1.2,
10762,de,German (Deutsch),rosa,rosa,Rosa,rgb,255,0,201,6,10,line,white,en,,1.1.2,
10762,de,German (Deutsch),orange,orange,Orange,rgb,255,182,0,6,11,line,white,en,,1.1.2,
10793,de,German (Deutsch),rosa,rosa,Rosa,rgb,255,0,142,1,0,line,white,en,,1.1.2,
10793,de,German (Deutsch),rot,rot,Rot,rgb,255,0,26,1,3,line,white,en,,1.1.2,
10793,de,German (Deutsch),hellgrun,hellgrün,Hellgrün,rgb,0,255,128,1,4,line,white,en,,1.1.2,
10793,de,German (Deutsch),pink,pink,Pink,rgb,255,0,214,1,5,line,white,en,,1.1.2,
10793,de,German (Deutsch),turkis,türkis,Türkis,rgb,0,247,255,1,6,line,white,en,,1.1.2,
10793,de,German (Deutsch),hellgrun,hellgrün,Hellgrün,rgb,0,255,84,1,7,line,white,en,,1.1.2,
10793,de,German (Deutsch),bordeaux,bordeaux,Bordeaux,rgb,255,0,74,1,8,line,white,en,,1.1.2,
10793,de,German (Deutsch),turkis,türkis,Türkis,rgb,0,255,229,1,9,line,white,en,,1.1.2,
10793,de,German (Deutsch),lila,lila,Lila,rgb,134,0,255,1,10,line,white,en,,1.1.2,
10793,de,German (Deutsch),blau,blau,Blau,rgb,0,73,255,1,11,line,white,en,,1.1.2,
10793,de,German (Deutsch),neongrun,neongrün,Neongrün,rgb,68,255,0,3,0,line,white,en,,1.1.2,
10793,de,German (Deutsch),rosa,rosa,Rosa,rgb,255,0,94,3,1,line,white,en,,1.1.2,
10793,de,German (Deutsch),hellblau,hellblau,Hellblau,rgb,0,149,255,3,2,line,white,en,,1.1.2,
10793,de,German (Deutsch),turkis,türkis,Türkis,rgb,0,227,255,3,3,line,white,en,,1.1.2,
10793,de,German (Deutsch),hellgelb,hellgelb,Hellgelb,rgb,197,255,0,3,4,line,white,en,,1.1.2,
10793,de,German (Deutsch),helllila,helllila,Helllila,rgb,225,0,255,3,5,line,white,en,,1.1.2,
10793,de,German (Deutsch),gelb,gelb,Gelb,rgb,241,255,0,3,6,line,white,en,,1.1.2,
10793,de,German (Deutsch),lila,lila,Lila,rgb,190,0,255,3,7,line,white,en,,1.1.2,
10793,de,German (Deutsch),dunkelblau,dunkelblau,Dunkelblau,rgb,0,12,255,3,8,line,white,en,,1.1.2,
10793,de,German (Deutsch),orange,orange,Orange,rgb,255,92,0,3,9,line,white,en,,1.1.2,
10793,de,German (Deutsch),blau,blau,Blau,rgb,0,38,255,3,10,line,white,en,,1.1.2,
10793,de,German (Deutsch),pink,pink,Pink,rgb,255,0,167,3,11,line,white,en,,1.1.2,
10793,de,German (Deutsch),gelb,gelb,Gelb,rgb,255,225,0,6,0,line,white,en,,1.1.2,
10793,de,German (Deutsch),rot,rot,Rot,rgb,255,16,0,6,1,line,white,en,,1.1.2,
10793,de,German (Deutsch),neongrun,neongrün,Neongrün,rgb,0,255,76,6,2,line,white,en,,1.1.2,
10793,de,German (Deutsch),blau,blau,Blau,rgb,0,105,255,6,3,line,white,en,,1.1.2,
10793,de,German (Deutsch),dunkelorange,dunkelorange,Dunkelorange,rgb,255,145,0,6,4,line,white,en,,1.1.2,
10793,de,German (Deutsch),hellturkis,helltürkis,Helltürkis,rgb,0,255,162,6,5,line,white,en,,1.1.2,
10793,de,German (Deutsch),turkis,türkis,Türkis,rgb,0,255,210,6,6,line,white,en,,1.1.2,
10793,de,German (Deutsch),hellblau,hellblau,Hellblau,rgb,0,160,255,6,7,line,white,en,,1.1.2,
10793,de,German (Deutsch),orange,orange,Orange,rgb,255,184,0,6,8,line,white,en,,1.1.2,
10793,de,German (Deutsch),orange,orange,Orange,rgb,255,179,0,6,9,line,white,en,,1.1.2,
10793,de,German (Deutsch),hellgrun,hellgrün,Hellgrün,rgb,185,255,0,6,10,line,white,en,,1.1.2,
10793,de,German (Deutsch),rosa,rosa,Rosa,rgb,255,0,183,6,11,line,white,en,,1.1.2,
10832,de,German (Deutsch),lila,lila,lila,rgb,255,0,230,1,0,line,white,en,,1.1.2,
10832,de,German (Deutsch),rosa,rosa,rosa,rgb,255,0,108,1,1,line,white,en,,1.1.2,
10832,de,German (Deutsch),gelb,gelb,gelb,rgb,255,181,0,1,2,line,white,en,,1.1.2,
10832,de,German (Deutsch),hellblau,hellblau,hellblau,rgb,0,205,255,1,3,line,white,en,,1.1.2,
10832,de,German (Deutsch),grun,grün,grün,rgb,0,255,115,1,4,line,white,en,,1.1.2,
10832,de,German (Deutsch),rot,rot,rot,rgb,255,0,51,1,5,line,white,en,,1.1.2,
10832,de,German (Deutsch),giftgrun,giftgrün,giftgrün,rgb,0,255,73,1,6,line,white,en,,1.1.2,
10832,de,German (Deutsch),hellblau,hellblau,hellblau,rgb,0,190,255,1,7,line,white,en,,1.1.2,
10832,de,German (Deutsch),blau,blau,blau,rgb,0,164,255,1,8,line,white,en,,1.1.2,
10832,de,German (Deutsch),pink,pink,pink,rgb,255,0,121,1,9,line,white,en,,1.1.2,
10832,de,German (Deutsch),hellrot,hellrot,hellrot,rgb,255,0,10,1,10,line,white,en,,1.1.2,
10832,de,German (Deutsch),dunkelblau,dunkelblau,dunkelblau,rgb,0,144,255,1,11,line,white,en,,1.1.2,
10832,de,German (Deutsch),pink,pink,pink,rgb,255,0,160,3,0,line,white,en,,1.1.2,
10832,de,German (Deutsch),hellblau,hellblau,hellblau,rgb,0,242,255,3,1,line,white,en,,1.1.2,
10832,de,German (Deutsch),rot,rot,rot,rgb,255,36,0,3,2,line,white,en,,1.1.2,
10832,de,German (Deutsch),dunkelblau,dunkelblau,dunkelblau,rgb,0,29,255,3,3,line,white,en,,1.1.2,
10832,de,German (Deutsch),blau,blau,blau,rgb,0,131,255,3,4,line,white,en,,1.1.2,
10832,de,German (Deutsch),orange,orange,orange,rgb,255,131,0,3,5,line,white,en,,1.1.2,
10832,de,German (Deutsch),gelb,gelb,gelb,rgb,255,241,0,3,6,line,white,en,,1.1.2,
10832,de,German (Deutsch),hellblau,hellblau,hellblau,rgb,0,255,226,3,7,line,white,en,,1.1.2,
10832,de,German (Deutsch),gelb,gelb,gelb,rgb,255,246,0,3,8,line,white,en,,1.1.2,
10832,de,German (Deutsch),grunlich,grünlich,grünlich,rgb,199,255,0,3,9,line,white,en,,1.1.2,
10832,de,German (Deutsch),blau,blau,blau,rgb,0,92,255,3,10,line,white,en,,1.1.2,
10832,de,German (Deutsch),dunkelgelb,dunkelgelb,dunkelgelb,rgb,255,204,0,3,11,line,white,en,,1.1.2,
10832,de,German (Deutsch),lila,lila,lila,rgb,186,0,255,6,0,line,white,en,,1.1.2,
10832,de,German (Deutsch),grun,grün,grün,rgb,0,255,131,6,1,line,white,en,,1.1.2,
10832,de,German (Deutsch),hellila,hellila,hellila,rgb,221,0,255,6,2,line,white,en,,1.1.2,
10832,de,German (Deutsch),giftgrun,giftgrün,giftgrün,rgb,69,255,0,6,3,line,white,en,,1.1.2,
10832,de,German (Deutsch),hellgrun,hellgrün,hellgrün,rgb,161,255,0,6,4,line,white,en,,1.1.2,
10832,de,German (Deutsch),turkis,türkis,türkis,rgb,0,255,166,6,5,line,white,en,,1.1.2,
10832,de,German (Deutsch),blau,blau,blau,rgb,0,74,255,6,6,line,white,en,,1.1.2,
10832,de,German (Deutsch),lila,lila,lila,rgb,149,0,255,6,7,line,white,en,,1.1.2,
10832,de,German (Deutsch),dunkelblau,dunkelblau,dunkelblau,rgb,0,62,255,6,8,line,white,en,,1.1.2,
10832,de,German (Deutsch),orange,orange,orange,rgb,255,88,0,6,9,line,white,en,,1.1.2,
10832,de,German (Deutsch),rosa,rosa,rosa,rgb,255,0,177,6,10,line,white,en,,1.1.2,
10832,de,German (Deutsch),hellblau,hellblau,hellblau,rgb,0,255,218,6,11,line,white,en,,1.1.2,
10903,de,German (Deutsch),hellblau,hellblau,hellblau,rgb,0,224,255,1,0,line,white,en,,1.1.2,
10903,de,German (Deutsch),neongelb,neon gelb,neon gelb,rgb,226,255,0,1,1,line,white,en,,1.1.2,
10903,de,German (Deutsch),dunkelblau,dunkelblau,dunkelblau,rgb,72,0,255,1,2,line,white,en,,1.1.2,
10903,de,German (Deutsch),orange,orange,orange,rgb,255,90,0,1,3,line,white,en,,1.1.2,
10903,de,German (Deutsch),pink,pink,pink,rgb,255,0,183,1,4,line,white,en,,1.1.2,
10903,de,German (Deutsch),hellgrun,hellgruen,hellgruen,rgb,0,255,201,1,5,line,white,en,,1.1.2,
10903,de,German (Deutsch),pink,pink,pink,rgb,255,0,229,1,6,line,white,en,,1.1.2,
10903,de,German (Deutsch),hellgrun,hellgruen,hellgruen,rgb,0,255,36,1,7,line,white,en,,1.1.2,
10903,de,German (Deutsch),hellgrun,hellgruen,hellgruen,rgb,135,255,0,1,8,line,white,en,,1.1.2,
10903,de,German (Deutsch),pink,pink,pink,rgb,255,0,141,1,9,line,white,en,,1.1.2,
10903,de,German (Deutsch),hellgrun,hellgruen,hellgruen,rgb,0,255,168,1,10,line,white,en,,1.1.2,
10903,de,German (Deutsch),hellgrun,hellgruen,hellgruen,rgb,108,255,0,1,11,line,white,en,,1.1.2,
10903,de,German (Deutsch),dunkelblau,dunkelblau,dunkelblau,rgb,0,121,255,3,0,line,white,en,,1.1.2,
10903,de,German (Deutsch),hellblau,hellblau,hellblau,rgb,0,178,255,3,1,line,white,en,,1.1.2,
10903,de,German (Deutsch),rot,rot,rot,rgb,255,0,21,3,2,line,white,en,,1.1.2,
10903,de,German (Deutsch),lila,lila,lila,rgb,204,0,255,3,3,line,white,en,,1.1.2,
10903,de,German (Deutsch),turkis,turkis,turkis,rgb,0,255,238,3,4,line,white,en,,1.1.2,
10903,de,German (Deutsch),orange,orange,orange,rgb,255,155,0,3,5,line,white,en,,1.1.2,
10903,de,German (Deutsch),gelb,gelb,gelb,rgb,255,239,0,3,6,line,white,en,,1.1.2,
10903,de,German (Deutsch),orange,orange,orange,rgb,255,137,0,3,7,line,white,en,,1.1.2,
10903,de,German (Deutsch),gelb,gelb,gelb,rgb,246,255,0,3,8,line,white,en,,1.1.2,
10903,de,German (Deutsch),pink,pink,pink,rgb,250,0,255,3,9,line,white,en,,1.1.2,
10903,de,German (Deutsch),gelb,gelb,gelb,rgb,255,209,0,3,10,line,white,en,,1.1.2,
10903,de,German (Deutsch),turkis,turkis,turkis,rgb,0,239,255,3,11,line,white,en,,1.1.2,
10903,de,German (Deutsch),hellgrun,hellgruen,hellgruen,rgb,0,255,123,6,0,line,white,en,,1.1.2,
10903,de,German (Deutsch),rot,rot,rot,rgb,255,0,84,6,1,line,white,en,,1.1.2,
10903,de,German (Deutsch),dunkelblau,dunkelblau,dunkelblau,rgb,0,90,255,6,2,line,white,en,,1.1.2,
10903,de,German (Deutsch),rot,rot,rot,rgb,255,50,0,6,3,line,white,en,,1.1.2,
10903,de,German (Deutsch),turkis,turkis,turkis,rgb,0,204,255,6,4,line,white,en,,1.1.2,
10903,de,German (Deutsch),pink,pink,pink,rgb,255,0,149,6,5,line,white,en,,1.1.2,
10903,de,German (Deutsch),dunkelblau,dunkelblau,dunkelblau,rgb,0,105,255,6,6,line,white,en,,1.1.2,
10903,de,German (Deutsch),rot,rot,rot,rgb,255,0,79,6,7,line,white,en,,1.1.2,
10903,de,German (Deutsch),hellblau,hellblau,hellblau,rgb,0,151,255,6,8,line,white,en,,1.1.2,
10903,de,German (Deutsch),lila,lila,lila,rgb,144,0,255,6,9,line,white,en,,1.1.2,
10903,de,German (Deutsch),dunkelblau,dunkelblau,dunkelblau,rgb,0,41,255,6,10,line,white,en,,1.1.2,
10903,de,German (Deutsch),hellgrun,hellgruen,hellgruen,rgb,0,255,107,6,11,line,white,en,,1.1.2,
11222,de,German (Deutsch),rot,rot,rot,rgb,237,22,53,1,0,full,white,en,,1.1.2,
11222,de,German (Deutsch),blau,blau,blau,rgb,42,16,225,1,1,full,white,en,,1.1.2,
11222,de,German (Deutsch),gelb,gelb,gelb,rgb,229,234,107,1,2,full,white,en,,1.1.2,
11222,de,German (Deutsch),turkis,türkis,türkis,rgb,98,230,200,1,3,full,white,en,,1.1.2,
11222,de,German (Deutsch),hellgrun,hellgrün,hellgrün,rgb,81,218,27,1,4,full,white,en,,1.1.2,
11222,de,German (Deutsch),grun,grün,grün,rgb,28,158,42,1,5,full,white,en,,1.1.2,
11222,de,German (Deutsch),rotbraun,rotbraun,rotbraun,rgb,135,45,9,1,6,full,white,en,,1.1.2,
11222,de,German (Deutsch),lila,lila,lila,rgb,142,62,142,1,7,full,white,en,,1.1.2,
11222,de,German (Deutsch),graugrun,graugrün,graugrün,rgb,65,178,100,1,8,full,white,en,,1.1.2,
11222,de,German (Deutsch),pink,pink,pink,rgb,255,64,244,1,9,full,white,en,,1.1.2,
11222,de,German (Deutsch),hellbraun,hellbraun,hellbraun,rgb,169,122,70,1,10,full,white,en,,1.1.2,
11222,de,German (Deutsch),dunkelgrun,dunkelgrün,dunkelgrün,rgb,42,99,65,1,11,full,white,en,,1.1.2,
11222,de,German (Deutsch),blaugrau,blaugrau,blaugrau,rgb,188,198,232,3,0,full,white,en,,1.1.2,
11222,de,German (Deutsch),senf,senf,senf,rgb,211,174,4,3,1,full,white,en,,1.1.2,
11222,de,German (Deutsch),hellrot,hellrot,hellrot,rgb,230,95,101,3,2,full,white,en,,1.1.2,
11222,de,German (Deutsch),blaugrun,blaugrün,blaugrün,rgb,72,156,138,3,3,full,white,en,,1.1.2,
11222,de,German (Deutsch),hellblau,hellblau,hellblau,rgb,32,140,216,3,4,full,white,en,,1.1.2,
11222,de,German (Deutsch),lila,lila,lila,rgb,169,40,233,3,5,full,white,en,,1.1.2,
11222,de,German (Deutsch),turkis,türkis,türkis,rgb,23,183,193,3,6,full,white,en,,1.1.2,
11222,de,German (Deutsch),hellgrun,hellgrün,hellgrün,rgb,181,234,47,3,7,full,white,en,,1.1.2,
11222,de,German (Deutsch),flieder,flieder,flieder,rgb,211,131,217,3,8,full,white,en,,1.1.2,
11222,de,German (Deutsch),rosa,rosa,rosa,rgb,210,57,154,3,9,full,white,en,,1.1.2,
11222,de,German (Deutsch),olive,olive,olive,rgb,130,148,49,3,10,full,white,en,,1.1.2,
11222,de,German (Deutsch),pink,pink,pink,rgb,252,14,134,3,11,full,white,en,,1.1.2,
11222,de,German (Deutsch),grau,grau,grau,rgb,176,148,162,6,0,full,white,en,,1.1.2,
11222,de,German (Deutsch),olive,olive,olive,rgb,88,82,19,6,1,full,white,en,,1.1.2,
11222,de,German (Deutsch),blau,blau,blau,rgb,49,69,240,6,2,full,white,en,,1.1.2,
11222,de,German (Deutsch),blassgrun,blassgrün,blassgrün,rgb,2,249,133,6,3,full,white,en,,1.1.2,
11222,de,German (Deutsch),lila,lila,lila,rgb,188,23,173,6,4,full,white,en,,1.1.2,
11222,de,German (Deutsch),mittelblau,mittelblau,mittelblau,rgb,45,68,189,6,5,full,white,en,,1.1.2,
11222,de,German (Deutsch),braunrot,braunrot,braunrot,rgb,142,41,59,6,6,full,white,en,,1.1.2,
11222,de,German (Deutsch),graugrun,graugrün,graugrün,rgb,91,142,77,6,7,full,white,en,,1.1.2,
11222,de,German (Deutsch),flieder,flieder,flieder,rgb,199,165,218,6,8,full,white,en,,1.1.2,
11222,de,German (Deutsch),dunkelblau,dunkelblau,dunkelblau,rgb,60,16,155,6,9,full,white,en,,1.1.2,
11222,de,German (Deutsch),orange,orange,orange,rgb,212,103,34,6,10,full,white,en,,1.1.2,
11222,de,German (Deutsch),hellgrun,hellgrün,hellgrün,rgb,117,179,24,6,11,full,white,en,,1.1.2,
11870,de,German (Deutsch),dunkelgrun,dunkelgrün,Dunkelgrün,rgb,29,100,66,1,0,full,white,en,,1.1.3,
11870,de,German (Deutsch),rot,rot,Rot,rgb,186,30,8,1,1,full,white,en,,1.1.3,
11870,de,German (Deutsch),violet,violet,Violet,rgb,75,22,119,1,2,full,white,en,,1.1.3,
11870,de,German (Deutsch),hellgrun,hellgrün,Hellgrün,rgb,224,252,22,1,3,full,white,en,,1.1.3,
11870,de,German (Deutsch),turkis,türkis,Türkis,rgb,74,213,122,1,4,full,white,en,,1.1.3,
11870,de,German (Deutsch),orange,orange,Orange,rgb,230,107,24,1,5,full,white,en,,1.1.3,
11870,de,German (Deutsch),olivgrun,olivgrün,Olivgrün,rgb,78,124,7,1,6,full,white,en,,1.1.3,
11870,de,German (Deutsch),milkalila,milkalila,Milkalila,rgb,187,156,253,1,7,full,white,en,,1.1.3,
11870,de,German (Deutsch),burgunder,burgunder,Burgunder,rgb,93,5,26,1,8,full,white,en,,1.1.3,
11870,de,German (Deutsch),pink,pink,Pink,rgb,232,105,222,1,9,full,white,en,,1.1.3,
11870,de,German (Deutsch),babyblau,babyblau,Babyblau,rgb,169,190,204,1,10,full,white,en,,1.1.3,
11870,de,German (Deutsch),hellblau,hellblau,Hellblau,rgb,7,141,178,1,11,full,white,en,,1.1.3,
11870,de,German (Deutsch),hellgrun,hellgrün,Hellgrün,rgb,113,224,61,3,0,full,white,en,,1.1.3,
11870,de,German (Deutsch),pink,pink,Pink,rgb,243,62,228,3,1,full,white,en,,1.1.3,
11870,de,German (Deutsch),tarnfarben,tarnfarben,Tarnfarben,rgb,105,119,67,3,2,full,white,en,,1.1.3,
11870,de,German (Deutsch),dunkelgrun,dunkelgrün,Dunkelgrün,rgb,7,149,59,3,3,full,white,en,,1.1.3,
11870,de,German (Deutsch),turkis,türkis,Türkis,rgb,5,206,188,3,4,full,white,en,,1.1.3,
11870,de,German (Deutsch),saphir,saphir,Saphir,rgb,36,42,227,3,5,full,white,en,,1.1.3,
11870,de,German (Deutsch),beige,beige,Beige,rgb,244,212,113,3,6,full,white,en,,1.1.3,
11870,de,German (Deutsch),lila,lila,Lila,rgb,180,72,229,3,7,full,white,en,,1.1.3,
11870,de,German (Deutsch),dunkelblau,dunkelblau,Dunkelblau,rgb,34,47,79,3,8,full,white,en,,1.1.3,
11870,de,German (Deutsch),babyblau,babyblau,Babyblau,rgb,139,241,235,3,9,full,white,en,,1.1.3,
11870,de,German (Deutsch),grun,grün,Grün,rgb,197,215,52,3,10,full,white,en,,1.1.3,
11870,de,German (Deutsch),neongrun,neongrün,Neongrün,rgb,104,248,16,3,11,full,white,en,,1.1.3,
11870,de,German (Deutsch),blaugrau,blaugrau,Blaugrau,rgb,40,100,147,6,0,full,white,en,,1.1.3,
11870,de,German (Deutsch),altrosa,altrosa,Altrosa,rgb,179,99,111,6,1,full,white,en,,1.1.3,
11870,de,German (Deutsch),grun,grün,Grün,rgb,131,185,37,6,2,full,white,en,,1.1.3,
11870,de,German (Deutsch),graugrun,graugrün,Graugrün,rgb,23,70,73,6,3,full,white,en,,1.1.3,
11870,de,German (Deutsch),hellgraublau,hellgraublau,Hellgraublau,rgb,102,148,147,6,4,full,white,en,,1.1.3,
11870,de,German (Deutsch),gelb,gelb,Gelb,rgb,247,189,28,6,5,full,white,en,,1.1.3,
11870,de,German (Deutsch),blaulila,blaulila,Blaulila,rgb,61,42,169,6,6,full,white,en,,1.1.3,
11870,de,German (Deutsch),helllila,helllila,Helllila,rgb,112,101,210,6,7,full,white,en,,1.1.3,
11870,de,German (Deutsch),pink,pink,Pink,rgb,218,28,135,6,8,full,white,en,,1.1.3,
11870,de,German (Deutsch),senfgelb,senfgelb,Senfgelb,rgb,185,147,3,6,9,full,white,en,,1.1.3,
11870,de,German (Deutsch),graulila,graulila,Graulila,rgb,121,111,162,6,10,full,white,en,,1.1.3,
11870,de,German (Deutsch),hellrosa,hellrosa,Hellrosa,rgb,223,174,210,6,11,full,white,en,,1.1.3,
12020,de,German (Deutsch),braun,braun,braun,rgb,146,140,118,1,0,full,white,en,,1.1.3,
12020,de,German (Deutsch),orange,orange,orange,rgb,244,175,127,1,1,full,white,en,,1.1.3,
12020,de,German (Deutsch),grau,grau,grau,rgb,108,134,151,1,2,full,white,en,,1.1.3,
12020,de,German (Deutsch),blau,blau,blau,rgb,151,195,213,1,3,full,white,en,,1.1.3,
12020,de,German (Deutsch),turkis,türkis,türkis,rgb,107,213,211,1,4,full,white,en,,1.1.3,
12020,de,German (Deutsch),dunkelblau,dunkelblau,dunkelblau,rgb,86,56,250,1,5,full,white,en,,1.1.3,
12020,de,German (Deutsch),pink,pink,pink,rgb,228,29,106,1,6,full,white,en,,1.1.3,
12020,de,German (Deutsch),rot,rot,rot,rgb,211,29,32,1,7,full,white,en,,1.1.3,
12020,de,German (Deutsch),grun,grün,grün,rgb,21,231,129,1,8,full,white,en,,1.1.3,
12020,de,German (Deutsch),hellgrun,hellgrün,hellgrün,rgb,151,233,74,1,9,full,white,en,,1.1.3,
12020,de,German (Deutsch),dunkelrot,dunkelrot,dunkelrot,rgb,124,39,1,1,10,full,white,en,,1.1.3,
12020,de,German (Deutsch),grun,grün,grün,rgb,185,188,50,1,11,full,white,en,,1.1.3,
12020,de,German (Deutsch),hellgrun,hellgrün,hellgrün,rgb,77,245,48,3,0,full,white,en,,1.1.3,
12020,de,German (Deutsch),lila,lila,lila,rgb,213,194,232,3,1,full,white,en,,1.1.3,
12020,de,German (Deutsch),hellblau,hellblau,hellblau,rgb,19,209,255,3,2,full,white,en,,1.1.3,
12020,de,German (Deutsch),dunkelgrun,dunkelgrün,dunkelgrün,rgb,35,172,11,3,3,full,white,en,,1.1.3,
12020,de,German (Deutsch),gelb,gelb,gelb,rgb,236,229,48,3,4,full,white,en,,1.1.3,
12020,de,German (Deutsch),beige,beige,beige,rgb,253,232,158,3,5,full,white,en,,1.1.3,
12020,de,German (Deutsch),braun,braun,braun,rgb,91,89,46,3,6,full,white,en,,1.1.3,
12020,de,German (Deutsch),pink,pink,pink,rgb,206,56,169,3,7,full,white,en,,1.1.3,
12020,de,German (Deutsch),orange,orange,orange,rgb,251,104,22,3,8,full,white,en,,1.1.3,
12020,de,German (Deutsch),orange,orange,orange,rgb,233,147,71,3,9,full,white,en,,1.1.3,
12020,de,German (Deutsch),turkis,türkis,türkis,rgb,49,243,200,3,10,full,white,en,,1.1.3,
12020,de,German (Deutsch),rosa,rosa,rosa,rgb,245,76,234,3,11,full,white,en,,1.1.3,
12020,de,German (Deutsch),dunkelviolett,dunkelviolett,dunkelviolett,rgb,81,9,137,6,0,full,white,en,,1.1.3,
12020,de,German (Deutsch),grun,grün,grün,rgb,51,131,20,6,1,full,white,en,,1.1.3,
12020,de,German (Deutsch),dunkelblau,dunkelblau,dunkelblau,rgb,25,37,98,6,2,full,white,en,,1.1.3,
12020,de,German (Deutsch),rose,rose,rose,rgb,185,119,128,6,3,full,white,en,,1.1.3,
12020,de,German (Deutsch),violett,violett,violett,rgb,105,6,110,6,4,full,white,en,,1.1.3,
12020,de,German (Deutsch),turkis,türkis,türkis,rgb,48,170,140,6,5,full,white,en,,1.1.3,
12020,de,German (Deutsch),violett,violett,violett,rgb,200,144,253,6,6,full,white,en,,1.1.3,
12020,de,German (Deutsch),rot,rot,rot,rgb,206,75,69,6,7,full,white,en,,1.1.3,
12020,de,German (Deutsch),dunkelviolett,dunkelviolett,dunkelviolett,rgb,85,5,70,6,8,full,white,en,,1.1.3,
12020,de,German (Deutsch),beige,beige,beige,rgb,172,203,167,6,9,full,white,en,,1.1.3,
12020,de,German (Deutsch),braun,braun,braun,rgb,63,52,41,6,10,full,white,en,,1.1.3,
12020,de,German (Deutsch),grun,grün,grün,rgb,125,128,12,6,11,full,white,en,,1.1.3,
12075,de,German (Deutsch),blau,blau,Blau,rgb,154,165,233,1,0,full,white,en,,1.1.3,
12075,de,German (Deutsch),blau,blau,Blau,rgb,60,4,205,1,1,full,white,en,,1.1.3,
12075,de,German (Deutsch),beige,beige,Beige,rgb,252,239,214,1,2,full,white,en,,1.1.3,
12075,de,German (Deutsch),violett,violett,Violett,rgb,210,135,233,1,3,full,white,en,,1.1.3,
12075,de,German (Deutsch),pink,pink,Pink,rgb,232,63,118,1,4,full,white,en,,1.1.3,
12075,de,German (Deutsch),turkis,türkis,Türkis,rgb,9,177,172,1,5,full,white,en,,1.1.3,
12075,de,German (Deutsch),dunkelgrun,dunkelgrün,Dunkelgrün,rgb,4,76,12,1,6,full,white,en,,1.1.3,
12075,de,German (Deutsch),grun,grün,Grün,rgb,40,109,93,1,7,full,white,en,,1.1.3,
12075,de,German (Deutsch),hellgrun,hellgrün,Hellgrün,rgb,153,208,86,1,8,full,white,en,,1.1.3,
12075,de,German (Deutsch),orange,orange,Orange,rgb,217,164,32,1,9,full,white,en,,1.1.3,
12075,de,German (Deutsch),gelbgrun,gelbgrün,Gelbgrün,rgb,194,241,6,1,10,full,white,en,,1.1.3,
12075,de,German (Deutsch),gelbgrun,gelbgrün,Gelbgrün,rgb,124,147,14,1,11,full,white,en,,1.1.3,
12075,de,German (Deutsch),meerblau,meerblau,Meerblau,rgb,134,233,230,3,0,full,white,en,,1.1.3,
12075,de,German (Deutsch),hellgrun,hellgrün,Hellgrün,rgb,196,250,216,3,1,full,white,en,,1.1.3,
12075,de,German (Deutsch),ocker,ocker,Ocker,rgb,243,230,128,3,2,full,white,en,,1.1.3,
12075,de,German (Deutsch),hellgrun,hellgrün,Hellgrün,rgb,167,238,162,3,3,full,white,en,,1.1.3,
12075,de,German (Deutsch),violett,violett,Violett,rgb,158,62,130,3,4,full,white,en,,1.1.3,
12075,de,German (Deutsch),rosa,rosa,Rosa,rgb,209,108,130,3,5,full,white,en,,1.1.3,
12075,de,German (Deutsch),braunlila,braunlila,Braunlila,rgb,123,87,94,3,6,full,white,en,,1.1.3,
12075,de,German (Deutsch),violett,violett,Violett,rgb,119,86,176,3,7,full,white,en,,1.1.3,
12075,de,German (Deutsch),turkis,türkis,Türkis,rgb,72,243,163,3,8,full,white,en,,1.1.3,
12075,de,German (Deutsch),hellgrun,hellgrün,Hellgrün,rgb,120,248,112,3,9,full,white,en,,1.1.3,
12075,de,German (Deutsch),hellbraun,hellbraun,Hellbraun,rgb,168,139,110,3,10,full,white,en,,1.1.3,
12075,de,German (Deutsch),pink,pink,Pink,rgb,240,17,155,3,11,full,white,en,,1.1.3,
12075,de,German (Deutsch),gelb,gelb,Gelb,rgb,222,213,43,6,0,full,white,en,,1.1.3,
12075,de,German (Deutsch),grun,grün,Grün,rgb,31,148,106,6,1,full,white,en,,1.1.3,
12075,de,German (Deutsch),violett,violett,Violett,rgb,154,3,230,6,2,full,white,en,,1.1.3,
12075,de,German (Deutsch),violett,violett,Violett,rgb,214,32,214,6,3,full,white,en,,1.1.3,
12075,de,German (Deutsch),violett,violett,Violett,rgb,147,80,210,6,4,full,white,en,,1.1.3,
12075,de,German (Deutsch),dunkelgrun,dunkelgrün,Dunkelgrün,rgb,23,146,2,6,5,full,white,en,,1.1.3,
12075,de,German (Deutsch),laubgrun,laubgrün,Laubgrün,rgb,98,163,71,6,6,full,white,en,,1.1.3,
12075,de,German (Deutsch),rot,rot,Rot,rgb,213,8,33,6,7,full,white,en,,1.1.3,
12075,de,German (Deutsch),grun,grün,Grün,rgb,66,221,0,6,8,full,white,en,,1.1.3,
12075,de,German (Deutsch),blau,blau,Blau,rgb,60,134,224,6,9,full,white,en,,1.1.3,
12075,de,German (Deutsch),blau,blau,Blau,rgb,60,86,245,6,10,full,white,en,,1.1.3,
12075,de,German (Deutsch),braun,braun,Braun,rgb,150,69,39,6,11,full,white,en,,1.1.3,
12098,de,German (Deutsch),marineblau,marineblau,Marineblau,rgb,44,2,63,1,0,full,white,en,,1.1.3,
12098,de,German (Deutsch),dunkelpink,dunkelpink,Dunkelpink,rgb,212,28,126,1,1,full,white,en,,1.1.3,
12098,de,German (Deutsch),grunlichgelb,grünlich gelb,Grünlich-Gelb,rgb,179,185,26,1,2,full,white,en,,1.1.3,
12098,de,German (Deutsch),dunkellila,dunkellila,Dunkellila,rgb,136,26,91,1,3,full,white,en,,1.1.3,
12098,de,German (Deutsch),lila,lila,Lila,rgb,130,63,148,1,4,full,white,en,,1.1.3,
12098,de,German (Deutsch),turkis,türkis,Türkis,rgb,5,234,243,1,5,full,white,en,,1.1.3,
12098,de,German (Deutsch),dunkelblau,dunkelblau,Dunkelblau,rgb,27,53,254,1,6,full,white,en,,1.1.3,
12098,de,German (Deutsch),blau,blau,Blau,rgb,4,164,240,1,7,full,white,en,,1.1.3,
12098,de,German (Deutsch),dunkelbraun,dunkelbraun,Dunkelbraun,rgb,84,10,5,1,8,full,white,en,,1.1.3,
12098,de,German (Deutsch),bordeauxpink,bordeaux pink,Bordeaux-Pink,rgb,147,59,78,1,9,full,white,en,,1.1.3,
12098,de,German (Deutsch),dunkelgrau,dunkelgrau,Dunkelgrau,rgb,116,114,119,1,10,full,white,en,,1.1.3,
12098,de,German (Deutsch),braunlichgelb,bräunlich gelb,Bräunlich-gelb,rgb,225,168,62,3,0,full,white,en,,1.1.3,
12098,de,German (Deutsch),hellbordeaux,hell bordeaux,Hell-Bordeaux,rgb,213,62,69,3,1,full,white,en,,1.1.3,
12098,de,German (Deutsch),dunkelgrun,dunkelgrün,Dunkelgrün,rgb,25,69,37,3,2,full,white,en,,1.1.3,
12098,de,German (Deutsch),blaugrau,blaugrau,Blaugrau,rgb,106,151,152,3,3,full,white,en,,1.1.3,
12098,de,German (Deutsch),blau,blau,Blau,rgb,33,111,167,3,4,full,white,en,,1.1.3,
12098,de,German (Deutsch),pinkgrau,pink grau,Pink-Grau,rgb,197,176,170,3,5,full,white,en,,1.1.3,
12098,de,German (Deutsch),hellgrun,hellgrün,Hellgrün,rgb,172,245,53,3,6,full,white,en,,1.1.3,
12098,de,German (Deutsch),gelb,gelb,Gelb,rgb,238,226,18,3,7,full,white,en,,1.1.3,
12098,de,German (Deutsch),kornblau,kornblau,Kornblau,rgb,40,103,250,3,8,full,white,en,,1.1.3,
12098,de,German (Deutsch),giftgrun,giftgrün,Giftgrün,rgb,33,236,26,3,9,full,white,en,,1.1.3,
12098,de,German (Deutsch),dunkelblau,dunkelblau,Dunkelblau,rgb,19,23,150,3,10,full,white,en,,1.1.3,
12098,de,German (Deutsch),lilablau,lila blau,Lila-Blau,rgb,58,55,111,3,11,full,white,en,,1.1.3,
12098,de,German (Deutsch),dunkellila,dunkellila,Dunkellila,rgb,139,49,188,6,0,full,white,en,,1.1.3,
12098,de,German (Deutsch),dunkelgrun,dunkelgrün,Dunkelgrün,rgb,27,119,44,6,1,full,white,en,,1.1.3,
12098,de,German (Deutsch),blassgrun,blassgrün,Blassgrün,rgb,104,211,129,6,2,full,white,en,,1.1.3,
12098,de,German (Deutsch),grun,grün,Grün,rgb,5,155,44,6,3,full,white,en,,1.1.3,
12098,de,German (Deutsch),hellblau,hellblau,Hellblau,rgb,101,186,213,6,4,full,white,en,,1.1.3,
12098,de,German (Deutsch),rotlichbraun,rötlich braun,Rötlich-braun,rgb,190,106,48,6,5,full,white,en,,1.1.3,
12098,de,German (Deutsch),turkis,türkis,Türkis,rgb,36,255,161,6,6,full,white,en,,1.1.3,
12098,de,German (Deutsch),dunkelbabyblau,dunkelbabyblau,Dunkelbabyblau,rgb,132,120,236,6,7,full,white,en,,1.1.3,
12098,de,German (Deutsch),cremehelloliv,creme helloliv,Creme-Helloliv,rgb,189,228,124,6,8,full,white,en,,1.1.3,
12098,de,German (Deutsch),grunlichbraun,grünlich braun,Grünlich-braun,rgb,101,104,49,6,9,full,white,en,,1.1.3,
12098,de,German (Deutsch),cremepink,creme pink,Creme-Pink,rgb,235,145,233,6,10,full,white,en,,1.1.3,
12098,de,German (Deutsch),helloliv,helloliv,Helloliv,rgb,169,192,122,6,11,full,white,en,,1.1.3,
12337,de,German (Deutsch),petrol,petrol,Petrol,rgb,10,58,56,1,0,full,white,en,,1.1.3,
12337,de,German (Deutsch),rot,rot,Rot,rgb,168,30,22,1,1,full,white,en,,1.1.3,
12337,de,German (Deutsch),mintgrun,mintgrün,Mintgrün,rgb,99,198,139,1,2,full,white,en,,1.1.3,
12337,de,German (Deutsch),lila,lila,Lila,rgb,202,92,223,1,3,full,white,en,,1.1.3,
12337,de,German (Deutsch),kobaltblau,kobaltblau,Kobaltblau,rgb,6,65,225,1,4,full,white,en,,1.1.3,
12337,de,German (Deutsch),olive,olive,Olive,rgb,149,154,102,1,5,full,white,en,,1.1.3,
12337,de,German (Deutsch),grasgrun,grasgrün,Grasgrün,rgb,3,227,113,1,6,full,white,en,,1.1.3,
12337,de,German (Deutsch),senf,senf,Senf,rgb,192,186,66,1,7,full,white,en,,1.1.3,
12337,de,German (Deutsch),violett,violett,Violett,rgb,94,6,125,1,8,full,white,en,,1.1.3,
12337,de,German (Deutsch),hellgrun,hellgrün,Hellgrün,rgb,61,249,18,1,9,full,white,en,,1.1.3,
12337,de,German (Deutsch),lila,lila,Lila,rgb,187,142,215,1,10,full,white,en,,1.1.3,
12337,de,German (Deutsch),lachs,lachs,Lachs,rgb,249,182,157,1,11,full,white,en,,1.1.3,
12337,de,German (Deutsch),rot,rot,Rot,rgb,249,54,8,3,0,full,white,en,,1.1.3,
12337,de,German (Deutsch),hellgrun,hellgrün,Hellgrün,rgb,191,239,87,3,1,full,white,en,,1.1.3,
12337,de,German (Deutsch),dunkelgrun,dunkelgrün,Dunkelgrün,rgb,68,137,9,3,2,full,white,en,,1.1.3,
12337,de,German (Deutsch),ocker,ocker,Ocker,rgb,196,150,19,3,3,full,white,en,,1.1.3,
12337,de,German (Deutsch),orange,orange,Orange,rgb,229,115,28,3,4,full,white,en,,1.1.3,
12337,de,German (Deutsch),gellgrun,gellgrün,Gellgrün,rgb,130,215,15,3,5,full,white,en,,1.1.3,
12337,de,German (Deutsch),aquamarin,aquamarin,Aquamarin,rgb,88,8,232,3,6,full,white,en,,1.1.3,
12337,de,German (Deutsch),braun,braun,Braun,rgb,170,104,71,3,7,full,white,en,,1.1.3,
12337,de,German (Deutsch),pink,pink,Pink,rgb,239,36,184,3,8,full,white,en,,1.1.3,
12337,de,German (Deutsch),blaugrun,blaugrün,Blaugrün,rgb,30,115,112,3,9,full,white,en,,1.1.3,
12337,de,German (Deutsch),altrosa,altrosa,Altrosa,rgb,177,105,118,3,10,full,white,en,,1.1.3,
12337,de,German (Deutsch),grasgrun,grasgrün,Grasgrün,rgb,59,123,66,3,11,full,white,en,,1.1.3,
12337,de,German (Deutsch),stahlblau,stahlblau,Stahlblau,rgb,47,82,124,6,0,full,white,en,,1.1.3,
12337,de,German (Deutsch),violett,violett,Violett,rgb,127,81,205,6,1,full,white,en,,1.1.3,
12337,de,German (Deutsch),grau,grau,Grau,rgb,163,158,156,6,2,full,white,en,,1.1.3,
12337,de,German (Deutsch),rosa,rosa,Rosa,rgb,234,126,177,6,3,full,white,en,,1.1.3,
12337,de,German (Deutsch),hellturkis,helltürkis,Helltürkis,rgb,171,246,248,6,4,full,white,en,,1.1.3,
12337,de,German (Deutsch),jeansblau,jeansblau,Jeansblau,rgb,56,146,207,6,5,full,white,en,,1.1.3,
12337,de,German (Deutsch),grunbeige,grün beige,Grün-beige,rgb,217,229,206,6,6,full,white,en,,1.1.3,
12337,de,German (Deutsch),violett,violett,Violett,rgb,78,44,113,6,7,full,white,en,,1.1.3,
12337,de,German (Deutsch),pinkrot,pinkrot,Pinkrot,rgb,231,29,81,6,8,full,white,en,,1.1.3,
12337,de,German (Deutsch),minzgrun,minzgrün,Minzgrün,rgb,18,234,159,6,9,full,white,en,,1.1.3,
12337,de,German (Deutsch),purpur,purpur,Purpur,rgb,160,8,195,6,10,full,white,en,,1.1.3,
12337,de,German (Deutsch),dunkelrosa,dunkelrosa,Dunkelrosa,rgb,224,80,122,6,11,full,white,en,,1.1.3,
12592,de,German (Deutsch),pink,pink,pink,rgb,255,0,253,1,0,line,white,en,,1.1.3,
12592,de,German (Deutsch),zitronengelb,zitronengelb,zitronengelb,rgb,231,255,0,1,1,line,white,en,,1.1.3,
12592,de,German (Deutsch),himmelblau,himmelblau,himmelblau,rgb,0,194,255,1,2,line,white,en,,1.1.3,
12592,de,German (Deutsch),orange,orange,orange,rgb,255,126,0,1,3,line,white,en,,1.1.3,
12592,de,German (Deutsch),dunkelbalu,dunkelbalu,dunkelbalu,rgb,0,64,255,1,4,line,white,en,,1.1.3,
12592,de,German (Deutsch),hellblau,hellblau,hellblau,rgb,0,214,255,1,5,line,white,en,,1.1.3,
12592,de,German (Deutsch),blau,blau,blau,rgb,0,179,255,1,6,line,white,en,,1.1.3,
12592,de,German (Deutsch),konigsblau,königsblau,königsblau,rgb,0,105,255,1,7,line,white,en,,1.1.3,
12592,de,German (Deutsch),turkis,türkis,türkis,rgb,0,255,168,1,8,line,white,en,,1.1.3,
12592,de,German (Deutsch),okker,okker,okker,rgb,255,212,0,1,9,line,white,en,,1.1.3,
12592,de,German (Deutsch),magenta,magenta,magenta,rgb,255,0,114,1,10,line,white,en,,1.1.3,
12592,de,German (Deutsch),hellgrun,hellgrün,hellgrün,rgb,0,255,67,1,11,line,white,en,,1.1.3,
12592,de,German (Deutsch),magenta,magenta,magenta,rgb,255,0,100,3,0,line,white,en,,1.1.3,
12592,de,German (Deutsch),lila,lila,lila,rgb,175,0,255,3,1,line,white,en,,1.1.3,
12592,de,German (Deutsch),blau,blau,blau,rgb,0,88,255,3,2,line,white,en,,1.1.3,
12592,de,German (Deutsch),zironengelb,zironengelb,zironengelb,rgb,206,255,0,3,3,line,white,en,,1.1.3,
12592,de,German (Deutsch),lindgrun,lindgrün,lindgrün,rgb,168,255,0,3,4,line,white,en,,1.1.3,
12592,de,German (Deutsch),grun,grün,grün,rgb,0,255,128,3,5,line,white,en,,1.1.3,
12592,de,German (Deutsch),lavendel,lavendel,lavendel,rgb,121,0,255,3,6,line,white,en,,1.1.3,
12592,de,German (Deutsch),grun,grün,grün,rgb,0,255,102,3,7,line,white,en,,1.1.3,
12592,de,German (Deutsch),purpur,purpur,purpur,rgb,255,41,0,3,8,line,white,en,,1.1.3,
12592,de,German (Deutsch),hellblau,hellblau,hellblau,rgb,0,251,255,3,9,line,white,en,,1.1.3,
12592,de,German (Deutsch),pink,pink,pink,rgb,255,0,155,3,10,line,white,en,,1.1.3,
12592,de,German (Deutsch),hellgrun,hellgrün,hellgrün,rgb,122,255,0,3,11,line,white,en,,1.1.3,
12592,de,German (Deutsch),pink,pink,pink,rgb,255,0,242,6,0,line,white,en,,1.1.3,
12592,de,German (Deutsch),hellblau,hellblau,hellblau,rgb,0,156,255,6,1,line,white,en,,1.1.3,
12592,de,German (Deutsch),goldgelb,goldgelb,goldgelb,rgb,255,209,0,6,2,line,white,en,,1.1.3,
12592,de,German (Deutsch),turkis,türkis,türkis,rgb,0,255,242,6,3,line,white,en,,1.1.3,
12592,de,German (Deutsch),magenta,magenta,magenta,rgb,255,0,206,6,4,line,white,en,,1.1.3,
12592,de,German (Deutsch),pupur,pupur,pupur,rgb,255,0,19,6,5,line,white,en,,1.1.3,
12592,de,German (Deutsch),orange,orange,orange,rgb,255,118,0,6,6,line,white,en,,1.1.3,
12592,de,German (Deutsch),okker,okker,okker,rgb,255,155,0,6,7,line,white,en,,1.1.3,
12592,de,German (Deutsch),blau,blau,blau,rgb,0,27,255,6,8,line,white,en,,1.1.3,
12592,de,German (Deutsch),blaugrun,blaugrün,blaugrün,rgb,0,255,200,6,9,line,white,en,,1.1.3,
12592,de,German (Deutsch),konigsblau,königsblau,königsblau,rgb,0,132,255,6,10,line,white,en,,1.1.3,
13545,de,German (Deutsch),marineblau,marineblau,Marineblau,rgb,61,16,143,1,0,full,white,en,,1.1.4,
13545,de,German (Deutsch),grun,grün,Grün,rgb,66,157,55,1,1,full,white,en,,1.1.4,
13545,de,German (Deutsch),hellgrun,hellgrün,Hellgrün,rgb,202,232,176,1,2,full,white,en,,1.1.4,
13545,de,German (Deutsch),orange,orange,Orange,rgb,218,170,41,1,3,full,white,en,,1.1.4,
13545,de,German (Deutsch),lila,lila,Lila,rgb,150,75,227,1,4,full,white,en,,1.1.4,
13545,de,German (Deutsch),blaulila,blaulila,Blaulila,rgb,107,110,243,1,5,full,white,en,,1.1.4,
13545,de,German (Deutsch),grasgrun,grasgrün,Grasgrün,rgb,158,195,54,1,6,full,white,en,,1.1.4,
13545,de,German (Deutsch),azurblau,azurblau,Azurblau,rgb,112,152,245,1,7,full,white,en,,1.1.4,
13545,de,German (Deutsch),korall,korall,Korall,rgb,252,92,89,1,8,full,white,en,,1.1.4,
13545,de,German (Deutsch),weinrot,weinrot,Weinrot,rgb,114,2,55,1,9,full,white,en,,1.1.4,
13545,de,German (Deutsch),himmelblau,himmelblau,Himmelblau,rgb,124,208,232,1,10,full,white,en,,1.1.4,
13545,de,German (Deutsch),braun,braun,Braun,rgb,198,158,107,1,11,full,white,en,,1.1.4,
13545,de,German (Deutsch),petrol,petrol,Petrol,rgb,45,100,79,3,0,full,white,en,,1.1.4,
13545,de,German (Deutsch),pink,pink,Pink,rgb,249,107,172,3,1,full,white,en,,1.1.4,
13545,de,German (Deutsch),lila,lila,Lila,rgb,174,76,148,3,2,full,white,en,,1.1.4,
13545,de,German (Deutsch),lila,lila,Lila,rgb,146,34,237,3,4,full,white,en,,1.1.4,
13545,de,German (Deutsch),rot,rot,Rot,rgb,255,79,48,3,5,full,white,en,,1.1.4,
13545,de,German (Deutsch),dunkelpink,dunkelpink,Dunkelpink,rgb,228,12,94,3,6,full,white,en,,1.1.4,
13545,de,German (Deutsch),graublau,graublau,Graublau,rgb,133,151,170,3,7,full,white,en,,1.1.4,
13545,de,German (Deutsch),grasgrun,grasgrün,Grasgrün,rgb,180,235,140,3,8,full,white,en,,1.1.4,
13545,de,German (Deutsch),gelbgrun,gelbgrün,Gelbgrün,rgb,216,253,81,3,9,full,white,en,,1.1.4,
13545,de,German (Deutsch),hautfarben,hautfarben,Hautfarben,rgb,244,214,192,3,10,full,white,en,,1.1.4,
13545,de,German (Deutsch),magenta,magenta,Magenta,rgb,175,13,92,3,11,full,white,en,,1.1.4,
13545,de,German (Deutsch),graugrun,graugrün,Graugrün,rgb,129,157,118,6,0,full,white,en,,1.1.4,
13545,de,German (Deutsch),magenta,magenta,Magenta,rgb,207,9,191,6,1,full,white,en,,1.1.4,
13545,de,German (Deutsch),knallgrun,knallgrün,Knallgrün,rgb,115,249,68,6,2,full,white,en,,1.1.4,
13545,de,German (Deutsch),dunkelgrun,dunkelgrün,Dunkelgrün,rgb,14,73,8,6,3,full,white,en,,1.1.4,
13545,de,German (Deutsch),flieder,flieder,Flieder,rgb,197,146,229,6,4,full,white,en,,1.1.4,
13545,de,German (Deutsch),rosa,rosa,Rosa,rgb,253,130,154,6,6,full,white,en,,1.1.4,
13545,de,German (Deutsch),hellgrun,hellgrün,Hellgrün,rgb,54,224,115,6,7,full,white,en,,1.1.4,
13545,de,German (Deutsch),schokoladenbraun,schokoladenbraun,Schokoladenbraun,rgb,65,39,42,6,8,full,white,en,,1.1.4,
13545,de,German (Deutsch),blaugrun,blaugrün,Blaugrün,rgb,40,177,153,6,9,full,white,en,,1.1.4,
13545,de,German (Deutsch),braun,braun,Braun,rgb,111,73,17,6,10,full,white,en,,1.1.4,
13545,de,German (Deutsch),grun,grün,Grün,rgb,108,208,134,6,11,full,white,en,,1.1.4,
13564,de,German (Deutsch),hellblau,hellblau,hellblau,rgb,0,220,255,1,0,line,white,en,,1.1.4,
13564,de,German (Deutsch),dunkelorange,dunkelorange,dunkelorange,rgb,255,76,0,1,1,line,white,en,,1.1.4,
13564,de,German (Deutsch),giftgrun,giftgrün,giftgrün,rgb,84,255,0,1,2,line,white,en,,1.1.4,
13564,de,German (Deutsch),rot,rot,rot,rgb,255,0,43,1,3,line,white,en,,1.1.4,
13564,de,German (Deutsch),lila,lila,lila,rgb,142,0,255,1,4,line,white,en,,1.1.4,
13564,de,German (Deutsch),turkis,türkis,türkis,rgb,0,255,199,1,5,line,white,en,,1.1.4,
13564,de,German (Deutsch),grun,grün,grün,rgb,0,255,60,1,6,line,white,en,,1.1.4,
13564,de,German (Deutsch),neongelb,neongelb,neongelb,rgb,238,255,0,1,7,line,white,en,,1.1.4,
13564,de,German (Deutsch),gelb,gelb,gelb,rgb,255,222,0,1,8,line,white,en,,1.1.4,
13564,de,German (Deutsch),orange,orange,orange,rgb,255,117,0,1,9,line,white,en,,1.1.4,
13564,de,German (Deutsch),konigsblau,königsblau,königsblau,rgb,0,63,255,1,10,line,white,en,,1.1.4,
13564,de,German (Deutsch),blau,blau,blau,rgb,0,96,255,1,11,line,white,en,,1.1.4,
13564,de,German (Deutsch),turkis,türkis,türkis,rgb,0,255,230,3,0,line,white,en,,1.1.4,
13564,de,German (Deutsch),hellblau,hellblau,hellblau,rgb,0,248,255,3,1,line,white,en,,1.1.4,
13564,de,German (Deutsch),neongrun,neongrün,neongrün,rgb,0,255,92,3,2,line,white,en,,1.1.4,
13564,de,German (Deutsch),pink,pink,pink,rgb,255,0,150,3,3,line,white,en,,1.1.4,
13564,de,German (Deutsch),orange,orange,orange,rgb,255,158,0,3,4,line,white,en,,1.1.4,
13564,de,German (Deutsch),blau,blau,blau,rgb,0,134,255,3,5,line,white,en,,1.1.4,
13564,de,German (Deutsch),blau,blau,blau,rgb,0,137,255,3,6,line,white,en,,1.1.4,
13564,de,German (Deutsch),konigsblau,königsblau,königsblau,rgb,0,27,255,3,7,line,white,en,,1.1.4,
13564,de,German (Deutsch),grun,grün,grün,rgb,0,255,142,3,8,line,white,en,,1.1.4,
13564,de,German (Deutsch),gelb,gelb,gelb,rgb,255,187,0,3,9,line,white,en,,1.1.4,
13564,de,German (Deutsch),blau,blau,blau,rgb,0,80,255,3,10,line,white,en,,1.1.4,
13564,de,German (Deutsch),giftgrun,giftgrün,giftgrün,rgb,147,255,0,3,11,line,white,en,,1.1.4,
13564,de,German (Deutsch),rot,rot,rot,rgb,255,0,87,6,0,line,white,en,,1.1.4,
13564,de,German (Deutsch),lila,lila,lila,rgb,255,0,194,6,1,line,white,en,,1.1.4,
13564,de,German (Deutsch),blau,blau,blau,rgb,0,159,255,6,2,line,white,en,,1.1.4,
13564,de,German (Deutsch),orange,orange,orange,rgb,255,127,0,6,3,line,white,en,,1.1.4,
13564,de,German (Deutsch),turkisgrun,türkisgrün,türkisgrün,rgb,0,255,158,6,4,line,white,en,,1.1.4,
13564,de,German (Deutsch),rot,rot,rot,rgb,255,0,61,6,5,line,white,en,,1.1.4,
13564,de,German (Deutsch),beere,beere,beere,rgb,255,0,136,6,6,line,white,en,,1.1.4,
13564,de,German (Deutsch),lila,lila,lila,rgb,255,0,211,6,7,line,white,en,,1.1.4,
13564,de,German (Deutsch),gelb,gelb,gelb,rgb,218,255,0,6,8,line,white,en,,1.1.4,
13564,de,German (Deutsch),violett,violett,violett,rgb,213,0,255,6,9,line,white,en,,1.1.4,
13564,de,German (Deutsch),lila,lila,lila,rgb,255,0,254,6,10,line,white,en,,1.1.4,
13564,de,German (Deutsch),hellblau,hellblau,hellblau,rgb,0,195,255,6,11,line,white,en,,1.1.4,
13692,de,German (Deutsch),hellblau,hellblau,Hellblau,rgb,137,206,212,1,0,full,white,en,,1.1.4,
13692,de,German (Deutsch),grun,grün,Grün,rgb,111,157,52,1,1,full,white,en,,1.1.4,
13692,de,German (Deutsch),blau,blau,Blau,rgb,106,141,234,1,2,full,white,en,,1.1.4,
13692,de,German (Deutsch),dunkleslila,dunkles lila,Dunkles Lila,rgb,74,11,159,1,3,full,white,en,,1.1.4,
13692,de,German (Deutsch),rot,rot,Rot,rgb,202,79,54,1,4,full,white,en,,1.1.4,
13692,de,German (Deutsch),helleslila,helles lila,Helles Lila,rgb,175,7,253,1,5,full,white,en,,1.1.4,
13692,de,German (Deutsch),dunkleslila,dunkles lila,Dunkles Lila,rgb,94,85,142,1,6,full,white,en,,1.1.4,
13692,de,German (Deutsch),helleslila,helles lila,Helles Lila,rgb,175,80,241,1,7,full,white,en,,1.1.4,
13692,de,German (Deutsch),dunkelrot,dunkelrot,Dunkelrot,rgb,87,29,56,1,8,full,white,en,,1.1.4,
13692,de,German (Deutsch),grau,grau,Grau,rgb,170,176,182,1,9,full,white,en,,1.1.4,
13692,de,German (Deutsch),kastanienbraun,kastanienbraun,Kastanienbraun,rgb,93,22,14,1,10,full,white,en,,1.1.4,
13692,de,German (Deutsch),rot,rot,Rot,rgb,195,18,3,1,11,full,white,en,,1.1.4,
13692,de,German (Deutsch),pink,pink,Pink,rgb,254,62,247,3,0,full,white,en,,1.1.4,
13692,de,German (Deutsch),dunklesrosa,dunkles rosa,Dunkles Rosa,rgb,205,66,153,3,1,full,white,en,,1.1.4,
13692,de,German (Deutsch),mintgrun,mintgrün,Mintgrün,rgb,91,221,130,3,2,full,white,en,,1.1.4,
13692,de,German (Deutsch),altrosa,altrosa,Altrosa,rgb,226,141,187,3,3,full,white,en,,1.1.4,
13692,de,German (Deutsch),beige,beige,Beige,rgb,247,180,148,3,4,full,white,en,,1.1.4,
13692,de,German (Deutsch),dunkelblau,dunkel blau,Dunkel blau,rgb,34,66,88,3,5,full,white,en,,1.1.4,
13692,de,German (Deutsch),dunkellila,dunkel lila,Dunkel lila,rgb,48,10,59,3,6,full,white,en,,1.1.4,
13692,de,German (Deutsch),dunkelbraun,dunkel braun,Dunkel braun,rgb,78,53,28,3,7,full,white,en,,1.1.4,
13692,de,German (Deutsch),hellbraun,hellbraun,Hellbraun,rgb,174,128,77,3,8,full,white,en,,1.1.4,
13692,de,German (Deutsch),bordeauxrot,bordeauxrot,Bordeauxrot,rgb,142,7,80,3,9,full,white,en,,1.1.4,
13692,de,German (Deutsch),dunkellilablau,dunkel lila blau,Dunkel lila-blau,rgb,79,70,169,3,10,full,white,en,,1.1.4,
13692,de,German (Deutsch),turkisblau,türkis blau,Türkis-blau,rgb,71,248,252,3,11,full,white,en,,1.1.4,
13692,de,German (Deutsch),moosgrun,moosgrün,Moosgrün,rgb,73,121,97,6,0,full,white,en,,1.1.4,
13692,de,German (Deutsch),blau,blau,blau,rgb,56,138,185,6,1,full,white,en,,1.1.4,
13692,de,German (Deutsch),knallpink,knallpink,Knallpink,rgb,230,36,120,6,2,full,white,en,,1.1.4,
13692,de,German (Deutsch),marineblau,marineblau,Marineblau,rgb,3,29,206,6,3,full,white,en,,1.1.4,
13692,de,German (Deutsch),orange,orange,Orange,rgb,235,136,47,6,4,full,white,en,,1.1.4,
13692,de,German (Deutsch),olivegrun,olivegrün,Olivegrün,rgb,99,102,62,6,5,full,white,en,,1.1.4,
13692,de,German (Deutsch),blassgrun,blassgrün,Blassgrün,rgb,166,184,120,6,6,full,white,en,,1.1.4,
13692,de,German (Deutsch),sattesgrun,sattes grün,Sattes grün,rgb,22,150,74,6,7,full,white,en,,1.1.4,
13692,de,German (Deutsch),dunkleslila,dunkles lila,Dunkles lila,rgb,147,25,137,6,8,full,white,en,,1.1.4,
13692,de,German (Deutsch),dunkelgrun,dunkelgrün,Dunkelgrün,rgb,22,77,25,6,9,full,white,en,,1.1.4,
13692,de,German (Deutsch),hellesgrungelb,helles grün gelb,Helles grün-gelb,rgb,197,221,29,6,10,full,white,en,,1.1.4,
13692,de,German (Deutsch),goldenrod,goldenrod,Goldenrod,rgb,161,152,59,6,11,full,white,en,,1.1.4,
13747,de,German (Deutsch),flieder,flieder,Flieder,rgb,219,0,255,1,0,line,white,en,,1.1.4,
13747,de,German (Deutsch),marinblau,marinblau,Marinblau,rgb,84,0,255,1,1,line,white,en,,1.1.4,
13747,de,German (Deutsch),rot,rot,Rot,rgb,255,0,53,1,2,line,white,en,,1.1.4,
13747,de,German (Deutsch),himmelblau,himmelblau,Himmelblau,rgb,0,144,255,1,3,line,white,en,,1.1.4,
13747,de,German (Deutsch),hellblau,hellblau,Hellblau,rgb,0,188,255,1,4,line,white,en,,1.1.4,
13747,de,German (Deutsch),orange,orange,Orange,rgb,255,200,0,1,5,line,white,en,,1.1.4,
13747,de,German (Deutsch),lindgrun,lindgrün,Lindgrün,rgb,188,255,0,1,6,line,white,en,,1.1.4,
13747,de,German (Deutsch),neonblau,neonblau,Neonblau,rgb,0,248,255,1,7,line,white,en,,1.1.4,
13747,de,German (Deutsch),pink,pink,Pink,rgb,255,0,220,1,8,line,white,en,,1.1.4,
13747,de,German (Deutsch),rot,rot,Rot,rgb,255,0,41,1,9,line,white,en,,1.1.4,
13747,de,German (Deutsch),gelb,gelb,Gelb,rgb,237,255,0,1,10,line,white,en,,1.1.4,
13747,de,German (Deutsch),rosa,rosa,Rosa,rgb,255,0,99,1,11,line,white,en,,1.1.4,
13747,de,German (Deutsch),marineblau,marineblau,Marineblau,rgb,0,78,255,3,0,line,white,en,,1.1.4,
13747,de,German (Deutsch),turkies,türkies,Türkies,rgb,0,255,170,3,1,line,white,en,,1.1.4,
13747,de,German (Deutsch),turkies,türkies,Türkies,rgb,0,255,200,3,2,line,white,en,,1.1.4,
13747,de,German (Deutsch),himmelblau,himmelblau,Himmelblau,rgb,0,130,255,3,3,line,white,en,,1.1.4,
13747,de,German (Deutsch),hellgrun,hellgrün,Hellgrün,rgb,0,255,44,3,4,line,white,en,,1.1.4,
13747,de,German (Deutsch),currygelb,curry gelb,Curry Gelb,rgb,255,179,0,3,5,line,white,en,,1.1.4,
13747,de,German (Deutsch),hellblau,hellblau,Hellblau,rgb,0,172,255,3,6,line,white,en,,1.1.4,
13747,de,German (Deutsch),flieder,flieder,Flieder,rgb,180,0,255,3,7,line,white,en,,1.1.4,
13747,de,German (Deutsch),neonblau,neonblau,Neonblau,rgb,0,225,255,3,8,line,white,en,,1.1.4,
13747,de,German (Deutsch),lila,lila,Lila,rgb,117,0,255,3,9,line,white,en,,1.1.4,
13747,de,German (Deutsch),orange,orange,Orange,rgb,255,95,0,3,10,line,white,en,,1.1.4,
13747,de,German (Deutsch),gelb,gelb,Gelb,rgb,255,226,0,3,11,line,white,en,,1.1.4,
13747,de,German (Deutsch),himmelblau,himmelblau,Himmelblau,rgb,0,108,255,6,0,line,white,en,,1.1.4,
13747,de,German (Deutsch),neonblau,neonblau,Neonblau,rgb,0,255,252,6,1,line,white,en,,1.1.4,
13747,de,German (Deutsch),lindgrun,lindgrün,Lindgrün,rgb,161,255,0,6,2,line,white,en,,1.1.4,
13747,de,German (Deutsch),rot,rot,Rot,rgb,255,64,0,6,3,line,white,en,,1.1.4,
13747,de,German (Deutsch),turkies,türkies,Türkies,rgb,0,255,106,6,4,line,white,en,,1.1.4,
13747,de,German (Deutsch),turkies,türkies,Türkies,rgb,0,255,152,6,5,line,white,en,,1.1.4,
13747,de,German (Deutsch),pink,pink,Pink,rgb,255,0,134,6,6,line,white,en,,1.1.4,
13747,de,German (Deutsch),orange,orange,Orange,rgb,255,148,0,6,7,line,white,en,,1.1.4,
13747,de,German (Deutsch),blau,blau,Blau,rgb,0,60,255,6,8,line,white,en,,1.1.4,
13747,de,German (Deutsch),flieder,flieder,Flieder,rgb,255,0,207,6,9,line,white,en,,1.1.4,
13747,de,German (Deutsch),grunerapfel,grüner apfel,Grüner Apfel,rgb,132,255,0,6,10,line,white,en,,1.1.4,
13747,de,German (Deutsch),pink,pink,Pink,rgb,255,0,145,6,11,line,white,en,,1.1.4,
13792,de,German (Deutsch),grun,grün,Grün,rgb,61,203,154,1,0,full,white,en,,1.1.4,
13792,de,German (Deutsch),braun,braun,Braun,rgb,156,135,139,1,1,full,white,en,,1.1.4,
13792,de,German (Deutsch),turkis,türkis,Türkis,rgb,118,207,216,1,2,full,white,en,,1.1.4,
13792,de,German (Deutsch),dunkelbraun,dunkelbraun,Dunkelbraun,rgb,97,73,62,1,3,full,white,en,,1.1.4,
13792,de,German (Deutsch),grun,grün,Grün,rgb,168,206,99,1,4,full,white,en,,1.1.4,
13792,de,German (Deutsch),rosa,rosa,rosa,rgb,216,127,186,1,5,full,white,en,,1.1.4,
13792,de,German (Deutsch),schwarz,schwarz,Schwarz,rgb,50,61,35,1,6,full,white,en,,1.1.4,
13792,de,German (Deutsch),pink,pink,Pink,rgb,233,109,216,1,7,full,white,en,,1.1.4,
13792,de,German (Deutsch),grun,grün,Grün,rgb,128,171,130,1,8,full,white,en,,1.1.4,
13792,de,German (Deutsch),rot,rot,Rot,rgb,235,53,80,1,9,full,white,en,,1.1.4,
13792,de,German (Deutsch),blau,blau,Blau,rgb,97,127,199,1,10,full,white,en,,1.1.4,
13792,de,German (Deutsch),dunkelblau,dunkelblau,Dunkelblau,rgb,17,52,128,1,11,full,white,en,,1.1.4,
13792,de,German (Deutsch),grun,grün,Grün,rgb,182,182,34,3,0,full,white,en,,1.1.4,
13792,de,German (Deutsch),grun,grün,Grün,rgb,143,235,112,3,1,full,white,en,,1.1.4,
13792,de,German (Deutsch),lila,lila,Lila,rgb,136,82,108,3,2,full,white,en,,1.1.4,
13792,de,German (Deutsch),gelb,gelb,Gelb,rgb,245,204,57,3,3,full,white,en,,1.1.4,
13792,de,German (Deutsch),grun,grün,Grün,rgb,137,136,32,3,4,full,white,en,,1.1.4,
13792,de,German (Deutsch),dunkelblau,dunkelblau,Dunkelblau,rgb,42,5,99,3,5,full,white,en,,1.1.4,
13792,de,German (Deutsch),blau,blau,Blau,rgb,30,11,215,3,6,full,white,en,,1.1.4,
13792,de,German (Deutsch),grun,grün,Grün,rgb,133,120,65,3,7,full,white,en,,1.1.4,
13792,de,German (Deutsch),dunkellila,dunkellila,Dunkellila,rgb,40,35,61,3,8,full,white,en,,1.1.4,
13792,de,German (Deutsch),hellbraun,hellbraun,Hellbraun,rgb,197,160,97,3,9,full,white,en,,1.1.4,
13792,de,German (Deutsch),brombeere,brombeere,Brombeere,rgb,127,23,74,3,10,full,white,en,,1.1.4,
13792,de,German (Deutsch),grun,grün,Grün,rgb,26,117,62,3,11,full,white,en,,1.1.4,
13792,de,German (Deutsch),senffarbend,senffarbend,Senffarbend,rgb,220,156,22,6,0,full,white,en,,1.1.4,
13792,de,German (Deutsch),grun,grün,Grün,rgb,93,190,33,6,1,full,white,en,,1.1.4,
13792,de,German (Deutsch),grun,grün,Grün,rgb,102,152,46,6,2,full,white,en,,1.1.4,
13792,de,German (Deutsch),blau,blau,Blau,rgb,82,48,164,6,3,full,white,en,,1.1.4,
13792,de,German (Deutsch),flieder,flieder,Flieder,rgb,219,210,222,6,4,full,white,en,,1.1.4,
13792,de,German (Deutsch),lila,lila,Lila,rgb,133,55,229,6,5,full,white,en,,1.1.4,
13792,de,German (Deutsch),pink,pink,Pink,rgb,232,23,119,6,6,full,white,en,,1.1.4,
13792,de,German (Deutsch),blau,blau,Blau,rgb,48,114,235,6,7,full,white,en,,1.1.4,
13792,de,German (Deutsch),rotbraun,rotbraun,Rotbraun,rgb,197,76,83,6,8,full,white,en,,1.1.4,
13792,de,German (Deutsch),pink,pink,Pink,rgb,200,21,210,6,9,full,white,en,,1.1.4,
13792,de,German (Deutsch),turkis,türkis,Türkis,rgb,44,232,230,6,10,full,white,en,,1.1.4,
13792,de,German (Deutsch),grun,grün,Grün,rgb,80,94,9,6,11,full,white,en,,1.1.4,
13793,de,German (Deutsch),blau,blau,Blau,rgb,62,14,215,1,0,full,white,en,,1.1.4,
13793,de,German (Deutsch),turkis,türkis,Türkis,rgb,165,233,219,1,1,full,white,en,,1.1.4,
13793,de,German (Deutsch),braun,braun,Braun,rgb,150,107,52,1,2,full,white,en,,1.1.4,
13793,de,German (Deutsch),grungrau,grüngrau,Grüngrau,rgb,104,107,90,1,3,full,white,en,,1.1.4,
13793,de,German (Deutsch),dunkelrot,dunkelrot,Dunkelrot,rgb,70,16,32,1,4,full,white,en,,1.1.4,
13793,de,German (Deutsch),dunkelblau,dunkelblau,Dunkelblau,rgb,34,28,100,1,5,full,white,en,,1.1.4,
13793,de,German (Deutsch),pink,pink,Pink,rgb,241,98,204,1,7,full,white,en,,1.1.4,
13793,de,German (Deutsch),grun,grün,Grün,rgb,39,173,108,1,8,full,white,en,,1.1.4,
13793,de,German (Deutsch),altrosa,altrosa,Altrosa,rgb,134,86,155,1,9,full,white,en,,1.1.4,
13793,de,German (Deutsch),lila,lila,Lila,rgb,70,18,124,1,10,full,white,en,,1.1.4,
13793,de,German (Deutsch),hellgrun,hellgrün,Hellgrün,rgb,163,220,159,1,11,full,white,en,,1.1.4,
13793,de,German (Deutsch),graugrun,graugrün,Graugrün,rgb,177,188,170,3,0,full,white,en,,1.1.4,
13793,de,German (Deutsch),dunkelgrun,dunkelgrün,Dunkelgrün,rgb,71,142,41,3,1,full,white,en,,1.1.4,
13793,de,German (Deutsch),hellgrun,hellgrün,Hellgrün,rgb,91,171,4,3,2,full,white,en,,1.1.4,
13793,de,German (Deutsch),hellblau,hellblau,Hellblau,rgb,170,204,250,3,3,full,white,en,,1.1.4,
13793,de,German (Deutsch),knallgrun,knallgrün,Knallgrün,rgb,47,217,81,3,4,full,white,en,,1.1.4,
13793,de,German (Deutsch),orange,orange,Orange,rgb,233,143,93,3,5,full,white,en,,1.1.4,
13793,de,German (Deutsch),pink,pink,Pink,rgb,251,28,200,3,6,full,white,en,,1.1.4,
13793,de,German (Deutsch),hellknallgrun,hellknallgrün,Hellknallgrün,rgb,101,232,9,3,7,full,white,en,,1.1.4,
13793,de,German (Deutsch),blau,blau,Blau,rgb,67,120,186,3,8,full,white,en,,1.1.4,
13793,de,German (Deutsch),grungrau,grüngrau,Grüngrau,rgb,57,140,99,3,10,full,white,en,,1.1.4,
13793,de,German (Deutsch),altrosa,altrosa,Altrosa,rgb,188,70,231,3,11,full,white,en,,1.1.4,
13793,de,German (Deutsch),turkis,türkis,Türkis,rgb,59,197,209,6,0,full,white,en,,1.1.4,
13793,de,German (Deutsch),rosa,rosa,Rosa,rgb,206,160,224,6,1,full,white,en,,1.1.4,
13793,de,German (Deutsch),karminrot,karminrot,Karminrot,rgb,156,69,90,6,2,full,white,en,,1.1.4,
13793,de,German (Deutsch),rot,rot,Rot,rgb,183,33,63,6,3,full,white,en,,1.1.4,
13793,de,German (Deutsch),grungrau,grüngrau,Grüngrau,rgb,61,60,53,6,4,full,white,en,,1.1.4,
13793,de,German (Deutsch),hellblau,hellblau,Hellblau,rgb,15,199,250,6,5,full,white,en,,1.1.4,
13793,de,German (Deutsch),altrosa,altrosa,Altrosa,rgb,192,81,140,6,6,full,white,en,,1.1.4,
13793,de,German (Deutsch),gelbgrun,gelbgrün,Gelbgrün,rgb,226,235,100,6,7,full,white,en,,1.1.4,
13793,de,German (Deutsch),knallrosa,knallrosa,Knallrosa,rgb,146,9,151,6,8,full,white,en,,1.1.4,
13793,de,German (Deutsch),blau,blau,Blau,rgb,62,86,239,6,9,full,white,en,,1.1.4,
13793,de,German (Deutsch),dunkelgrun,dunkelgrün,Dunkelgrün,rgb,11,53,21,6,10,full,white,en,,1.1.4,
13793,de,German (Deutsch),dunkelorange,dunkelorange,Dunkelorange,rgb,206,158,10,6,11,full,white,en,,1.1.4,
13794,de,German (Deutsch),rotorange,rot orange,Rot orange,rgb,255,76,0,1,0,line,white,en,,1.1.4,
13794,de,German (Deutsch),orange,orange,Orange,rgb,255,141,0,1,1,line,white,en,,1.1.4,
13794,de,German (Deutsch),gelb,gelb,Gelb,rgb,255,200,0,1,2,line,white,en,,1.1.4,
13794,de,German (Deutsch),violet,violet,Violet,rgb,138,0,255,1,3,line,white,en,,1.1.4,
13794,de,German (Deutsch),blau,blau,Blau,rgb,0,177,255,1,4,line,white,en,,1.1.4,
13794,de,German (Deutsch),hellgrun,hellgrün,Hellgrün,rgb,0,255,186,1,5,line,white,en,,1.1.4,
13794,de,German (Deutsch),hellblau,hellblau,Hellblau,rgb,0,196,255,1,6,line,white,en,,1.1.4,
13794,de,German (Deutsch),orange,orange,Orange,rgb,255,94,0,1,7,line,white,en,,1.1.4,
13794,de,German (Deutsch),pink,pink,Pink,rgb,255,0,159,1,8,line,white,en,,1.1.4,
13794,de,German (Deutsch),blau,blau,Blau,rgb,0,137,255,1,9,line,white,en,,1.1.4,
13794,de,German (Deutsch),hellblau,hellblau,Hellblau,rgb,0,211,255,1,10,line,white,en,,1.1.4,
13794,de,German (Deutsch),dunkelblau,dunkelblau,Dunkelblau,rgb,0,44,255,1,11,line,white,en,,1.1.4,
13794,de,German (Deutsch),dunkelblau,dunkelblau,Dunkelblau,rgb,0,97,255,3,0,line,white,en,,1.1.4,
13794,de,German (Deutsch),pink,pink,Pink,rgb,255,0,110,3,1,line,white,en,,1.1.4,
13794,de,German (Deutsch),hellgrun,hellgrün,Hellgrün,rgb,101,255,0,3,2,line,white,en,,1.1.4,
13794,de,German (Deutsch),pink,pink,Pink,rgb,255,0,209,3,3,line,white,en,,1.1.4,
13794,de,German (Deutsch),hrllgrun,hrllgrün,Hrllgrün,rgb,0,255,78,3,4,line,white,en,,1.1.4,
13794,de,German (Deutsch),turkis,türkis,Türkis,rgb,0,255,206,3,5,line,white,en,,1.1.4,
13794,de,German (Deutsch),violet,violet,Violet,rgb,241,0,255,3,6,line,white,en,,1.1.4,
13794,de,German (Deutsch),hellgrun,hellgrün,Hellgrün,rgb,0,255,13,3,7,line,white,en,,1.1.4,
13794,de,German (Deutsch),rot,rot,Rot,rgb,255,0,80,3,8,line,white,en,,1.1.4,
13794,de,German (Deutsch),pink,pink,Pink,rgb,255,0,243,3,9,line,white,en,,1.1.4,
13794,de,German (Deutsch),blau,blau,Blau,rgb,0,120,255,3,10,line,white,en,,1.1.4,
13794,de,German (Deutsch),hellgrun,hellgrün,Hellgrün,rgb,0,255,144,3,11,line,white,en,,1.1.4,
13794,de,German (Deutsch),gelb,gelb,Gelb,rgb,233,255,0,6,0,line,white,en,,1.1.4,
13794,de,German (Deutsch),hellgrun,hellgrün,Hellgrün,rgb,145,255,0,6,1,line,white,en,,1.1.4,
13794,de,German (Deutsch),pink,pink,Pink,rgb,255,0,136,6,2,line,white,en,,1.1.4,
13794,de,German (Deutsch),blau,blau,Blau,rgb,0,82,255,6,3,line,white,en,,1.1.4,
13794,de,German (Deutsch),orange,orange,Orange,rgb,255,169,0,6,4,line,white,en,,1.1.4,
13794,de,German (Deutsch),rot,rot,Rot,rgb,255,0,46,6,5,line,white,en,,1.1.4,
13794,de,German (Deutsch),violet,violet,Violet,rgb,180,0,255,6,6,line,white,en,,1.1.4,
13794,de,German (Deutsch),turkis,türkis,Türkis,rgb,0,255,248,6,7,line,white,en,,1.1.4,
13794,de,German (Deutsch),gelb,gelb,Gelb,rgb,255,240,0,6,8,line,white,en,,1.1.4,
13794,de,German (Deutsch),hellgrun,hellgrün,Hellgrün,rgb,198,255,0,6,9,line,white,en,,1.1.4,
13794,de,German (Deutsch),hellgrun,hellgrün,Hellgrün,rgb,0,243,255,6,10,line,white,en,,1.1.4,
13794,de,German (Deutsch),dunkelblau,dunkelblau,Dunkelblau,rgb,0,10,255,6,11,line,white,en,,1.1.4,
13823,de,German (Deutsch),kastanienbraun,kastanienbraun,Kastanienbraun,rgb,91,30,25,1,0,full,white,en,,1.1.4,
13823,de,German (Deutsch),lachsfarben,lachsfarben,Lachsfarben,rgb,208,73,72,1,1,full,white,en,,1.1.4,
13823,de,German (Deutsch),minzgrundunkel,minzgrün dunkel,Minzgrün dunkel,rgb,93,198,166,1,2,full,white,en,,1.1.4,
13823,de,German (Deutsch),rosa,rosa,Rosa,rgb,251,141,206,1,3,full,white,en,,1.1.4,
13823,de,German (Deutsch),minzgrunhell,minzgrün hell,Minzgrün hell,rgb,165,252,191,1,4,full,white,en,,1.1.4,
13823,de,German (Deutsch),magenta,magenta,Magenta,rgb,192,8,125,1,5,full,white,en,,1.1.4,
13823,de,German (Deutsch),dunkelbraun,dunkelbraun,Dunkelbraun,rgb,53,50,24,1,6,full,white,en,,1.1.4,
13823,de,German (Deutsch),violett,violett,Violett,rgb,79,31,156,1,7,full,white,en,,1.1.4,
13823,de,German (Deutsch),minzgrun,minzgrün,Minzgrün,rgb,20,233,176,1,8,full,white,en,,1.1.4,
13823,de,German (Deutsch),hellgrun,hellgrün,Hellgrün,rgb,16,217,6,1,9,full,white,en,,1.1.4,
13823,de,German (Deutsch),tintenblau,tintenblau,Tintenblau,rgb,24,80,129,1,10,full,white,en,,1.1.4,
13823,de,German (Deutsch),himmelblau,himmelblau,Himmelblau,rgb,60,164,219,1,11,full,white,en,,1.1.4,
13823,de,German (Deutsch),braun,braun,Braun,rgb,149,116,66,3,0,full,white,en,,1.1.4,
13823,de,German (Deutsch),waldgrun,waldgrün,Waldgrün,rgb,33,113,27,3,1,full,white,en,,1.1.4,
13823,de,German (Deutsch),ocker,ocker,Ocker,rgb,209,180,68,3,2,full,white,en,,1.1.4,
13823,de,German (Deutsch),hautfarben,hautfarben,Hautfarben,rgb,246,216,177,3,3,full,white,en,,1.1.4,
13823,de,German (Deutsch),hellgrau,hellgrau,Hellgrau,rgb,192,208,212,3,4,full,white,en,,1.1.4,
13823,de,German (Deutsch),lavendel,lavendel,Lavendel,rgb,158,72,137,3,5,full,white,en,,1.1.4,
13823,de,German (Deutsch),rot,rot,Rot,rgb,243,21,2,3,6,full,white,en,,1.1.4,
13823,de,German (Deutsch),pastellrosa,pastellrosa,Pastellrosa,rgb,236,172,191,3,7,full,white,en,,1.1.4,
13823,de,German (Deutsch),lila,lila,Lila,rgb,153,121,243,3,8,full,white,en,,1.1.4,
13823,de,German (Deutsch),helllila,helllila,Helllila,rgb,180,160,251,3,9,full,white,en,,1.1.4,
13823,de,German (Deutsch),aubergine,aubergine,Aubergine,rgb,53,37,101,3,10,full,white,en,,1.1.4,
13823,de,German (Deutsch),grau,grau,Grau,rgb,131,131,135,3,11,full,white,en,,1.1.4,
13823,de,German (Deutsch),lindgrun,lindgrün,Lindgrün,rgb,186,236,43,6,0,full,white,en,,1.1.4,
13823,de,German (Deutsch),violett,violett,Violett,rgb,123,47,243,6,1,full,white,en,,1.1.4,
13823,de,German (Deutsch),preussenblau,preussenblau,Preussenblau,rgb,25,56,152,6,2,full,white,en,,1.1.4,
13823,de,German (Deutsch),pastellgrun,pastellgrün,Pastellgrün,rgb,173,242,136,6,3,full,white,en,,1.1.4,
13823,de,German (Deutsch),lila,lila,Lila,rgb,181,69,205,6,4,full,white,en,,1.1.4,
13823,de,German (Deutsch),moosgrun,moosgrün,Moosgrün,rgb,92,130,78,6,5,full,white,en,,1.1.4,
13823,de,German (Deutsch),kobaltblau,kobaltblau,Kobaltblau,rgb,21,15,240,6,6,full,white,en,,1.1.4,
13823,de,German (Deutsch),hellblau,hellblau,Hellblau,rgb,34,152,255,6,7,full,white,en,,1.1.4,
13823,de,German (Deutsch),kornblumeblau,kornblumeblau,Kornblumeblau,rgb,84,94,173,6,8,full,white,en,,1.1.4,
13823,de,German (Deutsch),kiwigrun,kiwigrün,Kiwigrün,rgb,147,168,46,6,9,full,white,en,,1.1.4,
13823,de,German (Deutsch),graubraun,graubraun,Graubraun,rgb,80,64,68,6,10,full,white,en,,1.1.4,
13823,de,German (Deutsch),magenta,magenta,Magenta,rgb,226,28,192,6,11,full,white,en,,1.1.4,
14034,de,German (Deutsch),mudgray,mud gray,mud gray,rgb,75,105,100,1,0,full,white,en,,1.1.4,
14034,de,German (Deutsch),black,black,black,rgb,4,23,32,1,1,full,white,en,,1.1.4,
14034,de,German (Deutsch),pinegreen,pine green,pine green,rgb,54,169,25,1,2,full,white,en,,1.1.4,
14034,de,German (Deutsch),babyblue,baby blue,baby blue,rgb,64,143,223,1,3,full,white,en,,1.1.4,
14034,de,German (Deutsch),peach,peach,peach,rgb,243,160,132,1,4,full,white,en,,1.1.4,
14034,de,German (Deutsch),magenta,magenta,magenta,rgb,183,43,240,1,5,full,white,en,,1.1.4,
14034,de,German (Deutsch),olive,olive,olive,rgb,121,115,11,1,6,full,white,en,,1.1.4,
14034,de,German (Deutsch),velvetgreen,velvet green,velvet green,rgb,137,216,85,1,7,full,white,en,,1.1.4,
14034,de,German (Deutsch),greenturquois,green turquois,green turquois,rgb,18,163,82,1,8,full,white,en,,1.1.4,
14034,de,German (Deutsch),orange,orange,orange,rgb,237,70,25,1,9,full,white,en,,1.1.4,
14034,de,German (Deutsch),lightblue,light blue,light blue,rgb,132,190,226,1,10,full,white,en,,1.1.4,
14034,de,German (Deutsch),darkblue,dark blue,dark blue,rgb,4,32,122,1,11,full,white,en,,1.1.4,
14034,de,German (Deutsch),pink,pink,pink,rgb,246,145,206,3,0,full,white,en,,1.1.4,
14034,de,German (Deutsch),mudgray,mud gray,mud gray,rgb,125,119,133,3,1,full,white,en,,1.1.4,
14034,de,German (Deutsch),orangered,orange red,orange red,rgb,220,91,88,3,2,full,white,en,,1.1.4,
14034,de,German (Deutsch),baige,baige,baige,rgb,171,128,82,3,3,full,white,en,,1.1.4,
14034,de,German (Deutsch),bublegum,buble gum,buble gum,rgb,250,97,148,3,4,full,white,en,,1.1.4,
14034,de,German (Deutsch),lightolive,light olive,light olive,rgb,136,165,112,3,5,full,white,en,,1.1.4,
14034,de,German (Deutsch),neongreen,neon green,neon green,rgb,133,248,45,3,6,full,white,en,,1.1.4,
14034,de,German (Deutsch),violet,violet,violet,rgb,143,52,196,3,7,full,white,en,,1.1.4,
14034,de,German (Deutsch),marineblue,marine blue,marine blue,rgb,1,11,194,3,8,full,white,en,,1.1.4,
14034,de,German (Deutsch),mattlightgreen,matt light green,matt light green,rgb,78,246,117,3,9,full,white,en,,1.1.4,
14034,de,German (Deutsch),darkmagenta,dark magenta,dark magenta,rgb,195,23,74,3,10,full,white,en,,1.1.4,
14034,de,German (Deutsch),darkviolet,dark violet,dark violet,rgb,71,19,146,3,11,full,white,en,,1.1.4,
14034,de,German (Deutsch),hellviolet,hell violet,hell violet,rgb,188,179,212,6,0,full,white,en,,1.1.4,
14034,de,German (Deutsch),violet,violet,violet,rgb,103,88,199,6,1,full,white,en,,1.1.4,
14034,de,German (Deutsch),dunkelgrun,dunkel grün,dunkel grün,rgb,23,116,87,6,2,full,white,en,,1.1.4,
14034,de,German (Deutsch),turkis,türkis,türkis,rgb,28,176,199,6,3,full,white,en,,1.1.4,
14034,de,German (Deutsch),violet,violet,violet,rgb,102,45,125,6,4,full,white,en,,1.1.4,
14034,de,German (Deutsch),gelb,gelb,gelb,rgb,199,216,94,6,5,full,white,en,,1.1.4,
14034,de,German (Deutsch),orange,orange,orange,rgb,219,155,74,6,6,full,white,en,,1.1.4,
14034,de,German (Deutsch),hellturkis,hell türkis,hell türkis,rgb,36,248,181,6,7,full,white,en,,1.1.4,
14034,de,German (Deutsch),hellblau,hell blau,hell blau,rgb,122,230,211,6,8,full,white,en,,1.1.4,
14034,de,German (Deutsch),pink,pink,pink,rgb,212,113,251,6,9,full,white,en,,1.1.4,
14034,de,German (Deutsch),aquamarine,aqua marine,aqua marine,rgb,4,60,194,6,10,full,white,en,,1.1.4,
14034,de,German (Deutsch),olivegrun,olive grün,olive grün,rgb,161,166,75,6,11,full,white,en,,1.1.4,
14046,de,German (Deutsch),grun,grün,Grün,rgb,85,148,12,1,0,full,white,en,,1.1.4,
14046,de,German (Deutsch),hellgrun,hellgrün,Hellgrün,rgb,121,216,90,1,1,full,white,en,,1.1.4,
14046,de,German (Deutsch),turkis,türkis,Türkis,rgb,16,140,171,1,2,full,white,en,,1.1.4,
14046,de,German (Deutsch),rotbraun,rotbraun,Rotbraun,rgb,143,78,89,1,3,full,white,en,,1.1.4,
14046,de,German (Deutsch),navyblau,navy blau,Navy blau,rgb,36,27,194,1,4,full,white,en,,1.1.4,
14046,de,German (Deutsch),helleslila,helles lila,Helles lila,rgb,166,83,159,1,5,full,white,en,,1.1.4,
14046,de,German (Deutsch),rot,rot,Rot,rgb,189,47,40,1,6,full,white,en,,1.1.4,
14046,de,German (Deutsch),ocker,ocker,Ocker,rgb,204,162,39,1,7,full,white,en,,1.1.4,
14046,de,German (Deutsch),dunkelgelb,dunkelgelb,Dunkelgelb,rgb,226,201,105,1,8,full,white,en,,1.1.4,
14046,de,German (Deutsch),rotbraun,rotbraun,Rotbraun,rgb,128,7,21,1,9,full,white,en,,1.1.4,
14046,de,German (Deutsch),blauwschwarz,blauwschwarz,Blauwschwarz,rgb,26,59,75,1,10,full,white,en,,1.1.4,
14046,de,German (Deutsch),turkis,türkis,Türkis,rgb,51,193,135,1,11,full,white,en,,1.1.4,
14046,de,German (Deutsch),grasgrun,grasgrün,Grasgrün,rgb,15,204,55,3,0,full,white,en,,1.1.4,
14046,de,German (Deutsch),babyblau,babyblau,Babyblau,rgb,121,179,239,3,1,full,white,en,,1.1.4,
14046,de,German (Deutsch),knallrot,knallrot,Knallrot,rgb,249,14,51,3,2,full,white,en,,1.1.4,
14046,de,German (Deutsch),helleslila,helles lila,Helles lila,rgb,184,69,230,3,3,full,white,en,,1.1.4,
14046,de,German (Deutsch),lila,lila,Lila,rgb,124,28,136,3,4,full,white,en,,1.1.4,
14046,de,German (Deutsch),pink,pink,Pink,rgb,229,30,133,3,5,full,white,en,,1.1.4,
14046,de,German (Deutsch),dunklesapricot,dunkles apricot,Dunkles apricot,rgb,238,127,116,3,6,full,white,en,,1.1.4,
14046,de,German (Deutsch),dunkelblau,dunkelblau,Dunkelblau,rgb,26,42,140,3,7,full,white,en,,1.1.4,
14046,de,German (Deutsch),dunkelrot,dunkelrot,Dunkelrot,rgb,120,12,59,3,8,full,white,en,,1.1.4,
14046,de,German (Deutsch),hellbraun,hellbraun,Hellbraun,rgb,187,138,110,3,9,full,white,en,,1.1.4,
14046,de,German (Deutsch),braun,braun,Braun,rgb,183,95,44,3,10,full,white,en,,1.1.4,
14046,de,German (Deutsch),blau,blau,Blau,rgb,81,121,177,3,11,full,white,en,,1.1.4,
14046,de,German (Deutsch),hautfarben,hautfarben,Hautfarben,rgb,225,149,173,6,0,full,white,en,,1.1.4,
14046,de,German (Deutsch),grunturkis,grün türkis,Grün-türkis,rgb,11,162,148,6,1,full,white,en,,1.1.4,
14046,de,German (Deutsch),pink,pink,Pink,rgb,245,37,231,6,2,full,white,en,,1.1.4,
14046,de,German (Deutsch),dunkellila,dunkellila,Dunkellila,rgb,85,44,104,6,3,full,white,en,,1.1.4,
14046,de,German (Deutsch),beigegrun,beige grün,Beige-grün,rgb,180,206,163,6,4,full,white,en,,1.1.4,
14046,de,German (Deutsch),mossgrun,mossgrün,Mossgrün,rgb,105,114,12,6,5,full,white,en,,1.1.4,
14046,de,German (Deutsch),hellblau,hellblau,Hellblau,rgb,155,225,245,6,6,full,white,en,,1.1.4,
14046,de,German (Deutsch),blau,blau,Blau,rgb,100,8,235,6,7,full,white,en,,1.1.4,
14046,de,German (Deutsch),rotorange,rot orange,Rot-orange,rgb,222,100,24,6,8,full,white,en,,1.1.4,
14046,de,German (Deutsch),dunklesturkisblau,dunkles türkis blau,Dunkles türkis-blau,rgb,69,121,118,6,9,full,white,en,,1.1.4,
14046,de,German (Deutsch),neongrum,neon grüm,Neon-grüm,rgb,179,238,64,6,10,full,white,en,,1.1.4,
14046,de,German (Deutsch),flieder,flieder,Flieder,rgb,133,116,222,6,11,full,white,en,,1.1.4,
14231,de,German (Deutsch),schwarz,schwarz,schwarz,rgb,0,22,2,1,0,full,white,en,,1.1.4,
14231,de,German (Deutsch),himmelblau,himmelblau,himmelblau,rgb,56,192,228,1,1,full,white,en,,1.1.4,
14231,de,German (Deutsch),pink,pink,pink,rgb,235,31,173,1,2,full,white,en,,1.1.4,
14231,de,German (Deutsch),hellblau,hellblau,hellblau,rgb,182,192,230,1,3,full,white,en,,1.1.4,
14231,de,German (Deutsch),blaugrun,blaugrün,blaugrün,rgb,122,158,110,1,4,full,white,en,,1.1.4,
14231,de,German (Deutsch),flieder,flieder,flieder,rgb,210,131,173,1,5,full,white,en,,1.1.4,
14231,de,German (Deutsch),dunkelgrun,dunkelgrün,dunkelgrün,rgb,55,165,68,1,6,full,white,en,,1.1.4,
14231,de,German (Deutsch),khaki,khaki,khaki,rgb,124,142,51,1,7,full,white,en,,1.1.4,
14231,de,German (Deutsch),sonnengelb,sonnengelb,sonnengelb,rgb,243,217,39,1,8,full,white,en,,1.1.4,
14231,de,German (Deutsch),rostrot,rostrot,rostrot,rgb,207,94,65,1,9,full,white,en,,1.1.4,
14231,de,German (Deutsch),violett,violett,violett,rgb,142,117,139,1,10,full,white,en,,1.1.4,
14231,de,German (Deutsch),magenta,magenta,magenta,rgb,207,74,152,1,11,full,white,en,,1.1.4,
14231,de,German (Deutsch),konigsblau,königsblau,königsblau,rgb,75,8,139,3,0,full,white,en,,1.1.4,
14231,de,German (Deutsch),gelb,gelb,gelb,rgb,245,184,67,3,1,full,white,en,,1.1.4,
14231,de,German (Deutsch),rotbraun,rotbraun,rotbraun,rgb,185,33,33,3,2,full,white,en,,1.1.4,
14231,de,German (Deutsch),grau,grau,grau,rgb,183,176,146,3,3,full,white,en,,1.1.4,
14231,de,German (Deutsch),mauve,mauve,mauve,rgb,121,22,67,3,4,full,white,en,,1.1.4,
14231,de,German (Deutsch),lavendel,lavendel,lavendel,rgb,234,156,242,3,5,full,white,en,,1.1.4,
14231,de,German (Deutsch),turkis,türkis,türkis,rgb,145,241,193,3,6,full,white,en,,1.1.4,
14231,de,German (Deutsch),grasgrun,grasgrün,grasgrün,rgb,60,206,12,3,7,full,white,en,,1.1.4,
14231,de,German (Deutsch),waldgrun,waldgrün,waldgrün,rgb,7,49,10,3,8,full,white,en,,1.1.4,
14231,de,German (Deutsch),lachsfarben,lachsfarben,lachsfarben,rgb,242,132,59,3,10,full,white,en,,1.1.4,
14231,de,German (Deutsch),ultramarinblau,ultramarinblau,ultramarinblau,rgb,73,17,86,3,11,full,white,en,,1.1.4,
14231,de,German (Deutsch),braun,braun,braun,rgb,122,80,41,6,0,full,white,en,,1.1.4,
14231,de,German (Deutsch),beige,beige,beige,rgb,204,180,109,6,1,full,white,en,,1.1.4,
14231,de,German (Deutsch),rotbraun,rotbraun,rotbraun,rgb,136,23,34,6,2,full,white,en,,1.1.4,
14231,de,German (Deutsch),violett,violett,violett,rgb,168,143,236,6,3,full,white,en,,1.1.4,
14231,de,German (Deutsch),blau,blau,blau,rgb,52,7,186,6,4,full,white,en,,1.1.4,
14231,de,German (Deutsch),blau,blau,blau,rgb,34,58,178,6,5,full,white,en,,1.1.4,
14231,de,German (Deutsch),turkis,türkis,türkis,rgb,28,175,156,6,6,full,white,en,,1.1.4,
14231,de,German (Deutsch),blau,blau,blau,rgb,8,95,254,6,7,full,white,en,,1.1.4,
14231,de,German (Deutsch),blau,blau,blau,rgb,34,96,203,6,8,full,white,en,,1.1.4,
14231,de,German (Deutsch),hellgrun,hellgrün,hellgrün,rgb,173,206,36,6,9,full,white,en,,1.1.4,
14231,de,German (Deutsch),fuchsia,fuchsia,fuchsia,rgb,249,33,71,6,10,full,white,en,,1.1.4,
14231,de,German (Deutsch),blau,blau,blau,rgb,47,116,156,6,11,full,white,en,,1.1.4,
14358,de,German (Deutsch),blau,blau,blau,rgb,62,44,195,1,0,full,white,en,,1.1.4,
14358,de,German (Deutsch),lavendel,lavendel,lavendel,rgb,150,76,134,1,1,full,white,en,,1.1.4,
14358,de,German (Deutsch),graubraun,graubraun,graubraun,rgb,101,81,70,1,2,full,white,en,,1.1.4,
14358,de,German (Deutsch),rotbraun,rotbraun,rotbraun,rgb,188,81,64,1,3,full,white,en,,1.1.4,
14358,de,German (Deutsch),dunkelgrun,dunkelgrün,dunkelgrün,rgb,18,24,2,1,4,full,white,en,,1.1.4,
14358,de,German (Deutsch),turkis,türkis,türkis,rgb,24,187,114,1,5,full,white,en,,1.1.4,
14358,de,German (Deutsch),grun,grün,grün,rgb,33,78,6,1,6,full,white,en,,1.1.4,
14358,de,German (Deutsch),hautfarben,hautfarben,hautfarben,rgb,247,185,168,1,7,full,white,en,,1.1.4,
14358,de,German (Deutsch),hellgrun,hellgrün,hellgrün,rgb,78,140,68,1,8,full,white,en,,1.1.4,
14358,de,German (Deutsch),hellblau,hellblau,hellblau,rgb,15,65,99,1,9,full,white,en,,1.1.4,
14358,de,German (Deutsch),gelb,gelb,gelb,rgb,246,146,56,1,10,full,white,en,,1.1.4,
14358,de,German (Deutsch),blaugrau,blaugrau,blaugrau,rgb,168,167,190,1,11,full,white,en,,1.1.4,
14358,de,German (Deutsch),gelbgrun,gelbgrün,gelbgrün,rgb,223,248,112,3,0,full,white,en,,1.1.4,
14358,de,German (Deutsch),rotlich,rötlich,rötlich,rgb,198,124,103,3,1,full,white,en,,1.1.4,
14358,de,German (Deutsch),himmelblau,himmelblau,himmelblau,rgb,74,182,230,3,2,full,white,en,,1.1.4,
14358,de,German (Deutsch),lila,lila,lila,rgb,69,52,109,3,3,full,white,en,,1.1.4,
14358,de,German (Deutsch),hellviolett,hellviolett,hellviolett,rgb,195,170,245,3,4,full,white,en,,1.1.4,
14358,de,German (Deutsch),helllblau,helllblau,helllblau,rgb,110,149,237,3,5,full,white,en,,1.1.4,
14358,de,German (Deutsch),grasgrun,grasgrün,grasgrün,rgb,102,181,67,3,6,full,white,en,,1.1.4,
14358,de,German (Deutsch),dunkelblau,dunkelblau,dunkelblau,rgb,50,35,139,3,7,full,white,en,,1.1.4,
14358,de,German (Deutsch),kaminrot,kaminrot,kaminrot,rgb,195,17,52,3,8,full,white,en,,1.1.4,
14358,de,German (Deutsch),turkis,türkis,türkis,rgb,1,181,195,3,9,full,white,en,,1.1.4,
14358,de,German (Deutsch),hellbraun,hellbraun,hellbraun,rgb,168,155,107,3,10,full,white,en,,1.1.4,
14358,de,German (Deutsch),sumpfgrun,sumpfgrün,sumpfgrün,rgb,131,132,18,3,11,full,white,en,,1.1.4,
14358,de,German (Deutsch),sandfarben,sandfarben,sandfarben,rgb,207,187,49,6,0,full,white,en,,1.1.4,
14358,de,German (Deutsch),grau,grau,grau,rgb,215,213,207,6,1,full,white,en,,1.1.4,
14358,de,German (Deutsch),hellturkis,helltürkis,helltürkis,rgb,115,251,240,6,2,full,white,en,,1.1.4,
14358,de,German (Deutsch),violett,violett,violett,rgb,145,57,85,6,3,full,white,en,,1.1.4,
14358,de,German (Deutsch),pastell,pastell,pastell,rgb,23,154,120,6,4,full,white,en,,1.1.4,
14358,de,German (Deutsch),blau,blau,blau,rgb,52,94,242,6,5,full,white,en,,1.1.4,
14358,de,German (Deutsch),orange,orange,orange,rgb,242,78,52,6,6,full,white,en,,1.1.4,
14358,de,German (Deutsch),rosa,rosa,rosa,rgb,231,131,173,6,7,full,white,en,,1.1.4,
14358,de,German (Deutsch),neongrun,neongrün,neongrün,rgb,1,212,59,6,8,full,white,en,,1.1.4,
14358,de,German (Deutsch),grunblau,grünblau,grünblau,rgb,12,77,67,6,9,full,white,en,,1.1.4,
14358,de,German (Deutsch),hellgrun,hellgrün,hellgrün,rgb,182,245,196,6,10,full,white,en,,1.1.4,
14358,de,German (Deutsch),lila,lila,lila,rgb,93,21,226,6,11,full,white,en,,1.1.4,
14683,de,German (Deutsch),indigo,indigo,Indigo,rgb,58,38,189,1,0,full,white,en,,1.1.5,
14683,de,German (Deutsch),hellblau,hellblau,Hellblau,rgb,172,217,235,1,1,full,white,en,,1.1.5,
14683,de,German (Deutsch),hellgrun,hellgrün,Hellgrün,rgb,49,210,101,1,2,full,white,en,,1.1.5,
14683,de,German (Deutsch),dunkelblau,dunkelblau,Dunkelblau,rgb,5,44,136,1,3,full,white,en,,1.1.5,
14683,de,German (Deutsch),gelb,gelb,Gelb,rgb,234,248,57,1,4,full,white,en,,1.1.5,
14683,de,German (Deutsch),petrol,petrol,Petrol,rgb,47,114,119,1,5,full,white,en,,1.1.5,
14683,de,German (Deutsch),lachs,lachs,Lachs,rgb,249,149,158,1,6,full,white,en,,1.1.5,
14683,de,German (Deutsch),grasgrun,grasgrün,Grasgrün,rgb,142,204,69,1,7,full,white,en,,1.1.5,
14683,de,German (Deutsch),violett,violett,Violett,rgb,194,167,228,1,8,full,white,en,,1.1.5,
14683,de,German (Deutsch),tannengrun,tannengrün,Tannengrün,rgb,63,132,102,1,9,full,white,en,,1.1.5,
14683,de,German (Deutsch),ocker,ocker,Ocker,rgb,173,167,103,1,10,full,white,en,,1.1.5,
14683,de,German (Deutsch),burgunderrot,burgunderrot,Burgunderrot,rgb,113,49,84,1,11,full,white,en,,1.1.5,
14683,de,German (Deutsch),koralle,koralle,Koralle,rgb,253,93,73,3,0,full,white,en,,1.1.5,
14683,de,German (Deutsch),turkis,türkis,Türkis,rgb,62,178,206,3,1,full,white,en,,1.1.5,
14683,de,German (Deutsch),magenta,magenta,Magenta,rgb,200,24,243,3,2,full,white,en,,1.1.5,
14683,de,German (Deutsch),hellgrun,hellgrün,Hellgrün,rgb,137,170,72,3,3,full,white,en,,1.1.5,
14683,de,German (Deutsch),dunkelgrun,dunkelgrün,Dunkelgrün,rgb,38,120,18,3,4,full,white,en,,1.1.5,
14683,de,German (Deutsch),pink,pink,Pink,rgb,241,81,161,3,5,full,white,en,,1.1.5,
14683,de,German (Deutsch),taubengrau,taubengrau,Taubengrau,rgb,114,122,188,3,6,full,white,en,,1.1.5,
14683,de,German (Deutsch),hellgrun,hellgrün,Hellgrün,rgb,203,222,131,3,7,full,white,en,,1.1.5,
14683,de,German (Deutsch),dunkelviolett,dunkelviolett,Dunkelviolett,rgb,46,28,39,3,8,full,white,en,,1.1.5,
14683,de,German (Deutsch),mint,mint,Mint,rgb,184,243,192,3,10,full,white,en,,1.1.5,
14683,de,German (Deutsch),fleischfarben,fleischfarben,Fleischfarben,rgb,253,158,116,3,11,full,white,en,,1.1.5,
14683,de,German (Deutsch),braun,braun,Braun,rgb,107,71,31,6,1,full,white,en,,1.1.5,
14683,de,German (Deutsch),rotbraun,rotbraun,Rotbraun,rgb,117,75,70,6,2,full,white,en,,1.1.5,
14683,de,German (Deutsch),taubengrau,taubengrau,Taubengrau,rgb,87,86,119,6,3,full,white,en,,1.1.5,
14683,de,German (Deutsch),rot,rot,Rot,rgb,197,10,40,6,4,full,white,en,,1.1.5,
14683,de,German (Deutsch),orange,orange,Orange,rgb,212,84,6,6,5,full,white,en,,1.1.5,
14683,de,German (Deutsch),beige,beige,Beige,rgb,241,222,205,6,6,full,white,en,,1.1.5,
14683,de,German (Deutsch),rosa,rosa,Rosa,rgb,214,134,217,6,7,full,white,en,,1.1.5,
14683,de,German (Deutsch),lila,lila,Lila,rgb,101,49,115,6,8,full,white,en,,1.1.5,
14683,de,German (Deutsch),hellgrun,hellgrün,Hellgrün,rgb,119,192,121,6,9,full,white,en,,1.1.5,
14683,de,German (Deutsch),dunkelgrun,dunkelgrün,Dunkelgrün,rgb,50,56,2,6,10,full,white,en,,1.1.5,
14683,de,German (Deutsch),blitzblau,blitzblau,Blitzblau,rgb,51,92,246,6,11,full,white,en,,1.1.5,
14687,de,German (Deutsch),violett,violett,Violett,rgb,110,57,164,1,0,full,white,en,,1.1.5,
14687,de,German (Deutsch),violett,violett,Violett,rgb,170,141,172,1,1,full,white,en,,1.1.5,
14687,de,German (Deutsch),grun,grün,Grün,rgb,5,239,162,1,2,full,white,en,,1.1.5,
14687,de,German (Deutsch),violett,violett,Violett,rgb,168,145,219,1,3,full,white,en,,1.1.5,
14687,de,German (Deutsch),grun,grün,Grün,rgb,46,172,28,1,4,full,white,en,,1.1.5,
14687,de,German (Deutsch),orange,orange,Orange,rgb,244,152,94,1,5,full,white,en,,1.1.5,
14687,de,German (Deutsch),rosa,rosa,Rosa,rgb,242,199,177,1,6,full,white,en,,1.1.5,
14687,de,German (Deutsch),magenta,magenta,Magenta,rgb,217,115,210,1,7,full,white,en,,1.1.5,
14687,de,German (Deutsch),grun,grün,Grün,rgb,91,145,82,1,8,full,white,en,,1.1.5,
14687,de,German (Deutsch),braun,braun,Braun,rgb,167,99,32,1,9,full,white,en,,1.1.5,
14687,de,German (Deutsch),dunkelblau,dunkelblau,Dunkelblau,rgb,70,76,110,1,10,full,white,en,,1.1.5,
14687,de,German (Deutsch),graugrun,graugrün,Graugrün,rgb,60,70,60,1,11,full,white,en,,1.1.5,
14687,de,German (Deutsch),hellviolett,hellviolett,Hellviolett,rgb,209,218,244,3,0,full,white,en,,1.1.5,
14687,de,German (Deutsch),grun,grün,grün,rgb,172,242,185,3,1,full,white,en,,1.1.5,
14687,de,German (Deutsch),blau,blau,blau,rgb,118,172,190,3,2,full,white,en,,1.1.5,
14687,de,German (Deutsch),dunkelrot,dunkelrot,dunkelrot,rgb,172,31,27,3,3,full,white,en,,1.1.5,
14687,de,German (Deutsch),grau,grau,grau,rgb,112,117,118,3,4,full,white,en,,1.1.5,
14687,de,German (Deutsch),violett,violett,violett,rgb,97,12,53,3,5,full,white,en,,1.1.5,
14687,de,German (Deutsch),petrol,petrol,petrol,rgb,26,146,135,3,6,full,white,en,,1.1.5,
14687,de,German (Deutsch),violett,violett,violett,rgb,197,42,177,3,7,full,white,en,,1.1.5,
14687,de,German (Deutsch),rosa,rosa,rosa,rgb,251,67,103,3,8,full,white,en,,1.1.5,
14687,de,German (Deutsch),grun,grün,grün,rgb,195,225,17,3,9,full,white,en,,1.1.5,
14687,de,German (Deutsch),orange,orange,orange,rgb,202,96,14,3,10,full,white,en,,1.1.5,
14687,de,German (Deutsch),grun,grün,grün,rgb,168,193,76,3,11,full,white,en,,1.1.5,
14687,de,German (Deutsch),brown,brown,brown,rgb,169,99,80,6,0,full,white,en,,1.1.5,
14687,de,German (Deutsch),rotbraun,rotbraun,rotbraun,rgb,152,4,76,6,1,full,white,en,,1.1.5,
14687,de,German (Deutsch),dunkelblau,dunkelblau,dunkelblau,rgb,25,35,153,6,2,full,white,en,,1.1.5,
14687,de,German (Deutsch),blau,blau,blau,rgb,97,41,251,6,3,full,white,en,,1.1.5,
14687,de,German (Deutsch),violett,violett,violett,rgb,169,105,119,6,4,full,white,en,,1.1.5,
14687,de,German (Deutsch),blau,blau,blau,rgb,64,117,198,6,5,full,white,en,,1.1.5,
14687,de,German (Deutsch),dunkelblau,dunkelblau,dunkelblau,rgb,36,81,180,6,6,full,white,en,,1.1.5,
14687,de,German (Deutsch),grun,grün,grün,rgb,121,233,96,6,7,full,white,en,,1.1.5,
14687,de,German (Deutsch),turkis,türkis,türkis,rgb,18,208,196,6,8,full,white,en,,1.1.5,
14687,de,German (Deutsch),rot,rot,rot,rgb,217,24,17,6,9,full,white,en,,1.1.5,
14687,de,German (Deutsch),blau,blau,blau,rgb,43,149,211,6,10,full,white,en,,1.1.5,
14687,de,German (Deutsch),rosa,rosa,rosa,rgb,229,116,104,6,11,full,white,en,,1.1.5,
14939,de,German (Deutsch),orange,orange,Orange,rgb,226,194,47,1,0,full,white,en,,1.1.5,
14939,de,German (Deutsch),beige,beige,Beige,rgb,240,223,129,1,1,full,white,en,,1.1.5,
14939,de,German (Deutsch),violett,violett,Violett,rgb,235,217,245,1,2,full,white,en,,1.1.5,
14939,de,German (Deutsch),grun,grün,Grün,rgb,115,233,13,1,3,full,white,en,,1.1.5,
14939,de,German (Deutsch),rosarot,rosarot,Rosarot,rgb,242,168,181,1,4,full,white,en,,1.1.5,
14939,de,German (Deutsch),grun,grün,Grün,rgb,70,171,128,1,5,full,white,en,,1.1.5,
14939,de,German (Deutsch),violett,violett,Violett,rgb,95,33,89,1,6,full,white,en,,1.1.5,
14939,de,German (Deutsch),violett,violett,Violett,rgb,178,97,217,1,7,full,white,en,,1.1.5,
14939,de,German (Deutsch),rot,rot,Rot,rgb,199,53,59,1,8,full,white,en,,1.1.5,
14939,de,German (Deutsch),violett,violett,Violett,rgb,193,11,167,1,9,full,white,en,,1.1.5,
14939,de,German (Deutsch),braun,braun,Braun,rgb,144,108,101,1,10,full,white,en,,1.1.5,
14939,de,German (Deutsch),blau,blau,Blau,rgb,105,126,244,1,11,full,white,en,,1.1.5,
14939,de,German (Deutsch),beige,beige,Beige,rgb,196,181,131,3,0,full,white,en,,1.1.5,
14939,de,German (Deutsch),dunkelblau,dunkelblau,Dunkelblau,rgb,6,6,138,3,1,full,white,en,,1.1.5,
14939,de,German (Deutsch),grun,grün,Grün,rgb,66,179,68,3,2,full,white,en,,1.1.5,
14939,de,German (Deutsch),dunkelgrun,dunkelgrün,Dunkelgrün,rgb,26,79,19,3,3,full,white,en,,1.1.5,
14939,de,German (Deutsch),violett,violett,Violett,rgb,170,9,195,3,4,full,white,en,,1.1.5,
14939,de,German (Deutsch),braun,braun,Braun,rgb,84,43,52,3,5,full,white,en,,1.1.5,
14939,de,German (Deutsch),blaugrau,blaugrau,Blaugrau,rgb,42,72,95,3,6,full,white,en,,1.1.5,
14939,de,German (Deutsch),violett,violett,Violett,rgb,192,56,141,3,7,full,white,en,,1.1.5,
14939,de,German (Deutsch),grun,grün,Grün,rgb,117,193,10,3,8,full,white,en,,1.1.5,
14939,de,German (Deutsch),violett,violett,Violett,rgb,133,19,224,3,9,full,white,en,,1.1.5,
14939,de,German (Deutsch),violett,violett,Violett,rgb,121,13,142,3,10,full,white,en,,1.1.5,
14939,de,German (Deutsch),grun,grün,Grün,rgb,152,174,55,3,11,full,white,en,,1.1.5,
14939,de,German (Deutsch),turkis,türkis,Türkis,rgb,154,253,196,6,0,full,white,en,,1.1.5,
14939,de,German (Deutsch),orange,orange,Orange,rgb,221,117,13,6,1,full,white,en,,1.1.5,
14939,de,German (Deutsch),violett,violett,Violett,rgb,161,92,163,6,2,full,white,en,,1.1.5,
14939,de,German (Deutsch),rot,rot,Rot,rgb,243,90,59,6,3,full,white,en,,1.1.5,
14939,de,German (Deutsch),hellblau,hellblau,Hellblau,rgb,108,219,220,6,4,full,white,en,,1.1.5,
14939,de,German (Deutsch),dunkelgrun,dunkelgrün,Dunkelgrün,rgb,75,80,67,6,5,full,white,en,,1.1.5,
14939,de,German (Deutsch),dunkelblau,dunkelblau,Dunkelblau,rgb,79,52,163,6,6,full,white,en,,1.1.5,
14939,de,German (Deutsch),braun,braun,Braun,rgb,93,95,12,6,7,full,white,en,,1.1.5,
14939,de,German (Deutsch),gelb,gelb,Gelb,rgb,186,214,42,6,8,full,white,en,,1.1.5,
14939,de,German (Deutsch),braun,braun,Braun,rgb,97,50,17,6,9,full,white,en,,1.1.5,
14939,de,German (Deutsch),turkis,türkis,Türkis,rgb,8,105,167,6,10,full,white,en,,1.1.5,
14939,de,German (Deutsch),rostbraun,rostbraun,Rostbraun,rgb,117,26,12,6,11,full,white,en,,1.1.5,
14953,de,German (Deutsch),braun,braun,Braun,rgb,137,57,46,1,0,full,white,en,,1.1.5,
14953,de,German (Deutsch),grun,grün,Grün,rgb,68,186,46,1,1,full,white,en,,1.1.5,
14953,de,German (Deutsch),dunkelgrun,dunkelgrün,Dunkelgrün,rgb,50,124,2,1,2,full,white,en,,1.1.5,
14953,de,German (Deutsch),khaki,khaki,Khaki,rgb,153,160,45,1,3,full,white,en,,1.1.5,
14953,de,German (Deutsch),flieder,flieder,Flieder,rgb,165,171,231,1,4,full,white,en,,1.1.5,
14953,de,German (Deutsch),blau,blau,Blau,rgb,2,153,207,1,5,full,white,en,,1.1.5,
14953,de,German (Deutsch),grunblau,grünblau,Grünblau,rgb,38,202,173,1,6,full,white,en,,1.1.5,
14953,de,German (Deutsch),bordeaux,bordeaux,Bordeaux,rgb,144,48,79,1,7,full,white,en,,1.1.5,
14953,de,German (Deutsch),pink,pink,Pink,rgb,246,9,137,1,8,full,white,en,,1.1.5,
14953,de,German (Deutsch),hellbraun,hellbraun,Hellbraun,rgb,155,90,22,1,9,full,white,en,,1.1.5,
14953,de,German (Deutsch),gelb,gelb,Gelb,rgb,237,207,55,1,10,full,white,en,,1.1.5,
14953,de,German (Deutsch),turkis,türkis,Türkis,rgb,56,202,225,1,11,full,white,en,,1.1.5,
14953,de,German (Deutsch),graugrun,graugrün,Graugrün,rgb,98,149,116,3,0,full,white,en,,1.1.5,
14953,de,German (Deutsch),dunkelgrun,dunkelgrün,Dunkelgrün,rgb,55,97,49,3,1,full,white,en,,1.1.5,
14953,de,German (Deutsch),khaki,khaki,Khaki,rgb,105,112,36,3,2,full,white,en,,1.1.5,
14953,de,German (Deutsch),rosa,rosa,Rosa,rgb,198,121,188,3,3,full,white,en,,1.1.5,
14953,de,German (Deutsch),orange,orange,Orange,rgb,239,133,72,3,4,full,white,en,,1.1.5,
14953,de,German (Deutsch),hellgrun,hellgrün,Hellgrün,rgb,44,246,113,3,5,full,white,en,,1.1.5,
14953,de,German (Deutsch),rot,rot,Rot,rgb,201,94,107,3,6,full,white,en,,1.1.5,
14953,de,German (Deutsch),violett,violett,Violett,rgb,79,68,222,3,7,full,white,en,,1.1.5,
14953,de,German (Deutsch),khaki,khaki,Khaki,rgb,198,181,122,3,8,full,white,en,,1.1.5,
14953,de,German (Deutsch),lila,lila,Lila,rgb,45,42,107,3,9,full,white,en,,1.1.5,
14953,de,German (Deutsch),rotbraun,rotbraun,Rotbraun,rgb,147,47,9,3,10,full,white,en,,1.1.5,
14953,de,German (Deutsch),himmelblau,himmelblau,Himmelblau,rgb,1,150,250,3,11,full,white,en,,1.1.5,
14953,de,German (Deutsch),grau,grau,Grau,rgb,205,186,181,6,0,full,white,en,,1.1.5,
14953,de,German (Deutsch),konigsblau,königsblau,Königsblau,rgb,21,64,101,6,1,full,white,en,,1.1.5,
14953,de,German (Deutsch),waldmeister,waldmeister,Waldmeister,rgb,13,61,56,6,2,full,white,en,,1.1.5,
14953,de,German (Deutsch),hellbraun,hellbraun,Hellbraun,rgb,203,146,97,6,3,full,white,en,,1.1.5,
14953,de,German (Deutsch),purpur,purpur,Purpur,rgb,178,26,102,6,4,full,white,en,,1.1.5,
14953,de,German (Deutsch),dunkelgrau,dunkelgrau,Dunkelgrau,rgb,102,83,93,6,5,full,white,en,,1.1.5,
14953,de,German (Deutsch),karmesinrot,karmesinrot,Karmesinrot,rgb,230,50,54,6,6,full,white,en,,1.1.5,
14953,de,German (Deutsch),violett,violett,Violett,rgb,54,8,138,6,7,full,white,en,,1.1.5,
14953,de,German (Deutsch),khaki,khaki,Khaki,rgb,83,70,30,6,8,full,white,en,,1.1.5,
14953,de,German (Deutsch),dunkelgrun,dunkelgrün,Dunkelgrün,rgb,11,33,2,6,9,full,white,en,,1.1.5,
14953,de,German (Deutsch),grun,grün,Grün,rgb,28,163,106,6,10,full,white,en,,1.1.5,
14953,de,German (Deutsch),hellgrun,hellgrün,Hellgrün,rgb,137,239,147,6,11,full,white,en,,1.1.5,
0,de,German (Deutsch),grasgrun,grasgrün,Grasgrün,rgb,125,151,41,1,0,full,white,en,,1.1.5,
0,de,German (Deutsch),hellgrun,hellgrün,Hellgrün,rgb,155,231,136,1,1,full,white,en,,1.1.5,
0,de,German (Deutsch),violett,violett,Violett,rgb,168,86,186,1,2,full,white,en,,1.1.5,
0,de,German (Deutsch),rot,rot,Rot,rgb,208,61,12,1,3,full,white,en,,1.1.5,
0,de,German (Deutsch),grun,grün,Grün,rgb,56,215,128,1,4,full,white,en,,1.1.5,
0,de,German (Deutsch),lila,lila,Lila,rgb,94,16,176,1,5,full,white,en,,1.1.5,
0,de,German (Deutsch),dunkelgrau,dunkelgrau,Dunkelgrau,rgb,91,107,111,1,6,full,white,en,,1.1.5,
0,de,German (Deutsch),turkis,türkis,Türkis,rgb,56,231,215,1,7,full,white,en,,1.1.5,
0,de,German (Deutsch),anthrazit,anthrazit,Anthrazit,rgb,31,52,47,1,8,full,white,en,,1.1.5,
0,de,German (Deutsch),lila,lila,Lila,rgb,127,112,232,1,9,full,white,en,,1.1.5,
0,de,German (Deutsch),lilagrau,lilagrau,Lilagrau,rgb,69,72,119,1,10,full,white,en,,1.1.5,
0,de,German (Deutsch),bordeauxrot,bordeaux rot,Bordeaux Rot,rgb,98,43,87,1,11,full,white,en,,1.1.5,
0,de,German (Deutsch),grum,grüm,grüm,rgb,19,254,143,1,0,full,white,en,,1.1.5,
0,de,German (Deutsch),lilagrau,lilagrau,lilagrau,rgb,163,165,200,1,1,full,white,en,,1.1.5,
0,de,German (Deutsch),lila,lila,lila,rgb,115,71,115,1,2,full,white,en,,1.1.5,
0,de,German (Deutsch),blau,blau,blau,rgb,24,108,177,1,3,full,white,en,,1.1.5,
0,de,German (Deutsch),grasgrun,grasgrün,grasgrün,rgb,16,188,16,1,4,full,white,en,,1.1.5,
0,de,German (Deutsch),dunkelgrun,dunkelgrün,dunkelgrün,rgb,57,85,51,1,5,full,white,en,,1.1.5,
0,de,German (Deutsch),violett,violett,violett,rgb,66,46,170,1,6,full,white,en,,1.1.5,
0,de,German (Deutsch),sonnengelb,sonnengelb,sonnengelb,rgb,244,152,7,1,7,full,white,en,,1.1.5,
0,de,German (Deutsch),moosgrun,moosgrün,moosgrün,rgb,39,77,4,1,8,full,white,en,,1.1.5,
0,de,German (Deutsch),dunkelgrun,dunkelgrün,dunkelgrün,rgb,12,47,38,1,9,full,white,en,,1.1.5,
0,de,German (Deutsch),hellblau,hellblau,hellblau,rgb,64,225,213,1,10,full,white,en,,1.1.5,
0,de,German (Deutsch),blau,blau,blau,rgb,1,154,244,1,11,full,white,en,,1.1.5,
0,de,German (Deutsch),flieder,flieder,flieder,rgb,241,173,245,3,0,full,white,en,,1.1.5,
0,de,German (Deutsch),senfgelb,senfgelb,senfgelb,rgb,223,188,37,3,1,full,white,en,,1.1.5,
0,de,German (Deutsch),tannengrun,tannengrün,tannengrün,rgb,19,113,23,3,2,full,white,en,,1.1.5,
0,de,German (Deutsch),taupe,taupe,taupe,rgb,176,151,132,3,3,full,white,en,,1.1.5,
0,de,German (Deutsch),rosa,rosa,rosa,rgb,230,103,156,3,4,full,white,en,,1.1.5,
0,de,German (Deutsch),blau,blau,blau,rgb,60,103,241,3,5,full,white,en,,1.1.5,
0,de,German (Deutsch),khaki,khaki,khaki,rgb,126,133,64,3,6,full,white,en,,1.1.5,
0,de,German (Deutsch),himmbeere,himmbeere,himmbeere,rgb,165,73,110,3,7,full,white,en,,1.1.5,
0,de,German (Deutsch),hellbraun,hellbraun,hellbraun,rgb,197,200,141,3,8,full,white,en,,1.1.5,
0,de,German (Deutsch),braun,braun,braun,rgb,126,71,4,3,9,full,white,en,,1.1.5,
0,de,German (Deutsch),grun,grün,grün,rgb,40,191,118,3,10,full,white,en,,1.1.5,
0,de,German (Deutsch),turkis,türkis,türkis,rgb,61,168,148,3,11,full,white,en,,1.1.5,
0,de,German (Deutsch),fuchsia,fuchsia,fuchsia,rgb,229,105,199,6,0,full,white,en,,1.1.5,
0,de,German (Deutsch),gelb,gelb,gelb,rgb,233,235,66,6,1,full,white,en,,1.1.5,
0,de,German (Deutsch),dunkelbraun,dunkelbraun,dunkelbraun,rgb,68,42,26,6,2,full,white,en,,1.1.5,
0,de,German (Deutsch),grun,grün,grün,rgb,112,146,10,6,3,full,white,en,,1.1.5,
0,de,German (Deutsch),flieder,flieder,flieder,rgb,166,126,195,6,4,full,white,en,,1.1.5,
0,de,German (Deutsch),nachtblau,nachtblau,nachtblau,rgb,18,23,37,6,5,full,white,en,,1.1.5,
0,de,German (Deutsch),ultraviolett,ultraviolett,ultraviolett,rgb,81,6,197,6,6,full,white,en,,1.1.5,
0,de,German (Deutsch),beige,beige,beige,rgb,238,172,148,6,7,full,white,en,,1.1.5,
0,de,German (Deutsch),helllila,helllila,helllila,rgb,226,216,238,6,8,full,white,en,,1.1.5,
0,de,German (Deutsch),braun,braun,braun,rgb,138,74,70,6,9,full,white,en,,1.1.5,
0,de,German (Deutsch),violett,violett,violett,rgb,140,45,185,6,10,full,white,en,,1.1.5,
0,de,German (Deutsch),lila,lila,lila,rgb,107,31,133,6,11,full,white,en,,1.1.5,
0,de,German (Deutsch),khaki,khaki,Khaki,rgb,135,162,65,1,0,full,white,en,,1.1.5,
0,de,German (Deutsch),lila,lila,Lila,rgb,132,68,133,1,1,full,white,en,,1.1.5,
0,de,German (Deutsch),hellblau,hellblau,Hellblau,rgb,7,212,241,1,2,full,white,en,,1.1.5,
0,de,German (Deutsch),rotbraun,rotbraun,Rotbraun,rgb,168,82,75,1,3,full,white,en,,1.1.5,
0,de,German (Deutsch),maigrun,maigrün,Maigrün,rgb,128,243,134,1,4,full,white,en,,1.1.5,
0,de,German (Deutsch),dunkelblau,dunkelblau,Dunkelblau,rgb,3,49,52,1,5,full,white,en,,1.1.5,
0,de,German (Deutsch),lila,lila,Lila,rgb,148,66,223,1,6,full,white,en,,1.1.5,
0,de,German (Deutsch),dunkellila,dunkellila,Dunkellila,rgb,118,70,88,1,7,full,white,en,,1.1.5,
0,de,German (Deutsch),blau,blau,Blau,rgb,32,159,208,1,8,full,white,en,,1.1.5,
0,de,German (Deutsch),rosa,rosa,Rosa,rgb,226,70,113,1,9,full,white,en,,1.1.5,
0,de,German (Deutsch),altrosa,altrosa,Altrosa,rgb,231,185,184,1,10,full,white,en,,1.1.5,
0,de,German (Deutsch),dunkelblau,dunkelblau,Dunkelblau,rgb,19,20,167,1,11,full,white,en,,1.1.5,
0,de,German (Deutsch),rot,rot,Rot,rgb,246,21,64,3,0,full,white,en,,1.1.5,
0,de,German (Deutsch),hautfarben,hautfarben,Hautfarben,rgb,252,223,190,3,1,full,white,en,,1.1.5,
0,de,German (Deutsch),blau,blau,Blau,rgb,12,155,167,3,2,full,white,en,,1.1.5,
0,de,German (Deutsch),grun,grün,Grün,rgb,40,226,59,3,3,full,white,en,,1.1.5,
0,de,German (Deutsch),hellgrun,hellgrün,Hellgrün,rgb,194,251,62,3,4,full,white,en,,1.1.5,
0,de,German (Deutsch),konigsblau,königsblau,Königsblau,rgb,47,97,159,3,5,full,white,en,,1.1.5,
0,de,German (Deutsch),graublau,graublau,Graublau,rgb,75,94,105,3,6,full,white,en,,1.1.5,
0,de,German (Deutsch),knallgrun,knallgrün,Knallgrün,rgb,53,253,6,3,7,full,white,en,,1.1.5,
0,de,German (Deutsch),hellturkis,helltürkis,Helltürkis,rgb,133,226,184,3,8,full,white,en,,1.1.5,
0,de,German (Deutsch),grun,grün,Grün,rgb,1,163,88,3,9,full,white,en,,1.1.5,
0,de,German (Deutsch),blaugrun,blaugrün,Blaugrün,rgb,27,164,140,3,10,full,white,en,,1.1.5,
0,de,German (Deutsch),schlammgrun,schlammgrün,Schlammgrün,rgb,99,171,20,3,11,full,white,en,,1.1.5,
0,de,German (Deutsch),hellgrau,hellgrau,Hellgrau,rgb,230,226,249,6,0,full,white,en,,1.1.5,
0,de,German (Deutsch),dunkelblau,dunkelblau,Dunkelblau,rgb,37,25,67,6,1,full,white,en,,1.1.5,
0,de,German (Deutsch),rosa,rosa,Rosa,rgb,232,106,251,6,2,full,white,en,,1.1.5,
0,de,German (Deutsch),hellgrun,hellgrün,Hellgrün,rgb,227,241,179,6,3,full,white,en,,1.1.5,
0,de,German (Deutsch),schlammbraun,schlammbraun,Schlammbraun,rgb,68,48,18,6,4,full,white,en,,1.1.5,
0,de,German (Deutsch),blau,blau,Blau,rgb,104,146,239,6,5,full,white,en,,1.1.5,
0,de,German (Deutsch),beige,beige,Beige,rgb,249,204,121,6,6,full,white,en,,1.1.5,
0,de,German (Deutsch),blau,blau,Blau,rgb,57,94,253,6,7,full,white,en,,1.1.5,
0,de,German (Deutsch),hellblau,hellblau,Hellblau,rgb,163,228,219,6,8,full,white,en,,1.1.5,
0,de,German (Deutsch),graubraun,graubraun,Graubraun,rgb,178,173,119,6,9,full,white,en,,1.1.5,
0,de,German (Deutsch),hellbraun,hellbraun,Hellbraun,rgb,209,128,77,6,10,full,white,en,,1.1.5,
0,de,German (Deutsch),orange,orange,Orange,rgb,243,150,54,6,11,full,white,en,,1.1.5,
0,de,German (Deutsch),blaugrun,blaugrün,Blaugrün,rgb,9,217,130,1,0,full,white,en,,1.1.5,
0,de,German (Deutsch),blattgelb,blattgelb,Blattgelb,rgb,201,233,133,1,1,full,white,en,,1.1.5,
0,de,German (Deutsch),aubergine,aubergine,Aubergine,rgb,129,84,150,1,2,full,white,en,,1.1.5,
0,de,German (Deutsch),bordeaux,bordeaux,Bordeaux,rgb,146,53,28,1,3,full,white,en,,1.1.5,
0,de,German (Deutsch),mittelgrau,mittelgrau,Mittelgrau,rgb,104,112,124,1,4,full,white,en,,1.1.5,
0,de,German (Deutsch),dunkelbraun,dunkelbraun,Dunkelbraun,rgb,88,38,48,1,5,full,white,en,,1.1.5,
0,de,German (Deutsch),hellblau,hellblau,Hellblau,rgb,25,174,250,1,6,full,white,en,,1.1.5,
0,de,German (Deutsch),indigo,indigo,Indigo,rgb,76,26,161,1,7,full,white,en,,1.1.5,
0,de,German (Deutsch),blattgrun,blattgrün,Blattgrün,rgb,130,229,71,1,8,full,white,en,,1.1.5,
0,de,German (Deutsch),turkis,türkis,Türkis,rgb,74,200,185,1,9,full,white,en,,1.1.5,
0,de,German (Deutsch),ocker,ocker,Ocker,rgb,192,162,8,1,10,full,white,en,,1.1.5,
0,de,German (Deutsch),magenta,magenta,Magenta,rgb,186,16,180,1,11,full,white,en,,1.1.5,
0,de,German (Deutsch),orange,orange,Orange,rgb,250,104,27,3,0,full,white,en,,1.1.5,
0,de,German (Deutsch),lila,lila,Lila,rgb,151,28,133,3,1,full,white,en,,1.1.5,
0,de,German (Deutsch),knallpink,knallpink,Knallpink,rgb,242,15,87,3,2,full,white,en,,1.1.5,
0,de,German (Deutsch),altrosa,altrosa,Altrosa,rgb,251,129,135,3,3,full,white,en,,1.1.5,
0,de,German (Deutsch),blau,blau,Blau,rgb,48,129,218,3,4,full,white,en,,1.1.5,
0,de,German (Deutsch),blaugrau,blaugrau,Blaugrau,rgb,95,140,178,3,5,full,white,en,,1.1.5,
0,de,German (Deutsch),pink,pink,Pink,rgb,249,107,239,3,6,full,white,en,,1.1.5,
0,de,German (Deutsch),konigsblau,königsblau,Königsblau,rgb,6,90,222,3,7,full,white,en,,1.1.5,
0,de,German (Deutsch),violett,violett,Violett,rgb,119,52,229,3,8,full,white,en,,1.1.5,
0,de,German (Deutsch),matschgrun,matschgrün,Matschgrün,rgb,85,189,126,3,9,full,white,en,,1.1.5,
0,de,German (Deutsch),dunkelorange,dunkelorange,Dunkelorange,rgb,226,115,79,3,10,full,white,en,,1.1.5,
0,de,German (Deutsch),aubergine,aubergine,Aubergine,rgb,101,69,168,3,11,full,white,en,,1.1.5,
0,de,German (Deutsch),grungold,grüngold,Grüngold,rgb,195,208,45,6,0,full,white,en,,1.1.5,
0,de,German (Deutsch),orange,orange,Orange,rgb,226,131,33,6,1,full,white,en,,1.1.5,
0,de,German (Deutsch),himmelblau,himmelblau,Himmelblau,rgb,154,216,244,6,2,full,white,en,,1.1.5,
0,de,German (Deutsch),dunkelblau,dunkelblau,Dunkelblau,rgb,43,28,85,6,3,full,white,en,,1.1.5,
0,de,German (Deutsch),hellgraugrun,hellgraugrün,Hellgraugrün,rgb,204,216,200,6,4,full,white,en,,1.1.5,
0,de,German (Deutsch),braun,braun,Braun,rgb,166,131,56,6,5,full,white,en,,1.1.5,
0,de,German (Deutsch),beigegrau,beigegrau,Beigegrau,rgb,198,183,141,6,6,full,white,en,,1.1.5,
0,de,German (Deutsch),dunkelgrun,dunkelgrün,Dunkelgrün,rgb,53,82,46,6,7,full,white,en,,1.1.5,
0,de,German (Deutsch),fuchsia,fuchsia,Fuchsia,rgb,153,29,88,6,8,full,white,en,,1.1.5,
0,de,German (Deutsch),waldgrun,waldgrün,Waldgrün,rgb,51,122,26,6,9,full,white,en,,1.1.5,
0,de,German (Deutsch),schweinchenrosa,schweinchenrosa,Schweinchenrosa,rgb,214,146,199,6,10,full,white,en,,1.1.5,
0,de,German (Deutsch),matschbraun,matschbraun,Matschbraun,rgb,95,73,30,6,11,full,white,en,,1.1.5,
0,de,German (Deutsch),lila,lila,lila,rgb,184,50,248,1,0,full,white,en,,1.1.5,
0,de,German (Deutsch),grunblau,grünblau,grünblau,rgb,73,204,130,1,1,full,white,en,,1.1.5,
0,de,German (Deutsch),lila,lila,lila,rgb,150,79,197,1,2,full,white,en,,1.1.5,
0,de,German (Deutsch),rosa,rosa,rosa,rgb,232,127,139,1,3,full,white,en,,1.1.5,
0,de,German (Deutsch),apfelgrun,apfelgrün,apfelgrün,rgb,112,255,78,1,4,full,white,en,,1.1.5,
0,de,German (Deutsch),grau,grau,grau,rgb,198,210,198,1,5,full,white,en,,1.1.5,
0,de,German (Deutsch),beige,beige,beige,rgb,235,215,127,1,6,full,white,en,,1.1.5,
0,de,German (Deutsch),gelb,gelb,gelb,rgb,244,241,52,1,7,full,white,en,,1.1.5,
0,de,German (Deutsch),flieder,flieder,flieder,rgb,220,126,178,1,8,full,white,en,,1.1.5,
0,de,German (Deutsch),hellblau,hellblau,hellblau,rgb,11,177,202,1,9,full,white,en,,1.1.5,
0,de,German (Deutsch),aubergine,aubergine,aubergine,rgb,106,55,76,1,10,full,white,en,,1.1.5,
0,de,German (Deutsch),pflaumenblau,pflaumenblau,pflaumenblau,rgb,84,34,254,1,11,full,white,en,,1.1.5,
0,de,German (Deutsch),pflaumenblau,pflaumenblau,pflaumenblau,rgb,90,59,226,3,0,full,white,en,,1.1.5,
0,de,German (Deutsch),grungrau,grüngrau,grüngrau,rgb,127,155,137,3,1,full,white,en,,1.1.5,
0,de,German (Deutsch),hellaubergine,hell aubergine,hell-aubergine,rgb,138,53,57,3,2,full,white,en,,1.1.5,
0,de,German (Deutsch),blau,blau,blau,rgb,67,117,239,3,3,full,white,en,,1.1.5,
0,de,German (Deutsch),ocker,ocker,ocker,rgb,236,127,46,3,4,full,white,en,,1.1.5,
0,de,German (Deutsch),feuerwehrrot,feuerwehrrot,feuerwehrrot,rgb,230,30,17,3,5,full,white,en,,1.1.5,
0,de,German (Deutsch),dunkelgrun,dunkelgrün,dunkelgrün,rgb,51,126,26,3,6,full,white,en,,1.1.5,
0,de,German (Deutsch),hellgrau,hellgrau,hellgrau,rgb,195,189,240,3,7,full,white,en,,1.1.5,
0,de,German (Deutsch),pink,pink,pink,rgb,244,3,236,3,8,full,white,en,,1.1.5,
0,de,German (Deutsch),helllilaoderflieder,helllila oder flieder,helllila oder flieder,rgb,211,82,204,3,9,full,white,en,,1.1.5,
0,de,German (Deutsch),kobalt,kobalt,kobalt,rgb,22,14,79,3,10,full,white,en,,1.1.5,
0,de,German (Deutsch),hellbraun,hellbraun,hellbraun,rgb,167,113,56,3,11,full,white,en,,1.1.5,
0,de,German (Deutsch),grunblau,grünblau,grünblau,rgb,84,138,79,6,0,full,white,en,,1.1.5,
0,de,German (Deutsch),flieder,flieder,flieder,rgb,212,125,213,6,1,full,white,en,,1.1.5,
0,de,German (Deutsch),hellblau,hellblau,hellblau,rgb,136,133,185,6,2,full,white,en,,1.1.5,
0,de,German (Deutsch),spinatgrun,spinatgrün,spinatgrün,rgb,61,77,6,6,3,full,white,en,,1.1.5,
0,de,German (Deutsch),knalligeslila,knalliges lila,knalliges lila,rgb,207,7,144,6,4,full,white,en,,1.1.5,
0,de,German (Deutsch),violett,violett,violett,rgb,94,15,116,6,5,full,white,en,,1.1.5,
0,de,German (Deutsch),blau,blau,blau,rgb,36,59,163,6,6,full,white,en,,1.1.5,
0,de,German (Deutsch),blau,blau,blau,rgb,75,93,167,6,7,full,white,en,,1.1.5,
0,de,German (Deutsch),gelbgrun,gelbgrün,gelbgrün,rgb,182,238,83,6,8,full,white,en,,1.1.5,
0,de,German (Deutsch),wassrigesblau,wässriges blau,wässriges blau,rgb,205,248,193,6,10,full,white,en,,1.1.5,
0,de,German (Deutsch),dunkleslachs,dunkles lachs,dunkles lachs,rgb,199,93,62,6,11,full,white,en,,1.1.5,
0,de,German (Deutsch),zinnoberrot,zinnober rot,Zinnober rot,rgb,135,88,33,1,0,full,white,en,,1.1.5,
0,de,German (Deutsch),rot,rot,Rot,rgb,217,100,47,1,1,full,white,en,,1.1.5,
0,de,German (Deutsch),blau,blau,Blau,rgb,77,2,236,1,2,full,white,en,,1.1.5,
0,de,German (Deutsch),braun,braun,Braun,rgb,241,230,146,1,3,full,white,en,,1.1.5,
0,de,German (Deutsch),dunkelblau,dunkelblau,Dunkelblau,rgb,31,49,51,1,4,full,white,en,,1.1.5,
0,de,German (Deutsch),grasgrun,grasgrün,Grasgrün,rgb,133,219,188,1,5,full,white,en,,1.1.5,
0,de,German (Deutsch),dunkelblau,dunkelblau,Dunkelblau,rgb,70,93,146,1,6,full,white,en,,1.1.5,
0,de,German (Deutsch),hellgrun,hellgrün,Hellgrün,rgb,48,249,204,1,7,full,white,en,,1.1.5,
0,de,German (Deutsch),grun,grün,Grün,rgb,79,200,21,1,8,full,white,en,,1.1.5,
0,de,German (Deutsch),violett,violett,Violett,rgb,131,49,172,1,9,full,white,en,,1.1.5,
0,de,German (Deutsch),blattgrun,blattgrün,Blattgrün,rgb,105,151,52,1,10,full,white,en,,1.1.5,
0,de,German (Deutsch),cyanblau,cyan blau,Cyan blau,rgb,5,169,183,1,11,full,white,en,,1.1.5,
0,de,German (Deutsch),dunkelblau,dunkelblau,Dunkelblau,rgb,127,133,138,3,0,full,white,en,,1.1.5,
0,de,German (Deutsch),rot,rot,Rot,rgb,249,20,100,3,1,full,white,en,,1.1.5,
0,de,German (Deutsch),violett,violett,Violett,rgb,204,156,202,3,2,full,white,en,,1.1.5,
0,de,German (Deutsch),blau,blau,Blau,rgb,65,77,216,3,3,full,white,en,,1.1.5,
0,de,German (Deutsch),magenta,magenta,Magenta,rgb,200,74,145,3,4,full,white,en,,1.1.5,
0,de,German (Deutsch),zinnoberrot,zinnober rot,Zinnober rot,rgb,145,76,74,3,5,full,white,en,,1.1.5,
0,de,German (Deutsch),blau,blau,Blau,rgb,69,7,172,3,6,full,white,en,,1.1.5,
0,de,German (Deutsch),blattgrun,blattgrün,Blattgrün,rgb,9,137,5,3,7,full,white,en,,1.1.5,
0,de,German (Deutsch),dunkelblau,dunkelblau,Dunkelblau,rgb,43,121,148,3,8,full,white,en,,1.1.5,
0,de,German (Deutsch),weinrot,weinrot,Weinrot,rgb,235,165,134,3,9,full,white,en,,1.1.5,
0,de,German (Deutsch),braun,braun,Braun,rgb,226,157,36,3,10,full,white,en,,1.1.5,
0,de,German (Deutsch),rot,rot,Rot,rgb,199,47,87,3,11,full,white,en,,1.1.5,
0,de,German (Deutsch),cyanblau,cyan blau,Cyan blau,rgb,19,1,73,6,0,full,white,en,,1.1.5,
0,de,German (Deutsch),blattgrun,blattgrün,Blattgrün,rgb,22,164,127,6,1,full,white,en,,1.1.5,
0,de,German (Deutsch),weinrot,weinrot,Weinrot,rgb,216,160,168,6,2,full,white,en,,1.1.5,
0,de,German (Deutsch),violett,violett,Violett,rgb,187,138,243,6,3,full,white,en,,1.1.5,
0,de,German (Deutsch),blau,blau,Blau,rgb,44,69,173,6,4,full,white,en,,1.1.5,
0,de,German (Deutsch),blau,blau,Blau,rgb,124,161,236,6,5,full,white,en,,1.1.5,
0,de,German (Deutsch),pink,pink,Pink,rgb,220,70,220,6,6,full,white,en,,1.1.5,
0,de,German (Deutsch),rot,rot,Rot,rgb,235,37,36,6,7,full,white,en,,1.1.5,
0,de,German (Deutsch),grau,grau,Grau,rgb,223,225,215,6,8,full,white,en,,1.1.5,
0,de,German (Deutsch),grasgrun,grasgrün,Grasgrün,rgb,38,84,9,6,9,full,white,en,,1.1.5,
0,de,German (Deutsch),ockergelb,ockergelb,Ockergelb,rgb,193,183,9,6,10,full,white,en,,1.1.5,
0,de,German (Deutsch),braun,braun,Braun,rgb,132,126,7,6,11,full,white,en,,1.1.5,
0,de,German (Deutsch),fuchsia,fuchsia,Fuchsia,rgb,179,58,117,1,0,full,white,en,,1.1.5,
0,de,German (Deutsch),blau,blau,Blau,rgb,50,159,193,1,1,full,white,en,,1.1.5,
0,de,German (Deutsch),altrosa,altrosa,Altrosa,rgb,178,143,171,1,2,full,white,en,,1.1.5,
0,de,German (Deutsch),blau,blau,Blau,rgb,1,86,200,1,3,full,white,en,,1.1.5,
0,de,German (Deutsch),orange,orange,Orange,rgb,255,165,82,1,4,full,white,en,,1.1.5,
0,de,German (Deutsch),blau,blau,Blau,rgb,111,161,229,1,5,full,white,en,,1.1.5,
0,de,German (Deutsch),grun,grün,Grün,rgb,86,94,59,1,6,full,white,en,,1.1.5,
0,de,German (Deutsch),lila,lila,Lila,rgb,140,71,245,1,7,full,white,en,,1.1.5,
0,de,German (Deutsch),burgunder,burgunder,Burgunder,rgb,77,22,52,1,8,full,white,en,,1.1.5,
0,de,German (Deutsch),orange,orange,Orange,rgb,243,44,21,1,9,full,white,en,,1.1.5,
0,de,German (Deutsch),braun,braun,Braun,rgb,191,80,28,1,10,full,white,en,,1.1.5,
0,de,German (Deutsch),grun,grün,Grün,rgb,150,167,6,1,11,full,white,en,,1.1.5,
0,de,German (Deutsch),kackgrun,kackgruen,kackgruen,rgb,168,165,40,1,0,full,white,en,,1.1.5,
0,de,German (Deutsch),grun,gruen,gruen,rgb,59,218,186,1,1,full,white,en,,1.1.5,
0,de,German (Deutsch),grassgrun,grassgruen,grassgruen,rgb,63,237,88,1,2,full,white,en,,1.1.5,
0,de,German (Deutsch),lila,lila,lila,rgb,105,14,198,1,3,full,white,en,,1.1.5,
0,de,German (Deutsch),dunkelrosa,dunkelrosa,dunkelrosa,rgb,215,162,182,1,4,full,white,en,,1.1.5,
0,de,German (Deutsch),braun,braun,braun,rgb,191,115,64,1,5,full,white,en,,1.1.5,
0,de,German (Deutsch),blau,blau,blau,rgb,67,40,154,1,6,full,white,en,,1.1.5,
0,de,German (Deutsch),lachsfarben,lachsfarben,lachsfarben,rgb,244,137,113,1,7,full,white,en,,1.1.5,
0,de,German (Deutsch),hellblau,hellblau,hellblau,rgb,109,166,215,1,8,full,white,en,,1.1.5,
0,de,German (Deutsch),grun,gruen,gruen,rgb,114,218,131,1,9,full,white,en,,1.1.5,
0,de,German (Deutsch),lila,lila,lila,rgb,215,160,233,1,10,full,white,en,,1.1.5,
0,de,German (Deutsch),grun,gruen,gruen,rgb,153,246,94,1,11,full,white,en,,1.1.5,
0,de,German (Deutsch),dunkelrosa,dunkelrosa,dunkelrosa,rgb,188,54,110,3,0,full,white,en,,1.1.5,
0,de,German (Deutsch),braun,braun,braun,rgb,115,88,19,3,1,full,white,en,,1.1.5,
0,de,German (Deutsch),rosa,rosa,rosa,rgb,254,68,120,3,2,full,white,en,,1.1.5,
0,de,German (Deutsch),dunkellila,dunkellila,dunkellila,rgb,101,20,32,3,3,full,white,en,,1.1.5,
0,de,German (Deutsch),blaugrun,blaugruen,blaugruen,rgb,50,113,119,3,4,full,white,en,,1.1.5,
0,de,German (Deutsch),schwarz,schwarz,schwarz,rgb,66,31,45,3,5,full,white,en,,1.1.5,
0,de,German (Deutsch),beige,beige,beige,rgb,228,210,164,3,6,full,white,en,,1.1.5,
0,de,German (Deutsch),pink,pink,pink,rgb,211,112,152,3,7,full,white,en,,1.1.5,
0,de,German (Deutsch),gelbgrun,gelbgruen,gelbgruen,rgb,195,206,37,3,8,full,white,en,,1.1.5,
0,de,German (Deutsch),grun,gruen,gruen,rgb,83,113,16,3,9,full,white,en,,1.1.5,
0,de,German (Deutsch),braun,braun,braun,rgb,113,102,80,3,10,full,white,en,,1.1.5,
0,de,German (Deutsch),orange,orange,orange,rgb,228,174,11,3,11,full,white,en,,1.1.5,
0,de,German (Deutsch),dunkelgrun,dunkelgruen,dunkelgruen,rgb,58,76,95,6,0,full,white,en,,1.1.5,
0,de,German (Deutsch),lila,lila,lila,rgb,104,50,135,6,1,full,white,en,,1.1.5,
0,de,German (Deutsch),hellblau,hellblau,hellblau,rgb,84,197,219,6,2,full,white,en,,1.1.5,
0,de,German (Deutsch),ziegelrot,ziegelrot,ziegelrot,rgb,172,9,0,6,3,full,white,en,,1.1.5,
0,de,German (Deutsch),rot,rot,rot,rgb,241,65,25,6,4,full,white,en,,1.1.5,
0,de,German (Deutsch),grun,gruen,gruen,rgb,90,138,85,6,5,full,white,en,,1.1.5,
0,de,German (Deutsch),gelb,gelb,gelb,rgb,249,209,111,6,6,full,white,en,,1.1.5,
0,de,German (Deutsch),schwarz,schwarz,schwarz,rgb,11,24,61,6,7,full,white,en,,1.1.5,
0,de,German (Deutsch),minze,minze,minze,rgb,192,222,201,6,8,full,white,en,,1.1.5,
0,de,German (Deutsch),grun,gruen,gruen,rgb,163,204,97,6,9,full,white,en,,1.1.5,
0,de,German (Deutsch),schwarz,schwarz,schwarz,rgb,23,46,10,6,10,full,white,en,,1.1.5,
0,de,German (Deutsch),blau,blau,blau,rgb,137,138,231,6,11,full,white,en,,1.1.5,
0,de,German (Deutsch),lila,lila,Lila,rgb,138,46,126,1,0,full,white,en,,1.1.5,
0,de,German (Deutsch),dunkelblau,dunkelblau,Dunkelblau,rgb,64,25,80,1,1,full,white,en,,1.1.5,
0,de,German (Deutsch),tuerkis,tuerkis,Tuerkis,rgb,78,231,225,1,2,full,white,en,,1.1.5,
0,de,German (Deutsch),dunkeltuerkis,dunkeltuerkis,Dunkeltuerkis,rgb,29,141,179,1,3,full,white,en,,1.1.5,
0,de,German (Deutsch),dunkelgelb,dunkelgelb,Dunkelgelb,rgb,241,200,5,1,4,full,white,en,,1.1.5,
0,de,German (Deutsch),ganzdunklesgrun,ganz dunkles gruen,Ganz dunkles Gruen,rgb,10,53,2,1,5,full,white,en,,1.1.5,
0,de,German (Deutsch),lilarosa,lila rosa,Lila-Rosa,rgb,230,146,204,1,6,full,white,en,,1.1.5,
0,de,German (Deutsch),helleslilablau,helles lila blau,helles lila-blau,rgb,117,95,180,1,7,full,white,en,,1.1.5,
0,de,German (Deutsch),dunklesrosa,dunkles rosa,Dunkles Rosa,rgb,246,163,165,1,8,full,white,en,,1.1.5,
0,de,German (Deutsch),dunklesblau,dunkles blau,Dunkles Blau,rgb,28,45,137,1,9,full,white,en,,1.1.5,
0,de,German (Deutsch),bisschendunklesblau,bisschen dunkles blau,Bisschen dunkles Blau,rgb,9,29,167,1,10,full,white,en,,1.1.5,
0,de,German (Deutsch),hellgrun,hellgruen,Hellgruen,rgb,151,230,167,1,11,full,white,en,,1.1.5,
0,de,German (Deutsch),herbstgrun,herbstgrün,herbstgrün,rgb,118,189,128,1,0,full,white,en,,1.1.5,
0,de,German (Deutsch),ocker,ocker,ocker,rgb,158,149,17,1,1,full,white,en,,1.1.5,
0,de,German (Deutsch),olivengrun,olivengrün,olivengrün,rgb,113,136,43,1,2,full,white,en,,1.1.5,
0,de,German (Deutsch),ultramarin,ultramarin,ultramarin,rgb,32,124,162,1,3,full,white,en,,1.1.5,
0,de,German (Deutsch),himmelblau,himmelblau,himmelblau,rgb,34,197,242,1,4,full,white,en,,1.1.5,
0,de,German (Deutsch),mintgrun,mintgrün,mintgrün,rgb,105,227,131,1,5,full,white,en,,1.1.5,
0,de,German (Deutsch),waldgrun,waldgrün,waldgrün,rgb,30,86,58,1,6,full,white,en,,1.1.5,
0,de,German (Deutsch),limette,limette,limette,rgb,198,246,153,1,7,full,white,en,,1.1.5,
0,de,German (Deutsch),zyan,zyan,zyan,rgb,61,229,230,1,8,full,white,en,,1.1.5,
0,de,German (Deutsch),rot,rot,rot,rgb,252,26,30,1,9,full,white,en,,1.1.5,
0,de,German (Deutsch),graugrun,graugrün,graugrün,rgb,98,145,124,1,10,full,white,en,,1.1.5,
0,de,German (Deutsch),hellbraun,hellbraun,hellbraun,rgb,176,158,94,1,11,full,white,en,,1.1.5,
0,de,German (Deutsch),lila,lila,lila,rgb,164,35,154,3,0,full,white,en,,1.1.5,
0,de,German (Deutsch),creme,creme,creme,rgb,254,247,203,3,1,full,white,en,,1.1.5,
0,de,German (Deutsch),lachsrot,lachsrot,lachsrot,rgb,225,90,106,3,2,full,white,en,,1.1.5,
0,de,German (Deutsch),magenta,magenta,magenta,rgb,250,6,241,3,3,full,white,en,,1.1.5,
0,de,German (Deutsch),braunlila,braunlila,braunlila,rgb,107,70,85,3,4,full,white,en,,1.1.5,
0,de,German (Deutsch),grasgrun,grasgrün,grasgrün,rgb,18,176,30,3,5,full,white,en,,1.1.5,
0,de,German (Deutsch),grunbraun,grünbraun,grünbraun,rgb,102,96,13,3,6,full,white,en,,1.1.5,
0,de,German (Deutsch),blau,blau,blau,rgb,23,121,227,3,7,full,white,en,,1.1.5,
0,de,German (Deutsch),grau,grau,grau,rgb,87,92,86,3,8,full,white,en,,1.1.5,
0,de,German (Deutsch),violett,violett,violett,rgb,161,101,188,3,9,full,white,en,,1.1.5,
0,de,German (Deutsch),grun,grün,grün,rgb,57,164,65,3,10,full,white,en,,1.1.5,
0,de,German (Deutsch),pink,pink,pink,rgb,244,54,131,3,11,full,white,en,,1.1.5,
0,de,German (Deutsch),graugrun,graugrün,graugrün,rgb,198,220,207,6,0,full,white,en,,1.1.5,
0,de,German (Deutsch),limette,limette,limette,rgb,47,255,133,6,1,full,white,en,,1.1.5,
0,de,German (Deutsch),dunkelrot,dunkelrot,dunkelrot,rgb,140,14,40,6,2,full,white,en,,1.1.5,
0,de,German (Deutsch),taubenblau,taubenblau,taubenblau,rgb,187,208,248,6,3,full,white,en,,1.1.5,
0,de,German (Deutsch),blau,blau,blau,rgb,36,97,251,6,4,full,white,en,,1.1.5,
0,de,German (Deutsch),rot,rot,rot,rgb,198,5,40,6,5,full,white,en,,1.1.5,
0,de,German (Deutsch),rotbraun,rotbraun,rotbraun,rgb,191,91,69,6,6,full,white,en,,1.1.5,
0,de,German (Deutsch),ocker,ocker,ocker,rgb,209,129,60,6,7,full,white,en,,1.1.5,
0,de,German (Deutsch),violett,violett,violett,rgb,183,19,206,6,8,full,white,en,,1.1.5,
0,de,German (Deutsch),gold,gold,gold,rgb,239,167,17,6,9,full,white,en,,1.1.5,
0,de,German (Deutsch),hellgrau,hellgrau,hellgrau,rgb,208,187,195,6,10,full,white,en,,1.1.5,
0,de,German (Deutsch),dunkleblau,dunkleblau,dunkleblau,rgb,26,40,104,6,11,full,white,en,,1.1.5,
0,de,German (Deutsch),blau,blau,blau,rgb,59,94,166,1,0,full,white,en,,1.1.5,
0,de,German (Deutsch),pistazie,pistazie,Pistazie,rgb,202,207,35,1,1,full,white,en,,1.1.5,
0,de,German (Deutsch),petrolblau,petrolblau,petrolblau,rgb,16,61,249,1,2,full,white,en,,1.1.5,
0,de,German (Deutsch),hellblau,hellblau,hellblau,rgb,126,165,197,1,3,full,white,en,,1.1.5,
0,de,German (Deutsch),fuchsia,fuchsia,fuchsia,rgb,207,94,152,1,4,full,white,en,,1.1.5,
0,de,German (Deutsch),turkis,türkis,türkis,rgb,68,251,181,1,6,full,white,en,,1.1.5,
0,de,German (Deutsch),turkis,türkis,türkis,rgb,110,200,188,1,7,full,white,en,,1.1.5,
0,de,German (Deutsch),ocker,ocker,ocker,rgb,240,194,55,1,8,full,white,en,,1.1.5,
0,de,German (Deutsch),schwarz,schwarz,schwarz,rgb,17,9,23,1,9,full,white,en,,1.1.5,
0,de,German (Deutsch),dunkelgrun,dunkelgrün,dunkelgrün,rgb,35,86,66,1,11,full,white,en,,1.1.5,
0,de,German (Deutsch),grun,grün,grün,rgb,83,171,4,3,0,full,white,en,,1.1.5,
0,de,German (Deutsch),hellgrun,hellgrün,hellgrün,rgb,198,198,127,3,1,full,white,en,,1.1.5,
0,de,German (Deutsch),himbeerrot,himbeerrot,himbeerrot,rgb,232,40,34,3,2,full,white,en,,1.1.5,
0,de,German (Deutsch),flieder,flieder,flieder,rgb,225,154,214,3,3,full,white,en,,1.1.5,
0,de,German (Deutsch),lila,lila,lila,rgb,241,89,219,3,4,full,white,en,,1.1.5,
0,de,German (Deutsch),puderrosa,puderrosa,puderrosa,rgb,231,173,174,3,5,full,white,en,,1.1.5,
0,de,German (Deutsch),lilablau,lila blau,lila-blau,rgb,122,122,253,3,6,full,white,en,,1.1.5,
0,de,German (Deutsch),himmelblau,himmelblau,himmelblau,rgb,6,172,237,3,7,full,white,en,,1.1.5,
0,de,German (Deutsch),dunkellila,dunkellila,dunkellila,rgb,139,12,122,3,8,full,white,en,,1.1.5,
0,de,German (Deutsch),beige,beige,beige,rgb,198,152,85,3,9,full,white,en,,1.1.5,
0,de,German (Deutsch),braun,braun,braun,rgb,138,98,54,3,10,full,white,en,,1.1.5,
0,de,German (Deutsch),waldgrun,waldgrün,waldgrün,rgb,107,127,32,3,11,full,white,en,,1.1.5,
0,de,German (Deutsch),blauviolett,blauviolett,blauviolett,rgb,59,52,137,6,0,full,white,en,,1.1.5,
0,de,German (Deutsch),fuchsia,fuchsia,fuchsia,rgb,171,1,81,6,1,full,white,en,,1.1.5,
0,de,German (Deutsch),beere,beere,beere,rgb,236,133,137,6,2,full,white,en,,1.1.5,
0,de,German (Deutsch),dunkelviolett,dunkelviolett,dunkelviolett,rgb,162,69,91,6,3,full,white,en,,1.1.5,
0,de,German (Deutsch),blau,blau,blau,rgb,23,73,201,6,4,full,white,en,,1.1.5,
0,de,German (Deutsch),flieder,flieder,flieder,rgb,130,127,183,6,5,full,white,en,,1.1.5,
0,de,German (Deutsch),himmelblau,himmelblau,himmelblau,rgb,39,201,237,6,6,full,white,en,,1.1.5,
0,de,German (Deutsch),schokobraun,schokobraun,schokobraun,rgb,110,44,32,6,7,full,white,en,,1.1.5,
0,de,German (Deutsch),blaugrun,blaugrün,blaugrün,rgb,42,161,102,6,8,full,white,en,,1.1.5,
0,de,German (Deutsch),nachtblau,nachtblau,nachtblau,rgb,27,20,72,6,9,full,white,en,,1.1.5,
0,de,German (Deutsch),knallgrun,knallgrün,knallgrün,rgb,42,240,108,6,11,full,white,en,,1.1.5,
0,de,German (Deutsch),blau,blau,Blau,rgb,0,128,255,1,0,line,white,en,,1.1.5,
0,de,German (Deutsch),turkis,türkis,Türkis,rgb,0,255,243,1,1,line,white,en,,1.1.5,
0,de,German (Deutsch),orange,orange,Orange,rgb,255,190,0,1,2,line,white,en,,1.1.5,
0,de,German (Deutsch),marineblau,marineblau,Marineblau,rgb,0,96,255,1,3,line,white,en,,1.1.5,
0,de,German (Deutsch),pink,pink,Pink,rgb,255,0,108,1,4,line,white,en,,1.1.5,
0,de,German (Deutsch),gelb,gelb,Gelb,rgb,255,231,0,1,5,line,white,en,,1.1.5,
0,de,German (Deutsch),neongrun,neongrün,Neongrün,rgb,0,255,29,1,6,line,white,en,,1.1.5,
0,de,German (Deutsch),blau,blau,Blau,rgb,0,152,255,1,7,line,white,en,,1.1.5,
0,de,German (Deutsch),orange,orange,Orange,rgb,255,101,0,1,8,line,white,en,,1.1.5,
0,de,German (Deutsch),hellblau,hellblau,Hellblau,rgb,0,230,255,1,9,line,white,en,,1.1.5,
0,de,German (Deutsch),grun,grün,Grün,rgb,151,255,0,1,10,line,white,en,,1.1.5,
0,de,German (Deutsch),lila,lila,Lila,rgb,140,0,255,1,11,line,white,en,,1.1.5,
0,de,German (Deutsch),orange,orange,Orange,rgb,255,129,0,3,0,line,white,en,,1.1.5,
0,de,German (Deutsch),violett,violett,Violett,rgb,221,0,255,3,1,line,white,en,,1.1.5,
0,de,German (Deutsch),blau,blau,Blau,rgb,0,181,255,3,2,line,white,en,,1.1.5,
0,de,German (Deutsch),neongrun,neongrün,Neongrün,rgb,0,255,185,3,3,line,white,en,,1.1.5,
0,de,German (Deutsch),neonblau,neonblau,Neonblau,rgb,0,255,214,3,4,line,white,en,,1.1.5,
0,de,German (Deutsch),rot,rot,Rot,rgb,255,0,28,3,5,line,white,en,,1.1.5,
0,de,German (Deutsch),pink,pink,Pink,rgb,255,0,189,3,6,line,white,en,,1.1.5,
0,de,German (Deutsch),orange,orange,Orange,rgb,255,177,0,3,7,line,white,en,,1.1.5,
0,de,German (Deutsch),hellgrun,hellgrün,Hellgrün,rgb,222,255,0,3,8,line,white,en,,1.1.5,
0,de,German (Deutsch),neongrun,neongrün,Neongrün,rgb,0,255,127,3,9,line,white,en,,1.1.5,
0,de,German (Deutsch),rot,rot,Rot,rgb,255,65,0,3,10,line,white,en,,1.1.5,
0,de,German (Deutsch),pink,pink,Pink,rgb,255,0,215,3,11,line,white,en,,1.1.5,
0,de,German (Deutsch),grun,grün,Grün,rgb,96,255,0,6,0,line,white,en,,1.1.5,
0,de,German (Deutsch),turkis,türkis,Türkis,rgb,0,234,255,6,1,line,white,en,,1.1.5,
0,de,German (Deutsch),neongrun,neongrün,Neongrün,rgb,0,255,78,6,2,line,white,en,,1.1.5,
0,de,German (Deutsch),pink,pink,Pink,rgb,255,0,158,6,3,line,white,en,,1.1.5,
0,de,German (Deutsch),marineblau,marineblau,Marineblau,rgb,0,85,255,6,4,line,white,en,,1.1.5,
0,de,German (Deutsch),gelb,gelb,Gelb,rgb,255,246,0,6,5,line,white,en,,1.1.5,
0,de,German (Deutsch),marineblau,marineblau,Marineblau,rgb,0,57,255,6,6,line,white,en,,1.1.5,
0,de,German (Deutsch),violett,violett,Violett,rgb,205,0,255,6,7,line,white,en,,1.1.5,
0,de,German (Deutsch),blau,blau,Blau,rgb,0,160,255,6,8,line,white,en,,1.1.5,
0,de,German (Deutsch),marineblau,marineblau,Marineblau,rgb,0,13,255,6,9,line,white,en,,1.1.5,
0,de,German (Deutsch),hellrot,hellrot,Hellrot,rgb,255,0,112,6,10,line,white,en,,1.1.5,
0,de,German (Deutsch),rot,rot,Rot,rgb,255,0,74,6,11,line,white,en,,1.1.5,
0,de,German (Deutsch),schwarz,schwarz,schwarz,rgb,35,10,30,1,0,full,white,en,,1.1.5,
0,de,German (Deutsch),violett,violett,violett,rgb,149,94,99,1,1,full,white,en,,1.1.5,
0,de,German (Deutsch),rosa,rosa,rosa,rgb,231,112,105,1,2,full,white,en,,1.1.5,
0,de,German (Deutsch),rot,rot,rot,rgb,158,35,32,1,3,full,white,en,,1.1.5,
0,de,German (Deutsch),violett,violett,violett,rgb,195,119,221,1,4,full,white,en,,1.1.5,
0,de,German (Deutsch),blau,blau,blau,rgb,29,143,242,1,5,full,white,en,,1.1.5,
0,de,German (Deutsch),hellblau,hellblau,hellblau,rgb,112,200,195,1,6,full,white,en,,1.1.5,
0,de,German (Deutsch),blau,blau,blau,rgb,103,125,157,1,7,full,white,en,,1.1.5,
0,de,German (Deutsch),gelb,gelb,gelb,rgb,235,206,8,1,8,full,white,en,,1.1.5,
0,de,German (Deutsch),dunkelblau,dunkelblau,dunkelblau,rgb,8,37,68,1,9,full,white,en,,1.1.5,
0,de,German (Deutsch),blau,blau,blau,rgb,37,85,159,1,10,full,white,en,,1.1.5,
0,de,German (Deutsch),grun,grün,grün,rgb,107,198,98,1,11,full,white,en,,1.1.5,
0,de,German (Deutsch),grun,grün,grün,rgb,101,158,101,3,0,full,white,en,,1.1.5,
0,de,German (Deutsch),violett,violett,violett,rgb,152,32,122,3,1,full,white,en,,1.1.5,
0,de,German (Deutsch),violett,violett,violett,rgb,96,74,121,3,2,full,white,en,,1.1.5,
0,de,German (Deutsch),beige,beige,beige,rgb,220,201,120,3,3,full,white,en,,1.1.5,
0,de,German (Deutsch),hellblau,hellblau,hellblau,rgb,185,207,223,3,4,full,white,en,,1.1.5,
0,de,German (Deutsch),blau,blau,blau,rgb,34,67,239,3,5,full,white,en,,1.1.5,
0,de,German (Deutsch),orange,orange,orange,rgb,250,83,61,3,6,full,white,en,,1.1.5,
0,de,German (Deutsch),hellblau,hellblau,hellblau,rgb,65,171,215,3,7,full,white,en,,1.1.5,
0,de,German (Deutsch),grun,grün,grün,rgb,27,235,40,3,8,full,white,en,,1.1.5,
0,de,German (Deutsch),dunkelgrun,dunkelgrün,dunkelgrün,rgb,31,107,48,3,9,full,white,en,,1.1.5,
0,de,German (Deutsch),rotviolett,rot violett,rot violett,rgb,140,39,64,3,10,full,white,en,,1.1.5,
0,de,German (Deutsch),grau,grau,grau,rgb,104,99,73,3,11,full,white,en,,1.1.5,
0,de,German (Deutsch),violett,violett,violett,rgb,105,19,142,6,0,full,white,en,,1.1.5,
0,de,German (Deutsch),rosa,rosa,rosa,rgb,246,86,243,6,1,full,white,en,,1.1.5,
0,de,German (Deutsch),grun,grün,grün,rgb,61,252,131,6,2,full,white,en,,1.1.5,
0,de,German (Deutsch),violett,violett,violett,rgb,166,86,138,6,3,full,white,en,,1.1.5,
0,de,German (Deutsch),hellblau,hellblau,hellblau,rgb,88,252,252,6,4,full,white,en,,1.1.5,
0,de,German (Deutsch),violett,violett,violett,rgb,109,9,73,6,5,full,white,en,,1.1.5,
0,de,German (Deutsch),grun,grün,grün,rgb,170,205,118,6,6,full,white,en,,1.1.5,
0,de,German (Deutsch),grun,grün,grün,rgb,125,225,38,6,7,full,white,en,,1.1.5,
0,de,German (Deutsch),hautfarben,hautfarben,hautfarben,rgb,250,177,112,6,8,full,white,en,,1.1.5,
0,de,German (Deutsch),turkis,türkis,türkis,rgb,30,196,144,6,9,full,white,en,,1.1.5,
0,de,German (Deutsch),grun,grün,grün,rgb,7,154,36,6,10,full,white,en,,1.1.5,
0,de,German (Deutsch),braun,braun,braun,rgb,165,83,6,6,11,full,white,en,,1.1.5,
0,de,German (Deutsch),tannenadel,tannenadel,Tannenadel,rgb,57,81,28,3,0,full,white,en,,1.1.5,
0,de,German (Deutsch),kunstlichehimbeere,künstliche himbeere,künstliche Himbeere,rgb,199,18,105,3,1,full,white,en,,1.1.5,
0,de,German (Deutsch),brombeere,brombeere,Brombeere,rgb,89,39,68,3,2,full,white,en,,1.1.5,
0,de,German (Deutsch),rotpink,rotpink,Rotpink,rgb,218,25,70,3,3,full,white,en,,1.1.5,
0,de,German (Deutsch),grun,grün,Grün,rgb,11,155,17,3,4,full,white,en,,1.1.5,
0,de,German (Deutsch),blaugraugrun,blaugraugrün,Blaugraugrün,rgb,81,138,109,3,5,full,white,en,,1.1.5,
0,de,German (Deutsch),grellesturkis,grelles türkis,Grelles türkis,rgb,34,250,238,3,6,full,white,en,,1.1.5,
0,de,German (Deutsch),dunkellila,dunkellila,Dunkellila,rgb,68,17,89,3,7,full,white,en,,1.1.5,
0,de,German (Deutsch),neonlilapink,neon lilapink,Neon lilapink,rgb,172,9,222,3,8,full,white,en,,1.1.5,
0,de,German (Deutsch),pink,pink,Pink,rgb,210,89,228,3,9,full,white,en,,1.1.5,
0,de,German (Deutsch),algengrun,algengrün,Algengrün,rgb,50,178,103,3,10,full,white,en,,1.1.5,
0,de,German (Deutsch),lila,lila,Lila,rgb,104,70,171,3,11,full,white,en,,1.1.5,
0,de,German (Deutsch),waldgrun,waldgrün,Waldgrün,rgb,27,123,33,6,0,full,white,en,,1.1.5,
0,de,German (Deutsch),mint,mint,Mint,rgb,47,198,159,6,1,full,white,en,,1.1.5,
0,de,German (Deutsch),weihnachtsrot,weihnachtsrot,Weihnachtsrot,rgb,205,42,4,6,2,full,white,en,,1.1.5,
0,de,German (Deutsch),orangenesbeige,orangenes beige,Orangenes beige,rgb,215,143,72,6,3,full,white,en,,1.1.5,
0,de,German (Deutsch),saurerapfel,saurer apfel,Saurer Apfel,rgb,186,208,51,6,4,full,white,en,,1.1.5,
0,de,German (Deutsch),blau,blau,Blau,rgb,66,83,232,6,5,full,white,en,,1.1.5,
0,de,German (Deutsch),weichesmint,weiches mint,Weiches mint,rgb,194,228,195,6,6,full,white,en,,1.1.5,
0,de,German (Deutsch),neutralesblau,neutrales blau,Neutrales Blau,rgb,59,109,205,6,7,full,white,en,,1.1.5,
0,de,German (Deutsch),neonmintgrun,neonmintgrün,Neonmintgrün,rgb,135,253,172,6,8,full,white,en,,1.1.5,
0,de,German (Deutsch),helleslilagrau,helles lilagrau,Helles Lilagrau,rgb,226,227,243,6,9,full,white,en,,1.1.5,
0,de,German (Deutsch),neonlila,neonlila,Neonlila,rgb,134,37,255,6,10,full,white,en,,1.1.5,
0,de,German (Deutsch),beere,beere,Beere,rgb,184,51,145,6,11,full,white,en,,1.1.5,
0,de,German (Deutsch),hautfarbe,hautfarbe,hautfarbe,rgb,224,149,154,1,1,full,white,en,,1.1.5,
0,de,German (Deutsch),hellbraun,hellbraun,hellbraun,rgb,170,147,140,1,2,full,white,en,,1.1.5,
0,de,German (Deutsch),gelb,gelb,gelb,rgb,247,240,81,1,3,full,white,en,,1.1.5,
0,de,German (Deutsch),magenta,magenta,magenta,rgb,205,7,148,1,4,full,white,en,,1.1.5,
0,de,German (Deutsch),ocker,ocker,ocker,rgb,222,165,57,1,5,full,white,en,,1.1.5,
0,de,German (Deutsch),hellblau,hellblau,hellblau,rgb,74,153,205,1,6,full,white,en,,1.1.5,
0,de,German (Deutsch),dunklesblaugrun,dunkles blaugrün,dunkles blaugrün,rgb,6,162,133,1,7,full,white,en,,1.1.5,
0,de,German (Deutsch),rot,rot,rot,rgb,219,79,118,1,8,full,white,en,,1.1.5,
0,de,German (Deutsch),orangebraun,orange braun,orange braun,rgb,191,108,39,1,9,full,white,en,,1.1.5,
0,de,German (Deutsch),rosa,rosa,rosa,rgb,228,86,227,1,10,full,white,en,,1.1.5,
0,de,German (Deutsch),ultramarin,ultramarin,ultramarin,rgb,48,4,178,1,11,full,white,en,,1.1.5,
0,de,German (Deutsch),hellbraun,hellbraun,hellbraun,rgb,206,162,103,3,0,full,white,en,,1.1.5,
0,de,German (Deutsch),rotbraun,rotbraun,rotbraun,rgb,93,28,2,3,1,full,white,en,,1.1.5,
0,de,German (Deutsch),hellgrau,hellgrau,hellgrau,rgb,169,195,184,3,2,full,white,en,,1.1.5,
0,de,German (Deutsch),neongrun,neongrün,neongrün,rgb,10,238,101,3,3,full,white,en,,1.1.5,
0,de,German (Deutsch),braun,braun,braun,rgb,161,107,71,3,4,full,white,en,,1.1.5,
0,de,German (Deutsch),grungrau,grüngrau,grüngrau,rgb,122,147,93,3,5,full,white,en,,1.1.5,
0,de,German (Deutsch),blassgelb,blassgelb,blassgelb,rgb,246,234,190,3,6,full,white,en,,1.1.5,
0,de,German (Deutsch),orange,orange,orange,rgb,249,145,38,3,7,full,white,en,,1.1.5,
0,de,German (Deutsch),rot,rot,rot,rgb,252,40,105,3,8,full,white,en,,1.1.5,
0,de,German (Deutsch),grau,grau,grau,rgb,115,132,155,3,9,full,white,en,,1.1.5,
0,de,German (Deutsch),grun,grün,grün,rgb,111,229,4,3,10,full,white,en,,1.1.5,
0,de,German (Deutsch),gelbgrau,gelbgrau,gelbgrau,rgb,173,176,47,3,11,full,white,en,,1.1.5,
0,de,German (Deutsch),dunkelblau,dunkelblau,dunkelblau,rgb,41,66,120,6,0,full,white,en,,1.1.5,
0,de,German (Deutsch),dunkelrot,dunkelrot,dunkelrot,rgb,82,8,34,6,1,full,white,en,,1.1.5,
0,de,German (Deutsch),dunklesblaugrun,dunkles blaugrün,dunkles blaugrün,rgb,54,99,98,6,2,full,white,en,,1.1.5,
0,de,German (Deutsch),dunkelgrun,dunkelgrün,dunkelgrün,rgb,0,67,7,6,3,full,white,en,,1.1.5,
0,de,German (Deutsch),violett,violett,violett,rgb,158,36,219,6,4,full,white,en,,1.1.5,
0,de,German (Deutsch),braun,braun,braun,rgb,141,80,82,6,5,full,white,en,,1.1.5,
0,de,German (Deutsch),hellblaugrau,hellblaugrau,hellblaugrau,rgb,126,204,228,6,6,full,white,en,,1.1.5,
0,de,German (Deutsch),lila,lila,lila,rgb,160,63,191,6,7,full,white,en,,1.1.5,
0,de,German (Deutsch),braungrau,braungrau,braungrau,rgb,106,84,16,6,8,full,white,en,,1.1.5,
0,de,German (Deutsch),hellturkis,helltürkis,helltürkis,rgb,150,251,203,6,9,full,white,en,,1.1.5,
0,de,German (Deutsch),blau,blau,blau,rgb,44,154,250,6,10,full,white,en,,1.1.5,
0,de,German (Deutsch),ultramarin,ultramarin,ultramarin,rgb,66,54,185,6,11,full,white,en,,1.1.5,
0,de,German (Deutsch),turkis,türkis,Türkis,rgb,66,230,183,1,0,full,white,en,,1.1.5,
0,de,German (Deutsch),lila,lila,Lila,rgb,217,132,212,1,1,full,white,en,,1.1.5,
0,de,German (Deutsch),marineblau,marine blau,Marine blau,rgb,44,10,91,1,2,full,white,en,,1.1.5,
0,de,German (Deutsch),konigsblau,königsblau,Königsblau,rgb,65,32,149,1,3,full,white,en,,1.1.5,
0,de,German (Deutsch),meerblau,meerblau,Meerblau,rgb,9,150,190,1,4,full,white,en,,1.1.5,
0,de,German (Deutsch),beige,beige,Beige,rgb,216,179,147,1,5,full,white,en,,1.1.5,
0,de,German (Deutsch),dunkelviolette,dunkel violette,Dunkel violette,rgb,62,52,82,1,6,full,white,en,,1.1.5,
0,de,German (Deutsch),blau,blau,Blau,rgb,58,139,224,1,7,full,white,en,,1.1.5,
0,de,German (Deutsch),dunkelgrun,dunkel grün,Dunkel grün,rgb,1,110,126,1,8,full,white,en,,1.1.5,
0,de,German (Deutsch),neongrun,neon grün,Neon grün,rgb,127,249,62,1,9,full,white,en,,1.1.5,
0,de,German (Deutsch),braun,braun,Braun,rgb,175,110,82,1,10,full,white,en,,1.1.5,
0,de,German (Deutsch),rot,rot,Rot,rgb,246,21,56,1,11,full,white,en,,1.1.5,
0,de,German (Deutsch),grun,grün,Grün,rgb,68,154,9,3,0,full,white,en,,1.1.5,
0,de,German (Deutsch),dinjelgun,dinjel gün,Dinjel gün,rgb,58,72,37,3,1,full,white,en,,1.1.5,
0,de,German (Deutsch),grun,grün,Grün,rgb,79,134,57,3,2,full,white,en,,1.1.5,
0,de,German (Deutsch),hellblau,hellblau,Hellblau,rgb,149,191,239,3,3,full,white,en,,1.1.5,
0,de,German (Deutsch),pink,pink,Pink,rgb,255,57,149,3,4,full,white,en,,1.1.5,
0,de,German (Deutsch),okker,okker,Okker,rgb,110,86,12,3,5,full,white,en,,1.1.5,
0,de,German (Deutsch),blau,blau,Blau,rgb,99,99,244,3,6,full,white,en,,1.1.5,
0,de,German (Deutsch),lila,lila,Lila,rgb,208,153,200,3,7,full,white,en,,1.1.5,
0,de,German (Deutsch),violett,violett,Violett,rgb,121,112,172,3,8,full,white,en,,1.1.5,
0,de,German (Deutsch),magenta,magenta,Magenta,rgb,147,17,119,3,9,full,white,en,,1.1.5,
0,de,German (Deutsch),lila,lila,Lila,rgb,194,80,201,3,10,full,white,en,,1.1.5,
0,de,German (Deutsch),rosa,rosa,Rosa,rgb,183,12,97,3,11,full,white,en,,1.1.5,
0,de,German (Deutsch),hellgtun,hellgtün,Hellgtün,rgb,153,231,96,6,0,full,white,en,,1.1.5,
0,de,German (Deutsch),rot,rot,Rot,rgb,135,42,50,6,1,full,white,en,,1.1.5,
0,de,German (Deutsch),hautfarben,hautfarben,Hautfarben,rgb,254,238,229,6,2,full,white,en,,1.1.5,
0,de,German (Deutsch),turkus,türkus,Türkus,rgb,16,237,236,6,3,full,white,en,,1.1.5,
0,de,German (Deutsch),hellgrun,hellgrün,Hellgrün,rgb,149,206,113,6,4,full,white,en,,1.1.5,
0,de,German (Deutsch),konigsblau,königsblau,Königsblau,rgb,44,83,171,6,5,full,white,en,,1.1.5,
0,de,German (Deutsch),okker,okker,Okker,rgb,197,140,44,6,6,full,white,en,,1.1.5,
0,de,German (Deutsch),wiesen,wiesen,Wiesen,rgb,200,181,88,6,7,full,white,en,,1.1.5,
0,de,German (Deutsch),violett,violett,Violett,rgb,107,43,110,6,8,full,white,en,,1.1.5,
0,de,German (Deutsch),schearz,schearz,Schearz,rgb,10,0,6,6,9,full,white,en,,1.1.5,
0,de,German (Deutsch),dunkelgrun,dunkelgrün,Dunkelgrün,rgb,121,131,20,6,10,full,white,en,,1.1.5,
0,de,German (Deutsch),rosa,rosa,Rosa,rgb,205,115,146,6,11,full,white,en,,1.1.5,
0,de,German (Deutsch),hellgrun,hellgrün,Hellgrün,rgb,1,201,116,1,0,full,white,en,,1.1.5,
0,de,German (Deutsch),lila,lila,Lila,rgb,198,84,168,1,1,full,white,en,,1.1.5,
0,de,German (Deutsch),orange,orange,Orange,rgb,243,146,64,1,2,full,white,en,,1.1.5,
0,de,German (Deutsch),rosa,rosa,Rosa,rgb,230,187,214,1,3,full,white,en,,1.1.5,
0,de,German (Deutsch),hellblau,hellblau,hellblau,rgb,127,213,229,1,4,full,white,en,,1.1.5,
0,de,German (Deutsch),grau,grau,grau,rgb,75,129,135,1,5,full,white,en,,1.1.5,
0,de,German (Deutsch),blau,blau,blau,rgb,124,98,223,1,6,full,white,en,,1.1.5,
0,de,German (Deutsch),turkis,türkis,türkis,rgb,13,221,221,1,7,full,white,en,,1.1.5,
0,de,German (Deutsch),dunkelblau,dunkelblau,dunkelblau,rgb,56,92,125,1,8,full,white,en,,1.1.5,
0,de,German (Deutsch),hellblau,hellblau,hellblau,rgb,96,182,235,1,9,full,white,en,,1.1.5,
0,de,German (Deutsch),gelb,gelb,gelb,rgb,244,234,64,1,10,full,white,en,,1.1.5,
0,de,German (Deutsch),dunkellila,dunkellila,dunkellila,rgb,87,23,91,1,11,full,white,en,,1.1.5,
0,de,German (Deutsch),rose,rose,Rose,rgb,240,60,137,3,0,full,white,en,,1.1.5,
0,de,German (Deutsch),pink,pink,Pink,rgb,250,81,212,3,1,full,white,en,,1.1.5,
0,de,German (Deutsch),hellgrun,hellgrün,Hellgrün,rgb,116,224,104,3,2,full,white,en,,1.1.5,
0,de,German (Deutsch),braun,braun,Braun,rgb,131,109,60,3,3,full,white,en,,1.1.5,
0,de,German (Deutsch),grun,grün,Grün,rgb,83,120,30,3,4,full,white,en,,1.1.5,
0,de,German (Deutsch),hellgrun,hellgrün,Hellgrün,rgb,199,226,138,3,5,full,white,en,,1.1.5,
0,de,German (Deutsch),flieder,flieder,Flieder,rgb,179,109,107,3,6,full,white,en,,1.1.5,
0,de,German (Deutsch),neongrun,neongrün,Neongrün,rgb,177,253,78,3,7,full,white,en,,1.1.5,
0,de,German (Deutsch),bordeaux,bordeaux,Bordeaux,rgb,157,27,27,3,8,full,white,en,,1.1.5,
0,de,German (Deutsch),schwarz,schwarz,Schwarz,rgb,35,7,5,3,9,full,white,en,,1.1.5,
0,de,German (Deutsch),dunkelgrau,dunkelgrau,Dunkelgrau,rgb,64,59,33,3,10,full,white,en,,1.1.5,
0,de,German (Deutsch),grau,grau,Grau,rgb,128,129,117,3,11,full,white,en,,1.1.5,
0,de,German (Deutsch),flieder,flieder,Flieder,rgb,153,79,114,6,0,full,white,en,,1.1.5,
0,de,German (Deutsch),dunkelblau,dunkelblau,Dunkelblau,rgb,33,42,119,6,1,full,white,en,,1.1.5,
0,de,German (Deutsch),lila,lila,Lila,rgb,203,84,228,6,2,full,white,en,,1.1.5,
0,de,German (Deutsch),pastellgrun,pastellgrün,Pastellgrün,rgb,221,236,216,6,3,full,white,en,,1.1.5,
0,de,German (Deutsch),grun,grün,Grün,rgb,92,179,129,6,4,full,white,en,,1.1.5,
0,de,German (Deutsch),rot,rot,Rot,rgb,219,75,80,6,5,full,white,en,,1.1.5,
0,de,German (Deutsch),braun,braun,Braun,rgb,183,75,11,6,6,full,white,en,,1.1.5,
0,de,German (Deutsch),rot,rot,Rot,rgb,231,3,59,6,7,full,white,en,,1.1.5,
0,de,German (Deutsch),grun,grün,Grün,rgb,171,184,48,6,8,full,white,en,,1.1.5,
0,de,German (Deutsch),schwarz,schwarz,Schwarz,rgb,106,40,29,6,9,full,white,en,,1.1.5,
0,de,German (Deutsch),grun,grün,Grün,rgb,73,175,162,6,10,full,white,en,,1.1.5,
0,de,German (Deutsch),blau,blau,Blau,rgb,30,140,254,6,11,full,white,en,,1.1.5,
0,de,German (Deutsch),pink,pink,Pink,rgb,255,0,149,1,0,line,white,en,,1.1.5,
0,de,German (Deutsch),rot,rot,Rot,rgb,255,0,77,1,1,line,white,en,,1.1.5,
0,de,German (Deutsch),blau,blau,Blau,rgb,0,84,255,1,2,line,white,en,,1.1.5,
0,de,German (Deutsch),bernstein,bernstein,Bernstein,rgb,255,172,0,1,3,line,white,en,,1.1.5,
0,de,German (Deutsch),minzgrun,minzgrün,Minzgrün,rgb,0,255,123,1,4,line,white,en,,1.1.5,
0,de,German (Deutsch),gelb,gelb,Gelb,rgb,255,207,0,1,5,line,white,en,,1.1.5,
0,de,German (Deutsch),orange,orange,Orange,rgb,255,105,0,1,6,line,white,en,,1.1.5,
0,de,German (Deutsch),grun,grün,Grün,rgb,102,255,0,1,7,line,white,en,,1.1.5,
0,de,German (Deutsch),magenta,magenta,Magenta,rgb,255,0,101,1,8,line,white,en,,1.1.5,
0,de,German (Deutsch),himmelblau,himmelblau,Himmelblau,rgb,0,123,255,1,9,line,white,en,,1.1.5,
0,de,German (Deutsch),turkis,türkis,Türkis,rgb,0,222,255,1,10,line,white,en,,1.1.5,
0,de,German (Deutsch),lila,lila,LIla,rgb,182,0,255,1,11,line,white,en,,1.1.5,
0,de,German (Deutsch),orange,orange,Orange,rgb,255,79,0,3,0,line,white,en,,1.1.5,
0,de,German (Deutsch),gelb,gelb,Gelb,rgb,255,253,0,3,1,line,white,en,,1.1.5,
0,de,German (Deutsch),turkis,türkis,Türkis,rgb,0,255,185,3,2,line,white,en,,1.1.5,
0,de,German (Deutsch),babyblau,babyblau,Babyblau,rgb,0,179,255,3,3,line,white,en,,1.1.5,
0,de,German (Deutsch),himmelblau,himmelblau,Himmelblau,rgb,0,147,255,3,4,line,white,en,,1.1.5,
0,de,German (Deutsch),pink,pink,Pink,rgb,255,0,250,3,5,line,white,en,,1.1.5,
0,de,German (Deutsch),magenta,magenta,Magenta,rgb,255,0,133,3,6,line,white,en,,1.1.5,
0,de,German (Deutsch),mingrun,mingrün,Mingrün,rgb,0,255,96,3,7,line,white,en,,1.1.5,
0,de,German (Deutsch),lila,lila,Lila,rgb,255,0,242,3,8,line,white,en,,1.1.5,
0,de,German (Deutsch),tukis,tükis,Tükis,rgb,0,232,255,3,9,line,white,en,,1.1.5,
0,de,German (Deutsch),babyblau,babyblau,Babyblau,rgb,0,185,255,3,11,line,white,en,,1.1.5,
0,de,German (Deutsch),turkis,türkis,Türkis,rgb,0,255,230,6,0,line,white,en,,1.1.5,
0,de,German (Deutsch),magenta,magenta,Magenta,rgb,255,0,203,6,1,line,white,en,,1.1.5,
0,de,German (Deutsch),blau,blau,Blau,rgb,0,46,255,6,2,line,white,en,,1.1.5,
0,de,German (Deutsch),grun,grün,Grün,rgb,20,255,0,6,3,line,white,en,,1.1.5,
0,de,German (Deutsch),violett,violett,Violett,rgb,59,0,255,6,4,line,white,en,,1.1.5,
0,de,German (Deutsch),turkis,türkis,Türkis,rgb,0,255,221,6,5,line,white,en,,1.1.5,
0,de,German (Deutsch),gelb,gelb,Gelb,rgb,255,241,0,6,6,line,white,en,,1.1.5,
0,de,German (Deutsch),rot,rot,Rot,rgb,255,0,30,6,7,line,white,en,,1.1.5,
0,de,German (Deutsch),lila,lila,Lila,rgb,126,0,255,6,8,line,white,en,,1.1.5,
0,de,German (Deutsch),grun,grün,Grün,rgb,148,255,0,6,9,line,white,en,,1.1.5,
0,de,German (Deutsch),blau,blau,Blau,rgb,0,94,255,6,11,line,white,en,,1.1.5,
0,de,German (Deutsch),hellblau,hellblau,hellblau,rgb,0,112,255,1,0,line,white,en,,1.1.5,
0,de,German (Deutsch),himmelblau,himmelblau,himmelblau,rgb,0,182,255,1,1,line,white,en,,1.1.5,
0,de,German (Deutsch),hellgrun,hellgrün,hellgrün,rgb,0,255,140,1,2,line,white,en,,1.1.5,
0,de,German (Deutsch),turkisblau,türkisblau,türkisblau,rgb,0,255,243,1,3,line,white,en,,1.1.5,
0,de,German (Deutsch),violett,violett,violett,rgb,213,0,255,1,4,line,white,en,,1.1.5,
0,de,German (Deutsch),dunkleshimmelblau,dunkles himmelblau,dunkles himmelblau,rgb,0,181,255,1,5,line,white,en,,1.1.5,
0,de,German (Deutsch),turkisgrun,türkisgrün,türkisgrün,rgb,0,255,188,1,6,line,white,en,,1.1.5,
0,de,German (Deutsch),helleshimmelblau,helles himmelblau,helles himmelblau,rgb,0,230,255,1,7,line,white,en,,1.1.5,
0,de,German (Deutsch),blau,blau,blau,rgb,0,45,255,1,8,line,white,en,,1.1.5,
0,de,German (Deutsch),hellviolett,hellviolett,hellviolett,rgb,255,0,251,1,9,line,white,en,,1.1.5,
0,de,German (Deutsch),rot,rot,rot,rgb,255,0,44,1,10,line,white,en,,1.1.5,
0,de,German (Deutsch),hellrot,hellrot,hellrot,rgb,255,53,0,1,11,line,white,en,,1.1.5,
0,de,German (Deutsch),violettrot,violettrot,violettrot,rgb,255,0,140,3,0,line,white,en,,1.1.5,
0,de,German (Deutsch),hellgrun,hellgrün,hellgrün,rgb,92,255,0,3,1,line,white,en,,1.1.5,
0,de,German (Deutsch),hellblau,hellblau,hellblau,rgb,0,144,255,3,2,line,white,en,,1.1.5,
0,de,German (Deutsch),leichtduklesviolettrot,leicht dukles violettrot,leicht dukles violettrot,rgb,255,0,73,3,3,line,white,en,,1.1.5,
0,de,German (Deutsch),dunklesviolettrot,dunkles violettrot,dunkles violettrot,rgb,255,0,99,3,4,line,white,en,,1.1.5,
0,de,German (Deutsch),dunkelgelb,dunkelgelb,dunkelgelb,rgb,255,198,0,3,5,line,white,en,,1.1.5,
0,de,German (Deutsch),orange,orange,orange,rgb,255,123,0,3,6,line,white,en,,1.1.5,
0,de,German (Deutsch),leichtesgrun,leichtes grün,leichtes grün,rgb,205,255,0,3,7,line,white,en,,1.1.5,
0,de,German (Deutsch),grun,grün,grün,rgb,0,255,46,3,8,line,white,en,,1.1.5,
0,de,German (Deutsch),turkisgrun,türkisgrün,türkisgrün,rgb,0,255,204,3,9,line,white,en,,1.1.5,
0,de,German (Deutsch),gelb,gelb,gelb,rgb,255,247,0,3,10,line,white,en,,1.1.5,
0,de,German (Deutsch),leichtesgrun,leichtes grün,leichtes grün,rgb,150,255,0,6,0,line,white,en,,1.1.5,
0,de,German (Deutsch),violettrot,violettrot,violettrot,rgb,255,0,220,6,1,line,white,en,,1.1.5,
0,de,German (Deutsch),rotorange,rotorange,rotorange,rgb,255,90,0,6,2,line,white,en,,1.1.5,
0,de,German (Deutsch),dunklesgelb,dunkles gelb,dunkles gelb,rgb,255,239,0,6,3,line,white,en,,1.1.5,
0,de,German (Deutsch),hellgrun,hellgrün,hellgrün,rgb,0,255,81,6,4,line,white,en,,1.1.5,
0,de,German (Deutsch),leichtesblau,leichtes blau,leichtes blau,rgb,0,119,255,6,5,line,white,en,,1.1.5,
0,de,German (Deutsch),violettblau,violettblau,violettblau,rgb,136,0,255,6,6,line,white,en,,1.1.5,
0,de,German (Deutsch),turkisblau,türkisblau,türkisblau,rgb,0,247,255,6,7,line,white,en,,1.1.5,
0,de,German (Deutsch),orange,orange,orange,rgb,255,166,0,6,8,line,white,en,,1.1.5,
0,de,German (Deutsch),violettorange,violettorange,violettorange,rgb,255,0,164,6,9,line,white,en,,1.1.5,
0,de,German (Deutsch),hellblau,hellblau,hellblau,rgb,0,89,255,6,10,line,white,en,,1.1.5,
0,de,German (Deutsch),blau,blau,blau,rgb,63,0,255,6,11,line,white,en,,1.1.5,
0,de,German (Deutsch),gold,gold,Gold,rgb,216,197,53,1,0,full,white,en,,1.1.5,
0,de,German (Deutsch),pink,pink,Pink,rgb,231,2,212,1,1,full,white,en,,1.1.5,
0,de,German (Deutsch),blau,blau,Blau,rgb,121,171,199,1,2,full,white,en,,1.1.5,
0,de,German (Deutsch),beige,beige,Beige,rgb,236,221,154,1,3,full,white,en,,1.1.5,
0,de,German (Deutsch),hellbraun,hell braun,Hell braun,rgb,175,125,94,1,4,full,white,en,,1.1.5,
0,de,German (Deutsch),helllila,hell lila,Hell lila,rgb,216,217,231,1,5,full,white,en,,1.1.5,
0,de,German (Deutsch),lila,lila,Lila,rgb,131,41,250,1,6,full,white,en,,1.1.5,
0,de,German (Deutsch),marineblau,marineblau,Marineblau,rgb,59,80,96,1,7,full,white,en,,1.1.5,
0,de,German (Deutsch),orange,orange,Orange,rgb,210,151,49,1,8,full,white,en,,1.1.5,
0,de,German (Deutsch),rosa,rosa,Rosa,rgb,252,191,187,1,9,full,white,en,,1.1.5,
0,de,German (Deutsch),turkis,türkis,Türkis,rgb,78,194,180,1,10,full,white,en,,1.1.5,
0,de,German (Deutsch),braun,braun,Braun,rgb,114,69,48,1,11,full,white,en,,1.1.5,
0,de,German (Deutsch),lila,lila,Lila,rgb,176,167,212,3,0,full,white,en,,1.1.5,
0,de,German (Deutsch),gold,gold,Gold,rgb,177,167,112,3,1,full,white,en,,1.1.5,
0,de,German (Deutsch),pink,pink,Pink,rgb,245,63,116,3,2,full,white,en,,1.1.5,
0,de,German (Deutsch),rosa,rosa,Rosa,rgb,240,130,172,3,3,full,white,en,,1.1.5,
0,de,German (Deutsch),dunkelgrun,dunkel grün,Dunkel Grün,rgb,53,105,0,3,4,full,white,en,,1.1.5,
0,de,German (Deutsch),lila,lila,Lila,rgb,140,9,182,3,5,full,white,en,,1.1.5,
0,de,German (Deutsch),grun,grün,Grün,rgb,120,248,35,3,6,full,white,en,,1.1.5,
0,de,German (Deutsch),hellblau,hell blau,Hell blau,rgb,142,225,251,3,7,full,white,en,,1.1.5,
0,de,German (Deutsch),lila,lila,Lila,rgb,153,95,157,3,8,full,white,en,,1.1.5,
0,de,German (Deutsch),dunkelblau,dunkelblau,Dunkelblau,rgb,52,51,122,3,9,full,white,en,,1.1.5,
0,de,German (Deutsch),beige,beige,Beige,rgb,230,220,196,3,10,full,white,en,,1.1.5,
0,de,German (Deutsch),turkis,türkis,Türkis,rgb,54,245,217,3,11,full,white,en,,1.1.5,
0,de,German (Deutsch),grun,grün,Grün,rgb,121,161,37,6,0,full,white,en,,1.1.5,
0,de,German (Deutsch),dunkelbraun,dunkelbraun,Dunkelbraun,rgb,47,32,6,6,1,full,white,en,,1.1.5,
0,de,German (Deutsch),turkis,türkis,Türkis,rgb,4,176,131,6,2,full,white,en,,1.1.5,
0,de,German (Deutsch),aprikose,aprikose,Aprikose,rgb,196,100,71,6,3,full,white,en,,1.1.5,
0,de,German (Deutsch),dunkelblau,dunkelblau,Dunkelblau,rgb,17,14,44,6,4,full,white,en,,1.1.5,
0,de,German (Deutsch),weinrot,weinrot,Weinrot,rgb,164,3,24,6,5,full,white,en,,1.1.5,
0,de,German (Deutsch),lila,lila,Lila,rgb,149,160,243,6,6,full,white,en,,1.1.5,
0,de,German (Deutsch),blau,blau,Blau,rgb,26,117,224,6,7,full,white,en,,1.1.5,
0,de,German (Deutsch),grun,grün,Grün,rgb,14,250,100,6,8,full,white,en,,1.1.5,
0,de,German (Deutsch),lila,lila,Lila,rgb,198,19,241,6,9,full,white,en,,1.1.5,
0,de,German (Deutsch),lila,lila,Lila,rgb,117,84,175,6,10,full,white,en,,1.1.5,
0,de,German (Deutsch),turkis,türkis,Türkis,rgb,33,117,129,6,11,full,white,en,,1.1.5,
0,de,German (Deutsch),violett,violett,Violett,rgb,202,172,244,1,0,full,white,en,,1.1.5,
0,de,German (Deutsch),orange,orange,Orange,rgb,236,110,46,1,1,full,white,en,,1.1.5,
0,de,German (Deutsch),rotbraun,rotbraun,Rotbraun,rgb,97,34,14,1,2,full,white,en,,1.1.5,
0,de,German (Deutsch),magenta,magenta,Magenta,rgb,202,16,236,1,3,full,white,en,,1.1.5,
0,de,German (Deutsch),petrol,petrol,Petrol,rgb,18,85,100,1,4,full,white,en,,1.1.5,
0,de,German (Deutsch),grau,grau,Grau,rgb,121,118,118,1,5,full,white,en,,1.1.5,
0,de,German (Deutsch),lila,lila,Lila,rgb,117,88,234,1,6,full,white,en,,1.1.5,
0,de,German (Deutsch),grungelb,grüngelb,Grüngelb,rgb,122,112,61,1,7,full,white,en,,1.1.5,
0,de,German (Deutsch),rot,rot,Rot,rgb,154,33,19,1,8,full,white,en,,1.1.5,
0,de,German (Deutsch),schwarz,schwarz,Schwarz,rgb,40,25,47,1,9,full,white,en,,1.1.5,
0,de,German (Deutsch),grun,grün,Grün,rgb,72,123,60,1,10,full,white,en,,1.1.5,
0,de,German (Deutsch),lila,lila,Lila,rgb,147,88,134,1,11,full,white,en,,1.1.5,
0,de,German (Deutsch),hellgrun,hellgrün,Hellgrün,rgb,131,226,155,3,0,full,white,en,,1.1.5,
0,de,German (Deutsch),pink,pink,Pink,rgb,251,46,128,3,1,full,white,en,,1.1.5,
0,de,German (Deutsch),dunkelturkis,dunkeltürkis,Dunkeltürkis,rgb,15,137,129,3,2,full,white,en,,1.1.5,
0,de,German (Deutsch),neongrun,neongrün,Neongrün,rgb,25,226,104,3,3,full,white,en,,1.1.5,
0,de,German (Deutsch),rosa,rosa,Rosa,rgb,192,74,118,3,4,full,white,en,,1.1.5,
0,de,German (Deutsch),pflaume,pflaume,Pflaume,rgb,94,50,62,3,5,full,white,en,,1.1.5,
0,de,German (Deutsch),lindgrun,lindgrün,Lindgrün,rgb,175,184,116,3,6,full,white,en,,1.1.5,
0,de,German (Deutsch),gelb,gelb,Gelb,rgb,243,238,120,3,7,full,white,en,,1.1.5,
0,de,German (Deutsch),beige,beige,Beige,rgb,214,173,115,3,8,full,white,en,,1.1.5,
0,de,German (Deutsch),weinrot,weinrot,Weinrot,rgb,129,16,55,3,9,full,white,en,,1.1.5,
0,de,German (Deutsch),grun,grün,Grün,rgb,156,195,35,3,10,full,white,en,,1.1.5,
0,de,German (Deutsch),rosa,rosa,Rosa,rgb,253,178,202,3,11,full,white,en,,1.1.5,
0,de,German (Deutsch),lila,lila,Lila,rgb,93,49,166,6,0,full,white,en,,1.1.5,
0,de,German (Deutsch),hellblau,hellblau,Hellblau,rgb,135,182,231,6,1,full,white,en,,1.1.5,
0,de,German (Deutsch),dunkellila,dunkellila,Dunkellila,rgb,76,48,105,6,2,full,white,en,,1.1.5,
0,de,German (Deutsch),rot,rot,Rot,rgb,253,67,70,6,3,full,white,en,,1.1.5,
0,de,German (Deutsch),dunkelgrun,dunkelgrün,Dunkelgrün,rgb,47,61,52,6,4,full,white,en,,1.1.5,
0,de,German (Deutsch),turkis,türkis,Türkis,rgb,116,220,206,6,5,full,white,en,,1.1.5,
0,de,German (Deutsch),orange,orange,Orange,rgb,238,151,42,6,6,full,white,en,,1.1.5,
0,de,German (Deutsch),grun,grün,Grün,rgb,103,129,0,6,7,full,white,en,,1.1.5,
0,de,German (Deutsch),blau,blau,Blau,rgb,25,127,161,6,8,full,white,en,,1.1.5,
0,de,German (Deutsch),matschgrun,matschgrün,Matschgrün,rgb,148,185,158,6,9,full,white,en,,1.1.5,
0,de,German (Deutsch),turkis,türkis,Türkis,rgb,43,251,224,6,10,full,white,en,,1.1.5,
0,de,German (Deutsch),himbeer,himbeer,Himbeer,rgb,170,1,109,6,11,full,white,en,,1.1.5,
0,de,German (Deutsch),turkis,türkis,Türkis,rgb,9,209,139,1,0,full,white,en,,1.1.5,
0,de,German (Deutsch),lila,lila,Lila,rgb,112,91,146,1,1,full,white,en,,1.1.5,
0,de,German (Deutsch),lila,lila,Lila,rgb,176,115,196,1,2,full,white,en,,1.1.5,
0,de,German (Deutsch),turkis,türkis,Türkis,rgb,84,180,138,1,3,full,white,en,,1.1.5,
0,de,German (Deutsch),blau,blau,Blau,rgb,5,90,211,1,4,full,white,en,,1.1.5,
0,de,German (Deutsch),grun,grün,Grün,rgb,154,203,79,1,5,full,white,en,,1.1.5,
0,de,German (Deutsch),blaulichlila,bläulich lila,Bläulich Lila,rgb,82,43,200,1,6,full,white,en,,1.1.5,
0,de,German (Deutsch),pink,pink,Pink,rgb,240,1,244,1,7,full,white,en,,1.1.5,
0,de,German (Deutsch),braun,braun,Braun,rgb,140,129,16,1,8,full,white,en,,1.1.5,
0,de,German (Deutsch),gold,gold,Gold,rgb,215,179,68,1,9,full,white,en,,1.1.5,
0,de,German (Deutsch),lila,lila,Lila,rgb,187,93,234,1,10,full,white,en,,1.1.5,
0,de,German (Deutsch),pink,pink,Pink,rgb,247,179,199,1,11,full,white,en,,1.1.5,
0,de,German (Deutsch),weinrot,weinrot,Weinrot,rgb,190,69,123,3,0,full,white,en,,1.1.5,
0,de,German (Deutsch),blau,blau,Blau,rgb,100,139,200,3,1,full,white,en,,1.1.5,
0,de,German (Deutsch),gelb,gelb,Gelb,rgb,235,228,141,3,2,full,white,en,,1.1.5,
0,de,German (Deutsch),neongrun,neongrün,Neongrün,rgb,203,246,50,3,3,full,white,en,,1.1.5,
0,de,German (Deutsch),beige,beige,Beige,rgb,243,202,160,3,4,full,white,en,,1.1.5,
0,de,German (Deutsch),grun,grün,Grün,rgb,66,196,49,3,5,full,white,en,,1.1.5,
0,de,German (Deutsch),gelb,gelb,Gelb,rgb,201,210,50,3,6,full,white,en,,1.1.5,
0,de,German (Deutsch),dunkelgrun,dunkelgrün,Dunkelgrün,rgb,9,96,43,3,7,full,white,en,,1.1.5,
0,de,German (Deutsch),grellgrun,grellgrün,Grellgrün,rgb,51,232,19,3,8,full,white,en,,1.1.5,
0,de,German (Deutsch),pastelgrun,pastelgrün,Pastelgrün,rgb,163,251,180,3,9,full,white,en,,1.1.5,
0,de,German (Deutsch),petrol,petrol,Petrol,rgb,69,149,168,3,10,full,white,en,,1.1.5,
0,de,German (Deutsch),weinrot,weinrot,Weinrot,rgb,151,19,113,3,11,full,white,en,,1.1.5,
0,de,German (Deutsch),dunkelviolett,dunkelviolett,Dunkelviolett,rgb,59,32,131,6,0,full,white,en,,1.1.5,
0,de,German (Deutsch),rot,rot,Rot,rgb,229,22,55,6,1,full,white,en,,1.1.5,
0,de,German (Deutsch),mattesgrun,mattes grün,Mattes grün,rgb,135,149,108,6,2,full,white,en,,1.1.5,
0,de,German (Deutsch),pastelturkis,pasteltürkis,Pasteltürkis,rgb,169,220,214,6,3,full,white,en,,1.1.5,
0,de,German (Deutsch),pink,pink,Pink,rgb,236,100,188,6,4,full,white,en,,1.1.5,
0,de,German (Deutsch),lila,lila,Lila,rgb,178,58,175,6,5,full,white,en,,1.1.5,
0,de,German (Deutsch),neongrun,neongrün,Neongrün,rgb,25,247,127,6,6,full,white,en,,1.1.5,
0,de,German (Deutsch),dunkelviolett,dunkelviolett,Dunkelviolett,rgb,132,60,143,6,7,full,white,en,,1.1.5,
0,de,German (Deutsch),dunkelrot,dunkelrot,Dunkelrot,rgb,77,23,61,6,8,full,white,en,,1.1.5,
0,de,German (Deutsch),schwarz,schwarz,Schwarz,rgb,26,35,17,6,9,full,white,en,,1.1.5,
0,de,German (Deutsch),dunkelgrun,dunkelgrün,Dunkelgrün,rgb,66,86,75,6,10,full,white,en,,1.1.5,
0,de,German (Deutsch),grun,grün,Grün,rgb,84,149,56,6,11,full,white,en,,1.1.5,
0,de,German (Deutsch),blassgrun,blassgrün,blassgrün,rgb,89,170,142,1,0,full,white,en,,1.1.5,
0,de,German (Deutsch),dunkelgrun,dunkelgrün,Dunkelgrün,rgb,10,141,61,1,1,full,white,en,,1.1.5,
0,de,German (Deutsch),kastanienbraun,kastanienbraun,kastanienbraun,rgb,130,49,19,1,2,full,white,en,,1.1.5,
0,de,German (Deutsch),dunkelviolett,dunkel violett,dunkel-violett,rgb,70,30,88,1,3,full,white,en,,1.1.5,
0,de,German (Deutsch),froschgrun,froschgrün,froschgrün,rgb,170,248,103,1,4,full,white,en,,1.1.5,
0,de,German (Deutsch),magenta,magenta,magenta,rgb,228,12,181,1,5,full,white,en,,1.1.5,
0,de,German (Deutsch),rosa,rosa,rosa,rgb,251,108,232,1,6,full,white,en,,1.1.5,
0,de,German (Deutsch),violett,violett,violett,rgb,156,38,162,1,7,full,white,en,,1.1.5,
0,de,German (Deutsch),"noideawhatitiscalled,noteveninmynativelanguage","no idea what it is called, not even in my native language","no idea what it is called, not even in my native language",rgb,153,67,85,1,8,full,white,en,,1.1.5,
0,de,German (Deutsch),blau,blau,blau,rgb,42,95,174,1,9,full,white,en,,1.1.5,
0,de,German (Deutsch),grau,grau,grau,rgb,95,77,105,1,10,full,white,en,,1.1.5,
0,de,German (Deutsch),hellgrun,hellgrün,hellgrün,rgb,121,241,138,1,11,full,white,en,,1.1.5,
0,de,German (Deutsch),gelbrun,gelbrün,gelbrün,rgb,205,248,30,3,0,full,white,en,,1.1.5,
0,de,German (Deutsch),blassblau,blassblau,blassblau,rgb,193,184,237,3,1,full,white,en,,1.1.5,
0,de,German (Deutsch),dunkelorange,dunkelorange,dunkelorange,rgb,247,104,24,3,2,full,white,en,,1.1.5,
0,de,German (Deutsch),blau,blau,blau,rgb,93,78,207,3,3,full,white,en,,1.1.5,
0,de,German (Deutsch),violett,violett,violett,rgb,163,15,227,3,4,full,white,en,,1.1.5,
0,de,German (Deutsch),weinrot,weinrot,weinrot,rgb,167,40,105,3,5,full,white,en,,1.1.5,
0,de,German (Deutsch),blau,blau,blau,rgb,87,48,228,3,6,full,white,en,,1.1.5,
0,de,German (Deutsch),meergrun,meergrün,meergrün,rgb,23,133,154,3,7,full,white,en,,1.1.5,
0,de,German (Deutsch),moosgrun,moosgrün,moosgrün,rgb,104,119,73,3,8,full,white,en,,1.1.5,
0,de,German (Deutsch),hellgrun,hellgrün,hellgrün,rgb,68,204,142,3,9,full,white,en,,1.1.5,
0,de,German (Deutsch),blassviolett,blassviolett,blassviolett,rgb,200,131,240,3,10,full,white,en,,1.1.5,
0,de,German (Deutsch),beige,beige,beige,rgb,210,212,192,3,11,full,white,en,,1.1.5,
0,de,German (Deutsch),rostrot,rostrot,rostrot,rgb,210,66,43,6,0,full,white,en,,1.1.5,
0,de,German (Deutsch),dunkelbraun,dunkelbraun,dunkelbraun,rgb,79,21,15,6,1,full,white,en,,1.1.5,
0,de,German (Deutsch),rosa,rosa,rosa,rgb,233,141,199,6,3,full,white,en,,1.1.5,
0,de,German (Deutsch),grasgrun,grasgrün,grasgrün,rgb,85,174,16,6,4,full,white,en,,1.1.5,
0,de,German (Deutsch),rotbraun,rotbraun,rotbraun,rgb,144,13,44,6,5,full,white,en,,1.1.5,
0,de,German (Deutsch),waldgrun,waldgrün,waldgrün,rgb,19,74,49,6,6,full,white,en,,1.1.5,
0,de,German (Deutsch),schweinchenrosa,schweinchenrosa,schweinchenrosa,rgb,254,186,218,6,7,full,white,en,,1.1.5,
0,de,German (Deutsch),turkis,türkis,türkis,rgb,27,246,247,6,8,full,white,en,,1.1.5,
0,de,German (Deutsch),blassgrun,blassgrün,blassgrün,rgb,153,204,141,6,9,full,white,en,,1.1.5,
0,de,German (Deutsch),hellbraun,hellbraun,hellbraun,rgb,175,137,108,6,10,full,white,en,,1.1.5,
0,de,German (Deutsch),hellrot,hellrot,hellrot,rgb,236,73,105,6,11,full,white,en,,1.1.5,
0,de,German (Deutsch),limette,limette,Limette,rgb,240,249,132,1,0,full,white,en,,1.1.5,
0,de,German (Deutsch),braun,braun,Braun,rgb,115,56,39,1,1,full,white,en,,1.1.5,
0,de,German (Deutsch),haselnuss,haselnuss,Haselnuss,rgb,143,106,61,1,2,full,white,en,,1.1.5,
0,de,German (Deutsch),scharlachrot,scharlachrot,Scharlachrot,rgb,188,25,70,1,3,full,white,en,,1.1.5,
0,de,German (Deutsch),kobalt,kobalt,Kobalt,rgb,81,66,254,1,4,full,white,en,,1.1.5,
0,de,German (Deutsch),blau,blau,Blau,rgb,71,128,169,1,5,full,white,en,,1.1.5,
0,de,German (Deutsch),rosa,rosa,Rosa,rgb,249,212,189,1,6,full,white,en,,1.1.5,
0,de,German (Deutsch),rose,rose,Rose,rgb,255,26,85,1,7,full,white,en,,1.1.5,
0,de,German (Deutsch),dunkelviolett,dunkelviolett,Dunkelviolett,rgb,52,44,84,1,8,full,white,en,,1.1.5,
0,de,German (Deutsch),schwarz,schwarz,Schwarz,rgb,22,18,6,1,9,full,white,en,,1.1.5,
0,de,German (Deutsch),pink,pink,Pink,rgb,241,83,186,1,10,full,white,en,,1.1.5,
0,de,German (Deutsch),rot,rot,Rot,rgb,252,35,14,1,11,full,white,en,,1.1.5,
0,de,German (Deutsch),gras,gras,Gras,rgb,157,158,78,3,0,full,white,en,,1.1.5,
0,de,German (Deutsch),limette,limette,Limette,rgb,176,175,17,3,2,full,white,en,,1.1.5,
0,de,German (Deutsch),violett,violett,Violett,rgb,127,12,157,3,7,full,white,en,,1.1.5,
0,de,German (Deutsch),dunkelviolett,dunkelviolett,Dunkelviolett,rgb,65,32,129,3,10,full,white,en,,1.1.5,
0,de,German (Deutsch),lila,lila,Lila,rgb,197,141,252,3,11,full,white,en,,1.1.5,
0,de,German (Deutsch),ochre,ochre,Ochre,rgb,186,132,4,1,0,full,white,en,,1.1.5,
0,de,German (Deutsch),violet,violet,Violet,rgb,98,8,248,1,2,full,white,en,,1.1.5,
0,de,German (Deutsch),black,black,Black,rgb,40,16,37,1,4,full,white,en,,1.1.5,
0,de,German (Deutsch),teal,teal,Teal,rgb,24,204,206,1,5,full,white,en,,1.1.5,
0,de,German (Deutsch),mint,mint,Mint,rgb,201,236,211,1,7,full,white,en,,1.1.5,
0,de,German (Deutsch),pink,pink,Pink,rgb,202,25,114,1,8,full,white,en,,1.1.5,
0,de,German (Deutsch),moss,moss,Moss,rgb,106,151,149,1,9,full,white,en,,1.1.5,
0,de,German (Deutsch),orange,orange,Orange,rgb,250,99,54,1,10,full,white,en,,1.1.5,
0,de,German (Deutsch),rose,rose,Rose,rgb,241,136,240,1,11,full,white,en,,1.1.5,
0,de,German (Deutsch),turkis,türkis,Türkis,rgb,2,161,207,3,0,full,white,en,,1.1.5,
0,de,German (Deutsch),grun,grün,Grün,rgb,90,136,70,3,1,full,white,en,,1.1.5,
0,de,German (Deutsch),blaugrun,blaugrün,Blaugrün,rgb,52,158,130,3,2,full,white,en,,1.1.5,
0,de,German (Deutsch),ocker,ocker,Ocker,rgb,224,194,67,3,3,full,white,en,,1.1.5,
0,de,German (Deutsch),blau,blau,Blau,rgb,52,152,239,3,4,full,white,en,,1.1.5,
0,de,German (Deutsch),lila,lila,Lila,rgb,162,143,236,3,5,full,white,en,,1.1.5,
0,de,German (Deutsch),petrol,petrol,Petrol,rgb,5,78,100,3,6,full,white,en,,1.1.5,
0,de,German (Deutsch),apricot,apricot,Apricot,rgb,225,152,111,3,7,full,white,en,,1.1.5,
0,de,German (Deutsch),magenta,magenta,Magenta,rgb,236,8,255,3,8,full,white,en,,1.1.5,
0,de,German (Deutsch),limone,limone,Limone,rgb,221,250,71,3,9,full,white,en,,1.1.5,
0,de,German (Deutsch),violett,violett,Violett,rgb,90,75,164,3,10,full,white,en,,1.1.5,
0,de,German (Deutsch),rosa,rosa,Rosa,rgb,236,207,237,3,11,full,white,en,,1.1.5,
0,de,German (Deutsch),pink,pink,Pink,rgb,188,49,211,6,0,full,white,en,,1.1.5,
0,de,German (Deutsch),terracotta,terracotta,Terracotta,rgb,183,158,141,6,1,full,white,en,,1.1.5,
0,de,German (Deutsch),graubraun,graubraun,Graubraun,rgb,82,64,69,6,2,full,white,en,,1.1.5,
0,de,German (Deutsch),braun,braun,Braun,rgb,124,9,15,6,3,full,white,en,,1.1.5,
0,de,German (Deutsch),mint,mint,Mint,rgb,139,242,171,6,4,full,white,en,,1.1.5,
0,de,German (Deutsch),lila,lila,Lila,rgb,173,184,236,6,5,full,white,en,,1.1.5,
0,de,German (Deutsch),blutrot,blutrot,Blutrot,rgb,172,72,97,6,6,full,white,en,,1.1.5,
0,de,German (Deutsch),rotbraun,rotbraun,Rotbraun,rgb,169,111,133,6,7,full,white,en,,1.1.5,
0,de,German (Deutsch),grasgrun,grasgrün,Grasgrün,rgb,23,233,84,6,8,full,white,en,,1.1.5,
0,de,German (Deutsch),violett,violett,Violett,rgb,61,24,134,6,9,full,white,en,,1.1.5,
0,de,German (Deutsch),moosgrun,moosgrün,Moosgrün,rgb,151,161,61,6,10,full,white,en,,1.1.5,
0,de,German (Deutsch),rot,rot,Rot,rgb,185,23,60,6,11,full,white,en,,1.1.5,
0,de,German (Deutsch),lila,lila,Lila,rgb,137,117,160,1,0,full,white,en,,1.1.5,
0,de,German (Deutsch),hellblau,hellblau,Hellblau,rgb,116,196,243,1,1,full,white,en,,1.1.5,
0,de,German (Deutsch),neongrun,neongrün,Neongrün,rgb,169,242,53,1,2,full,white,en,,1.1.5,
0,de,German (Deutsch),dunkelblau,dunkelblau,Dunkelblau,rgb,12,72,170,1,3,full,white,en,,1.1.5,
0,de,German (Deutsch),hellrot,hellrot,Hellrot,rgb,253,96,96,1,4,full,white,en,,1.1.5,
0,de,German (Deutsch),hellbraun,hellbraun,Hellbraun,rgb,179,112,47,1,5,full,white,en,,1.1.5,
0,de,German (Deutsch),hellgrun,hellgrün,Hellgrün,rgb,150,248,120,1,6,full,white,en,,1.1.5,
0,de,German (Deutsch),rotbraun,rotbraun,Rotbraun,rgb,173,72,42,1,7,full,white,en,,1.1.5,
0,de,German (Deutsch),dunkelbraun,dunkelbraun,Dunkelbraun,rgb,98,29,25,1,8,full,white,en,,1.1.5,
0,de,German (Deutsch),hellgrun,hellgrün,Hellgrün,rgb,185,223,88,1,9,full,white,en,,1.1.5,
0,de,German (Deutsch),blassblau,blassblau,Blassblau,rgb,226,248,231,1,10,full,white,en,,1.1.5,
0,de,German (Deutsch),hellblau,hellblau,Hellblau,rgb,139,195,201,1,11,full,white,en,,1.1.5,
0,de,German (Deutsch),grun,grün,Grün,rgb,59,194,122,3,0,full,white,en,,1.1.5,
0,de,German (Deutsch),blaugrun,blaugrün,Blaugrün,rgb,45,157,140,3,1,full,white,en,,1.1.5,
0,de,German (Deutsch),blau,blau,Blau,rgb,22,113,171,3,2,full,white,en,,1.1.5,
0,de,German (Deutsch),lila,lila,Lila,rgb,136,39,227,3,3,full,white,en,,1.1.5,
0,de,German (Deutsch),magenta,magenta,Magenta,rgb,193,59,219,3,4,full,white,en,,1.1.5,
0,de,German (Deutsch),dunkelturkis,dunkeltürkis,Dunkeltürkis,rgb,71,134,142,3,5,full,white,en,,1.1.5,
0,de,German (Deutsch),magenta,magenta,Magenta,rgb,150,70,123,3,6,full,white,en,,1.1.5,
0,de,German (Deutsch),braungrun,braungrün,Braungrün,rgb,141,163,37,3,7,full,white,en,,1.1.5,
0,de,German (Deutsch),pink,pink,Pink,rgb,225,53,155,3,8,full,white,en,,1.1.5,
0,de,German (Deutsch),rot,rot,Rot,rgb,228,67,29,3,9,full,white,en,,1.1.5,
0,de,German (Deutsch),ocker,ocker,Ocker,rgb,213,136,10,3,10,full,white,en,,1.1.5,
0,de,German (Deutsch),gelb,gelb,Gelb,rgb,242,191,79,3,11,full,white,en,,1.1.5,
0,de,German (Deutsch),gelb,gelb,Gelb,rgb,246,210,21,6,0,full,white,en,,1.1.5,
0,de,German (Deutsch),dunkelgrun,dunkelgrün,Dunkelgrün,rgb,58,131,66,6,1,full,white,en,,1.1.5,
0,de,German (Deutsch),dunkelblau,dunkelblau,Dunkelblau,rgb,58,67,111,6,2,full,white,en,,1.1.5,
0,de,German (Deutsch),kirschrot,kirschrot,Kirschrot,rgb,111,53,74,6,3,full,white,en,,1.1.5,
0,de,German (Deutsch),beige,beige,Beige,rgb,241,215,161,6,4,full,white,en,,1.1.5,
0,de,German (Deutsch),neonpink,neonpink,Neonpink,rgb,237,13,187,6,5,full,white,en,,1.1.5,
0,de,German (Deutsch),karminrot,karminrot,Karminrot,rgb,172,32,81,6,6,full,white,en,,1.1.5,
0,de,German (Deutsch),matschgrun,matschgrün,Matschgrün,rgb,142,120,18,6,7,full,white,en,,1.1.5,
0,de,German (Deutsch),blau,blau,Blau,rgb,15,5,199,6,8,full,white,en,,1.1.5,
0,de,German (Deutsch),grun,grün,Grün,rgb,71,217,49,6,9,full,white,en,,1.1.5,
0,de,German (Deutsch),turkis,türkis,Türkis,rgb,108,231,212,6,10,full,white,en,,1.1.5,
0,de,German (Deutsch),hellblau,hellblau,Hellblau,rgb,26,195,214,6,11,full,white,en,,1.1.5,
0,de,German (Deutsch),grun,grün,Grün,rgb,10,132,42,1,0,full,white,en,,1.1.5,
0,de,German (Deutsch),pink,pink,Pink,rgb,190,30,121,1,1,full,white,en,,1.1.5,
0,de,German (Deutsch),mittelblau,mittelblau,Mittelblau,rgb,89,101,157,1,2,full,white,en,,1.1.5,
0,de,German (Deutsch),schwarz,schwarz,Schwarz,rgb,13,7,15,1,3,full,white,en,,1.1.5,
0,de,German (Deutsch),neongrun,neongrün,Neongrün,rgb,189,254,148,1,4,full,white,en,,1.1.5,
0,de,German (Deutsch),hellviolett,hellviolett,Hellviolett,rgb,157,147,192,1,5,full,white,en,,1.1.5,
0,de,German (Deutsch),orange,orange,Orange,rgb,254,68,18,1,6,full,white,en,,1.1.5,
0,de,German (Deutsch),grasgrun,grasgrün,Grasgrün,rgb,142,198,32,1,7,full,white,en,,1.1.5,
0,de,German (Deutsch),grungelb,grüngelb,Grüngelb,rgb,184,171,50,1,8,full,white,en,,1.1.5,
0,de,German (Deutsch),neonturkis,neontürkis,Neontürkis,rgb,31,255,216,1,9,full,white,en,,1.1.5,
0,de,German (Deutsch),rosa,rosa,Rosa,rgb,221,157,192,1,10,full,white,en,,1.1.5,
0,de,German (Deutsch),olivgrun,olivgrün,Olivgrün,rgb,134,127,83,1,11,full,white,en,,1.1.5,
0,de,German (Deutsch),ultramarin,ultramarin,Ultramarin,rgb,57,87,245,3,0,full,white,en,,1.1.5,
0,de,German (Deutsch),mittelbraun,mittelbraun,Mittelbraun,rgb,185,82,55,3,1,full,white,en,,1.1.5,
0,de,German (Deutsch),anthazit,anthazit,Anthazit,rgb,86,78,73,3,2,full,white,en,,1.1.5,
0,de,German (Deutsch),lachsrosa,lachsrosa,Lachsrosa,rgb,255,173,162,3,3,full,white,en,,1.1.5,
0,de,German (Deutsch),dunkelgrun,dunkelgrün,Dunkelgrün,rgb,78,99,37,3,4,full,white,en,,1.1.5,
0,de,German (Deutsch),goldgelb,goldgelb,Goldgelb,rgb,240,194,15,3,5,full,white,en,,1.1.5,
0,de,German (Deutsch),zartrosa,zartrosa,Zartrosa,rgb,241,219,226,3,6,full,white,en,,1.1.5,
0,de,German (Deutsch),tintenblau,tintenblau,Tintenblau,rgb,27,40,74,3,7,full,white,en,,1.1.5,
0,de,German (Deutsch),blau,blau,Blau,rgb,37,50,151,3,8,full,white,en,,1.1.5,
0,de,German (Deutsch),umbra,umbra,Umbra,rgb,76,0,39,3,9,full,white,en,,1.1.5,
0,de,German (Deutsch),dunkelturkis,dunkeltürkis,Dunkeltürkis,rgb,8,136,148,3,10,full,white,en,,1.1.5,
0,de,German (Deutsch),leuchtblau,leuchtblau,Leuchtblau,rgb,56,41,222,3,11,full,white,en,,1.1.5,
0,de,German (Deutsch),hellturkis,helltürkis,Helltürkis,rgb,190,254,252,6,0,full,white,en,,1.1.5,
0,de,German (Deutsch),weinrot,weinrot,Weinrot,rgb,122,27,101,6,1,full,white,en,,1.1.5,
0,de,German (Deutsch),seegrun,seegrün,Seegrün,rgb,127,182,154,6,2,full,white,en,,1.1.5,
0,de,German (Deutsch),ockergelb,ockergelb,Ockergelb,rgb,200,178,104,6,3,full,white,en,,1.1.5,
0,de,German (Deutsch),neongrun,neongrün,Neongrün,rgb,44,228,14,6,4,full,white,en,,1.1.5,
0,de,German (Deutsch),grungelb,grüngelb,Grüngelb,rgb,199,215,108,6,5,full,white,en,,1.1.5,
0,de,German (Deutsch),taubenblau,taubenblau,Taubenblau,rgb,143,175,196,6,6,full,white,en,,1.1.5,
0,de,German (Deutsch),neonlila,neonlila,Neonlila,rgb,178,88,247,6,7,full,white,en,,1.1.5,
0,de,German (Deutsch),gelbbraun,gelbbraun,Gelbbraun,rgb,203,137,14,6,8,full,white,en,,1.1.5,
0,de,German (Deutsch),magenta,magenta,Magenta,rgb,189,87,146,6,9,full,white,en,,1.1.5,
0,de,German (Deutsch),neonpink,neonpink,Neonpink,rgb,241,48,220,6,10,full,white,en,,1.1.5,
0,de,German (Deutsch),grun,grün,Grün,rgb,38,144,101,6,11,full,white,en,,1.1.5,
0,de,German (Deutsch),ocker,ocker,Ocker,rgb,137,118,3,1,0,full,white,en,,1.1.5,
0,de,German (Deutsch),blau,blau,Blau,rgb,32,146,232,1,1,full,white,en,,1.1.5,
0,de,German (Deutsch),violet,violet,Violet,rgb,131,6,140,1,2,full,white,en,,1.1.5,
0,de,German (Deutsch),lila,lila,Lila,rgb,140,154,252,1,3,full,white,en,,1.1.5,
0,de,German (Deutsch),mintgrun,mintgrün,Mintgrün,rgb,111,184,178,1,4,full,white,en,,1.1.5,
0,de,German (Deutsch),dunkelgrun,dunkelgrün,Dunkelgrün,rgb,6,94,47,1,5,full,white,en,,1.1.5,
0,de,German (Deutsch),petrol,petrol,Petrol,rgb,19,118,155,1,6,full,white,en,,1.1.5,
0,de,German (Deutsch),dunklesgrun/blau,dunkles grün/blau,Dunkles grün/blau,rgb,1,63,62,1,7,full,white,en,,1.1.5,
0,de,German (Deutsch),rosa,rosa,Rosa,rgb,248,128,139,1,8,full,white,en,,1.1.5,
0,de,German (Deutsch),gelb,gelb,Gelb,rgb,241,248,88,1,9,full,white,en,,1.1.5,
0,de,German (Deutsch),neongrun,neongrün,Neongrün,rgb,106,251,160,1,10,full,white,en,,1.1.5,
0,de,German (Deutsch),braun,braun,Braun,rgb,165,122,109,1,11,full,white,en,,1.1.5,
0,de,German (Deutsch),dunkelrot,dunkelrot,Dunkelrot,rgb,122,22,30,3,0,full,white,en,,1.1.5,
0,de,German (Deutsch),neongrun,neongrün,Neongrün,rgb,159,227,6,3,1,full,white,en,,1.1.5,
0,de,German (Deutsch),rot,rot,Rot,rgb,234,18,5,3,3,full,white,en,,1.1.5,
0,de,German (Deutsch),blau,blau,Blau,rgb,53,61,210,3,4,full,white,en,,1.1.5,
0,de,German (Deutsch),turkis,türkis,Türkis,rgb,147,248,222,3,5,full,white,en,,1.1.5,
0,de,German (Deutsch),schwarz,schwarz,Schwarz,rgb,1,24,34,3,6,full,white,en,,1.1.5,
0,de,German (Deutsch),seegrun,seegrün,Seegrün,rgb,79,121,113,3,7,full,white,en,,1.1.5,
0,de,German (Deutsch),pink,pink,Pink,rgb,238,115,210,3,8,full,white,en,,1.1.5,
0,de,German (Deutsch),magenta,magenta,Magenta,rgb,190,2,178,3,9,full,white,en,,1.1.5,
0,de,German (Deutsch),dunkelblau,dunkelblau,Dunkelblau,rgb,35,75,179,3,10,full,white,en,,1.1.5,
0,de,German (Deutsch),mittelgrun,mittelgrün,Mittelgrün,rgb,98,172,32,3,11,full,white,en,,1.1.5,
0,de,German (Deutsch),lila,lila,Lila,rgb,137,117,235,6,0,full,white,en,,1.1.5,
0,de,German (Deutsch),turkis,türkis,Türkis,rgb,14,207,198,6,1,full,white,en,,1.1.5,
0,de,German (Deutsch),dunkelrosa,dunkelrosa,Dunkelrosa,rgb,187,68,117,6,2,full,white,en,,1.1.5,
0,de,German (Deutsch),orange,orange,Orange,rgb,181,89,50,6,3,full,white,en,,1.1.5,
0,de,German (Deutsch),orange,orange,Orange,rgb,219,77,45,6,4,full,white,en,,1.1.5,
0,de,German (Deutsch),navy,navy,Navy,rgb,83,111,5,6,5,full,white,en,,1.1.5,
0,de,German (Deutsch),blau,blau,Blau,rgb,15,105,241,6,6,full,white,en,,1.1.5,
0,de,German (Deutsch),grun,grün,Grün,rgb,9,181,60,6,7,full,white,en,,1.1.5,
0,de,German (Deutsch),lila,lila,Lila,rgb,139,25,220,6,8,full,white,en,,1.1.5,
0,de,German (Deutsch),lila,lila,Lila,rgb,138,98,149,6,9,full,white,en,,1.1.5,
0,de,German (Deutsch),orange,orange,Orange,rgb,251,183,105,6,10,full,white,en,,1.1.5,
0,de,German (Deutsch),hautfarbe,hautfarbe,Hautfarbe,rgb,237,199,155,6,11,full,white,en,,1.1.5,
0,de,German (Deutsch),grun,grün,Grün,rgb,162,224,174,1,0,full,white,en,,1.1.5,
0,de,German (Deutsch),braun,braun,Braun,rgb,134,124,113,1,1,full,white,en,,1.1.5,
0,de,German (Deutsch),orange,orange,Orange,rgb,194,131,7,1,2,full,white,en,,1.1.5,
0,de,German (Deutsch),gelb,gelb,Gelb,rgb,145,141,50,1,3,full,white,en,,1.1.5,
0,de,German (Deutsch),rosa,rosa,Rosa,rgb,182,30,112,1,4,full,white,en,,1.1.5,
0,de,German (Deutsch),rot,rot,Rot,rgb,166,54,24,1,5,full,white,en,,1.1.5,
0,de,German (Deutsch),rosa,rosa,Rosa,rgb,218,83,96,1,6,full,white,en,,1.1.5,
0,de,German (Deutsch),grun,grün,Grün,rgb,117,232,132,1,7,full,white,en,,1.1.5,
0,de,German (Deutsch),lila,lila,Lila,rgb,117,106,164,1,8,full,white,en,,1.1.5,
0,de,German (Deutsch),blau,blau,Blau,rgb,53,233,252,1,9,full,white,en,,1.1.5,
0,de,German (Deutsch),grun,grün,Grün,rgb,13,206,171,1,10,full,white,en,,1.1.5,
0,de,German (Deutsch),grun,grün,Grün,rgb,75,148,116,1,11,full,white,en,,1.1.5,
0,de,German (Deutsch),lila,lila,Lila,rgb,162,120,252,3,0,full,white,en,,1.1.5,
0,de,German (Deutsch),dunkelblau,dunkelblau,Dunkelblau,rgb,31,61,100,3,1,full,white,en,,1.1.5,
0,de,German (Deutsch),hellgrun,hellgrün,Hellgrün,rgb,102,250,85,3,2,full,white,en,,1.1.5,
0,de,German (Deutsch),grau,grau,Grau,rgb,129,168,178,3,3,full,white,en,,1.1.5,
0,de,German (Deutsch),orange,orange,Orange,rgb,228,101,5,3,4,full,white,en,,1.1.5,
0,de,German (Deutsch),hellgrun,hellgrün,Hellgrün,rgb,19,247,128,3,5,full,white,en,,1.1.5,
0,de,German (Deutsch),lila,lila,Lila,rgb,187,160,251,3,6,full,white,en,,1.1.5,
0,de,German (Deutsch),grun,grün,Grün,rgb,17,191,45,3,7,full,white,en,,1.1.5,
0,de,German (Deutsch),blau,blau,Blau,rgb,128,175,235,3,8,full,white,en,,1.1.5,
0,de,German (Deutsch),rot,rot,Rot,rgb,247,65,33,3,9,full,white,en,,1.1.5,
0,de,German (Deutsch),beige,beige,Beige,rgb,192,175,143,3,10,full,white,en,,1.1.5,
0,de,German (Deutsch),blau,blau,Blau,rgb,115,124,229,3,11,full,white,en,,1.1.5,
0,de,German (Deutsch),rosa,rosa,Rosa,rgb,203,82,223,6,0,full,white,en,,1.1.5,
0,de,German (Deutsch),rosa,rosa,Rosa,rgb,222,113,156,6,1,full,white,en,,1.1.5,
0,de,German (Deutsch),braun,braun,Braun,rgb,203,143,120,6,2,full,white,en,,1.1.5,
0,de,German (Deutsch),dunkelblau,dunkelblau,Dunkelblau,rgb,25,11,61,6,3,full,white,en,,1.1.5,
0,de,German (Deutsch),blau,blau,Blau,rgb,44,32,240,6,4,full,white,en,,1.1.5,
0,de,German (Deutsch),orange,orange,Orange,rgb,254,146,8,6,5,full,white,en,,1.1.5,
0,de,German (Deutsch),lila,lila,Lila,rgb,136,60,168,6,6,full,white,en,,1.1.5,
0,de,German (Deutsch),dunkelrot,dunkelrot,Dunkelrot,rgb,83,24,58,6,7,full,white,en,,1.1.5,
0,de,German (Deutsch),blau,blau,Blau,rgb,48,110,163,6,8,full,white,en,,1.1.5,
0,de,German (Deutsch),grun,grün,Grün,rgb,70,89,87,6,9,full,white,en,,1.1.5,
0,de,German (Deutsch),rosa,rosa,Rosa,rgb,248,206,219,6,10,full,white,en,,1.1.5,
0,de,German (Deutsch),schwarz,schwarz,Schwarz,rgb,36,36,48,6,11,full,white,en,,1.1.5,
0,de,German (Deutsch),lachs,lachs,Lachs,rgb,248,164,135,1,0,full,white,en,,1.1.5,
0,de,German (Deutsch),senfgelb,senfgelb,senfgelb,rgb,231,228,45,1,1,full,white,en,,1.1.5,
0,de,German (Deutsch),blau,blau,blau,rgb,4,105,230,1,2,full,white,en,,1.1.5,
0,de,German (Deutsch),rosa,rosa,rosa,rgb,253,128,135,1,3,full,white,en,,1.1.5,
0,de,German (Deutsch),konigsblau,königsblau,königsblau,rgb,22,62,197,1,4,full,white,en,,1.1.5,
0,de,German (Deutsch),dunkelgrun,dunkelgrün,dunkelgrün,rgb,58,142,105,1,5,full,white,en,,1.1.5,
0,de,German (Deutsch),pink,pink,pink,rgb,231,26,90,1,6,full,white,en,,1.1.5,
0,de,German (Deutsch),braun,braun,braun,rgb,154,86,21,1,7,full,white,en,,1.1.5,
0,de,German (Deutsch),rotbraun,rotbraun,rotbraun,rgb,149,40,60,1,8,full,white,en,,1.1.5,
0,de,German (Deutsch),blattgrun,blattgrün,blattgrün,rgb,116,150,31,1,9,full,white,en,,1.1.5,
0,de,German (Deutsch),dunkelblau,dunkelblau,dunkelblau,rgb,25,14,99,1,10,full,white,en,,1.1.5,
0,de,German (Deutsch),braungrau,braungrau,braungrau,rgb,202,198,164,1,11,full,white,en,,1.1.5,
0,de,German (Deutsch),gelborange,gelborange,gelborange,rgb,249,192,58,3,0,full,white,en,,1.1.5,
0,de,German (Deutsch),dunkelbraun,dunkelbraun,dunkelbraun,rgb,59,17,30,3,1,full,white,en,,1.1.5,
0,de,German (Deutsch),lila,lila,lila,rgb,85,14,172,3,2,full,white,en,,1.1.5,
0,de,German (Deutsch),dunkelblau,dunkelblau,dunkelblau,rgb,44,75,160,3,3,full,white,en,,1.1.5,
0,de,German (Deutsch),schwarz,schwarz,schwarz,rgb,46,48,36,3,4,full,white,en,,1.1.5,
0,de,German (Deutsch),blau,blau,blau,rgb,1,53,248,3,5,full,white,en,,1.1.5,
0,de,German (Deutsch),blaugrau,blaugrau,blaugrau,rgb,126,135,183,3,6,full,white,en,,1.1.5,
0,de,German (Deutsch),grunblau,grünblau,grünblau,rgb,12,149,160,3,7,full,white,en,,1.1.5,
0,de,German (Deutsch),giftgrun,giftgrün,giftgrün,rgb,90,215,19,3,8,full,white,en,,1.1.5,
0,de,German (Deutsch),helllila,helllila,helllila,rgb,183,82,227,3,9,full,white,en,,1.1.5,
0,de,German (Deutsch),neonpink,neonpink,neonpink,rgb,252,1,249,3,10,full,white,en,,1.1.5,
0,de,German (Deutsch),grunbraun,grünbraun,grünbraun,rgb,16,87,56,3,11,full,white,en,,1.1.5,
0,de,German (Deutsch),dunkelgrun,dunkelgrün,Dunkelgrün,rgb,76,144,87,1,0,full,white,en,,1.1.5,
0,de,German (Deutsch),neonviolett,neonviolett,Neonviolett,rgb,180,63,251,1,1,full,white,en,,1.1.5,
0,de,German (Deutsch),purpur,purpur,Purpur,rgb,142,75,105,1,2,full,white,en,,1.1.5,
0,de,German (Deutsch),hellrot,hellrot,Hellrot,rgb,240,58,46,1,3,full,white,en,,1.1.5,
0,de,German (Deutsch),blutrot,blutrot,Blutrot,rgb,125,20,44,1,4,full,white,en,,1.1.5,
0,de,German (Deutsch),blau,blau,Blau,rgb,97,129,243,1,5,full,white,en,,1.1.5,
0,de,German (Deutsch),oliv,oliv,Oliv,rgb,123,154,57,1,6,full,white,en,,1.1.5,
0,de,German (Deutsch),creme/gelb,creme/gelb,Creme/Gelb,rgb,254,214,108,1,7,full,white,en,,1.1.5,
0,de,German (Deutsch),hellgrun,hellgrün,Hellgrün,rgb,130,231,31,1,8,full,white,en,,1.1.5,
0,de,German (Deutsch),violett,violett,Violett,rgb,186,153,203,1,9,full,white,en,,1.1.5,
0,de,German (Deutsch),gelb,gelb,Gelb,rgb,241,216,29,1,10,full,white,en,,1.1.5,
0,de,German (Deutsch),meerblau,meerblau,Meerblau,rgb,46,10,67,1,11,full,white,en,,1.1.5,
0,de,German (Deutsch),blau,blau,Blau,rgb,70,46,218,3,0,full,white,en,,1.1.5,
0,de,German (Deutsch),pink,pink,Pink,rgb,227,30,155,3,1,full,white,en,,1.1.5,
0,de,German (Deutsch),hellblau,hellblau,Hellblau,rgb,144,231,211,3,2,full,white,en,,1.1.5,
0,de,German (Deutsch),dunkelrot,dunkelrot,Dunkelrot,rgb,176,32,35,3,3,full,white,en,,1.1.5,
0,de,German (Deutsch),grau,grau,Grau,rgb,107,106,122,3,4,full,white,en,,1.1.5,
0,de,German (Deutsch),hellbraun,hellbraun,Hellbraun,rgb,202,194,140,3,5,full,white,en,,1.1.5,
0,de,German (Deutsch),hellgrun,hellgrün,Hellgrün,rgb,83,225,80,3,6,full,white,en,,1.1.5,
0,de,German (Deutsch),orange,orange,Orange,rgb,220,143,30,3,7,full,white,en,,1.1.5,
0,de,German (Deutsch),meerblau,meerblau,Meerblau,rgb,6,63,94,3,8,full,white,en,,1.1.5,
0,de,German (Deutsch),dunkelgrun,dunkelgrün,Dunkelgrün,rgb,33,89,65,3,9,full,white,en,,1.1.5,
0,de,German (Deutsch),violett,violett,Violett,rgb,185,116,232,3,10,full,white,en,,1.1.5,
0,de,German (Deutsch),turkis,türkis,Türkis,rgb,13,215,140,3,11,full,white,en,,1.1.5,
0,de,German (Deutsch),meerblau,meerblau,Meerblau,rgb,35,49,121,6,0,full,white,en,,1.1.5,
0,de,German (Deutsch),azurblau,azurblau,Azurblau,rgb,116,137,196,6,1,full,white,en,,1.1.5,
0,de,German (Deutsch),hellbraun,hellbraun,Hellbraun,rgb,186,136,117,6,2,full,white,en,,1.1.5,
0,de,German (Deutsch),blau,blau,Blau,rgb,2,71,181,6,3,full,white,en,,1.1.5,
0,de,German (Deutsch),dunkelgrun,dunkelgrün,Dunkelgrün,rgb,48,137,38,6,4,full,white,en,,1.1.5,
0,de,German (Deutsch),dunkelbraun,dunkelbraun,Dunkelbraun,rgb,119,59,2,6,5,full,white,en,,1.1.5,
0,de,German (Deutsch),himmelblau,himmelblau,Himmelblau,rgb,22,153,238,6,6,full,white,en,,1.1.5,
0,de,German (Deutsch),purpur,purpur,Purpur,rgb,176,21,79,6,7,full,white,en,,1.1.5,
0,de,German (Deutsch),neonviolett,neonviolett,Neonviolett,rgb,111,85,219,6,8,full,white,en,,1.1.5,
0,de,German (Deutsch),violett,violett,Violett,rgb,105,96,171,6,9,full,white,en,,1.1.5,
0,de,German (Deutsch),rosa,rosa,Rosa,rgb,242,117,200,6,10,full,white,en,,1.1.5,
0,de,German (Deutsch),dunkelblau,dunkelblau,Dunkelblau,rgb,5,94,159,6,11,full,white,en,,1.1.5,
0,de,German (Deutsch),hellgrun,hellgrün,hellgrün,rgb,153,213,150,1,0,full,white,en,,1.1.5,
0,de,German (Deutsch),violett,violett,violett,rgb,122,33,246,1,1,full,white,en,,1.1.5,
0,de,German (Deutsch),olivgrun,olivgrün,olivgrün,rgb,96,110,18,1,2,full,white,en,,1.1.5,
0,de,German (Deutsch),grasgrun,grasgrün,grasgrün,rgb,159,207,91,1,3,full,white,en,,1.1.5,
0,de,German (Deutsch),grun,grün,grün,rgb,6,155,83,1,4,full,white,en,,1.1.5,
0,de,German (Deutsch),pastellgrun,pastellgrün,pastellgrün,rgb,213,227,211,1,5,full,white,en,,1.1.5,
0,de,German (Deutsch),marineblau,marineblau,marineblau,rgb,25,42,195,1,6,full,white,en,,1.1.5,
0,de,German (Deutsch),pink,pink,pink,rgb,226,49,177,1,7,full,white,en,,1.1.5,
0,de,German (Deutsch),pastelllila,pastelllila,pastelllila,rgb,200,172,229,1,8,full,white,en,,1.1.5,
0,de,German (Deutsch),altrosa,altrosa,altrosa,rgb,199,115,115,1,9,full,white,en,,1.1.5,
0,de,German (Deutsch),dunkellila,dunkellila,dunkellila,rgb,94,65,102,1,10,full,white,en,,1.1.5,
0,de,German (Deutsch),turkisgrun,türkisgrün,türkisgrün,rgb,37,106,115,1,11,full,white,en,,1.1.5,
0,de,German (Deutsch),orangerot,orangerot,orangerot,rgb,245,47,35,3,0,full,white,en,,1.1.5,
0,de,German (Deutsch),lila,lila,lila,rgb,121,47,129,3,1,full,white,en,,1.1.5,
0,de,German (Deutsch),pink,pink,pink,rgb,227,48,105,3,2,full,white,en,,1.1.5,
0,de,German (Deutsch),neongrun,neongrün,neongrün,rgb,104,254,56,3,3,full,white,en,,1.1.5,
0,de,German (Deutsch),rot,rot,rot,rgb,238,3,67,3,4,full,white,en,,1.1.5,
0,de,German (Deutsch),hellblau,hellblau,hellblau,rgb,167,186,222,3,5,full,white,en,,1.1.5,
0,de,German (Deutsch),gelbgrun,gelbgrün,gelbgrün,rgb,215,225,15,3,6,full,white,en,,1.1.5,
0,de,German (Deutsch),turkisgrun,türkisgrün,türkisgrün,rgb,2,253,161,3,7,full,white,en,,1.1.5,
0,de,German (Deutsch),petrolblau,petrolblau,petrolblau,rgb,39,98,139,3,8,full,white,en,,1.1.5,
0,de,German (Deutsch),ocker,ocker,ocker,rgb,189,124,59,3,9,full,white,en,,1.1.5,
0,de,German (Deutsch),rotbraun,rotbraun,rotbraun,rgb,177,46,13,3,10,full,white,en,,1.1.5,
0,de,German (Deutsch),rostbraun,rostbraun,rostbraun,rgb,176,63,97,3,11,full,white,en,,1.1.5,
0,de,German (Deutsch),grasgrun,grasgrün,grasgrün,rgb,77,174,14,6,0,full,white,en,,1.1.5,
0,de,German (Deutsch),schwarz,schwarz,schwarz,rgb,22,31,46,6,1,full,white,en,,1.1.5,
0,de,German (Deutsch),hellblau,hellblau,hellblau,rgb,9,181,241,6,2,full,white,en,,1.1.5,
0,de,German (Deutsch),rosa,rosa,rosa,rgb,236,149,179,6,3,full,white,en,,1.1.5,
0,de,German (Deutsch),olivbraun,olivbraun,olivbraun,rgb,160,126,82,6,4,full,white,en,,1.1.5,
0,de,German (Deutsch),lila,lila,lila,rgb,106,89,194,6,5,full,white,en,,1.1.5,
0,de,German (Deutsch),dunkelbraun,dunkelbraun,dunkelbraun,rgb,82,45,16,6,6,full,white,en,,1.1.5,
0,de,German (Deutsch),altrosa,altrosa,altrosa,rgb,210,171,174,6,7,full,white,en,,1.1.5,
0,de,German (Deutsch),hellesturkisgrun,helles türkisgrün,helles türkisgrün,rgb,54,221,195,6,8,full,white,en,,1.1.5,
0,de,German (Deutsch),dunklesturkisgrun,dunkles türkisgrün,dunkles türkisgrün,rgb,3,176,172,6,9,full,white,en,,1.1.5,
0,de,German (Deutsch),lila,lila,lila,rgb,127,130,189,6,10,full,white,en,,1.1.5,
0,de,German (Deutsch),gelbgrun,gelbgrün,gelbgrün,rgb,213,211,123,6,11,full,white,en,,1.1.5,
0,de,German (Deutsch),sattgrun,sattgrün,Sattgrün,rgb,64,201,34,1,0,full,white,en,,1.1.5,
0,de,German (Deutsch),magentaviolett,magenta violett,Magenta-Violett,rgb,156,55,125,1,1,full,white,en,,1.1.5,
0,de,German (Deutsch),babyblau,babyblau,Babyblau,rgb,127,217,251,1,2,full,white,en,,1.1.5,
0,de,German (Deutsch),graublau,graublau,Graublau,rgb,117,127,163,1,3,full,white,en,,1.1.5,
0,de,German (Deutsch),flieder,flieder,Flieder,rgb,211,174,245,1,4,full,white,en,,1.1.5,
0,de,German (Deutsch),burgund,burgund,Burgund,rgb,161,30,73,1,5,full,white,en,,1.1.5,
0,de,German (Deutsch),mitternachtsblau,mitternachtsblau,Mitternachtsblau,rgb,14,60,95,1,6,full,white,en,,1.1.5,
0,de,German (Deutsch),dunkelbraun,dunkelbraun,Dunkelbraun,rgb,92,73,28,1,7,full,white,en,,1.1.5,
0,de,German (Deutsch),royalblau,royalblau,Royalblau,rgb,107,145,227,1,8,full,white,en,,1.1.5,
0,de,German (Deutsch),minzgrun,minzgrün,Minzgrün,rgb,181,224,141,1,9,full,white,en,,1.1.5,
0,de,German (Deutsch),birnengrun,birnengrün,Birnengrün,rgb,214,235,38,1,10,full,white,en,,1.1.5,
0,de,German (Deutsch),lilablau,lilablau,Lilablau,rgb,213,216,246,1,11,full,white,en,,1.1.5,
0,de,German (Deutsch),creme,creme,Creme,rgb,230,230,199,3,0,full,white,en,,1.1.5,
0,de,German (Deutsch),braunpink,braunpink,Braunpink,rgb,108,10,21,3,1,full,white,en,,1.1.5,
0,de,German (Deutsch),aubergine,aubergine,Aubergine,rgb,90,51,68,3,2,full,white,en,,1.1.5,
0,de,German (Deutsch),turkisgrun,türkisgrün,Türkisgrün,rgb,32,221,181,3,3,full,white,en,,1.1.5,
0,de,German (Deutsch),starklila,starklila,Starklila,rgb,217,28,220,3,4,full,white,en,,1.1.5,
0,de,German (Deutsch),lila,lila,Lila,rgb,188,86,187,3,5,full,white,en,,1.1.5,
0,de,German (Deutsch),dunkelblau,dunkelblau,Dunkelblau,rgb,60,11,130,3,6,full,white,en,,1.1.5,
0,de,German (Deutsch),nude,nude,Nude,rgb,240,187,180,3,7,full,white,en,,1.1.5,
0,de,German (Deutsch),sattrot,sattrot,Sattrot,rgb,236,43,51,3,8,full,white,en,,1.1.5,
0,de,German (Deutsch),moosgrun,moosgrün,Moosgrün,rgb,140,192,37,3,9,full,white,en,,1.1.5,
0,de,German (Deutsch),wahresblau,wahres blau,Wahres Blau,rgb,15,73,214,3,10,full,white,en,,1.1.5,
0,de,German (Deutsch),rotpink,rotpink,Rotpink,rgb,211,9,73,3,11,full,white,en,,1.1.5,
0,de,German (Deutsch),navyblau,navyblau,Navyblau,rgb,64,50,126,6,0,full,white,en,,1.1.5,
0,de,German (Deutsch),graubraun,graubraun,Graubraun,rgb,114,100,96,6,1,full,white,en,,1.1.5,
0,de,German (Deutsch),tannengrun,tannengrün,Tannengrün,rgb,0,169,94,6,2,full,white,en,,1.1.5,
0,de,German (Deutsch),ockergrun,ockergrün,Ockergrün,rgb,106,128,26,6,3,full,white,en,,1.1.5,
0,de,German (Deutsch),gelbbraun,gelb braun,Gelb-Braun,rgb,131,121,63,6,4,full,white,en,,1.1.5,
0,de,German (Deutsch),gelbgrun,gelbgrün,Gelbgrün,rgb,206,206,78,6,5,full,white,en,,1.1.5,
0,de,German (Deutsch),ozeanblau,ozeanblau,Ozeanblau,rgb,6,91,188,6,6,full,white,en,,1.1.5,
0,de,German (Deutsch),waldgrun,waldgrün,Waldgrün,rgb,92,150,102,6,7,full,white,en,,1.1.5,
0,de,German (Deutsch),dunkelgrun,dunkelgrün,Dunkelgrün,rgb,37,130,32,6,8,full,white,en,,1.1.5,
0,de,German (Deutsch),feuerorange,feuerorange,Feuerorange,rgb,241,115,41,6,9,full,white,en,,1.1.5,
0,de,German (Deutsch),dunkelrosa,dunkelrosa,Dunkelrosa,rgb,236,129,137,6,10,full,white,en,,1.1.5,
0,de,German (Deutsch),dunkleslilablau,dunkles lila blau,Dunkles Lila-Blau,rgb,138,125,246,6,11,full,white,en,,1.1.5,
0,de,German (Deutsch),dunkelblau,dunkelblau,dunkelblau,rgb,32,42,89,1,0,full,white,en,,1.1.5,
0,de,German (Deutsch),turkis,türkis,türkis,rgb,49,231,206,1,1,full,white,en,,1.1.5,
0,de,German (Deutsch),hellblau,hellblau,hellblau,rgb,126,172,234,1,2,full,white,en,,1.1.5,
0,de,German (Deutsch),dunkelblau,dunkelblau,dunkelblau,rgb,28,32,149,1,3,full,white,en,,1.1.5,
0,de,German (Deutsch),lila,lila,lila,rgb,152,111,223,1,4,full,white,en,,1.1.5,
0,de,German (Deutsch),dunkelturkis,dunkeltürkis,dunkeltürkis,rgb,25,178,164,1,5,full,white,en,,1.1.5,
0,de,German (Deutsch),olivgrun,olivgrün,olivgrün,rgb,92,131,47,1,6,full,white,en,,1.1.5,
0,de,German (Deutsch),pink,pink,pink,rgb,245,78,230,1,7,full,white,en,,1.1.5,
0,de,German (Deutsch),hellgrun,hellgrün,hellgrün,rgb,163,246,140,1,8,full,white,en,,1.1.5,
0,de,German (Deutsch),hellbraun,hellbraun,hellbraun,rgb,188,131,35,1,9,full,white,en,,1.1.5,
0,de,German (Deutsch),dunkellila,dunkellila,dunkellila,rgb,84,60,74,1,10,full,white,en,,1.1.5,
0,de,German (Deutsch),ocker,ocker,ocker,rgb,213,178,34,1,11,full,white,en,,1.1.5,
0,de,German (Deutsch),lila,lila,lila,rgb,181,126,201,3,0,full,white,en,,1.1.5,
0,de,German (Deutsch),dunkelbraun,dunkelbraun,dunkelbraun,rgb,99,72,29,3,1,full,white,en,,1.1.5,
0,de,German (Deutsch),rosarot,rosarot,rosarot,rgb,234,15,87,3,2,full,white,en,,1.1.5,
0,de,German (Deutsch),hellgelb,hellgelb,hellgelb,rgb,225,221,118,3,3,full,white,en,,1.1.5,
0,de,German (Deutsch),pink,pink,pink,rgb,252,12,142,3,4,full,white,en,,1.1.5,
0,de,German (Deutsch),hellgrun,hellgrün,hellgrün,rgb,6,210,2,3,5,full,white,en,,1.1.5,
0,de,German (Deutsch),braun,braun,braun,rgb,139,124,81,3,6,full,white,en,,1.1.5,
0,de,German (Deutsch),orange,orange,orange,rgb,248,120,46,3,7,full,white,en,,1.1.5,
0,de,German (Deutsch),schwarzblau,schwarzblau,schwarzblau,rgb,1,24,20,3,8,full,white,en,,1.1.5,
0,de,German (Deutsch),lila,lila,lila,rgb,208,60,121,3,9,full,white,en,,1.1.5,
0,de,German (Deutsch),blau,blau,blau,rgb,60,44,223,3,10,full,white,en,,1.1.5,
0,de,German (Deutsch),grun,grün,grün,rgb,105,186,79,3,11,full,white,en,,1.1.5,
0,de,German (Deutsch),pastellgrun,pastellgrün,pastellgrün,rgb,154,223,197,6,0,full,white,en,,1.1.5,
0,de,German (Deutsch),pastellblau,pastellblau,pastellblau,rgb,100,145,237,6,1,full,white,en,,1.1.5,
0,de,German (Deutsch),pastellturkis,pastelltürkis,pastelltürkis,rgb,53,182,210,6,2,full,white,en,,1.1.5,
0,de,German (Deutsch),pastellorange,pastellorange,pastellorange,rgb,226,139,132,6,3,full,white,en,,1.1.5,
0,de,German (Deutsch),dunkellila,dunkellila,dunkellila,rgb,79,31,71,6,4,full,white,en,,1.1.5,
0,de,German (Deutsch),dunkelblau,dunkelblau,dunkelblau,rgb,28,66,143,6,5,full,white,en,,1.1.5,
0,de,German (Deutsch),grungelb,grüngelb,grüngelb,rgb,180,190,7,6,6,full,white,en,,1.1.5,
0,de,German (Deutsch),hellgelb,hellgelb,hellgelb,rgb,230,248,70,6,7,full,white,en,,1.1.5,
0,de,German (Deutsch),pastelllila,pastelllila,pastelllila,rgb,145,94,121,6,8,full,white,en,,1.1.5,
0,de,German (Deutsch),braun,braun,braun,rgb,145,45,19,6,9,full,white,en,,1.1.5,
0,de,German (Deutsch),hellblau,hellblau,hellblau,rgb,158,212,235,6,10,full,white,en,,1.1.5,
0,de,German (Deutsch),dunkellila,dunkellila,dunkellila,rgb,55,11,90,6,11,full,white,en,,1.1.5,
0,de,German (Deutsch),anthrazit,anthrazit,anthrazit,rgb,62,73,72,1,0,full,white,en,,1.1.5,
0,de,German (Deutsch),braun,braun,braun,rgb,143,96,10,1,1,full,white,en,,1.1.5,
0,de,German (Deutsch),grun,grün,grün,rgb,51,184,51,1,2,full,white,en,,1.1.5,
0,de,German (Deutsch),mattgrun,mattgrün,mattgrün,rgb,130,182,127,1,3,full,white,en,,1.1.5,
0,de,German (Deutsch),mattblau,mattblau,mattblau,rgb,52,93,121,1,4,full,white,en,,1.1.5,
0,de,German (Deutsch),turkis,türkis,türkis,rgb,67,217,177,1,5,full,white,en,,1.1.5,
0,de,German (Deutsch),purpur,purpur,purpur,rgb,138,3,142,1,6,full,white,en,,1.1.5,
0,de,German (Deutsch),indigo,indigo,indigo,rgb,78,72,124,1,7,full,white,en,,1.1.5,
0,de,German (Deutsch),dunkelgrun,dunkelgrün,dunkelgrün,rgb,25,112,77,1,8,full,white,en,,1.1.5,
0,de,German (Deutsch),hellgrun,hellgrün,hellgrün,rgb,145,188,39,1,9,full,white,en,,1.1.5,
0,de,German (Deutsch),pink,pink,pink,rgb,201,88,140,1,10,full,white,en,,1.1.5,
0,de,German (Deutsch),gelb,gelb,gelb,rgb,215,247,95,1,11,full,white,en,,1.1.5,
0,de,German (Deutsch),petrol,petrol,petrol,rgb,30,144,149,3,0,full,white,en,,1.1.5,
0,de,German (Deutsch),giftgrun,giftgrün,giftgrün,rgb,98,238,120,3,1,full,white,en,,1.1.5,
0,de,German (Deutsch),hellblau,hellblau,hellblau,rgb,145,219,223,3,2,full,white,en,,1.1.5,
0,de,German (Deutsch),violett,violett,violett,rgb,106,69,90,3,3,full,white,en,,1.1.5,
0,de,German (Deutsch),rot,rot,rot,rgb,254,26,84,3,4,full,white,en,,1.1.5,
0,de,German (Deutsch),dunkelbeige,dunkelbeige,dunkelbeige,rgb,147,136,113,3,5,full,white,en,,1.1.5,
0,de,German (Deutsch),karmin,karmin,karmin,rgb,125,47,34,3,6,full,white,en,,1.1.5,
0,de,German (Deutsch),grun,grün,grün,rgb,80,233,20,3,7,full,white,en,,1.1.5,
0,de,German (Deutsch),rosa,rosa,rosa,rgb,225,124,246,3,8,full,white,en,,1.1.5,
0,de,German (Deutsch),sattgelb,sattgelb,sattgelb,rgb,232,208,68,3,9,full,white,en,,1.1.5,
0,de,German (Deutsch),mattrot,mattrot,mattrot,rgb,186,98,97,3,10,full,white,en,,1.1.5,
0,de,German (Deutsch),violett,violett,violett,rgb,104,47,124,3,11,full,white,en,,1.1.5,
0,de,German (Deutsch),rot,rot,rot,rgb,249,89,71,6,0,full,white,en,,1.1.5,
0,de,German (Deutsch),rand,rand,rand,rgb,249,237,195,6,1,full,white,en,,1.1.5,
0,de,German (Deutsch),blau,blau,blau,rgb,42,45,206,6,2,full,white,en,,1.1.5,
0,de,German (Deutsch),blaugrau,blaugrau,blaugrau,rgb,155,152,181,6,3,full,white,en,,1.1.5,
0,de,German (Deutsch),tannengrun,tannengrün,tannengrün,rgb,31,75,3,6,4,full,white,en,,1.1.5,
0,de,German (Deutsch),schwarz,schwarz,schwarz,rgb,31,10,21,6,5,full,white,en,,1.1.5,
0,de,German (Deutsch),indigo,indigo,indigo,rgb,87,60,167,6,6,full,white,en,,1.1.5,
0,de,German (Deutsch),grun,grün,grün,rgb,46,129,28,6,7,full,white,en,,1.1.5,
0,de,German (Deutsch),ocker,ocker,ocker,rgb,134,124,34,6,8,full,white,en,,1.1.5,
0,de,German (Deutsch),dunkelrose,dunkelrose,dunkelrose,rgb,171,21,89,6,9,full,white,en,,1.1.5,
0,de,German (Deutsch),lila,lila,lila,rgb,156,115,183,6,10,full,white,en,,1.1.5,
0,de,German (Deutsch),blau,blau,blau,rgb,11,95,178,6,11,full,white,en,,1.1.5,
0,de,German (Deutsch),dunkelgrun,dunkelgruen,dunkelgruen,rgb,18,142,121,1,0,full,white,en,,1.1.5,
0,de,German (Deutsch),grun,gruen,gruen,rgb,3,232,29,1,1,full,white,en,,1.1.5,
0,de,German (Deutsch),grau,grau,grau,rgb,91,106,125,1,2,full,white,en,,1.1.5,
0,de,German (Deutsch),rotbraun,rotbraun,rotbraun,rgb,195,101,110,1,3,full,white,en,,1.1.5,
0,de,German (Deutsch),tuerkis,tuerkis,tuerkis,rgb,131,217,225,1,4,full,white,en,,1.1.5,
0,de,German (Deutsch),blau,blau,blau,rgb,36,109,207,1,5,full,white,en,,1.1.5,
0,de,German (Deutsch),rot,rot,rot,rgb,221,84,49,1,6,full,white,en,,1.1.5,
0,de,German (Deutsch),giftgrun,giftgruen,giftgruen,rgb,203,239,13,1,7,full,white,en,,1.1.5,
0,de,German (Deutsch),lila,lila,lila,rgb,131,81,247,1,8,full,white,en,,1.1.5,
0,de,German (Deutsch),blau,blau,blau,rgb,17,27,252,1,9,full,white,en,,1.1.5,
0,de,German (Deutsch),rot,rot,rot,rgb,230,81,93,1,10,full,white,en,,1.1.5,
0,de,German (Deutsch),dunkelgrun,dunkelgruen,dunkelgruen,rgb,69,137,7,1,11,full,white,en,,1.1.5,
0,de,German (Deutsch),tuerkis,tuerkis,tuerkis,rgb,6,243,222,3,0,full,white,en,,1.1.5,
0,de,German (Deutsch),grun,gruen,gruen,rgb,81,224,92,3,1,full,white,en,,1.1.5,
0,de,German (Deutsch),lila,lila,lila,rgb,103,75,167,3,2,full,white,en,,1.1.5,
0,de,German (Deutsch),altrosa,altrosa,altrosa,rgb,243,181,223,3,3,full,white,en,,1.1.5,
0,de,German (Deutsch),orange,orange,orange,rgb,240,152,71,3,4,full,white,en,,1.1.5,
0,de,German (Deutsch),blau,blau,blau,rgb,1,162,202,3,5,full,white,en,,1.1.5,
0,de,German (Deutsch),dunkelgrun,dunkelgruen,dunkelgruen,rgb,16,61,42,3,6,full,white,en,,1.1.5,
0,de,German (Deutsch),lila,lila,lila,rgb,105,23,153,3,7,full,white,en,,1.1.5,
0,de,German (Deutsch),pink,pink,pink,rgb,239,50,147,3,8,full,white,en,,1.1.5,
0,de,German (Deutsch),braun,braun,braun,rgb,120,41,33,3,9,full,white,en,,1.1.5,
0,de,German (Deutsch),rosa,rosa,rosa,rgb,231,133,218,3,10,full,white,en,,1.1.5,
0,de,German (Deutsch),dunkelblau,dunkelblau,dunkelblau,rgb,30,24,107,3,11,full,white,en,,1.1.5,
0,de,German (Deutsch),kackbraun,kackbraun,kackbraun,rgb,140,125,43,6,0,full,white,en,,1.1.5,
0,de,German (Deutsch),hellgrun,hellgruen,hellgruen,rgb,88,240,178,6,1,full,white,en,,1.1.5,
0,de,German (Deutsch),grun,gruen,gruen,rgb,1,138,74,6,2,full,white,en,,1.1.5,
0,de,German (Deutsch),lachsfarben,lachsfarben,lachsfarben,rgb,253,189,154,6,3,full,white,en,,1.1.5,
0,de,German (Deutsch),flieder,flieder,flieder,rgb,164,154,206,6,4,full,white,en,,1.1.5,
0,de,German (Deutsch),rot,rot,rot,rgb,215,12,44,6,5,full,white,en,,1.1.5,
0,de,German (Deutsch),schwarz,schwarz,schwarz,rgb,28,10,22,6,6,full,white,en,,1.1.5,
0,de,German (Deutsch),gelbgrun,gelbgruen,gelbgruen,rgb,170,189,28,6,7,full,white,en,,1.1.5,
0,de,German (Deutsch),hellgrun,hellgruen,hellgruen,rgb,180,220,125,6,8,full,white,en,,1.1.5,
0,de,German (Deutsch),lila,lila,lila,rgb,157,57,136,6,9,full,white,en,,1.1.5,
0,de,German (Deutsch),lila,lila,lila,rgb,184,114,242,6,10,full,white,en,,1.1.5,
0,de,German (Deutsch),blau,blau,blau,rgb,21,62,189,6,11,full,white,en,,1.1.5,
0,de,German (Deutsch),purpur,purpur,purpur,rgb,96,58,89,1,0,full,white,en,,1.1.5,
0,de,German (Deutsch),lila,lila,lila,rgb,164,138,214,1,1,full,white,en,,1.1.5,
0,de,German (Deutsch),dunkelgrun,dunkelgrün,dunkelgrün,rgb,43,101,45,1,2,full,white,en,,1.1.5,
0,de,German (Deutsch),flieder,flieder,flieder,rgb,173,149,188,1,3,full,white,en,,1.1.5,
0,de,German (Deutsch),grun,grün,grün,rgb,50,155,105,1,4,full,white,en,,1.1.5,
0,de,German (Deutsch),hellgrau,hellgrau,hellgrau,rgb,192,202,197,1,5,full,white,en,,1.1.5,
0,de,German (Deutsch),hellbraun,hellbraun,hellbraun,rgb,163,134,94,1,6,full,white,en,,1.1.5,
0,de,German (Deutsch),dunkelgelb,dunkelgelb,dunkelgelb,rgb,218,193,7,1,7,full,white,en,,1.1.5,
0,de,German (Deutsch),blau,blau,blau,rgb,80,106,189,1,8,full,white,en,,1.1.5,
0,de,German (Deutsch),hellrot,hellrot,hellrot,rgb,239,132,110,1,9,full,white,en,,1.1.5,
0,de,German (Deutsch),olivgrun,olivgrün,olivgrün,rgb,153,173,47,1,10,full,white,en,,1.1.5,
0,de,German (Deutsch),dunkelturkis,dunkeltürkis,dunkeltürkis,rgb,16,112,119,1,11,full,white,en,,1.1.5,
0,de,German (Deutsch),rosa,rosa,rosa,rgb,253,135,161,3,0,full,white,en,,1.1.5,
0,de,German (Deutsch),dunkelblau,dunkelblau,dunkelblau,rgb,41,49,171,3,1,full,white,en,,1.1.5,
0,de,German (Deutsch),rot,rot,rot,rgb,203,31,43,3,2,full,white,en,,1.1.5,
0,de,German (Deutsch),himmelblau,himmelblau,himmelblau,rgb,107,191,208,3,3,full,white,en,,1.1.5,
0,de,German (Deutsch),orange,orange,orange,rgb,224,96,1,3,4,full,white,en,,1.1.5,
0,de,German (Deutsch),dunkelgrun,dunkelgrün,dunkelgrün,rgb,66,148,8,3,5,full,white,en,,1.1.5,
0,de,German (Deutsch),fuchsia,fuchsia,fuchsia,rgb,187,43,108,3,6,full,white,en,,1.1.5,
0,de,German (Deutsch),hellgrun,hellgrün,hellgrün,rgb,148,202,147,3,7,full,white,en,,1.1.5,
0,de,German (Deutsch),lila,lila,lila,rgb,133,24,223,3,8,full,white,en,,1.1.5,
0,de,German (Deutsch),dunkelgrau,dunkelgrau,dunkelgrau,rgb,48,53,18,3,9,full,white,en,,1.1.5,
0,de,German (Deutsch),olivbraun,olivbraun,olivbraun,rgb,121,103,26,3,10,full,white,en,,1.1.5,
0,de,German (Deutsch),ultramarinblau,ultramarinblau,ultramarinblau,rgb,21,49,103,3,11,full,white,en,,1.1.5,
0,de,German (Deutsch),graubraun,graubraun,graubraun,rgb,105,88,92,6,0,full,white,en,,1.1.5,
0,de,German (Deutsch),dunkelblau,dunkelblau,dunkelblau,rgb,59,25,118,6,1,full,white,en,,1.1.5,
0,de,German (Deutsch),pink,pink,pink,rgb,214,35,167,6,2,full,white,en,,1.1.5,
0,de,German (Deutsch),dunkelrosa,dunkelrosa,dunkelrosa,rgb,219,94,219,6,3,full,white,en,,1.1.5,
0,de,German (Deutsch),dunkelbraun,dunkelbraun,dunkelbraun,rgb,74,2,10,6,4,full,white,en,,1.1.5,
0,de,German (Deutsch),hellturkis,helltürkis,helltürkis,rgb,119,245,203,6,5,full,white,en,,1.1.5,
0,de,German (Deutsch),gelb,gelb,gelb,rgb,252,254,106,6,6,full,white,en,,1.1.5,
0,de,German (Deutsch),hellrot,hellrot,hellrot,rgb,253,81,104,6,7,full,white,en,,1.1.5,
0,de,German (Deutsch),bengalrosa,bengalrosa,bengalrosa,rgb,178,83,170,6,8,full,white,en,,1.1.5,
0,de,German (Deutsch),hellorange,hellorange,hellorange,rgb,248,168,85,6,9,full,white,en,,1.1.5,
0,de,German (Deutsch),grun,grün,grün,rgb,16,193,61,6,10,full,white,en,,1.1.5,
0,de,German (Deutsch),hellgrun,hellgrün,hellgrün,rgb,169,246,15,6,11,full,white,en,,1.1.5,
0,de,German (Deutsch),magenta,magenta,Magenta,rgb,255,0,147,1,0,line,white,en,,1.1.5,
0,de,German (Deutsch),fahlgrun,fahlgrün,Fahlgrün,rgb,0,255,153,1,1,line,white,en,,1.1.5,
0,de,German (Deutsch),gelb,gelb,Gelb,rgb,255,245,0,1,2,line,white,en,,1.1.5,
0,de,German (Deutsch),konigsblau,königsblau,Königsblau,rgb,0,18,255,1,3,line,white,en,,1.1.5,
0,de,German (Deutsch),himmelblau,himmelblau,Himmelblau,rgb,0,129,255,1,4,line,white,en,,1.1.5,
0,de,German (Deutsch),maigrun,maigrün,Maigrün,rgb,36,255,0,1,5,line,white,en,,1.1.5,
0,de,German (Deutsch),dunkelblau,dunkelblau,Dunkelblau,rgb,0,38,255,1,6,line,white,en,,1.1.5,
0,de,German (Deutsch),karmesin,karmesin,Karmesin,rgb,255,0,65,1,7,line,white,en,,1.1.5,
0,de,German (Deutsch),himmelblau,himmelblau,Himmelblau,rgb,0,138,255,1,8,line,white,en,,1.1.5,
0,de,German (Deutsch),blau,blau,Blau,rgb,0,92,255,1,9,line,white,en,,1.1.5,
0,de,German (Deutsch),ziegelrot,ziegelrot,Ziegelrot,rgb,255,0,3,1,10,line,white,en,,1.1.5,
0,de,German (Deutsch),hellblau,hellblau,Hellblau,rgb,0,202,255,1,11,line,white,en,,1.1.5,
0,de,German (Deutsch),himmelblau,himmelblau,Himmelblau,rgb,0,179,255,3,0,line,white,en,,1.1.5,
0,de,German (Deutsch),maigrun,maigrün,Maigrün,rgb,0,255,113,3,1,line,white,en,,1.1.5,
0,de,German (Deutsch),pink,pink,Pink,rgb,255,0,239,3,2,line,white,en,,1.1.5,
0,de,German (Deutsch),dunkelgelb,dunkelgelb,Dunkelgelb,rgb,255,218,0,3,3,line,white,en,,1.1.5,
0,de,German (Deutsch),magenta,magenta,Magenta,rgb,255,0,208,3,5,line,white,en,,1.1.5,
0,de,German (Deutsch),senfgelb,senfgelb,Senfgelb,rgb,255,210,0,3,6,line,white,en,,1.1.5,
0,de,German (Deutsch),fahlgrun,fahlgrün,Fahlgrün,rgb,0,255,180,3,7,line,white,en,,1.1.5,
0,de,German (Deutsch),ziegelrot,ziegelrot,Ziegelrot,rgb,255,75,0,3,8,line,white,en,,1.1.5,
0,de,German (Deutsch),purpur,purpur,Purpur,rgb,255,0,123,3,9,line,white,en,,1.1.5,
0,de,German (Deutsch),lila,lila,Lila,rgb,173,0,255,3,10,line,white,en,,1.1.5,
0,de,German (Deutsch),hellgrun,hellgrün,Hellgrün,rgb,208,255,0,3,11,line,white,en,,1.1.5,
0,de,German (Deutsch),hellorange,hellorange,Hellorange,rgb,255,161,0,6,0,line,white,en,,1.1.5,
0,de,German (Deutsch),purpur,purpur,Purpur,rgb,255,0,106,6,1,line,white,en,,1.1.5,
0,de,German (Deutsch),rosa,rosa,Rosa,rgb,239,0,255,6,2,line,white,en,,1.1.5,
0,de,German (Deutsch),dunkellila,dunkellila,Dunkellila,rgb,129,0,255,6,3,line,white,en,,1.1.5,
0,de,German (Deutsch),orange,orange,Orange,rgb,255,122,0,6,4,line,white,en,,1.1.5,
0,de,German (Deutsch),hellblau,hellblau,Hellblau,rgb,0,239,255,6,5,line,white,en,,1.1.5,
0,de,German (Deutsch),himmelblau,himmelblau,Himmelblau,rgb,0,214,255,6,6,line,white,en,,1.1.5,
0,de,German (Deutsch),hellgrun,hellgrün,Hellgrün,rgb,129,255,0,6,7,line,white,en,,1.1.5,
0,de,German (Deutsch),ziegelrot,ziegelrot,Ziegelrot,rgb,255,89,0,6,8,line,white,en,,1.1.5,
0,de,German (Deutsch),turkis,türkis,Türkis,rgb,0,255,208,6,9,line,white,en,,1.1.5,
0,de,German (Deutsch),konigsblau,königsblau,Königsblau,rgb,0,81,255,6,10,line,white,en,,1.1.5,
0,de,German (Deutsch),hellgrun,hellgrün,Hellgrün,rgb,138,255,0,6,11,line,white,en,,1.1.5,
0,de,German (Deutsch),tuerkis,tuerkis,tuerkis,rgb,63,125,116,1,0,full,white,en,,1.1.5,
0,de,German (Deutsch),pastellorange,pastell orange,pastell-orange,rgb,143,75,53,1,1,full,white,en,,1.1.5,
0,de,German (Deutsch),gelb,gelb,gelb,rgb,125,136,45,1,2,full,white,en,,1.1.5,
0,de,German (Deutsch),braungelb,braungelb,braungelb,rgb,54,46,14,1,3,full,white,en,,1.1.5,
0,de,German (Deutsch),rot,rot,rot,rgb,146,23,15,1,4,full,white,en,,1.1.5,
0,de,German (Deutsch),dunkellika,dunkel lika,dunkel-lika,rgb,44,10,58,1,5,full,white,en,,1.1.5,
0,de,German (Deutsch),ockergelb,ockergelb,ockergelb,rgb,74,88,34,1,6,full,white,en,,1.1.5,
0,de,German (Deutsch),dunkelgrun,dunkelgruen,dunkelgruen,rgb,1,53,35,1,7,full,white,en,,1.1.5,
0,de,German (Deutsch),dunkeltuerkis,dunkeltuerkis,dunkeltuerkis,rgb,13,115,115,1,8,full,white,en,,1.1.5,
0,de,German (Deutsch),lila,lila,lila,rgb,102,2,138,1,9,full,white,en,,1.1.5,
0,de,German (Deutsch),neongelb,neongelb,neongelb,rgb,149,166,10,1,10,full,white,en,,1.1.5,
0,de,German (Deutsch),blautuerkis,blau tuerkis,blau-tuerkis,rgb,70,110,133,1,11,full,white,en,,1.1.5,
0,de,German (Deutsch),kaltesbraun,kaltes braun,kaltes braun,rgb,112,60,34,3,0,full,white,en,,1.1.5,
0,de,German (Deutsch),hellgrun,hellgruen,hellgruen,rgb,28,124,9,3,1,full,white,en,,1.1.5,
0,de,German (Deutsch),orange,orange,orange,rgb,183,101,21,3,2,full,white,en,,1.1.5,
0,de,German (Deutsch),pink,pink,pink,rgb,171,19,149,3,3,full,white,en,,1.1.5,
0,de,German (Deutsch),neongrun,neongruen,neongruen,rgb,38,186,7,3,4,full,white,en,,1.1.5,
0,de,German (Deutsch),hellrot,hellrot,hellrot,rgb,148,38,6,3,5,full,white,en,,1.1.5,
0,de,German (Deutsch),purpurrot,purpur rot,purpur-rot,rgb,103,21,35,3,6,full,white,en,,1.1.5,
0,de,German (Deutsch),kaltesblau,kaltes blau,kaltes blau,rgb,50,55,153,3,7,full,white,en,,1.1.5,
0,de,German (Deutsch),ockergelb,ockergelb,ockergelb,rgb,96,93,34,3,8,full,white,en,,1.1.5,
0,de,German (Deutsch),pastellblau,pastell blau,pastell-blau,rgb,43,53,114,3,9,full,white,en,,1.1.5,
0,de,German (Deutsch),kaltesrot,kaltes rot,kaltes rot,rgb,158,38,70,3,10,full,white,en,,1.1.5,
0,de,German (Deutsch),moosgrun,moos gruen,moos-gruen,rgb,13,61,7,3,11,full,white,en,,1.1.5,
0,de,German (Deutsch),hellestuerkis,helles tuerkis,helles tuerkis,rgb,27,165,142,6,0,full,white,en,,1.1.5,
0,de,German (Deutsch),dunkelblau,dunkelblau,dunkelblau,rgb,6,11,118,6,1,full,white,en,,1.1.5,
0,de,German (Deutsch),dunklesrostrot,dunkles rost rot,dunkles rost-rot,rgb,84,26,24,6,2,full,white,en,,1.1.5,
0,de,German (Deutsch),kaltesblau,kaltes blau,kaltes blau,rgb,18,52,86,6,3,full,white,en,,1.1.5,
0,de,German (Deutsch),neongrun,neon gruen,neon-gruen,rgb,98,165,38,6,4,full,white,en,,1.1.5,
0,de,German (Deutsch),hellgrun,hellgruen,hellgruen,rgb,24,118,58,6,5,full,white,en,,1.1.5,
0,de,German (Deutsch),lila,lila,lila,rgb,117,18,120,6,6,full,white,en,,1.1.5,
0,de,German (Deutsch),kaltespurpurrot,kaltes purpur rot,kaltes purpur-rot,rgb,80,2,44,6,7,full,white,en,,1.1.5,
0,de,German (Deutsch),hellorange,hell orange,hell-orange,rgb,166,108,3,6,8,full,white,en,,1.1.5,
0,de,German (Deutsch),pissgelb,pissgelb,pissgelb,rgb,141,127,11,6,9,full,white,en,,1.1.5,
0,de,German (Deutsch),rostrot,rost rot,rost-rot,rgb,99,26,0,6,10,full,white,en,,1.1.5,
0,de,German (Deutsch),helllila,hell lila,hell-lila,rgb,131,57,139,6,11,full,white,en,,1.1.5,
0,de,German (Deutsch),dunkelblau,dunkelblau,dunkelblau,rgb,31,63,152,1,0,full,white,en,,1.1.5,
0,de,German (Deutsch),tannengrun,tannengrün,tannengrün,rgb,9,106,108,1,1,full,white,en,,1.1.5,
0,de,German (Deutsch),grasgrun,grasgrün,grasgrün,rgb,69,156,76,1,2,full,white,en,,1.1.5,
0,de,German (Deutsch),turkis,türkis,türkis,rgb,75,233,159,1,3,full,white,en,,1.1.5,
0,de,German (Deutsch),hellgrun,hellgrün,hellgrün,rgb,34,229,111,1,4,full,white,en,,1.1.5,
0,de,German (Deutsch),dunkelrot,dunkelrot,dunkelrot,rgb,206,50,12,1,5,full,white,en,,1.1.5,
0,de,German (Deutsch),violett,violett,violett,rgb,174,57,198,1,6,full,white,en,,1.1.5,
0,de,German (Deutsch),grau,grau,grau,rgb,132,135,133,1,7,full,white,en,,1.1.5,
0,de,German (Deutsch),beige,beige,beige,rgb,189,179,144,1,8,full,white,en,,1.1.5,
0,de,German (Deutsch),ocker,ocker,ocker,rgb,192,175,24,1,9,full,white,en,,1.1.5,
0,de,German (Deutsch),lila,lila,lila,rgb,167,113,239,1,10,full,white,en,,1.1.5,
0,de,German (Deutsch),rot,rot,rot,rgb,229,87,80,1,11,full,white,en,,1.1.5,
0,de,German (Deutsch),lilabraun,lila braun,lila-braun,rgb,132,68,89,3,0,full,white,en,,1.1.5,
0,de,German (Deutsch),preussischblau,preussisch blau,preussisch blau,rgb,69,166,191,3,1,full,white,en,,1.1.5,
0,de,German (Deutsch),dunklesviolett,dunkles violett,dunkles violett,rgb,83,9,131,3,2,full,white,en,,1.1.5,
0,de,German (Deutsch),blasseslila,blasses lila,blasses lila,rgb,121,113,195,3,3,full,white,en,,1.1.5,
0,de,German (Deutsch),braun,braun,braun,rgb,152,61,61,3,4,full,white,en,,1.1.5,
0,de,German (Deutsch),turkis,türkis,türkis,rgb,47,222,239,3,6,full,white,en,,1.1.5,
0,de,German (Deutsch),braun,braun,braun,rgb,167,88,39,3,7,full,white,en,,1.1.5,
0,de,German (Deutsch),rot,rot,rot,rgb,247,55,104,3,8,full,white,en,,1.1.5,
0,de,German (Deutsch),orange,orange,orange,rgb,246,168,1,3,9,full,white,en,,1.1.5,
0,de,German (Deutsch),grun,grün,grün,rgb,13,208,43,3,10,full,white,en,,1.1.5,
0,de,German (Deutsch),rosa,rosa,rosa,rgb,229,113,189,3,11,full,white,en,,1.1.5,
0,de,German (Deutsch),hellblau,hellblau,hellblau,rgb,18,169,247,6,0,full,white,en,,1.1.5,
0,de,German (Deutsch),minzgrun,minzgrün,minzgrün,rgb,30,191,176,6,1,full,white,en,,1.1.5,
0,de,German (Deutsch),schwarz,schwarz,schwarz,rgb,42,47,14,6,3,full,white,en,,1.1.5,
0,de,German (Deutsch),veilchenlila,veilchenlila,veilchenlila,rgb,190,167,198,6,5,full,white,en,,1.1.5,
0,de,German (Deutsch),grasgrun,grasgrün,grasgrün,rgb,78,156,117,6,6,full,white,en,,1.1.5,
0,de,German (Deutsch),hellgrun,hellgrün,hellgrün,rgb,171,241,177,6,7,full,white,en,,1.1.5,
0,de,German (Deutsch),pink,pink,pink,rgb,239,31,204,6,9,full,white,en,,1.1.5,
0,de,German (Deutsch),blau,blau,blau,rgb,8,68,191,6,10,full,white,en,,1.1.5,
0,de,German (Deutsch),turkisblau,türkisblau,türkisblau,rgb,63,169,187,1,0,full,white,en,,1.1.5,
0,de,German (Deutsch),dunkelgrun,dunkelgrün,dunkelgrün,rgb,12,73,12,1,1,full,white,en,,1.1.5,
0,de,German (Deutsch),rotbraun,rotbraun,rotbraun,rgb,125,25,53,1,2,full,white,en,,1.1.5,
0,de,German (Deutsch),grun,grün,grün,rgb,84,233,90,1,3,full,white,en,,1.1.5,
0,de,German (Deutsch),lavendel,lavendel,lavendel,rgb,164,104,200,1,4,full,white,en,,1.1.5,
0,de,German (Deutsch),zartrosa,zartrosa,zartrosa,rgb,250,221,253,1,5,full,white,en,,1.1.5,
0,de,German (Deutsch),senfgelb,senfgelb,senfgelb,rgb,192,159,22,1,6,full,white,en,,1.1.5,
0,de,German (Deutsch),pink,pink,pink,rgb,217,31,158,1,8,full,white,en,,1.1.5,
0,de,German (Deutsch),kurbis,kürbis,kürbis,rgb,238,111,90,1,9,full,white,en,,1.1.5,
0,de,German (Deutsch),orange,orange,orange,rgb,240,150,3,1,10,full,white,en,,1.1.5,
0,de,German (Deutsch),erbsengrun,erbsengrün,erbsengrün,rgb,185,188,86,1,11,full,white,en,,1.1.5,
0,de,German (Deutsch),grunblau,grünblau,grünblau,rgb,37,152,123,3,0,full,white,en,,1.1.5,
0,de,German (Deutsch),taupe,taupe,taupe,rgb,135,117,79,3,1,full,white,en,,1.1.5,
0,de,German (Deutsch),graugrun,graugrün,graugrün,rgb,165,194,172,3,2,full,white,en,,1.1.5,
0,de,German (Deutsch),hellgrun,hellgrün,hellgrün,rgb,166,237,42,3,3,full,white,en,,1.1.5,
0,de,German (Deutsch),turkis,türkis,türkis,rgb,35,246,250,3,4,full,white,en,,1.1.5,
0,de,German (Deutsch),lila,lila,lila,rgb,214,109,252,3,5,full,white,en,,1.1.5,
0,de,German (Deutsch),malve,malve,malve,rgb,209,150,215,3,6,full,white,en,,1.1.5,
0,de,German (Deutsch),orangerot,orangerot,orangerot,rgb,196,64,12,3,7,full,white,en,,1.1.5,
0,de,German (Deutsch),grasgrun,grasgrün,grasgrün,rgb,89,154,1,3,8,full,white,en,,1.1.5,
0,de,German (Deutsch),himmelblau,himmelblau,himmelblau,rgb,165,199,245,3,9,full,white,en,,1.1.5,
0,de,German (Deutsch),grun,grün,grün,rgb,18,131,41,3,10,full,white,en,,1.1.5,
0,de,German (Deutsch),blau,blau,blau,rgb,7,42,143,3,11,full,white,en,,1.1.5,
0,de,German (Deutsch),hellblau,hellblau,hellblau,rgb,42,129,254,6,0,full,white,en,,1.1.5,
0,de,German (Deutsch),blau,blau,blau,rgb,15,46,246,6,1,full,white,en,,1.1.5,
0,de,German (Deutsch),rot,rot,rot,rgb,197,10,43,6,2,full,white,en,,1.1.5,
0,de,German (Deutsch),lavendel,lavendel,lavendel,rgb,140,116,156,6,3,full,white,en,,1.1.5,
0,de,German (Deutsch),braun,braun,braun,rgb,127,69,9,6,4,full,white,en,,1.1.5,
0,de,German (Deutsch),rotlila,rotlila,rotlila,rgb,133,50,110,6,5,full,white,en,,1.1.5,
0,de,German (Deutsch),dunkelbraun,dunkelbraun,dunkelbraun,rgb,68,44,22,6,6,full,white,en,,1.1.5,
0,de,German (Deutsch),grungelb,grüngelb,grüngelb,rgb,227,249,184,6,7,full,white,en,,1.1.5,
0,de,German (Deutsch),sonnengelb,sonnengelb,sonnengelb,rgb,248,217,85,6,8,full,white,en,,1.1.5,
0,de,German (Deutsch),blau,blau,blau,rgb,18,58,203,6,9,full,white,en,,1.1.5,
0,de,German (Deutsch),blassgrun,blassgrün,blassgrün,rgb,144,164,107,6,10,full,white,en,,1.1.5,
0,de,German (Deutsch),beige,beige,beige,rgb,204,180,179,6,11,full,white,en,,1.1.5,
0,de,German (Deutsch),graugrun,graugrün,Graugrün,rgb,159,171,119,1,0,full,white,en,,1.1.5,
0,de,German (Deutsch),braun,braun,Braun,rgb,105,67,59,1,1,full,white,en,,1.1.5,
0,de,German (Deutsch),pastellgrun,pastellgrün,Pastellgrün,rgb,150,233,142,1,3,full,white,en,,1.1.5,
0,de,German (Deutsch),meeresgrun,meeresgrün,Meeresgrün,rgb,29,72,80,1,4,full,white,en,,1.1.5,
0,de,German (Deutsch),altrosa,altrosa,Altrosa,rgb,142,100,123,1,5,full,white,en,,1.1.5,
0,de,German (Deutsch),patrol,patrol,Patrol,rgb,35,134,125,1,6,full,white,en,,1.1.5,
0,de,German (Deutsch),dunkelgrun,dunkelgrün,Dunkelgrün,rgb,29,117,8,1,7,full,white,en,,1.1.5,
0,de,German (Deutsch),pink,pink,Pink,rgb,197,67,227,1,8,full,white,en,,1.1.5,
0,de,German (Deutsch),lila,lila,Lila,rgb,132,60,124,1,9,full,white,en,,1.1.5,
0,de,German (Deutsch),rotbraun,rotbraun,Rotbraun,rgb,78,16,41,1,10,full,white,en,,1.1.5,
0,de,German (Deutsch),lavendel,lavendel,Lavendel,rgb,183,127,230,1,11,full,white,en,,1.1.5,
0,de,German (Deutsch),ocker,ocker,Ocker,rgb,229,212,94,3,0,full,white,en,,1.1.5,
0,de,German (Deutsch),schwarz,schwarz,Schwarz,rgb,18,53,16,3,1,full,white,en,,1.1.5,
0,de,German (Deutsch),turkis,türkis,Türkis,rgb,67,225,164,3,2,full,white,en,,1.1.5,
0,de,German (Deutsch),bordaux,bordaux,Bordaux,rgb,161,71,94,3,3,full,white,en,,1.1.5,
0,de,German (Deutsch),blassblau,blassblau,Blassblau,rgb,96,99,161,3,4,full,white,en,,1.1.5,
0,de,German (Deutsch),konigsblau,königsblau,Königsblau,rgb,59,34,164,3,5,full,white,en,,1.1.5,
0,de,German (Deutsch),pink,pink,Pink,rgb,232,5,185,3,6,full,white,en,,1.1.5,
0,de,German (Deutsch),grasgrun,grasgrün,Grasgrün,rgb,102,160,24,3,7,full,white,en,,1.1.5,
0,de,German (Deutsch),sand,sand,Sand,rgb,209,169,99,3,8,full,white,en,,1.1.5,
0,de,German (Deutsch),leuchtendgrun,leuchtend grün,Leuchtend grün,rgb,16,212,11,3,9,full,white,en,,1.1.5,
0,de,German (Deutsch),kaki,kaki,Kaki,rgb,111,143,65,3,10,full,white,en,,1.1.5,
0,de,German (Deutsch),violett,violett,Violett,rgb,204,6,252,3,11,full,white,en,,1.1.5,
0,de,German (Deutsch),turkis,türkis,Türkis,rgb,17,223,211,6,0,full,white,en,,1.1.5,
0,de,German (Deutsch),rot,rot,Rot,rgb,243,64,38,6,1,full,white,en,,1.1.5,
0,de,German (Deutsch),himmelblau,himmelblau,Himmelblau,rgb,29,164,233,6,2,full,white,en,,1.1.5,
0,de,German (Deutsch),karmesin,karmesin,Karmesin,rgb,208,53,71,6,3,full,white,en,,1.1.5,
0,de,German (Deutsch),babyblau,babyblau,Babyblau,rgb,147,173,212,6,4,full,white,en,,1.1.5,
0,de,German (Deutsch),rotbraun,rotbraun,Rotbraun,rgb,129,29,9,6,5,full,white,en,,1.1.5,
0,de,German (Deutsch),altrosa,altrosa,Altrosa,rgb,195,100,157,6,6,full,white,en,,1.1.5,
0,de,German (Deutsch),grasgrun,grasgrün,Grasgrün,rgb,96,170,123,6,7,full,white,en,,1.1.5,
0,de,German (Deutsch),beige,beige,Beige,rgb,246,232,164,6,8,full,white,en,,1.1.5,
0,de,German (Deutsch),orange,orange,Orange,rgb,242,173,7,6,9,full,white,en,,1.1.5,
0,de,German (Deutsch),babyrosa,babyrosa,Babyrosa,rgb,239,158,181,6,10,full,white,en,,1.1.5,
0,de,German (Deutsch),lindgrun,lindgrün,Lindgrün,rgb,191,195,16,6,11,full,white,en,,1.1.5,
0,de,German (Deutsch),moosgrun,moosgrün,Moosgrün,rgb,140,180,62,1,0,full,white,en,,1.1.5,
0,de,German (Deutsch),beige,beige,Beige,rgb,217,203,175,1,1,full,white,en,,1.1.5,
0,de,German (Deutsch),dunkelgrun,dunkelgrün,Dunkelgrün,rgb,33,111,15,1,2,full,white,en,,1.1.5,
0,de,German (Deutsch),neongrun,neongrün,Neongrün,rgb,67,254,64,1,3,full,white,en,,1.1.5,
0,de,German (Deutsch),turkis,türkis,Türkis,rgb,81,237,206,1,4,full,white,en,,1.1.5,
0,de,German (Deutsch),nachtblau,nachtblau,Nachtblau,rgb,30,32,125,1,5,full,white,en,,1.1.5,
0,de,German (Deutsch),dunkelblau,dunkelblau,Dunkelblau,rgb,18,35,97,1,6,full,white,en,,1.1.5,
0,de,German (Deutsch),lila,lila,Lila,rgb,175,41,170,1,7,full,white,en,,1.1.5,
0,de,German (Deutsch),braun,braun,Braun,rgb,170,118,106,1,8,full,white,en,,1.1.5,
0,de,German (Deutsch),rot,rot,Rot,rgb,249,74,74,1,9,full,white,en,,1.1.5,
0,de,German (Deutsch),khaki,khaki,Khaki,rgb,186,161,94,1,10,full,white,en,,1.1.5,
0,de,German (Deutsch),helllila,helllila,Helllila,rgb,154,156,205,1,11,full,white,en,,1.1.5,
0,de,German (Deutsch),hellgrun,hellgrün,Hellgrün,rgb,159,211,12,3,0,full,white,en,,1.1.5,
0,de,German (Deutsch),duneklgrun,duneklgrün,Duneklgrün,rgb,7,117,81,3,1,full,white,en,,1.1.5,
0,de,German (Deutsch),rosarot,rosarot,Rosarot,rgb,206,47,101,3,2,full,white,en,,1.1.5,
0,de,German (Deutsch),dunkelgelb,dunkelgelb,Dunkelgelb,rgb,215,193,77,3,3,full,white,en,,1.1.5,
0,de,German (Deutsch),blau,blau,Blau,rgb,38,6,175,3,4,full,white,en,,1.1.5,
0,de,German (Deutsch),kaminrot,kaminrot,Kaminrot,rgb,144,82,114,3,5,full,white,en,,1.1.5,
0,de,German (Deutsch),orangegelb,orange gelb,Orange-gelb,rgb,207,146,15,3,6,full,white,en,,1.1.5,
0,de,German (Deutsch),turkis,türkis,Türkis,rgb,60,177,188,3,7,full,white,en,,1.1.5,
0,de,German (Deutsch),lilarot,lila rot,Lila-rot,rgb,105,27,80,3,8,full,white,en,,1.1.5,
0,de,German (Deutsch),grasgrun,grasgrün,Grasgrün,rgb,132,239,113,3,9,full,white,en,,1.1.5,
0,de,German (Deutsch),schwarz,schwarz,Schwarz,rgb,28,57,3,3,10,full,white,en,,1.1.5,
0,de,German (Deutsch),dunkellila,dunkellila,Dunkellila,rgb,108,87,212,3,11,full,white,en,,1.1.5,
0,de,German (Deutsch),grasgrun,grasgrün,Grasgrün,rgb,68,200,15,6,0,full,white,en,,1.1.5,
0,de,German (Deutsch),helllila,helllila,Helllila,rgb,218,218,254,6,1,full,white,en,,1.1.5,
0,de,German (Deutsch),turkisgrun,türkis grün,Türkis-grün,rgb,84,176,148,6,2,full,white,en,,1.1.5,
0,de,German (Deutsch),dunkeldunkelbraun,dunkel dunkelbraun,Dunkel-Dunkelbraun,rgb,66,2,20,6,3,full,white,en,,1.1.5,
0,de,German (Deutsch),kackbraun,kackbraun,Kackbraun,rgb,159,114,27,6,4,full,white,en,,1.1.5,
0,de,German (Deutsch),lila,lila,Lila,rgb,134,54,214,6,5,full,white,en,,1.1.5,
0,de,German (Deutsch),dunkeldunkelblau,dunkel dunkelblau,Dunkel-Dunkelblau,rgb,44,47,79,6,6,full,white,en,,1.1.5,
0,de,German (Deutsch),gelbgrun,gelbgrün,Gelbgrün,rgb,213,236,131,6,7,full,white,en,,1.1.5,
0,de,German (Deutsch),hellorange,hellorange,Hellorange,rgb,223,108,68,6,8,full,white,en,,1.1.5,
0,de,German (Deutsch),blau,blau,Blau,rgb,36,14,227,6,9,full,white,en,,1.1.5,
0,de,German (Deutsch),schwarz,schwarz,Schwarz,rgb,6,27,31,6,10,full,white,en,,1.1.5,
0,de,German (Deutsch),dunkelorange,dunkelorange,Dunkelorange,rgb,254,76,1,6,11,full,white,en,,1.1.5,
0,de,German (Deutsch),rot,rot,Rot,rgb,146,17,2,1,0,full,white,en,,1.1.5,
0,de,German (Deutsch),turkis,türkis,Türkis,rgb,94,172,132,1,1,full,white,en,,1.1.5,
0,de,German (Deutsch),petrol,petrol,Petrol,rgb,3,118,102,1,2,full,white,en,,1.1.5,
0,de,German (Deutsch),limettengrun,limettengrün,Limettengrün,rgb,208,236,191,1,3,full,white,en,,1.1.5,
0,de,German (Deutsch),navyblau,navyblau,Navyblau,rgb,62,22,232,1,4,full,white,en,,1.1.5,
0,de,German (Deutsch),giftgrun,giftgrün,Giftgrün,rgb,4,245,102,1,5,full,white,en,,1.1.5,
0,de,German (Deutsch),pink,pink,Pink,rgb,207,90,196,1,6,full,white,en,,1.1.5,
0,de,German (Deutsch),hellblau,hellblau,Hellblau,rgb,84,158,246,1,7,full,white,en,,1.1.5,
0,de,German (Deutsch),braun,braun,Braun,rgb,100,80,72,1,8,full,white,en,,1.1.5,
0,de,German (Deutsch),grau,grau,Grau,rgb,71,71,92,1,9,full,white,en,,1.1.5,
0,de,German (Deutsch),hellbraun,hellbraun,Hellbraun,rgb,177,150,123,1,10,full,white,en,,1.1.5,
0,de,German (Deutsch),schwarz,schwarz,Schwarz,rgb,27,21,3,1,11,full,white,en,,1.1.5,
0,de,German (Deutsch),blasseskhaki,blasses khaki,blasses khaki,rgb,157,136,21,1,0,full,white,en,,1.1.5,
0,de,German (Deutsch),himmelblau,himmelblau,himmelblau,rgb,141,191,229,1,1,full,white,en,,1.1.5,
0,de,German (Deutsch),blassgelb,blassgelb,blassgelb,rgb,252,232,87,1,2,full,white,en,,1.1.5,
0,de,German (Deutsch),lila,lila,lila,rgb,135,110,240,1,3,full,white,en,,1.1.5,
0,de,German (Deutsch),neongrun,neongrün,neongrün,rgb,13,255,78,1,4,full,white,en,,1.1.5,
0,de,German (Deutsch),pink,pink,pink,rgb,221,79,182,1,5,full,white,en,,1.1.5,
0,de,German (Deutsch),hellgrun,hellgrün,hellgrün,rgb,178,233,126,1,6,full,white,en,,1.1.5,
0,de,German (Deutsch),mittelbraun,mittelbraun,mittelbraun,rgb,177,144,95,1,7,full,white,en,,1.1.5,
0,de,German (Deutsch),grun,grün,grün,rgb,20,232,168,1,8,full,white,en,,1.1.5,
0,de,German (Deutsch),dunkelviolett,dunkelviolett,dunkelviolett,rgb,123,60,118,1,9,full,white,en,,1.1.5,
0,de,German (Deutsch),dunkelrot,dunkelrot,dunkelrot,rgb,94,8,23,1,10,full,white,en,,1.1.5,
0,de,German (Deutsch),blassesgelbgrun,blasses gelbgrün,blasses gelbgrün,rgb,218,216,134,1,11,full,white,en,,1.1.5,
0,de,German (Deutsch),anthrazit,anthrazit,anthrazit,rgb,105,95,91,3,0,full,white,en,,1.1.5,
0,de,German (Deutsch),mittelblau,mittelblau,mittelblau,rgb,77,127,198,3,1,full,white,en,,1.1.5,
0,de,German (Deutsch),waldgrun,waldgrün,waldgrün,rgb,64,111,15,3,2,full,white,en,,1.1.5,
0,de,German (Deutsch),blutrot,blutrot,blutrot,rgb,170,66,45,3,3,full,white,en,,1.1.5,
0,de,German (Deutsch),petrol,petrol,petrol,rgb,66,186,192,3,4,full,white,en,,1.1.5,
0,de,German (Deutsch),blassesblaugrun,blasses blaugrün,blasses blaugrün,rgb,180,236,180,3,5,full,white,en,,1.1.5,
0,de,German (Deutsch),dunkelblau,dunkelblau,dunkelblau,rgb,46,12,94,3,6,full,white,en,,1.1.5,
0,de,German (Deutsch),ocker,ocker,ocker,rgb,211,133,12,3,7,full,white,en,,1.1.5,
0,de,German (Deutsch),grasgrun,grasgrün,grasgrün,rgb,21,155,43,3,8,full,white,en,,1.1.5,
0,de,German (Deutsch),rotmitpinkstich,rot mit pinkstich,rot mit pinkstich,rgb,211,45,71,3,9,full,white,en,,1.1.5,
0,de,German (Deutsch),aubergine/sehrdunkleslila,aubergine/sehr dunkles lila,aubergine/sehr dunkles lila,rgb,77,54,78,3,10,full,white,en,,1.1.5,
0,de,German (Deutsch),altrosa,altrosa,altrosa,rgb,195,157,169,3,11,full,white,en,,1.1.5,
0,de,German (Deutsch),blassesmittelgrun,blasses mittelgrün,blasses mittelgrün,rgb,112,141,96,6,0,full,white,en,,1.1.5,
0,de,German (Deutsch),kraftigeslila,kräftiges lila,kräftiges lila,rgb,146,49,230,6,1,full,white,en,,1.1.5,
0,de,German (Deutsch),kraftigesrosa,kräftiges rosa,kräftiges rosa,rgb,246,118,168,6,2,full,white,en,,1.1.5,
0,de,German (Deutsch),mittelblau,mittelblau,mittelblau,rgb,119,142,150,6,3,full,white,en,,1.1.5,
0,de,German (Deutsch),graubeige,grau beige,grau-beige,rgb,224,226,190,6,4,full,white,en,,1.1.5,
0,de,German (Deutsch),kraftigeshellgrun,kräftiges hellgrün,kräftiges hellgrün,rgb,156,194,22,6,5,full,white,en,,1.1.5,
0,de,German (Deutsch),rosabeige,rosa beige,rosa-beige,rgb,253,204,177,6,6,full,white,en,,1.1.5,
0,de,German (Deutsch),sehrdunklesgrun,sehr dunkles grün,sehr dunkles grün,rgb,44,64,54,6,7,full,white,en,,1.1.5,
0,de,German (Deutsch),blasseslila,blasses lila,blasses lila,rgb,192,145,250,6,8,full,white,en,,1.1.5,
0,de,German (Deutsch),mittelbraun,mittelbraun,mittelbraun,rgb,166,104,24,6,9,full,white,en,,1.1.5,
0,de,German (Deutsch),violett,violett,violett,rgb,154,79,185,6,10,full,white,en,,1.1.5,
0,de,German (Deutsch),mittelblau,mittelblau,mittelblau,rgb,11,74,151,6,11,full,white,en,,1.1.5,
0,de,German (Deutsch),limettengrun,limettengrün,limettengrün,rgb,174,227,101,1,0,full,white,en,,1.1.5,
0,de,German (Deutsch),blau,blau,blau,rgb,28,84,186,1,1,full,white,en,,1.1.5,
0,de,German (Deutsch),olivgrun,olivgrün,olivgrün,rgb,173,202,150,1,2,full,white,en,,1.1.5,
0,de,German (Deutsch),turkis,türkis,türkis,rgb,171,231,236,1,3,full,white,en,,1.1.5,
0,de,German (Deutsch),eierschale,eierschale,eierschale,rgb,233,190,111,1,4,full,white,en,,1.1.5,
0,de,German (Deutsch),petrol,petrol,petrol,rgb,72,135,151,1,5,full,white,en,,1.1.5,
0,de,German (Deutsch),himbeerjoghurt,himbeerjoghurt,himbeerjoghurt,rgb,221,200,227,1,6,full,white,en,,1.1.5,
0,de,German (Deutsch),dunkelviolet,dunkelviolet,dunkelviolet,rgb,44,17,53,1,7,full,white,en,,1.1.5,
0,de,German (Deutsch),minzgrun,minzgrün,minzgrün,rgb,161,245,166,1,8,full,white,en,,1.1.5,
0,de,German (Deutsch),purpur,purpur,purpur,rgb,251,89,248,1,9,full,white,en,,1.1.5,
0,de,German (Deutsch),dunkelkaramell,dunkelkaramell,dunkelkaramell,rgb,196,130,49,1,10,full,white,en,,1.1.5,
0,de,German (Deutsch),portroyale,port royale,port royale,rgb,168,64,76,1,11,full,white,en,,1.1.5,
0,de,German (Deutsch),grau,grau,grau,rgb,149,135,155,3,0,full,white,en,,1.1.5,
0,de,German (Deutsch),portroyale,port royale,port royale,rgb,159,17,108,3,1,full,white,en,,1.1.5,
0,de,German (Deutsch),bubblegum,bubblegum,bubblegum,rgb,237,172,225,3,2,full,white,en,,1.1.5,
0,de,German (Deutsch),babyblau,babyblau,babyblau,rgb,119,185,249,3,3,full,white,en,,1.1.5,
0,de,German (Deutsch),violet,violet,violet,rgb,126,58,168,3,4,full,white,en,,1.1.5,
0,de,German (Deutsch),dunkelorange,dunkelorange,dunkelorange,rgb,189,79,2,3,5,full,white,en,,1.1.5,
0,de,German (Deutsch),hellorange,hellorange,hellorange,rgb,254,194,160,3,6,full,white,en,,1.1.5,
0,de,German (Deutsch),olivgrun,olivgrün,olivgrün,rgb,103,142,9,3,7,full,white,en,,1.1.5,
0,de,German (Deutsch),dunkelbraun,dunkelbraun,dunkelbraun,rgb,83,35,22,3,8,full,white,en,,1.1.5,
0,de,German (Deutsch),dunkelolivgrun,dunkelolivgrün,dunkelolivgrün,rgb,79,76,9,3,9,full,white,en,,1.1.5,
0,de,German (Deutsch),pink,pink,pink,rgb,253,118,211,3,10,full,white,en,,1.1.5,
0,de,German (Deutsch),moosgrun,moosgrün,moosgrün,rgb,20,221,143,3,11,full,white,en,,1.1.5,
0,de,German (Deutsch),turkis,türkis,türkis,rgb,1,229,237,6,0,full,white,en,,1.1.5,
0,de,German (Deutsch),giftgrun,giftgrün,giftgrün,rgb,101,240,79,6,1,full,white,en,,1.1.5,
0,de,German (Deutsch),karminrot,karminrot,karminrot,rgb,220,8,111,6,2,full,white,en,,1.1.5,
0,de,German (Deutsch),lila,lila,lila,rgb,178,30,204,6,3,full,white,en,,1.1.5,
0,de,German (Deutsch),dunkellila,dunkellila,dunkellila,rgb,60,39,126,6,4,full,white,en,,1.1.5,
0,de,German (Deutsch),minzgrun,minzgrün,minzgrün,rgb,6,232,190,6,5,full,white,en,,1.1.5,
0,de,German (Deutsch),dunkelolive,dunkelolive,dunkelolive,rgb,100,106,90,6,6,full,white,en,,1.1.5,
0,de,German (Deutsch),violett,violett,violett,rgb,118,102,227,6,7,full,white,en,,1.1.5,
0,de,German (Deutsch),blassviolett,blassviolett,blassviolett,rgb,103,101,173,6,8,full,white,en,,1.1.5,
0,de,German (Deutsch),himmelblau,himmelblau,himmelblau,rgb,35,142,245,6,9,full,white,en,,1.1.5,
0,de,German (Deutsch),dunkelaprikose,dunkelaprikose,dunkelaprikose,rgb,224,162,174,6,10,full,white,en,,1.1.5,
0,de,German (Deutsch),portroyale,port royale,port royale,rgb,142,72,101,6,11,full,white,en,,1.1.5,
0,de,German (Deutsch),braun,braun,Braun,rgb,170,89,36,1,0,full,white,en,,1.1.5,
0,de,German (Deutsch),blau,blau,Blau,rgb,107,145,229,1,1,full,white,en,,1.1.5,
0,de,German (Deutsch),hellorange,hellorange,Hellorange,rgb,225,194,61,1,2,full,white,en,,1.1.5,
0,de,German (Deutsch),schwarz,schwarz,Schwarz,rgb,11,47,51,1,3,full,white,en,,1.1.5,
0,de,German (Deutsch),turkis,türkis,Türkis,rgb,140,249,196,1,4,full,white,en,,1.1.5,
0,de,German (Deutsch),giftgrun,giftgrün,Giftgrün,rgb,24,226,48,1,5,full,white,en,,1.1.5,
0,de,German (Deutsch),lila,lila,Lila,rgb,123,64,140,1,6,full,white,en,,1.1.5,
0,de,German (Deutsch),limette,limette,Limette,rgb,211,250,36,1,7,full,white,en,,1.1.5,
0,de,German (Deutsch),grungrau,grüngrau,Grüngrau,rgb,220,238,221,1,8,full,white,en,,1.1.5,
0,de,German (Deutsch),hellblau,hellblau,Hellblau,rgb,157,205,247,1,9,full,white,en,,1.1.5,
0,de,German (Deutsch),orange,orange,Orange,rgb,229,153,48,1,10,full,white,en,,1.1.5,
0,de,German (Deutsch),grun,grün,Grün,rgb,140,201,136,1,11,full,white,en,,1.1.5,
0,de,German (Deutsch),lila,lila,Lila,rgb,166,13,142,3,0,full,white,en,,1.1.5,
0,de,German (Deutsch),dunkelblau,dunkelblau,Dunkelblau,rgb,63,81,198,3,1,full,white,en,,1.1.5,
0,de,German (Deutsch),dunkelblau,dunkelblau,Dunkelblau,rgb,63,25,88,3,2,full,white,en,,1.1.5,
0,de,German (Deutsch),dunkelgrun,dunkelgrün,Dunkelgrün,rgb,48,145,54,3,3,full,white,en,,1.1.5,
0,de,German (Deutsch),grau,grau,Grau,rgb,166,149,150,3,4,full,white,en,,1.1.5,
0,de,German (Deutsch),olivengrun,olivengrün,Olivengrün,rgb,185,205,41,3,5,full,white,en,,1.1.5,
0,de,German (Deutsch),violet,violet,Violet,rgb,160,97,126,3,6,full,white,en,,1.1.5,
0,de,German (Deutsch),blau,blau,Blau,rgb,13,123,177,3,8,full,white,en,,1.1.5,
0,de,German (Deutsch),giftgrun,giftgrün,Giftgrün,rgb,189,246,129,3,9,full,white,en,,1.1.5,
0,de,German (Deutsch),braungelb,braungelb,Braungelb,rgb,213,202,135,3,10,full,white,en,,1.1.5,
0,de,German (Deutsch),aquamarin,aquamarin,Aquamarin,rgb,4,152,158,3,11,full,white,en,,1.1.5,
0,de,German (Deutsch),lila,lila,Lila,rgb,147,93,217,6,0,full,white,en,,1.1.5,
0,de,German (Deutsch),rot,rot,Rot,rgb,253,62,13,6,1,full,white,en,,1.1.5,
0,de,German (Deutsch),turkis,türkis,Türkis,rgb,139,219,221,6,2,full,white,en,,1.1.5,
0,de,German (Deutsch),magenta,magenta,Magenta,rgb,208,65,108,6,3,full,white,en,,1.1.5,
0,de,German (Deutsch),dunkelgrun,dunkelgrün,Dunkelgrün,rgb,5,105,72,6,4,full,white,en,,1.1.5,
0,de,German (Deutsch),lila,lila,Lila,rgb,172,149,211,6,5,full,white,en,,1.1.5,
0,de,German (Deutsch),grun,grün,Grün,rgb,2,179,123,6,6,full,white,en,,1.1.5,
0,de,German (Deutsch),lila,lila,Lila,rgb,195,95,250,6,7,full,white,en,,1.1.5,
0,de,German (Deutsch),dunkelblau,dunkelblau,Dunkelblau,rgb,44,27,173,6,8,full,white,en,,1.1.5,
0,de,German (Deutsch),giftgrun,giftgrün,Giftgrün,rgb,58,245,158,6,9,full,white,en,,1.1.5,
0,de,German (Deutsch),braungrun,braungrün,Braungrün,rgb,117,155,35,6,10,full,white,en,,1.1.5,
0,de,German (Deutsch),goldbraun,goldbraun,Goldbraun,rgb,165,139,13,6,11,full,white,en,,1.1.5,
0,de,German (Deutsch),lavender,lavender,Lavender,rgb,190,170,222,1,0,full,white,en,,1.1.5,
0,de,German (Deutsch),magenta,magenta,Magenta,rgb,237,12,70,1,1,full,white,en,,1.1.5,
0,de,German (Deutsch),schweinchenrosa,schweinchen rosa,Schweinchen Rosa,rgb,211,91,159,1,2,full,white,en,,1.1.5,
0,de,German (Deutsch),turkis,türkis,Türkis,rgb,46,241,199,1,3,full,white,en,,1.1.5,
0,de,German (Deutsch),lila,lila,Lila,rgb,96,6,157,1,5,full,white,en,,1.1.5,
0,de,German (Deutsch),blau,blau,Blau,rgb,12,84,253,1,6,full,white,en,,1.1.5,
0,de,German (Deutsch),violet,violet,Violet,rgb,63,43,150,1,7,full,white,en,,1.1.5,
0,de,German (Deutsch),kobalt,kobalt,Kobalt,rgb,47,127,174,1,8,full,white,en,,1.1.5,
0,de,German (Deutsch),pink,pink,Pink,rgb,231,41,241,1,10,full,white,en,,1.1.5,
0,de,German (Deutsch),pastelmittelblau,pastel mittel blau,Pastel Mittel Blau,rgb,80,137,238,1,11,full,white,en,,1.1.5,
0,de,German (Deutsch),himmelsblau,himmelsblau,Himmelsblau,rgb,53,199,248,3,0,full,white,en,,1.1.5,
0,de,German (Deutsch),hellgrun,hellgrün,Hellgrün,rgb,102,225,53,3,1,full,white,en,,1.1.5,
0,de,German (Deutsch),lilapink,lilapink,Lilapink,rgb,199,120,211,3,2,full,white,en,,1.1.5,
0,de,German (Deutsch),seegrunblau,seegrünblau,Seegrünblau,rgb,53,213,212,3,3,full,white,en,,1.1.5,
0,de,German (Deutsch),kaminrot,kaminrot,Kaminrot,rgb,190,55,55,3,4,full,white,en,,1.1.5,
0,de,German (Deutsch),pastelschleimgrun,pastel schleimgrün,Pastel Schleimgrün,rgb,213,230,203,3,5,full,white,en,,1.1.5,
0,de,German (Deutsch),dunklesmagenta,dunkles magenta,Dunkles Magenta,rgb,189,44,95,3,6,full,white,en,,1.1.5,
0,de,German (Deutsch),graugrun,graugrün,Graugrün,rgb,140,165,117,3,7,full,white,en,,1.1.5,
0,de,German (Deutsch),kakyoin/smaragdgrun,kakyoin/smaragdgrün,Kakyoin/Smaragdgrün,rgb,0,97,76,3,8,full,white,en,,1.1.5,
0,de,German (Deutsch),goldgelb,goldgelb,Goldgelb,rgb,223,178,2,3,9,full,white,en,,1.1.5,
0,de,German (Deutsch),pastelsommergrun,pastel sommergrün,Pastel Sommergrün,rgb,189,227,112,3,10,full,white,en,,1.1.5,
0,de,German (Deutsch),olive,olive,Olive,rgb,199,191,71,3,11,full,white,en,,1.1.5,
0,de,German (Deutsch),dunkelpink,dunkel pink,Dunkel Pink,rgb,200,11,142,6,0,full,white,en,,1.1.5,
0,de,German (Deutsch),armeegrun,armeegrün,Armeegrün,rgb,81,111,51,6,1,full,white,en,,1.1.5,
0,de,German (Deutsch),metalviolet,metalviolet,Metalviolet,rgb,129,90,145,6,2,full,white,en,,1.1.5,
0,de,German (Deutsch),braun,braun,Braun,rgb,109,77,37,6,3,full,white,en,,1.1.5,
0,de,German (Deutsch),pastelorange/fleisch,pastelorange/fleisch,Pastelorange/Fleisch,rgb,240,184,142,6,4,full,white,en,,1.1.5,
0,de,German (Deutsch),orangebraun,orangebraun,Orangebraun,rgb,194,60,0,6,5,full,white,en,,1.1.5,
0,de,German (Deutsch),dunklesmetalgraublau,dunkles metalgraublau,Dunkles Metalgraublau,rgb,60,66,105,6,6,full,white,en,,1.1.5,
0,de,German (Deutsch),starkviolet,stark violet,Stark Violet,rgb,86,14,232,6,7,full,white,en,,1.1.5,
0,de,German (Deutsch),rosa,rosa,Rosa,rgb,243,156,178,6,8,full,white,en,,1.1.5,
0,de,German (Deutsch),pastelgrun,pastelgrün,Pastelgrün,rgb,140,213,136,6,9,full,white,en,,1.1.5,
0,de,German (Deutsch),dunkellavender,dunkel lavender,Dunkel Lavender,rgb,135,105,226,6,10,full,white,en,,1.1.5,
0,de,German (Deutsch),haut,haut,Haut,rgb,252,212,200,6,11,full,white,en,,1.1.5,
0,de,German (Deutsch),dunkelblau,dunkelblau,dunkelblau,rgb,17,50,113,1,0,full,white,en,,1.1.5,
0,de,German (Deutsch),dunkelgrun,dunkelgrün,dunkelgrün,rgb,48,123,10,1,1,full,white,en,,1.1.5,
0,de,German (Deutsch),blaulila,blau lila,blau-lila,rgb,93,80,255,1,2,full,white,en,,1.1.5,
0,de,German (Deutsch),hellbraunorange,hellbraun orange,hellbraun-orange,rgb,224,135,48,1,3,full,white,en,,1.1.5,
0,de,German (Deutsch),lila,lila,lila,rgb,134,126,226,1,4,full,white,en,,1.1.5,
0,de,German (Deutsch),graubraun,grau braun,grau-braun,rgb,176,135,111,1,5,full,white,en,,1.1.5,
0,de,German (Deutsch),hellgrun,hellgrün,hellgrün,rgb,32,208,69,1,6,full,white,en,,1.1.5,
0,de,German (Deutsch),dunkelgrau,dunkelgrau,dunkelgrau,rgb,60,72,91,1,8,full,white,en,,1.1.5,
0,de,German (Deutsch),helllila,helllila,helllila,rgb,78,29,249,1,9,full,white,en,,1.1.5,
0,de,German (Deutsch),lila,lila,lila,rgb,83,94,233,1,10,full,white,en,,1.1.5,
0,de,German (Deutsch),rot,rot,Rot,rgb,120,59,24,1,0,full,white,en,,1.1.5,
0,de,German (Deutsch),pink,pink,Pink,rgb,150,145,139,1,1,full,white,en,,1.1.5,
0,de,German (Deutsch),blau,blau,Blau,rgb,145,35,196,1,2,full,white,en,,1.1.5,
0,de,German (Deutsch),lila,lila,Lila,rgb,205,28,153,1,3,full,white,en,,1.1.5,
0,de,German (Deutsch),grun,grün,Grün,rgb,89,153,46,1,4,full,white,en,,1.1.5,
0,de,German (Deutsch),rosa,rosa,Rosa,rgb,231,67,248,1,5,full,white,en,,1.1.5,
0,de,German (Deutsch),hellblau,hellblau,Hellblau,rgb,29,211,224,1,6,full,white,en,,1.1.5,
0,de,German (Deutsch),beige,beige,Beige,rgb,94,212,151,1,7,full,white,en,,1.1.5,
0,de,German (Deutsch),braun,braun,Braun,rgb,89,76,45,1,8,full,white,en,,1.1.5,
0,de,German (Deutsch),rosa,rosa,Rosa,rgb,214,126,138,1,9,full,white,en,,1.1.5,
0,de,German (Deutsch),rot,rot,Rot,rgb,217,101,91,1,10,full,white,en,,1.1.5,
0,de,German (Deutsch),purpur,purpur,Purpur,rgb,127,78,107,1,11,full,white,en,,1.1.5,
0,de,German (Deutsch),orange,orange,Orange,rgb,173,164,30,3,0,full,white,en,,1.1.5,
0,de,German (Deutsch),braun,braun,Braun,rgb,160,104,81,3,1,full,white,en,,1.1.5,
0,de,German (Deutsch),rot,rot,Rot,rgb,185,52,80,3,2,full,white,en,,1.1.5,
0,de,German (Deutsch),grun,grün,Grün,rgb,38,186,70,3,3,full,white,en,,1.1.5,
0,de,German (Deutsch),beige,beige,Beige,rgb,240,196,157,3,4,full,white,en,,1.1.5,
0,de,German (Deutsch),gelb,gelb,Gelb,rgb,244,219,92,3,5,full,white,en,,1.1.5,
0,de,German (Deutsch),blau,blau,Blau,rgb,150,18,248,3,6,full,white,en,,1.1.5,
0,de,German (Deutsch),blau,blau,Blau,rgb,190,159,227,3,7,full,white,en,,1.1.5,
0,de,German (Deutsch),grun,grün,Grün,rgb,79,114,103,3,8,full,white,en,,1.1.5,
0,de,German (Deutsch),lila,lila,Lila,rgb,48,104,239,3,9,full,white,en,,1.1.5,
0,de,German (Deutsch),hellblau,hellblau,Hellblau,rgb,218,212,247,3,10,full,white,en,,1.1.5,
0,de,German (Deutsch),rosa,rosa,Rosa,rgb,139,190,172,3,11,full,white,en,,1.1.5,
0,de,German (Deutsch),dunkelblau,dunkelblau,Dunkelblau,rgb,36,1,161,6,0,full,white,en,,1.1.5,
0,de,German (Deutsch),goldgelb,goldgelb,Goldgelb,rgb,106,221,10,6,1,full,white,en,,1.1.5,
0,de,German (Deutsch),gelb,gelb,Gelb,rgb,209,252,53,6,2,full,white,en,,1.1.5,
0,de,German (Deutsch),braun,braun,Braun,rgb,118,13,6,6,3,full,white,en,,1.1.5,
0,de,German (Deutsch),grun,grün,Grün,rgb,63,94,40,6,4,full,white,en,,1.1.5,
0,de,German (Deutsch),cyanblau,cyanblau,Cyanblau,rgb,15,147,176,6,5,full,white,en,,1.1.5,
0,de,German (Deutsch),blau,blau,Blau,rgb,190,135,248,6,6,full,white,en,,1.1.5,
0,de,German (Deutsch),braun,braun,Braun,rgb,158,71,2,6,7,full,white,en,,1.1.5,
0,de,German (Deutsch),beige,beige,Beige,rgb,204,230,150,6,8,full,white,en,,1.1.5,
0,de,German (Deutsch),grun,grün,Grün,rgb,13,146,81,6,9,full,white,en,,1.1.5,
0,de,German (Deutsch),orange,orange,Orange,rgb,217,154,56,6,10,full,white,en,,1.1.5,
0,de,German (Deutsch),schwarz,schwarz,Schwarz,rgb,64,50,59,6,11,full,white,en,,1.1.5,
0,de,German (Deutsch),ocker,ocker,ocker,rgb,196,168,96,1,0,full,white,en,,1.1.5,
0,de,German (Deutsch),violett,violett,violett,rgb,171,99,170,1,1,full,white,en,,1.1.5,
0,de,German (Deutsch),lachs,lachs,lachs,rgb,222,111,112,1,2,full,white,en,,1.1.5,
0,de,German (Deutsch),rot,rot,rot,rgb,215,18,26,1,3,full,white,en,,1.1.5,
0,de,German (Deutsch),pink,pink,pink,rgb,224,54,183,1,4,full,white,en,,1.1.5,
0,de,German (Deutsch),braun,braun,braun,rgb,108,41,29,1,5,full,white,en,,1.1.5,
0,de,German (Deutsch),goldgelb,goldgelb,goldgelb,rgb,251,184,81,1,6,full,white,en,,1.1.5,
0,de,German (Deutsch),turkis,türkis,türkis,rgb,7,249,247,1,7,full,white,en,,1.1.5,
0,de,German (Deutsch),turkisgrun,türkisgrün,türkisgrün,rgb,30,216,175,1,8,full,white,en,,1.1.5,
0,de,German (Deutsch),blau,blau,blau,rgb,103,81,249,1,9,full,white,en,,1.1.5,
0,de,German (Deutsch),graublau,graublau,graublau,rgb,165,221,218,1,10,full,white,en,,1.1.5,
0,de,German (Deutsch),beige,beige,beige,rgb,219,223,189,1,11,full,white,en,,1.1.5,
0,de,German (Deutsch),hellblau,hellblau,hellblau,rgb,144,186,242,3,0,full,white,en,,1.1.5,
0,de,German (Deutsch),dunkellila,dunkellila,dunkellila,rgb,106,43,127,3,1,full,white,en,,1.1.5,
0,de,German (Deutsch),pink,pink,pink,rgb,232,40,117,3,2,full,white,en,,1.1.5,
0,de,German (Deutsch),gelbgrun,gelbgrün,gelbgrün,rgb,220,210,84,3,3,full,white,en,,1.1.5,
0,de,German (Deutsch),dunkelturkis,dunkeltürkis,dunkeltürkis,rgb,97,168,160,3,4,full,white,en,,1.1.5,
0,de,German (Deutsch),schwarz,schwarz,schwarz,rgb,0,26,27,3,5,full,white,en,,1.1.5,
0,de,German (Deutsch),fuchsia,fuchsia,fuchsia,rgb,170,16,103,3,6,full,white,en,,1.1.5,
0,de,German (Deutsch),hellgrun,hellgrün,hellgrün,rgb,52,242,41,3,7,full,white,en,,1.1.5,
0,de,German (Deutsch),umbra,umbra,umbra,rgb,185,154,24,3,8,full,white,en,,1.1.5,
0,de,German (Deutsch),altrosa,altrosa,altrosa,rgb,192,116,139,3,9,full,white,en,,1.1.5,
0,de,German (Deutsch),mintgrun,mintgrün,mintgrün,rgb,147,215,167,3,10,full,white,en,,1.1.5,
0,de,German (Deutsch),dunkelblaugrau,dunkelblaugrau,dunkelblaugrau,rgb,71,81,121,3,11,full,white,en,,1.1.5,
0,de,German (Deutsch),blau,blau,blau,rgb,28,5,196,6,0,full,white,en,,1.1.5,
0,de,German (Deutsch),???,???,???,rgb,33,120,141,6,1,full,white,en,,1.1.5,
0,de,German (Deutsch),hellblau,hellblau,hellblau,rgb,41,122,246,6,2,full,white,en,,1.1.5,
0,de,German (Deutsch),aubergine,aubergine,aubergine,rgb,136,62,92,6,3,full,white,en,,1.1.5,
0,de,German (Deutsch),hellgrun,hellgrün,hellgrün,rgb,95,244,126,6,4,full,white,en,,1.1.5,
0,de,German (Deutsch),olivgrun,olivgrün,olivgrün,rgb,118,159,72,6,5,full,white,en,,1.1.5,
0,de,German (Deutsch),dunkelgrun,dunkelgrün,dunkelgrün,rgb,44,116,12,6,6,full,white,en,,1.1.5,
0,de,German (Deutsch),schwarzbraun,schwarzbraun,schwarzbraun,rgb,37,46,18,6,7,full,white,en,,1.1.5,
0,de,German (Deutsch),limettengrun,limettengrün,limettengrün,rgb,178,234,102,6,8,full,white,en,,1.1.5,
0,de,German (Deutsch),blau,blau,blau,rgb,21,124,198,6,9,full,white,en,,1.1.5,
0,de,German (Deutsch),grun,grün,grün,rgb,18,164,77,6,10,full,white,en,,1.1.5,
0,de,German (Deutsch),lila,lila,lila,rgb,112,15,248,6,11,full,white,en,,1.1.5,
0,de,German (Deutsch),purpur,purpur,Purpur,rgb,173,91,123,1,0,full,white,en,,1.1.5,
0,de,German (Deutsch),blau,blau,Blau,rgb,27,76,225,1,1,full,white,en,,1.1.5,
0,de,German (Deutsch),pink,pink,Pink,rgb,212,9,189,1,2,full,white,en,,1.1.5,
0,de,German (Deutsch),grasgrun,grasgrün,Grasgrün,rgb,193,235,107,1,3,full,white,en,,1.1.5,
0,de,German (Deutsch),mintgrun,mintgrün,Mintgrün,rgb,128,233,143,1,4,full,white,en,,1.1.5,
0,de,German (Deutsch),turkis,türkis,Türkis,rgb,101,188,181,1,5,full,white,en,,1.1.5,
0,de,German (Deutsch),rosa,rosa,Rosa,rgb,238,124,152,1,6,full,white,en,,1.1.5,
0,de,German (Deutsch),matschgrun,matschgrün,Matschgrün,rgb,91,124,101,1,7,full,white,en,,1.1.5,
0,de,German (Deutsch),fliederfarben,fliederfarben,Fliederfarben,rgb,165,167,218,1,8,full,white,en,,1.1.5,
0,de,German (Deutsch),dunkellila,dunkellila,Dunkellila,rgb,79,59,82,1,9,full,white,en,,1.1.5,
0,de,German (Deutsch),lavendelfarben,lavendelfarben,Lavendelfarben,rgb,122,117,203,1,10,full,white,en,,1.1.5,
0,de,German (Deutsch),dunkelgrun,dunkelgrün,Dunkelgrün,rgb,37,115,49,1,11,full,white,en,,1.1.5,
0,de,German (Deutsch),hautfarben,hautfarben,Hautfarben,rgb,253,237,238,3,0,full,white,en,,1.1.5,
0,de,German (Deutsch),schwarz,schwarz,Schwarz,rgb,59,60,29,3,1,full,white,en,,1.1.5,
0,de,German (Deutsch),dunkelgelb,dunkelgelb,Dunkelgelb,rgb,223,208,46,3,2,full,white,en,,1.1.5,
0,de,German (Deutsch),hellgrun,hellgrün,Hellgrün,rgb,33,218,91,3,3,full,white,en,,1.1.5,
0,de,German (Deutsch),hellgrun,hellgrün,Hellgrün,rgb,114,207,47,3,4,full,white,en,,1.1.5,
0,de,German (Deutsch),lila,lila,Lila,rgb,108,52,110,3,5,full,white,en,,1.1.5,
0,de,German (Deutsch),himmelblau,himmelblau,Himmelblau,rgb,192,245,241,3,7,full,white,en,,1.1.5,
0,de,German (Deutsch),orange,orange,Orange,rgb,245,168,4,3,8,full,white,en,,1.1.5,
0,de,German (Deutsch),hellblau,hellblau,Hellblau,rgb,74,194,234,3,9,full,white,en,,1.1.5,
0,de,German (Deutsch),weinrot,weinrot,Weinrot,rgb,139,24,77,3,10,full,white,en,,1.1.5,
0,de,German (Deutsch),hellbraun,hellbraun,Hellbraun,rgb,205,162,114,3,11,full,white,en,,1.1.5,
0,de,German (Deutsch),helllila,helllila,Helllila,rgb,206,46,235,6,0,full,white,en,,1.1.5,
0,de,German (Deutsch),grau,grau,Grau,rgb,163,185,202,6,1,full,white,en,,1.1.5,
0,de,German (Deutsch),lilablau,lila blau,Lila Blau,rgb,84,50,170,6,2,full,white,en,,1.1.5,
0,de,German (Deutsch),beige,beige,Beige,rgb,192,188,111,6,4,full,white,en,,1.1.5,
0,de,German (Deutsch),braun,braun,Braun,rgb,128,103,58,6,5,full,white,en,,1.1.5,
0,de,German (Deutsch),orange,orange,Orange,rgb,242,94,22,6,6,full,white,en,,1.1.5,
0,de,German (Deutsch),hellgrun,hellgrün,Hellgrün,rgb,92,249,67,6,7,full,white,en,,1.1.5,
0,de,German (Deutsch),turkis,türkis,Türkis,rgb,57,209,175,6,8,full,white,en,,1.1.5,
0,de,German (Deutsch),dunkelgrun,dunkelgrün,Dunkelgrün,rgb,63,159,50,6,9,full,white,en,,1.1.5,
0,de,German (Deutsch),graubraun,graubraun,Graubraun,rgb,173,155,142,6,10,full,white,en,,1.1.5,
0,de,German (Deutsch),dunkelbraun,dunkelbraun,Dunkelbraun,rgb,65,33,26,6,11,full,white,en,,1.1.5,
0,de,German (Deutsch),"mittelblau,hellroyal","mittelblau, hell royal","mittelblau, hell royal",rgb,4,147,226,1,0,full,white,en,,1.1.5,
0,de,German (Deutsch),"dunkelorange,etwasocker","dunkelorange, etwas ocker","dunkelorange, etwas ocker",rgb,219,119,3,1,1,full,white,en,,1.1.5,
0,de,German (Deutsch),mittelgrun,mittelgrün,mittelgrün,rgb,82,146,28,1,2,full,white,en,,1.1.5,
0,de,German (Deutsch),hellgrun,hellgrün,hellgrün,rgb,169,175,8,1,3,full,white,en,,1.1.5,
0,de,German (Deutsch),dunkelviolett,dunkelviolett,dunkelviolett,rgb,84,33,73,1,4,full,white,en,,1.1.5,
0,de,German (Deutsch),hellrot,hellrot,hellrot,rgb,251,72,18,1,5,full,white,en,,1.1.5,
0,de,German (Deutsch),zartlavendel,zart lavendel,zart lavendel,rgb,175,171,218,1,6,full,white,en,,1.1.5,
0,de,German (Deutsch),lila,lila,lila,rgb,79,16,151,1,7,full,white,en,,1.1.5,
0,de,German (Deutsch),neonhelgrungelb,neon helgrün gelb,neon helgrün-gelb,rgb,193,251,39,1,8,full,white,en,,1.1.5,
0,de,German (Deutsch),pink,pink,pink,rgb,255,52,185,1,9,full,white,en,,1.1.5,
0,de,German (Deutsch),"kraftigrot,etwaslila","kräftig rot, etwas lila","kräftig rot, etwas lila",rgb,231,37,74,1,10,full,white,en,,1.1.5,
0,de,German (Deutsch),magenta,magenta,magenta,rgb,231,32,207,1,11,full,white,en,,1.1.5,
0,de,German (Deutsch),turkis,türkis,türkis,rgb,68,207,192,3,0,full,white,en,,1.1.5,
0,de,German (Deutsch),pink,pink,pink,rgb,254,2,120,3,1,full,white,en,,1.1.5,
0,de,German (Deutsch),ocker,ocker,ocker,rgb,194,132,70,3,2,full,white,en,,1.1.5,
0,de,German (Deutsch),"mittelbalau,etwaslila","mittelbalau, etwas lila","mittelbalau, etwas lila",rgb,101,142,248,3,3,full,white,en,,1.1.5,
0,de,German (Deutsch),petrol,petrol,petrol,rgb,73,141,169,3,4,full,white,en,,1.1.5,
0,de,German (Deutsch),rosa,rosa,rosa,rgb,242,149,240,3,5,full,white,en,,1.1.5,
0,de,German (Deutsch),hellturkisblau,helltürkis blau,helltürkis-blau,rgb,136,215,231,3,6,full,white,en,,1.1.5,
0,de,German (Deutsch),hellgelbgrun,hellgelb grün,hellgelb-grün,rgb,208,246,110,3,7,full,white,en,,1.1.5,
0,de,German (Deutsch),helllila,hell lila,hell-lila,rgb,161,68,189,3,8,full,white,en,,1.1.5,
0,de,German (Deutsch),dunkelgrungrau,dunkelgrün grau,dunkelgrün-grau,rgb,105,139,128,3,9,full,white,en,,1.1.5,
0,de,German (Deutsch),violettrot,violett rot,violett-rot,rgb,145,32,82,3,10,full,white,en,,1.1.5,
0,de,German (Deutsch),hellgrunturkis,hellgrün türkis,hellgrün-türkis,rgb,85,229,173,3,11,full,white,en,,1.1.5,
0,de,German (Deutsch),wollweiß,wollweiß,wollweiß,rgb,244,249,215,6,0,full,white,en,,1.1.5,
0,de,German (Deutsch),mittelgrun,mittelgrün,mittelgrün,rgb,91,160,89,6,1,full,white,en,,1.1.5,
0,de,German (Deutsch),hellgrun,hellgrün,hellgrün,rgb,185,225,169,6,2,full,white,en,,1.1.5,
0,de,German (Deutsch),dunkellila,dunkel lila,dunkel-lila,rgb,72,56,133,6,3,full,white,en,,1.1.5,
0,de,German (Deutsch),dunkelbraunviolett,dunkelbraun violett,dunkelbraun-violett,rgb,69,36,40,6,4,full,white,en,,1.1.5,
0,de,German (Deutsch),rosa,rosa,rosa,rgb,237,163,197,6,5,full,white,en,,1.1.5,
0,de,German (Deutsch),kraftigmittelbraun,kräftig mittelbraun,kräftig mittelbraun,rgb,142,57,22,6,6,full,white,en,,1.1.5,
0,de,German (Deutsch),dunkelgrun,dunkelgrün,dunkelgrün,rgb,13,98,62,6,7,full,white,en,,1.1.5,
0,de,German (Deutsch),kraftigrosa,kräftig rosa,kräftig rosa,rgb,228,93,159,6,8,full,white,en,,1.1.5,
0,de,German (Deutsch),ganzhellturkis,ganz helltürkis,ganz helltürkis,rgb,166,250,234,6,9,full,white,en,,1.1.5,
0,de,German (Deutsch),neongrun,neongrün,neongrün,rgb,62,249,72,6,10,full,white,en,,1.1.5,
0,de,German (Deutsch),ganzhelllila,ganz hell lila,ganz hell-lila,rgb,135,72,239,6,11,full,white,en,,1.1.5,
0,de,German (Deutsch),rot,rot,Rot,rgb,255,0,48,1,0,line,white,en,,1.1.5,
0,de,German (Deutsch),magenta,magenta,Magenta,rgb,255,0,169,1,1,line,white,en,,1.1.5,
0,de,German (Deutsch),neongelb,neon gelb,Neon Gelb,rgb,236,255,0,1,2,line,white,en,,1.1.5,
0,de,German (Deutsch),blau,blau,Blau,rgb,0,112,255,1,3,line,white,en,,1.1.5,
0,de,German (Deutsch),neongrun,neon grün,Neon Grün,rgb,0,255,60,1,4,line,white,en,,1.1.5,
0,de,German (Deutsch),turkis,türkis,Türkis,rgb,0,216,255,1,5,line,white,en,,1.1.5,
0,de,German (Deutsch),gelb,gelb,Gelb,rgb,255,235,0,1,6,line,white,en,,1.1.5,
0,de,German (Deutsch),neonpink,neon pink,Neon Pink,rgb,255,0,229,1,7,line,white,en,,1.1.5,
0,de,German (Deutsch),pink,pink,Pink,rgb,255,0,192,1,8,line,white,en,,1.1.5,
0,de,German (Deutsch),grasgrun,gras grün,Gras Grün,rgb,180,255,0,1,9,line,white,en,,1.1.5,
0,de,German (Deutsch),turkis,türkis,Türkis,rgb,0,255,222,1,10,line,white,en,,1.1.5,
0,de,German (Deutsch),hellrot,hellrot,Hellrot,rgb,255,0,96,1,11,line,white,en,,1.1.5,
0,de,German (Deutsch),lila,lila,Lila,rgb,193,0,255,3,0,line,white,en,,1.1.5,
0,de,German (Deutsch),turkis,tūrkis,Tūrkis,rgb,0,255,249,3,1,line,white,en,,1.1.5,
0,de,German (Deutsch),violet,violet,Violet,rgb,142,0,255,3,2,line,white,en,,1.1.5,
0,de,German (Deutsch),giftgrun,giftgrün,Giftgrün,rgb,221,255,0,3,3,line,white,en,,1.1.5,
0,de,German (Deutsch),mittelblau,mittelblau,Mittelblau,rgb,0,84,255,3,4,line,white,en,,1.1.5,
0,de,German (Deutsch),himmelblau,himmelblau,Himmelblau,rgb,0,188,255,3,5,line,white,en,,1.1.5,
0,de,German (Deutsch),rot,rot,Rot,rgb,255,61,0,3,6,line,white,en,,1.1.5,
0,de,German (Deutsch),orange,orange,Orange,rgb,255,130,0,3,7,line,white,en,,1.1.5,
0,de,German (Deutsch),neonblau,neon blau,Neon Blau,rgb,0,13,255,3,8,line,white,en,,1.1.5,
0,de,German (Deutsch),blau,blau,Blau,rgb,0,162,255,3,9,line,white,en,,1.1.5,
0,de,German (Deutsch),fuchsia,fuchsia,Fuchsia,rgb,255,0,118,3,10,line,white,en,,1.1.5,
0,de,German (Deutsch),neonpink,neon pink,Neon Pink,rgb,251,0,255,3,11,line,white,en,,1.1.5,
0,de,German (Deutsch),rot,rot,Rot,rgb,255,0,51,6,0,line,white,en,,1.1.5,
0,de,German (Deutsch),neonblau,neon blau,Neon Blau,rgb,0,40,255,6,1,line,white,en,,1.1.5,
0,de,German (Deutsch),turkis,türkis,Türkis,rgb,0,246,255,6,2,line,white,en,,1.1.5,
0,de,German (Deutsch),neongrun,neon grün,Neon Grün,rgb,91,255,0,6,3,line,white,en,,1.1.5,
0,de,German (Deutsch),orange,orange,Orange,rgb,255,170,0,6,4,line,white,en,,1.1.5,
0,de,German (Deutsch),grun,grün,Grün,rgb,0,255,158,6,5,line,white,en,,1.1.5,
0,de,German (Deutsch),sand,sand,Sand,rgb,255,188,0,6,6,line,white,en,,1.1.5,
0,de,German (Deutsch),orange,orange,Orange,rgb,255,85,0,6,7,line,white,en,,1.1.5,
0,de,German (Deutsch),grun,grün,Grün,rgb,0,255,106,6,8,line,white,en,,1.1.5,
0,de,German (Deutsch),blau,blau,Blau,rgb,0,129,255,6,9,line,white,en,,1.1.5,
0,de,German (Deutsch),grun,grün,Grün,rgb,0,255,132,6,10,line,white,en,,1.1.5,
0,de,German (Deutsch),hellblau,hellblau,Hellblau,rgb,0,143,255,6,11,line,white,en,,1.1.5,
0,de,German (Deutsch),lila,lila,lila,rgb,64,12,77,1,0,full,white,en,,1.1.5,
0,de,German (Deutsch),blau,blau,blau,rgb,23,85,190,1,1,full,white,en,,1.1.5,
0,de,German (Deutsch),rot,rot,rot,rgb,86,3,19,1,2,full,white,en,,1.1.5,
0,de,German (Deutsch),lila,lila,lila,rgb,147,128,249,1,3,full,white,en,,1.1.5,
0,de,German (Deutsch),orange,orange,orange,rgb,225,139,1,1,4,full,white,en,,1.1.5,
0,de,German (Deutsch),grun,gruen,gruen,rgb,64,133,26,1,5,full,white,en,,1.1.5,
0,de,German (Deutsch),orange,orange,orange,rgb,229,156,84,1,6,full,white,en,,1.1.5,
0,de,German (Deutsch),braun,braun,braun,rgb,129,80,25,1,7,full,white,en,,1.1.5,
0,de,German (Deutsch),tuerkis,tuerkis,tuerkis,rgb,60,224,169,1,8,full,white,en,,1.1.5,
0,de,German (Deutsch),petrol,petrol,petrol,rgb,102,169,157,1,9,full,white,en,,1.1.5,
0,de,German (Deutsch),blau,blau,blau,rgb,91,188,225,1,10,full,white,en,,1.1.5,
0,de,German (Deutsch),grun,gruen,gruen,rgb,217,238,195,1,11,full,white,en,,1.1.5,
0,de,German (Deutsch),dunkelblau,dunkelblau,Dunkelblau,rgb,14,58,112,1,0,full,white,en,,1.1.5,
0,de,German (Deutsch),besch,besch,Besch,rgb,115,112,29,1,1,full,white,en,,1.1.5,
0,de,German (Deutsch),lila,lila,Lila,rgb,53,2,64,1,2,full,white,en,,1.1.5,
0,de,German (Deutsch),rot,rot,Rot,rgb,175,50,44,1,3,full,white,en,,1.1.5,
0,de,German (Deutsch),dunkelgrun,dunkelgrün,Dunkelgrün,rgb,77,122,25,1,4,full,white,en,,1.1.5,
0,de,German (Deutsch),pink,pink,Pink,rgb,154,65,161,1,5,full,white,en,,1.1.5,
0,de,German (Deutsch),grun,grün,Grün,rgb,100,167,28,1,6,full,white,en,,1.1.5,
0,de,German (Deutsch),dunkelpink,dunkelpink,Dunkelpink,rgb,90,34,70,1,7,full,white,en,,1.1.5,
0,de,German (Deutsch),gelb,gelb,Gelb,rgb,196,155,48,1,8,full,white,en,,1.1.5,
0,de,German (Deutsch),hellgrun,hellgrün,Hellgrün,rgb,18,216,164,1,9,full,white,en,,1.1.5,
0,de,German (Deutsch),turkis,türkis,Türkis,rgb,42,188,190,1,10,full,white,en,,1.1.5,
0,de,German (Deutsch),orange,orange,Orange,rgb,203,60,23,1,11,full,white,en,,1.1.5,
0,de,German (Deutsch),pflaume,pflaume,Pflaume,rgb,98,10,85,1,0,full,white,en,,1.1.5,
0,de,German (Deutsch),turkis,türkis,Türkis,rgb,101,175,156,1,1,full,white,en,,1.1.5,
0,de,German (Deutsch),ocker,ocker,Ocker,rgb,193,134,24,1,2,full,white,en,,1.1.5,
0,de,German (Deutsch),lila,lila,Lila,rgb,126,56,195,1,3,full,white,en,,1.1.5,
0,de,German (Deutsch),grun,grün,Grün,rgb,100,126,92,1,4,full,white,en,,1.1.5,
0,de,German (Deutsch),pink,pink,Pink,rgb,225,50,188,1,5,full,white,en,,1.1.5,
0,de,German (Deutsch),hellbraun,hellbraun,Hellbraun,rgb,172,112,73,1,6,full,white,en,,1.1.5,
0,de,German (Deutsch),dunkelblau,dunkelblau,Dunkelblau,rgb,43,54,80,1,7,full,white,en,,1.1.5,
0,de,German (Deutsch),grun,grün,Grün,rgb,115,183,119,1,8,full,white,en,,1.1.5,
0,de,German (Deutsch),rot,rot,Rot,rgb,194,81,59,1,9,full,white,en,,1.1.5,
0,de,German (Deutsch),blau,blau,Blau,rgb,76,129,230,1,10,full,white,en,,1.1.5,
0,de,German (Deutsch),knallgrun,knallgrün,Knallgrün,rgb,112,252,89,1,11,full,white,en,,1.1.5,
0,de,German (Deutsch),lila,lila,Lila,rgb,153,85,133,3,0,full,white,en,,1.1.5,
0,de,German (Deutsch),grun,grün,Grün,rgb,161,173,1,3,1,full,white,en,,1.1.5,
0,de,German (Deutsch),grasgrun,grasgrün,Grasgrün,rgb,158,239,34,3,2,full,white,en,,1.1.5,
0,de,German (Deutsch),hellblau,hellblau,Hellblau,rgb,88,207,246,3,3,full,white,en,,1.1.5,
0,de,German (Deutsch),blau,blau,Blau,rgb,37,108,154,3,4,full,white,en,,1.1.5,
0,de,German (Deutsch),lila,lila,Lila,rgb,194,51,223,3,5,full,white,en,,1.1.5,
0,de,German (Deutsch),sand,sand,Sand,rgb,212,181,103,3,6,full,white,en,,1.1.5,
0,de,German (Deutsch),dunkelbraun,dunkelbraun,Dunkelbraun,rgb,51,18,43,3,7,full,white,en,,1.1.5,
0,de,German (Deutsch),grun,grün,Grün,rgb,36,130,40,3,8,full,white,en,,1.1.5,
0,de,German (Deutsch),turkisgrun,türkisgrün,Türkisgrün,rgb,35,236,121,3,9,full,white,en,,1.1.5,
0,de,German (Deutsch),taube,taube,Taube,rgb,179,152,185,3,10,full,white,en,,1.1.5,
0,de,German (Deutsch),turkis,türkis,Türkis,rgb,50,119,115,3,11,full,white,en,,1.1.5,
0,de,German (Deutsch),dunkelviolett,dunkelviolett,Dunkelviolett,rgb,73,32,209,6,0,full,white,en,,1.1.5,
0,de,German (Deutsch),hellgrun,hellgrün,Hellgrün,rgb,184,236,139,6,1,full,white,en,,1.1.5,
0,de,German (Deutsch),violett,violett,Violett,rgb,165,139,241,6,2,full,white,en,,1.1.5,
0,de,German (Deutsch),pink,pink,Pink,rgb,215,103,177,6,3,full,white,en,,1.1.5,
0,de,German (Deutsch),braun,braun,Braun,rgb,142,122,115,6,4,full,white,en,,1.1.5,
0,de,German (Deutsch),pink,pink,Pink,rgb,230,12,114,6,5,full,white,en,,1.1.5,
0,de,German (Deutsch),royalblau,royalblau,Royalblau,rgb,15,22,241,6,6,full,white,en,,1.1.5,
0,de,German (Deutsch),gelbgrun,gelbgrün,Gelbgrün,rgb,243,255,191,6,7,full,white,en,,1.1.5,
0,de,German (Deutsch),dunkelgrun,dunkelgrün,Dunkelgrün,rgb,12,50,6,6,8,full,white,en,,1.1.5,
0,de,German (Deutsch),braun,braun,Braun,rgb,83,56,33,6,9,full,white,en,,1.1.5,
0,de,German (Deutsch),gelb,gelb,Gelb,rgb,231,224,28,6,10,full,white,en,,1.1.5,
0,de,German (Deutsch),turkisgrun,türkisgrün,Türkisgrün,rgb,92,203,101,6,11,full,white,en,,1.1.5,
0,de,German (Deutsch),gelb,gelb,Gelb,rgb,255,217,0,1,0,line,white,en,,1.1.5,
0,de,German (Deutsch),orange,orange,Orange,rgb,255,189,0,1,1,line,white,en,,1.1.5,
0,de,German (Deutsch),rot,rot,Rot,rgb,255,0,25,1,2,line,white,en,,1.1.5,
0,de,German (Deutsch),hellblau,hellblau,hellblau,rgb,0,170,255,1,3,line,white,en,,1.1.5,
0,de,German (Deutsch),violet,violet,violet,rgb,137,0,255,1,4,line,white,en,,1.1.5,
0,de,German (Deutsch),blau,blau,blau,rgb,0,117,255,1,5,line,white,en,,1.1.5,
0,de,German (Deutsch),gelbgrun,gelbgrün,gelbgrün,rgb,185,255,0,1,6,line,white,en,,1.1.5,
0,de,German (Deutsch),grun,grün,grün,rgb,0,255,131,1,7,line,white,en,,1.1.5,
0,de,German (Deutsch),lila,lila,lila,rgb,241,0,255,1,8,line,white,en,,1.1.5,
0,de,German (Deutsch),orange,orange,orange,rgb,255,179,0,1,9,line,white,en,,1.1.5,
0,de,German (Deutsch),dunkelblau,dunkelblau,dunkelblau,rgb,0,36,255,1,10,line,white,en,,1.1.5,
0,de,German (Deutsch),grassgrun,grassgrün,grassgrün,rgb,0,255,45,1,11,line,white,en,,1.1.5,
0,de,German (Deutsch),rot,rot,rot,rgb,255,0,71,3,0,line,white,en,,1.1.5,
0,de,German (Deutsch),gelbgrun,gelbgrün,gelbgrün,rgb,187,255,0,3,1,line,white,en,,1.1.5,
0,de,German (Deutsch),lila,lila,lila,rgb,182,0,255,3,2,line,white,en,,1.1.5,
0,de,German (Deutsch),blau,blau,blau,rgb,0,7,255,3,3,line,white,en,,1.1.5,
0,de,German (Deutsch),rot,rot,rot,rgb,255,0,96,3,4,line,white,en,,1.1.5,
0,de,German (Deutsch),pink,pink,pink,rgb,255,0,178,3,5,line,white,en,,1.1.5,
0,de,German (Deutsch),tomatenrot,tomatenrot,tomatenrot,rgb,255,54,0,3,6,line,white,en,,1.1.5,
0,de,German (Deutsch),pink,pink,pink,rgb,255,0,158,3,7,line,white,en,,1.1.5,
0,de,German (Deutsch),hellblau,hellblau,hellblau,rgb,0,223,255,3,8,line,white,en,,1.1.5,
0,de,German (Deutsch),hellgrun,hellgrün,hellgrün,rgb,0,255,100,3,9,line,white,en,,1.1.5,
0,de,German (Deutsch),hellblau,hellblau,hellblau,rgb,0,237,255,3,10,line,white,en,,1.1.5,
0,de,German (Deutsch),grun,grün,grün,rgb,130,255,0,3,11,line,white,en,,1.1.5,
0,de,German (Deutsch),grun,grün,grün,rgb,0,255,200,6,0,line,white,en,,1.1.5,
0,de,German (Deutsch),blau,blau,blau,rgb,0,103,255,6,1,line,white,en,,1.1.5,
0,de,German (Deutsch),turkis,türkis,türkis,rgb,0,255,226,6,2,line,white,en,,1.1.5,
0,de,German (Deutsch),blau,blau,blau,rgb,0,83,255,6,3,line,white,en,,1.1.5,
0,de,German (Deutsch),orange,orange,orange,rgb,255,147,0,6,4,line,white,en,,1.1.5,
0,de,German (Deutsch),blau,blau,blau,rgb,0,153,255,6,5,line,white,en,,1.1.5,
0,de,German (Deutsch),hellblau,hellblau,hellblau,rgb,0,198,255,6,6,line,white,en,,1.1.5,
0,de,German (Deutsch),lila,lila,lila,rgb,255,0,230,6,7,line,white,en,,1.1.5,
0,de,German (Deutsch),gelb,gelb,gelb,rgb,255,245,0,6,8,line,white,en,,1.1.5,
0,de,German (Deutsch),kirschrot,kirschrot,kirschrot,rgb,255,0,123,6,9,line,white,en,,1.1.5,
0,de,German (Deutsch),grun,grün,grün,rgb,0,255,175,6,10,line,white,en,,1.1.5,
0,de,German (Deutsch),blutorange,blutorange,blutorange,rgb,255,91,0,6,11,line,white,en,,1.1.5,
0,de,German (Deutsch),turkis,türkis,Türkis,rgb,118,194,208,1,0,full,white,en,,1.1.5,
0,de,German (Deutsch),limone,limone,Limone,rgb,167,206,27,1,1,full,white,en,,1.1.5,
0,de,German (Deutsch),konigsblau,königsblau,Königsblau,rgb,56,42,206,1,2,full,white,en,,1.1.5,
0,de,German (Deutsch),weinrot,weinrot,Weinrot,rgb,185,3,53,1,3,full,white,en,,1.1.5,
0,de,German (Deutsch),waldgrun,waldgrün,Waldgrün,rgb,65,141,96,1,4,full,white,en,,1.1.5,
0,de,German (Deutsch),grun,grün,Grün,rgb,63,144,10,1,5,full,white,en,,1.1.5,
0,de,German (Deutsch),graugrun,graugrün,Graugrün,rgb,125,131,117,1,6,full,white,en,,1.1.5,
0,de,German (Deutsch),lila,lila,Lila,rgb,154,118,204,1,7,full,white,en,,1.1.5,
0,de,German (Deutsch),kamel,kamel,Kamel,rgb,210,141,120,1,8,full,white,en,,1.1.5,
0,de,German (Deutsch),dunkelblau,dunkelblau,Dunkelblau,rgb,74,85,143,1,9,full,white,en,,1.1.5,
0,de,German (Deutsch),kastanienbraun,kastanienbraun,Kastanienbraun,rgb,109,64,77,1,10,full,white,en,,1.1.5,
0,de,German (Deutsch),neonpink,neon pink,Neon Pink,rgb,250,46,183,1,11,full,white,en,,1.1.5,
0,de,German (Deutsch),grau,grau,Grau,rgb,178,185,164,3,0,full,white,en,,1.1.5,
0,de,German (Deutsch),violett,violett,Violett,rgb,180,10,185,3,1,full,white,en,,1.1.5,
0,de,German (Deutsch),khaki,khaki,Khaki,rgb,108,106,39,3,2,full,white,en,,1.1.5,
0,de,German (Deutsch),blau,blau,Blau,rgb,44,178,235,3,3,full,white,en,,1.1.5,
0,de,German (Deutsch),magenta,magenta,Magenta,rgb,206,69,146,3,4,full,white,en,,1.1.5,
0,de,German (Deutsch),mint,mint,Mint,rgb,100,237,155,3,5,full,white,en,,1.1.5,
0,de,German (Deutsch),rotbraun,rotbraun,Rotbraun,rgb,158,73,44,3,6,full,white,en,,1.1.5,
0,de,German (Deutsch),schwarz,schwarz,Schwarz,rgb,48,53,30,3,7,full,white,en,,1.1.5,
0,de,German (Deutsch),flieder,flieder,Flieder,rgb,98,160,247,3,9,full,white,en,,1.1.5,
0,de,German (Deutsch),teal,teal,Teal,rgb,44,172,158,3,10,full,white,en,,1.1.5,
0,de,German (Deutsch),dunkelgrun,dunkelgrün,Dunkelgrün,rgb,7,73,52,3,11,full,white,en,,1.1.5,
0,de,German (Deutsch),konigsblau,königsblau,Königsblau,rgb,56,54,163,6,1,full,white,en,,1.1.5,
0,de,German (Deutsch),hellgrun,hellgrün,Hellgrün,rgb,170,218,111,6,2,full,white,en,,1.1.5,
0,de,German (Deutsch),grun,grün,Grün,rgb,3,183,48,6,3,full,white,en,,1.1.5,
0,de,German (Deutsch),neongrun,neongrün,Neongrün,rgb,171,252,112,6,5,full,white,en,,1.1.5,
0,de,German (Deutsch),dunkelgrun,dunkelgrün,Dunkelgrün,rgb,44,84,4,6,6,full,white,en,,1.1.5,
0,de,German (Deutsch),mint,mint,Mint,rgb,129,242,204,6,7,full,white,en,,1.1.5,
0,de,German (Deutsch),purpur,purpur,Purpur,rgb,99,19,94,6,8,full,white,en,,1.1.5,
0,de,German (Deutsch),ockergelb,ockergelb,Ockergelb,rgb,207,194,4,6,9,full,white,en,,1.1.5,
0,de,German (Deutsch),sandfarben,sandfarben,Sandfarben,rgb,184,161,88,6,10,full,white,en,,1.1.5,
0,de,German (Deutsch),limettengrun,limettengrün,Limettengrün,rgb,145,250,46,6,11,full,white,en,,1.1.5,
15386,de,German (Deutsch),mittelblau,mittelblau,Mittelblau,rgb,57,176,220,1,0,full,white,en,,1.1.5,
15386,de,German (Deutsch),rot,rot,Rot,rgb,132,33,80,1,1,full,white,en,,1.1.5,
15386,de,German (Deutsch),grun,grün,Grün,rgb,179,212,178,1,2,full,white,en,,1.1.5,
15386,de,German (Deutsch),grun,grün,Grün,rgb,122,169,76,1,3,full,white,en,,1.1.5,
15386,de,German (Deutsch),violett/lila,violett/ lila,Violett/ Lila,rgb,228,116,252,1,4,full,white,en,,1.1.5,
15386,de,German (Deutsch),rot,rot,Rot,rgb,211,89,145,1,5,full,white,en,,1.1.5,
15386,de,German (Deutsch),orange,orange,Orange,rgb,234,63,31,1,6,full,white,en,,1.1.5,
15386,de,German (Deutsch),blau,blau,Blau,rgb,18,43,87,1,7,full,white,en,,1.1.5,
15386,de,German (Deutsch),violett/pink,violett/ pink,Violett/ Pink,rgb,199,134,184,1,8,full,white,en,,1.1.5,
15386,de,German (Deutsch),grun,grün,Grün,rgb,219,237,17,1,9,full,white,en,,1.1.5,
15386,de,German (Deutsch),blau,blau,Blau,rgb,28,84,234,1,10,full,white,en,,1.1.5,
15386,de,German (Deutsch),grun,grün,Grün,rgb,130,136,113,1,11,full,white,en,,1.1.5,
15386,de,German (Deutsch),blau,blau,Blau,rgb,168,231,243,3,0,full,white,en,,1.1.5,
15386,de,German (Deutsch),grun,grün,Grün,rgb,50,61,13,3,1,full,white,en,,1.1.5,
15386,de,German (Deutsch),rot,rot,Rot,rgb,195,157,166,3,2,full,white,en,,1.1.5,
15386,de,German (Deutsch),orange,orange,Orange,rgb,179,151,103,3,3,full,white,en,,1.1.5,
15386,de,German (Deutsch),gelbgrun,gelb grün,Gelb-grün,rgb,186,187,85,3,4,full,white,en,,1.1.5,
15386,de,German (Deutsch),violett,violett,Violett,rgb,51,0,49,3,5,full,white,en,,1.1.5,
15386,de,German (Deutsch),violett,violett,Violett,rgb,120,60,143,3,6,full,white,en,,1.1.5,
15386,de,German (Deutsch),blau,blau,Blau,rgb,142,155,177,3,7,full,white,en,,1.1.5,
15386,de,German (Deutsch),grun,grün,Grün,rgb,117,222,71,3,8,full,white,en,,1.1.5,
15386,de,German (Deutsch),pink,pink,Pink,rgb,207,14,165,3,9,full,white,en,,1.1.5,
15386,de,German (Deutsch),grun,grün,Grün,rgb,23,105,48,3,10,full,white,en,,1.1.5,
15386,de,German (Deutsch),braungrun,braun grün,Braun-grün,rgb,123,121,17,3,11,full,white,en,,1.1.5,
15386,de,German (Deutsch),grun,grün,Grün,rgb,11,239,112,6,0,full,white,en,,1.1.5,
15386,de,German (Deutsch),rot,rot,Rot,rgb,99,64,59,6,1,full,white,en,,1.1.5,
15386,de,German (Deutsch),orange,orange,Orange,rgb,221,191,52,6,2,full,white,en,,1.1.5,
15386,de,German (Deutsch),orangerot,orange rot,Orange-rot,rgb,250,137,155,6,3,full,white,en,,1.1.5,
15386,de,German (Deutsch),braun,braun,Braun,rgb,228,214,207,6,4,full,white,en,,1.1.5,
15386,de,German (Deutsch),blau,blau,Blau,rgb,113,149,208,6,5,full,white,en,,1.1.5,
15386,de,German (Deutsch),orange,orange,Orange,rgb,253,189,104,6,6,full,white,en,,1.1.5,
15386,de,German (Deutsch),tutkis,tütkis,Tütkis,rgb,73,84,85,6,7,full,white,en,,1.1.5,
15386,de,German (Deutsch),violett,violett,Violett,rgb,161,50,206,6,8,full,white,en,,1.1.5,
15386,de,German (Deutsch),rot,rot,Rot,rgb,185,82,35,6,9,full,white,en,,1.1.5,
15386,de,German (Deutsch),turkis,türkis,Türkis,rgb,6,115,120,6,10,full,white,en,,1.1.5,
15386,de,German (Deutsch),rot,rot,Rot,rgb,177,111,75,6,11,full,white,en,,1.1.5,
15429,de,German (Deutsch),dunkelgrun,dunkelgrün,Dunkelgrün,rgb,21,118,19,1,0,full,white,en,,1.1.5,
15429,de,German (Deutsch),rot,rot,Rot,rgb,202,69,65,1,1,full,white,en,,1.1.5,
15429,de,German (Deutsch),hellgrun,hellgrün,Hellgrün,rgb,119,195,47,1,2,full,white,en,,1.1.5,
15429,de,German (Deutsch),turkis,türkis,Türkis,rgb,1,231,163,1,3,full,white,en,,1.1.5,
15429,de,German (Deutsch),dunkelblau,dunkelblau,Dunkelblau,rgb,33,93,176,1,4,full,white,en,,1.1.5,
15429,de,German (Deutsch),weinrot,weinrot,Weinrot,rgb,97,13,59,1,5,full,white,en,,1.1.5,
15429,de,German (Deutsch),grau,grau,Grau,rgb,124,135,113,1,6,full,white,en,,1.1.5,
15429,de,German (Deutsch),hellblau,hellblau,Hellblau,rgb,57,246,251,1,7,full,white,en,,1.1.5,
15429,de,German (Deutsch),rosa,rosa,Rosa,rgb,242,34,122,1,8,full,white,en,,1.1.5,
15429,de,German (Deutsch),oliv,oliv,Oliv,rgb,120,106,30,1,9,full,white,en,,1.1.5,
15429,de,German (Deutsch),gelb,gelb,Gelb,rgb,225,255,186,1,10,full,white,en,,1.1.5,
15429,de,German (Deutsch),braun,braun,Braun,rgb,162,115,12,1,11,full,white,en,,1.1.5,
15429,de,German (Deutsch),turkis,türkis,Türkis,rgb,141,221,194,3,0,full,white,en,,1.1.5,
15429,de,German (Deutsch),weinrot,weinrot,Weinrot,rgb,153,14,57,3,1,full,white,en,,1.1.5,
15429,de,German (Deutsch),hellrot,hellrot,Hellrot,rgb,182,127,145,3,2,full,white,en,,1.1.5,
15429,de,German (Deutsch),hellblau,hellblau,Hellblau,rgb,209,198,233,3,3,full,white,en,,1.1.5,
15429,de,German (Deutsch),giftgrun,giftgrün,Giftgrün,rgb,178,233,36,3,4,full,white,en,,1.1.5,
15429,de,German (Deutsch),violett,violett,Violett,rgb,216,136,250,3,5,full,white,en,,1.1.5,
15429,de,German (Deutsch),orange,orange,Orange,rgb,242,164,48,3,6,full,white,en,,1.1.5,
15429,de,German (Deutsch),blau,blau,Blau,rgb,71,81,227,3,7,full,white,en,,1.1.5,
15429,de,German (Deutsch),lila,lila,Lila,rgb,143,31,155,3,8,full,white,en,,1.1.5,
15429,de,German (Deutsch),hellbraun,hellbraun,Hellbraun,rgb,179,132,77,3,9,full,white,en,,1.1.5,
15429,de,German (Deutsch),meergrun,meergrün,Meergrün,rgb,30,147,147,3,10,full,white,en,,1.1.5,
15429,de,German (Deutsch),rosa,rosa,Rosa,rgb,244,25,220,3,11,full,white,en,,1.1.5,
15429,de,German (Deutsch),grau,grau,Grau,rgb,119,114,163,6,0,full,white,en,,1.1.5,
15429,de,German (Deutsch),grun,grün,Grün,rgb,128,193,200,6,1,full,white,en,,1.1.5,
15429,de,German (Deutsch),oliv,oliv,Oliv,rgb,72,103,16,6,2,full,white,en,,1.1.5,
15429,de,German (Deutsch),grun,grün,Grün,rgb,54,181,134,6,3,full,white,en,,1.1.5,
15429,de,German (Deutsch),dunkelgrun,dunkelgrün,Dunkelgrün,rgb,0,88,93,6,4,full,white,en,,1.1.5,
15429,de,German (Deutsch),rot,rot,Rot,rgb,246,36,82,6,5,full,white,en,,1.1.5,
15429,de,German (Deutsch),lila,lila,Lila,rgb,164,55,137,6,6,full,white,en,,1.1.5,
15429,de,German (Deutsch),braun,braun,Braun,rgb,170,71,1,6,7,full,white,en,,1.1.5,
15429,de,German (Deutsch),dunkelblau,dunkelblau,Dunkelblau,rgb,19,41,139,6,8,full,white,en,,1.1.5,
15429,de,German (Deutsch),gelb,gelb,Gelb,rgb,238,177,99,6,9,full,white,en,,1.1.5,
15429,de,German (Deutsch),blau,blau,Blau,rgb,89,3,242,6,10,full,white,en,,1.1.5,
15429,de,German (Deutsch),hautfarben,hautfarben,Hautfarben,rgb,250,202,203,6,11,full,white,en,,1.1.5,
15731,de,German (Deutsch),pink,pink,Pink,rgb,246,187,230,1,0,full,white,en,,1.1.5,
15731,de,German (Deutsch),lila,lila,Lila,rgb,59,36,126,1,2,full,white,en,,1.1.5,
15731,de,German (Deutsch),fruhlingsgrun,frühlingsgrün,Frühlingsgrün,rgb,174,207,57,1,3,full,white,en,,1.1.5,
15731,de,German (Deutsch),flieder,flieder,flieder,rgb,69,88,153,1,4,full,white,en,,1.1.5,
15731,de,German (Deutsch),himmelblau,himmelblau,Himmelblau,rgb,14,117,238,1,5,full,white,en,,1.1.5,
15731,de,German (Deutsch),karminrot,karminrot,Karminrot,rgb,115,0,16,1,6,full,white,en,,1.1.5,
15731,de,German (Deutsch),grun,grün,Grün,rgb,50,117,32,1,7,full,white,en,,1.1.5,
15731,de,German (Deutsch),hellgrun,hellgrün,Hellgrün,rgb,88,189,102,1,8,full,white,en,,1.1.5,
15731,de,German (Deutsch),schwarz,schwarz,schwarz,rgb,25,21,8,1,10,full,white,en,,1.1.5,
15731,de,German (Deutsch),braun,braun,braun,rgb,157,110,3,1,11,full,white,en,,1.1.5,
15731,de,German (Deutsch),grun,grün,Grün,rgb,141,168,106,3,1,full,white,en,,1.1.5,
15731,de,German (Deutsch),graublau,grau blau,Grau-Blau,rgb,103,134,171,3,2,full,white,en,,1.1.5,
15731,de,German (Deutsch),rotbraun,rot braun,Rot-braun,rgb,184,74,75,3,3,full,white,en,,1.1.5,
15731,de,German (Deutsch),rot,rot,Rot,rgb,236,46,97,3,4,full,white,en,,1.1.5,
15731,de,German (Deutsch),hellblau,hellblau,Hellblau,rgb,66,216,238,3,5,full,white,en,,1.1.5,
15731,de,German (Deutsch),braun,braun,Braun,rgb,200,105,46,3,6,full,white,en,,1.1.5,
15731,de,German (Deutsch),pink,pink,Pink,rgb,210,122,203,3,7,full,white,en,,1.1.5,
15731,de,German (Deutsch),lila,lila,Lila,rgb,199,25,237,3,8,full,white,en,,1.1.5,
15731,de,German (Deutsch),gold,gold,Gold,rgb,233,179,28,3,9,full,white,en,,1.1.5,
15731,de,German (Deutsch),lila,lila,Lila,rgb,213,74,204,3,11,full,white,en,,1.1.5,
15731,de,German (Deutsch),flieder,flieder,Flieder,rgb,132,47,123,6,0,full,white,en,,1.1.5,
15731,de,German (Deutsch),beige,beige,beige,rgb,244,234,183,6,1,full,white,en,,1.1.5,
15731,de,German (Deutsch),grun,grün,Grün,rgb,42,222,66,6,3,full,white,en,,1.1.5,
15731,de,German (Deutsch),dunkelgrun,dunkel grün,Dunkel grün,rgb,77,145,2,6,4,full,white,en,,1.1.5,
15731,de,German (Deutsch),grun,grün,Grün,rgb,131,215,39,6,5,full,white,en,,1.1.5,
15731,de,German (Deutsch),konigsblau,königsblau,Königsblau,rgb,25,59,182,6,7,full,white,en,,1.1.5,
15731,de,German (Deutsch),rot,rot,Rot,rgb,253,57,31,6,9,full,white,en,,1.1.5,
15731,de,German (Deutsch),beige,beige,Beige,rgb,206,166,96,6,10,full,white,en,,1.1.5,
16051,de,German (Deutsch),ocker,ocker,Ocker,rgb,142,130,73,1,0,full,white,en,,1.1.5,
16051,de,German (Deutsch),neonpink,neonpink,Neonpink,rgb,204,60,177,1,1,full,white,en,,1.1.5,
16051,de,German (Deutsch),beigebraun,beigebraun,Beigebraun,rgb,98,79,58,1,2,full,white,en,,1.1.5,
16051,de,German (Deutsch),flaschengrun,flaschengrün,Flaschengrün,rgb,40,244,28,1,3,full,white,en,,1.1.5,
16051,de,German (Deutsch),indigo,indigo,Indigo,rgb,29,55,234,1,4,full,white,en,,1.1.5,
16051,de,German (Deutsch),magenta,magenta,Magenta,rgb,249,178,249,1,5,full,white,en,,1.1.5,
16051,de,German (Deutsch),altrosa,altrosa,Altrosa,rgb,79,57,75,1,6,full,white,en,,1.1.5,
16051,de,German (Deutsch),turkis,türkis,Türkis,rgb,54,180,212,1,7,full,white,en,,1.1.5,
16051,de,German (Deutsch),opalgrun,opalgrün,Opalgrün,rgb,60,244,164,1,8,full,white,en,,1.1.5,
16051,de,German (Deutsch),grasgrun,grasgrün,Grasgrün,rgb,147,221,6,1,9,full,white,en,,1.1.5,
16051,de,German (Deutsch),flieder,flieder,Flieder,rgb,84,64,137,1,10,full,white,en,,1.1.5,
16051,de,German (Deutsch),mint/meergrun/jade,mint/meergrün/jade,Mint/Meergrün/Jade,rgb,109,154,149,1,11,full,white,en,,1.1.5,
16051,de,German (Deutsch),maigrun,maigrün,Maigrün,rgb,116,159,94,3,0,full,white,en,,1.1.5,
16051,de,German (Deutsch),neonorange,neonorange,Neonorange,rgb,248,73,33,3,1,full,white,en,,1.1.5,
16051,de,German (Deutsch),neonmagenta,neonmagenta,Neonmagenta,rgb,224,2,128,3,2,full,white,en,,1.1.5,
16051,de,German (Deutsch),neongrun,neongrün,Neongrün,rgb,86,152,17,3,3,full,white,en,,1.1.5,
16051,de,German (Deutsch),graublau,graublau,Graublau,rgb,93,124,149,3,4,full,white,en,,1.1.5,
16051,de,German (Deutsch),oliv,oliv,Oliv,rgb,182,196,43,3,5,full,white,en,,1.1.5,
16051,de,German (Deutsch),lachs,lachs,Lachs,rgb,215,81,82,3,6,full,white,en,,1.1.5,
16051,de,German (Deutsch),taupe,taupe,Taupe,rgb,178,173,211,3,7,full,white,en,,1.1.5,
16051,de,German (Deutsch),braun,braun,Braun,rgb,232,210,161,3,8,full,white,en,,1.1.5,
16051,de,German (Deutsch),royalblau,royalblau,Royalblau,rgb,3,10,143,3,9,full,white,en,,1.1.5,
16051,de,German (Deutsch),opalgrun,opalgrün,Opalgrün,rgb,127,222,120,3,10,full,white,en,,1.1.5,
16051,de,German (Deutsch),orange,orange,Orange,rgb,173,61,17,3,11,full,white,en,,1.1.5,
16051,de,German (Deutsch),grasgrun,grasgrün,Grasgrün,rgb,43,85,43,6,0,full,white,en,,1.1.5,
16051,de,German (Deutsch),rosa,rosa,Rosa,rgb,172,90,204,6,1,full,white,en,,1.1.5,
16051,de,German (Deutsch),himmelblau,himmelblau,Himmelblau,rgb,6,96,200,6,2,full,white,en,,1.1.5,
16051,de,German (Deutsch),jade,jade,Jade,rgb,40,181,147,6,3,full,white,en,,1.1.5,
16051,de,German (Deutsch),armeegrun,armeegrün,Armeegrün,rgb,232,253,159,6,4,full,white,en,,1.1.5,
16051,de,German (Deutsch),amethyst,amethyst,Amethyst,rgb,187,164,252,6,5,full,white,en,,1.1.5,
16051,de,German (Deutsch),mitternachtsblau,mitternachtsblau,Mitternachtsblau,rgb,7,10,25,6,6,full,white,en,,1.1.5,
16051,de,German (Deutsch),orangebraun,orangebraun,Orangebraun,rgb,239,184,100,6,7,full,white,en,,1.1.5,
16051,de,German (Deutsch),ocker,ocker,Ocker,rgb,195,161,5,6,8,full,white,en,,1.1.5,
16051,de,German (Deutsch),emerald,emerald,Emerald,rgb,152,214,191,6,9,full,white,en,,1.1.5,
16051,de,German (Deutsch),braunrosa,braunrosa,Braunrosa,rgb,206,175,163,6,10,full,white,en,,1.1.5,
16051,de,German (Deutsch),neongrun,neongrün,Neongrün,rgb,30,178,50,6,11,full,white,en,,1.1.5,
0,de,German (Deutsch),turkis,türkis,Türkis,rgb,63,207,161,1,0,full,white,en,,1.1.5,
0,de,German (Deutsch),hellgrun,hellgrün,Hellgrün,rgb,108,186,83,1,1,full,white,en,,1.1.5,
0,de,German (Deutsch),neongrun,neongrün,Neongrün,rgb,50,219,77,1,2,full,white,en,,1.1.5,
0,de,German (Deutsch),babyblau,babyblau,Babyblau,rgb,163,242,246,1,3,full,white,en,,1.1.5,
0,de,German (Deutsch),olivgrun,olivgrün,Olivgrün,rgb,152,174,70,1,4,full,white,en,,1.1.5,
0,de,German (Deutsch),dunkelblau,dunkelblau,Dunkelblau,rgb,20,84,131,1,5,full,white,en,,1.1.5,
0,de,German (Deutsch),rot,rot,Rot,rgb,157,17,13,1,6,full,white,en,,1.1.5,
0,de,German (Deutsch),konigsblau,königsblau,Königsblau,rgb,10,5,230,1,7,full,white,en,,1.1.5,
0,de,German (Deutsch),violett,violett,Violett,rgb,140,31,113,1,8,full,white,en,,1.1.5,
0,de,German (Deutsch),turkis,türkis,Türkis,rgb,135,195,176,1,9,full,white,en,,1.1.5,
0,de,German (Deutsch),orange,orange,Orange,rgb,229,120,84,1,10,full,white,en,,1.1.5,
0,de,German (Deutsch),gelb,gelb,Gelb,rgb,252,201,55,1,11,full,white,en,,1.1.5,
0,de,German (Deutsch),grau,grau,Grau,rgb,187,189,196,3,0,full,white,en,,1.1.5,
0,de,German (Deutsch),helllila,helllila,Helllila,rgb,207,160,231,3,1,full,white,en,,1.1.5,
0,de,German (Deutsch),rot,rot,Rot,rgb,191,90,135,3,2,full,white,en,,1.1.5,
0,de,German (Deutsch),gelbgrun,gelbgrün,Gelbgrün,rgb,182,234,46,3,3,full,white,en,,1.1.5,
0,de,German (Deutsch),pfirsich,pfirsich,Pfirsich,rgb,238,191,177,3,4,full,white,en,,1.1.5,
0,de,German (Deutsch),rot,rot,Rot,rgb,255,52,72,3,5,full,white,en,,1.1.5,
0,de,German (Deutsch),grun,grün,Grün,rgb,36,130,94,3,6,full,white,en,,1.1.5,
0,de,German (Deutsch),turkis,türkis,Türkis,rgb,16,218,223,3,7,full,white,en,,1.1.5,
0,de,German (Deutsch),warmweiß,warmweiß,Warmweiß,rgb,247,242,201,3,8,full,white,en,,1.1.5,
0,de,German (Deutsch),lila,lila,Lila,rgb,157,66,253,3,9,full,white,en,,1.1.5,
0,de,German (Deutsch),gelb,gelb,Gelb,rgb,245,240,60,3,10,full,white,en,,1.1.5,
0,de,German (Deutsch),blau,blau,Blau,rgb,128,134,254,3,11,full,white,en,,1.1.5,
0,de,German (Deutsch),blau,blau,Blau,rgb,136,168,250,6,0,full,white,en,,1.1.5,
0,de,German (Deutsch),grun,grün,Grün,rgb,175,222,90,6,1,full,white,en,,1.1.5,
0,de,German (Deutsch),orange,orange,Orange,rgb,223,138,42,6,2,full,white,en,,1.1.5,
0,de,German (Deutsch),violett,violett,Violett,rgb,192,25,180,6,3,full,white,en,,1.1.5,
0,de,German (Deutsch),lila,lila,Lila,rgb,150,108,174,6,4,full,white,en,,1.1.5,
0,de,German (Deutsch),blau,blau,Blau,rgb,23,68,251,6,5,full,white,en,,1.1.5,
0,de,German (Deutsch),braun,braun,Braun,rgb,164,139,34,6,6,full,white,en,,1.1.5,
0,de,German (Deutsch),rosa,rosa,Rosa,rgb,229,150,180,6,7,full,white,en,,1.1.5,
0,de,German (Deutsch),dunkelgrun,dunkelgrün,Dunkelgrün,rgb,49,64,41,6,8,full,white,en,,1.1.5,
0,de,German (Deutsch),olivgrun,olivgrün,Olivgrün,rgb,87,98,39,6,9,full,white,en,,1.1.5,
0,de,German (Deutsch),braun,braun,Braun,rgb,156,111,115,6,10,full,white,en,,1.1.5,
0,de,German (Deutsch),dunkelrot,dunkelrot,Dunkelrot,rgb,108,44,79,6,11,full,white,en,,1.1.5,
0,de,German (Deutsch),turkis,türkis,türkis,rgb,29,147,141,1,0,full,white,en,,1.1.5,
0,de,German (Deutsch),grun,grün,grün,rgb,108,173,56,1,1,full,white,en,,1.1.5,
0,de,German (Deutsch),gelb,gelb,gelb,rgb,247,235,15,1,2,full,white,en,,1.1.5,
0,de,German (Deutsch),magenta,magenta,magenta,rgb,251,45,167,1,3,full,white,en,,1.1.5,
0,de,German (Deutsch),braun,braun,braun,rgb,169,94,55,1,4,full,white,en,,1.1.5,
0,de,German (Deutsch),blu,blu,blu,rgb,65,6,217,1,5,full,white,en,,1.1.5,
0,de,German (Deutsch),pink,pink,pink,rgb,226,101,150,1,6,full,white,en,,1.1.5,
0,de,German (Deutsch),grun,grün,grün,rgb,21,187,114,1,7,full,white,en,,1.1.5,
0,de,German (Deutsch),lila,lila,lila,rgb,129,8,97,1,8,full,white,en,,1.1.5,
0,de,German (Deutsch),grun,grün,grün,rgb,40,251,166,1,10,full,white,en,,1.1.5,
0,de,German (Deutsch),rot,rot,rot,rgb,236,80,67,1,11,full,white,en,,1.1.5,
0,de,German (Deutsch),pink,pink,pink,rgb,243,153,226,3,0,full,white,en,,1.1.5,
0,de,German (Deutsch),blau,blau,blau,rgb,1,73,216,3,1,full,white,en,,1.1.5,
0,de,German (Deutsch),grun,grün,grün,rgb,39,226,81,3,2,full,white,en,,1.1.5,
0,de,German (Deutsch),dunkelgrun,dunkelgrün,dunkelgrün,rgb,104,172,118,3,3,full,white,en,,1.1.5,
0,de,German (Deutsch),hellgrun,hellgrün,hellgrün,rgb,192,228,161,3,4,full,white,en,,1.1.5,
0,de,German (Deutsch),blau,blau,blau,rgb,73,136,212,3,5,full,white,en,,1.1.5,
0,de,German (Deutsch),marine,marine,marine,rgb,5,31,131,3,6,full,white,en,,1.1.5,
0,de,German (Deutsch),schwarz,schwarz,schwarz,rgb,68,57,44,3,7,full,white,en,,1.1.5,
0,de,German (Deutsch),marine,marine,marine,rgb,21,4,147,3,8,full,white,en,,1.1.5,
0,de,German (Deutsch),lila,lila,lila,rgb,144,62,189,3,9,full,white,en,,1.1.5,
0,de,German (Deutsch),bordeaux,bordeaux,bordeaux,rgb,136,9,17,3,10,full,white,en,,1.1.5,
0,de,German (Deutsch),grun,grün,grün,rgb,128,135,91,3,11,full,white,en,,1.1.5,
0,de,German (Deutsch),grun,grün,grün,rgb,169,195,98,6,0,full,white,en,,1.1.5,
0,de,German (Deutsch),grun,grün,grün,rgb,147,205,10,6,1,full,white,en,,1.1.5,
0,de,German (Deutsch),rot,rot,rot,rgb,252,74,19,6,2,full,white,en,,1.1.5,
0,de,German (Deutsch),hellblau,hellblau,hellblau,rgb,125,218,246,6,3,full,white,en,,1.1.5,
0,de,German (Deutsch),schwarz,schwarz,schwarz,rgb,3,54,5,6,4,full,white,en,,1.1.5,
0,de,German (Deutsch),lila,lila,lila,rgb,135,115,156,6,5,full,white,en,,1.1.5,
0,de,German (Deutsch),indigo,indigo,indigo,rgb,24,149,176,6,6,full,white,en,,1.1.5,
0,de,German (Deutsch),blau,blau,blau,rgb,37,72,161,6,7,full,white,en,,1.1.5,
0,de,German (Deutsch),lavendel,lavendel,lavendel,rgb,222,210,240,6,8,full,white,en,,1.1.5,
0,de,German (Deutsch),ocker,ocker,ocker,rgb,194,160,7,6,9,full,white,en,,1.1.5,
0,de,German (Deutsch),gelb,gelb,gelb,rgb,247,216,128,6,10,full,white,en,,1.1.5,
0,de,German (Deutsch),dunkelpink,dunkelpink,dunkelpink,rgb,161,33,87,6,11,full,white,en,,1.1.5,
0,de,German (Deutsch),turkis,türkis,Türkis,rgb,117,191,192,1,0,full,white,en,,1.1.5,
0,de,German (Deutsch),violett,violett,violett,rgb,136,79,173,1,1,full,white,en,,1.1.5,
0,de,German (Deutsch),dunkelviolett,dunkelviolett,dunkelviolett,rgb,66,35,97,1,2,full,white,en,,1.1.5,
0,de,German (Deutsch),grau,grau,grau,rgb,167,150,160,1,3,full,white,en,,1.1.5,
0,de,German (Deutsch),dunkelgrun,dunkelgrün,dunkelgrün,rgb,38,101,93,1,4,full,white,en,,1.1.5,
0,de,German (Deutsch),blau,blau,blau,rgb,62,103,247,1,5,full,white,en,,1.1.5,
0,de,German (Deutsch),schwarz,schwarz,schwarz,rgb,58,17,26,1,6,full,white,en,,1.1.5,
0,de,German (Deutsch),hellgrun,hellgrün,hellgrün,rgb,173,226,100,1,7,full,white,en,,1.1.5,
0,de,German (Deutsch),rot,rot,rot,rgb,226,56,93,1,8,full,white,en,,1.1.5,
0,de,German (Deutsch),pink,pink,pink,rgb,238,61,240,1,9,full,white,en,,1.1.5,
0,de,German (Deutsch),grun,grün,grün,rgb,31,133,73,1,10,full,white,en,,1.1.5,
0,de,German (Deutsch),mattgrun,mattgrün,mattgrün,rgb,183,214,142,1,11,full,white,en,,1.1.5,
0,de,German (Deutsch),blau,blau,blau,rgb,67,146,231,3,0,full,white,en,,1.1.5,
0,de,German (Deutsch),violett,violett,violett,rgb,134,51,201,3,1,full,white,en,,1.1.5,
0,de,German (Deutsch),dunkelrot,dunkelrot,dunkelrot,rgb,172,26,14,3,2,full,white,en,,1.1.5,
0,de,German (Deutsch),orange,orange,orange,rgb,224,151,20,3,3,full,white,en,,1.1.5,
0,de,German (Deutsch),rot,rot,rot,rgb,247,70,72,3,4,full,white,en,,1.1.5,
0,de,German (Deutsch),waldgrun,waldgrün,waldgrün,rgb,163,167,15,3,5,full,white,en,,1.1.5,
0,de,German (Deutsch),violett,violett,violett,rgb,133,84,112,3,6,full,white,en,,1.1.5,
0,de,German (Deutsch),neongrun,neongrün,neongrün,rgb,123,253,171,3,7,full,white,en,,1.1.5,
0,de,German (Deutsch),violett,violett,violett,rgb,182,28,128,3,8,full,white,en,,1.1.5,
0,de,German (Deutsch),braun,braun,braun,rgb,156,120,15,3,9,full,white,en,,1.1.5,
0,de,German (Deutsch),grun,grün,grün,rgb,16,208,23,3,10,full,white,en,,1.1.5,
0,de,German (Deutsch),blau,blau,blau,rgb,124,137,248,3,11,full,white,en,,1.1.5,
0,de,German (Deutsch),blau,blau,blau,rgb,75,18,240,6,0,full,white,en,,1.1.5,
0,de,German (Deutsch),grun,grün,grün,rgb,96,178,80,6,1,full,white,en,,1.1.5,
0,de,German (Deutsch),braun,braun,braun,rgb,175,116,78,6,2,full,white,en,,1.1.5,
0,de,German (Deutsch),grun,grün,grün,rgb,90,254,118,6,3,full,white,en,,1.1.5,
0,de,German (Deutsch),blau,blau,blau,rgb,69,57,230,6,4,full,white,en,,1.1.5,
0,de,German (Deutsch),braun,braun,braun,rgb,191,178,145,6,5,full,white,en,,1.1.5,
0,de,German (Deutsch),turkis,türkis,türkis,rgb,77,136,157,6,6,full,white,en,,1.1.5,
0,de,German (Deutsch),lila,lila,lila,rgb,199,159,231,6,7,full,white,en,,1.1.5,
0,de,German (Deutsch),braun,braun,braun,rgb,211,179,81,6,8,full,white,en,,1.1.5,
0,de,German (Deutsch),blau,blau,blau,rgb,23,55,151,6,9,full,white,en,,1.1.5,
0,de,German (Deutsch),lila,lila,lila,rgb,202,126,234,6,10,full,white,en,,1.1.5,
0,de,German (Deutsch),grun,grün,grün,rgb,90,88,8,6,11,full,white,en,,1.1.5,
0,de,German (Deutsch),violett,violett,Violett,rgb,142,36,101,1,0,full,white,en,,1.1.5,
0,de,German (Deutsch),rot,rot,Rot,rgb,221,20,57,1,1,full,white,en,,1.1.5,
0,de,German (Deutsch),turkis,türkis,Türkis,rgb,51,149,140,1,2,full,white,en,,1.1.5,
0,de,German (Deutsch),neongrun,neon grün,Neon grün,rgb,37,208,32,1,3,full,white,en,,1.1.5,
0,de,German (Deutsch),blau,blau,Blau,rgb,31,51,121,1,4,full,white,en,,1.1.5,
0,de,German (Deutsch),dunkelblau,dunkelblau,Dunkelblau,rgb,1,51,89,1,5,full,white,en,,1.1.5,
0,de,German (Deutsch),pink,pink,Pink,rgb,234,48,175,1,6,full,white,en,,1.1.5,
0,de,German (Deutsch),grun,grün,Grün,rgb,8,132,71,1,7,full,white,en,,1.1.5,
0,de,German (Deutsch),hellblau,hellblau,Hellblau,rgb,24,222,228,1,8,full,white,en,,1.1.5,
0,de,German (Deutsch),grassgrun,grass grün,Grass grün,rgb,144,227,84,1,9,full,white,en,,1.1.5,
0,de,German (Deutsch),hellesturkis,helles türkis,Helles türkis,rgb,103,234,179,1,10,full,white,en,,1.1.5,
0,de,German (Deutsch),lila,lila,Lila,rgb,159,64,189,1,11,full,white,en,,1.1.5,
0,de,German (Deutsch),mattesblau,mattes blau,Mattes Blau,rgb,139,170,213,3,0,full,white,en,,1.1.5,
0,de,German (Deutsch),braun,braun,Braun,rgb,146,57,68,3,1,full,white,en,,1.1.5,
0,de,German (Deutsch),gelb,gelb,Gelb,rgb,217,204,99,3,2,full,white,en,,1.1.5,
0,de,German (Deutsch),rosa,rosa,Rosa,rgb,209,114,158,3,3,full,white,en,,1.1.5,
0,de,German (Deutsch),lavendel,lavendel,Lavendel,rgb,121,94,170,3,4,full,white,en,,1.1.5,
0,de,German (Deutsch),mattesgrun,mattes grün,Mattes Grün,rgb,126,143,122,3,5,full,white,en,,1.1.5,
0,de,German (Deutsch),grun,grün,Grün,rgb,135,170,50,3,6,full,white,en,,1.1.5,
0,de,German (Deutsch),lila,lila,Lila,rgb,153,60,226,3,7,full,white,en,,1.1.5,
0,de,German (Deutsch),hellblau,hellblau,Hellblau,rgb,123,145,248,3,8,full,white,en,,1.1.5,
0,de,German (Deutsch),orange,orange,Orange,rgb,193,111,19,3,9,full,white,en,,1.1.5,
0,de,German (Deutsch),grun,grün,Grün,rgb,10,88,63,3,10,full,white,en,,1.1.5,
0,de,German (Deutsch),gelb,gelb,Gelb,rgb,200,208,12,3,11,full,white,en,,1.1.5,
0,de,German (Deutsch),pink,pink,Pink,rgb,255,0,162,1,0,line,white,en,,1.1.5,
0,de,German (Deutsch),orange,orange,Orange,rgb,255,149,0,1,1,line,white,en,,1.1.5,
0,de,German (Deutsch),pinkrot,pink rot,Pink-Rot,rgb,255,0,112,1,2,line,white,en,,1.1.5,
0,de,German (Deutsch),blau,blau,Blau,rgb,0,43,255,1,3,line,white,en,,1.1.5,
0,de,German (Deutsch),magenta,magenta,Magenta,rgb,255,0,212,1,4,line,white,en,,1.1.5,
0,de,German (Deutsch),neongrun,neon grün,Neon-Grün,rgb,0,255,183,1,5,line,white,en,,1.1.5,
0,de,German (Deutsch),hellblau,hellblau,Hellblau,rgb,0,206,255,1,6,line,white,en,,1.1.5,
0,de,German (Deutsch),blau,blau,Blau,rgb,0,126,255,1,7,line,white,en,,1.1.5,
0,de,German (Deutsch),orange,orange,Orange,rgb,255,100,0,1,8,line,white,en,,1.1.5,
0,de,German (Deutsch),neonblau,neon blau,Neon-Blau,rgb,0,231,255,1,9,line,white,en,,1.1.5,
0,de,German (Deutsch),rot,rot,Rot,rgb,255,0,12,1,10,line,white,en,,1.1.5,
0,de,German (Deutsch),lila,lila,Lila,rgb,210,0,255,1,11,line,white,en,,1.1.5,
0,de,German (Deutsch),magenta,magenta,Magenta,rgb,228,27,233,6,0,full,white,en,,1.1.5,
0,de,German (Deutsch),hellgrun,hellgrün,Hellgrün,rgb,7,245,145,6,1,full,white,en,,1.1.5,
0,de,German (Deutsch),rot,rot,Rot,rgb,253,49,5,6,2,full,white,en,,1.1.5,
0,de,German (Deutsch),orange,orange,Orange,rgb,250,146,88,6,3,full,white,en,,1.1.5,
0,de,German (Deutsch),blau,blau,Blau,rgb,9,103,173,6,4,full,white,en,,1.1.5,
0,de,German (Deutsch),hautfarbe,hautfarbe,Hautfarbe,rgb,207,137,132,6,5,full,white,en,,1.1.5,
0,de,German (Deutsch),grun,grün,Grün,rgb,156,193,129,6,6,full,white,en,,1.1.5,
0,de,German (Deutsch),blau,blau,Blau,rgb,83,70,203,6,7,full,white,en,,1.1.5,
0,de,German (Deutsch),dunkelblau,dunkelblau,Dunkelblau,rgb,69,19,114,6,8,full,white,en,,1.1.5,
0,de,German (Deutsch),blau,blau,Blau,rgb,12,132,174,6,9,full,white,en,,1.1.5,
0,de,German (Deutsch),gelb,gelb,Gelb,rgb,224,162,8,6,10,full,white,en,,1.1.5,
0,de,German (Deutsch),beige,beige,Beige,rgb,253,247,209,6,11,full,white,en,,1.1.5,
0,de,German (Deutsch),neongrun,neon grün,Neon-Grün,rgb,71,255,0,3,0,line,white,en,,1.1.5,
0,de,German (Deutsch),neonblau,neon blau,Neon-Blau,rgb,0,255,234,3,1,line,white,en,,1.1.5,
0,de,German (Deutsch),gelb,gelb,Gelb,rgb,255,253,0,3,2,line,white,en,,1.1.5,
0,de,German (Deutsch),pinkrot,pink rot,Pink-Rot,rgb,255,0,91,3,3,line,white,en,,1.1.5,
0,de,German (Deutsch),dunkelgelb,dunkelgelb,Dunkelgelb,rgb,255,207,0,3,4,line,white,en,,1.1.5,
0,de,German (Deutsch),hellgrun,hellgrün,Hellgrün,rgb,138,255,0,3,5,line,white,en,,1.1.5,
0,de,German (Deutsch),orange,orange,Orange,rgb,255,173,0,3,6,line,white,en,,1.1.5,
0,de,German (Deutsch),rot,rot,Rot,rgb,255,0,55,3,7,line,white,en,,1.1.5,
0,de,German (Deutsch),blau,blau,Blau,rgb,0,92,255,3,8,line,white,en,,1.1.5,
0,de,German (Deutsch),hellgrun,hellgrün,Hellgrün,rgb,0,255,52,3,9,line,white,en,,1.1.5,
0,de,German (Deutsch),magenta,magenta,Magenta,rgb,235,0,255,3,10,line,white,en,,1.1.5,
0,de,German (Deutsch),blau,blau,Blau,rgb,0,203,255,3,11,line,white,en,,1.1.5,
0,de,German (Deutsch),turkis,türkis,Türkis,rgb,0,255,206,6,0,line,white,en,,1.1.5,
0,de,German (Deutsch),dunkelblau,dunkelblau,Dunkelblau,rgb,61,0,255,6,1,line,white,en,,1.1.5,
0,de,German (Deutsch),gelb,gelb,Gelb,rgb,230,255,0,6,2,line,white,en,,1.1.5,
0,de,German (Deutsch),hellgrun,hellgrün,Hellgrün,rgb,0,255,144,6,3,line,white,en,,1.1.5,
0,de,German (Deutsch),rot,rot,Rot,rgb,255,64,0,6,4,line,white,en,,1.1.5,
0,de,German (Deutsch),blau,blau,Blau,rgb,0,143,255,6,5,line,white,en,,1.1.5,
0,de,German (Deutsch),hellgrun,hellgrün,Hellgrün,rgb,0,255,116,6,6,line,white,en,,1.1.5,
0,de,German (Deutsch),pink,pink,Pink,rgb,255,0,177,6,7,line,white,en,,1.1.5,
0,de,German (Deutsch),lila,lila,Lila,rgb,148,0,255,6,8,line,white,en,,1.1.5,
0,de,German (Deutsch),blau,blau,Blau,rgb,0,165,255,6,9,line,white,en,,1.1.5,
0,de,German (Deutsch),gelb,gelb,Gelb,rgb,255,237,0,6,10,line,white,en,,1.1.5,
0,de,German (Deutsch),dunkelblau,dunkelblau,Dunkelblau,rgb,0,70,255,6,11,line,white,en,,1.1.5,
0,de,German (Deutsch),rot,rot,Rot,rgb,255,0,65,1,0,line,white,en,,1.1.5,
0,de,German (Deutsch),hellrot,hellrot,Hellrot,rgb,255,0,22,1,1,line,white,en,,1.1.5,
0,de,German (Deutsch),apfelgrun,apfelgrün,Apfelgrün,rgb,194,255,0,1,2,line,white,en,,1.1.5,
0,de,German (Deutsch),turkisgrun,türkisgrün,Türkisgrün,rgb,0,255,107,1,3,line,white,en,,1.1.5,
0,de,German (Deutsch),lila,lila,Lila,rgb,118,0,255,1,4,line,white,en,,1.1.5,
0,de,German (Deutsch),pink,pink,Pink,rgb,255,0,162,1,5,line,white,en,,1.1.5,
0,de,German (Deutsch),orange,orange,Orange,rgb,255,141,0,1,6,line,white,en,,1.1.5,
0,de,German (Deutsch),hellblau,hellblau,Hellblau,rgb,0,226,255,1,7,line,white,en,,1.1.5,
0,de,German (Deutsch),hellgrun,hellgrün,Hellgrün,rgb,166,255,0,1,8,line,white,en,,1.1.5,
0,de,German (Deutsch),hellrosa,hellrosa,Hellrosa,rgb,255,0,246,1,9,line,white,en,,1.1.5,
0,de,German (Deutsch),dunkelrosa,dunkelrosa,Dunkelrosa,rgb,255,0,200,1,10,line,white,en,,1.1.5,
0,de,German (Deutsch),veilchenblau,veilchenblau,Veilchenblau,rgb,85,0,255,1,11,line,white,en,,1.1.5,
0,de,German (Deutsch),hellgrun,hellgrün,Hellgrün,rgb,0,255,36,3,0,line,white,en,,1.1.5,
0,de,German (Deutsch),blau,blau,Blau,rgb,0,94,255,3,1,line,white,en,,1.1.5,
0,de,German (Deutsch),pink,pink,Pink,rgb,255,0,236,3,2,line,white,en,,1.1.5,
0,de,German (Deutsch),orange,orange,Orange,rgb,255,112,0,3,3,line,white,en,,1.1.5,
0,de,German (Deutsch),hellblau,hellblau,Hellblau,rgb,0,247,255,3,4,line,white,en,,1.1.5,
0,de,German (Deutsch),dunkelrot,dunkelrot,Dunkelrot,rgb,255,62,0,3,5,line,white,en,,1.1.5,
0,de,German (Deutsch),hellgrun,hellgrün,Hellgrün,rgb,0,255,128,3,6,line,white,en,,1.1.5,
0,de,German (Deutsch),gelb,gelb,Gelb,rgb,255,243,0,3,7,line,white,en,,1.1.5,
0,de,German (Deutsch),lila,lila,Lila,rgb,210,0,255,3,8,line,white,en,,1.1.5,
0,de,German (Deutsch),hellgrun,hellgrün,Hellgrün,rgb,52,255,0,3,9,line,white,en,,1.1.5,
0,de,German (Deutsch),turkis,türkis,Türkis,rgb,0,255,185,3,10,line,white,en,,1.1.5,
0,de,German (Deutsch),orange,orange,Orange,rgb,255,162,0,3,11,line,white,en,,1.1.5,
0,de,German (Deutsch),turkisgrun,türkisgrün,Türkisgrün,rgb,0,255,195,6,0,line,white,en,,1.1.5,
0,de,German (Deutsch),schmutzigesgelb,schmutziges gelb,Schmutziges Gelb,rgb,255,191,0,6,1,line,white,en,,1.1.5,
0,de,German (Deutsch),rotpink,rotpink,Rotpink,rgb,255,0,86,6,2,line,white,en,,1.1.5,
0,de,German (Deutsch),blau,blau,Blau,rgb,0,117,255,6,3,line,white,en,,1.1.5,
0,de,German (Deutsch),dunkelblau,dunkelblau,Dunkelblau,rgb,0,59,255,6,4,line,white,en,,1.1.5,
0,de,German (Deutsch),hellblau,hellblau,Hellblau,rgb,0,197,255,6,5,line,white,en,,1.1.5,
0,de,German (Deutsch),lapislazuli,lapislazuli,Lapislazuli,rgb,0,136,255,6,6,line,white,en,,1.1.5,
0,de,German (Deutsch),gelb,gelb,Gelb,rgb,255,230,0,6,7,line,white,en,,1.1.5,
0,de,German (Deutsch),pink,pink,Pink,rgb,255,0,126,6,8,line,white,en,,1.1.5,
0,de,German (Deutsch),turkis,türkis,Türkis,rgb,0,255,225,6,9,line,white,en,,1.1.5,
0,de,German (Deutsch),hellblau,hellblau,Hellblau,rgb,0,171,255,6,10,line,white,en,,1.1.5,
0,de,German (Deutsch),dunkelblau,dunkelblau,Dunkelblau,rgb,0,75,255,6,11,line,white,en,,1.1.5,
0,de,German (Deutsch),violett,violett,violett,rgb,136,28,157,1,0,full,white,en,,1.1.5,
0,de,German (Deutsch),blau,blau,blau,rgb,1,137,219,1,1,full,white,en,,1.1.5,
0,de,German (Deutsch),senfgelb,senf gelb,senf gelb,rgb,222,211,133,1,2,full,white,en,,1.1.5,
0,de,German (Deutsch),lila,lila,lila,rgb,87,71,181,1,3,full,white,en,,1.1.5,
0,de,German (Deutsch),schwarz,schwarz,schwarz,rgb,30,34,35,1,5,full,white,en,,1.1.5,
0,de,German (Deutsch),rot,rot,rot,rgb,213,46,48,1,6,full,white,en,,1.1.5,
0,de,German (Deutsch),weinrot,wein rot,wein rot,rgb,190,0,66,1,7,full,white,en,,1.1.5,
0,de,German (Deutsch),babyblau,baby blau,baby blau,rgb,135,185,253,1,8,full,white,en,,1.1.5,
0,de,German (Deutsch),dunkelrot,dunkel rot,dunkel rot,rgb,142,71,80,1,9,full,white,en,,1.1.5,
0,de,German (Deutsch),limettengrun,limetten grün,limetten grün,rgb,195,249,147,1,10,full,white,en,,1.1.5,
0,de,German (Deutsch),braun,braun,braun,rgb,128,87,41,1,11,full,white,en,,1.1.5,
0,de,German (Deutsch),grau,grau,grau,rgb,220,216,207,3,0,full,white,en,,1.1.5,
0,de,German (Deutsch),rosa,rosa,rosa,rgb,237,134,247,3,1,full,white,en,,1.1.5,
0,de,German (Deutsch),blau,blau,blau,rgb,76,227,207,3,2,full,white,en,,1.1.5,
0,de,German (Deutsch),pink,pink,pink,rgb,211,40,140,3,3,full,white,en,,1.1.5,
0,de,German (Deutsch),grun,grün,grün,rgb,105,191,114,3,4,full,white,en,,1.1.5,
0,de,German (Deutsch),dunkelblau,dunkel blau,dunkel blau,rgb,16,20,204,3,5,full,white,en,,1.1.5,
0,de,German (Deutsch),violett,violett,violett,rgb,204,9,247,3,6,full,white,en,,1.1.5,
0,de,German (Deutsch),rosa,rosa,rosa,rgb,227,161,201,3,7,full,white,en,,1.1.5,
0,de,German (Deutsch),dunkelgrun,dunkel grün,dunkel grün,rgb,56,93,26,3,8,full,white,en,,1.1.5,
0,de,German (Deutsch),neonpink,neon pink,neon pink,rgb,245,75,250,3,9,full,white,en,,1.1.5,
0,de,German (Deutsch),grun,grün,grün,rgb,209,221,77,3,10,full,white,en,,1.1.5,
0,de,German (Deutsch),mossgrun,moss grün,moss grün,rgb,138,153,11,3,11,full,white,en,,1.1.5,
0,de,German (Deutsch),dunkelblau,dunkel blau,dunkel blau,rgb,25,74,78,6,0,full,white,en,,1.1.5,
0,de,German (Deutsch),beige,beige,beige,rgb,117,96,108,6,1,full,white,en,,1.1.5,
0,de,German (Deutsch),grun,grün,grün,rgb,5,132,69,6,2,full,white,en,,1.1.5,
0,de,German (Deutsch),senfgelb,senf gelb,senf gelb,rgb,234,172,12,6,3,full,white,en,,1.1.5,
0,de,German (Deutsch),neongrun,neon grün,neon grün,rgb,76,240,80,6,4,full,white,en,,1.1.5,
0,de,German (Deutsch),graublau,grau blau,grau blau,rgb,146,159,181,6,5,full,white,en,,1.1.5,
0,de,German (Deutsch),neongrun,neon grün,neon grün,rgb,6,244,16,6,6,full,white,en,,1.1.5,
0,de,German (Deutsch),dunkelrot,dunkel rot,dunkel rot,rgb,49,9,20,6,7,full,white,en,,1.1.5,
0,de,German (Deutsch),rosa,rosa,rosa,rgb,232,115,113,6,8,full,white,en,,1.1.5,
0,de,German (Deutsch),grun,grün,grün,rgb,134,220,44,6,9,full,white,en,,1.1.5,
0,de,German (Deutsch),orange,orange,orange,rgb,229,141,37,6,10,full,white,en,,1.1.5,
0,de,German (Deutsch),dunkelblau,dunkel blau,dunkel blau,rgb,2,76,218,6,11,full,white,en,,1.1.5,
0,de,German (Deutsch),oker,oker,Oker,rgb,172,178,0,1,0,full,white,en,,1.1.5,
0,de,German (Deutsch),rot,rot,Rot,rgb,171,10,20,1,2,full,white,en,,1.1.5,
0,de,German (Deutsch),turkis,türkis,Türkis,rgb,62,192,218,1,4,full,white,en,,1.1.5,
0,de,German (Deutsch),blau,blau,Blau,rgb,65,65,254,1,5,full,white,en,,1.1.5,
0,de,German (Deutsch),lila,lila,Lila,rgb,18,16,86,1,6,full,white,en,,1.1.5,
0,de,German (Deutsch),braun,braun,Braun,rgb,68,25,3,1,8,full,white,en,,1.1.5,
0,de,German (Deutsch),rosa,rosa,Rosa,rgb,216,80,189,1,10,full,white,en,,1.1.5,
0,de,German (Deutsch),minze,minze,Minze,rgb,158,241,197,1,11,full,white,en,,1.1.5,
0,de,German (Deutsch),waldgrun,waldgruen,waldgruen,rgb,58,134,128,1,0,full,white,en,,1.1.5,
0,de,German (Deutsch),pink,pink,pink,rgb,231,26,153,1,1,full,white,en,,1.1.5,
0,de,German (Deutsch),blau,blau,blau,rgb,38,83,230,1,2,full,white,en,,1.1.5,
0,de,German (Deutsch),lila,lila,lila,rgb,142,77,135,1,3,full,white,en,,1.1.5,
0,de,German (Deutsch),rosa,rosa,rosa,rgb,240,103,255,1,4,full,white,en,,1.1.5,
0,de,German (Deutsch),minzgrun,minzgruen,minzgruen,rgb,164,223,149,1,5,full,white,en,,1.1.5,
0,de,German (Deutsch),dunkelila,dunkel ila,dunkel ila,rgb,87,18,178,1,6,full,white,en,,1.1.5,
0,de,German (Deutsch),bordeaux,bordeaux,bordeaux,rgb,125,62,77,1,7,full,white,en,,1.1.5,
0,de,German (Deutsch),blau,blau,blau,rgb,9,125,235,1,8,full,white,en,,1.1.5,
0,de,German (Deutsch),ocker,ocker,ocker,rgb,205,193,10,1,9,full,white,en,,1.1.5,
0,de,German (Deutsch),tuerkis,tuerkis,tuerkis,rgb,121,206,196,1,10,full,white,en,,1.1.5,
0,de,German (Deutsch),grellgrun,grellgruen,grellgruen,rgb,170,220,5,1,11,full,white,en,,1.1.5,
0,de,German (Deutsch),hellgrun,hellgruen,hellgruen,rgb,143,193,233,3,0,full,white,en,,1.1.5,
0,de,German (Deutsch),schwarz,schwarz,schwarz,rgb,31,10,18,3,1,full,white,en,,1.1.5,
0,de,German (Deutsch),grun,gruen,gruen,rgb,83,187,93,3,2,full,white,en,,1.1.5,
0,de,German (Deutsch),pink,pink,pink,rgb,232,57,127,3,3,full,white,en,,1.1.5,
0,de,German (Deutsch),grun,gruen,gruen,rgb,122,204,60,3,4,full,white,en,,1.1.5,
0,de,German (Deutsch),hellrosa,hellrosa,hellrosa,rgb,222,188,252,3,5,full,white,en,,1.1.5,
0,de,German (Deutsch),dunkelblau,dunkelblau,dunkelblau,rgb,6,38,127,3,6,full,white,en,,1.1.5,
0,de,German (Deutsch),ocker,ocker,ocker,rgb,175,168,78,3,7,full,white,en,,1.1.5,
0,de,German (Deutsch),orange,orange,orange,rgb,255,141,59,3,8,full,white,en,,1.1.5,
0,de,German (Deutsch),kaki,kaki,kaki,rgb,120,109,65,3,9,full,white,en,,1.1.5,
0,de,German (Deutsch),olivegrun,olivegruen,olivegruen,rgb,108,148,88,3,10,full,white,en,,1.1.5,
0,de,German (Deutsch),lila,lila,lila,rgb,115,88,183,3,11,full,white,en,,1.1.5,
0,de,German (Deutsch),kastanienbraun,kastanienbraun,kastanienbraun,rgb,93,24,35,1,0,full,white,en,,1.1.5,
0,de,German (Deutsch),blau,blau,blau,rgb,61,120,250,1,1,full,white,en,,1.1.5,
0,de,German (Deutsch),blau,blau,blau,rgb,18,62,242,1,2,full,white,en,,1.1.5,
0,de,German (Deutsch),rosa,rosa,rosa,rgb,237,64,132,1,3,full,white,en,,1.1.5,
0,de,German (Deutsch),sandfarben,sandfarben,sandfarben,rgb,185,144,77,1,4,full,white,en,,1.1.5,
0,de,German (Deutsch),weinrot,weinrot,weinrot,rgb,152,53,91,1,5,full,white,en,,1.1.5,
0,de,German (Deutsch),dunkelgrau,dunkelgrau,dunkelgrau,rgb,102,102,130,1,6,full,white,en,,1.1.5,
0,de,German (Deutsch),dunkelgrun,dunkelgrün,dunkelgrün,rgb,29,75,12,1,7,full,white,en,,1.1.5,
0,de,German (Deutsch),rot,rot,rot,rgb,253,21,92,1,8,full,white,en,,1.1.5,
0,de,German (Deutsch),gelbgrun,gelbgrün,gelbgrün,rgb,134,215,70,1,9,full,white,en,,1.1.5,
0,de,German (Deutsch),hellblau,hellblau,hellblau,rgb,62,189,207,1,10,full,white,en,,1.1.5,
0,de,German (Deutsch),violett,violett,violett,rgb,138,68,228,1,11,full,white,en,,1.1.5,
0,de,German (Deutsch),violett,violett,violett,rgb,142,101,188,3,0,full,white,en,,1.1.5,
0,de,German (Deutsch),rot,rot,rot,rgb,193,59,76,3,1,full,white,en,,1.1.5,
0,de,German (Deutsch),dunkelblau,dunkelblau,dunkelblau,rgb,28,31,169,3,2,full,white,en,,1.1.5,
0,de,German (Deutsch),hellblau,hellblau,hellblau,rgb,29,152,205,3,3,full,white,en,,1.1.5,
0,de,German (Deutsch),lila,lila,lila,rgb,195,65,190,3,4,full,white,en,,1.1.5,
0,de,German (Deutsch),graublau,graublau,graublau,rgb,164,185,216,3,5,full,white,en,,1.1.5,
0,de,German (Deutsch),blassgelb,blassgelb,blassgelb,rgb,236,218,146,3,6,full,white,en,,1.1.5,
0,de,German (Deutsch),rosa,rosa,rosa,rgb,212,123,137,3,7,full,white,en,,1.1.5,
0,de,German (Deutsch),sehrdunklesblaugrun,sehr dunkles blaugrün,sehr dunkles blaugrün,rgb,9,62,78,3,8,full,white,en,,1.1.5,
0,de,German (Deutsch),gelb,gelb,gelb,rgb,247,243,94,3,9,full,white,en,,1.1.5,
0,de,German (Deutsch),dunkelgrun,dunkelgrün,dunkelgrün,rgb,24,106,73,3,10,full,white,en,,1.1.5,
0,de,German (Deutsch),dunkelblau,dunkelblau,dunkelblau,rgb,33,86,178,3,11,full,white,en,,1.1.5,
0,de,German (Deutsch),graugrun,graugrün,graugrün,rgb,103,138,111,6,0,full,white,en,,1.1.5,
0,de,German (Deutsch),grun,grün,grün,rgb,15,186,104,6,2,full,white,en,,1.1.5,
0,de,German (Deutsch),dunkellila,dunkellila,dunkellila,rgb,118,46,166,6,3,full,white,en,,1.1.5,
0,de,German (Deutsch),giftgrun,giftgrün,giftgrün,rgb,32,238,79,6,4,full,white,en,,1.1.5,
0,de,German (Deutsch),korallenrot,korallenrot,korallenrot,rgb,231,148,125,6,5,full,white,en,,1.1.5,
0,de,German (Deutsch),gelbgrun,gelbgrün,gelbgrün,rgb,165,180,5,6,6,full,white,en,,1.1.5,
0,de,German (Deutsch),dunkelbraun,dunkelbraun,dunkelbraun,rgb,101,69,75,6,7,full,white,en,,1.1.5,
0,de,German (Deutsch),rosa,rosa,rosa,rgb,227,134,214,6,8,full,white,en,,1.1.5,
0,de,German (Deutsch),dunkelbraun,dunkelbraun,dunkelbraun,rgb,56,42,24,6,9,full,white,en,,1.1.5,
0,de,German (Deutsch),olivgrun,olivgrün,olivgrün,rgb,115,147,20,6,10,full,white,en,,1.1.5,
0,de,German (Deutsch),olivgrun,olivgrün,olivgrün,rgb,106,141,68,6,11,full,white,en,,1.1.5,
16132,de,German (Deutsch),dunkelgrun,dunkelgrün,Dunkelgrün,rgb,13,144,99,1,0,full,white,en,,1.1.5,
16132,de,German (Deutsch),burgunder,burgunder,Burgunder,rgb,54,44,65,1,1,full,white,en,,1.1.5,
16132,de,German (Deutsch),olivgrun,olivgrün,Olivgrün,rgb,109,144,6,1,2,full,white,en,,1.1.5,
16132,de,German (Deutsch),hellgrun,hellgrün,Hellgrün,rgb,195,208,128,1,3,full,white,en,,1.1.5,
16132,de,German (Deutsch),fuchsia,fuchsia,Fuchsia,rgb,158,7,153,1,4,full,white,en,,1.1.5,
16132,de,German (Deutsch),lila,lila,Lila,rgb,89,24,198,1,5,full,white,en,,1.1.5,
16132,de,German (Deutsch),petrol,petrol,Petrol,rgb,91,142,114,1,6,full,white,en,,1.1.5,
16132,de,German (Deutsch),blau,blau,Blau,rgb,30,128,224,1,7,full,white,en,,1.1.5,
16132,de,German (Deutsch),turkis,türkis,Türkis,rgb,181,252,213,1,8,full,white,en,,1.1.5,
16132,de,German (Deutsch),rot,rot,rot,rgb,252,32,74,1,9,full,white,en,,1.1.5,
16132,de,German (Deutsch),braun,braun,Braun,rgb,120,89,8,1,10,full,white,en,,1.1.5,
16132,de,German (Deutsch),violett,violett,Violett,rgb,160,74,221,1,11,full,white,en,,1.1.5,
16132,de,German (Deutsch),dunkelblau,dunkelblau,Dunkelblau,rgb,83,94,217,3,0,full,white,en,,1.1.5,
16132,de,German (Deutsch),orange,orange,Orange,rgb,205,123,30,3,1,full,white,en,,1.1.5,
16132,de,German (Deutsch),rosa,rosa,Rosa,rgb,206,117,131,3,2,full,white,en,,1.1.5,
16132,de,German (Deutsch),himmelblau,himmelblau,Himmelblau,rgb,104,165,239,3,3,full,white,en,,1.1.5,
16132,de,German (Deutsch),dunkelgrun,dunkelgrün,Dunkelgrün,rgb,9,69,11,3,4,full,white,en,,1.1.5,
16132,de,German (Deutsch),olivgrun,olivgrün,Olivgrün,rgb,121,141,63,3,5,full,white,en,,1.1.5,
16132,de,German (Deutsch),dunkelrot,dunkelrot,Dunkelrot,rgb,195,81,32,3,6,full,white,en,,1.1.5,
16132,de,German (Deutsch),hellbau,hellbau,Hellbau,rgb,15,254,240,3,7,full,white,en,,1.1.5,
16132,de,German (Deutsch),hellgrun,hellgrün,Hellgrün,rgb,68,230,137,3,8,full,white,en,,1.1.5,
16132,de,German (Deutsch),fuchsia,fuchsia,Fuchsia,rgb,223,46,110,3,9,full,white,en,,1.1.5,
16132,de,German (Deutsch),petrol,petrol,Petrol,rgb,15,190,180,3,10,full,white,en,,1.1.5,
16132,de,German (Deutsch),rot,rot,Rot,rgb,242,74,51,3,11,full,white,en,,1.1.5,
16132,de,German (Deutsch),dunkellila,dunkellila,Dunkellila,rgb,72,29,107,6,0,full,white,en,,1.1.5,
16132,de,German (Deutsch),hellgrun,hellgrün,Hellgrün,rgb,100,210,146,6,1,full,white,en,,1.1.5,
16132,de,German (Deutsch),dunkelbraun,dunkelbraun,Dunkelbraun,rgb,86,52,40,6,2,full,white,en,,1.1.5,
16132,de,German (Deutsch),petrol,petrol,Petrol,rgb,65,118,158,6,3,full,white,en,,1.1.5,
16132,de,German (Deutsch),altrot,altrot,Altrot,rgb,139,69,85,6,4,full,white,en,,1.1.5,
16132,de,German (Deutsch),grun,grün,Grün,rgb,81,198,15,6,5,full,white,en,,1.1.5,
16132,de,German (Deutsch),grau,grau,Grau,rgb,153,146,139,6,6,full,white,en,,1.1.5,
16132,de,German (Deutsch),dunkelgrun,dunkelgrün,Dunkelgrün,rgb,28,63,44,6,7,full,white,en,,1.1.5,
16132,de,German (Deutsch),rosa,rosa,Rosa,rgb,227,153,212,6,8,full,white,en,,1.1.5,
16132,de,German (Deutsch),beige,beige,Beige,rgb,239,218,213,6,9,full,white,en,,1.1.5,
16132,de,German (Deutsch),neogrun,neogrün,Neogrün,rgb,161,252,24,6,10,full,white,en,,1.1.5,
16132,de,German (Deutsch),froschgrun,froschgrün,Froschgrün,rgb,46,241,108,6,11,full,white,en,,1.1.5,
16531,de,German (Deutsch),konigblau,königblau,Königblau,rgb,30,58,99,1,0,full,white,en,,1.1.5,
16531,de,German (Deutsch),lachsfarben,lachsfarben,lachsfarben,rgb,239,176,147,1,1,full,white,en,,1.1.5,
16531,de,German (Deutsch),schlammgrun,schlammgrün,schlammgrün,rgb,85,70,27,1,2,full,white,en,,1.1.5,
16531,de,German (Deutsch),yellowgreen,yellowgreen,yellowgreen,rgb,175,187,72,1,3,full,white,en,,1.1.5,
16531,de,German (Deutsch),gedecktesrosa,gedecktes rosa,gedecktes Rosa,rgb,171,110,108,1,4,full,white,en,,1.1.5,
16531,de,German (Deutsch),braun,braun,braun,rgb,56,19,21,1,5,full,white,en,,1.1.5,
16531,de,German (Deutsch),blau,blau,Blau,rgb,127,172,186,1,6,full,white,en,,1.1.5,
16531,de,German (Deutsch),giftgrun,giftgrün,giftgrün,rgb,114,236,117,1,7,full,white,en,,1.1.5,
16531,de,German (Deutsch),dunkelblau,dunkelblau,dunkelblau,rgb,11,43,120,1,8,full,white,en,,1.1.5,
16531,de,German (Deutsch),turkis,türkis,türkis,rgb,73,249,202,1,9,full,white,en,,1.1.5,
16531,de,German (Deutsch),petrol,petrol,petrol,rgb,33,140,124,1,10,full,white,en,,1.1.5,
16531,de,German (Deutsch),hellespink,helles pink,helles pink,rgb,242,183,252,1,11,full,white,en,,1.1.5,
16532,de,German (Deutsch),beere,beere,Beere,rgb,158,6,98,1,0,full,white,en,,1.1.5,
16532,de,German (Deutsch),brau,brau,Brau,rgb,145,74,34,1,1,full,white,en,,1.1.5,
16532,de,German (Deutsch),blaulila,blaulila,Blaulila,rgb,98,15,203,1,2,full,white,en,,1.1.5,
16532,de,German (Deutsch),rottaupe,rot taupe,Rot-Taupe,rgb,132,89,108,1,3,full,white,en,,1.1.5,
16532,de,German (Deutsch),pink,pink,Pink,rgb,242,23,248,1,4,full,white,en,,1.1.5,
16532,de,German (Deutsch),rot,rot,Rot,rgb,215,47,15,1,5,full,white,en,,1.1.5,
16532,de,German (Deutsch),lila,lila,Lila,rgb,184,39,251,1,6,full,white,en,,1.1.5,
16532,de,German (Deutsch),dunkelgrun,dunkelgrün,Dunkelgrün,rgb,11,133,56,1,7,full,white,en,,1.1.5,
16532,de,German (Deutsch),turkis,türkis,Türkis,rgb,68,197,193,1,8,full,white,en,,1.1.5,
16532,de,German (Deutsch),blau,blau,Blau,rgb,72,98,196,1,9,full,white,en,,1.1.5,
16532,de,German (Deutsch),weinrot,weinrot,Weinrot,rgb,168,39,49,1,10,full,white,en,,1.1.5,
16532,de,German (Deutsch),hellblau,hellblau,Hellblau,rgb,35,201,244,1,11,full,white,en,,1.1.5,
16532,de,German (Deutsch),olive,olive,Olive,rgb,157,154,112,3,0,full,white,en,,1.1.5,
16532,de,German (Deutsch),dunkelgraublau,dunkelgraublau,Dunkelgraublau,rgb,101,127,123,3,1,full,white,en,,1.1.5,
16532,de,German (Deutsch),hellrosa,hellrosa,Hellrosa,rgb,223,196,188,3,2,full,white,en,,1.1.5,
16532,de,German (Deutsch),sienna,sienna,Sienna,rgb,237,153,103,3,3,full,white,en,,1.1.5,
16532,de,German (Deutsch),helllila,helllila,Helllila,rgb,163,91,239,3,4,full,white,en,,1.1.5,
16532,de,German (Deutsch),dunkelblau,dunkelblau,Dunkelblau,rgb,41,31,88,3,5,full,white,en,,1.1.5,
16532,de,German (Deutsch),grun,grün,Grün,rgb,41,174,45,3,6,full,white,en,,1.1.5,
16532,de,German (Deutsch),turkisgrun,türkisgrün,Türkisgrün,rgb,52,246,156,3,7,full,white,en,,1.1.5,
16532,de,German (Deutsch),graublau,graublau,Graublau,rgb,124,166,186,3,8,full,white,en,,1.1.5,
16532,de,German (Deutsch),beere,beere,Beere,rgb,148,49,137,3,9,full,white,en,,1.1.5,
16532,de,German (Deutsch),gelbgrun,gelbgrün,Gelbgrün,rgb,214,242,38,3,10,full,white,en,,1.1.5,
16532,de,German (Deutsch),ockergelb,ockergelb,Ockergelb,rgb,231,218,49,3,11,full,white,en,,1.1.5,
16531,de,German (Deutsch),ocker,ocker,Ocker,rgb,186,92,46,3,0,full,white,en,,1.1.5,
16531,de,German (Deutsch),dunkelgrun,dunkelgrün,dunkelgrün,rgb,38,115,53,3,1,full,white,en,,1.1.5,
16531,de,German (Deutsch),pink,pink,pink,rgb,231,59,100,3,2,full,white,en,,1.1.5,
16531,de,German (Deutsch),grasgrun,grasgrün,grasgrün,rgb,92,150,27,3,3,full,white,en,,1.1.5,
16531,de,German (Deutsch),blassgrun,blassgrün,blassgrün,rgb,176,211,135,3,4,full,white,en,,1.1.5,
16531,de,German (Deutsch),rot,rot,rot,rgb,231,5,4,3,5,full,white,en,,1.1.5,
16531,de,German (Deutsch),schwarzgrun,schwarzgrün,schwarzgrün,rgb,28,53,38,3,6,full,white,en,,1.1.5,
16531,de,German (Deutsch),gelbgrun,gelbgrün,gelbgrün,rgb,189,214,42,3,7,full,white,en,,1.1.5,
16531,de,German (Deutsch),gedeckteslila,gedecktes lila,gedecktes lila,rgb,109,77,117,3,8,full,white,en,,1.1.5,
16531,de,German (Deutsch),gedecktesrot,gedecktes rot,gedecktes rot,rgb,225,70,64,3,9,full,white,en,,1.1.5,
16531,de,German (Deutsch),blauviolett,blau violett,blau violett,rgb,123,32,245,3,10,full,white,en,,1.1.5,
16531,de,German (Deutsch),dunkelgrun,dunkelgrün,dunkelgrün,rgb,93,129,89,3,11,full,white,en,,1.1.5,
16532,de,German (Deutsch),pinkrot,pinkrot,Pinkrot,rgb,243,54,104,6,0,full,white,en,,1.1.5,
16532,de,German (Deutsch),braun,braun,Braun,rgb,103,63,47,6,1,full,white,en,,1.1.5,
16532,de,German (Deutsch),gedecktespink,gedecktes pink,Gedecktes Pink,rgb,218,125,164,6,2,full,white,en,,1.1.5,
16532,de,German (Deutsch),gedecktesdunkelgrun,gedecktes dunkelgrün,Gedecktes Dunkelgrün,rgb,8,116,94,6,3,full,white,en,,1.1.5,
16532,de,German (Deutsch),dunkeltannengrun,dunkeltannengrün,Dunkeltannengrün,rgb,7,67,48,6,4,full,white,en,,1.1.5,
16532,de,German (Deutsch),turkis,türkis,Türkis,rgb,61,237,193,6,5,full,white,en,,1.1.5,
16532,de,German (Deutsch),blau,blau,Blau,rgb,10,44,184,6,6,full,white,en,,1.1.5,
16532,de,German (Deutsch),blassgrun,blassgrün,Blassgrün,rgb,123,203,137,6,7,full,white,en,,1.1.5,
16532,de,German (Deutsch),ocker,ocker,ocker,rgb,181,174,36,6,8,full,white,en,,1.1.5,
16532,de,German (Deutsch),hellesblassgelb,helles blassgelb,Helles Blassgelb,rgb,218,246,120,6,9,full,white,en,,1.1.5,
16532,de,German (Deutsch),pink,pink,Pink,rgb,224,89,159,6,10,full,white,en,,1.1.5,
16532,de,German (Deutsch),lavendel,lavendel,Lavendel,rgb,179,156,234,6,11,full,white,en,,1.1.5,
16531,de,German (Deutsch),konigsblau,königsblau,königsblau,rgb,61,14,162,6,0,full,white,en,,1.1.5,
16531,de,German (Deutsch),helleslila,helles lila,helles lila,rgb,171,91,200,6,1,full,white,en,,1.1.5,
16531,de,German (Deutsch),dunklesrosa,dunkles rosa,dunkles rosa,rgb,197,72,164,6,2,full,white,en,,1.1.5,
16531,de,German (Deutsch),schwarz,schwarz,schwarz,rgb,31,8,44,6,3,full,white,en,,1.1.5,
16531,de,German (Deutsch),mittelblau,mittelblau,mittelblau,rgb,102,158,208,6,4,full,white,en,,1.1.5,
16531,de,German (Deutsch),gedecktesmaigrun,gedecktes maigrün,gedecktes maigrün,rgb,56,175,101,6,5,full,white,en,,1.1.5,
16531,de,German (Deutsch),giftgrun,giftgrün,giftgrün,rgb,56,237,12,6,6,full,white,en,,1.1.5,
16531,de,German (Deutsch),gedecktespink,gedecktes pink,gedecktes pink,rgb,196,109,156,6,7,full,white,en,,1.1.5,
16531,de,German (Deutsch),pink,pink,pink,rgb,248,36,192,6,8,full,white,en,,1.1.5,
16531,de,German (Deutsch),mittelgrau,mittelgrau,mittelgrau,rgb,156,155,144,6,9,full,white,en,,1.1.5,
16531,de,German (Deutsch),grun,grün,grün,rgb,44,191,8,6,10,full,white,en,,1.1.5,
16531,de,German (Deutsch),lila,lila,lila,rgb,156,38,186,6,11,full,white,en,,1.1.5,
16533,de,German (Deutsch),pink,pink,Pink,rgb,237,86,121,1,0,full,white,en,,1.1.5,
16533,de,German (Deutsch),blau,blau,Blau,rgb,65,117,189,1,1,full,white,en,,1.1.5,
16533,de,German (Deutsch),orangerot,orangerot,Orangerot,rgb,240,126,78,1,2,full,white,en,,1.1.5,
16533,de,German (Deutsch),schwarz,schwarz,Schwarz,rgb,16,25,56,1,3,full,white,en,,1.1.5,
16533,de,German (Deutsch),blau,blau,Blau,rgb,5,50,245,1,4,full,white,en,,1.1.5,
16533,de,German (Deutsch),grunbraun,grünbraun,Grünbraun,rgb,114,119,87,1,5,full,white,en,,1.1.5,
16533,de,German (Deutsch),orange,orange,Orange,rgb,246,176,10,1,6,full,white,en,,1.1.5,
16533,de,German (Deutsch),neongrun,neongrün,Neongrün,rgb,146,230,87,1,7,full,white,en,,1.1.5,
16533,de,German (Deutsch),grasgrun,grasgrün,Grasgrün,rgb,168,227,11,1,8,full,white,en,,1.1.5,
16533,de,German (Deutsch),gelborange,gelborange,Gelborange,rgb,248,211,1,1,9,full,white,en,,1.1.5,
16533,de,German (Deutsch),violett,violett,Violett,rgb,156,148,222,1,10,full,white,en,,1.1.5,
16533,de,German (Deutsch),pink,pink,Pink,rgb,191,13,189,1,11,full,white,en,,1.1.5,
16533,de,German (Deutsch),dunklesturkis,dunkles türkis,Dunkles Türkis,rgb,58,121,137,3,0,full,white,en,,1.1.5,
16533,de,German (Deutsch),grun,grün,Grün,rgb,33,153,27,3,1,full,white,en,,1.1.5,
16533,de,German (Deutsch),pink,pink,Pink,rgb,218,58,138,3,2,full,white,en,,1.1.5,
16533,de,German (Deutsch),rot,rot,Rot,rgb,200,33,56,3,3,full,white,en,,1.1.5,
16533,de,German (Deutsch),neongrun,neongrün,Neongrün,rgb,141,254,4,3,4,full,white,en,,1.1.5,
16533,de,German (Deutsch),hellespink,helles pink,Helles Pink,rgb,231,35,170,3,5,full,white,en,,1.1.5,
16533,de,German (Deutsch),dunkelpinklila,dunkel pinklila,Dunkel pinklila,rgb,140,26,102,3,6,full,white,en,,1.1.5,
16533,de,German (Deutsch),beach,beach,Beach,rgb,228,189,116,3,7,full,white,en,,1.1.5,
16533,de,German (Deutsch),grunschwarz,grünschwarz,Grünschwarz,rgb,35,59,53,3,8,full,white,en,,1.1.5,
16533,de,German (Deutsch),dunklesblau,dunkles blau,Dunkles Blau,rgb,40,78,185,3,9,full,white,en,,1.1.5,
16533,de,German (Deutsch),turkis,türkis,Türkis,rgb,76,227,182,3,10,full,white,en,,1.1.5,
16533,de,German (Deutsch),royalblau,royalblau,Royalblau,rgb,25,61,211,3,11,full,white,en,,1.1.5,
16533,de,German (Deutsch),dunkelgrunf,dunkelgrünf,Dunkelgrünf,rgb,8,71,27,6,0,full,white,en,,1.1.5,
16533,de,German (Deutsch),gedecktesgrun,gedecktes grün,Gedecktes Grün,rgb,97,153,132,6,1,full,white,en,,1.1.5,
16533,de,German (Deutsch),turkis,türkis,Türkis,rgb,185,255,235,6,2,full,white,en,,1.1.5,
16533,de,German (Deutsch),braun,braun,Braun,rgb,70,24,23,6,3,full,white,en,,1.1.5,
16533,de,German (Deutsch),lila,lila,Lila,rgb,104,3,126,6,4,full,white,en,,1.1.5,
16533,de,German (Deutsch),dunkelblaugrun,dunkel blaugrün,Dunkel Blaugrün,rgb,32,71,105,6,5,full,white,en,,1.1.5,
16533,de,German (Deutsch),pink,pink,Pink,rgb,254,55,243,6,6,full,white,en,,1.1.5,
16533,de,German (Deutsch),graublau,graublau,Graublau,rgb,165,190,199,6,7,full,white,en,,1.1.5,
16533,de,German (Deutsch),neongrun,neongrün,Neongrün,rgb,42,242,131,6,8,full,white,en,,1.1.5,
16533,de,German (Deutsch),blasgrun,blasgrün,Blasgrün,rgb,165,226,156,6,9,full,white,en,,1.1.5,
16533,de,German (Deutsch),knallorange,knallorange,Knallorange,rgb,243,87,3,6,10,full,white,en,,1.1.5,
16533,de,German (Deutsch),blassorange,blassorange,Blassorange,rgb,217,150,120,6,11,full,white,en,,1.1.5,
16579,de,German (Deutsch),braun,braun,Braun,rgb,92,17,24,1,0,full,white,en,,1.1.5,
16579,de,German (Deutsch),beige,beige,Beige,rgb,210,169,154,1,1,full,white,en,,1.1.5,
16579,de,German (Deutsch),rosa,rosa,Rosa,rgb,215,142,225,1,2,full,white,en,,1.1.5,
16579,de,German (Deutsch),pink,pink,Pink,rgb,237,6,208,1,3,full,white,en,,1.1.5,
16579,de,German (Deutsch),dunkelgrun,dunkelgrün,Dunkelgrün,rgb,20,146,117,1,4,full,white,en,,1.1.5,
16579,de,German (Deutsch),dunkelblau,dunkelblau,Dunkelblau,rgb,36,1,81,1,5,full,white,en,,1.1.5,
16579,de,German (Deutsch),violett,violett,Violett,rgb,174,88,242,1,6,full,white,en,,1.1.5,
16579,de,German (Deutsch),gelb,gelb,Gelb,rgb,253,208,26,1,7,full,white,en,,1.1.5,
16579,de,German (Deutsch),orange,orange,Orange,rgb,225,95,51,1,8,full,white,en,,1.1.5,
16579,de,German (Deutsch),dunkelfrau,dunkelfrau,Dunkelfrau,rgb,69,59,57,1,9,full,white,en,,1.1.5,
16579,de,German (Deutsch),hellgrun,hellgrün,Hellgrün,rgb,38,214,125,1,10,full,white,en,,1.1.5,
16579,de,German (Deutsch),lila,lila,Lila,rgb,120,62,137,1,11,full,white,en,,1.1.5,
16579,de,German (Deutsch),moosgrun,moosgrün,Moosgrün,rgb,98,130,92,3,0,full,white,en,,1.1.5,
16579,de,German (Deutsch),dunkelrot,dunkelrot,Dunkelrot,rgb,157,12,69,3,1,full,white,en,,1.1.5,
16579,de,German (Deutsch),dunkelmoosgrun,dunkelmoosgrün,Dunkelmoosgrün,rgb,87,71,16,3,2,full,white,en,,1.1.5,
16579,de,German (Deutsch),grau,grau,Grau,rgb,157,173,177,3,3,full,white,en,,1.1.5,
16579,de,German (Deutsch),ocker,ocker,Ocker,rgb,203,146,74,3,4,full,white,en,,1.1.5,
16579,de,German (Deutsch),hellblaugrun,hellblaugrün,Hellblaugrün,rgb,79,191,179,3,5,full,white,en,,1.1.5,
16579,de,German (Deutsch),hellblau,hellblau,Hellblau,rgb,105,150,237,3,6,full,white,en,,1.1.5,
16579,de,German (Deutsch),rosa,rosa,Rosa,rgb,230,173,217,3,7,full,white,en,,1.1.5,
16579,de,German (Deutsch),blau,blau,Blau,rgb,9,65,121,3,8,full,white,en,,1.1.5,
16579,de,German (Deutsch),rot,rot,Rot,rgb,176,40,40,3,9,full,white,en,,1.1.5,
16579,de,German (Deutsch),dunkelblaugrun,dunkelblaugrün,Dunkelblaugrün,rgb,2,127,134,3,10,full,white,en,,1.1.5,
16579,de,German (Deutsch),hellgrun,hellgrün,Hellgrün,rgb,146,244,77,3,11,full,white,en,,1.1.5,
16579,de,German (Deutsch),blau,blau,Blau,rgb,13,104,203,6,0,full,white,en,,1.1.5,
16579,de,German (Deutsch),dunkelrosa,dunkelrosa,Dunkelrosa,rgb,179,41,132,6,1,full,white,en,,1.1.5,
16579,de,German (Deutsch),schwarz,schwarz,Schwarz,rgb,37,16,4,6,2,full,white,en,,1.1.5,
16579,de,German (Deutsch),indigo,indigo,Indigo,rgb,57,52,222,6,3,full,white,en,,1.1.5,
16579,de,German (Deutsch),grun,grün,Grün,rgb,54,163,38,6,4,full,white,en,,1.1.5,
16579,de,German (Deutsch),mattfrun,mattfrün,Mattfrün,rgb,147,188,134,6,5,full,white,en,,1.1.5,
16579,de,German (Deutsch),matthellgrun,matthellgrün,Matthellgrün,rgb,158,240,138,6,6,full,white,en,,1.1.5,
16579,de,German (Deutsch),dunkelgrun,dunkelgrün,dunkelgrün,rgb,3,63,48,6,7,full,white,en,,1.1.5,
16579,de,German (Deutsch),gelbgrun,gelbgrün,Gelbgrün,rgb,193,208,96,6,8,full,white,en,,1.1.5,
16579,de,German (Deutsch),dunkelblaugrun,dunkelblaugrün,Dunkelblaugrün,rgb,82,82,108,6,9,full,white,en,,1.1.5,
16579,de,German (Deutsch),orangerot,orangerot,Orangerot,rgb,243,56,18,6,10,full,white,en,,1.1.5,
16579,de,German (Deutsch),rosa,rosa,Rosa,rgb,235,106,173,6,11,full,white,en,,1.1.5,
16676,de,German (Deutsch),altrosa,altrosa,Altrosa,rgb,174,48,84,1,0,full,white,en,,1.1.5,
16676,de,German (Deutsch),goldgelb,goldgelb,Goldgelb,rgb,242,180,47,1,1,full,white,en,,1.1.5,
16676,de,German (Deutsch),grun,grün,Grün,rgb,24,175,146,1,2,full,white,en,,1.1.5,
16676,de,German (Deutsch),gelb,gelb,Gelb,rgb,244,190,108,1,3,full,white,en,,1.1.5,
16676,de,German (Deutsch),turkis,türkis,Türkis,rgb,32,228,234,1,4,full,white,en,,1.1.5,
16676,de,German (Deutsch),blau,blau,Blau,rgb,52,177,255,1,5,full,white,en,,1.1.5,
16676,de,German (Deutsch),rotlichbraun,rötlichbraun,Rötlichbraun,rgb,88,49,61,1,6,full,white,en,,1.1.5,
16676,de,German (Deutsch),tiefblau,tiefblau,Tiefblau,rgb,37,124,195,1,7,full,white,en,,1.1.5,
16676,de,German (Deutsch),hellesaltrosa,helles altrosa,Helles Altrosa,rgb,178,103,129,1,8,full,white,en,,1.1.5,
16676,de,German (Deutsch),hellgrau,hellgrau,Hellgrau,rgb,162,184,201,1,9,full,white,en,,1.1.5,
16676,de,German (Deutsch),lila,lila,Lila,rgb,116,11,253,1,10,full,white,en,,1.1.5,
16676,de,German (Deutsch),graulila,graulila,Graulila,rgb,125,119,166,1,11,full,white,en,,1.1.5,
16676,de,German (Deutsch),pink,pink,Pink,rgb,220,39,182,3,0,full,white,en,,1.1.5,
16676,de,German (Deutsch),grun,grün,Grün,rgb,173,168,17,3,1,full,white,en,,1.1.5,
16676,de,German (Deutsch),grun,grün,Grün,rgb,40,190,114,3,2,full,white,en,,1.1.5,
16676,de,German (Deutsch),blau,blau,Blau,rgb,95,124,228,3,3,full,white,en,,1.1.5,
16676,de,German (Deutsch),rosa,rosa,Rosa,rgb,221,125,236,3,4,full,white,en,,1.1.5,
16676,de,German (Deutsch),pink,pink,Pink,rgb,234,87,252,3,5,full,white,en,,1.1.5,
16676,de,German (Deutsch),blau,blau,Blau,rgb,97,202,237,3,6,full,white,en,,1.1.5,
16676,de,German (Deutsch),blaugrun,blaugrün,Blaugrün,rgb,30,102,87,3,7,full,white,en,,1.1.5,
16676,de,German (Deutsch),violett,violett,Violett,rgb,130,82,232,3,8,full,white,en,,1.1.5,
16676,de,German (Deutsch),hellgrun,hellgrün,Hellgrün,rgb,152,217,120,3,9,full,white,en,,1.1.5,
16676,de,German (Deutsch),grasgrun,grasgrün,Grasgrün,rgb,36,201,23,3,10,full,white,en,,1.1.5,
16676,de,German (Deutsch),braun,braun,Braun,rgb,125,103,2,3,11,full,white,en,,1.1.5,
16676,de,German (Deutsch),braun,braun,Braun,rgb,247,215,193,6,0,full,white,en,,1.1.5,
16676,de,German (Deutsch),grun,grün,Grün,rgb,55,245,157,6,1,full,white,en,,1.1.5,
16676,de,German (Deutsch),hautfarben,hautfarben,Hautfarben,rgb,251,142,143,6,2,full,white,en,,1.1.5,
16676,de,German (Deutsch),graubraun,graubraun,Graubraun,rgb,178,167,146,6,3,full,white,en,,1.1.5,
16676,de,German (Deutsch),hellbraun,hellbraun,Hellbraun,rgb,185,116,98,6,4,full,white,en,,1.1.5,
16676,de,German (Deutsch),dunkelbraun,dunkelbraun,Dunkelbraun,rgb,48,19,2,6,5,full,white,en,,1.1.5,
16676,de,German (Deutsch),rotlila,rotlila,Rotlila,rgb,152,3,127,6,6,full,white,en,,1.1.5,
16676,de,German (Deutsch),blau,blau,Blau,rgb,52,72,179,6,7,full,white,en,,1.1.5,
16676,de,German (Deutsch),rot,rot,Rot,rgb,255,70,131,6,8,full,white,en,,1.1.5,
16676,de,German (Deutsch),violett,violett,Violett,rgb,78,30,156,6,9,full,white,en,,1.1.5,
16676,de,German (Deutsch),grun,grün,Grün,rgb,156,218,187,6,10,full,white,en,,1.1.5,
16676,de,German (Deutsch),turkis,türkis,Türkis,rgb,17,163,168,6,11,full,white,en,,1.1.5,
16703,de,German (Deutsch),turkis,türkis,Türkis,rgb,11,164,157,1,0,full,white,en,,1.1.5,
16703,de,German (Deutsch),rot,rot,Rot,rgb,227,110,110,1,1,full,white,en,,1.1.5,
16703,de,German (Deutsch),gelb,gelb,Gelb,rgb,214,171,24,1,2,full,white,en,,1.1.5,
16703,de,German (Deutsch),grau,grau,Grau,rgb,173,161,161,1,3,full,white,en,,1.1.5,
16703,de,German (Deutsch),grun,grün,Grün,rgb,34,219,105,1,4,full,white,en,,1.1.5,
16703,de,German (Deutsch),grun,grün,Grün,rgb,42,118,67,1,5,full,white,en,,1.1.5,
16703,de,German (Deutsch),hautfarbe,hautfarbe,Hautfarbe,rgb,234,180,156,1,6,full,white,en,,1.1.5,
16703,de,German (Deutsch),rot,rot,Rot,rgb,255,78,85,1,7,full,white,en,,1.1.5,
16703,de,German (Deutsch),lila,lila,Lila,rgb,143,73,192,1,8,full,white,en,,1.1.5,
16703,de,German (Deutsch),lila,lila,Lila,rgb,140,129,203,1,9,full,white,en,,1.1.5,
16703,de,German (Deutsch),blau,blau,Blau,rgb,63,147,178,1,10,full,white,en,,1.1.5,
16703,de,German (Deutsch),pink,pink,Pink,rgb,220,62,234,1,11,full,white,en,,1.1.5,
16703,de,German (Deutsch),grau,grau,Grau,rgb,203,214,200,3,0,full,white,en,,1.1.5,
16703,de,German (Deutsch),gelb,gelb,Gelb,rgb,243,252,194,3,1,full,white,en,,1.1.5,
16703,de,German (Deutsch),dunkelblau,dunkelblau,Dunkelblau,rgb,24,79,86,3,2,full,white,en,,1.1.5,
16703,de,German (Deutsch),blau,blau,Blau,rgb,35,71,172,3,3,full,white,en,,1.1.5,
16703,de,German (Deutsch),lila,lila,Lila,rgb,145,13,191,3,4,full,white,en,,1.1.5,
16703,de,German (Deutsch),blau,blau,Blau,rgb,20,39,238,3,5,full,white,en,,1.1.5,
16703,de,German (Deutsch),schwarz,schwarz,Schwarz,rgb,11,69,2,3,6,full,white,en,,1.1.5,
16703,de,German (Deutsch),pink,pink,Pink,rgb,211,14,105,3,7,full,white,en,,1.1.5,
16703,de,German (Deutsch),rot,rot,Rot,rgb,202,47,4,3,8,full,white,en,,1.1.5,
16703,de,German (Deutsch),gelb,gelb,Gelb,rgb,231,216,1,3,9,full,white,en,,1.1.5,
16703,de,German (Deutsch),grun,grün,Grün,rgb,172,245,106,3,10,full,white,en,,1.1.5,
16703,de,German (Deutsch),dunkellila,dunkellila,Dunkellila,rgb,64,53,84,3,11,full,white,en,,1.1.5,
16718,de,German (Deutsch),grun,grün,Grün,rgb,50,255,116,1,0,full,white,en,,1.1.5,
16718,de,German (Deutsch),grun,grün,Grün,rgb,198,251,184,1,1,full,white,en,,1.1.5,
16718,de,German (Deutsch),rot,rot,Rot,rgb,207,42,92,1,2,full,white,en,,1.1.5,
16718,de,German (Deutsch),grun,grün,Grün,rgb,74,155,48,1,3,full,white,en,,1.1.5,
16718,de,German (Deutsch),grun,grün,Grün,rgb,114,179,137,1,4,full,white,en,,1.1.5,
16718,de,German (Deutsch),dunkelblau,dunkelblau,Dunkelblau,rgb,79,68,172,1,5,full,white,en,,1.1.5,
16718,de,German (Deutsch),grun,grün,Grün,rgb,160,255,64,1,6,full,white,en,,1.1.5,
16718,de,German (Deutsch),violett,violett,Violett,rgb,166,56,209,1,7,full,white,en,,1.1.5,
16718,de,German (Deutsch),blau,blau,Blau,rgb,6,98,122,1,8,full,white,en,,1.1.5,
16718,de,German (Deutsch),dunkelrot,dunkelrot,Dunkelrot,rgb,129,24,35,1,9,full,white,en,,1.1.5,
16718,de,German (Deutsch),gelb,gelb,Gelb,rgb,207,207,62,1,10,full,white,en,,1.1.5,
16718,de,German (Deutsch),violett,violett,Violett,rgb,179,109,226,1,11,full,white,en,,1.1.5,
16718,de,German (Deutsch),rosa,rosa,Rosa,rgb,239,112,241,3,0,full,white,en,,1.1.5,
16718,de,German (Deutsch),grau,grau,Grau,rgb,230,247,230,3,1,full,white,en,,1.1.5,
16718,de,German (Deutsch),orange,orange,Orange,rgb,226,163,113,3,2,full,white,en,,1.1.5,
16718,de,German (Deutsch),dunkelblau,dunkelblau,Dunkelblau,rgb,12,59,94,3,3,full,white,en,,1.1.5,
16718,de,German (Deutsch),hellblau,hellblau,Hellblau,rgb,134,204,236,3,4,full,white,en,,1.1.5,
16718,de,German (Deutsch),rot,rot,Rot,rgb,216,38,18,3,5,full,white,en,,1.1.5,
16718,de,German (Deutsch),dunkelblau,dunkelblau,Dunkelblau,rgb,26,22,93,3,6,full,white,en,,1.1.5,
16718,de,German (Deutsch),rosa,rosa,Rosa,rgb,227,95,187,3,7,full,white,en,,1.1.5,
16718,de,German (Deutsch),blau,blau,Blau,rgb,83,17,231,3,8,full,white,en,,1.1.5,
16718,de,German (Deutsch),violett,violett,Violett,rgb,135,8,140,3,9,full,white,en,,1.1.5,
16718,de,German (Deutsch),grun,grün,Grün,rgb,151,230,205,3,10,full,white,en,,1.1.5,
16718,de,German (Deutsch),blau,blau,Blau,rgb,31,220,207,3,11,full,white,en,,1.1.5,
16718,de,German (Deutsch),rot,rot,Rot,rgb,214,55,64,6,0,full,white,en,,1.1.5,
16718,de,German (Deutsch),braun,braun,Braun,rgb,127,61,18,6,1,full,white,en,,1.1.5,
16718,de,German (Deutsch),beige,beige,Beige,rgb,188,171,98,6,2,full,white,en,,1.1.5,
16718,de,German (Deutsch),blau,blau,Blau,rgb,125,166,226,6,3,full,white,en,,1.1.5,
16718,de,German (Deutsch),violett,violett,Violett,rgb,146,77,116,6,4,full,white,en,,1.1.5,
16718,de,German (Deutsch),schwarz,schwarz,Schwarz,rgb,71,53,70,6,5,full,white,en,,1.1.5,
16718,de,German (Deutsch),grun,grün,Grün,rgb,69,119,63,6,6,full,white,en,,1.1.5,
16718,de,German (Deutsch),grun,grün,Grün,rgb,86,233,172,6,7,full,white,en,,1.1.5,
16718,de,German (Deutsch),gelb,gelb,Gelb,rgb,234,244,7,6,8,full,white,en,,1.1.5,
16718,de,German (Deutsch),braun,braun,Braun,rgb,108,98,69,6,9,full,white,en,,1.1.5,
16718,de,German (Deutsch),violett,violett,Violett,rgb,163,134,161,6,10,full,white,en,,1.1.5,
16718,de,German (Deutsch),grun,grün,Grün,rgb,131,204,38,6,11,full,white,en,,1.1.5,
17322,de,German (Deutsch),oliv,oliv,Oliv,rgb,91,81,43,1,0,full,white,en,,1.1.5,
17322,de,German (Deutsch),ocher,ocher,Ocher,rgb,217,150,86,1,1,full,white,en,,1.1.5,
17322,de,German (Deutsch),blau,blau,Blau,rgb,41,156,246,1,2,full,white,en,,1.1.5,
17322,de,German (Deutsch),himbeerrot,himbeerrot,Himbeerrot,rgb,184,72,91,1,3,full,white,en,,1.1.5,
17322,de,German (Deutsch),lila,lila,Lila,rgb,141,55,153,1,4,full,white,en,,1.1.5,
17322,de,German (Deutsch),dunkelblau,dunkelblau,Dunkelblau,rgb,70,64,168,1,5,full,white,en,,1.1.5,
17322,de,German (Deutsch),grun,grün,Grün,rgb,16,222,135,1,6,full,white,en,,1.1.5,
17322,de,German (Deutsch),azurblau,azurblau,Azurblau,rgb,17,69,213,1,7,full,white,en,,1.1.5,
17322,de,German (Deutsch),salatgrun,salatgrün,Salatgrün,rgb,145,220,84,1,8,full,white,en,,1.1.5,
17322,de,German (Deutsch),violet,violet,Violet,rgb,152,129,167,1,9,full,white,en,,1.1.5,
17322,de,German (Deutsch),mitternachtsblau,mitternachtsblau,Mitternachtsblau,rgb,53,55,107,1,10,full,white,en,,1.1.5,
17322,de,German (Deutsch),grun,grün,Grün,rgb,30,144,75,1,11,full,white,en,,1.1.5,
17365,de,German (Deutsch),grun,grün,Grün,rgb,41,124,2,1,0,full,white,en,,1.1.5,
17365,de,German (Deutsch),senfgelb,senfgelb,Senfgelb,rgb,210,186,94,1,1,full,white,en,,1.1.5,
17365,de,German (Deutsch),magenta,magenta,Magenta,rgb,230,148,252,1,2,full,white,en,,1.1.5,
17365,de,German (Deutsch),mint,mint,Mint,rgb,136,177,174,1,3,full,white,en,,1.1.5,
17365,de,German (Deutsch),marine,marine,Marine,rgb,75,104,210,1,4,full,white,en,,1.1.5,
17365,de,German (Deutsch),petrol,petrol,Petrol,rgb,21,143,138,1,5,full,white,en,,1.1.5,
17365,de,German (Deutsch),hellgrun,hellgrün,Hellgrün,rgb,217,243,174,1,6,full,white,en,,1.1.5,
17365,de,German (Deutsch),orange,orange,Orange,rgb,246,159,39,1,7,full,white,en,,1.1.5,
17365,de,German (Deutsch),neongrun,neongrün,Neongrün,rgb,83,248,42,1,8,full,white,en,,1.1.5,
17365,de,German (Deutsch),turkis,türkis,Türkis,rgb,113,253,207,1,9,full,white,en,,1.1.5,
17365,de,German (Deutsch),konigsblau,königsblau,Königsblau,rgb,21,17,251,1,10,full,white,en,,1.1.5,
17365,de,German (Deutsch),lila,lila,Lila,rgb,196,11,239,1,11,full,white,en,,1.1.5,
17365,de,German (Deutsch),nachtblau,nachtblau,Nachtblau,rgb,67,29,128,3,0,full,white,en,,1.1.5,
17365,de,German (Deutsch),braun,braun,Braun,rgb,180,103,23,3,1,full,white,en,,1.1.5,
17365,de,German (Deutsch),violett,violett,Violett,rgb,160,90,138,3,2,full,white,en,,1.1.5,
17365,de,German (Deutsch),helllila,helllila,Helllila,rgb,181,185,249,3,3,full,white,en,,1.1.5,
17365,de,German (Deutsch),blau,blau,Blau,rgb,83,120,150,3,4,full,white,en,,1.1.5,
17365,de,German (Deutsch),zinnoberrot,zinnoberrot,Zinnoberrot,rgb,203,30,81,3,5,full,white,en,,1.1.5,
17365,de,German (Deutsch),aqua,aqua,Aqua,rgb,57,233,246,3,6,full,white,en,,1.1.5,
17365,de,German (Deutsch),navy,navy,Navy,rgb,49,9,78,3,7,full,white,en,,1.1.5,
17365,de,German (Deutsch),lila,lila,Lila,rgb,132,125,195,3,8,full,white,en,,1.1.5,
17365,de,German (Deutsch),dunkelblau,dunkelblau,Dunkelblau,rgb,7,47,102,3,9,full,white,en,,1.1.5,
17365,de,German (Deutsch),backsteinrot,backsteinrot,Backsteinrot,rgb,217,114,97,3,10,full,white,en,,1.1.5,
17365,de,German (Deutsch),purpur,purpur,Purpur,rgb,149,26,118,3,11,full,white,en,,1.1.5,
17365,de,German (Deutsch),aschbraun,aschbraun,Aschbraun,rgb,179,136,148,6,0,full,white,en,,1.1.5,
17365,de,German (Deutsch),okra,okra,Okra,rgb,225,220,51,6,1,full,white,en,,1.1.5,
17365,de,German (Deutsch),dunkelgrun,dunkelgrün,Dunkelgrün,rgb,34,89,92,6,2,full,white,en,,1.1.5,
17365,de,German (Deutsch),grun,grün,Grün,rgb,84,197,101,6,3,full,white,en,,1.1.5,
17365,de,German (Deutsch),ultramarin,ultramarin,Ultramarin,rgb,80,56,217,6,4,full,white,en,,1.1.5,
17365,de,German (Deutsch),dunkelbraun,dunkelbraun,Dunkelbraun,rgb,92,60,72,6,5,full,white,en,,1.1.5,
17365,de,German (Deutsch),pink,pink,Pink,rgb,249,24,151,6,6,full,white,en,,1.1.5,
17365,de,German (Deutsch),schokobraun,schokobraun,Schokobraun,rgb,90,63,26,6,7,full,white,en,,1.1.5,
17365,de,German (Deutsch),purpur,purpur,Purpur,rgb,134,42,182,6,8,full,white,en,,1.1.5,
17365,de,German (Deutsch),laubgrun,laubgrün,Laubgrün,rgb,84,125,66,6,9,full,white,en,,1.1.5,
17365,de,German (Deutsch),orange,orange,Orange,rgb,251,103,50,6,10,full,white,en,,1.1.5,
17365,de,German (Deutsch),rosa,rosa,Rosa,rgb,253,132,149,6,11,full,white,en,,1.1.5,
18198,de,German (Deutsch),turkis,türkis,türkis,rgb,31,170,177,1,0,full,white,en,,1.1.5,
18198,de,German (Deutsch),flieder,flieder,flieder,rgb,168,122,187,1,1,full,white,en,,1.1.5,
18198,de,German (Deutsch),himmelblau,himmelblau,himmelblau,rgb,95,179,217,1,2,full,white,en,,1.1.5,
18198,de,German (Deutsch),braun,braun,braun,rgb,68,45,36,1,3,full,white,en,,1.1.5,
18198,de,German (Deutsch),neongrun,neongrün,neongrün,rgb,71,254,28,1,4,full,white,en,,1.1.5,
18198,de,German (Deutsch),magenta,magenta,magenta,rgb,183,66,142,1,5,full,white,en,,1.1.5,
18198,de,German (Deutsch),orange,orange,orange,rgb,237,132,95,1,6,full,white,en,,1.1.5,
18198,de,German (Deutsch),turkis,türkis,türkis,rgb,71,214,192,1,7,full,white,en,,1.1.5,
18198,de,German (Deutsch),grun,grün,grün,rgb,98,252,106,1,8,full,white,en,,1.1.5,
18198,de,German (Deutsch),rosa,rosa,rosa,rgb,252,181,204,1,9,full,white,en,,1.1.5,
18198,de,German (Deutsch),lila,lila,lila,rgb,168,83,205,1,10,full,white,en,,1.1.5,
18198,de,German (Deutsch),lila,lila,lila,rgb,107,70,121,1,11,full,white,en,,1.1.5,
18198,de,German (Deutsch),rosa,rosa,rosa,rgb,243,153,211,3,0,full,white,en,,1.1.5,
18198,de,German (Deutsch),golden,golden,golden,rgb,185,158,26,3,1,full,white,en,,1.1.5,
18198,de,German (Deutsch),gelb,gelb,gelb,rgb,234,215,41,3,3,full,white,en,,1.1.5,
18198,de,German (Deutsch),grasgrun,grasgrün,grasgrün,rgb,89,147,39,3,4,full,white,en,,1.1.5,
18198,de,German (Deutsch),tanne,tanne,tanne,rgb,68,88,67,3,5,full,white,en,,1.1.5,
18198,de,German (Deutsch),blau,blau,blau,rgb,32,83,174,3,6,full,white,en,,1.1.5,
18198,de,German (Deutsch),dunkellila,dunkellila,dunkellila,rgb,55,1,81,3,7,full,white,en,,1.1.5,
18198,de,German (Deutsch),pink,pink,pink,rgb,255,101,195,3,8,full,white,en,,1.1.5,
18198,de,German (Deutsch),dunklesgrun,dunkles grün,dunkles grün,rgb,18,45,2,3,9,full,white,en,,1.1.5,
18198,de,German (Deutsch),neongrun,neongrün,neongrün,rgb,180,251,14,3,10,full,white,en,,1.1.5,
18198,de,German (Deutsch),rosarot,rosarot,rosarot,rgb,222,115,146,3,11,full,white,en,,1.1.5,
18198,de,German (Deutsch),rot,rot,rot,rgb,222,37,18,6,0,full,white,en,,1.1.5,
18198,de,German (Deutsch),aubergine,aubergine,aubergine,rgb,121,27,116,6,1,full,white,en,,1.1.5,
18198,de,German (Deutsch),rost,rost,rost,rgb,190,105,7,6,2,full,white,en,,1.1.5,
18198,de,German (Deutsch),blau,blau,blau,rgb,64,56,242,6,3,full,white,en,,1.1.5,
18198,de,German (Deutsch),flieder,flieder,flieder,rgb,151,31,198,6,4,full,white,en,,1.1.5,
18198,de,German (Deutsch),rotpink,rotpink,rotpink,rgb,202,11,84,6,5,full,white,en,,1.1.5,
18198,de,German (Deutsch),blau,blau,blau,rgb,160,248,248,6,6,full,white,en,,1.1.5,
18198,de,German (Deutsch),flieder,flieder,flieder,rgb,229,147,246,6,7,full,white,en,,1.1.5,
18198,de,German (Deutsch),rotbraun,rotbraun,rotbraun,rgb,129,26,63,6,8,full,white,en,,1.1.5,
18198,de,German (Deutsch),orangerot,orangerot,orangerot,rgb,220,86,83,6,9,full,white,en,,1.1.5,
18198,de,German (Deutsch),grun,grün,grün,rgb,100,176,4,6,10,full,white,en,,1.1.5,
18198,de,German (Deutsch),turkis,türkis,türkis,rgb,60,245,159,6,11,full,white,en,,1.1.5,
18833,de,German (Deutsch),rot,rot,Rot,rgb,243,3,52,1,0,full,white,en,,1.1.5,
18833,de,German (Deutsch),dunkelgrun,dunkelgrün,Dunkelgrün,rgb,74,100,14,1,1,full,white,en,,1.1.5,
18833,de,German (Deutsch),blau,blau,Blau,rgb,6,162,190,1,2,full,white,en,,1.1.5,
18833,de,German (Deutsch),olivgrun,olivgrün,Olivgrün,rgb,153,160,127,1,3,full,white,en,,1.1.5,
18833,de,German (Deutsch),grun,grün,Grün,rgb,145,212,170,1,4,full,white,en,,1.1.5,
18833,de,German (Deutsch),dunkelblau,dunkelblau,Dunkelblau,rgb,60,72,141,1,6,full,white,en,,1.1.5,
18833,de,German (Deutsch),braun,braun,Braun,rgb,231,209,92,1,7,full,white,en,,1.1.5,
18833,de,German (Deutsch),turkis,türkis,Türkis,rgb,150,228,229,1,8,full,white,en,,1.1.5,
18833,de,German (Deutsch),pink,pink,Pink,rgb,248,124,213,1,9,full,white,en,,1.1.5,
18833,de,German (Deutsch),blau,blau,Blau,rgb,2,121,222,1,10,full,white,en,,1.1.5,
18833,de,German (Deutsch),grasgrun,grasgrün,Grasgrün,rgb,101,230,164,1,11,full,white,en,,1.1.5,
18833,de,German (Deutsch),blau,blau,Blau,rgb,22,11,79,3,0,full,white,en,,1.1.5,
18833,de,German (Deutsch),dunkelbraun,dunkelbraun,Dunkelbraun,rgb,92,77,32,3,1,full,white,en,,1.1.5,
18833,de,German (Deutsch),grun,grün,Grün,rgb,74,158,81,3,2,full,white,en,,1.1.5,
18833,de,German (Deutsch),dunkelgrun,dunkelgrün,Dunkelgrün,rgb,65,117,107,3,3,full,white,en,,1.1.5,
18833,de,German (Deutsch),rot,rot,Rot,rgb,157,75,25,3,4,full,white,en,,1.1.5,
18833,de,German (Deutsch),lila,lila,Lila,rgb,186,157,215,3,5,full,white,en,,1.1.5,
18833,de,German (Deutsch),pink,pink,Pink,rgb,250,5,153,3,6,full,white,en,,1.1.5,
18833,de,German (Deutsch),grun,grün,Grün,rgb,134,168,41,3,7,full,white,en,,1.1.5,
18833,de,German (Deutsch),rot,rot,Rot,rgb,249,105,134,3,8,full,white,en,,1.1.5,
18833,de,German (Deutsch),grun,grün,Grün,rgb,175,241,95,3,9,full,white,en,,1.1.5,
18833,de,German (Deutsch),grun,grün,Grün,rgb,12,221,72,3,10,full,white,en,,1.1.5,
18833,de,German (Deutsch),violett,violett,Violett,rgb,79,10,64,3,11,full,white,en,,1.1.5,
18833,de,German (Deutsch),blau,blau,Blau,rgb,21,172,247,6,0,full,white,en,,1.1.5,
18833,de,German (Deutsch),grun,grün,Grün,rgb,128,246,20,6,1,full,white,en,,1.1.5,
18833,de,German (Deutsch),violett,violett,Violett,rgb,151,105,243,6,2,full,white,en,,1.1.5,
18833,de,German (Deutsch),blau,blau,Blau,rgb,42,60,213,6,3,full,white,en,,1.1.5,
18833,de,German (Deutsch),lila,lila,Lila,rgb,184,42,200,6,4,full,white,en,,1.1.5,
18833,de,German (Deutsch),violett,violett,Violett,rgb,137,36,233,6,5,full,white,en,,1.1.5,
18833,de,German (Deutsch),braunrot,braunrot,Braunrot,rgb,198,137,16,6,6,full,white,en,,1.1.5,
18833,de,German (Deutsch),violett,violett,Violett,rgb,139,74,142,6,7,full,white,en,,1.1.5,
18833,de,German (Deutsch),blau,blau,Blau,rgb,133,150,233,6,8,full,white,en,,1.1.5,
18833,de,German (Deutsch),rot,rot,Rot,rgb,155,83,95,6,9,full,white,en,,1.1.5,
18833,de,German (Deutsch),blau,blau,Blau,rgb,28,25,139,6,10,full,white,en,,1.1.5,
18833,de,German (Deutsch),braun,braun,Braun,rgb,153,126,120,6,11,full,white,en,,1.1.5,
19078,de,German (Deutsch),lila,lila,Lila,rgb,128,72,195,1,0,full,white,en,,1.1.5,
19078,de,German (Deutsch),royalblau,royalblau,Royalblau,rgb,57,73,221,1,1,full,white,en,,1.1.5,
19078,de,German (Deutsch),himbeere,himbeere,Himbeere,rgb,211,55,163,1,2,full,white,en,,1.1.5,
19078,de,German (Deutsch),flieder,flieder,Flieder,rgb,172,131,182,1,3,full,white,en,,1.1.5,
19078,de,German (Deutsch),navyblau,navy blau,Navy blau,rgb,64,77,117,1,4,full,white,en,,1.1.5,
19078,de,German (Deutsch),rostrot,rostrot,Rostrot,rgb,210,74,26,1,5,full,white,en,,1.1.5,
19078,de,German (Deutsch),terracotta,terracotta,Terracotta,rgb,225,124,83,1,6,full,white,en,,1.1.5,
19078,de,German (Deutsch),lila,lila,Lila,rgb,210,33,247,1,7,full,white,en,,1.1.5,
19078,de,German (Deutsch),waldgrun,waldgrün,Waldgrün,rgb,91,129,86,1,8,full,white,en,,1.1.5,
19078,de,German (Deutsch),grun,grün,Grün,rgb,90,189,110,1,9,full,white,en,,1.1.5,
19078,de,German (Deutsch),blassgrun,blassgrün,Blassgrün,rgb,212,226,185,1,10,full,white,en,,1.1.5,
19078,de,German (Deutsch),turkis,türkis,Türkis,rgb,65,175,194,1,11,full,white,en,,1.1.5,
19078,de,German (Deutsch),blau,blau,Blau,rgb,13,137,219,3,0,full,white,en,,1.1.5,
19078,de,German (Deutsch),schwarzblau,schwarzblau,Schwarzblau,rgb,66,25,39,3,1,full,white,en,,1.1.5,
19078,de,German (Deutsch),oliv,oliv,Oliv,rgb,136,139,18,3,2,full,white,en,,1.1.5,
19078,de,German (Deutsch),grun,grün,Grün,rgb,206,213,224,3,3,full,white,en,,1.1.5,
19078,de,German (Deutsch),hellturkis,helltürkis,Helltürkis,rgb,149,248,223,3,4,full,white,en,,1.1.5,
19078,de,German (Deutsch),orange,orange,Orange,rgb,253,141,47,3,5,full,white,en,,1.1.5,
19078,de,German (Deutsch),rosa,rosa,Rosa,rgb,240,159,159,3,6,full,white,en,,1.1.5,
19078,de,German (Deutsch),kaki,kaki,Kaki,rgb,159,164,97,3,7,full,white,en,,1.1.5,
19078,de,German (Deutsch),braun,braun,Braun,rgb,163,103,59,3,8,full,white,en,,1.1.5,
19078,de,German (Deutsch),neongrun,neongrün,Neongrün,rgb,132,238,100,3,9,full,white,en,,1.1.5,
19078,de,German (Deutsch),beere,beere,Beere,rgb,154,33,74,3,10,full,white,en,,1.1.5,
19078,de,German (Deutsch),sonnengelb,sonnengelb,Sonnengelb,rgb,252,237,130,3,11,full,white,en,,1.1.5,
19078,de,German (Deutsch),grun,grün,Grün,rgb,142,192,75,6,0,full,white,en,,1.1.5,
19078,de,German (Deutsch),okker,okker,Okker,rgb,212,154,12,6,1,full,white,en,,1.1.5,
19078,de,German (Deutsch),schwarzbraun,schwarzbraun,Schwarzbraun,rgb,89,69,8,6,2,full,white,en,,1.1.5,
19078,de,German (Deutsch),schwarzgrun,schwarzgrün,Schwarzgrün,rgb,4,71,51,6,3,full,white,en,,1.1.5,
19078,de,German (Deutsch),schwarz,schwarz,Schwarz,rgb,49,75,81,6,4,full,white,en,,1.1.5,
19078,de,German (Deutsch),hellgrun,hellgrün,Hellgrün,rgb,179,248,160,6,5,full,white,en,,1.1.5,
19078,de,German (Deutsch),navyblau,navyblau,Navyblau,rgb,24,43,107,6,6,full,white,en,,1.1.5,
19078,de,German (Deutsch),neongrun,neongrün,Neongrün,rgb,25,238,49,6,7,full,white,en,,1.1.5,
19078,de,German (Deutsch),ziegelrot,ziegelrot,Ziegelrot,rgb,254,101,94,6,8,full,white,en,,1.1.5,
19078,de,German (Deutsch),kornblumenblau,kornblumenblau,Kornblumenblau,rgb,46,132,179,6,9,full,white,en,,1.1.5,
19078,de,German (Deutsch),grungelb,grüngelb,Grüngelb,rgb,209,248,119,6,10,full,white,en,,1.1.5,
19078,de,German (Deutsch),goldgelb,goldgelb,Goldgelb,rgb,253,209,61,6,11,full,white,en,,1.1.5,
19080,de,German (Deutsch),lila,lila,Lila,rgb,69,17,127,1,0,full,white,en,,1.1.5,
19080,de,German (Deutsch),fuchsia,fuchsia,Fuchsia,rgb,146,32,169,1,1,full,white,en,,1.1.5,
19080,de,German (Deutsch),salbei,salbei,Salbei,rgb,176,197,151,1,2,full,white,en,,1.1.5,
19080,de,German (Deutsch),kahki,kahki,Kahki,rgb,60,63,34,1,3,full,white,en,,1.1.5,
19080,de,German (Deutsch),hellblau,hellblau,Hellblau,rgb,111,229,254,1,4,full,white,en,,1.1.5,
19080,de,German (Deutsch),grun,grün,Grün,rgb,94,181,146,1,5,full,white,en,,1.1.5,
19080,de,German (Deutsch),blau,blau,Blau,rgb,81,159,201,1,6,full,white,en,,1.1.5,
19080,de,German (Deutsch),bordeaux,bordeaux,Bordeaux,rgb,106,8,78,1,7,full,white,en,,1.1.5,
19080,de,German (Deutsch),braun,braun,Braun,rgb,94,55,18,1,8,full,white,en,,1.1.5,
19080,de,German (Deutsch),vlida,vlida,Vlida,rgb,154,150,245,1,9,full,white,en,,1.1.5,
19080,de,German (Deutsch),lila,lila,Lila,rgb,157,112,153,1,10,full,white,en,,1.1.5,
19080,de,German (Deutsch),dunkelbraun,dunkelbraun,Dunkelbraun,rgb,71,27,50,1,11,full,white,en,,1.1.5,
19340,de,German (Deutsch),grun,gruen,gruen,rgb,76,197,27,1,0,full,white,en,,1.1.5,
19340,de,German (Deutsch),rotbraun,rotbraun,rotbraun,rgb,147,53,60,1,1,full,white,en,,1.1.5,
19340,de,German (Deutsch),violet,violet,violet,rgb,124,3,119,1,2,full,white,en,,1.1.5,
19340,de,German (Deutsch),tuerkies,tuerkies,tuerkies,rgb,94,181,224,1,3,full,white,en,,1.1.5,
19340,de,German (Deutsch),pink,pink,pink,rgb,207,78,145,1,4,full,white,en,,1.1.5,
19340,de,German (Deutsch),rot,rot,rot,rgb,254,22,29,1,5,full,white,en,,1.1.5,
19340,de,German (Deutsch),braun,braun,braun,rgb,140,48,12,1,6,full,white,en,,1.1.5,
19340,de,German (Deutsch),blaugrau,blaugrau,blaugrau,rgb,57,82,100,1,7,full,white,en,,1.1.5,
19340,de,German (Deutsch),bordeaux,bordeaux,bordeaux,rgb,98,8,70,1,8,full,white,en,,1.1.5,
19340,de,German (Deutsch),blassgrun,blassgruen,blassgruen,rgb,15,201,115,1,9,full,white,en,,1.1.5,
19340,de,German (Deutsch),flieder,flieder,flieder,rgb,186,102,185,1,10,full,white,en,,1.1.5,
19339,de,German (Deutsch),orange,orange,Orange,rgb,217,78,40,1,0,full,white,en,,1.1.5,
19339,de,German (Deutsch),grun,grün,Grün,rgb,86,118,31,1,1,full,white,en,,1.1.5,
19339,de,German (Deutsch),grun,grün,Grün,rgb,122,237,75,1,2,full,white,en,,1.1.5,
19339,de,German (Deutsch),violett,violett,Violett,rgb,96,76,222,1,3,full,white,en,,1.1.5,
19339,de,German (Deutsch),magenta,magenta,Magenta,rgb,190,31,99,1,4,full,white,en,,1.1.5,
19339,de,German (Deutsch),violett,violett,Violett,rgb,85,72,169,1,5,full,white,en,,1.1.5,
19339,de,German (Deutsch),violett,violett,Violett,rgb,135,122,164,1,6,full,white,en,,1.1.5,
19339,de,German (Deutsch),turkis,türkis,Türkis,rgb,54,187,181,1,7,full,white,en,,1.1.5,
19339,de,German (Deutsch),weiß,weiß,Weiß,rgb,238,246,223,1,8,full,white,en,,1.1.5,
19339,de,German (Deutsch),magenta,magenta,Magenta,rgb,156,28,141,1,9,full,white,en,,1.1.5,
19339,de,German (Deutsch),corall,corall,Corall,rgb,214,123,101,1,10,full,white,en,,1.1.5,
19339,de,German (Deutsch),braun,braun,Braun,rgb,19,40,9,1,11,full,white,en,,1.1.5,
19340,de,German (Deutsch),rotbraun,rotbraun,rotbraun,rgb,189,102,56,3,0,full,white,en,,1.1.5,
19340,de,German (Deutsch),dunkellila,dunkellila,dunkellila,rgb,90,75,133,3,1,full,white,en,,1.1.5,
19340,de,German (Deutsch),orange,orange,orange,rgb,201,132,38,3,2,full,white,en,,1.1.5,
19340,de,German (Deutsch),lila,lila,lila,rgb,134,59,210,3,3,full,white,en,,1.1.5,
19340,de,German (Deutsch),preussischblau,preussischblau,preussischblau,rgb,9,43,81,3,4,full,white,en,,1.1.5,
19340,de,German (Deutsch),gelbgrun,gelbgruen,gelbgruen,rgb,116,131,8,3,5,full,white,en,,1.1.5,
19340,de,German (Deutsch),himmelblau,himmelblau,himmelblau,rgb,117,227,236,3,6,full,white,en,,1.1.5,
19340,de,German (Deutsch),blassgrun,blassgruen,blassgruen,rgb,132,211,131,3,7,full,white,en,,1.1.5,
19340,de,German (Deutsch),sattgrun,sattgruen,sattgruen,rgb,66,131,10,3,8,full,white,en,,1.1.5,
19340,de,German (Deutsch),dunkeltuerkies,dunkeltuerkies,dunkeltuerkies,rgb,65,168,150,3,9,full,white,en,,1.1.5,
19340,de,German (Deutsch),grun,gruen,gruen,rgb,37,250,137,3,10,full,white,en,,1.1.5,
19340,de,German (Deutsch),braun,braun,braun,rgb,71,14,0,3,11,full,white,en,,1.1.5,
19339,de,German (Deutsch),grun,grün,Grün,rgb,35,158,11,3,0,full,white,en,,1.1.5,
19339,de,German (Deutsch),violett,violett,Violett,rgb,146,100,178,3,1,full,white,en,,1.1.5,
19339,de,German (Deutsch),blau,blau,Blau,rgb,112,157,221,3,2,full,white,en,,1.1.5,
19339,de,German (Deutsch),grun,grün,Grün,rgb,3,108,93,3,3,full,white,en,,1.1.5,
19339,de,German (Deutsch),ocker,ocker,Ocker,rgb,185,163,57,3,4,full,white,en,,1.1.5,
19339,de,German (Deutsch),grau,grau,Grau,rgb,170,157,138,3,5,full,white,en,,1.1.5,
19339,de,German (Deutsch),grau,grau,Grau,rgb,7,47,82,3,6,full,white,en,,1.1.5,
19339,de,German (Deutsch),ultramarin,ultramarin,Ultramarin,rgb,2,16,161,3,7,full,white,en,,1.1.5,
19339,de,German (Deutsch),blau,blau,Blau,rgb,179,221,243,3,8,full,white,en,,1.1.5,
19339,de,German (Deutsch),grun,grün,Grün,rgb,113,103,23,3,10,full,white,en,,1.1.5,
19339,de,German (Deutsch),lila,lila,Lila,rgb,72,21,86,3,11,full,white,en,,1.1.5,
19340,de,German (Deutsch),knallpink,knallpink,knallpink,rgb,241,49,230,6,0,full,white,en,,1.1.5,
19340,de,German (Deutsch),lila,lila,lila,rgb,176,111,239,6,1,full,white,en,,1.1.5,
19340,de,German (Deutsch),tiefblau,tiefblau,tiefblau,rgb,52,9,139,6,2,full,white,en,,1.1.5,
19340,de,German (Deutsch),gelb,gelb,gelb,rgb,220,213,7,6,3,full,white,en,,1.1.5,
19340,de,German (Deutsch),dunkelrot,dunkelrot,dunkelrot,rgb,161,8,32,6,4,full,white,en,,1.1.5,
19340,de,German (Deutsch),dunkelgrun,dunkelgruen,dunkelgruen,rgb,49,112,74,6,5,full,white,en,,1.1.5,
19340,de,German (Deutsch),grun,gruen,gruen,rgb,60,221,174,6,6,full,white,en,,1.1.5,
19340,de,German (Deutsch),rot,rot,rot,rgb,237,20,61,6,7,full,white,en,,1.1.5,
19340,de,German (Deutsch),blasspink,blasspink,blasspink,rgb,236,154,215,6,8,full,white,en,,1.1.5,
19340,de,German (Deutsch),flieder,flieder,flieder,rgb,151,116,153,6,9,full,white,en,,1.1.5,
19340,de,German (Deutsch),blassgrun,blassgruen,blassgruen,rgb,141,168,118,6,10,full,white,en,,1.1.5,
19340,de,German (Deutsch),blassrosa,blassrosa,blassrosa,rgb,236,172,173,6,11,full,white,en,,1.1.5,
19339,de,German (Deutsch),blau,blau,Blau,rgb,57,125,219,6,0,full,white,en,,1.1.5,
19339,de,German (Deutsch),violett,violett,Violett,rgb,137,18,97,6,1,full,white,en,,1.1.5,
19339,de,German (Deutsch),grun,grün,Grün,rgb,147,158,99,6,2,full,white,en,,1.1.5,
19339,de,German (Deutsch),rot,rot,Rot,rgb,235,4,38,6,3,full,white,en,,1.1.5,
19339,de,German (Deutsch),grun,grün,Grün,rgb,16,234,146,6,4,full,white,en,,1.1.5,
19339,de,German (Deutsch),rosa,rosa,Rosa,rgb,245,182,191,6,5,full,white,en,,1.1.5,
19339,de,German (Deutsch),braun,braun,Braun,rgb,142,4,23,6,6,full,white,en,,1.1.5,
19339,de,German (Deutsch),blau,blau,Blau,rgb,11,13,218,6,7,full,white,en,,1.1.5,
19339,de,German (Deutsch),grun,grün,Grün,rgb,40,149,108,6,8,full,white,en,,1.1.5,
19339,de,German (Deutsch),braun,braun,Braun,rgb,61,40,24,6,9,full,white,en,,1.1.5,
19339,de,German (Deutsch),grau,grau,Grau,rgb,94,74,95,6,10,full,white,en,,1.1.5,
19339,de,German (Deutsch),braun,braun,Braun,rgb,180,94,1,6,11,full,white,en,,1.1.5,
19344,de,German (Deutsch),dunkelgrau,dunkelgrau,Dunkelgrau,rgb,33,46,54,1,0,full,white,en,,1.1.5,
19344,de,German (Deutsch),dunkelbraun,dunkelbraun,Dunkelbraun,rgb,103,96,70,1,1,full,white,en,,1.1.5,
19344,de,German (Deutsch),burgunderrot,burgunderrot,Burgunderrot,rgb,142,55,117,1,2,full,white,en,,1.1.5,
19344,de,German (Deutsch),mint,mint,Mint,rgb,117,173,155,1,3,full,white,en,,1.1.5,
19344,de,German (Deutsch),militargrun,militärgrün,Militärgrün,rgb,138,149,27,1,4,full,white,en,,1.1.5,
19344,de,German (Deutsch),magenta,magenta,Magenta,rgb,211,53,228,1,5,full,white,en,,1.1.5,
19344,de,German (Deutsch),turkis,türkis,Türkis,rgb,9,249,239,1,6,full,white,en,,1.1.5,
19344,de,German (Deutsch),hellgrun,hellgrün,Hellgrün,rgb,182,219,90,1,7,full,white,en,,1.1.5,
19344,de,German (Deutsch),dunkelviolett,dunkelviolett,Dunkelviolett,rgb,89,30,130,1,8,full,white,en,,1.1.5,
19344,de,German (Deutsch),blau,blau,Blau,rgb,2,87,164,1,9,full,white,en,,1.1.5,
19344,de,German (Deutsch),knallgrun,knallgrün,Knallgrün,rgb,105,206,15,1,10,full,white,en,,1.1.5,
19344,de,German (Deutsch),rosa,rosa,Rosa,rgb,253,184,209,1,11,full,white,en,,1.1.5,
19344,de,German (Deutsch),grunbraun,grünbraun,Grünbraun,rgb,114,104,0,3,0,full,white,en,,1.1.5,
19344,de,German (Deutsch),grun,grün,Grün,rgb,44,167,97,3,1,full,white,en,,1.1.5,
19344,de,German (Deutsch),pastellgelb,pastellgelb,Pastellgelb,rgb,250,229,122,3,2,full,white,en,,1.1.5,
19344,de,German (Deutsch),violett,violett,Violett,rgb,189,111,165,3,3,full,white,en,,1.1.5,
19344,de,German (Deutsch),ockerrot,ockerrot,Ockerrot,rgb,189,98,71,3,4,full,white,en,,1.1.5,
19344,de,German (Deutsch),hellblau,hellblau,Hellblau,rgb,67,167,209,3,5,full,white,en,,1.1.5,
19344,de,German (Deutsch),violettblau,violettblau,Violettblau,rgb,99,29,213,3,6,full,white,en,,1.1.5,
19344,de,German (Deutsch),dunkelgrun,dunkelgrün,Dunkelgrün,rgb,61,124,25,3,7,full,white,en,,1.1.5,
19344,de,German (Deutsch),konigsblau,königsblau,Königsblau,rgb,26,17,252,3,8,full,white,en,,1.1.5,
19344,de,German (Deutsch),rot,rot,Rot,rgb,254,69,59,3,9,full,white,en,,1.1.5,
19344,de,German (Deutsch),hellgrun,hellgrün,Hellgrün,rgb,145,237,193,3,10,full,white,en,,1.1.5,
19344,de,German (Deutsch),flieder,flieder,Flieder,rgb,157,127,250,3,11,full,white,en,,1.1.5,
19344,de,German (Deutsch),petrol,petrol,Petrol,rgb,57,102,87,6,0,full,white,en,,1.1.5,
19344,de,German (Deutsch),dunkelviolett,dunkelviolett,Dunkelviolett,rgb,148,5,129,6,1,full,white,en,,1.1.5,
19344,de,German (Deutsch),grun,grün,Grün,rgb,94,169,24,6,2,full,white,en,,1.1.5,
19344,de,German (Deutsch),beige,beige,Beige,rgb,236,191,119,6,3,full,white,en,,1.1.5,
19344,de,German (Deutsch),blau,blau,Blau,rgb,17,71,189,6,4,full,white,en,,1.1.5,
19344,de,German (Deutsch),dunkelbraun,dunkelbraun,Dunkelbraun,rgb,88,50,48,6,5,full,white,en,,1.1.5,
19344,de,German (Deutsch),grasgrun,grasgrün,Grasgrün,rgb,7,191,69,6,6,full,white,en,,1.1.5,
19344,de,German (Deutsch),orange,orange,Orange,rgb,233,130,65,6,7,full,white,en,,1.1.5,
19344,de,German (Deutsch),hellblau,hellblau,Hellblau,rgb,96,150,242,6,8,full,white,en,,1.1.5,
19344,de,German (Deutsch),lila,lila,Lila,rgb,233,140,241,6,9,full,white,en,,1.1.5,
19344,de,German (Deutsch),dunkelrot,dunkelrot,Dunkelrot,rgb,179,12,48,6,10,full,white,en,,1.1.5,
19344,de,German (Deutsch),hellbraun,hellbraun,Hellbraun,rgb,165,107,11,6,11,full,white,en,,1.1.5,
19614,de,German (Deutsch),grey,grey,Grey,rgb,240,238,238,1,1,full,white,en,,1.1.5,
19614,de,German (Deutsch),olive,olive,Olive,rgb,168,170,103,1,2,full,white,en,,1.1.5,
19614,de,German (Deutsch),lila,lila,Lila,rgb,151,96,137,1,3,full,white,en,,1.1.5,
19614,de,German (Deutsch),grey,grey,Grey,rgb,126,151,167,1,6,full,white,en,,1.1.5,
19614,de,German (Deutsch),ocker,ocker,Ocker,rgb,231,225,166,1,7,full,white,en,,1.1.5,
19614,de,German (Deutsch),lila,lila,Lila,rgb,118,24,155,1,9,full,white,en,,1.1.5,
19614,de,German (Deutsch),ziegel,ziegel,Ziegel,rgb,211,92,38,3,0,full,white,en,,1.1.5,
19614,de,German (Deutsch),gelbgrun,gelbgrun,Gelbgrun,rgb,206,212,22,3,1,full,white,en,,1.1.5,
19614,de,German (Deutsch),lila,lila,Lila,rgb,195,83,164,3,2,full,white,en,,1.1.5,
19614,de,German (Deutsch),blau,blau,Blau,rgb,21,127,181,3,3,full,white,en,,1.1.5,
19614,de,German (Deutsch),dunkelblau,dunkelblau,Dunkelblau,rgb,18,0,116,3,4,full,white,en,,1.1.5,
19614,de,German (Deutsch),oliv,oliv,Oliv,rgb,85,94,18,3,5,full,white,en,,1.1.5,
19614,de,German (Deutsch),orange,orange,Orange,rgb,245,117,8,3,6,full,white,en,,1.1.5,
19614,de,German (Deutsch),blau,blau,Blau,rgb,94,77,227,3,7,full,white,en,,1.1.5,
19614,de,German (Deutsch),hellgrun,hellgrün,Hellgrün,rgb,197,229,97,3,8,full,white,en,,1.1.5,
19614,de,German (Deutsch),graubraun,graubraun,Graubraun,rgb,142,104,110,3,9,full,white,en,,1.1.5,
19614,de,German (Deutsch),braun,braun,Braun,rgb,94,52,28,3,10,full,white,en,,1.1.5,
19614,de,German (Deutsch),blau,blau,Blau,rgb,4,88,199,3,11,full,white,en,,1.1.5,
19614,de,German (Deutsch),burgund,burgund,Burgund,rgb,189,69,112,6,0,full,white,en,,1.1.5,
19614,de,German (Deutsch),blau,blau,Blau,rgb,51,10,199,6,1,full,white,en,,1.1.5,
19614,de,German (Deutsch),turkis,türkis,Türkis,rgb,118,224,218,6,2,full,white,en,,1.1.5,
19614,de,German (Deutsch),oliv,oliv,Oliv,rgb,127,166,35,6,3,full,white,en,,1.1.5,
19614,de,German (Deutsch),oliv,oliv,Oliv,rgb,84,113,85,6,4,full,white,en,,1.1.5,
19614,de,German (Deutsch),schwarz,schwarz,Schwarz,rgb,43,34,16,6,5,full,white,en,,1.1.5,
19614,de,German (Deutsch),lavendel,lavendel,Lavendel,rgb,179,167,210,6,6,full,white,en,,1.1.5,
19614,de,German (Deutsch),lila,lila,Lila,rgb,139,38,207,6,7,full,white,en,,1.1.5,
19614,de,German (Deutsch),blau,blau,Blau,rgb,61,55,129,6,8,full,white,en,,1.1.5,
19614,de,German (Deutsch),braun,braun,Braun,rgb,136,40,9,6,9,full,white,en,,1.1.5,
19614,de,German (Deutsch),ocker,ocker,Ocker,rgb,225,160,128,6,10,full,white,en,,1.1.5,
19614,de,German (Deutsch),rot,rot,Rot,rgb,224,24,27,6,11,full,white,en,,1.1.5,
19776,de,German (Deutsch),pink,pink,Pink,rgb,215,158,255,1,0,full,white,en,,1.1.5,
19776,de,German (Deutsch),braun,braun,braun,rgb,146,132,92,1,1,full,white,en,,1.1.5,
19776,de,German (Deutsch),beige,beige,beige,rgb,206,194,179,1,2,full,white,en,,1.1.5,
19776,de,German (Deutsch),lila,lila,Lila,rgb,93,21,219,1,3,full,white,en,,1.1.5,
19776,de,German (Deutsch),grassgrun,grass grün,grass grün,rgb,140,188,2,1,4,full,white,en,,1.1.5,
19776,de,German (Deutsch),violett,violett,violett,rgb,150,50,149,1,5,full,white,en,,1.1.5,
19776,de,German (Deutsch),hellgrun,hellgrün,hellgrün,rgb,132,253,133,1,6,full,white,en,,1.1.5,
19776,de,German (Deutsch),dunkelgrun,dunkelgrün,dunkelgrün,rgb,77,108,60,1,7,full,white,en,,1.1.5,
19776,de,German (Deutsch),gelbgrun,gelbgrün,gelbgrün,rgb,194,248,149,1,8,full,white,en,,1.1.5,
19776,de,German (Deutsch),schwarzbraun,schwarzbraun,schwarzbraun,rgb,80,67,17,1,9,full,white,en,,1.1.5,
19776,de,German (Deutsch),grassgrun,grassgrün,grassgrün,rgb,159,165,65,1,10,full,white,en,,1.1.5,
19776,de,German (Deutsch),himmelblau,himmelblau,himmelblau,rgb,138,171,210,1,11,full,white,en,,1.1.5,
19776,de,German (Deutsch),dunkelturkis,dunkeltürkis,dunkeltürkis,rgb,17,116,115,3,0,full,white,en,,1.1.5,
19776,de,German (Deutsch),rot,rot,rot,rgb,197,33,1,3,1,full,white,en,,1.1.5,
19776,de,German (Deutsch),stahlblau,stahlblau,stahlblau,rgb,120,183,190,3,2,full,white,en,,1.1.5,
19776,de,German (Deutsch),dunkelpink,dunkelpink,dunkelpink,rgb,193,26,143,3,3,full,white,en,,1.1.5,
19776,de,German (Deutsch),turkis,türkis,türkis,rgb,136,250,223,3,4,full,white,en,,1.1.5,
19776,de,German (Deutsch),grau,grau,grau,rgb,90,96,81,3,5,full,white,en,,1.1.5,
19776,de,German (Deutsch),pink,pink,pink,rgb,240,87,238,3,6,full,white,en,,1.1.5,
19776,de,German (Deutsch),blau,blau,blau,rgb,23,194,243,3,7,full,white,en,,1.1.5,
19776,de,German (Deutsch),dunkelblau,dunkelblau,dunkelblau,rgb,35,27,79,3,8,full,white,en,,1.1.5,
19776,de,German (Deutsch),grun,grün,grün,rgb,15,205,24,3,9,full,white,en,,1.1.5,
19776,de,German (Deutsch),kastanienbraun,kastanienbraun,kastanienbraun,rgb,155,73,67,3,10,full,white,en,,1.1.5,
19776,de,German (Deutsch),braun,braun,braun,rgb,135,91,29,3,11,full,white,en,,1.1.5,
19776,de,German (Deutsch),blau,blau,blau,rgb,71,96,230,6,0,full,white,en,,1.1.5,
19776,de,German (Deutsch),dunkelgrun,dunkelgrün,dunkelgrün,rgb,13,55,29,6,1,full,white,en,,1.1.5,
19776,de,German (Deutsch),navyblau,navyblau,navyblau,rgb,19,13,147,6,2,full,white,en,,1.1.5,
19776,de,German (Deutsch),hellgrun,hellgrün,hellgrün,rgb,8,221,147,6,3,full,white,en,,1.1.5,
19776,de,German (Deutsch),grassgrun,grassgrün,grassgrün,rgb,178,219,166,6,4,full,white,en,,1.1.5,
19776,de,German (Deutsch),lila,lila,lila,rgb,124,95,182,6,5,full,white,en,,1.1.5,
19776,de,German (Deutsch),rot,rot,rot,rgb,221,9,50,6,6,full,white,en,,1.1.5,
19776,de,German (Deutsch),hellgelb,hellgelb,hellgelb,rgb,231,234,119,6,7,full,white,en,,1.1.5,
19776,de,German (Deutsch),braun,braun,braun,rgb,94,64,61,6,8,full,white,en,,1.1.5,
19776,de,German (Deutsch),pink,pink,pink,rgb,213,40,118,6,9,full,white,en,,1.1.5,
19776,de,German (Deutsch),gelb,gelb,gelb,rgb,233,201,4,6,10,full,white,en,,1.1.5,
19776,de,German (Deutsch),grunblau,grünblau,grünblau,rgb,9,130,188,6,11,full,white,en,,1.1.5,
19785,de,German (Deutsch),lila,lila,lila,rgb,151,19,254,1,0,full,white,en,,1.1.5,
19785,de,German (Deutsch),sandgelb,sandgelb,sandgelb,rgb,239,206,48,1,1,full,white,en,,1.1.5,
19785,de,German (Deutsch),vlieder,vlieder,vlieder,rgb,199,157,193,1,2,full,white,en,,1.1.5,
19785,de,German (Deutsch),neongrun,neongrün,neongrün,rgb,155,249,27,1,3,full,white,en,,1.1.5,
19785,de,German (Deutsch),olivgrun,olivgrün,olivgrün,rgb,128,162,43,1,4,full,white,en,,1.1.5,
19785,de,German (Deutsch),waldgrun,waldgrün,waldgrün,rgb,38,118,86,1,5,full,white,en,,1.1.5,
19785,de,German (Deutsch),blau,blau,Blau,rgb,15,56,217,1,6,full,white,en,,1.1.5,
19785,de,German (Deutsch),blutorange,blutorange,blutorange,rgb,214,44,35,1,7,full,white,en,,1.1.5,
19785,de,German (Deutsch),braun,braun,braun,rgb,156,95,61,1,9,full,white,en,,1.1.5,
19785,de,German (Deutsch),ocker,ocker,ocker,rgb,218,164,41,1,11,full,white,en,,1.1.5,
19785,de,German (Deutsch),blassgrun,blassgrün,blassgrün,rgb,216,220,145,3,0,full,white,en,,1.1.5,
19785,de,German (Deutsch),blau,blau,blau,rgb,28,172,228,3,1,full,white,en,,1.1.5,
19785,de,German (Deutsch),schwarz,schwarz,schwarz,rgb,24,19,1,3,2,full,white,en,,1.1.5,
19785,de,German (Deutsch),turkis,türkis,türkis,rgb,70,204,144,3,4,full,white,en,,1.1.5,
19785,de,German (Deutsch),blattgrun,blattgrün,blattgrün,rgb,44,133,7,3,5,full,white,en,,1.1.5,
19785,de,German (Deutsch),mausgrau,mausgrau,mausgrau,rgb,170,171,146,3,6,full,white,en,,1.1.5,
19785,de,German (Deutsch),himmelblau,himmelblau,himmelblau,rgb,116,238,233,3,7,full,white,en,,1.1.5,
19785,de,German (Deutsch),lila,lila,lila,rgb,137,81,216,3,8,full,white,en,,1.1.5,
19785,de,German (Deutsch),marineblau,marineblau,marineblau,rgb,35,79,143,3,9,full,white,en,,1.1.5,
19785,de,German (Deutsch),lachs,lachs,lachs,rgb,252,160,116,3,10,full,white,en,,1.1.5,
19785,de,German (Deutsch),blau,blau,blau,rgb,67,117,228,3,11,full,white,en,,1.1.5,
19785,de,German (Deutsch),dunkelrot,dunkelrot,dunkelrot,rgb,172,41,46,6,0,full,white,en,,1.1.5,
19785,de,German (Deutsch),pink,pink,pink,rgb,244,57,206,6,1,full,white,en,,1.1.5,
19785,de,German (Deutsch),dunkelrot,dunkelrot,dunkelrot,rgb,72,19,45,6,2,full,white,en,,1.1.5,
19785,de,German (Deutsch),grun,grün,grün,rgb,58,177,20,6,3,full,white,en,,1.1.5,
19785,de,German (Deutsch),dunkelpink,dunkelpink,dunkelpink,rgb,223,29,229,6,4,full,white,en,,1.1.5,
19785,de,German (Deutsch),grun,grün,grün,rgb,74,165,82,6,5,full,white,en,,1.1.5,
19785,de,German (Deutsch),neongrun,neongrün,neongrün,rgb,193,253,198,6,7,full,white,en,,1.1.5,
19785,de,German (Deutsch),limette,limette,limette,rgb,206,234,25,6,8,full,white,en,,1.1.5,
19785,de,German (Deutsch),blassblau,blassblau,blassblau,rgb,191,214,246,6,9,full,white,en,,1.1.5,
19785,de,German (Deutsch),lila,lila,lila,rgb,191,160,254,6,10,full,white,en,,1.1.5,
19785,de,German (Deutsch),camouflagegrau,camouflagegrau,camouflagegrau,rgb,82,89,75,6,11,full,white,en,,1.1.5,
19788,de,German (Deutsch),giftgrun,giftgrün,Giftgrün,rgb,150,242,125,1,0,full,white,en,,1.1.5,
19788,de,German (Deutsch),hellgrun,hellgrün,Hellgrün,rgb,191,248,5,1,1,full,white,en,,1.1.5,
19788,de,German (Deutsch),orange,orange,Orange,rgb,251,126,63,1,2,full,white,en,,1.1.5,
19788,de,German (Deutsch),neongrun,neongrün,Neongrün,rgb,18,254,37,1,3,full,white,en,,1.1.5,
19788,de,German (Deutsch),ocker,ocker,Ocker,rgb,189,165,62,1,4,full,white,en,,1.1.5,
19788,de,German (Deutsch),lila,lila,Lila,rgb,111,8,118,1,5,full,white,en,,1.1.5,
19788,de,German (Deutsch),pink,pink,Pink,rgb,187,37,118,1,6,full,white,en,,1.1.5,
19788,de,German (Deutsch),taupe,taupe,Taupe,rgb,152,138,169,1,7,full,white,en,,1.1.5,
19788,de,German (Deutsch),schwarz,schwarz,Schwarz,rgb,5,20,19,1,8,full,white,en,,1.1.5,
19788,de,German (Deutsch),violett,violett,Violett,rgb,92,54,97,1,9,full,white,en,,1.1.5,
19788,de,German (Deutsch),dunkelrosa,dunkelrosa,Dunkelrosa,rgb,184,105,177,1,10,full,white,en,,1.1.5,
19788,de,German (Deutsch),rotbraun,rotbraun,Rotbraun,rgb,150,54,19,1,11,full,white,en,,1.1.5,
19788,de,German (Deutsch),lachs,lachs,Lachs,rgb,228,141,103,3,0,full,white,en,,1.1.5,
19788,de,German (Deutsch),blau,blau,Blau,rgb,8,81,216,3,1,full,white,en,,1.1.5,
19788,de,German (Deutsch),hellblau,hellblau,Hellblau,rgb,40,230,240,3,2,full,white,en,,1.1.5,
19788,de,German (Deutsch),dunkelgrun,dunkelgrün,Dunkelgrün,rgb,33,153,109,3,3,full,white,en,,1.1.5,
19788,de,German (Deutsch),braun,braun,Braun,rgb,127,104,37,3,4,full,white,en,,1.1.5,
19788,de,German (Deutsch),blau,blau,Blau,rgb,68,166,192,3,5,full,white,en,,1.1.5,
19788,de,German (Deutsch),blau,blau,Blau,rgb,73,131,194,3,6,full,white,en,,1.1.5,
19788,de,German (Deutsch),hellgrun,hellgrün,Hellgrün,rgb,158,220,62,3,7,full,white,en,,1.1.5,
19788,de,German (Deutsch),grun,grün,Grün,rgb,37,198,22,3,8,full,white,en,,1.1.5,
19788,de,German (Deutsch),beige,beige,Beige,rgb,217,212,194,3,9,full,white,en,,1.1.5,
19788,de,German (Deutsch),turkis,türkis,Türkis,rgb,36,192,175,3,10,full,white,en,,1.1.5,
19788,de,German (Deutsch),blau,blau,Blau,rgb,30,39,230,3,11,full,white,en,,1.1.5,
19788,de,German (Deutsch),braun,braun,Braun,rgb,150,101,73,6,0,full,white,en,,1.1.5,
19788,de,German (Deutsch),lila,lila,Lila,rgb,153,62,219,6,1,full,white,en,,1.1.5,
19788,de,German (Deutsch),rot,rot,Rot,rgb,171,4,25,6,2,full,white,en,,1.1.5,
19788,de,German (Deutsch),lindgrun,lindgrün,Lindgrün,rgb,146,192,115,6,3,full,white,en,,1.1.5,
19788,de,German (Deutsch),braungrun,braungrün,Braungrün,rgb,122,126,2,6,4,full,white,en,,1.1.5,
19788,de,German (Deutsch),rosa,rosa,Rosa,rgb,240,173,163,6,5,full,white,en,,1.1.5,
19788,de,German (Deutsch),gelbgrun,gelbgrün,Gelbgrün,rgb,219,215,60,6,6,full,white,en,,1.1.5,
19788,de,German (Deutsch),pink,pink,Pink,rgb,224,11,252,6,7,full,white,en,,1.1.5,
19788,de,German (Deutsch),mintgrun,mintgrün,Mintgrün,rgb,160,217,201,6,8,full,white,en,,1.1.5,
19788,de,German (Deutsch),pink,pink,Pink,rgb,253,69,196,6,9,full,white,en,,1.1.5,
19788,de,German (Deutsch),rosa,rosa,Rosa,rgb,238,212,237,6,10,full,white,en,,1.1.5,
19788,de,German (Deutsch),blau,blau,Blau,rgb,111,124,212,6,11,full,white,en,,1.1.5,
19790,de,German (Deutsch),braun,braun,braun,rgb,132,70,15,1,0,full,white,en,,1.1.5,
19790,de,German (Deutsch),lila,lila,lila,rgb,131,65,119,1,1,full,white,en,,1.1.5,
19790,de,German (Deutsch),olivgrun,olivgrün,olivgrün,rgb,156,164,48,1,2,full,white,en,,1.1.5,
19790,de,German (Deutsch),preussischblau,preussisch blau,preussisch blau,rgb,1,64,152,1,3,full,white,en,,1.1.5,
19790,de,German (Deutsch),turkis,türkis,türkis,rgb,52,164,148,1,4,full,white,en,,1.1.5,
19790,de,German (Deutsch),beige,beige,beige,rgb,231,201,156,1,5,full,white,en,,1.1.5,
19790,de,German (Deutsch),blaugrau,blaugrau,blaugrau,rgb,157,175,198,1,6,full,white,en,,1.1.5,
19790,de,German (Deutsch),mintgrun,mintgrün,mintgrün,rgb,167,250,146,1,7,full,white,en,,1.1.5,
19790,de,German (Deutsch),braun,braun,braun,rgb,163,123,11,1,8,full,white,en,,1.1.5,
19790,de,German (Deutsch),tarnfarben,tarnfarben,tarnfarben,rgb,94,111,19,1,9,full,white,en,,1.1.5,
19790,de,German (Deutsch),grun,grün,grün,rgb,48,135,61,1,10,full,white,en,,1.1.5,
19790,de,German (Deutsch),pink,pink,pink,rgb,246,103,212,1,11,full,white,en,,1.1.5,
19790,de,German (Deutsch),dunkelturkis,dunkeltürkis,dunkeltürkis,rgb,71,100,105,3,0,full,white,en,,1.1.5,
19790,de,German (Deutsch),hellgelb,hellgelb,hellgelb,rgb,240,252,145,3,1,full,white,en,,1.1.5,
19790,de,German (Deutsch),hellbraun,hellbraun,hellbraun,rgb,228,179,97,3,2,full,white,en,,1.1.5,
19790,de,German (Deutsch),magenta,magenta,magenta,rgb,203,55,112,3,3,full,white,en,,1.1.5,
19790,de,German (Deutsch),dunkelrot,dunkelrot,dunkelrot,rgb,93,8,41,3,4,full,white,en,,1.1.5,
19790,de,German (Deutsch),turkisblau,türkisblau,türkisblau,rgb,130,218,225,3,5,full,white,en,,1.1.5,
19790,de,German (Deutsch),lila,lila,lila,rgb,204,46,247,3,6,full,white,en,,1.1.5,
19790,de,German (Deutsch),fliederfarben,fliederfarben,fliederfarben,rgb,111,107,173,3,7,full,white,en,,1.1.5,
19790,de,German (Deutsch),grun,grün,grün,rgb,92,253,130,3,8,full,white,en,,1.1.5,
19790,de,German (Deutsch),grauviolett,grauviolett,grauviolett,rgb,128,97,109,3,9,full,white,en,,1.1.5,
19790,de,German (Deutsch),hellblau,hellblau,hellblau,rgb,72,145,190,3,10,full,white,en,,1.1.5,
19790,de,German (Deutsch),grasgrun,grasgrün,grasgrün,rgb,59,200,39,3,11,full,white,en,,1.1.5,
19790,de,German (Deutsch),rostrot,rostrot,rostrot,rgb,231,88,78,6,0,full,white,en,,1.1.5,
19790,de,German (Deutsch),turkis,türkis,türkis,rgb,19,253,211,6,1,full,white,en,,1.1.5,
19790,de,German (Deutsch),grun,grün,grün,rgb,61,174,69,6,2,full,white,en,,1.1.5,
19790,de,German (Deutsch),braun,braun,braun,rgb,179,98,95,6,3,full,white,en,,1.1.5,
19790,de,German (Deutsch),pink,pink,pink,rgb,238,42,147,6,4,full,white,en,,1.1.5,
19790,de,German (Deutsch),pink,pink,pink,rgb,253,128,140,6,5,full,white,en,,1.1.5,
19790,de,German (Deutsch),buttergelb,buttergelb,buttergelb,rgb,248,222,56,6,6,full,white,en,,1.1.5,
19790,de,German (Deutsch),violett,violett,violett,rgb,182,167,237,6,7,full,white,en,,1.1.5,
19790,de,German (Deutsch),dunkelgrau,dunkelgrau,dunkelgrau,rgb,51,34,43,6,8,full,white,en,,1.1.5,
19790,de,German (Deutsch),lila,lila,lila,rgb,98,29,250,6,9,full,white,en,,1.1.5,
19790,de,German (Deutsch),waldgrun,waldgrün,waldgrün,rgb,32,85,43,6,10,full,white,en,,1.1.5,
19790,de,German (Deutsch),hellrosa,hellrosa,hellrosa,rgb,247,229,254,6,11,full,white,en,,1.1.5,
19791,de,German (Deutsch),mauve,mauve,mauve,rgb,238,173,225,1,0,full,white,en,,1.1.5,
19791,de,German (Deutsch),olivgrun,olivgrün,olivgrün,rgb,120,165,19,1,1,full,white,en,,1.1.5,
19791,de,German (Deutsch),grasgrun,grasgrün,grasgrün,rgb,83,189,119,1,2,full,white,en,,1.1.5,
19791,de,German (Deutsch),braun,braun,braun,rgb,120,130,47,1,3,full,white,en,,1.1.5,
19791,de,German (Deutsch),hellgrun,hellgrün,hellgrün,rgb,46,241,136,1,4,full,white,en,,1.1.5,
19791,de,German (Deutsch),hellrot,hellrot,hellrot,rgb,241,78,114,1,5,full,white,en,,1.1.5,
19791,de,German (Deutsch),grun,grün,grün,rgb,18,220,51,1,6,full,white,en,,1.1.5,
19791,de,German (Deutsch),schwarz,schwarz,schwarz,rgb,50,10,24,1,7,full,white,en,,1.1.5,
19791,de,German (Deutsch),gelb,gelb,gelb,rgb,248,235,137,1,8,full,white,en,,1.1.5,
19791,de,German (Deutsch),lila,lila,lila,rgb,130,14,195,1,9,full,white,en,,1.1.5,
19791,de,German (Deutsch),pinkgrau,pinkgrau,pinkgrau,rgb,210,181,198,1,10,full,white,en,,1.1.5,
19791,de,German (Deutsch),pink,pink,pink,rgb,246,116,183,1,11,full,white,en,,1.1.5,
19791,de,German (Deutsch),navy,navy,navy,rgb,14,22,96,3,0,full,white,en,,1.1.5,
19791,de,German (Deutsch),dunkelrot,dunkelrot,dunkelrot,rgb,144,41,20,3,1,full,white,en,,1.1.5,
19791,de,German (Deutsch),turkis,türkis,türkis,rgb,47,188,158,3,2,full,white,en,,1.1.5,
19791,de,German (Deutsch),braun,braun,braun,rgb,183,114,54,3,3,full,white,en,,1.1.5,
19791,de,German (Deutsch),dunkelgrun,dunkelgrün,dunkelgrün,rgb,39,136,57,3,4,full,white,en,,1.1.5,
19791,de,German (Deutsch),lila,lila,lila,rgb,167,87,174,3,5,full,white,en,,1.1.5,
19791,de,German (Deutsch),rot,rot,rot,rgb,205,4,43,3,6,full,white,en,,1.1.5,
19791,de,German (Deutsch),eierschalen,eierschalen,eierschalen,rgb,223,243,197,3,7,full,white,en,,1.1.5,
19791,de,German (Deutsch),graugrun,graugrün,graugrün,rgb,93,124,98,3,8,full,white,en,,1.1.5,
19791,de,German (Deutsch),braun,braun,braun,rgb,132,86,48,3,9,full,white,en,,1.1.5,
19791,de,German (Deutsch),purpur,purpur,purpur,rgb,178,51,98,3,10,full,white,en,,1.1.5,
19791,de,German (Deutsch),hellgrun,hellgrün,hellgrün,rgb,167,234,13,3,11,full,white,en,,1.1.5,
19791,de,German (Deutsch),schwarz,schwarz,schwarz,rgb,42,47,50,6,0,full,white,en,,1.1.5,
19791,de,German (Deutsch),purpur,purpur,purpur,rgb,135,7,116,6,1,full,white,en,,1.1.5,
19791,de,German (Deutsch),ocker,ocker,ocker,rgb,206,114,112,6,2,full,white,en,,1.1.5,
19791,de,German (Deutsch),senfgelb,senfgelb,senfgelb,rgb,228,205,66,6,3,full,white,en,,1.1.5,
19791,de,German (Deutsch),lila,lila,lila,rgb,193,120,248,6,4,full,white,en,,1.1.5,
19791,de,German (Deutsch),dunkelgrun,dunkelgrün,dunkelgrün,rgb,5,125,97,6,5,full,white,en,,1.1.5,
19791,de,German (Deutsch),rotblau,rotblau,rotblau,rgb,124,49,171,6,6,full,white,en,,1.1.5,
19791,de,German (Deutsch),blau,blau,blau,rgb,23,48,186,6,7,full,white,en,,1.1.5,
19791,de,German (Deutsch),dunkelpink,dunkelpink,dunkelpink,rgb,226,26,136,6,8,full,white,en,,1.1.5,
19791,de,German (Deutsch),hellblau,hellblau,hellblau,rgb,54,185,231,6,9,full,white,en,,1.1.5,
19791,de,German (Deutsch),navy,navy,navy,rgb,98,20,235,6,10,full,white,en,,1.1.5,
19791,de,German (Deutsch),blaugrun,blaugrün,blaugrün,rgb,36,132,148,6,11,full,white,en,,1.1.5,
20891,de,German (Deutsch),graublau,graublau,graublau,rgb,138,181,226,1,0,full,white,en,,1.1.5,
20891,de,German (Deutsch),tannengrun,tannengrün,tannengrün,rgb,100,134,67,1,1,full,white,en,,1.1.5,
20891,de,German (Deutsch),grungelb,grüngelb,grüngelb,rgb,173,234,56,1,2,full,white,en,,1.1.5,
20891,de,German (Deutsch),rotbraun,rotbraun,rotbraun,rgb,133,68,20,1,3,full,white,en,,1.1.5,
20891,de,German (Deutsch),blassgrun,blassgrün,blassgrün,rgb,109,205,113,1,4,full,white,en,,1.1.5,
20891,de,German (Deutsch),dunklesturkis,dunkles türkis,dunkles türkis,rgb,75,145,155,1,5,full,white,en,,1.1.5,
20891,de,German (Deutsch),weinrot,weinrot,weinrot,rgb,176,46,50,1,6,full,white,en,,1.1.5,
20891,de,German (Deutsch),ocker,ocker,ocker,rgb,191,153,47,1,7,full,white,en,,1.1.5,
20891,de,German (Deutsch),hautfarben,hautfarben,hautfarben,rgb,216,180,127,1,8,full,white,en,,1.1.5,
20891,de,German (Deutsch),matschgrun,matschgrün,matschgrün,rgb,106,97,42,1,9,full,white,en,,1.1.5,
20891,de,German (Deutsch),neongrun,neongrün,neongrün,rgb,92,238,70,1,10,full,white,en,,1.1.5,
20891,de,German (Deutsch),turkis,türkis,türkis,rgb,34,229,191,1,11,full,white,en,,1.1.5,
20891,de,German (Deutsch),blattgrun,blattgrün,blattgrün,rgb,157,176,50,3,0,full,white,en,,1.1.5,
20891,de,German (Deutsch),grun,grün,grün,rgb,11,140,45,3,1,full,white,en,,1.1.5,
20891,de,German (Deutsch),dunkelgrun,dunkelgrün,dunkelgrün,rgb,25,97,60,3,2,full,white,en,,1.1.5,
20891,de,German (Deutsch),pastelrosa,pastelrosa,pastelrosa,rgb,235,160,196,3,3,full,white,en,,1.1.5,
20891,de,German (Deutsch),violett,violett,violett,rgb,67,47,118,3,4,full,white,en,,1.1.5,
20891,de,German (Deutsch),gelb,gelb,gelb,rgb,253,228,49,3,5,full,white,en,,1.1.5,
20891,de,German (Deutsch),rot,rot,rot,rgb,250,17,6,3,6,full,white,en,,1.1.5,
20891,de,German (Deutsch),pastellblau,pastellblau,pastellblau,rgb,187,244,255,3,7,full,white,en,,1.1.5,
20891,de,German (Deutsch),lavendel,lavendel,lavendel,rgb,146,138,195,3,8,full,white,en,,1.1.5,
20891,de,German (Deutsch),blau,blau,blau,rgb,85,220,250,3,9,full,white,en,,1.1.5,
20891,de,German (Deutsch),lila,lila,lila,rgb,84,32,245,3,10,full,white,en,,1.1.5,
20891,de,German (Deutsch),pastellgrun,pastellgrün,pastellgrün,rgb,232,239,200,3,11,full,white,en,,1.1.5,
20891,de,German (Deutsch),pastellavendel,pastellavendel,pastellavendel,rgb,194,132,233,6,0,full,white,en,,1.1.5,
20891,de,German (Deutsch),dunklesgraugrun,dunkles graugrün,dunkles graugrün,rgb,60,75,65,6,1,full,white,en,,1.1.5,
20891,de,German (Deutsch),orange,orange,orange,rgb,250,169,91,6,2,full,white,en,,1.1.5,
20891,de,German (Deutsch),lachs,lachs,lachs,rgb,241,187,189,6,3,full,white,en,,1.1.5,
20891,de,German (Deutsch),hellgrun,hellgrün,hellgrün,rgb,216,253,150,6,4,full,white,en,,1.1.5,
20891,de,German (Deutsch),magenta,magenta,magenta,rgb,230,40,158,6,5,full,white,en,,1.1.5,
20891,de,German (Deutsch),weinrot,weinrot,weinrot,rgb,154,17,134,6,6,full,white,en,,1.1.5,
20891,de,German (Deutsch),pink,pink,pink,rgb,229,26,216,6,7,full,white,en,,1.1.5,
20891,de,German (Deutsch),dunklesgraublau,dunkles graublau,dunkles graublau,rgb,25,48,93,6,8,full,white,en,,1.1.5,
20891,de,German (Deutsch),lila,lila,lila,rgb,121,30,190,6,9,full,white,en,,1.1.5,
20891,de,German (Deutsch),graugrun,graugrün,graugrün,rgb,118,143,124,6,10,full,white,en,,1.1.5,
20891,de,German (Deutsch),mitternachtsblau,mitternachtsblau,mitternachtsblau,rgb,0,7,93,6,11,full,white,en,,1.1.5,
20892,de,German (Deutsch),kobaltviolett,kobaltviolett,Kobaltviolett,rgb,120,30,117,1,0,full,white,en,,1.1.5,
20892,de,German (Deutsch),ocker,ocker,Ocker,rgb,175,112,16,1,1,full,white,en,,1.1.5,
20892,de,German (Deutsch),blau,blau,Blau,rgb,76,57,253,1,2,full,white,en,,1.1.5,
20892,de,German (Deutsch),orangebraun,orangebraun,Orangebraun,rgb,205,107,73,1,3,full,white,en,,1.1.5,
20892,de,German (Deutsch),neongrun,neongrün,Neongrün,rgb,4,211,8,1,4,full,white,en,,1.1.5,
20892,de,German (Deutsch),blaugrau,blaugrau,Blaugrau,rgb,81,115,193,1,5,full,white,en,,1.1.5,
20892,de,German (Deutsch),graugrun,graugrün,Graugrün,rgb,175,204,150,1,6,full,white,en,,1.1.5,
20892,de,German (Deutsch),ultramarinblau,ultramarinblau,Ultramarinblau,rgb,5,59,198,1,7,full,white,en,,1.1.5,
20892,de,German (Deutsch),burgunderviolett,burgunderviolett,Burgunderviolett,rgb,49,12,86,1,8,full,white,en,,1.1.5,
20892,de,German (Deutsch),dunkleresneongrun,dunkleres neongrün,Dunkleres Neongrün,rgb,16,164,32,1,9,full,white,en,,1.1.5,
20892,de,German (Deutsch),hellblau,hellblau,Hellblau,rgb,61,177,228,1,10,full,white,en,,1.1.5,
20892,de,German (Deutsch),hellesneonblau,helles neonblau,Helles Neonblau,rgb,27,152,255,1,11,full,white,en,,1.1.5,
20892,de,German (Deutsch),turkis,türkis,Türkis,rgb,19,249,142,3,0,full,white,en,,1.1.5,
20892,de,German (Deutsch),grungelb,grüngelb,Grüngelb,rgb,204,222,33,3,1,full,white,en,,1.1.5,
20892,de,German (Deutsch),braungrun,braungrün,Braungrün,rgb,104,89,35,3,2,full,white,en,,1.1.5,
20892,de,German (Deutsch),dunkelgrun,dunkel grün,Dunkel Grün,rgb,60,90,38,3,3,full,white,en,,1.1.5,
20892,de,German (Deutsch),dunkleresturkis,dunkleres türkis,Dunkleres Türkis,rgb,123,219,177,3,4,full,white,en,,1.1.5,
20892,de,German (Deutsch),dunklesmagenta,dunkles magenta,Dunkles Magenta,rgb,208,33,120,3,6,full,white,en,,1.1.5,
20892,de,German (Deutsch),dunkleresgelb,dunkleres gelb,Dunkleres Gelb,rgb,254,188,70,3,7,full,white,en,,1.1.5,
20892,de,German (Deutsch),magenta,magenta,Magenta,rgb,219,33,211,3,8,full,white,en,,1.1.5,
20892,de,German (Deutsch),babypink,babypink,Babypink,rgb,243,202,208,3,9,full,white,en,,1.1.5,
20892,de,German (Deutsch),korallrot,korallrot,Korallrot,rgb,228,91,95,3,10,full,white,en,,1.1.5,
20892,de,German (Deutsch),beige,beige,Beige,rgb,235,197,134,3,11,full,white,en,,1.1.5,
20892,de,German (Deutsch),orange,orange,Orange,rgb,240,121,43,6,0,full,white,en,,1.1.5,
20892,de,German (Deutsch),grau,grau,Grau,rgb,104,116,127,6,1,full,white,en,,1.1.5,
20892,de,German (Deutsch),dunklesgrunbraun,dunkles grünbraun,Dunkles Grünbraun,rgb,149,136,19,6,2,full,white,en,,1.1.5,
20892,de,German (Deutsch),dunklesgraublau,dunkles graublau,Dunkles Graublau,rgb,41,100,146,6,3,full,white,en,,1.1.5,
20892,de,German (Deutsch),hellesgrungrau,helles grüngrau,Helles Grüngrau,rgb,131,203,98,6,4,full,white,en,,1.1.5,
20892,de,German (Deutsch),magenta,magenta,Magenta,rgb,234,86,206,6,5,full,white,en,,1.1.5,
20892,de,German (Deutsch),neonviolett,neon violett,Neon Violett,rgb,198,2,251,6,6,full,white,en,,1.1.5,
20892,de,German (Deutsch),blau,blau,Blau,rgb,40,125,252,6,7,full,white,en,,1.1.5,
20892,de,German (Deutsch),bordeaux,bordeaux,Bordeaux,rgb,137,29,15,6,8,full,white,en,,1.1.5,
20892,de,German (Deutsch),schwarzblau,schwarzblau,Schwarzblau,rgb,16,34,52,6,9,full,white,en,,1.1.5,
20892,de,German (Deutsch),turkis,türkis,Türkis,rgb,78,254,229,6,10,full,white,en,,1.1.5,
20892,de,German (Deutsch),dunklespink,dunkles pink,Dunkles Pink,rgb,215,95,142,6,11,full,white,en,,1.1.5,
20979,de,German (Deutsch),petrol,petrol,Petrol,rgb,50,110,124,1,0,full,white,en,,1.1.5,
20979,de,German (Deutsch),pissgelb,pissgelb,Pissgelb,rgb,230,224,24,1,1,full,white,en,,1.1.5,
20979,de,German (Deutsch),turkis,türkis,Türkis,rgb,30,254,223,1,2,full,white,en,,1.1.5,
20979,de,German (Deutsch),koralle,koralle,Koralle,rgb,253,104,104,1,3,full,white,en,,1.1.5,
20979,de,German (Deutsch),blaugrau,blaugrau,Blaugrau,rgb,129,159,181,1,4,full,white,en,,1.1.5,
20979,de,German (Deutsch),minz,minz,Minz,rgb,193,249,179,1,5,full,white,en,,1.1.5,
20979,de,German (Deutsch),blau,blau,Blau,rgb,5,125,229,1,6,full,white,en,,1.1.5,
20979,de,German (Deutsch),pflaume,pflaume,Pflaume,rgb,158,117,120,1,7,full,white,en,,1.1.5,
20979,de,German (Deutsch),grun,grün,Grün,rgb,125,213,81,1,8,full,white,en,,1.1.5,
20979,de,German (Deutsch),grungrau,grüngrau,grüngrau,rgb,173,196,181,1,9,full,white,en,,1.1.5,
20979,de,German (Deutsch),blaugrun,blaugrün,blaugrün,rgb,62,199,156,1,10,full,white,en,,1.1.5,
20979,de,German (Deutsch),lavendel,lavendel,Lavendel,rgb,171,151,230,1,11,full,white,en,,1.1.5,
20979,de,German (Deutsch),dunkelblau,dunkelblau,Dunkelblau,rgb,43,62,115,3,0,full,white,en,,1.1.5,
20979,de,German (Deutsch),gelbbraun,gelbbraun,gelbbraun,rgb,161,117,53,3,1,full,white,en,,1.1.5,
20979,de,German (Deutsch),dunkelviolett,dunkelviolett,dunkelviolett,rgb,72,16,16,3,2,full,white,en,,1.1.5,
20979,de,German (Deutsch),braun,braun,braun,rgb,136,71,46,3,3,full,white,en,,1.1.5,
20979,de,German (Deutsch),rot,rot,rot,rgb,222,18,51,3,4,full,white,en,,1.1.5,
20979,de,German (Deutsch),rosa,rosa,rosa,rgb,254,152,233,3,5,full,white,en,,1.1.5,
20979,de,German (Deutsch),blau,blau,blau,rgb,47,183,228,3,6,full,white,en,,1.1.5,
20979,de,German (Deutsch),pink,pink,pink,rgb,235,94,165,3,7,full,white,en,,1.1.5,
20979,de,German (Deutsch),schwarz,schwarz,schwarz,rgb,57,40,36,3,8,full,white,en,,1.1.5,
20979,de,German (Deutsch),grun,grün,grün,rgb,2,177,30,3,9,full,white,en,,1.1.5,
20979,de,German (Deutsch),hautfarben,hautfarben,hautfarben,rgb,250,219,181,3,10,full,white,en,,1.1.5,
20979,de,German (Deutsch),giftgelb,giftgelb,giftgelb,rgb,205,195,59,3,11,full,white,en,,1.1.5,
20979,de,German (Deutsch),gelbgrun,gelbgrün,gelbgrün,rgb,163,210,36,6,0,full,white,en,,1.1.5,
20979,de,German (Deutsch),blassgrun,blassgrün,blassgrün,rgb,130,184,108,6,1,full,white,en,,1.1.5,
20979,de,German (Deutsch),blaugrun,blaugrün,blaugrün,rgb,50,99,71,6,2,full,white,en,,1.1.5,
20979,de,German (Deutsch),grun,grün,grün,rgb,70,124,7,6,3,full,white,en,,1.1.5,
20979,de,German (Deutsch),olivgrun,olivgrün,olivgrün,rgb,120,124,72,6,4,full,white,en,,1.1.5,
20979,de,German (Deutsch),giftgrun,giftgrün,giftgrün,rgb,113,237,61,6,5,full,white,en,,1.1.5,
20979,de,German (Deutsch),blau,blau,blau,rgb,50,30,151,6,6,full,white,en,,1.1.5,
20979,de,German (Deutsch),orange,orange,orange,rgb,236,136,59,6,7,full,white,en,,1.1.5,
20979,de,German (Deutsch),pink,pink,pink,rgb,199,2,221,6,8,full,white,en,,1.1.5,
20979,de,German (Deutsch),lavendel,lavendel,lavendel,rgb,148,79,187,6,9,full,white,en,,1.1.5,
20979,de,German (Deutsch),graublau,graublau,graublau,rgb,90,125,185,6,10,full,white,en,,1.1.5,
20979,de,German (Deutsch),dunkelgrau,dunkelgrau,dunkelgrau,rgb,36,64,68,6,11,full,white,en,,1.1.5,
21303,de,German (Deutsch),schweinchenpink,schweinchen pink,Schweinchen Pink,rgb,207,142,207,1,0,full,white,en,,1.1.5,
21303,de,German (Deutsch),blau,blau,Blau,rgb,14,21,200,1,1,full,white,en,,1.1.5,
21303,de,German (Deutsch),verwaschenegelb,verwaschene gelb,Verwaschene gelb,rgb,197,211,71,1,2,full,white,en,,1.1.5,
21303,de,German (Deutsch),erbsengrun,erbsen grün,Erbsen grün,rgb,115,179,29,1,3,full,white,en,,1.1.5,
21303,de,German (Deutsch),minxgrun,minx grün,Minx grün,rgb,136,222,145,1,4,full,white,en,,1.1.5,
21303,de,German (Deutsch),hellgrun,hell grün,Hell grün,rgb,109,230,90,1,5,full,white,en,,1.1.5,
21303,de,German (Deutsch),violette,violette,Violette,rgb,192,40,206,1,6,full,white,en,,1.1.5,
21303,de,German (Deutsch),marineblah,marine blah,Marine blah,rgb,126,168,189,1,7,full,white,en,,1.1.5,
21303,de,German (Deutsch),grun,grün,Grün,rgb,4,183,107,1,8,full,white,en,,1.1.5,
21303,de,German (Deutsch),beain,beain,Beain,rgb,67,30,35,1,9,full,white,en,,1.1.5,
21303,de,German (Deutsch),mitternachtsviolett,mitternachts violett,Mitternachts violett,rgb,29,24,144,1,10,full,white,en,,1.1.5,
21303,de,German (Deutsch),graubraun,grau braun,Grau braun,rgb,72,78,44,1,11,full,white,en,,1.1.5,
21303,de,German (Deutsch),pastellgrun,pastell grün,Pastell grün,rgb,225,249,202,3,0,full,white,en,,1.1.5,
21303,de,German (Deutsch),turkisblau,türkis blau,Türkis blau,rgb,93,187,186,3,1,full,white,en,,1.1.5,
21303,de,German (Deutsch),mattblau,matt blau,Matt blau,rgb,2,70,109,3,2,full,white,en,,1.1.5,
21303,de,German (Deutsch),braun,braun,Braun,rgb,163,119,11,3,3,full,white,en,,1.1.5,
21303,de,German (Deutsch),lehm,lehm,Lehm,rgb,212,127,114,3,4,full,white,en,,1.1.5,
21303,de,German (Deutsch),violett,violett,Violett,rgb,85,75,231,3,5,full,white,en,,1.1.5,
21303,de,German (Deutsch),breaduxrot,breadux rot,Breadux rot,rgb,107,40,82,3,6,full,white,en,,1.1.5,
21303,de,German (Deutsch),candyrot,candy rot,Candy rot,rgb,209,67,120,3,7,full,white,en,,1.1.5,
21303,de,German (Deutsch),orange,orange,Orange,rgb,240,161,44,3,8,full,white,en,,1.1.5,
21303,de,German (Deutsch),dunkleresgrun,dunkleres grün,Dunkleres grün,rgb,74,103,38,3,9,full,white,en,,1.1.5,
21303,de,German (Deutsch),rotorange,rot orange,Rot orange,rgb,220,96,51,3,10,full,white,en,,1.1.5,
21303,de,German (Deutsch),mattblau??,matt blau??,Matt Blau??,rgb,55,92,99,3,11,full,white,en,,1.1.5,
21414,de,German (Deutsch),stahlblau,stahlblau,Stahlblau,rgb,11,101,140,1,0,full,white,en,,1.1.5,
21414,de,German (Deutsch),orange,orange,Orange,rgb,224,104,49,1,1,full,white,en,,1.1.5,
21414,de,German (Deutsch),hellblau,hellblau,Hellblau,rgb,103,226,242,1,3,full,white,en,,1.1.5,
21414,de,German (Deutsch),smaragdgrun,smaragdgrün,Smaragdgrün,rgb,156,210,195,1,4,full,white,en,,1.1.5,
21414,de,German (Deutsch),indigoblau,indigoblau,Indigoblau,rgb,71,77,222,1,5,full,white,en,,1.1.5,
21414,de,German (Deutsch),hellgrun,hellgrün,Hellgrün,rgb,192,198,99,1,6,full,white,en,,1.1.5,
21414,de,German (Deutsch),pink,pink,Pink,rgb,236,8,111,1,7,full,white,en,,1.1.5,
21414,de,German (Deutsch),olivengrun,olivengrün,Olivengrün,rgb,172,178,121,1,8,full,white,en,,1.1.5,
21414,de,German (Deutsch),creme,creme,Creme,rgb,241,240,224,1,9,full,white,en,,1.1.5,
21414,de,German (Deutsch),rosa,rosa,Rosa,rgb,238,191,202,1,10,full,white,en,,1.1.5,
21414,de,German (Deutsch),rot,rot,Rot,rgb,218,58,84,1,11,full,white,en,,1.1.5,
21414,de,German (Deutsch),fluoreszierendeshellgrun,fluoreszierendes hellgrün,fluoreszierendes Hellgrün,rgb,161,253,57,3,0,full,white,en,,1.1.5,
21414,de,German (Deutsch),burgund,burgund,Burgund,rgb,145,18,75,3,1,full,white,en,,1.1.5,
21414,de,German (Deutsch),dunkelblau,dunkel blau,dunkel Blau,rgb,6,52,155,3,2,full,white,en,,1.1.5,
21414,de,German (Deutsch),grun,grün,Grün,rgb,54,198,53,3,3,full,white,en,,1.1.5,
21414,de,German (Deutsch),schwarz,schwarz,Schwarz,rgb,39,25,20,3,4,full,white,en,,1.1.5,
21414,de,German (Deutsch),blaugrau,blaugrau,Blaugrau,rgb,129,172,185,3,5,full,white,en,,1.1.5,
21414,de,German (Deutsch),lila,lila,Lila,rgb,191,64,222,3,6,full,white,en,,1.1.5,
21414,de,German (Deutsch),elektrikblau,elektrikblau,Elektrikblau,rgb,76,44,242,3,7,full,white,en,,1.1.5,
21414,de,German (Deutsch),blau,blau,Blau,rgb,118,183,240,3,8,full,white,en,,1.1.5,
21414,de,German (Deutsch),fluoreszierendesgrun,fluoreszierendes grün,fluoreszierendes Grün,rgb,0,238,69,3,10,full,white,en,,1.1.5,
21414,de,German (Deutsch),khaki,khaki,Khaki,rgb,145,167,20,3,11,full,white,en,,1.1.5,
21414,de,German (Deutsch),dunkelrosa,dunkel rosa,dunkel Rosa,rgb,224,141,187,6,0,full,white,en,,1.1.5,
21414,de,German (Deutsch),braun,braun,Braun,rgb,213,158,45,6,1,full,white,en,,1.1.5,
21414,de,German (Deutsch),pink,pink,Pink,rgb,246,61,188,6,2,full,white,en,,1.1.5,
21414,de,German (Deutsch),elektrikblau,elektrikblau,Elektrikblau,rgb,39,107,229,6,3,full,white,en,,1.1.5,
21414,de,German (Deutsch),mildesgrun,mildes grün,mildes Grün,rgb,130,212,124,6,4,full,white,en,,1.1.5,
21414,de,German (Deutsch),piniengrun,piniengrün,Piniengrün,rgb,20,138,114,6,5,full,white,en,,1.1.5,
21414,de,German (Deutsch),dunkellila,dunkel lila,dunkel Lila,rgb,124,63,173,6,6,full,white,en,,1.1.5,
21414,de,German (Deutsch),hellgrun,hell grün,hell Grün,rgb,96,237,174,6,7,full,white,en,,1.1.5,
21414,de,German (Deutsch),lila,lila,Lila,rgb,148,131,235,6,8,full,white,en,,1.1.5,
21414,de,German (Deutsch),blau,blau,Blau,rgb,60,136,227,6,9,full,white,en,,1.1.5,
21414,de,German (Deutsch),dunkelgrun,dunkel grün,dunkel Grün,rgb,74,118,69,6,10,full,white,en,,1.1.5,
21414,de,German (Deutsch),graugrun,graugrün,Graugrün,rgb,89,114,117,6,11,full,white,en,,1.1.5,
21468,de,German (Deutsch),olivgrun,olivgrün,Olivgrün,rgb,178,206,108,1,0,full,white,en,,1.1.5,
21468,de,German (Deutsch),violett,violett,Violett,rgb,160,16,148,1,1,full,white,en,,1.1.5,
21468,de,German (Deutsch),hellblau,hellblau,Hellblau,rgb,117,182,229,1,2,full,white,en,,1.1.5,
21468,de,German (Deutsch),konigsblau,königsblau,Königsblau,rgb,70,15,155,1,3,full,white,en,,1.1.5,
21468,de,German (Deutsch),purpur,purpur,Purpur,rgb,137,28,73,1,4,full,white,en,,1.1.5,
21468,de,German (Deutsch),sand,sand,Sand,rgb,212,205,146,1,5,full,white,en,,1.1.5,
21468,de,German (Deutsch),blassrot,blassrot,Blassrot,rgb,197,79,82,1,6,full,white,en,,1.1.5,
21468,de,German (Deutsch),hellgrun,hellgrün,Hellgrün,rgb,138,251,115,1,7,full,white,en,,1.1.5,
21468,de,German (Deutsch),minzgrun,minzgrün,Minzgrün,rgb,132,254,191,1,8,full,white,en,,1.1.5,
21468,de,German (Deutsch),dunkelbraun,dunkelbraun,Dunkelbraun,rgb,125,69,8,1,9,full,white,en,,1.1.5,
21468,de,German (Deutsch),lila,lila,Lila,rgb,240,95,224,1,10,full,white,en,,1.1.5,
21468,de,German (Deutsch),graubraun,graubraun,Graubraun,rgb,155,117,96,1,11,full,white,en,,1.1.5,
21468,de,German (Deutsch),lila,lila,Lila,rgb,163,153,175,3,0,full,white,en,,1.1.5,
21468,de,German (Deutsch),blutrot,blutrot,Blutrot,rgb,116,32,31,3,1,full,white,en,,1.1.5,
21468,de,German (Deutsch),blassblau,blassblau,Blassblau,rgb,97,191,200,3,2,full,white,en,,1.1.5,
21468,de,German (Deutsch),hellgrun,hellgrün,Hellgrün,rgb,52,243,32,3,3,full,white,en,,1.1.5,
21468,de,German (Deutsch),gelb,gelb,Gelb,rgb,232,238,41,3,4,full,white,en,,1.1.5,
21468,de,German (Deutsch),dunkelviolett,dunkelviolett,Dunkelviolett,rgb,5,72,92,3,5,full,white,en,,1.1.5,
21468,de,German (Deutsch),olivgrun,olivgrün,Olivgrün,rgb,144,174,2,3,6,full,white,en,,1.1.5,
21468,de,German (Deutsch),lila,lila,Lila,rgb,189,120,193,3,7,full,white,en,,1.1.5,
21468,de,German (Deutsch),blassorange,blassorange,Blassorange,rgb,236,183,95,3,8,full,white,en,,1.1.5,
21468,de,German (Deutsch),hellgrau,hellgrau,Hellgrau,rgb,214,222,229,3,9,full,white,en,,1.1.5,
21468,de,German (Deutsch),dunkelgrun,dunkelgrün,Dunkelgrün,rgb,29,117,16,3,10,full,white,en,,1.1.5,
21468,de,German (Deutsch),graugrun,graugrün,Graugrün,rgb,137,173,149,3,11,full,white,en,,1.1.5,
21468,de,German (Deutsch),rot,rot,Rot,rgb,251,64,40,6,0,full,white,en,,1.1.5,
21468,de,German (Deutsch),pink,pink,Pink,rgb,251,26,224,6,1,full,white,en,,1.1.5,
21468,de,German (Deutsch),orange,orange,Orange,rgb,235,174,24,6,2,full,white,en,,1.1.5,
21468,de,German (Deutsch),blau,blau,Blau,rgb,141,97,232,6,3,full,white,en,,1.1.5,
21468,de,German (Deutsch),braun,braun,Braun,rgb,173,153,45,6,4,full,white,en,,1.1.5,
21468,de,German (Deutsch),hellgrun,hellgrün,Hellgrün,rgb,143,220,27,6,5,full,white,en,,1.1.5,
21468,de,German (Deutsch),grun,grün,Grün,rgb,22,179,82,6,6,full,white,en,,1.1.5,
21468,de,German (Deutsch),dunkelviolett,dunkelviolett,Dunkelviolett,rgb,21,50,91,6,7,full,white,en,,1.1.5,
21468,de,German (Deutsch),anthrazit,anthrazit,Anthrazit,rgb,56,56,39,6,8,full,white,en,,1.1.5,
21468,de,German (Deutsch),rosa,rosa,Rosa,rgb,225,165,209,6,9,full,white,en,,1.1.5,
21468,de,German (Deutsch),dunkelbraun,dunkelbraun,Dunkelbraun,rgb,68,25,3,6,10,full,white,en,,1.1.5,
21468,de,German (Deutsch),hellblau,hellblau,Hellblau,rgb,106,141,250,6,11,full,white,en,,1.1.5,
de59860e-1085-4d5a-b7de-3218529b573d,de,German (Deutsch),olivgrun,olivgrün,Olivgrün,p3,0.402772,0.440558,0.344065,1,0,full,white,en,en,2.0.3,
de59860e-1085-4d5a-b7de-3218529b573d,de,German (Deutsch),gelb,gelb,Gelb,p3,0.968453,0.831535,0.204404,1,1,full,white,en,en,2.0.3,
de59860e-1085-4d5a-b7de-3218529b573d,de,German (Deutsch),indigo,indigo,Indigo,p3,0.294121,0.0962779,0.945512,1,2,full,white,en,en,2.0.3,
de59860e-1085-4d5a-b7de-3218529b573d,de,German (Deutsch),grun,grün,Grün,p3,0.448688,0.750025,0.307435,1,3,full,white,en,en,2.0.3,
de59860e-1085-4d5a-b7de-3218529b573d,de,German (Deutsch),pink,pink,Pink,p3,0.875582,0.644361,0.735796,1,4,full,white,en,en,2.0.3,
de59860e-1085-4d5a-b7de-3218529b573d,de,German (Deutsch),grungrau,grün grau,Grün-grau,p3,0.635602,0.691244,0.640266,1,5,full,white,en,en,2.0.3,
de59860e-1085-4d5a-b7de-3218529b573d,de,German (Deutsch),braun,braun,braun,p3,0.573593,0.361149,0.180563,1,6,full,white,en,en,2.0.3,
de59860e-1085-4d5a-b7de-3218529b573d,de,German (Deutsch),blau,blau,blau,p3,0.343276,0.534008,0.65466,1,7,full,white,en,en,2.0.3,
de59860e-1085-4d5a-b7de-3218529b573d,de,German (Deutsch),lila,lila,Lila,p3,0.507232,0.164215,0.478021,1,8,full,white,en,en,2.0.3,
de59860e-1085-4d5a-b7de-3218529b573d,de,German (Deutsch),mintgrun,mint grün,Mint-grün,p3,0.458917,0.850258,0.598881,1,9,full,white,en,en,2.0.3,
de59860e-1085-4d5a-b7de-3218529b573d,de,German (Deutsch),hellblau,hell blau,Hell blau,p3,0.63217,0.711425,0.916047,1,10,full,white,en,en,2.0.3,
de59860e-1085-4d5a-b7de-3218529b573d,de,German (Deutsch),rot,rot,rot,p3,0.890248,0.245092,0.220637,1,11,full,white,en,en,2.0.3,
de59860e-1085-4d5a-b7de-3218529b573d,de,German (Deutsch),mintgrun,mint grün,Mint-grün,p3,0.486374,0.997416,0.811882,3,0,full,white,en,en,2.0.3,
de59860e-1085-4d5a-b7de-3218529b573d,de,German (Deutsch),dunkelblau,dunkelblau,Dunkelblau,p3,0.146923,0.171932,0.59601,3,1,full,white,en,en,2.0.3,
de59860e-1085-4d5a-b7de-3218529b573d,de,German (Deutsch),flieder,flieder,Flieder,p3,0.840372,0.834666,0.889886,3,2,full,white,en,en,2.0.3,
de59860e-1085-4d5a-b7de-3218529b573d,de,German (Deutsch),rotlila,rot lila,Rot-lila,p3,0.320541,0.111521,0.231174,3,3,full,white,en,en,2.0.3,
de59860e-1085-4d5a-b7de-3218529b573d,de,German (Deutsch),pink,pink,Pink,p3,0.837892,0.43239,0.492153,3,4,full,white,en,en,2.0.3,
de59860e-1085-4d5a-b7de-3218529b573d,de,German (Deutsch),violett,violett,Violett,p3,0.573069,0.440406,0.698821,3,5,full,white,en,en,2.0.3,
de59860e-1085-4d5a-b7de-3218529b573d,de,German (Deutsch),pink,pink,Pink,p3,0.940131,0.629073,0.984348,3,6,full,white,en,en,2.0.3,
de59860e-1085-4d5a-b7de-3218529b573d,de,German (Deutsch),navy,navy,Navy,p3,0.0294188,0.00598267,0.203553,3,7,full,white,en,en,2.0.3,
de59860e-1085-4d5a-b7de-3218529b573d,de,German (Deutsch),pinkrot,pink rot,Pink-rot,p3,0.638895,0.315446,0.418191,3,8,full,white,en,en,2.0.3,
de59860e-1085-4d5a-b7de-3218529b573d,de,German (Deutsch),hellgelb,hellgelb,Hellgelb,p3,0.901349,0.919834,0.655227,3,9,full,white,en,en,2.0.3,
de59860e-1085-4d5a-b7de-3218529b573d,de,German (Deutsch),blau,blau,Blau,p3,0.237643,0.414912,0.53047,3,10,full,white,en,en,2.0.3,
de59860e-1085-4d5a-b7de-3218529b573d,de,German (Deutsch),grun,grün,Grün,p3,0.45598,0.937482,0.343791,3,11,full,white,en,en,2.0.3,
de59860e-1085-4d5a-b7de-3218529b573d,de,German (Deutsch),orangebraun,orange braun,Orange-braun,p3,0.850282,0.582299,0.303786,5,0,full,white,en,en,2.0.3,
de59860e-1085-4d5a-b7de-3218529b573d,de,German (Deutsch),pink,pink,Pink,p3,0.993881,0.284495,0.502095,5,1,full,white,en,en,2.0.3,
de59860e-1085-4d5a-b7de-3218529b573d,de,German (Deutsch),lila,lila,Lila,p3,0.904798,0.341523,0.876166,5,2,full,white,en,en,2.0.3,
de59860e-1085-4d5a-b7de-3218529b573d,de,German (Deutsch),grun,grün,Grün,p3,0.298769,0.596111,0.307474,5,3,full,white,en,en,2.0.3,
de59860e-1085-4d5a-b7de-3218529b573d,de,German (Deutsch),braun,braun,Braun,p3,0.437456,0.195498,0.1754,5,4,full,white,en,en,2.0.3,
de59860e-1085-4d5a-b7de-3218529b573d,de,German (Deutsch),lilablau,lila blau,Lila-blau,p3,0.406233,0.404264,0.943042,5,5,full,white,en,en,2.0.3,
de59860e-1085-4d5a-b7de-3218529b573d,de,German (Deutsch),blau,blau,blau,p3,0.289833,0.364262,0.7349,5,6,full,white,en,en,2.0.3,
de59860e-1085-4d5a-b7de-3218529b573d,de,German (Deutsch),blau,blau,blau,p3,0.242072,0.738094,0.971539,5,7,full,white,en,en,2.0.3,
de59860e-1085-4d5a-b7de-3218529b573d,de,German (Deutsch),lila,lila,Lila,p3,0.332855,0.248766,0.548465,5,8,full,white,en,en,2.0.3,
de59860e-1085-4d5a-b7de-3218529b573d,de,German (Deutsch),dunkelgrun,dunkelgrün,Dunkelgrün,p3,0.165583,0.287371,0.278271,5,9,full,white,en,en,2.0.3,
de59860e-1085-4d5a-b7de-3218529b573d,de,German (Deutsch),hellgrun,hellgrün,Hellgrün,p3,0.70469,0.957117,0.507991,5,10,full,white,en,en,2.0.3,
de59860e-1085-4d5a-b7de-3218529b573d,de,German (Deutsch),lila,lila,Lila,p3,0.63957,0.279281,0.647886,5,11,full,white,en,en,2.0.3,
c1f80ac9-ca60-4c84-accf-af017fdcb14e,de,German (Deutsch),rot,rot,Rot,rgb,154,19,13,1,0,full,white,en,de,2.0.3,
c1f80ac9-ca60-4c84-accf-af017fdcb14e,de,German (Deutsch),schwarz,schwarz,Schwarz,rgb,54,46,57,1,1,full,white,en,de,2.0.3,
c1f80ac9-ca60-4c84-accf-af017fdcb14e,de,German (Deutsch),blau,blau,Blau,rgb,142,148,255,1,2,full,white,en,de,2.0.3,
c1f80ac9-ca60-4c84-accf-af017fdcb14e,de,German (Deutsch),violett,violett,Violett,rgb,164,155,212,1,3,full,white,en,de,2.0.3,
c1f80ac9-ca60-4c84-accf-af017fdcb14e,de,German (Deutsch),grun,grün,Grün,rgb,18,100,85,1,4,full,white,en,de,2.0.3,
c1f80ac9-ca60-4c84-accf-af017fdcb14e,de,German (Deutsch),rosa,rosa,Rosa,rgb,184,106,159,1,5,full,white,en,de,2.0.3,
c1f80ac9-ca60-4c84-accf-af017fdcb14e,de,German (Deutsch),lila,lila,Lila,rgb,154,63,114,1,6,full,white,en,de,2.0.3,
c1f80ac9-ca60-4c84-accf-af017fdcb14e,de,German (Deutsch),viilett,viilett,Viilett,rgb,142,115,187,1,7,full,white,en,de,2.0.3,
c1f80ac9-ca60-4c84-accf-af017fdcb14e,de,German (Deutsch),zyan,zyan,Zyan,rgb,93,224,173,1,8,full,white,en,de,2.0.3,
c1f80ac9-ca60-4c84-accf-af017fdcb14e,de,German (Deutsch),violett,violett,Violett,rgb,180,142,186,1,9,full,white,en,de,2.0.3,
c1f80ac9-ca60-4c84-accf-af017fdcb14e,de,German (Deutsch),grun,grün,Grün,rgb,25,127,79,1,10,full,white,en,de,2.0.3,
c1f80ac9-ca60-4c84-accf-af017fdcb14e,de,German (Deutsch),gelb,gelb,Gelb,rgb,213,219,107,1,11,full,white,en,de,2.0.3,
c1f80ac9-ca60-4c84-accf-af017fdcb14e,de,German (Deutsch),lila,lila,Lila,rgb,183,41,183,3,0,full,white,en,de,2.0.3,
c1f80ac9-ca60-4c84-accf-af017fdcb14e,de,German (Deutsch),giftgrun,giftgrün,Giftgrün,rgb,170,211,119,3,1,full,white,en,de,2.0.3,
c1f80ac9-ca60-4c84-accf-af017fdcb14e,de,German (Deutsch),ocker,ocker,Ocker,rgb,168,129,75,3,2,full,white,en,de,2.0.3,
c1f80ac9-ca60-4c84-accf-af017fdcb14e,de,German (Deutsch),giftgrun,giftgrün,Giftgrün,rgb,64,248,135,3,3,full,white,en,de,2.0.3,
c1f80ac9-ca60-4c84-accf-af017fdcb14e,de,German (Deutsch),lila,lila,Lila,rgb,214,114,195,3,4,full,white,en,de,2.0.3,
c1f80ac9-ca60-4c84-accf-af017fdcb14e,de,German (Deutsch),braun,braun,Braun,rgb,137,112,13,3,5,full,white,en,de,2.0.3,
c1f80ac9-ca60-4c84-accf-af017fdcb14e,de,German (Deutsch),marinblau,marinblau,Marinblau,rgb,53,4,107,3,6,full,white,en,de,2.0.3,
c1f80ac9-ca60-4c84-accf-af017fdcb14e,de,German (Deutsch),rosa,rosa,Rosa,rgb,231,131,205,3,7,full,white,en,de,2.0.3,
c1f80ac9-ca60-4c84-accf-af017fdcb14e,de,German (Deutsch),marinblau,marinblau,Marinblau,rgb,16,51,90,3,8,full,white,en,de,2.0.3,
c1f80ac9-ca60-4c84-accf-af017fdcb14e,de,German (Deutsch),rosa,rosa,Rosa,rgb,254,65,251,3,9,full,white,en,de,2.0.3,
c1f80ac9-ca60-4c84-accf-af017fdcb14e,de,German (Deutsch),schwarz,schwarz,Schwarz,rgb,73,60,21,3,11,full,white,en,de,2.0.3,
c1f80ac9-ca60-4c84-accf-af017fdcb14e,de,German (Deutsch),braun,braun,Braun,rgb,169,88,97,5,0,full,white,en,de,2.0.3,
c1f80ac9-ca60-4c84-accf-af017fdcb14e,de,German (Deutsch),violett,violett,Violett,rgb,89,61,124,5,1,full,white,en,de,2.0.3,
c1f80ac9-ca60-4c84-accf-af017fdcb14e,de,German (Deutsch),hautfarbe,hautfarbe,Hautfarbe,rgb,246,220,230,5,4,full,white,en,de,2.0.3,
c1f80ac9-ca60-4c84-accf-af017fdcb14e,de,German (Deutsch),lila,lila,Lila,rgb,208,105,209,5,5,full,white,en,de,2.0.3,
c1f80ac9-ca60-4c84-accf-af017fdcb14e,de,German (Deutsch),blau,blau,Blau,rgb,19,7,206,5,6,full,white,en,de,2.0.3,
c1f80ac9-ca60-4c84-accf-af017fdcb14e,de,German (Deutsch),waldgrun,waldgrün,Waldgrün,rgb,63,136,111,5,7,full,white,en,de,2.0.3,
c1f80ac9-ca60-4c84-accf-af017fdcb14e,de,German (Deutsch),lila,lila,Lila,rgb,180,111,198,5,8,full,white,en,de,2.0.3,
c1f80ac9-ca60-4c84-accf-af017fdcb14e,de,German (Deutsch),lila,lila,Lila,rgb,185,75,233,5,9,full,white,en,de,2.0.3,
c1f80ac9-ca60-4c84-accf-af017fdcb14e,de,German (Deutsch),orange,orange,Orange,rgb,253,142,106,5,10,full,white,en,de,2.0.3,
c1f80ac9-ca60-4c84-accf-af017fdcb14e,de,German (Deutsch),blau,blau,Blau,rgb,121,66,231,5,11,full,white,en,de,2.0.3,
24024f13-2d57-4542-8f53-7bac82da6c47,de,German (Deutsch),rot,rot,Rot,rgb,96,21,32,1,0,full,white,en,en,2.0.3,
24024f13-2d57-4542-8f53-7bac82da6c47,de,German (Deutsch),hautfabe,hautfabe,Hautfabe,rgb,125,119,64,1,1,full,white,en,en,2.0.3,
24024f13-2d57-4542-8f53-7bac82da6c47,de,German (Deutsch),braun,braun,Braun,rgb,94,83,47,1,3,full,white,en,en,2.0.3,
24024f13-2d57-4542-8f53-7bac82da6c47,de,German (Deutsch),rosa,rosa,Rosa,rgb,130,52,76,1,4,full,white,en,en,2.0.3,
24024f13-2d57-4542-8f53-7bac82da6c47,de,German (Deutsch),dunkelblau,dunkel blau,Dunkel Blau,rgb,12,45,102,1,5,full,white,en,en,2.0.3,
24024f13-2d57-4542-8f53-7bac82da6c47,de,German (Deutsch),gun,gün,Gün,rgb,45,160,2,1,6,full,white,en,en,2.0.3,
24024f13-2d57-4542-8f53-7bac82da6c47,de,German (Deutsch),blau,blau,Blau,rgb,23,55,129,1,7,full,white,en,en,2.0.3,
24024f13-2d57-4542-8f53-7bac82da6c47,de,German (Deutsch),grau,grau,Grau,rgb,41,49,59,1,8,full,white,en,en,2.0.3,
f8f4aaa7-206e-4aba-82cb-125f8340cd72,de,German (Deutsch),orangerot,orange rot,orange-rot,rgb,205,81,45,1,0,full,white,en,de,2.0.3,
f8f4aaa7-206e-4aba-82cb-125f8340cd72,de,German (Deutsch),graublau,grau blau,grau-blau,rgb,120,127,195,1,1,full,white,en,de,2.0.3,
f8f4aaa7-206e-4aba-82cb-125f8340cd72,de,German (Deutsch),rot,rot,rot,rgb,212,39,72,1,2,full,white,en,de,2.0.3,
f8f4aaa7-206e-4aba-82cb-125f8340cd72,de,German (Deutsch),grun,grün,grün,rgb,149,156,61,1,3,full,white,en,de,2.0.3,
f8f4aaa7-206e-4aba-82cb-125f8340cd72,de,German (Deutsch),pink,pink,pink,rgb,212,5,149,1,4,full,white,en,de,2.0.3,
f8f4aaa7-206e-4aba-82cb-125f8340cd72,de,German (Deutsch),lila,lila,lila,rgb,157,110,223,1,5,full,white,en,de,2.0.3,
f8f4aaa7-206e-4aba-82cb-125f8340cd72,de,German (Deutsch),violett,violett,violett,rgb,190,94,196,1,6,full,white,en,de,2.0.3,
f8f4aaa7-206e-4aba-82cb-125f8340cd72,de,German (Deutsch),graublau,grau blau,grau-blau,rgb,148,175,195,1,7,full,white,en,de,2.0.3,
f8f4aaa7-206e-4aba-82cb-125f8340cd72,de,German (Deutsch),grunbraun,grün braun,grün-braun,rgb,163,150,106,1,8,full,white,en,de,2.0.3,
f8f4aaa7-206e-4aba-82cb-125f8340cd72,de,German (Deutsch),violett,violett,violett,rgb,182,30,165,1,9,full,white,en,de,2.0.3,
f8f4aaa7-206e-4aba-82cb-125f8340cd72,de,German (Deutsch),dunkellila,dunkel lila,dunkel-lila,rgb,146,56,145,1,10,full,white,en,de,2.0.3,
f8f4aaa7-206e-4aba-82cb-125f8340cd72,de,German (Deutsch),pink,pink,pink,rgb,232,119,220,1,11,full,white,en,de,2.0.3,
f8f4aaa7-206e-4aba-82cb-125f8340cd72,de,German (Deutsch),lila,lila,lila,rgb,139,49,158,3,0,full,white,en,de,2.0.3,
f8f4aaa7-206e-4aba-82cb-125f8340cd72,de,German (Deutsch),grau,grau,grau,rgb,161,142,126,3,1,full,white,en,de,2.0.3,
f8f4aaa7-206e-4aba-82cb-125f8340cd72,de,German (Deutsch),bordeaux,bordeaux,bordeaux,rgb,111,36,63,3,2,full,white,en,de,2.0.3,
f8f4aaa7-206e-4aba-82cb-125f8340cd72,de,German (Deutsch),dunkelblau,dunkelblau,dunkelblau,rgb,28,14,193,3,3,full,white,en,de,2.0.3,
f8f4aaa7-206e-4aba-82cb-125f8340cd72,de,German (Deutsch),dunkellila,dunkellila,dunkellila,rgb,111,50,139,3,4,full,white,en,de,2.0.3,
f8f4aaa7-206e-4aba-82cb-125f8340cd72,de,German (Deutsch),navy,navy,navy,rgb,104,77,138,3,5,full,white,en,de,2.0.3,
f8f4aaa7-206e-4aba-82cb-125f8340cd72,de,German (Deutsch),graurot,grau rot,grau-rot,rgb,176,101,89,3,6,full,white,en,de,2.0.3,
f8f4aaa7-206e-4aba-82cb-125f8340cd72,de,German (Deutsch),hellturkis,hell türkis,hell-türkis,rgb,229,245,208,3,7,full,white,en,de,2.0.3,
f8f4aaa7-206e-4aba-82cb-125f8340cd72,de,German (Deutsch),turkis,türkis,türkis,rgb,146,242,168,3,8,full,white,en,de,2.0.3,
f8f4aaa7-206e-4aba-82cb-125f8340cd72,de,German (Deutsch),ocker,ocker,ocker,rgb,154,128,76,3,9,full,white,en,de,2.0.3,
f8f4aaa7-206e-4aba-82cb-125f8340cd72,de,German (Deutsch),turkis,türkis,türkis,rgb,187,217,200,3,10,full,white,en,de,2.0.3,
f8f4aaa7-206e-4aba-82cb-125f8340cd72,de,German (Deutsch),graulila,grau lila,grau-lila,rgb,153,106,153,3,11,full,white,en,de,2.0.3,
f8f4aaa7-206e-4aba-82cb-125f8340cd72,de,German (Deutsch),tprkis,tprkis,tprkis,rgb,113,225,225,5,0,full,white,en,de,2.0.3,
f8f4aaa7-206e-4aba-82cb-125f8340cd72,de,German (Deutsch),turkisgrun,türkis grün,türkis-grün,rgb,129,213,172,5,1,full,white,en,de,2.0.3,
f8f4aaa7-206e-4aba-82cb-125f8340cd72,de,German (Deutsch),magenta,magenta,magenta,rgb,186,63,108,5,2,full,white,en,de,2.0.3,
f8f4aaa7-206e-4aba-82cb-125f8340cd72,de,German (Deutsch),rotpink,rot pink,rot-pink,rgb,222,77,103,5,3,full,white,en,de,2.0.3,
f8f4aaa7-206e-4aba-82cb-125f8340cd72,de,German (Deutsch),lila,lila,lila,rgb,163,69,171,5,4,full,white,en,de,2.0.3,
f8f4aaa7-206e-4aba-82cb-125f8340cd72,de,German (Deutsch),hellgrun,hellgrün,hellgrün,rgb,176,254,150,5,5,full,white,en,de,2.0.3,
f8f4aaa7-206e-4aba-82cb-125f8340cd72,de,German (Deutsch),grun,grün,grün,rgb,129,185,125,5,6,full,white,en,de,2.0.3,
f8f4aaa7-206e-4aba-82cb-125f8340cd72,de,German (Deutsch),braun,braun,braun,rgb,144,89,6,5,7,full,white,en,de,2.0.3,
f8f4aaa7-206e-4aba-82cb-125f8340cd72,de,German (Deutsch),pastelllila,pastell lila,pastell-lila,rgb,196,141,194,5,8,full,white,en,de,2.0.3,
f8f4aaa7-206e-4aba-82cb-125f8340cd72,de,German (Deutsch),gelb,gelb,gelb,rgb,239,236,128,5,9,full,white,en,de,2.0.3,
f8f4aaa7-206e-4aba-82cb-125f8340cd72,de,German (Deutsch),dunkelblau,dunkelblau,dunkelblau,rgb,73,27,83,5,10,full,white,en,de,2.0.3,
f8f4aaa7-206e-4aba-82cb-125f8340cd72,de,German (Deutsch),hellblau,hellblau,hellblau,rgb,193,221,249,5,11,full,white,en,de,2.0.3,
788a7083-0283-4ff5-a931-d07565d3e037,de,German (Deutsch),turkis,türkis,türkis,p3,0.470019,0.837188,0.792263,1,0,full,white,en,en,2.0.3,
788a7083-0283-4ff5-a931-d07565d3e037,de,German (Deutsch),schwarz,schwarz,schwarz,p3,0.0129108,0.000221149,0.00248565,1,1,full,white,en,en,2.0.3,
788a7083-0283-4ff5-a931-d07565d3e037,de,German (Deutsch),grun,grün,grün,p3,0.219014,0.484283,0.397777,1,2,full,white,en,en,2.0.3,
788a7083-0283-4ff5-a931-d07565d3e037,de,German (Deutsch),lila,lila,lila,p3,0.740956,0.425953,0.95001,1,3,full,white,en,en,2.0.3,
788a7083-0283-4ff5-a931-d07565d3e037,de,German (Deutsch),violett,violett,violett,p3,0.698137,0.52658,0.550094,1,4,full,white,en,en,2.0.3,
788a7083-0283-4ff5-a931-d07565d3e037,de,German (Deutsch),hellbraun,hellbraun,hellbraun,p3,0.816799,0.651497,0.509143,1,5,full,white,en,en,2.0.3,
788a7083-0283-4ff5-a931-d07565d3e037,de,German (Deutsch),dunkelgelb,dunkelgelb,dunkelgelb,p3,0.789714,0.747709,0.139172,1,6,full,white,en,en,2.0.3,
788a7083-0283-4ff5-a931-d07565d3e037,de,German (Deutsch),violett,violett,violett,p3,0.462657,0.45493,0.82601,1,7,full,white,en,en,2.0.3,
788a7083-0283-4ff5-a931-d07565d3e037,de,German (Deutsch),orangebraun,orange braun,orange braun,p3,0.591504,0.428425,0.161083,1,8,full,white,en,en,2.0.3,
788a7083-0283-4ff5-a931-d07565d3e037,de,German (Deutsch),violett,violett,violett,p3,0.411503,0.327847,0.541232,1,9,full,white,en,en,2.0.3,
788a7083-0283-4ff5-a931-d07565d3e037,de,German (Deutsch),hellgrun,hellgrün,hellgrün,p3,0.400685,0.866367,0.521311,1,10,full,white,en,en,2.0.3,
788a7083-0283-4ff5-a931-d07565d3e037,de,German (Deutsch),pink,pink,pink,p3,0.807052,0.132809,0.896277,1,11,full,white,en,en,2.0.3,
788a7083-0283-4ff5-a931-d07565d3e037,de,German (Deutsch),hellblau,hellblau,hellblau,p3,0.214676,0.695703,0.880407,3,0,full,white,en,en,2.0.3,
788a7083-0283-4ff5-a931-d07565d3e037,de,German (Deutsch),pink,pink,pink,p3,0.755333,0.28956,0.544748,3,1,full,white,en,en,2.0.3,
788a7083-0283-4ff5-a931-d07565d3e037,de,German (Deutsch),dunkelblau,dunkelblau,dunkelblau,p3,0.166477,0.129625,0.492181,3,2,full,white,en,en,2.0.3,
788a7083-0283-4ff5-a931-d07565d3e037,de,German (Deutsch),dunkelturkis,dunkel türkis,dunkel türkis,p3,0.323372,0.578512,0.646106,3,3,full,white,en,en,2.0.3,
788a7083-0283-4ff5-a931-d07565d3e037,de,German (Deutsch),orange,orange,orange,p3,0.902393,0.544875,0.109781,3,4,full,white,en,en,2.0.3,
788a7083-0283-4ff5-a931-d07565d3e037,de,German (Deutsch),braun,braun,braun,p3,0.47812,0.287485,0.150924,3,5,full,white,en,en,2.0.3,
788a7083-0283-4ff5-a931-d07565d3e037,de,German (Deutsch),dunkelviolett,dunkelviolett,dunkelviolett,p3,0.332865,0.103069,0.282757,3,6,full,white,en,en,2.0.3,
788a7083-0283-4ff5-a931-d07565d3e037,de,German (Deutsch),konigsblau,königsblau,königsblau,p3,0.125881,0.0932614,0.864574,3,7,full,white,en,en,2.0.3,
788a7083-0283-4ff5-a931-d07565d3e037,de,German (Deutsch),graublau,grau blau,grau blau,p3,0.527291,0.608982,0.854995,3,8,full,white,en,en,2.0.3,
788a7083-0283-4ff5-a931-d07565d3e037,de,German (Deutsch),dunkelrot,dunkelrot,dunkelrot,p3,0.669012,0.221548,0.105874,3,9,full,white,en,en,2.0.3,
788a7083-0283-4ff5-a931-d07565d3e037,de,German (Deutsch),neongelb,neon gelb,neon gelb,p3,0.869237,0.949055,0.463888,3,11,full,white,en,en,2.0.3,
788a7083-0283-4ff5-a931-d07565d3e037,de,German (Deutsch),hellgrun,hellgrün,Hellgrün,p3,0.350658,0.671034,0.407382,5,0,full,white,en,en,2.0.3,
788a7083-0283-4ff5-a931-d07565d3e037,de,German (Deutsch),pink,pink,Pink,p3,0.86117,0.408976,0.756939,5,1,full,white,en,en,2.0.3,
788a7083-0283-4ff5-a931-d07565d3e037,de,German (Deutsch),violett,violett,violett,p3,0.5604,0.00544538,0.601534,5,2,full,white,en,en,2.0.3,
788a7083-0283-4ff5-a931-d07565d3e037,de,German (Deutsch),dunkelblau,dunkelblau,dunkelblau,p3,0.356826,0.251464,0.759931,5,3,full,white,en,en,2.0.3,
788a7083-0283-4ff5-a931-d07565d3e037,de,German (Deutsch),hellgrun,hellgrün,hellgrün,p3,0.822831,0.916982,0.826627,5,4,full,white,en,en,2.0.3,
788a7083-0283-4ff5-a931-d07565d3e037,de,German (Deutsch),pinkrot,pink rot,pink rot,p3,0.979703,0.0225097,0.398801,5,5,full,white,en,en,2.0.3,
788a7083-0283-4ff5-a931-d07565d3e037,de,German (Deutsch),dunkelgrun,dunkelgrün,dunkelgrün,p3,0.190848,0.226475,0.240737,5,6,full,white,en,en,2.0.3,
788a7083-0283-4ff5-a931-d07565d3e037,de,German (Deutsch),schwarz,schwarz,schwarz,p3,0.0227011,0.0115406,0.146948,5,7,full,white,en,en,2.0.3,
788a7083-0283-4ff5-a931-d07565d3e037,de,German (Deutsch),violett,violett,violett,p3,0.390196,0.0756045,0.611134,5,8,full,white,en,en,2.0.3,
788a7083-0283-4ff5-a931-d07565d3e037,de,German (Deutsch),grun,grün,grün,p3,0.282631,0.499134,0.0225033,5,9,full,white,en,en,2.0.3,
788a7083-0283-4ff5-a931-d07565d3e037,de,German (Deutsch),blau,blau,blau,p3,0.642251,0.770949,0.951043,5,10,full,white,en,en,2.0.3,
788a7083-0283-4ff5-a931-d07565d3e037,de,German (Deutsch),rot,rot,rot,p3,0.882787,0.393419,0.362226,5,11,full,white,en,en,2.0.3,
8ebd1c93-071f-485f-96bf-1d9e580a3204,de,German (Deutsch),hellblau,hellblau,Hellblau,p3,0.433973,0.709372,0.976053,1,0,full,white,en,de,2.1.2,
8ebd1c93-071f-485f-96bf-1d9e580a3204,de,German (Deutsch),blau,blau,Blau,p3,0.076193,0.232321,0.71222,1,1,full,white,en,de,2.1.2,
8ebd1c93-071f-485f-96bf-1d9e580a3204,de,German (Deutsch),dunkellila,dunkellila,Dunkellila,p3,0.197407,0.172731,0.468343,1,2,full,white,en,de,2.1.2,
8ebd1c93-071f-485f-96bf-1d9e580a3204,de,German (Deutsch),dunkelgrun,dunkelgrün,Dunkelgrün,p3,0.129526,0.347799,0.242033,1,3,full,white,en,de,2.1.2,
8ebd1c93-071f-485f-96bf-1d9e580a3204,de,German (Deutsch),pink,pink,Pink,p3,0.933091,0.137891,0.914418,1,4,full,white,en,de,2.1.2,
8ebd1c93-071f-485f-96bf-1d9e580a3204,de,German (Deutsch),rosa,rosa,Rosa,p3,0.903948,0.379194,0.555967,1,5,full,white,en,de,2.1.2,
8ebd1c93-071f-485f-96bf-1d9e580a3204,de,German (Deutsch),braun,braun,Braun,p3,0.487816,0.331215,0.320998,1,6,full,white,en,de,2.1.2,
8ebd1c93-071f-485f-96bf-1d9e580a3204,de,German (Deutsch),grun,grün,Grün,p3,0.318606,0.845393,0.21685,1,7,full,white,en,de,2.1.2,
8ebd1c93-071f-485f-96bf-1d9e580a3204,de,German (Deutsch),turkis,türkis,Türkis,p3,0.153264,0.607958,0.472642,1,8,full,white,en,de,2.1.2,
8ebd1c93-071f-485f-96bf-1d9e580a3204,de,German (Deutsch),lila,lila,Lila,p3,0.584915,0.19054,0.916778,1,9,full,white,en,de,2.1.2,
8ebd1c93-071f-485f-96bf-1d9e580a3204,de,German (Deutsch),hellbraun,hellbraun,Hellbraun,p3,0.720756,0.433351,0.172333,1,10,full,white,en,de,2.1.2,
8ebd1c93-071f-485f-96bf-1d9e580a3204,de,German (Deutsch),lilablau,lilablau,Lilablau,p3,0.367894,0.146467,0.919735,1,11,full,white,en,de,2.1.2,
0b2ffa98-ec87-43f7-bc97-a290dc8ea7e5,de,German (Deutsch),schwarz,schwarz,Schwarz,rgb,22,36,14,1,0,full,white,en,de,2.1.2,
0b2ffa98-ec87-43f7-bc97-a290dc8ea7e5,de,German (Deutsch),tannengrun,tannengrün,Tannengrün,rgb,36,112,107,1,1,full,white,en,de,2.1.2,
0b2ffa98-ec87-43f7-bc97-a290dc8ea7e5,de,German (Deutsch),giftgrun,giftgrün,Giftgrün,rgb,44,234,98,1,2,full,white,en,de,2.1.2,
0b2ffa98-ec87-43f7-bc97-a290dc8ea7e5,de,German (Deutsch),rosa,rosa,Rosa,rgb,235,69,102,1,3,full,white,en,de,2.1.2,
0b2ffa98-ec87-43f7-bc97-a290dc8ea7e5,de,German (Deutsch),dunkelviolett,dunkelviolett,Dunkelviolett,rgb,59,28,92,1,4,full,white,en,de,2.1.2,
0b2ffa98-ec87-43f7-bc97-a290dc8ea7e5,de,German (Deutsch),mintgrun,mintgrün,Mintgrün,rgb,151,232,164,1,5,full,white,en,de,2.1.2,
0b2ffa98-ec87-43f7-bc97-a290dc8ea7e5,de,German (Deutsch),orange,orange,Orange,rgb,217,69,31,1,6,full,white,en,de,2.1.2,
0b2ffa98-ec87-43f7-bc97-a290dc8ea7e5,de,German (Deutsch),hellbraun,hellbraun,Hellbraun,rgb,147,100,56,1,7,full,white,en,de,2.1.2,
0b2ffa98-ec87-43f7-bc97-a290dc8ea7e5,de,German (Deutsch),grun,grün,Grün,rgb,83,145,83,1,8,full,white,en,de,2.1.2,
0b2ffa98-ec87-43f7-bc97-a290dc8ea7e5,de,German (Deutsch),grasgrun,grasgrün,Grasgrün,rgb,92,181,125,1,9,full,white,en,de,2.1.2,
0b2ffa98-ec87-43f7-bc97-a290dc8ea7e5,de,German (Deutsch),violett,violett,Violett,rgb,144,57,173,1,10,full,white,en,de,2.1.2,
0b2ffa98-ec87-43f7-bc97-a290dc8ea7e5,de,German (Deutsch),dunkelgrun,dunkelgrün,Dunkelgrün,rgb,65,97,110,1,11,full,white,en,de,2.1.2,
0b2ffa98-ec87-43f7-bc97-a290dc8ea7e5,de,German (Deutsch),pink,pink,Pink,rgb,229,61,192,3,0,full,white,en,de,2.1.2,
0b2ffa98-ec87-43f7-bc97-a290dc8ea7e5,de,German (Deutsch),ultraaquamarinblau,ultraaquamarinblau,Ultraaquamarinblau,rgb,95,49,223,3,1,full,white,en,de,2.1.2,
0b2ffa98-ec87-43f7-bc97-a290dc8ea7e5,de,German (Deutsch),braun,braun,Braun,rgb,111,59,58,3,2,full,white,en,de,2.1.2,
0b2ffa98-ec87-43f7-bc97-a290dc8ea7e5,de,German (Deutsch),rosa,rosa,Rosa,rgb,203,69,134,3,3,full,white,en,de,2.1.2,
0b2ffa98-ec87-43f7-bc97-a290dc8ea7e5,de,German (Deutsch),turkis,türkis,türkis,rgb,86,193,197,3,4,full,white,en,de,2.1.2,
0b2ffa98-ec87-43f7-bc97-a290dc8ea7e5,de,German (Deutsch),babyblau,babyblau,Babyblau,rgb,155,189,239,3,5,full,white,en,de,2.1.2,
0b2ffa98-ec87-43f7-bc97-a290dc8ea7e5,de,German (Deutsch),dunkelrosa,dunkelrosa,Dunkelrosa,rgb,154,42,124,3,6,full,white,en,de,2.1.2,
0b2ffa98-ec87-43f7-bc97-a290dc8ea7e5,de,German (Deutsch),orange,orange,Orange,rgb,227,125,86,3,7,full,white,en,de,2.1.2,
0b2ffa98-ec87-43f7-bc97-a290dc8ea7e5,de,German (Deutsch),dunkelturkis,dunkeltürkis,dunkeltürkis,rgb,75,183,180,3,8,full,white,en,de,2.1.2,
0b2ffa98-ec87-43f7-bc97-a290dc8ea7e5,de,German (Deutsch),violett,violett,Violett,rgb,170,118,224,3,9,full,white,en,de,2.1.2,
0b2ffa98-ec87-43f7-bc97-a290dc8ea7e5,de,German (Deutsch),dunkelviolett,dunkelviolett,Dunkelviolett,rgb,116,27,106,3,10,full,white,en,de,2.1.2,
0b2ffa98-ec87-43f7-bc97-a290dc8ea7e5,de,German (Deutsch),graugrun,graugrün,graugrün,rgb,100,128,140,3,11,full,white,en,de,2.1.2,
0b2ffa98-ec87-43f7-bc97-a290dc8ea7e5,de,German (Deutsch),grunbeige,grünbeige,grünbeige,rgb,179,174,124,5,0,full,white,en,de,2.1.2,
0b2ffa98-ec87-43f7-bc97-a290dc8ea7e5,de,German (Deutsch),violettschwarz,violettschwarz,Violettschwarz,rgb,42,25,90,5,1,full,white,en,de,2.1.2,
0b2ffa98-ec87-43f7-bc97-a290dc8ea7e5,de,German (Deutsch),konigsblau,königsblau,Königsblau,rgb,62,126,254,5,2,full,white,en,de,2.1.2,
0b2ffa98-ec87-43f7-bc97-a290dc8ea7e5,de,German (Deutsch),schwarz,schwarz,Schwarz,rgb,41,10,36,5,3,full,white,en,de,2.1.2,
0b2ffa98-ec87-43f7-bc97-a290dc8ea7e5,de,German (Deutsch),graugrun,graugrün,Graugrün,rgb,73,96,101,5,4,full,white,en,de,2.1.2,
0b2ffa98-ec87-43f7-bc97-a290dc8ea7e5,de,German (Deutsch),pink,pink,Pink,rgb,236,104,216,5,5,full,white,en,de,2.1.2,
0b2ffa98-ec87-43f7-bc97-a290dc8ea7e5,de,German (Deutsch),himmelblau,himmelblau,Himmelblau,rgb,97,172,246,5,6,full,white,en,de,2.1.2,
0b2ffa98-ec87-43f7-bc97-a290dc8ea7e5,de,German (Deutsch),rotbraun,rotbraun,Rotbraun,rgb,117,22,57,5,7,full,white,en,de,2.1.2,
0b2ffa98-ec87-43f7-bc97-a290dc8ea7e5,de,German (Deutsch),schwarzgrun,schwarzgrün,Schwarzgrün,rgb,20,23,17,5,8,full,white,en,de,2.1.2,
0b2ffa98-ec87-43f7-bc97-a290dc8ea7e5,de,German (Deutsch),turkis,türkis,türkis,rgb,122,202,209,5,9,full,white,en,de,2.1.2,
0b2ffa98-ec87-43f7-bc97-a290dc8ea7e5,de,German (Deutsch),violett,violett,Violett,rgb,112,26,141,5,10,full,white,en,de,2.1.2,
0b2ffa98-ec87-43f7-bc97-a290dc8ea7e5,de,German (Deutsch),grasgrun,grasgrün,Grasgrün,rgb,158,187,11,5,11,full,white,en,de,2.1.2,
fdb08547-338c-47fe-886c-a4e37196f117,de,German (Deutsch),lila,lila,Lila,rgb,81,73,108,1,0,full,white,en,de,2.1.2,
fdb08547-338c-47fe-886c-a4e37196f117,de,German (Deutsch),lachsfarben,lachsfarben,Lachsfarben,rgb,207,124,103,1,1,full,white,en,de,2.1.2,
fdb08547-338c-47fe-886c-a4e37196f117,de,German (Deutsch),pink,pink,Pink,rgb,253,129,187,1,2,full,white,en,de,2.1.2,
fdb08547-338c-47fe-886c-a4e37196f117,de,German (Deutsch),lila,lila,Lila,rgb,69,49,125,1,3,full,white,en,de,2.1.2,
fdb08547-338c-47fe-886c-a4e37196f117,de,German (Deutsch),turkis,türkis,Türkis,rgb,84,208,193,1,4,full,white,en,de,2.1.2,
fdb08547-338c-47fe-886c-a4e37196f117,de,German (Deutsch),orange,orange,Orange,rgb,197,124,22,1,5,full,white,en,de,2.1.2,
fdb08547-338c-47fe-886c-a4e37196f117,de,German (Deutsch),lila,lila,Lila,rgb,157,48,199,1,6,full,white,en,de,2.1.2,
fdb08547-338c-47fe-886c-a4e37196f117,de,German (Deutsch),graublau,grau blau,Grau-Blau,rgb,82,121,181,1,7,full,white,en,de,2.1.2,
fdb08547-338c-47fe-886c-a4e37196f117,de,German (Deutsch),graubraun,grau braun,Grau-Braun,rgb,147,130,116,1,8,full,white,en,de,2.1.2,
fdb08547-338c-47fe-886c-a4e37196f117,de,German (Deutsch),hellgrau,hellgrau,Hellgrau,rgb,160,159,161,1,9,full,white,en,de,2.1.2,
fdb08547-338c-47fe-886c-a4e37196f117,de,German (Deutsch),grun,grün,Grün,rgb,89,161,111,1,10,full,white,en,de,2.1.2,
fdb08547-338c-47fe-886c-a4e37196f117,de,German (Deutsch),lila,lila,Lila,rgb,179,98,178,1,11,full,white,en,de,2.1.2,
fdb08547-338c-47fe-886c-a4e37196f117,de,German (Deutsch),hellblau,hellblau,Hellblau,rgb,103,183,226,3,0,full,white,en,de,2.1.2,
fdb08547-338c-47fe-886c-a4e37196f117,de,German (Deutsch),magenta,magenta,Magenta,rgb,252,77,165,3,1,full,white,en,de,2.1.2,
fdb08547-338c-47fe-886c-a4e37196f117,de,German (Deutsch),rot,rot,Rot,rgb,223,39,50,3,2,full,white,en,de,2.1.2,
fdb08547-338c-47fe-886c-a4e37196f117,de,German (Deutsch),dunkelrot,dunkelrot,Dunkelrot,rgb,169,48,72,3,3,full,white,en,de,2.1.2,
fdb08547-338c-47fe-886c-a4e37196f117,de,German (Deutsch),lila,lila,Lila,rgb,129,109,140,3,4,full,white,en,de,2.1.2,
fdb08547-338c-47fe-886c-a4e37196f117,de,German (Deutsch),weinrot,weinrot,Weinrot,rgb,99,7,49,3,5,full,white,en,de,2.1.2,
fdb08547-338c-47fe-886c-a4e37196f117,de,German (Deutsch),dunkelgrau,dunkelgrau,Dunkelgrau,rgb,64,64,61,3,6,full,white,en,de,2.1.2,
fdb08547-338c-47fe-886c-a4e37196f117,de,German (Deutsch),lila,lila,Lila,rgb,106,96,181,3,7,full,white,en,de,2.1.2,
fdb08547-338c-47fe-886c-a4e37196f117,de,German (Deutsch),zitronengelb,zitronengelb,Zitronengelb,rgb,242,227,157,3,8,full,white,en,de,2.1.2,
fdb08547-338c-47fe-886c-a4e37196f117,de,German (Deutsch),dunkelblau,dunkelblau,Dunkelblau,rgb,10,57,127,3,9,full,white,en,de,2.1.2,
fdb08547-338c-47fe-886c-a4e37196f117,de,German (Deutsch),lila,lila,Lila,rgb,61,29,76,3,10,full,white,en,de,2.1.2,
fdb08547-338c-47fe-886c-a4e37196f117,de,German (Deutsch),neongrun,neongrün,Neongrün,rgb,101,245,138,3,11,full,white,en,de,2.1.2,
fdb08547-338c-47fe-886c-a4e37196f117,de,German (Deutsch),braun,braun,Braun,rgb,88,66,56,5,0,full,white,en,de,2.1.2,
fdb08547-338c-47fe-886c-a4e37196f117,de,German (Deutsch),rauchigespink,rauchiges pink,Rauchiges Pink,rgb,216,139,156,5,1,full,white,en,de,2.1.2,
fdb08547-338c-47fe-886c-a4e37196f117,de,German (Deutsch),rot,rot,Rot,rgb,135,69,118,5,2,full,white,en,de,2.1.2,
fdb08547-338c-47fe-886c-a4e37196f117,de,German (Deutsch),lila,lila,Lila,rgb,90,38,234,5,3,full,white,en,de,2.1.2,
fdb08547-338c-47fe-886c-a4e37196f117,de,German (Deutsch),lila,lila,Lila,rgb,140,43,199,5,4,full,white,en,de,2.1.2,
fdb08547-338c-47fe-886c-a4e37196f117,de,German (Deutsch),grun,grün,Grün,rgb,74,149,25,5,5,full,white,en,de,2.1.2,
fdb08547-338c-47fe-886c-a4e37196f117,de,German (Deutsch),pink,pink,Pink,rgb,195,90,233,5,6,full,white,en,de,2.1.2,
fdb08547-338c-47fe-886c-a4e37196f117,de,German (Deutsch),orange,orange,Orange,rgb,204,111,48,5,7,full,white,en,de,2.1.2,
fdb08547-338c-47fe-886c-a4e37196f117,de,German (Deutsch),grun,grün,Grün,rgb,60,158,89,5,8,full,white,en,de,2.1.2,
fdb08547-338c-47fe-886c-a4e37196f117,de,German (Deutsch),dunkelgrau,dunkelgrau,Dunkelgrau,rgb,77,86,96,5,9,full,white,en,de,2.1.2,
fdb08547-338c-47fe-886c-a4e37196f117,de,German (Deutsch),pink,pink,Pink,rgb,187,104,194,5,10,full,white,en,de,2.1.2,
fdb08547-338c-47fe-886c-a4e37196f117,de,German (Deutsch),hellgrun,hellgrün,Hellgrün,rgb,161,183,16,5,11,full,white,en,de,2.1.2,
b7c0feda-beb8-4bc7-913b-8664cd95f7a1,de,German (Deutsch),grun,grün,grün,rgb,75,147,45,1,0,full,white,en,en,2.1.2,
b7c0feda-beb8-4bc7-913b-8664cd95f7a1,de,German (Deutsch),lindgrun,lindgrün,lindgrün,rgb,200,247,243,1,1,full,white,en,en,2.1.2,
b7c0feda-beb8-4bc7-913b-8664cd95f7a1,de,German (Deutsch),schwarz,schwarz,schwarz,rgb,31,30,29,1,2,full,white,en,en,2.1.2,
b7c0feda-beb8-4bc7-913b-8664cd95f7a1,de,German (Deutsch),lila,lila,lila,rgb,188,103,191,1,3,full,white,en,en,2.1.2,
b7c0feda-beb8-4bc7-913b-8664cd95f7a1,de,German (Deutsch),blau,blau,blau,rgb,29,119,223,1,4,full,white,en,en,2.1.2,
b7c0feda-beb8-4bc7-913b-8664cd95f7a1,de,German (Deutsch),grau,grau,grau,rgb,169,172,210,1,5,full,white,en,en,2.1.2,
b7c0feda-beb8-4bc7-913b-8664cd95f7a1,de,German (Deutsch),braun,braun,braun,rgb,125,79,55,1,6,full,white,en,en,2.1.2,
b7c0feda-beb8-4bc7-913b-8664cd95f7a1,de,German (Deutsch),dunklesviolett,dunkles violett,dunkles violett,rgb,61,50,118,1,7,full,white,en,en,2.1.2,
b7c0feda-beb8-4bc7-913b-8664cd95f7a1,de,German (Deutsch),helllilalblassblau,helllilalblassblau,helllilalblassblau,rgb,182,140,198,1,8,full,white,en,en,2.1.2,
b7c0feda-beb8-4bc7-913b-8664cd95f7a1,de,German (Deutsch),giftgrun,giftgrün,giftgrün,rgb,111,236,124,1,9,full,white,en,en,2.1.2,
b7c0feda-beb8-4bc7-913b-8664cd95f7a1,de,German (Deutsch),dunkelblau,dunkelblau,dunkelblau,rgb,35,74,175,1,11,full,white,en,en,2.1.2,
b7c0feda-beb8-4bc7-913b-8664cd95f7a1,de,German (Deutsch),eisblau,eisblau,eisblau,rgb,31,114,146,3,0,full,white,en,en,2.1.2,
b7c0feda-beb8-4bc7-913b-8664cd95f7a1,de,German (Deutsch),dunkeldunkellila,dunkeldunkellila,dunkeldunkellila,rgb,64,51,70,3,1,full,white,en,en,2.1.2,
b7c0feda-beb8-4bc7-913b-8664cd95f7a1,de,German (Deutsch),gelb,gelb,gelb,rgb,245,206,59,3,2,full,white,en,en,2.1.2,
b7c0feda-beb8-4bc7-913b-8664cd95f7a1,de,German (Deutsch),violett,violett,violett,rgb,125,68,208,3,3,full,white,en,en,2.1.2,
b7c0feda-beb8-4bc7-913b-8664cd95f7a1,de,German (Deutsch),schwarz,schwarz,schwarz,rgb,36,51,65,3,4,full,white,en,en,2.1.2,
b7c0feda-beb8-4bc7-913b-8664cd95f7a1,de,German (Deutsch),titanblau,titanblau,titanblau,rgb,57,104,135,3,5,full,white,en,en,2.1.2,
b7c0feda-beb8-4bc7-913b-8664cd95f7a1,de,German (Deutsch),duneklbraun,duneklbraun,duneklbraun,rgb,64,2,7,3,6,full,white,en,en,2.1.2,
b7c0feda-beb8-4bc7-913b-8664cd95f7a1,de,German (Deutsch),lila,lila,lila,rgb,188,56,195,3,7,full,white,en,en,2.1.2,
b7c0feda-beb8-4bc7-913b-8664cd95f7a1,de,German (Deutsch),violett,violett,violett,rgb,123,64,192,3,8,full,white,en,en,2.1.2,
b7c0feda-beb8-4bc7-913b-8664cd95f7a1,de,German (Deutsch),graulila,graulila,graulila,rgb,168,147,190,3,9,full,white,en,en,2.1.2,
b7c0feda-beb8-4bc7-913b-8664cd95f7a1,de,German (Deutsch),blau,blau,blau,rgb,18,70,187,3,10,full,white,en,en,2.1.2,
b7c0feda-beb8-4bc7-913b-8664cd95f7a1,de,German (Deutsch),schwarz,schwarz,schwarz,rgb,64,54,79,3,11,full,white,en,en,2.1.2,
b7c0feda-beb8-4bc7-913b-8664cd95f7a1,de,German (Deutsch),grau,grau,grau,rgb,148,148,191,5,0,full,white,en,en,2.1.2,
b7c0feda-beb8-4bc7-913b-8664cd95f7a1,de,German (Deutsch),hellrosa,hellrosa,hellrosa,rgb,238,204,225,5,1,full,white,en,en,2.1.2,
b7c0feda-beb8-4bc7-913b-8664cd95f7a1,de,German (Deutsch),blau,blau,blau,rgb,11,82,206,5,2,full,white,en,en,2.1.2,
b7c0feda-beb8-4bc7-913b-8664cd95f7a1,de,German (Deutsch),dunkelrot,dunkelrot,dunkelrot,rgb,132,16,49,5,3,full,white,en,en,2.1.2,
b7c0feda-beb8-4bc7-913b-8664cd95f7a1,de,German (Deutsch),hellblau,hellblau,hellblau,rgb,77,105,248,5,4,full,white,en,en,2.1.2,
b7c0feda-beb8-4bc7-913b-8664cd95f7a1,de,German (Deutsch),hellviolett,hellviolett,hellviolett,rgb,205,114,253,5,5,full,white,en,en,2.1.2,
b7c0feda-beb8-4bc7-913b-8664cd95f7a1,de,German (Deutsch),mint,mint,mint,rgb,122,192,226,5,6,full,white,en,en,2.1.2,
b7c0feda-beb8-4bc7-913b-8664cd95f7a1,de,German (Deutsch),dunkelviolett,dunkelviolett,dunkelviolett,rgb,100,33,131,5,7,full,white,en,en,2.1.2,
b7c0feda-beb8-4bc7-913b-8664cd95f7a1,de,German (Deutsch),lila,lila,lila,rgb,227,117,194,5,8,full,white,en,en,2.1.2,
b7c0feda-beb8-4bc7-913b-8664cd95f7a1,de,German (Deutsch),mintgrun,mintgrün,mintgrün,rgb,107,230,205,5,9,full,white,en,en,2.1.2,
b7c0feda-beb8-4bc7-913b-8664cd95f7a1,de,German (Deutsch),eisgrun,eisgrün,eisgrün,rgb,110,183,174,5,10,full,white,en,en,2.1.2,
b7c0feda-beb8-4bc7-913b-8664cd95f7a1,de,German (Deutsch),blassgrun,blassgrün,blassgrün,rgb,174,233,155,5,11,full,white,en,en,2.1.2,
9ab830c7-b4b3-4b8c-84af-aeb0d1aab2bd,de,German (Deutsch),pink,pink,Pink,rgb,242,89,174,1,0,full,white,en,en,2.1.2,
9ab830c7-b4b3-4b8c-84af-aeb0d1aab2bd,de,German (Deutsch),dunkelrot,dunkelrot,Dunkelrot,rgb,122,9,83,1,1,full,white,en,en,2.1.2,
9ab830c7-b4b3-4b8c-84af-aeb0d1aab2bd,de,German (Deutsch),dunkelblau,dunkelblau,Dunkelblau,rgb,19,13,89,1,2,full,white,en,en,2.1.2,
9ab830c7-b4b3-4b8c-84af-aeb0d1aab2bd,de,German (Deutsch),turkis,türkis,Türkis,rgb,58,237,230,1,3,full,white,en,en,2.1.2,
9ab830c7-b4b3-4b8c-84af-aeb0d1aab2bd,de,German (Deutsch),schwarz,schwarz,Schwarz,rgb,19,18,42,1,4,full,white,en,en,2.1.2,
9ab830c7-b4b3-4b8c-84af-aeb0d1aab2bd,de,German (Deutsch),hellbraun/dunkelbeige,hellbraun/dunkel beige,Hellbraun/Dunkel-Beige,rgb,126,120,103,1,5,full,white,en,en,2.1.2,
9ab830c7-b4b3-4b8c-84af-aeb0d1aab2bd,de,German (Deutsch),braun,braun,Braun,rgb,80,58,49,1,6,full,white,en,en,2.1.2,
9ab830c7-b4b3-4b8c-84af-aeb0d1aab2bd,de,German (Deutsch),rosa,rosa,Rosa,rgb,220,94,199,1,7,full,white,en,en,2.1.2,
9ab830c7-b4b3-4b8c-84af-aeb0d1aab2bd,de,German (Deutsch),dunkelturkis,dunkel türkis,Dunkel-Türkis,rgb,129,213,213,1,8,full,white,en,en,2.1.2,
9ab830c7-b4b3-4b8c-84af-aeb0d1aab2bd,de,German (Deutsch),dunkelgelbgrun,dunkel gelb-grün,Dunkel-Gelb-Grün,rgb,117,134,46,1,9,full,white,en,en,2.1.2,
9ab830c7-b4b3-4b8c-84af-aeb0d1aab2bd,de,German (Deutsch),blau,blau,Blau,rgb,9,16,152,1,10,full,white,en,en,2.1.2,
9ab830c7-b4b3-4b8c-84af-aeb0d1aab2bd,de,German (Deutsch),hellturkis,hell türkis,Hell-Türkis,rgb,167,247,244,1,11,full,white,en,en,2.1.2,
9ab830c7-b4b3-4b8c-84af-aeb0d1aab2bd,de,German (Deutsch),rosarot,rosa rot,Rosa-Rot,rgb,242,75,111,3,0,full,white,en,en,2.1.2,
9ab830c7-b4b3-4b8c-84af-aeb0d1aab2bd,de,German (Deutsch),blau,blau,Blau,rgb,85,78,233,3,1,full,white,en,en,2.1.2,
9ab830c7-b4b3-4b8c-84af-aeb0d1aab2bd,de,German (Deutsch),lila,lila,Lila,rgb,87,71,151,3,2,full,white,en,en,2.1.2,
9ab830c7-b4b3-4b8c-84af-aeb0d1aab2bd,de,German (Deutsch),violettblau,violett blau,Violett-Blau,rgb,117,121,211,3,3,full,white,en,en,2.1.2,
9ab830c7-b4b3-4b8c-84af-aeb0d1aab2bd,de,German (Deutsch),altrot,alt rot,Alt-rot,rgb,200,96,111,3,4,full,white,en,en,2.1.2,
9ab830c7-b4b3-4b8c-84af-aeb0d1aab2bd,de,German (Deutsch),gelbgrun,gelb grün,Gelb-Grün,rgb,172,191,90,3,6,full,white,en,en,2.1.2,
9ab830c7-b4b3-4b8c-84af-aeb0d1aab2bd,de,German (Deutsch),altrosa,alt rosa,Alt-Rosa,rgb,243,158,206,3,7,full,white,en,en,2.1.2,
9ab830c7-b4b3-4b8c-84af-aeb0d1aab2bd,de,German (Deutsch),beige,beige,Beige,rgb,253,246,197,3,8,full,white,en,en,2.1.2,
9ab830c7-b4b3-4b8c-84af-aeb0d1aab2bd,de,German (Deutsch),weinrot,weinrot,Weinrot,rgb,123,62,73,3,9,full,white,en,en,2.1.2,
9ab830c7-b4b3-4b8c-84af-aeb0d1aab2bd,de,German (Deutsch),dunkelblau,dunkelblau,Dunkelblau,rgb,39,52,127,3,10,full,white,en,en,2.1.2,
9ab830c7-b4b3-4b8c-84af-aeb0d1aab2bd,de,German (Deutsch),dunkelrosa,dunkel rosa,Dunkel-Rosa,rgb,176,75,140,3,11,full,white,en,en,2.1.2,
9ab830c7-b4b3-4b8c-84af-aeb0d1aab2bd,de,German (Deutsch),dunkelorange,dunkelorange,dunkelorange,rgb,207,102,28,5,0,full,white,en,en,2.1.2,
9ab830c7-b4b3-4b8c-84af-aeb0d1aab2bd,de,German (Deutsch),lachs,lachs,lachs,rgb,235,100,128,5,1,full,white,en,en,2.1.2,
9ab830c7-b4b3-4b8c-84af-aeb0d1aab2bd,de,German (Deutsch),dunkelbraun,dunkelbraun,dunkelbraun,rgb,104,63,83,5,2,full,white,en,en,2.1.2,
9ab830c7-b4b3-4b8c-84af-aeb0d1aab2bd,de,German (Deutsch),dunkelviolett,dunkelviolett,dunkelviolett,rgb,149,76,143,5,3,full,white,en,en,2.1.2,
9ab830c7-b4b3-4b8c-84af-aeb0d1aab2bd,de,German (Deutsch),hellturkis,hell türkis,hell-türkis,rgb,197,246,253,5,4,full,white,en,en,2.1.2,
9ab830c7-b4b3-4b8c-84af-aeb0d1aab2bd,de,German (Deutsch),altlila,alt lila,alt-lila,rgb,193,119,216,5,5,full,white,en,en,2.1.2,
9ab830c7-b4b3-4b8c-84af-aeb0d1aab2bd,de,German (Deutsch),rost,rost,rost,rgb,210,114,123,5,6,full,white,en,en,2.1.2,
9ab830c7-b4b3-4b8c-84af-aeb0d1aab2bd,de,German (Deutsch),gelb,gelb,gelb,rgb,237,240,106,5,7,full,white,en,en,2.1.2,
9ab830c7-b4b3-4b8c-84af-aeb0d1aab2bd,de,German (Deutsch),rot,rot,rot,rgb,209,72,85,5,8,full,white,en,en,2.1.2,
9ab830c7-b4b3-4b8c-84af-aeb0d1aab2bd,de,German (Deutsch),marineblau,marine blau,marine-blau,rgb,58,58,124,5,9,full,white,en,en,2.1.2,
9ab830c7-b4b3-4b8c-84af-aeb0d1aab2bd,de,German (Deutsch),rot,rot,rot,rgb,228,51,10,5,10,full,white,en,en,2.1.2,
9ab830c7-b4b3-4b8c-84af-aeb0d1aab2bd,de,German (Deutsch),dunkelblaugrun,dunkel blau-grün,dunkel-blau-grün,rgb,31,90,130,5,11,full,white,en,en,2.1.2,
bf58686f-6fc3-4a94-ad4f-1828fe5af17a,de,German (Deutsch),braun,braun,Braun,rgb,158,16,62,1,0,full,white,en,en,2.1.2,
bf58686f-6fc3-4a94-ad4f-1828fe5af17a,de,German (Deutsch),blau,blau,Blau,rgb,80,10,234,1,1,full,white,en,en,2.1.2,
bf58686f-6fc3-4a94-ad4f-1828fe5af17a,de,German (Deutsch),rot,rot,Rot,rgb,253,39,50,1,2,full,white,en,en,2.1.2,
bf58686f-6fc3-4a94-ad4f-1828fe5af17a,de,German (Deutsch),grau,grau,Grau,rgb,6,95,80,1,3,full,white,en,en,2.1.2,
bf58686f-6fc3-4a94-ad4f-1828fe5af17a,de,German (Deutsch),mintgrun,mintgrün,Mintgrün,rgb,51,101,98,1,4,full,white,en,en,2.1.2,
bf58686f-6fc3-4a94-ad4f-1828fe5af17a,de,German (Deutsch),grun,grün,Grün,rgb,113,58,78,1,5,full,white,en,en,2.1.2,
bf58686f-6fc3-4a94-ad4f-1828fe5af17a,de,German (Deutsch),pink,pink,Pink,rgb,183,159,158,1,6,full,white,en,en,2.1.2,
bf58686f-6fc3-4a94-ad4f-1828fe5af17a,de,German (Deutsch),ocker,ocker,Ocker,rgb,206,214,114,1,8,full,white,en,en,2.1.2,
bf58686f-6fc3-4a94-ad4f-1828fe5af17a,de,German (Deutsch),braun,braun,Braun,rgb,89,67,67,1,9,full,white,en,en,2.1.2,
bf58686f-6fc3-4a94-ad4f-1828fe5af17a,de,German (Deutsch),blau,blau,Blau,rgb,64,106,219,1,10,full,white,en,en,2.1.2,
bf58686f-6fc3-4a94-ad4f-1828fe5af17a,de,German (Deutsch),pink,pink,Pink,rgb,200,56,167,1,11,full,white,en,en,2.1.2,
bf58686f-6fc3-4a94-ad4f-1828fe5af17a,de,German (Deutsch),marine,marine,Marine,rgb,30,93,173,3,0,full,white,en,en,2.1.2,
bf58686f-6fc3-4a94-ad4f-1828fe5af17a,de,German (Deutsch),hellblau,hellblau,Hellblau,rgb,202,114,245,3,1,full,white,en,en,2.1.2,
bf58686f-6fc3-4a94-ad4f-1828fe5af17a,de,German (Deutsch),sand,sand,Sand,rgb,228,228,197,3,2,full,white,en,en,2.1.2,
bf58686f-6fc3-4a94-ad4f-1828fe5af17a,de,German (Deutsch),dunkelbraun,dunkelbraun,Dunkelbraun,rgb,79,8,29,3,3,full,white,en,en,2.1.2,
bf58686f-6fc3-4a94-ad4f-1828fe5af17a,de,German (Deutsch),grau,grau,Grau,rgb,87,139,117,3,4,full,white,en,en,2.1.2,
bf58686f-6fc3-4a94-ad4f-1828fe5af17a,de,German (Deutsch),hautfarben,hautfarben,Hautfarben,rgb,136,215,134,3,5,full,white,en,en,2.1.2,
bf58686f-6fc3-4a94-ad4f-1828fe5af17a,de,German (Deutsch),orange,orange,Orange,rgb,176,237,104,3,6,full,white,en,en,2.1.2,
bf58686f-6fc3-4a94-ad4f-1828fe5af17a,de,German (Deutsch),turkis,türkis,Türkis,rgb,132,100,216,3,7,full,white,en,en,2.1.2,
bf58686f-6fc3-4a94-ad4f-1828fe5af17a,de,German (Deutsch),turkis,türkis,Türkis,rgb,145,53,192,3,8,full,white,en,en,2.1.2,
bf58686f-6fc3-4a94-ad4f-1828fe5af17a,de,German (Deutsch),orange,orange,Orange,rgb,246,85,6,3,9,full,white,en,en,2.1.2,
bf58686f-6fc3-4a94-ad4f-1828fe5af17a,de,German (Deutsch),pink,pink,Pink,rgb,186,73,179,3,10,full,white,en,en,2.1.2,
bf58686f-6fc3-4a94-ad4f-1828fe5af17a,de,German (Deutsch),braun,braun,Braun,rgb,96,98,26,3,11,full,white,en,en,2.1.2,
bf58686f-6fc3-4a94-ad4f-1828fe5af17a,de,German (Deutsch),turkis,türkis,Türkis,rgb,146,67,199,5,0,full,white,en,en,2.1.2,
bf58686f-6fc3-4a94-ad4f-1828fe5af17a,de,German (Deutsch),schwarz,schwarz,Schwarz,rgb,19,2,27,5,1,full,white,en,en,2.1.2,
bf58686f-6fc3-4a94-ad4f-1828fe5af17a,de,German (Deutsch),grun,grün,Grün,rgb,119,101,158,5,2,full,white,en,en,2.1.2,
bf58686f-6fc3-4a94-ad4f-1828fe5af17a,de,German (Deutsch),keinahnung,kein ahnung,Kein Ahnung,rgb,180,75,119,5,3,full,white,en,en,2.1.2,
bf58686f-6fc3-4a94-ad4f-1828fe5af17a,de,German (Deutsch),turkis,türkis,Türkis,rgb,113,61,148,5,4,full,white,en,en,2.1.2,
bf58686f-6fc3-4a94-ad4f-1828fe5af17a,de,German (Deutsch),orange,orange,Orange,rgb,243,76,64,5,5,full,white,en,en,2.1.2,
bf58686f-6fc3-4a94-ad4f-1828fe5af17a,de,German (Deutsch),marine,marine,Marine,rgb,55,67,111,5,6,full,white,en,en,2.1.2,
bf58686f-6fc3-4a94-ad4f-1828fe5af17a,de,German (Deutsch),hellblu,hellblu,HellblU,rgb,226,183,253,5,7,full,white,en,en,2.1.2,
bf58686f-6fc3-4a94-ad4f-1828fe5af17a,de,German (Deutsch),pink,pink,Pink,rgb,189,88,163,5,8,full,white,en,en,2.1.2,
bf58686f-6fc3-4a94-ad4f-1828fe5af17a,de,German (Deutsch),braun,braun,Braun,rgb,93,47,65,5,9,full,white,en,en,2.1.2,
bf58686f-6fc3-4a94-ad4f-1828fe5af17a,de,German (Deutsch),hellblau,hellblau,Hellblau,rgb,196,239,250,5,10,full,white,en,en,2.1.2,
bf58686f-6fc3-4a94-ad4f-1828fe5af17a,de,German (Deutsch),grau,grau,Grau,rgb,42,129,115,5,11,full,white,en,en,2.1.2,
4aa23a94-ff0a-4d6d-b0a5-112264d841be,de,German (Deutsch),flieder,flieder,flieder,rgb,152,121,147,1,0,full,white,en,de,2.1.2,
4aa23a94-ff0a-4d6d-b0a5-112264d841be,de,German (Deutsch),dunkelbraun,dunkelbraun,dunkelbraun,rgb,78,30,14,1,1,full,white,en,de,2.1.2,
4aa23a94-ff0a-4d6d-b0a5-112264d841be,de,German (Deutsch),graubraun,graubraun,graubraun,rgb,95,88,95,1,2,full,white,en,de,2.1.2,
4aa23a94-ff0a-4d6d-b0a5-112264d841be,de,German (Deutsch),grasgrun,grasgrün,grasgrün,rgb,92,194,114,1,3,full,white,en,de,2.1.2,
4aa23a94-ff0a-4d6d-b0a5-112264d841be,de,German (Deutsch),schwarz,schwarz,schwarz,rgb,25,16,38,1,4,full,white,en,de,2.1.2,
4aa23a94-ff0a-4d6d-b0a5-112264d841be,de,German (Deutsch),lavendel,lavendel,lavendel,rgb,126,85,125,1,5,full,white,en,de,2.1.2,
4aa23a94-ff0a-4d6d-b0a5-112264d841be,de,German (Deutsch),magenta,magenta,magenta,rgb,173,56,112,1,6,full,white,en,de,2.1.2,
4aa23a94-ff0a-4d6d-b0a5-112264d841be,de,German (Deutsch),rotbraun,rotbraun,rotbraun,rgb,145,80,68,1,7,full,white,en,de,2.1.2,
4aa23a94-ff0a-4d6d-b0a5-112264d841be,de,German (Deutsch),haselnussbraun,haselnussbraun,haselnussbraun,rgb,128,93,75,1,8,full,white,en,de,2.1.2,
4aa23a94-ff0a-4d6d-b0a5-112264d841be,de,German (Deutsch),beige,beige,beige,rgb,185,155,106,1,9,full,white,en,de,2.1.2,
4aa23a94-ff0a-4d6d-b0a5-112264d841be,de,German (Deutsch),ebenholz,ebenholz,ebenholz,rgb,87,41,50,1,10,full,white,en,de,2.1.2,
4aa23a94-ff0a-4d6d-b0a5-112264d841be,de,German (Deutsch),dunkelgrun,dunkelgrün,dunkelgrün,rgb,52,57,61,1,11,full,white,en,de,2.1.2,
0fe6eee3-394c-4488-88a3-1f14b842ad89,de,German (Deutsch),anthrazit,anthrazit,Anthrazit,rgb,100,103,129,1,0,full,white,en,de,2.1.2,
0fe6eee3-394c-4488-88a3-1f14b842ad89,de,German (Deutsch),grungrau,grüngrau,Grüngrau,rgb,97,108,111,1,1,full,white,en,de,2.1.2,
0fe6eee3-394c-4488-88a3-1f14b842ad89,de,German (Deutsch),blau,blau,Blau,rgb,14,90,193,1,2,full,white,en,de,2.1.2,
0fe6eee3-394c-4488-88a3-1f14b842ad89,de,German (Deutsch),rostbraun,rostbraun,Rostbraun,rgb,158,94,10,1,3,full,white,en,de,2.1.2,
0fe6eee3-394c-4488-88a3-1f14b842ad89,de,German (Deutsch),lavendel,lavendel,Lavendel,rgb,128,112,251,1,4,full,white,en,de,2.1.2,
0fe6eee3-394c-4488-88a3-1f14b842ad89,de,German (Deutsch),ocker,ocker,Ocker,rgb,173,149,90,1,5,full,white,en,de,2.1.2,
0fe6eee3-394c-4488-88a3-1f14b842ad89,de,German (Deutsch),altrosa,altrosa,Altrosa,rgb,179,123,137,1,6,full,white,en,de,2.1.2,
0fe6eee3-394c-4488-88a3-1f14b842ad89,de,German (Deutsch),brombeerrot,brombeerrot,Brombeerrot,rgb,155,57,144,1,7,full,white,en,de,2.1.2,
0fe6eee3-394c-4488-88a3-1f14b842ad89,de,German (Deutsch),orange,orange,Orange,rgb,245,114,76,1,8,full,white,en,de,2.1.2,
0fe6eee3-394c-4488-88a3-1f14b842ad89,de,German (Deutsch),blaulila,blaulila,Blaulila,rgb,94,96,188,1,9,full,white,en,de,2.1.2,
0fe6eee3-394c-4488-88a3-1f14b842ad89,de,German (Deutsch),kobaltblau,kobaltblau,Kobaltblau,rgb,21,13,255,1,10,full,white,en,de,2.1.2,
0fe6eee3-394c-4488-88a3-1f14b842ad89,de,German (Deutsch),lila,lila,Lila,rgb,178,81,240,1,11,full,white,en,de,2.1.2,
0fe6eee3-394c-4488-88a3-1f14b842ad89,de,German (Deutsch),blau,blau,Blau,rgb,26,88,226,3,0,full,white,en,de,2.1.2,
0fe6eee3-394c-4488-88a3-1f14b842ad89,de,German (Deutsch),limettengrun,limettengrün,Limettengrün,rgb,143,250,142,3,1,full,white,en,de,2.1.2,
0fe6eee3-394c-4488-88a3-1f14b842ad89,de,German (Deutsch),olivgrun,olivgrün,Olivgrün,rgb,149,147,25,3,2,full,white,en,de,2.1.2,
0fe6eee3-394c-4488-88a3-1f14b842ad89,de,German (Deutsch),grau,grau,Grau,rgb,137,136,124,3,3,full,white,en,de,2.1.2,
0fe6eee3-394c-4488-88a3-1f14b842ad89,de,German (Deutsch),lavendel,lavendel,Lavendel,rgb,132,115,225,3,4,full,white,en,de,2.1.2,
0fe6eee3-394c-4488-88a3-1f14b842ad89,de,German (Deutsch),beigegelb,beigegelb,Beigegelb,rgb,228,229,139,3,5,full,white,en,de,2.1.2,
0fe6eee3-394c-4488-88a3-1f14b842ad89,de,German (Deutsch),kastanienbraun,kastanienbraun,Kastanienbraun,rgb,158,105,34,3,6,full,white,en,de,2.1.2,
0fe6eee3-394c-4488-88a3-1f14b842ad89,de,German (Deutsch),staubrot,staubrot,Staubrot,rgb,188,103,97,3,8,full,white,en,de,2.1.2,
0fe6eee3-394c-4488-88a3-1f14b842ad89,de,German (Deutsch),grun,grün,Grün,rgb,130,206,127,3,9,full,white,en,de,2.1.2,
0fe6eee3-394c-4488-88a3-1f14b842ad89,de,German (Deutsch),warmgrau,warmgrau,Warmgrau,rgb,160,161,147,3,10,full,white,en,de,2.1.2,
0fe6eee3-394c-4488-88a3-1f14b842ad89,de,German (Deutsch),magenta,magenta,Magenta,rgb,217,105,214,3,11,full,white,en,de,2.1.2,
0fe6eee3-394c-4488-88a3-1f14b842ad89,de,German (Deutsch),lila,lila,Lila,rgb,220,99,223,5,0,full,white,en,de,2.1.2,
0fe6eee3-394c-4488-88a3-1f14b842ad89,de,German (Deutsch),hellolivgrun,hellolivgrün,Hellolivgrün,rgb,150,192,105,5,1,full,white,en,de,2.1.2,
0fe6eee3-394c-4488-88a3-1f14b842ad89,de,German (Deutsch),limettengrun,limettengrün,Limettengrün,rgb,108,236,144,5,2,full,white,en,de,2.1.2,
0fe6eee3-394c-4488-88a3-1f14b842ad89,de,German (Deutsch),turkis,türkis,Türkis,rgb,55,233,214,5,3,full,white,en,de,2.1.2,
0fe6eee3-394c-4488-88a3-1f14b842ad89,de,German (Deutsch),altblau,altblau,Altblau,rgb,108,114,194,5,4,full,white,en,de,2.1.2,
0fe6eee3-394c-4488-88a3-1f14b842ad89,de,German (Deutsch),pinkrosa,pinkrosa,Pinkrosa,rgb,244,125,175,5,5,full,white,en,de,2.1.2,
0fe6eee3-394c-4488-88a3-1f14b842ad89,de,German (Deutsch),lilablau,lilablau,Lilablau,rgb,94,94,200,5,6,full,white,en,de,2.1.2,
0fe6eee3-394c-4488-88a3-1f14b842ad89,de,German (Deutsch),dunkelgrun,dunkelgrün,Dunkelgrün,rgb,67,89,24,5,7,full,white,en,de,2.1.2,
0fe6eee3-394c-4488-88a3-1f14b842ad89,de,German (Deutsch),magenta,magenta,Magenta,rgb,218,61,246,5,8,full,white,en,de,2.1.2,
0fe6eee3-394c-4488-88a3-1f14b842ad89,de,German (Deutsch),marineblau,marineblau,Marineblau,rgb,19,23,81,5,10,full,white,en,de,2.1.2,
0fe6eee3-394c-4488-88a3-1f14b842ad89,de,German (Deutsch),rehbraun,rehbraun,Rehbraun,rgb,146,89,33,5,11,full,white,en,de,2.1.2,
01954044-734e-4329-8811-d19d547e6e52,de,German (Deutsch),turkis,türkis,Türkis,rgb,91,247,168,1,0,full,white,en,en,2.1.2,
01954044-734e-4329-8811-d19d547e6e52,de,German (Deutsch),violett,violett,Violett,rgb,144,113,152,1,1,full,white,en,en,2.1.2,
01954044-734e-4329-8811-d19d547e6e52,de,German (Deutsch),olivegrun,olive grün,Olive grün,rgb,95,121,106,1,2,full,white,en,en,2.1.2,
01954044-734e-4329-8811-d19d547e6e52,de,German (Deutsch),pink,pink,Pink,rgb,193,24,240,1,3,full,white,en,en,2.1.2,
01954044-734e-4329-8811-d19d547e6e52,de,German (Deutsch),grasgrun,gras grün,Gras grün,rgb,91,212,100,1,4,full,white,en,en,2.1.2,
01954044-734e-4329-8811-d19d547e6e52,de,German (Deutsch),ockerbeige,ocker beige,Ocker beige,rgb,230,173,129,1,5,full,white,en,en,2.1.2,
01954044-734e-4329-8811-d19d547e6e52,de,German (Deutsch),traubenfarben,trauben farben,Trauben Farben,rgb,140,76,106,1,6,full,white,en,en,2.1.2,
01954044-734e-4329-8811-d19d547e6e52,de,German (Deutsch),schwarz,schwarz,Schwarz,rgb,52,27,48,1,7,full,white,en,en,2.1.2,
01954044-734e-4329-8811-d19d547e6e52,de,German (Deutsch),pastelrosa,pastel rosa,Pastel rosa,rgb,236,187,194,1,8,full,white,en,en,2.1.2,
01954044-734e-4329-8811-d19d547e6e52,de,German (Deutsch),dunkelgrun,dunkel grün,Dunkel grün,rgb,37,43,12,1,9,full,white,en,en,2.1.2,
01954044-734e-4329-8811-d19d547e6e52,de,German (Deutsch),ockergelb,ockergelb,Ockergelb,rgb,178,137,77,1,10,full,white,en,en,2.1.2,
01954044-734e-4329-8811-d19d547e6e52,de,German (Deutsch),dunkelbraun,dunkelbraun,Dunkelbraun,rgb,49,25,14,1,11,full,white,en,en,2.1.2,
01954044-734e-4329-8811-d19d547e6e52,de,German (Deutsch),coral,coral,Coral,rgb,234,125,115,3,0,full,white,en,en,2.1.2,
01954044-734e-4329-8811-d19d547e6e52,de,German (Deutsch),weinrot,weinrot,Weinrot,rgb,173,79,94,3,1,full,white,en,en,2.1.2,
01954044-734e-4329-8811-d19d547e6e52,de,German (Deutsch),grunoderso,grün oder so,Grün oder so,rgb,127,176,117,3,2,full,white,en,en,2.1.2,
01954044-734e-4329-8811-d19d547e6e52,de,German (Deutsch),hellflieder,hell flieder,Hell flieder,rgb,205,162,197,3,3,full,white,en,en,2.1.2,
01954044-734e-4329-8811-d19d547e6e52,de,German (Deutsch),waldgrun,wald grün,Wald grün,rgb,69,84,49,3,4,full,white,en,en,2.1.2,
01954044-734e-4329-8811-d19d547e6e52,de,German (Deutsch),dunkelblau,dunkel blau,Dunkel blau,rgb,46,23,54,3,5,full,white,en,en,2.1.2,
01954044-734e-4329-8811-d19d547e6e52,de,German (Deutsch),braun,braun,Braun,rgb,97,58,43,3,6,full,white,en,en,2.1.2,
01954044-734e-4329-8811-d19d547e6e52,de,German (Deutsch),flieder,flieder,Flieder,rgb,178,153,173,3,7,full,white,en,en,2.1.2,
01954044-734e-4329-8811-d19d547e6e52,de,German (Deutsch),knallgrun,knall grün,Knall grün,rgb,32,229,84,3,8,full,white,en,en,2.1.2,
01954044-734e-4329-8811-d19d547e6e52,de,German (Deutsch),himmelblau,himmelblau,Himmelblau,rgb,95,177,222,3,9,full,white,en,en,2.1.2,
01954044-734e-4329-8811-d19d547e6e52,de,German (Deutsch),schweinrosa,schweinrosa,Schweinrosa,rgb,254,166,181,3,10,full,white,en,en,2.1.2,
01954044-734e-4329-8811-d19d547e6e52,de,German (Deutsch),flieder,flieder,Flieder,rgb,181,160,187,3,11,full,white,en,en,2.1.2,
01954044-734e-4329-8811-d19d547e6e52,de,German (Deutsch),turkis,türkis,Türkis,rgb,123,239,204,5,0,full,white,en,en,2.1.2,
01954044-734e-4329-8811-d19d547e6e52,de,German (Deutsch),lila,lila,Lila,rgb,177,130,237,5,1,full,white,en,en,2.1.2,
01954044-734e-4329-8811-d19d547e6e52,de,German (Deutsch),rot,rot,Rot,rgb,198,97,91,5,2,full,white,en,en,2.1.2,
01954044-734e-4329-8811-d19d547e6e52,de,German (Deutsch),grun,grün,Grün,rgb,130,215,131,5,3,full,white,en,en,2.1.2,
01954044-734e-4329-8811-d19d547e6e52,de,German (Deutsch),weinrotlich,weinrötlich,Weinrötlich,rgb,159,18,133,5,4,full,white,en,en,2.1.2,
01954044-734e-4329-8811-d19d547e6e52,de,German (Deutsch),lila,lila,Lila,rgb,174,35,251,5,5,full,white,en,en,2.1.2,
01954044-734e-4329-8811-d19d547e6e52,de,German (Deutsch),braun,braun,Braun,rgb,87,57,16,5,6,full,white,en,en,2.1.2,
01954044-734e-4329-8811-d19d547e6e52,de,German (Deutsch),olivegrun,olive grün,Olive grün,rgb,120,162,116,5,7,full,white,en,en,2.1.2,
01954044-734e-4329-8811-d19d547e6e52,de,German (Deutsch),blau,blau,Blau,rgb,51,182,212,5,8,full,white,en,en,2.1.2,
01954044-734e-4329-8811-d19d547e6e52,de,German (Deutsch),graubraun,grau braun,Grau braun,rgb,137,121,91,5,9,full,white,en,en,2.1.2,
01954044-734e-4329-8811-d19d547e6e52,de,German (Deutsch),blau,blau,Blau,rgb,193,242,247,5,10,full,white,en,en,2.1.2,
01954044-734e-4329-8811-d19d547e6e52,de,German (Deutsch),pink,pink,Pink,rgb,242,130,198,5,11,full,white,en,en,2.1.2,
bcc15290-b649-437d-8c5e-9479de0f5cc7,de,German (Deutsch),purple,purple,Purple,p3,0.459851,0.322624,0.615806,1,2,full,white,en,en,2.1.2,
bcc15290-b649-437d-8c5e-9479de0f5cc7,de,German (Deutsch),turquise,turquise,Turquise,p3,0.261536,0.873482,0.753652,1,3,full,white,en,en,2.1.2,
bcc15290-b649-437d-8c5e-9479de0f5cc7,de,German (Deutsch),darkgreen,dark green,Dark green,p3,0.098522,0.468031,0.209105,3,0,full,white,en,en,2.1.2,
bcc15290-b649-437d-8c5e-9479de0f5cc7,de,German (Deutsch),lightgreen,light green,Light green,p3,0.757654,0.98759,0.729643,3,2,full,white,en,en,2.1.2,
bcc15290-b649-437d-8c5e-9479de0f5cc7,de,German (Deutsch),brown,brown,Brown,p3,0.348944,0.287097,0.203848,3,3,full,white,en,en,2.1.2,
bcc15290-b649-437d-8c5e-9479de0f5cc7,de,German (Deutsch),pink,pink,Pink,p3,0.956226,0.563872,0.634077,3,5,full,white,en,en,2.1.2,
bcc15290-b649-437d-8c5e-9479de0f5cc7,de,German (Deutsch),maroon,maroon,Maroon,p3,0.675665,0.236241,0.224341,3,6,full,white,en,en,2.1.2,
bcc15290-b649-437d-8c5e-9479de0f5cc7,de,German (Deutsch),purple,purple,Purple,p3,0.55719,0.260926,0.882896,3,7,full,white,en,en,2.1.2,
bcc15290-b649-437d-8c5e-9479de0f5cc7,de,German (Deutsch),bourdeau,bourdeau,Bourdeau,p3,0.497494,0.108132,0.096077,3,11,full,white,en,en,2.1.2,
bcc15290-b649-437d-8c5e-9479de0f5cc7,de,German (Deutsch),gray,gray,Gray,p3,0.39296,0.411685,0.466421,5,1,full,white,en,en,2.1.2,
bcc15290-b649-437d-8c5e-9479de0f5cc7,de,German (Deutsch),lightbrown,light brown,Light brown,p3,0.634879,0.426667,0.315557,5,4,full,white,en,en,2.1.2,
bcc15290-b649-437d-8c5e-9479de0f5cc7,de,German (Deutsch),darkgray,dark gray,Dark gray,p3,0.197198,0.166344,0.297991,5,6,full,white,en,en,2.1.2,
bcc15290-b649-437d-8c5e-9479de0f5cc7,de,German (Deutsch),purple,purple,Purple,p3,0.580066,0.139322,0.648238,5,7,full,white,en,en,2.1.2,
bcc15290-b649-437d-8c5e-9479de0f5cc7,de,German (Deutsch),black,black,Black,p3,0.031384,0.003714,0.013155,5,9,full,white,en,en,2.1.2,
bcc15290-b649-437d-8c5e-9479de0f5cc7,de,German (Deutsch),neongreen,neon green,Neon green,p3,0.744156,0.963495,0.286041,5,10,full,white,en,en,2.1.2,
bcc15290-b649-437d-8c5e-9479de0f5cc7,de,German (Deutsch),neonpink,neon pink,Neon pink,p3,0.898994,0.18151,0.578036,5,11,full,white,en,en,2.1.2,
bf764238-89cc-4129-8f86-0f69a3077ca1,de,German (Deutsch),lila,lila,Lila,p3,0.344541,0.189346,0.516796,1,0,full,white,en,de,2.1.2,
bf764238-89cc-4129-8f86-0f69a3077ca1,de,German (Deutsch),turkis,türkis,Türkis,p3,0.393174,0.576694,0.50877,1,1,full,white,en,de,2.1.2,
bf764238-89cc-4129-8f86-0f69a3077ca1,de,German (Deutsch),grun,grün,Grün,p3,0.171989,0.741063,0.183452,1,2,full,white,en,de,2.1.2,
bf764238-89cc-4129-8f86-0f69a3077ca1,de,German (Deutsch),pink,pink,Pink,p3,0.982725,0.485959,0.766989,1,3,full,white,en,de,2.1.2,
bf764238-89cc-4129-8f86-0f69a3077ca1,de,German (Deutsch),beige,beige,Beige,p3,0.68672,0.544177,0.236964,1,4,full,white,en,de,2.1.2,
bf764238-89cc-4129-8f86-0f69a3077ca1,de,German (Deutsch),burgunder,burgunder,Burgunder,p3,0.580188,0.24191,0.384682,1,5,full,white,en,de,2.1.2,
bf764238-89cc-4129-8f86-0f69a3077ca1,de,German (Deutsch),beige,beige,Beige,p3,0.816228,0.711441,0.381164,1,6,full,white,en,de,2.1.2,
bf764238-89cc-4129-8f86-0f69a3077ca1,de,German (Deutsch),pink,pink,Pink,p3,0.832984,0.376915,0.848821,1,7,full,white,en,de,2.1.2,
bf764238-89cc-4129-8f86-0f69a3077ca1,de,German (Deutsch),blau,blau,Blau,p3,0.310424,0.369779,0.891657,1,8,full,white,en,de,2.1.2,
bf764238-89cc-4129-8f86-0f69a3077ca1,de,German (Deutsch),neongrun,neongrün,Neongrün,p3,0.504507,0.948147,0.486671,1,9,full,white,en,de,2.1.2,
bf764238-89cc-4129-8f86-0f69a3077ca1,de,German (Deutsch),burgunder,burgunder,Burgunder,p3,0.360642,0.103022,0.186951,1,10,full,white,en,de,2.1.2,
bf764238-89cc-4129-8f86-0f69a3077ca1,de,German (Deutsch),dunkelblau,dunkelblau,Dunkelblau,p3,0.184249,0.090897,0.583392,1,11,full,white,en,de,2.1.2,
bf764238-89cc-4129-8f86-0f69a3077ca1,de,German (Deutsch),turkis,türkis,Türkis,p3,0.310402,0.738445,0.540628,3,0,full,white,en,de,2.1.2,
bf764238-89cc-4129-8f86-0f69a3077ca1,de,German (Deutsch),orange,orange,Orange,p3,0.885572,0.569121,0.344868,3,1,full,white,en,de,2.1.2,
bf764238-89cc-4129-8f86-0f69a3077ca1,de,German (Deutsch),blaulila,blaulila,Blaulila,p3,0.415201,0.343339,0.454843,3,2,full,white,en,de,2.1.2,
bf764238-89cc-4129-8f86-0f69a3077ca1,de,German (Deutsch),helllila,helllila,Helllila,p3,0.639487,0.530442,0.828259,3,3,full,white,en,de,2.1.2,
bf764238-89cc-4129-8f86-0f69a3077ca1,de,German (Deutsch),beige,beige,Beige,p3,0.908228,0.725449,0.658043,3,4,full,white,en,de,2.1.2,
bf764238-89cc-4129-8f86-0f69a3077ca1,de,German (Deutsch),schwarz,schwarz,Schwarz,p3,0.160776,0.07576,0.015103,3,5,full,white,en,de,2.1.2,
bf764238-89cc-4129-8f86-0f69a3077ca1,de,German (Deutsch),himmelblau,himmelblau,Himmelblau,p3,0.347583,0.503073,0.740852,3,6,full,white,en,de,2.1.2,
bf764238-89cc-4129-8f86-0f69a3077ca1,de,German (Deutsch),turkis,türkis,Türkis,p3,0.430392,0.813067,0.855247,3,7,full,white,en,de,2.1.2,
bf764238-89cc-4129-8f86-0f69a3077ca1,de,German (Deutsch),braun,braun,Braun,p3,0.661002,0.30304,0.057228,3,8,full,white,en,de,2.1.2,
bf764238-89cc-4129-8f86-0f69a3077ca1,de,German (Deutsch),pink,pink,Pink,p3,0.845403,0.101983,0.690182,3,9,full,white,en,de,2.1.2,
bf764238-89cc-4129-8f86-0f69a3077ca1,de,German (Deutsch),hellturkis,helltürkis,Helltürkis,p3,0.811857,0.92314,0.87314,3,10,full,white,en,de,2.1.2,
bf764238-89cc-4129-8f86-0f69a3077ca1,de,German (Deutsch),buttergelb,buttergelb,Buttergelb,p3,0.966892,0.839982,0.526465,3,11,full,white,en,de,2.1.2,
bf764238-89cc-4129-8f86-0f69a3077ca1,de,German (Deutsch),grun,grün,Grün,p3,0.245349,0.500286,0.122284,5,0,full,white,en,de,2.1.2,
bf764238-89cc-4129-8f86-0f69a3077ca1,de,German (Deutsch),schwarz,schwarz,Schwarz,p3,0.005057,0.043913,0.070615,5,1,full,white,en,de,2.1.2,
bf764238-89cc-4129-8f86-0f69a3077ca1,de,German (Deutsch),lila,lila,Lila,p3,0.532782,0.328235,0.760318,5,2,full,white,en,de,2.1.2,
bf764238-89cc-4129-8f86-0f69a3077ca1,de,German (Deutsch),turkis,türkis,Türkis,p3,0.591943,0.972524,0.763307,5,3,full,white,en,de,2.1.2,
bf764238-89cc-4129-8f86-0f69a3077ca1,de,German (Deutsch),dunkelgrau,dunkelgrau,Dunkelgrau,p3,0.15612,0.190375,0.203507,5,4,full,white,en,de,2.1.2,
bf764238-89cc-4129-8f86-0f69a3077ca1,de,German (Deutsch),pink,pink,Pink,p3,0.746519,0.117651,0.894391,5,5,full,white,en,de,2.1.2,
bf764238-89cc-4129-8f86-0f69a3077ca1,de,German (Deutsch),dunkelgrau,dunkelgrau,Dunkelgrau,p3,0.281638,0.340632,0.295567,5,6,full,white,en,de,2.1.2,
bf764238-89cc-4129-8f86-0f69a3077ca1,de,German (Deutsch),dunkellila,dunkellila,Dunkellila,p3,0.391479,0.135742,0.766011,5,7,full,white,en,de,2.1.2,
bf764238-89cc-4129-8f86-0f69a3077ca1,de,German (Deutsch),grun,grün,Grün,p3,0.807158,0.925388,0.486057,5,8,full,white,en,de,2.1.2,
bf764238-89cc-4129-8f86-0f69a3077ca1,de,German (Deutsch),lilablassblau,lilablassblau,Lilablassblau,p3,0.657131,0.718523,0.980131,5,9,full,white,en,de,2.1.2,
bf764238-89cc-4129-8f86-0f69a3077ca1,de,German (Deutsch),rot,rot,Rot,p3,0.840873,0.259939,0.262605,5,10,full,white,en,de,2.1.2,
bf764238-89cc-4129-8f86-0f69a3077ca1,de,German (Deutsch),grun,grün,Grün,p3,0.011442,0.454523,0.345251,5,11,full,white,en,de,2.1.2,
da19c5af-1f12-47a5-8718-7687bcf02a29,de,German (Deutsch),braun,braun,braun,rgb,88,57,50,1,0,full,white,en,de,2.1.2,
da19c5af-1f12-47a5-8718-7687bcf02a29,de,German (Deutsch),taubenblau,taubenblau,taubenblau,rgb,122,148,222,1,1,full,white,en,de,2.1.2,
da19c5af-1f12-47a5-8718-7687bcf02a29,de,German (Deutsch),blau,blau,blau,rgb,37,66,238,1,2,full,white,en,de,2.1.2,
da19c5af-1f12-47a5-8718-7687bcf02a29,de,German (Deutsch),rosa,rosa,rosa,rgb,218,103,178,1,3,full,white,en,de,2.1.2,
da19c5af-1f12-47a5-8718-7687bcf02a29,de,German (Deutsch),grasgrun,grasgrün,grasgrün,rgb,130,232,119,1,4,full,white,en,de,2.1.2,
da19c5af-1f12-47a5-8718-7687bcf02a29,de,German (Deutsch),kastanienbraun,kastanienbraun,kastanienbraun,rgb,84,36,12,1,5,full,white,en,de,2.1.2,
da19c5af-1f12-47a5-8718-7687bcf02a29,de,German (Deutsch),navyblau,navyblau,navyblau,rgb,44,53,125,1,6,full,white,en,de,2.1.2,
da19c5af-1f12-47a5-8718-7687bcf02a29,de,German (Deutsch),pink,pink,pink,rgb,202,1,109,1,7,full,white,en,de,2.1.2,
da19c5af-1f12-47a5-8718-7687bcf02a29,de,German (Deutsch),dunklesaubergine,dunkles aubergine,dunkles aubergine,rgb,46,34,58,1,8,full,white,en,de,2.1.2,
da19c5af-1f12-47a5-8718-7687bcf02a29,de,German (Deutsch),blau,blau,blau,rgb,36,25,157,1,9,full,white,en,de,2.1.2,
da19c5af-1f12-47a5-8718-7687bcf02a29,de,German (Deutsch),braun,braun,braun,rgb,89,58,50,1,10,full,white,en,de,2.1.2,
da19c5af-1f12-47a5-8718-7687bcf02a29,de,German (Deutsch),blau,blau,blau,rgb,80,108,226,1,11,full,white,en,de,2.1.2,
da19c5af-1f12-47a5-8718-7687bcf02a29,de,German (Deutsch),dunkelgrun,dunkelgrün,dunkelgrün,rgb,20,52,52,3,0,full,white,en,de,2.1.2,
da19c5af-1f12-47a5-8718-7687bcf02a29,de,German (Deutsch),mauve,mauve,mauve,rgb,156,104,146,3,1,full,white,en,de,2.1.2,
da19c5af-1f12-47a5-8718-7687bcf02a29,de,German (Deutsch),turkis,türkis,türkis,rgb,116,172,171,3,2,full,white,en,de,2.1.2,
da19c5af-1f12-47a5-8718-7687bcf02a29,de,German (Deutsch),blau,blau,blau,rgb,114,138,245,3,3,full,white,en,de,2.1.2,
da19c5af-1f12-47a5-8718-7687bcf02a29,de,German (Deutsch),turkis,türkis,türkis,rgb,140,186,193,3,4,full,white,en,de,2.1.2,
da19c5af-1f12-47a5-8718-7687bcf02a29,de,German (Deutsch),pink,pink,pink,rgb,209,25,229,3,5,full,white,en,de,2.1.2,
da19c5af-1f12-47a5-8718-7687bcf02a29,de,German (Deutsch),brombeer,brombeer,brombeer,rgb,136,53,127,3,6,full,white,en,de,2.1.2,
da19c5af-1f12-47a5-8718-7687bcf02a29,de,German (Deutsch),lila,lila,lila,rgb,98,41,119,3,7,full,white,en,de,2.1.2,
da19c5af-1f12-47a5-8718-7687bcf02a29,de,German (Deutsch),dunklerestaubenblau,dunkleres taubenblau,dunkleres taubenblau,rgb,91,108,189,3,8,full,white,en,de,2.1.2,
da19c5af-1f12-47a5-8718-7687bcf02a29,de,German (Deutsch),grelleslila,grelles lila,grelles lila,rgb,124,25,218,3,9,full,white,en,de,2.1.2,
da19c5af-1f12-47a5-8718-7687bcf02a29,de,German (Deutsch),beige,beige,beige,rgb,207,182,118,3,10,full,white,en,de,2.1.2,
da19c5af-1f12-47a5-8718-7687bcf02a29,de,German (Deutsch),anthrazit,anthrazit,anthrazit,rgb,83,85,108,3,11,full,white,en,de,2.1.2,
da19c5af-1f12-47a5-8718-7687bcf02a29,de,German (Deutsch),blau,blau,blau,rgb,86,81,188,5,0,full,white,en,de,2.1.2,
da19c5af-1f12-47a5-8718-7687bcf02a29,de,German (Deutsch),blau,blau,blau,rgb,22,77,189,5,1,full,white,en,de,2.1.2,
da19c5af-1f12-47a5-8718-7687bcf02a29,de,German (Deutsch),dunklestaubenblau,dunkles taubenblau,dunkles taubenblau,rgb,82,96,176,5,2,full,white,en,de,2.1.2,
da19c5af-1f12-47a5-8718-7687bcf02a29,de,German (Deutsch),blau,blau,blau,rgb,24,146,224,5,3,full,white,en,de,2.1.2,
da19c5af-1f12-47a5-8718-7687bcf02a29,de,German (Deutsch),lila,lila,lila,rgb,78,48,116,5,4,full,white,en,de,2.1.2,
da19c5af-1f12-47a5-8718-7687bcf02a29,de,German (Deutsch),straßenschildblau,straßenschildblau,Straßenschildblau,rgb,31,36,217,5,6,full,white,en,de,2.1.2,
da19c5af-1f12-47a5-8718-7687bcf02a29,de,German (Deutsch),graubraun,graubraun,graubraun,rgb,86,88,85,5,7,full,white,en,de,2.1.2,
da19c5af-1f12-47a5-8718-7687bcf02a29,de,German (Deutsch),orange,orange,orange,rgb,239,128,65,5,8,full,white,en,de,2.1.2,
da19c5af-1f12-47a5-8718-7687bcf02a29,de,German (Deutsch),mauve,mauve,mauve,rgb,155,91,126,5,9,full,white,en,de,2.1.2,
da19c5af-1f12-47a5-8718-7687bcf02a29,de,German (Deutsch),hellesgrelleslila,helles grelles lila,helles grelles lila,rgb,172,91,249,5,10,full,white,en,de,2.1.2,
da19c5af-1f12-47a5-8718-7687bcf02a29,de,German (Deutsch),limette,limette,limette,rgb,205,223,71,5,11,full,white,en,de,2.1.2,
daa5a841-5f69-405f-88af-22823f009ea3,de,German (Deutsch),hellgrun,hellgrün,Hellgrün,p3,0.822851,0.816007,0.591548,1,0,full,white,en,en,2.1.2,
daa5a841-5f69-405f-88af-22823f009ea3,de,German (Deutsch),dunkelgrun,dunkelgrün,Dunkelgrün,p3,0.256304,0.318648,0.30178,1,1,full,white,en,en,2.1.2,
daa5a841-5f69-405f-88af-22823f009ea3,de,German (Deutsch),braun,braun,Braun,p3,0.590713,0.423899,0.172198,1,2,full,white,en,en,2.1.2,
daa5a841-5f69-405f-88af-22823f009ea3,de,German (Deutsch),rot,rot,Rot,p3,0.790021,0.192179,0.161221,1,3,full,white,en,en,2.1.2,
daa5a841-5f69-405f-88af-22823f009ea3,de,German (Deutsch),rosa,rosa,Rosa,p3,0.848518,0.506837,0.634282,1,4,full,white,en,en,2.1.2,
daa5a841-5f69-405f-88af-22823f009ea3,de,German (Deutsch),grun,grün,Grün,p3,0.305185,0.483079,0.376863,1,5,full,white,en,en,2.1.2,
daa5a841-5f69-405f-88af-22823f009ea3,de,German (Deutsch),lila,lila,Lila,p3,0.206507,0.000769,0.410192,1,6,full,white,en,en,2.1.2,
daa5a841-5f69-405f-88af-22823f009ea3,de,German (Deutsch),hellgrun,hellgrün,Hellgrün,p3,0.86891,0.911204,0.892679,1,7,full,white,en,en,2.1.2,
daa5a841-5f69-405f-88af-22823f009ea3,de,German (Deutsch),turkis,türkis,Türkis,p3,0.246116,0.930348,0.871179,1,8,full,white,en,en,2.1.2,
daa5a841-5f69-405f-88af-22823f009ea3,de,German (Deutsch),pink,pink,Pink,p3,0.744392,0.182573,0.602357,1,9,full,white,en,en,2.1.2,
daa5a841-5f69-405f-88af-22823f009ea3,de,German (Deutsch),schwarz,schwarz,Schwarz,p3,0.021937,0.014624,0.019286,1,10,full,white,en,en,2.1.2,
daa5a841-5f69-405f-88af-22823f009ea3,de,German (Deutsch),grun,grün,Grün,p3,0.595283,0.55682,0.148931,1,11,full,white,en,en,2.1.2,
daa5a841-5f69-405f-88af-22823f009ea3,de,German (Deutsch),orange,orange,Orange,p3,0.904147,0.452171,0.292373,3,0,full,white,en,en,2.1.2,
daa5a841-5f69-405f-88af-22823f009ea3,de,German (Deutsch),lila,lila,Lila,p3,0.465077,0.120479,0.3726,3,1,full,white,en,en,2.1.2,
daa5a841-5f69-405f-88af-22823f009ea3,de,German (Deutsch),lila,lila,Lila,p3,0.636389,0.512602,0.694167,3,2,full,white,en,en,2.1.2,
daa5a841-5f69-405f-88af-22823f009ea3,de,German (Deutsch),dunkelblau,dunkelblau,Dunkelblau,p3,0.012492,0.157403,0.351465,3,3,full,white,en,en,2.1.2,
daa5a841-5f69-405f-88af-22823f009ea3,de,German (Deutsch),dunkelblau,dunkelblau,Dunkelblau,p3,0.025863,0.04825,0.19679,3,4,full,white,en,en,2.1.2,
daa5a841-5f69-405f-88af-22823f009ea3,de,German (Deutsch),hellgrun,hellgrün,Hellgrün,p3,0.634157,0.826145,0.140368,3,5,full,white,en,en,2.1.2,
daa5a841-5f69-405f-88af-22823f009ea3,de,German (Deutsch),blau,blau,Blau,p3,0.345188,0.568047,0.750352,3,6,full,white,en,en,2.1.2,
daa5a841-5f69-405f-88af-22823f009ea3,de,German (Deutsch),schwarz,schwarz,Schwarz,p3,0.112845,0.108451,0.072325,3,7,full,white,en,en,2.1.2,
daa5a841-5f69-405f-88af-22823f009ea3,de,German (Deutsch),lila,lila,Lila,p3,0.499319,0.214429,0.831012,3,8,full,white,en,en,2.1.2,
daa5a841-5f69-405f-88af-22823f009ea3,de,German (Deutsch),pink,pink,Pink,p3,0.945877,0.310107,0.84609,3,9,full,white,en,en,2.1.2,
daa5a841-5f69-405f-88af-22823f009ea3,de,German (Deutsch),grun,grün,Grün,p3,0.254339,0.620003,0.479228,3,10,full,white,en,en,2.1.2,
daa5a841-5f69-405f-88af-22823f009ea3,de,German (Deutsch),hellgrun,hellgrün,Hellgrün,p3,0.059264,0.846432,0.516658,3,11,full,white,en,en,2.1.2,
daa5a841-5f69-405f-88af-22823f009ea3,de,German (Deutsch),turkis,türkis,Türkis,p3,0.500354,0.799652,0.772265,5,0,full,white,en,en,2.1.2,
daa5a841-5f69-405f-88af-22823f009ea3,de,German (Deutsch),beige,beige,Beige,p3,0.692353,0.635289,0.523518,5,1,full,white,en,en,2.1.2,
daa5a841-5f69-405f-88af-22823f009ea3,de,German (Deutsch),dunkelblau,dunkelblau,Dunkelblau,p3,0.186988,0.251731,0.516562,5,2,full,white,en,en,2.1.2,
daa5a841-5f69-405f-88af-22823f009ea3,de,German (Deutsch),rot,rot,Rot,p3,0.386341,0.076644,0.090651,5,3,full,white,en,en,2.1.2,
daa5a841-5f69-405f-88af-22823f009ea3,de,German (Deutsch),lila,lila,Lila,p3,0.340003,0.326503,0.932538,5,4,full,white,en,en,2.1.2,
daa5a841-5f69-405f-88af-22823f009ea3,de,German (Deutsch),lila,lila,Lila,p3,0.48307,0.371194,0.422655,5,5,full,white,en,en,2.1.2,
daa5a841-5f69-405f-88af-22823f009ea3,de,German (Deutsch),dunkelgrun,dunkelgrün,Dunkelgrün,p3,0.123928,0.346526,0.004017,5,6,full,white,en,en,2.1.2,
daa5a841-5f69-405f-88af-22823f009ea3,de,German (Deutsch),blau,blau,Blau,p3,0.14066,0.399663,0.784383,5,7,full,white,en,en,2.1.2,
daa5a841-5f69-405f-88af-22823f009ea3,de,German (Deutsch),blau,blau,Blau,p3,0.020869,0.214917,0.77956,5,8,full,white,en,en,2.1.2,
daa5a841-5f69-405f-88af-22823f009ea3,de,German (Deutsch),hellgrun,hellgrün,Hellgrün,p3,0.856622,0.966281,0.570518,5,9,full,white,en,en,2.1.2,
daa5a841-5f69-405f-88af-22823f009ea3,de,German (Deutsch),grun,grün,Grün,p3,0.348864,0.653375,0.121703,5,10,full,white,en,en,2.1.2,
daa5a841-5f69-405f-88af-22823f009ea3,de,German (Deutsch),pink,pink,Pink,p3,0.784438,0.549461,0.965221,5,11,full,white,en,en,2.1.2,
b1fee397-3f69-4093-b9b6-54a4c3107b2d,de,German (Deutsch),mangenta,mangenta,Mangenta,p3,0.677087,0.252913,0.558563,1,0,full,white,en,de,2.1.2,
b1fee397-3f69-4093-b9b6-54a4c3107b2d,de,German (Deutsch),schwarz,schwarz,Schwarz,p3,0.01948,0.008203,0.036667,1,1,full,white,en,de,2.1.2,
b1fee397-3f69-4093-b9b6-54a4c3107b2d,de,German (Deutsch),violett,violett,Violett,p3,0.252704,0.008166,0.43391,1,2,full,white,en,de,2.1.2,
b1fee397-3f69-4093-b9b6-54a4c3107b2d,de,German (Deutsch),dunkelmangenta,dunkel mangenta,Dunkel mangenta,p3,0.462135,0.134637,0.37901,1,3,full,white,en,de,2.1.2,
b1fee397-3f69-4093-b9b6-54a4c3107b2d,de,German (Deutsch),moosgreen,moosgreen,Moosgreen,p3,0.296035,0.373098,0.180636,1,4,full,white,en,de,2.1.2,
b1fee397-3f69-4093-b9b6-54a4c3107b2d,de,German (Deutsch),grun,grün,Grün,p3,0.527424,0.68441,0.029897,1,5,full,white,en,de,2.1.2,
b1fee397-3f69-4093-b9b6-54a4c3107b2d,de,German (Deutsch),oink,oink,Oink,p3,0.859662,0.197975,0.489389,1,6,full,white,en,de,2.1.2,
b1fee397-3f69-4093-b9b6-54a4c3107b2d,de,German (Deutsch),violett,violett,Violett,p3,0.457877,0.206891,0.608083,1,7,full,white,en,de,2.1.2,
b1fee397-3f69-4093-b9b6-54a4c3107b2d,de,German (Deutsch),petrol,petrol,Petrol,p3,0.584171,0.940777,0.723949,1,8,full,white,en,de,2.1.2,
b1fee397-3f69-4093-b9b6-54a4c3107b2d,de,German (Deutsch),hellgrun,hellgrün,Hellgrün,p3,0.631565,0.853246,0.314756,1,9,full,white,en,de,2.1.2,
b1fee397-3f69-4093-b9b6-54a4c3107b2d,de,German (Deutsch),burgunder,burgunder,Burgunder,p3,0.400033,0.186148,0.163864,1,10,full,white,en,de,2.1.2,
b1fee397-3f69-4093-b9b6-54a4c3107b2d,de,German (Deutsch),dunkelviolett,dunkelviolett,Dunkelviolett,p3,0.18944,0.102349,0.189302,1,11,full,white,en,de,2.1.2,
b1fee397-3f69-4093-b9b6-54a4c3107b2d,de,German (Deutsch),blau,blau,Blau,p3,0.058165,0.191932,0.913196,3,0,full,white,en,de,2.1.2,
b1fee397-3f69-4093-b9b6-54a4c3107b2d,de,German (Deutsch),hellgrun,hellgrün,Hellgrün,p3,0.21102,0.976104,0.597951,3,1,full,white,en,de,2.1.2,
b1fee397-3f69-4093-b9b6-54a4c3107b2d,de,German (Deutsch),eukalyptus,eukalyptus,eukalyptus,p3,0.445883,0.629709,0.557903,3,2,full,white,en,de,2.1.2,
b1fee397-3f69-4093-b9b6-54a4c3107b2d,de,German (Deutsch),violett,violett,Violett,p3,0.597226,0.058857,0.77715,3,3,full,white,en,de,2.1.2,
b1fee397-3f69-4093-b9b6-54a4c3107b2d,de,German (Deutsch),terrakotta,terrakotta,terrakotta,p3,0.689613,0.389345,0.34649,3,5,full,white,en,de,2.1.2,
b1fee397-3f69-4093-b9b6-54a4c3107b2d,de,German (Deutsch),dunkelblau,dunkelblau,Dunkelblau,p3,0.244315,0.229979,0.393962,3,6,full,white,en,de,2.1.2,
b1fee397-3f69-4093-b9b6-54a4c3107b2d,de,German (Deutsch),orange,orange,Orange,p3,0.931946,0.612232,0.316183,3,7,full,white,en,de,2.1.2,
b1fee397-3f69-4093-b9b6-54a4c3107b2d,de,German (Deutsch),pink,pink,Pink,p3,0.804866,0.406252,0.695457,3,8,full,white,en,de,2.1.2,
b1fee397-3f69-4093-b9b6-54a4c3107b2d,de,German (Deutsch),grun,grün,Grün,p3,0.276849,0.574686,0.251429,3,9,full,white,en,de,2.1.2,
b1fee397-3f69-4093-b9b6-54a4c3107b2d,de,German (Deutsch),pink,pink,Pink,p3,0.803047,0.437142,0.952794,3,10,full,white,en,de,2.1.2,
b1fee397-3f69-4093-b9b6-54a4c3107b2d,de,German (Deutsch),hellpink,hellpink,Hellpink,p3,0.844683,0.666718,0.917432,3,11,full,white,en,de,2.1.2,
b1fee397-3f69-4093-b9b6-54a4c3107b2d,de,German (Deutsch),ocker,ocker,Ocker,p3,0.609775,0.527825,0.095227,5,0,full,white,en,de,2.1.2,
b1fee397-3f69-4093-b9b6-54a4c3107b2d,de,German (Deutsch),blau,blau,Blau,p3,0.090081,0.131846,0.556986,5,1,full,white,en,de,2.1.2,
b1fee397-3f69-4093-b9b6-54a4c3107b2d,de,German (Deutsch),smaragdgrun,smaragdgrün,Smaragdgrün,p3,0.097299,0.282217,0.176806,5,2,full,white,en,de,2.1.2,
b1fee397-3f69-4093-b9b6-54a4c3107b2d,de,German (Deutsch),hellgrun,hellgrün,Hellgrün,p3,0.761496,0.817827,0.564354,5,3,full,white,en,de,2.1.2,
b1fee397-3f69-4093-b9b6-54a4c3107b2d,de,German (Deutsch),blau,blau,Blau,p3,0.280837,0.269975,0.686981,5,4,full,white,en,de,2.1.2,
b1fee397-3f69-4093-b9b6-54a4c3107b2d,de,German (Deutsch),haufarbe,haufarbe,Haufarbe,p3,0.906935,0.503264,0.540503,5,5,full,white,en,de,2.1.2,
b1fee397-3f69-4093-b9b6-54a4c3107b2d,de,German (Deutsch),pink,pink,Pink,p3,0.974296,0.2228,0.822763,5,6,full,white,en,de,2.1.2,
b1fee397-3f69-4093-b9b6-54a4c3107b2d,de,German (Deutsch),eierschalenfarbe,eierschalenfarbe,Eierschalenfarbe,p3,0.980886,0.937446,0.769789,5,7,full,white,en,de,2.1.2,
b1fee397-3f69-4093-b9b6-54a4c3107b2d,de,German (Deutsch),rot,rot,Rot,p3,0.607691,0.023284,0.059648,5,8,full,white,en,de,2.1.2,
b1fee397-3f69-4093-b9b6-54a4c3107b2d,de,German (Deutsch),turkis,türkis,Türkis,p3,0.638554,0.805205,0.851323,5,9,full,white,en,de,2.1.2,
b1fee397-3f69-4093-b9b6-54a4c3107b2d,de,German (Deutsch),violett,violett,Violett,p3,0.464607,0.109977,0.961818,5,10,full,white,en,de,2.1.2,
b1fee397-3f69-4093-b9b6-54a4c3107b2d,de,German (Deutsch),grau,grau,Grau,p3,0.417243,0.434507,0.419547,5,11,full,white,en,de,2.1.2,
2b89fe6d-a678-48a1-bbd2-a7c789bc6406,de,German (Deutsch),ultramarinblau,ultra marin blau,Ultra Marin blau,p3,0.038958,0.200716,0.367138,1,0,full,white,en,de,2.1.2,
2b89fe6d-a678-48a1-bbd2-a7c789bc6406,de,German (Deutsch),grasgrun,gras grün,Gras grün,p3,0.218474,0.834823,0.351716,1,1,full,white,en,de,2.1.2,
2b89fe6d-a678-48a1-bbd2-a7c789bc6406,de,German (Deutsch),olivegrun,olivegrün,Olivegrün,p3,0.60359,0.63948,0.320188,1,2,full,white,en,de,2.1.2,
2b89fe6d-a678-48a1-bbd2-a7c789bc6406,de,German (Deutsch),sattesrosarot,sattes rosarot,Sattes rosarot,p3,0.805883,0.411676,0.561727,1,3,full,white,en,de,2.1.2,
2b89fe6d-a678-48a1-bbd2-a7c789bc6406,de,German (Deutsch),hellesbourgunder,helles bourgunder,Helles bourgunder,p3,0.544466,0.091349,0.012185,1,4,full,white,en,de,2.1.2,
2b89fe6d-a678-48a1-bbd2-a7c789bc6406,de,German (Deutsch),grun,grün,Grün,p3,0.337557,0.575166,0.058202,1,5,full,white,en,de,2.1.2,
2b89fe6d-a678-48a1-bbd2-a7c789bc6406,de,German (Deutsch),braunbeige,braun beige,Braun beige,p3,0.49665,0.44725,0.350045,1,6,full,white,en,de,2.1.2,
2b89fe6d-a678-48a1-bbd2-a7c789bc6406,de,German (Deutsch),dunklespinkviolett,dunkles pinkviolett,Dunkles pinkviolett,p3,0.672929,0.287475,0.489314,1,7,full,white,en,de,2.1.2,
2b89fe6d-a678-48a1-bbd2-a7c789bc6406,de,German (Deutsch),dunklesbourgunder,dunkles bourgunder,Dunkles bourgunder,p3,0.220713,0.124983,0.245597,1,8,full,white,en,de,2.1.2,
2b89fe6d-a678-48a1-bbd2-a7c789bc6406,de,German (Deutsch),lavendel,lavendel,Lavendel,p3,0.672514,0.632878,0.93644,1,9,full,white,en,de,2.1.2,
2b89fe6d-a678-48a1-bbd2-a7c789bc6406,de,German (Deutsch),dunkleskonigsblau,dunkles königsblau,Dunkles Königsblau,p3,0.102079,0.00016,0.46511,1,10,full,white,en,de,2.1.2,
2b89fe6d-a678-48a1-bbd2-a7c789bc6406,de,German (Deutsch),dunkelbrauneslila,dunkel braunes lila,Dunkel braunes lila,p3,0.423397,0.330009,0.428718,1,11,full,white,en,de,2.1.2,
2b89fe6d-a678-48a1-bbd2-a7c789bc6406,de,German (Deutsch),flieder,flieder,Flieder,p3,0.940312,0.771617,0.986858,3,0,full,white,en,de,2.1.2,
2b89fe6d-a678-48a1-bbd2-a7c789bc6406,de,German (Deutsch),magenta,magenta,Magenta,p3,0.918962,0.152996,0.424802,3,1,full,white,en,de,2.1.2,
2b89fe6d-a678-48a1-bbd2-a7c789bc6406,de,German (Deutsch),grelleshellgrun,grelles hellgrün,Grelles hellgrün,p3,0.569358,0.924383,0.294929,3,2,full,white,en,de,2.1.2,
2b89fe6d-a678-48a1-bbd2-a7c789bc6406,de,German (Deutsch),dunklesturkisgrun,dunkles türkis grün,Dunkles türkis grün,p3,0.101632,0.315441,0.354914,3,3,full,white,en,de,2.1.2,
2b89fe6d-a678-48a1-bbd2-a7c789bc6406,de,German (Deutsch),altrosa,altrosa,Altrosa,p3,0.807514,0.675092,0.732221,3,4,full,white,en,de,2.1.2,
2b89fe6d-a678-48a1-bbd2-a7c789bc6406,de,German (Deutsch),karminrot,karminrot,Karminrot,p3,0.773866,0.246515,0.164127,3,5,full,white,en,de,2.1.2,
2b89fe6d-a678-48a1-bbd2-a7c789bc6406,de,German (Deutsch),warmesorange,warmes orange,Warmes orange,p3,0.943659,0.599134,0.14023,3,6,full,white,en,de,2.1.2,
2b89fe6d-a678-48a1-bbd2-a7c789bc6406,de,German (Deutsch),waldgrun,waldgrün,Waldgrün,p3,0.156141,0.430425,0.22647,3,7,full,white,en,de,2.1.2,
2b89fe6d-a678-48a1-bbd2-a7c789bc6406,de,German (Deutsch),grunlichesbraun,grünliches braun,Grünliches braun,p3,0.295335,0.297946,0.128257,3,8,full,white,en,de,2.1.2,
2b89fe6d-a678-48a1-bbd2-a7c789bc6406,de,German (Deutsch),blau,blau,Blau,p3,0.142467,0.335746,0.617421,3,9,full,white,en,de,2.1.2,
2b89fe6d-a678-48a1-bbd2-a7c789bc6406,de,German (Deutsch),grunlichturkis,grünlich türkis,Grünlich Türkis,p3,0.298563,0.557326,0.447531,3,10,full,white,en,de,2.1.2,
2b89fe6d-a678-48a1-bbd2-a7c789bc6406,de,German (Deutsch),warmesbeige,warmes beige,Warmes beige,p3,0.593546,0.575079,0.521951,3,11,full,white,en,de,2.1.2,
2b89fe6d-a678-48a1-bbd2-a7c789bc6406,de,German (Deutsch),blauviolett,blau violett,Blau violett,p3,0.461473,0.309691,0.995364,5,0,full,white,en,de,2.1.2,
2b89fe6d-a678-48a1-bbd2-a7c789bc6406,de,German (Deutsch),traubenrot,traubenrot,Traubenrot,p3,0.483378,0.116375,0.451862,5,1,full,white,en,de,2.1.2,
2b89fe6d-a678-48a1-bbd2-a7c789bc6406,de,German (Deutsch),kraftigesrosa,kräftiges rosa,Kräftiges rosa,p3,0.811349,0.09385,0.855216,5,2,full,white,en,de,2.1.2,
2b89fe6d-a678-48a1-bbd2-a7c789bc6406,de,German (Deutsch),grungelb,grüngelb,Grüngelb,p3,0.868849,0.937204,0.570052,5,3,full,white,en,de,2.1.2,
2b89fe6d-a678-48a1-bbd2-a7c789bc6406,de,German (Deutsch),braunschwarz,braunschwarz,Braunschwarz,p3,0.025057,0.013991,0.023817,5,4,full,white,en,de,2.1.2,
2b89fe6d-a678-48a1-bbd2-a7c789bc6406,de,German (Deutsch),ocker,ocker,Ocker,p3,0.803041,0.754682,0.309381,5,5,full,white,en,de,2.1.2,
2b89fe6d-a678-48a1-bbd2-a7c789bc6406,de,German (Deutsch),tiffany,tiffany,Tiffany,p3,0.636903,0.856789,0.795099,5,6,full,white,en,de,2.1.2,
2b89fe6d-a678-48a1-bbd2-a7c789bc6406,de,German (Deutsch),violett,violett,Violett,p3,0.409664,0.243895,0.765101,5,7,full,white,en,de,2.1.2,
2b89fe6d-a678-48a1-bbd2-a7c789bc6406,de,German (Deutsch),schilfgrun,schilfgrün,Schilfgrün,p3,0.383592,0.730792,0.571881,5,8,full,white,en,de,2.1.2,
2b89fe6d-a678-48a1-bbd2-a7c789bc6406,de,German (Deutsch),grellesrosa,grelles rosa,Grelles rosa,p3,0.990425,0.413764,0.98819,5,9,full,white,en,de,2.1.2,
2b89fe6d-a678-48a1-bbd2-a7c789bc6406,de,German (Deutsch),sanfteskonigsblau,sanftes königsblau,Sanftes Königsblau,p3,0.302612,0.573582,0.999114,5,10,full,white,en,de,2.1.2,
2b89fe6d-a678-48a1-bbd2-a7c789bc6406,de,German (Deutsch),herbstblau,herbstblau,Herbstblau,p3,0.357758,0.47413,0.691234,5,11,full,white,en,de,2.1.2,
be291b1f-9893-4b14-9674-89119a57b57b,de,German (Deutsch),rosa,rosa,Rosa,p3,0.893142,0.641494,0.844429,1,0,full,white,en,de,2.1.2,
be291b1f-9893-4b14-9674-89119a57b57b,de,German (Deutsch),petrol,petrol,Petrol,p3,0.137009,0.423326,0.370525,1,1,full,white,en,de,2.1.2,
be291b1f-9893-4b14-9674-89119a57b57b,de,German (Deutsch),weinrot,weinrot,Weinrot,p3,0.447949,0.023289,0.140175,1,2,full,white,en,de,2.1.2,
be291b1f-9893-4b14-9674-89119a57b57b,de,German (Deutsch),okka,okka,Okka,p3,0.699075,0.685811,0.365758,1,3,full,white,en,de,2.1.2,
be291b1f-9893-4b14-9674-89119a57b57b,de,German (Deutsch),helllila,hell lila,Hell Lila,p3,0.733873,0.348859,0.841977,1,4,full,white,en,de,2.1.2,
be291b1f-9893-4b14-9674-89119a57b57b,de,German (Deutsch),turkis,türkis,Türkis,p3,0.523294,0.871509,0.719459,1,5,full,white,en,de,2.1.2,
be291b1f-9893-4b14-9674-89119a57b57b,de,German (Deutsch),schwarz,schwarz,Schwarz,p3,0.11012,0.08694,0.162795,1,6,full,white,en,de,2.1.2,
be291b1f-9893-4b14-9674-89119a57b57b,de,German (Deutsch),hellblau,hellblau,Hellblau,p3,0.3198,0.804052,0.924621,1,7,full,white,en,de,2.1.2,
be291b1f-9893-4b14-9674-89119a57b57b,de,German (Deutsch),gelb,gelb,Gelb,p3,0.972861,0.970473,0.550451,1,8,full,white,en,de,2.1.2,
be291b1f-9893-4b14-9674-89119a57b57b,de,German (Deutsch),dunkelgrun,dunkelgrün,Dunkelgrün,p3,0.090459,0.205117,0.194848,1,9,full,white,en,de,2.1.2,
be291b1f-9893-4b14-9674-89119a57b57b,de,German (Deutsch),senfgelb,senfgelb,Senfgelb,p3,0.610571,0.443895,0.242306,1,10,full,white,en,de,2.1.2,
be291b1f-9893-4b14-9674-89119a57b57b,de,German (Deutsch),violett,violett,Violett,p3,0.45951,0.22959,0.416912,1,11,full,white,en,de,2.1.2,
be291b1f-9893-4b14-9674-89119a57b57b,de,German (Deutsch),dukelgrun,du kelgrün,Du kelgrün,p3,0.24015,0.294639,0.201713,3,0,full,white,en,de,2.1.2,
be291b1f-9893-4b14-9674-89119a57b57b,de,German (Deutsch),mittellila,mittel lila,Mittel lila,p3,0.585498,0.139892,0.807707,3,1,full,white,en,de,2.1.2,
be291b1f-9893-4b14-9674-89119a57b57b,de,German (Deutsch),grasgrun,grasgrün,Grasgrün,p3,0.215957,0.828084,0.307722,3,2,full,white,en,de,2.1.2,
be291b1f-9893-4b14-9674-89119a57b57b,de,German (Deutsch),himmelblau,himmelblau,Himmelblau,p3,0.652624,0.808694,0.959987,3,3,full,white,en,de,2.1.2,
be291b1f-9893-4b14-9674-89119a57b57b,de,German (Deutsch),mittelblau,mittelblau,Mittelblau,p3,0.346269,0.515482,0.675654,3,4,full,white,en,de,2.1.2,
be291b1f-9893-4b14-9674-89119a57b57b,de,German (Deutsch),olive,olive,Olive,p3,0.576239,0.580385,0.069131,3,5,full,white,en,de,2.1.2,
be291b1f-9893-4b14-9674-89119a57b57b,de,German (Deutsch),mittelgrun,mittelgrün,Mittelgrün,p3,0.294637,0.434343,0.117142,3,6,full,white,en,de,2.1.2,
be291b1f-9893-4b14-9674-89119a57b57b,de,German (Deutsch),hellgrun,hellgrün,Hellgrün,p3,0.448189,0.719248,0.405464,3,7,full,white,en,de,2.1.2,
be291b1f-9893-4b14-9674-89119a57b57b,de,German (Deutsch),azurblau,azurblau,Azurblau,p3,0.015492,0.069281,0.573575,3,8,full,white,en,de,2.1.2,
be291b1f-9893-4b14-9674-89119a57b57b,de,German (Deutsch),flieder,flieder,Flieder,p3,0.640793,0.614443,0.784598,3,9,full,white,en,de,2.1.2,
be291b1f-9893-4b14-9674-89119a57b57b,de,German (Deutsch),mittellila,mittellila,Mittellila,p3,0.548756,0.356195,0.90068,3,10,full,white,en,de,2.1.2,
be291b1f-9893-4b14-9674-89119a57b57b,de,German (Deutsch),neongrun,neongrün,Neongrün,p3,0.301618,0.956809,0.228769,3,11,full,white,en,de,2.1.2,
be291b1f-9893-4b14-9674-89119a57b57b,de,German (Deutsch),rot,rot,Rot,p3,0.898746,0.08615,0.288085,5,0,full,white,en,de,2.1.2,
be291b1f-9893-4b14-9674-89119a57b57b,de,German (Deutsch),mittelblau,mittelblau,Mittelblau,p3,0.147832,0.087041,0.951809,5,1,full,white,en,de,2.1.2,
be291b1f-9893-4b14-9674-89119a57b57b,de,German (Deutsch),oliv,oliv,Oliv,p3,0.385674,0.496865,0.38375,5,2,full,white,en,de,2.1.2,
be291b1f-9893-4b14-9674-89119a57b57b,de,German (Deutsch),lila,lila,Lila,p3,0.423332,0.11131,0.588366,5,3,full,white,en,de,2.1.2,
be291b1f-9893-4b14-9674-89119a57b57b,de,German (Deutsch),schwarz,schwarz,Schwarz,p3,0.002686,0.000326,0.000397,5,4,full,white,en,de,2.1.2,
be291b1f-9893-4b14-9674-89119a57b57b,de,German (Deutsch),hellblau,hellblau,Hellblau,p3,0.0199,0.674735,0.950125,5,5,full,white,en,de,2.1.2,
be291b1f-9893-4b14-9674-89119a57b57b,de,German (Deutsch),orange,orange,Orange,p3,0.948611,0.653004,0.452689,5,6,full,white,en,de,2.1.2,
be291b1f-9893-4b14-9674-89119a57b57b,de,German (Deutsch),pink,pink,Pink,p3,0.897171,0.243298,0.57162,5,7,full,white,en,de,2.1.2,
be291b1f-9893-4b14-9674-89119a57b57b,de,German (Deutsch),mittelblau,mittelblau,Mittelblau,p3,0.1427,0.378579,0.792401,5,8,full,white,en,de,2.1.2,
be291b1f-9893-4b14-9674-89119a57b57b,de,German (Deutsch),aubergine,aubergine,Aubergine,p3,0.647165,0.323449,0.49701,5,9,full,white,en,de,2.1.2,
be291b1f-9893-4b14-9674-89119a57b57b,de,German (Deutsch),rot,rot,Rot,p3,0.65696,0.031399,0.195018,5,10,full,white,en,de,2.1.2,
be291b1f-9893-4b14-9674-89119a57b57b,de,German (Deutsch),dunkellila,dunkellila,Dunkellila,p3,0.206339,0.047254,0.355707,5,11,full,white,en,de,2.1.2,
2008f9b4-701a-40dc-9b73-cf2bc7b1a69b,de,German (Deutsch),orange,orange,Orange,p3,0.954034,0.519796,0.363686,1,0,full,white,en,de,2.1.2,
2008f9b4-701a-40dc-9b73-cf2bc7b1a69b,de,German (Deutsch),aubergine,aubergine,Aubergine,p3,0.284786,0.129244,0.2908,1,1,full,white,en,de,2.1.2,
2008f9b4-701a-40dc-9b73-cf2bc7b1a69b,de,German (Deutsch),grasgrun,grasgrün,Grasgrün,p3,0.001461,0.532253,0.131636,1,2,full,white,en,de,2.1.2,
2008f9b4-701a-40dc-9b73-cf2bc7b1a69b,de,German (Deutsch),dunkelgrun,dunkelgrün,Dunkelgrün,p3,0.150032,0.490098,0.359602,1,3,full,white,en,de,2.1.2,
2008f9b4-701a-40dc-9b73-cf2bc7b1a69b,de,German (Deutsch),azurblau,azurblau,Azurblau,p3,0.182659,0.295924,0.846129,1,4,full,white,en,de,2.1.2,
2008f9b4-701a-40dc-9b73-cf2bc7b1a69b,de,German (Deutsch),royalblau,royal blau,Royal Blau,p3,0.19523,0.266936,0.409519,1,5,full,white,en,de,2.1.2,
2008f9b4-701a-40dc-9b73-cf2bc7b1a69b,de,German (Deutsch),grau,grau,Grau,p3,0.774959,0.811364,0.815677,1,6,full,white,en,de,2.1.2,
2008f9b4-701a-40dc-9b73-cf2bc7b1a69b,de,German (Deutsch),taupe,taupe,Taupe,p3,0.724403,0.542271,0.349149,1,7,full,white,en,de,2.1.2,
2008f9b4-701a-40dc-9b73-cf2bc7b1a69b,de,German (Deutsch),turkis,türkis,Türkis,p3,0.180815,0.713908,0.803155,1,8,full,white,en,de,2.1.2,
2008f9b4-701a-40dc-9b73-cf2bc7b1a69b,de,German (Deutsch),neongrun,neongrün,Neongrün,p3,0.384975,0.990836,0.164321,1,9,full,white,en,de,2.1.2,
2008f9b4-701a-40dc-9b73-cf2bc7b1a69b,de,German (Deutsch),eierschale,eierschale,Eierschale,p3,0.967009,0.941415,0.969901,1,10,full,white,en,de,2.1.2,
2008f9b4-701a-40dc-9b73-cf2bc7b1a69b,de,German (Deutsch),schwarz,schwarz,Schwarz,p3,0.010716,0.009204,0.052007,1,11,full,white,en,de,2.1.2,
2008f9b4-701a-40dc-9b73-cf2bc7b1a69b,de,German (Deutsch),senfgelb,senfgelb,Senfgelb,p3,0.85089,0.676419,0.299636,3,0,full,white,en,de,2.1.2,
2008f9b4-701a-40dc-9b73-cf2bc7b1a69b,de,German (Deutsch),olivegrun,olivegrün,Olivegrün,p3,0.508319,0.621015,0.108513,3,1,full,white,en,de,2.1.2,
2008f9b4-701a-40dc-9b73-cf2bc7b1a69b,de,German (Deutsch),magenta,magenta,Magenta,p3,0.621971,0.100767,0.579144,3,2,full,white,en,de,2.1.2,
2008f9b4-701a-40dc-9b73-cf2bc7b1a69b,de,German (Deutsch),flieder,flieder,Flieder,p3,0.63999,0.639158,0.991382,3,3,full,white,en,de,2.1.2,
2008f9b4-701a-40dc-9b73-cf2bc7b1a69b,de,German (Deutsch),turkis,türkis,Türkis,p3,0.349356,0.855139,0.64583,3,4,full,white,en,de,2.1.2,
2008f9b4-701a-40dc-9b73-cf2bc7b1a69b,de,German (Deutsch),schwarzgrun,schwarzgrün,Schwarzgrün,p3,0.207706,0.212184,0.047834,3,5,full,white,en,de,2.1.2,
2008f9b4-701a-40dc-9b73-cf2bc7b1a69b,de,German (Deutsch),limette,limette,Limette,p3,0.651413,0.995872,0.427132,3,6,full,white,en,de,2.1.2,
2008f9b4-701a-40dc-9b73-cf2bc7b1a69b,de,German (Deutsch),gelb,gelb,Gelb,p3,0.955726,0.86285,0.279356,3,7,full,white,en,de,2.1.2,
2008f9b4-701a-40dc-9b73-cf2bc7b1a69b,de,German (Deutsch),petrol,petrol,Petrol,p3,0.307725,0.578035,0.596102,3,8,full,white,en,de,2.1.2,
2008f9b4-701a-40dc-9b73-cf2bc7b1a69b,de,German (Deutsch),weinrot,weinrot,Weinrot,p3,0.531,0.281475,0.365695,3,9,full,white,en,de,2.1.2,
2008f9b4-701a-40dc-9b73-cf2bc7b1a69b,de,German (Deutsch),rotorange,rotorange,Rotorange,p3,0.715186,0.375961,0.294445,3,10,full,white,en,de,2.1.2,
2008f9b4-701a-40dc-9b73-cf2bc7b1a69b,de,German (Deutsch),hellblau,hellblau,Hellblau,p3,0.649593,0.956782,0.968384,3,11,full,white,en,de,2.1.2,
2008f9b4-701a-40dc-9b73-cf2bc7b1a69b,de,German (Deutsch),lila,lila,Lila,p3,0.59749,0.486956,0.815625,5,0,full,white,en,de,2.1.2,
2008f9b4-701a-40dc-9b73-cf2bc7b1a69b,de,German (Deutsch),violett,violett,Violett,p3,0.491339,0.309478,0.726419,5,1,full,white,en,de,2.1.2,
2008f9b4-701a-40dc-9b73-cf2bc7b1a69b,de,German (Deutsch),blau,blau,Blau,p3,0.335265,0.574129,0.91232,5,2,full,white,en,de,2.1.2,
2008f9b4-701a-40dc-9b73-cf2bc7b1a69b,de,German (Deutsch),ocker,ocker,Ocker,p3,0.525644,0.471796,0.310334,5,3,full,white,en,de,2.1.2,
2008f9b4-701a-40dc-9b73-cf2bc7b1a69b,de,German (Deutsch),magenta,magenta,Magenta,p3,0.766476,0.163976,0.476339,5,4,full,white,en,de,2.1.2,
2008f9b4-701a-40dc-9b73-cf2bc7b1a69b,de,German (Deutsch),hellespetrol,helles petrol,Helles Petrol,p3,0.561897,0.703015,0.728579,5,5,full,white,en,de,2.1.2,
2008f9b4-701a-40dc-9b73-cf2bc7b1a69b,de,German (Deutsch),lila,lila,Lila,p3,0.686814,0.321311,0.959728,5,6,full,white,en,de,2.1.2,
2008f9b4-701a-40dc-9b73-cf2bc7b1a69b,de,German (Deutsch),rosa,rosa,Rosa,p3,0.858933,0.607474,0.864624,5,7,full,white,en,de,2.1.2,
2008f9b4-701a-40dc-9b73-cf2bc7b1a69b,de,German (Deutsch),dunkelblau,dunkelblau,Dunkelblau,p3,0.333202,0.436148,0.667201,5,8,full,white,en,de,2.1.2,
2008f9b4-701a-40dc-9b73-cf2bc7b1a69b,de,German (Deutsch),hellgrun,hellgrün,Hellgrün,p3,0.66959,0.843465,0.366189,5,9,full,white,en,de,2.1.2,
2008f9b4-701a-40dc-9b73-cf2bc7b1a69b,de,German (Deutsch),pink,pink,Pink,p3,0.825142,0.231776,0.736311,5,10,full,white,en,de,2.1.2,
2008f9b4-701a-40dc-9b73-cf2bc7b1a69b,de,German (Deutsch),braun,braun,Braun,p3,0.562864,0.249077,0.006272,5,11,full,white,en,de,2.1.2,
dca4c037-3154-4612-8e93-780e9e7af43b,de,German (Deutsch),blau,blau,blau,p3,0,0.713579,1,1,0,line,white,en,en,2.1.2,
dca4c037-3154-4612-8e93-780e9e7af43b,de,German (Deutsch),rot,rot,rot,p3,1,0.121092,0,1,1,line,white,en,en,2.1.2,
dca4c037-3154-4612-8e93-780e9e7af43b,de,German (Deutsch),tuerkis,tuerkis,tuerkis,p3,0,1,0.840872,1,3,line,white,en,en,2.1.2,
dca4c037-3154-4612-8e93-780e9e7af43b,de,German (Deutsch),grun,gruen,gruen,p3,0.487637,1,0,1,4,line,white,en,en,2.1.2,
dca4c037-3154-4612-8e93-780e9e7af43b,de,German (Deutsch),geld,geld,geld,p3,0.936232,1,0,1,6,line,white,en,en,2.1.2,
dca4c037-3154-4612-8e93-780e9e7af43b,de,German (Deutsch),limon,limon,limon,p3,0.886477,1,0,1,7,line,white,en,en,2.1.2,
dca4c037-3154-4612-8e93-780e9e7af43b,de,German (Deutsch),pink,pink,pink,p3,1,0,0.545411,1,8,line,white,en,en,2.1.2,
dca4c037-3154-4612-8e93-780e9e7af43b,de,German (Deutsch),magenta,magenta,magenta,p3,1,0,0.911593,1,9,line,white,en,en,2.1.2,
dca4c037-3154-4612-8e93-780e9e7af43b,de,German (Deutsch),lila,lila,lila,p3,0.436698,0,1,1,10,line,white,en,en,2.1.2,
dca4c037-3154-4612-8e93-780e9e7af43b,de,German (Deutsch),orange,orange,orange,p3,1,0.376916,0,1,11,line,white,en,en,2.1.2,
dca4c037-3154-4612-8e93-780e9e7af43b,de,German (Deutsch),orange,orange,orange,p3,1,0.597915,0,3,0,line,white,en,en,2.1.2,
dca4c037-3154-4612-8e93-780e9e7af43b,de,German (Deutsch),magenta,magenta,magenta,p3,0.884283,0,1,3,1,line,white,en,en,2.1.2,
dca4c037-3154-4612-8e93-780e9e7af43b,de,German (Deutsch),grun,gruen,gruen,p3,0.56176,1,0,3,2,line,white,en,en,2.1.2,
dca4c037-3154-4612-8e93-780e9e7af43b,de,German (Deutsch),orange,orange,orange,p3,1,0.758462,0,3,3,line,white,en,en,2.1.2,
dca4c037-3154-4612-8e93-780e9e7af43b,de,German (Deutsch),gelb,gelb,gelb,p3,1,0.911826,0,3,5,line,white,en,en,2.1.2,
dca4c037-3154-4612-8e93-780e9e7af43b,de,German (Deutsch),lila,lila,lila,p3,0.644034,0,1,3,6,line,white,en,en,2.1.2,
dca4c037-3154-4612-8e93-780e9e7af43b,de,German (Deutsch),blau,blau,blau,p3,0,0.455825,1,3,7,line,white,en,en,2.1.2,
dca4c037-3154-4612-8e93-780e9e7af43b,de,German (Deutsch),dunkellila,dunkel lila,dunkel lila,p3,0.270984,0,1,3,8,line,white,en,en,2.1.2,
dca4c037-3154-4612-8e93-780e9e7af43b,de,German (Deutsch),grun,gruen,gruen,p3,0,1,0.268887,3,9,line,white,en,en,2.1.2,
dca4c037-3154-4612-8e93-780e9e7af43b,de,German (Deutsch),orange,orange,orange,p3,1,0.525477,0,3,10,line,white,en,en,2.1.2,
dca4c037-3154-4612-8e93-780e9e7af43b,de,German (Deutsch),rot,rot,rot,p3,1,0,0.134142,3,11,line,white,en,en,2.1.2,
dca4c037-3154-4612-8e93-780e9e7af43b,de,German (Deutsch),blau,blau,blau,p3,0,0.316599,1,5,0,line,white,en,en,2.1.2,
dca4c037-3154-4612-8e93-780e9e7af43b,de,German (Deutsch),lila,lila,lila,p3,0.691452,0,1,5,1,line,white,en,en,2.1.2,
dca4c037-3154-4612-8e93-780e9e7af43b,de,German (Deutsch),blau,blau,blau,p3,0,0.548636,1,5,2,line,white,en,en,2.1.2,
dca4c037-3154-4612-8e93-780e9e7af43b,de,German (Deutsch),lila,lila,lila,p3,0.391793,0,1,5,3,line,white,en,en,2.1.2,
dca4c037-3154-4612-8e93-780e9e7af43b,de,German (Deutsch),pink,pink,pink,p3,0.898401,0,1,5,4,line,white,en,en,2.1.2,
dca4c037-3154-4612-8e93-780e9e7af43b,de,German (Deutsch),dunkelblau,dunkel blau,dunkel blau,p3,0,0.103385,1,5,5,line,white,en,en,2.1.2,
dca4c037-3154-4612-8e93-780e9e7af43b,de,German (Deutsch),magenat,magenat,magenat,p3,1,0,0.483919,5,6,line,white,en,en,2.1.2,
dca4c037-3154-4612-8e93-780e9e7af43b,de,German (Deutsch),tuerkis,tuerkis,tuerkis,p3,0,1,0.934769,5,7,line,white,en,en,2.1.2,
dca4c037-3154-4612-8e93-780e9e7af43b,de,German (Deutsch),blau,blau,blau,p3,0,0.592895,1,5,8,line,white,en,en,2.1.2,
dca4c037-3154-4612-8e93-780e9e7af43b,de,German (Deutsch),blau,blau,blau,p3,0,0.787813,1,5,9,line,white,en,en,2.1.2,
dca4c037-3154-4612-8e93-780e9e7af43b,de,German (Deutsch),gelb,gelb,gelb,p3,1,0.853428,0,5,10,line,white,en,en,2.1.2,
dca4c037-3154-4612-8e93-780e9e7af43b,de,German (Deutsch),pink,pink,pink,p3,1,0,0.6934,5,11,line,white,en,en,2.1.2,
60b6a592-3c87-4324-a62d-3bab10b185af,de,German (Deutsch),dunkelblau,dunkelblau,Dunkelblau,p3,0.02986,0.356931,0.720207,1,0,full,white,en,de,2.1.2,
60b6a592-3c87-4324-a62d-3bab10b185af,de,German (Deutsch),mintgrun,mintgrün,Mintgrün,p3,0.48564,0.986693,0.700958,1,1,full,white,en,de,2.1.2,
60b6a592-3c87-4324-a62d-3bab10b185af,de,German (Deutsch),olivgrun,olivgrün,Olivgrün,p3,0.494241,0.609953,0.122531,1,2,full,white,en,de,2.1.2,
60b6a592-3c87-4324-a62d-3bab10b185af,de,German (Deutsch),hellblau,hellblau,Hellblau,p3,0.247082,0.789438,0.900515,1,3,full,white,en,de,2.1.2,
60b6a592-3c87-4324-a62d-3bab10b185af,de,German (Deutsch),knalligeslila,knalliges lila,Knalliges lila,p3,0.726769,0.177592,0.934217,1,4,full,white,en,de,2.1.2,
60b6a592-3c87-4324-a62d-3bab10b185af,de,German (Deutsch),leichtpastellenesgrun,leicht pastellenes grün,Leicht pastellenes grün,p3,0.557032,0.748061,0.40397,1,5,full,white,en,de,2.1.2,
60b6a592-3c87-4324-a62d-3bab10b185af,de,German (Deutsch),dunkelviolett,dunkelviolett,Dunkelviolett,p3,0.252753,0.177615,0.294556,1,6,full,white,en,de,2.1.2,
60b6a592-3c87-4324-a62d-3bab10b185af,de,German (Deutsch),lavendel,lavendel,Lavendel,p3,0.76615,0.718661,0.829186,1,7,full,white,en,de,2.1.2,
60b6a592-3c87-4324-a62d-3bab10b185af,de,German (Deutsch),petrol,petrol,Petrol,p3,0.125247,0.591033,0.659527,1,8,full,white,en,de,2.1.2,
60b6a592-3c87-4324-a62d-3bab10b185af,de,German (Deutsch),marineblau,marineblau,Marineblau,p3,0.070593,0.165075,0.470332,1,9,full,white,en,de,2.1.2,
60b6a592-3c87-4324-a62d-3bab10b185af,de,German (Deutsch),knalligesgrun,knalliges grün,Knalliges grün,p3,0.259422,0.771173,0.255798,1,10,full,white,en,de,2.1.2,
60b6a592-3c87-4324-a62d-3bab10b185af,de,German (Deutsch),schwarz,schwarz,Schwarz,p3,0.133903,0.003027,0.178457,1,11,full,white,en,de,2.1.2,
60b6a592-3c87-4324-a62d-3bab10b185af,de,German (Deutsch),meerblau,meerblau,Meerblau,p3,0.381706,0.491498,0.653469,3,0,full,white,en,de,2.1.2,
60b6a592-3c87-4324-a62d-3bab10b185af,de,German (Deutsch),hellesmintgrun,helles mintgrün,Helles mintgrün,p3,0.723153,0.876872,0.810769,3,1,full,white,en,de,2.1.2,
60b6a592-3c87-4324-a62d-3bab10b185af,de,German (Deutsch),bubblegumrosa,bubblegum rosa,Bubblegum rosa,p3,0.881604,0.470213,0.542661,3,2,full,white,en,de,2.1.2,
60b6a592-3c87-4324-a62d-3bab10b185af,de,German (Deutsch),violett,violett,Violett,p3,0.416842,0.237279,0.948002,3,3,full,white,en,de,2.1.2,
60b6a592-3c87-4324-a62d-3bab10b185af,de,German (Deutsch),ockerbraun,ockerbraun,Ockerbraun,p3,0.786743,0.550397,0.354729,3,4,full,white,en,de,2.1.2,
60b6a592-3c87-4324-a62d-3bab10b185af,de,German (Deutsch),dunkelrosa,dunkelrosa,Dunkelrosa,p3,0.787387,0.332976,0.706601,3,5,full,white,en,de,2.1.2,
60b6a592-3c87-4324-a62d-3bab10b185af,de,German (Deutsch),dunkellavendel,dunkellavendel,Dunkellavendel,p3,0.609551,0.358527,0.614546,3,6,full,white,en,de,2.1.2,
60b6a592-3c87-4324-a62d-3bab10b185af,de,German (Deutsch),knalligespink,knalliges pink,Knalliges pink,p3,0.916228,0.036649,0.994719,3,7,full,white,en,de,2.1.2,
60b6a592-3c87-4324-a62d-3bab10b185af,de,German (Deutsch),mintgrun,mintgrün,Mintgrün,p3,0.399923,0.833608,0.683177,3,8,full,white,en,de,2.1.2,
60b6a592-3c87-4324-a62d-3bab10b185af,de,German (Deutsch),magenta,magenta,Magenta,p3,0.981101,0.17902,0.64994,3,9,full,white,en,de,2.1.2,
60b6a592-3c87-4324-a62d-3bab10b185af,de,German (Deutsch),dunkelrot,dunkelrot,Dunkelrot,p3,0.590018,0.195068,0.07459,3,10,full,white,en,de,2.1.2,
60b6a592-3c87-4324-a62d-3bab10b185af,de,German (Deutsch),buttergelb,buttergelb,Buttergelb,p3,0.94874,0.894404,0.527165,3,11,full,white,en,de,2.1.2,
60b6a592-3c87-4324-a62d-3bab10b185af,de,German (Deutsch),dunkleswaldgrun,dunkles waldgrün,Dunkles waldgrün,p3,0.072278,0.194122,0.117644,5,0,full,white,en,de,2.1.2,
60b6a592-3c87-4324-a62d-3bab10b185af,de,German (Deutsch),violett,violett,Violett,p3,0.316753,0.131454,0.498427,5,1,full,white,en,de,2.1.2,
60b6a592-3c87-4324-a62d-3bab10b185af,de,German (Deutsch),mittelgrau,mittelgrau,Mittelgrau,p3,0.428106,0.381044,0.343895,5,2,full,white,en,de,2.1.2,
60b6a592-3c87-4324-a62d-3bab10b185af,de,German (Deutsch),waldgrun,waldgrün,Waldgrün,p3,0.20008,0.340542,0.19412,5,3,full,white,en,de,2.1.2,
60b6a592-3c87-4324-a62d-3bab10b185af,de,German (Deutsch),pastellorange,pastellorange,Pastellorange,p3,0.993778,0.722526,0.480357,5,4,full,white,en,de,2.1.2,
60b6a592-3c87-4324-a62d-3bab10b185af,de,German (Deutsch),magenta,magenta,Magenta,p3,0.850458,0.192382,0.452614,5,5,full,white,en,de,2.1.2,
60b6a592-3c87-4324-a62d-3bab10b185af,de,German (Deutsch),dunklesmintgrun,dunkles mintgrün,Dunkles mintgrün,p3,0.47705,0.585362,0.494995,5,6,full,white,en,de,2.1.2,
60b6a592-3c87-4324-a62d-3bab10b185af,de,German (Deutsch),burgundrot,burgundrot,Burgundrot,p3,0.461567,0.107415,0.227208,5,7,full,white,en,de,2.1.2,
60b6a592-3c87-4324-a62d-3bab10b185af,de,German (Deutsch),leichtvioletteshellblau,leicht violettes hellblau,Leicht violettes hellblau,p3,0.564838,0.617829,0.889168,5,8,full,white,en,de,2.1.2,
60b6a592-3c87-4324-a62d-3bab10b185af,de,German (Deutsch),hellrosa,hellrosa,Hellrosa,p3,0.919169,0.539095,0.908998,5,9,full,white,en,de,2.1.2,
60b6a592-3c87-4324-a62d-3bab10b185af,de,German (Deutsch),giftgrun,giftgrün,Giftgrün,p3,0.699968,0.863956,0.239342,5,10,full,white,en,de,2.1.2,
60b6a592-3c87-4324-a62d-3bab10b185af,de,German (Deutsch),leichtviolettesgrau,leicht violettes grau,Leicht violettes grau,p3,0.616737,0.526705,0.611873,5,11,full,white,en,de,2.1.2,
798f6c0b-58b2-460d-9f54-725445b89f29,de,German (Deutsch),gelb,gelb,gelb,rgb,245,227,134,1,1,full,white,en,de,2.1.2,
798f6c0b-58b2-460d-9f54-725445b89f29,de,German (Deutsch),lavendel,lavendel,lavendel,rgb,183,165,223,1,2,full,white,en,de,2.1.2,
798f6c0b-58b2-460d-9f54-725445b89f29,de,German (Deutsch),pink,pink,pink,rgb,200,46,170,1,4,full,white,en,de,2.1.2,
798f6c0b-58b2-460d-9f54-725445b89f29,de,German (Deutsch),beere,beere,beere,rgb,107,73,84,1,5,full,white,en,de,2.1.2,
798f6c0b-58b2-460d-9f54-725445b89f29,de,German (Deutsch),rosa,rosa,rosa,rgb,241,204,210,1,7,full,white,en,de,2.1.2,
798f6c0b-58b2-460d-9f54-725445b89f29,de,German (Deutsch),lavendel,lavendel,lavendel,rgb,163,158,218,1,10,full,white,en,de,2.1.2,
798f6c0b-58b2-460d-9f54-725445b89f29,de,German (Deutsch),lavendel,lavendel,lavendel,rgb,184,176,215,3,2,full,white,en,de,2.1.2,
798f6c0b-58b2-460d-9f54-725445b89f29,de,German (Deutsch),beere,beere,beere,rgb,122,35,122,3,5,full,white,en,de,2.1.2,
798f6c0b-58b2-460d-9f54-725445b89f29,de,German (Deutsch),turkys,türkys,türkys,rgb,34,198,144,3,8,full,white,en,de,2.1.2,
798f6c0b-58b2-460d-9f54-725445b89f29,de,German (Deutsch),blaugrau,blaugrau,blaugrau,rgb,121,149,186,5,3,full,white,en,de,2.1.2,
e02abbc0-bb95-49c4-a0f4-f24e26d840b0,de,German (Deutsch),violett,violett,Violett,rgb,112,72,130,1,0,full,white,en,de,2.1.2,
e02abbc0-bb95-49c4-a0f4-f24e26d840b0,de,German (Deutsch),blau,blau,Blau,rgb,48,149,209,1,1,full,white,en,de,2.1.2,
e02abbc0-bb95-49c4-a0f4-f24e26d840b0,de,German (Deutsch),nachtblau,nachtblau,Nachtblau,rgb,4,1,46,1,2,full,white,en,de,2.1.2,
e02abbc0-bb95-49c4-a0f4-f24e26d840b0,de,German (Deutsch),lila,lila,Lila,rgb,140,55,212,1,3,full,white,en,de,2.1.2,
e02abbc0-bb95-49c4-a0f4-f24e26d840b0,de,German (Deutsch),graublau,graublau,Graublau,rgb,96,139,199,1,4,full,white,en,de,2.1.2,
e02abbc0-bb95-49c4-a0f4-f24e26d840b0,de,German (Deutsch),olive,olive,Olive,rgb,158,186,114,1,5,full,white,en,de,2.1.2,
e02abbc0-bb95-49c4-a0f4-f24e26d840b0,de,German (Deutsch),grun,grün,Grün,rgb,92,179,136,1,6,full,white,en,de,2.1.2,
e02abbc0-bb95-49c4-a0f4-f24e26d840b0,de,German (Deutsch),schwarz,schwarz,Schwarz,rgb,25,31,34,1,7,full,white,en,de,2.1.2,
e02abbc0-bb95-49c4-a0f4-f24e26d840b0,de,German (Deutsch),lime,lime,Lime,rgb,191,245,65,1,8,full,white,en,de,2.1.2,
e02abbc0-bb95-49c4-a0f4-f24e26d840b0,de,German (Deutsch),dunkelrot,dunkelrot,Dunkelrot,rgb,159,52,46,1,9,full,white,en,de,2.1.2,
e02abbc0-bb95-49c4-a0f4-f24e26d840b0,de,German (Deutsch),goldbraun,goldbraun,Goldbraun,rgb,131,125,30,1,10,full,white,en,de,2.1.2,
e02abbc0-bb95-49c4-a0f4-f24e26d840b0,de,German (Deutsch),haarbraun,haarbraun,Haarbraun,rgb,149,125,112,1,11,full,white,en,de,2.1.2,
be692482-97ac-4b4b-9aa5-aa56f476fc21,de,German (Deutsch),dunkleslila,dunkles lila,Dunkles Lila,rgb,131,94,207,1,0,full,white,en,de,2.1.2,
be692482-97ac-4b4b-9aa5-aa56f476fc21,de,German (Deutsch),mauve,mauve,Mauve,rgb,178,124,200,1,1,full,white,en,de,2.1.2,
be692482-97ac-4b4b-9aa5-aa56f476fc21,de,German (Deutsch),neonlila,neonlila,Neonlila,rgb,192,100,240,1,2,full,white,en,de,2.1.2,
be692482-97ac-4b4b-9aa5-aa56f476fc21,de,German (Deutsch),dreckigespink,dreckiges pink,Dreckiges Pink,rgb,211,153,153,1,3,full,white,en,de,2.1.2,
be692482-97ac-4b4b-9aa5-aa56f476fc21,de,German (Deutsch),magenta,magenta,Magenta,rgb,186,71,177,1,4,full,white,en,de,2.1.2,
be692482-97ac-4b4b-9aa5-aa56f476fc21,de,German (Deutsch),dunklesblaumitlilastich,dunkles blau mit lilastich,Dunkles Blau mit Lilastich,rgb,110,78,217,1,5,full,white,en,de,2.1.2,
be692482-97ac-4b4b-9aa5-aa56f476fc21,de,German (Deutsch),hellesgraublau,helles graublau,Helles graublau,rgb,208,217,232,1,6,full,white,en,de,2.1.2,
be692482-97ac-4b4b-9aa5-aa56f476fc21,de,German (Deutsch),zinnoberrot,zinnoberrot,Zinnoberrot,rgb,104,17,18,1,7,full,white,en,de,2.1.2,
be692482-97ac-4b4b-9aa5-aa56f476fc21,de,German (Deutsch),grunmitblaustich,grün mit blaustich,Grün mit Blaustich,rgb,62,140,113,1,8,full,white,en,de,2.1.2,
be692482-97ac-4b4b-9aa5-aa56f476fc21,de,German (Deutsch),rosa,rosa,Rosa,rgb,235,198,210,1,9,full,white,en,de,2.1.2,
be692482-97ac-4b4b-9aa5-aa56f476fc21,de,German (Deutsch),olive,olive,Olive,rgb,88,106,40,1,10,full,white,en,de,2.1.2,
be692482-97ac-4b4b-9aa5-aa56f476fc21,de,German (Deutsch),signalorange,signalorange,Signalorange,rgb,238,111,39,1,11,full,white,en,de,2.1.2,
be692482-97ac-4b4b-9aa5-aa56f476fc21,de,German (Deutsch),knalllila,knalllila,Knalllila,rgb,165,76,219,3,0,full,white,en,de,2.1.2,
be692482-97ac-4b4b-9aa5-aa56f476fc21,de,German (Deutsch),schwarz,schwarz,Schwarz,rgb,2,0,0,3,1,full,white,en,de,2.1.2,
be692482-97ac-4b4b-9aa5-aa56f476fc21,de,German (Deutsch),neongrun,neongrün,Neongrün,rgb,105,217,85,3,2,full,white,en,de,2.1.2,
be692482-97ac-4b4b-9aa5-aa56f476fc21,de,German (Deutsch),waldgrun,waldgrün,Waldgrün,rgb,117,172,82,3,3,full,white,en,de,2.1.2,
be692482-97ac-4b4b-9aa5-aa56f476fc21,de,German (Deutsch),dunklesgrun,dunkles grün,Dunkles Grün,rgb,48,117,53,3,4,full,white,en,de,2.1.2,
be692482-97ac-4b4b-9aa5-aa56f476fc21,de,German (Deutsch),grun,grün,Grün,rgb,77,191,112,3,5,full,white,en,de,2.1.2,
be692482-97ac-4b4b-9aa5-aa56f476fc21,de,German (Deutsch),rosarot,rosarot,Rosarot,rgb,155,65,89,3,6,full,white,en,de,2.1.2,
be692482-97ac-4b4b-9aa5-aa56f476fc21,de,German (Deutsch),turkis,türkis,Türkis,rgb,53,144,136,3,7,full,white,en,de,2.1.2,
be692482-97ac-4b4b-9aa5-aa56f476fc21,de,German (Deutsch),warmesbraun,warmes braun,Warmes Braun,rgb,129,73,41,3,8,full,white,en,de,2.1.2,
be692482-97ac-4b4b-9aa5-aa56f476fc21,de,German (Deutsch),grunbraun,grünbraun,Grünbraun,rgb,69,88,46,3,9,full,white,en,de,2.1.2,
be692482-97ac-4b4b-9aa5-aa56f476fc21,de,German (Deutsch),beige,beige,Beige,rgb,193,185,164,3,10,full,white,en,de,2.1.2,
be692482-97ac-4b4b-9aa5-aa56f476fc21,de,German (Deutsch),dunkelblau,dunkelblau,Dunkelblau,rgb,30,54,87,3,11,full,white,en,de,2.1.2,
be692482-97ac-4b4b-9aa5-aa56f476fc21,de,German (Deutsch),blaulila,blaulila,Blaulila,rgb,59,78,185,5,0,full,white,en,de,2.1.2,
be692482-97ac-4b4b-9aa5-aa56f476fc21,de,German (Deutsch),lilarot,lilarot,Lilarot,rgb,153,70,105,5,1,full,white,en,de,2.1.2,
be692482-97ac-4b4b-9aa5-aa56f476fc21,de,German (Deutsch),dreckigeslila,dreckiges lila,Dreckiges Lila,rgb,136,103,139,5,2,full,white,en,de,2.1.2,
be692482-97ac-4b4b-9aa5-aa56f476fc21,de,German (Deutsch),hellesapfelgrungelb,hellesapfelgrüngelb,HellesApfelgrüngelb,rgb,211,226,157,5,3,full,white,en,de,2.1.2,
be692482-97ac-4b4b-9aa5-aa56f476fc21,de,German (Deutsch),dunklesbraun,dunkles braun,Dunkles braun,rgb,67,56,48,5,4,full,white,en,de,2.1.2,
be692482-97ac-4b4b-9aa5-aa56f476fc21,de,German (Deutsch),braunbeige,braunbeige,Braunbeige,rgb,201,183,146,5,5,full,white,en,de,2.1.2,
be692482-97ac-4b4b-9aa5-aa56f476fc21,de,German (Deutsch),lilarot,lilarot,Lilarot,rgb,123,54,95,5,6,full,white,en,de,2.1.2,
be692482-97ac-4b4b-9aa5-aa56f476fc21,de,German (Deutsch),hellblau,hellblau,Hellblau,rgb,174,235,238,5,7,full,white,en,de,2.1.2,
be692482-97ac-4b4b-9aa5-aa56f476fc21,de,German (Deutsch),hellesbeigegelb,helles beigegelb,Helles beigegelb,rgb,253,237,167,5,8,full,white,en,de,2.1.2,
be692482-97ac-4b4b-9aa5-aa56f476fc21,de,German (Deutsch),neonpink,neonpink,Neonpink,rgb,223,74,198,5,9,full,white,en,de,2.1.2,
be692482-97ac-4b4b-9aa5-aa56f476fc21,de,German (Deutsch),dreckigeshellesgrun,dreckiges helles grün,Dreckiges helles grün,rgb,192,199,172,5,10,full,white,en,de,2.1.2,
be692482-97ac-4b4b-9aa5-aa56f476fc21,de,German (Deutsch),blau,blau,Blau,rgb,35,82,165,5,11,full,white,en,de,2.1.2,
71d9e7d5-5aa3-432c-8bde-b588d556c149,de,German (Deutsch),orange,orange,orange,rgb,215,132,82,1,0,full,white,en,de,2.1.2,
71d9e7d5-5aa3-432c-8bde-b588d556c149,de,German (Deutsch),ocker,ocker,ocker,rgb,236,190,132,1,1,full,white,en,de,2.1.2,
71d9e7d5-5aa3-432c-8bde-b588d556c149,de,German (Deutsch),dunkelblau,dunkelblau,dunkelblau,rgb,22,38,99,1,2,full,white,en,de,2.1.2,
71d9e7d5-5aa3-432c-8bde-b588d556c149,de,German (Deutsch),blassgrun,blassgrün,blassgrün,rgb,172,214,173,1,3,full,white,en,de,2.1.2,
71d9e7d5-5aa3-432c-8bde-b588d556c149,de,German (Deutsch),grun,grün,grün,rgb,171,186,103,1,4,full,white,en,de,2.1.2,
71d9e7d5-5aa3-432c-8bde-b588d556c149,de,German (Deutsch),lila,lila,lila,rgb,219,60,205,1,5,full,white,en,de,2.1.2,
71d9e7d5-5aa3-432c-8bde-b588d556c149,de,German (Deutsch),meeresblau,meeresblau,meeresblau,rgb,101,114,188,1,6,full,white,en,de,2.1.2,
71d9e7d5-5aa3-432c-8bde-b588d556c149,de,German (Deutsch),backstein,backstein,backstein,rgb,224,110,79,1,7,full,white,en,de,2.1.2,
71d9e7d5-5aa3-432c-8bde-b588d556c149,de,German (Deutsch),tannengrun,tannengrün,tannengrün,rgb,96,180,105,1,8,full,white,en,de,2.1.2,
71d9e7d5-5aa3-432c-8bde-b588d556c149,de,German (Deutsch),graublau,graublau,graublau,rgb,152,180,174,1,9,full,white,en,de,2.1.2,
71d9e7d5-5aa3-432c-8bde-b588d556c149,de,German (Deutsch),dottergelb,dottergelb,dottergelb,rgb,240,168,30,1,10,full,white,en,de,2.1.2,
71d9e7d5-5aa3-432c-8bde-b588d556c149,de,German (Deutsch),grasgrun,grasgrün,grasgrün,rgb,127,146,58,1,11,full,white,en,de,2.1.2,
71d9e7d5-5aa3-432c-8bde-b588d556c149,de,German (Deutsch),pink,pink,pink,rgb,209,77,147,3,0,full,white,en,de,2.1.2,
71d9e7d5-5aa3-432c-8bde-b588d556c149,de,German (Deutsch),graublau,graublau,graublau,rgb,77,112,118,3,1,full,white,en,de,2.1.2,
71d9e7d5-5aa3-432c-8bde-b588d556c149,de,German (Deutsch),hellgrun,hellgrün,hellgrün,rgb,90,200,77,3,2,full,white,en,de,2.1.2,
71d9e7d5-5aa3-432c-8bde-b588d556c149,de,German (Deutsch),hellgrau,hellgrau,hellgrau,rgb,182,188,207,3,3,full,white,en,de,2.1.2,
71d9e7d5-5aa3-432c-8bde-b588d556c149,de,German (Deutsch),lila,lila,lila,rgb,164,85,193,3,4,full,white,en,de,2.1.2,
71d9e7d5-5aa3-432c-8bde-b588d556c149,de,German (Deutsch),turkis,türkis,türkis,rgb,125,207,207,3,5,full,white,en,de,2.1.2,
71d9e7d5-5aa3-432c-8bde-b588d556c149,de,German (Deutsch),lila,lila,lila,rgb,150,110,195,3,6,full,white,en,de,2.1.2,
71d9e7d5-5aa3-432c-8bde-b588d556c149,de,German (Deutsch),navy,navy,navy,rgb,31,33,66,3,7,full,white,en,de,2.1.2,
71d9e7d5-5aa3-432c-8bde-b588d556c149,de,German (Deutsch),dunkelturiks,dunkeltüriks,dunkeltüriks,rgb,40,157,144,3,8,full,white,en,de,2.1.2,
71d9e7d5-5aa3-432c-8bde-b588d556c149,de,German (Deutsch),dunkelblau,dunkelblau,dunkelblau,rgb,25,39,80,3,9,full,white,en,de,2.1.2,
71d9e7d5-5aa3-432c-8bde-b588d556c149,de,German (Deutsch),sonnengelb,sonnengelb,sonnengelb,rgb,242,178,54,3,10,full,white,en,de,2.1.2,
71d9e7d5-5aa3-432c-8bde-b588d556c149,de,German (Deutsch),grau,grau,grau,rgb,99,108,123,3,11,full,white,en,de,2.1.2,
71d9e7d5-5aa3-432c-8bde-b588d556c149,de,German (Deutsch),blau,blau,blau,rgb,22,106,198,5,0,full,white,en,de,2.1.2,
71d9e7d5-5aa3-432c-8bde-b588d556c149,de,German (Deutsch),dunkelgrun,dunkelgrün,dunkelgrün,rgb,23,56,11,5,1,full,white,en,de,2.1.2,
71d9e7d5-5aa3-432c-8bde-b588d556c149,de,German (Deutsch),sonnengelb,sonnengelb,sonnengelb,rgb,239,165,73,5,2,full,white,en,de,2.1.2,
71d9e7d5-5aa3-432c-8bde-b588d556c149,de,German (Deutsch),graublau,graublau,graublau,rgb,76,89,124,5,3,full,white,en,de,2.1.2,
71d9e7d5-5aa3-432c-8bde-b588d556c149,de,German (Deutsch),gedeckteslila,gedecktes lila,gedecktes lila,rgb,161,88,140,5,4,full,white,en,de,2.1.2,
71d9e7d5-5aa3-432c-8bde-b588d556c149,de,German (Deutsch),grun,grün,grün,rgb,150,170,41,5,5,full,white,en,de,2.1.2,
71d9e7d5-5aa3-432c-8bde-b588d556c149,de,German (Deutsch),pink,pink,pink,rgb,215,56,151,5,6,full,white,en,de,2.1.2,
71d9e7d5-5aa3-432c-8bde-b588d556c149,de,German (Deutsch),braun,braun,braun,rgb,145,109,99,5,7,full,white,en,de,2.1.2,
71d9e7d5-5aa3-432c-8bde-b588d556c149,de,German (Deutsch),orangerot,orangerot,orangerot,rgb,212,66,56,5,8,full,white,en,de,2.1.2,
71d9e7d5-5aa3-432c-8bde-b588d556c149,de,German (Deutsch),feuerrot,feuerrot,feuerrot,rgb,206,25,1,5,9,full,white,en,de,2.1.2,
71d9e7d5-5aa3-432c-8bde-b588d556c149,de,German (Deutsch),lilablau,lilablau,lilablau,rgb,87,79,162,5,10,full,white,en,de,2.1.2,
71d9e7d5-5aa3-432c-8bde-b588d556c149,de,German (Deutsch),blaulila,blaulila,blaulila,rgb,175,163,250,5,11,full,white,en,de,2.1.2,
09cddb33-7a7b-4eee-a6ff-504952456d96,de,German (Deutsch),waldgrun,waldgrün,Waldgrün,p3,0.067534,0.373354,0.236913,1,0,full,white,de-DE,de,2.1.2,
09cddb33-7a7b-4eee-a6ff-504952456d96,de,German (Deutsch),dunkellila,dunkellila,Dunkellila,p3,0.298796,0.18206,0.493381,1,1,full,white,de-DE,de,2.1.2,
09cddb33-7a7b-4eee-a6ff-504952456d96,de,German (Deutsch),hellgrun,hellgrün,Hellgrün,p3,0.587429,0.865964,0.075219,1,2,full,white,de-DE,de,2.1.2,
09cddb33-7a7b-4eee-a6ff-504952456d96,de,German (Deutsch),lilablassblau,lila blassblau,Lila Blassblau,p3,0.502403,0.524313,0.785895,1,3,full,white,de-DE,de,2.1.2,
09cddb33-7a7b-4eee-a6ff-504952456d96,de,German (Deutsch),schwarz,schwarz,Schwarz,p3,0.007605,0.00551,0.011372,1,4,full,white,de-DE,de,2.1.2,
09cddb33-7a7b-4eee-a6ff-504952456d96,de,German (Deutsch),olivgrun,olivgrün,Olivgrün,p3,0.36352,0.452572,0.073016,1,5,full,white,de-DE,de,2.1.2,
09cddb33-7a7b-4eee-a6ff-504952456d96,de,German (Deutsch),rosarot,rosarot,Rosarot,p3,0.956745,0.612935,0.598804,1,6,full,white,de-DE,de,2.1.2,
09cddb33-7a7b-4eee-a6ff-504952456d96,de,German (Deutsch),grau,grau,grau,p3,0.606418,0.664938,0.662858,1,7,full,white,de-DE,de,2.1.2,
09cddb33-7a7b-4eee-a6ff-504952456d96,de,German (Deutsch),lilablau,lila blau,Lila-blau,p3,0.382927,0.336452,0.846854,1,8,full,white,de-DE,de,2.1.2,
09cddb33-7a7b-4eee-a6ff-504952456d96,de,German (Deutsch),lilarot,lila rot,Lila-Rot,p3,0.44342,0.345305,0.442371,1,9,full,white,de-DE,de,2.1.2,
09cddb33-7a7b-4eee-a6ff-504952456d96,de,German (Deutsch),grun,grün,Grün,p3,0.141832,0.559902,0.410175,1,10,full,white,de-DE,de,2.1.2,
09cddb33-7a7b-4eee-a6ff-504952456d96,de,German (Deutsch),helllila,helllila,Helllila,p3,0.794442,0.772534,0.990346,1,11,full,white,de-DE,de,2.1.2,
09cddb33-7a7b-4eee-a6ff-504952456d96,de,German (Deutsch),schwarz,schwarz,Schwarz,p3,0.023526,0.076264,0.122095,3,0,full,white,de-DE,de,2.1.2,
09cddb33-7a7b-4eee-a6ff-504952456d96,de,German (Deutsch),okker,okker,Okker,p3,0.889072,0.746636,0.403879,3,1,full,white,de-DE,de,2.1.2,
09cddb33-7a7b-4eee-a6ff-504952456d96,de,German (Deutsch),grau,grau,Grau,p3,0.464173,0.476763,0.456817,3,2,full,white,de-DE,de,2.1.2,
09cddb33-7a7b-4eee-a6ff-504952456d96,de,German (Deutsch),blau,blau,Blau,p3,0.205182,0.351837,0.600706,3,3,full,white,de-DE,de,2.1.2,
09cddb33-7a7b-4eee-a6ff-504952456d96,de,German (Deutsch),dunkelblau,dunkelblau,Dunkelblau,p3,0.112063,0.15662,0.391813,3,4,full,white,de-DE,de,2.1.2,
09cddb33-7a7b-4eee-a6ff-504952456d96,de,German (Deutsch),orange,orange,Orange,p3,0.846196,0.532599,0.296847,3,5,full,white,de-DE,de,2.1.2,
09cddb33-7a7b-4eee-a6ff-504952456d96,de,German (Deutsch),grun,grün,Grün,p3,0.299913,0.670065,0.262157,3,6,full,white,de-DE,de,2.1.2,
09cddb33-7a7b-4eee-a6ff-504952456d96,de,German (Deutsch),hellblau,hellblau,Hellblau,p3,0.160604,0.585043,0.91578,3,7,full,white,de-DE,de,2.1.2,
09cddb33-7a7b-4eee-a6ff-504952456d96,de,German (Deutsch),dunkelbraun,dunkelbraun,Dunkelbraun,p3,0.217887,0.192797,0.154677,3,8,full,white,de-DE,de,2.1.2,
09cddb33-7a7b-4eee-a6ff-504952456d96,de,German (Deutsch),knallgrun,knallgrün,Knallgrün,p3,0.424007,0.922394,0.605797,3,9,full,white,de-DE,de,2.1.2,
09cddb33-7a7b-4eee-a6ff-504952456d96,de,German (Deutsch),dunkelrot,dunkelrot,Dunkelrot,p3,0.386212,0.143223,0.19014,3,10,full,white,de-DE,de,2.1.2,
09cddb33-7a7b-4eee-a6ff-504952456d96,de,German (Deutsch),hellgrun,hellgrün,Hellgrün,p3,0.601625,0.725537,0.276658,3,11,full,white,de-DE,de,2.1.2,
09cddb33-7a7b-4eee-a6ff-504952456d96,de,German (Deutsch),pink,pink,Pink,p3,0.886212,0.396745,0.869485,5,0,full,white,de-DE,de,2.1.2,
09cddb33-7a7b-4eee-a6ff-504952456d96,de,German (Deutsch),dunkelturkis,dunkel türkis,Dunkel Türkis,p3,0.174312,0.431546,0.456822,5,1,full,white,de-DE,de,2.1.2,
09cddb33-7a7b-4eee-a6ff-504952456d96,de,German (Deutsch),hellturkis,hell türkis,Hell Türkis,p3,0.351393,0.826919,0.820648,5,2,full,white,de-DE,de,2.1.2,
09cddb33-7a7b-4eee-a6ff-504952456d96,de,German (Deutsch),turkis,türkis,Türkis,p3,0.677419,0.867482,0.850874,5,3,full,white,de-DE,de,2.1.2,
09cddb33-7a7b-4eee-a6ff-504952456d96,de,German (Deutsch),rot,rot,Rot,p3,0.812277,0.261289,0.084846,5,4,full,white,de-DE,de,2.1.2,
09cddb33-7a7b-4eee-a6ff-504952456d96,de,German (Deutsch),hellgrun,hellgrün,Hellgrün,p3,0.773897,0.936431,0.390136,5,5,full,white,de-DE,de,2.1.2,
09cddb33-7a7b-4eee-a6ff-504952456d96,de,German (Deutsch),dunkelrot,dunkelrot,Dunkelrot,p3,0.605176,0.318898,0.305407,5,6,full,white,de-DE,de,2.1.2,
09cddb33-7a7b-4eee-a6ff-504952456d96,de,German (Deutsch),lila,lila,Lila,p3,0.751343,0.237284,0.660823,5,7,full,white,de-DE,de,2.1.2,
09cddb33-7a7b-4eee-a6ff-504952456d96,de,German (Deutsch),dunkellila,dunkellila,Dunkellila,p3,0.456323,0.075469,0.472358,5,8,full,white,de-DE,de,2.1.2,
09cddb33-7a7b-4eee-a6ff-504952456d96,de,German (Deutsch),olivgrun,olivgrün,Olivgrün,p3,0.586037,0.54346,0.276045,5,9,full,white,de-DE,de,2.1.2,
09cddb33-7a7b-4eee-a6ff-504952456d96,de,German (Deutsch),rosarot,rosarot,Rosarot,p3,0.915014,0.285855,0.397834,5,10,full,white,de-DE,de,2.1.2,
09cddb33-7a7b-4eee-a6ff-504952456d96,de,German (Deutsch),blaugrun,blaugrün,Blaugrün,p3,0.327983,0.644962,0.691753,5,11,full,white,de-DE,de,2.1.2,
b7ad8b29-4182-442e-b6b5-c918b96afee4,de,German (Deutsch),turkies,türkies,Türkies,p3,0.098463,0.628863,0.774614,1,0,full,white,en,de,2.1.2,
b7ad8b29-4182-442e-b6b5-c918b96afee4,de,German (Deutsch),mint,mint,Mint,p3,0.840257,0.940644,0.909157,1,1,full,white,en,de,2.1.2,
b7ad8b29-4182-442e-b6b5-c918b96afee4,de,German (Deutsch),turkises,türkises,Türkises,p3,0.231609,0.458849,0.505565,1,2,full,white,en,de,2.1.2,
b7ad8b29-4182-442e-b6b5-c918b96afee4,de,German (Deutsch),lila,lila,Lila,p3,0.553986,0.395449,0.707127,1,3,full,white,en,de,2.1.2,
b7ad8b29-4182-442e-b6b5-c918b96afee4,de,German (Deutsch),pink,pink,Pink,p3,0.762839,0.338601,0.827064,1,4,full,white,en,de,2.1.2,
b7ad8b29-4182-442e-b6b5-c918b96afee4,de,German (Deutsch),kackgelb,kackgelb,Kackgelb,p3,0.716134,0.582373,0.254975,1,5,full,white,en,de,2.1.2,
b7ad8b29-4182-442e-b6b5-c918b96afee4,de,German (Deutsch),lila,lila,Lila,p3,0.468397,0.165071,0.621446,1,6,full,white,en,de,2.1.2,
b7ad8b29-4182-442e-b6b5-c918b96afee4,de,German (Deutsch),hellblau,hellblau,Hellblau,p3,0.518342,0.616173,0.966552,1,7,full,white,en,de,2.1.2,
b7ad8b29-4182-442e-b6b5-c918b96afee4,de,German (Deutsch),marienblau,marienblau,Marienblau,p3,0.188264,0.153379,0.966237,1,8,full,white,en,de,2.1.2,
b7ad8b29-4182-442e-b6b5-c918b96afee4,de,German (Deutsch),lila,lila,Lila,p3,0.573722,0.311491,0.937914,1,9,full,white,en,de,2.1.2,
b7ad8b29-4182-442e-b6b5-c918b96afee4,de,German (Deutsch),navy,navy,Navy,p3,0.144009,0.054881,0.375339,1,10,full,white,en,de,2.1.2,
b7ad8b29-4182-442e-b6b5-c918b96afee4,de,German (Deutsch),rot,rot,Rot,p3,0.942436,0.207864,0.113315,1,11,full,white,en,de,2.1.2,
b7ad8b29-4182-442e-b6b5-c918b96afee4,de,German (Deutsch),grasgrun,gras grün,Gras grün,p3,0.775582,0.890764,0.270914,3,0,full,white,en,de,2.1.2,
b7ad8b29-4182-442e-b6b5-c918b96afee4,de,German (Deutsch),braun,braun,Braun,p3,0.604359,0.501628,0.456952,3,1,full,white,en,de,2.1.2,
b7ad8b29-4182-442e-b6b5-c918b96afee4,de,German (Deutsch),turkises,türkises,Türkises,p3,0.335775,0.752674,0.983143,3,2,full,white,en,de,2.1.2,
b7ad8b29-4182-442e-b6b5-c918b96afee4,de,German (Deutsch),korall,korall,Korall,p3,0.986107,0.456312,0.42958,3,3,full,white,en,de,2.1.2,
b7ad8b29-4182-442e-b6b5-c918b96afee4,de,German (Deutsch),grun,grün,Grün,p3,0.424107,0.560851,0.123476,3,4,full,white,en,de,2.1.2,
b7ad8b29-4182-442e-b6b5-c918b96afee4,de,German (Deutsch),lavendel,lavendel,Lavendel,p3,0.713329,0.694614,0.818804,3,5,full,white,en,de,2.1.2,
b7ad8b29-4182-442e-b6b5-c918b96afee4,de,German (Deutsch),dunkelblau,dunkelblau,Dunkelblau,p3,0.079668,0.3439,0.505442,3,6,full,white,en,de,2.1.2,
b7ad8b29-4182-442e-b6b5-c918b96afee4,de,German (Deutsch),orange,orange,Orange,p3,0.861981,0.454412,0.131431,3,7,full,white,en,de,2.1.2,
b7ad8b29-4182-442e-b6b5-c918b96afee4,de,German (Deutsch),schwarz,schwarz,Schwarz,p3,0.08091,0.005284,0.097465,3,8,full,white,en,de,2.1.2,
b7ad8b29-4182-442e-b6b5-c918b96afee4,de,German (Deutsch),dunkelbraun,dunkelbraun,Dunkelbraun,p3,0.321182,0.207972,0.117094,3,9,full,white,en,de,2.1.2,
b7ad8b29-4182-442e-b6b5-c918b96afee4,de,German (Deutsch),blau,blau,Blau,p3,0.272505,0.339484,0.697655,3,10,full,white,en,de,2.1.2,
b7ad8b29-4182-442e-b6b5-c918b96afee4,de,German (Deutsch),beige,beige,Beige,p3,0.888474,0.712168,0.433825,3,11,full,white,en,de,2.1.2,
b7ad8b29-4182-442e-b6b5-c918b96afee4,de,German (Deutsch),graubraun,graubraun,Graubraun,p3,0.378029,0.32078,0.376323,5,0,full,white,en,de,2.1.2,
b7ad8b29-4182-442e-b6b5-c918b96afee4,de,German (Deutsch),grasgrun,grasgrün,Grasgrün,p3,0.621506,0.771815,0.399763,5,1,full,white,en,de,2.1.2,
b7ad8b29-4182-442e-b6b5-c918b96afee4,de,German (Deutsch),dunkelgrun,dunkelgrün,Dunkelgrün,p3,0.181392,0.411455,0.140965,5,2,full,white,en,de,2.1.2,
b7ad8b29-4182-442e-b6b5-c918b96afee4,de,German (Deutsch),violett,violett,Violett,p3,0.853048,0.606668,0.978484,5,3,full,white,en,de,2.1.2,
b7ad8b29-4182-442e-b6b5-c918b96afee4,de,German (Deutsch),pink,pink,Pink,p3,0.665672,0.036235,0.460135,5,4,full,white,en,de,2.1.2,
b7ad8b29-4182-442e-b6b5-c918b96afee4,de,German (Deutsch),rosa,rosa,Rosa,p3,0.927327,0.535978,0.703928,5,5,full,white,en,de,2.1.2,
b7ad8b29-4182-442e-b6b5-c918b96afee4,de,German (Deutsch),buttergelb,buttergelb,Buttergelb,p3,0.968087,0.976142,0.629783,5,6,full,white,en,de,2.1.2,
b7ad8b29-4182-442e-b6b5-c918b96afee4,de,German (Deutsch),pastellgrun,pastellgrün,Pastellgrün,p3,0.721879,0.788784,0.659088,5,7,full,white,en,de,2.1.2,
b7ad8b29-4182-442e-b6b5-c918b96afee4,de,German (Deutsch),braun,braun,Braun,p3,0.204234,0.088543,0.03433,5,8,full,white,en,de,2.1.2,
b7ad8b29-4182-442e-b6b5-c918b96afee4,de,German (Deutsch),rosarot,rosarot,Rosarot,p3,0.700384,0.331211,0.411413,5,9,full,white,en,de,2.1.2,
b7ad8b29-4182-442e-b6b5-c918b96afee4,de,German (Deutsch),blau,blau,Blau,p3,0.397242,0.454047,0.93205,5,10,full,white,en,de,2.1.2,
b7ad8b29-4182-442e-b6b5-c918b96afee4,de,German (Deutsch),grasgrun,grasgrün,Grasgrün,p3,0.368289,0.712995,0.013323,5,11,full,white,en,de,2.1.2,
5320ce98-c085-4057-8ee0-257344b3f0d8,de,German (Deutsch),grun,grün,Grün,p3,0.53248,0.969135,0.544492,1,0,full,white,en,de,2.1.2,
5320ce98-c085-4057-8ee0-257344b3f0d8,de,German (Deutsch),rot,rot,Rot,p3,0.924594,0.339881,0.132119,1,1,full,white,en,de,2.1.2,
5320ce98-c085-4057-8ee0-257344b3f0d8,de,German (Deutsch),burgunda,burgunda,Burgunda,p3,0.604891,0.210696,0.313611,1,2,full,white,en,de,2.1.2,
5320ce98-c085-4057-8ee0-257344b3f0d8,de,German (Deutsch),knallrot,knallrot,Knallrot,p3,0.870805,0.165777,0.304687,1,3,full,white,en,de,2.1.2,
5320ce98-c085-4057-8ee0-257344b3f0d8,de,German (Deutsch),lila,lila,Lila,p3,0.440086,0.220412,0.999375,1,4,full,white,en,de,2.1.2,
5320ce98-c085-4057-8ee0-257344b3f0d8,de,German (Deutsch),dunkellila,dunkel lila,Dunkel lila,p3,0.481171,0.352243,0.512722,1,5,full,white,en,de,2.1.2,
5320ce98-c085-4057-8ee0-257344b3f0d8,de,German (Deutsch),senfoderorange,senf oder orange,Senf oder Orange,p3,0.839308,0.631423,0.132466,1,6,full,white,en,de,2.1.2,
5320ce98-c085-4057-8ee0-257344b3f0d8,de,German (Deutsch),grun,grün,Grün,p3,0.41927,0.472819,0.434987,1,7,full,white,en,de,2.1.2,
5320ce98-c085-4057-8ee0-257344b3f0d8,de,German (Deutsch),braun,braun,Braun,p3,0.684039,0.486564,0.421788,1,8,full,white,en,de,2.1.2,
5320ce98-c085-4057-8ee0-257344b3f0d8,de,German (Deutsch),pink,pink,Pink,p3,0.932419,0.555393,0.966709,1,9,full,white,en,de,2.1.2,
5320ce98-c085-4057-8ee0-257344b3f0d8,de,German (Deutsch),blau,blau,Blau,p3,0.145953,0.667907,0.872312,1,10,full,white,en,de,2.1.2,
5320ce98-c085-4057-8ee0-257344b3f0d8,de,German (Deutsch),lila,lila,Lila,p3,0.543358,0.373038,0.845627,1,11,full,white,en,de,2.1.2,
ad80073d-aec2-4e1b-9da2-e910c20f7934,de,German (Deutsch),lila,lila,Lila,p3,0.244531,0.155098,0.308683,1,0,full,white,en,de,2.1.2,
ad80073d-aec2-4e1b-9da2-e910c20f7934,de,German (Deutsch),hellgrun,hellgrün,Hellgrün,p3,0.595556,0.883977,0.66818,1,1,full,white,en,de,2.1.2,
ad80073d-aec2-4e1b-9da2-e910c20f7934,de,German (Deutsch),dunkelrot,dunkelrot,Dunkelrot,p3,0.470586,0.105207,0.149792,1,2,full,white,en,de,2.1.2,
ad80073d-aec2-4e1b-9da2-e910c20f7934,de,German (Deutsch),pink,pink,Pink,p3,0.980108,0.461374,0.913148,1,3,full,white,en,de,2.1.2,
ad80073d-aec2-4e1b-9da2-e910c20f7934,de,German (Deutsch),mittelblau,mittelblau,Mittelblau,p3,0.275861,0.386532,0.949767,1,4,full,white,en,de,2.1.2,
ad80073d-aec2-4e1b-9da2-e910c20f7934,de,German (Deutsch),violett,violett,Violett,p3,0.605256,0.342234,0.83704,1,5,full,white,en,de,2.1.2,
ad80073d-aec2-4e1b-9da2-e910c20f7934,de,German (Deutsch),goldgelb,goldgelb,Goldgelb,p3,0.937599,0.853637,0.167067,1,6,full,white,en,de,2.1.2,
ad80073d-aec2-4e1b-9da2-e910c20f7934,de,German (Deutsch),turkis,türkis,Türkis,p3,0.114332,0.95008,0.871613,1,8,full,white,en,de,2.1.2,
ad80073d-aec2-4e1b-9da2-e910c20f7934,de,German (Deutsch),fuchsia,fuchsia,Fuchsia,p3,0.713004,0.174827,0.50786,1,9,full,white,en,de,2.1.2,
ad80073d-aec2-4e1b-9da2-e910c20f7934,de,German (Deutsch),blattgrun,blattgrün,Blattgrün,p3,0.377448,0.564767,0.313504,1,10,full,white,en,de,2.1.2,
ad80073d-aec2-4e1b-9da2-e910c20f7934,de,German (Deutsch),graubraun,graubraun,Graubraun,p3,0.279653,0.254637,0.087485,1,11,full,white,en,de,2.1.2,
ad80073d-aec2-4e1b-9da2-e910c20f7934,de,German (Deutsch),mittelgrun,mittelgrün,Mittelgrün,p3,0.555448,0.697814,0.527638,3,0,full,white,en,de,2.1.2,
ad80073d-aec2-4e1b-9da2-e910c20f7934,de,German (Deutsch),lilablassblau,lilablassblau,Lilablassblau,p3,0.355878,0.302484,0.709873,3,1,full,white,en,de,2.1.2,
ad80073d-aec2-4e1b-9da2-e910c20f7934,de,German (Deutsch),gelbgrun,gelbgrün,Gelbgrün,p3,0.727143,0.710228,0.23704,3,2,full,white,en,de,2.1.2,
ad80073d-aec2-4e1b-9da2-e910c20f7934,de,German (Deutsch),pfirsichorange,pfirsichorange,Pfirsichorange,p3,0.989255,0.73882,0.630973,3,3,full,white,en,de,2.1.2,
ad80073d-aec2-4e1b-9da2-e910c20f7934,de,German (Deutsch),hellblau,hellblau,Hellblau,p3,0.474736,0.67253,0.874321,3,4,full,white,en,de,2.1.2,
ad80073d-aec2-4e1b-9da2-e910c20f7934,de,German (Deutsch),blaugrun,blaugrün,Blaugrün,p3,0.09737,0.611582,0.586924,3,5,full,white,en,de,2.1.2,
ad80073d-aec2-4e1b-9da2-e910c20f7934,de,German (Deutsch),schwarz,schwarz,Schwarz,p3,0.032417,0.086437,0.067443,3,6,full,white,en,de,2.1.2,
ad80073d-aec2-4e1b-9da2-e910c20f7934,de,German (Deutsch),braun,braun,Braun,p3,0.622023,0.302353,0.144472,3,7,full,white,en,de,2.1.2,
ad80073d-aec2-4e1b-9da2-e910c20f7934,de,German (Deutsch),pink,pink,Pink,p3,0.999441,0.119099,0.744016,3,8,full,white,en,de,2.1.2,
ad80073d-aec2-4e1b-9da2-e910c20f7934,de,German (Deutsch),grun,grün,Grün,p3,0.096568,0.490123,0.004706,3,9,full,white,en,de,2.1.2,
ad80073d-aec2-4e1b-9da2-e910c20f7934,de,German (Deutsch),lila,lila,Lila,p3,0.373113,0.184768,0.528496,3,10,full,white,en,de,2.1.2,
ad80073d-aec2-4e1b-9da2-e910c20f7934,de,German (Deutsch),altrosa,altrosa,Altrosa,p3,0.786189,0.480236,0.696779,3,11,full,white,en,de,2.1.2,
ad80073d-aec2-4e1b-9da2-e910c20f7934,de,German (Deutsch),khaki,khaki,Khaki,p3,0.466016,0.425728,0.198474,5,0,full,white,en,de,2.1.2,
ad80073d-aec2-4e1b-9da2-e910c20f7934,de,German (Deutsch),violett,violett,Violett,p3,0.821918,0.63683,0.944084,5,1,full,white,en,de,2.1.2,
ad80073d-aec2-4e1b-9da2-e910c20f7934,de,German (Deutsch),dunkelbraun,dunkelbraun,Dunkelbraun,p3,0.295365,0.100246,0.014347,5,2,full,white,en,de,2.1.2,
ad80073d-aec2-4e1b-9da2-e910c20f7934,de,German (Deutsch),graugrun,graugrün,Graugrün,p3,0.253131,0.336401,0.348325,5,3,full,white,en,de,2.1.2,
ad80073d-aec2-4e1b-9da2-e910c20f7934,de,German (Deutsch),schwarz,schwarz,Schwarz,p3,0.079209,0.000706,0.021984,5,4,full,white,en,de,2.1.2,
ad80073d-aec2-4e1b-9da2-e910c20f7934,de,German (Deutsch),himmelblau,himmelblau,Himmelblau,p3,0.717179,0.829504,0.912119,5,5,full,white,en,de,2.1.2,
ad80073d-aec2-4e1b-9da2-e910c20f7934,de,German (Deutsch),grungrau,grüngrau,Grüngrau,p3,0.530646,0.561377,0.541784,5,6,full,white,en,de,2.1.2,
ad80073d-aec2-4e1b-9da2-e910c20f7934,de,German (Deutsch),froschgrun,froschgrün,Froschgrün,p3,0.303808,0.713548,0.211333,5,7,full,white,en,de,2.1.2,
ad80073d-aec2-4e1b-9da2-e910c20f7934,de,German (Deutsch),lachsrosa,lachsrosa,Lachsrosa,p3,0.887345,0.598492,0.611699,5,8,full,white,en,de,2.1.2,
ad80073d-aec2-4e1b-9da2-e910c20f7934,de,German (Deutsch),blaugrun,blaugrün,Blaugrün,p3,0.189681,0.477226,0.463109,5,9,full,white,en,de,2.1.2,
ad80073d-aec2-4e1b-9da2-e910c20f7934,de,German (Deutsch),rot,rot,Rot,p3,0.888048,0.339404,0.384805,5,10,full,white,en,de,2.1.2,
ad80073d-aec2-4e1b-9da2-e910c20f7934,de,German (Deutsch),lila,lila,Lila,p3,0.450538,0.298413,0.391165,5,11,full,white,en,de,2.1.2,
b6ecc372-33b5-495b-869d-456326bf53cd,de,German (Deutsch),orange,orange,Orange,rgb,253,116,61,1,0,full,white,en,de,2.1.2,
b6ecc372-33b5-495b-869d-456326bf53cd,de,German (Deutsch),lilablassblau,lila blassblau,Lila-blassblau,rgb,131,166,239,1,1,full,white,en,de,2.1.2,
b6ecc372-33b5-495b-869d-456326bf53cd,de,German (Deutsch),navy,navy,Navy,rgb,18,46,61,1,2,full,white,en,de,2.1.2,
b6ecc372-33b5-495b-869d-456326bf53cd,de,German (Deutsch),kahki,kahki,Kahki,rgb,87,124,32,1,3,full,white,en,de,2.1.2,
b6ecc372-33b5-495b-869d-456326bf53cd,de,German (Deutsch),hellblau,hellblau,hellblau,rgb,145,208,208,1,4,full,white,en,de,2.1.2,
b6ecc372-33b5-495b-869d-456326bf53cd,de,German (Deutsch),rostrot,rostrot,Rostrot,rgb,161,81,69,1,5,full,white,en,de,2.1.2,
b6ecc372-33b5-495b-869d-456326bf53cd,de,German (Deutsch),mintgrun,mintgrün,mintgrün,rgb,140,211,154,1,6,full,white,en,de,2.1.2,
b6ecc372-33b5-495b-869d-456326bf53cd,de,German (Deutsch),limette,limette,Limette,rgb,189,229,108,1,7,full,white,en,de,2.1.2,
b6ecc372-33b5-495b-869d-456326bf53cd,de,German (Deutsch),militargrun,militär grün,Militär-grün,rgb,99,111,70,1,8,full,white,en,de,2.1.2,
b6ecc372-33b5-495b-869d-456326bf53cd,de,German (Deutsch),weinrot,weinrot,Weinrot,rgb,159,54,82,1,9,full,white,en,de,2.1.2,
b6ecc372-33b5-495b-869d-456326bf53cd,de,German (Deutsch),grun,grün,grün,rgb,77,123,81,1,10,full,white,en,de,2.1.2,
b6ecc372-33b5-495b-869d-456326bf53cd,de,German (Deutsch),turkis,türkis,Türkis,rgb,41,183,171,1,11,full,white,en,de,2.1.2,
b6ecc372-33b5-495b-869d-456326bf53cd,de,German (Deutsch),dunkelpink,dunkelpink,dunkelpink,rgb,213,82,163,3,0,full,white,en,de,2.1.2,
b6ecc372-33b5-495b-869d-456326bf53cd,de,German (Deutsch),pink,pink,pink,rgb,226,62,181,3,1,full,white,en,de,2.1.2,
b6ecc372-33b5-495b-869d-456326bf53cd,de,German (Deutsch),grun,grün,grün,rgb,71,99,32,3,2,full,white,en,de,2.1.2,
b6ecc372-33b5-495b-869d-456326bf53cd,de,German (Deutsch),dunkelbraun,dunkelbraun,dunkelbraun,rgb,83,48,45,3,3,full,white,en,de,2.1.2,
b6ecc372-33b5-495b-869d-456326bf53cd,de,German (Deutsch),grun,grün,grün,rgb,168,206,108,3,4,full,white,en,de,2.1.2,
b6ecc372-33b5-495b-869d-456326bf53cd,de,German (Deutsch),blau,blau,blau,rgb,117,185,231,3,5,full,white,en,de,2.1.2,
b6ecc372-33b5-495b-869d-456326bf53cd,de,German (Deutsch),patelllila,patelllila,Patelllila,rgb,242,200,252,3,6,full,white,en,de,2.1.2,
b6ecc372-33b5-495b-869d-456326bf53cd,de,German (Deutsch),marineblau,marineblau,marineblau,rgb,21,112,115,3,7,full,white,en,de,2.1.2,
b6ecc372-33b5-495b-869d-456326bf53cd,de,German (Deutsch),braun,braun,braun,rgb,144,95,58,3,8,full,white,en,de,2.1.2,
b6ecc372-33b5-495b-869d-456326bf53cd,de,German (Deutsch),mintblau,mintblau,mintblau,rgb,194,244,227,3,9,full,white,en,de,2.1.2,
b6ecc372-33b5-495b-869d-456326bf53cd,de,German (Deutsch),rosarot,rosarot,rosarot,rgb,176,32,82,3,10,full,white,en,de,2.1.2,
b6ecc372-33b5-495b-869d-456326bf53cd,de,German (Deutsch),lilablau,lilablau,lilablau,rgb,60,45,206,3,11,full,white,en,de,2.1.2,
b6ecc372-33b5-495b-869d-456326bf53cd,de,German (Deutsch),lila,lila,lila,rgb,170,99,158,5,0,full,white,en,de,2.1.2,
b6ecc372-33b5-495b-869d-456326bf53cd,de,German (Deutsch),grau,grau,grau,rgb,83,82,66,5,1,full,white,en,de,2.1.2,
b6ecc372-33b5-495b-869d-456326bf53cd,de,German (Deutsch),gelb,gelb,gelb,rgb,201,179,29,5,2,full,white,en,de,2.1.2,
b6ecc372-33b5-495b-869d-456326bf53cd,de,German (Deutsch),schwarz,schwarz,schwarz,rgb,0,1,12,5,3,full,white,en,de,2.1.2,
b6ecc372-33b5-495b-869d-456326bf53cd,de,German (Deutsch),braun,braun,braun,rgb,143,133,76,5,4,full,white,en,de,2.1.2,
b6ecc372-33b5-495b-869d-456326bf53cd,de,German (Deutsch),marineblau,marineblau,marineblau,rgb,35,49,217,5,5,full,white,en,de,2.1.2,
b6ecc372-33b5-495b-869d-456326bf53cd,de,German (Deutsch),dunkellila,dunkellila,Dunkellila,rgb,101,38,152,5,6,full,white,en,de,2.1.2,
b6ecc372-33b5-495b-869d-456326bf53cd,de,German (Deutsch),blasslila,blasslila,Blasslila,rgb,134,125,198,5,7,full,white,en,de,2.1.2,
b6ecc372-33b5-495b-869d-456326bf53cd,de,German (Deutsch),turkisgrun,türkisgrün,türkisgrün,rgb,136,184,158,5,8,full,white,en,de,2.1.2,
b6ecc372-33b5-495b-869d-456326bf53cd,de,German (Deutsch),lila,lila,lila,rgb,134,71,209,5,9,full,white,en,de,2.1.2,
b6ecc372-33b5-495b-869d-456326bf53cd,de,German (Deutsch),graubraun,graubraun,graubraun,rgb,143,121,92,5,10,full,white,en,de,2.1.2,
b6ecc372-33b5-495b-869d-456326bf53cd,de,German (Deutsch),orangerot,orange rot,Orange-rot,rgb,170,44,28,5,11,full,white,en,de,2.1.2,
e4ce4f92-7f58-4241-b4b6-004842e2112e,de,German (Deutsch),turkies,türkies,Türkies,rgb,49,248,187,1,0,full,white,en,en,2.1.2,
e4ce4f92-7f58-4241-b4b6-004842e2112e,de,German (Deutsch),dunkelrosa,dunkelrosa,Dunkelrosa,rgb,197,121,178,1,1,full,white,en,en,2.1.2,
e4ce4f92-7f58-4241-b4b6-004842e2112e,de,German (Deutsch),hellblau,hellblau,Hellblau,rgb,128,170,232,1,2,full,white,en,en,2.1.2,
e4ce4f92-7f58-4241-b4b6-004842e2112e,de,German (Deutsch),rosa,rosa,Rosa,rgb,247,177,242,1,3,full,white,en,en,2.1.2,
e4ce4f92-7f58-4241-b4b6-004842e2112e,de,German (Deutsch),lila,lila,Lila,rgb,134,43,131,1,4,full,white,en,en,2.1.2,
e4ce4f92-7f58-4241-b4b6-004842e2112e,de,German (Deutsch),dunkelbraun,dunkelbraun,Dunkelbraun,rgb,83,31,29,1,5,full,white,en,en,2.1.2,
e4ce4f92-7f58-4241-b4b6-004842e2112e,de,German (Deutsch),rot,rot,Rot,rgb,217,52,73,1,6,full,white,en,en,2.1.2,
e4ce4f92-7f58-4241-b4b6-004842e2112e,de,German (Deutsch),waldgrun,waldgrün,Waldgrün,rgb,76,150,83,1,7,full,white,en,en,2.1.2,
e4ce4f92-7f58-4241-b4b6-004842e2112e,de,German (Deutsch),pastellblai,pastellblai,Pastellblai,rgb,158,241,235,1,8,full,white,en,en,2.1.2,
e4ce4f92-7f58-4241-b4b6-004842e2112e,de,German (Deutsch),grau,grau,Grau,rgb,114,118,131,1,9,full,white,en,en,2.1.2,
e4ce4f92-7f58-4241-b4b6-004842e2112e,de,German (Deutsch),pink,pink,Pink,rgb,230,80,247,1,10,full,white,en,en,2.1.2,
e4ce4f92-7f58-4241-b4b6-004842e2112e,de,German (Deutsch),hellgrun,hellgrün,Hellgrün,rgb,84,214,77,1,11,full,white,en,en,2.1.2,
e4ce4f92-7f58-4241-b4b6-004842e2112e,de,German (Deutsch),gelb,gelb,Gelb,rgb,215,169,19,3,0,full,white,en,en,2.1.2,
e4ce4f92-7f58-4241-b4b6-004842e2112e,de,German (Deutsch),graugrun,graugrün,Graugrün,rgb,141,148,86,3,1,full,white,en,en,2.1.2,
e4ce4f92-7f58-4241-b4b6-004842e2112e,de,German (Deutsch),neonpink,neonpink,NeonPink,rgb,234,66,237,3,2,full,white,en,en,2.1.2,
e4ce4f92-7f58-4241-b4b6-004842e2112e,de,German (Deutsch),rosa,rosa,Rosa,rgb,201,114,151,3,3,full,white,en,en,2.1.2,
e4ce4f92-7f58-4241-b4b6-004842e2112e,de,German (Deutsch),pastellrosa,pastellrosa,Pastellrosa,rgb,225,170,227,3,4,full,white,en,en,2.1.2,
e4ce4f92-7f58-4241-b4b6-004842e2112e,de,German (Deutsch),pink,pink,Pink,rgb,228,60,212,3,5,full,white,en,en,2.1.2,
e4ce4f92-7f58-4241-b4b6-004842e2112e,de,German (Deutsch),lila,lila,Lila,rgb,167,5,198,3,6,full,white,en,en,2.1.2,
e4ce4f92-7f58-4241-b4b6-004842e2112e,de,German (Deutsch),pastelllila,pastelllila,Pastelllila,rgb,178,181,226,3,7,full,white,en,en,2.1.2,
e4ce4f92-7f58-4241-b4b6-004842e2112e,de,German (Deutsch),dunkelblau,dunkelblau,Dunkelblau,rgb,33,38,139,3,8,full,white,en,en,2.1.2,
e4ce4f92-7f58-4241-b4b6-004842e2112e,de,German (Deutsch),erdfarben,erdfarben,Erdfarben,rgb,199,170,81,3,9,full,white,en,en,2.1.2,
e4ce4f92-7f58-4241-b4b6-004842e2112e,de,German (Deutsch),olivgrun,olivgrün,Olivgrün,rgb,123,120,3,3,10,full,white,en,en,2.1.2,
e4ce4f92-7f58-4241-b4b6-004842e2112e,de,German (Deutsch),dunkelrot,dunkelrot,Dunkelrot,rgb,126,25,34,3,11,full,white,en,en,2.1.2,
e4ce4f92-7f58-4241-b4b6-004842e2112e,de,German (Deutsch),dunkelgraublau,dunkelgraublau,Dunkelgraublau,rgb,121,111,170,5,0,full,white,en,en,2.1.2,
e4ce4f92-7f58-4241-b4b6-004842e2112e,de,German (Deutsch),pissgelb,pissgelb,Pissgelb,rgb,203,231,62,5,1,full,white,en,en,2.1.2,
e4ce4f92-7f58-4241-b4b6-004842e2112e,de,German (Deutsch),dunkelpink,dunkelpink,Dunkelpink,rgb,191,69,223,5,2,full,white,en,en,2.1.2,
e4ce4f92-7f58-4241-b4b6-004842e2112e,de,German (Deutsch),pastellblau,pastellblau,Pastellblau,rgb,150,172,250,5,3,full,white,en,en,2.1.2,
e4ce4f92-7f58-4241-b4b6-004842e2112e,de,German (Deutsch),leichtblau,leichtblau,Leichtblau,rgb,116,141,255,5,4,full,white,en,en,2.1.2,
e4ce4f92-7f58-4241-b4b6-004842e2112e,de,German (Deutsch),lila,lila,Lila,rgb,157,102,238,5,5,full,white,en,en,2.1.2,
e4ce4f92-7f58-4241-b4b6-004842e2112e,de,German (Deutsch),hellblau,hellblau,Hellblau,rgb,146,195,252,5,6,full,white,en,en,2.1.2,
e4ce4f92-7f58-4241-b4b6-004842e2112e,de,German (Deutsch),rosa,rosa,Rosa,rgb,222,147,193,5,7,full,white,en,en,2.1.2,
e4ce4f92-7f58-4241-b4b6-004842e2112e,de,German (Deutsch),lila,lila,Lila,rgb,131,44,212,5,8,full,white,en,en,2.1.2,
e4ce4f92-7f58-4241-b4b6-004842e2112e,de,German (Deutsch),dunkelblau,dunkelblau,Dunkelblau,rgb,16,48,141,5,9,full,white,en,en,2.1.2,
e4ce4f92-7f58-4241-b4b6-004842e2112e,de,German (Deutsch),weinrot,weinrot,Weinrot,rgb,112,51,99,5,10,full,white,en,en,2.1.2,
e4ce4f92-7f58-4241-b4b6-004842e2112e,de,German (Deutsch),dunkellila,dunkellila,Dunkellila,rgb,106,81,134,5,11,full,white,en,en,2.1.2,
384b0e42-e146-4a34-a969-5d297176436b,de,German (Deutsch),rosa,rosa,Rosa,rgb,215,91,190,1,0,full,white,en,en,2.1.2,
384b0e42-e146-4a34-a969-5d297176436b,de,German (Deutsch),schwarz,schwarz,Schwarz,rgb,13,9,34,1,1,full,white,en,en,2.1.2,
384b0e42-e146-4a34-a969-5d297176436b,de,German (Deutsch),braun,braun,Braun,rgb,69,18,19,1,2,full,white,en,en,2.1.2,
384b0e42-e146-4a34-a969-5d297176436b,de,German (Deutsch),pink,pink,Pink,rgb,251,48,218,1,3,full,white,en,en,2.1.2,
384b0e42-e146-4a34-a969-5d297176436b,de,German (Deutsch),turkis,türkis,Türkis,rgb,112,233,203,1,4,full,white,en,en,2.1.2,
384b0e42-e146-4a34-a969-5d297176436b,de,German (Deutsch),dunkelblau,dunkelblau,Dunkelblau,rgb,55,81,224,1,5,full,white,en,en,2.1.2,
384b0e42-e146-4a34-a969-5d297176436b,de,German (Deutsch),ocker,ocker,Ocker,rgb,183,151,24,1,6,full,white,en,en,2.1.2,
384b0e42-e146-4a34-a969-5d297176436b,de,German (Deutsch),dunkelgrun,dunkelgrün,Dunkelgrün,rgb,44,79,8,1,7,full,white,en,en,2.1.2,
384b0e42-e146-4a34-a969-5d297176436b,de,German (Deutsch),hellblau,hellblau,Hellblau,rgb,98,227,252,1,8,full,white,en,en,2.1.2,
384b0e42-e146-4a34-a969-5d297176436b,de,German (Deutsch),grau,grau,Grau,rgb,181,170,159,1,9,full,white,en,en,2.1.2,
384b0e42-e146-4a34-a969-5d297176436b,de,German (Deutsch),ziegel,ziegel,Ziegel,rgb,181,91,75,1,10,full,white,en,en,2.1.2,
384b0e42-e146-4a34-a969-5d297176436b,de,German (Deutsch),grun,grün,Grün,rgb,43,133,83,1,11,full,white,en,en,2.1.2,
384b0e42-e146-4a34-a969-5d297176436b,de,German (Deutsch),grun,grün,Grün,rgb,118,228,85,3,0,full,white,en,en,2.1.2,
384b0e42-e146-4a34-a969-5d297176436b,de,German (Deutsch),dunkelgrau,dunkelgrau,Dunkelgrau,rgb,102,106,106,3,1,full,white,en,en,2.1.2,
384b0e42-e146-4a34-a969-5d297176436b,de,German (Deutsch),gelbbraun,gelb braun,Gelb-braun,rgb,185,190,99,3,2,full,white,en,en,2.1.2,
384b0e42-e146-4a34-a969-5d297176436b,de,German (Deutsch),lachs,lachs,Lachs,rgb,254,131,80,3,3,full,white,en,en,2.1.2,
384b0e42-e146-4a34-a969-5d297176436b,de,German (Deutsch),rot,rot,Rot,rgb,206,54,55,3,4,full,white,en,en,2.1.2,
384b0e42-e146-4a34-a969-5d297176436b,de,German (Deutsch),magenta,magenta,Magenta,rgb,167,92,105,3,5,full,white,en,en,2.1.2,
384b0e42-e146-4a34-a969-5d297176436b,de,German (Deutsch),rosa,rosa,Rosa,rgb,239,129,253,3,6,full,white,en,en,2.1.2,
384b0e42-e146-4a34-a969-5d297176436b,de,German (Deutsch),ocker,ocker,Ocker,rgb,191,138,5,3,7,full,white,en,en,2.1.2,
384b0e42-e146-4a34-a969-5d297176436b,de,German (Deutsch),wiesengrun,wiesengrün,Wiesengrün,rgb,134,188,50,3,8,full,white,en,en,2.1.2,
384b0e42-e146-4a34-a969-5d297176436b,de,German (Deutsch),weinrot,weinrot,Weinrot,rgb,98,43,68,3,9,full,white,en,en,2.1.2,
384b0e42-e146-4a34-a969-5d297176436b,de,German (Deutsch),hellgrun,hellgrün,Hellgrün,rgb,166,240,171,3,10,full,white,en,en,2.1.2,
384b0e42-e146-4a34-a969-5d297176436b,de,German (Deutsch),beigegelb,beige gelb,Beige-gelb,rgb,238,236,111,3,11,full,white,en,en,2.1.2,
384b0e42-e146-4a34-a969-5d297176436b,de,German (Deutsch),lilablau,lila blau,Lila-Blau,rgb,86,66,213,5,0,full,white,en,en,2.1.2,
384b0e42-e146-4a34-a969-5d297176436b,de,German (Deutsch),blau,blau,Blau,rgb,69,106,218,5,1,full,white,en,en,2.1.2,
384b0e42-e146-4a34-a969-5d297176436b,de,German (Deutsch),braun,braun,Braun,rgb,122,53,48,5,2,full,white,en,en,2.1.2,
384b0e42-e146-4a34-a969-5d297176436b,de,German (Deutsch),violett,violett,Violett,rgb,91,39,140,5,3,full,white,en,en,2.1.2,
384b0e42-e146-4a34-a969-5d297176436b,de,German (Deutsch),rosa,rosa,Rosa,rgb,214,112,141,5,4,full,white,en,en,2.1.2,
384b0e42-e146-4a34-a969-5d297176436b,de,German (Deutsch),flieder,flieder,Flieder,rgb,141,102,222,5,5,full,white,en,en,2.1.2,
384b0e42-e146-4a34-a969-5d297176436b,de,German (Deutsch),lila,lila,Lila,rgb,101,50,246,5,6,full,white,en,en,2.1.2,
384b0e42-e146-4a34-a969-5d297176436b,de,German (Deutsch),weinrot,weinrot,Weinrot,rgb,95,6,49,5,7,full,white,en,en,2.1.2,
384b0e42-e146-4a34-a969-5d297176436b,de,German (Deutsch),hellblau,hellblau,Hellblau,rgb,85,160,201,5,8,full,white,en,en,2.1.2,
384b0e42-e146-4a34-a969-5d297176436b,de,German (Deutsch),dunkelblau,dunkelblau,Dunkelblau,rgb,2,72,150,5,9,full,white,en,en,2.1.2,
384b0e42-e146-4a34-a969-5d297176436b,de,German (Deutsch),grau,grau,Grau,rgb,119,104,124,5,10,full,white,en,en,2.1.2,
384b0e42-e146-4a34-a969-5d297176436b,de,German (Deutsch),rot,rot,Rot,rgb,250,48,92,5,11,full,white,en,en,2.1.2,
b048b251-5e27-42f5-9c29-4379ac4aa814,de,German (Deutsch),neongrun,neongrün,neongrün,p3,0,1,0.352015,1,0,line,black,en,de,2.1.2,
b048b251-5e27-42f5-9c29-4379ac4aa814,de,German (Deutsch),hellblau,hellblau,hellblau,p3,0,0.878212,1,1,1,line,black,en,de,2.1.2,
b048b251-5e27-42f5-9c29-4379ac4aa814,de,German (Deutsch),neongelb,neongelb,neongelb,p3,0.831536,1,0,1,2,line,black,en,de,2.1.2,
b048b251-5e27-42f5-9c29-4379ac4aa814,de,German (Deutsch),pink,pink,pink,p3,1,0,0.567435,1,3,line,black,en,de,2.1.2,
b048b251-5e27-42f5-9c29-4379ac4aa814,de,German (Deutsch),lila,lila,lila,p3,0.865275,0,1,1,4,line,black,en,de,2.1.2,
b048b251-5e27-42f5-9c29-4379ac4aa814,de,German (Deutsch),violett,violett,violett,p3,0.256809,0,1,1,5,line,black,en,de,2.1.2,
b048b251-5e27-42f5-9c29-4379ac4aa814,de,German (Deutsch),sonnengelb,sonnengelb,sonnengelb,p3,1,0.882527,0,1,6,line,black,en,de,2.1.2,
b048b251-5e27-42f5-9c29-4379ac4aa814,de,German (Deutsch),rot,rot,rot,p3,1,0,0.086438,1,7,line,black,en,de,2.1.2,
b048b251-5e27-42f5-9c29-4379ac4aa814,de,German (Deutsch),dunkelblau,dunkelblau,dunkelblau,p3,0,0.225155,1,1,8,line,black,en,de,2.1.2,
b048b251-5e27-42f5-9c29-4379ac4aa814,de,German (Deutsch),gelb,gelb,gelb,p3,0.99169,1,0,1,9,line,black,en,de,2.1.2,
b048b251-5e27-42f5-9c29-4379ac4aa814,de,German (Deutsch),orange,orange,orange,p3,1,0.712204,0,1,10,line,black,en,de,2.1.2,
b048b251-5e27-42f5-9c29-4379ac4aa814,de,German (Deutsch),grasgrun,grasgrün,grasgrün,p3,0.361035,1,0,1,11,line,black,en,de,2.1.2,
b048b251-5e27-42f5-9c29-4379ac4aa814,de,German (Deutsch),turkis,türkis,Türkis,p3,0,1,0.841506,3,0,line,black,en,de,2.1.2,
b048b251-5e27-42f5-9c29-4379ac4aa814,de,German (Deutsch),rot,rot,Rot,p3,1,0.276842,0,3,2,line,black,en,de,2.1.2,
b048b251-5e27-42f5-9c29-4379ac4aa814,de,German (Deutsch),violett,violett,Violett,p3,0.316471,0,1,3,3,line,black,en,de,2.1.2,
b048b251-5e27-42f5-9c29-4379ac4aa814,de,German (Deutsch),violett,violett,Violett,p3,0.527492,0,1,3,4,line,black,en,de,2.1.2,
b048b251-5e27-42f5-9c29-4379ac4aa814,de,German (Deutsch),orange,orange,Orange,p3,1,0.450219,0,3,5,line,black,en,de,2.1.2,
b048b251-5e27-42f5-9c29-4379ac4aa814,de,German (Deutsch),pinkrot,pinkrot,Pinkrot,p3,1,0,0.435624,3,6,line,black,en,de,2.1.2,
b048b251-5e27-42f5-9c29-4379ac4aa814,de,German (Deutsch),magenta,magenta,Magenta,p3,1,0,0.877247,3,7,line,black,en,de,2.1.2,
b048b251-5e27-42f5-9c29-4379ac4aa814,de,German (Deutsch),dunkelorange,dunkelorange,Dunkelorange,p3,1,0.331519,0,3,8,line,black,en,de,2.1.2,
b048b251-5e27-42f5-9c29-4379ac4aa814,de,German (Deutsch),dunkelgelb,dunkelgelb,Dunkelgelb,p3,1,0.851513,0,3,10,line,black,en,de,2.1.2,
b048b251-5e27-42f5-9c29-4379ac4aa814,de,German (Deutsch),pink,pink,pink,p3,0.967831,0,1,3,11,line,black,en,de,2.1.2,
b048b251-5e27-42f5-9c29-4379ac4aa814,de,German (Deutsch),violett,violett,Violett,p3,0.609377,0,1,5,0,line,black,en,de,2.1.2,
b048b251-5e27-42f5-9c29-4379ac4aa814,de,German (Deutsch),himmelblau,himmelblau,himmelblau,p3,0,0.802663,1,5,1,line,black,en,de,2.1.2,
b048b251-5e27-42f5-9c29-4379ac4aa814,de,German (Deutsch),hellgrun,hellgrün,Hellgrün,p3,0.635409,1,0,5,2,line,black,en,de,2.1.2,
b048b251-5e27-42f5-9c29-4379ac4aa814,de,German (Deutsch),neonpink,neonpink,Neonpink,p3,1,0,0.760893,5,3,line,black,en,de,2.1.2,
b048b251-5e27-42f5-9c29-4379ac4aa814,de,German (Deutsch),lila,lila,Lila,p3,0.73806,0,1,5,4,line,black,en,de,2.1.2,
b048b251-5e27-42f5-9c29-4379ac4aa814,de,German (Deutsch),turkis,türkis,Türkis,p3,0,0.986168,1,5,5,line,black,en,de,2.1.2,
b048b251-5e27-42f5-9c29-4379ac4aa814,de,German (Deutsch),hellblau,hellblau,hellblau,p3,0,0.690148,1,5,6,line,black,en,de,2.1.2,
b048b251-5e27-42f5-9c29-4379ac4aa814,de,German (Deutsch),denimblau,denimblau,Denimblau,p3,0,0.47053,1,5,7,line,black,en,de,2.1.2,
b048b251-5e27-42f5-9c29-4379ac4aa814,de,German (Deutsch),orange,orange,Orange,p3,1,0.633474,0,5,8,line,black,en,de,2.1.2,
b048b251-5e27-42f5-9c29-4379ac4aa814,de,German (Deutsch),hellblau,hellblau,Hellblau,p3,0,0.671201,1,5,9,line,black,en,de,2.1.2,
b048b251-5e27-42f5-9c29-4379ac4aa814,de,German (Deutsch),neongrun,neongrün,Neongrün,p3,0,1,0.63434,5,10,line,black,en,de,2.1.2,
b048b251-5e27-42f5-9c29-4379ac4aa814,de,German (Deutsch),konigsblau,königsblau,Königsblau,p3,0.116887,0,1,5,11,line,black,en,de,2.1.2,
e58fab2f-4af6-466c-8b88-ea3d220833ce,de,German (Deutsch),navy,navy,navy,p3,0.089375,0.248391,0.506023,1,0,full,white,en,de,2.1.2,
e58fab2f-4af6-466c-8b88-ea3d220833ce,de,German (Deutsch),lila,lila,lila,p3,0.132895,0.09952,0.377635,1,1,full,white,en,de,2.1.2,
e58fab2f-4af6-466c-8b88-ea3d220833ce,de,German (Deutsch),pink,pink,pink,p3,0.982107,0.173098,0.929961,1,2,full,white,en,de,2.1.2,
e58fab2f-4af6-466c-8b88-ea3d220833ce,de,German (Deutsch),dunkelgrun,dunkelgrün,dunkelgrün,p3,0.188574,0.340818,0.366336,1,3,full,white,en,de,2.1.2,
e58fab2f-4af6-466c-8b88-ea3d220833ce,de,German (Deutsch),lila,lila,lila,p3,0.300526,0.182117,0.308456,1,4,full,white,en,de,2.1.2,
e58fab2f-4af6-466c-8b88-ea3d220833ce,de,German (Deutsch),graulila,grau lila,grau-lila,p3,0.64124,0.612619,0.731858,1,5,full,white,en,de,2.1.2,
e58fab2f-4af6-466c-8b88-ea3d220833ce,de,German (Deutsch),hellblau,hellblau,hellblau,p3,0.230396,0.472371,0.889631,1,6,full,white,en,de,2.1.2,
e58fab2f-4af6-466c-8b88-ea3d220833ce,de,German (Deutsch),grun,grün,grün,p3,0.082367,0.76016,0.16192,1,7,full,white,en,de,2.1.2,
e58fab2f-4af6-466c-8b88-ea3d220833ce,de,German (Deutsch),grun,grün,grün,p3,0.604713,0.981511,0.543673,1,8,full,white,en,de,2.1.2,
e58fab2f-4af6-466c-8b88-ea3d220833ce,de,German (Deutsch),dunkelblau,dunkelblau,dunkelblau,p3,0.015361,0.058965,0.898554,1,9,full,white,en,de,2.1.2,
e58fab2f-4af6-466c-8b88-ea3d220833ce,de,German (Deutsch),dunkelrosa,dunkelrosa,dunkelrosa,p3,0.683433,0.42701,0.540382,1,10,full,white,en,de,2.1.2,
e58fab2f-4af6-466c-8b88-ea3d220833ce,de,German (Deutsch),grun,grün,grün,p3,0.559579,0.531757,0.127754,1,11,full,white,en,de,2.1.2,
e58fab2f-4af6-466c-8b88-ea3d220833ce,de,German (Deutsch),pink,pink,pink,p3,0.816758,0.132547,0.559975,3,0,full,white,en,de,2.1.2,
e58fab2f-4af6-466c-8b88-ea3d220833ce,de,German (Deutsch),beige,beige,beige,p3,0.781934,0.699453,0.580039,3,1,full,white,en,de,2.1.2,
e58fab2f-4af6-466c-8b88-ea3d220833ce,de,German (Deutsch),turkis,türkis,türkis,p3,0.477121,0.858522,0.866835,3,2,full,white,en,de,2.1.2,
e58fab2f-4af6-466c-8b88-ea3d220833ce,de,German (Deutsch),schwarz,schwarz,schwarz,p3,0.004197,0.000347,0.137333,3,3,full,white,en,de,2.1.2,
e58fab2f-4af6-466c-8b88-ea3d220833ce,de,German (Deutsch),rosa,rosa,rosa,p3,0.941828,0.900265,0.999232,3,4,full,white,en,de,2.1.2,
e58fab2f-4af6-466c-8b88-ea3d220833ce,de,German (Deutsch),lila,lila,lila,p3,0.722057,0.318966,0.882715,3,5,full,white,en,de,2.1.2,
e58fab2f-4af6-466c-8b88-ea3d220833ce,de,German (Deutsch),magenta,magenta,magenta,p3,0.640645,0.096442,0.527662,3,6,full,white,en,de,2.1.2,
e58fab2f-4af6-466c-8b88-ea3d220833ce,de,German (Deutsch),braun,braun,braun,p3,0.411358,0.317987,0.078174,3,7,full,white,en,de,2.1.2,
e58fab2f-4af6-466c-8b88-ea3d220833ce,de,German (Deutsch),rosa,rosa,rosa,p3,0.831221,0.562105,0.843644,3,8,full,white,en,de,2.1.2,
e58fab2f-4af6-466c-8b88-ea3d220833ce,de,German (Deutsch),orange,orange,orange,p3,0.669961,0.325865,0.122131,3,9,full,white,en,de,2.1.2,
e58fab2f-4af6-466c-8b88-ea3d220833ce,de,German (Deutsch),lila,lila,lila,p3,0.389909,0.153715,0.550229,3,10,full,white,en,de,2.1.2,
e58fab2f-4af6-466c-8b88-ea3d220833ce,de,German (Deutsch),blau,blau,blau,p3,0.30257,0.228516,0.851587,3,11,full,white,en,de,2.1.2,
e58fab2f-4af6-466c-8b88-ea3d220833ce,de,German (Deutsch),braun,braun,braun,p3,0.422251,0.145219,0.146073,5,0,full,white,en,de,2.1.2,
e58fab2f-4af6-466c-8b88-ea3d220833ce,de,German (Deutsch),pink,pink,pink,p3,0.960548,0.353828,0.503296,5,1,full,white,en,de,2.1.2,
e58fab2f-4af6-466c-8b88-ea3d220833ce,de,German (Deutsch),grun,grün,grün,p3,0.610101,0.760134,0.473801,5,2,full,white,en,de,2.1.2,
e58fab2f-4af6-466c-8b88-ea3d220833ce,de,German (Deutsch),hellblau,hellblau,hellblau,p3,0.344925,0.677325,0.845134,5,3,full,white,en,de,2.1.2,
e58fab2f-4af6-466c-8b88-ea3d220833ce,de,German (Deutsch),grun,grün,grün,p3,0.125593,0.898658,0.630279,5,4,full,white,en,de,2.1.2,
e58fab2f-4af6-466c-8b88-ea3d220833ce,de,German (Deutsch),lachsfarben,lachsfarben,lachsfarben,p3,0.944568,0.60687,0.584817,5,5,full,white,en,de,2.1.2,
e58fab2f-4af6-466c-8b88-ea3d220833ce,de,German (Deutsch),lila,lila,lila,p3,0.584514,0.580026,0.959045,5,6,full,white,en,de,2.1.2,
e58fab2f-4af6-466c-8b88-ea3d220833ce,de,German (Deutsch),dunkelgrun,dunkelgrün,dunkelgrün,p3,0.014548,0.196486,0.164016,5,7,full,white,en,de,2.1.2,
e58fab2f-4af6-466c-8b88-ea3d220833ce,de,German (Deutsch),orange,orange,orange,p3,0.889847,0.344466,0.172085,5,8,full,white,en,de,2.1.2,
e58fab2f-4af6-466c-8b88-ea3d220833ce,de,German (Deutsch),grun,grün,grün,p3,0.884589,0.845063,0.640243,5,9,full,white,en,de,2.1.2,
e58fab2f-4af6-466c-8b88-ea3d220833ce,de,German (Deutsch),dunkelbeige,dunkelbeige,dunkelbeige,p3,0.551233,0.492662,0.396388,5,10,full,white,en,de,2.1.2,
e58fab2f-4af6-466c-8b88-ea3d220833ce,de,German (Deutsch),grun,grün,grün,p3,0.232342,0.679166,0.622157,5,11,full,white,en,de,2.1.2,
87d99aa3-f9d4-47d2-bc80-0e916d11950e,de,German (Deutsch),violetblau,violet blau,violet-blau,p3,0.363129,0.345644,0.902561,1,0,full,white,en,en,2.1.2,
87d99aa3-f9d4-47d2-bc80-0e916d11950e,de,German (Deutsch),dunkelvioletrot,dunkel violet rot,dunkel violet-rot,p3,0.179538,0.029823,0.145836,1,1,full,white,en,en,2.1.2,
87d99aa3-f9d4-47d2-bc80-0e916d11950e,de,German (Deutsch),schwarz,schwarz,schwarz,p3,0.001473,0,0.002385,1,2,full,white,en,en,2.1.2,
87d99aa3-f9d4-47d2-bc80-0e916d11950e,de,German (Deutsch),mittelblau,mittelblau,mittelblau,p3,0.10477,0.515768,0.718133,1,3,full,white,en,en,2.1.2,
87d99aa3-f9d4-47d2-bc80-0e916d11950e,de,German (Deutsch),korall/lachs,korall/lachs,korall/lachs,p3,0.909736,0.46348,0.503801,1,4,full,white,en,en,2.1.2,
87d99aa3-f9d4-47d2-bc80-0e916d11950e,de,German (Deutsch),hellelimette,helle limette,helle limette,p3,0.861873,0.946845,0.747558,1,5,full,white,en,en,2.1.2,
87d99aa3-f9d4-47d2-bc80-0e916d11950e,de,German (Deutsch),pastelblau,pastelblau,pastelblau,p3,0.6561,0.757498,0.805362,1,6,full,white,en,en,2.1.2,
87d99aa3-f9d4-47d2-bc80-0e916d11950e,de,German (Deutsch),himmelblau,himmelblau,himmelblau,p3,0.36338,0.696812,0.995283,1,7,full,white,en,en,2.1.2,
87d99aa3-f9d4-47d2-bc80-0e916d11950e,de,German (Deutsch),beige,beige,beige,p3,0.836998,0.720724,0.579018,1,8,full,white,en,en,2.1.2,
87d99aa3-f9d4-47d2-bc80-0e916d11950e,de,German (Deutsch),dunkelvioletblau,dunkel violet blau,dunkel violet-blau,p3,0.1638,0.001488,0.589632,1,9,full,white,en,en,2.1.2,
87d99aa3-f9d4-47d2-bc80-0e916d11950e,de,German (Deutsch),orangebraun,orange braun,orange-braun,p3,0.780851,0.492357,0.272128,1,10,full,white,en,en,2.1.2,
87d99aa3-f9d4-47d2-bc80-0e916d11950e,de,German (Deutsch),mittelbraun,mittelbraun,mittelbraun,p3,0.484791,0.268831,0.227302,1,11,full,white,en,en,2.1.2,
87d99aa3-f9d4-47d2-bc80-0e916d11950e,de,German (Deutsch),rasengrun,rasengrün,rasengrün,p3,0.411866,0.740037,0.450072,3,0,full,white,en,en,2.1.2,
87d99aa3-f9d4-47d2-bc80-0e916d11950e,de,German (Deutsch),dunkelblau,dunkelblau,dunkelblau,p3,0.151947,0.194225,0.268504,3,1,full,white,en,en,2.1.2,
87d99aa3-f9d4-47d2-bc80-0e916d11950e,de,German (Deutsch),pink,pink,pink,p3,0.856876,0.005801,0.923661,3,2,full,white,en,en,2.1.2,
87d99aa3-f9d4-47d2-bc80-0e916d11950e,de,German (Deutsch),hellblau,hellblau,hellblau,p3,0.518567,0.895864,0.983807,3,3,full,white,en,en,2.1.2,
87d99aa3-f9d4-47d2-bc80-0e916d11950e,de,German (Deutsch),dunkelgiftgrun,dunkel giftgrün,dunkel giftgrün,p3,0.389057,0.864819,0.409964,3,4,full,white,en,en,2.1.2,
87d99aa3-f9d4-47d2-bc80-0e916d11950e,de,German (Deutsch),dunkelaltrosa,dunkel altrosa,dunkel altrosa,p3,0.676677,0.2327,0.410038,3,5,full,white,en,en,2.1.2,
87d99aa3-f9d4-47d2-bc80-0e916d11950e,de,German (Deutsch),dunkelviolet,dunkelviolet,dunkelviolet,p3,0.412915,0.181471,0.548681,3,6,full,white,en,en,2.1.2,
87d99aa3-f9d4-47d2-bc80-0e916d11950e,de,German (Deutsch),hellesgiftgrun,helles giftgrün,helles giftgrün,p3,0.781993,0.865798,0.421077,3,7,full,white,en,en,2.1.2,
87d99aa3-f9d4-47d2-bc80-0e916d11950e,de,German (Deutsch),violetthellgrau,violett hellgrau,violett hellgrau,p3,0.876208,0.848394,0.898605,3,8,full,white,en,en,2.1.2,
87d99aa3-f9d4-47d2-bc80-0e916d11950e,de,German (Deutsch),lippenstiftrot,lippenstiftrot,lippenstiftrot,p3,0.848005,0.104166,0.307219,3,9,full,white,en,en,2.1.2,
87d99aa3-f9d4-47d2-bc80-0e916d11950e,de,German (Deutsch),lila,lila,lila,p3,0.545337,0.442523,0.789221,3,10,full,white,en,en,2.1.2,
87d99aa3-f9d4-47d2-bc80-0e916d11950e,de,German (Deutsch),violetrot,violet rot,violet-rot,p3,0.417332,0.066306,0.241492,3,11,full,white,en,en,2.1.2,
87d99aa3-f9d4-47d2-bc80-0e916d11950e,de,German (Deutsch),schwarz,schwarz,schwarz,p3,0.013364,0.084298,0.089337,5,0,full,white,en,en,2.1.2,
87d99aa3-f9d4-47d2-bc80-0e916d11950e,de,German (Deutsch),violet,violet,violet,p3,0.572615,0.25595,0.701077,5,1,full,white,en,en,2.1.2,
87d99aa3-f9d4-47d2-bc80-0e916d11950e,de,German (Deutsch),dunkelgrun,dunkelgrün,dunkelgrün,p3,0.119528,0.242199,0.093115,5,2,full,white,en,en,2.1.2,
87d99aa3-f9d4-47d2-bc80-0e916d11950e,de,German (Deutsch),dunkelgiftgrun,dunkel giftgrün,dunkel giftgrün,p3,0.199012,0.682598,0.151074,5,3,full,white,en,en,2.1.2,
87d99aa3-f9d4-47d2-bc80-0e916d11950e,de,German (Deutsch),hellesturkis,helles türkis,helles türkis,p3,0.347915,0.808048,0.758146,5,4,full,white,en,en,2.1.2,
87d99aa3-f9d4-47d2-bc80-0e916d11950e,de,German (Deutsch),blaugrau,blaugrau,blaugrau,p3,0.488701,0.536645,0.643429,5,5,full,white,en,en,2.1.2,
87d99aa3-f9d4-47d2-bc80-0e916d11950e,de,German (Deutsch),pastelltannengrun,pastell tannengrün,pastell tannengrün,p3,0.402599,0.588717,0.471995,5,6,full,white,en,en,2.1.2,
87d99aa3-f9d4-47d2-bc80-0e916d11950e,de,German (Deutsch),rosa,rosa,rosa,p3,0.90249,0.683725,0.961691,5,7,full,white,en,en,2.1.2,
87d99aa3-f9d4-47d2-bc80-0e916d11950e,de,German (Deutsch),dunkelrotbraun,dunkel rot braun,dunkel rot-braun,p3,0.325834,0.060165,0.022965,5,8,full,white,en,en,2.1.2,
87d99aa3-f9d4-47d2-bc80-0e916d11950e,de,German (Deutsch),tannengrun,tannengrün,tannengrün,p3,0.035575,0.442634,0.179837,5,9,full,white,en,en,2.1.2,
87d99aa3-f9d4-47d2-bc80-0e916d11950e,de,German (Deutsch),dunkelgelb,dunkelgelb,dunkelgelb,p3,0.957431,0.722654,0.271568,5,10,full,white,en,en,2.1.2,
87d99aa3-f9d4-47d2-bc80-0e916d11950e,de,German (Deutsch),dunkelgrungrau,dunkel grün grau,dunkel grün-grau,p3,0.295261,0.351898,0.347464,5,11,full,white,en,en,2.1.2,
70d706d0-0179-47bc-b84d-c4e44e4d0aa7,de,German (Deutsch),magenta,magenta,Magenta,p3,0.3676,0.133709,0.230591,1,0,full,white,en,de,2.1.2,
70d706d0-0179-47bc-b84d-c4e44e4d0aa7,de,German (Deutsch),rose,rose,Rose,p3,0.956215,0.662247,0.751159,1,1,full,white,en,de,2.1.2,
70d706d0-0179-47bc-b84d-c4e44e4d0aa7,de,German (Deutsch),lilac,lilac,Lilac,p3,0.760404,0.614311,0.892375,1,2,full,white,en,de,2.1.2,
70d706d0-0179-47bc-b84d-c4e44e4d0aa7,de,German (Deutsch),hellgrau,hell grau,Hell grau,p3,0.801614,0.805578,0.808198,1,3,full,white,en,de,2.1.2,
70d706d0-0179-47bc-b84d-c4e44e4d0aa7,de,German (Deutsch),dunkelgrau,dunkel grau,Dunkel grau,p3,0.350476,0.365464,0.312181,1,4,full,white,en,de,2.1.2,
70d706d0-0179-47bc-b84d-c4e44e4d0aa7,de,German (Deutsch),gelb,gelb,Gelb,p3,0.858215,0.893272,0.278336,1,5,full,white,en,de,2.1.2,
70d706d0-0179-47bc-b84d-c4e44e4d0aa7,de,German (Deutsch),rot,rot,Rot,p3,0.927284,0.186825,0.268404,1,6,full,white,en,de,2.1.2,
70d706d0-0179-47bc-b84d-c4e44e4d0aa7,de,German (Deutsch),lila,lila,Lila,p3,0.39474,0.293445,0.910961,1,7,full,white,en,de,2.1.2,
70d706d0-0179-47bc-b84d-c4e44e4d0aa7,de,German (Deutsch),orange,orange,Orange,p3,0.863955,0.534126,0.235526,1,8,full,white,en,de,2.1.2,
70d706d0-0179-47bc-b84d-c4e44e4d0aa7,de,German (Deutsch),hellbraun,hellbraun,Hellbraun,p3,0.763883,0.705413,0.531555,1,9,full,white,en,de,2.1.2,
70d706d0-0179-47bc-b84d-c4e44e4d0aa7,de,German (Deutsch),turkis,türkis,Türkis,p3,0.389047,0.859875,0.854949,1,10,full,white,en,de,2.1.2,
70d706d0-0179-47bc-b84d-c4e44e4d0aa7,de,German (Deutsch),dunkelgrun,dunkel grün,Dunkel grün,p3,0.115765,0.243318,0.123771,1,11,full,white,en,de,2.1.2,
70d706d0-0179-47bc-b84d-c4e44e4d0aa7,de,German (Deutsch),minz,minz,Minz,p3,0.715052,0.982969,0.841285,3,0,full,white,en,de,2.1.2,
70d706d0-0179-47bc-b84d-c4e44e4d0aa7,de,German (Deutsch),blauhell,blau hell,Blau hell,p3,0.49259,0.620059,0.927016,3,1,full,white,en,de,2.1.2,
70d706d0-0179-47bc-b84d-c4e44e4d0aa7,de,German (Deutsch),braun,braun,Braun,p3,0.704806,0.484041,0.394146,3,2,full,white,en,de,2.1.2,
70d706d0-0179-47bc-b84d-c4e44e4d0aa7,de,German (Deutsch),schwarz,schwarz,Schwarz,p3,0.082863,0.060554,0.04475,3,3,full,white,en,de,2.1.2,
70d706d0-0179-47bc-b84d-c4e44e4d0aa7,de,German (Deutsch),pink,pink,Pink,p3,0.765304,0.381243,0.820199,3,4,full,white,en,de,2.1.2,
70d706d0-0179-47bc-b84d-c4e44e4d0aa7,de,German (Deutsch),waldgrun,wald grün,Wald grün,p3,0.152898,0.403119,0.137803,3,5,full,white,en,de,2.1.2,
70d706d0-0179-47bc-b84d-c4e44e4d0aa7,de,German (Deutsch),aquamarin,aquamarin,Aquamarin,p3,0.290133,0.739872,0.591374,3,6,full,white,en,de,2.1.2,
70d706d0-0179-47bc-b84d-c4e44e4d0aa7,de,German (Deutsch),dunkellilla,dunkel lilla,Dunkel lilla,p3,0.328637,0.075843,0.427664,3,7,full,white,en,de,2.1.2,
70d706d0-0179-47bc-b84d-c4e44e4d0aa7,de,German (Deutsch),dunkelblau,dunkel blau,Dunkel blau,p3,0.126239,0.065853,0.226946,3,8,full,white,en,de,2.1.2,
70d706d0-0179-47bc-b84d-c4e44e4d0aa7,de,German (Deutsch),graulila,graulila,Graulila,p3,0.551933,0.547922,0.652911,3,9,full,white,en,de,2.1.2,
70d706d0-0179-47bc-b84d-c4e44e4d0aa7,de,German (Deutsch),blaumittel,blau mittel,Blau mittel,p3,0.246802,0.45188,0.69839,3,10,full,white,en,de,2.1.2,
70d706d0-0179-47bc-b84d-c4e44e4d0aa7,de,German (Deutsch),gelbgrun,gelbgrün,Gelbgrün,p3,0.580729,0.568339,0.193367,3,11,full,white,en,de,2.1.2,
70d706d0-0179-47bc-b84d-c4e44e4d0aa7,de,German (Deutsch),neongrun,neon grün,Neon grün,p3,0.33294,0.938118,0.38482,5,0,full,white,en,de,2.1.2,
70d706d0-0179-47bc-b84d-c4e44e4d0aa7,de,German (Deutsch),dunkelblaumitgrau,dunkel blau mit grau,Dunkel Blau mit grau,p3,0.035088,0.292976,0.450437,5,1,full,white,en,de,2.1.2,
70d706d0-0179-47bc-b84d-c4e44e4d0aa7,de,German (Deutsch),rostrot,rostrot,Rostrot,p3,0.714,0.291202,0.235867,5,2,full,white,en,de,2.1.2,
70d706d0-0179-47bc-b84d-c4e44e4d0aa7,de,German (Deutsch),lilacdunkel,lilac dunkel,Lilac dunkel,p3,0.544525,0.442059,0.973756,5,3,full,white,en,de,2.1.2,
70d706d0-0179-47bc-b84d-c4e44e4d0aa7,de,German (Deutsch),tannengrun,tannengrün,Tannengrün,p3,0.304435,0.564224,0.326383,5,4,full,white,en,de,2.1.2,
70d706d0-0179-47bc-b84d-c4e44e4d0aa7,de,German (Deutsch),lillagrau,lilla grau,Lilla grau,p3,0.507325,0.321374,0.592173,5,5,full,white,en,de,2.1.2,
70d706d0-0179-47bc-b84d-c4e44e4d0aa7,de,German (Deutsch),himmelblau,himmelblau,Himmelblau,p3,0.04743,0.521237,0.97308,5,6,full,white,en,de,2.1.2,
70d706d0-0179-47bc-b84d-c4e44e4d0aa7,de,German (Deutsch),pinkvoll,pink voll,Pink voll,p3,0.960181,0.365854,0.597008,5,7,full,white,en,de,2.1.2,
70d706d0-0179-47bc-b84d-c4e44e4d0aa7,de,German (Deutsch),aqua,aqua,Aqua,p3,0.283735,0.680524,0.808719,5,8,full,white,en,de,2.1.2,
70d706d0-0179-47bc-b84d-c4e44e4d0aa7,de,German (Deutsch),pinkheller,pink heller,Pink heller,p3,0.94483,0.514654,0.859858,5,9,full,white,en,de,2.1.2,
70d706d0-0179-47bc-b84d-c4e44e4d0aa7,de,German (Deutsch),ozeanblau,ozeanblau,Ozeanblau,p3,0.175073,0.261996,0.764426,5,10,full,white,en,de,2.1.2,
70d706d0-0179-47bc-b84d-c4e44e4d0aa7,de,German (Deutsch),lilladunkel,lilla dunkel,Lilla dunkel,p3,0.385901,0.149305,0.647943,5,11,full,white,en,de,2.1.2,
3a99e2da-ce2f-42b9-bfb7-b18150725777,de,German (Deutsch),lila,lila,Lila,rgb,201,85,251,1,0,full,white,en,de,2.1.2,
3a99e2da-ce2f-42b9-bfb7-b18150725777,de,German (Deutsch),flieder,flieder,Flieder,rgb,175,161,210,1,1,full,white,en,de,2.1.2,
3a99e2da-ce2f-42b9-bfb7-b18150725777,de,German (Deutsch),grun,grün,Grün,rgb,122,167,92,1,2,full,white,en,de,2.1.2,
3a99e2da-ce2f-42b9-bfb7-b18150725777,de,German (Deutsch),blau,blau,Blau,rgb,102,67,245,1,3,full,white,en,de,2.1.2,
3a99e2da-ce2f-42b9-bfb7-b18150725777,de,German (Deutsch),lachs,lachs,Lachs,rgb,244,137,124,1,4,full,white,en,de,2.1.2,
3a99e2da-ce2f-42b9-bfb7-b18150725777,de,German (Deutsch),rostbraun,rostbraun,Rostbraun,rgb,212,88,34,1,5,full,white,en,de,2.1.2,
3a99e2da-ce2f-42b9-bfb7-b18150725777,de,German (Deutsch),fleisch,fleisch,Fleisch,rgb,209,106,102,1,6,full,white,en,de,2.1.2,
3a99e2da-ce2f-42b9-bfb7-b18150725777,de,German (Deutsch),mitternachtsblau,mitternachtsblau,Mitternachtsblau,rgb,84,100,151,1,7,full,white,en,de,2.1.2,
3a99e2da-ce2f-42b9-bfb7-b18150725777,de,German (Deutsch),violett,violett,Violett,rgb,145,72,120,1,8,full,white,en,de,2.1.2,
3a99e2da-ce2f-42b9-bfb7-b18150725777,de,German (Deutsch),beige,beige,Beige,rgb,157,112,111,1,9,full,white,en,de,2.1.2,
3a99e2da-ce2f-42b9-bfb7-b18150725777,de,German (Deutsch),pink,pink,Pink,rgb,240,69,115,1,10,full,white,en,de,2.1.2,
3a99e2da-ce2f-42b9-bfb7-b18150725777,de,German (Deutsch),violett,violett,Violett,rgb,150,85,161,1,11,full,white,en,de,2.1.2,
3a99e2da-ce2f-42b9-bfb7-b18150725777,de,German (Deutsch),turkis,türkis,Türkis,rgb,62,191,188,3,1,full,white,en,de,2.1.2,
3a99e2da-ce2f-42b9-bfb7-b18150725777,de,German (Deutsch),kaminrot,kaminrot,Kaminrot,rgb,233,53,74,3,2,full,white,en,de,2.1.2,
3a99e2da-ce2f-42b9-bfb7-b18150725777,de,German (Deutsch),violett,violett,Violett,rgb,128,85,117,3,3,full,white,en,de,2.1.2,
3a99e2da-ce2f-42b9-bfb7-b18150725777,de,German (Deutsch),olivgrun,olivgrün,Olivgrün,rgb,160,163,56,3,4,full,white,en,de,2.1.2,
3a99e2da-ce2f-42b9-bfb7-b18150725777,de,German (Deutsch),beige,beige,Beige,rgb,211,176,131,3,5,full,white,en,de,2.1.2,
3a99e2da-ce2f-42b9-bfb7-b18150725777,de,German (Deutsch),apfelgrun,apfelgrün,Apfelgrün,rgb,125,195,53,3,6,full,white,en,de,2.1.2,
3a99e2da-ce2f-42b9-bfb7-b18150725777,de,German (Deutsch),creme,creme,Creme,rgb,240,222,176,3,7,full,white,en,de,2.1.2,
3a99e2da-ce2f-42b9-bfb7-b18150725777,de,German (Deutsch),lavendel,lavendel,Lavendel,rgb,167,150,255,3,8,full,white,en,de,2.1.2,
3a99e2da-ce2f-42b9-bfb7-b18150725777,de,German (Deutsch),turkis,türkis,Türkis,rgb,157,211,203,3,9,full,white,en,de,2.1.2,
3a99e2da-ce2f-42b9-bfb7-b18150725777,de,German (Deutsch),magenta,magenta,Magenta,rgb,238,66,129,3,10,full,white,en,de,2.1.2,
3a99e2da-ce2f-42b9-bfb7-b18150725777,de,German (Deutsch),flieder,flieder,Flieder,rgb,139,137,209,3,11,full,white,en,de,2.1.2,
3a99e2da-ce2f-42b9-bfb7-b18150725777,de,German (Deutsch),mintgrun,mintgrün,Mintgrün,rgb,155,226,160,5,1,full,white,en,de,2.1.2,
3a99e2da-ce2f-42b9-bfb7-b18150725777,de,German (Deutsch),blaugrau,blaugrau,Blaugrau,rgb,135,180,187,5,2,full,white,en,de,2.1.2,
3a99e2da-ce2f-42b9-bfb7-b18150725777,de,German (Deutsch),dunkelviolett,dunkelviolett,Dunkelviolett,rgb,87,2,114,5,3,full,white,en,de,2.1.2,
3a99e2da-ce2f-42b9-bfb7-b18150725777,de,German (Deutsch),beige,beige,Beige,rgb,179,143,142,5,4,full,white,en,de,2.1.2,
3a99e2da-ce2f-42b9-bfb7-b18150725777,de,German (Deutsch),magenta,magenta,Magenta,rgb,223,71,123,5,5,full,white,en,de,2.1.2,
3a99e2da-ce2f-42b9-bfb7-b18150725777,de,German (Deutsch),apfelgrun,apfelgrün,Apfelgrün,rgb,187,238,112,5,6,full,white,en,de,2.1.2,
3a99e2da-ce2f-42b9-bfb7-b18150725777,de,German (Deutsch),blau,blau,Blau,rgb,91,147,178,5,7,full,white,en,de,2.1.2,
3a99e2da-ce2f-42b9-bfb7-b18150725777,de,German (Deutsch),braun,braun,Braun,rgb,76,52,61,5,8,full,white,en,de,2.1.2,
3a99e2da-ce2f-42b9-bfb7-b18150725777,de,German (Deutsch),rosa,rosa,Rosa,rgb,247,198,221,5,9,full,white,en,de,2.1.2,
3a99e2da-ce2f-42b9-bfb7-b18150725777,de,German (Deutsch),rosa,rosa,Rosa,rgb,187,117,152,5,10,full,white,en,de,2.1.2,
3a99e2da-ce2f-42b9-bfb7-b18150725777,de,German (Deutsch),flieder,flieder,Flieder,rgb,174,149,229,5,11,full,white,en,de,2.1.2,
4d1dda45-c9df-4dda-8970-d9ace9ac29b8,de,German (Deutsch),blaugrau,blaugrau,Blaugrau,rgb,142,164,184,1,0,full,white,en,de,2.1.2,
4d1dda45-c9df-4dda-8970-d9ace9ac29b8,de,German (Deutsch),grun,grün,Grün,rgb,60,156,35,1,1,full,white,en,de,2.1.2,
4d1dda45-c9df-4dda-8970-d9ace9ac29b8,de,German (Deutsch),neingrun,nein grün,Nein grün,rgb,79,216,72,1,2,full,white,en,de,2.1.2,
4d1dda45-c9df-4dda-8970-d9ace9ac29b8,de,German (Deutsch),dunkelgrau,dunkelgrau,Dunkelgrau,rgb,62,74,91,1,5,full,white,en,de,2.1.2,
4d1dda45-c9df-4dda-8970-d9ace9ac29b8,de,German (Deutsch),marine,marine,Marine,rgb,63,32,120,1,6,full,white,en,de,2.1.2,
4d1dda45-c9df-4dda-8970-d9ace9ac29b8,de,German (Deutsch),lavendel,lavendel,Lavendel,rgb,109,111,172,1,7,full,white,en,de,2.1.2,
4d1dda45-c9df-4dda-8970-d9ace9ac29b8,de,German (Deutsch),lila,lila,Lila,rgb,123,56,185,1,8,full,white,en,de,2.1.2,
4d1dda45-c9df-4dda-8970-d9ace9ac29b8,de,German (Deutsch),turkisgrau,türkis grau,Türkis grau,rgb,122,180,202,1,9,full,white,en,de,2.1.2,
4d1dda45-c9df-4dda-8970-d9ace9ac29b8,de,German (Deutsch),lila,lila,Lila,rgb,90,40,113,1,10,full,white,en,de,2.1.2,
4d1dda45-c9df-4dda-8970-d9ace9ac29b8,de,German (Deutsch),neonlila,neon lila,Neon lila,rgb,156,65,241,1,11,full,white,en,de,2.1.2,
4d1dda45-c9df-4dda-8970-d9ace9ac29b8,de,German (Deutsch),grasgrun,grasgrün,Grasgrün,rgb,154,181,111,3,0,full,white,en,de,2.1.2,
4d1dda45-c9df-4dda-8970-d9ace9ac29b8,de,German (Deutsch),gelb,gelb,Gelb,rgb,208,199,112,3,1,full,white,en,de,2.1.2,
4d1dda45-c9df-4dda-8970-d9ace9ac29b8,de,German (Deutsch),lila,lila,Lila,rgb,124,70,110,3,2,full,white,en,de,2.1.2,
4d1dda45-c9df-4dda-8970-d9ace9ac29b8,de,German (Deutsch),waldgrun,waldgrün,Waldgrün,rgb,91,102,90,3,3,full,white,en,de,2.1.2,
4d1dda45-c9df-4dda-8970-d9ace9ac29b8,de,German (Deutsch),beige,beige,Beige,rgb,200,176,171,3,4,full,white,en,de,2.1.2,
4d1dda45-c9df-4dda-8970-d9ace9ac29b8,de,German (Deutsch),braun,braun,Braun,rgb,124,62,52,3,5,full,white,en,de,2.1.2,
4d1dda45-c9df-4dda-8970-d9ace9ac29b8,de,German (Deutsch),lila,lila,Lila,rgb,125,17,237,3,6,full,white,en,de,2.1.2,
4d1dda45-c9df-4dda-8970-d9ace9ac29b8,de,German (Deutsch),schwarzgrau,schwarz grau,Schwarz grau,rgb,66,36,17,3,7,full,white,en,de,2.1.2,
4d1dda45-c9df-4dda-8970-d9ace9ac29b8,de,German (Deutsch),magenta,magenta,Magenta,rgb,125,36,96,3,8,full,white,en,de,2.1.2,
4d1dda45-c9df-4dda-8970-d9ace9ac29b8,de,German (Deutsch),violett,violett,Violett,rgb,160,69,150,3,9,full,white,en,de,2.1.2,
4d1dda45-c9df-4dda-8970-d9ace9ac29b8,de,German (Deutsch),neongelb,neon gelb,Neon gelb,rgb,217,228,99,3,10,full,white,en,de,2.1.2,
4d1dda45-c9df-4dda-8970-d9ace9ac29b8,de,German (Deutsch),pink,pink,Pink,rgb,252,119,177,3,11,full,white,en,de,2.1.2,
4d1dda45-c9df-4dda-8970-d9ace9ac29b8,de,German (Deutsch),dunkelblau,dunkelblau,Dunkelblau,rgb,32,37,79,5,0,full,white,en,de,2.1.2,
4d1dda45-c9df-4dda-8970-d9ace9ac29b8,de,German (Deutsch),dunkelgrun,dunkelgrün,Dunkelgrün,rgb,49,56,36,5,1,full,white,en,de,2.1.2,
4d1dda45-c9df-4dda-8970-d9ace9ac29b8,de,German (Deutsch),braunlila,braun lila,Braun lila,rgb,91,76,96,5,2,full,white,en,de,2.1.2,
4d1dda45-c9df-4dda-8970-d9ace9ac29b8,de,German (Deutsch),dunkelblau,dunkelblau,Dunkelblau,rgb,33,34,78,5,3,full,white,en,de,2.1.2,
4d1dda45-c9df-4dda-8970-d9ace9ac29b8,de,German (Deutsch),grun,grün,Grün,rgb,81,98,99,5,4,full,white,en,de,2.1.2,
4d1dda45-c9df-4dda-8970-d9ace9ac29b8,de,German (Deutsch),grau,grau,Grau,rgb,124,126,153,5,5,full,white,en,de,2.1.2,
4d1dda45-c9df-4dda-8970-d9ace9ac29b8,de,German (Deutsch),lila,lila,Lila,rgb,161,113,230,5,6,full,white,en,de,2.1.2,
4d1dda45-c9df-4dda-8970-d9ace9ac29b8,de,German (Deutsch),orange,orange,Orange,rgb,254,151,121,5,7,full,white,en,de,2.1.2,
4d1dda45-c9df-4dda-8970-d9ace9ac29b8,de,German (Deutsch),beige,beige,Beige,rgb,224,229,206,5,8,full,white,en,de,2.1.2,
4d1dda45-c9df-4dda-8970-d9ace9ac29b8,de,German (Deutsch),neonpink,neonpink,Neonpink,rgb,205,51,247,5,9,full,white,en,de,2.1.2,
4d1dda45-c9df-4dda-8970-d9ace9ac29b8,de,German (Deutsch),turkis,türkis,Türkis,rgb,88,158,162,5,10,full,white,en,de,2.1.2,
4d1dda45-c9df-4dda-8970-d9ace9ac29b8,de,German (Deutsch),royalblau,royalblau,Royalblau,rgb,67,78,217,5,11,full,white,en,de,2.1.2,
9a49a6de-d968-4333-b851-b2a4cde8b4cb,de,German (Deutsch),dunkellila,dunkel lila,Dunkel lila,p3,0.231702,0.072282,0.388517,1,0,full,white,en,en,2.1.2,
9a49a6de-d968-4333-b851-b2a4cde8b4cb,de,German (Deutsch),hellgrun,hell grün,Hell grün,p3,0.733578,0.982528,0.673572,1,1,full,white,en,en,2.1.2,
9a49a6de-d968-4333-b851-b2a4cde8b4cb,de,German (Deutsch),violett,violett,Violett,p3,0.508321,0.305901,0.578788,1,2,full,white,en,en,2.1.2,
9a49a6de-d968-4333-b851-b2a4cde8b4cb,de,German (Deutsch),rot,rot,Rot,p3,0.808379,0.361128,0.352976,1,3,full,white,en,en,2.1.2,
9a49a6de-d968-4333-b851-b2a4cde8b4cb,de,German (Deutsch),grun,grün,Grün,p3,0.002772,0.804673,0.463715,1,4,full,white,en,en,2.1.2,
9a49a6de-d968-4333-b851-b2a4cde8b4cb,de,German (Deutsch),turkis,türkis,Türkis,p3,0.371234,0.809487,0.815844,1,6,full,white,en,en,2.1.2,
9a49a6de-d968-4333-b851-b2a4cde8b4cb,de,German (Deutsch),orange,orange,Orange,p3,0.879713,0.47075,0.148467,1,8,full,white,en,en,2.1.2,
9a49a6de-d968-4333-b851-b2a4cde8b4cb,de,German (Deutsch),waldgrun,wald grün,Wald grün,p3,0.230432,0.301217,0.047969,1,9,full,white,en,en,2.1.2,
9a49a6de-d968-4333-b851-b2a4cde8b4cb,de,German (Deutsch),mitternachtblau,mitternacht blau,Mitternacht blau,p3,0.080131,0.130878,0.224563,1,10,full,white,en,en,2.1.2,
9a49a6de-d968-4333-b851-b2a4cde8b4cb,de,German (Deutsch),dunkellila,dunkel lila,Dunkel lila,p3,0.352101,0.217756,0.399593,3,1,full,white,en,en,2.1.2,
9a49a6de-d968-4333-b851-b2a4cde8b4cb,de,German (Deutsch),grun,grün,Grün,p3,0.286343,0.674431,0.447296,3,2,full,white,en,en,2.1.2,
9a49a6de-d968-4333-b851-b2a4cde8b4cb,de,German (Deutsch),dunkelmagenta,dunkel magenta,Dunkel magenta,p3,0.713564,0.220823,0.461996,3,3,full,white,en,en,2.1.2,
9a49a6de-d968-4333-b851-b2a4cde8b4cb,de,German (Deutsch),pink,pink,Pink,p3,0.987701,0.333907,0.83173,3,4,full,white,en,en,2.1.2,
9a49a6de-d968-4333-b851-b2a4cde8b4cb,de,German (Deutsch),rosa,rosa,Rosa,p3,0.993341,0.568966,0.602198,3,5,full,white,en,en,2.1.2,
9a49a6de-d968-4333-b851-b2a4cde8b4cb,de,German (Deutsch),neongrun,neon grün,Neon grün,p3,0.714442,0.905352,0.205986,3,7,full,white,en,en,2.1.2,
9a49a6de-d968-4333-b851-b2a4cde8b4cb,de,German (Deutsch),holespink,holes pink,Holes pink,p3,0.986142,0.687247,0.96864,3,8,full,white,en,en,2.1.2,
9a49a6de-d968-4333-b851-b2a4cde8b4cb,de,German (Deutsch),waldgrun,wald grün,Wald grün,p3,0.248627,0.500478,0.349472,3,10,full,white,en,en,2.1.2,
9a49a6de-d968-4333-b851-b2a4cde8b4cb,de,German (Deutsch),mitternachtblau,mitternacht blau,Mitternacht blau,p3,0.154287,0.23443,0.388065,5,2,full,white,en,en,2.1.2,
9a49a6de-d968-4333-b851-b2a4cde8b4cb,de,German (Deutsch),braun,braun,Braun,p3,0.633247,0.262089,0.157782,5,4,full,white,en,en,2.1.2,
9a49a6de-d968-4333-b851-b2a4cde8b4cb,de,German (Deutsch),blau,blau,Blau,p3,0.071041,0.506726,0.904004,5,5,full,white,en,en,2.1.2,
9a49a6de-d968-4333-b851-b2a4cde8b4cb,de,German (Deutsch),pink,pink,Pink,p3,0.856788,0.254599,0.636801,5,6,full,white,en,en,2.1.2,
9a49a6de-d968-4333-b851-b2a4cde8b4cb,de,German (Deutsch),dunkelrot/cherry,dunkel rot / cherry,Dunkel rot / cherry,p3,0.329913,0.050485,0.041348,5,9,full,white,en,en,2.1.2,
9a49a6de-d968-4333-b851-b2a4cde8b4cb,de,German (Deutsch),schwarz?,schwarz?,Schwarz?,p3,0.085481,0.020955,0.088104,5,11,full,white,en,en,2.1.2,
ede274d3-ca84-476e-a724-9cfe470c9073,de,German (Deutsch),burgunderrot,burgunderrot,Burgunderrot,p3,0.893955,0.607822,0.747958,1,0,full,white,en,en,2.1.2,
ede274d3-ca84-476e-a724-9cfe470c9073,de,German (Deutsch),sumpfgrun,sumpfgrün,Sumpfgrün,p3,0.843955,0.913906,0.245642,1,1,full,white,en,en,2.1.2,
ede274d3-ca84-476e-a724-9cfe470c9073,de,German (Deutsch),magenta,magenta,Magenta,p3,0.559105,0.13549,0.53183,1,2,full,white,en,en,2.1.2,
ede274d3-ca84-476e-a724-9cfe470c9073,de,German (Deutsch),grun,grün,Grün,p3,0.691711,0.776681,0.25619,1,3,full,white,en,en,2.1.2,
ede274d3-ca84-476e-a724-9cfe470c9073,de,German (Deutsch),rot,rot,Rot,p3,0.533185,0.230546,0.149104,1,4,full,white,en,en,2.1.2,
ede274d3-ca84-476e-a724-9cfe470c9073,de,German (Deutsch),waldgrun,waldgrün,Waldgrün,p3,0.527608,0.655611,0.511835,1,5,full,white,en,en,2.1.2,
ede274d3-ca84-476e-a724-9cfe470c9073,de,German (Deutsch),orangerot,orangerot,Orangerot,p3,0.978935,0.748809,0.575177,1,6,full,white,en,en,2.1.2,
ede274d3-ca84-476e-a724-9cfe470c9073,de,German (Deutsch),blau,blau,Blau,p3,0.589279,0.480707,0.947805,1,7,full,white,en,en,2.1.2,
ede274d3-ca84-476e-a724-9cfe470c9073,de,German (Deutsch),navyblau,navyblau,Navyblau,p3,0.860836,0.854973,0.90785,1,8,full,white,en,en,2.1.2,
ede274d3-ca84-476e-a724-9cfe470c9073,de,German (Deutsch),tannengrun,tannengrün,Tannengrün,p3,0.0784516,0.177278,0.0225611,1,9,full,white,en,en,2.1.2,
ede274d3-ca84-476e-a724-9cfe470c9073,de,German (Deutsch),schwarz,schwarz,Schwarz,p3,0.0263182,0.0127318,0.0204932,1,10,full,white,en,en,2.1.2,
ede274d3-ca84-476e-a724-9cfe470c9073,de,German (Deutsch),azurblau,azurblau,Azurblau,p3,0.134865,0.276837,0.761196,1,11,full,white,en,en,2.1.2,
ede274d3-ca84-476e-a724-9cfe470c9073,de,German (Deutsch),petrol,petrol,Petrol,p3,0.531003,0.718933,0.802336,3,0,full,white,en,en,2.1.2,
ede274d3-ca84-476e-a724-9cfe470c9073,de,German (Deutsch),blau,blau,Blau,p3,0.383229,0.382647,0.967348,3,1,full,white,en,en,2.1.2,
ede274d3-ca84-476e-a724-9cfe470c9073,de,German (Deutsch),kastanienbraun,kastanienbraun,Kastanienbraun,p3,0.375199,0.322967,0.0678588,3,2,full,white,en,en,2.1.2,
ede274d3-ca84-476e-a724-9cfe470c9073,de,German (Deutsch),blau,blau,Blau,p3,0.228891,0.442214,0.710856,3,3,full,white,en,en,2.1.2,
ede274d3-ca84-476e-a724-9cfe470c9073,de,German (Deutsch),grun,grün,Grün,p3,0.544885,0.964769,0.623855,3,4,full,white,en,en,2.1.2,
ede274d3-ca84-476e-a724-9cfe470c9073,de,German (Deutsch),karmesinrot,karmesinrot,Karmesinrot,p3,0.965458,0.203609,0.097368,3,5,full,white,en,en,2.1.2,
ede274d3-ca84-476e-a724-9cfe470c9073,de,German (Deutsch),magenta,magenta,Magenta,p3,0.780893,0.271075,0.641075,3,6,full,white,en,en,2.1.2,
ede274d3-ca84-476e-a724-9cfe470c9073,de,German (Deutsch),dunkelrot,dunkelrot,Dunkelrot,p3,0.606652,0.442587,0.228091,3,7,full,white,en,en,2.1.2,
ede274d3-ca84-476e-a724-9cfe470c9073,de,German (Deutsch),dunkelblau,dunkelblau,Dunkelblau,p3,0.351224,0.316482,0.466283,3,8,full,white,en,en,2.1.2,
ede274d3-ca84-476e-a724-9cfe470c9073,de,German (Deutsch),lila,lila,Lila,p3,0.633601,0.415701,0.593294,3,9,full,white,en,en,2.1.2,
ede274d3-ca84-476e-a724-9cfe470c9073,de,German (Deutsch),rot,rot,Rot,p3,0.885051,0.598665,0.318763,3,10,full,white,en,en,2.1.2,
ede274d3-ca84-476e-a724-9cfe470c9073,de,German (Deutsch),pink,pink,Pink,p3,0.992405,0.549913,0.998921,3,11,full,white,en,en,2.1.2,
ede274d3-ca84-476e-a724-9cfe470c9073,de,German (Deutsch),orangerot,orangerot,Orangerot,p3,0.958147,0.465867,0.405808,5,0,full,white,en,en,2.1.2,
ede274d3-ca84-476e-a724-9cfe470c9073,de,German (Deutsch),orangerot,orangerot,Orangerot,p3,0.761045,0.244319,0.283578,5,1,full,white,en,en,2.1.2,
ede274d3-ca84-476e-a724-9cfe470c9073,de,German (Deutsch),dunkelgrun,dunkelgrün,Dunkelgrün,p3,0.200542,0.291852,0.289937,5,2,full,white,en,en,2.1.2,
ede274d3-ca84-476e-a724-9cfe470c9073,de,German (Deutsch),warmesblau,warmes blau,Warmes blau,p3,0.49079,0.231497,0.826859,5,3,full,white,en,en,2.1.2,
ede274d3-ca84-476e-a724-9cfe470c9073,de,German (Deutsch),grun,grün,Grün,p3,0.937758,0.987212,0.780588,5,4,full,white,en,en,2.1.2,
ede274d3-ca84-476e-a724-9cfe470c9073,de,German (Deutsch),schwarz,schwarz,Schwarz,p3,0.157416,0.131354,0.164694,5,5,full,white,en,en,2.1.2,
ede274d3-ca84-476e-a724-9cfe470c9073,de,German (Deutsch),grun,grün,Grün,p3,0.280467,0.537496,0.268351,5,6,full,white,en,en,2.1.2,
ede274d3-ca84-476e-a724-9cfe470c9073,de,German (Deutsch),marineblau,marineblau,Marineblau,p3,0.240958,0.171813,0.3748,5,7,full,white,en,en,2.1.2,
ede274d3-ca84-476e-a724-9cfe470c9073,de,German (Deutsch),kuhlesblau,kühles blau,Kühles blau,p3,0.334967,0.100232,0.661048,5,8,full,white,en,en,2.1.2,
ede274d3-ca84-476e-a724-9cfe470c9073,de,German (Deutsch),fuchsia,fuchsia,Fuchsia,p3,0.877337,0.344326,0.916094,5,9,full,white,en,en,2.1.2,
ede274d3-ca84-476e-a724-9cfe470c9073,de,German (Deutsch),mittelblau,mittelblau,Mittelblau,p3,0.219287,0.655483,0.862943,5,10,full,white,en,en,2.1.2,
ede274d3-ca84-476e-a724-9cfe470c9073,de,German (Deutsch),grun,grün,Grün,p3,0.245703,0.793899,0.481564,5,11,full,white,en,en,2.1.2,
6e8ac315-c66a-4f31-9965-6179a6b61140,de,German (Deutsch),braun,braun,braun,p3,0.202474,0.137432,0.002777,1,0,full,white,en,de,2.1.2,
6e8ac315-c66a-4f31-9965-6179a6b61140,de,German (Deutsch),grun,grün,grün,p3,0.265493,0.395773,0.329173,1,1,full,white,en,de,2.1.2,
6e8ac315-c66a-4f31-9965-6179a6b61140,de,German (Deutsch),rosa,rosa,rosa,p3,0.7843,0.611111,0.801781,1,2,full,white,en,de,2.1.2,
6e8ac315-c66a-4f31-9965-6179a6b61140,de,German (Deutsch),pink,pink,pink,p3,0.756448,0.43206,0.738829,1,3,full,white,en,de,2.1.2,
6e8ac315-c66a-4f31-9965-6179a6b61140,de,German (Deutsch),beige,beige,beige,p3,0.987187,0.880936,0.818052,1,4,full,white,en,de,2.1.2,
6e8ac315-c66a-4f31-9965-6179a6b61140,de,German (Deutsch),schwarz,schwarz,schwarz,p3,0,0,0,1,5,full,white,en,de,2.1.2,
6e8ac315-c66a-4f31-9965-6179a6b61140,de,German (Deutsch),taupe,taupe,taupe,p3,0.490722,0.422559,0.507184,1,6,full,white,en,de,2.1.2,
6e8ac315-c66a-4f31-9965-6179a6b61140,de,German (Deutsch),korall,korall,korall,p3,0.988641,0.467958,0.631162,1,7,full,white,en,de,2.1.2,
6e8ac315-c66a-4f31-9965-6179a6b61140,de,German (Deutsch),turkisgrun,türkis grün,türkis grün,p3,0.399776,0.96528,0.703656,1,8,full,white,en,de,2.1.2,
6e8ac315-c66a-4f31-9965-6179a6b61140,de,German (Deutsch),senfgelb,senfgelb,senfgelb,p3,0.828216,0.690778,0.293718,1,9,full,white,en,de,2.1.2,
6e8ac315-c66a-4f31-9965-6179a6b61140,de,German (Deutsch),lilablau,lilablau,lilablau,p3,0.267429,0.295899,0.521825,1,10,full,white,en,de,2.1.2,
6e8ac315-c66a-4f31-9965-6179a6b61140,de,German (Deutsch),hellbraun,hellbraun,hellbraun,p3,0.423277,0.308122,0.279624,1,11,full,white,en,de,2.1.2,
6e8ac315-c66a-4f31-9965-6179a6b61140,de,German (Deutsch),grun,grün,grün,p3,0.430767,0.761934,0.494636,3,0,full,white,en,de,2.1.2,
6e8ac315-c66a-4f31-9965-6179a6b61140,de,German (Deutsch),lila,lila,lila,p3,0.613971,0.283144,0.73596,3,1,full,white,en,de,2.1.2,
6e8ac315-c66a-4f31-9965-6179a6b61140,de,German (Deutsch),marineblau,marineblau,marineblau,p3,0.107407,0.194439,0.4068,3,2,full,white,en,de,2.1.2,
6e8ac315-c66a-4f31-9965-6179a6b61140,de,German (Deutsch),magenta,magenta,magenta,p3,0.674825,0.193264,0.45335,3,3,full,white,en,de,2.1.2,
6e8ac315-c66a-4f31-9965-6179a6b61140,de,German (Deutsch),beige,beige,beige,p3,0.820338,0.615868,0.530482,3,4,full,white,en,de,2.1.2,
6e8ac315-c66a-4f31-9965-6179a6b61140,de,German (Deutsch),pink,pink,pink,p3,0.956566,0.104428,0.853488,3,5,full,white,en,de,2.1.2,
6e8ac315-c66a-4f31-9965-6179a6b61140,de,German (Deutsch),hellgrun,hellgrün,hellgrün,p3,0.684225,0.821369,0.598674,3,6,full,white,en,de,2.1.2,
6e8ac315-c66a-4f31-9965-6179a6b61140,de,German (Deutsch),grau,grau,grau,p3,0.575329,0.634544,0.730709,3,7,full,white,en,de,2.1.2,
6e8ac315-c66a-4f31-9965-6179a6b61140,de,German (Deutsch),grellgrun,grell grün,grell grün,p3,0.348407,0.897801,0.021897,3,8,full,white,en,de,2.1.2,
6e8ac315-c66a-4f31-9965-6179a6b61140,de,German (Deutsch),violett,violett,violett,p3,0.395481,0.261582,0.877147,3,9,full,white,en,de,2.1.2,
6e8ac315-c66a-4f31-9965-6179a6b61140,de,German (Deutsch),grun,grün,grün,p3,0.267791,0.600426,0.275141,3,10,full,white,en,de,2.1.2,
6e8ac315-c66a-4f31-9965-6179a6b61140,de,German (Deutsch),orange,orange,orange,p3,0.886292,0.34891,0.059543,3,11,full,white,en,de,2.1.2,
6e8ac315-c66a-4f31-9965-6179a6b61140,de,German (Deutsch),pink,pink,pink,p3,0.880217,0.22891,0.51774,5,0,full,white,en,de,2.1.2,
6e8ac315-c66a-4f31-9965-6179a6b61140,de,German (Deutsch),grun,grün,grün,p3,0.706712,0.94987,0.486337,5,1,full,white,en,de,2.1.2,
6e8ac315-c66a-4f31-9965-6179a6b61140,de,German (Deutsch),blau,blau,blau,p3,0.1437,0.4489,0.882806,5,2,full,white,en,de,2.1.2,
6e8ac315-c66a-4f31-9965-6179a6b61140,de,German (Deutsch),hellblau,hellblau,hellblau,p3,0.382518,0.741378,0.953296,5,3,full,white,en,de,2.1.2,
6e8ac315-c66a-4f31-9965-6179a6b61140,de,German (Deutsch),weinrot,weinrot,weinrot,p3,0.426914,0.030515,0.18428,5,4,full,white,en,de,2.1.2,
6e8ac315-c66a-4f31-9965-6179a6b61140,de,German (Deutsch),lila,lila,lila,p3,0.183893,0.016519,0.259291,5,5,full,white,en,de,2.1.2,
6e8ac315-c66a-4f31-9965-6179a6b61140,de,German (Deutsch),grun,grün,grün,p3,0.598735,0.63274,0.462308,5,6,full,white,en,de,2.1.2,
6e8ac315-c66a-4f31-9965-6179a6b61140,de,German (Deutsch),ziegelorange,ziegelorange,ziegelorange,p3,0.678347,0.349593,0.254281,5,7,full,white,en,de,2.1.2,
6e8ac315-c66a-4f31-9965-6179a6b61140,de,German (Deutsch),olivgrun,olivgrün,olivgrün,p3,0.505559,0.515639,0.200941,5,8,full,white,en,de,2.1.2,
6e8ac315-c66a-4f31-9965-6179a6b61140,de,German (Deutsch),himmelblau,himmelblau,himmelblau,p3,0.725057,0.881093,0.97418,5,9,full,white,en,de,2.1.2,
6e8ac315-c66a-4f31-9965-6179a6b61140,de,German (Deutsch),turkis,türkis,türkis,p3,0.360941,0.710403,0.696785,5,10,full,white,en,de,2.1.2,
6e8ac315-c66a-4f31-9965-6179a6b61140,de,German (Deutsch),lila,lila,lila,p3,0.458341,0.469907,0.917018,5,11,full,white,en,de,2.1.2,
e2cac47a-d35e-449b-91ac-17674e79aaf6,de,German (Deutsch),mintgrun,mintgrün,Mintgrün,p3,0.652594,0.89723,0.703213,1,0,full,white,en,en,2.1.2,
e2cac47a-d35e-449b-91ac-17674e79aaf6,de,German (Deutsch),dunkelbeige,dunkelbeige,Dunkelbeige,p3,0.665072,0.613837,0.578144,1,1,full,white,en,en,2.1.2,
e2cac47a-d35e-449b-91ac-17674e79aaf6,de,German (Deutsch),grun,grün,Grün,p3,0.14905,0.564365,0.333605,1,2,full,white,en,en,2.1.2,
e2cac47a-d35e-449b-91ac-17674e79aaf6,de,German (Deutsch),violett,violett,Violett,p3,0.309322,0.132289,0.337021,1,3,full,white,en,en,2.1.2,
e2cac47a-d35e-449b-91ac-17674e79aaf6,de,German (Deutsch),rosa,rosa,Rosa,p3,0.848919,0.201028,0.469409,1,4,full,white,en,en,2.1.2,
e2cac47a-d35e-449b-91ac-17674e79aaf6,de,German (Deutsch),lila,lila,Lila,p3,0.471464,0.136132,0.849526,1,5,full,white,en,en,2.1.2,
e2cac47a-d35e-449b-91ac-17674e79aaf6,de,German (Deutsch),pink,pink,Pink,p3,0.853222,0.275329,0.741419,1,6,full,white,en,en,2.1.2,
e2cac47a-d35e-449b-91ac-17674e79aaf6,de,German (Deutsch),lilac,lilac,Lilac,p3,0.634677,0.558917,0.945692,1,7,full,white,en,en,2.1.2,
e2cac47a-d35e-449b-91ac-17674e79aaf6,de,German (Deutsch),neongrun,neongrün,Neongrün,p3,0.13215,0.937737,0.418395,1,8,full,white,en,en,2.1.2,
e2cac47a-d35e-449b-91ac-17674e79aaf6,de,German (Deutsch),dunkelgrun,dunkelgrün,Dunkelgrün,p3,0.171198,0.253619,0.216668,1,9,full,white,en,en,2.1.2,
e2cac47a-d35e-449b-91ac-17674e79aaf6,de,German (Deutsch),turkis,türkis,Türkis,p3,0.140646,0.404388,0.410822,1,10,full,white,en,en,2.1.2,
e2cac47a-d35e-449b-91ac-17674e79aaf6,de,German (Deutsch),blau,blau,Blau,p3,0.269995,0.421171,0.736513,1,11,full,white,en,en,2.1.2,
e2cac47a-d35e-449b-91ac-17674e79aaf6,de,German (Deutsch),indigo,indigo,Indigo,p3,0.709974,0.775534,0.884626,3,0,full,white,en,en,2.1.2,
e2cac47a-d35e-449b-91ac-17674e79aaf6,de,German (Deutsch),blau,blau,Blau,p3,0.471729,0.514254,0.665781,3,1,full,white,en,en,2.1.2,
e2cac47a-d35e-449b-91ac-17674e79aaf6,de,German (Deutsch),pink,pink,Pink,p3,0.728342,0.09669,0.978218,3,2,full,white,en,en,2.1.2,
e2cac47a-d35e-449b-91ac-17674e79aaf6,de,German (Deutsch),olivgrun,olivgrün,Olivgrün,p3,0.591678,0.548723,0.16893,3,3,full,white,en,en,2.1.2,
e2cac47a-d35e-449b-91ac-17674e79aaf6,de,German (Deutsch),himmelblau,himmelblau,Himmelblau,p3,0.124318,0.607733,0.874614,3,4,full,white,en,en,2.1.2,
e2cac47a-d35e-449b-91ac-17674e79aaf6,de,German (Deutsch),nachtblau,nachtblau,Nachtblau,p3,0.214597,0.235647,0.48545,3,5,full,white,en,en,2.1.2,
e2cac47a-d35e-449b-91ac-17674e79aaf6,de,German (Deutsch),violett,violett,Violett,p3,0.538029,0.129768,0.396043,3,6,full,white,en,en,2.1.2,
e2cac47a-d35e-449b-91ac-17674e79aaf6,de,German (Deutsch),hellgrun,hellgrün,Hellgrün,p3,0.480422,0.811993,0.182034,3,7,full,white,en,en,2.1.2,
e2cac47a-d35e-449b-91ac-17674e79aaf6,de,German (Deutsch),braun,braun,Braun,p3,0.362439,0.328859,0.277283,3,8,full,white,en,en,2.1.2,
e2cac47a-d35e-449b-91ac-17674e79aaf6,de,German (Deutsch),dunkelrot,dunkelrot,Dunkelrot,p3,0.653674,0.166468,0.184152,3,9,full,white,en,en,2.1.2,
e2cac47a-d35e-449b-91ac-17674e79aaf6,de,German (Deutsch),gelb,gelb,Gelb,p3,0.91941,0.821024,0.415165,3,10,full,white,en,en,2.1.2,
e2cac47a-d35e-449b-91ac-17674e79aaf6,de,German (Deutsch),dunkelblau,dunkelblau,Dunkelblau,p3,0.129203,0.009564,0.358182,3,11,full,white,en,en,2.1.2,
e2cac47a-d35e-449b-91ac-17674e79aaf6,de,German (Deutsch),sonnengelb,sonnengelb,Sonnengelb,p3,0.966854,0.580871,0.371706,5,0,full,white,en,en,2.1.2,
e2cac47a-d35e-449b-91ac-17674e79aaf6,de,German (Deutsch),kaminrot,kaminrot,Kaminrot,p3,0.351441,0.086136,0.092378,5,1,full,white,en,en,2.1.2,
e2cac47a-d35e-449b-91ac-17674e79aaf6,de,German (Deutsch),lila,lila,Lila,p3,0.455704,0.369539,0.883549,5,2,full,white,en,en,2.1.2,
e2cac47a-d35e-449b-91ac-17674e79aaf6,de,German (Deutsch),rosa,rosa,Rosa,p3,0.951026,0.875149,0.963982,5,3,full,white,en,en,2.1.2,
e2cac47a-d35e-449b-91ac-17674e79aaf6,de,German (Deutsch),altrosa,altrosa,Altrosa,p3,0.793393,0.549494,0.701764,5,4,full,white,en,en,2.1.2,
e2cac47a-d35e-449b-91ac-17674e79aaf6,de,German (Deutsch),lila,lila,Lila,p3,0.651844,0.30765,0.719828,5,5,full,white,en,en,2.1.2,
e2cac47a-d35e-449b-91ac-17674e79aaf6,de,German (Deutsch),dunkellila,dunkellila,Dunkellila,p3,0.4705,0.313583,0.540872,5,6,full,white,en,en,2.1.2,
e2cac47a-d35e-449b-91ac-17674e79aaf6,de,German (Deutsch),turkis,türkis,Türkis,p3,0.123055,0.929147,0.98409,5,7,full,white,en,en,2.1.2,
e2cac47a-d35e-449b-91ac-17674e79aaf6,de,German (Deutsch),braun,braun,Braun,p3,0.679372,0.394106,0.194715,5,8,full,white,en,en,2.1.2,
e2cac47a-d35e-449b-91ac-17674e79aaf6,de,German (Deutsch),pink,pink,Pink,p3,0.953418,0.392448,0.997923,5,9,full,white,en,en,2.1.2,
e2cac47a-d35e-449b-91ac-17674e79aaf6,de,German (Deutsch),schwarz,schwarz,Schwarz,p3,0.102662,0.044375,0.123271,5,10,full,white,en,en,2.1.2,
e2cac47a-d35e-449b-91ac-17674e79aaf6,de,German (Deutsch),rosa,rosa,Rosa,p3,0.871227,0.422729,0.474705,5,11,full,white,en,en,2.1.2,
67964da2-117b-4e12-bc99-cf2d05cde64e,de,German (Deutsch),dunkelgrun,dunkel grün,Dunkel Grün,p3,0.312628,0.47037,0.393949,1,0,full,white,en,de,2.1.2,
67964da2-117b-4e12-bc99-cf2d05cde64e,de,German (Deutsch),schwefelgelb,schwefelgelb,Schwefelgelb,p3,0.587739,0.527934,0.0882869,1,1,full,white,en,de,2.1.2,
67964da2-117b-4e12-bc99-cf2d05cde64e,de,German (Deutsch),lila,lila,Lila,p3,0.387485,0.133767,0.79868,1,2,full,white,en,de,2.1.2,
67964da2-117b-4e12-bc99-cf2d05cde64e,de,German (Deutsch),rosa,rosa,Rosa,p3,0.927363,0.764393,0.830322,1,3,full,white,en,de,2.1.2,
67964da2-117b-4e12-bc99-cf2d05cde64e,de,German (Deutsch),magenta,magenta,Magenta,p3,0.749586,0.299683,0.590439,1,4,full,white,en,de,2.1.2,
67964da2-117b-4e12-bc99-cf2d05cde64e,de,German (Deutsch),turkisgrun,türkis grün,Türkis grün,p3,0.481232,0.896449,0.606131,1,5,full,white,en,de,2.1.2,
67964da2-117b-4e12-bc99-cf2d05cde64e,de,German (Deutsch),azul,azul,Azul,p3,0.330981,0.768292,0.848175,1,6,full,white,en,de,2.1.2,
67964da2-117b-4e12-bc99-cf2d05cde64e,de,German (Deutsch),dunkelblau,dunkel blau,Dunkel blau,p3,0.232393,0.381425,0.68991,1,7,full,white,en,de,2.1.2,
67964da2-117b-4e12-bc99-cf2d05cde64e,de,German (Deutsch),neonblau,neon blau,Neon Blau,p3,0.197041,0.927937,0.93882,1,8,full,white,en,de,2.1.2,
67964da2-117b-4e12-bc99-cf2d05cde64e,de,German (Deutsch),traubenlila,traubenlila,Traubenlila,p3,0.383479,0.17018,0.416135,1,9,full,white,en,de,2.1.2,
67964da2-117b-4e12-bc99-cf2d05cde64e,de,German (Deutsch),schwarz,schwarz,Schwarz,p3,0.0124815,0.00142408,0.0971091,1,10,full,white,en,de,2.1.2,
67964da2-117b-4e12-bc99-cf2d05cde64e,de,German (Deutsch),himmelblau,himmelblau,Himmelblau,p3,0.641223,0.990408,0.994369,1,11,full,white,en,de,2.1.2,
67964da2-117b-4e12-bc99-cf2d05cde64e,de,German (Deutsch),pink,pink,Pink,p3,0.867982,0.466772,0.718145,3,0,full,white,en,de,2.1.2,
67964da2-117b-4e12-bc99-cf2d05cde64e,de,German (Deutsch),blau,blau,Blau,p3,0.450969,0.596024,0.89298,3,1,full,white,en,de,2.1.2,
67964da2-117b-4e12-bc99-cf2d05cde64e,de,German (Deutsch),lila,lila,Lila,p3,0.581811,0.25433,0.937347,3,2,full,white,en,de,2.1.2,
67964da2-117b-4e12-bc99-cf2d05cde64e,de,German (Deutsch),grau,grau,Grau,p3,0.506771,0.575762,0.57295,3,3,full,white,en,de,2.1.2,
67964da2-117b-4e12-bc99-cf2d05cde64e,de,German (Deutsch),pastellila,pastel lila,Pastel lila,p3,0.627706,0.477079,0.932503,3,4,full,white,en,de,2.1.2,
67964da2-117b-4e12-bc99-cf2d05cde64e,de,German (Deutsch),schwarz,schwarz,Schwarz,p3,0.0137755,0.053872,0.0133381,3,5,full,white,en,de,2.1.2,
67964da2-117b-4e12-bc99-cf2d05cde64e,de,German (Deutsch),rotlila,rot lila,Rot Lila,p3,0.32516,0.00831614,0.248422,3,6,full,white,en,de,2.1.2,
67964da2-117b-4e12-bc99-cf2d05cde64e,de,German (Deutsch),dunkelgrun,dunkel grün,Dunkel grün,p3,0.0646364,0.201544,0.0785567,3,7,full,white,en,de,2.1.2,
67964da2-117b-4e12-bc99-cf2d05cde64e,de,German (Deutsch),grun,grün,Grün,p3,0.116975,0.86398,0.403879,3,8,full,white,en,de,2.1.2,
67964da2-117b-4e12-bc99-cf2d05cde64e,de,German (Deutsch),bananengelb,bananen gelb,Bananen gelb,p3,0.999931,0.997201,0.445085,3,9,full,white,en,de,2.1.2,
67964da2-117b-4e12-bc99-cf2d05cde64e,de,German (Deutsch),waldgrun,wald grün,Wald grün,p3,0.0389738,0.514749,0.0160952,3,10,full,white,en,de,2.1.2,
67964da2-117b-4e12-bc99-cf2d05cde64e,de,German (Deutsch),pastelorange,pastel orange,Pastel Orange,p3,0.960295,0.646762,0.454495,3,11,full,white,en,de,2.1.2,
67964da2-117b-4e12-bc99-cf2d05cde64e,de,German (Deutsch),blau,blau,Blau,p3,0.151573,0.494722,0.892947,5,0,full,white,en,de,2.1.2,
67964da2-117b-4e12-bc99-cf2d05cde64e,de,German (Deutsch),gelb,gelb,Gelb,p3,0.772374,0.708535,0.256203,5,1,full,white,en,de,2.1.2,
67964da2-117b-4e12-bc99-cf2d05cde64e,de,German (Deutsch),weinrot,wein rot,Wein Rot,p3,0.486912,0.220491,0.185082,5,2,full,white,en,de,2.1.2,
67964da2-117b-4e12-bc99-cf2d05cde64e,de,German (Deutsch),pink,pink,Pink,p3,0.590265,0.105413,0.578148,5,3,full,white,en,de,2.1.2,
67964da2-117b-4e12-bc99-cf2d05cde64e,de,German (Deutsch),turkis,türkis,Türkis,p3,0.141599,0.301148,0.296702,5,4,full,white,en,de,2.1.2,
67964da2-117b-4e12-bc99-cf2d05cde64e,de,German (Deutsch),dunkelblau,dunkel blau,Dunkel blau,p3,0.161092,0.00745888,0.378575,5,5,full,white,en,de,2.1.2,
67964da2-117b-4e12-bc99-cf2d05cde64e,de,German (Deutsch),rot,rot,Rot,p3,0.551208,0.350521,0.39997,5,6,full,white,en,de,2.1.2,
67964da2-117b-4e12-bc99-cf2d05cde64e,de,German (Deutsch),grun,grün,Grün,p3,0.26725,0.385819,0.0235751,5,7,full,white,en,de,2.1.2,
67964da2-117b-4e12-bc99-cf2d05cde64e,de,German (Deutsch),rot,rot,Rot,p3,0.335711,0.0224846,0.00156294,5,8,full,white,en,de,2.1.2,
67964da2-117b-4e12-bc99-cf2d05cde64e,de,German (Deutsch),grun,grün,Grün,p3,0.518862,0.709306,0.477251,5,9,full,white,en,de,2.1.2,
67964da2-117b-4e12-bc99-cf2d05cde64e,de,German (Deutsch),gelb,gelb,Gelb,p3,0.889969,0.868786,0.661589,5,10,full,white,en,de,2.1.2,
67964da2-117b-4e12-bc99-cf2d05cde64e,de,German (Deutsch),beige,beige,Beige,p3,0.74118,0.706017,0.664234,5,11,full,white,en,de,2.1.2,
41d289f9-0cda-422e-b0e9-cf0387f7fd2c,de,German (Deutsch),dunkelturkis,dunkel türkis,Dunkel türkis,rgb,85,136,152,1,0,full,white,en,en,2.1.2,
41d289f9-0cda-422e-b0e9-cf0387f7fd2c,de,German (Deutsch),dunkelblau,dunkel blau,Dunkel blau,rgb,78,32,175,1,1,full,white,en,en,2.1.2,
41d289f9-0cda-422e-b0e9-cf0387f7fd2c,de,German (Deutsch),mossgrun,moss grün,Moss grün,rgb,60,109,2,1,2,full,white,en,en,2.1.2,
41d289f9-0cda-422e-b0e9-cf0387f7fd2c,de,German (Deutsch),navyblau,navy blau,Navy blau,rgb,50,71,132,1,3,full,white,en,en,2.1.2,
41d289f9-0cda-422e-b0e9-cf0387f7fd2c,de,German (Deutsch),gelbgrun,gelb grün,Gelb-grün,rgb,204,232,134,1,4,full,white,en,en,2.1.2,
41d289f9-0cda-422e-b0e9-cf0387f7fd2c,de,German (Deutsch),dunkelgrun,dunkel grün,Dunkel grün,rgb,2,60,57,1,5,full,white,en,en,2.1.2,
41d289f9-0cda-422e-b0e9-cf0387f7fd2c,de,German (Deutsch),braun,braun,Braun,rgb,87,45,68,1,6,full,white,en,en,2.1.2,
41d289f9-0cda-422e-b0e9-cf0387f7fd2c,de,German (Deutsch),hellgrun,hell grün,Hell grün,rgb,183,238,123,1,7,full,white,en,en,2.1.2,
41d289f9-0cda-422e-b0e9-cf0387f7fd2c,de,German (Deutsch),orange,orange,Orange,rgb,237,182,68,1,8,full,white,en,en,2.1.2,
41d289f9-0cda-422e-b0e9-cf0387f7fd2c,de,German (Deutsch),grun,grün,Grün,rgb,128,208,55,1,9,full,white,en,en,2.1.2,
41d289f9-0cda-422e-b0e9-cf0387f7fd2c,de,German (Deutsch),pink,pink,Pink,rgb,252,97,179,1,10,full,white,en,en,2.1.2,
41d289f9-0cda-422e-b0e9-cf0387f7fd2c,de,German (Deutsch),grun,grün,Grün,rgb,85,189,70,1,11,full,white,en,en,2.1.2,
41d289f9-0cda-422e-b0e9-cf0387f7fd2c,de,German (Deutsch),hotpink,hot pink,Hot pink,rgb,238,102,201,3,0,full,white,en,en,2.1.2,
41d289f9-0cda-422e-b0e9-cf0387f7fd2c,de,German (Deutsch),neonturkis,neon türkis,Neon türkis,rgb,82,230,217,3,1,full,white,en,en,2.1.2,
41d289f9-0cda-422e-b0e9-cf0387f7fd2c,de,German (Deutsch),beige,beige,Beige,rgb,212,207,170,3,2,full,white,en,en,2.1.2,
41d289f9-0cda-422e-b0e9-cf0387f7fd2c,de,German (Deutsch),mitternachtschwarz,mitternacht schwarz,Mitternacht schwarz,rgb,2,6,10,3,3,full,white,en,en,2.1.2,
41d289f9-0cda-422e-b0e9-cf0387f7fd2c,de,German (Deutsch),hellgrun,hell grün,Hell grün,rgb,198,235,130,3,4,full,white,en,en,2.1.2,
41d289f9-0cda-422e-b0e9-cf0387f7fd2c,de,German (Deutsch),grau,grau,Grau,rgb,145,160,172,3,5,full,white,en,en,2.1.2,
41d289f9-0cda-422e-b0e9-cf0387f7fd2c,de,German (Deutsch),stummgeschaltetrot,stummgeschaltet rot,stummgeschaltet rot,rgb,192,85,103,3,6,full,white,en,en,2.1.2,
41d289f9-0cda-422e-b0e9-cf0387f7fd2c,de,German (Deutsch),beige,beige,Beige,rgb,184,139,131,3,7,full,white,en,en,2.1.2,
41d289f9-0cda-422e-b0e9-cf0387f7fd2c,de,German (Deutsch),stummgeschaltet,stummgeschaltet,stummgeschaltet,rgb,102,97,147,3,8,full,white,en,en,2.1.2,
41d289f9-0cda-422e-b0e9-cf0387f7fd2c,de,German (Deutsch),pastelpink,pastel pink,Pastel pink,rgb,218,181,204,3,9,full,white,en,en,2.1.2,
41d289f9-0cda-422e-b0e9-cf0387f7fd2c,de,German (Deutsch),pasteldunkelblau,pastel dunkel blau,Pastel dunkel blau,rgb,140,157,215,3,10,full,white,en,en,2.1.2,
41d289f9-0cda-422e-b0e9-cf0387f7fd2c,de,German (Deutsch),lila,lila,Lila,rgb,148,101,166,3,11,full,white,en,en,2.1.2,
ddd5f904-7119-414e-a74d-932e5be2ea7a,de,German (Deutsch),dunkelblau,dunkelblau,dunkelblau,p3,0.0725341,0.0719181,0.437839,1,0,full,white,en,en,2.1.2,
ddd5f904-7119-414e-a74d-932e5be2ea7a,de,German (Deutsch),lila,lila,lila,p3,0.553348,0.312526,0.895265,1,1,full,white,en,en,2.1.2,
ddd5f904-7119-414e-a74d-932e5be2ea7a,de,German (Deutsch),turkis,türkis,türkis,p3,0.581576,0.964506,0.925859,1,2,full,white,en,en,2.1.2,
ddd5f904-7119-414e-a74d-932e5be2ea7a,de,German (Deutsch),braun,braun,braun,p3,0.375836,0.171368,0.0952871,1,3,full,white,en,en,2.1.2,
ddd5f904-7119-414e-a74d-932e5be2ea7a,de,German (Deutsch),magenta,magenta,magenta,p3,0.751588,0.128031,0.621675,1,4,full,white,en,en,2.1.2,
ddd5f904-7119-414e-a74d-932e5be2ea7a,de,German (Deutsch),blassgrun,blassgrün,blassgrün,p3,0.765158,0.835206,0.755327,1,5,full,white,en,en,2.1.2,
ddd5f904-7119-414e-a74d-932e5be2ea7a,de,German (Deutsch),rosa,rosa,rosa,p3,0.888566,0.620451,0.745191,1,6,full,white,en,en,2.1.2,
ddd5f904-7119-414e-a74d-932e5be2ea7a,de,German (Deutsch),oliv,oliv,oliv,p3,0.440839,0.469161,0.305478,1,7,full,white,en,en,2.1.2,
ddd5f904-7119-414e-a74d-932e5be2ea7a,de,German (Deutsch),petrol,petrol,petrol,p3,0.114201,0.271475,0.29923,1,8,full,white,en,en,2.1.2,
ddd5f904-7119-414e-a74d-932e5be2ea7a,de,German (Deutsch),neonblau,neonblau,neonblau,p3,0.122943,0.88489,0.877216,1,9,full,white,en,en,2.1.2,
ddd5f904-7119-414e-a74d-932e5be2ea7a,de,German (Deutsch),eigelb,eigelb,eigelb,p3,0.954855,0.794663,0.357626,1,10,full,white,en,en,2.1.2,
ddd5f904-7119-414e-a74d-932e5be2ea7a,de,German (Deutsch),dunkelrot,dunkelrot,dunkelrot,p3,0.344167,0.0532857,0.252704,1,11,full,white,en,en,2.1.2,
ddd5f904-7119-414e-a74d-932e5be2ea7a,de,German (Deutsch),waldgrun,waldgrün,waldgrün,p3,0.231197,0.426905,0.0736459,3,0,full,white,en,en,2.1.2,
ddd5f904-7119-414e-a74d-932e5be2ea7a,de,German (Deutsch),lila,lila,lila,p3,0.458954,0.22132,0.401898,3,1,full,white,en,en,2.1.2,
ddd5f904-7119-414e-a74d-932e5be2ea7a,de,German (Deutsch),neongrun,neongrün,neongrün,p3,0.158082,0.772134,0.0221589,3,2,full,white,en,en,2.1.2,
ddd5f904-7119-414e-a74d-932e5be2ea7a,de,German (Deutsch),teal,teal,teal,p3,0.287748,0.64693,0.620658,3,3,full,white,en,en,2.1.2,
ddd5f904-7119-414e-a74d-932e5be2ea7a,de,German (Deutsch),hotpink,hot pink,hot pink,p3,0.931535,0.243184,0.586642,3,4,full,white,en,en,2.1.2,
ddd5f904-7119-414e-a74d-932e5be2ea7a,de,German (Deutsch),schwarz,schwarz,schwarz,p3,0.171915,0.144933,0.205857,3,5,full,white,en,en,2.1.2,
ddd5f904-7119-414e-a74d-932e5be2ea7a,de,German (Deutsch),neongelb,neongelb,neongelb,p3,0.858809,0.950165,0.197004,3,6,full,white,en,en,2.1.2,
ddd5f904-7119-414e-a74d-932e5be2ea7a,de,German (Deutsch),dunkelrosa,dunkelrosa,dunkelrosa,p3,0.658449,0.440239,0.395069,3,7,full,white,en,en,2.1.2,
ddd5f904-7119-414e-a74d-932e5be2ea7a,de,German (Deutsch),ocker,ocker,ocker,p3,0.613851,0.57769,0.347597,3,8,full,white,en,en,2.1.2,
ddd5f904-7119-414e-a74d-932e5be2ea7a,de,German (Deutsch),dunkelgrun,dunkelgrün,dunkelgrün,p3,0.120037,0.239085,0.0362474,3,9,full,white,en,en,2.1.2,
ddd5f904-7119-414e-a74d-932e5be2ea7a,de,German (Deutsch),pastelllila,pastelllila,pastelllila,p3,0.784773,0.708234,0.972251,3,10,full,white,en,en,2.1.2,
ddd5f904-7119-414e-a74d-932e5be2ea7a,de,German (Deutsch),lila,lila,lila,p3,0.653804,0.390005,0.683938,3,11,full,white,en,en,2.1.2,
ddd5f904-7119-414e-a74d-932e5be2ea7a,de,German (Deutsch),blau,blau,blau,p3,0.196796,0.458123,0.811628,5,0,full,white,en,en,2.1.2,
ddd5f904-7119-414e-a74d-932e5be2ea7a,de,German (Deutsch),graublau,graublau,graublau,p3,0.576486,0.646825,0.784195,5,1,full,white,en,en,2.1.2,
ddd5f904-7119-414e-a74d-932e5be2ea7a,de,German (Deutsch),rot,rot,rot,p3,0.740883,0.271044,0.286095,5,2,full,white,en,en,2.1.2,
ddd5f904-7119-414e-a74d-932e5be2ea7a,de,German (Deutsch),lachs,lachs,lachs,p3,0.994649,0.462222,0.501726,5,3,full,white,en,en,2.1.2,
ddd5f904-7119-414e-a74d-932e5be2ea7a,de,German (Deutsch),lavendel,lavendel,Lavendel,p3,0.736971,0.550383,0.910541,5,4,full,white,en,en,2.1.2,
ddd5f904-7119-414e-a74d-932e5be2ea7a,de,German (Deutsch),blau,blau,blau,p3,0.290654,0.72223,0.931496,5,5,full,white,en,en,2.1.2,
ddd5f904-7119-414e-a74d-932e5be2ea7a,de,German (Deutsch),dunkelblau,dunkelblau,dunkelblau,p3,0.0258603,0.0624954,0.212176,5,6,full,white,en,en,2.1.2,
ddd5f904-7119-414e-a74d-932e5be2ea7a,de,German (Deutsch),grau,grau,grau,p3,0.369723,0.42184,0.502827,5,7,full,white,en,en,2.1.2,
ddd5f904-7119-414e-a74d-932e5be2ea7a,de,German (Deutsch),grun,grün,grün,p3,0.326603,0.642758,0.274514,5,8,full,white,en,en,2.1.2,
ddd5f904-7119-414e-a74d-932e5be2ea7a,de,German (Deutsch),hellgrun,hellgrün,hellgrün,p3,0.704765,0.864373,0.483556,5,9,full,white,en,en,2.1.2,
ddd5f904-7119-414e-a74d-932e5be2ea7a,de,German (Deutsch),konigsblau,königsblau,königsblau,p3,0.174874,0.169122,0.792541,5,10,full,white,en,en,2.1.2,
ddd5f904-7119-414e-a74d-932e5be2ea7a,de,German (Deutsch),neongrun,neongrün,neongrün,p3,0.257676,0.998412,0.440205,5,11,full,white,en,en,2.1.2,
c2be2008-aed4-49d5-beb3-6e65c83b0244,de,German (Deutsch),pink,pink,Pink,p3,1,0,0.849419,1,0,line,white,en,de,2.1.2,
c2be2008-aed4-49d5-beb3-6e65c83b0244,de,German (Deutsch),neongrun,neongrün,Neongrün,p3,0.39173,1,0,1,1,line,white,en,de,2.1.2,
c2be2008-aed4-49d5-beb3-6e65c83b0244,de,German (Deutsch),lila,lila,Lila,p3,0.682483,0,1,1,2,line,white,en,de,2.1.2,
c2be2008-aed4-49d5-beb3-6e65c83b0244,de,German (Deutsch),magenta,magenta,Magenta,p3,1,0,0.388123,1,3,line,white,en,de,2.1.2,
c2be2008-aed4-49d5-beb3-6e65c83b0244,de,German (Deutsch),turkis,türkis,Türkis,p3,0,1,0.859126,1,4,line,white,en,de,2.1.2,
c2be2008-aed4-49d5-beb3-6e65c83b0244,de,German (Deutsch),mintgrun,mintgrün,Mintgrün,p3,0,1,0.599815,1,5,line,white,en,de,2.1.2,
c2be2008-aed4-49d5-beb3-6e65c83b0244,de,German (Deutsch),neongrun,neongrün,Neongrün,p3,0,1,0.170018,1,6,line,white,en,de,2.1.2,
c2be2008-aed4-49d5-beb3-6e65c83b0244,de,German (Deutsch),orange,orange,Orange,p3,1,0.510981,0,1,7,line,white,en,de,2.1.2,
c2be2008-aed4-49d5-beb3-6e65c83b0244,de,German (Deutsch),dunkelblau,dunkelblau,Dunkelblau,p3,0.11421,0,1,1,8,line,white,en,de,2.1.2,
c2be2008-aed4-49d5-beb3-6e65c83b0244,de,German (Deutsch),hellblau,hellblau,Hellblau,p3,0,0.715447,1,1,9,line,white,en,de,2.1.2,
c2be2008-aed4-49d5-beb3-6e65c83b0244,de,German (Deutsch),blau,blau,Blau,p3,0,0.515221,1,1,10,line,white,en,de,2.1.2,
c2be2008-aed4-49d5-beb3-6e65c83b0244,de,German (Deutsch),aquamarin,aquamarin,Aquamarin,p3,0.288609,0,1,1,11,line,white,en,de,2.1.2,
c2be2008-aed4-49d5-beb3-6e65c83b0244,de,German (Deutsch),lila,lila,Lila,p3,0.563852,0,1,3,0,line,white,en,de,2.1.2,
c2be2008-aed4-49d5-beb3-6e65c83b0244,de,German (Deutsch),neongrun,neongrün,Neongrün,p3,0,1,0.484152,3,1,line,white,en,de,2.1.2,
c2be2008-aed4-49d5-beb3-6e65c83b0244,de,German (Deutsch),hellblau,hellblau,Hellblau,p3,0,0.827172,1,3,2,line,white,en,de,2.1.2,
c2be2008-aed4-49d5-beb3-6e65c83b0244,de,German (Deutsch),orange,orange,Orange,p3,1,0.725504,0,3,3,line,white,en,de,2.1.2,
c2be2008-aed4-49d5-beb3-6e65c83b0244,de,German (Deutsch),gelbgrun,gelbgrün,Gelbgrün,p3,0.891962,1,0,3,4,line,white,en,de,2.1.2,
c2be2008-aed4-49d5-beb3-6e65c83b0244,de,German (Deutsch),neongrun,neongrün,Neongrün,p3,0.575094,1,0,3,5,line,white,en,de,2.1.2,
c2be2008-aed4-49d5-beb3-6e65c83b0244,de,German (Deutsch),dunkellila,dunkellila,Dunkellila,p3,0.375073,0,1,3,6,line,white,en,de,2.1.2,
c2be2008-aed4-49d5-beb3-6e65c83b0244,de,German (Deutsch),rot,rot,Rot,p3,1,0,0.292624,3,7,line,white,en,de,2.1.2,
c2be2008-aed4-49d5-beb3-6e65c83b0244,de,German (Deutsch),magenta,magenta,Magenta,p3,0.813952,0,1,3,8,line,white,en,de,2.1.2,
c2be2008-aed4-49d5-beb3-6e65c83b0244,de,German (Deutsch),gelb,gelb,Gelb,p3,1,0.923659,0,3,9,line,white,en,de,2.1.2,
c2be2008-aed4-49d5-beb3-6e65c83b0244,de,German (Deutsch),blau,blau,Blau,p3,0,0.40566,1,3,10,line,white,en,de,2.1.2,
c2be2008-aed4-49d5-beb3-6e65c83b0244,de,German (Deutsch),orange,orange,Orange,p3,1,0.567876,0,3,11,line,white,en,de,2.1.2,
c2be2008-aed4-49d5-beb3-6e65c83b0244,de,German (Deutsch),orange,orange,Orange,p3,1,0.441644,0,5,0,line,white,en,de,2.1.2,
c2be2008-aed4-49d5-beb3-6e65c83b0244,de,German (Deutsch),dunkelblau,dunkelblau,Dunkelblau,p3,0,0.344466,1,5,1,line,white,en,de,2.1.2,
c2be2008-aed4-49d5-beb3-6e65c83b0244,de,German (Deutsch),rot,rot,Rot,p3,1,0.239346,0,5,2,line,white,en,de,2.1.2,
c2be2008-aed4-49d5-beb3-6e65c83b0244,de,German (Deutsch),hellblau,hellblau,Hellblau,p3,0,0.908204,1,5,3,line,white,en,de,2.1.2,
c2be2008-aed4-49d5-beb3-6e65c83b0244,de,German (Deutsch),pink,pink,Pink,p3,0.966114,0,1,5,4,line,white,en,de,2.1.2,
c2be2008-aed4-49d5-beb3-6e65c83b0244,de,German (Deutsch),dunkelgelb,dunkelgelb,Dunkelgelb,p3,0.912424,1,0,5,5,line,white,en,de,2.1.2,
c2be2008-aed4-49d5-beb3-6e65c83b0244,de,German (Deutsch),magenta,magenta,Magenta,p3,1,0,0.629423,5,6,line,white,en,de,2.1.2,
c2be2008-aed4-49d5-beb3-6e65c83b0244,de,German (Deutsch),lila,lila,Lila,p3,0.511314,0,1,5,7,line,white,en,de,2.1.2,
c2be2008-aed4-49d5-beb3-6e65c83b0244,de,German (Deutsch),hellblau,hellblau,Hellblau,p3,0,0.955651,1,5,8,line,white,en,de,2.1.2,
c2be2008-aed4-49d5-beb3-6e65c83b0244,de,German (Deutsch),blau,blau,Blau,p3,0,0.649315,1,5,9,line,white,en,de,2.1.2,
c2be2008-aed4-49d5-beb3-6e65c83b0244,de,German (Deutsch),magenta,magenta,Magenta,p3,1,0,0.681653,5,10,line,white,en,de,2.1.2,
c2be2008-aed4-49d5-beb3-6e65c83b0244,de,German (Deutsch),gelborange,gelborange,Gelborange,p3,1,0.812485,0,5,11,line,white,en,de,2.1.2,
3c69f02f-c2db-418b-a535-7f2f0d58a028,de,German (Deutsch),dunkellila,dunkellila,Dunkellila,rgb,88,70,128,1,0,full,white,en,de,2.1.2,
3c69f02f-c2db-418b-a535-7f2f0d58a028,de,German (Deutsch),violet,violet,violet,rgb,188,137,184,1,1,full,white,en,de,2.1.2,
3c69f02f-c2db-418b-a535-7f2f0d58a028,de,German (Deutsch),blaugrau,blaugrau,blaugrau,rgb,72,81,102,1,2,full,white,en,de,2.1.2,
3c69f02f-c2db-418b-a535-7f2f0d58a028,de,German (Deutsch),kobald,kobald,kobald,rgb,30,21,57,1,3,full,white,en,de,2.1.2,
3c69f02f-c2db-418b-a535-7f2f0d58a028,de,German (Deutsch),schwarz,schwarz,schwarz,rgb,6,3,9,1,4,full,white,en,de,2.1.2,
3c69f02f-c2db-418b-a535-7f2f0d58a028,de,German (Deutsch),olivgrun,olivgrün,olivgrün,rgb,105,101,14,1,5,full,white,en,de,2.1.2,
3c69f02f-c2db-418b-a535-7f2f0d58a028,de,German (Deutsch),fleischfarbe,fleischfarbe,fleischfarbe,rgb,216,157,82,1,6,full,white,en,de,2.1.2,
3c69f02f-c2db-418b-a535-7f2f0d58a028,de,German (Deutsch),traube,traube,traube,rgb,114,49,75,1,7,full,white,en,de,2.1.2,
3c69f02f-c2db-418b-a535-7f2f0d58a028,de,German (Deutsch),grau,grau,grau,rgb,135,144,106,1,8,full,white,en,de,2.1.2,
3c69f02f-c2db-418b-a535-7f2f0d58a028,de,German (Deutsch),pink,pink,pink,rgb,238,80,218,1,9,full,white,en,de,2.1.2,
3c69f02f-c2db-418b-a535-7f2f0d58a028,de,German (Deutsch),dunkelturkis,dunkeltürkis,dunkeltürkis,rgb,42,191,117,1,10,full,white,en,de,2.1.2,
3c69f02f-c2db-418b-a535-7f2f0d58a028,de,German (Deutsch),turkis,türkis,türkis,rgb,165,242,167,1,11,full,white,en,de,2.1.2,
3c69f02f-c2db-418b-a535-7f2f0d58a028,de,German (Deutsch),graublau,graublau,graublau,rgb,118,149,194,3,0,full,white,en,de,2.1.2,
3c69f02f-c2db-418b-a535-7f2f0d58a028,de,German (Deutsch),dunkellila,dunkellila,Dunkellila,rgb,97,57,155,3,1,full,white,en,de,2.1.2,
3c69f02f-c2db-418b-a535-7f2f0d58a028,de,German (Deutsch),rosa,rosa,rosa,rgb,236,119,208,3,2,full,white,en,de,2.1.2,
3c69f02f-c2db-418b-a535-7f2f0d58a028,de,German (Deutsch),dunkelturkis,dunkeltürkis,dunkeltürkis,rgb,65,145,166,3,3,full,white,en,de,2.1.2,
3c69f02f-c2db-418b-a535-7f2f0d58a028,de,German (Deutsch),marinblau,marinblau,marinblau,rgb,67,87,209,3,4,full,white,en,de,2.1.2,
3c69f02f-c2db-418b-a535-7f2f0d58a028,de,German (Deutsch),blau,blau,blau,rgb,0,94,183,3,5,full,white,en,de,2.1.2,
3c69f02f-c2db-418b-a535-7f2f0d58a028,de,German (Deutsch),hellblau,hellblau,hellblau,rgb,186,196,249,3,6,full,white,en,de,2.1.2,
3c69f02f-c2db-418b-a535-7f2f0d58a028,de,German (Deutsch),pastellila,pastellila,pastellila,rgb,158,133,210,3,7,full,white,en,de,2.1.2,
3c69f02f-c2db-418b-a535-7f2f0d58a028,de,German (Deutsch),schwarz,schwarz,schwarz,rgb,34,18,24,3,8,full,white,en,de,2.1.2,
3c69f02f-c2db-418b-a535-7f2f0d58a028,de,German (Deutsch),minzgrun,minzgrün,minzgrün,rgb,131,252,157,3,9,full,white,en,de,2.1.2,
3c69f02f-c2db-418b-a535-7f2f0d58a028,de,German (Deutsch),lila,lila,lila,rgb,115,40,207,3,10,full,white,en,de,2.1.2,
3c69f02f-c2db-418b-a535-7f2f0d58a028,de,German (Deutsch),taube,taube,taube,rgb,138,105,115,3,11,full,white,en,de,2.1.2,
3c69f02f-c2db-418b-a535-7f2f0d58a028,de,German (Deutsch),lila,lila,lila,rgb,134,104,184,5,0,full,white,en,de,2.1.2,
3c69f02f-c2db-418b-a535-7f2f0d58a028,de,German (Deutsch),dunkelgrau,dunkelgrau,dunkelgrau,rgb,66,61,77,5,1,full,white,en,de,2.1.2,
3c69f02f-c2db-418b-a535-7f2f0d58a028,de,German (Deutsch),ultramarinblau,ultramarinblau,ultramarinblau,rgb,46,3,124,5,2,full,white,en,de,2.1.2,
3c69f02f-c2db-418b-a535-7f2f0d58a028,de,German (Deutsch),dunkellila,dunkellila,dunkellila,rgb,90,28,172,5,3,full,white,en,de,2.1.2,
3c69f02f-c2db-418b-a535-7f2f0d58a028,de,German (Deutsch),blaulila,blaulila,blaulila,rgb,119,115,220,5,4,full,white,en,de,2.1.2,
3c69f02f-c2db-418b-a535-7f2f0d58a028,de,German (Deutsch),violett,violett,violett,rgb,134,57,92,5,5,full,white,en,de,2.1.2,
3c69f02f-c2db-418b-a535-7f2f0d58a028,de,German (Deutsch),grasgrun,grasgrün,grasgrün,rgb,82,205,79,5,6,full,white,en,de,2.1.2,
3c69f02f-c2db-418b-a535-7f2f0d58a028,de,German (Deutsch),hemdblau,hemdblau,hemdblau,rgb,99,165,187,5,7,full,white,en,de,2.1.2,
3c69f02f-c2db-418b-a535-7f2f0d58a028,de,German (Deutsch),eisblau,eisblau,eisblau,rgb,165,248,207,5,8,full,white,en,de,2.1.2,
3c69f02f-c2db-418b-a535-7f2f0d58a028,de,German (Deutsch),meerblau,meerblau,meerblau,rgb,13,110,151,5,9,full,white,en,de,2.1.2,
3c69f02f-c2db-418b-a535-7f2f0d58a028,de,German (Deutsch),lachsfarbe,lachsfarbe,lachsfarbe,rgb,221,116,81,5,10,full,white,en,de,2.1.2,
3c69f02f-c2db-418b-a535-7f2f0d58a028,de,German (Deutsch),limette,limette,limette,rgb,157,236,52,5,11,full,white,en,de,2.1.2,
0bcf2324-cfe0-476d-9a30-99c88a9b9fff,de,German (Deutsch),aqua,aqua,Aqua,p3,0.639928,0.991949,0.831456,1,0,full,white,en,de,2.1.2,
0bcf2324-cfe0-476d-9a30-99c88a9b9fff,de,German (Deutsch),blau,blau,Blau,p3,0.065261,0.134014,0.690611,1,1,full,white,en,de,2.1.2,
0bcf2324-cfe0-476d-9a30-99c88a9b9fff,de,German (Deutsch),khaki,khaki,Khaki,p3,0.520469,0.52919,0.033072,1,2,full,white,en,de,2.1.2,
0bcf2324-cfe0-476d-9a30-99c88a9b9fff,de,German (Deutsch),fuchsia,fuchsia,Fuchsia,p3,0.578146,0.031988,0.300944,1,3,full,white,en,de,2.1.2,
0bcf2324-cfe0-476d-9a30-99c88a9b9fff,de,German (Deutsch),lilabraun,lila braun,Lila braun,p3,0.303904,0.227287,0.267626,1,4,full,white,en,de,2.1.2,
0bcf2324-cfe0-476d-9a30-99c88a9b9fff,de,German (Deutsch),orange,orange,Orange,p3,0.971068,0.560709,0.416422,1,5,full,white,en,de,2.1.2,
0bcf2324-cfe0-476d-9a30-99c88a9b9fff,de,German (Deutsch),purpur,purpur,Purpur,p3,0.185364,0.056527,0.165659,1,6,full,white,en,de,2.1.2,
0bcf2324-cfe0-476d-9a30-99c88a9b9fff,de,German (Deutsch),lila,lila,Lila,p3,0.652585,0.30057,0.773688,1,7,full,white,en,de,2.1.2,
0bcf2324-cfe0-476d-9a30-99c88a9b9fff,de,German (Deutsch),mittelblau,mittelblau,Mittelblau,p3,0.083673,0.551393,0.765937,1,8,full,white,en,de,2.1.2,
0bcf2324-cfe0-476d-9a30-99c88a9b9fff,de,German (Deutsch),steingrau,steingrau,Steingrau,p3,0.397098,0.422966,0.451398,1,9,full,white,en,de,2.1.2,
0bcf2324-cfe0-476d-9a30-99c88a9b9fff,de,German (Deutsch),rotorange,rotorange,Rotorange,p3,0.787045,0.251201,0.297663,1,10,full,white,en,de,2.1.2,
0bcf2324-cfe0-476d-9a30-99c88a9b9fff,de,German (Deutsch),blaulila,blau lila,Blau-lila,p3,0.350847,0.42308,0.744634,1,11,full,white,en,de,2.1.2,
0bcf2324-cfe0-476d-9a30-99c88a9b9fff,de,German (Deutsch),flieder,flieder,Flieder,p3,0.833617,0.706098,0.944692,3,0,full,white,en,de,2.1.2,
0bcf2324-cfe0-476d-9a30-99c88a9b9fff,de,German (Deutsch),malve,malve,Malve,p3,0.619584,0.431707,0.586567,3,1,full,white,en,de,2.1.2,
0bcf2324-cfe0-476d-9a30-99c88a9b9fff,de,German (Deutsch),senfgelb,senfgelb,Senfgelb,p3,0.896921,0.705792,0.254108,3,2,full,white,en,de,2.1.2,
0bcf2324-cfe0-476d-9a30-99c88a9b9fff,de,German (Deutsch),turkis,türkis,Türkis,p3,0.448146,0.869352,0.728974,3,3,full,white,en,de,2.1.2,
0bcf2324-cfe0-476d-9a30-99c88a9b9fff,de,German (Deutsch),konigsblau,königsblau,Königsblau,p3,0.009731,0.314583,0.571554,3,4,full,white,en,de,2.1.2,
0bcf2324-cfe0-476d-9a30-99c88a9b9fff,de,German (Deutsch),waldgrun,waldgrün,Waldgrün,p3,0.103489,0.573557,0.273652,3,5,full,white,en,de,2.1.2,
0bcf2324-cfe0-476d-9a30-99c88a9b9fff,de,German (Deutsch),magenta,magenta,Magenta,p3,0.861564,0.419139,0.868109,3,6,full,white,en,de,2.1.2,
0bcf2324-cfe0-476d-9a30-99c88a9b9fff,de,German (Deutsch),lila,lila,Lila,p3,0.389442,0.192072,0.813381,3,7,full,white,en,de,2.1.2,
0bcf2324-cfe0-476d-9a30-99c88a9b9fff,de,German (Deutsch),tannengrun,tannengrün,Tannengrün,p3,0.020387,0.333611,0.175807,3,8,full,white,en,de,2.1.2,
0bcf2324-cfe0-476d-9a30-99c88a9b9fff,de,German (Deutsch),rostrot,rostrot,Rostrot,p3,0.342596,0.010234,0.022713,3,9,full,white,en,de,2.1.2,
0bcf2324-cfe0-476d-9a30-99c88a9b9fff,de,German (Deutsch),fuchsia,fuchsia,Fuchsia,p3,0.536234,0.262114,0.482693,3,10,full,white,en,de,2.1.2,
0bcf2324-cfe0-476d-9a30-99c88a9b9fff,de,German (Deutsch),schwarzgrun,schwarzgrün,Schwarzgrün,p3,0.024705,0.069231,0.006447,3,11,full,white,en,de,2.1.2,
0bcf2324-cfe0-476d-9a30-99c88a9b9fff,de,German (Deutsch),aquamarin,aquamarin,Aquamarin,p3,0.217161,0.813599,0.963992,5,0,full,white,en,de,2.1.2,
0bcf2324-cfe0-476d-9a30-99c88a9b9fff,de,German (Deutsch),mittelblau,mittelblau,Mittelblau,p3,0.376747,0.664904,0.975196,5,1,full,white,en,de,2.1.2,
0bcf2324-cfe0-476d-9a30-99c88a9b9fff,de,German (Deutsch),tape,tape,Tape,p3,0.663586,0.596741,0.660812,5,2,full,white,en,de,2.1.2,
0bcf2324-cfe0-476d-9a30-99c88a9b9fff,de,German (Deutsch),purpur,purpur,Purpur,p3,0.305012,0.095298,0.324815,5,3,full,white,en,de,2.1.2,
0bcf2324-cfe0-476d-9a30-99c88a9b9fff,de,German (Deutsch),orangebraun,orangebraun,Orangebraun,p3,0.685209,0.418394,0.134515,5,4,full,white,en,de,2.1.2,
0bcf2324-cfe0-476d-9a30-99c88a9b9fff,de,German (Deutsch),knallpink,knallpink,Knallpink,p3,0.820644,0.287451,0.603798,5,5,full,white,en,de,2.1.2,
0bcf2324-cfe0-476d-9a30-99c88a9b9fff,de,German (Deutsch),waldgrun,waldgrün,Waldgrün,p3,0.271717,0.443259,0.20645,5,6,full,white,en,de,2.1.2,
0bcf2324-cfe0-476d-9a30-99c88a9b9fff,de,German (Deutsch),braun,braun,Braun,p3,0.507996,0.237126,0.127953,5,7,full,white,en,de,2.1.2,
0bcf2324-cfe0-476d-9a30-99c88a9b9fff,de,German (Deutsch),hellgrau,hellgrau,Hellgrau,p3,0.884465,0.87229,0.891218,5,8,full,white,en,de,2.1.2,
0bcf2324-cfe0-476d-9a30-99c88a9b9fff,de,German (Deutsch),grasgrun,grasgrün,Grasgrün,p3,0.517927,0.799205,0.066261,5,9,full,white,en,de,2.1.2,
0bcf2324-cfe0-476d-9a30-99c88a9b9fff,de,German (Deutsch),schwarzgrun,schwarzgrün,Schwarzgrün,p3,0.015766,0.008365,0.061584,5,10,full,white,en,de,2.1.2,
0bcf2324-cfe0-476d-9a30-99c88a9b9fff,de,German (Deutsch),lindgrun,lindgrün,Lindgrün,p3,0.773969,0.836679,0.44006,5,11,full,white,en,de,2.1.2,
5c960a08-8659-4d8a-9d36-9894fec33355,de,German (Deutsch),aubergine,aubergine,Aubergine,rgb,80,40,111,1,0,full,white,en,de,2.1.2,
5c960a08-8659-4d8a-9d36-9894fec33355,de,German (Deutsch),schwarz,schwarz,Schwarz,rgb,31,39,41,1,1,full,white,en,de,2.1.2,
5c960a08-8659-4d8a-9d36-9894fec33355,de,German (Deutsch),turkis,türkis,Türkis,rgb,120,201,197,1,2,full,white,en,de,2.1.2,
5c960a08-8659-4d8a-9d36-9894fec33355,de,German (Deutsch),khaki,khaki,Khaki,rgb,136,133,89,1,4,full,white,en,de,2.1.2,
5c960a08-8659-4d8a-9d36-9894fec33355,de,German (Deutsch),blau,blau,Blau,rgb,65,89,238,1,5,full,white,en,de,2.1.2,
5c960a08-8659-4d8a-9d36-9894fec33355,de,German (Deutsch),pink,pink,Pink,rgb,218,99,200,1,6,full,white,en,de,2.1.2,
5c960a08-8659-4d8a-9d36-9894fec33355,de,German (Deutsch),grun,grün,Grün,rgb,143,233,79,1,7,full,white,en,de,2.1.2,
5c960a08-8659-4d8a-9d36-9894fec33355,de,German (Deutsch),weinrot,weinrot,Weinrot,rgb,119,38,52,1,8,full,white,en,de,2.1.2,
5c960a08-8659-4d8a-9d36-9894fec33355,de,German (Deutsch),mintgrun,mintgrün,Mintgrün,rgb,83,241,184,1,9,full,white,en,de,2.1.2,
5c960a08-8659-4d8a-9d36-9894fec33355,de,German (Deutsch),salbei,salbei,Salbei,rgb,111,184,141,1,10,full,white,en,de,2.1.2,
5c960a08-8659-4d8a-9d36-9894fec33355,de,German (Deutsch),blaugrau,blau grau,Blau-Grau,rgb,56,80,108,1,11,full,white,en,de,2.1.2,
5c960a08-8659-4d8a-9d36-9894fec33355,de,German (Deutsch),hellrosa,hellrosa,Hellrosa,rgb,254,217,249,3,0,full,white,en,de,2.1.2,
5c960a08-8659-4d8a-9d36-9894fec33355,de,German (Deutsch),hellgrun,hellgrün,Hellgrün,rgb,167,195,117,3,1,full,white,en,de,2.1.2,
5c960a08-8659-4d8a-9d36-9894fec33355,de,German (Deutsch),blassblaugrau,blassblaugrau,Blassblaugrau,rgb,65,103,135,3,2,full,white,en,de,2.1.2,
5c960a08-8659-4d8a-9d36-9894fec33355,de,German (Deutsch),grasgrun,grasgrün,Grasgrün,rgb,137,187,39,3,3,full,white,en,de,2.1.2,
5c960a08-8659-4d8a-9d36-9894fec33355,de,German (Deutsch),graulila,grau lila,Grau-Lila,rgb,142,141,162,3,4,full,white,en,de,2.1.2,
5c960a08-8659-4d8a-9d36-9894fec33355,de,German (Deutsch),fuchsia,fuchsia,Fuchsia,rgb,213,41,98,3,5,full,white,en,de,2.1.2,
5c960a08-8659-4d8a-9d36-9894fec33355,de,German (Deutsch),ocker,ocker,Ocker,rgb,179,142,95,3,6,full,white,en,de,2.1.2,
5c960a08-8659-4d8a-9d36-9894fec33355,de,German (Deutsch),rotbraun,rot braun,Rot-Braun,rgb,145,88,92,3,7,full,white,en,de,2.1.2,
5c960a08-8659-4d8a-9d36-9894fec33355,de,German (Deutsch),lila,lila,Lila,rgb,97,65,146,3,8,full,white,en,de,2.1.2,
5c960a08-8659-4d8a-9d36-9894fec33355,de,German (Deutsch),blau,blau,Blau,rgb,63,141,242,3,9,full,white,en,de,2.1.2,
5c960a08-8659-4d8a-9d36-9894fec33355,de,German (Deutsch),graurosarot,grau rosa-rot,Grau-Rosa-Rot,rgb,159,87,123,3,10,full,white,en,de,2.1.2,
5c960a08-8659-4d8a-9d36-9894fec33355,de,German (Deutsch),altrosa,altrosa,Altrosa,rgb,200,138,173,3,11,full,white,en,de,2.1.2,
5c960a08-8659-4d8a-9d36-9894fec33355,de,German (Deutsch),tannengrun,tannengrün,Tannengrün,rgb,51,137,134,5,0,full,white,en,de,2.1.2,
5c960a08-8659-4d8a-9d36-9894fec33355,de,German (Deutsch),gelbgrun,gelbgrün,Gelbgrün,rgb,153,194,64,5,1,full,white,en,de,2.1.2,
5c960a08-8659-4d8a-9d36-9894fec33355,de,German (Deutsch),dunklespink,dunkles pink,Dunkles Pink,rgb,190,89,107,5,2,full,white,en,de,2.1.2,
5c960a08-8659-4d8a-9d36-9894fec33355,de,German (Deutsch),schwarz,schwarz,Schwarz,rgb,44,36,11,5,3,full,white,en,de,2.1.2,
5c960a08-8659-4d8a-9d36-9894fec33355,de,German (Deutsch),rosa,rosa,Rosa,rgb,230,131,185,5,4,full,white,en,de,2.1.2,
5c960a08-8659-4d8a-9d36-9894fec33355,de,German (Deutsch),grun,grün,Grün,rgb,65,136,90,5,5,full,white,en,de,2.1.2,
5c960a08-8659-4d8a-9d36-9894fec33355,de,German (Deutsch),hellblau,hellblau,Hellblau,rgb,175,246,253,5,6,full,white,en,de,2.1.2,
5c960a08-8659-4d8a-9d36-9894fec33355,de,German (Deutsch),schwarzbraun,schwarz braun,Schwarz-Braun,rgb,58,50,12,5,7,full,white,en,de,2.1.2,
5c960a08-8659-4d8a-9d36-9894fec33355,de,German (Deutsch),blaulila,blau lila,Blau-Lila,rgb,87,76,174,5,8,full,white,en,de,2.1.2,
5c960a08-8659-4d8a-9d36-9894fec33355,de,German (Deutsch),grungrau,grün grau,Grün-Grau,rgb,63,100,97,5,9,full,white,en,de,2.1.2,
5c960a08-8659-4d8a-9d36-9894fec33355,de,German (Deutsch),taupe,taupe,Taupe,rgb,145,130,129,5,10,full,white,en,de,2.1.2,
5c960a08-8659-4d8a-9d36-9894fec33355,de,German (Deutsch),petrol,petrol,Petrol,rgb,51,91,118,5,11,full,white,en,de,2.1.2,
05820960-296c-427c-98ee-93437dd8796d,de,German (Deutsch),grun,grün,Grün,rgb,109,174,150,1,0,full,white,en,en,2.1.2,
05820960-296c-427c-98ee-93437dd8796d,de,German (Deutsch),preußischblau,preußisch blau,Preußisch-Blau,rgb,60,40,252,1,1,full,white,en,en,2.1.2,
05820960-296c-427c-98ee-93437dd8796d,de,German (Deutsch),magenta,magenta,Magenta,rgb,249,99,172,1,2,full,white,en,en,2.1.2,
05820960-296c-427c-98ee-93437dd8796d,de,German (Deutsch),grun,grün,Grün,rgb,57,176,143,1,3,full,white,en,en,2.1.2,
05820960-296c-427c-98ee-93437dd8796d,de,German (Deutsch),gelb,gelb,Gelb,rgb,241,213,35,1,4,full,white,en,en,2.1.2,
05820960-296c-427c-98ee-93437dd8796d,de,German (Deutsch),grun,grün,Grün,rgb,89,180,148,1,5,full,white,en,en,2.1.2,
05820960-296c-427c-98ee-93437dd8796d,de,German (Deutsch),lila,lila,Lila,rgb,187,140,162,1,6,full,white,en,en,2.1.2,
05820960-296c-427c-98ee-93437dd8796d,de,German (Deutsch),weinrot,weinrot,Weinrot,rgb,164,38,98,1,7,full,white,en,en,2.1.2,
05820960-296c-427c-98ee-93437dd8796d,de,German (Deutsch),olivgrun,olivgrün,Olivgrün,rgb,126,104,38,1,8,full,white,en,en,2.1.2,
05820960-296c-427c-98ee-93437dd8796d,de,German (Deutsch),blau,blau,Blau,rgb,17,78,140,1,9,full,white,en,en,2.1.2,
05820960-296c-427c-98ee-93437dd8796d,de,German (Deutsch),hellblau,hellblau,Hellblau,rgb,101,155,227,1,10,full,white,en,en,2.1.2,
05820960-296c-427c-98ee-93437dd8796d,de,German (Deutsch),dunkelblau,dunkelblau,Dunkelblau,rgb,13,29,44,1,11,full,white,en,en,2.1.2,
05820960-296c-427c-98ee-93437dd8796d,de,German (Deutsch),lila,lila,Lila,rgb,197,151,204,3,0,full,white,en,en,2.1.2,
05820960-296c-427c-98ee-93437dd8796d,de,German (Deutsch),lil,lil,Lil,rgb,234,182,242,3,1,full,white,en,en,2.1.2,
05820960-296c-427c-98ee-93437dd8796d,de,German (Deutsch),lila,lila,Lila,rgb,62,28,39,3,2,full,white,en,en,2.1.2,
05820960-296c-427c-98ee-93437dd8796d,de,German (Deutsch),lavendel,lavendel,Lavendel,rgb,201,175,231,3,3,full,white,en,en,2.1.2,
05820960-296c-427c-98ee-93437dd8796d,de,German (Deutsch),lila,lila,Lila,rgb,203,145,245,3,4,full,white,en,en,2.1.2,
05820960-296c-427c-98ee-93437dd8796d,de,German (Deutsch),grun,grün,Grün,rgb,161,222,191,3,5,full,white,en,en,2.1.2,
05820960-296c-427c-98ee-93437dd8796d,de,German (Deutsch),grun,grün,Grün,rgb,129,162,134,3,6,full,white,en,en,2.1.2,
05820960-296c-427c-98ee-93437dd8796d,de,German (Deutsch),magenta,magenta,Magenta,rgb,237,55,143,3,7,full,white,en,en,2.1.2,
05820960-296c-427c-98ee-93437dd8796d,de,German (Deutsch),grun,grün,Grün,rgb,116,181,159,3,8,full,white,en,en,2.1.2,
05820960-296c-427c-98ee-93437dd8796d,de,German (Deutsch),pink,pink,Pink,rgb,222,54,209,3,9,full,white,en,en,2.1.2,
05820960-296c-427c-98ee-93437dd8796d,de,German (Deutsch),braun,braun,Braun,rgb,125,68,33,3,10,full,white,en,en,2.1.2,
05820960-296c-427c-98ee-93437dd8796d,de,German (Deutsch),grun,grün,Grün,rgb,81,163,105,3,11,full,white,en,en,2.1.2,
05820960-296c-427c-98ee-93437dd8796d,de,German (Deutsch),lila,lila,Lila,rgb,150,73,253,5,0,full,white,en,en,2.1.2,
05820960-296c-427c-98ee-93437dd8796d,de,German (Deutsch),lila,lila,Lila,rgb,121,17,112,5,1,full,white,en,en,2.1.2,
05820960-296c-427c-98ee-93437dd8796d,de,German (Deutsch),blau,blau,Blau,rgb,36,63,143,5,2,full,white,en,en,2.1.2,
05820960-296c-427c-98ee-93437dd8796d,de,German (Deutsch),blau,blau,Blau,rgb,81,76,148,5,3,full,white,en,en,2.1.2,
05820960-296c-427c-98ee-93437dd8796d,de,German (Deutsch),blau,blau,Blau,rgb,65,56,216,5,4,full,white,en,en,2.1.2,
05820960-296c-427c-98ee-93437dd8796d,de,German (Deutsch),grun,grün,Grün,rgb,12,160,126,5,5,full,white,en,en,2.1.2,
05820960-296c-427c-98ee-93437dd8796d,de,German (Deutsch),rot,rot,Rot,rgb,160,79,94,5,6,full,white,en,en,2.1.2,
05820960-296c-427c-98ee-93437dd8796d,de,German (Deutsch),lila,lila,Lila,rgb,119,127,243,5,7,full,white,en,en,2.1.2,
05820960-296c-427c-98ee-93437dd8796d,de,German (Deutsch),beige,beige,Beige,rgb,243,195,175,5,8,full,white,en,en,2.1.2,
05820960-296c-427c-98ee-93437dd8796d,de,German (Deutsch),rot,rot,Rot,rgb,188,45,44,5,9,full,white,en,en,2.1.2,
05820960-296c-427c-98ee-93437dd8796d,de,German (Deutsch),rosa,rosa,Rosa,rgb,238,133,187,5,10,full,white,en,en,2.1.2,
05820960-296c-427c-98ee-93437dd8796d,de,German (Deutsch),rosa,rosa,Rosa,rgb,213,67,131,5,11,full,white,en,en,2.1.2,
e85cb4f3-cf0d-409c-9858-90ad0dbbca8b,de,German (Deutsch),pink,pink,Pink,rgb,243,48,173,1,0,full,white,en,en,2.1.2,
e85cb4f3-cf0d-409c-9858-90ad0dbbca8b,de,German (Deutsch),grun,grün,Grün,rgb,71,169,103,1,1,full,white,en,en,2.1.2,
e85cb4f3-cf0d-409c-9858-90ad0dbbca8b,de,German (Deutsch),magenta,magenta,Magenta,rgb,177,79,113,1,2,full,white,en,en,2.1.2,
e85cb4f3-cf0d-409c-9858-90ad0dbbca8b,de,German (Deutsch),hellblau,hellblau,Hellblau,rgb,110,156,220,1,3,full,white,en,en,2.1.2,
e85cb4f3-cf0d-409c-9858-90ad0dbbca8b,de,German (Deutsch),royalblau,royalblau,Royalblau,rgb,39,55,162,1,4,full,white,en,en,2.1.2,
e85cb4f3-cf0d-409c-9858-90ad0dbbca8b,de,German (Deutsch),helllila,helllila,Helllila,rgb,162,79,210,1,5,full,white,en,en,2.1.2,
e85cb4f3-cf0d-409c-9858-90ad0dbbca8b,de,German (Deutsch),lila,lila,Lila,rgb,71,2,130,1,6,full,white,en,en,2.1.2,
e85cb4f3-cf0d-409c-9858-90ad0dbbca8b,de,German (Deutsch),dunkellila,dunkellila,Dunkellila,rgb,100,52,115,1,7,full,white,en,en,2.1.2,
e85cb4f3-cf0d-409c-9858-90ad0dbbca8b,de,German (Deutsch),schwarz,schwarz,Schwarz,rgb,13,8,59,1,8,full,white,en,en,2.1.2,
e85cb4f3-cf0d-409c-9858-90ad0dbbca8b,de,German (Deutsch),rosa,rosa,Rosa,rgb,239,181,191,1,9,full,white,en,en,2.1.2,
e85cb4f3-cf0d-409c-9858-90ad0dbbca8b,de,German (Deutsch),braun,braun,Braun,rgb,148,97,51,1,10,full,white,en,en,2.1.2,
e85cb4f3-cf0d-409c-9858-90ad0dbbca8b,de,German (Deutsch),gesetztespink,gesetztes pink,Gesetztes Pink,rgb,181,65,190,1,11,full,white,en,en,2.1.2,
e85cb4f3-cf0d-409c-9858-90ad0dbbca8b,de,German (Deutsch),hellgrum,hellgrüm,Hellgrüm,rgb,213,216,164,3,0,full,white,en,en,2.1.2,
e85cb4f3-cf0d-409c-9858-90ad0dbbca8b,de,German (Deutsch),koralle,koralle,Koralle,rgb,246,101,83,3,1,full,white,en,en,2.1.2,
e85cb4f3-cf0d-409c-9858-90ad0dbbca8b,de,German (Deutsch),braun,braun,Braun,rgb,185,115,63,3,2,full,white,en,en,2.1.2,
e85cb4f3-cf0d-409c-9858-90ad0dbbca8b,de,German (Deutsch),flieder,flieder,Flieder,rgb,197,160,155,3,3,full,white,en,en,2.1.2,
e85cb4f3-cf0d-409c-9858-90ad0dbbca8b,de,German (Deutsch),pink,pink,pink,rgb,252,142,182,3,4,full,white,en,en,2.1.2,
e85cb4f3-cf0d-409c-9858-90ad0dbbca8b,de,German (Deutsch),rot,rot,rot,rgb,199,76,76,3,5,full,white,en,en,2.1.2,
e85cb4f3-cf0d-409c-9858-90ad0dbbca8b,de,German (Deutsch),lila,lila,Lila,rgb,142,100,238,3,6,full,white,en,en,2.1.2,
e85cb4f3-cf0d-409c-9858-90ad0dbbca8b,de,German (Deutsch),hellblau,hellblau,hellblau,rgb,80,134,236,3,7,full,white,en,en,2.1.2,
e85cb4f3-cf0d-409c-9858-90ad0dbbca8b,de,German (Deutsch),lila,lila,Lila,rgb,123,11,167,3,8,full,white,en,en,2.1.2,
e85cb4f3-cf0d-409c-9858-90ad0dbbca8b,de,German (Deutsch),hautfarben,hautfarben,hautfarben,rgb,253,205,149,3,9,full,white,en,en,2.1.2,
e85cb4f3-cf0d-409c-9858-90ad0dbbca8b,de,German (Deutsch),lila,lila,lila,rgb,102,19,168,3,10,full,white,en,en,2.1.2,
e85cb4f3-cf0d-409c-9858-90ad0dbbca8b,de,German (Deutsch),dunkelgrun,dunkel grün,Dunkel grün,rgb,72,107,47,3,11,full,white,en,en,2.1.2,
e85cb4f3-cf0d-409c-9858-90ad0dbbca8b,de,German (Deutsch),braun,braun,Braun,rgb,157,120,115,5,0,full,white,en,en,2.1.2,
e85cb4f3-cf0d-409c-9858-90ad0dbbca8b,de,German (Deutsch),lila,lila,Lila,rgb,147,88,215,5,1,full,white,en,en,2.1.2,
e85cb4f3-cf0d-409c-9858-90ad0dbbca8b,de,German (Deutsch),blau,blau,Blau,rgb,75,99,150,5,2,full,white,en,en,2.1.2,
e85cb4f3-cf0d-409c-9858-90ad0dbbca8b,de,German (Deutsch),hellgrun,hellgrün,Hellgrün,rgb,218,238,167,5,3,full,white,en,en,2.1.2,
e85cb4f3-cf0d-409c-9858-90ad0dbbca8b,de,German (Deutsch),blau,blau,Blau,rgb,108,172,238,5,4,full,white,en,en,2.1.2,
e85cb4f3-cf0d-409c-9858-90ad0dbbca8b,de,German (Deutsch),hellrosa,hellrosa,Hellrosa,rgb,252,219,205,5,5,full,white,en,en,2.1.2,
e85cb4f3-cf0d-409c-9858-90ad0dbbca8b,de,German (Deutsch),grau,grau,Grau,rgb,104,97,101,5,6,full,white,en,en,2.1.2,
e85cb4f3-cf0d-409c-9858-90ad0dbbca8b,de,German (Deutsch),turkis,türkis,Türkis,rgb,159,222,231,5,7,full,white,en,en,2.1.2,
e85cb4f3-cf0d-409c-9858-90ad0dbbca8b,de,German (Deutsch),lila,lila,Lila,rgb,87,28,68,5,8,full,white,en,en,2.1.2,
e85cb4f3-cf0d-409c-9858-90ad0dbbca8b,de,German (Deutsch),grun,grün,Grün,rgb,73,210,169,5,9,full,white,en,en,2.1.2,
e85cb4f3-cf0d-409c-9858-90ad0dbbca8b,de,German (Deutsch),limette,limette,Limette,rgb,193,206,68,5,10,full,white,en,en,2.1.2,
e85cb4f3-cf0d-409c-9858-90ad0dbbca8b,de,German (Deutsch),rot,rot,Rot,rgb,217,50,60,5,11,full,white,en,en,2.1.2,
