participantId,langAbv,lang,name,standardized_entered_name,entered_name,colorSpace,r,g,b,trialNum,tileNum,rgbSet,background,instructionsLocale,browserLocale,studyVersion,originalLangAbv
3157,es,Spanish (español),amarillo,amarillo,amarillo,rgb,255,204,0,1,0,line,white,en,,pilot,
3157,es,Spanish (español),magenta,magenta,magenta,rgb,255,0,207,1,1,line,white,en,,pilot,
3157,es,Spanish (español),rojo,rojo,rojo,rgb,255,0,64,1,4,line,white,en,,pilot,
3157,es,Spanish (español),turquesa,turquesa,turquesa,rgb,0,255,232,1,6,line,white,en,,pilot,
3157,es,Spanish (español),verdeclaro,verde claro,verde claro,rgb,136,255,0,1,7,line,white,en,,pilot,
3157,es,Spanish (español),naranja,naranja,naranja,rgb,255,122,0,1,8,line,white,en,,pilot,
3157,es,Spanish (español),morado,morado,morado,rgb,137,0,255,1,11,line,white,en,,pilot,
3157,es,Spanish (español),celeste,celeste,celeste,rgb,0,201,255,3,0,line,white,en,,pilot,
3157,es,Spanish (español),azul,azul,azul,rgb,0,50,255,3,1,line,white,en,,pilot,
3157,es,Spanish (español),rojo,rojo,rojo,rgb,255,0,5,3,4,line,white,en,,pilot,
3157,es,Spanish (español),turquesa,turquesa,turquesa,rgb,0,255,212,3,7,line,white,en,,pilot,
3157,es,Spanish (español),verdeclaro,verde claro,verde claro,rgb,79,255,0,3,8,line,white,en,,pilot,
3157,es,Spanish (español),violeta,violeta,violeta,rgb,214,0,255,3,9,line,white,en,,pilot,
3157,es,Spanish (español),azulcielo,azul cielo,azul cielo,rgb,0,163,255,3,11,line,white,en,,pilot,
3157,es,Spanish (español),amarillo,amarillo,amarillo,rgb,255,251,0,6,1,line,white,en,,pilot,
3157,es,Spanish (español),azul,azul,azul,rgb,0,79,255,6,2,line,white,en,,pilot,
3157,es,Spanish (español),amarillo,amarillo,amarillo,rgb,255,238,0,6,3,line,white,en,,pilot,
3157,es,Spanish (español),turqueza,turqueza,turqueza,rgb,0,244,255,6,5,line,white,en,,pilot,
3157,es,Spanish (español),azulzafiro,azul zafiro,azul zafiro,rgb,0,25,255,6,6,line,white,en,,pilot,
3157,es,Spanish (español),rojo,rojo,rojo,rgb,255,73,0,6,7,line,white,en,,pilot,
3157,es,Spanish (español),naranja,naranja,naranja,rgb,255,97,0,6,8,line,white,en,,pilot,
3157,es,Spanish (español),azulreal,azul real,azul real,rgb,0,126,255,6,9,line,white,en,,pilot,
3157,es,Spanish (español),lima,lima,lima,rgb,0,255,100,6,10,line,white,en,,pilot,
3157,es,Spanish (español),lima,lima,lima,rgb,0,255,48,6,11,line,white,en,,pilot,
3175,es,Spanish (español),naranja,naranja,naranja,rgb,255,133,0,1,0,line,white,en,,pilot,
3175,es,Spanish (español),verdeaqua,verde aqua,verde aqua,rgb,0,255,216,1,1,line,white,en,,pilot,
3175,es,Spanish (español),magenta,magenta,magenta,rgb,255,0,128,1,2,line,white,en,,pilot,
3175,es,Spanish (español),purpura,purpura,purpura,rgb,160,0,255,1,3,line,white,en,,pilot,
3175,es,Spanish (español),rosamejicano,rosa mejicano,rosa mejicano,rgb,255,0,109,1,4,line,white,en,,pilot,
3175,es,Spanish (español),verdehierba,verde hierba,verde hierba,rgb,81,255,0,1,5,line,white,en,,pilot,
3175,es,Spanish (español),azul,azul,azul,rgb,0,243,255,1,6,line,white,en,,pilot,
3175,es,Spanish (español),azulreal,azul real,azul real,rgb,0,29,255,1,7,line,white,en,,pilot,
3175,es,Spanish (español),verde,verde,verde,rgb,0,255,115,1,8,line,white,en,,pilot,
3175,es,Spanish (español),verdelimon,verde limon,verde limon,rgb,162,255,0,1,9,line,white,en,,pilot,
3175,es,Spanish (español),azulultramarino,azul ultramarino,azul ultramarino,rgb,0,162,255,1,10,line,white,en,,pilot,
3175,es,Spanish (español),azulcielo,azul cielo,azul cielo,rgb,0,186,255,1,11,line,white,en,,pilot,
3509,es,Spanish (español),azul,azul,Azul,rgb,0,141,255,1,0,line,white,en,,pilot,
3509,es,Spanish (español),amarillo,amarillo,Amarillo,rgb,255,220,0,1,1,line,white,en,,pilot,
3509,es,Spanish (español),azulelectrico,azul eléctrico,Azul eléctrico,rgb,0,82,255,1,2,line,white,en,,pilot,
3509,es,Spanish (español),azulelectrico,azul eléctrico,Azul eléctrico,rgb,2,0,255,1,3,line,white,en,,pilot,
3509,es,Spanish (español),naranjo,naranjo,Naranjo,rgb,255,161,0,1,4,line,white,en,,pilot,
3509,es,Spanish (español),azulelectrico,azul eléctrico,Azul eléctrico,rgb,0,65,255,1,5,line,white,en,,pilot,
3509,es,Spanish (español),verdeagua,verde agua,Verde agua,rgb,0,255,190,1,6,line,white,en,,pilot,
3509,es,Spanish (español),celeste,celeste,Celeste,rgb,0,183,255,1,7,line,white,en,,pilot,
3509,es,Spanish (español),morado,morado,Morado,rgb,168,0,255,1,8,line,white,en,,pilot,
3509,es,Spanish (español),calypso,calypso,Calypso,rgb,0,236,255,1,9,line,white,en,,pilot,
3509,es,Spanish (español),amarillofluorescente,amarillo fluorescente,Amarillo fluorescente,rgb,240,255,0,1,10,line,white,en,,pilot,
3509,es,Spanish (español),fucsia,fucsia,Fucsia,rgb,255,0,189,1,11,line,white,en,,pilot,
3509,es,Spanish (español),sandia,sandía,Sandía,rgb,255,0,92,3,0,line,white,en,,pilot,
3509,es,Spanish (español),morado,morado,Morado,rgb,226,0,255,3,1,line,white,en,,pilot,
3509,es,Spanish (español),verdefluorescente,verde fluorescente,Verde fluorescente,rgb,0,255,46,3,2,line,white,en,,pilot,
3509,es,Spanish (español),moradooscuro,morado oscuro,Morado oscuro,rgb,107,0,255,3,3,line,white,en,,pilot,
3509,es,Spanish (español),verdeagua,verde agua,Verde agua,rgb,0,255,130,3,4,line,white,en,,pilot,
3509,es,Spanish (español),salmon,salmón,Salmón,rgb,255,92,0,3,5,line,white,en,,pilot,
3509,es,Spanish (español),calypso,calypso,Calypso,rgb,0,211,255,3,6,line,white,en,,pilot,
3509,es,Spanish (español),rojo,rojo,Rojo,rgb,255,0,52,3,7,line,white,en,,pilot,
3509,es,Spanish (español),amarillooscuro,amarillo oscuro,Amarillo oscuro,rgb,255,212,0,3,8,line,white,en,,pilot,
3509,es,Spanish (español),verdelimon,verde limon,Verde limon,rgb,174,255,0,3,9,line,white,en,,pilot,
3509,es,Spanish (español),rojo,rojo,Rojo,rgb,255,0,12,3,10,line,white,en,,pilot,
3509,es,Spanish (español),celeste,celeste,Celeste,rgb,0,255,251,3,11,line,white,en,,pilot,
3509,es,Spanish (español),azulelectrico,azul eléctrico,Azul eléctrico,rgb,0,113,255,6,0,line,white,en,,pilot,
3509,es,Spanish (español),sandia,sandía,Sandía,rgb,255,0,116,6,1,line,white,en,,pilot,
3509,es,Spanish (español),rosa,rosado,Rosado,rgb,255,0,149,6,2,line,white,en,,pilot,
3509,es,Spanish (español),verdeagua,verde agua,Verde agua,rgb,0,255,222,6,3,line,white,en,,pilot,
3509,es,Spanish (español),verdelimon,verde limón,Verde limón,rgb,222,255,0,6,4,line,white,en,,pilot,
3509,es,Spanish (español),azul,azul,Azul,rgb,0,175,255,6,5,line,white,en,,pilot,
3509,es,Spanish (español),verdefluorescente,verde fluorescente,Verde fluorescente,rgb,108,255,0,6,6,line,white,en,,pilot,
3509,es,Spanish (español),fucsia,fucsia,Fucsia,rgb,255,0,215,6,7,line,white,en,,pilot,
3509,es,Spanish (español),verde,verde,Verde,rgb,0,255,109,6,8,line,white,en,,pilot,
3509,es,Spanish (español),naranjo,naranjo,Naranjo,rgb,255,126,0,6,9,line,white,en,,pilot,
3509,es,Spanish (español),azulelectrico,azul eléctrico,Azul eléctrico,rgb,0,114,255,6,10,line,white,en,,pilot,
3509,es,Spanish (español),rojo,rojo,Rojo,rgb,255,72,0,6,11,line,white,en,,pilot,
4171,es,Spanish (español),anaranjado,anaranjado,Anaranjado,rgb,255,158,0,1,0,line,white,en,,pilot,
4171,es,Spanish (español),anarajado,anarajado,Anarajado,rgb,255,101,0,1,1,line,white,en,,pilot,
4171,es,Spanish (español),rosada,rosada,Rosada,rgb,255,0,82,1,2,line,white,en,,pilot,
4171,es,Spanish (español),amarillo,amarillo,Amarillo,rgb,255,200,0,1,3,line,white,en,,pilot,
4171,es,Spanish (español),anaranjado,anaranjado,Anaranjado,rgb,255,78,0,1,4,line,white,en,,pilot,
4171,es,Spanish (español),azul,azul,Azul,rgb,0,206,255,1,5,line,white,en,,pilot,
4171,es,Spanish (español),azul,azul,Azul,rgb,0,255,255,1,6,line,white,en,,pilot,
4171,es,Spanish (español),amarillo,amarillo,Amarillo,rgb,240,255,0,1,7,line,white,en,,pilot,
4171,es,Spanish (español),azul,azul,Azul,rgb,0,199,255,1,8,line,white,en,,pilot,
4171,es,Spanish (español),amarillo,amarillo,Amarillo,rgb,255,239,0,1,9,line,white,en,,pilot,
4171,es,Spanish (español),rojo,rojo,Rojo,rgb,255,0,28,1,10,line,white,en,,pilot,
4171,es,Spanish (español),verde,verde,Verde,rgb,0,255,95,1,11,line,white,en,,pilot,
4171,es,Spanish (español),azul,azul,Azul,rgb,0,255,255,3,0,line,white,en,,pilot,
4171,es,Spanish (español),verde,verde,Verde,rgb,146,255,0,3,1,line,white,en,,pilot,
4171,es,Spanish (español),verde,verde,Verde,rgb,0,255,159,3,2,line,white,en,,pilot,
4171,es,Spanish (español),azul,azul,Azul,rgb,0,255,214,3,3,line,white,en,,pilot,
4171,es,Spanish (español),morada,morada,Morada,rgb,255,0,237,3,4,line,white,en,,pilot,
4171,es,Spanish (español),azul,azul,Azul,rgb,0,167,255,3,5,line,white,en,,pilot,
4171,es,Spanish (español),morada,morada,Morada,rgb,116,0,255,3,6,line,white,en,,pilot,
4171,es,Spanish (español),rojo,rojo,Rojo,rgb,255,0,75,3,7,line,white,en,,pilot,
4171,es,Spanish (español),verde,verde,Verde,rgb,107,255,0,3,8,line,white,en,,pilot,
4171,es,Spanish (español),verde,verde,Verde,rgb,0,255,127,3,9,line,white,en,,pilot,
4171,es,Spanish (español),morado,morado,Morado,rgb,255,0,255,3,10,line,white,en,,pilot,
4171,es,Spanish (español),azul,azul,Azul,rgb,57,0,255,3,11,line,white,en,,pilot,
4545,es,Spanish (español),fosforosente,fosforosente,Fosforosente,rgb,104,255,0,1,0,line,white,en,,1.1.2,
4545,es,Spanish (español),rosachicha,rosado chicha,Rosado chicha,rgb,255,0,229,1,1,line,white,en,,1.1.2,
4545,es,Spanish (español),celeste,celeste,Celeste,rgb,0,235,255,1,2,line,white,en,,1.1.2,
4545,es,Spanish (español),rojoclaro,rojo claro,Rojo claro,rgb,255,0,98,1,3,line,white,en,,1.1.2,
4545,es,Spanish (español),verdeclaro,verde claro,Verde claro,rgb,0,255,197,1,4,line,white,en,,1.1.2,
4545,es,Spanish (español),amarillo,amarillo,Amarillo,rgb,255,236,0,1,5,line,white,en,,1.1.2,
4545,es,Spanish (español),azulclaro,azul claro,Azul claro,rgb,0,184,255,1,6,line,white,en,,1.1.2,
4545,es,Spanish (español),amarillooscuro,amarillo oscuro,Amarillo oscuro,rgb,255,210,0,1,7,line,white,en,,1.1.2,
4545,es,Spanish (español),rojoclaro,rojo claro,Rojo claro,rgb,255,0,115,1,8,line,white,en,,1.1.2,
4545,es,Spanish (español),amarillo,amarillo,Amarillo,rgb,227,255,0,1,9,line,white,en,,1.1.2,
4545,es,Spanish (español),azulclaro,azul claro,Azul claro,rgb,0,206,255,1,10,line,white,en,,1.1.2,
4545,es,Spanish (español),morado,morado,Morado,rgb,167,0,255,1,11,line,white,en,,1.1.2,
4545,es,Spanish (español),rosachicha,rosado chicha,Rosado chicha,rgb,255,0,191,3,0,line,white,en,,1.1.2,
4545,es,Spanish (español),azul,azul,Azul,rgb,0,81,255,3,1,line,white,en,,1.1.2,
4545,es,Spanish (español),celeste,celeste,Celeste,rgb,0,255,241,3,2,line,white,en,,1.1.2,
4545,es,Spanish (español),anaranjado,anaranjado,Anaranjado,rgb,255,161,0,3,3,line,white,en,,1.1.2,
4545,es,Spanish (español),rojo,rojo,Rojo,rgb,255,72,0,3,4,line,white,en,,1.1.2,
4545,es,Spanish (español),verdefosforosente,verde fosforosente,Verde fosforosente,rgb,34,255,0,3,5,line,white,en,,1.1.2,
4545,es,Spanish (español),verdeclaro,verde claro,Verde claro,rgb,170,255,0,3,6,line,white,en,,1.1.2,
4545,es,Spanish (español),anaranjado,anaranjado,Anaranjado,rgb,255,134,0,3,7,line,white,en,,1.1.2,
4545,es,Spanish (español),rojoclaro,rojo claro,Rojo claro,rgb,255,0,67,3,8,line,white,en,,1.1.2,
4545,es,Spanish (español),rosachicha,rosado chicha,Rosado chicha,rgb,255,0,254,3,9,line,white,en,,1.1.2,
4545,es,Spanish (español),verdeclaro,verde claro,Verde claro,rgb,0,255,163,3,10,line,white,en,,1.1.2,
4545,es,Spanish (español),verdeoscuro,verde oscuro,Verde oscuro,rgb,0,255,143,3,11,line,white,en,,1.1.2,
4545,es,Spanish (español),anaranjado,anaranjado,Anaranjado,rgb,255,93,0,6,0,line,white,en,,1.1.2,
4545,es,Spanish (español),verdefosforosente,verde fosforosente,Verde fosforosente,rgb,0,255,92,6,1,line,white,en,,1.1.2,
4545,es,Spanish (español),amarillo,amarillo,Amarillo,rgb,239,255,0,6,2,line,white,en,,1.1.2,
4545,es,Spanish (español),rosachicha,rosado chicha,Rosado chicha,rgb,255,0,159,6,3,line,white,en,,1.1.2,
4545,es,Spanish (español),azul,azul,Azul,rgb,0,116,255,6,4,line,white,en,,1.1.2,
4545,es,Spanish (español),azul,azul,Azul,rgb,0,103,255,6,5,line,white,en,,1.1.2,
4545,es,Spanish (español),azulclaro,azul claro,Azul claro,rgb,0,159,255,6,6,line,white,en,,1.1.2,
4545,es,Spanish (español),morado,morado,Morado,rgb,129,0,255,6,7,line,white,en,,1.1.2,
4545,es,Spanish (español),azul,azul,Azul,rgb,0,66,255,6,8,line,white,en,,1.1.2,
4545,es,Spanish (español),rojo,rojo,Rojo,rgb,255,0,32,6,9,line,white,en,,1.1.2,
4545,es,Spanish (español),azulclaro,azul claro,Azul claro,rgb,0,144,255,6,10,line,white,en,,1.1.2,
4545,es,Spanish (español),azul,azul,Azul,rgb,0,13,255,6,11,line,white,en,,1.1.2,
4734,es,Spanish (español),naranja,naranja,Naranja,rgb,255,106,0,1,0,line,white,en,,1.1.2,
4734,es,Spanish (español),menta,menta,Menta,rgb,0,255,160,1,1,line,white,en,,1.1.2,
4734,es,Spanish (español),verde,verde,Verde,rgb,0,255,108,1,2,line,white,en,,1.1.2,
4734,es,Spanish (español),aqua,aqua,Aqua,rgb,0,255,199,1,3,line,white,en,,1.1.2,
4734,es,Spanish (español),rojo,rojo,Rojo,rgb,255,0,34,1,4,line,white,en,,1.1.2,
4734,es,Spanish (español),menta,menta,Menta,rgb,0,255,139,1,5,line,white,en,,1.1.2,
4734,es,Spanish (español),fucsia,fucsia,Fucsia,rgb,255,0,142,1,6,line,white,en,,1.1.2,
4734,es,Spanish (español),verdelimon,verde limon,Verde limon,rgb,124,255,0,1,7,line,white,en,,1.1.2,
4734,es,Spanish (español),amarillo,amarillo,Amarillo,rgb,240,255,0,1,8,line,white,en,,1.1.2,
4734,es,Spanish (español),azul,azul,Azul,rgb,0,155,255,1,9,line,white,en,,1.1.2,
4734,es,Spanish (español),naranja,naranja,Naranja,rgb,255,152,0,1,10,line,white,en,,1.1.2,
4734,es,Spanish (español),lila,lila,Lila,rgb,225,0,255,1,11,line,white,en,,1.1.2,
4747,es,Spanish (español),verde,verde,Verde,rgb,189,255,0,1,0,line,white,en,,1.1.2,
4747,es,Spanish (español),azul,azul,Azul,rgb,0,56,255,1,1,line,white,en,,1.1.2,
4747,es,Spanish (español),amarillo,amarillo,Amarillo,rgb,255,184,0,1,2,line,white,en,,1.1.2,
4747,es,Spanish (español),rojo,rojo,Rojo,rgb,255,0,96,1,3,line,white,en,,1.1.2,
4747,es,Spanish (español),azul,azul,Azul,rgb,0,67,255,1,4,line,white,en,,1.1.2,
4747,es,Spanish (español),fucsia,fuxia,Fuxia,rgb,255,0,223,1,5,line,white,en,,1.1.2,
4747,es,Spanish (español),fucsia,fuxia,Fuxia,rgb,253,0,255,1,6,line,white,en,,1.1.2,
4747,es,Spanish (español),rosa,rosa,Rosa,rgb,255,0,161,1,7,line,white,en,,1.1.2,
4747,es,Spanish (español),azul,azul,Azul,rgb,0,11,255,1,8,line,white,en,,1.1.2,
4747,es,Spanish (español),verde,verde,Verde,rgb,0,255,206,1,9,line,white,en,,1.1.2,
4747,es,Spanish (español),rojo,rojo,Rojo,rgb,255,0,65,1,10,line,white,en,,1.1.2,
4747,es,Spanish (español),verde,verde,Verde,rgb,0,255,167,1,11,line,white,en,,1.1.2,
4734,es,Spanish (español),azul,azul,Azul,rgb,0,112,255,3,0,line,white,en,,1.1.2,
4734,es,Spanish (español),amarillo,amarillo,Amarillo,rgb,255,183,0,3,1,line,white,en,,1.1.2,
4734,es,Spanish (español),celeste,celeste,Celeste,rgb,0,241,255,3,2,line,white,en,,1.1.2,
4734,es,Spanish (español),amarillo,amarillo,Amarillo,rgb,255,219,0,3,3,line,white,en,,1.1.2,
4734,es,Spanish (español),azul,azul,Azul,rgb,0,86,255,3,4,line,white,en,,1.1.2,
4734,es,Spanish (español),azul,azul,Azul,rgb,0,227,255,3,5,line,white,en,,1.1.2,
4734,es,Spanish (español),rosa,rosa,Rosa,rgb,255,0,83,3,6,line,white,en,,1.1.2,
4734,es,Spanish (español),fucsia,fucsia,Fucsia,rgb,255,0,205,3,7,line,white,en,,1.1.2,
4734,es,Spanish (español),morado,morado,Morado,rgb,73,0,255,3,8,line,white,en,,1.1.2,
4734,es,Spanish (español),azul,azul,Azul,rgb,0,133,255,3,9,line,white,en,,1.1.2,
4734,es,Spanish (español),rosa,rosa,Rosa,rgb,255,0,222,3,10,line,white,en,,1.1.2,
4734,es,Spanish (español),rojo,rojo,Rojo,rgb,255,0,56,3,11,line,white,en,,1.1.2,
4747,es,Spanish (español),rojo,rojo,Rojo,rgb,255,32,0,3,0,line,white,en,,1.1.2,
4747,es,Spanish (español),naranja,naranja,Naranja,rgb,255,130,0,3,1,line,white,en,,1.1.2,
4747,es,Spanish (español),celeste,celeste,Celeste,rgb,0,190,255,3,2,line,white,en,,1.1.2,
4747,es,Spanish (español),amarillo,amarillo,Amarillo,rgb,255,223,0,3,3,line,white,en,,1.1.2,
4747,es,Spanish (español),naranja,naranja,Naranja,rgb,255,88,0,3,4,line,white,en,,1.1.2,
4747,es,Spanish (español),azul,azul,Azul,rgb,0,120,255,3,5,line,white,en,,1.1.2,
4747,es,Spanish (español),celeste,celeste,Celeste,rgb,0,226,255,3,6,line,white,en,,1.1.2,
4747,es,Spanish (español),azul,azul,Azul,rgb,0,145,255,3,7,line,white,en,,1.1.2,
4747,es,Spanish (español),verde,verde,Verde,rgb,0,255,53,3,8,line,white,en,,1.1.2,
4747,es,Spanish (español),aqua,aqua,Aqua,rgb,0,255,224,3,9,line,white,en,,1.1.2,
4747,es,Spanish (español),morado,morado,Morado,rgb,121,0,255,3,10,line,white,en,,1.1.2,
4747,es,Spanish (español),rosa,rosa,Rosa,rgb,255,0,118,3,11,line,white,en,,1.1.2,
4734,es,Spanish (español),azul,azul,Azul,rgb,0,166,255,6,0,line,white,en,,1.1.2,
4734,es,Spanish (español),verde,verde,Verde,rgb,178,255,0,6,1,line,white,en,,1.1.2,
4734,es,Spanish (español),verde,verde,Verde,rgb,0,255,65,6,2,line,white,en,,1.1.2,
4734,es,Spanish (español),rojo,rojo,Rojo,rgb,255,15,0,6,3,line,white,en,,1.1.2,
4734,es,Spanish (español),azul,azul,Azul,rgb,0,196,255,6,4,line,white,en,,1.1.2,
4734,es,Spanish (español),naranja,naranja,Naranja,rgb,255,178,0,6,5,line,white,en,,1.1.2,
4734,es,Spanish (español),azul,azul,Azul,rgb,0,255,255,6,6,line,white,en,,1.1.2,
4734,es,Spanish (español),azul,azul,Azul,rgb,0,48,255,6,7,line,white,en,,1.1.2,
4734,es,Spanish (español),amarillo,amarillo,Amarillo,rgb,221,255,0,6,8,line,white,en,,1.1.2,
4734,es,Spanish (español),morado,morado,Morado,rgb,164,0,255,6,9,line,white,en,,1.1.2,
4734,es,Spanish (español),morado,morado,Morado,rgb,102,0,255,6,10,line,white,en,,1.1.2,
4734,es,Spanish (español),rosa,rosa,Rosa,rgb,255,0,156,6,11,line,white,en,,1.1.2,
4747,es,Spanish (español),celeste,celeste,Celeste,rgb,0,240,255,6,0,line,white,en,,1.1.2,
4747,es,Spanish (español),morado,morado,Morado,rgb,188,0,255,6,1,line,white,en,,1.1.2,
4747,es,Spanish (español),rojo,rojo,Rojo,rgb,255,0,23,6,2,line,white,en,,1.1.2,
4747,es,Spanish (español),verde,verde,Verde,rgb,0,255,114,6,3,line,white,en,,1.1.2,
4747,es,Spanish (español),azul,azul,Azul,rgb,0,110,255,6,4,line,white,en,,1.1.2,
4747,es,Spanish (español),verde,verde,Verde,rgb,0,255,131,6,5,line,white,en,,1.1.2,
4747,es,Spanish (español),verdeclaro,verde claro,Verde claro,rgb,85,255,0,6,6,line,white,en,,1.1.2,
4747,es,Spanish (español),naranja,naranja,Naranja,rgb,255,157,0,6,7,line,white,en,,1.1.2,
4747,es,Spanish (español),amarillo,amarillo,Amarillo,rgb,255,254,0,6,8,line,white,en,,1.1.2,
4747,es,Spanish (español),rosa,rosa,Rosa,rgb,255,0,181,6,9,line,white,en,,1.1.2,
4747,es,Spanish (español),verde,verde,Verde,rgb,152,255,0,6,10,line,white,en,,1.1.2,
4747,es,Spanish (español),azul,azul,Azul,rgb,0,168,255,6,11,line,white,en,,1.1.2,
4902,es,Spanish (español),azulceleste,azul celeste,azul celeste,rgb,0,146,255,1,0,line,white,en,,1.1.2,
4902,es,Spanish (español),azulmarino,azul marino,azul marino,rgb,73,0,255,1,1,line,white,en,,1.1.2,
4902,es,Spanish (español),verde,verde,verde,rgb,107,255,0,1,2,line,white,en,,1.1.2,
4902,es,Spanish (español),verdemar,verde mar,verde mar,rgb,0,255,208,1,3,line,white,en,,1.1.2,
4902,es,Spanish (español),violeta,violeta,violeta,rgb,255,0,84,1,4,line,white,en,,1.1.2,
4902,es,Spanish (español),verde,verde,verde,rgb,0,255,88,1,5,line,white,en,,1.1.2,
4902,es,Spanish (español),azulmarino,azul marino,azul marino,rgb,0,36,255,1,6,line,white,en,,1.1.2,
4902,es,Spanish (español),rojo,rojo,rojo,rgb,255,39,0,1,7,line,white,en,,1.1.2,
4902,es,Spanish (español),azul,azul,azul,rgb,0,116,255,1,8,line,white,en,,1.1.2,
4902,es,Spanish (español),anaranjado,anaranjado,anaranjado,rgb,255,170,0,1,9,line,white,en,,1.1.2,
4902,es,Spanish (español),azulturquesa,azul turquesa,azul turquesa,rgb,0,255,246,1,10,line,white,en,,1.1.2,
4902,es,Spanish (español),azul,azul,azul,rgb,0,109,255,1,11,line,white,en,,1.1.2,
4902,es,Spanish (español),anaranjado,anaranjado,anaranjado,rgb,255,195,0,3,0,line,white,en,,1.1.2,
4902,es,Spanish (español),verde,verde,verde,rgb,135,255,0,3,1,line,white,en,,1.1.2,
4902,es,Spanish (español),violeta,violeta,violeta,rgb,211,0,255,3,2,line,white,en,,1.1.2,
4902,es,Spanish (español),naranja,naranja,naranja,rgb,255,88,0,3,3,line,white,en,,1.1.2,
4902,es,Spanish (español),purpura,purpura,purpura,rgb,156,0,255,3,4,line,white,en,,1.1.2,
4902,es,Spanish (español),azul,azul,azul,rgb,0,189,255,3,5,line,white,en,,1.1.2,
4902,es,Spanish (español),mostaza,mostaza,mostaza,rgb,255,223,0,3,6,line,white,en,,1.1.2,
4902,es,Spanish (español),amarillofluor,amarillo fluor,amarillo fluor,rgb,222,255,0,3,7,line,white,en,,1.1.2,
4902,es,Spanish (español),rosa,rosa,rosa,rgb,255,0,185,3,8,line,white,en,,1.1.2,
4902,es,Spanish (español),amarillo,amarillo,amarillo,rgb,235,255,0,3,9,line,white,en,,1.1.2,
4902,es,Spanish (español),verde,verde,verde,rgb,0,255,5,3,10,line,white,en,,1.1.2,
4902,es,Spanish (español),violeta,violeta,violeta,rgb,224,0,255,3,11,line,white,en,,1.1.2,
4902,es,Spanish (español),violeta,violeta,violeta,rgb,255,0,224,6,0,line,white,en,,1.1.2,
4902,es,Spanish (español),fucsia,fucsia,fucsia,rgb,255,0,139,6,1,line,white,en,,1.1.2,
4902,es,Spanish (español),rojo,rojo,rojo,rgb,255,0,27,6,2,line,white,en,,1.1.2,
4902,es,Spanish (español),azulceleste,azul celeste,azul celeste,rgb,0,165,255,6,3,line,white,en,,1.1.2,
4902,es,Spanish (español),azul,azul,azul,rgb,0,85,255,6,4,line,white,en,,1.1.2,
4902,es,Spanish (español),burdeos,burdeos,burdeos,rgb,255,0,68,6,5,line,white,en,,1.1.2,
4902,es,Spanish (español),mostaza,mostaza,mostaza,rgb,255,136,0,6,6,line,white,en,,1.1.2,
4902,es,Spanish (español),verdemar,verde mar,verde mar,rgb,0,255,171,6,7,line,white,en,,1.1.2,
4902,es,Spanish (español),violeta,violeta,violeta,rgb,255,0,175,6,8,line,white,en,,1.1.2,
4902,es,Spanish (español),azulturquesa,azul turquesa,azul turquesa,rgb,0,229,255,6,9,line,white,en,,1.1.2,
4902,es,Spanish (español),turquesa,turquesa,turquesa,rgb,0,249,255,6,10,line,white,en,,1.1.2,
4902,es,Spanish (español),verde,verde,verde,rgb,0,255,142,6,11,line,white,en,,1.1.2,
4922,es,Spanish (español),morado,morado,morado,rgb,206,0,255,1,0,line,white,en,,1.1.2,
4922,es,Spanish (español),verdeclaro,verde claro,verde claro,rgb,0,255,53,1,1,line,white,en,,1.1.2,
4922,es,Spanish (español),azulclaro,azul claro,azul claro,rgb,0,139,255,1,2,line,white,en,,1.1.2,
4922,es,Spanish (español),celeste,celeste,celeste,rgb,0,228,255,1,3,line,white,en,,1.1.2,
4922,es,Spanish (español),azul,azul,azul,rgb,0,103,255,1,4,line,white,en,,1.1.2,
4922,es,Spanish (español),mostazaclaro,mostaza claro,mostaza claro,rgb,255,194,0,1,5,line,white,en,,1.1.2,
4922,es,Spanish (español),purpura,purpura,purpura,rgb,108,0,255,1,6,line,white,en,,1.1.2,
4922,es,Spanish (español),azul,azul,azul,rgb,0,34,255,1,7,line,white,en,,1.1.2,
4922,es,Spanish (español),rojo,rojo,rojo,rgb,255,0,60,1,8,line,white,en,,1.1.2,
4922,es,Spanish (español),rosa,rosa,rosa,rgb,255,0,175,1,9,line,white,en,,1.1.2,
4922,es,Spanish (español),amarillo,amarillo,amarillo,rgb,238,255,0,1,10,line,white,en,,1.1.2,
4922,es,Spanish (español),mostaza,mostaza,mostaza,rgb,255,157,0,1,11,line,white,en,,1.1.2,
4922,es,Spanish (español),azulpalido,azul palido,azul palido,rgb,0,166,255,3,0,line,white,en,,1.1.2,
4922,es,Spanish (español),verdepantano,verde pantano,verde pantano,rgb,0,255,148,3,1,line,white,en,,1.1.2,
4922,es,Spanish (español),naranjo,naranjo,naranjo,rgb,255,94,0,3,2,line,white,en,,1.1.2,
4922,es,Spanish (español),azul,azul,azul,rgb,0,124,255,3,3,line,white,en,,1.1.2,
4922,es,Spanish (español),celesteverdoso,celeste verdoso,celeste verdoso,rgb,0,255,190,3,4,line,white,en,,1.1.2,
4922,es,Spanish (español),celeste,celeste,celeste,rgb,0,255,228,3,5,line,white,en,,1.1.2,
4922,es,Spanish (español),naranjooscuro,naranjo oscuro,naranjo oscuro,rgb,255,67,0,3,6,line,white,en,,1.1.2,
4922,es,Spanish (español),fts,fts,FTS,rgb,0,192,255,3,7,line,white,en,,1.1.2,
4922,es,Spanish (español),verdehoja,verde hoja,verde hoja,rgb,0,255,79,3,8,line,white,en,,1.1.2,
4922,es,Spanish (español),celeste,celeste,celeste,rgb,0,255,216,3,9,line,white,en,,1.1.2,
4922,es,Spanish (español),morado,morado,morado,rgb,255,0,231,3,10,line,white,en,,1.1.2,
4922,es,Spanish (español),algo.,algo.,algo.,rgb,0,236,255,3,11,line,white,en,,1.1.2,
4922,es,Spanish (español),:c,:c,:c,rgb,255,0,109,6,0,line,white,en,,1.1.2,
4922,es,Spanish (español),azuloscuro,azul oscuro,azul oscuro,rgb,0,65,255,6,1,line,white,en,,1.1.2,
4922,es,Spanish (español),crimson,crimson,CRIMSON,rgb,255,0,32,6,2,line,white,en,,1.1.2,
4922,es,Spanish (español),morado,morado,morado,rgb,255,0,194,6,3,line,white,en,,1.1.2,
4922,es,Spanish (español),amarilloverdoso,amarillo verdoso,amarillo verdoso,rgb,229,255,0,6,4,line,white,en,,1.1.2,
4922,es,Spanish (español),naranjooscuro,naranjo oscuro,naranjo oscuro,rgb,255,148,0,6,5,line,white,en,,1.1.2,
4922,es,Spanish (español),azul,azul,azul,rgb,0,71,255,6,6,line,white,en,,1.1.2,
4922,es,Spanish (español),?,?,?,rgb,174,255,0,6,7,line,white,en,,1.1.2,
4922,es,Spanish (español),¿?,¿?,¿?,rgb,255,234,0,6,8,line,white,en,,1.1.2,
4922,es,Spanish (español),lila,lila,lila,rgb,255,0,251,6,9,line,white,en,,1.1.2,
4922,es,Spanish (español),rosaoscuro,rosado oscuro,rosado oscuro,rgb,255,0,133,6,10,line,white,en,,1.1.2,
4922,es,Spanish (español),verde,verde,verde,rgb,56,255,0,6,11,line,white,en,,1.1.2,
4950,es,Spanish (español),azulmarino,azul marino,Azul marino,rgb,0,32,255,1,0,line,white,en,,1.1.2,
4950,es,Spanish (español),azulcielo,azul cielo,Azul cielo,rgb,0,230,255,1,1,line,white,en,,1.1.2,
4950,es,Spanish (español),azulmarino,azul marino,Azul marino,rgb,0,61,255,1,2,line,white,en,,1.1.2,
4950,es,Spanish (español),rojo,rojo,Rojo,rgb,255,0,28,1,3,line,white,en,,1.1.2,
4950,es,Spanish (español),azulcielo,azul cielo,Azul cielo,rgb,0,237,255,1,4,line,white,en,,1.1.2,
4950,es,Spanish (español),naranja,naranja,Naranja,rgb,255,135,0,1,5,line,white,en,,1.1.2,
4950,es,Spanish (español),rosa,rosa,Rosa,rgb,255,0,188,1,6,line,white,en,,1.1.2,
4950,es,Spanish (español),verdeazulado,verde azulado,Verde azulado,rgb,0,255,184,1,7,line,white,en,,1.1.2,
4950,es,Spanish (español),azulcielo,azul cielo,Azul cielo,rgb,0,255,234,1,8,line,white,en,,1.1.2,
4950,es,Spanish (español),verdeazulado,verde azulado,Verde azulado,rgb,0,255,155,1,9,line,white,en,,1.1.2,
4950,es,Spanish (español),lila,lila,Lila,rgb,247,0,255,1,10,line,white,en,,1.1.2,
4950,es,Spanish (español),magenta,magenta,Magenta,rgb,255,0,67,1,11,line,white,en,,1.1.2,
4950,es,Spanish (español),azul,azul,Azul,rgb,0,181,255,3,0,line,white,en,,1.1.2,
4950,es,Spanish (español),azul,azul,Azul,rgb,0,192,255,3,1,line,white,en,,1.1.2,
4950,es,Spanish (español),lila,lila,Lila,rgb,183,0,255,3,2,line,white,en,,1.1.2,
4950,es,Spanish (español),verdechillon,verde chillón,Verde chillón,rgb,0,255,52,3,3,line,white,en,,1.1.2,
4950,es,Spanish (español),amarillo,amarillo,Amarillo,rgb,245,255,0,3,4,line,white,en,,1.1.2,
4950,es,Spanish (español),rosa,rosa,Rosa,rgb,255,0,162,3,5,line,white,en,,1.1.2,
4950,es,Spanish (español),magenta,magenta,Magenta,rgb,255,0,99,3,6,line,white,en,,1.1.2,
4950,es,Spanish (español),azulfuerte,azul fuerte,Azul fuerte,rgb,0,103,255,3,7,line,white,en,,1.1.2,
4950,es,Spanish (español),amarillo,amarillo,Amarillo,rgb,227,255,0,3,8,line,white,en,,1.1.2,
4950,es,Spanish (español),amarilloanaranjado,amarillo anaranjado,Amarillo anaranjado,rgb,255,191,0,3,9,line,white,en,,1.1.2,
4950,es,Spanish (español),rosafuerte,rosa fuerte,Rosa fuerte,rgb,255,0,122,3,10,line,white,en,,1.1.2,
4950,es,Spanish (español),amarilloanaranjado,amarillo anaranjado,Amarillo anaranjado,rgb,255,168,0,3,11,line,white,en,,1.1.2,
4950,es,Spanish (español),naranja,naranja,Naranja,rgb,255,114,0,6,0,line,white,en,,1.1.2,
4950,es,Spanish (español),azulfuerte,azul fuerte,Azul fuerte,rgb,0,69,255,6,1,line,white,en,,1.1.2,
4950,es,Spanish (español),rosa,rosa,Rosa,rgb,255,0,240,6,2,line,white,en,,1.1.2,
4950,es,Spanish (español),naranja,naranja,Naranja,rgb,255,81,0,6,3,line,white,en,,1.1.2,
4950,es,Spanish (español),azul,azul,Azul,rgb,0,121,255,6,4,line,white,en,,1.1.2,
4950,es,Spanish (español),azulcielo,azul cielo,Azul cielo,rgb,0,255,219,6,5,line,white,en,,1.1.2,
4950,es,Spanish (español),verde,verde,Verde,rgb,137,255,0,6,6,line,white,en,,1.1.2,
4950,es,Spanish (español),verde,verde,Verde,rgb,90,255,0,6,7,line,white,en,,1.1.2,
4950,es,Spanish (español),morado,morado,Morado,rgb,140,0,255,6,8,line,white,en,,1.1.2,
4950,es,Spanish (español),verde,verde,Verde,rgb,0,255,88,6,9,line,white,en,,1.1.2,
4950,es,Spanish (español),azul,azul,Azul,rgb,0,142,255,6,10,line,white,en,,1.1.2,
4950,es,Spanish (español),amarillo,amarillo,Amarillo,rgb,255,231,0,6,11,line,white,en,,1.1.2,
5346,es,Spanish (español),rosa,rosa,rosa,rgb,255,0,193,1,0,line,white,en,,1.1.2,
5600,es,Spanish (español),rosa,rosa,rosa,rgb,255,0,150,1,0,line,white,en,,1.1.2,
5600,es,Spanish (español),verde,verde,verde,rgb,0,255,76,1,1,line,white,en,,1.1.2,
5600,es,Spanish (español),menta,menta,menta,rgb,0,255,205,1,2,line,white,en,,1.1.2,
5600,es,Spanish (español),pasto,pasto,pasto,rgb,131,255,0,1,3,line,white,en,,1.1.2,
5600,es,Spanish (español),naranja,naranja,naranja,rgb,255,65,0,1,4,line,white,en,,1.1.2,
5600,es,Spanish (español),azul,azul,azul,rgb,0,95,255,1,5,line,white,en,,1.1.2,
5600,es,Spanish (español),amarillo,amarillo,amarillo,rgb,255,255,0,1,6,line,white,en,,1.1.2,
5600,es,Spanish (español),rojo,rojo,rojo,rgb,255,0,28,1,7,line,white,en,,1.1.2,
5600,es,Spanish (español),amarillo,amarillo,amarillo,rgb,255,201,0,1,8,line,white,en,,1.1.2,
5600,es,Spanish (español),azul,azul,azul,rgb,0,23,255,1,9,line,white,en,,1.1.2,
5600,es,Spanish (español),azulclaro,azul claro,azul claro,rgb,0,225,255,1,10,line,white,en,,1.1.2,
5600,es,Spanish (español),pasto,pasto,pasto,rgb,134,255,0,1,11,line,white,en,,1.1.2,
5600,es,Spanish (español),naranja,naranja,naranja,rgb,255,98,0,3,0,line,white,en,,1.1.2,
5600,es,Spanish (español),azul,azul,azul,rgb,0,129,255,3,1,line,white,en,,1.1.2,
5600,es,Spanish (español),rosa,rosa,rosa,rgb,255,0,248,3,2,line,white,en,,1.1.2,
5600,es,Spanish (español),morado,morado,morado,rgb,152,0,255,3,3,line,white,en,,1.1.2,
5600,es,Spanish (español),cyan,cyan,cyan,rgb,0,237,255,3,4,line,white,en,,1.1.2,
5600,es,Spanish (español),rojo,rojo,rojo,rgb,255,0,85,3,5,line,white,en,,1.1.2,
5600,es,Spanish (español),menta,menta,menta,rgb,0,255,225,3,6,line,white,en,,1.1.2,
5600,es,Spanish (español),rosa,rosa,rosa,rgb,255,0,139,3,7,line,white,en,,1.1.2,
5600,es,Spanish (español),verde,verde,verde,rgb,0,255,131,3,8,line,white,en,,1.1.2,
5600,es,Spanish (español),morado,morado,morado,rgb,197,0,255,3,9,line,white,en,,1.1.2,
5600,es,Spanish (español),azul,azul,azul,rgb,0,90,255,3,10,line,white,en,,1.1.2,
5600,es,Spanish (español),azulbajo,azul bajo,azul bajo,rgb,0,181,255,3,11,line,white,en,,1.1.2,
5600,es,Spanish (español),amarillo,amarillo,amarillo,rgb,255,217,0,6,0,line,white,en,,1.1.2,
5600,es,Spanish (español),rojo,rojo,rojo,rgb,255,0,62,6,1,line,white,en,,1.1.2,
5600,es,Spanish (español),amarillobrillante,amarillo brillante,amarillo brillante,rgb,218,255,0,6,2,line,white,en,,1.1.2,
5600,es,Spanish (español),naranja,naranja,naranja,rgb,255,128,0,6,3,line,white,en,,1.1.2,
5600,es,Spanish (español),rosa,rosa,rosa,rgb,255,0,236,6,4,line,white,en,,1.1.2,
5600,es,Spanish (español),verde,verde,verde,rgb,0,255,104,6,5,line,white,en,,1.1.2,
5600,es,Spanish (español),azul,azul,azul,rgb,0,144,255,6,6,line,white,en,,1.1.2,
5600,es,Spanish (español),azul,azul,azul,rgb,0,57,255,6,7,line,white,en,,1.1.2,
5600,es,Spanish (español),rosa,rosa,rosa,rgb,255,0,200,6,8,line,white,en,,1.1.2,
5600,es,Spanish (español),naranja,naranja,naranja,rgb,255,159,0,6,9,line,white,en,,1.1.2,
5600,es,Spanish (español),menta,menta,menta,rgb,0,255,172,6,10,line,white,en,,1.1.2,
5600,es,Spanish (español),azulclaro,azul claro,azul claro,rgb,0,170,255,6,11,line,white,en,,1.1.2,
5679,es,Spanish (español),magenta,magenta,Magenta,rgb,255,0,204,1,0,line,white,en,,1.1.2,
5679,es,Spanish (español),carmesi,carmesi,Carmesi,rgb,255,0,21,1,1,line,white,en,,1.1.2,
5679,es,Spanish (español),azul,azul,Azul,rgb,0,117,255,1,2,line,white,en,,1.1.2,
5679,es,Spanish (español),amarillo,amarillo,Amarillo,rgb,255,251,0,1,3,line,white,en,,1.1.2,
5679,es,Spanish (español),verdeamarillento,verde amarillento,Verde Amarillento,rgb,197,255,0,1,4,line,white,en,,1.1.2,
5679,es,Spanish (español),verdeclaro,verde claro,Verde Claro,rgb,0,255,35,1,5,line,white,en,,1.1.2,
5679,es,Spanish (español),morado,morado,Morado,rgb,134,0,255,1,6,line,white,en,,1.1.2,
5679,es,Spanish (español),azuloscuro,azul oscuro,Azul Oscuro,rgb,27,0,255,1,7,line,white,en,,1.1.2,
5679,es,Spanish (español),cyan,cian,Cian,rgb,0,206,255,1,8,line,white,en,,1.1.2,
5679,es,Spanish (español),naranjarojo,naranja rojo,Naranja Rojo,rgb,255,66,0,1,9,line,white,en,,1.1.2,
5679,es,Spanish (español),azulcielo,azul cielo,Azul Cielo,rgb,0,180,255,1,10,line,white,en,,1.1.2,
5679,es,Spanish (español),verdementaclaro,verde menta claro,Verde Menta Claro,rgb,0,255,108,1,11,line,white,en,,1.1.2,
5679,es,Spanish (español),azulclaro,azul claro,Azul Claro,rgb,0,203,255,3,0,line,white,en,,1.1.2,
5679,es,Spanish (español),cyan,cian,Cian,rgb,0,244,255,3,1,line,white,en,,1.1.2,
5679,es,Spanish (español),verdeamarillento,verde amarillento,Verde-Amarillento,rgb,136,255,0,3,2,line,white,en,,1.1.2,
5679,es,Spanish (español),fucsia,fucsia,Fucsia,rgb,255,0,147,3,3,line,white,en,,1.1.2,
5679,es,Spanish (español),rosaoscuro,rosado oscuro,Rosado Oscuro,rgb,255,0,112,3,4,line,white,en,,1.1.2,
5679,es,Spanish (español),carmesi,carmesi,Carmesi,rgb,255,0,73,3,5,line,white,en,,1.1.2,
5679,es,Spanish (español),morado,morado,Morado,rgb,235,0,255,3,6,line,white,en,,1.1.2,
5679,es,Spanish (español),anarajando,anarajando,Anarajando,rgb,255,117,0,3,7,line,white,en,,1.1.2,
5679,es,Spanish (español),amarillo,amarillo,Amarillo,rgb,255,225,0,3,8,line,white,en,,1.1.2,
5679,es,Spanish (español),azul,azul,Azul,rgb,0,111,255,3,9,line,white,en,,1.1.2,
5679,es,Spanish (español),azulclaro,azul claro,Azul Claro,rgb,0,150,255,3,10,line,white,en,,1.1.2,
5679,es,Spanish (español),magenta,magenta,Magenta,rgb,255,0,213,3,11,line,white,en,,1.1.2,
5752,es,Spanish (español),azul,azul,azul,rgb,0,224,255,1,0,line,white,en,,1.1.2,
5752,es,Spanish (español),morado,morado,morado,rgb,236,0,255,1,1,line,white,en,,1.1.2,
5752,es,Spanish (español),naranja,naranja,naranja,rgb,255,97,0,1,2,line,white,en,,1.1.2,
5752,es,Spanish (español),azul,azul,azul,rgb,0,192,255,1,3,line,white,en,,1.1.2,
5752,es,Spanish (español),rosa,rosado,rosado,rgb,255,0,156,1,4,line,white,en,,1.1.2,
5752,es,Spanish (español),azul,azul,azul,rgb,0,170,255,1,5,line,white,en,,1.1.2,
5752,es,Spanish (español),morado,morado,morado,rgb,255,0,239,1,6,line,white,en,,1.1.2,
5752,es,Spanish (español),naranja,naranja,naranja,rgb,255,142,0,1,7,line,white,en,,1.1.2,
5752,es,Spanish (español),verde,verde,verde,rgb,0,255,132,1,8,line,white,en,,1.1.2,
5752,es,Spanish (español),verde,verde,verde,rgb,0,255,177,1,9,line,white,en,,1.1.2,
5752,es,Spanish (español),verde,verde,verde,rgb,0,255,92,1,10,line,white,en,,1.1.2,
5752,es,Spanish (español),morado,morado,morado,rgb,176,0,255,1,11,line,white,en,,1.1.2,
5752,es,Spanish (español),azul,azul,azul,rgb,0,127,255,3,0,line,white,en,,1.1.2,
5752,es,Spanish (español),amarillo,amarillo,amarillo,rgb,255,250,0,3,1,line,white,en,,1.1.2,
5752,es,Spanish (español),azul,azul,azul,rgb,0,255,245,3,2,line,white,en,,1.1.2,
5752,es,Spanish (español),rojo,rojo,rojo,rgb,255,0,39,3,3,line,white,en,,1.1.2,
5752,es,Spanish (español),rosa,rosado,rosado,rgb,255,0,105,3,4,line,white,en,,1.1.2,
5752,es,Spanish (español),azul,azul,azul,rgb,0,17,255,3,5,line,white,en,,1.1.2,
5752,es,Spanish (español),azul,azul,azul,rgb,0,88,255,3,6,line,white,en,,1.1.2,
5752,es,Spanish (español),rosa,rosado,rosado,rgb,255,0,181,3,7,line,white,en,,1.1.2,
5752,es,Spanish (español),morado,morado,morado,rgb,255,0,127,3,8,line,white,en,,1.1.2,
5752,es,Spanish (español),naranja,naranja,naranja,rgb,255,156,0,3,9,line,white,en,,1.1.2,
5752,es,Spanish (español),verde,verde,verde,rgb,130,255,0,3,10,line,white,en,,1.1.2,
5752,es,Spanish (español),azul,azul,azul,rgb,0,92,255,3,11,line,white,en,,1.1.2,
5752,es,Spanish (español),amarillo,amarillo,amarillo,rgb,255,182,0,6,0,line,white,en,,1.1.2,
5752,es,Spanish (español),rosa,rosado,rosado,rgb,255,0,78,6,1,line,white,en,,1.1.2,
5752,es,Spanish (español),naranja,naranja,naranja,rgb,255,52,0,6,2,line,white,en,,1.1.2,
5752,es,Spanish (español),amarillo,amarillo,amarillo,rgb,255,228,0,6,3,line,white,en,,1.1.2,
5752,es,Spanish (español),azul,azul,azul,rgb,0,255,201,6,4,line,white,en,,1.1.2,
5752,es,Spanish (español),morado,morado,morado,rgb,155,0,255,6,5,line,white,en,,1.1.2,
5752,es,Spanish (español),azul,azul,azul,rgb,0,155,255,6,6,line,white,en,,1.1.2,
5752,es,Spanish (español),verde,verde,verde,rgb,0,255,49,6,7,line,white,en,,1.1.2,
5752,es,Spanish (español),verde,verde,verde,rgb,190,255,0,6,8,line,white,en,,1.1.2,
5752,es,Spanish (español),azul,azul,azul,rgb,0,248,255,6,9,line,white,en,,1.1.2,
5752,es,Spanish (español),verde,verde,verde,rgb,167,255,0,6,10,line,white,en,,1.1.2,
5752,es,Spanish (español),azul,azul,azul,rgb,0,40,255,6,11,line,white,en,,1.1.2,
6001,es,Spanish (español),celeste,celeste,Celeste,rgb,0,255,230,3,0,line,white,en,,1.1.2,
6001,es,Spanish (español),azulultramar,azul ultramar,azul ultramar,rgb,0,81,255,3,1,line,white,en,,1.1.2,
6001,es,Spanish (español),indigo,indigo,Indigo,rgb,0,131,255,3,2,line,white,en,,1.1.2,
6001,es,Spanish (español),verdeclaro,verde claro,Verde claro,rgb,0,255,111,3,3,line,white,en,,1.1.2,
6001,es,Spanish (español),rojo,rojo,rojo,rgb,255,18,0,3,4,line,white,en,,1.1.2,
6001,es,Spanish (español),cristal,cristal,Cristal,rgb,0,197,255,3,5,line,white,en,,1.1.2,
6001,es,Spanish (español),turquesa,turquesa,Turquesa,rgb,0,255,152,3,7,line,white,en,,1.1.2,
6001,es,Spanish (español),celeste,celeste,Celeste,rgb,0,255,212,3,8,line,white,en,,1.1.2,
6001,es,Spanish (español),azulclaro,azul claro,Azul claro,rgb,0,155,255,3,9,line,white,en,,1.1.2,
6001,es,Spanish (español),verde,verde,Verde,rgb,0,255,51,3,10,line,white,en,,1.1.2,
6001,es,Spanish (español),verdeoliva,verde oliva,Verde oliva,rgb,157,255,0,3,11,line,white,en,,1.1.2,
6001,es,Spanish (español),turquesa,turquesa,Turquesa,rgb,0,255,255,6,0,line,white,en,,1.1.2,
6001,es,Spanish (español),naranja,naranja,Naranja,rgb,255,148,0,6,1,line,white,en,,1.1.2,
6001,es,Spanish (español),mostaza,mostaza,Mostaza,rgb,255,224,0,6,2,line,white,en,,1.1.2,
6001,es,Spanish (español),purpura,purpura,Purpura,rgb,71,0,255,6,6,line,white,en,,1.1.2,
6001,es,Spanish (español),azulultramar,azul ultramar,Azul ultramar,rgb,0,111,255,6,7,line,white,en,,1.1.2,
6001,es,Spanish (español),fucsia,fucsia,Fucsia,rgb,255,0,111,6,8,line,white,en,,1.1.2,
6001,es,Spanish (español),rosa,rosado,Rosado,rgb,255,0,248,6,10,line,white,en,,1.1.2,
6171,es,Spanish (español),turquesa,turquesa,turquesa,rgb,0,255,230,1,0,line,white,en,,1.1.2,
6171,es,Spanish (español),fucsia,fucsia,fucsia,rgb,255,0,247,1,1,line,white,en,,1.1.2,
6171,es,Spanish (español),celeste,celeste,celeste,rgb,0,197,255,1,2,line,white,en,,1.1.2,
6171,es,Spanish (español),celeste,celeste,celeste,rgb,0,239,255,1,3,line,white,en,,1.1.2,
6171,es,Spanish (español),celeste,celeste,celeste,rgb,0,176,255,1,4,line,white,en,,1.1.2,
6171,es,Spanish (español),rosa,rosa,rosa,rgb,255,0,90,1,5,line,white,en,,1.1.2,
6171,es,Spanish (español),naranja,naranja,naranja,rgb,255,147,0,1,6,line,white,en,,1.1.2,
6171,es,Spanish (español),naranja,naranja,naranja,rgb,255,169,0,1,7,line,white,en,,1.1.2,
6171,es,Spanish (español),rosa,rosa,rosa,rgb,255,0,132,1,8,line,white,en,,1.1.2,
6171,es,Spanish (español),fucsia,fucsia,fucsia,rgb,255,0,220,1,9,line,white,en,,1.1.2,
6171,es,Spanish (español),turquesa,turquesa,turquesa,rgb,0,255,201,1,10,line,white,en,,1.1.2,
6171,es,Spanish (español),verdemanzana,verde manzana,verde manzana,rgb,154,255,0,1,11,line,white,en,,1.1.2,
6171,es,Spanish (español),azul,azul,azul,rgb,0,135,255,3,0,line,white,en,,1.1.2,
6171,es,Spanish (español),naranja,naranja,naranja,rgb,255,117,0,3,1,line,white,en,,1.1.2,
6171,es,Spanish (español),verde,verde,verde,rgb,0,255,124,3,2,line,white,en,,1.1.2,
6171,es,Spanish (español),naranja,naranja,naranja,rgb,255,68,0,3,3,line,white,en,,1.1.2,
6171,es,Spanish (español),turquesa,turquesa,turquesa,rgb,0,255,189,3,4,line,white,en,,1.1.2,
6171,es,Spanish (español),celeste,celeste,celeste,rgb,0,140,255,3,5,line,white,en,,1.1.2,
6171,es,Spanish (español),amarillo,amarillo,amarillo,rgb,255,214,0,3,6,line,white,en,,1.1.2,
6171,es,Spanish (español),azul,azul,azul,rgb,0,93,255,3,7,line,white,en,,1.1.2,
6171,es,Spanish (español),violeta,violeta,violeta,rgb,213,0,255,3,8,line,white,en,,1.1.2,
6171,es,Spanish (español),azul,azul,azul,rgb,0,54,255,3,9,line,white,en,,1.1.2,
6171,es,Spanish (español),amarillo,amarillo,amarillo,rgb,255,189,0,3,10,line,white,en,,1.1.2,
6171,es,Spanish (español),azul,azul,azul,rgb,0,90,255,3,11,line,white,en,,1.1.2,
6171,es,Spanish (español),verde,verde,verde,rgb,0,255,60,6,0,line,white,en,,1.1.2,
6171,es,Spanish (español),rosa,rosa,rosa,rgb,255,0,76,6,1,line,white,en,,1.1.2,
6171,es,Spanish (español),violeta,violeta,violeta,rgb,148,0,255,6,2,line,white,en,,1.1.2,
6171,es,Spanish (español),rosa,rosa,rosa,rgb,255,0,207,6,3,line,white,en,,1.1.2,
6171,es,Spanish (español),celeste,celeste,celeste,rgb,0,225,255,6,4,line,white,en,,1.1.2,
6171,es,Spanish (español),verde,verde,verde,rgb,0,255,81,6,5,line,white,en,,1.1.2,
6171,es,Spanish (español),rosa,rosa,rosa,rgb,255,0,173,6,6,line,white,en,,1.1.2,
6171,es,Spanish (español),violeta,violeta,violeta,rgb,50,0,255,6,7,line,white,en,,1.1.2,
6171,es,Spanish (español),amarillo,amarillo,amarillo,rgb,255,243,0,6,8,line,white,en,,1.1.2,
6171,es,Spanish (español),verde,verde,verde,rgb,115,255,0,6,9,line,white,en,,1.1.2,
6171,es,Spanish (español),rojo,rojo,rojo,rgb,255,0,43,6,10,line,white,en,,1.1.2,
6171,es,Spanish (español),amarillo,amarillo,amarillo,rgb,228,255,0,6,11,line,white,en,,1.1.2,
6225,es,Spanish (español),verde,verde,verde,rgb,5,255,0,1,0,line,white,en,,1.1.2,
6225,es,Spanish (español),turquesa,turquesa,turquesa,rgb,0,239,255,1,1,line,white,en,,1.1.2,
6225,es,Spanish (español),fuccia,fuccia,fuccia,rgb,255,0,120,1,2,line,white,en,,1.1.2,
6225,es,Spanish (español),celeste,celeste,celeste,rgb,0,187,255,1,3,line,white,en,,1.1.2,
6225,es,Spanish (español),violeta,violeta,violeta,rgb,117,0,255,1,4,line,white,en,,1.1.2,
6225,es,Spanish (español),fuccia,fuccia,fuccia,rgb,255,0,102,1,5,line,white,en,,1.1.2,
6225,es,Spanish (español),rojo,rojo,rojo,rgb,255,0,78,1,6,line,white,en,,1.1.2,
6225,es,Spanish (español),verde,verde,verde,rgb,0,255,119,1,7,line,white,en,,1.1.2,
6225,es,Spanish (español),naranja,naranja,naranja,rgb,255,142,0,1,8,line,white,en,,1.1.2,
6225,es,Spanish (español),azul,azul,azul,rgb,0,113,255,1,9,line,white,en,,1.1.2,
6225,es,Spanish (español),verdeagua,verde agua,verde agua,rgb,0,255,227,1,10,line,white,en,,1.1.2,
6225,es,Spanish (español),naranja,naranja,naranja,rgb,255,156,0,1,11,line,white,en,,1.1.2,
6225,es,Spanish (español),azul,azul,azul,rgb,0,156,255,3,0,line,white,en,,1.1.2,
6225,es,Spanish (español),violeta,violeta,violeta,rgb,215,0,255,3,1,line,white,en,,1.1.2,
6225,es,Spanish (español),azul,azul,azul,rgb,0,129,255,3,2,line,white,en,,1.1.2,
6225,es,Spanish (español),naranja,naranja,naranja,rgb,255,98,0,3,3,line,white,en,,1.1.2,
6225,es,Spanish (español),rojo,rojo,rojo,rgb,255,33,0,3,4,line,white,en,,1.1.2,
6225,es,Spanish (español),amarillo,amarillo,amarillo,rgb,255,234,0,3,5,line,white,en,,1.1.2,
6225,es,Spanish (español),violeta,violeta,violeta,rgb,220,0,255,3,6,line,white,en,,1.1.2,
6225,es,Spanish (español),azul,azul,azul,rgb,26,0,255,3,7,line,white,en,,1.1.2,
6225,es,Spanish (español),rojo,rojo,rojo,rgb,255,0,11,3,8,line,white,en,,1.1.2,
6225,es,Spanish (español),celeste,celeste,celeste,rgb,0,166,255,3,9,line,white,en,,1.1.2,
6225,es,Spanish (español),verde,verde,verde,rgb,119,255,0,3,10,line,white,en,,1.1.2,
6225,es,Spanish (español),verdeagua,verde agua,verde agua,rgb,0,255,164,3,11,line,white,en,,1.1.2,
6225,es,Spanish (español),naranja,naranja,naranja,rgb,255,208,0,6,0,line,white,en,,1.1.2,
6225,es,Spanish (español),verde,verde,verde,rgb,152,255,0,6,1,line,white,en,,1.1.2,
6225,es,Spanish (español),verdeagua,verde agua,verde agua,rgb,0,255,206,6,2,line,white,en,,1.1.2,
6225,es,Spanish (español),rosa,rosa,rosa,rgb,255,0,231,6,3,line,white,en,,1.1.2,
6225,es,Spanish (español),celeste,celeste,celeste,rgb,0,214,255,6,4,line,white,en,,1.1.2,
6225,es,Spanish (español),amarilla,amarilla,amarilla,rgb,243,255,0,6,5,line,white,en,,1.1.2,
6225,es,Spanish (español),fuccia,fuccia,fuccia,rgb,255,0,155,6,6,line,white,en,,1.1.2,
6225,es,Spanish (español),verde,verde,verde,rgb,226,255,0,6,7,line,white,en,,1.1.2,
6225,es,Spanish (español),magenta,magenta,magenta,rgb,255,0,179,6,8,line,white,en,,1.1.2,
6225,es,Spanish (español),azul,azul,azul,rgb,0,68,255,6,9,line,white,en,,1.1.2,
6225,es,Spanish (español),azul,azul,azul,rgb,0,62,255,6,10,line,white,en,,1.1.2,
6225,es,Spanish (español),verde,verde,verde,rgb,0,255,146,6,11,line,white,en,,1.1.2,
6266,es,Spanish (español),azul,azul,Azul,rgb,0,197,255,1,0,line,white,en,,1.1.2,
6266,es,Spanish (español),rosa,rosa,Rosa,rgb,255,0,185,1,1,line,white,en,,1.1.2,
6266,es,Spanish (español),verde,verde,Verde,rgb,142,255,0,1,2,line,white,en,,1.1.2,
6266,es,Spanish (español),amarillo,amarillo,Amarillo,rgb,255,198,0,1,3,line,white,en,,1.1.2,
6266,es,Spanish (español),azul,azul,Azul,rgb,0,255,194,1,4,line,white,en,,1.1.2,
6266,es,Spanish (español),naranja,naranja,Naranja,rgb,255,111,0,1,5,line,white,en,,1.1.2,
6266,es,Spanish (español),naranja,naranja,Naranja,rgb,255,143,0,1,6,line,white,en,,1.1.2,
6266,es,Spanish (español),verde,verde,Verde,rgb,0,255,100,1,7,line,white,en,,1.1.2,
6266,es,Spanish (español),rosa,rosa,Rosa,rgb,255,0,80,1,8,line,white,en,,1.1.2,
6266,es,Spanish (español),morado,morado,Morado,rgb,126,0,255,1,9,line,white,en,,1.1.2,
6266,es,Spanish (español),morado,morado,Morado,rgb,255,0,136,1,10,line,white,en,,1.1.2,
6266,es,Spanish (español),azul,azul,Azul,rgb,0,255,248,1,11,line,white,en,,1.1.2,
6266,es,Spanish (español),azul,azul,Azul,rgb,0,124,255,3,0,line,white,en,,1.1.2,
6266,es,Spanish (español),rosa,rosa,Rosa,rgb,255,0,111,3,1,line,white,en,,1.1.2,
6266,es,Spanish (español),amarillo,amarillo,Amarillo,rgb,255,218,0,3,2,line,white,en,,1.1.2,
6266,es,Spanish (español),naranja,naranja,Naranja,rgb,255,154,0,3,3,line,white,en,,1.1.2,
6266,es,Spanish (español),azul,azul,Azul,rgb,0,255,186,3,4,line,white,en,,1.1.2,
6266,es,Spanish (español),azul,azul,Azul,rgb,0,243,255,3,5,line,white,en,,1.1.2,
6266,es,Spanish (español),azul,azul,Azul,rgb,0,74,255,3,6,line,white,en,,1.1.2,
6266,es,Spanish (español),morado,morado,Morado,rgb,238,0,255,3,7,line,white,en,,1.1.2,
6266,es,Spanish (español),morado,morado,Morado,rgb,255,0,230,3,8,line,white,en,,1.1.2,
6266,es,Spanish (español),azul,azul,Azul,rgb,0,218,255,3,9,line,white,en,,1.1.2,
6266,es,Spanish (español),azul,azul,Azul,rgb,0,154,255,3,10,line,white,en,,1.1.2,
6266,es,Spanish (español),verde,verde,Verde,rgb,94,255,0,3,11,line,white,en,,1.1.2,
6266,es,Spanish (español),verde,verde,Verde,rgb,187,255,0,6,0,line,white,en,,1.1.2,
6266,es,Spanish (español),rosa,rosa,Rosa,rgb,255,0,160,6,1,line,white,en,,1.1.2,
6266,es,Spanish (español),azul,azul,Azul,rgb,0,176,255,6,2,line,white,en,,1.1.2,
6266,es,Spanish (español),verde,verde,Verde,rgb,0,255,75,6,3,line,white,en,,1.1.2,
6266,es,Spanish (español),azul,azul,Azul,rgb,0,14,255,6,4,line,white,en,,1.1.2,
6266,es,Spanish (español),naranja,naranja,Naranja,rgb,255,48,0,6,5,line,white,en,,1.1.2,
6266,es,Spanish (español),rojo,rojo,Rojo,rgb,255,0,22,6,6,line,white,en,,1.1.2,
6266,es,Spanish (español),verde,verde,Verde,rgb,0,255,137,6,7,line,white,en,,1.1.2,
6266,es,Spanish (español),morado,morado,Morado,rgb,184,0,255,6,8,line,white,en,,1.1.2,
6266,es,Spanish (español),azul,azul,Azul,rgb,0,52,255,6,9,line,white,en,,1.1.2,
6266,es,Spanish (español),amarillo,amarillo,Amarillo,rgb,255,245,0,6,10,line,white,en,,1.1.2,
6266,es,Spanish (español),azul,azul,Azul,rgb,0,113,255,6,11,line,white,en,,1.1.2,
6296,es,Spanish (español),fucsia,fucsia,Fucsia,rgb,255,0,227,1,0,line,white,en,,1.1.2,
6296,es,Spanish (español),rojo,rojo,Rojo,rgb,255,0,134,1,1,line,white,en,,1.1.2,
6296,es,Spanish (español),amarilloocre,amarillo ocre,Amarillo ocre,rgb,255,207,0,1,2,line,white,en,,1.1.2,
6296,es,Spanish (español),azulfrancia,azul francia,Azul francia,rgb,0,106,255,1,3,line,white,en,,1.1.2,
6296,es,Spanish (español),violeta,violeta,Violeta,rgb,213,0,255,1,4,line,white,en,,1.1.2,
6296,es,Spanish (español),verdeagua,verde agua,Verde agua,rgb,0,255,198,1,5,line,white,en,,1.1.2,
6296,es,Spanish (español),azul,azul,Azul,rgb,0,150,255,1,6,line,white,en,,1.1.2,
6296,es,Spanish (español),azulceleste,azul celeste,Azul celeste,rgb,0,177,255,1,7,line,white,en,,1.1.2,
6296,es,Spanish (español),turquesa,turquesa,Turquesa,rgb,0,255,230,1,8,line,white,en,,1.1.2,
6296,es,Spanish (español),verdelima,verde lima,Verde lima,rgb,71,255,0,1,9,line,white,en,,1.1.2,
6296,es,Spanish (español),verdeclaro,verde claro,Verde claro,rgb,161,255,0,1,10,line,white,en,,1.1.2,
6296,es,Spanish (español),rojo,rojo,Rojo,rgb,255,50,0,1,11,line,white,en,,1.1.2,
6296,es,Spanish (español),celeste,celeste,Celeste,rgb,0,236,255,3,0,line,white,en,,1.1.2,
6296,es,Spanish (español),rojo,rojo,Rojo,rgb,255,0,92,3,1,line,white,en,,1.1.2,
6296,es,Spanish (español),azul,azul,Azul,rgb,84,0,255,3,2,line,white,en,,1.1.2,
6296,es,Spanish (español),amarillo,amarillo,Amarillo,rgb,255,232,0,3,3,line,white,en,,1.1.2,
6296,es,Spanish (español),verdeagua,verde agua,Verde agua,rgb,0,255,168,3,4,line,white,en,,1.1.2,
6296,es,Spanish (español),azulceleste,azul celeste,Azul celeste,rgb,0,225,255,3,5,line,white,en,,1.1.2,
6296,es,Spanish (español),anaranjado,anaranjado,Anaranjado,rgb,255,162,0,3,6,line,white,en,,1.1.2,
6296,es,Spanish (español),verdeclaro,verde claro,Verde claro,rgb,0,255,111,3,7,line,white,en,,1.1.2,
6296,es,Spanish (español),verdeloro,verde loro,Verde loro,rgb,0,255,123,3,8,line,white,en,,1.1.2,
6296,es,Spanish (español),naranja,naranja,Naranja,rgb,255,103,0,3,9,line,white,en,,1.1.2,
6296,es,Spanish (español),rosaoscuro,rosa oscuro,Rosa oscuro,rgb,255,0,154,3,10,line,white,en,,1.1.2,
6296,es,Spanish (español),azulvioleta,azul violeta,Azul violeta,rgb,141,0,255,3,11,line,white,en,,1.1.2,
6296,es,Spanish (español),azulfuerter,azul fuerter,Azul fuerter,rgb,0,77,255,6,0,line,white,en,,1.1.2,
6296,es,Spanish (español),rosafuerte,rosa fuerte,Rosa fuerte,rgb,255,0,187,6,1,line,white,en,,1.1.2,
6296,es,Spanish (español),naranja,naranja,Naranja,rgb,255,127,0,6,2,line,white,en,,1.1.2,
6296,es,Spanish (español),rojo,rojo,Rojo,rgb,255,0,67,6,3,line,white,en,,1.1.2,
6296,es,Spanish (español),amarilloverdoso,amarillo verdoso,Amarillo verdoso,rgb,217,255,0,6,4,line,white,en,,1.1.2,
6296,es,Spanish (español),amarillo,amarillo,Amarillo,rgb,255,247,0,6,5,line,white,en,,1.1.2,
6296,es,Spanish (español),azulelectrico,azul electrico,Azul electrico,rgb,0,37,255,6,6,line,white,en,,1.1.2,
6296,es,Spanish (español),celeste,celeste,Celeste,rgb,0,203,255,6,7,line,white,en,,1.1.2,
6296,es,Spanish (español),violetarosa,violeta rosado,Violeta rosado,rgb,251,0,255,6,8,line,white,en,,1.1.2,
6296,es,Spanish (español),rojo,rojo,Rojo,rgb,255,0,25,6,9,line,white,en,,1.1.2,
6296,es,Spanish (español),verdeclaro,verde claro,Verde claro,rgb,0,255,32,6,10,line,white,en,,1.1.2,
6296,es,Spanish (español),azulfrancia,azul francia,Azul francia,rgb,0,132,255,6,11,line,white,en,,1.1.2,
6305,es,Spanish (español),rojo,rojo,rojo,rgb,255,0,16,1,0,line,white,en,,1.1.2,
6305,es,Spanish (español),fusia,fusia,fusia,rgb,226,0,255,1,1,line,white,en,,1.1.2,
6305,es,Spanish (español),verde,verde,verde,rgb,0,255,79,1,2,line,white,en,,1.1.2,
6305,es,Spanish (español),verde,verde,verde,rgb,137,255,0,1,3,line,white,en,,1.1.2,
6305,es,Spanish (español),verdeazulado,verde azulado,verde azulado,rgb,0,255,180,1,4,line,white,en,,1.1.2,
6305,es,Spanish (español),naranja,naranja,naranja,rgb,255,125,0,1,5,line,white,en,,1.1.2,
6305,es,Spanish (español),naranja,naranja,naranja,rgb,255,75,0,1,6,line,white,en,,1.1.2,
6305,es,Spanish (español),morado,morado,morado,rgb,108,0,255,1,7,line,white,en,,1.1.2,
6305,es,Spanish (español),amarillo,amarillo,amarillo,rgb,255,219,0,1,8,line,white,en,,1.1.2,
6305,es,Spanish (español),fusia,fusia,fusia,rgb,255,0,236,1,9,line,white,en,,1.1.2,
6305,es,Spanish (español),magenta,magenta,magenta,rgb,255,0,128,1,10,line,white,en,,1.1.2,
6305,es,Spanish (español),azul,azul,azul,rgb,0,102,255,1,11,line,white,en,,1.1.2,
6305,es,Spanish (español),azul,azul,azul,rgb,0,1,255,3,0,line,white,en,,1.1.2,
6305,es,Spanish (español),rojo,rojo,rojo,rgb,255,0,55,3,1,line,white,en,,1.1.2,
6305,es,Spanish (español),naranja,naranja,naranja,rgb,255,116,0,3,2,line,white,en,,1.1.2,
6305,es,Spanish (español),azul,azul,azul,rgb,0,69,255,3,3,line,white,en,,1.1.2,
6305,es,Spanish (español),azul,azul,azul,rgb,0,128,255,3,4,line,white,en,,1.1.2,
6305,es,Spanish (español),azul,azul,azul,rgb,0,56,255,3,5,line,white,en,,1.1.2,
6305,es,Spanish (español),amarillo,amarillo,amarillo,rgb,255,197,0,3,6,line,white,en,,1.1.2,
6305,es,Spanish (español),azul,azul,azul,rgb,0,201,255,3,7,line,white,en,,1.1.2,
6305,es,Spanish (español),verde,verde,verde,rgb,0,255,7,3,8,line,white,en,,1.1.2,
6305,es,Spanish (español),morado,morado,morado,rgb,194,0,255,3,9,line,white,en,,1.1.2,
6305,es,Spanish (español),azul,azul,azul,rgb,0,255,191,3,10,line,white,en,,1.1.2,
6305,es,Spanish (español),naranja,naranja,naranja,rgb,255,170,0,3,11,line,white,en,,1.1.2,
6305,es,Spanish (español),cyan,cian,cian,rgb,0,255,227,6,0,line,white,en,,1.1.2,
6305,es,Spanish (español),amarillo,amarillo,amarillo,rgb,255,253,0,6,1,line,white,en,,1.1.2,
6305,es,Spanish (español),verde,verde,verde,rgb,94,255,0,6,2,line,white,en,,1.1.2,
6305,es,Spanish (español),azul,azul,azul,rgb,0,176,255,6,3,line,white,en,,1.1.2,
6305,es,Spanish (español),fusia,fusia,fusia,rgb,255,0,186,6,4,line,white,en,,1.1.2,
6305,es,Spanish (español),azul,azul,azul,rgb,0,220,255,6,5,line,white,en,,1.1.2,
6305,es,Spanish (español),azul,azul,azul,rgb,0,234,255,6,6,line,white,en,,1.1.2,
6305,es,Spanish (español),azul,azul,azul,rgb,0,152,255,6,7,line,white,en,,1.1.2,
6305,es,Spanish (español),magenta,magenta,magenta,rgb,255,0,143,6,8,line,white,en,,1.1.2,
6305,es,Spanish (español),amarillolimon,amarillo limon,amarillo limon,rgb,222,255,0,6,9,line,white,en,,1.1.2,
6305,es,Spanish (español),verde,verde,verde,rgb,0,255,145,6,10,line,white,en,,1.1.2,
6305,es,Spanish (español),carmin,carmin,carmin,rgb,255,0,97,6,11,line,white,en,,1.1.2,
6345,es,Spanish (español),verde,verde,Verde,rgb,0,255,59,1,0,line,white,en,,1.1.2,
6345,es,Spanish (español),azuloscuro,azul oscuro,Azul oscuro,rgb,0,85,255,1,1,line,white,en,,1.1.2,
6345,es,Spanish (español),verdeagua,verde agua,Verde agua,rgb,0,255,163,1,2,line,white,en,,1.1.2,
6345,es,Spanish (español),naranja,naranja,Naranja,rgb,255,171,0,1,3,line,white,en,,1.1.2,
6345,es,Spanish (español),amarillo,amarillo,Amarillo,rgb,255,237,0,1,4,line,white,en,,1.1.2,
6345,es,Spanish (español),purpura,púrpura,Púrpura,rgb,210,0,255,1,5,line,white,en,,1.1.2,
6345,es,Spanish (español),azul,azul,Azul,rgb,0,129,255,1,6,line,white,en,,1.1.2,
6345,es,Spanish (español),celeste,celeste,Celeste,rgb,0,167,255,1,7,line,white,en,,1.1.2,
6345,es,Spanish (español),mango,mango,Mango,rgb,255,202,0,1,8,line,white,en,,1.1.2,
6345,es,Spanish (español),turquesa,turquesa,Turquesa,rgb,0,189,255,1,9,line,white,en,,1.1.2,
6345,es,Spanish (español),rosa,rosa,Rosa,rgb,255,0,95,1,10,line,white,en,,1.1.2,
6345,es,Spanish (español),verdemanzana,verde manzana,Verde manzana,rgb,154,255,0,1,11,line,white,en,,1.1.2,
6345,es,Spanish (español),rojo,rojo,Rojo,rgb,255,0,44,3,0,line,white,en,,1.1.2,
6345,es,Spanish (español),azul,azul,Azul,rgb,0,97,255,3,1,line,white,en,,1.1.2,
6345,es,Spanish (español),fucsia,fucsia,Fucsia,rgb,255,0,182,3,2,line,white,en,,1.1.2,
6345,es,Spanish (español),celeste,celeste,Celeste,rgb,0,215,255,3,3,line,white,en,,1.1.2,
6345,es,Spanish (español),naranja,naranja,Naranja,rgb,255,101,0,3,4,line,white,en,,1.1.2,
6345,es,Spanish (español),rojo,rojo,Rojo,rgb,255,55,0,3,5,line,white,en,,1.1.2,
6345,es,Spanish (español),rosa,rosa,Rosa,rgb,255,0,80,3,6,line,white,en,,1.1.2,
6345,es,Spanish (español),amarillo,amarillo,Amarillo,rgb,248,255,0,3,8,line,white,en,,1.1.2,
6345,es,Spanish (español),magenta,magenta,Magenta,rgb,249,0,255,3,9,line,white,en,,1.1.2,
6345,es,Spanish (español),turquesa,turquesa,Turquesa,rgb,0,242,255,3,10,line,white,en,,1.1.2,
6345,es,Spanish (español),azuloscuro,azul oscuro,Azul oscuro,rgb,0,54,255,3,11,line,white,en,,1.1.2,
6345,es,Spanish (español),fucsia,fucsia,Fucsia,rgb,255,0,213,6,0,line,white,en,,1.1.2,
6345,es,Spanish (español),celeste,celeste,Celeste,rgb,0,158,255,6,1,line,white,en,,1.1.2,
6345,es,Spanish (español),amarillo,amarillo,Amarillo,rgb,221,255,0,6,2,line,white,en,,1.1.2,
6345,es,Spanish (español),verdeagua,verde agua,Verde agua,rgb,0,255,222,6,3,line,white,en,,1.1.2,
6345,es,Spanish (español),purpura,púrpura,Púrpura,rgb,136,0,255,6,4,line,white,en,,1.1.2,
6345,es,Spanish (español),naranja,naranja,Naranja,rgb,255,123,0,6,5,line,white,en,,1.1.2,
6345,es,Spanish (español),turquesa,turquesa,Turquesa,rgb,0,255,232,6,6,line,white,en,,1.1.2,
6345,es,Spanish (español),rosa,rosa,Rosa,rgb,255,0,122,6,7,line,white,en,,1.1.2,
6345,es,Spanish (español),azulmarino,azul marino,Azul marino,rgb,46,0,255,6,8,line,white,en,,1.1.2,
6345,es,Spanish (español),verdepastel,verde pastel,Verde pastel,rgb,0,255,80,6,9,line,white,en,,1.1.2,
6345,es,Spanish (español),verde,verde,Verde,rgb,40,255,0,6,10,line,white,en,,1.1.2,
6345,es,Spanish (español),fucsia,fucsia,Fucsia,rgb,255,0,147,6,11,line,white,en,,1.1.2,
6428,es,Spanish (español),verdeagua,verde agua,Verde agua,rgb,0,255,155,1,0,line,white,en,,1.1.2,
6428,es,Spanish (español),fucsia,fucsia,Fucsia,rgb,255,0,87,1,1,line,white,en,,1.1.2,
6428,es,Spanish (español),turquesa,turquesa,Turquesa,rgb,0,222,255,1,2,line,white,en,,1.1.2,
6428,es,Spanish (español),azulclaro,azul claro,Azul claro,rgb,0,150,255,1,3,line,white,en,,1.1.2,
6428,es,Spanish (español),turquesa,turquesa,Turquesa,rgb,0,255,219,1,4,line,white,en,,1.1.2,
6428,es,Spanish (español),verdemanzana,verde manzana,Verde manzana,rgb,155,255,0,1,5,line,white,en,,1.1.2,
6428,es,Spanish (español),amarillo,amarillo,Amarillo,rgb,254,255,0,1,6,line,white,en,,1.1.2,
6428,es,Spanish (español),celeste,celeste,Celeste,rgb,0,183,255,1,7,line,white,en,,1.1.2,
6428,es,Spanish (español),verdeagua,verde agua,Verde agua,rgb,0,255,91,1,8,line,white,en,,1.1.2,
6428,es,Spanish (español),naranja,naranja,Naranja,rgb,255,105,0,1,9,line,white,en,,1.1.2,
6428,es,Spanish (español),naranjaoscuro,naranja oscuro,Naranja oscuro,rgb,255,58,0,1,10,line,white,en,,1.1.2,
6428,es,Spanish (español),turquesa,turquesa,Turquesa,rgb,0,233,255,1,11,line,white,en,,1.1.2,
6428,es,Spanish (español),amarillopato,amarillo pato,Amarillo pato,rgb,225,255,0,3,0,line,white,en,,1.1.2,
6428,es,Spanish (español),azulclaro,azul claro,Azul claro,rgb,0,108,255,3,1,line,white,en,,1.1.2,
6428,es,Spanish (español),azuloscuro,azul oscuro,Azul oscuro,rgb,65,0,255,3,2,line,white,en,,1.1.2,
6428,es,Spanish (español),fucsia,fucsia,Fucsia,rgb,255,0,182,3,3,line,white,en,,1.1.2,
6428,es,Spanish (español),purpura,púrpura,Púrpura,rgb,99,0,255,3,4,line,white,en,,1.1.2,
6428,es,Spanish (español),verdemanzana,verde manzana,Verde manzana,rgb,119,255,0,3,5,line,white,en,,1.1.2,
6428,es,Spanish (español),azul,azul,Azul,rgb,0,61,255,3,6,line,white,en,,1.1.2,
6428,es,Spanish (español),turquesa,turquesa,Turquesa,rgb,0,255,237,3,7,line,white,en,,1.1.2,
6428,es,Spanish (español),fucsia,fucsia,Fucsia,rgb,255,0,72,3,8,line,white,en,,1.1.2,
6428,es,Spanish (español),magenta,magenta,Magenta,rgb,255,0,168,3,9,line,white,en,,1.1.2,
6428,es,Spanish (español),verde,verde,Verde,rgb,0,255,59,3,10,line,white,en,,1.1.2,
6428,es,Spanish (español),celeste,celeste,Celeste,rgb,0,162,255,3,11,line,white,en,,1.1.2,
6428,es,Spanish (español),azul,azul,Azul,rgb,0,124,255,6,0,line,white,en,,1.1.2,
6428,es,Spanish (español),verdeagua,verde agua,Verde agua,rgb,0,255,189,6,1,line,white,en,,1.1.2,
6428,es,Spanish (español),naranjaclaro,naranja claro,Naranja claro,rgb,255,192,0,6,2,line,white,en,,1.1.2,
6428,es,Spanish (español),rojo,rojo,Rojo,rgb,255,0,44,6,3,line,white,en,,1.1.2,
6428,es,Spanish (español),purpura,púrpura,Púrpura,rgb,236,0,255,6,4,line,white,en,,1.1.2,
6428,es,Spanish (español),magenta,magenta,Magenta,rgb,255,0,237,6,5,line,white,en,,1.1.2,
6428,es,Spanish (español),purpura,púrpura,Púrpura,rgb,214,0,255,6,6,line,white,en,,1.1.2,
6428,es,Spanish (español),naranja,naranja,Naranja,rgb,255,139,0,6,7,line,white,en,,1.1.2,
6428,es,Spanish (español),naranjaclaro,naranja claro,Naranja claro,rgb,255,160,0,6,8,line,white,en,,1.1.2,
6428,es,Spanish (español),amarillo,amarillo,Amarillo,rgb,255,232,0,6,9,line,white,en,,1.1.2,
6428,es,Spanish (español),azuloscuro,azul oscuro,Azul oscuro,rgb,0,83,255,6,10,line,white,en,,1.1.2,
6428,es,Spanish (español),fucsia,fucsia,Fucsia,rgb,255,0,131,6,11,line,white,en,,1.1.2,
6836,es,Spanish (español),azuloscuro,azul oscuro,Azul oscuro,rgb,8,0,255,1,0,line,white,en,,1.1.2,
6836,es,Spanish (español),verdeagua,verde agua,Verde agua,rgb,0,255,122,1,1,line,white,en,,1.1.2,
6836,es,Spanish (español),verde,verde,Verde,rgb,0,255,71,1,2,line,white,en,,1.1.2,
6836,es,Spanish (español),rojo,rojo,Rojo,rgb,255,0,31,1,3,line,white,en,,1.1.2,
6836,es,Spanish (español),verdeagua,verde agua,Verde agua,rgb,0,255,169,1,4,line,white,en,,1.1.2,
6836,es,Spanish (español),fucsia,fucsia,Fucsia,rgb,255,0,114,1,5,line,white,en,,1.1.2,
6836,es,Spanish (español),naranja,naranja,Naranja,rgb,255,83,0,1,6,line,white,en,,1.1.2,
6836,es,Spanish (español),azul,azul,Azul,rgb,0,120,255,1,7,line,white,en,,1.1.2,
6836,es,Spanish (español),celeste,celeste,Celeste,rgb,0,172,255,1,8,line,white,en,,1.1.2,
6836,es,Spanish (español),turquesa,turquesa,Turquesa,rgb,0,255,213,1,9,line,white,en,,1.1.2,
6836,es,Spanish (español),violeta,violeta,Violeta,rgb,255,0,212,1,10,line,white,en,,1.1.2,
6836,es,Spanish (español),purpura,púrpura,Púrpura,rgb,209,0,255,1,11,line,white,en,,1.1.2,
6836,es,Spanish (español),celeste,celeste,Celeste,rgb,0,203,255,3,0,line,white,en,,1.1.2,
6836,es,Spanish (español),violeta,violeta,Violeta,rgb,255,0,190,3,1,line,white,en,,1.1.2,
6836,es,Spanish (español),naranja,naranja,Naranja,rgb,255,152,0,3,2,line,white,en,,1.1.2,
6836,es,Spanish (español),amarillo,amarillo,Amarillo,rgb,252,255,0,3,3,line,white,en,,1.1.2,
6836,es,Spanish (español),rojo,rojo,Rojo,rgb,255,20,0,3,4,line,white,en,,1.1.2,
6836,es,Spanish (español),verdemanzana,verde manzana,Verde manzana,rgb,89,255,0,3,5,line,white,en,,1.1.2,
6836,es,Spanish (español),morado,morado,Morado,rgb,104,0,255,3,6,line,white,en,,1.1.2,
6836,es,Spanish (español),verdefluor,verde flúor,Verde flúor,rgb,157,255,0,3,7,line,white,en,,1.1.2,
6836,es,Spanish (español),fucsia,fucsia,Fucsia,rgb,255,0,72,3,8,line,white,en,,1.1.2,
6836,es,Spanish (español),violeta,violeta,Violeta,rgb,254,0,255,3,9,line,white,en,,1.1.2,
6836,es,Spanish (español),turquesa,turquesa,Turquesa,rgb,0,252,255,3,10,line,white,en,,1.1.2,
6836,es,Spanish (español),azuloscuro,azul oscuro,Azul oscuro,rgb,0,79,255,3,11,line,white,en,,1.1.2,
7164,es,Spanish (español),verdefluorescente,verde fluorescente,Verde fluorescente,rgb,0,255,71,1,0,line,white,en,,1.1.2,
7164,es,Spanish (español),azul,azul,Azul,rgb,0,95,255,1,1,line,white,en,,1.1.2,
7164,es,Spanish (español),magenta,magenta,Magenta,rgb,255,0,224,1,2,line,white,en,,1.1.2,
7164,es,Spanish (español),naranja,naranja,Naranja,rgb,255,188,0,1,3,line,white,en,,1.1.2,
7164,es,Spanish (español),verdelimon,verde limón,Verde limón,rgb,142,255,0,1,4,line,white,en,,1.1.2,
7164,es,Spanish (español),verde,verde,verde,rgb,0,255,104,1,5,line,white,en,,1.1.2,
7164,es,Spanish (español),azulrey,azul rey,Azul rey,rgb,0,71,255,1,6,line,white,en,,1.1.2,
7164,es,Spanish (español),aqua,aqua,aqua,rgb,0,255,195,1,7,line,white,en,,1.1.2,
7164,es,Spanish (español),azulcielo,azul cielo,azul cielo,rgb,0,188,255,1,8,line,white,en,,1.1.2,
7164,es,Spanish (español),naranja,naranja,naranja,rgb,255,90,0,1,9,line,white,en,,1.1.2,
7164,es,Spanish (español),verdeaqua,verde aqua,verde aqua,rgb,0,255,131,1,10,line,white,en,,1.1.2,
7164,es,Spanish (español),azul,azul,azul,rgb,0,35,255,1,11,line,white,en,,1.1.2,
7164,es,Spanish (español),amarillo,amarillo,Amarillo,rgb,251,255,0,3,0,line,white,en,,1.1.2,
7164,es,Spanish (español),rosamexicano,rosa mexicano,Rosa mexicano,rgb,255,0,154,3,1,line,white,en,,1.1.2,
7164,es,Spanish (español),azulmorado,azul morado,Azul morado,rgb,101,0,255,3,2,line,white,en,,1.1.2,
7164,es,Spanish (español),azulcyan,azul cyan,azul cyan,rgb,0,250,255,3,3,line,white,en,,1.1.2,
7164,es,Spanish (español),verde,verde,verde,rgb,93,255,0,3,4,line,white,en,,1.1.2,
7164,es,Spanish (español),rosa,rosa,rosa,rgb,255,0,178,3,5,line,white,en,,1.1.2,
7164,es,Spanish (español),azul,azul,azul,rgb,0,255,232,3,6,line,white,en,,1.1.2,
7164,es,Spanish (español),rojocereza,rojo cereza,Rojo cereza,rgb,255,0,67,3,7,line,white,en,,1.1.2,
7164,es,Spanish (español),azul,azul,azul,rgb,0,208,255,3,8,line,white,en,,1.1.2,
7164,es,Spanish (español),rojo,rojo,rojo,rgb,255,0,41,3,9,line,white,en,,1.1.2,
7164,es,Spanish (español),azulcielo,azul cielo,azul cielo,rgb,0,169,255,3,10,line,white,en,,1.1.2,
7164,es,Spanish (español),amarillo,amarillo,amarillo,rgb,215,255,0,3,11,line,white,en,,1.1.2,
7164,es,Spanish (español),rosamexicano,rosa mexicano,rosa mexicano,rgb,255,0,129,6,0,line,white,en,,1.1.2,
7164,es,Spanish (español),lila,lila,lila,rgb,238,0,255,6,1,line,white,en,,1.1.2,
7164,es,Spanish (español),rojocereza,rojo cereza,rojo cereza,rgb,255,0,92,6,2,line,white,en,,1.1.2,
7164,es,Spanish (español),naranja,naranja,naranja,rgb,255,133,0,6,3,line,white,en,,1.1.2,
7164,es,Spanish (español),amarillo,amarillo,amarillo,rgb,255,225,0,6,4,line,white,en,,1.1.2,
7164,es,Spanish (español),azul,azul,azul,rgb,0,120,255,6,5,line,white,en,,1.1.2,
7164,es,Spanish (español),morado,morado,morado,rgb,210,0,255,6,6,line,white,en,,1.1.2,
7164,es,Spanish (español),verdeaqua,verde aqua,verde aqua,rgb,0,255,165,6,7,line,white,en,,1.1.2,
7164,es,Spanish (español),azulcielo,azul cielo,azul cielo,rgb,0,139,255,6,8,line,white,en,,1.1.2,
7164,es,Spanish (español),naranja,naranja,naranja,rgb,255,153,0,6,9,line,white,en,,1.1.2,
7164,es,Spanish (español),naranja,naranja,naranja,rgb,255,72,0,6,10,line,white,en,,1.1.2,
7164,es,Spanish (español),azulrey,azul rey,azul rey,rgb,0,22,255,6,11,line,white,en,,1.1.2,
7212,es,Spanish (español),fucsia,fucsia,Fucsia,rgb,255,0,81,1,0,line,white,en,,1.1.2,
7212,es,Spanish (español),verdeclaro,verde claro,Verde claro,rgb,169,255,0,1,1,line,white,en,,1.1.2,
7212,es,Spanish (español),verde,verde,Verde,rgb,0,255,14,1,2,line,white,en,,1.1.2,
7212,es,Spanish (español),turquesa,turquesa,Turquesa,rgb,0,255,247,1,3,line,white,en,,1.1.2,
7212,es,Spanish (español),celeste,celeste,Celeste,rgb,0,160,255,1,4,line,white,en,,1.1.2,
7212,es,Spanish (español),rojo,rojo,Rojo,rgb,255,62,0,1,5,line,white,en,,1.1.2,
7212,es,Spanish (español),amarillo,amarillo,Amarillo,rgb,255,244,0,1,6,line,white,en,,1.1.2,
7212,es,Spanish (español),azul,azul,Azul,rgb,0,110,255,1,7,line,white,en,,1.1.2,
7212,es,Spanish (español),azulfrancia,azul francia,Azul francia,rgb,68,0,255,1,8,line,white,en,,1.1.2,
7212,es,Spanish (español),rojo,rojo,Rojo,rgb,255,0,62,1,9,line,white,en,,1.1.2,
7212,es,Spanish (español),amarillo,amarillo,Amarillo,rgb,255,221,0,1,10,line,white,en,,1.1.2,
7212,es,Spanish (español),naranja,naranja,Naranja,rgb,255,208,0,1,11,line,white,en,,1.1.2,
7212,es,Spanish (español),azul,azul,Azul,rgb,0,129,255,3,0,line,white,en,,1.1.2,
7212,es,Spanish (español),celeste,celeste,Celeste,rgb,0,221,255,3,1,line,white,en,,1.1.2,
7212,es,Spanish (español),azulfrancia,azul francia,Azul francia,rgb,0,88,255,3,2,line,white,en,,1.1.2,
7212,es,Spanish (español),turquesa,turquesa,Turquesa,rgb,0,255,212,3,3,line,white,en,,1.1.2,
7212,es,Spanish (español),violeta,violeta,Violeta,rgb,195,0,255,3,4,line,white,en,,1.1.2,
7212,es,Spanish (español),azulfrancia,azul francia,Azul Francia,rgb,0,50,255,3,5,line,white,en,,1.1.2,
7212,es,Spanish (español),rojo,rojo,Rojo,rgb,255,0,34,3,6,line,white,en,,1.1.2,
7212,es,Spanish (español),naranja,naranja,Naranja,rgb,255,172,0,3,7,line,white,en,,1.1.2,
7212,es,Spanish (español),fucsia,fucsia,Fucsia,rgb,255,0,189,3,8,line,white,en,,1.1.2,
7212,es,Spanish (español),celeste,celeste,Celeste,rgb,0,148,255,3,9,line,white,en,,1.1.2,
7212,es,Spanish (español),fucsia,fucsia,Fucsia,rgb,255,0,158,3,10,line,white,en,,1.1.2,
7212,es,Spanish (español),verdeclaro,verde claro,Verde claro,rgb,0,255,137,3,11,line,white,en,,1.1.2,
7212,es,Spanish (español),verde,verde,Verde,rgb,0,255,165,6,0,line,white,en,,1.1.2,
7212,es,Spanish (español),amarillo,amarillo,Amarillo,rgb,210,255,0,6,1,line,white,en,,1.1.2,
7212,es,Spanish (español),celeste,celeste,Celeste,rgb,0,194,255,6,2,line,white,en,,1.1.2,
7212,es,Spanish (español),naranja,naranja,Naranja,rgb,255,146,0,6,3,line,white,en,,1.1.2,
7212,es,Spanish (español),violeta,violeta,Violeta,rgb,154,0,255,6,4,line,white,en,,1.1.2,
7212,es,Spanish (español),rojo,rojo,Rojo,rgb,255,102,0,6,5,line,white,en,,1.1.2,
7212,es,Spanish (español),turquesa,turquesa,Turquesa,rgb,0,246,255,6,6,line,white,en,,1.1.2,
7212,es,Spanish (español),verdeclaro,verde claro,Verde claro,rgb,130,255,0,6,7,line,white,en,,1.1.2,
7212,es,Spanish (español),fucsia,fucsia,Fucsia,rgb,255,0,222,6,8,line,white,en,,1.1.2,
7212,es,Spanish (español),verde,verde,Verde,rgb,0,255,91,6,9,line,white,en,,1.1.2,
7212,es,Spanish (español),fucsia,fucsia,Fucsia,rgb,243,0,255,6,10,line,white,en,,1.1.2,
7212,es,Spanish (español),rosa,rosa,Rosa,rgb,255,0,123,6,11,line,white,en,,1.1.2,
7395,es,Spanish (español),amarillo,amarillo,amarillo,rgb,248,255,0,1,0,line,white,en,,1.1.2,
7395,es,Spanish (español),azulclaro,azul claro,azul claro,rgb,0,98,255,1,1,line,white,en,,1.1.2,
7395,es,Spanish (español),amarillo,amarillo,amarillo,rgb,255,202,0,1,2,line,white,en,,1.1.2,
7395,es,Spanish (español),cyan,cyan,cyan,rgb,0,255,197,1,3,line,white,en,,1.1.2,
7395,es,Spanish (español),cyan,cyan,cyan,rgb,0,255,246,1,4,line,white,en,,1.1.2,
7395,es,Spanish (español),cyan,cyan,cyan,rgb,0,204,255,1,5,line,white,en,,1.1.2,
7395,es,Spanish (español),magenta,magenta,magenta,rgb,220,0,255,1,6,line,white,en,,1.1.2,
7395,es,Spanish (español),magentaoscuro,magenta oscuro,magenta oscuro,rgb,255,0,129,1,7,line,white,en,,1.1.2,
7395,es,Spanish (español),amarilo,amarilo,amarilo,rgb,255,178,0,1,8,line,white,en,,1.1.2,
7395,es,Spanish (español),azul,azul,azul,rgb,0,59,255,1,9,line,white,en,,1.1.2,
7395,es,Spanish (español),cyan,cyan,cyan,rgb,0,219,255,1,10,line,white,en,,1.1.2,
7395,es,Spanish (español),rojo,rojo,rojo,rgb,255,0,57,1,11,line,white,en,,1.1.2,
7395,es,Spanish (español),azul,azul,azul,rgb,0,27,255,3,0,line,white,en,,1.1.2,
7395,es,Spanish (español),amarilloverdoso,amarillo verdoso,amarillo verdoso,rgb,205,255,0,3,1,line,white,en,,1.1.2,
7395,es,Spanish (español),verde,verde,verde,rgb,0,255,98,3,2,line,white,en,,1.1.2,
7395,es,Spanish (español),celesteoscuro,celeste oscuro,celeste oscuro,rgb,0,155,255,3,3,line,white,en,,1.1.2,
7395,es,Spanish (español),naranjaoscuro,naranja oscuro,naranja oscuro,rgb,255,77,0,3,4,line,white,en,,1.1.2,
7395,es,Spanish (español),naranja,naranja,naranja,rgb,255,97,0,3,5,line,white,en,,1.1.2,
7395,es,Spanish (español),rosaoscuro,rosado oscuro,rosado oscuro,rgb,255,0,102,3,6,line,white,en,,1.1.2,
7395,es,Spanish (español),verdelima,verde lima,verde lima,rgb,133,255,0,3,7,line,white,en,,1.1.2,
7395,es,Spanish (español),magenta,magenta,magenta,rgb,255,0,233,3,8,line,white,en,,1.1.2,
7395,es,Spanish (español),rojo,rojo,rojo,rgb,255,0,39,3,9,line,white,en,,1.1.2,
7395,es,Spanish (español),magenta,magenta,magenta,rgb,255,0,165,3,10,line,white,en,,1.1.2,
7395,es,Spanish (español),amarillo,amarillo,amarillo,rgb,255,240,0,3,11,line,white,en,,1.1.2,
7395,es,Spanish (español),verdeagua,verde agua,verde agua,rgb,0,255,146,6,0,line,white,en,,1.1.2,
7395,es,Spanish (español),azul,azul,azul,rgb,0,89,255,6,1,line,white,en,,1.1.2,
7395,es,Spanish (español),verdelima,verde lima,verde lima,rgb,66,255,0,6,2,line,white,en,,1.1.2,
7395,es,Spanish (español),naranjaoscuro,naranja oscuro,naranja oscuro,rgb,255,128,0,6,3,line,white,en,,1.1.2,
7395,es,Spanish (español),magenta,magenta,magenta,rgb,178,0,255,6,4,line,white,en,,1.1.2,
7395,es,Spanish (español),cyan,cyan,cyan,rgb,0,255,185,6,5,line,white,en,,1.1.2,
7395,es,Spanish (español),violeta,violeta,violeta,rgb,98,0,255,6,6,line,white,en,,1.1.2,
7395,es,Spanish (español),celesteoscuro,celeste oscuro,celeste oscuro,rgb,0,131,255,6,7,line,white,en,,1.1.2,
7395,es,Spanish (español),cyan,cyan,cyan,rgb,0,249,255,6,8,line,white,en,,1.1.2,
7395,es,Spanish (español),magenta,magenta,magenta,rgb,255,0,182,6,9,line,white,en,,1.1.2,
7395,es,Spanish (español),verdelima,verde lima,verde lima,rgb,0,255,58,6,10,line,white,en,,1.1.2,
7395,es,Spanish (español),celeste,celeste,celeste,rgb,0,179,255,6,11,line,white,en,,1.1.2,
8212,es,Spanish (español),rojo,rojo,rojo,rgb,255,2,0,1,0,line,white,en,,1.1.2,
8212,es,Spanish (español),cyan,cian,cian,rgb,0,255,217,1,1,line,white,en,,1.1.2,
8212,es,Spanish (español),azulclaro,azul claro,azul claro,rgb,0,135,255,1,2,line,white,en,,1.1.2,
8212,es,Spanish (español),cyan,cian,cian,rgb,0,248,255,1,3,line,white,en,,1.1.2,
8212,es,Spanish (español),amarillo,amarillo,amarillo,rgb,239,255,0,1,4,line,white,en,,1.1.2,
8212,es,Spanish (español),fucsia,fuxia,fuxia,rgb,255,0,159,1,5,line,white,en,,1.1.2,
8212,es,Spanish (español),amarillo,amarillo,amarillo,rgb,229,255,0,1,6,line,white,en,,1.1.2,
8212,es,Spanish (español),fucsia,fuxia,fuxia,rgb,255,0,176,1,7,line,white,en,,1.1.2,
8212,es,Spanish (español),fucsia,fuxia,fuxia,rgb,255,0,126,1,8,line,white,en,,1.1.2,
8212,es,Spanish (español),cyan,cian,cian,rgb,0,255,175,1,9,line,white,en,,1.1.2,
8212,es,Spanish (español),azuloscuro,azul oscuro,azul oscuro,rgb,0,38,255,1,10,line,white,en,,1.1.2,
8212,es,Spanish (español),azulclaro,azul claro,azul claro,rgb,0,109,255,1,11,line,white,en,,1.1.2,
8212,es,Spanish (español),rojo,rojo,rojo,rgb,255,0,85,3,0,line,white,en,,1.1.2,
8212,es,Spanish (español),azuloscuro,azul oscuro,azul oscuro,rgb,0,76,255,3,1,line,white,en,,1.1.2,
8212,es,Spanish (español),naranja,naranja,naranja,rgb,255,162,0,3,2,line,white,en,,1.1.2,
8212,es,Spanish (español),naranja,naranja,naranja,rgb,255,187,0,3,3,line,white,en,,1.1.2,
8212,es,Spanish (español),rojo,rojo,rojo,rgb,255,0,15,3,4,line,white,en,,1.1.2,
8212,es,Spanish (español),violeta,violeta,violeta,rgb,124,0,255,3,5,line,white,en,,1.1.2,
8212,es,Spanish (español),naranja,naranja,naranja,rgb,255,134,0,3,6,line,white,en,,1.1.2,
8212,es,Spanish (español),naranja,naranja,naranja,rgb,255,82,0,3,7,line,white,en,,1.1.2,
8212,es,Spanish (español),amarillo,amarillo,amarillo,rgb,255,239,0,3,8,line,white,en,,1.1.2,
8212,es,Spanish (español),verde,verde,verde,rgb,0,255,75,3,9,line,white,en,,1.1.2,
8212,es,Spanish (español),fucsia,fuxia,fuxia,rgb,255,0,237,3,10,line,white,en,,1.1.2,
8212,es,Spanish (español),verde,verde,verde,rgb,0,255,151,3,11,line,white,en,,1.1.2,
8212,es,Spanish (español),azul,azul,azul,rgb,0,193,255,6,0,line,white,en,,1.1.2,
8212,es,Spanish (español),rojo,rojo,rojo,rgb,255,0,75,6,1,line,white,en,,1.1.2,
8212,es,Spanish (español),azul,azul,azul,rgb,0,223,255,6,2,line,white,en,,1.1.2,
8212,es,Spanish (español),verde,verde,verde,rgb,113,255,0,6,3,line,white,en,,1.1.2,
8212,es,Spanish (español),cyan,cian,cian,rgb,0,255,255,6,4,line,white,en,,1.1.2,
8212,es,Spanish (español),verde,verde,verde,rgb,149,255,0,6,5,line,white,en,,1.1.2,
8212,es,Spanish (español),azul,azul,azul,rgb,0,140,255,6,6,line,white,en,,1.1.2,
8212,es,Spanish (español),fucsia,fuxia,fuxia,rgb,255,0,249,6,7,line,white,en,,1.1.2,
8212,es,Spanish (español),azul,azul,azul,rgb,0,170,255,6,8,line,white,en,,1.1.2,
8212,es,Spanish (español),lila,lila,lila,rgb,182,0,255,6,9,line,white,en,,1.1.2,
8212,es,Spanish (español),verde,verde,verde,rgb,0,255,92,6,10,line,white,en,,1.1.2,
8212,es,Spanish (español),azuloscuro,azul oscuro,azul oscuro,rgb,76,0,255,6,11,line,white,en,,1.1.2,
8472,es,Spanish (español),lila,lila,lila,rgb,248,0,255,1,0,line,white,en,,1.1.2,
8472,es,Spanish (español),verde,verde,verde,rgb,187,255,0,1,1,line,white,en,,1.1.2,
8472,es,Spanish (español),azulcielo,azul cielo,azul cielo,rgb,0,201,255,1,2,line,white,en,,1.1.2,
8472,es,Spanish (español),verde,verde,verde,rgb,0,255,81,1,3,line,white,en,,1.1.2,
8472,es,Spanish (español),azulturquesa,azul turquesa,azul turquesa,rgb,0,254,255,1,4,line,white,en,,1.1.2,
8472,es,Spanish (español),rosa,rosa,rosa,rgb,255,0,120,1,5,line,white,en,,1.1.2,
8472,es,Spanish (español),azul,azul,azul,rgb,0,146,255,1,6,line,white,en,,1.1.2,
8472,es,Spanish (español),rojo,rojo,rojo,rgb,255,0,48,1,7,line,white,en,,1.1.2,
8472,es,Spanish (español),rosa,rosa,rosa,rgb,255,0,145,1,8,line,white,en,,1.1.2,
8472,es,Spanish (español),fuchsia,fuchsia,fuchsia,rgb,255,0,86,1,9,line,white,en,,1.1.2,
8472,es,Spanish (español),verde,verde,verde,rgb,64,255,0,1,10,line,white,en,,1.1.2,
8472,es,Spanish (español),azul,azul,azul,rgb,0,215,255,1,11,line,white,en,,1.1.2,
8472,es,Spanish (español),azul,azul,azul,rgb,0,168,255,3,0,line,white,en,,1.1.2,
8472,es,Spanish (español),azulrey,azul rey,azul rey,rgb,0,106,255,3,1,line,white,en,,1.1.2,
8472,es,Spanish (español),azulelectrico,azul electrico,azul electrico,rgb,0,35,255,3,2,line,white,en,,1.1.2,
8472,es,Spanish (español),azulturquesa,azul turquesa,azul turquesa,rgb,0,255,225,3,3,line,white,en,,1.1.2,
8472,es,Spanish (español),amarillo,amarillo,amarillo,rgb,255,241,0,3,4,line,white,en,,1.1.2,
8472,es,Spanish (español),rojo,rojo,rojo,rgb,255,0,55,3,5,line,white,en,,1.1.2,
8472,es,Spanish (español),rosa,rosa,rosa,rgb,255,0,188,3,6,line,white,en,,1.1.2,
8472,es,Spanish (español),naranja,naranja,Naranja,rgb,255,124,0,3,7,line,white,en,,1.1.2,
8472,es,Spanish (español),azul,azul,azul,rgb,0,115,255,3,8,line,white,en,,1.1.2,
8472,es,Spanish (español),morado,morado,morado,rgb,193,0,255,3,9,line,white,en,,1.1.2,
8472,es,Spanish (español),verde,verde,verde,rgb,0,255,28,3,10,line,white,en,,1.1.2,
8472,es,Spanish (español),azulturquesa,azul turquesa,azul turquesa,rgb,0,255,180,3,11,line,white,en,,1.1.2,
8472,es,Spanish (español),naranja,naranja,naranja,rgb,255,192,0,6,0,line,white,en,,1.1.2,
8472,es,Spanish (español),verde,verde,verde,rgb,160,255,0,6,1,line,white,en,,1.1.2,
8472,es,Spanish (español),azulelectrico,azul electrico,azul electrico,rgb,0,9,255,6,2,line,white,en,,1.1.2,
8472,es,Spanish (español),verde,verde,verde,rgb,0,255,142,6,3,line,white,en,,1.1.2,
8472,es,Spanish (español),azulturquesa,azul turquesa,azul turquesa,rgb,0,255,219,6,4,line,white,en,,1.1.2,
8472,es,Spanish (español),morado,morado,morado,rgb,100,0,255,6,5,line,white,en,,1.1.2,
8472,es,Spanish (español),naranja,naranja,naranja,rgb,255,173,0,6,6,line,white,en,,1.1.2,
8472,es,Spanish (español),amarillo,amarillo,amarillo,rgb,255,243,0,6,7,line,white,en,,1.1.2,
8472,es,Spanish (español),rojo,rojo,rojo,rgb,255,37,0,6,8,line,white,en,,1.1.2,
8472,es,Spanish (español),rosa,rosa,rosa,rgb,255,0,235,6,9,line,white,en,,1.1.2,
8472,es,Spanish (español),naranja,naranja,naranja,rgb,255,111,0,6,10,line,white,en,,1.1.2,
8472,es,Spanish (español),azul,azul,azul,rgb,0,68,255,6,11,line,white,en,,1.1.2,
8480,es,Spanish (español),aqua,aqua,aqua,rgb,0,240,255,1,0,line,white,en,,1.1.2,
8480,es,Spanish (español),amarillo,amarillo,amarillo,rgb,255,254,0,1,1,line,white,en,,1.1.2,
8480,es,Spanish (español),cyan,cyan,cyan,rgb,233,0,255,1,2,line,white,en,,1.1.2,
8649,es,Spanish (español),azul,azul,Azul,rgb,0,226,255,1,0,line,white,en,,1.1.2,
8703,es,Spanish (español),rubi,rubí,rubí,rgb,255,0,98,1,0,line,white,en,,1.1.2,
8703,es,Spanish (español),celeste,celeste,celeste,rgb,0,230,255,1,1,line,white,en,,1.1.2,
8703,es,Spanish (español),amarillofosforescente,amarillo fosforescente,amarillo fosforescente,rgb,204,255,0,1,2,line,white,en,,1.1.2,
8703,es,Spanish (español),cyan,cián,cián,rgb,0,255,250,1,3,line,white,en,,1.1.2,
8703,es,Spanish (español),azulmarino,azul marino,Azul marino,rgb,0,28,255,1,4,line,white,en,,1.1.2,
8703,es,Spanish (español),azul,azul,azul,rgb,0,149,255,1,5,line,white,en,,1.1.2,
8703,es,Spanish (español),naranjaoscuro,naranja oscuro,naranja oscuro,rgb,255,104,0,1,6,line,white,en,,1.1.2,
8703,es,Spanish (español),aguamarina,aguamarina,aguamarina,rgb,0,207,255,1,7,line,white,en,,1.1.2,
8703,es,Spanish (español),rosa,rosa,rosa,rgb,255,0,164,1,8,line,white,en,,1.1.2,
8703,es,Spanish (español),fucsia,fucsia,fucsia,rgb,255,0,212,1,9,line,white,en,,1.1.2,
8703,es,Spanish (español),lila,lila,lila,rgb,255,0,139,1,10,line,white,en,,1.1.2,
8703,es,Spanish (español),azulcielo,azul cielo,azul cielo,rgb,0,179,255,1,11,line,white,en,,1.1.2,
8703,es,Spanish (español),verdefosfo,verde fosfo,verde fosfo,rgb,167,255,0,3,0,line,white,en,,1.1.2,
8703,es,Spanish (español),azul,azul,azul,rgb,0,105,255,3,1,line,white,en,,1.1.2,
8703,es,Spanish (español),azulmarino,azul marino,azul marino,rgb,0,35,255,3,2,line,white,en,,1.1.2,
8703,es,Spanish (español),fucsia,fucsia,Fucsia,rgb,242,0,255,3,3,line,white,en,,1.1.2,
8703,es,Spanish (español),rubi,rubí,rubí,rgb,255,0,74,3,4,line,white,en,,1.1.2,
8703,es,Spanish (español),azulmarino,azul marino,azul marino,rgb,0,73,255,3,5,line,white,en,,1.1.2,
8703,es,Spanish (español),verde,verde,verde,rgb,96,255,0,3,6,line,white,en,,1.1.2,
8703,es,Spanish (español),naranja,naranja,naranja,rgb,255,204,0,3,7,line,white,en,,1.1.2,
8703,es,Spanish (español),esmeralda,esmeralda,esmeralda,rgb,0,255,192,3,8,line,white,en,,1.1.2,
8703,es,Spanish (español),amarillo,amarillo,amarillo,rgb,246,255,0,3,9,line,white,en,,1.1.2,
8703,es,Spanish (español),morado,morado,morado,rgb,128,0,255,3,10,line,white,en,,1.1.2,
8703,es,Spanish (español),rojo,rojo,Rojo,rgb,255,68,0,3,11,line,white,en,,1.1.2,
8703,es,Spanish (español),naranja,naranja,naranja,rgb,255,172,0,6,0,line,white,en,,1.1.2,
8703,es,Spanish (español),azulmarino,azul marino,azul marino,rgb,0,115,255,6,1,line,white,en,,1.1.2,
8703,es,Spanish (español),esmeralda,esmeralda,esmeralda,rgb,0,255,163,6,2,line,white,en,,1.1.2,
8703,es,Spanish (español),fucsia,fucsia,fucsia,rgb,255,0,179,6,3,line,white,en,,1.1.2,
8703,es,Spanish (español),verde,verde,verde,rgb,19,255,0,6,4,line,white,en,,1.1.2,
8703,es,Spanish (español),morado,morado,morado,rgb,186,0,255,6,5,line,white,en,,1.1.2,
8703,es,Spanish (español),esmeralda,esmeralda,esmeralda,rgb,0,255,155,6,6,line,white,en,,1.1.2,
8703,es,Spanish (español),rojo,rojo,rojo,rgb,255,0,31,6,7,line,white,en,,1.1.2,
8703,es,Spanish (español),naranjaoscuro,naranja oscuro,naranja oscuro,rgb,255,132,0,6,8,line,white,en,,1.1.2,
8703,es,Spanish (español),verdefosfo,verde fosfo,verde fosfo,rgb,0,255,79,6,9,line,white,en,,1.1.2,
8703,es,Spanish (español),azulcielo,azul cielo,azul cielo,rgb,0,187,255,6,10,line,white,en,,1.1.2,
8703,es,Spanish (español),amarillo,amarillo,amarillo,rgb,255,221,0,6,11,line,white,en,,1.1.2,
8741,es,Spanish (español),magenta,magenta,magenta,rgb,196,0,255,1,1,line,white,en,,1.1.2,
8741,es,Spanish (español),cyan,cian,cian,rgb,0,255,235,1,2,line,white,en,,1.1.2,
8741,es,Spanish (español),bluesky,blue sky,blue sky,rgb,0,100,255,1,5,line,white,en,,1.1.2,
8741,es,Spanish (español),bluemarine,blue marine,blue marine,rgb,0,215,255,1,6,line,white,en,,1.1.2,
8741,es,Spanish (español),magentalight,magenta light,magenta light,rgb,225,0,255,1,8,line,white,en,,1.1.2,
8741,es,Spanish (español),yelow,yelow,yelow,rgb,255,223,0,1,10,line,white,en,,1.1.2,
8741,es,Spanish (español),fucsia,fucsia,fucsia,rgb,255,0,230,1,11,line,white,en,,1.1.2,
8741,es,Spanish (español),rojo,rojo,rojo,rgb,255,0,66,3,0,line,white,en,,1.1.2,
8741,es,Spanish (español),verdelimon,verde limon,verde limon,rgb,136,255,0,3,1,line,white,en,,1.1.2,
8741,es,Spanish (español),azulclaro,azul claro,azul claro,rgb,0,181,255,3,2,line,white,en,,1.1.2,
8741,es,Spanish (español),azul,azul,azul,rgb,0,131,255,3,3,line,white,en,,1.1.2,
8741,es,Spanish (español),verde,verde,verde,rgb,100,255,0,3,4,line,white,en,,1.1.2,
8741,es,Spanish (español),naranja,naranja,naranja,rgb,255,189,0,3,5,line,white,en,,1.1.2,
8741,es,Spanish (español),verdemarino,verde marino,verde marino,rgb,0,255,109,3,6,line,white,en,,1.1.2,
8741,es,Spanish (español),azulcielo,azul cielo,azul cielo,rgb,0,151,255,3,7,line,white,en,,1.1.2,
8741,es,Spanish (español),cyan,cian,cian,rgb,0,255,221,3,8,line,white,en,,1.1.2,
8741,es,Spanish (español),violeta,violeta,violeta,rgb,131,0,255,3,9,line,white,en,,1.1.2,
8741,es,Spanish (español),verdepasto,verde pasto,verde pasto,rgb,0,255,62,3,10,line,white,en,,1.1.2,
8741,es,Spanish (español),fucsia,fucsia,fucsia,rgb,255,0,189,3,11,line,white,en,,1.1.2,
8741,es,Spanish (español),cyan,cian,cian,rgb,0,233,255,6,0,line,white,en,,1.1.2,
8741,es,Spanish (español),naranja,naranja,naranja,rgb,255,103,0,6,1,line,white,en,,1.1.2,
8741,es,Spanish (español),verdelimon,verde limon,verde limon,rgb,198,255,0,6,2,line,white,en,,1.1.2,
8741,es,Spanish (español),magenta,magenta,magenta,rgb,255,0,133,6,3,line,white,en,,1.1.2,
8741,es,Spanish (español),magenta,magenta,magenta,rgb,255,0,96,6,4,line,white,en,,1.1.2,
8741,es,Spanish (español),ocre,ocre,ocre,rgb,255,153,0,6,5,line,white,en,,1.1.2,
8741,es,Spanish (español),cyan,cian,cian,rgb,0,171,255,6,6,line,white,en,,1.1.2,
8741,es,Spanish (español),fucsia,fucsia,fucsia,rgb,255,0,146,6,7,line,white,en,,1.1.2,
8741,es,Spanish (español),azul,azul,azul,rgb,0,29,255,6,8,line,white,en,,1.1.2,
8741,es,Spanish (español),amarillo,amarillo,amarillo,rgb,240,255,0,6,9,line,white,en,,1.1.2,
8741,es,Spanish (español),azul,azul,azul,rgb,0,55,255,6,10,line,white,en,,1.1.2,
8741,es,Spanish (español),rojo,rojo,rojo,rgb,255,0,33,6,11,line,white,en,,1.1.2,
8882,es,Spanish (español),azulcielo,azul cielo,Azul Cielo,rgb,0,172,255,1,0,line,white,en,,1.1.2,
8882,es,Spanish (español),azuloscuro,azul oscuro,Azul Oscuro,rgb,0,85,255,1,1,line,white,en,,1.1.2,
8882,es,Spanish (español),azul,azul,Azul,rgb,0,147,255,1,2,line,white,en,,1.1.2,
8882,es,Spanish (español),fucsia,fucsia,Fucsia,rgb,255,0,240,1,3,line,white,en,,1.1.2,
8882,es,Spanish (español),rosa,rosa,Rosa,rgb,255,0,185,1,4,line,white,en,,1.1.2,
8882,es,Spanish (español),naranja,naranja,Naranja,rgb,255,128,0,1,5,line,white,en,,1.1.2,
8882,es,Spanish (español),cyan,cyan,Cyan,rgb,0,255,255,1,6,line,white,en,,1.1.2,
8882,es,Spanish (español),magenta,magenta,Magenta,rgb,255,0,65,1,7,line,white,en,,1.1.2,
8882,es,Spanish (español),morado,morado,Morado,rgb,145,0,255,1,8,line,white,en,,1.1.2,
8882,es,Spanish (español),naranjaoscuro,naranja oscuro,Naranja Oscuro,rgb,255,106,0,1,9,line,white,en,,1.1.2,
8882,es,Spanish (español),azulmuyoscuro,azul muy oscuro,Azul muy Oscuro,rgb,0,9,255,1,10,line,white,en,,1.1.2,
8882,es,Spanish (español),amarillo,amarillo,Amarillo,rgb,249,255,0,1,11,line,white,en,,1.1.2,
8882,es,Spanish (español),verde,verde,Verde,rgb,0,255,35,3,0,line,white,en,,1.1.2,
8882,es,Spanish (español),turquesa,turquesa,Turquesa,rgb,0,255,153,3,1,line,white,en,,1.1.2,
8882,es,Spanish (español),verde,verde,Verde,rgb,95,255,0,3,2,line,white,en,,1.1.2,
8882,es,Spanish (español),amarillooscuro,amarillo oscuro,Amarillo Oscuro,rgb,255,202,0,3,3,line,white,en,,1.1.2,
8882,es,Spanish (español),azul,azul,Azul,rgb,0,192,255,3,4,line,white,en,,1.1.2,
8882,es,Spanish (español),turquesa,turquesa,Turquesa,rgb,0,255,165,3,5,line,white,en,,1.1.2,
8882,es,Spanish (español),amarillo,amarillo,Amarillo,rgb,255,228,0,3,6,line,white,en,,1.1.2,
8882,es,Spanish (español),naranja,naranja,Naranja,rgb,255,162,0,3,7,line,white,en,,1.1.2,
8882,es,Spanish (español),rosa,rosa,Rosa,rgb,255,0,122,3,8,line,white,en,,1.1.2,
8882,es,Spanish (español),fucsia,fucsia,Fucsia,rgb,255,0,171,3,9,line,white,en,,1.1.2,
8882,es,Spanish (español),verdepalido,verde palido,Verde Palido,rgb,0,255,86,3,10,line,white,en,,1.1.2,
8882,es,Spanish (español),cyan,cyan,Cyan,rgb,0,255,194,3,11,line,white,en,,1.1.2,
8882,es,Spanish (español),lima,lima,Lima,rgb,185,255,0,6,0,line,white,en,,1.1.2,
8882,es,Spanish (español),magenta,magenta,Magenta,rgb,255,0,91,6,1,line,white,en,,1.1.2,
8882,es,Spanish (español),naranja,naranja,Naranja,rgb,255,79,0,6,2,line,white,en,,1.1.2,
8882,es,Spanish (español),azuloscuro,azul oscuro,Azul Oscuro,rgb,0,115,255,6,3,line,white,en,,1.1.2,
8882,es,Spanish (español),cyan,cyan,Cyan,rgb,0,236,255,6,4,line,white,en,,1.1.2,
8882,es,Spanish (español),azuloscuro,azul oscuro,Azul Oscuro,rgb,0,96,255,6,5,line,white,en,,1.1.2,
8882,es,Spanish (español),azul,azul,Azul,rgb,0,220,255,6,6,line,white,en,,1.1.2,
8882,es,Spanish (español),azulmuyoscuro,azul muy oscuro,Azul muy Oscuro,rgb,0,57,255,6,7,line,white,en,,1.1.2,
8882,es,Spanish (español),rojo,rojo,Rojo,rgb,255,0,35,6,8,line,white,en,,1.1.2,
8882,es,Spanish (español),morado,morado,Morado,rgb,170,0,255,6,9,line,white,en,,1.1.2,
8882,es,Spanish (español),amarillo,amarillo,Amarillo,rgb,205,255,0,6,10,line,white,en,,1.1.2,
8882,es,Spanish (español),fucsia,fucsia,Fucsia,rgb,255,0,253,6,11,line,white,en,,1.1.2,
8980,es,Spanish (español),verdeturquesa,verde turquesa,verde turquesa,rgb,0,255,186,1,0,line,white,en,,1.1.2,
8980,es,Spanish (español),naranja,naranja,naranja,rgb,255,145,0,1,1,line,white,en,,1.1.2,
8980,es,Spanish (español),fucsia,fucsia,fucsia,rgb,255,0,102,1,2,line,white,en,,1.1.2,
8980,es,Spanish (español),naranjapalido,naranja palido,naranja palido,rgb,255,173,0,1,3,line,white,en,,1.1.2,
8980,es,Spanish (español),azul,azul,azul,rgb,0,175,255,1,4,line,white,en,,1.1.2,
8980,es,Spanish (español),rosa,rosa,rosa,rgb,255,0,136,1,5,line,white,en,,1.1.2,
8980,es,Spanish (español),azulclaro,azul claro,azul claro,rgb,0,212,255,1,6,line,white,en,,1.1.2,
8980,es,Spanish (español),cyan,cyan,cyan,rgb,0,250,255,1,7,line,white,en,,1.1.2,
8980,es,Spanish (español),amarillo,amarillo,amarillo,rgb,255,231,0,1,8,line,white,en,,1.1.2,
8980,es,Spanish (español),morado,morado,morado,rgb,208,0,255,1,9,line,white,en,,1.1.2,
8980,es,Spanish (español),verde,verde,verde,rgb,0,255,124,1,10,line,white,en,,1.1.2,
8980,es,Spanish (español),verde,verde,verde,rgb,3,255,0,1,11,line,white,en,,1.1.2,
9051,es,Spanish (español),violeta,violeta,violeta,rgb,90,0,255,1,0,line,white,en,,1.1.2,
9051,es,Spanish (español),rojorosa,rojo rosado,rojo-rosado,rgb,255,0,69,1,1,line,white,en,,1.1.2,
9051,es,Spanish (español),celeste,celeste,celeste,rgb,0,189,255,1,2,line,white,en,,1.1.2,
9051,es,Spanish (español),azulclaro,azul claro,azul claro,rgb,0,159,255,1,3,line,white,en,,1.1.2,
9051,es,Spanish (español),magenta,magenta,magenta,rgb,255,0,242,1,4,line,white,en,,1.1.2,
9051,es,Spanish (español),cyan,cyan,cyan,rgb,0,217,255,1,5,line,white,en,,1.1.2,
9051,es,Spanish (español),verdelimon,verde limon,verde limon,rgb,197,255,0,1,6,line,white,en,,1.1.2,
9051,es,Spanish (español),amarillomostaza,amarillo mostaza,amarillo mostaza,rgb,255,206,0,1,7,line,white,en,,1.1.2,
9051,es,Spanish (español),anaranjado,anaranjado,anaranjado,rgb,255,119,0,1,8,line,white,en,,1.1.2,
9051,es,Spanish (español),fucsia,fucsia,fucsia,rgb,255,0,83,1,9,line,white,en,,1.1.2,
9051,es,Spanish (español),azul,azul,azul,rgb,0,92,255,1,10,line,white,en,,1.1.2,
9051,es,Spanish (español),rojo,rojo,rojo,rgb,255,55,0,1,11,line,white,en,,1.1.2,
9051,es,Spanish (español),celesteneon,celeste neon,celeste neon,rgb,0,255,236,3,0,line,white,en,,1.1.2,
9051,es,Spanish (español),celeste,celeste,celeste,rgb,0,233,255,3,1,line,white,en,,1.1.2,
9051,es,Spanish (español),aquaneon,aqua neon,aqua neon,rgb,0,255,172,3,2,line,white,en,,1.1.2,
9051,es,Spanish (español),azulclaro,azul claro,azul claro,rgb,0,158,255,3,3,line,white,en,,1.1.2,
9051,es,Spanish (español),anaranjado,anaranjado,anaranjado,rgb,255,149,0,3,4,line,white,en,,1.1.2,
9051,es,Spanish (español),verdelimon,verde limon,verde limon,rgb,165,255,0,3,5,line,white,en,,1.1.2,
9051,es,Spanish (español),azul,azul,azul,rgb,0,84,255,3,7,line,white,en,,1.1.2,
9051,es,Spanish (español),violeta,violeta,violeta,rgb,164,0,255,3,8,line,white,en,,1.1.2,
9051,es,Spanish (español),fucsia,fucsia,fucsia,rgb,255,0,187,3,9,line,white,en,,1.1.2,
9051,es,Spanish (español),indigo,indigo,indigo,rgb,93,0,255,3,10,line,white,en,,1.1.2,
9051,es,Spanish (español),aquafosforescente,aqua fosforescente,aqua fosforescente,rgb,0,255,196,3,11,line,white,en,,1.1.2,
9051,es,Spanish (español),rosafuerte,rosado fuerte,rosado fuerte,rgb,255,0,125,6,0,line,white,en,,1.1.2,
9051,es,Spanish (español),verdelimonneon,verde limon neon,verde limon neon,rgb,93,255,0,6,1,line,white,en,,1.1.2,
9051,es,Spanish (español),rojo,rojo,rojo,rgb,255,0,1,6,2,line,white,en,,1.1.2,
9051,es,Spanish (español),azulclaro,azul claro,azul claro,rgb,0,134,255,6,3,line,white,en,,1.1.2,
9051,es,Spanish (español),azul,azul,azul,rgb,0,57,255,6,4,line,white,en,,1.1.2,
9051,es,Spanish (español),amarilloneon,amarillo neon,amarillo neon,rgb,255,255,0,6,5,line,white,en,,1.1.2,
9051,es,Spanish (español),violeta,violeta,violeta,rgb,242,0,255,6,6,line,white,en,,1.1.2,
9051,es,Spanish (español),aquaclaro,aqua claro,aqua claro,rgb,0,255,154,6,7,line,white,en,,1.1.2,
9051,es,Spanish (español),verdefosforescente,verde fosforescente,verde fosforescente,rgb,0,255,107,6,8,line,white,en,,1.1.2,
9051,es,Spanish (español),amarillofu,amarillo fu,amarillo fu,rgb,255,233,0,6,9,line,white,en,,1.1.2,
9051,es,Spanish (español),fucsia,fucsia,fucsia,rgb,255,0,158,6,10,line,white,en,,1.1.2,
9051,es,Spanish (español),anaranjado,anaranjado,anaranjado,rgb,255,177,0,6,11,line,white,en,,1.1.2,
9059,es,Spanish (español),azul,azul,AZUL,rgb,93,0,255,1,0,line,white,en,,1.1.2,
9059,es,Spanish (español),naranja,naranja,NARANJA,rgb,255,131,0,1,1,line,white,en,,1.1.2,
9059,es,Spanish (español),cyan,cian,CIAN,rgb,0,255,229,1,2,line,white,en,,1.1.2,
9059,es,Spanish (español),amarillo,amarillo,AMARILLO,rgb,221,255,0,1,3,line,white,en,,1.1.2,
9059,es,Spanish (español),verde,verde,VERDE,rgb,62,255,0,1,4,line,white,en,,1.1.2,
9059,es,Spanish (español),verde,verde,VERDE,rgb,0,255,112,1,5,line,white,en,,1.1.2,
9059,es,Spanish (español),rojo,rojo,ROJO,rgb,255,0,60,1,6,line,white,en,,1.1.2,
9059,es,Spanish (español),fucsia,fucsia,FUCSIA,rgb,255,0,184,1,7,line,white,en,,1.1.2,
9059,es,Spanish (español),azul,azul,AZUL,rgb,0,195,255,1,8,line,white,en,,1.1.2,
9059,es,Spanish (español),magenta,magenta,MAGENTA,rgb,255,0,94,1,9,line,white,en,,1.1.2,
9059,es,Spanish (español),lila,lila,LILA,rgb,242,0,255,1,10,line,white,en,,1.1.2,
9059,es,Spanish (español),azul,azul,AZUL,rgb,0,144,255,1,11,line,white,en,,1.1.2,
9059,es,Spanish (español),verde,verde,VERDE,rgb,0,255,177,3,0,line,white,en,,1.1.2,
9059,es,Spanish (español),naranja,naranja,NARANJA,rgb,255,177,0,3,1,line,white,en,,1.1.2,
9059,es,Spanish (español),naranja,naranja,NARANJA,rgb,255,113,0,3,2,line,white,en,,1.1.2,
9059,es,Spanish (español),azul,azul,AZUL,rgb,0,213,255,3,3,line,white,en,,1.1.2,
9059,es,Spanish (español),amarillo,amarillo,AMARILLO,rgb,255,252,0,3,4,line,white,en,,1.1.2,
9059,es,Spanish (español),azul,azul,AZUL,rgb,0,31,255,3,5,line,white,en,,1.1.2,
9059,es,Spanish (español),verde,verde,VERDE,rgb,144,255,0,3,6,line,white,en,,1.1.2,
9059,es,Spanish (español),azul,azul,AZUL,rgb,0,131,255,3,7,line,white,en,,1.1.2,
9059,es,Spanish (español),lila,lila,LILA,rgb,255,0,239,3,8,line,white,en,,1.1.2,
9059,es,Spanish (español),fucsia,fucsia,FUCSIA,rgb,255,0,133,3,9,line,white,en,,1.1.2,
9059,es,Spanish (español),azul,azul,AZUL,rgb,0,80,255,3,10,line,white,en,,1.1.2,
9059,es,Spanish (español),verde,verde,VERDE,rgb,0,255,33,3,11,line,white,en,,1.1.2,
9059,es,Spanish (español),rojo,rojo,ROJO,rgb,255,0,38,6,0,line,white,en,,1.1.2,
9059,es,Spanish (español),fucsia,fucsia,FUCSIA,rgb,255,0,172,6,1,line,white,en,,1.1.2,
9059,es,Spanish (español),cyan,cian,CIAN,rgb,0,235,255,6,2,line,white,en,,1.1.2,
9059,es,Spanish (español),azul,azul,AZUL,rgb,0,50,255,6,3,line,white,en,,1.1.2,
9059,es,Spanish (español),azul,azul,AZUL,rgb,0,96,255,6,4,line,white,en,,1.1.2,
9059,es,Spanish (español),azul,azul,AZUL,rgb,0,174,255,6,5,line,white,en,,1.1.2,
9059,es,Spanish (español),morado,morado,MORADO,rgb,217,0,255,6,6,line,white,en,,1.1.2,
9059,es,Spanish (español),rojo,rojo,ROJO,rgb,255,43,0,6,7,line,white,en,,1.1.2,
9059,es,Spanish (español),verde,verde,VERDE,rgb,0,255,133,6,8,line,white,en,,1.1.2,
9059,es,Spanish (español),amarillo,amarillo,AMARILLO,rgb,255,217,0,6,9,line,white,en,,1.1.2,
9059,es,Spanish (español),azul,azul,AZUL,rgb,0,255,211,6,10,line,white,en,,1.1.2,
9059,es,Spanish (español),naranja,naranja,NARANJA,rgb,255,196,0,6,11,line,white,en,,1.1.2,
9154,es,Spanish (español),morado,morado,morado,rgb,105,0,255,1,0,line,white,en,,1.1.2,
9154,es,Spanish (español),verdefosforito,verde fosforito,verde fosforito,rgb,126,255,0,1,1,line,white,en,,1.1.2,
9154,es,Spanish (español),lila,lila,lila,rgb,217,0,255,1,2,line,white,en,,1.1.2,
9154,es,Spanish (español),rojo,rojo,rojo,rgb,255,0,12,1,3,line,white,en,,1.1.2,
9154,es,Spanish (español),cyan,cian,cian,rgb,0,240,255,1,4,line,white,en,,1.1.2,
9154,es,Spanish (español),verdeturquesa,verde turquesa,verde turquesa,rgb,0,255,175,1,5,line,white,en,,1.1.2,
9154,es,Spanish (español),rojocarmesi,rojo carmesi,rojo carmesi,rgb,255,0,69,1,6,line,white,en,,1.1.2,
9154,es,Spanish (español),rosa,rosa,rosa,rgb,237,0,255,1,7,line,white,en,,1.1.2,
9154,es,Spanish (español),azul,azul,azul,rgb,0,138,255,1,8,line,white,en,,1.1.2,
9154,es,Spanish (español),azul,azul,azul,rgb,0,179,255,1,9,line,white,en,,1.1.2,
9154,es,Spanish (español),magenta,magenta,magenta,rgb,255,0,176,1,10,line,white,en,,1.1.2,
9154,es,Spanish (español),amarillo,amarillo,amarillo,rgb,255,232,0,1,11,line,white,en,,1.1.2,
9154,es,Spanish (español),naranja,naranja,naranja,rgb,255,137,0,3,0,line,white,en,,1.1.2,
9154,es,Spanish (español),azul,azul,azul,rgb,0,106,255,3,1,line,white,en,,1.1.2,
9154,es,Spanish (español),naranja,naranja,naranja,rgb,255,97,0,3,2,line,white,en,,1.1.2,
9154,es,Spanish (español),rosa,rosa,rosa,rgb,255,0,124,3,3,line,white,en,,1.1.2,
9154,es,Spanish (español),verde,verde,verde,rgb,0,255,155,3,4,line,white,en,,1.1.2,
9154,es,Spanish (español),azul,azul,azul,rgb,0,45,255,3,5,line,white,en,,1.1.2,
9154,es,Spanish (español),amarillo,amarillo,amarillo,rgb,255,249,0,3,6,line,white,en,,1.1.2,
9154,es,Spanish (español),celeste,celeste,celeste,rgb,0,209,255,3,7,line,white,en,,1.1.2,
9154,es,Spanish (español),azul,azul,azul,rgb,0,122,255,3,8,line,white,en,,1.1.2,
9154,es,Spanish (español),verde,verde,verde,rgb,196,255,0,3,9,line,white,en,,1.1.2,
9154,es,Spanish (español),azul,azul,azul,rgb,0,199,255,3,10,line,white,en,,1.1.2,
9154,es,Spanish (español),cyan,cian,cian,rgb,0,255,255,3,11,line,white,en,,1.1.2,
9154,es,Spanish (español),azul,azul,azul,rgb,90,0,255,6,0,line,white,en,,1.1.2,
9154,es,Spanish (español),ambar,ambar,ambar,rgb,255,199,0,6,1,line,white,en,,1.1.2,
9154,es,Spanish (español),ambar,ambar,ambar,rgb,255,177,0,6,2,line,white,en,,1.1.2,
9154,es,Spanish (español),aguamarina,aguamarina,aguamarina,rgb,0,255,213,6,3,line,white,en,,1.1.2,
9154,es,Spanish (español),verde,verde,verde,rgb,152,255,0,6,4,line,white,en,,1.1.2,
9154,es,Spanish (español),verde,verde,verde,rgb,25,255,0,6,5,line,white,en,,1.1.2,
9154,es,Spanish (español),rosa,rosa,rosa,rgb,255,0,232,6,6,line,white,en,,1.1.2,
9154,es,Spanish (español),verde,verde,verde,rgb,0,255,111,6,7,line,white,en,,1.1.2,
9154,es,Spanish (español),naranja,naranja,naranja,rgb,255,78,0,6,8,line,white,en,,1.1.2,
9154,es,Spanish (español),rosa,rosa,rosa,rgb,255,0,111,6,9,line,white,en,,1.1.2,
9154,es,Spanish (español),azul,azul,azul,rgb,0,67,255,6,10,line,white,en,,1.1.2,
9154,es,Spanish (español),rosa,rosa,rosa,rgb,255,0,158,6,11,line,white,en,,1.1.2,
9203,es,Spanish (español),azul,azul,Azul,rgb,0,206,255,1,0,line,white,en,,1.1.2,
9203,es,Spanish (español),amarillo,amarillo,Amarillo,rgb,216,255,0,1,1,line,white,en,,1.1.2,
9203,es,Spanish (español),azul,azul,Azul,rgb,0,152,255,1,2,line,white,en,,1.1.2,
9203,es,Spanish (español),rosa,rosado,Rosado,rgb,255,0,239,1,3,line,white,en,,1.1.2,
9203,es,Spanish (español),verde,verde,Verde,rgb,0,255,77,1,4,line,white,en,,1.1.2,
9203,es,Spanish (español),morado,morado,Morado,rgb,232,0,255,1,5,line,white,en,,1.1.2,
9203,es,Spanish (español),rojo,rojo,Rojo,rgb,255,0,61,1,6,line,white,en,,1.1.2,
9203,es,Spanish (español),naranka,naranka,Naranka,rgb,255,137,0,1,7,line,white,en,,1.1.2,
9203,es,Spanish (español),verde,verde,Verde,rgb,0,255,141,1,8,line,white,en,,1.1.2,
9203,es,Spanish (español),verde,verde,Verde,rgb,0,255,78,1,9,line,white,en,,1.1.2,
9203,es,Spanish (español),morado,morado,Morado,rgb,136,0,255,1,10,line,white,en,,1.1.2,
9203,es,Spanish (español),fucsia,fucsia,Fucsia,rgb,255,0,145,1,11,line,white,en,,1.1.2,
9203,es,Spanish (español),amarillo,amarillo,Amarillo,rgb,254,255,0,3,0,line,white,en,,1.1.2,
9203,es,Spanish (español),verde,verde,Verde,rgb,0,255,171,3,1,line,white,en,,1.1.2,
9203,es,Spanish (español),azul,azul,Azul,rgb,0,57,255,3,2,line,white,en,,1.1.2,
9203,es,Spanish (español),rosa,rosado,Rosado,rgb,255,0,208,3,3,line,white,en,,1.1.2,
9203,es,Spanish (español),azul,azul,Azul,rgb,0,255,216,3,4,line,white,en,,1.1.2,
9203,es,Spanish (español),azul,azul,Azul,rgb,0,189,255,3,5,line,white,en,,1.1.2,
9203,es,Spanish (español),azul,azul,Azul,rgb,0,98,255,3,6,line,white,en,,1.1.2,
9203,es,Spanish (español),verde,verde,Verde,rgb,149,255,0,3,7,line,white,en,,1.1.2,
9203,es,Spanish (español),fucsia,fucsia,Fucsia,rgb,255,0,119,3,8,line,white,en,,1.1.2,
9203,es,Spanish (español),azul,azul,Azul,rgb,0,123,255,3,9,line,white,en,,1.1.2,
9203,es,Spanish (español),verde,verde,Verde,rgb,131,255,0,3,10,line,white,en,,1.1.2,
9203,es,Spanish (español),azul,azul,Azul,rgb,36,0,255,3,11,line,white,en,,1.1.2,
9203,es,Spanish (español),naranja,naranja,Naranja,rgb,255,94,0,6,0,line,white,en,,1.1.2,
9203,es,Spanish (español),azul,azul,Azul,rgb,0,255,242,6,1,line,white,en,,1.1.2,
9203,es,Spanish (español),morado,morado,Morado,rgb,204,0,255,6,2,line,white,en,,1.1.2,
9203,es,Spanish (español),rojo,rojo,Rojo,rgb,255,0,37,6,3,line,white,en,,1.1.2,
9203,es,Spanish (español),amarillo,amarillo,Amarillo,rgb,255,217,0,6,4,line,white,en,,1.1.2,
9203,es,Spanish (español),azul,azul,Azul,rgb,0,251,255,6,5,line,white,en,,1.1.2,
9203,es,Spanish (español),rojo,rojo,Rojo,rgb,255,49,0,6,6,line,white,en,,1.1.2,
9203,es,Spanish (español),amarillo,amarillo,Amarillo,rgb,255,212,0,6,7,line,white,en,,1.1.2,
9203,es,Spanish (español),azul,azul,Azul,rgb,0,172,255,6,8,line,white,en,,1.1.2,
9203,es,Spanish (español),amarillo,amarillo,Amarillo,rgb,255,171,0,6,9,line,white,en,,1.1.2,
9203,es,Spanish (español),fucsia,fucsia,Fucsia,rgb,255,0,84,6,10,line,white,en,,1.1.2,
9203,es,Spanish (español),azul,azul,Azul,rgb,0,70,255,6,11,line,white,en,,1.1.2,
9358,es,Spanish (español),violeta,violeta,violeta,rgb,148,0,255,1,0,line,white,en,,1.1.2,
9358,es,Spanish (español),verdeluminoso,verde luminoso,verde luminoso,rgb,0,255,81,1,1,line,white,en,,1.1.2,
9358,es,Spanish (español),morado,morado,morado,rgb,79,0,255,1,2,line,white,en,,1.1.2,
9358,es,Spanish (español),azul,azul,azul,rgb,0,105,255,1,3,line,white,en,,1.1.2,
9358,es,Spanish (español),verdeagua,verde agua,verde agua,rgb,0,255,143,1,4,line,white,en,,1.1.2,
9358,es,Spanish (español),azulclaro,azul claro,azul claro,rgb,0,255,231,1,5,line,white,en,,1.1.2,
9358,es,Spanish (español),azulaguamarino,azul aguamarino,azul aguamarino,rgb,0,255,207,1,6,line,white,en,,1.1.2,
9358,es,Spanish (español),verdelimon,verde limon,verde limon,rgb,185,255,0,1,7,line,white,en,,1.1.2,
9358,es,Spanish (español),amarillo,amarillo,amarillo,rgb,255,239,0,1,8,line,white,en,,1.1.2,
9358,es,Spanish (español),azulclaro,azul claro,azul claro,rgb,0,163,255,1,9,line,white,en,,1.1.2,
9358,es,Spanish (español),turqueza,turqueza,turqueza,rgb,0,208,255,1,10,line,white,en,,1.1.2,
9358,es,Spanish (español),amarilloverdoso,amarillo verdoso,amarillo verdoso,rgb,220,255,0,1,11,line,white,en,,1.1.2,
9358,es,Spanish (español),naranja,naranja,Naranja,rgb,255,150,0,3,0,line,white,en,,1.1.2,
9358,es,Spanish (español),amarillo,amarillo,amarillo,rgb,255,255,0,3,3,line,white,en,,1.1.2,
9358,es,Spanish (español),mostaza,mostaza,mostaza,rgb,255,204,0,3,5,line,white,en,,1.1.2,
9358,es,Spanish (español),viloleta,viloleta,viloleta,rgb,195,0,255,3,8,line,white,en,,1.1.2,
9358,es,Spanish (español),verdelimon,verde limon,verde limon,rgb,4,255,0,3,9,line,white,en,,1.1.2,
9358,es,Spanish (español),franguesa,franguesa,franguesa,rgb,255,0,249,3,10,line,white,en,,1.1.2,
9358,es,Spanish (español),rojo,rojo,rojo,rgb,255,0,18,3,11,line,white,en,,1.1.2,
9358,es,Spanish (español),naranja,naranja,naranja,rgb,255,157,0,6,0,line,white,en,,1.1.2,
9358,es,Spanish (español),verdelimon,verde limon,verde limon,rgb,117,255,0,6,2,line,white,en,,1.1.2,
9358,es,Spanish (español),azulaguamarina,azul aguamarina,azul aguamarina,rgb,0,183,255,6,6,line,white,en,,1.1.2,
9358,es,Spanish (español),azulclaro,azul claro,azul claro,rgb,0,135,255,6,8,line,white,en,,1.1.2,
9358,es,Spanish (español),azul,azul,azul,rgb,0,56,255,6,9,line,white,en,,1.1.2,
9358,es,Spanish (español),rojo,rojo,rojo,rgb,255,0,80,6,10,line,white,en,,1.1.2,
9450,es,Spanish (español),azulclaro,azul claro,azul claro,rgb,0,221,255,1,0,line,white,en,,1.1.2,
9450,es,Spanish (español),verdechatree,verde chatree,verde chatree,rgb,162,255,0,1,1,line,white,en,,1.1.2,
9450,es,Spanish (español),verdeamarillo,verde amarillo,verde-amarillo,rgb,199,255,0,1,2,line,white,en,,1.1.2,
9450,es,Spanish (español),amarillo,amarillo,amarillo,rgb,255,225,0,1,3,line,white,en,,1.1.2,
9450,es,Spanish (español),azulclaro,azul claro,azul claro,rgb,0,188,255,1,4,line,white,en,,1.1.2,
9450,es,Spanish (español),rojorosa,rojo rosado,rojo-rosado,rgb,255,0,75,1,5,line,white,en,,1.1.2,
9450,es,Spanish (español),azul,azul,azul,rgb,0,109,255,1,6,line,white,en,,1.1.2,
9450,es,Spanish (español),azul,azul,azul,rgb,0,8,255,1,7,line,white,en,,1.1.2,
9450,es,Spanish (español),azulfosforecente,azul fosforecente,azul fosforecente,rgb,0,255,194,1,8,line,white,en,,1.1.2,
9450,es,Spanish (español),rosaoscuro,rosa oscuro,rosa oscuro,rgb,255,0,148,1,9,line,white,en,,1.1.2,
9450,es,Spanish (español),fuscha,fuscha,fuscha,rgb,255,0,217,1,10,line,white,en,,1.1.2,
9450,es,Spanish (español),azulfosforecente,azul fosforecente,azul fosforecente,rgb,0,255,234,1,11,line,white,en,,1.1.2,
9453,es,Spanish (español),turquesa,turquesa,turquesa,rgb,0,255,229,1,0,line,white,en,,1.1.2,
9453,es,Spanish (español),rosabrillante,rosado brillante,rosado brillante,rgb,255,0,47,1,1,line,white,en,,1.1.2,
9453,es,Spanish (español),azulclaro,azul claro,azul claro,rgb,0,190,255,1,2,line,white,en,,1.1.2,
9453,es,Spanish (español),anaranjado,anaranjado,anaranjado,rgb,255,130,0,1,3,line,white,en,,1.1.2,
9453,es,Spanish (español),verdementa,verde menta,verde menta,rgb,0,255,192,1,4,line,white,en,,1.1.2,
9453,es,Spanish (español),azl,azl,azl,rgb,0,82,255,1,6,line,white,en,,1.1.2,
9453,es,Spanish (español),azulceleste,azul celeste,azul celeste,rgb,0,155,255,1,7,line,white,en,,1.1.2,
9453,es,Spanish (español),azul,azul,azul,rgb,0,64,255,1,8,line,white,en,,1.1.2,
9453,es,Spanish (español),rojo,rojo,rojo,rgb,255,54,0,1,9,line,white,en,,1.1.2,
9453,es,Spanish (español),verdelima,verde lima,verde lima,rgb,114,255,0,1,10,line,white,en,,1.1.2,
9453,es,Spanish (español),anaranjado,anaranjado,anaranjado,rgb,255,111,0,1,11,line,white,en,,1.1.2,
9450,es,Spanish (español),verdechatre,verde chatre,verde chatre,rgb,0,255,57,3,0,line,white,en,,1.1.2,
9450,es,Spanish (español),naranja,naranja,naranja,rgb,255,86,0,3,1,line,white,en,,1.1.2,
9450,es,Spanish (español),azulverdefosforecente,azul verde fosforecente,azul-verde fosforecente,rgb,0,255,180,3,2,line,white,en,,1.1.2,
9450,es,Spanish (español),verdefosforecente,verde fosforecente,verde fosforecente,rgb,91,255,0,3,3,line,white,en,,1.1.2,
9450,es,Spanish (español),azulclaro,azul claro,azul claro,rgb,0,177,255,3,4,line,white,en,,1.1.2,
9450,es,Spanish (español),amarillonaranja,amarillo naranja,amarillo-naranja,rgb,255,182,0,3,5,line,white,en,,1.1.2,
9450,es,Spanish (español),violeta,violeta,violeta,rgb,127,0,255,3,6,line,white,en,,1.1.2,
9450,es,Spanish (español),verdeazulfosforecente,verde azul fosforecente,verde-azul fosforecente,rgb,0,255,144,3,7,line,white,en,,1.1.2,
9450,es,Spanish (español),fuscha,fuscha,fuscha,rgb,213,0,255,3,8,line,white,en,,1.1.2,
9450,es,Spanish (español),rojonaranja,rojo naranja,rojo-naranja,rgb,255,64,0,3,9,line,white,en,,1.1.2,
9450,es,Spanish (español),azulfosforecente,azul fosforecente,azul fosforecente,rgb,0,240,255,3,10,line,white,en,,1.1.2,
9450,es,Spanish (español),azul,azul,azul,rgb,0,146,255,3,11,line,white,en,,1.1.2,
9453,es,Spanish (español),fuscia,fuscia,Fuscia,rgb,255,0,166,3,0,line,white,en,,1.1.2,
9453,es,Spanish (español),verde,verde,verde,rgb,0,255,99,3,1,line,white,en,,1.1.2,
9453,es,Spanish (español),magenta,magenta,Magenta,rgb,255,0,180,3,2,line,white,en,,1.1.2,
9453,es,Spanish (español),verdementa,verde menta,Verde menta,rgb,0,255,180,3,3,line,white,en,,1.1.2,
9453,es,Spanish (español),rosa,rosado,rosado,rgb,255,0,135,3,4,line,white,en,,1.1.2,
9453,es,Spanish (español),rosasalmon,rosa salmon,rosa salmon,rgb,255,0,63,3,5,line,white,en,,1.1.2,
9453,es,Spanish (español),azulvioleta,azul violeta,azul violeta,rgb,93,0,255,3,6,line,white,en,,1.1.2,
9453,es,Spanish (español),verdeneon,verde neon,verde neon,rgb,135,255,0,3,7,line,white,en,,1.1.2,
9453,es,Spanish (español),amarillo,amarillo,amarillo,rgb,255,230,0,3,8,line,white,en,,1.1.2,
9453,es,Spanish (español),anaranjado,anaranjado,anaranjado,rgb,255,192,0,3,9,line,white,en,,1.1.2,
9453,es,Spanish (español),rosaneon,rosado neon,rosado neon,rgb,255,0,222,3,10,line,white,en,,1.1.2,
9453,es,Spanish (español),azulneon,azul neon,Azul neon,rgb,0,250,255,3,11,line,white,en,,1.1.2,
9450,es,Spanish (español),amarillonaranja,amarillo naranja,amarillo-naranja,rgb,255,185,0,6,0,line,white,en,,1.1.2,
9450,es,Spanish (español),rosaoscuro,rosa oscuro,rosa oscuro,rgb,255,0,106,6,1,line,white,en,,1.1.2,
9450,es,Spanish (español),rosaoscuro,rosa oscuro,rosa oscuro,rgb,255,0,138,6,2,line,white,en,,1.1.2,
9450,es,Spanish (español),rojo,rojo,rojo,rgb,255,0,8,6,3,line,white,en,,1.1.2,
9450,es,Spanish (español),amarillo,amarillo,amarillo,rgb,241,255,0,6,4,line,white,en,,1.1.2,
9450,es,Spanish (español),azul,azul,azul,rgb,0,70,255,6,5,line,white,en,,1.1.2,
9450,es,Spanish (español),verdeazulfosforecente,verde azul fosforecente,verde-azul fosforecente,rgb,0,255,103,6,6,line,white,en,,1.1.2,
9450,es,Spanish (español),azulclaro,azul claro,azul claro,rgb,0,135,255,6,7,line,white,en,,1.1.2,
9450,es,Spanish (español),fuscha,fuscha,fuscha,rgb,255,0,209,6,8,line,white,en,,1.1.2,
9450,es,Spanish (español),azul,azul,azul,rgb,0,60,255,6,9,line,white,en,,1.1.2,
9450,es,Spanish (español),naranjaamarillo,naranja amarillo,naranja-amarillo,rgb,255,146,0,6,10,line,white,en,,1.1.2,
9450,es,Spanish (español),fuscha,fuscha,fuscha,rgb,255,0,246,6,11,line,white,en,,1.1.2,
9453,es,Spanish (español),amarillo,amarillo,amarillo,rgb,255,253,0,6,0,line,white,en,,1.1.2,
9453,es,Spanish (español),violeta,violeta,violeta,rgb,175,0,255,6,1,line,white,en,,1.1.2,
9453,es,Spanish (español),azulclaro,azul claro,azul claro,rgb,0,205,255,6,2,line,white,en,,1.1.2,
9453,es,Spanish (español),azul,azul,azul,rgb,0,99,255,6,3,line,white,en,,1.1.2,
9453,es,Spanish (español),magenta,magenta,Magenta,rgb,231,0,255,6,4,line,white,en,,1.1.2,
9453,es,Spanish (español),azuloscuro,azul oscuro,azul oscuro,rgb,0,23,255,6,5,line,white,en,,1.1.2,
9453,es,Spanish (español),verdementa,verde menta,verde menta,rgb,0,255,152,6,6,line,white,en,,1.1.2,
9453,es,Spanish (español),azulclaro,azul claro,azul claro,rgb,0,174,255,6,7,line,white,en,,1.1.2,
9453,es,Spanish (español),verdelima,verde lima,verde lima,rgb,222,255,0,6,8,line,white,en,,1.1.2,
9453,es,Spanish (español),rosaneon,rosado neon,rosado neon,rgb,255,0,90,6,9,line,white,en,,1.1.2,
9453,es,Spanish (español),arananjado,arananjado,arananjado,rgb,255,177,0,6,10,line,white,en,,1.1.2,
9453,es,Spanish (español),azulceleste,azul celeste,azul celeste,rgb,0,119,255,6,11,line,white,en,,1.1.2,
9523,es,Spanish (español),azul,azul,Azul,rgb,0,124,255,1,0,line,white,en,,1.1.2,
9523,es,Spanish (español),amarillo,amarillo,Amarillo,rgb,255,206,0,1,1,line,white,en,,1.1.2,
9523,es,Spanish (español),violeta,violeta,violeta,rgb,255,0,162,1,2,line,white,en,,1.1.2,
9523,es,Spanish (español),morado,morado,Morado,rgb,172,0,255,1,3,line,white,en,,1.1.2,
9523,es,Spanish (español),verdeprimavera,verde primavera,Verde primavera,rgb,95,255,0,1,4,line,white,en,,1.1.2,
9523,es,Spanish (español),naranja,naranja,Naranja,rgb,255,142,0,1,5,line,white,en,,1.1.2,
9523,es,Spanish (español),verdementa,verde menta,Verde Menta,rgb,0,255,167,1,6,line,white,en,,1.1.2,
9523,es,Spanish (español),naranja,naranja,Naranja,rgb,255,172,0,1,7,line,white,en,,1.1.2,
9523,es,Spanish (español),verde,verde,Verde,rgb,0,255,73,1,8,line,white,en,,1.1.2,
9523,es,Spanish (español),naranjaoscuro,naranja oscuro,naranja oscuro,rgb,255,58,0,1,9,line,white,en,,1.1.2,
9523,es,Spanish (español),rojo,rojo,rojo,rgb,255,0,9,1,10,line,white,en,,1.1.2,
9523,es,Spanish (español),rosa,rosa,rosa,rgb,255,0,201,1,11,line,white,en,,1.1.2,
9523,es,Spanish (español),azulrey,azul rey,Azul rey,rgb,43,0,255,3,0,line,white,en,,1.1.2,
9523,es,Spanish (español),azulcielo,azul cielo,Azul cielo,rgb,0,180,255,3,1,line,white,en,,1.1.2,
9523,es,Spanish (español),rosafuerte,rosa fuerte,rosa fuerte,rgb,255,0,109,3,2,line,white,en,,1.1.2,
9523,es,Spanish (español),azulneon,azul neon,Azul neon,rgb,0,231,255,3,3,line,white,en,,1.1.2,
9523,es,Spanish (español),verdementa,verde menta,verde menta,rgb,0,255,98,3,4,line,white,en,,1.1.2,
9523,es,Spanish (español),morado,morado,morado,rgb,147,0,255,3,5,line,white,en,,1.1.2,
9523,es,Spanish (español),azul,azul,Azul,rgb,0,60,255,3,6,line,white,en,,1.1.2,
9523,es,Spanish (español),fucsia,fucsia,fucsia,rgb,255,0,118,3,7,line,white,en,,1.1.2,
9523,es,Spanish (español),azul,azul,Azul,rgb,0,137,255,3,8,line,white,en,,1.1.2,
9523,es,Spanish (español),verdelimon,verde limón,verde limón,rgb,183,255,0,3,9,line,white,en,,1.1.2,
9523,es,Spanish (español),rosaclaro,rosa claro,rosa claro,rgb,255,0,210,3,10,line,white,en,,1.1.2,
9523,es,Spanish (español),fucsia,fucsia,fucsia,rgb,242,0,255,3,11,line,white,en,,1.1.2,
9523,es,Spanish (español),azulrey,azul rey,Azul rey,rgb,0,96,255,6,0,line,white,en,,1.1.2,
9523,es,Spanish (español),azulmenta,azul menta,azul menta,rgb,0,255,198,6,1,line,white,en,,1.1.2,
9523,es,Spanish (español),verdelimon,verde limon,verde limon,rgb,207,255,0,6,2,line,white,en,,1.1.2,
9523,es,Spanish (español),azulturquesa,azul turquesa,azul turquesa,rgb,0,255,235,6,4,line,white,en,,1.1.2,
9523,es,Spanish (español),amarillomostaza,amarillo mostaza,Amarillo mostaza,rgb,255,217,0,6,5,line,white,en,,1.1.2,
9523,es,Spanish (español),azulcielo,azul cielo,Azul cielo,rgb,0,222,255,6,6,line,white,en,,1.1.2,
9523,es,Spanish (español),naranja,naranja,naranja,rgb,255,82,0,6,7,line,white,en,,1.1.2,
9523,es,Spanish (español),azul,azul,azul,rgb,0,188,255,6,8,line,white,en,,1.1.2,
9523,es,Spanish (español),azul,azul,azul,rgb,0,74,255,6,9,line,white,en,,1.1.2,
9523,es,Spanish (español),verdementa,verde menta,Verde menta,rgb,0,255,129,6,10,line,white,en,,1.1.2,
9523,es,Spanish (español),amarillo,amarillo,amarillo,rgb,255,245,0,6,11,line,white,en,,1.1.2,
9604,es,Spanish (español),rosa,rosa,Rosa,rgb,255,0,245,1,0,line,white,en,,1.1.2,
9604,es,Spanish (español),amarillo,amarillo,Amarillo,rgb,255,243,0,1,1,line,white,en,,1.1.2,
9604,es,Spanish (español),magenta,magenta,Magenta,rgb,255,0,133,1,2,line,white,en,,1.1.2,
9604,es,Spanish (español),azul,azul,Azul,rgb,0,69,255,1,3,line,white,en,,1.1.2,
9604,es,Spanish (español),azul,azul,Azul,rgb,0,91,255,1,4,line,white,en,,1.1.2,
9604,es,Spanish (español),verde,verde,Verde,rgb,0,255,99,1,5,line,white,en,,1.1.2,
9604,es,Spanish (español),azulclaro,azul claro,Azul Claro,rgb,0,255,227,1,6,line,white,en,,1.1.2,
9604,es,Spanish (español),azul,azul,Azul,rgb,0,125,255,1,7,line,white,en,,1.1.2,
9604,es,Spanish (español),verdeazulado,verde azulado,Verde azulado,rgb,0,255,199,1,8,line,white,en,,1.1.2,
9604,es,Spanish (español),verde,verde,Verde,rgb,0,255,149,1,9,line,white,en,,1.1.2,
9604,es,Spanish (español),azuloscuro,azul oscuro,Azul oscuro,rgb,0,54,255,1,10,line,white,en,,1.1.2,
9604,es,Spanish (español),azulmarino,azul marino,Azul marino,rgb,0,20,255,1,11,line,white,en,,1.1.2,
9604,es,Spanish (español),rosa,rosa,Rosa,rgb,255,0,197,3,0,line,white,en,,1.1.2,
9604,es,Spanish (español),azul,azul,Azul,rgb,0,155,255,3,1,line,white,en,,1.1.2,
9604,es,Spanish (español),naranja,naranja,Naranja,rgb,255,111,0,3,2,line,white,en,,1.1.2,
9604,es,Spanish (español),azulclaro,azul claro,Azul Claro,rgb,0,246,255,3,3,line,white,en,,1.1.2,
9604,es,Spanish (español),naranja,naranja,Naranja,rgb,255,154,0,3,4,line,white,en,,1.1.2,
9604,es,Spanish (español),azul,azul,Azul,rgb,0,208,255,3,5,line,white,en,,1.1.2,
9604,es,Spanish (español),verde,verde,Verde,rgb,0,255,25,3,6,line,white,en,,1.1.2,
9604,es,Spanish (español),amarillo,amarillo,Amarillo,rgb,255,241,0,3,7,line,white,en,,1.1.2,
9604,es,Spanish (español),verde,verde,Verde,rgb,162,255,0,3,8,line,white,en,,1.1.2,
9604,es,Spanish (español),purpura,púrpura,Púrpura,rgb,183,0,255,3,9,line,white,en,,1.1.2,
9604,es,Spanish (español),verde,verde,Verde,rgb,83,255,0,3,10,line,white,en,,1.1.2,
9604,es,Spanish (español),verdeamarillento,verde amarillento,Verde Amarillento,rgb,191,255,0,3,11,line,white,en,,1.1.2,
9604,es,Spanish (español),naranja,naranja,Naranja,rgb,255,66,0,6,0,line,white,en,,1.1.2,
9604,es,Spanish (español),amarillo,amarillo,Amarillo,rgb,255,185,0,6,1,line,white,en,,1.1.2,
9604,es,Spanish (español),rosa,rosa,Rosa,rgb,255,0,97,6,2,line,white,en,,1.1.2,
9604,es,Spanish (español),naranja,naranja,Naranja,rgb,255,132,0,6,3,line,white,en,,1.1.2,
9604,es,Spanish (español),rosa,rosa,Rosa,rgb,255,0,176,6,4,line,white,en,,1.1.2,
9604,es,Spanish (español),rojo,rojo,Rojo,rgb,255,0,18,6,5,line,white,en,,1.1.2,
9604,es,Spanish (español),azul,azul,Azul,rgb,0,178,255,6,6,line,white,en,,1.1.2,
9604,es,Spanish (español),verde,verde,Verde,rgb,0,255,190,6,7,line,white,en,,1.1.2,
9604,es,Spanish (español),morado,morado,Morado,rgb,163,0,255,6,8,line,white,en,,1.1.2,
9604,es,Spanish (español),rojo,rojo,Rojo,rgb,255,0,71,6,9,line,white,en,,1.1.2,
9604,es,Spanish (español),azul,azul,Azul,rgb,0,187,255,6,10,line,white,en,,1.1.2,
9604,es,Spanish (español),morado,morado,Morado,rgb,219,0,255,6,11,line,white,en,,1.1.2,
9632,es,Spanish (español),naranja,naranja,naranja,rgb,255,80,0,1,0,line,white,en,,1.1.2,
9632,es,Spanish (español),azul,azul,azul,rgb,0,111,255,1,1,line,white,en,,1.1.2,
9632,es,Spanish (español),rosa,rosado,rosado,rgb,255,0,136,1,2,line,white,en,,1.1.2,
9632,es,Spanish (español),verde,verde,verde,rgb,63,255,0,1,3,line,white,en,,1.1.2,
9632,es,Spanish (español),rojo,rojo,rojo,rgb,255,0,55,1,4,line,white,en,,1.1.2,
9632,es,Spanish (español),amarillo,amarillo,amarillo,rgb,190,255,0,1,5,line,white,en,,1.1.2,
9632,es,Spanish (español),violeta,violeta,violeta,rgb,79,0,255,1,6,line,white,en,,1.1.2,
9632,es,Spanish (español),verde,verde,verde,rgb,0,255,87,1,7,line,white,en,,1.1.2,
9632,es,Spanish (español),amarillo,amarillo,amarillo,rgb,243,255,0,1,8,line,white,en,,1.1.2,
9632,es,Spanish (español),celeste,celeste,celeste,rgb,0,216,255,1,9,line,white,en,,1.1.2,
9632,es,Spanish (español),verde,verde,verde,rgb,0,255,170,1,10,line,white,en,,1.1.2,
9632,es,Spanish (español),celeste,celeste,celeste,rgb,0,186,255,1,11,line,white,en,,1.1.2,
9632,es,Spanish (español),naranja,naranja,naranja,rgb,255,106,0,3,0,line,white,en,,1.1.2,
9632,es,Spanish (español),rosa,rosado,rosado,rgb,255,0,195,3,1,line,white,en,,1.1.2,
9632,es,Spanish (español),azul,azul,azul,rgb,0,117,255,3,2,line,white,en,,1.1.2,
9632,es,Spanish (español),celeste,celeste,celeste,rgb,0,255,251,3,3,line,white,en,,1.1.2,
9632,es,Spanish (español),naranja,naranja,naranja,rgb,255,150,0,3,4,line,white,en,,1.1.2,
9632,es,Spanish (español),rojo,rojo,rojo,rgb,255,0,85,3,5,line,white,en,,1.1.2,
9632,es,Spanish (español),azul,azul,azul,rgb,0,69,255,3,6,line,white,en,,1.1.2,
9632,es,Spanish (español),verde,verde,verde,rgb,0,255,197,3,7,line,white,en,,1.1.2,
9632,es,Spanish (español),celeste,celeste,celeste,rgb,0,242,255,3,8,line,white,en,,1.1.2,
9632,es,Spanish (español),verde,verde,verde,rgb,0,255,152,3,9,line,white,en,,1.1.2,
9632,es,Spanish (español),violeta,violeta,violeta,rgb,146,0,255,3,10,line,white,en,,1.1.2,
9632,es,Spanish (español),amarillo,amarillo,amarillo,rgb,255,234,0,3,11,line,white,en,,1.1.2,
9632,es,Spanish (español),verde,verde,verde,rgb,0,255,73,6,0,line,white,en,,1.1.2,
9632,es,Spanish (español),morado,morado,morado,rgb,214,0,255,6,1,line,white,en,,1.1.2,
9632,es,Spanish (español),naranja,naranja,naranja,rgb,255,160,0,6,2,line,white,en,,1.1.2,
9632,es,Spanish (español),rojo,rojo,rojo,rgb,255,0,3,6,3,line,white,en,,1.1.2,
9632,es,Spanish (español),azul,azul,azul,rgb,0,34,255,6,4,line,white,en,,1.1.2,
9632,es,Spanish (español),rosa,rosado,rosado,rgb,255,0,162,6,5,line,white,en,,1.1.2,
9632,es,Spanish (español),azul,azul,azul,rgb,0,156,255,6,6,line,white,en,,1.1.2,
9632,es,Spanish (español),azul,azul,azul,rgb,0,165,255,6,7,line,white,en,,1.1.2,
9632,es,Spanish (español),rosa,rosado,rosado,rgb,255,0,255,6,8,line,white,en,,1.1.2,
9632,es,Spanish (español),rosa,rosado,rosado,rgb,255,0,233,6,9,line,white,en,,1.1.2,
9632,es,Spanish (español),amarillo,amarillo,amarillo,rgb,255,198,0,6,10,line,white,en,,1.1.2,
9632,es,Spanish (español),verde,verde,verde,rgb,154,255,0,6,11,line,white,en,,1.1.2,
9711,es,Spanish (español),amarillo,amarillo,Amarillo,rgb,237,255,0,1,0,line,white,en,,1.1.2,
9711,es,Spanish (español),azul,azul,Azul,rgb,0,123,255,1,1,line,white,en,,1.1.2,
9711,es,Spanish (español),fucsia,fucsia,Fucsia,rgb,0,154,255,1,2,line,white,en,,1.1.2,
9711,es,Spanish (español),aguamarina,acuamarina,Acuamarina,rgb,0,255,234,1,3,line,white,en,,1.1.2,
9711,es,Spanish (español),verde,verde,Verde,rgb,101,255,0,1,4,line,white,en,,1.1.2,
9711,es,Spanish (español),rojo,rojo,Rojo,rgb,255,120,0,1,5,line,white,en,,1.1.2,
9711,es,Spanish (español),fucsia,fucsia,Fucsia,rgb,255,0,213,1,6,line,white,en,,1.1.2,
9711,es,Spanish (español),verde,verde,Verde,rgb,0,255,165,1,7,line,white,en,,1.1.2,
9711,es,Spanish (español),naranja,naranja,Naranja,rgb,255,219,0,1,8,line,white,en,,1.1.2,
9711,es,Spanish (español),azul,azul,Azul,rgb,0,40,255,1,9,line,white,en,,1.1.2,
9711,es,Spanish (español),verde,verde,Verde,rgb,0,255,40,1,10,line,white,en,,1.1.2,
9711,es,Spanish (español),aguamarina,acuamarina,Acuamarina,rgb,0,195,255,1,11,line,white,en,,1.1.2,
9711,es,Spanish (español),fucsia,fucsia,Fucsia,rgb,231,0,255,3,0,line,white,en,,1.1.2,
9711,es,Spanish (español),azul,azul,Azul,rgb,0,101,255,3,1,line,white,en,,1.1.2,
9711,es,Spanish (español),verde,verde,Verde,rgb,0,255,108,3,2,line,white,en,,1.1.2,
9711,es,Spanish (español),naranja,naranja,Naranja,rgb,255,107,0,3,3,line,white,en,,1.1.2,
9711,es,Spanish (español),magenta,magenta,Magenta,rgb,255,0,179,3,4,line,white,en,,1.1.2,
9711,es,Spanish (español),beige,beige,Beige,rgb,0,255,133,3,5,line,white,en,,1.1.2,
9711,es,Spanish (español),azul,azul,Azul,rgb,0,14,255,3,6,line,white,en,,1.1.2,
9711,es,Spanish (español),rojo,rojo,Rojo,rgb,255,67,0,3,7,line,white,en,,1.1.2,
9711,es,Spanish (español),fucsia,fucsia,Fucsia,rgb,255,0,91,3,8,line,white,en,,1.1.2,
9711,es,Spanish (español),roko,roko,Roko,rgb,255,0,35,3,9,line,white,en,,1.1.2,
9711,es,Spanish (español),magenta,magenta,Magenta,rgb,0,162,255,3,10,line,white,en,,1.1.2,
9711,es,Spanish (español),fucsia,fucsia,Fucsia,rgb,255,0,146,3,11,line,white,en,,1.1.2,
9711,es,Spanish (español),verde,verde,Verde,rgb,164,255,0,6,0,line,white,en,,1.1.2,
9711,es,Spanish (español),verde,verde,Verde,rgb,208,255,0,6,1,line,white,en,,1.1.2,
9711,es,Spanish (español),aguamarina,acuamarina,Acuamarina,rgb,0,241,255,6,2,line,white,en,,1.1.2,
9711,es,Spanish (español),azul,azul,Azul,rgb,0,73,255,6,3,line,white,en,,1.1.2,
9711,es,Spanish (español),azul,azul,Azul,rgb,112,0,255,6,4,line,white,en,,1.1.2,
9711,es,Spanish (español),aguamarina,acuamarina,Acuamarina,rgb,0,209,255,6,5,line,white,en,,1.1.2,
9711,es,Spanish (español),aguamarina,acuamarina,Acuamarina,rgb,0,255,223,6,6,line,white,en,,1.1.2,
9711,es,Spanish (español),naranja,naranja,Naranja,rgb,255,171,0,6,7,line,white,en,,1.1.2,
9711,es,Spanish (español),fucsia,fucsia,Fucsia,rgb,209,0,255,6,8,line,white,en,,1.1.2,
9711,es,Spanish (español),magenta,magenta,Magenta,rgb,255,0,120,6,9,line,white,en,,1.1.2,
9711,es,Spanish (español),naranja,naranja,Naranja,rgb,255,192,0,6,10,line,white,en,,1.1.2,
9711,es,Spanish (español),rojo,rojo,Rojo,rgb,255,0,65,6,11,line,white,en,,1.1.2,
9737,es,Spanish (español),turquoise,turquoise,Turquoise,rgb,0,255,183,1,0,line,white,en,,1.1.2,
9737,es,Spanish (español),seablue,sea blue,Sea blue,rgb,0,86,255,1,4,line,white,en,,1.1.2,
9737,es,Spanish (español),magenta,magenta,Magenta,rgb,255,0,148,1,5,line,white,en,,1.1.2,
9737,es,Spanish (español),violet,violet,Violet,rgb,161,0,255,1,9,line,white,en,,1.1.2,
9737,es,Spanish (español),aquamarine,aquamarine,Aquamarine,rgb,0,255,101,1,10,line,white,en,,1.1.2,
9737,es,Spanish (español),salad,salad,Salad,rgb,140,255,0,1,11,line,white,en,,1.1.2,
9737,es,Spanish (español),amarillo,amarillo,Amarillo,rgb,255,186,0,3,0,line,white,en,,1.1.2,
9737,es,Spanish (español),azulmarino,azul marino,Azul marino,rgb,0,138,255,3,1,line,white,en,,1.1.2,
9737,es,Spanish (español),naranja,naranja,Naranja,rgb,255,150,0,3,2,line,white,en,,1.1.2,
9737,es,Spanish (español),turquesa,turquesa,Turquesa,rgb,0,235,255,3,3,line,white,en,,1.1.2,
9737,es,Spanish (español),naranja,naranja,Naranja,rgb,255,71,0,3,4,line,white,en,,1.1.2,
9737,es,Spanish (español),magenta,magenta,Magenta,rgb,255,0,118,3,5,line,white,en,,1.1.2,
9737,es,Spanish (español),violeta,violeta,Violeta,rgb,184,0,255,3,6,line,white,en,,1.1.2,
9737,es,Spanish (español),azuloceano,azul oceano,Azul oceano,rgb,0,106,255,3,7,line,white,en,,1.1.2,
9737,es,Spanish (español),azul,azul,Azul,rgb,0,170,255,3,8,line,white,en,,1.1.2,
9737,es,Spanish (español),verdefluorescente,verde fluorescente,Verde fluorescente,rgb,223,255,0,3,9,line,white,en,,1.1.2,
9737,es,Spanish (español),magenta,magenta,MAgenta,rgb,255,0,83,3,10,line,white,en,,1.1.2,
9737,es,Spanish (español),aquamarino,aquamarino,Aquamarino,rgb,0,255,155,3,11,line,white,en,,1.1.2,
9737,es,Spanish (español),magenta,magenta,Magenta,rgb,255,0,178,6,0,line,white,en,,1.1.2,
9737,es,Spanish (español),azuloceano,azul oceano,Azul oceano,rgb,0,66,255,6,1,line,white,en,,1.1.2,
9737,es,Spanish (español),azulmarino,azul marino,Azul marino,rgb,0,130,255,6,2,line,white,en,,1.1.2,
9737,es,Spanish (español),ensalada,ensalada,Ensalada,rgb,130,255,0,6,3,line,white,en,,1.1.2,
9737,es,Spanish (español),magenta,magenta,Magenta,rgb,255,0,248,6,4,line,white,en,,1.1.2,
9737,es,Spanish (español),indigo,índigo,Índigo,rgb,0,9,255,6,5,line,white,en,,1.1.2,
9737,es,Spanish (español),verde,verde,Verde,rgb,0,255,62,6,6,line,white,en,,1.1.2,
9737,es,Spanish (español),magenta,magenta,Magenta,rgb,255,0,234,6,7,line,white,en,,1.1.2,
9737,es,Spanish (español),naranja,naranja,Naranja,rgb,255,165,0,6,8,line,white,en,,1.1.2,
9737,es,Spanish (español),naranja,naranja,Naranja,rgb,255,116,0,6,9,line,white,en,,1.1.2,
9737,es,Spanish (español),carmesi,carmesí,Carmesí,rgb,255,0,57,6,10,line,white,en,,1.1.2,
9737,es,Spanish (español),azul,azul,Azul,rgb,0,217,255,6,11,line,white,en,,1.1.2,
9810,es,Spanish (español),rojo,rojo,rojo,rgb,255,0,51,1,0,line,white,en,,1.1.2,
9810,es,Spanish (español),verde,verde,verde,rgb,0,255,135,1,1,line,white,en,,1.1.2,
9810,es,Spanish (español),cyan,cian,cian,rgb,0,255,221,1,2,line,white,en,,1.1.2,
9810,es,Spanish (español),rojo,rojo,rojo,rgb,255,22,0,1,3,line,white,en,,1.1.2,
9810,es,Spanish (español),rosa,rosa,rosa,rgb,255,0,130,1,4,line,white,en,,1.1.2,
9810,es,Spanish (español),azul,azul,azul,rgb,0,151,255,1,5,line,white,en,,1.1.2,
9810,es,Spanish (español),morado,morado,morado,rgb,254,0,255,1,6,line,white,en,,1.1.2,
9810,es,Spanish (español),cyan,cian,cian,rgb,0,255,236,1,8,line,white,en,,1.1.2,
9810,es,Spanish (español),bugambilla,bugambilla,bugambilla,rgb,255,0,103,1,9,line,white,en,,1.1.2,
9810,es,Spanish (español),amarillo,amarillo,amarillo,rgb,255,190,0,1,10,line,white,en,,1.1.2,
9810,es,Spanish (español),naranja,naranja,naranja,rgb,255,112,0,1,11,line,white,en,,1.1.2,
9939,es,Spanish (español),amarillo,amarillo,amarillo,rgb,255,243,0,1,0,line,white,en,,1.1.2,
9939,es,Spanish (español),verde,verde,verde,rgb,122,255,0,1,1,line,white,en,,1.1.2,
9939,es,Spanish (español),azul,azul,azul,rgb,0,106,255,1,2,line,white,en,,1.1.2,
9939,es,Spanish (español),azulclaro,azul claro,azul claro,rgb,0,147,255,1,3,line,white,en,,1.1.2,
9939,es,Spanish (español),cyan,cian,cian,rgb,0,244,255,1,4,line,white,en,,1.1.2,
9939,es,Spanish (español),magenta,magenta,magenta,rgb,255,0,252,1,5,line,white,en,,1.1.2,
9939,es,Spanish (español),azulmarino,azul marino,azul marino,rgb,0,64,255,1,6,line,white,en,,1.1.2,
9939,es,Spanish (español),fucsia,fucsia,fucsia,rgb,255,0,95,1,7,line,white,en,,1.1.2,
9939,es,Spanish (español),aguamarina,aguamarina,aguamarina,rgb,0,255,152,1,8,line,white,en,,1.1.2,
9939,es,Spanish (español),carmin,carmin,carmin,rgb,255,0,46,1,9,line,white,en,,1.1.2,
9939,es,Spanish (español),lima,lima,lima,rgb,183,255,0,1,10,line,white,en,,1.1.2,
9939,es,Spanish (español),rosa,rosa,rosa,rgb,255,0,134,1,11,line,white,en,,1.1.2,
9939,es,Spanish (español),amarillo,amarillo,amarillo,rgb,255,219,0,3,0,line,white,en,,1.1.2,
9939,es,Spanish (español),aguamarina,aguamarina,aguamarina,rgb,0,255,219,3,1,line,white,en,,1.1.2,
9939,es,Spanish (español),verde,verde,verde,rgb,0,255,111,3,2,line,white,en,,1.1.2,
9939,es,Spanish (español),morado,morado,morado,rgb,124,0,255,3,3,line,white,en,,1.1.2,
9939,es,Spanish (español),azulmarino,azul marino,azul marino,rgb,0,81,255,3,4,line,white,en,,1.1.2,
9939,es,Spanish (español),morado,morado,morado,rgb,189,0,255,3,5,line,white,en,,1.1.2,
9939,es,Spanish (español),naranja,naranja,naranja,rgb,255,142,0,3,6,line,white,en,,1.1.2,
9939,es,Spanish (español),carmin,carmin,carmin,rgb,255,0,67,3,7,line,white,en,,1.1.2,
9939,es,Spanish (español),azulclaro,azul claro,azul claro,rgb,0,218,255,3,8,line,white,en,,1.1.2,
9939,es,Spanish (español),magenta,magenta,magenta,rgb,255,0,211,3,9,line,white,en,,1.1.2,
9939,es,Spanish (español),rojo,rojo,rojo,rgb,255,32,0,3,11,line,white,en,,1.1.2,
9939,es,Spanish (español),azul,azul,azul,rgb,0,255,252,6,0,line,white,en,,1.1.2,
9939,es,Spanish (español),naranja,naranja,naranja,rgb,255,189,0,6,1,line,white,en,,1.1.2,
9939,es,Spanish (español),naranja,naranja,naranja,rgb,255,94,0,6,2,line,white,en,,1.1.2,
9939,es,Spanish (español),azul,azul,azul,rgb,0,195,255,6,3,line,white,en,,1.1.2,
9939,es,Spanish (español),aguamarina,aguamarina,aguamarina,rgb,0,255,169,6,4,line,white,en,,1.1.2,
9939,es,Spanish (español),naranja,naranja,naranja,rgb,255,164,0,6,5,line,white,en,,1.1.2,
9939,es,Spanish (español),verde,verde,verde,rgb,19,255,0,6,6,line,white,en,,1.1.2,
9939,es,Spanish (español),azulclaro,azul claro,azul claro,rgb,0,178,255,6,7,line,white,en,,1.1.2,
9939,es,Spanish (español),magenta,magenta,magenta,rgb,255,0,174,6,8,line,white,en,,1.1.2,
9939,es,Spanish (español),amarillo,amarillo,amarillo,rgb,228,255,0,6,9,line,white,en,,1.1.2,
9939,es,Spanish (español),fucsia,fucsia,fucsia,rgb,255,0,202,6,10,line,white,en,,1.1.2,
9939,es,Spanish (español),azulmarino,azul marino,azul marino,rgb,0,24,255,6,11,line,white,en,,1.1.2,
10242,es,Spanish (español),azul,azul,azul,rgb,0,39,255,1,0,line,white,en,,1.1.2,
10242,es,Spanish (español),naranja,naranja,naranja,rgb,255,70,0,1,1,line,white,en,,1.1.2,
10242,es,Spanish (español),violeta,violeta,violeta,rgb,255,0,238,1,2,line,white,en,,1.1.2,
10242,es,Spanish (español),morado,morado,morado,rgb,238,0,255,1,3,line,white,en,,1.1.2,
10242,es,Spanish (español),violetaclaro,violeta claro,violeta claro,rgb,255,0,182,1,4,line,white,en,,1.1.2,
10242,es,Spanish (español),cardenillo,cardenillo,cardenillo,rgb,0,219,255,1,5,line,white,en,,1.1.2,
10242,es,Spanish (español),jade,jade,jade,rgb,0,255,130,1,6,line,white,en,,1.1.2,
10242,es,Spanish (español),amarillolimon,amarillo limon,Amarillo limon,rgb,255,218,0,1,7,line,white,en,,1.1.2,
10242,es,Spanish (español),morado,morado,morado,rgb,202,0,255,1,8,line,white,en,,1.1.2,
10242,es,Spanish (español),celeste,celeste,celeste,rgb,0,255,241,1,9,line,white,en,,1.1.2,
10242,es,Spanish (español),cyan,cyan,cyan,rgb,0,129,255,1,10,line,white,en,,1.1.2,
10242,es,Spanish (español),turquesa,turquesa,turquesa,rgb,0,255,181,1,11,line,white,en,,1.1.2,
10242,es,Spanish (español),rojoarosa,rojo arosado,rojo arosado,rgb,255,0,121,3,0,line,white,en,,1.1.2,
10242,es,Spanish (español),cyan,cyan,cyan,rgb,0,94,255,3,1,line,white,en,,1.1.2,
10242,es,Spanish (español),jade,jade,jade,rgb,0,255,98,3,2,line,white,en,,1.1.2,
10242,es,Spanish (español),verdemoco,verde moco,verde moco,rgb,0,255,71,3,3,line,white,en,,1.1.2,
10242,es,Spanish (español),amarillolimon,amarillo limon,amarillo limon,rgb,235,255,0,3,4,line,white,en,,1.1.2,
10242,es,Spanish (español),rojo,rojo,rojo,rgb,255,0,45,3,5,line,white,en,,1.1.2,
10242,es,Spanish (español),purpura,purpura,purpura,rgb,255,0,171,3,6,line,white,en,,1.1.2,
10242,es,Spanish (español),naranja,naranja,naranja,rgb,255,94,0,3,7,line,white,en,,1.1.2,
10242,es,Spanish (español),cardenillo,cardenillo,cardenillo,rgb,0,238,255,3,8,line,white,en,,1.1.2,
10242,es,Spanish (español),violetarojizo,violeta rojizo,violeta rojizo,rgb,255,0,91,3,10,line,white,en,,1.1.2,
10242,es,Spanish (español),azulmarino,azul marino,azul marino,rgb,0,31,255,3,11,line,white,en,,1.1.2,
10242,es,Spanish (español),rojo,rojo,rojo,rgb,255,0,62,6,0,line,white,en,,1.1.2,
10242,es,Spanish (español),naranja,naranja,naranja,rgb,255,119,0,6,1,line,white,en,,1.1.2,
10242,es,Spanish (español),cyan,cyan,cyan,rgb,0,255,196,6,2,line,white,en,,1.1.2,
10242,es,Spanish (español),idc,idc,idc,rgb,0,190,255,6,4,line,white,en,,1.1.2,
10242,es,Spanish (español),idc,idc,idc,rgb,255,204,0,6,5,line,white,en,,1.1.2,
10242,es,Spanish (español),marino,marino,marino,rgb,106,0,255,6,6,line,white,en,,1.1.2,
10242,es,Spanish (español),idk,idk,idk,rgb,255,170,0,6,7,line,white,en,,1.1.2,
10242,es,Spanish (español),idc,idc,idc,rgb,0,138,255,6,8,line,white,en,,1.1.2,
10242,es,Spanish (español),idc,idc,idc,rgb,53,255,0,6,9,line,white,en,,1.1.2,
10242,es,Spanish (español),idc,idc,idc,rgb,0,82,255,6,10,line,white,en,,1.1.2,
10242,es,Spanish (español),idc,idc,idc,rgb,191,255,0,6,11,line,white,en,,1.1.2,
10270,es,Spanish (español),rojo,rojo,Rojo,rgb,255,45,0,1,0,line,white,en,,1.1.2,
10270,es,Spanish (español),anaranjado,anaranjado,anaranjado,rgb,255,148,0,1,1,line,white,en,,1.1.2,
10270,es,Spanish (español),rosa,rosado,rosado,rgb,255,0,195,1,2,line,white,en,,1.1.2,
10270,es,Spanish (español),azulcielo,azul cielo,azul cielo,rgb,0,168,255,1,3,line,white,en,,1.1.2,
10270,es,Spanish (español),verde,verde,verde,rgb,0,255,182,1,4,line,white,en,,1.1.2,
10270,es,Spanish (español),amarillo,amarillo,amarillo,rgb,255,231,0,1,5,line,white,en,,1.1.2,
10270,es,Spanish (español),rosaoscuro,rosado oscuro,rosado oscuro,rgb,255,0,163,1,6,line,white,en,,1.1.2,
10270,es,Spanish (español),azul,azul,azul,rgb,0,141,255,1,7,line,white,en,,1.1.2,
10270,es,Spanish (español),morado,morado,morado,rgb,255,0,233,1,8,line,white,en,,1.1.2,
10270,es,Spanish (español),azuloscuro,azul oscuro,azul oscuro,rgb,0,53,255,1,9,line,white,en,,1.1.2,
10270,es,Spanish (español),moradooscuro,morado oscuro,morado oscuro,rgb,255,0,247,1,10,line,white,en,,1.1.2,
10270,es,Spanish (español),aqua,aqua,aqua,rgb,0,227,255,1,11,line,white,en,,1.1.2,
10270,es,Spanish (español),amarillo,amarillo,amarillo,rgb,190,255,0,3,0,line,white,en,,1.1.2,
10270,es,Spanish (español),verde,verde,verde,rgb,0,255,73,3,1,line,white,en,,1.1.2,
10270,es,Spanish (español),rojo,rojo,rojo,rgb,255,0,51,3,2,line,white,en,,1.1.2,
10270,es,Spanish (español),azuloscuro,azul oscuro,azul oscuro,rgb,0,94,255,3,3,line,white,en,,1.1.2,
10270,es,Spanish (español),amarillo,amarillo,amarillo,rgb,255,255,0,3,4,line,white,en,,1.1.2,
10270,es,Spanish (español),verdeclaro,verde claro,verde claro,rgb,138,255,0,3,5,line,white,en,,1.1.2,
10270,es,Spanish (español),amarillooscuro,amarillo oscuro,amarillo oscuro,rgb,255,204,0,3,6,line,white,en,,1.1.2,
10270,es,Spanish (español),aqua,aqua,aqua,rgb,0,255,151,3,7,line,white,en,,1.1.2,
10270,es,Spanish (español),verde,verde,verde,rgb,113,255,0,3,8,line,white,en,,1.1.2,
10270,es,Spanish (español),azulcielo,azul cielo,azul cielo,rgb,0,255,252,3,9,line,white,en,,1.1.2,
10270,es,Spanish (español),morado,morado,morado,rgb,197,0,255,3,10,line,white,en,,1.1.2,
10270,es,Spanish (español),rosaoscuro,rosado oscuro,rosado oscuro,rgb,255,0,137,3,11,line,white,en,,1.1.2,
10270,es,Spanish (español),rosaoscuro,rosado oscuro,rosado oscuro,rgb,255,0,110,6,0,line,white,en,,1.1.2,
10270,es,Spanish (español),azul,azul,azul,rgb,0,114,255,6,1,line,white,en,,1.1.2,
10270,es,Spanish (español),azuloscuro,azul oscuro,azul oscuro,rgb,39,0,255,6,2,line,white,en,,1.1.2,
10270,es,Spanish (español),naranja,naranja,naranja,rgb,255,169,0,6,3,line,white,en,,1.1.2,
10270,es,Spanish (español),azul,azul,azul,rgb,0,203,255,6,4,line,white,en,,1.1.2,
10270,es,Spanish (español),violeta,violeta,violeta,rgb,100,0,255,6,5,line,white,en,,1.1.2,
10270,es,Spanish (español),azul,azul,azul,rgb,0,80,255,6,6,line,white,en,,1.1.2,
10270,es,Spanish (español),aqua,aqua,aqua,rgb,0,255,218,6,7,line,white,en,,1.1.2,
10270,es,Spanish (español),anaranjado,anaranjado,anaranjado,rgb,255,100,0,6,8,line,white,en,,1.1.2,
10270,es,Spanish (español),rojo,rojo,rojo,rgb,255,0,19,6,9,line,white,en,,1.1.2,
10270,es,Spanish (español),azul,azul,azul,rgb,0,245,255,6,10,line,white,en,,1.1.2,
10270,es,Spanish (español),verde,verde,verde,rgb,0,255,117,6,11,line,white,en,,1.1.2,
10423,es,Spanish (español),azulrey,azul rey,Azul rey,rgb,0,82,255,1,0,line,white,en,,1.1.2,
10423,es,Spanish (español),amarillolima,amarillo lima,Amarillo Lima,rgb,214,255,0,1,1,line,white,en,,1.1.2,
10423,es,Spanish (español),rojoescarlata,rojo escarlata,Rojo escarlata,rgb,255,0,92,1,2,line,white,en,,1.1.2,
10423,es,Spanish (español),azulceleste,azul celeste,Azul celeste,rgb,0,221,255,1,3,line,white,en,,1.1.2,
10423,es,Spanish (español),moradovioleta,morado violeta,Morado violeta,rgb,99,0,255,1,4,line,white,en,,1.1.2,
10423,es,Spanish (español),azulindigo,azul índigo,Azul índigo,rgb,0,41,255,1,5,line,white,en,,1.1.2,
10423,es,Spanish (español),magenta,magenta,Magenta,rgb,255,0,236,1,6,line,white,en,,1.1.2,
10423,es,Spanish (español),fucsia,fucsia,Fucsia,rgb,255,0,163,1,7,line,white,en,,1.1.2,
10423,es,Spanish (español),azulceruleo,azul cerúleo,Azul cerúleo,rgb,0,163,255,1,8,line,white,en,,1.1.2,
10423,es,Spanish (español),naranja,naranja,Naranja,rgb,255,86,0,1,9,line,white,en,,1.1.2,
10423,es,Spanish (español),azulestandard,azul estandard,Azul estandard,rgb,0,103,255,1,10,line,white,en,,1.1.2,
10423,es,Spanish (español),amarillolimon,amarillo limón,Amarillo Limón,rgb,233,255,0,1,11,line,white,en,,1.1.2,
10423,es,Spanish (español),verdepuro,verde puro,Verde puro,rgb,0,255,81,3,0,line,white,en,,1.1.2,
10423,es,Spanish (español),rojoescarlata,rojo escarlata,Rojo escarlata,rgb,255,0,26,3,1,line,white,en,,1.1.2,
10423,es,Spanish (español),naranja,naranja,Naranja,rgb,255,128,0,3,2,line,white,en,,1.1.2,
10423,es,Spanish (español),amarillocromo,amarillo cromo,Amarillo cromo,rgb,255,184,0,3,3,line,white,en,,1.1.2,
10423,es,Spanish (español),verdeespumademar,verde espuma de mar,Verde espuma de mar,rgb,0,255,164,3,4,line,white,en,,1.1.2,
10423,es,Spanish (español),azulceleste,azul celeste,Azul Celeste,rgb,0,243,255,3,5,line,white,en,,1.1.2,
10423,es,Spanish (español),amarilloocre,amarillo ocre,Amarillo ocre,rgb,255,173,0,3,6,line,white,en,,1.1.2,
10423,es,Spanish (español),magenta,magenta,Magenta,rgb,255,0,141,3,7,line,white,en,,1.1.2,
10423,es,Spanish (español),verdemalaquita,verde malaquita,Verde malaquita,rgb,0,255,146,3,8,line,white,en,,1.1.2,
10423,es,Spanish (español),azulclaro,azul claro,Azul claro,rgb,0,197,255,3,9,line,white,en,,1.1.2,
10423,es,Spanish (español),rojocarmesi,rojo carmesí,Rojo carmesí,rgb,255,0,79,3,10,line,white,en,,1.1.2,
10423,es,Spanish (español),rojopuro,rojo puro,Rojo puro,rgb,255,36,0,3,11,line,white,en,,1.1.2,
10423,es,Spanish (español),amarillonapoles,amarillo nápoles,Amarillo nápoles,rgb,255,226,0,6,0,line,white,en,,1.1.2,
10423,es,Spanish (español),azulacuario,azúl acuario,Azúl acuario,rgb,0,135,255,6,1,line,white,en,,1.1.2,
10423,es,Spanish (español),purpura,púrpura,Púrpura,rgb,213,0,255,6,2,line,white,en,,1.1.2,
10423,es,Spanish (español),verdehelecho,verde helecho,Verde helecho,rgb,77,255,0,6,3,line,white,en,,1.1.2,
10423,es,Spanish (español),morado,morado,Morado,rgb,79,0,255,6,4,line,white,en,,1.1.2,
10423,es,Spanish (español),magenta,magenta,magenta,rgb,255,0,249,6,5,line,white,en,,1.1.2,
10423,es,Spanish (español),azuloceano,azúl océano,Azúl océano,rgb,0,142,255,6,6,line,white,en,,1.1.2,
10423,es,Spanish (español),fucsia,fucsia,Fucsia,rgb,255,0,185,6,7,line,white,en,,1.1.2,
10423,es,Spanish (español),verdecobalto,verde cobalto,Verde Cobalto,rgb,0,255,211,6,8,line,white,en,,1.1.2,
10423,es,Spanish (español),verdelima,verde lima,Verde Lima,rgb,183,255,0,6,9,line,white,en,,1.1.2,
10423,es,Spanish (español),azulturquesa,azul turquesa,Azul turquesa,rgb,0,255,236,6,10,line,white,en,,1.1.2,
10423,es,Spanish (español),vedeperiquito,vede periquito,Vede periquito,rgb,0,255,63,6,11,line,white,en,,1.1.2,
10477,es,Spanish (español),verdelima,verde lima,verde lima,rgb,175,255,0,1,0,line,white,en,,1.1.2,
10477,es,Spanish (español),verdelimon,verde limón,verde limón,rgb,87,255,0,1,1,line,white,en,,1.1.2,
10477,es,Spanish (español),magenta,magenta,magenta,rgb,255,0,242,1,2,line,white,en,,1.1.2,
10477,es,Spanish (español),morado,morado,morado,rgb,206,0,255,1,3,line,white,en,,1.1.2,
10477,es,Spanish (español),azul,azul,azul,rgb,0,114,255,1,4,line,white,en,,1.1.2,
10477,es,Spanish (español),amarillo,amarillo,amarillo,rgb,255,193,0,1,5,line,white,en,,1.1.2,
10477,es,Spanish (español),azulclaro,azul claro,azul claro,rgb,0,240,255,1,6,line,white,en,,1.1.2,
10477,es,Spanish (español),rojo,rojo,rojo,rgb,255,0,53,1,7,line,white,en,,1.1.2,
10477,es,Spanish (español),azulelectrico,azul eléctrico,azul eléctrico,rgb,0,28,255,1,8,line,white,en,,1.1.2,
10477,es,Spanish (español),azulcielo,azul cielo,azul cielo,rgb,0,206,255,1,9,line,white,en,,1.1.2,
10477,es,Spanish (español),fucsia,fucsia,fucsia,rgb,255,0,203,1,10,line,white,en,,1.1.2,
10477,es,Spanish (español),azulrey,azul rey,azul rey,rgb,0,94,255,1,11,line,white,en,,1.1.2,
10477,es,Spanish (español),naranja,naranja,naranja,rgb,255,167,0,3,0,line,white,en,,1.1.2,
10477,es,Spanish (español),rosa,rosado,rosado,rgb,255,0,86,3,1,line,white,en,,1.1.2,
10477,es,Spanish (español),rojo,rojo,rojo,rgb,255,25,0,3,2,line,white,en,,1.1.2,
10477,es,Spanish (español),amarillo,amarillo,amarillo,rgb,255,242,0,3,3,line,white,en,,1.1.2,
10477,es,Spanish (español),fucsia,fucsia,fucsia,rgb,255,0,137,3,4,line,white,en,,1.1.2,
10477,es,Spanish (español),magenta,magenta,magenta,rgb,255,0,255,3,5,line,white,en,,1.1.2,
10477,es,Spanish (español),fucsia,fucsia,fucsia,rgb,255,0,162,3,6,line,white,en,,1.1.2,
10477,es,Spanish (español),verdelima,verde lima,verde lima,rgb,208,255,0,3,7,line,white,en,,1.1.2,
10477,es,Spanish (español),verdelimon,verde limón,verde limón,rgb,0,255,24,3,8,line,white,en,,1.1.2,
10477,es,Spanish (español),aguamarina,aguamarina,aguamarina,rgb,0,255,235,3,9,line,white,en,,1.1.2,
10477,es,Spanish (español),azulcielo,azul cielo,azul cielo,rgb,0,188,255,3,10,line,white,en,,1.1.2,
10477,es,Spanish (español),turquesa,turquesa,turquesa,rgb,0,255,142,3,11,line,white,en,,1.1.2,
10477,es,Spanish (español),aguamarina,aguamarina,aguamarina,rgb,0,255,223,6,0,line,white,en,,1.1.2,
10477,es,Spanish (español),rojo,rojo,rojo,rgb,255,0,40,6,1,line,white,en,,1.1.2,
10477,es,Spanish (español),azulrey,azul rey,azul rey,rgb,0,75,255,6,2,line,white,en,,1.1.2,
10477,es,Spanish (español),rojonaranja,rojo naranja,rojo naranja,rgb,255,89,0,6,3,line,white,en,,1.1.2,
10477,es,Spanish (español),azulelectrico,azul eléctrico,azul eléctrico,rgb,0,61,255,6,4,line,white,en,,1.1.2,
10477,es,Spanish (español),verdelimon,verde limón,verde limón,rgb,0,255,91,6,5,line,white,en,,1.1.2,
10477,es,Spanish (español),amarillo,amarillo,amarillo,rgb,255,247,0,6,6,line,white,en,,1.1.2,
10477,es,Spanish (español),naranja,naranja,naranja,rgb,255,151,0,6,7,line,white,en,,1.1.2,
10477,es,Spanish (español),azul,azul,azul,rgb,0,152,255,6,8,line,white,en,,1.1.2,
10477,es,Spanish (español),purpura,púrpura,púrpura,rgb,129,0,255,6,9,line,white,en,,1.1.2,
10477,es,Spanish (español),turquesa,turquesa,turquesa,rgb,0,255,178,6,10,line,white,en,,1.1.2,
10477,es,Spanish (español),azulcielo,azul cielo,azul cielo,rgb,0,167,255,6,11,line,white,en,,1.1.2,
10506,es,Spanish (español),verde,verde,verde,rgb,178,255,0,1,0,line,white,en,,1.1.2,
10506,es,Spanish (español),aguamarina,agua marina,agua marina,rgb,0,255,232,1,1,line,white,en,,1.1.2,
10506,es,Spanish (español),azul,azul,azul,rgb,0,128,255,1,2,line,white,en,,1.1.2,
10506,es,Spanish (español),rosa,rosado,rosado,rgb,255,0,181,1,3,line,white,en,,1.1.2,
10506,es,Spanish (español),verde,verde,verde,rgb,113,255,0,1,4,line,white,en,,1.1.2,
10506,es,Spanish (español),azulrey,azul rey,azul rey,rgb,35,0,255,1,5,line,white,en,,1.1.2,
10506,es,Spanish (español),fucsia,fucsia,fucsia,rgb,255,0,165,1,6,line,white,en,,1.1.2,
10506,es,Spanish (español),azul,azul,azul,rgb,0,232,255,1,7,line,white,en,,1.1.2,
10506,es,Spanish (español),verdementa,verde menta,verde menta,rgb,0,255,138,1,8,line,white,en,,1.1.2,
10506,es,Spanish (español),turquesa,turquesa,turquesa,rgb,0,195,255,1,9,line,white,en,,1.1.2,
10506,es,Spanish (español),morado,morado,morado,rgb,239,0,255,1,10,line,white,en,,1.1.2,
10506,es,Spanish (español),amarillo,amarillo,amarillo,rgb,255,234,0,1,11,line,white,en,,1.1.2,
10506,es,Spanish (español),verde,verde,verde,rgb,0,255,91,3,0,line,white,en,,1.1.2,
10506,es,Spanish (español),azulrey,azul rey,azul rey,rgb,0,152,255,3,1,line,white,en,,1.1.2,
10506,es,Spanish (español),naranja,naranja,naranja,rgb,255,108,0,3,2,line,white,en,,1.1.2,
10506,es,Spanish (español),verdementa,verde menta,verde menta,rgb,0,255,159,3,3,line,white,en,,1.1.2,
10506,es,Spanish (español),turquesa,turquesa,turquesa,rgb,0,213,255,3,4,line,white,en,,1.1.2,
10506,es,Spanish (español),fucsia,fucsia,fucsia,rgb,255,0,229,3,5,line,white,en,,1.1.2,
10506,es,Spanish (español),aguamarina,agua marina,agua marina,rgb,0,255,201,3,6,line,white,en,,1.1.2,
10506,es,Spanish (español),rojo,rojo,rojo,rgb,255,0,23,3,7,line,white,en,,1.1.2,
10506,es,Spanish (español),azul,azul,azul,rgb,0,110,255,3,8,line,white,en,,1.1.2,
10506,es,Spanish (español),naranja,naranja,naranja,rgb,255,72,0,3,9,line,white,en,,1.1.2,
10506,es,Spanish (español),amarillo,amarillo,amarillo,rgb,255,255,0,3,10,line,white,en,,1.1.2,
10506,es,Spanish (español),morado,morado,morado,rgb,141,0,255,3,11,line,white,en,,1.1.2,
10506,es,Spanish (español),azulrey,azul rey,azul rey,rgb,0,84,255,6,0,line,white,en,,1.1.2,
10506,es,Spanish (español),fucsia,fucsia,fucsia,rgb,255,0,127,6,1,line,white,en,,1.1.2,
10506,es,Spanish (español),verde,verde,verde,rgb,223,255,0,6,2,line,white,en,,1.1.2,
10506,es,Spanish (español),naranjaclaro,naranja claro,naranja claro,rgb,255,199,0,6,3,line,white,en,,1.1.2,
10506,es,Spanish (español),naranja,naranja,naranja,rgb,255,166,0,6,4,line,white,en,,1.1.2,
10506,es,Spanish (español),rojo,rojo,rojo,rgb,255,0,50,6,5,line,white,en,,1.1.2,
10506,es,Spanish (español),verdebiche,verde biche,verde biche,rgb,0,255,33,6,6,line,white,en,,1.1.2,
10506,es,Spanish (español),turquesa,turquesa,turquesa,rgb,0,169,255,6,7,line,white,en,,1.1.2,
10506,es,Spanish (español),morado,morado,morado,rgb,183,0,255,6,8,line,white,en,,1.1.2,
10506,es,Spanish (español),fucsia,fucsia,fucsia,rgb,255,0,95,6,9,line,white,en,,1.1.2,
10506,es,Spanish (español),azulrey,azul rey,azul rey,rgb,0,56,255,6,10,line,white,en,,1.1.2,
10506,es,Spanish (español),naranjaoscuro,naranja oscuro,naranja oscuro,rgb,255,121,0,6,11,line,white,en,,1.1.2,
10643,es,Spanish (español),magenta,magenta,Magenta,rgb,255,0,198,1,0,line,white,en,,1.1.2,
10643,es,Spanish (español),cyan,cian,Cian,rgb,0,207,255,1,1,line,white,en,,1.1.2,
10643,es,Spanish (español),azulmarino,azul marino,Azul Marino,rgb,0,22,255,1,2,line,white,en,,1.1.2,
10643,es,Spanish (español),amarillo,amarillo,Amarillo,rgb,237,255,0,1,3,line,white,en,,1.1.2,
10643,es,Spanish (español),verdelimon,verde limon,Verde Limon,rgb,148,255,0,1,4,line,white,en,,1.1.2,
10643,es,Spanish (español),naranja,naranja,Naranja,rgb,255,113,0,1,5,line,white,en,,1.1.2,
10643,es,Spanish (español),azulcielo,azul cielo,Azul Cielo,rgb,0,188,255,1,6,line,white,en,,1.1.2,
10643,es,Spanish (español),verdepasto,verde pasto,Verde Pasto,rgb,0,255,49,1,7,line,white,en,,1.1.2,
10643,es,Spanish (español),azulrey,azul rey,Azul Rey,rgb,0,37,255,1,8,line,white,en,,1.1.2,
10643,es,Spanish (español),verde,verde,Verde,rgb,0,255,93,1,9,line,white,en,,1.1.2,
10643,es,Spanish (español),amarillocanario,amarillo canario,Amarillo Canario,rgb,255,225,0,1,10,line,white,en,,1.1.2,
10643,es,Spanish (español),rojo,rojo,Rojo,rgb,255,0,52,1,11,line,white,en,,1.1.2,
10643,es,Spanish (español),verde,verde,Verde,rgb,55,255,0,3,0,line,white,en,,1.1.2,
10643,es,Spanish (español),naranja,naranja,Naranja,rgb,255,136,0,3,1,line,white,en,,1.1.2,
10643,es,Spanish (español),magenta,magenta,Magenta,rgb,222,0,255,3,2,line,white,en,,1.1.2,
10643,es,Spanish (español),naranjaclaro,naranja claro,Naranja Claro,rgb,255,180,0,3,3,line,white,en,,1.1.2,
10643,es,Spanish (español),verdelimon,verde limon,Verde Limon,rgb,209,255,0,3,4,line,white,en,,1.1.2,
10643,es,Spanish (español),rojo,rojo,Rojo,rgb,255,78,0,3,5,line,white,en,,1.1.2,
10643,es,Spanish (español),magentaclaro,magenta claro,Magenta Claro,rgb,255,0,221,3,6,line,white,en,,1.1.2,
10643,es,Spanish (español),azul,azul,Azul,rgb,0,131,255,3,7,line,white,en,,1.1.2,
10643,es,Spanish (español),azulcielo,azul cielo,Azul Cielo,rgb,0,153,255,3,8,line,white,en,,1.1.2,
10643,es,Spanish (español),cyan,cian,Cian,rgb,0,161,255,3,9,line,white,en,,1.1.2,
10643,es,Spanish (español),rosamexicano,rosa mexicano,Rosa Mexicano,rgb,255,0,97,3,10,line,white,en,,1.1.2,
10643,es,Spanish (español),azulrey,azul rey,Azul Rey,rgb,0,80,255,3,11,line,white,en,,1.1.2,
10643,es,Spanish (español),magenta,magenta,Magenta,rgb,255,0,122,6,0,line,white,en,,1.1.2,
10643,es,Spanish (español),rojo,rojo,Rojo,rgb,255,0,34,6,1,line,white,en,,1.1.2,
10643,es,Spanish (español),morado,morado,Morado,rgb,121,0,255,6,2,line,white,en,,1.1.2,
10643,es,Spanish (español),rosamexicano,rosa mexicano,Rosa Mexicano,rgb,255,0,171,6,3,line,white,en,,1.1.2,
10643,es,Spanish (español),verde,verde,Verde,rgb,0,255,147,6,4,line,white,en,,1.1.2,
10643,es,Spanish (español),naranjaclaro,naranja claro,Naranja Claro,rgb,255,200,0,6,5,line,white,en,,1.1.2,
10643,es,Spanish (español),violeta,violeta,Violeta,rgb,167,0,255,6,6,line,white,en,,1.1.2,
10643,es,Spanish (español),aqua,aqua,Aqua,rgb,0,255,232,6,7,line,white,en,,1.1.2,
10643,es,Spanish (español),verdiazul,verdi azul,Verdi-Azul,rgb,0,255,184,6,8,line,white,en,,1.1.2,
10643,es,Spanish (español),verdiazulclaro,verdi azul claro,Verdi-azul Claro,rgb,0,255,193,6,9,line,white,en,,1.1.2,
10643,es,Spanish (español),cyan,cian,Cian,rgb,0,243,255,6,11,line,white,en,,1.1.2,
10821,es,Spanish (español),rosa,rosa,rosa,rgb,255,0,238,1,0,line,white,en,,1.1.2,
10821,es,Spanish (español),lima,lima,lima,rgb,209,255,0,1,1,line,white,en,,1.1.2,
10821,es,Spanish (español),magenta,magenta,magenta,rgb,192,0,255,1,2,line,white,en,,1.1.2,
10821,es,Spanish (español),rojo,rojo,rojo,rgb,255,0,35,1,3,line,white,en,,1.1.2,
10821,es,Spanish (español),aguamarina,aguamarina,aguamarina,rgb,0,255,247,1,4,line,white,en,,1.1.2,
10821,es,Spanish (español),menta,menta,menta,rgb,0,255,163,1,6,line,white,en,,1.1.2,
10821,es,Spanish (español),purpura,púrpura,púrpura,rgb,122,0,255,1,7,line,white,en,,1.1.2,
10821,es,Spanish (español),fucsia,fucsia,fucsia,rgb,255,0,182,1,8,line,white,en,,1.1.2,
10821,es,Spanish (español),verdeclaro,verde claro,verde claro,rgb,0,255,127,1,11,line,white,en,,1.1.2,
10821,es,Spanish (español),azur,azur,Azur,rgb,0,159,255,3,0,line,white,en,,1.1.2,
10821,es,Spanish (español),verde,verde,verde,rgb,0,255,87,3,1,line,white,en,,1.1.2,
10821,es,Spanish (español),naranja,naranja,naranja,rgb,255,169,0,3,2,line,white,en,,1.1.2,
10821,es,Spanish (español),azul,azul,azul,rgb,0,114,255,3,3,line,white,en,,1.1.2,
10821,es,Spanish (español),magenta,magenta,magenta,rgb,227,0,255,3,4,line,white,en,,1.1.2,
10821,es,Spanish (español),azuloscuro,azul oscuro,azul oscuro,rgb,0,56,255,3,5,line,white,en,,1.1.2,
10821,es,Spanish (español),naranjaclaro,naranja claro,naranja claro,rgb,255,202,0,3,6,line,white,en,,1.1.2,
10821,es,Spanish (español),azuloscuro,azul oscuro,azul oscuro,rgb,0,20,255,3,7,line,white,en,,1.1.2,
10821,es,Spanish (español),azurclaro,azur claro,azur claro,rgb,0,201,255,3,8,line,white,en,,1.1.2,
10821,es,Spanish (español),rojo,rojo,rojo,rgb,255,51,0,3,9,line,white,en,,1.1.2,
10821,es,Spanish (español),amarillo,amarillo,amarillo,rgb,255,247,0,3,10,line,white,en,,1.1.2,
10821,es,Spanish (español),azul,azul,azul,rgb,0,107,255,3,11,line,white,en,,1.1.2,
10821,es,Spanish (español),fucsia,fucsia,fucsia,rgb,255,0,149,6,0,line,white,en,,1.1.2,
10821,es,Spanish (español),naranja,naranja,naranja,rgb,255,95,0,6,1,line,white,en,,1.1.2,
10821,es,Spanish (español),amarillo,amarillo,amarillo,rgb,255,233,0,6,2,line,white,en,,1.1.2,
10821,es,Spanish (español),azur,azur,azur,rgb,0,240,255,6,3,line,white,en,,1.1.2,
10821,es,Spanish (español),verde,verde,verde,rgb,0,255,32,6,4,line,white,en,,1.1.2,
10821,es,Spanish (español),rojo,rojo,rojo,rgb,255,0,65,6,5,line,white,en,,1.1.2,
10821,es,Spanish (español),verdelima,verde lima,verde lima,rgb,181,255,0,6,6,line,white,en,,1.1.2,
10821,es,Spanish (español),azuroscuro,azur oscuro,azur oscuro,rgb,0,206,255,6,7,line,white,en,,1.1.2,
10821,es,Spanish (español),azulclaro,azul claro,azul claro,rgb,0,150,255,6,8,line,white,en,,1.1.2,
10821,es,Spanish (español),verde,verde,verde,rgb,91,255,0,6,9,line,white,en,,1.1.2,
10821,es,Spanish (español),naranja,naranja,naranja,rgb,255,129,0,6,10,line,white,en,,1.1.2,
10821,es,Spanish (español),azulmarino,azul marino,azul marino,rgb,0,86,255,6,11,line,white,en,,1.1.2,
10826,es,Spanish (español),rojo,rojo,Rojo,rgb,255,0,6,1,0,line,white,en,,1.1.2,
10826,es,Spanish (español),turquesa,turquesa,Turquesa,rgb,0,255,221,1,1,line,white,en,,1.1.2,
10826,es,Spanish (español),morado,morado,Morado,rgb,181,0,255,1,2,line,white,en,,1.1.2,
10826,es,Spanish (español),rojoclaro,rojo claro,Rojo claro,rgb,255,0,78,1,3,line,white,en,,1.1.2,
10826,es,Spanish (español),rosa,rosa,Rosa,rgb,255,0,173,1,4,line,white,en,,1.1.2,
10826,es,Spanish (español),naranjaoscuro,naranja oscuro,Naranja oscuro,rgb,255,79,0,1,5,line,white,en,,1.1.2,
10826,es,Spanish (español),purpura,púrpura,Púrpura,rgb,227,0,255,1,6,line,white,en,,1.1.2,
10826,es,Spanish (español),azul,azul,Azul,rgb,0,201,255,1,7,line,white,en,,1.1.2,
10826,es,Spanish (español),rojorosa,rojo rosado,Rojo rosado,rgb,255,0,114,1,8,line,white,en,,1.1.2,
10826,es,Spanish (español),magenta,magenta,Magenta,rgb,255,0,209,1,9,line,white,en,,1.1.2,
10826,es,Spanish (español),naranja,naranja,Naranja,rgb,255,122,0,1,10,line,white,en,,1.1.2,
10826,es,Spanish (español),amarillo,amarillo,Amarillo,rgb,255,178,0,1,11,line,white,en,,1.1.2,
10826,es,Spanish (español),azul,azul,Azul,rgb,0,137,255,3,0,line,white,en,,1.1.2,
10826,es,Spanish (español),amarillo,amarillo,Amarillo,rgb,239,255,0,3,1,line,white,en,,1.1.2,
10826,es,Spanish (español),lima,lima,Lima,rgb,216,255,0,3,2,line,white,en,,1.1.2,
10826,es,Spanish (español),verde,verde,Verde,rgb,0,255,35,3,3,line,white,en,,1.1.2,
10826,es,Spanish (español),aguamarina,aguamarina,Aguamarina,rgb,0,255,123,3,4,line,white,en,,1.1.2,
10826,es,Spanish (español),ocre,ocre,Ocre,rgb,255,198,0,3,5,line,white,en,,1.1.2,
10826,es,Spanish (español),azul,azul,Azul,rgb,0,240,255,3,6,line,white,en,,1.1.2,
10826,es,Spanish (español),magenta,magenta,Magenta,rgb,255,0,97,3,7,line,white,en,,1.1.2,
10826,es,Spanish (español),azuloscuro,azul oscuro,Azul oscuro,rgb,0,97,255,3,8,line,white,en,,1.1.2,
10826,es,Spanish (español),anil,añil,Añil,rgb,78,0,255,3,9,line,white,en,,1.1.2,
10826,es,Spanish (español),verde,verde,Verde,rgb,116,255,0,3,10,line,white,en,,1.1.2,
10826,es,Spanish (español),azulmarino,azul marino,Azul marino,rgb,0,57,255,3,11,line,white,en,,1.1.2,
10826,es,Spanish (español),azul,azul,Azul,rgb,0,134,255,6,0,line,white,en,,1.1.2,
10826,es,Spanish (español),azul,azul,Azul,rgb,0,181,255,6,1,line,white,en,,1.1.2,
10826,es,Spanish (español),turquesaoscuro,turquesa oscuro,Turquesa oscuro,rgb,0,228,255,6,2,line,white,en,,1.1.2,
10826,es,Spanish (español),naranjaoscuro,naranja oscuro,Naranja oscuro,rgb,255,99,0,6,3,line,white,en,,1.1.2,
10826,es,Spanish (español),aguamarina,aguamarina,Aguamarina,rgb,0,255,171,6,4,line,white,en,,1.1.2,
10826,es,Spanish (español),magenta,magenta,Magenta,rgb,255,0,219,6,5,line,white,en,,1.1.2,
10826,es,Spanish (español),amarillo,amarillo,Amarillo,rgb,255,242,0,6,6,line,white,en,,1.1.2,
10826,es,Spanish (español),morado,morado,Morado,rgb,159,0,255,6,7,line,white,en,,1.1.2,
10826,es,Spanish (español),limaoscuro,lima oscuro,Lima oscuro,rgb,138,255,0,6,8,line,white,en,,1.1.2,
10826,es,Spanish (español),azul,azul,Azul,rgb,0,88,255,6,9,line,white,en,,1.1.2,
10826,es,Spanish (español),verde,verde,Verde,rgb,0,255,91,6,10,line,white,en,,1.1.2,
10826,es,Spanish (español),turquesa,turquesa,Turquesa,rgb,0,255,252,6,11,line,white,en,,1.1.2,
10898,es,Spanish (español),turquesa,turquesa,TURQUESA,rgb,0,255,159,1,0,line,white,en,,1.1.2,
10898,es,Spanish (español),azul,azul,AZUL,rgb,61,0,255,1,1,line,white,en,,1.1.2,
10898,es,Spanish (español),fucsia,fucsia,FUCSIA,rgb,255,0,186,1,2,line,white,en,,1.1.2,
10898,es,Spanish (español),verde,verde,VERDE,rgb,0,255,153,1,3,line,white,en,,1.1.2,
10898,es,Spanish (español),rojo,rojo,ROJO,rgb,255,42,0,1,4,line,white,en,,1.1.2,
10898,es,Spanish (español),naranja,naranja,NARANJA,rgb,255,173,0,1,5,line,white,en,,1.1.2,
10898,es,Spanish (español),morado,morado,MORADO,rgb,230,0,255,1,6,line,white,en,,1.1.2,
10898,es,Spanish (español),celeste,celeste,CELESTE,rgb,0,255,217,1,7,line,white,en,,1.1.2,
10898,es,Spanish (español),celeste,celeste,CELESTE,rgb,0,236,255,1,8,line,white,en,,1.1.2,
10898,es,Spanish (español),verde,verde,VERDE,rgb,111,255,0,1,9,line,white,en,,1.1.2,
10898,es,Spanish (español),verde,verde,VERDE,rgb,158,255,0,1,10,line,white,en,,1.1.2,
10898,es,Spanish (español),rosa,rosa,ROSA,rgb,255,0,98,1,11,line,white,en,,1.1.2,
10898,es,Spanish (español),naranja,naranja,NARANJA,rgb,255,130,0,3,0,line,white,en,,1.1.2,
10898,es,Spanish (español),verde,verde,VERDE,rgb,26,255,0,3,1,line,white,en,,1.1.2,
10898,es,Spanish (español),azul,azul,AZUL,rgb,0,113,255,3,2,line,white,en,,1.1.2,
10898,es,Spanish (español),azul,azul,AZUL,rgb,0,158,255,3,3,line,white,en,,1.1.2,
10898,es,Spanish (español),celeste,celeste,CELESTE,rgb,0,227,255,3,4,line,white,en,,1.1.2,
10898,es,Spanish (español),azul,azul,AZUL,rgb,0,89,255,3,5,line,white,en,,1.1.2,
10898,es,Spanish (español),rojo,rojo,ROJO,rgb,255,0,54,3,6,line,white,en,,1.1.2,
10898,es,Spanish (español),fucsia,fucsia,FUCSIA,rgb,255,0,238,3,7,line,white,en,,1.1.2,
10898,es,Spanish (español),rojo,rojo,ROJO,rgb,255,0,27,3,8,line,white,en,,1.1.2,
10898,es,Spanish (español),azul,azul,AZUL,rgb,0,62,255,3,9,line,white,en,,1.1.2,
10898,es,Spanish (español),naranja,naranja,NARANJA,rgb,255,91,0,3,10,line,white,en,,1.1.2,
10898,es,Spanish (español),amarillo,amarillo,AMARILLO,rgb,255,192,0,3,11,line,white,en,,1.1.2,
10898,es,Spanish (español),fucsia,fucsia,FUCSIA,rgb,255,0,116,6,0,line,white,en,,1.1.2,
10898,es,Spanish (español),morado,morado,MORADO,rgb,181,0,255,6,1,line,white,en,,1.1.2,
10898,es,Spanish (español),celeste,celeste,CELESTE,rgb,0,255,247,6,2,line,white,en,,1.1.2,
10898,es,Spanish (español),verde,verde,VERDE,rgb,220,255,0,6,3,line,white,en,,1.1.2,
10898,es,Spanish (español),rosa,rosa,ROSA,rgb,255,0,170,6,4,line,white,en,,1.1.2,
10898,es,Spanish (español),celeste,celeste,CELESTE,rgb,0,192,255,6,5,line,white,en,,1.1.2,
10898,es,Spanish (español),verde,verde,VERDE,rgb,0,255,111,6,6,line,white,en,,1.1.2,
10898,es,Spanish (español),amarillo,amarillo,AMARILLO,rgb,255,244,0,6,7,line,white,en,,1.1.2,
10898,es,Spanish (español),azul,azul,AZUL,rgb,0,117,255,6,8,line,white,en,,1.1.2,
10898,es,Spanish (español),amarillo,amarillo,AMARILLO,rgb,255,223,0,6,9,line,white,en,,1.1.2,
10898,es,Spanish (español),azul,azul,AZUL,rgb,0,164,255,6,10,line,white,en,,1.1.2,
10898,es,Spanish (español),morado,morado,MORADO,rgb,160,0,255,6,11,line,white,en,,1.1.2,
11000,es,Spanish (español),amarillo,amarillo,amarillo,rgb,255,253,0,1,0,line,white,en,,1.1.2,
11000,es,Spanish (español),purpura,purpura,purpura,rgb,127,0,255,1,2,line,white,en,,1.1.2,
11000,es,Spanish (español),verde,verde,verde,rgb,0,255,136,1,3,line,white,en,,1.1.2,
11000,es,Spanish (español),rosa,rosado,rosado,rgb,255,0,187,1,4,line,white,en,,1.1.2,
11000,es,Spanish (español),azul,azul,Azul,rgb,0,117,255,1,5,line,white,en,,1.1.2,
11000,es,Spanish (español),narjando,narjando,narjando,rgb,255,113,0,1,7,line,white,en,,1.1.2,
11000,es,Spanish (español),rojo,rojo,rojo,rgb,255,21,0,1,8,line,white,en,,1.1.2,
11000,es,Spanish (español),amarillo,amarillo,amarillo,rgb,255,243,0,1,9,line,white,en,,1.1.2,
11000,es,Spanish (español),azuldelcielo,azul del cielo,azul del cielo,rgb,0,230,255,1,11,line,white,en,,1.1.2,
11000,es,Spanish (español),rosa,rosado,rosado,rgb,255,0,140,3,0,line,white,en,,1.1.2,
11000,es,Spanish (español),naranjado,naranjado,naranjado,rgb,255,151,0,3,1,line,white,en,,1.1.2,
11000,es,Spanish (español),rosa,rosado,rosado,rgb,255,0,148,3,2,line,white,en,,1.1.2,
11000,es,Spanish (español),verde,verde,verde,rgb,0,255,85,3,3,line,white,en,,1.1.2,
11000,es,Spanish (español),amarillo,amarillo,amarillo,rgb,228,255,0,3,4,line,white,en,,1.1.2,
11000,es,Spanish (español),naranjado,naranjado,naranjado,rgb,255,189,0,3,5,line,white,en,,1.1.2,
11000,es,Spanish (español),azul,azul,azul,rgb,0,156,255,3,6,line,white,en,,1.1.2,
11000,es,Spanish (español),rojo,rojo,rojo,rgb,255,0,55,3,7,line,white,en,,1.1.2,
11000,es,Spanish (español),verde,verde,verde,rgb,126,255,0,3,8,line,white,en,,1.1.2,
11000,es,Spanish (español),naranjado,naranjado,naranjado,rgb,255,156,0,3,9,line,white,en,,1.1.2,
11000,es,Spanish (español),rojo,rojo,rojo,rgb,255,0,16,3,10,line,white,en,,1.1.2,
11000,es,Spanish (español),azul,azul,azul,rgb,0,255,236,3,11,line,white,en,,1.1.2,
11000,es,Spanish (español),verde,verde,verde,rgb,0,255,30,6,0,line,white,en,,1.1.2,
11000,es,Spanish (español),azul,azul,azul,rgb,0,73,255,6,1,line,white,en,,1.1.2,
11000,es,Spanish (español),purpura,purpura,purpura,rgb,255,0,248,6,2,line,white,en,,1.1.2,
11000,es,Spanish (español),azul,azul,azul,rgb,78,0,255,6,3,line,white,en,,1.1.2,
11000,es,Spanish (español),azul,azul,azul,rgb,0,94,255,6,4,line,white,en,,1.1.2,
11000,es,Spanish (español),rosa,rosado,rosado,rgb,255,0,83,6,5,line,white,en,,1.1.2,
11000,es,Spanish (español),azul,azul,azul,rgb,0,176,255,6,6,line,white,en,,1.1.2,
11000,es,Spanish (español),azul,azul,azul,rgb,0,233,255,6,7,line,white,en,,1.1.2,
11000,es,Spanish (español),rosa,rosado,rosado,rgb,255,0,217,6,8,line,white,en,,1.1.2,
11000,es,Spanish (español),purpura,purpura,purpura,rgb,217,0,255,6,9,line,white,en,,1.1.2,
11000,es,Spanish (español),azul,azul,azul,rgb,0,63,255,6,10,line,white,en,,1.1.2,
11000,es,Spanish (español),verde,verde,verde,rgb,138,255,0,6,11,line,white,en,,1.1.2,
11226,es,Spanish (español),copper,copper,Copper,rgb,180,152,26,1,1,full,white,en,,1.1.2,
11226,es,Spanish (español),neongreen,neon green,Neon Green,rgb,35,204,23,1,2,full,white,en,,1.1.2,
11226,es,Spanish (español),aqua,aqua,Aqua,rgb,70,226,140,1,4,full,white,en,,1.1.2,
11226,es,Spanish (español),lightpurple,light purple,Light purple,rgb,178,96,141,1,5,full,white,en,,1.1.2,
11226,es,Spanish (español),lightgreen,light green,Light green,rgb,142,245,71,1,6,full,white,en,,1.1.2,
11226,es,Spanish (español),greygreen,grey green,Grey green,rgb,105,119,54,1,8,full,white,en,,1.1.2,
11226,es,Spanish (español),bronw,bronw,Bronw,rgb,128,69,9,1,10,full,white,en,,1.1.2,
11226,es,Spanish (español),indigo,indigo,indigo,rgb,66,10,123,1,11,full,white,en,,1.1.2,
11226,es,Spanish (español),morado,morado,Morado,rgb,190,62,234,3,0,full,white,en,,1.1.2,
11226,es,Spanish (español),azul,azul,Azul,rgb,62,111,203,3,1,full,white,en,,1.1.2,
11226,es,Spanish (español),rosa,rosado,Rosado,rgb,242,83,188,3,2,full,white,en,,1.1.2,
11226,es,Spanish (español),menta,menta,Menta,rgb,30,244,200,3,3,full,white,en,,1.1.2,
11226,es,Spanish (español),rosita,rosita,Rosita,rgb,243,119,133,3,4,full,white,en,,1.1.2,
11226,es,Spanish (español),violeta,violeta,Violeta,rgb,221,199,223,3,5,full,white,en,,1.1.2,
11226,es,Spanish (español),turquesa,turquesa,Turquesa,rgb,46,132,130,3,6,full,white,en,,1.1.2,
11226,es,Spanish (español),verdefuerte,verde fuerte,Verde fuerte,rgb,186,224,3,3,7,full,white,en,,1.1.2,
11226,es,Spanish (español),azulbajo,azul bajo,Azul bajo,rgb,140,222,198,3,8,full,white,en,,1.1.2,
11226,es,Spanish (español),amarillo,amarillo,Amarillo,rgb,240,213,45,3,9,full,white,en,,1.1.2,
11226,es,Spanish (español),gris,gris,Gris,rgb,174,193,151,3,10,full,white,en,,1.1.2,
11226,es,Spanish (español),cremita,cremita,Cremita,rgb,217,212,115,3,11,full,white,en,,1.1.2,
11226,es,Spanish (español),anarnjado,anarnjado,Anarnjado,rgb,247,135,76,6,0,full,white,en,,1.1.2,
11226,es,Spanish (español),azuloscuro,azul oscuro,Azul oscuro,rgb,112,97,162,6,1,full,white,en,,1.1.2,
11226,es,Spanish (español),amarilleanaranjado,amarille anaranjado,Amarille anaranjado,rgb,254,187,73,6,2,full,white,en,,1.1.2,
11226,es,Spanish (español),rojo,rojo,Rojo,rgb,243,84,20,6,3,full,white,en,,1.1.2,
11226,es,Spanish (español),cieloazul,cielo azul,Cielo azul,rgb,18,147,197,6,4,full,white,en,,1.1.2,
11226,es,Spanish (español),frambuesa,frambuesa,Frambuesa,rgb,165,2,77,6,5,full,white,en,,1.1.2,
11226,es,Spanish (español),azul,azul,Azul,rgb,39,41,190,6,6,full,white,en,,1.1.2,
11226,es,Spanish (español),verdebajo,verde bajo,Verde bajo,rgb,152,237,168,6,7,full,white,en,,1.1.2,
11226,es,Spanish (español),cafe,cafe,Cafe,rgb,189,70,18,6,8,full,white,en,,1.1.2,
11226,es,Spanish (español),purpura,purpura,Purpura,rgb,151,44,155,6,9,full,white,en,,1.1.2,
11226,es,Spanish (español),morron,morron,Morron,rgb,158,66,66,6,10,full,white,en,,1.1.2,
11226,es,Spanish (español),verde,verde,Verde,rgb,11,129,39,6,11,full,white,en,,1.1.2,
11538,es,Spanish (español),verde,verde,Verde,rgb,203,235,155,1,0,full,white,en,,1.1.3,
11538,es,Spanish (español),verde,verde,Verde,rgb,13,103,67,1,1,full,white,en,,1.1.3,
11538,es,Spanish (español),verde,verde,Verde,rgb,23,121,32,1,2,full,white,en,,1.1.3,
11538,es,Spanish (español),aqua,aqua,Aqua,rgb,1,162,137,1,3,full,white,en,,1.1.3,
11538,es,Spanish (español),naranja,naranja,Naranja,rgb,204,143,42,1,4,full,white,en,,1.1.3,
11538,es,Spanish (español),rosa,rosa,Rosa,rgb,198,77,100,1,5,full,white,en,,1.1.3,
11538,es,Spanish (español),fucia,fucia,Fucia,rgb,226,98,181,1,6,full,white,en,,1.1.3,
11538,es,Spanish (español),rosamexicano,rosa mexicano,Rosa Mexicano,rgb,247,60,87,1,7,full,white,en,,1.1.3,
11538,es,Spanish (español),durazno,durazno,durazno,rgb,247,141,116,1,8,full,white,en,,1.1.3,
11538,es,Spanish (español),azulrey,azul rey,Azul rey,rgb,86,145,233,1,9,full,white,en,,1.1.3,
11538,es,Spanish (español),azulverdoso,azul verdoso,Azul verdoso,rgb,183,229,221,1,10,full,white,en,,1.1.3,
11538,es,Spanish (español),cafe,cafe,Cafe,rgb,185,109,59,1,11,full,white,en,,1.1.3,
11600,es,Spanish (español),verde,verde,verde,rgb,189,196,62,1,0,full,white,en,,1.1.3,
11600,es,Spanish (español),azul,azul,azul,rgb,107,129,164,1,1,full,white,en,,1.1.3,
11600,es,Spanish (español),turquesa,turquesa,turquesa,rgb,68,167,141,1,2,full,white,en,,1.1.3,
11600,es,Spanish (español),morado,morado,morado,rgb,161,41,161,1,3,full,white,en,,1.1.3,
11600,es,Spanish (español),azulcielo,azul cielo,azul cielo,rgb,152,193,228,1,4,full,white,en,,1.1.3,
11600,es,Spanish (español),azulmarino,azul marino,azul marino,rgb,1,12,99,1,5,full,white,en,,1.1.3,
11600,es,Spanish (español),lila,lila,lila,rgb,176,139,153,1,6,full,white,en,,1.1.3,
11600,es,Spanish (español),verde,verde,verde,rgb,9,106,3,1,7,full,white,en,,1.1.3,
11600,es,Spanish (español),verde,verde,verde,rgb,23,240,119,1,8,full,white,en,,1.1.3,
11600,es,Spanish (español),rosa,rosa,rosa,rgb,238,80,232,1,9,full,white,en,,1.1.3,
11600,es,Spanish (español),verde,verde,verde,rgb,201,224,134,1,10,full,white,en,,1.1.3,
11600,es,Spanish (español),cafe,cafe,cafe,rgb,174,151,116,1,11,full,white,en,,1.1.3,
11600,es,Spanish (español),azul,azul,azul,rgb,25,54,99,3,0,full,white,en,,1.1.3,
11600,es,Spanish (español),verde,verde,verde,rgb,50,200,13,3,1,full,white,en,,1.1.3,
11600,es,Spanish (español),morado,morado,morado,rgb,138,27,90,3,2,full,white,en,,1.1.3,
11600,es,Spanish (español),verde,verde,verde,rgb,22,243,13,3,3,full,white,en,,1.1.3,
11600,es,Spanish (español),lila,lila,lila,rgb,206,131,218,3,4,full,white,en,,1.1.3,
11600,es,Spanish (español),verde,verde,verde,rgb,40,88,45,3,5,full,white,en,,1.1.3,
11600,es,Spanish (español),verde,verde,verde,rgb,150,195,6,3,6,full,white,en,,1.1.3,
11600,es,Spanish (español),azulrey,azul rey,azul rey,rgb,68,92,159,3,7,full,white,en,,1.1.3,
11600,es,Spanish (español),rojo,rojo,rojo,rgb,210,45,50,3,8,full,white,en,,1.1.3,
11600,es,Spanish (español),azulclielo,azul clielo,azul clielo,rgb,71,175,248,3,9,full,white,en,,1.1.3,
11600,es,Spanish (español),rosa,rosa,rosa,rgb,234,92,153,3,10,full,white,en,,1.1.3,
11600,es,Spanish (español),naranja,naranja,naranja,rgb,207,76,9,3,11,full,white,en,,1.1.3,
11600,es,Spanish (español),azulrey,azul rey,azul rey,rgb,73,114,221,6,0,full,white,en,,1.1.3,
11600,es,Spanish (español),rosa,rosa,rosa,rgb,247,223,231,6,1,full,white,en,,1.1.3,
11600,es,Spanish (español),verde,verde,verde,rgb,100,125,16,6,2,full,white,en,,1.1.3,
11600,es,Spanish (español),azul,azul,azul,rgb,28,210,212,6,3,full,white,en,,1.1.3,
11600,es,Spanish (español),verde,verde,verde,rgb,112,177,107,6,4,full,white,en,,1.1.3,
11600,es,Spanish (español),morado,morado,morado,rgb,194,34,241,6,5,full,white,en,,1.1.3,
11600,es,Spanish (español),morado,morado,morado,rgb,111,69,102,6,6,full,white,en,,1.1.3,
11600,es,Spanish (español),morado,morado,morado,rgb,50,10,67,6,7,full,white,en,,1.1.3,
11600,es,Spanish (español),azul,azul,azul,rgb,10,126,143,6,8,full,white,en,,1.1.3,
11600,es,Spanish (español),verde,verde,verde,rgb,26,88,80,6,9,full,white,en,,1.1.3,
11600,es,Spanish (español),negro,negro,negro,rgb,21,16,1,6,10,full,white,en,,1.1.3,
11600,es,Spanish (español),azul,azul,azul,rgb,10,67,242,6,11,full,white,en,,1.1.3,
12040,es,Spanish (español),violeta,violeta,violeta,rgb,109,24,140,1,0,full,white,en,,1.1.3,
12040,es,Spanish (español),mostaza,mostaza,mostaza,rgb,226,207,112,1,1,full,white,en,,1.1.3,
12040,es,Spanish (español),turquesa,turquesa,turquesa,rgb,61,209,222,1,2,full,white,en,,1.1.3,
12040,es,Spanish (español),celeste,celeste,celeste,rgb,74,137,219,1,3,full,white,en,,1.1.3,
12040,es,Spanish (español),purpura,purpura,purpura,rgb,192,28,138,1,4,full,white,en,,1.1.3,
12040,es,Spanish (español),verde,verde,verde,rgb,41,201,19,1,5,full,white,en,,1.1.3,
12040,es,Spanish (español),violeta,violeta,violeta,rgb,98,66,218,1,6,full,white,en,,1.1.3,
12040,es,Spanish (español),violetaclaro,violeta claro,violeta claro,rgb,178,157,219,1,7,full,white,en,,1.1.3,
12040,es,Spanish (español),verde,verde,verde,rgb,73,203,161,1,8,full,white,en,,1.1.3,
12040,es,Spanish (español),amarillo,amarillo,amarillo,rgb,246,253,74,1,9,full,white,en,,1.1.3,
12040,es,Spanish (español),verde,verde,verde,rgb,93,76,6,1,10,full,white,en,,1.1.3,
12040,es,Spanish (español),lila,lila,lila,rgb,188,99,183,1,11,full,white,en,,1.1.3,
12040,es,Spanish (español),rojo,rojo,rojo,rgb,207,52,35,3,0,full,white,en,,1.1.3,
12040,es,Spanish (español),lila,lila,lila,rgb,224,107,227,3,1,full,white,en,,1.1.3,
12040,es,Spanish (español),marron,marron,marron,rgb,126,53,22,3,2,full,white,en,,1.1.3,
12040,es,Spanish (español),salmon,salmon,salmon,rgb,219,113,86,3,3,full,white,en,,1.1.3,
12040,es,Spanish (español),ocre,ocre,ocre,rgb,230,155,42,3,4,full,white,en,,1.1.3,
12040,es,Spanish (español),azulplomo,azul plomo,azul plomo,rgb,45,163,219,3,5,full,white,en,,1.1.3,
12040,es,Spanish (español),rosaplomo,rosa plomo,rosa plomo,rgb,177,153,155,3,6,full,white,en,,1.1.3,
12040,es,Spanish (español),verde,verde,verde,rgb,100,150,78,3,7,full,white,en,,1.1.3,
12040,es,Spanish (español),violeta,violeta,violeta,rgb,119,11,240,3,8,full,white,en,,1.1.3,
12040,es,Spanish (español),verde,verde,verde,rgb,99,191,95,3,9,full,white,en,,1.1.3,
12040,es,Spanish (español),azulplomizo,azul plomizo,azul plomizo,rgb,99,142,146,3,10,full,white,en,,1.1.3,
12040,es,Spanish (español),verde,verde,verde,rgb,126,177,14,3,11,full,white,en,,1.1.3,
12040,es,Spanish (español),ocre,ocre,ocre,rgb,197,173,34,6,0,full,white,en,,1.1.3,
12040,es,Spanish (español),violeta,violeta,violeta,rgb,170,31,199,6,1,full,white,en,,1.1.3,
12040,es,Spanish (español),azul,azul,azul,rgb,28,23,200,6,2,full,white,en,,1.1.3,
12040,es,Spanish (español),rojovioleta,rojo violeta,rojo violeta,rgb,163,45,104,6,3,full,white,en,,1.1.3,
12040,es,Spanish (español),marron,marron,marron,rgb,99,5,20,6,4,full,white,en,,1.1.3,
12040,es,Spanish (español),ocre,ocre,ocre,rgb,177,149,70,6,5,full,white,en,,1.1.3,
12040,es,Spanish (español),lila,lila,lila,rgb,200,1,81,6,6,full,white,en,,1.1.3,
12040,es,Spanish (español),azulplomizo,azul plomizo,azul plomizo,rgb,3,107,157,6,7,full,white,en,,1.1.3,
12040,es,Spanish (español),verde,verde,verde,rgb,152,246,89,6,8,full,white,en,,1.1.3,
12040,es,Spanish (español),verde,verde,verde,rgb,62,217,98,6,9,full,white,en,,1.1.3,
12040,es,Spanish (español),azuloscuro,azul oscuro,azul oscuro,rgb,20,46,89,6,10,full,white,en,,1.1.3,
12040,es,Spanish (español),rosa,rosa,rosa,rgb,251,159,199,6,11,full,white,en,,1.1.3,
12281,es,Spanish (español),fucsia,fucsia,Fucsia,rgb,135,23,136,1,0,full,white,en,,1.1.3,
12281,es,Spanish (español),marron,marron,Marron,rgb,171,149,3,1,1,full,white,en,,1.1.3,
12281,es,Spanish (español),celeste,celeste,Celeste,rgb,94,151,237,1,2,full,white,en,,1.1.3,
12281,es,Spanish (español),verde,verde,Verde,rgb,71,161,161,1,3,full,white,en,,1.1.3,
12281,es,Spanish (español),naranja,naranja,Naranja,rgb,210,146,89,1,4,full,white,en,,1.1.3,
12281,es,Spanish (español),verde,verde,Verde,rgb,87,245,50,1,5,full,white,en,,1.1.3,
12281,es,Spanish (español),verde,verde,Verde,rgb,99,97,12,1,6,full,white,en,,1.1.3,
12281,es,Spanish (español),azul,azul,Azul,rgb,44,55,225,1,7,full,white,en,,1.1.3,
12281,es,Spanish (español),verde,verde,Verde,rgb,116,200,24,1,8,full,white,en,,1.1.3,
12281,es,Spanish (español),rojo,rojo,Rojo,rgb,240,1,25,1,9,full,white,en,,1.1.3,
12281,es,Spanish (español),celeste,celeste,Celeste,rgb,102,151,177,1,10,full,white,en,,1.1.3,
12281,es,Spanish (español),naranja,naranja,Naranja,rgb,242,192,151,1,11,full,white,en,,1.1.3,
12281,es,Spanish (español),verde,verde,Verde,rgb,189,233,191,3,0,full,white,en,,1.1.3,
12281,es,Spanish (español),violeta,violeta,Violeta,rgb,73,7,156,3,1,full,white,en,,1.1.3,
12281,es,Spanish (español),verde,verde,Verde,rgb,26,194,75,3,2,full,white,en,,1.1.3,
12281,es,Spanish (español),rosa,rosa,Rosa,rgb,228,9,216,3,3,full,white,en,,1.1.3,
12281,es,Spanish (español),purpura,purpura,Purpura,rgb,187,122,239,3,4,full,white,en,,1.1.3,
12281,es,Spanish (español),celeste,celeste,Celeste,rgb,50,209,199,3,5,full,white,en,,1.1.3,
12281,es,Spanish (español),azul,azul,Azul,rgb,38,98,219,3,6,full,white,en,,1.1.3,
12281,es,Spanish (español),verde,verde,Verde,rgb,9,112,10,3,7,full,white,en,,1.1.3,
12281,es,Spanish (español),rosa,rosa,Rosa,rgb,178,102,136,3,8,full,white,en,,1.1.3,
12281,es,Spanish (español),verde,verde,Verde,rgb,177,242,7,3,9,full,white,en,,1.1.3,
12281,es,Spanish (español),amarillo,amarillo,Amarillo,rgb,221,220,123,3,10,full,white,en,,1.1.3,
12281,es,Spanish (español),rosa,rosa,ROsa,rgb,222,210,211,3,11,full,white,en,,1.1.3,
12281,es,Spanish (español),rojo,rojo,Rojo,rgb,251,76,117,6,0,full,white,en,,1.1.3,
12281,es,Spanish (español),violeta,violeta,Violeta,rgb,163,44,238,6,1,full,white,en,,1.1.3,
12281,es,Spanish (español),verde,verde,Verde,rgb,67,147,114,6,2,full,white,en,,1.1.3,
12281,es,Spanish (español),rosa,rosa,Rosa,rgb,236,142,217,6,3,full,white,en,,1.1.3,
12281,es,Spanish (español),verde,verde,Verde,rgb,113,239,190,6,4,full,white,en,,1.1.3,
12281,es,Spanish (español),celeste,celeste,Celeste,rgb,98,210,234,6,5,full,white,en,,1.1.3,
12281,es,Spanish (español),azul,azul,Azul,rgb,56,17,249,6,6,full,white,en,,1.1.3,
12281,es,Spanish (español),amarillo,amarillo,Amarillo,rgb,223,247,89,6,7,full,white,en,,1.1.3,
12281,es,Spanish (español),bordo,bordo,Bordo,rgb,162,8,80,6,8,full,white,en,,1.1.3,
12281,es,Spanish (español),piel,piel,Piel,rgb,222,133,126,6,9,full,white,en,,1.1.3,
12281,es,Spanish (español),azul,azul,Azul,rgb,38,45,147,6,10,full,white,en,,1.1.3,
12281,es,Spanish (español),verde,verde,Verde,rgb,47,73,43,6,11,full,white,en,,1.1.3,
12507,es,Spanish (español),azul,azul,Azul,rgb,44,68,242,1,0,full,white,en,,1.1.3,
12507,es,Spanish (español),verde,verde,Verde,rgb,53,230,18,1,1,full,white,en,,1.1.3,
12507,es,Spanish (español),rojo,rojo,Rojo,rgb,182,50,43,1,2,full,white,en,,1.1.3,
12507,es,Spanish (español),verde,verde,Verde,rgb,34,161,125,1,3,full,white,en,,1.1.3,
12507,es,Spanish (español),morado,morado,morado,rgb,184,5,165,1,4,full,white,en,,1.1.3,
12507,es,Spanish (español),morado,morado,morado,rgb,181,28,253,1,5,full,white,en,,1.1.3,
12507,es,Spanish (español),azul,azul,azul,rgb,115,161,243,1,6,full,white,en,,1.1.3,
12507,es,Spanish (español),turquesa,turquesa,turquesa,rgb,57,237,201,1,7,full,white,en,,1.1.3,
12507,es,Spanish (español),rojo,rojo,rojo,rgb,222,15,50,1,8,full,white,en,,1.1.3,
12507,es,Spanish (español),azul,azul,azul,rgb,173,207,231,1,9,full,white,en,,1.1.3,
12507,es,Spanish (español),naranja,naranja,naranja,rgb,235,149,125,1,10,full,white,en,,1.1.3,
12507,es,Spanish (español),verde,verde,verde,rgb,128,215,74,1,11,full,white,en,,1.1.3,
12507,es,Spanish (español),morado,morado,morado,rgb,141,0,110,3,0,full,white,en,,1.1.3,
12507,es,Spanish (español),verde,verde,verde,rgb,201,234,60,3,1,full,white,en,,1.1.3,
12507,es,Spanish (español),amarillo,amarillo,amarillo,rgb,229,188,42,3,2,full,white,en,,1.1.3,
12507,es,Spanish (español),rojo,rojo,rojo,rgb,235,29,15,3,3,full,white,en,,1.1.3,
12507,es,Spanish (español),morado,morado,morado,rgb,232,59,239,3,4,full,white,en,,1.1.3,
12507,es,Spanish (español),azul,azul,azul,rgb,62,90,147,3,5,full,white,en,,1.1.3,
12507,es,Spanish (español),rosa,rosado,rosado,rgb,247,147,192,3,6,full,white,en,,1.1.3,
12507,es,Spanish (español),verde,verde,verde,rgb,81,124,14,3,7,full,white,en,,1.1.3,
12507,es,Spanish (español),rojo,rojo,rojo,rgb,193,19,83,3,8,full,white,en,,1.1.3,
12507,es,Spanish (español),rosa,rosado,rosado,rgb,223,13,133,3,9,full,white,en,,1.1.3,
12507,es,Spanish (español),negro,negro,negro,rgb,18,39,33,3,10,full,white,en,,1.1.3,
12507,es,Spanish (español),azul,azul,azul,rgb,12,41,154,3,11,full,white,en,,1.1.3,
12507,es,Spanish (español),turquesa,turquesa,turquesa,rgb,13,212,220,6,0,full,white,en,,1.1.3,
12507,es,Spanish (español),cafe,cafe,cafe,rgb,162,132,98,6,1,full,white,en,,1.1.3,
12507,es,Spanish (español),verde,verde,verde,rgb,173,221,182,6,2,full,white,en,,1.1.3,
12507,es,Spanish (español),verde,verde,verde,rgb,97,127,104,6,3,full,white,en,,1.1.3,
12507,es,Spanish (español),verde,verde,verde,rgb,24,241,113,6,4,full,white,en,,1.1.3,
12507,es,Spanish (español),azul,azul,azul,rgb,63,125,148,6,5,full,white,en,,1.1.3,
12507,es,Spanish (español),verde,verde,verde,rgb,37,163,21,6,6,full,white,en,,1.1.3,
12507,es,Spanish (español),verde,verde,verde,rgb,27,164,80,6,7,full,white,en,,1.1.3,
12507,es,Spanish (español),blanco,blanco,blanco,rgb,245,236,209,6,8,full,white,en,,1.1.3,
12507,es,Spanish (español),morado,morado,morado,rgb,187,67,124,6,9,full,white,en,,1.1.3,
12507,es,Spanish (español),azul,azul,azul,rgb,24,12,249,6,10,full,white,en,,1.1.3,
12507,es,Spanish (español),cafe,cafe,cafe,rgb,91,26,51,6,11,full,white,en,,1.1.3,
12546,es,Spanish (español),verdeseco/verdebosque,verde seco/verde bosque,Verde seco/verde bosque,rgb,115,153,5,1,0,full,white,en,,1.1.3,
12546,es,Spanish (español),fucsia,fucsia,fucsia,rgb,252,74,194,1,1,full,white,en,,1.1.3,
12546,es,Spanish (español),bordo/borgona,bordó/borgoña,Bordó/borgoña,rgb,105,11,9,1,2,full,white,en,,1.1.3,
12546,es,Spanish (español),verdeesmeralda,verde esmeralda,verde esmeralda,rgb,23,194,12,1,3,full,white,en,,1.1.3,
12546,es,Spanish (español),turquesa,turquesa,turquesa,rgb,85,207,192,1,4,full,white,en,,1.1.3,
12546,es,Spanish (español),tiza,tiza,tiza,rgb,218,245,160,1,5,full,white,en,,1.1.3,
12546,es,Spanish (español),violeta,violeta,violeta,rgb,117,34,91,1,6,full,white,en,,1.1.3,
12546,es,Spanish (español),verdeagua,verde agua,verde agua,rgb,40,249,123,1,7,full,white,en,,1.1.3,
12546,es,Spanish (español),grisclaro,gris claro,gris claro,rgb,199,205,164,1,8,full,white,en,,1.1.3,
12546,es,Spanish (español),verdejade,verde jade,verde jade,rgb,118,216,97,1,9,full,white,en,,1.1.3,
12546,es,Spanish (español),azulaereo,azul aéreo,azul aéreo,rgb,27,116,153,1,10,full,white,en,,1.1.3,
12546,es,Spanish (español),vison,visón,visón,rgb,127,77,71,1,11,full,white,en,,1.1.3,
12546,es,Spanish (español),celestecielo,celeste cielo,celeste cielo,rgb,94,134,244,3,0,full,white,en,,1.1.3,
12546,es,Spanish (español),verdebosque,verde bosque,verde bosque,rgb,57,116,98,3,1,full,white,en,,1.1.3,
12546,es,Spanish (español),purpura,púrpura,púrpura,rgb,81,3,112,3,2,full,white,en,,1.1.3,
12546,es,Spanish (español),azulfrancia,azul francia,azul francia,rgb,94,6,225,3,3,full,white,en,,1.1.3,
12546,es,Spanish (español),rosasalmon,rosado salmón,rosado salmón,rgb,232,117,116,3,4,full,white,en,,1.1.3,
12546,es,Spanish (español),obispo,obispo,obispo,rgb,182,19,112,3,5,full,white,en,,1.1.3,
12546,es,Spanish (español),lavanda,lavanda,lavanda,rgb,124,60,198,3,6,full,white,en,,1.1.3,
12546,es,Spanish (español),celeste,celeste,celeste,rgb,113,187,234,3,7,full,white,en,,1.1.3,
12546,es,Spanish (español),lilaclaro,lila claro,lila claro,rgb,225,188,236,3,8,full,white,en,,1.1.3,
12546,es,Spanish (español),lila,lila,lila,rgb,152,119,196,3,9,full,white,en,,1.1.3,
12546,es,Spanish (español),fucsia,fucsia,fucsia,rgb,244,23,247,3,11,full,white,en,,1.1.3,
12546,es,Spanish (español),verdebosque,verde bosque,verde bosque,rgb,50,147,87,6,0,full,white,en,,1.1.3,
12546,es,Spanish (español),marron,marrón,marrón,rgb,122,101,12,6,1,full,white,en,,1.1.3,
12546,es,Spanish (español),celestehielo,celeste hielo,celeste hielo,rgb,193,252,235,6,2,full,white,en,,1.1.3,
12546,es,Spanish (español),azulmarino,azul marino,azul marino,rgb,31,7,145,6,3,full,white,en,,1.1.3,
12546,es,Spanish (español),rosa,rosado,rosado,rgb,245,80,144,6,4,full,white,en,,1.1.3,
12546,es,Spanish (español),malva,malva,malva,rgb,203,127,178,6,5,full,white,en,,1.1.3,
12546,es,Spanish (español),verdeeucaliptus,verde eucaliptus,verde eucaliptus,rgb,110,168,137,6,6,full,white,en,,1.1.3,
12546,es,Spanish (español),purpura,púrpura,púrpura,rgb,92,65,147,6,7,full,white,en,,1.1.3,
12546,es,Spanish (español),terracota,terracota,terracota,rgb,199,91,22,6,8,full,white,en,,1.1.3,
12546,es,Spanish (español),siena,siena,siena,rgb,199,131,49,6,9,full,white,en,,1.1.3,
12546,es,Spanish (español),verdefluo,verde flúo,verde flúo,rgb,50,242,28,6,10,full,white,en,,1.1.3,
12546,es,Spanish (español),verdejade,verde jade,verde jade,rgb,94,218,150,6,11,full,white,en,,1.1.3,
13288,es,Spanish (español),morado,morado,Morado,rgb,179,142,225,1,0,full,white,en,,1.1.4,
13288,es,Spanish (español),azul,azul,Azul,rgb,85,54,198,1,1,full,white,en,,1.1.4,
13288,es,Spanish (español),morado,morado,Morado,rgb,126,35,133,1,2,full,white,en,,1.1.4,
13288,es,Spanish (español),amarillo,amarillo,Amarillo,rgb,252,252,137,1,3,full,white,en,,1.1.4,
13288,es,Spanish (español),azul,azul,Azul,rgb,107,199,230,1,4,full,white,en,,1.1.4,
13288,es,Spanish (español),verdeazul,verdeazul,verdeazul,rgb,103,200,163,1,5,full,white,en,,1.1.4,
13288,es,Spanish (español),naranja,naranja,naranja,rgb,199,138,14,1,6,full,white,en,,1.1.4,
13288,es,Spanish (español),negro,negro,negro,rgb,20,10,30,1,7,full,white,en,,1.1.4,
13288,es,Spanish (español),rosa,rosado,Rosado,rgb,237,150,120,1,8,full,white,en,,1.1.4,
13288,es,Spanish (español),rosa,rosado,Rosado,rgb,214,139,158,1,9,full,white,en,,1.1.4,
13288,es,Spanish (español),verde,verde,Verde,rgb,115,193,14,1,10,full,white,en,,1.1.4,
13288,es,Spanish (español),fucsia,fucsia,Fucsia,rgb,228,56,151,1,11,full,white,en,,1.1.4,
13288,es,Spanish (español),cafe,cafe,cafe,rgb,176,109,59,3,0,full,white,en,,1.1.4,
13288,es,Spanish (español),azul,azul,azul,rgb,177,244,250,3,1,full,white,en,,1.1.4,
13288,es,Spanish (español),cafe,cafe,cafe,rgb,100,96,59,3,2,full,white,en,,1.1.4,
13288,es,Spanish (español),rojo,rojo,rojo,rgb,143,2,46,3,3,full,white,en,,1.1.4,
13288,es,Spanish (español),verde,verde,verde,rgb,47,109,78,3,4,full,white,en,,1.1.4,
13288,es,Spanish (español),morado,morado,morado,rgb,171,106,165,3,5,full,white,en,,1.1.4,
13288,es,Spanish (español),verdeamarillo,verdeamarillo,verdeamarillo,rgb,195,252,17,3,6,full,white,en,,1.1.4,
13288,es,Spanish (español),fucsia,fucsia,fucsia,rgb,199,45,181,3,7,full,white,en,,1.1.4,
13288,es,Spanish (español),morado,morado,morado,rgb,101,85,122,3,8,full,white,en,,1.1.4,
13288,es,Spanish (español),azul,azul,azul,rgb,191,255,192,3,9,full,white,en,,1.1.4,
13288,es,Spanish (español),rojo,rojo,rojo,rgb,196,15,56,3,10,full,white,en,,1.1.4,
13288,es,Spanish (español),amarillo,amarillo,amarillo,rgb,216,208,45,3,11,full,white,en,,1.1.4,
13288,es,Spanish (español),naranja,naranja,naranja,rgb,242,132,71,6,0,full,white,en,,1.1.4,
13288,es,Spanish (español),verde,verde,verde,rgb,83,228,45,6,1,full,white,en,,1.1.4,
13288,es,Spanish (español),azul,azul,azul,rgb,130,168,156,6,2,full,white,en,,1.1.4,
13288,es,Spanish (español),morado,morado,morado,rgb,205,44,246,6,3,full,white,en,,1.1.4,
13288,es,Spanish (español),cafe,cafe,cafe,rgb,132,42,8,6,4,full,white,en,,1.1.4,
13288,es,Spanish (español),azul,azul,azul,rgb,68,247,174,6,5,full,white,en,,1.1.4,
13288,es,Spanish (español),azul,azul,azul,rgb,17,85,185,6,6,full,white,en,,1.1.4,
13288,es,Spanish (español),azul,azul,azul,rgb,20,4,202,6,7,full,white,en,,1.1.4,
13288,es,Spanish (español),azul,azul,azul,rgb,14,44,48,6,8,full,white,en,,1.1.4,
13288,es,Spanish (español),fucsia,fucsia,fucsia,rgb,160,24,98,6,9,full,white,en,,1.1.4,
13288,es,Spanish (español),azul,azul,azul,rgb,84,250,215,6,10,full,white,en,,1.1.4,
13288,es,Spanish (español),verde,verde,verde,rgb,101,163,48,6,11,full,white,en,,1.1.4,
13933,es,Spanish (español),magenta,magenta,magenta,rgb,213,32,206,1,0,full,white,en,,1.1.4,
13933,es,Spanish (español),verde,verde,verde,rgb,196,245,87,1,1,full,white,en,,1.1.4,
13933,es,Spanish (español),violeta,violeta,violeta,rgb,132,55,134,1,2,full,white,en,,1.1.4,
13933,es,Spanish (español),beige,beige,beige,rgb,225,212,167,1,3,full,white,en,,1.1.4,
13933,es,Spanish (español),verde,verde,verde,rgb,125,253,178,1,4,full,white,en,,1.1.4,
13933,es,Spanish (español),violeta,violeta,violeta,rgb,199,118,203,1,5,full,white,en,,1.1.4,
13933,es,Spanish (español),violeta,violeta,violeta,rgb,210,101,250,1,6,full,white,en,,1.1.4,
13933,es,Spanish (español),gris,gris,gris,rgb,174,199,181,1,7,full,white,en,,1.1.4,
13933,es,Spanish (español),naranja,naranja,naranja,rgb,211,119,71,1,8,full,white,en,,1.1.4,
13933,es,Spanish (español),violeta,violeta,violeta,rgb,49,16,90,1,9,full,white,en,,1.1.4,
13933,es,Spanish (español),verde,verde,verde,rgb,106,169,126,1,10,full,white,en,,1.1.4,
13933,es,Spanish (español),magenta,magenta,magenta,rgb,237,171,213,1,11,full,white,en,,1.1.4,
13933,es,Spanish (español),verde,verde,verde,rgb,6,113,81,3,0,full,white,en,,1.1.4,
13933,es,Spanish (español),naranja,naranja,naranja,rgb,250,131,16,3,1,full,white,en,,1.1.4,
13933,es,Spanish (español),violeta,violeta,violeta,rgb,99,14,139,3,2,full,white,en,,1.1.4,
13933,es,Spanish (español),azul,azul,azul,rgb,194,238,248,3,3,full,white,en,,1.1.4,
13933,es,Spanish (español),magenta,magenta,magenta,rgb,213,56,101,3,4,full,white,en,,1.1.4,
13933,es,Spanish (español),verde,verde,verde,rgb,80,199,51,3,5,full,white,en,,1.1.4,
13933,es,Spanish (español),amarillo,amarillo,amarillo,rgb,254,196,76,3,6,full,white,en,,1.1.4,
13933,es,Spanish (español),azul,azul,azul,rgb,56,71,182,3,7,full,white,en,,1.1.4,
13933,es,Spanish (español),azul,azul,azul,rgb,1,86,238,3,8,full,white,en,,1.1.4,
13933,es,Spanish (español),verde,verde,verde,rgb,99,109,17,3,9,full,white,en,,1.1.4,
13933,es,Spanish (español),azul,azul,azul,rgb,39,92,167,3,10,full,white,en,,1.1.4,
13933,es,Spanish (español),naranja,naranja,naranja,rgb,233,65,22,3,11,full,white,en,,1.1.4,
13933,es,Spanish (español),rosa,rosado,rosado,rgb,184,124,113,6,0,full,white,en,,1.1.4,
13933,es,Spanish (español),amarillo,amarillo,amarillo,rgb,218,206,55,6,1,full,white,en,,1.1.4,
13933,es,Spanish (español),azul,azul,azul,rgb,14,182,227,6,2,full,white,en,,1.1.4,
13933,es,Spanish (español),rosa,rosado,rosado,rgb,234,23,71,6,3,full,white,en,,1.1.4,
13933,es,Spanish (español),negro,negro,negro,rgb,58,20,19,6,4,full,white,en,,1.1.4,
13933,es,Spanish (español),magenta,magenta,magenta,rgb,254,19,178,6,5,full,white,en,,1.1.4,
13933,es,Spanish (español),rosa,rosado,rosado,rgb,190,52,59,6,6,full,white,en,,1.1.4,
13933,es,Spanish (español),verde,verde,verde,rgb,136,105,2,6,7,full,white,en,,1.1.4,
13933,es,Spanish (español),verde,verde,verde,rgb,192,240,152,6,8,full,white,en,,1.1.4,
13933,es,Spanish (español),violeta,violeta,violeta,rgb,172,176,221,6,9,full,white,en,,1.1.4,
13933,es,Spanish (español),azul,azul,azul,rgb,50,42,226,6,10,full,white,en,,1.1.4,
13933,es,Spanish (español),rosa,rosado,rosado,rgb,203,118,148,6,11,full,white,en,,1.1.4,
14337,es,Spanish (español),gris,gris,gris,rgb,125,125,107,1,0,full,white,en,,1.1.4,
14337,es,Spanish (español),naranja,naranja,naranja,rgb,253,135,77,1,1,full,white,en,,1.1.4,
14337,es,Spanish (español),verdelimon,verde limon,verde limon,rgb,119,242,31,1,2,full,white,en,,1.1.4,
14337,es,Spanish (español),azuloscuro,azul oscuro,azul oscuro,rgb,3,73,123,1,3,full,white,en,,1.1.4,
14337,es,Spanish (español),cafe,cafe,cafe,rgb,147,123,2,1,4,full,white,en,,1.1.4,
14337,es,Spanish (español),aguamarina,aguamarina,aguamarina,rgb,26,252,196,1,5,full,white,en,,1.1.4,
14337,es,Spanish (español),fuccia,fuccia,fuccia,rgb,225,67,238,1,6,full,white,en,,1.1.4,
14337,es,Spanish (español),azul,azul,azul,rgb,105,125,171,1,7,full,white,en,,1.1.4,
14337,es,Spanish (español),magenta,magenta,magenta,rgb,127,48,73,1,8,full,white,en,,1.1.4,
14337,es,Spanish (español),verdeoliva,verde oliva,verde oliva,rgb,156,169,74,1,9,full,white,en,,1.1.4,
14337,es,Spanish (español),verde,verde,verde,rgb,57,161,88,1,10,full,white,en,,1.1.4,
14337,es,Spanish (español),naranjapastel,naranja pastel,naranja pastel,rgb,241,193,162,1,11,full,white,en,,1.1.4,
14337,es,Spanish (español),azul,azul,azul,rgb,18,108,243,3,0,full,white,en,,1.1.4,
14337,es,Spanish (español),lila,lila,lila,rgb,189,162,188,3,1,full,white,en,,1.1.4,
14337,es,Spanish (español),violeta,violeta,violeta,rgb,70,5,85,3,2,full,white,en,,1.1.4,
14337,es,Spanish (español),verdeclaro,verde claro,verde claro,rgb,111,226,122,3,3,full,white,en,,1.1.4,
14337,es,Spanish (español),magenta,magenta,magenta,rgb,174,5,63,3,4,full,white,en,,1.1.4,
14337,es,Spanish (español),rosa,rosado,rosado,rgb,246,77,123,3,5,full,white,en,,1.1.4,
14337,es,Spanish (español),fuccia,fuccia,fuccia,rgb,172,21,152,3,6,full,white,en,,1.1.4,
14337,es,Spanish (español),amarilloocre,amarillo ocre,amarillo ocre,rgb,226,198,36,3,7,full,white,en,,1.1.4,
14337,es,Spanish (español),gris,gris,gris,rgb,80,91,110,3,8,full,white,en,,1.1.4,
14337,es,Spanish (español),azulaguamarina,azul aguamarina,azul aguamarina,rgb,196,242,230,3,9,full,white,en,,1.1.4,
14337,es,Spanish (español),verde,verde,verde,rgb,37,175,46,3,10,full,white,en,,1.1.4,
14337,es,Spanish (español),rojo,rojo,rojo,rgb,177,37,30,3,11,full,white,en,,1.1.4,
14337,es,Spanish (español),verde,verde,verde,rgb,25,114,23,6,0,full,white,en,,1.1.4,
14337,es,Spanish (español),fuccia,fuccia,fuccia,rgb,159,44,111,6,1,full,white,en,,1.1.4,
14337,es,Spanish (español),verdeoliva,verde oliva,verde oliva,rgb,50,82,22,6,2,full,white,en,,1.1.4,
14337,es,Spanish (español),verdemilitar,verde militar,verde militar,rgb,139,177,116,6,3,full,white,en,,1.1.4,
14337,es,Spanish (español),rosa,rosa,rosa,rgb,206,123,178,6,4,full,white,en,,1.1.4,
14337,es,Spanish (español),verdelimon,verde limon,verde limon,rgb,199,228,62,6,5,full,white,en,,1.1.4,
14337,es,Spanish (español),gris,gris,gris,rgb,148,174,167,6,6,full,white,en,,1.1.4,
14337,es,Spanish (español),verdeclaro,verde claro,verde claro,rgb,201,233,156,6,7,full,white,en,,1.1.4,
14337,es,Spanish (español),azuloscuro,azul oscuro,azul oscuro,rgb,4,22,129,6,8,full,white,en,,1.1.4,
14337,es,Spanish (español),azulcielo,azul cielo,azul cielo,rgb,78,192,234,6,9,full,white,en,,1.1.4,
14337,es,Spanish (español),verde,verde,verde,rgb,145,234,84,6,10,full,white,en,,1.1.4,
14337,es,Spanish (español),morado,morado,morado,rgb,140,16,217,6,11,full,white,en,,1.1.4,
14519,es,Spanish (español),azul,azul,Azul,rgb,0,204,255,1,0,line,white,en,,1.1.4,
14519,es,Spanish (español),ocre,ocre,Ocre,rgb,255,238,0,1,1,line,white,en,,1.1.4,
14519,es,Spanish (español),lima,lima,Lima,rgb,204,255,0,1,2,line,white,en,,1.1.4,
14519,es,Spanish (español),fucsia,fucsia,Fucsia,rgb,255,0,204,1,3,line,white,en,,1.1.4,
14519,es,Spanish (español),azulelectrico,azul eléctrico,Azul eléctrico,rgb,0,130,255,1,4,line,white,en,,1.1.4,
14519,es,Spanish (español),naranja,naranja,Naranja,rgb,255,112,0,1,5,line,white,en,,1.1.4,
14519,es,Spanish (español),aquamarina,aquamarina,Aquamarina,rgb,0,255,229,1,6,line,white,en,,1.1.4,
14519,es,Spanish (español),magenta,magenta,Magenta,rgb,255,0,111,1,7,line,white,en,,1.1.4,
14519,es,Spanish (español),azulmarino,azul marino,Azul marino,rgb,0,41,255,1,8,line,white,en,,1.1.4,
14519,es,Spanish (español),celeste,celeste,Celeste,rgb,0,245,255,1,9,line,white,en,,1.1.4,
14519,es,Spanish (español),turquesa,turquesa,Turquesa,rgb,0,255,203,1,10,line,white,en,,1.1.4,
14519,es,Spanish (español),verde,verde,Verde,rgb,0,255,66,1,11,line,white,en,,1.1.4,
14519,es,Spanish (español),verde,verde,Verde,rgb,0,255,107,3,0,line,white,en,,1.1.4,
14519,es,Spanish (español),verdelimon,verde limón,Verde limón,rgb,88,255,0,3,1,line,white,en,,1.1.4,
14519,es,Spanish (español),fucsia,fucsia,Fucsia,rgb,255,0,155,3,2,line,white,en,,1.1.4,
14519,es,Spanish (español),naranja,naranja,Naranja,rgb,255,120,0,3,3,line,white,en,,1.1.4,
14519,es,Spanish (español),azulelectrico,azul eléctrico,Azul eléctrico,rgb,0,105,255,3,4,line,white,en,,1.1.4,
14519,es,Spanish (español),azulcielo,azul cielo,Azul cielo,rgb,0,206,255,3,5,line,white,en,,1.1.4,
14519,es,Spanish (español),lima,lima,Lima,rgb,142,255,0,3,6,line,white,en,,1.1.4,
14519,es,Spanish (español),azul,azul,Azul,rgb,0,164,255,3,7,line,white,en,,1.1.4,
14519,es,Spanish (español),azulmarino,azul marino,Azul marino,rgb,0,68,255,3,8,line,white,en,,1.1.4,
14519,es,Spanish (español),aquamarina,aquamarina,Aquamarina,rgb,0,255,162,3,9,line,white,en,,1.1.4,
14519,es,Spanish (español),verdeazul,verdeazul,Verdeazul,rgb,0,255,149,3,10,line,white,en,,1.1.4,
14519,es,Spanish (español),lila,lila,Lila,rgb,164,0,255,3,11,line,white,en,,1.1.4,
14519,es,Spanish (español),lila,lila,Lila,rgb,255,0,240,6,0,line,white,en,,1.1.4,
14519,es,Spanish (español),ocre,ocre,Ocre,rgb,255,163,0,6,1,line,white,en,,1.1.4,
14519,es,Spanish (español),ambar,ámbar,Ámbar,rgb,255,183,0,6,2,line,white,en,,1.1.4,
14519,es,Spanish (español),azul,azul,Azul,rgb,0,153,255,6,3,line,white,en,,1.1.4,
14519,es,Spanish (español),azulliloso,azul liloso,Azul liloso,rgb,104,0,255,6,4,line,white,en,,1.1.4,
14519,es,Spanish (español),azulmarino,azul marino,Azul marino,rgb,0,24,255,6,5,line,white,en,,1.1.4,
14519,es,Spanish (español),magenta,magenta,Magenta,rgb,255,0,131,6,6,line,white,en,,1.1.4,
14519,es,Spanish (español),amarillo,amarillo,Amarillo,rgb,255,254,0,6,7,line,white,en,,1.1.4,
14519,es,Spanish (español),violeta,violeta,Violeta,rgb,255,0,249,6,8,line,white,en,,1.1.4,
14519,es,Spanish (español),rojo,rojo,Rojo,rgb,255,0,7,6,9,line,white,en,,1.1.4,
14519,es,Spanish (español),naranja,naranja,Naranja,rgb,255,81,0,6,10,line,white,en,,1.1.4,
14519,es,Spanish (español),vermellon,vermellón,Vermellón,rgb,255,0,66,6,11,line,white,en,,1.1.4,
14634,es,Spanish (español),azulclaro,azul claro,Azul claro,rgb,0,182,255,1,0,line,white,en,,1.1.5,
14634,es,Spanish (español),amarillo,amarillo,Amarillo,rgb,216,255,0,1,1,line,white,en,,1.1.5,
14634,es,Spanish (español),rosa,rosado,Rosado,rgb,255,0,185,1,2,line,white,en,,1.1.5,
14634,es,Spanish (español),naranja,naranja,Naranja,rgb,255,190,0,1,3,line,white,en,,1.1.5,
14634,es,Spanish (español),rosa,rosado,Rosado,rgb,255,0,162,1,4,line,white,en,,1.1.5,
14634,es,Spanish (español),verdeaguamarina,verde aguamarina,Verde aguamarina,rgb,0,255,220,1,5,line,white,en,,1.1.5,
14634,es,Spanish (español),azul,azul,Azul,rgb,47,0,255,1,6,line,white,en,,1.1.5,
14634,es,Spanish (español),naranja,naranja,Naranja,rgb,255,229,0,1,7,line,white,en,,1.1.5,
14634,es,Spanish (español),azulclaro,azul claro,Azul claro,rgb,0,236,255,1,8,line,white,en,,1.1.5,
14634,es,Spanish (español),rojo,rojo,Rojo,rgb,255,0,129,1,9,line,white,en,,1.1.5,
14634,es,Spanish (español),amarillo,amarillo,Amarillo,rgb,243,255,0,1,10,line,white,en,,1.1.5,
14634,es,Spanish (español),azul,azul,Azul,rgb,94,0,255,1,11,line,white,en,,1.1.5,
14634,es,Spanish (español),azul,azul,Azul,rgb,0,109,255,3,0,line,white,en,,1.1.5,
14634,es,Spanish (español),azulclaro,azul claro,Azul claro,rgb,0,156,255,3,1,line,white,en,,1.1.5,
14634,es,Spanish (español),rojjo,rojjo,Rojjo,rgb,255,0,100,3,2,line,white,en,,1.1.5,
14634,es,Spanish (español),verdeamarillo,verde amarillo,Verde amarillo,rgb,0,255,50,3,3,line,white,en,,1.1.5,
14634,es,Spanish (español),azul,azul,Azul,rgb,0,77,255,3,4,line,white,en,,1.1.5,
14634,es,Spanish (español),rojo,rojo,Rojo,rgb,255,13,0,3,5,line,white,en,,1.1.5,
14634,es,Spanish (español),azul,azul,Azul,rgb,0,114,255,3,6,line,white,en,,1.1.5,
14634,es,Spanish (español),verdeclaro,verde claro,Verde claro,rgb,0,255,168,3,7,line,white,en,,1.1.5,
14634,es,Spanish (español),naranja,naranja,Naranja,rgb,255,139,0,3,8,line,white,en,,1.1.5,
14634,es,Spanish (español),rojo,rojo,Rojo,rgb,255,0,74,3,9,line,white,en,,1.1.5,
14634,es,Spanish (español),morado,morado,Morado,rgb,201,0,255,3,10,line,white,en,,1.1.5,
14634,es,Spanish (español),verdeclaro,verde claro,Verde claro,rgb,0,255,151,3,11,line,white,en,,1.1.5,
15148,es,Spanish (español),calipso,calipso,calipso,rgb,0,255,241,1,0,line,white,en,,1.1.5,
15148,es,Spanish (español),azul,azul,azul,rgb,0,99,255,1,1,line,white,en,,1.1.5,
15148,es,Spanish (español),celeste,celeste,celeste,rgb,0,160,255,1,2,line,white,en,,1.1.5,
15148,es,Spanish (español),fucsia,fucsia,fucsia,rgb,255,0,120,1,3,line,white,en,,1.1.5,
15148,es,Spanish (español),azul,azul,azul,rgb,0,72,255,1,4,line,white,en,,1.1.5,
15148,es,Spanish (español),amarillo,amarillo,amarillo,rgb,224,255,0,1,5,line,white,en,,1.1.5,
15148,es,Spanish (español),violeta,violeta,violeta,rgb,237,0,255,1,6,line,white,en,,1.1.5,
15148,es,Spanish (español),celeste,celeste,celeste,rgb,0,223,255,1,7,line,white,en,,1.1.5,
15148,es,Spanish (español),naranjo,naranjo,naranjo,rgb,255,115,0,1,8,line,white,en,,1.1.5,
15148,es,Spanish (español),verde,verde,verde,rgb,0,255,99,1,9,line,white,en,,1.1.5,
15148,es,Spanish (español),fucsia,fucsia,fucsia,rgb,255,0,169,1,10,line,white,en,,1.1.5,
15148,es,Spanish (español),naranjo,naranjo,naranjo,rgb,255,160,0,1,11,line,white,en,,1.1.5,
15148,es,Spanish (español),fucsia,fucsia,fucsia,rgb,255,0,100,3,0,line,white,en,,1.1.5,
15148,es,Spanish (español),morado,morado,morado,rgb,111,0,255,3,1,line,white,en,,1.1.5,
15148,es,Spanish (español),rojo,rojo,rojo,rgb,255,50,0,3,2,line,white,en,,1.1.5,
15148,es,Spanish (español),verdeclaro,verde claro,verde claro,rgb,168,255,0,3,3,line,white,en,,1.1.5,
15148,es,Spanish (español),amarillo,amarillo,amarillo,rgb,243,255,0,3,4,line,white,en,,1.1.5,
15148,es,Spanish (español),turquesa,turquesa,turquesa,rgb,0,255,154,3,5,line,white,en,,1.1.5,
15148,es,Spanish (español),amarillo,amarillo,amarillo,rgb,255,237,0,3,6,line,white,en,,1.1.5,
15148,es,Spanish (español),verde,verde,verde,rgb,0,255,61,3,7,line,white,en,,1.1.5,
15148,es,Spanish (español),naranjo,naranjo,naranjo,rgb,255,152,0,3,8,line,white,en,,1.1.5,
15148,es,Spanish (español),calipso,calipso,calipso,rgb,0,240,255,3,9,line,white,en,,1.1.5,
15148,es,Spanish (español),rojo,rojo,rojo,rgb,255,0,54,3,10,line,white,en,,1.1.5,
15148,es,Spanish (español),azul,azul,azul,rgb,0,34,255,3,11,line,white,en,,1.1.5,
15148,es,Spanish (español),turquesa,turquesa,turquesa,rgb,0,255,168,6,0,line,white,en,,1.1.5,
15148,es,Spanish (español),azul,azul,azul,rgb,0,61,255,6,1,line,white,en,,1.1.5,
15148,es,Spanish (español),rojo,rojo,rojo,rgb,255,0,12,6,2,line,white,en,,1.1.5,
15148,es,Spanish (español),violeta,violeta,violeta,rgb,255,0,228,6,3,line,white,en,,1.1.5,
15148,es,Spanish (español),celeste,celeste,celeste,rgb,0,187,255,6,4,line,white,en,,1.1.5,
15148,es,Spanish (español),azuclaro,azu claro,azu claro,rgb,0,151,255,6,5,line,white,en,,1.1.5,
15148,es,Spanish (español),calipso,calipso,calipso,rgb,0,255,213,6,6,line,white,en,,1.1.5,
15148,es,Spanish (español),naranjo,naranjo,naranjo,rgb,255,209,0,6,7,line,white,en,,1.1.5,
15148,es,Spanish (español),verdeclaro,verde claro,verde claro,rgb,102,255,0,6,8,line,white,en,,1.1.5,
15148,es,Spanish (español),morado,morado,morado,rgb,210,0,255,6,9,line,white,en,,1.1.5,
15148,es,Spanish (español),fucsia,fucsia,fucsia,rgb,255,0,181,6,10,line,white,en,,1.1.5,
15148,es,Spanish (español),azulclaro,azul claro,azul claro,rgb,0,132,255,6,11,line,white,en,,1.1.5,
15217,es,Spanish (español),violetapastel,violeta pastel,violeta pastel,rgb,179,160,222,1,0,full,white,en,,1.1.5,
15217,es,Spanish (español),verdeoscuro,verde oscuro,verde oscuro,rgb,60,113,53,1,1,full,white,en,,1.1.5,
15217,es,Spanish (español),marron,marrón,marrón,rgb,117,79,53,1,2,full,white,en,,1.1.5,
15217,es,Spanish (español),verdeclaro,verde claro,verde claro,rgb,167,238,95,1,3,full,white,en,,1.1.5,
15217,es,Spanish (español),verdefosforescente,verde fosforescente,verde fosforescente,rgb,59,222,60,1,4,full,white,en,,1.1.5,
15217,es,Spanish (español),verde,verde,verde,rgb,9,136,49,1,5,full,white,en,,1.1.5,
15217,es,Spanish (español),burdeos,burdeos,burdeos,rgb,142,21,34,1,6,full,white,en,,1.1.5,
15217,es,Spanish (español),rosapalido,rosa pálido,rosa pálido,rgb,231,144,191,1,8,full,white,en,,1.1.5,
15217,es,Spanish (español),violeta,violeta,violeta,rgb,42,9,111,1,9,full,white,en,,1.1.5,
15217,es,Spanish (español),turquesa,turquesa,turquesa,rgb,68,163,182,1,10,full,white,en,,1.1.5,
15217,es,Spanish (español),azulmarinooscuro,azul marino oscuro,azul marino oscuro,rgb,9,11,69,1,11,full,white,en,,1.1.5,
15217,es,Spanish (español),lila,lila,lila,rgb,104,16,164,3,0,full,white,en,,1.1.5,
15217,es,Spanish (español),gris,gris,gris,rgb,125,125,125,3,1,full,white,en,,1.1.5,
15217,es,Spanish (español),verde,verde,verde,rgb,108,169,13,3,2,full,white,en,,1.1.5,
15217,es,Spanish (español),cyan,cian,cian,rgb,47,217,231,3,3,full,white,en,,1.1.5,
15217,es,Spanish (español),azulelectrico,azul eléctrico,azul eléctrico,rgb,0,36,225,3,4,full,white,en,,1.1.5,
15217,es,Spanish (español),lilaclaro,lila claro,lila claro,rgb,126,92,184,3,5,full,white,en,,1.1.5,
15217,es,Spanish (español),turquesaoscuro,turquesa oscuro,turquesa oscuro,rgb,47,82,88,3,6,full,white,en,,1.1.5,
15217,es,Spanish (español),cafeclaro,café claro,café claro,rgb,195,164,108,3,7,full,white,en,,1.1.5,
15217,es,Spanish (español),azulgrisaceooscuro,azul grisáceo oscuro,azul grisáceo oscuro,rgb,91,131,168,3,8,full,white,en,,1.1.5,
15217,es,Spanish (español),rosafucsia,rosa fucsia,rosa fucsia,rgb,251,77,117,3,9,full,white,en,,1.1.5,
15217,es,Spanish (español),kaki,kaki,kaki,rgb,166,168,51,3,10,full,white,en,,1.1.5,
15217,es,Spanish (español),amarillo,amarillo,amarillo,rgb,239,199,30,3,11,full,white,en,,1.1.5,
15217,es,Spanish (español),lilaintenso,lila intenso,lila intenso,rgb,110,80,233,6,0,full,white,en,,1.1.5,
15217,es,Spanish (español),rojointenso,rojo intenso,rojo intenso,rgb,164,22,7,6,1,full,white,en,,1.1.5,
15217,es,Spanish (español),marronclaro,marrón claro,marrón claro,rgb,152,111,50,6,2,full,white,en,,1.1.5,
15217,es,Spanish (español),verdecoral,verde coral,verde coral,rgb,4,165,112,6,3,full,white,en,,1.1.5,
15217,es,Spanish (español),grisazuladoclaro,gris azulado claro,gris azulado claro,rgb,171,198,223,6,4,full,white,en,,1.1.5,
15217,es,Spanish (español),rosaoscuro,rosa oscuro,rosa oscuro,rgb,199,30,222,6,5,full,white,en,,1.1.5,
15217,es,Spanish (español),verdechillon,verde chillón,verde chillón,rgb,113,252,23,6,6,full,white,en,,1.1.5,
15217,es,Spanish (español),rojovivo,rojo vivo,rojo vivo,rgb,230,70,24,6,7,full,white,en,,1.1.5,
15217,es,Spanish (español),risa,risa,risa,rgb,240,74,182,6,10,full,white,en,,1.1.5,
15217,es,Spanish (español),magenta,magenta,magenta,rgb,207,10,121,6,11,full,white,en,,1.1.5,
0,es,Spanish (español),naranja,naranja,naranja,rgb,233,152,80,1,0,full,white,en,,1.1.5,
0,es,Spanish (español),verdeoliva,verde oliva,verde oliva,rgb,99,118,105,1,1,full,white,en,,1.1.5,
0,es,Spanish (español),morado,morado,morado,rgb,46,61,102,1,2,full,white,en,,1.1.5,
0,es,Spanish (español),purpura,púrpura,púrpura,rgb,7,2,142,1,3,full,white,en,,1.1.5,
0,es,Spanish (español),amarillo,amarillo,amarillo,rgb,221,210,146,1,4,full,white,en,,1.1.5,
0,es,Spanish (español),purpuraclaro,púrpura claro,púrpura claro,rgb,200,155,240,1,5,full,white,en,,1.1.5,
0,es,Spanish (español),turquesabrillante,turquesa brillante,turquesa brillante,rgb,131,247,190,1,6,full,white,en,,1.1.5,
0,es,Spanish (español),dorado,dorado,dorado,rgb,222,193,66,1,7,full,white,en,,1.1.5,
0,es,Spanish (español),fucsia,fucsia,fucsia,rgb,213,6,111,1,8,full,white,en,,1.1.5,
0,es,Spanish (español),limaoscuro,lima oscuro,lima oscuro,rgb,127,120,39,1,9,full,white,en,,1.1.5,
0,es,Spanish (español),magenta,magenta,magenta,rgb,195,100,208,1,10,full,white,en,,1.1.5,
0,es,Spanish (español),azuloscuro,azul oscuro,azul oscuro,rgb,6,50,137,1,11,full,white,en,,1.1.5,
0,es,Spanish (español),olivaapagado,oliva apagado,oliva apagado,rgb,150,158,7,3,0,full,white,en,,1.1.5,
0,es,Spanish (español),rosaviejo,rosa viejo,rosa viejo,rgb,188,130,133,3,1,full,white,en,,1.1.5,
0,es,Spanish (español),verdeazulado,verde azulado,verde azulado,rgb,147,249,145,3,2,full,white,en,,1.1.5,
0,es,Spanish (español),purpuraazulado,púrpura azulado,púrpura azulado,rgb,77,70,224,3,3,full,white,en,,1.1.5,
0,es,Spanish (español),purpuraintenso,púrpura intenso,púrpura intenso,rgb,102,49,247,3,4,full,white,en,,1.1.5,
0,es,Spanish (español),verdecesped,verde césped,verde césped,rgb,89,222,52,3,5,full,white,en,,1.1.5,
0,es,Spanish (español),rojovino,rojo vino,rojo vino,rgb,92,14,51,3,6,full,white,en,,1.1.5,
0,es,Spanish (español),verdedestenido,verde desteñido,verde desteñido,rgb,185,233,203,3,7,full,white,en,,1.1.5,
0,es,Spanish (español),lilaapagado,lila apagado,lila apagado,rgb,171,160,185,3,8,full,white,en,,1.1.5,
0,es,Spanish (español),rojoladrillo,rojo ladrillo,rojo ladrillo,rgb,219,127,107,3,9,full,white,en,,1.1.5,
0,es,Spanish (español),marron,marrón,marrón,rgb,116,78,48,3,10,full,white,en,,1.1.5,
0,es,Spanish (español),amarillopis,amarillo pis,amarillo pis,rgb,217,214,23,3,11,full,white,en,,1.1.5,
0,es,Spanish (español),lavandaoscuro,lavanda oscuro,lavanda oscuro,rgb,142,102,161,6,0,full,white,en,,1.1.5,
0,es,Spanish (español),doradooscuro,dorado oscuro,dorado oscuro,rgb,184,153,96,6,1,full,white,en,,1.1.5,
0,es,Spanish (español),verdebosque,verde bosque,verde bosque,rgb,52,179,88,6,2,full,white,en,,1.1.5,
0,es,Spanish (español),violetaintenso,violeta intenso,violeta intenso,rgb,128,45,170,6,3,full,white,en,,1.1.5,
0,es,Spanish (español),azulfrancia,azul francia,azul francia,rgb,34,108,209,6,4,full,white,en,,1.1.5,
0,es,Spanish (español),magenta,magenta,magenta,rgb,230,77,188,6,5,full,white,en,,1.1.5,
0,es,Spanish (español),marronanaranjado,marrón anaranjado,marrón anaranjado,rgb,195,89,9,6,6,full,white,en,,1.1.5,
0,es,Spanish (español),verde,verde,verde,rgb,34,238,128,6,7,full,white,en,,1.1.5,
0,es,Spanish (español),marronoscuro,marrón oscuro,marrón oscuro,rgb,119,49,3,6,8,full,white,en,,1.1.5,
0,es,Spanish (español),magentaoscuro,magenta oscuro,magenta oscuro,rgb,216,26,207,6,9,full,white,en,,1.1.5,
0,es,Spanish (español),verdelima,verde lima,verde lima,rgb,151,208,77,6,10,full,white,en,,1.1.5,
0,es,Spanish (español),cobalto,cobalto,cobalto,rgb,81,123,170,6,11,full,white,en,,1.1.5,
0,es,Spanish (español),lightgreen,light green,Light Green,rgb,185,255,0,1,3,line,white,en,,1.1.5,
0,es,Spanish (español),darkorange,dark orange,Dark Orange,rgb,255,94,0,1,4,line,white,en,,1.1.5,
0,es,Spanish (español),darkerorange,darker orange,Darker Orange,rgb,255,81,0,1,5,line,white,en,,1.1.5,
0,es,Spanish (español),mustard,mustard,Mustard,rgb,255,208,0,1,6,line,white,en,,1.1.5,
0,es,Spanish (español),parrotgreen,parrot green,Parrot Green,rgb,0,255,79,1,7,line,white,en,,1.1.5,
0,es,Spanish (español),greener,greener,Greener,rgb,0,255,55,1,10,line,white,en,,1.1.5,
0,es,Spanish (español),celestial,celestial,Celestial,rgb,0,255,222,1,11,line,white,en,,1.1.5,
0,es,Spanish (español),azul,azul,Azul,rgb,0,85,255,3,0,line,white,en,,1.1.5,
0,es,Spanish (español),azulino,azulino,Azulino,rgb,0,46,255,3,1,line,white,en,,1.1.5,
0,es,Spanish (español),verdeesmeralda,verde esmeralda,Verde Esmeralda,rgb,0,255,155,3,2,line,white,en,,1.1.5,
0,es,Spanish (español),celeste,celeste,Celeste,rgb,0,177,255,3,3,line,white,en,,1.1.5,
0,es,Spanish (español),mostaza,mostaza,Mostaza,rgb,255,181,0,3,4,line,white,en,,1.1.5,
0,es,Spanish (español),azul,azul,Azul,rgb,0,100,255,3,5,line,white,en,,1.1.5,
0,es,Spanish (español),celeste,celeste,Celeste,rgb,0,242,255,3,6,line,white,en,,1.1.5,
0,es,Spanish (español),rojo,rojo,Rojo,rgb,255,0,36,3,7,line,white,en,,1.1.5,
0,es,Spanish (español),fucsia,fucsia,Fucsia,rgb,255,0,253,3,8,line,white,en,,1.1.5,
0,es,Spanish (español),rojoindio,rojo indio,Rojo Indio,rgb,255,0,86,3,9,line,white,en,,1.1.5,
0,es,Spanish (español),verdepalta,verde palta,Verde Palta,rgb,197,255,0,3,10,line,white,en,,1.1.5,
0,es,Spanish (español),verdelimon,verde limón,Verde Limón,rgb,104,255,0,3,11,line,white,en,,1.1.5,
0,es,Spanish (español),celestebrillante,celeste brillante,Celeste Brillante,rgb,0,255,243,6,0,line,white,en,,1.1.5,
0,es,Spanish (español),morado,morado,Morado,rgb,171,0,255,6,1,line,white,en,,1.1.5,
0,es,Spanish (español),fucsia,fucsia,Fucsia,rgb,255,0,169,6,2,line,white,en,,1.1.5,
0,es,Spanish (español),celeste,celeste,Celeste,rgb,0,212,255,6,3,line,white,en,,1.1.5,
0,es,Spanish (español),rojobrillante,rojo brillante,Rojo Brillante,rgb,255,0,51,6,4,line,white,en,,1.1.5,
0,es,Spanish (español),azulmetalico,azul metálico,Azul Metálico,rgb,0,148,255,6,5,line,white,en,,1.1.5,
0,es,Spanish (español),fucsia,fucsia,Fucsia,rgb,255,0,202,6,6,line,white,en,,1.1.5,
0,es,Spanish (español),rojoindio,rojo indio,Rojo Indio,rgb,255,0,243,6,7,line,white,en,,1.1.5,
0,es,Spanish (español),amarillopatito,amarillo patito,Amarillo Patito,rgb,255,245,0,6,8,line,white,en,,1.1.5,
0,es,Spanish (español),rosasuave,rosado suave,Rosado Suave,rgb,255,0,128,6,9,line,white,en,,1.1.5,
0,es,Spanish (español),amarillo,amarillo,Amarillo,rgb,255,225,0,6,10,line,white,en,,1.1.5,
0,es,Spanish (español),azulmetalico,azul metálico,Azul Metálico,rgb,0,133,255,6,11,line,white,en,,1.1.5,
0,es,Spanish (español),verdelima,verde lima,verde lima,rgb,110,251,62,1,0,full,white,en,,1.1.5,
0,es,Spanish (español),naranjamarron,naranja marrón,naranja marrón,rgb,199,146,43,1,1,full,white,en,,1.1.5,
0,es,Spanish (español),azul,azul,azul,rgb,90,159,199,1,2,full,white,en,,1.1.5,
0,es,Spanish (español),burdeos,burdeos,burdeos,rgb,113,6,75,1,3,full,white,en,,1.1.5,
0,es,Spanish (español),rosa,rosa,rosa,rgb,227,83,73,1,4,full,white,en,,1.1.5,
0,es,Spanish (español),violeta,violeta,violeta,rgb,144,104,192,1,5,full,white,en,,1.1.5,
0,es,Spanish (español),verdeoscuro,verde oscuro,verde oscuro,rgb,26,112,21,1,6,full,white,en,,1.1.5,
0,es,Spanish (español),fucsia,fucsia,fucsia,rgb,162,26,171,1,7,full,white,en,,1.1.5,
0,es,Spanish (español),azulpalido,azul pálido,azul pálido,rgb,164,200,169,1,8,full,white,en,,1.1.5,
0,es,Spanish (español),axul,axul,axul,rgb,86,111,229,1,9,full,white,en,,1.1.5,
0,es,Spanish (español),beige,beige,beige,rgb,211,235,123,1,10,full,white,en,,1.1.5,
0,es,Spanish (español),verdeturquesa,verde turquesa,verde turquesa,rgb,50,132,82,1,11,full,white,en,,1.1.5,
0,es,Spanish (español),azulelectrico,azul eléctrico,azul eléctrico,rgb,71,13,223,3,0,full,white,en,,1.1.5,
0,es,Spanish (español),violeta,violeta,violeta,rgb,131,47,207,3,1,full,white,en,,1.1.5,
0,es,Spanish (español),indigo,índigo,índigo,rgb,6,78,165,3,2,full,white,en,,1.1.5,
0,es,Spanish (español),marron,marrón,marrón,rgb,62,11,9,3,3,full,white,en,,1.1.5,
0,es,Spanish (español),rosa,rosa,rosa,rgb,205,149,164,3,4,full,white,en,,1.1.5,
0,es,Spanish (español),rosa,rosa,rosa,rgb,231,83,253,3,5,full,white,en,,1.1.5,
0,es,Spanish (español),rosa,rosa,rosa,rgb,182,122,174,3,6,full,white,en,,1.1.5,
0,es,Spanish (español),verde,verde,verde,rgb,28,182,71,3,7,full,white,en,,1.1.5,
0,es,Spanish (español),azul,azul,azul,rgb,40,161,154,3,8,full,white,en,,1.1.5,
0,es,Spanish (español),celeste,celeste,celeste,rgb,68,224,238,3,9,full,white,en,,1.1.5,
0,es,Spanish (español),azul,azul,azul,rgb,34,70,234,3,10,full,white,en,,1.1.5,
0,es,Spanish (español),azul,azul,azul,rgb,43,137,230,3,11,full,white,en,,1.1.5,
0,es,Spanish (español),verde,verde,verde,rgb,133,198,58,6,0,full,white,en,,1.1.5,
0,es,Spanish (español),celeste,celeste,celeste,rgb,78,253,225,6,1,full,white,en,,1.1.5,
0,es,Spanish (español),amarillo,amarillo,amarillo,rgb,201,192,43,6,2,full,white,en,,1.1.5,
0,es,Spanish (español),azulmarino,azul marino,azul marino,rgb,34,33,98,6,3,full,white,en,,1.1.5,
0,es,Spanish (español),azul,azul,azul,rgb,16,106,132,6,4,full,white,en,,1.1.5,
0,es,Spanish (español),gris,gris,gris,rgb,78,112,92,6,5,full,white,en,,1.1.5,
0,es,Spanish (español),granate,granate,granate,rgb,56,4,56,6,6,full,white,en,,1.1.5,
0,es,Spanish (español),naranja,naranja,naranja,rgb,252,150,30,6,7,full,white,en,,1.1.5,
0,es,Spanish (español),violeta,violeta,violeta,rgb,138,46,140,6,8,full,white,en,,1.1.5,
0,es,Spanish (español),marron,marrón,marrón,rgb,101,84,32,6,9,full,white,en,,1.1.5,
0,es,Spanish (español),rosa,rosa,rosa,rgb,190,20,133,6,10,full,white,en,,1.1.5,
0,es,Spanish (español),azulpalido,azul pálido,azul pálido,rgb,192,202,250,6,11,full,white,en,,1.1.5,
0,es,Spanish (español),verdeesmeralda,verde esmeralda,Verde esmeralda,rgb,69,243,187,1,0,full,white,en,,1.1.5,
0,es,Spanish (español),marron,marrón,Marrón,rgb,104,28,38,1,1,full,white,en,,1.1.5,
0,es,Spanish (español),verde,verde,Verde,rgb,130,191,63,1,2,full,white,en,,1.1.5,
0,es,Spanish (español),gris,gris,Gris,rgb,145,147,136,1,3,full,white,en,,1.1.5,
0,es,Spanish (español),verde,verde,Verde,rgb,93,239,41,1,4,full,white,en,,1.1.5,
0,es,Spanish (español),azulelectrico,azul eléctrico,Azul eléctrico,rgb,37,21,158,1,5,full,white,en,,1.1.5,
0,es,Spanish (español),verdepistache,verde pistache,Verde Pistache,rgb,136,198,154,1,6,full,white,en,,1.1.5,
0,es,Spanish (español),verdeoscuro,verde oscuro,Verde oscuro,rgb,13,66,72,1,7,full,white,en,,1.1.5,
0,es,Spanish (español),azul,azul,Azul,rgb,73,140,248,1,8,full,white,en,,1.1.5,
0,es,Spanish (español),azulcielo,azul cielo,Azul cielo,rgb,77,172,191,1,9,full,white,en,,1.1.5,
0,es,Spanish (español),violeta,violeta,Violeta,rgb,128,34,253,1,10,full,white,en,,1.1.5,
0,es,Spanish (español),gris,gris,Gris,rgb,201,205,181,1,11,full,white,en,,1.1.5,
0,es,Spanish (español),amarillo,amarillo,Amarillo,rgb,254,224,19,3,0,full,white,en,,1.1.5,
0,es,Spanish (español),verdeoscuro,verde oscuro,Verde oscuro,rgb,77,110,87,3,1,full,white,en,,1.1.5,
0,es,Spanish (español),cafe,café,Café,rgb,152,89,54,3,2,full,white,en,,1.1.5,
0,es,Spanish (español),rosamexicano,rosa mexicano,Rosa mexicano,rgb,241,58,127,3,3,full,white,en,,1.1.5,
0,es,Spanish (español),azul,azul,Azul,rgb,105,230,237,3,4,full,white,en,,1.1.5,
0,es,Spanish (español),morado,morado,Morado,rgb,161,107,242,3,5,full,white,en,,1.1.5,
0,es,Spanish (español),violeta,violeta,Violeta,rgb,113,61,98,3,6,full,white,en,,1.1.5,
0,es,Spanish (español),rosa,rosa,Rosa,rgb,240,91,171,3,7,full,white,en,,1.1.5,
0,es,Spanish (español),violeta,violeta,Violeta,rgb,165,4,160,3,8,full,white,en,,1.1.5,
0,es,Spanish (español),violeta,violeta,Violeta,rgb,155,123,169,3,9,full,white,en,,1.1.5,
0,es,Spanish (español),rojo,rojo,Rojo,rgb,169,25,12,3,10,full,white,en,,1.1.5,
0,es,Spanish (español),verde,verde,Verde,rgb,38,48,29,3,11,full,white,en,,1.1.5,
0,es,Spanish (español),naranja,naranja,Naranja,rgb,221,107,79,6,0,full,white,en,,1.1.5,
0,es,Spanish (español),verdeolivo,verde olivo,Verde olivo,rgb,201,188,105,6,1,full,white,en,,1.1.5,
0,es,Spanish (español),azul,azul,Azul,rgb,55,113,248,6,2,full,white,en,,1.1.5,
0,es,Spanish (español),azul,azul,Azul,rgb,142,188,244,6,3,full,white,en,,1.1.5,
0,es,Spanish (español),violeta,violeta,Violeta,rgb,203,19,225,6,4,full,white,en,,1.1.5,
0,es,Spanish (español),naranja,naranja,Naranja,rgb,245,112,19,6,5,full,white,en,,1.1.5,
0,es,Spanish (español),azulmarino,azul marino,Azul marino,rgb,8,47,88,6,6,full,white,en,,1.1.5,
0,es,Spanish (español),azulrey,azul rey,Azul rey,rgb,22,63,250,6,7,full,white,en,,1.1.5,
0,es,Spanish (español),azulelectrico,azul eléctrico,Azul eléctrico,rgb,18,35,129,6,8,full,white,en,,1.1.5,
0,es,Spanish (español),marron,marrón,Marrón,rgb,77,66,16,6,9,full,white,en,,1.1.5,
0,es,Spanish (español),rosamexicano,rosa mexicano,Rosa Mexicano,rgb,237,5,192,6,10,full,white,en,,1.1.5,
0,es,Spanish (español),violeta,violeta,Violeta,rgb,166,79,180,6,11,full,white,en,,1.1.5,
0,es,Spanish (español),rojo,rojo,rojo,rgb,255,0,61,1,0,line,white,en,,1.1.5,
0,es,Spanish (español),aqua,aqua,aqua,rgb,0,255,165,1,1,line,white,en,,1.1.5,
0,es,Spanish (español),naranja,naranja,naranja,rgb,255,136,0,1,2,line,white,en,,1.1.5,
0,es,Spanish (español),verde,verde,verde,rgb,160,255,0,1,3,line,white,en,,1.1.5,
0,es,Spanish (español),rojo,rojo,rojo,rgb,255,15,0,1,4,line,white,en,,1.1.5,
0,es,Spanish (español),naranja,naranja,naranja,rgb,255,176,0,1,5,line,white,en,,1.1.5,
0,es,Spanish (español),magenta,magenta,magenta,rgb,255,0,108,1,6,line,white,en,,1.1.5,
0,es,Spanish (español),mageta,mageta,mageta,rgb,255,0,133,1,7,line,white,en,,1.1.5,
0,es,Spanish (español),aqua,aqua,aqua,rgb,0,255,138,1,8,line,white,en,,1.1.5,
0,es,Spanish (español),rojo,rojo,rojo,rgb,255,0,32,1,9,line,white,en,,1.1.5,
0,es,Spanish (español),magenta,magenta,magenta,rgb,255,0,160,1,10,line,white,en,,1.1.5,
0,es,Spanish (español),amarillo,amarillo,amarillo,rgb,255,218,0,1,11,line,white,en,,1.1.5,
0,es,Spanish (español),purpura,purpura,purpura,rgb,216,0,255,3,0,line,white,en,,1.1.5,
0,es,Spanish (español),magenta,magenta,magenta,rgb,255,0,203,3,1,line,white,en,,1.1.5,
0,es,Spanish (español),verde,verde,verde,rgb,0,255,40,3,2,line,white,en,,1.1.5,
0,es,Spanish (español),azul,azul,azul,rgb,0,84,255,3,3,line,white,en,,1.1.5,
0,es,Spanish (español),azul,azul,azul,rgb,0,118,255,3,4,line,white,en,,1.1.5,
0,es,Spanish (español),amarillo,amarillo,amarillo,rgb,255,193,0,3,5,line,white,en,,1.1.5,
0,es,Spanish (español),azul,azul,azul,rgb,0,163,255,3,6,line,white,en,,1.1.5,
0,es,Spanish (español),magenta,magenta,magenta,rgb,255,0,228,3,7,line,white,en,,1.1.5,
0,es,Spanish (español),violeta,violeta,violeta,rgb,230,0,255,3,8,line,white,en,,1.1.5,
0,es,Spanish (español),azul,azul,azul,rgb,0,184,255,3,9,line,white,en,,1.1.5,
0,es,Spanish (español),cyan,cian,cian,rgb,0,237,255,3,10,line,white,en,,1.1.5,
0,es,Spanish (español),amarillo,amarillo,amarillo,rgb,217,255,0,3,11,line,white,en,,1.1.5,
0,es,Spanish (español),cyan,cian,cian,rgb,0,255,242,6,0,line,white,en,,1.1.5,
0,es,Spanish (español),amarillo,amarillo,amarillo,rgb,249,255,0,6,1,line,white,en,,1.1.5,
0,es,Spanish (español),verde,verde,verde,rgb,0,255,81,6,2,line,white,en,,1.1.5,
0,es,Spanish (español),azul,azul,azul,rgb,0,45,255,6,3,line,white,en,,1.1.5,
0,es,Spanish (español),azul,azul,azul,rgb,89,0,255,6,4,line,white,en,,1.1.5,
0,es,Spanish (español),azul,azul,azul,rgb,0,210,255,6,5,line,white,en,,1.1.5,
0,es,Spanish (español),naranja,naranja,naranja,rgb,255,105,0,6,6,line,white,en,,1.1.5,
0,es,Spanish (español),violeta,violeta,violeta,rgb,149,0,255,6,7,line,white,en,,1.1.5,
0,es,Spanish (español),azul,azul,azul,rgb,0,110,255,6,8,line,white,en,,1.1.5,
0,es,Spanish (español),cyan,cian,cian,rgb,0,255,207,6,9,line,white,en,,1.1.5,
0,es,Spanish (español),verde,verde,verde,rgb,55,255,0,6,10,line,white,en,,1.1.5,
0,es,Spanish (español),azul,azul,azul,rgb,0,147,255,6,11,line,white,en,,1.1.5,
0,es,Spanish (español),lima,lima,Lima,rgb,133,193,16,1,0,full,white,en,,1.1.5,
0,es,Spanish (español),fucsia,fucsia,Fucsia,rgb,243,8,91,1,1,full,white,en,,1.1.5,
0,es,Spanish (español),ocre,ocre,Ocre,rgb,180,138,94,1,2,full,white,en,,1.1.5,
0,es,Spanish (español),pizarra,pizarra,Pizarra,rgb,54,61,46,1,3,full,white,en,,1.1.5,
0,es,Spanish (español),verdeazulado,verde azulado,Verde azulado,rgb,63,167,131,1,4,full,white,en,,1.1.5,
0,es,Spanish (español),violeta,violeta,Violeta,rgb,145,18,131,1,5,full,white,en,,1.1.5,
0,es,Spanish (español),verdefosforito,verde fosforito,Verde fosforito,rgb,51,253,69,1,6,full,white,en,,1.1.5,
0,es,Spanish (español),aguamarina,aguamarina,Aguamarina,rgb,33,133,139,1,7,full,white,en,,1.1.5,
0,es,Spanish (español),salmon,salmón,Salmón,rgb,219,92,98,1,8,full,white,en,,1.1.5,
0,es,Spanish (español),lilaoscuro,lila oscuro,Lila oscuro,rgb,83,93,186,1,9,full,white,en,,1.1.5,
0,es,Spanish (español),azuloscuro,azul oscuro,Azul oscuro,rgb,10,54,92,1,10,full,white,en,,1.1.5,
0,es,Spanish (español),beige,beige,Beige,rgb,214,216,171,1,11,full,white,en,,1.1.5,
0,es,Spanish (español),magenta,magenta,Magenta,rgb,230,24,186,3,0,full,white,en,,1.1.5,
0,es,Spanish (español),azulgrisaceo,azul grisáceo,Azul grisáceo,rgb,70,139,178,3,1,full,white,en,,1.1.5,
0,es,Spanish (español),rosa,rosa,Rosa,rgb,241,137,171,3,2,full,white,en,,1.1.5,
0,es,Spanish (español),verde,verde,Verde,rgb,56,194,70,3,3,full,white,en,,1.1.5,
0,es,Spanish (español),amarillohuevo,amarillo huevo,Amarillo huevo,rgb,250,182,30,3,4,full,white,en,,1.1.5,
0,es,Spanish (español),lilaclaro,lila claro,Lila claro,rgb,206,185,201,3,5,full,white,en,,1.1.5,
0,es,Spanish (español),naranja,naranja,Naranja,rgb,211,103,29,3,6,full,white,en,,1.1.5,
0,es,Spanish (español),violeta,violeta,Violeta,rgb,116,50,114,3,7,full,white,en,,1.1.5,
0,es,Spanish (español),purpura,purpura,Purpura,rgb,126,44,14,3,8,full,white,en,,1.1.5,
0,es,Spanish (español),marron,marrón,Marrón,rgb,118,86,11,3,9,full,white,en,,1.1.5,
0,es,Spanish (español),azulklein,azul klein,Azul klein,rgb,35,58,251,3,10,full,white,en,,1.1.5,
0,es,Spanish (español),verdeamarillento,verde amarillento,Verde amarillento,rgb,209,198,68,3,11,full,white,en,,1.1.5,
0,es,Spanish (español),verdebotella,verde botella,Verde botella,rgb,29,105,70,6,0,full,white,en,,1.1.5,
0,es,Spanish (español),violetavivo,violeta vivo,Violeta vivo,rgb,165,67,242,6,1,full,white,en,,1.1.5,
0,es,Spanish (español),verdelimon,verde limón,Verde limón,rgb,136,242,91,6,2,full,white,en,,1.1.5,
0,es,Spanish (español),magenta,magenta,Magenta,rgb,224,87,235,6,3,full,white,en,,1.1.5,
0,es,Spanish (español),verdevivo,verde vivo,Verde vivo,rgb,64,254,124,6,4,full,white,en,,1.1.5,
0,es,Spanish (español),turquesa,turquesa,Turquesa,rgb,126,223,219,6,5,full,white,en,,1.1.5,
0,es,Spanish (español),rosaoscuro,rosa oscuro,Rosa oscuro,rgb,208,87,177,6,6,full,white,en,,1.1.5,
0,es,Spanish (español),violetaapagado,violeta apagado,Violeta apagado,rgb,176,116,187,6,7,full,white,en,,1.1.5,
0,es,Spanish (español),anil,añil,Añil,rgb,45,23,143,6,8,full,white,en,,1.1.5,
0,es,Spanish (español),verdetierra,verde tierra,Verde tierra,rgb,117,133,105,6,9,full,white,en,,1.1.5,
0,es,Spanish (español),granate,granate,Granate,rgb,141,36,83,6,10,full,white,en,,1.1.5,
0,es,Spanish (español),ocreoscuro,ocre oscuro,Ocre oscuro,rgb,187,137,32,6,11,full,white,en,,1.1.5,
0,es,Spanish (español),morado,morado,morado,rgb,189,95,173,1,0,full,white,en,,1.1.5,
0,es,Spanish (español),verde,verde,verde,rgb,116,96,52,1,1,full,white,en,,1.1.5,
0,es,Spanish (español),lila,lila,lila,rgb,137,106,154,1,2,full,white,en,,1.1.5,
0,es,Spanish (español),rosa,rosado,rosado,rgb,239,27,162,1,3,full,white,en,,1.1.5,
0,es,Spanish (español),verde,verde,verde,rgb,5,230,101,1,4,full,white,en,,1.1.5,
0,es,Spanish (español),crema,crema,crema,rgb,223,181,135,1,5,full,white,en,,1.1.5,
0,es,Spanish (español),azul,azul,azul,rgb,85,127,132,1,6,full,white,en,,1.1.5,
0,es,Spanish (español),verde,verde,verde,rgb,64,205,33,1,7,full,white,en,,1.1.5,
0,es,Spanish (español),verde,verde,verde,rgb,105,155,83,1,8,full,white,en,,1.1.5,
0,es,Spanish (español),verde,verde,verde,rgb,26,243,42,1,9,full,white,en,,1.1.5,
0,es,Spanish (español),morado,morado,morado,rgb,118,97,232,1,10,full,white,en,,1.1.5,
0,es,Spanish (español),rojo,rojo,rojo,rgb,189,69,54,1,11,full,white,en,,1.1.5,
0,es,Spanish (español),amarillo,amarillo,amarillo,rgb,254,191,20,3,0,full,white,en,,1.1.5,
0,es,Spanish (español),amarilloclaro,amarillo claro,amarillo claro,rgb,223,235,194,3,1,full,white,en,,1.1.5,
0,es,Spanish (español),azulnegro,azul negro,azul negro,rgb,64,72,85,3,2,full,white,en,,1.1.5,
0,es,Spanish (español),azulclaro,azul claro,azul claro,rgb,58,166,202,3,3,full,white,en,,1.1.5,
0,es,Spanish (español),morado,morado,morado,rgb,95,0,210,3,4,full,white,en,,1.1.5,
0,es,Spanish (español),verde,verde,verde,rgb,48,168,155,3,5,full,white,en,,1.1.5,
0,es,Spanish (español),verde,verde,verde,rgb,132,127,38,3,6,full,white,en,,1.1.5,
0,es,Spanish (español),morado,morado,morado,rgb,196,110,248,3,7,full,white,en,,1.1.5,
0,es,Spanish (español),rojo,rojo,rojo,rgb,191,3,58,3,8,full,white,en,,1.1.5,
0,es,Spanish (español),morado,morado,morado,rgb,193,19,250,3,9,full,white,en,,1.1.5,
0,es,Spanish (español),morado,morado,morado,rgb,173,154,238,3,10,full,white,en,,1.1.5,
0,es,Spanish (español),celeste,celeste,celeste,rgb,165,254,253,3,11,full,white,en,,1.1.5,
0,es,Spanish (español),amarillomostasa,amarillo mostasa,amarillo mostasa,rgb,206,196,99,6,0,full,white,en,,1.1.5,
0,es,Spanish (español),verde,verde,verde,rgb,139,236,102,6,1,full,white,en,,1.1.5,
0,es,Spanish (español),amarillo,amarillo,amarillo,rgb,253,233,38,6,2,full,white,en,,1.1.5,
0,es,Spanish (español),negro,negro,negro,rgb,10,41,26,6,3,full,white,en,,1.1.5,
0,es,Spanish (español),azul,azul,azul,rgb,23,99,148,6,4,full,white,en,,1.1.5,
0,es,Spanish (español),marron,marron,marron,rgb,165,100,84,6,5,full,white,en,,1.1.5,
0,es,Spanish (español),verde,verde,verde,rgb,74,170,47,6,6,full,white,en,,1.1.5,
0,es,Spanish (español),azulmorado,azul morado,azul morado,rgb,55,44,136,6,7,full,white,en,,1.1.5,
0,es,Spanish (español),moradorosa,morado rosado,morado rosado,rgb,175,32,200,6,8,full,white,en,,1.1.5,
0,es,Spanish (español),marrongris,marron gris,marron gris,rgb,149,131,115,6,9,full,white,en,,1.1.5,
0,es,Spanish (español),morado,morado,morado,rgb,143,34,143,6,10,full,white,en,,1.1.5,
0,es,Spanish (español),turquesa,turquesa,turquesa,rgb,16,227,209,6,11,full,white,en,,1.1.5,
0,es,Spanish (español),verde,verde,Verde,rgb,40,241,141,1,0,full,white,en,,1.1.5,
0,es,Spanish (español),verde,verde,Verde,rgb,49,208,184,1,1,full,white,en,,1.1.5,
0,es,Spanish (español),grismarron,gris marron,Gris marron,rgb,173,168,129,1,2,full,white,en,,1.1.5,
0,es,Spanish (español),rosafucsia,rosado fucsia,Rosado fucsia,rgb,239,56,162,1,3,full,white,en,,1.1.5,
0,es,Spanish (español),marron,marron,Marron,rgb,165,91,39,1,4,full,white,en,,1.1.5,
0,es,Spanish (español),azulverde,azul verde,Azul verde,rgb,49,146,132,1,5,full,white,en,,1.1.5,
0,es,Spanish (español),azul,azul,Azul,rgb,11,101,118,1,6,full,white,en,,1.1.5,
0,es,Spanish (español),azul,azul,Azul,rgb,29,62,181,1,7,full,white,en,,1.1.5,
0,es,Spanish (español),rosachillon,rosado chillon,Rosado chillon,rgb,191,15,212,1,8,full,white,en,,1.1.5,
0,es,Spanish (español),rojo,rojo,Rojo,rgb,243,30,39,1,9,full,white,en,,1.1.5,
0,es,Spanish (español),morado,morado,Morado,rgb,162,39,138,1,10,full,white,en,,1.1.5,
0,es,Spanish (español),verde,verde,Verde,rgb,150,212,76,1,11,full,white,en,,1.1.5,
0,es,Spanish (español),verde,verde,Verde,rgb,118,134,25,3,0,full,white,en,,1.1.5,
0,es,Spanish (español),verde,verde,Verde,rgb,176,204,0,3,1,full,white,en,,1.1.5,
0,es,Spanish (español),celeste,celeste,Celeste,rgb,209,248,237,3,2,full,white,en,,1.1.5,
0,es,Spanish (español),verde,verde,Verde,rgb,178,200,109,3,3,full,white,en,,1.1.5,
0,es,Spanish (español),moradolila,morado lila,Morado lila,rgb,140,115,152,3,4,full,white,en,,1.1.5,
0,es,Spanish (español),marronclaro,marron claro,Marron claro,rgb,194,113,13,3,5,full,white,en,,1.1.5,
0,es,Spanish (español),colorcarne,color carne,Color carne,rgb,240,154,101,3,6,full,white,en,,1.1.5,
0,es,Spanish (español),verde,verde,Verde,rgb,18,193,20,3,7,full,white,en,,1.1.5,
0,es,Spanish (español),azul,azul,Azul,rgb,71,144,240,3,8,full,white,en,,1.1.5,
0,es,Spanish (español),azul,azul,Azul,rgb,67,157,199,3,9,full,white,en,,1.1.5,
0,es,Spanish (español),rojo,rojo,Rojo,rgb,180,58,73,3,10,full,white,en,,1.1.5,
0,es,Spanish (español),verde,verde,Verde,rgb,116,216,124,3,11,full,white,en,,1.1.5,
0,es,Spanish (español),azul,azul,Azul,rgb,7,255,253,6,0,full,white,en,,1.1.5,
0,es,Spanish (español),verde,verde,Verde,rgb,10,85,48,6,1,full,white,en,,1.1.5,
0,es,Spanish (español),marroncarne,marron carne,Marron carne,rgb,205,122,106,6,2,full,white,en,,1.1.5,
0,es,Spanish (español),celeste,celeste,Celeste,rgb,178,204,230,6,3,full,white,en,,1.1.5,
0,es,Spanish (español),morado,morado,Morado,rgb,88,78,167,6,4,full,white,en,,1.1.5,
0,es,Spanish (español),marron,marron,Marron,rgb,137,109,110,6,5,full,white,en,,1.1.5,
0,es,Spanish (español),rosa,rosado,Rosado,rgb,203,80,129,6,6,full,white,en,,1.1.5,
0,es,Spanish (español),rosa,rosado,Rosado,rgb,253,220,230,6,7,full,white,en,,1.1.5,
0,es,Spanish (español),rosa,rosado,Rosado,rgb,215,82,212,6,8,full,white,en,,1.1.5,
0,es,Spanish (español),morado,morado,Morado,rgb,100,57,251,6,9,full,white,en,,1.1.5,
0,es,Spanish (español),morado,morado,Morado,rgb,96,39,105,6,10,full,white,en,,1.1.5,
0,es,Spanish (español),azul,azul,Azul,rgb,16,5,123,6,11,full,white,en,,1.1.5,
0,es,Spanish (español),negro,negro,Negro,rgb,9,35,57,1,0,full,white,en,,1.1.5,
0,es,Spanish (español),rosa,rosa,Rosa,rgb,130,88,121,1,1,full,white,en,,1.1.5,
0,es,Spanish (español),cafe,cafe,Cafe,rgb,55,23,24,1,2,full,white,en,,1.1.5,
0,es,Spanish (español),verde,verde,Verde,rgb,94,226,76,1,3,full,white,en,,1.1.5,
0,es,Spanish (español),verde,verde,Verde,rgb,50,118,68,1,4,full,white,en,,1.1.5,
0,es,Spanish (español),cafe,cafe,cafe,rgb,117,53,2,1,5,full,white,en,,1.1.5,
0,es,Spanish (español),azul,azul,azul,rgb,4,115,173,1,6,full,white,en,,1.1.5,
0,es,Spanish (español),verde,verde,verde,rgb,178,215,57,1,7,full,white,en,,1.1.5,
0,es,Spanish (español),purpura,purpura,Purpura,rgb,97,68,226,1,8,full,white,en,,1.1.5,
0,es,Spanish (español),cyan,cian,cian,rgb,39,218,195,1,9,full,white,en,,1.1.5,
0,es,Spanish (español),morado,morado,morado,rgb,162,59,212,1,10,full,white,en,,1.1.5,
0,es,Spanish (español),rosa,rosa,rosa,rgb,249,20,205,1,11,full,white,en,,1.1.5,
0,es,Spanish (español),rosa,rosa,Rosa,rgb,219,107,150,3,0,full,white,en,,1.1.5,
0,es,Spanish (español),verdeclaro,verde claro,Verde claro,rgb,227,244,199,3,1,full,white,en,,1.1.5,
0,es,Spanish (español),purpura,purpura,Purpura,rgb,123,72,150,3,2,full,white,en,,1.1.5,
0,es,Spanish (español),cafe,cafe,cafe,rgb,109,102,50,3,3,full,white,en,,1.1.5,
0,es,Spanish (español),rosa,rosa,rosa,rgb,177,27,79,3,4,full,white,en,,1.1.5,
0,es,Spanish (español),amarillo,amarillo,amarillo,rgb,210,196,23,3,5,full,white,en,,1.1.5,
0,es,Spanish (español),cafe,cafe,cafe,rgb,123,73,66,3,6,full,white,en,,1.1.5,
0,es,Spanish (español),rosa,rosa,rosa,rgb,200,129,110,3,7,full,white,en,,1.1.5,
0,es,Spanish (español),rojo,rojo,rojo,rgb,249,7,62,3,8,full,white,en,,1.1.5,
0,es,Spanish (español),purpura,purpura,purpura,rgb,170,133,188,3,9,full,white,en,,1.1.5,
0,es,Spanish (español),azul,azul,azul,rgb,10,16,159,3,10,full,white,en,,1.1.5,
0,es,Spanish (español),verde,verde,verde,rgb,89,145,130,3,11,full,white,en,,1.1.5,
0,es,Spanish (español),verde,verde,verde,rgb,37,203,101,6,0,full,white,en,,1.1.5,
0,es,Spanish (español),gris,gris,gris,rgb,167,201,193,6,1,full,white,en,,1.1.5,
0,es,Spanish (español),cafe,cafe,cafe,rgb,179,115,11,6,2,full,white,en,,1.1.5,
0,es,Spanish (español),amarillo,amarillo,amarillo,rgb,253,255,136,6,3,full,white,en,,1.1.5,
0,es,Spanish (español),cafe,cafe,cafe,rgb,182,67,15,6,4,full,white,en,,1.1.5,
0,es,Spanish (español),verde,verde,verde,rgb,130,240,12,6,5,full,white,en,,1.1.5,
0,es,Spanish (español),azul,azul,azul,rgb,51,52,144,6,6,full,white,en,,1.1.5,
0,es,Spanish (español),rosa,rosa,rosa,rgb,241,140,81,6,7,full,white,en,,1.1.5,
0,es,Spanish (español),azul,azul,azul,rgb,31,142,249,6,8,full,white,en,,1.1.5,
0,es,Spanish (español),purpura,purpura,purpura,rgb,61,4,221,6,9,full,white,en,,1.1.5,
0,es,Spanish (español),gris,gris,gris,rgb,66,56,31,6,10,full,white,en,,1.1.5,
0,es,Spanish (español),rojo,rojo,rojo,rgb,107,1,1,6,11,full,white,en,,1.1.5,
0,es,Spanish (español),azul,azul,azul,rgb,0,58,255,1,0,line,white,en,,1.1.5,
0,es,Spanish (español),rosa,rosado,rosado,rgb,255,0,128,1,1,line,white,en,,1.1.5,
0,es,Spanish (español),amarillofluorescente,amarillo fluorescente,amarillo fluorescente,rgb,204,255,0,1,2,line,white,en,,1.1.5,
0,es,Spanish (español),lila,lila,lila,rgb,255,0,79,1,3,line,white,en,,1.1.5,
0,es,Spanish (español),celeste,celeste,celeste,rgb,0,225,255,1,4,line,white,en,,1.1.5,
0,es,Spanish (español),amarillo,amarillo,amarillo,rgb,249,255,0,1,5,line,white,en,,1.1.5,
0,es,Spanish (español),amarillooscuro,amarillo oscuro,amarillo oscuro,rgb,255,205,0,1,6,line,white,en,,1.1.5,
0,es,Spanish (español),azul,azul,azul,rgb,0,95,255,1,7,line,white,en,,1.1.5,
0,es,Spanish (español),naranja,naranja,naranja,rgb,255,144,0,1,8,line,white,en,,1.1.5,
0,es,Spanish (español),verde,verde,verde,rgb,92,255,0,1,9,line,white,en,,1.1.5,
0,es,Spanish (español),naranjaoscuro,naranja oscuro,naranja oscuro,rgb,255,83,0,1,10,line,white,en,,1.1.5,
0,es,Spanish (español),azulclaro,azul claro,azul claro,rgb,0,118,255,1,11,line,white,en,,1.1.5,
0,es,Spanish (español),naranja,naranja,naranja,rgb,255,169,0,3,0,line,white,en,,1.1.5,
0,es,Spanish (español),lila,lila,lila,rgb,196,0,255,3,1,line,white,en,,1.1.5,
0,es,Spanish (español),celesteoscuro,celeste oscuro,celeste oscuro,rgb,0,189,255,3,2,line,white,en,,1.1.5,
0,es,Spanish (español),verdefluorescente,verde fluorescente,verde fluorescente,rgb,165,255,0,3,3,line,white,en,,1.1.5,
0,es,Spanish (español),rosa,rosa,rosa,rgb,255,0,158,3,4,line,white,en,,1.1.5,
0,es,Spanish (español),amarillo,amarillo,amarillo,rgb,255,231,0,3,5,line,white,en,,1.1.5,
0,es,Spanish (español),verdeclaro,verde claro,verde claro,rgb,0,255,51,3,6,line,white,en,,1.1.5,
0,es,Spanish (español),verde,verde,verde,rgb,0,255,103,3,7,line,white,en,,1.1.5,
0,es,Spanish (español),verdeagua,verde agua,verde agua,rgb,0,255,129,3,8,line,white,en,,1.1.5,
0,es,Spanish (español),azulreal,azul real,azul real,rgb,0,142,255,3,9,line,white,en,,1.1.5,
0,es,Spanish (español),celesteclaro,celeste claro,celeste claro,rgb,0,251,255,3,10,line,white,en,,1.1.5,
0,es,Spanish (español),purpura,púrpura,púrpura,rgb,235,0,255,3,11,line,white,en,,1.1.5,
0,es,Spanish (español),verdeagua,verde agua,verde agua,rgb,0,255,209,6,0,line,white,en,,1.1.5,
0,es,Spanish (español),verdeazulado,verde azulado,verde azulado,rgb,0,255,190,6,1,line,white,en,,1.1.5,
0,es,Spanish (español),rosa,rosa,rosa,rgb,255,0,226,6,2,line,white,en,,1.1.5,
0,es,Spanish (español),naranjaoscuro,naranja oscuro,naranja oscuro,rgb,255,74,0,6,3,line,white,en,,1.1.5,
0,es,Spanish (español),celesteoscuro,celeste oscuro,celeste oscuro,rgb,0,174,255,6,4,line,white,en,,1.1.5,
0,es,Spanish (español),celeste,celeste,celeste,rgb,0,255,250,6,6,line,white,en,,1.1.5,
0,es,Spanish (español),azulmarino,azul marino,azul marino,rgb,0,79,255,6,7,line,white,en,,1.1.5,
0,es,Spanish (español),rosa,rosa,rosa,rgb,255,0,204,6,8,line,white,en,,1.1.5,
0,es,Spanish (español),rojo,rojo,rojo,rgb,255,0,48,6,9,line,white,en,,1.1.5,
0,es,Spanish (español),rosa,rosa,rosa,rgb,255,0,95,6,10,line,white,en,,1.1.5,
0,es,Spanish (español),azulreal,azul real,azul real,rgb,10,0,255,6,11,line,white,en,,1.1.5,
0,es,Spanish (español),olivo,olivo,Olivo,rgb,98,109,3,1,0,full,white,en,,1.1.5,
0,es,Spanish (español),turquesa,turquesa,Turquesa,rgb,58,164,190,1,1,full,white,en,,1.1.5,
0,es,Spanish (español),azulmarino,azul marino,Azul Marino,rgb,10,40,213,1,3,full,white,en,,1.1.5,
0,es,Spanish (español),azul,azul,Azul,rgb,22,51,179,1,4,full,white,en,,1.1.5,
0,es,Spanish (español),rojo,rojo,Rojo,rgb,172,9,28,1,5,full,white,en,,1.1.5,
0,es,Spanish (español),lavanda,lavanda,lavanda,rgb,177,147,206,1,6,full,white,en,,1.1.5,
0,es,Spanish (español),verde,verde,verde,rgb,68,195,101,1,7,full,white,en,,1.1.5,
0,es,Spanish (español),mostaza,mostaza,Mostaza,rgb,196,121,20,1,8,full,white,en,,1.1.5,
0,es,Spanish (español),verdelimon,verde limon,Verde Limon,rgb,45,121,20,1,9,full,white,en,,1.1.5,
0,es,Spanish (español),mamey,mamey,mamey,rgb,214,130,112,1,10,full,white,en,,1.1.5,
0,es,Spanish (español),azulcielo,azul cielo,azul cielo,rgb,118,151,254,1,11,full,white,en,,1.1.5,
0,es,Spanish (español),verde,verde,verde,rgb,168,245,181,3,0,full,white,en,,1.1.5,
0,es,Spanish (español),verdelimon,verde limon,verde limon,rgb,29,243,41,3,1,full,white,en,,1.1.5,
0,es,Spanish (español),azul,azul,azul,rgb,73,113,177,3,2,full,white,en,,1.1.5,
0,es,Spanish (español),morado,morado,morado,rgb,170,67,167,3,3,full,white,en,,1.1.5,
0,es,Spanish (español),morado,morado,morado,rgb,97,92,178,3,4,full,white,en,,1.1.5,
0,es,Spanish (español),verdeaguaxate,verde aguaxate,Verde aguaxate,rgb,100,188,10,3,5,full,white,en,,1.1.5,
0,es,Spanish (español),fushia,fushia,fushia,rgb,135,57,67,3,6,full,white,en,,1.1.5,
0,es,Spanish (español),limon,limon,limon,rgb,191,222,97,3,7,full,white,en,,1.1.5,
0,es,Spanish (español),amarillo,amarillo,amarillo,rgb,220,197,72,3,8,full,white,en,,1.1.5,
0,es,Spanish (español),gris,gris,gris,rgb,197,219,195,3,9,full,white,en,,1.1.5,
0,es,Spanish (español),verde,verde,verde,rgb,62,238,114,3,10,full,white,en,,1.1.5,
0,es,Spanish (español),rosa,rosa,rosa,rgb,239,54,72,3,11,full,white,en,,1.1.5,
0,es,Spanish (español),purpura,púrpura,Púrpura,rgb,102,37,143,1,0,full,white,en,,1.1.5,
0,es,Spanish (español),verdeagua,verde agua,Verde agua,rgb,195,250,167,1,1,full,white,en,,1.1.5,
0,es,Spanish (español),marronrojizo,marrón rojizo,Marrón rojizo,rgb,156,78,40,1,2,full,white,en,,1.1.5,
0,es,Spanish (español),verdeturquesa,verde turquesa,Verde turquesa,rgb,115,218,134,1,3,full,white,en,,1.1.5,
0,es,Spanish (español),verdeolivaoscuro,verde oliva oscuro,Verde oliva oscuro,rgb,133,119,45,1,4,full,white,en,,1.1.5,
0,es,Spanish (español),violeta,violeta,violeta,rgb,153,97,154,1,5,full,white,en,,1.1.5,
0,es,Spanish (español),magenta,magenta,magenta,rgb,153,24,82,1,6,full,white,en,,1.1.5,
0,es,Spanish (español),azulcyan,azul cian,azul cian,rgb,52,240,213,1,7,full,white,en,,1.1.5,
0,es,Spanish (español),grisclaro,gris claro,gris claro,rgb,214,206,166,1,8,full,white,en,,1.1.5,
0,es,Spanish (español),violetaoscuro,violeta oscuro,violeta oscuro,rgb,87,26,68,1,9,full,white,en,,1.1.5,
0,es,Spanish (español),rosa,rosado,rosado,rgb,218,157,156,1,10,full,white,en,,1.1.5,
0,es,Spanish (español),lila,lila,lila,rgb,210,162,234,1,11,full,white,en,,1.1.5,
0,es,Spanish (español),fucsia,fucsia,fucsia,rgb,245,94,103,3,0,full,white,en,,1.1.5,
0,es,Spanish (español),azul,azul,azul,rgb,57,131,201,3,1,full,white,en,,1.1.5,
0,es,Spanish (español),violetabrillante,violeta brillante,violeta brillante,rgb,154,64,254,3,2,full,white,en,,1.1.5,
0,es,Spanish (español),azulcielo,azul cielo,azul cielo,rgb,145,250,253,3,3,full,white,en,,1.1.5,
0,es,Spanish (español),verde,verde,verde,rgb,67,149,70,3,4,full,white,en,,1.1.5,
0,es,Spanish (español),marronclaro,marrón claro,marrón claro,rgb,224,146,61,3,5,full,white,en,,1.1.5,
0,es,Spanish (español),verdeclaro,verde claro,verde claro,rgb,155,205,36,3,6,full,white,en,,1.1.5,
0,es,Spanish (español),verdebrillante,verde brillante,verde brillante,rgb,103,248,65,3,7,full,white,en,,1.1.5,
0,es,Spanish (español),lavanda,lavanda,lavanda,rgb,146,157,207,3,8,full,white,en,,1.1.5,
0,es,Spanish (español),verdeoliva,verde oliva,verde oliva,rgb,170,188,81,3,9,full,white,en,,1.1.5,
0,es,Spanish (español),grisazulado,gris azulado,gris azulado,rgb,132,118,140,3,10,full,white,en,,1.1.5,
0,es,Spanish (español),gris,gris,gris,rgb,114,125,116,3,11,full,white,en,,1.1.5,
0,es,Spanish (español),azulindigo,azul indigo,azul indigo,rgb,20,17,179,6,0,full,white,en,,1.1.5,
0,es,Spanish (español),magentaoscuro,magenta oscuro,magenta oscuro,rgb,198,7,81,6,1,full,white,en,,1.1.5,
0,es,Spanish (español),violeta,violeta,violeta,rgb,161,56,140,6,2,full,white,en,,1.1.5,
0,es,Spanish (español),vinotinto,vinotinto,vinotinto,rgb,140,65,73,6,3,full,white,en,,1.1.5,
0,es,Spanish (español),verdeoscuro,verde oscuro,verde oscuro,rgb,43,115,69,6,4,full,white,en,,1.1.5,
0,es,Spanish (español),azulmarino,azul marino,azul marino,rgb,31,12,84,6,5,full,white,en,,1.1.5,
0,es,Spanish (español),azulgrisaceooscuro,azul grisáceo oscuro,azul grisáceo oscuro,rgb,56,76,95,6,6,full,white,en,,1.1.5,
0,es,Spanish (español),lilabrillante,lila brillante,lila brillante,rgb,176,108,230,6,7,full,white,en,,1.1.5,
0,es,Spanish (español),fucsia,fucsia,fucsia,rgb,240,30,168,6,8,full,white,en,,1.1.5,
0,es,Spanish (español),azul,azul,azul,rgb,29,85,184,6,9,full,white,en,,1.1.5,
0,es,Spanish (español),azulclaro,azul claro,azul claro,rgb,115,186,227,6,10,full,white,en,,1.1.5,
0,es,Spanish (español),fucsiabrillante,fucsia brillante,fucsia brillante,rgb,246,35,228,6,11,full,white,en,,1.1.5,
0,es,Spanish (español),moradociruela,morado ciruela,morado ciruela,rgb,76,33,67,1,0,full,white,en,,1.1.5,
0,es,Spanish (español),fucsia,fucsia,fucsia,rgb,198,60,186,1,1,full,white,en,,1.1.5,
0,es,Spanish (español),verdeoliva,verde oliva,verde oliva,rgb,109,141,77,1,2,full,white,en,,1.1.5,
0,es,Spanish (español),turquesaoscuro,turquesa oscuro,turquesa oscuro,rgb,28,144,142,1,3,full,white,en,,1.1.5,
0,es,Spanish (español),azulmarino,azul marino,azul marino,rgb,48,87,113,1,4,full,white,en,,1.1.5,
0,es,Spanish (español),lavandaoscuro,lavanda oscuro,lavanda oscuro,rgb,151,101,159,1,5,full,white,en,,1.1.5,
0,es,Spanish (español),rojo,rojo,rojo,rgb,212,5,28,1,6,full,white,en,,1.1.5,
0,es,Spanish (español),azul,azul,azul,rgb,44,115,221,1,7,full,white,en,,1.1.5,
0,es,Spanish (español),malvaoscuro,malva oscuro,malva oscuro,rgb,162,122,143,1,8,full,white,en,,1.1.5,
0,es,Spanish (español),verdeclaro,verde claro,verde claro,rgb,68,185,107,1,9,full,white,en,,1.1.5,
0,es,Spanish (español),azulrey,azul rey,azul rey,rgb,55,51,216,1,10,full,white,en,,1.1.5,
0,es,Spanish (español),verdegrama,verde grama,verde grama,rgb,81,171,38,1,11,full,white,en,,1.1.5,
0,es,Spanish (español),azulceleste,azul celeste,azul celeste,rgb,65,158,202,3,0,full,white,en,,1.1.5,
0,es,Spanish (español),verdeclaro,verde claro,verde claro,rgb,86,228,37,3,1,full,white,en,,1.1.5,
0,es,Spanish (español),menta,menta,menta,rgb,218,245,206,3,2,full,white,en,,1.1.5,
0,es,Spanish (español),violeta,violeta,violeta,rgb,114,5,242,3,3,full,white,en,,1.1.5,
0,es,Spanish (español),morado,morado,morado,rgb,156,85,203,3,4,full,white,en,,1.1.5,
0,es,Spanish (español),marronrojizo,marrón rojizo,marrón rojizo,rgb,119,61,47,3,5,full,white,en,,1.1.5,
0,es,Spanish (español),verdelimon,verde limón,verde limón,rgb,76,236,108,3,6,full,white,en,,1.1.5,
0,es,Spanish (español),azulvioleta,azul violeta,azul violeta,rgb,78,70,190,3,7,full,white,en,,1.1.5,
0,es,Spanish (español),amarillo,amarillo,amarillo,rgb,254,226,71,3,8,full,white,en,,1.1.5,
0,es,Spanish (español),turquesa,turquesa,turquesa,rgb,96,239,223,3,9,full,white,en,,1.1.5,
0,es,Spanish (español),verdemanzana,verde manzana,verde manzana,rgb,193,225,126,3,10,full,white,en,,1.1.5,
0,es,Spanish (español),marroncafe,marrón café,marrón café,rgb,142,124,92,3,11,full,white,en,,1.1.5,
0,es,Spanish (español),rosaclaro,rosado claro,rosado claro,rgb,245,141,209,6,0,full,white,en,,1.1.5,
0,es,Spanish (español),chocolate,chocolate,chocolate,rgb,64,46,26,6,1,full,white,en,,1.1.5,
0,es,Spanish (español),verdejade,verde jade,verde jade,rgb,0,180,149,6,2,full,white,en,,1.1.5,
0,es,Spanish (español),moradooscuro,morado oscuro,morado oscuro,rgb,66,14,86,6,3,full,white,en,,1.1.5,
0,es,Spanish (español),ocre,ocre,ocre,rgb,180,164,76,6,4,full,white,en,,1.1.5,
0,es,Spanish (español),azuloscuro,azul oscuro,azul oscuro,rgb,20,88,154,6,5,full,white,en,,1.1.5,
0,es,Spanish (español),verdeolivaclaro,verde oliva claro,verde oliva claro,rgb,157,183,40,6,6,full,white,en,,1.1.5,
0,es,Spanish (español),rosaquemado,rosa quemado,rosa quemado,rgb,178,93,124,6,7,full,white,en,,1.1.5,
0,es,Spanish (español),lilaoscuro,lila oscuro,lila oscuro,rgb,127,130,205,6,8,full,white,en,,1.1.5,
0,es,Spanish (español),anaranjado,anaranjado,anaranjado,rgb,242,109,55,6,9,full,white,en,,1.1.5,
0,es,Spanish (español),azullavanda,azul lavanda,azul lavanda,rgb,157,170,216,6,10,full,white,en,,1.1.5,
0,es,Spanish (español),rosaintenso,rosado intenso,rosado intenso,rgb,235,4,118,6,11,full,white,en,,1.1.5,
0,es,Spanish (español),verdeoliva,verde oliva,verde oliva,rgb,90,86,30,1,0,full,white,en,,1.1.5,
0,es,Spanish (español),verdeclaro,verde claro,verde claro,rgb,143,174,77,1,1,full,white,en,,1.1.5,
0,es,Spanish (español),morado,morado,morado,rgb,112,76,81,1,2,full,white,en,,1.1.5,
0,es,Spanish (español),lila,lila,lila,rgb,192,97,251,1,3,full,white,en,,1.1.5,
0,es,Spanish (español),rosa,rosado,rosado,rgb,208,98,123,1,4,full,white,en,,1.1.5,
0,es,Spanish (español),azuloscuro,azul oscuro,azul oscuro,rgb,37,48,84,1,5,full,white,en,,1.1.5,
0,es,Spanish (español),beige,beige,beige,rgb,202,241,176,1,6,full,white,en,,1.1.5,
0,es,Spanish (español),azulrey,azul rey,azul rey,rgb,24,57,206,1,7,full,white,en,,1.1.5,
0,es,Spanish (español),gris,gris,gris,rgb,143,149,121,1,8,full,white,en,,1.1.5,
0,es,Spanish (español),azul,azul,azul,rgb,36,74,163,1,9,full,white,en,,1.1.5,
0,es,Spanish (español),carne,carne,carne,rgb,235,188,92,1,10,full,white,en,,1.1.5,
0,es,Spanish (español),cyan,cian,cian,rgb,34,253,251,1,11,full,white,en,,1.1.5,
0,es,Spanish (español),azulcielo,azul cielo,azul cielo,rgb,116,123,204,3,0,full,white,en,,1.1.5,
0,es,Spanish (español),marronclaro,marrón claro,marrón claro,rgb,196,152,120,3,1,full,white,en,,1.1.5,
0,es,Spanish (español),azulclaro,azul claro,azul claro,rgb,94,184,213,3,2,full,white,en,,1.1.5,
0,es,Spanish (español),moradooscuro,morado oscuro,morado oscuro,rgb,92,17,103,3,3,full,white,en,,1.1.5,
0,es,Spanish (español),rosa,rosado,rosado,rgb,248,77,143,3,4,full,white,en,,1.1.5,
0,es,Spanish (español),mostaza,mostaza,mostaza,rgb,214,199,24,3,5,full,white,en,,1.1.5,
0,es,Spanish (español),morado,morado,morado,rgb,111,73,124,3,6,full,white,en,,1.1.5,
0,es,Spanish (español),rojo,rojo,rojo,rgb,253,8,24,3,7,full,white,en,,1.1.5,
0,es,Spanish (español),rosamagenta,rosado magenta,rosado magenta,rgb,179,16,85,3,8,full,white,en,,1.1.5,
0,es,Spanish (español),grisazulado,gris azulado,gris azulado,rgb,53,90,106,3,9,full,white,en,,1.1.5,
0,es,Spanish (español),fucsia,fucsia,fucsia,rgb,217,12,191,3,10,full,white,en,,1.1.5,
0,es,Spanish (español),verdeclaro,verde claro,verde claro,rgb,87,215,100,3,11,full,white,en,,1.1.5,
0,es,Spanish (español),carne,carne,carne,rgb,254,231,184,6,0,full,white,en,,1.1.5,
0,es,Spanish (español),moradociruela,morado ciruela,morado ciruela,rgb,78,28,66,6,1,full,white,en,,1.1.5,
0,es,Spanish (español),verde,verde,verde,rgb,76,164,69,6,2,full,white,en,,1.1.5,
0,es,Spanish (español),amarillopastel,amarillo pastel,amarillo pastel,rgb,235,245,118,6,3,full,white,en,,1.1.5,
0,es,Spanish (español),moradoclarito,morado clarito,morado clarito,rgb,225,208,198,6,4,full,white,en,,1.1.5,
0,es,Spanish (español),marron,marrón,marrón,rgb,124,26,0,6,5,full,white,en,,1.1.5,
0,es,Spanish (español),rosa,rosado,rosado,rgb,216,128,181,6,6,full,white,en,,1.1.5,
0,es,Spanish (español),moradofucsia,morado fucsia,morado fucsia,rgb,203,12,251,6,7,full,white,en,,1.1.5,
0,es,Spanish (español),azulesmeralda,azul esmeralda,azul esmeralda,rgb,42,120,116,6,8,full,white,en,,1.1.5,
0,es,Spanish (español),morado,morado,morado,rgb,145,11,137,6,9,full,white,en,,1.1.5,
0,es,Spanish (español),moradoazulado,morado azulado,morado azulado,rgb,111,14,229,6,10,full,white,en,,1.1.5,
0,es,Spanish (español),azulagua,azul agua,azul agua,rgb,63,174,162,6,11,full,white,en,,1.1.5,
0,es,Spanish (español),marron,marrón,marrón,rgb,81,44,50,1,0,full,white,en,,1.1.5,
0,es,Spanish (español),cyan,cyan,cyan,rgb,47,238,199,1,1,full,white,en,,1.1.5,
0,es,Spanish (español),verde,verde,verde,rgb,28,224,126,1,2,full,white,en,,1.1.5,
0,es,Spanish (español),lilaclaro,lila claro,lila claro,rgb,200,174,182,1,3,full,white,en,,1.1.5,
0,es,Spanish (español),rojosangre,rojo sangre,rojo sangre,rgb,172,20,4,1,4,full,white,en,,1.1.5,
0,es,Spanish (español),beigeoscuro,beige oscuro,beige oscuro,rgb,195,176,35,1,5,full,white,en,,1.1.5,
0,es,Spanish (español),cyanclaro,cyan claro,cyan claro,rgb,132,217,166,1,6,full,white,en,,1.1.5,
0,es,Spanish (español),mostaza,mostaza,mostaza,rgb,217,134,14,1,7,full,white,en,,1.1.5,
0,es,Spanish (español),lilaoscuro,lila oscuro,lila oscuro,rgb,207,134,176,1,8,full,white,en,,1.1.5,
0,es,Spanish (español),verdegramaclaro,verde grama claro,verde grama claro,rgb,85,174,38,1,9,full,white,en,,1.1.5,
0,es,Spanish (español),azulelectricoclaro,azul eléctrico claro,azul eléctrico claro,rgb,73,27,200,1,10,full,white,en,,1.1.5,
0,es,Spanish (español),verdemar,verde mar,verde mar,rgb,26,118,118,1,11,full,white,en,,1.1.5,
0,es,Spanish (español),verdeoliva,verde oliva,verde oliva,rgb,131,121,42,3,0,full,white,en,,1.1.5,
0,es,Spanish (español),beigeclaro,beige claro,beige claro,rgb,193,192,139,3,1,full,white,en,,1.1.5,
0,es,Spanish (español),magenta,magenta,magenta,rgb,223,9,128,3,2,full,white,en,,1.1.5,
0,es,Spanish (español),olivaoscuro,oliva oscuro,oliva oscuro,rgb,79,82,23,3,3,full,white,en,,1.1.5,
0,es,Spanish (español),verdeclaro,verde claro,verde claro,rgb,144,232,125,3,4,full,white,en,,1.1.5,
0,es,Spanish (español),moradooscuro,morado oscuro,morado oscuro,rgb,65,59,94,3,5,full,white,en,,1.1.5,
0,es,Spanish (español),lilaoscuro,lila oscuro,lila oscuro,rgb,216,94,214,3,6,full,white,en,,1.1.5,
0,es,Spanish (español),azulclaro,azul claro,azul claro,rgb,203,187,251,3,7,full,white,en,,1.1.5,
0,es,Spanish (español),cyan,cyan,cyan,rgb,16,163,148,3,8,full,white,en,,1.1.5,
0,es,Spanish (español),rosa,rosado,rosado,rgb,251,103,134,3,9,full,white,en,,1.1.5,
0,es,Spanish (español),azulplomo,azul plomo,azul plomo,rgb,80,114,151,3,10,full,white,en,,1.1.5,
0,es,Spanish (español),verde,verde,verde,rgb,29,239,100,3,11,full,white,en,,1.1.5,
0,es,Spanish (español),cyan,cyan,cyan,rgb,104,212,220,6,0,full,white,en,,1.1.5,
0,es,Spanish (español),lilaoscuro,lila oscuro,lila oscuro,rgb,202,53,247,6,1,full,white,en,,1.1.5,
0,es,Spanish (español),amarillolimon,amarillo limón,amarillo limón,rgb,221,254,1,6,2,full,white,en,,1.1.5,
0,es,Spanish (español),verdegrama,verde grama,verde grama,rgb,30,100,38,6,3,full,white,en,,1.1.5,
0,es,Spanish (español),salmon,salmón,salmón,rgb,250,131,88,6,4,full,white,en,,1.1.5,
0,es,Spanish (español),verdeclaro,verde claro,verde claro,rgb,215,249,199,6,5,full,white,en,,1.1.5,
0,es,Spanish (español),morado,morado,morado,rgb,157,49,155,6,6,full,white,en,,1.1.5,
0,es,Spanish (español),marron,marrón,marrón,rgb,121,32,6,6,7,full,white,en,,1.1.5,
0,es,Spanish (español),verdelimon,verde limón,verde limón,rgb,179,202,23,6,8,full,white,en,,1.1.5,
0,es,Spanish (español),moradooscuro,morado oscuro,morado oscuro,rgb,113,53,95,6,9,full,white,en,,1.1.5,
0,es,Spanish (español),azulcielo,azul cielo,azul cielo,rgb,155,183,219,6,10,full,white,en,,1.1.5,
0,es,Spanish (español),azul,azul,azul,rgb,77,55,188,6,11,full,white,en,,1.1.5,
0,es,Spanish (español),verde,verde,Verde,rgb,103,102,51,1,0,full,white,en,,1.1.5,
0,es,Spanish (español),azul,azul,Azul,rgb,44,60,211,1,1,full,white,en,,1.1.5,
0,es,Spanish (español),cafe,café,Café,rgb,62,11,49,1,2,full,white,en,,1.1.5,
0,es,Spanish (español),cafe,café,Café,rgb,135,79,70,1,3,full,white,en,,1.1.5,
0,es,Spanish (español),amarillo,amarillo,Amarillo,rgb,240,180,33,1,4,full,white,en,,1.1.5,
0,es,Spanish (español),verde,verde,Verde,rgb,111,245,42,1,5,full,white,en,,1.1.5,
0,es,Spanish (español),azul,azul,Azul,rgb,51,250,235,1,6,full,white,en,,1.1.5,
0,es,Spanish (español),azul,azul,Azul,rgb,41,70,179,1,7,full,white,en,,1.1.5,
0,es,Spanish (español),rosa,rosa,Rosa,rgb,238,96,173,1,8,full,white,en,,1.1.5,
0,es,Spanish (español),verde,verde,Verde,rgb,54,162,98,1,9,full,white,en,,1.1.5,
0,es,Spanish (español),morado,morado,Morado,rgb,170,104,247,1,10,full,white,en,,1.1.5,
0,es,Spanish (español),verde,verde,Verde,rgb,166,239,137,1,11,full,white,en,,1.1.5,
0,es,Spanish (español),rosa,rosa,Rosa,rgb,254,58,238,3,0,full,white,en,,1.1.5,
0,es,Spanish (español),rosa,rosa,Rosa,rgb,240,205,244,3,1,full,white,en,,1.1.5,
0,es,Spanish (español),verde,verde,Verde,rgb,135,248,106,3,2,full,white,en,,1.1.5,
0,es,Spanish (español),azul,azul,Azul,rgb,24,114,181,3,3,full,white,en,,1.1.5,
0,es,Spanish (español),verde,verde,Verde,rgb,149,163,52,3,4,full,white,en,,1.1.5,
0,es,Spanish (español),gris,gris,Gris,rgb,125,113,115,3,5,full,white,en,,1.1.5,
0,es,Spanish (español),rojo,rojo,Rojo,rgb,245,48,104,3,6,full,white,en,,1.1.5,
0,es,Spanish (español),verde,verde,Verde,rgb,36,68,58,3,7,full,white,en,,1.1.5,
0,es,Spanish (español),rosa,rosa,Rosa,rgb,198,61,199,3,8,full,white,en,,1.1.5,
0,es,Spanish (español),hueso,hueso,Hueso,rgb,211,216,196,3,9,full,white,en,,1.1.5,
0,es,Spanish (español),azul,azul,Azul,rgb,18,17,122,3,10,full,white,en,,1.1.5,
0,es,Spanish (español),verde,verde,Verde,rgb,46,172,39,3,11,full,white,en,,1.1.5,
0,es,Spanish (español),rojo,rojo,Rojo,rgb,210,75,76,6,0,full,white,en,,1.1.5,
0,es,Spanish (español),azul,azul,Azul,rgb,86,139,245,6,1,full,white,en,,1.1.5,
0,es,Spanish (español),aguamarina,aguamarina,Aguamarina,rgb,33,182,190,6,2,full,white,en,,1.1.5,
0,es,Spanish (español),rojo,rojo,Rojo,rgb,185,32,7,6,3,full,white,en,,1.1.5,
0,es,Spanish (español),cafe,café,Café,rgb,65,47,50,6,4,full,white,en,,1.1.5,
0,es,Spanish (español),violeta,violeta,Violeta,rgb,143,129,177,6,5,full,white,en,,1.1.5,
0,es,Spanish (español),oro,oro,Oro,rgb,163,139,5,6,6,full,white,en,,1.1.5,
0,es,Spanish (español),verde,verde,Verde,rgb,119,180,154,6,7,full,white,en,,1.1.5,
0,es,Spanish (español),naranja,naranja,Naranja,rgb,216,141,83,6,8,full,white,en,,1.1.5,
0,es,Spanish (español),verde,verde,Verde,rgb,129,247,184,6,9,full,white,en,,1.1.5,
0,es,Spanish (español),negro,negro,Negro,rgb,12,15,47,6,10,full,white,en,,1.1.5,
0,es,Spanish (español),verde,verde,Verde,rgb,226,234,137,6,11,full,white,en,,1.1.5,
0,es,Spanish (español),cafe,cafe,cafe,rgb,153,107,20,1,0,full,white,en,,1.1.5,
0,es,Spanish (español),rojo,rojo,rojo,rgb,249,3,54,1,1,full,white,en,,1.1.5,
0,es,Spanish (español),azul,azul,azul,rgb,28,34,156,1,2,full,white,en,,1.1.5,
0,es,Spanish (español),naranja,naranja,naranja,rgb,243,134,24,1,3,full,white,en,,1.1.5,
0,es,Spanish (español),moradopastel,morado pastel,morado pastel,rgb,207,175,244,1,4,full,white,en,,1.1.5,
0,es,Spanish (español),cobre,cobre,cobre,rgb,206,65,38,1,5,full,white,en,,1.1.5,
0,es,Spanish (español),verde,verde,verde,rgb,54,129,18,1,6,full,white,en,,1.1.5,
0,es,Spanish (español),verdeclaro,verde claro,verde claro,rgb,94,198,108,1,7,full,white,en,,1.1.5,
0,es,Spanish (español),cereza,cereza,cereza,rgb,196,57,82,1,8,full,white,en,,1.1.5,
0,es,Spanish (español),azulcielo,azul cielo,azul cielo,rgb,12,162,232,1,9,full,white,en,,1.1.5,
0,es,Spanish (español),morado,morado,morado,rgb,73,70,165,1,10,full,white,en,,1.1.5,
0,es,Spanish (español),verdelimon,verde limon,verde limon,rgb,74,244,59,1,11,full,white,en,,1.1.5,
0,es,Spanish (español),crema,crema,crema,rgb,226,153,104,3,0,full,white,en,,1.1.5,
0,es,Spanish (español),negro,negro,negro,rgb,4,46,25,3,1,full,white,en,,1.1.5,
0,es,Spanish (español),verde,verde,verde,rgb,4,182,44,3,2,full,white,en,,1.1.5,
0,es,Spanish (español),cyan,cyan,cyan,rgb,129,241,211,3,3,full,white,en,,1.1.5,
0,es,Spanish (español),rosa,rosa,rosa,rgb,186,90,170,3,4,full,white,en,,1.1.5,
0,es,Spanish (español),moradoclaro,morado claro,morado claro,rgb,174,199,254,3,5,full,white,en,,1.1.5,
0,es,Spanish (español),verdemilitar,verde militar,verde militar,rgb,127,123,23,3,6,full,white,en,,1.1.5,
0,es,Spanish (español),crema,crema,crema,rgb,248,174,166,3,7,full,white,en,,1.1.5,
0,es,Spanish (español),verde,verde,verde,rgb,64,173,124,3,8,full,white,en,,1.1.5,
0,es,Spanish (español),azulcielo,azul cielo,azul cielo,rgb,133,204,217,3,9,full,white,en,,1.1.5,
0,es,Spanish (español),cereza,cereza,cereza,rgb,188,105,115,3,10,full,white,en,,1.1.5,
0,es,Spanish (español),vino,vino,vino,rgb,116,22,76,3,11,full,white,en,,1.1.5,
0,es,Spanish (español),azuloscuro,azul oscuro,azul oscuro,rgb,18,41,59,6,0,full,white,en,,1.1.5,
0,es,Spanish (español),cafeverdoso,cafe verdoso,cafe verdoso,rgb,82,80,46,6,1,full,white,en,,1.1.5,
0,es,Spanish (español),verdebandera,verde bandera,verde bandera,rgb,10,131,112,6,2,full,white,en,,1.1.5,
0,es,Spanish (español),ocre,ocre,ocre,rgb,203,208,137,6,3,full,white,en,,1.1.5,
0,es,Spanish (español),magenta,magenta,magenta,rgb,223,20,173,6,4,full,white,en,,1.1.5,
0,es,Spanish (español),verdeclaro,verde claro,verde claro,rgb,68,246,146,6,5,full,white,en,,1.1.5,
0,es,Spanish (español),gris,gris,gris,rgb,107,140,136,6,6,full,white,en,,1.1.5,
0,es,Spanish (español),cafeclaro,cafe claro,cafe claro,rgb,143,119,104,6,7,full,white,en,,1.1.5,
0,es,Spanish (español),verde,verde,verde,rgb,144,189,76,6,8,full,white,en,,1.1.5,
0,es,Spanish (español),naranja,naranja,naranja,rgb,235,178,58,6,9,full,white,en,,1.1.5,
0,es,Spanish (español),azulmetalico,azul metalico,azul metalico,rgb,2,97,123,6,10,full,white,en,,1.1.5,
0,es,Spanish (español),verdelimon,verde limon,verde limon,rgb,137,206,20,6,11,full,white,en,,1.1.5,
0,es,Spanish (español),morado,morado,morado,rgb,161,79,181,1,0,full,white,en,,1.1.5,
0,es,Spanish (español),armada,armada,Armada,rgb,16,24,74,1,1,full,white,en,,1.1.5,
0,es,Spanish (español),azul,azul,Azul,rgb,35,31,150,1,2,full,white,en,,1.1.5,
0,es,Spanish (español),durazno,durazno,durazno,rgb,211,84,99,1,3,full,white,en,,1.1.5,
0,es,Spanish (español),moradooscura,morado oscura,morado oscura,rgb,84,37,85,1,4,full,white,en,,1.1.5,
0,es,Spanish (español),verdeazulado,verde azulado,Verde azulado,rgb,92,238,155,1,5,full,white,en,,1.1.5,
0,es,Spanish (español),moradobrillante,morado brillante,morado brillante,rgb,194,17,243,1,6,full,white,en,,1.1.5,
0,es,Spanish (español),rosa,rosado,rosado,rgb,203,60,143,1,7,full,white,en,,1.1.5,
0,es,Spanish (español),heirba,heirba,heirba,rgb,146,163,26,1,8,full,white,en,,1.1.5,
0,es,Spanish (español),salmon,salmon,salmon,rgb,234,122,80,1,9,full,white,en,,1.1.5,
0,es,Spanish (español),rojo,rojo,rojo,rgb,192,24,16,1,10,full,white,en,,1.1.5,
0,es,Spanish (español),gris,gris,gris,rgb,93,95,133,1,11,full,white,en,,1.1.5,
0,es,Spanish (español),moradooscuro,morado oscuro,morado oscuro,rgb,101,22,136,1,0,full,white,en,,1.1.5,
0,es,Spanish (español),naranjaoscuro,naranja oscuro,naranja oscuro,rgb,222,109,32,1,1,full,white,en,,1.1.5,
0,es,Spanish (español),grisrosa,gris rosado,gris rosado,rgb,164,143,168,1,2,full,white,en,,1.1.5,
0,es,Spanish (español),azulturquesa,azul turquesa,azul turquesa,rgb,34,153,179,1,3,full,white,en,,1.1.5,
0,es,Spanish (español),azulelectrico,azul electrico,azul electrico,rgb,66,95,247,1,4,full,white,en,,1.1.5,
0,es,Spanish (español),verdepistachodesaturado,verde pistacho desaturado,verde pistacho desaturado,rgb,158,200,149,1,5,full,white,en,,1.1.5,
0,es,Spanish (español),marron,marron,marron,rgb,111,51,40,1,6,full,white,en,,1.1.5,
0,es,Spanish (español),verdeoscuro,verde oscuro,verde oscuro,rgb,7,139,84,1,7,full,white,en,,1.1.5,
0,es,Spanish (español),amarillopastel,amarillo pastel,amarillo pastel,rgb,247,235,151,1,8,full,white,en,,1.1.5,
0,es,Spanish (español),azulverdosoclaro,azul verdoso claro,azul verdoso claro,rgb,52,246,241,1,9,full,white,en,,1.1.5,
0,es,Spanish (español),azulmoradopastel,azul morado pastel,azul morado pastel,rgb,167,202,254,1,10,full,white,en,,1.1.5,
0,es,Spanish (español),rosapastel,rosa pastel,rosa pastel,rgb,245,196,226,1,11,full,white,en,,1.1.5,
0,es,Spanish (español),marron,marrón,marrón,rgb,116,96,55,1,0,full,white,en,,1.1.5,
0,es,Spanish (español),lavanda,lavanda,lavanda,rgb,184,176,222,1,1,full,white,en,,1.1.5,
0,es,Spanish (español),verde,verde,verde,rgb,156,231,13,1,2,full,white,en,,1.1.5,
0,es,Spanish (español),lila,lila,lila,rgb,202,83,233,1,3,full,white,en,,1.1.5,
0,es,Spanish (español),azul,azul,azul,rgb,65,98,254,1,4,full,white,en,,1.1.5,
0,es,Spanish (español),borgona,borgoña,borgoña,rgb,86,33,50,1,5,full,white,en,,1.1.5,
0,es,Spanish (español),rosa,rosa,rosa,rgb,221,116,188,1,6,full,white,en,,1.1.5,
0,es,Spanish (español),azulverdoso,azul verdoso,azul verdoso,rgb,39,73,65,1,7,full,white,en,,1.1.5,
0,es,Spanish (español),fucsia,fucsia,fucsia,rgb,202,49,64,1,8,full,white,en,,1.1.5,
0,es,Spanish (español),turquesa,turquesa,turquesa,rgb,81,153,104,1,9,full,white,en,,1.1.5,
0,es,Spanish (español),ladrillo,ladrillo,ladrillo,rgb,170,72,69,1,10,full,white,en,,1.1.5,
0,es,Spanish (español),gris,gris,gris,rgb,164,149,134,1,11,full,white,en,,1.1.5,
0,es,Spanish (español),purpura,purpura,purpura,rgb,118,17,220,3,0,full,white,en,,1.1.5,
0,es,Spanish (español),violeta,violeta,violeta,rgb,178,129,144,3,1,full,white,en,,1.1.5,
0,es,Spanish (español),azulclaro,azul claro,azul claro,rgb,113,194,194,3,2,full,white,en,,1.1.5,
0,es,Spanish (español),lilaazulado,lila azulado,lila azulado,rgb,92,86,121,3,3,full,white,en,,1.1.5,
0,es,Spanish (español),azulturquesa,azul turquesa,azul turquesa,rgb,14,176,152,3,4,full,white,en,,1.1.5,
0,es,Spanish (español),mostaza,mostaza,mostaza,rgb,222,181,62,3,5,full,white,en,,1.1.5,
0,es,Spanish (español),azulmarino,azul marino,azul marino,rgb,37,42,108,3,6,full,white,en,,1.1.5,
0,es,Spanish (español),azuloscuro,azul oscuro,azul oscuro,rgb,55,130,161,3,7,full,white,en,,1.1.5,
0,es,Spanish (español),verde,verde,verde,rgb,80,238,52,3,8,full,white,en,,1.1.5,
0,es,Spanish (español),rosaoscuro,rosa oscuro,rosa oscuro,rgb,162,51,91,3,9,full,white,en,,1.1.5,
0,es,Spanish (español),naranja,naranja,naranja,rgb,208,48,18,3,10,full,white,en,,1.1.5,
0,es,Spanish (español),lilapastel,lila pastel,lila pastel,rgb,183,148,228,3,11,full,white,en,,1.1.5,
0,es,Spanish (español),verdebosque,verde bosque,verde bosque,rgb,82,143,47,6,0,full,white,en,,1.1.5,
0,es,Spanish (español),verdemanzana,verde manzana,verde manzana,rgb,135,245,108,6,1,full,white,en,,1.1.5,
0,es,Spanish (español),marronclaro,marrón claro,marrón claro,rgb,203,170,125,6,2,full,white,en,,1.1.5,
0,es,Spanish (español),marron,marrón,marrón,rgb,142,67,23,6,3,full,white,en,,1.1.5,
0,es,Spanish (español),lila,lila,lila,rgb,160,61,163,6,4,full,white,en,,1.1.5,
0,es,Spanish (español),azulpastel,azul pastel,azul pastel,rgb,205,238,218,6,5,full,white,en,,1.1.5,
0,es,Spanish (español),verde,verde,verde,rgb,48,176,101,6,6,full,white,en,,1.1.5,
0,es,Spanish (español),verdepistacho,verde pistacho,verde pistacho,rgb,130,125,25,6,7,full,white,en,,1.1.5,
0,es,Spanish (español),lila,lila,lila,rgb,155,93,145,6,8,full,white,en,,1.1.5,
0,es,Spanish (español),azulturquesa,azul turquesa,azul turquesa,rgb,35,229,153,6,9,full,white,en,,1.1.5,
0,es,Spanish (español),azulcyan,azul cian,azul cian,rgb,38,41,58,6,10,full,white,en,,1.1.5,
0,es,Spanish (español),azulclaro,azul claro,azul claro,rgb,82,203,246,6,11,full,white,en,,1.1.5,
0,es,Spanish (español),verde,verde,verde,rgb,82,208,89,1,0,full,white,en,,1.1.5,
0,es,Spanish (español),gris,gris,gris,rgb,197,195,175,1,1,full,white,en,,1.1.5,
0,es,Spanish (español),verdeoliva,verde oliva,verde oliva,rgb,118,177,90,1,2,full,white,en,,1.1.5,
0,es,Spanish (español),verde,verde,verde,rgb,62,217,35,1,3,full,white,en,,1.1.5,
0,es,Spanish (español),azultitan,azul titán,azul titán,rgb,19,51,232,1,4,full,white,en,,1.1.5,
0,es,Spanish (español),cyan,cian,cian,rgb,4,154,202,1,5,full,white,en,,1.1.5,
0,es,Spanish (español),verdemilitar,verde militar,verde militar,rgb,133,143,49,1,6,full,white,en,,1.1.5,
0,es,Spanish (español),mostaza,mostaza,mostaza,rgb,243,187,83,1,7,full,white,en,,1.1.5,
0,es,Spanish (español),magenta,magenta,magenta,rgb,221,63,141,1,8,full,white,en,,1.1.5,
0,es,Spanish (español),negro,negro,negro,rgb,67,56,64,1,9,full,white,en,,1.1.5,
0,es,Spanish (español),azul,azul,azul,rgb,51,95,207,1,10,full,white,en,,1.1.5,
0,es,Spanish (español),lila,lila,lila,rgb,149,132,202,1,11,full,white,en,,1.1.5,
0,es,Spanish (español),purpura,púrpura,púrpura,rgb,65,22,123,3,0,full,white,en,,1.1.5,
0,es,Spanish (español),colorcarne,color carne,color carne,rgb,232,171,120,3,1,full,white,en,,1.1.5,
0,es,Spanish (español),grisverdoso,gris verdoso,gris verdoso,rgb,105,149,148,3,2,full,white,en,,1.1.5,
0,es,Spanish (español),violeta,violeta,violeta,rgb,152,91,213,3,3,full,white,en,,1.1.5,
0,es,Spanish (español),grisazulado,gris azulado,gris azulado,rgb,114,122,144,3,4,full,white,en,,1.1.5,
0,es,Spanish (español),lila,lila,lila,rgb,126,20,251,3,5,full,white,en,,1.1.5,
0,es,Spanish (español),turquesa,turquesa,turquesa,rgb,12,193,178,3,6,full,white,en,,1.1.5,
0,es,Spanish (español),azulceleste,azul celeste,azul celeste,rgb,142,187,239,3,7,full,white,en,,1.1.5,
0,es,Spanish (español),teja,teja,teja,rgb,167,76,35,3,8,full,white,en,,1.1.5,
0,es,Spanish (español),amarilloverdoso,amarillo verdoso,amarillo verdoso,rgb,204,199,56,3,9,full,white,en,,1.1.5,
0,es,Spanish (español),lila,lila,lila,rgb,154,9,213,3,10,full,white,en,,1.1.5,
0,es,Spanish (español),verdebotella,verde botella,verde botella,rgb,27,114,68,3,11,full,white,en,,1.1.5,
0,es,Spanish (español),granate,granate,granate,rgb,151,7,76,6,0,full,white,en,,1.1.5,
0,es,Spanish (español),amarillo,amarillo,amarillo,rgb,254,226,38,6,1,full,white,en,,1.1.5,
0,es,Spanish (español),marroncafe,marrón café,marrón café,rgb,69,4,34,6,2,full,white,en,,1.1.5,
0,es,Spanish (español),verdepastel,verde pastel,verde pastel,rgb,211,235,184,6,3,full,white,en,,1.1.5,
0,es,Spanish (español),rosa,rosa,rosa,rgb,240,143,216,6,4,full,white,en,,1.1.5,
0,es,Spanish (español),verdelima,verde lima,verde lima,rgb,181,230,126,6,5,full,white,en,,1.1.5,
0,es,Spanish (español),verdementa,verde menta,verde menta,rgb,67,247,196,6,6,full,white,en,,1.1.5,
0,es,Spanish (español),azul,azul,azul,rgb,38,155,245,6,7,full,white,en,,1.1.5,
0,es,Spanish (español),verdeamarillento,verde amarillento,verde amarillento,rgb,149,201,15,6,8,full,white,en,,1.1.5,
0,es,Spanish (español),azulfluorescente,azul fluorescente,azul fluorescente,rgb,54,251,238,6,9,full,white,en,,1.1.5,
0,es,Spanish (español),azulmarino,azul marino,azul marino,rgb,56,26,172,6,10,full,white,en,,1.1.5,
0,es,Spanish (español),marroncastana,marrón castaña,marrón castaña,rgb,134,76,52,6,11,full,white,en,,1.1.5,
0,es,Spanish (español),azulmarino,azul marino,Azul marino,rgb,21,110,152,1,0,full,white,en,,1.1.5,
0,es,Spanish (español),azul,azul,Azul,rgb,30,136,219,1,1,full,white,en,,1.1.5,
0,es,Spanish (español),lila,lila,Lila,rgb,184,175,235,1,2,full,white,en,,1.1.5,
0,es,Spanish (español),verdeoscuro,verde oscuro,Verde oscuro,rgb,4,50,30,1,3,full,white,en,,1.1.5,
0,es,Spanish (español),rosa,rosa,Rosa,rgb,205,60,110,1,4,full,white,en,,1.1.5,
0,es,Spanish (español),violeta,violeta,Violeta,rgb,170,110,176,1,5,full,white,en,,1.1.5,
0,es,Spanish (español),verdementa,verde menta,Verde menta,rgb,91,252,170,1,6,full,white,en,,1.1.5,
0,es,Spanish (español),rosafucsia,rosa fuxia,Rosa fuxia,rgb,239,38,161,1,7,full,white,en,,1.1.5,
0,es,Spanish (español),morado,morado,Morado,rgb,170,58,142,1,8,full,white,en,,1.1.5,
0,es,Spanish (español),verde,verde,Verde,rgb,203,215,103,1,9,full,white,en,,1.1.5,
0,es,Spanish (español),azul,azul,Azul,rgb,71,123,248,1,10,full,white,en,,1.1.5,
0,es,Spanish (español),azulmarino,azul marino,Azul marino,rgb,49,36,82,1,11,full,white,en,,1.1.5,
0,es,Spanish (español),morado,morado,Morado,rgb,147,5,176,3,0,full,white,en,,1.1.5,
0,es,Spanish (español),verdementa,verde menta,Verde menta,rgb,169,249,203,3,1,full,white,en,,1.1.5,
0,es,Spanish (español),beige,beige,Beige,rgb,237,207,146,3,2,full,white,en,,1.1.5,
0,es,Spanish (español),gris,gris,Gris,rgb,148,180,178,3,3,full,white,en,,1.1.5,
0,es,Spanish (español),azuloscuro,azul oscuro,Azul oscuro,rgb,34,16,175,3,4,full,white,en,,1.1.5,
0,es,Spanish (español),azul,azul,Azul,rgb,22,98,251,3,5,full,white,en,,1.1.5,
0,es,Spanish (español),verdeoscuro,verde oscuro,Verde oscuro,rgb,75,128,95,3,6,full,white,en,,1.1.5,
0,es,Spanish (español),lila,lila,Lila,rgb,160,86,221,3,7,full,white,en,,1.1.5,
0,es,Spanish (español),azulmarino,azul marino,Azul marino,rgb,47,1,215,3,8,full,white,en,,1.1.5,
0,es,Spanish (español),rosapalo,rosa palo,Rosa palo,rgb,212,135,167,3,9,full,white,en,,1.1.5,
0,es,Spanish (español),lila,lila,Lila,rgb,130,46,224,3,10,full,white,en,,1.1.5,
0,es,Spanish (español),verde,verde,Verde,rgb,136,171,81,3,11,full,white,en,,1.1.5,
0,es,Spanish (español),verdeclaro,verde claro,Verde claro,rgb,158,245,108,6,0,full,white,en,,1.1.5,
0,es,Spanish (español),amarillo,amarillo,Amarillo,rgb,240,232,67,6,1,full,white,en,,1.1.5,
0,es,Spanish (español),rojo,rojo,Rojo,rgb,223,58,25,6,2,full,white,en,,1.1.5,
0,es,Spanish (español),azuloscuro,azul oscuro,Azul oscuro,rgb,75,39,140,6,3,full,white,en,,1.1.5,
0,es,Spanish (español),verde,verde,Verde,rgb,46,244,97,6,4,full,white,en,,1.1.5,
0,es,Spanish (español),verdeagua,verde agua,Verde agua,rgb,5,200,183,6,5,full,white,en,,1.1.5,
0,es,Spanish (español),verdeoscuro,verde oscuro,Verde oscuro,rgb,28,87,93,6,6,full,white,en,,1.1.5,
0,es,Spanish (español),azul,azul,Azul,rgb,4,183,215,6,7,full,white,en,,1.1.5,
0,es,Spanish (español),naranja,naranja,Naranja,rgb,244,107,2,6,8,full,white,en,,1.1.5,
0,es,Spanish (español),marron,marrón,Marrón,rgb,123,75,25,6,9,full,white,en,,1.1.5,
0,es,Spanish (español),naranja,naranja,Naranja,rgb,240,143,83,6,10,full,white,en,,1.1.5,
0,es,Spanish (español),marron,marrón,Marrón,rgb,85,48,28,6,11,full,white,en,,1.1.5,
0,es,Spanish (español),rosa,rosa,Rosa,rgb,237,101,119,1,0,full,white,en,,1.1.5,
0,es,Spanish (español),azul,azul,Azul,rgb,58,42,73,1,1,full,white,en,,1.1.5,
0,es,Spanish (español),verde,verde,Verde,rgb,231,248,199,1,2,full,white,en,,1.1.5,
0,es,Spanish (español),turquesa,turquesa,Turquesa,rgb,238,253,243,1,3,full,white,en,,1.1.5,
0,es,Spanish (español),granate,granate,Granate,rgb,104,22,55,1,4,full,white,en,,1.1.5,
0,es,Spanish (español),amarillomostaza,amarillo mostaza,Amarillo mostaza,rgb,241,210,98,1,5,full,white,en,,1.1.5,
0,es,Spanish (español),gris,gris,Gris,rgb,111,109,117,1,6,full,white,en,,1.1.5,
0,es,Spanish (español),verdeazulado,verde azulado,Verde azulado,rgb,163,208,194,1,7,full,white,en,,1.1.5,
0,es,Spanish (español),verde,verde,Verde,rgb,81,187,25,1,8,full,white,en,,1.1.5,
0,es,Spanish (español),rosa,rosa,Rosa,rgb,217,146,210,1,9,full,white,en,,1.1.5,
0,es,Spanish (español),lila,lila,Lila,rgb,145,135,187,1,10,full,white,en,,1.1.5,
0,es,Spanish (español),colororo,color oro,Color oro,rgb,200,145,28,1,11,full,white,en,,1.1.5,
0,es,Spanish (español),verde,verde,Verde,rgb,113,146,110,3,0,full,white,en,,1.1.5,
0,es,Spanish (español),azul,azul,Azul,rgb,97,103,254,3,1,full,white,en,,1.1.5,
0,es,Spanish (español),azul,azul,Azul,rgb,32,158,239,3,2,full,white,en,,1.1.5,
0,es,Spanish (español),marron,marrón,Marrón,rgb,142,93,50,3,3,full,white,en,,1.1.5,
0,es,Spanish (español),rosa,rosa,Rosa,rgb,177,125,121,3,4,full,white,en,,1.1.5,
0,es,Spanish (español),verde,verde,Verde,rgb,29,236,91,3,5,full,white,en,,1.1.5,
0,es,Spanish (español),verde,verde,Verde,rgb,122,234,121,3,6,full,white,en,,1.1.5,
0,es,Spanish (español),verde,verde,Verde,rgb,0,204,131,3,7,full,white,en,,1.1.5,
0,es,Spanish (español),marronamarillento,marrón amarillento,Marrón amarillento,rgb,164,139,87,3,8,full,white,en,,1.1.5,
0,es,Spanish (español),verdebotella,verde botella,Verde botella,rgb,6,47,46,3,9,full,white,en,,1.1.5,
0,es,Spanish (español),rosa,rosa,Rosa,rgb,248,144,173,3,10,full,white,en,,1.1.5,
0,es,Spanish (español),naranjateja,naranja teja,Naranja teja,rgb,179,78,7,3,11,full,white,en,,1.1.5,
0,es,Spanish (español),verde,verde,Verde,rgb,129,149,30,6,0,full,white,en,,1.1.5,
0,es,Spanish (español),morado,morado,Morado,rgb,166,43,206,6,1,full,white,en,,1.1.5,
0,es,Spanish (español),verde,verde,Verde,rgb,45,254,41,6,2,full,white,en,,1.1.5,
0,es,Spanish (español),azulmarino,azul marino,Azul marino,rgb,13,19,70,6,3,full,white,en,,1.1.5,
0,es,Spanish (español),morado,morado,Morado,rgb,73,5,117,6,4,full,white,en,,1.1.5,
0,es,Spanish (español),marronoscuro,marrón oscuro,Marrón oscuro,rgb,62,26,15,6,5,full,white,en,,1.1.5,
0,es,Spanish (español),rosafucsia,rosa fucsia,Rosa fucsia,rgb,243,66,173,6,6,full,white,en,,1.1.5,
0,es,Spanish (español),rojo,rojo,Rojo,rgb,229,38,63,6,7,full,white,en,,1.1.5,
0,es,Spanish (español),azul,azul,Azul,rgb,123,62,251,6,8,full,white,en,,1.1.5,
0,es,Spanish (español),beis,beis,Beis,rgb,244,204,170,6,9,full,white,en,,1.1.5,
0,es,Spanish (español),verde,verde,Verde,rgb,131,183,90,6,10,full,white,en,,1.1.5,
0,es,Spanish (español),naranja,naranja,Naranja,rgb,253,108,76,6,11,full,white,en,,1.1.5,
0,es,Spanish (español),azulcielo,azul cielo,azul cielo,rgb,81,141,245,1,1,full,white,en,,1.1.5,
0,es,Spanish (español),moradouva,morado uva,morado uva,rgb,101,65,111,1,2,full,white,en,,1.1.5,
0,es,Spanish (español),anilclaro,añil claro,añil claro,rgb,139,177,226,1,4,full,white,en,,1.1.5,
0,es,Spanish (español),fucsia,fucsia,fucsia,rgb,213,47,90,1,5,full,white,en,,1.1.5,
0,es,Spanish (español),naranjatomate,naranja tomate,naranja tomate,rgb,211,93,49,1,6,full,white,en,,1.1.5,
0,es,Spanish (español),orooscuro,oro oscuro,oro oscuro,rgb,202,142,44,1,7,full,white,en,,1.1.5,
0,es,Spanish (español),rosa,rosa,rosa,rgb,252,161,145,1,8,full,white,en,,1.1.5,
0,es,Spanish (español),verdepantano,verde pántano,verde pántano,rgb,42,84,4,1,9,full,white,en,,1.1.5,
0,es,Spanish (español),aguamarinaoscuro,aguamarina oscuro,aguamarina oscuro,rgb,95,183,121,1,10,full,white,en,,1.1.5,
0,es,Spanish (español),piel,piel,piel,rgb,237,175,122,1,11,full,white,en,,1.1.5,
0,es,Spanish (español),malva,malva,malva,rgb,152,55,126,3,0,full,white,en,,1.1.5,
0,es,Spanish (español),amarilloverdoso,amarillo verdoso,amarillo verdoso,rgb,236,246,68,3,1,full,white,en,,1.1.5,
0,es,Spanish (español),purpuraoscuro,púrpura oscuro,púrpura oscuro,rgb,143,68,87,3,2,full,white,en,,1.1.5,
0,es,Spanish (español),naranjazanahoria,naranja zanahoria,naranja zanahoria,rgb,239,126,12,3,3,full,white,en,,1.1.5,
0,es,Spanish (español),naranjafuere,naranja fuere,naranja fuere,rgb,246,86,7,3,4,full,white,en,,1.1.5,
0,es,Spanish (español),indigo,índigo,índigo,rgb,38,69,123,3,5,full,white,en,,1.1.5,
0,es,Spanish (español),azulmorado,azul morado,azul morado,rgb,60,15,241,3,6,full,white,en,,1.1.5,
0,es,Spanish (español),magentafrio,magenta frío,magenta frío,rgb,220,14,179,3,7,full,white,en,,1.1.5,
0,es,Spanish (español),violetapalidofrio,violeta pálido frío,violeta pálido frío,rgb,125,76,209,3,8,full,white,en,,1.1.5,
0,es,Spanish (español),azulultramaroscuro,azul ultramar oscuro,azul ultramar oscuro,rgb,13,17,102,3,9,full,white,en,,1.1.5,
0,es,Spanish (español),violetapalidoclaro,violeta pálido claro,violeta pálido claro,rgb,204,134,224,3,10,full,white,en,,1.1.5,
0,es,Spanish (español),moradoazulado,morado azulado,morado azulado,rgb,83,56,229,3,11,full,white,en,,1.1.5,
0,es,Spanish (español),olivaamarillentopalido,oliva amarillento pálido,oliva amarillento pálido,rgb,210,205,121,6,0,full,white,en,,1.1.5,
0,es,Spanish (español),verdehojaamarillento,verde hoja amarillento,verde hoja amarillento,rgb,148,161,23,6,1,full,white,en,,1.1.5,
0,es,Spanish (español),verdebrillante,verde brillante,verde brillante,rgb,41,213,33,6,2,full,white,en,,1.1.5,
0,es,Spanish (español),azulcielopalido,azul cielo pálido,azul cielo pálido,rgb,201,225,225,6,3,full,white,en,,1.1.5,
0,es,Spanish (español),moradobrillante,morado brillante,morado brillante,rgb,163,33,176,6,4,full,white,en,,1.1.5,
0,es,Spanish (español),ultramarpocosaturado,ultramar poco saturado,ultramar poco saturado,rgb,66,81,104,6,5,full,white,en,,1.1.5,
0,es,Spanish (español),verdesucio,verde sucio,verde sucio,rgb,50,65,31,6,6,full,white,en,,1.1.5,
0,es,Spanish (español),verdeperaoscuro,verde pera oscuro,verde pera oscuro,rgb,123,180,63,6,7,full,white,en,,1.1.5,
0,es,Spanish (español),rojopocosaturado,rojo poco saturado,rojo poco saturado,rgb,235,56,53,6,8,full,white,en,,1.1.5,
0,es,Spanish (español),verdeazulado,verde azulado,verde azulado,rgb,33,146,62,6,9,full,white,en,,1.1.5,
0,es,Spanish (español),grisazulado,gris azulado,gris azulado,rgb,149,164,153,6,10,full,white,en,,1.1.5,
0,es,Spanish (español),celeste,celeste,celeste,rgb,111,237,227,6,11,full,white,en,,1.1.5,
0,es,Spanish (español),purpura,purpura,purpura,rgb,197,65,188,1,0,full,white,en,,1.1.5,
0,es,Spanish (español),lila,lila,lila,rgb,165,134,225,1,1,full,white,en,,1.1.5,
0,es,Spanish (español),gris,gris,gris,rgb,99,83,130,1,2,full,white,en,,1.1.5,
0,es,Spanish (español),terracota,terracota,terracota,rgb,208,93,4,1,3,full,white,en,,1.1.5,
0,es,Spanish (español),amarillo,amarillo,amarillo,rgb,236,192,13,1,4,full,white,en,,1.1.5,
0,es,Spanish (español),rosa,rosado,rosado,rgb,205,114,87,1,5,full,white,en,,1.1.5,
0,es,Spanish (español),gris,gris,gris,rgb,205,192,199,1,6,full,white,en,,1.1.5,
0,es,Spanish (español),azul,azul,azul,rgb,10,40,94,1,7,full,white,en,,1.1.5,
0,es,Spanish (español),fucsia,fucsia,fucsia,rgb,243,22,235,1,8,full,white,en,,1.1.5,
0,es,Spanish (español),azul,azul,azul,rgb,5,36,249,1,9,full,white,en,,1.1.5,
0,es,Spanish (español),violeta,violeta,violeta,rgb,177,67,239,1,10,full,white,en,,1.1.5,
0,es,Spanish (español),coral,coral,coral,rgb,250,55,59,1,11,full,white,en,,1.1.5,
0,es,Spanish (español),uva,uva,uva,rgb,78,30,42,3,0,full,white,en,,1.1.5,
0,es,Spanish (español),azul,azul,azul,rgb,66,115,170,3,1,full,white,en,,1.1.5,
0,es,Spanish (español),verde,verde,verde,rgb,160,206,56,3,2,full,white,en,,1.1.5,
0,es,Spanish (español),vinotinto,vino tinto,vino tinto,rgb,133,14,30,3,3,full,white,en,,1.1.5,
0,es,Spanish (español),azul,azul,azul,rgb,20,102,249,3,4,full,white,en,,1.1.5,
0,es,Spanish (español),gris,gris,gris,rgb,187,203,174,3,5,full,white,en,,1.1.5,
0,es,Spanish (español),azul,azul,azul,rgb,16,53,162,3,6,full,white,en,,1.1.5,
0,es,Spanish (español),amarillo,amarillo,amarillo,rgb,212,240,10,3,7,full,white,en,,1.1.5,
0,es,Spanish (español),verde,verde,verde,rgb,25,213,50,3,8,full,white,en,,1.1.5,
0,es,Spanish (español),ocre,ocre,ocre,rgb,181,138,32,3,9,full,white,en,,1.1.5,
0,es,Spanish (español),azul,azul,azul,rgb,59,146,245,3,10,full,white,en,,1.1.5,
0,es,Spanish (español),azul,azul,azul,rgb,25,101,117,3,11,full,white,en,,1.1.5,
0,es,Spanish (español),fusciaclaro,fuscia claro,fuscia claro,rgb,240,107,199,6,0,full,white,en,,1.1.5,
0,es,Spanish (español),morado,morado,morado,rgb,91,12,153,6,1,full,white,en,,1.1.5,
0,es,Spanish (español),verdeaguamarina,verde aguamarina,verde aguamarina,rgb,16,223,179,6,2,full,white,en,,1.1.5,
0,es,Spanish (español),azulcielo,azul cielo,azul cielo,rgb,128,210,228,6,3,full,white,en,,1.1.5,
0,es,Spanish (español),rosavieja,rosa vieja,rosa vieja,rgb,224,151,180,6,4,full,white,en,,1.1.5,
0,es,Spanish (español),marron,marron,marron,rgb,128,98,71,6,5,full,white,en,,1.1.5,
0,es,Spanish (español),verde,verde,verde,rgb,94,170,124,6,6,full,white,en,,1.1.5,
0,es,Spanish (español),gris,gris,gris,rgb,108,130,114,6,7,full,white,en,,1.1.5,
0,es,Spanish (español),uva,uva,uva,rgb,128,41,87,6,8,full,white,en,,1.1.5,
0,es,Spanish (español),verdemilitar,verde militar,verde militar,rgb,98,130,75,6,9,full,white,en,,1.1.5,
0,es,Spanish (español),carne,carne,carne,rgb,219,167,118,6,10,full,white,en,,1.1.5,
0,es,Spanish (español),fusciaoscuro,fuscia oscuro,fuscia oscuro,rgb,229,54,93,6,11,full,white,en,,1.1.5,
0,es,Spanish (español),herbgreen,herbgreen,HerbGreen,rgb,125,201,129,1,1,full,white,en,,1.1.5,
0,es,Spanish (español),militargreen,militargreen,MilitarGreen,rgb,156,160,41,1,2,full,white,en,,1.1.5,
0,es,Spanish (español),electricblue,electricblue,ElectricBlue,rgb,38,102,254,1,4,full,white,en,,1.1.5,
0,es,Spanish (español),greyblue,greyblue,GreyBlue,rgb,13,110,133,1,5,full,white,en,,1.1.5,
0,es,Spanish (español),morado,morado,Morado,rgb,107,12,140,1,8,full,white,en,,1.1.5,
0,es,Spanish (español),rose,rose,Rose,rgb,157,12,184,1,9,full,white,en,,1.1.5,
0,es,Spanish (español),redrose,redrose,RedRose,rgb,122,26,80,1,10,full,white,en,,1.1.5,
0,es,Spanish (español),auvergine,auvergine,Auvergine,rgb,85,45,78,1,11,full,white,en,,1.1.5,
0,es,Spanish (español),jade,jade,jade,rgb,139,187,80,1,0,full,white,en,,1.1.5,
0,es,Spanish (español),rosa,rosa,rosa,rgb,240,142,246,1,1,full,white,en,,1.1.5,
0,es,Spanish (español),lila,lila,lila,rgb,178,176,241,1,2,full,white,en,,1.1.5,
0,es,Spanish (español),carmelita,carmelita,carmelita,rgb,175,96,55,1,3,full,white,en,,1.1.5,
0,es,Spanish (español),ladrillo,ladrillo,ladrillo,rgb,214,137,136,1,4,full,white,en,,1.1.5,
0,es,Spanish (español),lima,lima,lima,rgb,5,221,167,1,5,full,white,en,,1.1.5,
0,es,Spanish (español),indigo,indigo,indigo,rgb,77,118,182,1,6,full,white,en,,1.1.5,
0,es,Spanish (español),naranja,naranja,naranja,rgb,236,99,3,1,7,full,white,en,,1.1.5,
0,es,Spanish (español),verdeazul,verdeazul,verdeazul,rgb,69,177,194,1,8,full,white,en,,1.1.5,
0,es,Spanish (español),negro,negro,negro,rgb,45,18,20,1,9,full,white,en,,1.1.5,
0,es,Spanish (español),rojo,rojo,rojo,rgb,224,53,40,1,10,full,white,en,,1.1.5,
0,es,Spanish (español),morado,morado,morado,rgb,103,110,214,1,11,full,white,en,,1.1.5,
0,es,Spanish (español),azul,azul,Azul,rgb,0,144,255,1,0,line,white,en,,1.1.5,
0,es,Spanish (español),rojo,rojo,Rojo,rgb,255,0,40,1,1,line,white,en,,1.1.5,
0,es,Spanish (español),amarillo,amarillo,Amarillo,rgb,237,255,0,1,2,line,white,en,,1.1.5,
0,es,Spanish (español),rojo,rojo,Rojo,rgb,255,0,78,1,3,line,white,en,,1.1.5,
0,es,Spanish (español),rosa,rosa,Rosa,rgb,255,0,197,1,4,line,white,en,,1.1.5,
0,es,Spanish (español),azul,azul,Azul,rgb,0,119,255,1,5,line,white,en,,1.1.5,
0,es,Spanish (español),verde,verde,Verde,rgb,85,255,0,1,6,line,white,en,,1.1.5,
0,es,Spanish (español),cyan,cian,Cian,rgb,0,247,255,1,7,line,white,en,,1.1.5,
0,es,Spanish (español),azul,azul,Azul,rgb,0,164,255,1,8,line,white,en,,1.1.5,
0,es,Spanish (español),rosa,rosa,Rosa,rgb,252,0,255,1,9,line,white,en,,1.1.5,
0,es,Spanish (español),verde,verde,Verde,rgb,0,255,212,1,10,line,white,en,,1.1.5,
0,es,Spanish (español),magenta,magenta,Magenta,rgb,255,0,131,1,11,line,white,en,,1.1.5,
0,es,Spanish (español),verde,verde,Verde,rgb,0,255,179,3,0,line,white,en,,1.1.5,
0,es,Spanish (español),amarillo,amarillo,Amarillo,rgb,226,255,0,3,1,line,white,en,,1.1.5,
0,es,Spanish (español),azul,azul,Azul,rgb,84,0,255,3,2,line,white,en,,1.1.5,
0,es,Spanish (español),violeta,violeta,Violeta,rgb,128,0,255,3,3,line,white,en,,1.1.5,
0,es,Spanish (español),cyan,cian,Cian,rgb,0,187,255,3,4,line,white,en,,1.1.5,
0,es,Spanish (español),verde,verde,Verde,rgb,0,255,39,3,5,line,white,en,,1.1.5,
0,es,Spanish (español),naranja,naranja,Naranja,rgb,255,83,0,3,6,line,white,en,,1.1.5,
0,es,Spanish (español),azul,azul,Azul,rgb,0,209,255,3,7,line,white,en,,1.1.5,
0,es,Spanish (español),naranja,naranja,Naranja,rgb,255,148,0,3,8,line,white,en,,1.1.5,
0,es,Spanish (español),azul,azul,Azul,rgb,0,36,255,3,9,line,white,en,,1.1.5,
0,es,Spanish (español),rosa,rosa,Rosa,rgb,255,0,95,3,10,line,white,en,,1.1.5,
0,es,Spanish (español),morado,morado,Morado,rgb,169,0,255,3,11,line,white,en,,1.1.5,
0,es,Spanish (español),verde,verde,Verde,rgb,0,255,106,6,0,line,white,en,,1.1.5,
0,es,Spanish (español),azul,azul,Azul,rgb,0,91,255,6,1,line,white,en,,1.1.5,
0,es,Spanish (español),amarillo,amarillo,Amarillo,rgb,255,194,0,6,2,line,white,en,,1.1.5,
0,es,Spanish (español),naranja,naranja,Naranja,rgb,255,170,0,6,3,line,white,en,,1.1.5,
0,es,Spanish (español),verde,verde,Verde,rgb,0,255,136,6,4,line,white,en,,1.1.5,
0,es,Spanish (español),rojo,rojo,Rojo,rgb,255,78,0,6,5,line,white,en,,1.1.5,
0,es,Spanish (español),rosa,rosa,Rosa,rgb,255,0,149,6,6,line,white,en,,1.1.5,
0,es,Spanish (español),verde,verde,Verde,rgb,151,255,0,6,7,line,white,en,,1.1.5,
0,es,Spanish (español),amarillo,amarillo,Amarillo,rgb,255,231,0,6,8,line,white,en,,1.1.5,
0,es,Spanish (español),cyan,cian,Cian,rgb,0,255,248,6,9,line,white,en,,1.1.5,
0,es,Spanish (español),rosa,rosa,Rosa,rgb,255,0,242,6,10,line,white,en,,1.1.5,
0,es,Spanish (español),azul,azul,Azul,rgb,0,77,255,6,11,line,white,en,,1.1.5,
0,es,Spanish (español),verdeaguamarina,verde aguamarina,Verde aguamarina,rgb,10,234,163,1,0,full,white,en,,1.1.5,
0,es,Spanish (español),azulclaro,azul claro,Azul claro,rgb,144,180,244,1,1,full,white,en,,1.1.5,
0,es,Spanish (español),verdepasto,verde pasto,Verde pasto,rgb,40,160,62,1,2,full,white,en,,1.1.5,
0,es,Spanish (español),rojooscuro,rojo oscuro,Rojo oscuro,rgb,195,60,19,1,3,full,white,en,,1.1.5,
0,es,Spanish (español),verdemilitar,verde militar,Verde militar,rgb,105,129,97,1,4,full,white,en,,1.1.5,
0,es,Spanish (español),turquesaoscuro,turquesa oscuro,Turquesa oscuro,rgb,122,78,114,1,5,full,white,en,,1.1.5,
0,es,Spanish (español),azulnaval,azul naval,Azul naval,rgb,65,118,179,1,6,full,white,en,,1.1.5,
0,es,Spanish (español),vinotinto,vino tinto,Vino tinto,rgb,127,45,77,1,7,full,white,en,,1.1.5,
0,es,Spanish (español),azulcielo,azul cielo,Azul cielo,rgb,67,184,206,1,8,full,white,en,,1.1.5,
0,es,Spanish (español),cafeamarillento,café amarillento,Café amarillento,rgb,198,121,17,1,9,full,white,en,,1.1.5,
0,es,Spanish (español),magenta,magenta,Magenta,rgb,228,105,203,1,10,full,white,en,,1.1.5,
0,es,Spanish (español),fucsiaoscuro,fucsia oscuro,Fucsia oscuro,rgb,189,35,82,1,11,full,white,en,,1.1.5,
0,es,Spanish (español),cafeoscuro,café oscuro,Café oscuro,rgb,96,62,34,3,0,full,white,en,,1.1.5,
0,es,Spanish (español),salmon,salmón,Salmón,rgb,251,108,116,3,1,full,white,en,,1.1.5,
0,es,Spanish (español),verdegrisaceo,verde grisáceo,Verde grisáceo,rgb,214,235,212,3,2,full,white,en,,1.1.5,
0,es,Spanish (español),morado,morado,Morado,rgb,161,43,171,3,3,full,white,en,,1.1.5,
0,es,Spanish (español),verdeclaro,verde claro,Verde claro,rgb,124,206,129,3,4,full,white,en,,1.1.5,
0,es,Spanish (español),azul,azul,Azul,rgb,19,137,233,3,5,full,white,en,,1.1.5,
0,es,Spanish (español),fucsia,fucsia,Fucsia,rgb,235,35,125,3,6,full,white,en,,1.1.5,
0,es,Spanish (español),lilaoscuro,lila oscuro,Lila oscuro,rgb,119,114,240,3,7,full,white,en,,1.1.5,
0,es,Spanish (español),azuloscuro,azul oscuro,Azul oscuro,rgb,24,23,74,3,8,full,white,en,,1.1.5,
0,es,Spanish (español),verdepastoclaro,verde pasto claro,Verde pasto claro,rgb,141,177,72,3,9,full,white,en,,1.1.5,
0,es,Spanish (español),cafeclaro,café claro,Café claro,rgb,148,75,23,3,10,full,white,en,,1.1.5,
0,es,Spanish (español),rosapastel,rosado pastel,Rosado pastel,rgb,210,150,195,3,11,full,white,en,,1.1.5,
0,es,Spanish (español),morado,morado,Morado,rgb,84,23,176,6,0,full,white,en,,1.1.5,
0,es,Spanish (español),grisoscuro,gris oscuro,Gris oscuro,rgb,61,65,100,6,1,full,white,en,,1.1.5,
0,es,Spanish (español),azulprofundo,azul profundo,Azul profundo,rgb,54,45,151,6,2,full,white,en,,1.1.5,
0,es,Spanish (español),azul,azul,Azul,rgb,27,48,242,6,3,full,white,en,,1.1.5,
0,es,Spanish (español),rosa,rosado,Rosado,rgb,246,39,175,6,4,full,white,en,,1.1.5,
0,es,Spanish (español),fucsiaintenso,fucsia intenso,Fucsia intenso,rgb,207,7,230,6,5,full,white,en,,1.1.5,
0,es,Spanish (español),verde,verde,Verde,rgb,50,127,57,6,6,full,white,en,,1.1.5,
0,es,Spanish (español),verdelimon,verde limón,Verde limón,rgb,211,244,167,6,7,full,white,en,,1.1.5,
0,es,Spanish (español),avellana,avellana,Avellana,rgb,206,139,88,6,8,full,white,en,,1.1.5,
0,es,Spanish (español),aguamarina,aguamarina,Aguamarina,rgb,29,188,153,6,9,full,white,en,,1.1.5,
0,es,Spanish (español),rojo,rojo,Rojo,rgb,228,10,56,6,10,full,white,en,,1.1.5,
0,es,Spanish (español),verdegrisaceo,verde grisáceo,Verde grisáceo,rgb,126,180,143,6,11,full,white,en,,1.1.5,
0,es,Spanish (español),fosforescente,fosforescente,Fosforescente,rgb,196,246,65,1,0,full,white,en,,1.1.5,
0,es,Spanish (español),azulrey,azul rey,Azul rey,rgb,30,45,146,1,1,full,white,en,,1.1.5,
0,es,Spanish (español),verdelimon,verde limón,Verde limón,rgb,183,222,107,1,2,full,white,en,,1.1.5,
0,es,Spanish (español),naranja,naranja,Naranja,rgb,237,97,38,1,3,full,white,en,,1.1.5,
0,es,Spanish (español),morado,morado,Morado,rgb,138,72,138,1,4,full,white,en,,1.1.5,
0,es,Spanish (español),fuscia,fuscia,Fuscia,rgb,221,20,155,1,5,full,white,en,,1.1.5,
0,es,Spanish (español),marron,marrón,Marrón,rgb,157,87,35,1,6,full,white,en,,1.1.5,
0,es,Spanish (español),azulceleste,azul celeste,Azul celeste,rgb,15,183,206,1,7,full,white,en,,1.1.5,
0,es,Spanish (español),azulaguamarina,azul aguamarina,Azul aguamarina,rgb,45,223,166,1,8,full,white,en,,1.1.5,
0,es,Spanish (español),cafeclaro,café claro,Café claro,rgb,174,160,124,1,9,full,white,en,,1.1.5,
0,es,Spanish (español),beige,beige,Beige,rgb,244,234,191,1,10,full,white,en,,1.1.5,
0,es,Spanish (español),verde,verde,Verde,rgb,105,193,75,1,11,full,white,en,,1.1.5,
0,es,Spanish (español),darkorange,dark orange,Dark Orange,rgb,202,109,50,1,0,full,white,en,,1.1.5,
0,es,Spanish (español),brown,brown,Brown,rgb,150,88,47,1,1,full,white,en,,1.1.5,
0,es,Spanish (español),darkpink,dark pink,Dark pink,rgb,215,111,156,1,2,full,white,en,,1.1.5,
0,es,Spanish (español),darkbrown,dark brown,Dark brown,rgb,77,62,6,1,4,full,white,en,,1.1.5,
0,es,Spanish (español),darkgreen,dark green,Dark green,rgb,5,45,20,1,6,full,white,en,,1.1.5,
0,es,Spanish (español),darkyellow,dark yellow,Dark yellow,rgb,202,188,96,1,7,full,white,en,,1.1.5,
0,es,Spanish (español),lightgreen,light green,Light green,rgb,202,235,106,1,10,full,white,en,,1.1.5,
0,es,Spanish (español),gold,gold,Gold,rgb,189,157,9,1,11,full,white,en,,1.1.5,
0,es,Spanish (español),azulrey,azul rey,Azul rey,rgb,7,58,107,3,0,full,white,en,,1.1.5,
0,es,Spanish (español),azulclaro,azul claro,Azul claro,rgb,119,170,207,3,1,full,white,en,,1.1.5,
0,es,Spanish (español),azul,azul,Azul,rgb,80,109,157,3,2,full,white,en,,1.1.5,
0,es,Spanish (español),verdefosforescente,verde fosforescente,Verde fosforescente,rgb,84,216,12,3,3,full,white,en,,1.1.5,
0,es,Spanish (español),gris,gris,Gris,rgb,182,200,194,3,4,full,white,en,,1.1.5,
0,es,Spanish (español),amarillo,amarillo,Amarillo,rgb,202,166,27,3,5,full,white,en,,1.1.5,
0,es,Spanish (español),azul,azul,Azul,rgb,104,4,188,3,6,full,white,en,,1.1.5,
0,es,Spanish (español),azulrey,azul rey,Azul rey,rgb,56,7,245,3,7,full,white,en,,1.1.5,
0,es,Spanish (español),verde,verde,Verde,rgb,17,229,111,3,8,full,white,en,,1.1.5,
0,es,Spanish (español),azuloscuro,azul oscuro,Azul oscuro,rgb,78,82,249,3,9,full,white,en,,1.1.5,
0,es,Spanish (español),cafe,café,Café,rgb,166,128,51,3,10,full,white,en,,1.1.5,
0,es,Spanish (español),negro,negro,Negro,rgb,33,47,41,3,11,full,white,en,,1.1.5,
0,es,Spanish (español),fucsia,fucsia,Fucsia,rgb,248,29,126,3,0,full,white,en,,1.1.5,
0,es,Spanish (español),verde,verde,Verde,rgb,101,227,47,3,1,full,white,en,,1.1.5,
0,es,Spanish (español),violeta,violeta,Violeta,rgb,92,64,132,3,2,full,white,en,,1.1.5,
0,es,Spanish (español),verdeoscuro,verde oscuro,Verde oscuro,rgb,86,94,2,3,3,full,white,en,,1.1.5,
0,es,Spanish (español),azul,azul,Azul,rgb,44,136,210,3,4,full,white,en,,1.1.5,
0,es,Spanish (español),azulverdoso,azul verdoso,Azul verdoso,rgb,32,155,174,3,5,full,white,en,,1.1.5,
0,es,Spanish (español),gris,gris,Gris,rgb,168,187,212,3,6,full,white,en,,1.1.5,
0,es,Spanish (español),purpura,purpura,Purpura,rgb,183,48,195,3,7,full,white,en,,1.1.5,
0,es,Spanish (español),purpura,purpura,Purpura,rgb,190,23,243,3,8,full,white,en,,1.1.5,
0,es,Spanish (español),violeta,violeta,Violeta,rgb,97,40,202,3,9,full,white,en,,1.1.5,
0,es,Spanish (español),abano,abano,Abano,rgb,231,158,134,3,10,full,white,en,,1.1.5,
0,es,Spanish (español),cafe,café,Café,rgb,120,106,75,3,11,full,white,en,,1.1.5,
0,es,Spanish (español),vinotinto,vino tinto,Vino tinto,rgb,126,41,72,6,0,full,white,en,,1.1.5,
0,es,Spanish (español),verde,verde,Verde,rgb,52,94,89,6,1,full,white,en,,1.1.5,
0,es,Spanish (español),amarillo,amarillo,Amarillo,rgb,239,210,1,6,2,full,white,en,,1.1.5,
0,es,Spanish (español),rojotinto,rojo tinto,Rojo tinto,rgb,139,39,10,6,3,full,white,en,,1.1.5,
0,es,Spanish (español),verdeaguamarina,verde aguamarina,Verde Aguamarina,rgb,38,164,154,6,4,full,white,en,,1.1.5,
0,es,Spanish (español),azulmorado,azul morado,Azul morado,rgb,146,127,247,6,5,full,white,en,,1.1.5,
0,es,Spanish (español),lila,lila,Lila,rgb,196,108,219,6,6,full,white,en,,1.1.5,
0,es,Spanish (español),rojo,rojo,Rojo,rgb,234,39,25,6,7,full,white,en,,1.1.5,
0,es,Spanish (español),morado,morado,Morado,rgb,172,25,188,6,8,full,white,en,,1.1.5,
0,es,Spanish (español),negro,negro,Negro,rgb,21,19,50,6,9,full,white,en,,1.1.5,
0,es,Spanish (español),verde,verde,Verde,rgb,18,131,44,6,10,full,white,en,,1.1.5,
0,es,Spanish (español),azulaguamarina,azul aguamarina,Azul aguamarina,rgb,15,237,236,6,11,full,white,en,,1.1.5,
0,es,Spanish (español),verdeoscuro,verde oscuro,Verde oscuro,rgb,43,95,91,6,0,full,white,en,,1.1.5,
0,es,Spanish (español),aguamarina,agua marina,Agua marina,rgb,35,161,133,6,1,full,white,en,,1.1.5,
0,es,Spanish (español),verdecana,verde caña,Verde caña,rgb,191,201,1,6,2,full,white,en,,1.1.5,
0,es,Spanish (español),menta,menta,Menta,rgb,103,241,176,6,3,full,white,en,,1.1.5,
0,es,Spanish (español),purpura,purpura,Purpura,rgb,164,68,153,6,4,full,white,en,,1.1.5,
0,es,Spanish (español),vino,vino,Vino,rgb,175,11,114,6,5,full,white,en,,1.1.5,
0,es,Spanish (español),azul,azul,Azul,rgb,31,187,254,6,6,full,white,en,,1.1.5,
0,es,Spanish (español),violetaoscuro,violeta oscuro,Violeta oscuro,rgb,35,9,54,6,7,full,white,en,,1.1.5,
0,es,Spanish (español),verde,verde,Verde,rgb,138,238,113,6,8,full,white,en,,1.1.5,
0,es,Spanish (español),rosa,rosado,Rosado,rgb,242,96,189,6,9,full,white,en,,1.1.5,
0,es,Spanish (español),azulclaro,azul claro,Azul claro,rgb,195,235,230,6,10,full,white,en,,1.1.5,
0,es,Spanish (español),vinotintooscuro,vino tinto oscuro,Vino tinto oscuro,rgb,137,69,90,6,11,full,white,en,,1.1.5,
0,es,Spanish (español),maron,maron,maron,rgb,139,82,3,1,0,full,white,en,,1.1.5,
0,es,Spanish (español),amarillo,amarillo,amarillo,rgb,250,204,12,1,1,full,white,en,,1.1.5,
0,es,Spanish (español),verde,verde,verde,rgb,85,228,165,1,2,full,white,en,,1.1.5,
0,es,Spanish (español),verde,verde,verde,rgb,161,164,18,1,3,full,white,en,,1.1.5,
0,es,Spanish (español),verdeclaro,verde claro,verde claro,rgb,226,250,213,1,4,full,white,en,,1.1.5,
0,es,Spanish (español),morado,morado,morado,rgb,157,99,242,1,5,full,white,en,,1.1.5,
0,es,Spanish (español),azul,azul,azul,rgb,18,105,215,1,6,full,white,en,,1.1.5,
0,es,Spanish (español),moradoclaro,morado claro,morado claro,rgb,158,140,201,1,7,full,white,en,,1.1.5,
0,es,Spanish (español),azulorcuro,azul orcuro,azul orcuro,rgb,42,61,92,1,8,full,white,en,,1.1.5,
0,es,Spanish (español),azulclaro,azul claro,azul claro,rgb,120,174,218,1,9,full,white,en,,1.1.5,
0,es,Spanish (español),rosa,rosado,rosado,rgb,188,63,156,1,10,full,white,en,,1.1.5,
0,es,Spanish (español),verde,verde,verde,rgb,66,183,71,1,11,full,white,en,,1.1.5,
0,es,Spanish (español),morado,morado,morado,rgb,138,75,151,3,0,full,white,en,,1.1.5,
0,es,Spanish (español),rosa,rosado,rosado,rgb,215,28,116,3,1,full,white,en,,1.1.5,
0,es,Spanish (español),rosa,rosado,rosado,rgb,184,93,116,3,2,full,white,en,,1.1.5,
0,es,Spanish (español),verde,verde,verde,rgb,114,236,51,3,3,full,white,en,,1.1.5,
0,es,Spanish (español),verde,verde,verde,rgb,93,148,128,3,4,full,white,en,,1.1.5,
0,es,Spanish (español),azul,azul,azul,rgb,46,27,157,3,5,full,white,en,,1.1.5,
0,es,Spanish (español),rojo,rojo,rojo,rgb,220,63,59,3,6,full,white,en,,1.1.5,
0,es,Spanish (español),amarillo,amarillo,amarillo,rgb,245,221,103,3,7,full,white,en,,1.1.5,
0,es,Spanish (español),morado,morado,morado,rgb,186,56,190,3,8,full,white,en,,1.1.5,
0,es,Spanish (español),amarillo,amarillo,amarillo,rgb,197,152,49,3,9,full,white,en,,1.1.5,
0,es,Spanish (español),rosa,rosado,rosado,rgb,230,145,140,3,10,full,white,en,,1.1.5,
0,es,Spanish (español),maron,maron,maron,rgb,150,103,71,3,11,full,white,en,,1.1.5,
0,es,Spanish (español),verde,verde,verde,rgb,140,154,3,1,0,full,white,en,,1.1.5,
0,es,Spanish (español),morado,morado,morado,rgb,121,39,140,1,1,full,white,en,,1.1.5,
0,es,Spanish (español),morado,morado,morado,rgb,181,88,155,1,2,full,white,en,,1.1.5,
0,es,Spanish (español),verde,verde,verde,rgb,52,152,81,1,3,full,white,en,,1.1.5,
0,es,Spanish (español),morado,morado,morado,rgb,41,11,85,1,4,full,white,en,,1.1.5,
0,es,Spanish (español),verde,verde,verde,rgb,199,232,62,1,5,full,white,en,,1.1.5,
0,es,Spanish (español),rojo,rojo,rojo,rgb,165,44,4,1,6,full,white,en,,1.1.5,
0,es,Spanish (español),rosa,rosado,rosado,rgb,251,179,164,1,7,full,white,en,,1.1.5,
0,es,Spanish (español),azul,azul,AZUL,rgb,60,200,245,1,8,full,white,en,,1.1.5,
0,es,Spanish (español),gris,gris,GRIS,rgb,114,114,137,1,9,full,white,en,,1.1.5,
0,es,Spanish (español),verde,verde,VERDE,rgb,43,221,151,1,10,full,white,en,,1.1.5,
0,es,Spanish (español),naranja,naranja,NARANJA,rgb,242,144,84,1,11,full,white,en,,1.1.5,
0,es,Spanish (español),verde,verde,VERDE,rgb,123,206,179,3,0,full,white,en,,1.1.5,
0,es,Spanish (español),rosa,rosado,ROSADO,rgb,171,59,85,3,1,full,white,en,,1.1.5,
0,es,Spanish (español),verde,verde,VERDE,rgb,39,251,76,3,2,full,white,en,,1.1.5,
0,es,Spanish (español),azul,azul,AZUL,rgb,83,78,232,3,3,full,white,en,,1.1.5,
0,es,Spanish (español),rosa,rosado,ROSADO,rgb,236,13,137,3,4,full,white,en,,1.1.5,
0,es,Spanish (español),rojo,rojo,ROJO,rgb,237,19,19,3,5,full,white,en,,1.1.5,
0,es,Spanish (español),rosa,rosado,ROSADO,rgb,226,8,68,3,6,full,white,en,,1.1.5,
0,es,Spanish (español),azul,azul,AZUL,rgb,35,162,175,3,7,full,white,en,,1.1.5,
0,es,Spanish (español),verde,verde,VERDE,rgb,88,103,33,3,8,full,white,en,,1.1.5,
0,es,Spanish (español),azul,azul,AZUL,rgb,1,49,157,3,9,full,white,en,,1.1.5,
0,es,Spanish (español),verde,verde,VERDE,rgb,80,194,19,3,10,full,white,en,,1.1.5,
0,es,Spanish (español),maron,maron,MARON,rgb,198,147,105,3,11,full,white,en,,1.1.5,
0,es,Spanish (español),verde,verde,verde,rgb,30,149,52,1,0,full,white,en,,1.1.5,
0,es,Spanish (español),azulpastel,azul pastel,azul pastel,rgb,124,156,191,1,1,full,white,en,,1.1.5,
0,es,Spanish (español),azul,azul,azul,rgb,87,130,199,1,2,full,white,en,,1.1.5,
0,es,Spanish (español),rojo,rojo,rojo,rgb,90,30,5,1,3,full,white,en,,1.1.5,
0,es,Spanish (español),verdeoscuro,verde oscuro,verde oscuro,rgb,45,90,49,1,4,full,white,en,,1.1.5,
0,es,Spanish (español),morado,morado,morado,rgb,108,72,200,1,5,full,white,en,,1.1.5,
0,es,Spanish (español),aqua,aqua,aqua,rgb,68,234,211,1,6,full,white,en,,1.1.5,
0,es,Spanish (español),verdelimon,verde limon,verde limon,rgb,22,214,112,1,7,full,white,en,,1.1.5,
0,es,Spanish (español),azul,azul,azul,rgb,41,77,151,1,8,full,white,en,,1.1.5,
0,es,Spanish (español),crema,crema,crema,rgb,221,216,183,1,9,full,white,en,,1.1.5,
0,es,Spanish (español),celeste,celeste,celeste,rgb,77,200,240,1,10,full,white,en,,1.1.5,
0,es,Spanish (español),verdepastel,verde pastel,verde pastel,rgb,196,247,153,1,11,full,white,en,,1.1.5,
0,es,Spanish (español),rojovino,rojo vino,rojo vino,rgb,93,7,55,3,0,full,white,en,,1.1.5,
0,es,Spanish (español),rojo,rojo,rojo,rgb,189,6,19,3,1,full,white,en,,1.1.5,
0,es,Spanish (español),verdelimon,verde limon,verde limon,rgb,136,248,111,3,2,full,white,en,,1.1.5,
0,es,Spanish (español),naranja,naranja,naranja,rgb,224,159,103,3,3,full,white,en,,1.1.5,
0,es,Spanish (español),gris,gris,gris,rgb,103,102,137,3,4,full,white,en,,1.1.5,
0,es,Spanish (español),morado,morado,morado,rgb,137,8,204,3,5,full,white,en,,1.1.5,
0,es,Spanish (español),rosaoscuro,rosado oscuro,rosado oscuro,rgb,196,104,131,3,6,full,white,en,,1.1.5,
0,es,Spanish (español),rosapastel,rosado pastel,rosado pastel,rgb,247,183,197,3,7,full,white,en,,1.1.5,
0,es,Spanish (español),amarillo,amarillo,amarillo,rgb,220,229,50,3,8,full,white,en,,1.1.5,
0,es,Spanish (español),azul,azul,azul,rgb,171,212,229,3,9,full,white,en,,1.1.5,
0,es,Spanish (español),verdeolivo,verde olivo,verde olivo,rgb,118,122,13,3,10,full,white,en,,1.1.5,
0,es,Spanish (español),moradopastel,morado pastel,morado pastel,rgb,145,131,226,3,11,full,white,en,,1.1.5,
0,es,Spanish (español),verde,verde,verde,rgb,113,171,105,6,0,full,white,en,,1.1.5,
0,es,Spanish (español),amarillo,amarillo,amarillo,rgb,237,227,129,6,1,full,white,en,,1.1.5,
0,es,Spanish (español),azulbrillante,azul brillante,azul brillante,rgb,51,31,243,6,2,full,white,en,,1.1.5,
0,es,Spanish (español),gris,gris,gris,rgb,98,95,81,6,3,full,white,en,,1.1.5,
0,es,Spanish (español),rosa,rosado,rosado,rgb,225,96,195,6,4,full,white,en,,1.1.5,
0,es,Spanish (español),azulosucro,azul osucro,azul osucro,rgb,11,19,156,6,5,full,white,en,,1.1.5,
0,es,Spanish (español),verdelimon,verde limon,verde limon,rgb,139,198,89,6,6,full,white,en,,1.1.5,
0,es,Spanish (español),rojovino,rojo vino,rojo vino,rgb,126,4,37,6,7,full,white,en,,1.1.5,
0,es,Spanish (español),verdeoscuro,verde oscuro,verde oscuro,rgb,86,166,13,6,8,full,white,en,,1.1.5,
0,es,Spanish (español),lila,lila,lila,rgb,139,42,143,6,9,full,white,en,,1.1.5,
0,es,Spanish (español),moradopastel,morado pastel,morado pastel,rgb,150,107,167,6,10,full,white,en,,1.1.5,
0,es,Spanish (español),moradoosucro,morado osucro,morado osucro,rgb,86,36,105,6,11,full,white,en,,1.1.5,
0,es,Spanish (español),azul,azul,azul,rgb,61,1,252,1,0,full,white,en,,1.1.5,
0,es,Spanish (español),verde,verde,verde,rgb,190,210,169,1,1,full,white,en,,1.1.5,
0,es,Spanish (español),morado,morado,morado,rgb,219,24,209,1,2,full,white,en,,1.1.5,
0,es,Spanish (español),verde,verde,verde,rgb,106,210,133,1,3,full,white,en,,1.1.5,
0,es,Spanish (español),azul,azul,azul,rgb,6,57,238,1,4,full,white,en,,1.1.5,
0,es,Spanish (español),verde,verde,verde,rgb,140,144,125,1,5,full,white,en,,1.1.5,
0,es,Spanish (español),morado,morado,morado,rgb,96,32,175,1,6,full,white,en,,1.1.5,
0,es,Spanish (español),verdeclaro,verde claro,verde claro,rgb,221,239,146,1,7,full,white,en,,1.1.5,
0,es,Spanish (español),moradoclaro,morado claro,morado claro,rgb,235,118,247,1,8,full,white,en,,1.1.5,
0,es,Spanish (español),verde,verde,verde,rgb,73,155,157,1,9,full,white,en,,1.1.5,
0,es,Spanish (español),maron,maron,maron,rgb,118,60,45,1,10,full,white,en,,1.1.5,
0,es,Spanish (español),verde,verde,verde,rgb,50,205,200,1,11,full,white,en,,1.1.5,
0,es,Spanish (español),morado,morado,morado,rgb,72,61,110,3,0,full,white,en,,1.1.5,
0,es,Spanish (español),morado,morado,morado,rgb,188,24,244,3,1,full,white,en,,1.1.5,
0,es,Spanish (español),verde,verde,verde,rgb,88,85,27,3,2,full,white,en,,1.1.5,
0,es,Spanish (español),anaranjado,anaranjado,anaranjado,rgb,218,92,68,3,3,full,white,en,,1.1.5,
0,es,Spanish (español),rojo,rojo,rojo,rgb,221,28,47,3,4,full,white,en,,1.1.5,
0,es,Spanish (español),rosa,rosado,rosado,rgb,194,33,110,3,5,full,white,en,,1.1.5,
0,es,Spanish (español),rosaclaro,rosado claro,rosado claro,rgb,193,141,126,3,6,full,white,en,,1.1.5,
0,es,Spanish (español),verdefucsia,verde fuxia,verde fuxia,rgb,118,253,57,3,7,full,white,en,,1.1.5,
0,es,Spanish (español),azul,azul,azul,rgb,63,96,103,3,8,full,white,en,,1.1.5,
0,es,Spanish (español),verde,verde,verde,rgb,61,165,66,3,9,full,white,en,,1.1.5,
0,es,Spanish (español),azul,azul,azul,rgb,33,204,251,3,10,full,white,en,,1.1.5,
0,es,Spanish (español),negro,negro,negro,rgb,24,27,26,3,11,full,white,en,,1.1.5,
0,es,Spanish (español),rosafucsia,rosado fuxia,rosado fuxia,rgb,242,39,176,6,0,full,white,en,,1.1.5,
0,es,Spanish (español),verde,verde,verde,rgb,9,245,142,6,1,full,white,en,,1.1.5,
0,es,Spanish (español),rosa,rosado,rosado,rgb,184,84,119,6,2,full,white,en,,1.1.5,
0,es,Spanish (español),azul,azul,azul,rgb,170,200,247,6,3,full,white,en,,1.1.5,
0,es,Spanish (español),azul,azul,azul,rgb,68,94,215,6,4,full,white,en,,1.1.5,
0,es,Spanish (español),verde,verde,verde,rgb,51,104,80,6,5,full,white,en,,1.1.5,
0,es,Spanish (español),maron,maron,maron,rgb,59,32,10,6,6,full,white,en,,1.1.5,
0,es,Spanish (español),verde,verde,verde,rgb,44,197,23,6,7,full,white,en,,1.1.5,
0,es,Spanish (español),verde,verde,verde,rgb,136,219,184,6,8,full,white,en,,1.1.5,
0,es,Spanish (español),azul,azul,azul,rgb,54,166,235,6,9,full,white,en,,1.1.5,
0,es,Spanish (español),morado,morado,morado,rgb,114,32,125,6,10,full,white,en,,1.1.5,
0,es,Spanish (español),rosa,rosado,rosado,rgb,152,121,149,6,11,full,white,en,,1.1.5,
0,es,Spanish (español),naranja,naranja,naranja,rgb,255,197,0,1,0,line,white,en,,1.1.5,
0,es,Spanish (español),rojo,rojo,rojo,rgb,255,0,83,1,1,line,white,en,,1.1.5,
0,es,Spanish (español),rosa,rosa,rosa,rgb,255,0,230,1,2,line,white,en,,1.1.5,
0,es,Spanish (español),turquesa,turquesa,turquesa,rgb,0,255,145,1,3,line,white,en,,1.1.5,
0,es,Spanish (español),amarillo,amarillo,amarillo,rgb,255,246,0,1,4,line,white,en,,1.1.5,
0,es,Spanish (español),rojo,rojo,rojo,rgb,255,0,32,1,5,line,white,en,,1.1.5,
0,es,Spanish (español),morado,morado,morado,rgb,229,0,255,1,6,line,white,en,,1.1.5,
0,es,Spanish (español),azul,azul,azul,rgb,0,155,255,1,7,line,white,en,,1.1.5,
0,es,Spanish (español),rosa,rosa,rosa,rgb,255,0,207,1,8,line,white,en,,1.1.5,
0,es,Spanish (español),rosa,rosa,rosa,rgb,255,0,141,1,9,line,white,en,,1.1.5,
0,es,Spanish (español),verde,verde,verde,rgb,0,255,103,1,10,line,white,en,,1.1.5,
0,es,Spanish (español),azul,azul,azul,rgb,0,125,255,1,11,line,white,en,,1.1.5,
0,es,Spanish (español),azul,azul,azul,rgb,0,100,255,3,0,line,white,en,,1.1.5,
0,es,Spanish (español),turquesa,turquesa,turquesa,rgb,0,255,171,3,1,line,white,en,,1.1.5,
0,es,Spanish (español),rosa,rosa,rosa,rgb,255,0,167,3,2,line,white,en,,1.1.5,
0,es,Spanish (español),turquesa,turquesa,turquesa,rgb,0,255,198,3,3,line,white,en,,1.1.5,
0,es,Spanish (español),morado,morado,morado,rgb,186,0,255,3,4,line,white,en,,1.1.5,
0,es,Spanish (español),amarillo,amarillo,amarillo,rgb,255,240,0,3,5,line,white,en,,1.1.5,
0,es,Spanish (español),cyan,cian,cian,rgb,0,255,251,3,6,line,white,en,,1.1.5,
0,es,Spanish (español),naranja,naranja,naranja,rgb,255,142,0,3,7,line,white,en,,1.1.5,
0,es,Spanish (español),naranja,naranja,naranja,rgb,255,106,0,3,8,line,white,en,,1.1.5,
0,es,Spanish (español),naranja,naranja,naranja,rgb,255,165,0,3,9,line,white,en,,1.1.5,
0,es,Spanish (español),azulelectrico,azul eléctrico,azul eléctrico,rgb,0,41,255,3,10,line,white,en,,1.1.5,
0,es,Spanish (español),verdepistacho,verde pistacho,verde pistacho,rgb,0,255,37,3,11,line,white,en,,1.1.5,
0,es,Spanish (español),verde,verde,verde,rgb,176,255,0,6,0,line,white,en,,1.1.5,
0,es,Spanish (español),cyan,cian,cian,rgb,0,240,255,6,1,line,white,en,,1.1.5,
0,es,Spanish (español),azul,azul,azul,rgb,0,203,255,6,2,line,white,en,,1.1.5,
0,es,Spanish (español),morado,morado,morado,rgb,115,0,255,6,3,line,white,en,,1.1.5,
0,es,Spanish (español),cyan,cian,cian,rgb,0,229,255,6,4,line,white,en,,1.1.5,
0,es,Spanish (español),azul,azul,azul,rgb,0,74,255,6,5,line,white,en,,1.1.5,
0,es,Spanish (español),azulelectrico,azul eléctrico,azul eléctrico,rgb,0,23,255,6,6,line,white,en,,1.1.5,
0,es,Spanish (español),azul,azul,azul,rgb,0,180,255,6,7,line,white,en,,1.1.5,
0,es,Spanish (español),rosa,rosa,rosa,rgb,255,0,63,6,8,line,white,en,,1.1.5,
0,es,Spanish (español),verde,verde,verde,rgb,72,255,0,6,9,line,white,en,,1.1.5,
0,es,Spanish (español),verdeamarillento,verde amarillento,verde amarillento,rgb,211,255,0,6,10,line,white,en,,1.1.5,
0,es,Spanish (español),naranja,naranja,naranja,rgb,255,77,0,6,11,line,white,en,,1.1.5,
0,es,Spanish (español),morado,morado,morado,rgb,152,0,255,1,0,line,white,en,,1.1.5,
0,es,Spanish (español),amarillo,amarillo,amarillo,rgb,255,255,0,1,1,line,white,en,,1.1.5,
0,es,Spanish (español),naranja,naranja,naranja,rgb,255,72,0,1,2,line,white,en,,1.1.5,
0,es,Spanish (español),azul,azul,azul,rgb,0,103,255,1,3,line,white,en,,1.1.5,
0,es,Spanish (español),naranja,naranja,naranja,rgb,255,144,0,1,4,line,white,en,,1.1.5,
0,es,Spanish (español),ocre,ocre,ocre,rgb,255,158,0,1,5,line,white,en,,1.1.5,
0,es,Spanish (español),magenta,magenta,magenta,rgb,255,0,158,1,6,line,white,en,,1.1.5,
0,es,Spanish (español),purpura,púrpura,púrpura,rgb,255,0,247,1,7,line,white,en,,1.1.5,
0,es,Spanish (español),verde,verde,verde,rgb,0,255,9,1,8,line,white,en,,1.1.5,
0,es,Spanish (español),celeste,celeste,celeste,rgb,0,205,255,1,9,line,white,en,,1.1.5,
0,es,Spanish (español),celeste,celeste,celeste,rgb,0,204,255,1,10,line,white,en,,1.1.5,
0,es,Spanish (español),purpura,púrpura,púrpura,rgb,255,0,220,1,11,line,white,en,,1.1.5,
0,es,Spanish (español),azul,azul,azul,rgb,0,71,255,3,0,line,white,en,,1.1.5,
0,es,Spanish (español),azul,azul,azul,rgb,0,125,255,3,1,line,white,en,,1.1.5,
0,es,Spanish (español),lima,lima,lima,rgb,70,255,0,3,2,line,white,en,,1.1.5,
0,es,Spanish (español),aguamarina,aguamarina,aguamarina,rgb,0,255,152,3,3,line,white,en,,1.1.5,
0,es,Spanish (español),amarillo,amarillo,amarillo,rgb,202,255,0,3,4,line,white,en,,1.1.5,
0,es,Spanish (español),azul,azul,azul,rgb,0,43,255,3,5,line,white,en,,1.1.5,
0,es,Spanish (español),azul,azul,azul,rgb,0,142,255,3,6,line,white,en,,1.1.5,
0,es,Spanish (español),naranja,naranja,naranja,rgb,255,106,0,3,7,line,white,en,,1.1.5,
0,es,Spanish (español),azul,azul,azul,rgb,0,7,255,3,8,line,white,en,,1.1.5,
0,es,Spanish (español),morado,morado,morado,rgb,168,0,255,3,9,line,white,en,,1.1.5,
0,es,Spanish (español),rojo,rojo,rojo,rgb,255,0,41,3,10,line,white,en,,1.1.5,
0,es,Spanish (español),lima,lima,lima,rgb,170,255,0,3,11,line,white,en,,1.1.5,
0,es,Spanish (español),celeste,celeste,celeste,rgb,0,236,255,6,0,line,white,en,,1.1.5,
0,es,Spanish (español),purpura,púrpura,púrpura,rgb,255,0,195,6,1,line,white,en,,1.1.5,
0,es,Spanish (español),celeste,celeste,celeste,rgb,0,255,237,6,2,line,white,en,,1.1.5,
0,es,Spanish (español),verdeclaro,verde claro,verde claro,rgb,0,255,90,6,3,line,white,en,,1.1.5,
0,es,Spanish (español),amarillo,amarillo,amarillo,rgb,255,221,0,6,4,line,white,en,,1.1.5,
0,es,Spanish (español),turquesa,turquesa,turquesa,rgb,0,255,214,6,5,line,white,en,,1.1.5,
0,es,Spanish (español),azul,azul,azul,rgb,0,164,255,6,6,line,white,en,,1.1.5,
0,es,Spanish (español),turquesa,turquesa,turquesa,rgb,0,255,188,6,7,line,white,en,,1.1.5,
0,es,Spanish (español),rojo,rojo,rojo,rgb,255,0,68,6,8,line,white,en,,1.1.5,
0,es,Spanish (español),magenta,magenta,magenta,rgb,255,0,117,6,9,line,white,en,,1.1.5,
0,es,Spanish (español),mostaza,mostaza,mostaza,rgb,255,203,0,6,10,line,white,en,,1.1.5,
0,es,Spanish (español),carmin,carmín,carmín,rgb,255,0,90,6,11,line,white,en,,1.1.5,
0,es,Spanish (español),mostaza,mostaza,Mostaza,rgb,219,186,53,1,0,full,white,en,,1.1.5,
0,es,Spanish (español),marronchocolate,marrón chocolate,Marrón Chocolate,rgb,126,112,82,1,1,full,white,en,,1.1.5,
0,es,Spanish (español),verdeagua,verde agua,Verde agua,rgb,190,254,223,1,2,full,white,en,,1.1.5,
0,es,Spanish (español),azul,azul,Azul,rgb,85,120,212,1,3,full,white,en,,1.1.5,
0,es,Spanish (español),verdelimon,verde limón,Verde limón,rgb,43,188,44,1,4,full,white,en,,1.1.5,
0,es,Spanish (español),azulazabache,azul azabache,Azul azabache,rgb,1,53,70,1,5,full,white,en,,1.1.5,
0,es,Spanish (español),guinda,guinda,Guinda,rgb,176,60,95,1,6,full,white,en,,1.1.5,
0,es,Spanish (español),moradoelectrico,morado eléctrico,Morado eléctrico,rgb,123,3,241,1,7,full,white,en,,1.1.5,
0,es,Spanish (español),anaranjado,anaranjado,Anaranjado,rgb,251,147,76,1,8,full,white,en,,1.1.5,
0,es,Spanish (español),verdematiz,verde matiz,Verde matiz,rgb,57,183,130,1,9,full,white,en,,1.1.5,
0,es,Spanish (español),anaranjadooscuro,anaranjado oscuro,Anaranjado oscuro,rgb,189,125,1,1,10,full,white,en,,1.1.5,
0,es,Spanish (español),celestecielo,celeste cielo,Celeste cielo,rgb,116,171,220,1,11,full,white,en,,1.1.5,
0,es,Spanish (español),rosa,rosa,Rosa,rgb,226,132,215,3,0,full,white,en,,1.1.5,
0,es,Spanish (español),mostazaclaro,mostaza claro,Mostaza claro,rgb,205,212,171,3,1,full,white,en,,1.1.5,
0,es,Spanish (español),verdelimon,verde limón,Verde limón,rgb,108,247,75,3,2,full,white,en,,1.1.5,
0,es,Spanish (español),amarillopalido,amarillo pálido,Amarillo pálido,rgb,232,244,155,3,3,full,white,en,,1.1.5,
0,es,Spanish (español),fucsia,fuxia,Fuxia,rgb,177,7,131,3,4,full,white,en,,1.1.5,
0,es,Spanish (español),celeste,celeste,Celeste,rgb,20,147,174,3,5,full,white,en,,1.1.5,
0,es,Spanish (español),violeta,violeta,Violeta,rgb,111,120,245,3,6,full,white,en,,1.1.5,
0,es,Spanish (español),verdeclaro,verde claro,Verde claro,rgb,99,228,133,3,7,full,white,en,,1.1.5,
0,es,Spanish (español),moradochicha,morado chicha,Morado chicha,rgb,77,20,52,3,8,full,white,en,,1.1.5,
0,es,Spanish (español),turqueza,turqueza,Turqueza,rgb,100,227,211,3,9,full,white,en,,1.1.5,
0,es,Spanish (español),verde,verde,Verde,rgb,120,163,161,3,10,full,white,en,,1.1.5,
0,es,Spanish (español),piel,piel,Piel,rgb,205,166,138,3,11,full,white,en,,1.1.5,
0,es,Spanish (español),amarilloocre,amarillo ocre,Amarillo ocre,rgb,215,227,66,6,0,full,white,en,,1.1.5,
0,es,Spanish (español),verdehojaoscuro,verde hoja oscuro,Verde hoja oscuro,rgb,21,51,15,6,1,full,white,en,,1.1.5,
0,es,Spanish (español),fucsiaelectrico,fuxia eléctrico,Fuxia eléctrico,rgb,194,7,226,6,2,full,white,en,,1.1.5,
0,es,Spanish (español),verdepantano,verde pantano,Verde pantano,rgb,73,102,76,6,3,full,white,en,,1.1.5,
0,es,Spanish (español),moradopalido,morado pálido,Morado pálido,rgb,139,110,123,6,4,full,white,en,,1.1.5,
0,es,Spanish (español),rojovino,rojo vino,Rojo vino,rgb,105,42,40,6,5,full,white,en,,1.1.5,
0,es,Spanish (español),marronclaro,marrón claro,Marrón claro,rgb,121,96,34,6,6,full,white,en,,1.1.5,
0,es,Spanish (español),moradolilaclaro,morado lila claro,Morado lila claro,rgb,119,70,224,6,7,full,white,en,,1.1.5,
0,es,Spanish (español),lilaoscuro,lila oscuro,Lila oscuro,rgb,101,68,166,6,8,full,white,en,,1.1.5,
0,es,Spanish (español),azulmoradooscuro,azul morado oscuro,Azul morado oscuro,rgb,2,15,66,6,9,full,white,en,,1.1.5,
0,es,Spanish (español),rosapastel,rosado pastel,Rosado pastel,rgb,202,164,210,6,10,full,white,en,,1.1.5,
0,es,Spanish (español),rojoclaro,rojo claro,Rojo claro,rgb,166,12,31,6,11,full,white,en,,1.1.5,
0,es,Spanish (español),marron,marrón,Marrón,rgb,163,125,66,1,0,full,white,en,,1.1.5,
0,es,Spanish (español),plomocontonalidadescelestes,plomo con tonalidades celestes,Plomo con tonalidades celestes,rgb,111,147,171,1,1,full,white,en,,1.1.5,
0,es,Spanish (español),verdefosforescente,verde fosforescente,Verde fosforescente,rgb,111,244,90,1,2,full,white,en,,1.1.5,
0,es,Spanish (español),verdeoscuro,verde oscuro,Verde oscuro,rgb,34,154,100,1,3,full,white,en,,1.1.5,
0,es,Spanish (español),lilaoscuro,lila oscuro,Lila oscuro,rgb,180,150,195,1,4,full,white,en,,1.1.5,
0,es,Spanish (español),celeste,celeste,Celeste,rgb,60,204,243,1,5,full,white,en,,1.1.5,
0,es,Spanish (español),chichaclaro,chicha claro,Chicha claro,rgb,143,13,165,1,6,full,white,en,,1.1.5,
0,es,Spanish (español),verdepalido,verde pálido,Verde pálido,rgb,126,192,175,1,7,full,white,en,,1.1.5,
0,es,Spanish (español),verde,verde,Verde,rgb,20,192,113,1,8,full,white,en,,1.1.5,
0,es,Spanish (español),verdeclaro,verde claro,Verde claro,rgb,90,179,62,1,9,full,white,en,,1.1.5,
0,es,Spanish (español),mostazaclaro,mostaza claro,Mostaza claro,rgb,251,226,150,1,10,full,white,en,,1.1.5,
0,es,Spanish (español),verdelimon,verde limón,Verde limón,rgb,184,229,81,1,11,full,white,en,,1.1.5,
0,es,Spanish (español),rosaopaco,rosa opaco,Rosa opaco,rgb,220,132,167,3,0,full,white,en,,1.1.5,
0,es,Spanish (español),azulnoche,azul noche,Azul noche,rgb,10,54,67,3,1,full,white,en,,1.1.5,
0,es,Spanish (español),chicha,chicha,Chicha,rgb,89,10,94,3,3,full,white,en,,1.1.5,
0,es,Spanish (español),rosa,rosado,Rosado,rgb,242,111,195,3,4,full,white,en,,1.1.5,
0,es,Spanish (español),verde,verde,Verde,rgb,136,163,23,3,5,full,white,en,,1.1.5,
0,es,Spanish (español),azulmarino,azul marino,Azul marino,rgb,9,48,108,3,6,full,white,en,,1.1.5,
0,es,Spanish (español),fucsiaclaro,fucsia claro,Fucsia claro,rgb,246,103,240,3,7,full,white,en,,1.1.5,
0,es,Spanish (español),marronoscuro,marrón oscuro,Marrón oscuro,rgb,74,60,49,3,8,full,white,en,,1.1.5,
0,es,Spanish (español),pieloscuro,piel oscuro,Piel oscuro,rgb,254,155,102,3,9,full,white,en,,1.1.5,
0,es,Spanish (español),amarillo,amarillo,Amarillo,rgb,245,212,85,3,10,full,white,en,,1.1.5,
0,es,Spanish (español),verdeoscuro,verde oscuro,Verde oscuro,rgb,60,116,1,3,11,full,white,en,,1.1.5,
0,es,Spanish (español),azulmarinoclaro,azul marino claro,Azul marino claro,rgb,51,37,155,6,0,full,white,en,,1.1.5,
0,es,Spanish (español),celestebebe,celeste bebé,Celeste bebé,rgb,180,245,249,6,1,full,white,en,,1.1.5,
0,es,Spanish (español),marronchocolate,marrón chocolate,Marrón chocolate,rgb,118,56,37,6,2,full,white,en,,1.1.5,
0,es,Spanish (español),rojovivo,rojo vivo,Rojo vivo,rgb,221,52,4,6,6,full,white,en,,1.1.5,
0,es,Spanish (español),verde,verde,Verde,rgb,194,221,155,6,7,full,white,en,,1.1.5,
0,es,Spanish (español),celeste,celeste,Celeste,rgb,52,240,207,6,8,full,white,en,,1.1.5,
0,es,Spanish (español),azulmorado,azul morado,Azul morado,rgb,114,103,171,6,9,full,white,en,,1.1.5,
0,es,Spanish (español),verdeazulino,verde azulino,Verde azulino,rgb,45,123,127,6,10,full,white,en,,1.1.5,
0,es,Spanish (español),verde,verde,Verde,rgb,132,169,103,6,11,full,white,en,,1.1.5,
0,es,Spanish (español),plomo,plomo,Plomo,rgb,189,201,195,1,0,full,white,en,,1.1.5,
0,es,Spanish (español),negro,negro,Negro,rgb,21,6,57,1,1,full,white,en,,1.1.5,
0,es,Spanish (español),verde,verde,Verde,rgb,83,218,0,1,2,full,white,en,,1.1.5,
0,es,Spanish (español),marron,marrón,Marrón,rgb,142,91,29,1,3,full,white,en,,1.1.5,
0,es,Spanish (español),morado,morado,Morado,rgb,168,66,217,1,4,full,white,en,,1.1.5,
0,es,Spanish (español),anaranjado,anaranjado,Anaranjado,rgb,243,146,110,1,5,full,white,en,,1.1.5,
0,es,Spanish (español),moradovino,morado vino,Morado vino,rgb,123,53,77,1,6,full,white,en,,1.1.5,
0,es,Spanish (español),azul,azul,Azul,rgb,75,97,222,1,7,full,white,en,,1.1.5,
0,es,Spanish (español),verdeagua,verde agua,Verde agua,rgb,32,187,170,1,8,full,white,en,,1.1.5,
0,es,Spanish (español),rojo,rojo,Rojo,rgb,202,6,39,1,9,full,white,en,,1.1.5,
0,es,Spanish (español),celeste,celeste,Celeste,rgb,16,152,221,1,10,full,white,en,,1.1.5,
0,es,Spanish (español),verdeoscuro,verde oscuro,Verde oscuro,rgb,58,125,3,1,11,full,white,en,,1.1.5,
0,es,Spanish (español),beigs,beigs,Beigs,rgb,232,185,123,3,0,full,white,en,,1.1.5,
0,es,Spanish (español),rosa,rosa,Rosa,rgb,211,21,180,3,1,full,white,en,,1.1.5,
0,es,Spanish (español),verdebeigs,verde beigs,Verde beigs,rgb,211,208,38,3,2,full,white,en,,1.1.5,
0,es,Spanish (español),moradooscuro,morado oscuro,Morado oscuro,rgb,120,29,124,3,3,full,white,en,,1.1.5,
0,es,Spanish (español),verdeoscurofloresente,verde oscuro  floresente,Verde oscuro  floresente,rgb,34,154,105,3,4,full,white,en,,1.1.5,
0,es,Spanish (español),verdelodo,verde lodo,Verde lodo,rgb,133,147,63,3,5,full,white,en,,1.1.5,
0,es,Spanish (español),verdeclarofloresente,verde claro floresente,Verde claro floresente,rgb,173,243,123,3,6,full,white,en,,1.1.5,
0,es,Spanish (español),celestefloresento,celeste floresento,Celeste floresento,rgb,49,191,226,3,7,full,white,en,,1.1.5,
0,es,Spanish (español),rojovino,rojo vino,Rojo vino,rgb,115,16,33,3,8,full,white,en,,1.1.5,
0,es,Spanish (español),moradovino,morado vino,Morado vino,rgb,66,39,137,3,9,full,white,en,,1.1.5,
0,es,Spanish (español),verdeintenso,verde intenso,Verde intenso,rgb,22,174,69,3,10,full,white,en,,1.1.5,
0,es,Spanish (español),plomo,plomo,Plomo,rgb,125,144,165,3,11,full,white,en,,1.1.5,
0,es,Spanish (español),verdeagua,verde agua,Verde agua,rgb,140,245,185,6,0,full,white,en,,1.1.5,
0,es,Spanish (español),azul,azul,Azul,rgb,24,132,154,6,1,full,white,en,,1.1.5,
0,es,Spanish (español),marronrojiso,marrón rojiso,Marrón rojiso,rgb,165,78,79,6,2,full,white,en,,1.1.5,
0,es,Spanish (español),lila,lila,Lila,rgb,177,127,209,6,3,full,white,en,,1.1.5,
0,es,Spanish (español),negroverdoso,negro verdoso,Negro verdoso,rgb,15,66,52,6,4,full,white,en,,1.1.5,
0,es,Spanish (español),marronclaro,marrón claro,Marrón claro,rgb,118,103,68,6,5,full,white,en,,1.1.5,
0,es,Spanish (español),verdeopaco,verde opaco,Verde opaco,rgb,201,213,160,6,6,full,white,en,,1.1.5,
0,es,Spanish (español),anaranjadofloresente,anaranjado floresente,Anaranjado floresente,rgb,239,83,25,6,7,full,white,en,,1.1.5,
0,es,Spanish (español),verde,verde,Verde,rgb,121,170,33,6,8,full,white,en,,1.1.5,
0,es,Spanish (español),moradofloresente,morado floresente,Morado floresente,rgb,182,25,250,6,9,full,white,en,,1.1.5,
0,es,Spanish (español),moradomuyoscuro,morado muy oscuro,Morado muy oscuro,rgb,52,35,54,6,10,full,white,en,,1.1.5,
0,es,Spanish (español),lilaoscuro,lila oscuro,Lila oscuro,rgb,139,103,141,6,11,full,white,en,,1.1.5,
0,es,Spanish (español),verdeclaro,verde claro,Verde claro,rgb,103,169,62,1,0,full,white,en,,1.1.5,
0,es,Spanish (español),azul,azul,Azul,rgb,19,36,178,1,1,full,white,en,,1.1.5,
0,es,Spanish (español),fucsia,fucsia,Fucsia,rgb,217,43,225,1,2,full,white,en,,1.1.5,
0,es,Spanish (español),rojooscuro,rojo oscuro,Rojo oscuro,rgb,168,45,51,1,3,full,white,en,,1.1.5,
0,es,Spanish (español),cremaoscuro,crema oscuro,Crema oscuro,rgb,216,209,160,1,4,full,white,en,,1.1.5,
0,es,Spanish (español),azulelectrico,azul eléctrico,Azul eléctrico,rgb,55,94,240,1,5,full,white,en,,1.1.5,
0,es,Spanish (español),verdecelestino,verde celestino,Verde Celestino,rgb,50,122,123,1,6,full,white,en,,1.1.5,
0,es,Spanish (español),rosacoral,rosa coral,Rosa coral,rgb,238,121,204,1,7,full,white,en,,1.1.5,
0,es,Spanish (español),celestepastel,celeste pastel,Celeste pastel,rgb,85,247,239,1,8,full,white,en,,1.1.5,
0,es,Spanish (español),rojointenso,rojo intenso,Rojo intenso,rgb,217,50,45,1,9,full,white,en,,1.1.5,
0,es,Spanish (español),azulclaro,azul claro,Azul claro,rgb,40,111,181,1,10,full,white,en,,1.1.5,
0,es,Spanish (español),verdepastooscuro,verde pasto oscuro,Verde pasto oscuro,rgb,58,92,50,1,11,full,white,en,,1.1.5,
0,es,Spanish (español),mostazaoscuro,mostaza oscuro,Mostaza oscuro,rgb,187,157,80,3,0,full,white,en,,1.1.5,
0,es,Spanish (español),naranjaopaco,naranja opaco,Naranja opaco,rgb,209,109,60,3,1,full,white,en,,1.1.5,
0,es,Spanish (español),verdepasto,verde pasto,Verde pasto,rgb,120,147,75,3,2,full,white,en,,1.1.5,
0,es,Spanish (español),azulopaco,azul opaco,Azul opaco,rgb,122,143,181,3,3,full,white,en,,1.1.5,
0,es,Spanish (español),verde,verde,Verde,rgb,138,220,5,3,4,full,white,en,,1.1.5,
0,es,Spanish (español),negro,negro,Negro,rgb,14,34,39,3,5,full,white,en,,1.1.5,
0,es,Spanish (español),marronoscuro,marrón oscuro,Marrón oscuro,rgb,79,45,24,3,6,full,white,en,,1.1.5,
0,es,Spanish (español),marronchocolate,marrón chocolate,Marrón chocolate,rgb,156,106,28,3,7,full,white,en,,1.1.5,
0,es,Spanish (español),azulmarinoclaro,azul marino claro,Azul marino claro,rgb,23,64,143,3,8,full,white,en,,1.1.5,
0,es,Spanish (español),moradoazulino,morado azulino,Morado azulino,rgb,130,59,253,3,9,full,white,en,,1.1.5,
0,es,Spanish (español),verdepastel,verde pastel,Verde pastel,rgb,147,247,182,3,10,full,white,en,,1.1.5,
0,es,Spanish (español),rosachicle,rosado chicle,Rosado chicle,rgb,219,33,123,3,11,full,white,en,,1.1.5,
0,es,Spanish (español),rosavino,rosado vino,Rosado vino,rgb,186,16,140,6,0,full,white,en,,1.1.5,
0,es,Spanish (español),marronrojizoclaro,marrón rojizo claro,Marrón rojizo claro,rgb,187,98,92,6,1,full,white,en,,1.1.5,
0,es,Spanish (español),lilaclaro,lila claro,Lila claro,rgb,182,159,218,6,2,full,white,en,,1.1.5,
0,es,Spanish (español),lilaopaco,lila opaco,Lila opaco,rgb,139,94,194,6,3,full,white,en,,1.1.5,
0,es,Spanish (español),verde,verde,Verde,rgb,106,214,75,6,4,full,white,en,,1.1.5,
0,es,Spanish (español),rosacochino,rosado cochino,Rosado cochino,rgb,208,110,154,6,5,full,white,en,,1.1.5,
0,es,Spanish (español),azulopacooscuro,azul opaco oscuro,Azul opaco oscuro,rgb,111,182,250,6,6,full,white,en,,1.1.5,
0,es,Spanish (español),verdeoscuro,verde oscuro,Verde oscuro,rgb,19,102,18,6,7,full,white,en,,1.1.5,
0,es,Spanish (español),amarilloopaco,amarillo opaco,Amarillo opaco,rgb,219,225,13,6,8,full,white,en,,1.1.5,
0,es,Spanish (español),azul,azul,Azul,rgb,84,145,251,6,9,full,white,en,,1.1.5,
0,es,Spanish (español),celestebebe,celeste bebé,Celeste bebé,rgb,18,244,203,6,10,full,white,en,,1.1.5,
0,es,Spanish (español),chicha,chicha,Chicha,rgb,58,39,57,6,11,full,white,en,,1.1.5,
0,es,Spanish (español),azul,azul,Azul,rgb,1,16,223,1,0,full,white,en,,1.1.5,
0,es,Spanish (español),azulclaro,azul claro,azul claro,rgb,2,139,241,1,1,full,white,en,,1.1.5,
0,es,Spanish (español),lima,lima,lima,rgb,118,227,106,1,2,full,white,en,,1.1.5,
0,es,Spanish (español),moradooscuro,morado oscuro,morado oscuro,rgb,27,31,56,1,3,full,white,en,,1.1.5,
0,es,Spanish (español),rosa,rosa,rosa,rgb,244,146,178,1,4,full,white,en,,1.1.5,
0,es,Spanish (español),rosaoscuro,rosa oscuro,rosa oscuro,rgb,91,12,29,1,5,full,white,en,,1.1.5,
0,es,Spanish (español),rojo,rojo,rojo,rgb,233,81,58,1,6,full,white,en,,1.1.5,
0,es,Spanish (español),lima,lima,lima,rgb,164,223,142,1,7,full,white,en,,1.1.5,
0,es,Spanish (español),verdemarron,verde marrón,verde-marrón,rgb,106,107,4,1,8,full,white,en,,1.1.5,
0,es,Spanish (español),gris,gris,gris,rgb,191,207,216,1,9,full,white,en,,1.1.5,
0,es,Spanish (español),rosa,rosa,rosa,rgb,236,18,143,1,10,full,white,en,,1.1.5,
0,es,Spanish (español),verde,verde,verde,rgb,59,130,59,1,11,full,white,en,,1.1.5,
0,es,Spanish (español),gris,gris,gris,rgb,91,102,81,3,0,full,white,en,,1.1.5,
0,es,Spanish (español),rosa,rosa,rosa,rgb,243,115,113,3,1,full,white,en,,1.1.5,
0,es,Spanish (español),rojo,rojo,rojo,rgb,188,21,62,3,2,full,white,en,,1.1.5,
0,es,Spanish (español),violeta,violeta,violeta,rgb,145,155,201,3,3,full,white,en,,1.1.5,
0,es,Spanish (español),negro,negro,negro,rgb,39,32,28,3,4,full,white,en,,1.1.5,
0,es,Spanish (español),marronclaro,marrón claro,marrón claro,rgb,185,167,158,3,5,full,white,en,,1.1.5,
0,es,Spanish (español),amarillo,amarillo,amarillo,rgb,232,234,63,3,6,full,white,en,,1.1.5,
0,es,Spanish (español),carne,carne,carne,rgb,235,185,152,3,7,full,white,en,,1.1.5,
0,es,Spanish (español),turquesa,turquesa,turquesa,rgb,41,229,190,3,8,full,white,en,,1.1.5,
0,es,Spanish (español),verde,verde,verde,rgb,114,250,76,3,9,full,white,en,,1.1.5,
0,es,Spanish (español),morado,morado,morado,rgb,80,48,125,3,10,full,white,en,,1.1.5,
0,es,Spanish (español),verde,verde,verde,rgb,61,168,65,3,11,full,white,en,,1.1.5,
0,es,Spanish (español),lila,lila,Lila,rgb,209,192,247,1,0,full,white,en,,1.1.5,
0,es,Spanish (español),magenta,magenta,Magenta,rgb,238,18,214,1,1,full,white,en,,1.1.5,
0,es,Spanish (español),fucsia,fucsia,Fucsia,rgb,220,90,204,1,2,full,white,en,,1.1.5,
0,es,Spanish (español),turquesa,turquesa,Turquesa,rgb,108,201,183,1,3,full,white,en,,1.1.5,
0,es,Spanish (español),ocre,ocre,Ocre,rgb,233,197,137,1,4,full,white,en,,1.1.5,
0,es,Spanish (español),azulmarino,azul marino,Azul marino,rgb,32,28,85,1,5,full,white,en,,1.1.5,
0,es,Spanish (español),verdemilitar,verde militar,Verde militar,rgb,151,148,59,1,6,full,white,en,,1.1.5,
0,es,Spanish (español),rojo,rojo,Rojo,rgb,218,67,80,1,7,full,white,en,,1.1.5,
0,es,Spanish (español),verdeclaro,verde claro,Verde claro,rgb,155,204,129,1,8,full,white,en,,1.1.5,
0,es,Spanish (español),violeta,violeta,Violeta,rgb,126,133,161,1,9,full,white,en,,1.1.5,
0,es,Spanish (español),rojointenso,rojo intenso,Rojo intenso,rgb,253,37,38,1,10,full,white,en,,1.1.5,
0,es,Spanish (español),rosa,rosa,Rosa,rgb,217,140,213,1,11,full,white,en,,1.1.5,
0,es,Spanish (español),rojoquemado,rojo quemado,Rojo quemado,rgb,191,55,63,1,0,full,white,en,,1.1.5,
0,es,Spanish (español),verde,verde,Verde,rgb,54,208,10,1,1,full,white,en,,1.1.5,
0,es,Spanish (español),morado,morado,Morado,rgb,103,0,124,1,2,full,white,en,,1.1.5,
0,es,Spanish (español),violeta,violeta,Violeta,rgb,126,129,160,1,3,full,white,en,,1.1.5,
0,es,Spanish (español),verde,verde,Verde,rgb,99,209,110,1,4,full,white,en,,1.1.5,
0,es,Spanish (español),verdeesmeralda,verde esmeralda,Verde esmeralda,rgb,17,95,63,1,5,full,white,en,,1.1.5,
0,es,Spanish (español),azulelectrico,azul electrico,Azul electrico,rgb,83,68,227,1,6,full,white,en,,1.1.5,
0,es,Spanish (español),aguamarina,acuamarina,Acuamarina,rgb,68,166,181,1,7,full,white,en,,1.1.5,
0,es,Spanish (español),morado,morado,Morado,rgb,109,61,132,1,8,full,white,en,,1.1.5,
0,es,Spanish (español),verde,verde,Verde,rgb,17,249,164,1,9,full,white,en,,1.1.5,
0,es,Spanish (español),verdemilitar,verde militar,Verde militar,rgb,100,100,100,1,10,full,white,en,,1.1.5,
0,es,Spanish (español),azulmarino,azul marino,Azul marino,rgb,9,62,106,1,11,full,white,en,,1.1.5,
0,es,Spanish (español),azulelectrico,azul eléctrico,Azul eléctrico,rgb,86,113,214,3,0,full,white,en,,1.1.5,
0,es,Spanish (español),verdeesmeralda,verde esmeralda,Verde esmeralda,rgb,6,98,31,3,1,full,white,en,,1.1.5,
0,es,Spanish (español),amarilloneon,amarillo neon,Amarillo neon,rgb,231,234,59,3,2,full,white,en,,1.1.5,
0,es,Spanish (español),lila,lila,Lila,rgb,156,111,198,3,3,full,white,en,,1.1.5,
0,es,Spanish (español),verdeobscuro,verde obscuro,Verde obscuro,rgb,20,66,60,3,4,full,white,en,,1.1.5,
0,es,Spanish (español),negro,negro,Negro,rgb,14,14,31,3,5,full,white,en,,1.1.5,
0,es,Spanish (español),ocre,ocre,Ocre,rgb,138,109,53,3,6,full,white,en,,1.1.5,
0,es,Spanish (español),azulcielo,azul cielo,Azul cielo,rgb,115,160,217,3,7,full,white,en,,1.1.5,
0,es,Spanish (español),verdeclaro,verde claro,Verde claro,rgb,215,223,173,3,8,full,white,en,,1.1.5,
0,es,Spanish (español),verde,verde,Verde,rgb,97,153,65,3,9,full,white,en,,1.1.5,
0,es,Spanish (español),fucsia,fucsia,Fucsia,rgb,209,24,125,3,10,full,white,en,,1.1.5,
0,es,Spanish (español),rojo,rojo,Rojo,rgb,238,17,51,3,11,full,white,en,,1.1.5,
0,es,Spanish (español),paloderosa,palo de rosa,Palo de rosa,rgb,217,139,144,6,0,full,white,en,,1.1.5,
0,es,Spanish (español),rosa,rosa,Rosa,rgb,248,145,199,6,1,full,white,en,,1.1.5,
0,es,Spanish (español),chedron,chedrón,Chedrón,rgb,222,101,13,6,2,full,white,en,,1.1.5,
0,es,Spanish (español),verdeneon,verde neon,Verde neon,rgb,151,223,35,6,3,full,white,en,,1.1.5,
0,es,Spanish (español),verdeagua,verde agua,Verde agua,rgb,81,216,160,6,4,full,white,en,,1.1.5,
0,es,Spanish (español),azulmarino,azul marino,Azul marino,rgb,39,1,75,6,5,full,white,en,,1.1.5,
0,es,Spanish (español),verdemilitar,verde militar,Verde militar,rgb,117,117,22,6,6,full,white,en,,1.1.5,
0,es,Spanish (español),azulelectrico,azul eléctrico,Azul eléctrico,rgb,20,20,236,6,7,full,white,en,,1.1.5,
0,es,Spanish (español),turquesa,turquesa,Turquesa,rgb,87,255,225,6,8,full,white,en,,1.1.5,
0,es,Spanish (español),verdeseco,verde seco,Verde seco,rgb,148,163,9,6,9,full,white,en,,1.1.5,
0,es,Spanish (español),cafeclaro,café claro,Café claro,rgb,191,119,90,6,10,full,white,en,,1.1.5,
0,es,Spanish (español),magenta,magenta,Magenta,rgb,186,33,175,6,11,full,white,en,,1.1.5,
0,es,Spanish (español),verdeoscuro,verde oscuro,verde oscuro,rgb,64,116,62,1,0,full,white,en,,1.1.5,
0,es,Spanish (español),verdeclaro,verde claro,verde claro,rgb,119,252,103,1,1,full,white,en,,1.1.5,
0,es,Spanish (español),celeste,celeste,celeste,rgb,114,186,244,1,2,full,white,en,,1.1.5,
0,es,Spanish (español),mostaza,mostaza,mostaza,rgb,204,188,15,1,3,full,white,en,,1.1.5,
0,es,Spanish (español),bordo,bordo,bordo,rgb,156,91,108,1,4,full,white,en,,1.1.5,
0,es,Spanish (español),morado,morado,morado,rgb,93,61,140,1,5,full,white,en,,1.1.5,
0,es,Spanish (español),amarillo,amarillo,amarillo,rgb,249,248,60,1,6,full,white,en,,1.1.5,
0,es,Spanish (español),naranjaoscuro,naranja oscuro,naranja oscuro,rgb,248,191,82,1,7,full,white,en,,1.1.5,
0,es,Spanish (español),lima,lima,lima,rgb,50,250,215,1,8,full,white,en,,1.1.5,
0,es,Spanish (español),lila,lila,lila,rgb,212,15,190,1,11,full,white,en,,1.1.5,
0,es,Spanish (español),verdeoscuro,verde oscuro,verde oscuro,rgb,46,133,2,3,0,full,white,en,,1.1.5,
0,es,Spanish (español),azul,azul,azul,rgb,36,7,98,3,1,full,white,en,,1.1.5,
0,es,Spanish (español),marronclaro,marrón claro,marrón claro,rgb,199,166,108,3,2,full,white,en,,1.1.5,
0,es,Spanish (español),celeste,celeste,celeste,rgb,132,216,230,3,3,full,white,en,,1.1.5,
0,es,Spanish (español),gris,gris,gris,rgb,189,187,192,3,4,full,white,en,,1.1.5,
0,es,Spanish (español),moradoclaro,morado claro,morado claro,rgb,167,87,206,3,6,full,white,en,,1.1.5,
0,es,Spanish (español),rosa,rosa,rosa,rgb,254,92,162,3,7,full,white,en,,1.1.5,
0,es,Spanish (español),lila,lila,lila,rgb,227,91,252,3,8,full,white,en,,1.1.5,
0,es,Spanish (español),fluor,fluor,fluor,rgb,199,255,23,3,9,full,white,en,,1.1.5,
0,es,Spanish (español),azul,azul,azul,rgb,26,82,202,3,11,full,white,en,,1.1.5,
0,es,Spanish (español),bordo,bordo,bordo,rgb,87,21,45,6,6,full,white,en,,1.1.5,
0,es,Spanish (español),rojo,rojo,rojo,rgb,162,34,4,6,8,full,white,en,,1.1.5,
0,es,Spanish (español),azul,azul,azul,rgb,52,22,159,6,11,full,white,en,,1.1.5,
0,es,Spanish (español),verde,verde,verde,rgb,184,251,193,1,0,full,white,en,,1.1.5,
0,es,Spanish (español),negro,negro,negro,rgb,26,70,58,1,1,full,white,en,,1.1.5,
0,es,Spanish (español),azul,azul,azul,rgb,22,3,73,1,2,full,white,en,,1.1.5,
0,es,Spanish (español),verde,verde,verde,rgb,11,147,84,1,3,full,white,en,,1.1.5,
0,es,Spanish (español),verde,verde,verde,rgb,103,133,33,1,4,full,white,en,,1.1.5,
0,es,Spanish (español),azul,azul,azul,rgb,147,171,189,1,5,full,white,en,,1.1.5,
0,es,Spanish (español),morado,morado,morado,rgb,219,151,229,1,6,full,white,en,,1.1.5,
0,es,Spanish (español),rojo,rojo,rojo,rgb,254,17,40,1,7,full,white,en,,1.1.5,
0,es,Spanish (español),verde,verde,verde,rgb,78,151,123,1,8,full,white,en,,1.1.5,
0,es,Spanish (español),morado,morado,morado,rgb,147,21,142,1,9,full,white,en,,1.1.5,
0,es,Spanish (español),rosa,rosa,rosa,rgb,242,10,137,1,10,full,white,en,,1.1.5,
0,es,Spanish (español),cafe,cafe,cafe,rgb,213,138,29,1,11,full,white,en,,1.1.5,
0,es,Spanish (español),rosa,rosa,Rosa,rgb,233,27,156,1,0,full,white,en,,1.1.5,
0,es,Spanish (español),violeta,violeta,Violeta,rgb,116,53,209,1,1,full,white,en,,1.1.5,
0,es,Spanish (español),lila,lila,Lila,rgb,198,174,244,1,2,full,white,en,,1.1.5,
0,es,Spanish (español),fucsia,fúcsia,Fúcsia,rgb,197,51,176,1,3,full,white,en,,1.1.5,
0,es,Spanish (español),verde,verde,Verde,rgb,152,236,94,1,4,full,white,en,,1.1.5,
0,es,Spanish (español),verde,verde,Verde,rgb,126,187,117,1,5,full,white,en,,1.1.5,
0,es,Spanish (español),amarillo,amarillo,Amarillo,rgb,221,224,126,1,6,full,white,en,,1.1.5,
0,es,Spanish (español),rosa,rosa,Rosa,rgb,220,68,244,1,7,full,white,en,,1.1.5,
0,es,Spanish (español),amarillo,amarillo,Amarillo,rgb,218,226,11,1,8,full,white,en,,1.1.5,
0,es,Spanish (español),azul,azul,Azul,rgb,55,44,80,1,9,full,white,en,,1.1.5,
0,es,Spanish (español),azulaqua,azul aqua,Azul aqua,rgb,2,252,212,1,10,full,white,en,,1.1.5,
0,es,Spanish (español),verde,verde,Verde,rgb,112,248,25,1,11,full,white,en,,1.1.5,
0,es,Spanish (español),azul,azul,Azul,rgb,41,87,230,3,0,full,white,en,,1.1.5,
0,es,Spanish (español),verde,verde,Verde,rgb,61,99,67,3,1,full,white,en,,1.1.5,
0,es,Spanish (español),verde,verde,Verde,rgb,69,95,27,3,2,full,white,en,,1.1.5,
0,es,Spanish (español),rosa,rosa,Rosa,rgb,234,152,196,3,3,full,white,en,,1.1.5,
0,es,Spanish (español),lila,lila,Lila,rgb,178,154,178,3,4,full,white,en,,1.1.5,
0,es,Spanish (español),coral,coral,Coral,rgb,184,127,125,3,5,full,white,en,,1.1.5,
0,es,Spanish (español),turquesa,turquesa,Turquesa,rgb,57,192,188,3,6,full,white,en,,1.1.5,
0,es,Spanish (español),gris,gris,Gris,rgb,172,199,209,3,7,full,white,en,,1.1.5,
0,es,Spanish (español),rojo,rojo,Rojo,rgb,244,24,5,3,8,full,white,en,,1.1.5,
0,es,Spanish (español),violeta,violeta,Violeta,rgb,112,50,80,3,9,full,white,en,,1.1.5,
0,es,Spanish (español),marron,marrón,Marrón,rgb,182,104,38,3,10,full,white,en,,1.1.5,
0,es,Spanish (español),naranja,naranja,Naranja,rgb,237,145,26,3,11,full,white,en,,1.1.5,
0,es,Spanish (español),azul,azul,Azul,rgb,31,25,137,6,0,full,white,en,,1.1.5,
0,es,Spanish (español),caqui,caqui,Caqui,rgb,136,117,16,6,1,full,white,en,,1.1.5,
0,es,Spanish (español),azul,azul,Azul,rgb,79,113,223,6,2,full,white,en,,1.1.5,
0,es,Spanish (español),rosa,rosa,Rosa,rgb,181,61,117,6,3,full,white,en,,1.1.5,
0,es,Spanish (español),verde,verde,Verde,rgb,168,171,44,6,4,full,white,en,,1.1.5,
0,es,Spanish (español),rojo,rojo,Rojo,rgb,201,38,39,6,5,full,white,en,,1.1.5,
0,es,Spanish (español),verde,verde,Verde,rgb,33,47,29,6,6,full,white,en,,1.1.5,
0,es,Spanish (español),amarillo,amarillo,Amarillo,rgb,255,210,71,6,7,full,white,en,,1.1.5,
0,es,Spanish (español),gris,gris,Gris,rgb,109,108,119,6,8,full,white,en,,1.1.5,
0,es,Spanish (español),azul,azul,Azul,rgb,37,81,110,6,9,full,white,en,,1.1.5,
0,es,Spanish (español),verde,verde,Verde,rgb,32,184,122,6,10,full,white,en,,1.1.5,
0,es,Spanish (español),coral,coral,Coral,rgb,234,138,125,6,11,full,white,en,,1.1.5,
0,es,Spanish (español),verde,verde,Verde,rgb,188,179,124,1,0,full,white,en,,1.1.5,
0,es,Spanish (español),rose,rose,Rose,rgb,196,116,184,1,1,full,white,en,,1.1.5,
0,es,Spanish (español),verde,verde,Verde,rgb,9,179,134,1,2,full,white,en,,1.1.5,
0,es,Spanish (español),cafe,café,Café,rgb,92,84,44,1,3,full,white,en,,1.1.5,
0,es,Spanish (español),morado,morado,Morado,rgb,169,161,180,1,4,full,white,en,,1.1.5,
0,es,Spanish (español),cafe,café,Café,rgb,122,105,104,1,5,full,white,en,,1.1.5,
0,es,Spanish (español),rosa,rosa,Rosa,rgb,195,78,181,1,6,full,white,en,,1.1.5,
0,es,Spanish (español),verdelimon,verde limón,Verde limón,rgb,66,196,9,1,7,full,white,en,,1.1.5,
0,es,Spanish (español),rojo,rojo,Rojo,rgb,157,32,30,1,8,full,white,en,,1.1.5,
0,es,Spanish (español),azulfuerte,azul fuerte,Azul fuerte,rgb,41,35,202,1,9,full,white,en,,1.1.5,
0,es,Spanish (español),verde,verde,Verde,rgb,90,140,108,1,10,full,white,en,,1.1.5,
0,es,Spanish (español),rosa,rosa,Rosa,rgb,123,2,92,1,11,full,white,en,,1.1.5,
0,es,Spanish (español),verde,verde,Verde,rgb,117,219,122,3,0,full,white,en,,1.1.5,
0,es,Spanish (español),naranja,naranja,Naranja,rgb,249,163,66,3,1,full,white,en,,1.1.5,
0,es,Spanish (español),verde,verde,Verde,rgb,64,82,70,3,2,full,white,en,,1.1.5,
0,es,Spanish (español),azul,azul,Azul,rgb,98,163,241,3,3,full,white,en,,1.1.5,
0,es,Spanish (español),azul,azul,Azul,rgb,89,100,176,3,4,full,white,en,,1.1.5,
0,es,Spanish (español),rosa,rosa,Rosa,rgb,240,93,152,3,5,full,white,en,,1.1.5,
0,es,Spanish (español),azulmarino,azul marino,Azul marino,rgb,36,45,98,3,6,full,white,en,,1.1.5,
0,es,Spanish (español),cafe,café,Café,rgb,113,60,69,3,7,full,white,en,,1.1.5,
0,es,Spanish (español),naranja,naranja,Naranja,rgb,224,83,30,3,8,full,white,en,,1.1.5,
0,es,Spanish (español),naranja,naranja,Naranja,rgb,250,112,95,3,9,full,white,en,,1.1.5,
0,es,Spanish (español),azul,azul,Azul,rgb,109,205,214,3,10,full,white,en,,1.1.5,
0,es,Spanish (español),verde,verde,Verde,rgb,36,137,66,3,11,full,white,en,,1.1.5,
0,es,Spanish (español),verde,verde,Verde,rgb,193,241,196,6,0,full,white,en,,1.1.5,
0,es,Spanish (español),morado,morado,Morado,rgb,160,125,249,6,1,full,white,en,,1.1.5,
0,es,Spanish (español),rojo,rojo,Rojo,rgb,218,124,119,6,2,full,white,en,,1.1.5,
0,es,Spanish (español),morado,morado,Morado,rgb,56,34,128,6,3,full,white,en,,1.1.5,
0,es,Spanish (español),morado,morado,Morado,rgb,181,78,225,6,4,full,white,en,,1.1.5,
0,es,Spanish (español),verde,verde,Verde,rgb,32,100,120,6,5,full,white,en,,1.1.5,
0,es,Spanish (español),rosa,rosa,Rosa,rgb,253,15,106,6,6,full,white,en,,1.1.5,
0,es,Spanish (español),azul,azul,Azul,rgb,25,94,218,6,7,full,white,en,,1.1.5,
0,es,Spanish (español),rojo,rojo,Rojo,rgb,253,20,19,6,8,full,white,en,,1.1.5,
0,es,Spanish (español),rosa,rosa,Rosa,rgb,144,2,68,6,9,full,white,en,,1.1.5,
0,es,Spanish (español),negro,negro,Negro,rgb,41,15,8,6,10,full,white,en,,1.1.5,
0,es,Spanish (español),verde,verde,Verde,rgb,175,208,11,6,11,full,white,en,,1.1.5,
0,es,Spanish (español),verdelima,verde lima,Verde lima,rgb,179,215,3,1,0,full,white,en,,1.1.5,
0,es,Spanish (español),ocre,ocre,Ocre,rgb,163,130,131,1,1,full,white,en,,1.1.5,
0,es,Spanish (español),berenjena,berenjena,Berenjena,rgb,127,82,120,1,2,full,white,en,,1.1.5,
0,es,Spanish (español),cyano,ciano,Ciano,rgb,26,229,207,1,3,full,white,en,,1.1.5,
0,es,Spanish (español),violeta,violeta,Violeta,rgb,137,69,212,1,4,full,white,en,,1.1.5,
0,es,Spanish (español),verdemusgo,verde musgo,Verde musgo,rgb,130,142,1,1,5,full,white,en,,1.1.5,
0,es,Spanish (español),lila,lila,Lila,rgb,160,153,242,1,6,full,white,en,,1.1.5,
0,es,Spanish (español),naranja,naranja,Naranja,rgb,255,166,55,1,7,full,white,en,,1.1.5,
0,es,Spanish (español),verdemanzana,verde manzana,Verde manzana,rgb,144,202,75,1,8,full,white,en,,1.1.5,
0,es,Spanish (español),rosapalo,rosa palo,Rosa palo,rgb,253,217,232,1,9,full,white,en,,1.1.5,
0,es,Spanish (español),verdeesmeralda,verde esmeralda,Verde esmeralda,rgb,61,212,93,1,10,full,white,en,,1.1.5,
0,es,Spanish (español),azulmar,azul mar,Azul mar,rgb,88,119,174,1,11,full,white,en,,1.1.5,
0,es,Spanish (español),rojocereza,rojo cereza,Rojo cereza,rgb,151,3,24,3,0,full,white,en,,1.1.5,
0,es,Spanish (español),verdeagua,verde agua,Verde agua,rgb,64,113,111,3,1,full,white,en,,1.1.5,
0,es,Spanish (español),amarillooro,amarillo oro,Amarillo oro,rgb,199,174,111,3,2,full,white,en,,1.1.5,
0,es,Spanish (español),verdeaceituna,verde aceituna,Verde aceituna,rgb,91,100,14,3,3,full,white,en,,1.1.5,
0,es,Spanish (español),turquesa,turquesa,Turquesa,rgb,18,168,141,3,4,full,white,en,,1.1.5,
0,es,Spanish (español),verdeagua,verde agua,Verde agua,rgb,136,220,158,3,5,full,white,en,,1.1.5,
0,es,Spanish (español),morado,morado,Morado,rgb,112,83,180,3,6,full,white,en,,1.1.5,
0,es,Spanish (español),verdefluor,verde fluor,Verde fluor,rgb,142,239,138,3,7,full,white,en,,1.1.5,
0,es,Spanish (español),magenta,magenta,Magenta,rgb,243,120,172,3,8,full,white,en,,1.1.5,
0,es,Spanish (español),rosaclaro,rosa claro,Rosa claro,rgb,247,189,249,3,9,full,white,en,,1.1.5,
0,es,Spanish (español),rosaoscuro,rosa oscuro,Rosa oscuro,rgb,183,17,94,3,10,full,white,en,,1.1.5,
0,es,Spanish (español),ultramar,ultramar,Ultramar,rgb,43,16,225,3,11,full,white,en,,1.1.5,
0,es,Spanish (español),verdemar,verde mar,verde mar,rgb,23,195,139,1,0,full,white,en,,1.1.5,
0,es,Spanish (español),caoba,caoba,caoba,rgb,172,49,11,1,1,full,white,en,,1.1.5,
0,es,Spanish (español),canela,canela,canela,rgb,153,109,55,1,2,full,white,en,,1.1.5,
0,es,Spanish (español),cyan,cian,cian,rgb,45,242,236,1,3,full,white,en,,1.1.5,
0,es,Spanish (español),azulpurpura,azul purpura,azul purpura,rgb,89,79,197,1,4,full,white,en,,1.1.5,
0,es,Spanish (español),magenta,magenta,magenta,rgb,230,76,198,1,5,full,white,en,,1.1.5,
0,es,Spanish (español),verdelima,verde lima,verde lima,rgb,118,209,73,1,6,full,white,en,,1.1.5,
0,es,Spanish (español),amatista,amatista,amatista,rgb,174,73,166,1,7,full,white,en,,1.1.5,
0,es,Spanish (español),azulpino,azul pino,azul pino,rgb,40,77,98,1,8,full,white,en,,1.1.5,
0,es,Spanish (español),rosa,rosado,rosado,rgb,210,121,165,1,9,full,white,en,,1.1.5,
0,es,Spanish (español),fucsia,fucsia,fucsia,rgb,225,11,124,1,10,full,white,en,,1.1.5,
0,es,Spanish (español),verde,verde,verde,rgb,68,145,55,1,11,full,white,en,,1.1.5,
0,es,Spanish (español),marrondorado,marron dorado,marron dorado,rgb,170,144,29,3,0,full,white,en,,1.1.5,
0,es,Spanish (español),ceruleo/azur,cerúleo/azur,cerúleo/azur,rgb,49,130,219,3,1,full,white,en,,1.1.5,
0,es,Spanish (español),morado,morado,morado,rgb,41,14,64,3,2,full,white,en,,1.1.5,
0,es,Spanish (español),verdeoliva,verde oliva,verde oliva,rgb,107,103,24,3,3,full,white,en,,1.1.5,
0,es,Spanish (español),salmon,salmon,salmon,rgb,253,169,151,3,4,full,white,en,,1.1.5,
0,es,Spanish (español),lavanda,lavanda,lavanda,rgb,209,160,250,3,5,full,white,en,,1.1.5,
0,es,Spanish (español),ocre,ocre,ocre,rgb,216,135,42,3,6,full,white,en,,1.1.5,
0,es,Spanish (español),azulon,azulón,azulón,rgb,2,92,247,3,7,full,white,en,,1.1.5,
0,es,Spanish (español),magenta,magenta,magenta,rgb,211,20,233,3,8,full,white,en,,1.1.5,
0,es,Spanish (español),purpura,purpura,purpura,rgb,163,24,179,3,9,full,white,en,,1.1.5,
0,es,Spanish (español),verdefluor,verde fluor,verde fluor,rgb,137,251,35,3,10,full,white,en,,1.1.5,
0,es,Spanish (español),zafiro,zafiro,zafiro,rgb,108,103,168,3,11,full,white,en,,1.1.5,
0,es,Spanish (español),chartreuse,chartreuse,chartreuse,rgb,169,184,109,6,0,full,white,en,,1.1.5,
0,es,Spanish (español),azulpurpura,azul purpura,azul purpura,rgb,79,12,181,6,1,full,white,en,,1.1.5,
0,es,Spanish (español),vino,vino,vino,rgb,114,51,112,6,2,full,white,en,,1.1.5,
0,es,Spanish (español),crema,crema,crema,rgb,236,206,123,6,3,full,white,en,,1.1.5,
0,es,Spanish (español),bigaro,bigaro,bigaro,rgb,152,180,239,6,4,full,white,en,,1.1.5,
0,es,Spanish (español),blancoroto,blanco roto,blanco roto,rgb,233,219,210,6,6,full,white,en,,1.1.5,
0,es,Spanish (español),aguamarina,aguamarina,aguamarina,rgb,156,238,246,6,7,full,white,en,,1.1.5,
0,es,Spanish (español),melon,melon,melon,rgb,214,162,108,6,9,full,white,en,,1.1.5,
0,es,Spanish (español),verdemanzana,verde manzana,verde manzana,rgb,168,204,52,6,10,full,white,en,,1.1.5,
0,es,Spanish (español),verdeclaro,verde claro,verde claro,rgb,105,222,131,6,11,full,white,en,,1.1.5,
0,es,Spanish (español),beige,beige,Beige,rgb,210,179,135,1,0,full,white,en,,1.1.5,
0,es,Spanish (español),verdepetroleo,verde petróleo,Verde petróleo,rgb,43,147,124,1,1,full,white,en,,1.1.5,
0,es,Spanish (español),verdemanzana,verde manzana,Verde manzana,rgb,2,198,103,1,2,full,white,en,,1.1.5,
0,es,Spanish (español),obispo,obispo,Obispo,rgb,190,20,105,1,3,full,white,en,,1.1.5,
0,es,Spanish (español),azulceleste,azul celeste,Azul celeste,rgb,56,108,236,1,4,full,white,en,,1.1.5,
0,es,Spanish (español),turquesa,turquesa,Turquesa,rgb,114,193,190,1,5,full,white,en,,1.1.5,
0,es,Spanish (español),marron,marrón,Marrón,rgb,87,46,25,1,6,full,white,en,,1.1.5,
0,es,Spanish (español),violeta,violeta,Violeta,rgb,148,60,154,1,7,full,white,en,,1.1.5,
0,es,Spanish (español),rojo,rojo,Rojo,rgb,253,11,86,1,8,full,white,en,,1.1.5,
0,es,Spanish (español),lila,lila,Lila,rgb,165,117,228,1,9,full,white,en,,1.1.5,
0,es,Spanish (español),verdecemento,verde cemento,Verde cemento,rgb,131,147,137,1,10,full,white,en,,1.1.5,
0,es,Spanish (español),azulfrancia,azul francia,Azul Francia,rgb,57,68,230,1,11,full,white,en,,1.1.5,
0,es,Spanish (español),marronrojizo,marrón rojizo,Marrón rojizo,rgb,142,64,37,3,0,full,white,en,,1.1.5,
0,es,Spanish (español),turquesabrillante,turquesa brillante,Turquesa brillante,rgb,39,229,208,3,1,full,white,en,,1.1.5,
0,es,Spanish (español),lilapastel,lila pastel,Lila pastel,rgb,190,155,180,3,2,full,white,en,,1.1.5,
0,es,Spanish (español),verdemanzanabrillante,verde manzana brillante,Verde manzana brillante,rgb,76,223,6,3,3,full,white,en,,1.1.5,
0,es,Spanish (español),grisperla,gris perla,Gris perla,rgb,212,218,241,3,4,full,white,en,,1.1.5,
0,es,Spanish (español),azulmarino,azul marino,Azul marino,rgb,22,20,112,3,5,full,white,en,,1.1.5,
0,es,Spanish (español),verdepastito,verde pastito,Verde pastito,rgb,218,214,60,3,6,full,white,en,,1.1.5,
0,es,Spanish (español),fucsia,fucsia,Fucsia,rgb,233,76,203,3,7,full,white,en,,1.1.5,
0,es,Spanish (español),azulpetroleo,azul petróleo,Azul petróleo,rgb,31,66,96,3,8,full,white,en,,1.1.5,
0,es,Spanish (español),naranjapalido,naranja pálido,Naranja pálido,rgb,238,137,79,3,9,full,white,en,,1.1.5,
0,es,Spanish (español),verdeoscuro,verde oscuro,Verde oscuro,rgb,58,126,22,3,10,full,white,en,,1.1.5,
0,es,Spanish (español),camel,camel,Camel,rgb,203,133,21,3,11,full,white,en,,1.1.5,
0,es,Spanish (español),violeta,violeta,Violeta,rgb,99,18,155,6,0,full,white,en,,1.1.5,
0,es,Spanish (español),piel,piel,Piel,rgb,240,195,188,6,1,full,white,en,,1.1.5,
0,es,Spanish (español),verdeingles9,verde inglés 9,Verde inglés 9,rgb,67,169,16,6,2,full,white,en,,1.1.5,
0,es,Spanish (español),borgona9k,borgoña 9k,Borgoña 9k,rgb,189,39,74,6,3,full,white,en,,1.1.5,
0,es,Spanish (español),lila,lila,Lila,rgb,186,120,176,6,4,full,white,en,,1.1.5,
0,es,Spanish (español),verdefosforescente9n,verde fosforescente 9n,Verde fosforescente 9n,rgb,141,226,90,6,5,full,white,en,,1.1.5,
0,es,Spanish (español),negrok,negro k,Negro k,rgb,39,46,7,6,6,full,white,en,,1.1.5,
0,es,Spanish (español),verdepalidokn,verde pálido kn,Verde pálido kn,rgb,232,231,127,6,7,full,white,en,,1.1.5,
0,es,Spanish (español),celestebrillantekn,celeste brillante kn,Celeste brillante kn,rgb,39,180,213,6,8,full,white,en,,1.1.5,
0,es,Spanish (español),beigerosan,beige rosadon,Beige rosadon,rgb,188,128,94,6,9,full,white,en,,1.1.5,
0,es,Spanish (español),verdeapagado,verde apagado,Verde apagado,rgb,177,160,68,6,10,full,white,en,,1.1.5,
0,es,Spanish (español),purpura,púrpura,Púrpura,rgb,63,76,162,6,11,full,white,en,,1.1.5,
0,es,Spanish (español),rosamexicano,rosa mexicano,Rosa mexicano,rgb,238,43,211,1,0,full,white,en,,1.1.5,
0,es,Spanish (español),cafe,café,Café,rgb,123,91,20,1,1,full,white,en,,1.1.5,
0,es,Spanish (español),verde,verde,Verde,rgb,80,127,91,1,2,full,white,en,,1.1.5,
0,es,Spanish (español),turquesa,turquesa,Turquesa,rgb,5,252,177,1,3,full,white,en,,1.1.5,
0,es,Spanish (español),cafe,café,Café,rgb,207,134,101,1,4,full,white,en,,1.1.5,
0,es,Spanish (español),coral,coral,Coral,rgb,248,105,93,1,5,full,white,en,,1.1.5,
0,es,Spanish (español),azul,azul,Azul,rgb,147,192,191,1,6,full,white,en,,1.1.5,
0,es,Spanish (español),azul,azul,Azul,rgb,73,166,236,1,7,full,white,en,,1.1.5,
0,es,Spanish (español),verde,verde,Verde,rgb,67,115,29,1,8,full,white,en,,1.1.5,
0,es,Spanish (español),rosa,rosa,Rosa,rgb,235,15,248,1,9,full,white,en,,1.1.5,
0,es,Spanish (español),vino,vino,Vino,rgb,81,3,61,1,10,full,white,en,,1.1.5,
0,es,Spanish (español),naranja,naranja,Naranja,rgb,168,66,37,1,11,full,white,en,,1.1.5,
0,es,Spanish (español),rojo,rojo,Rojo,rgb,229,40,7,3,0,full,white,en,,1.1.5,
0,es,Spanish (español),verdefosforescente,verde fosforescente,Verde fosforescente,rgb,37,249,101,3,1,full,white,en,,1.1.5,
0,es,Spanish (español),purpura,púrpura,Púrpura,rgb,105,53,242,3,2,full,white,en,,1.1.5,
0,es,Spanish (español),negro,negro,Negro,rgb,25,43,48,3,3,full,white,en,,1.1.5,
0,es,Spanish (español),verde,verde,Verde,rgb,53,170,167,3,4,full,white,en,,1.1.5,
0,es,Spanish (español),rojo,rojo,Rojo,rgb,212,35,73,3,5,full,white,en,,1.1.5,
0,es,Spanish (español),verdelimon,verde limón,Verde limón,rgb,196,223,27,3,6,full,white,en,,1.1.5,
0,es,Spanish (español),morado,morado,Morado,rgb,180,99,222,3,7,full,white,en,,1.1.5,
0,es,Spanish (español),amarillo,amarillo,Amarillo,rgb,226,177,58,3,8,full,white,en,,1.1.5,
0,es,Spanish (español),azulcielo,azul cielo,Azul cielo,rgb,121,207,245,3,9,full,white,en,,1.1.5,
0,es,Spanish (español),amarillo,amarillo,Amarillo,rgb,251,228,32,3,10,full,white,en,,1.1.5,
0,es,Spanish (español),verdebotella,verde botella,Verde botella,rgb,57,58,2,3,11,full,white,en,,1.1.5,
0,es,Spanish (español),cyan,cyan,Cyan,rgb,71,221,220,1,0,full,white,en,,1.1.5,
0,es,Spanish (español),verdebandera,verde bandera,Verde Bandera,rgb,61,127,65,1,1,full,white,en,,1.1.5,
0,es,Spanish (español),gris,gris,Gris,rgb,183,184,192,1,2,full,white,en,,1.1.5,
0,es,Spanish (español),oliva,oliva,Oliva,rgb,72,182,53,1,3,full,white,en,,1.1.5,
0,es,Spanish (español),cafe,cafe,Cafe,rgb,160,92,65,1,4,full,white,en,,1.1.5,
0,es,Spanish (español),azulmetalico,azul metalico,Azul metalico,rgb,21,73,80,1,5,full,white,en,,1.1.5,
0,es,Spanish (español),verdeoscuro,verde oscuro,Verde oscuro,rgb,11,77,40,1,6,full,white,en,,1.1.5,
0,es,Spanish (español),magenta,magenta,Magenta,rgb,205,26,108,1,7,full,white,en,,1.1.5,
0,es,Spanish (español),turquesa,turquesa,Turquesa,rgb,57,183,154,1,8,full,white,en,,1.1.5,
0,es,Spanish (español),limon,limon,Limon,rgb,190,246,27,1,9,full,white,en,,1.1.5,
0,es,Spanish (español),lila,lila,Lila,rgb,163,56,250,1,10,full,white,en,,1.1.5,
0,es,Spanish (español),fucsia,fucsia,Fucsia,rgb,240,45,249,1,11,full,white,en,,1.1.5,
0,es,Spanish (español),bugambilia,bugambilia,Bugambilia,rgb,198,16,114,6,0,full,white,en,,1.1.5,
0,es,Spanish (español),bugambilia,bugambilia,Bugambilia,rgb,208,37,159,6,1,full,white,en,,1.1.5,
0,es,Spanish (español),verdebandera,verde bandera,Verde bandera,rgb,46,86,74,6,2,full,white,en,,1.1.5,
0,es,Spanish (español),rojoquemado,rojo quemado,Rojo quemado,rgb,146,29,54,6,3,full,white,en,,1.1.5,
0,es,Spanish (español),rosapastel,rosa pastel,Rosa pastel,rgb,233,143,206,6,4,full,white,en,,1.1.5,
0,es,Spanish (español),verdepasto,verde pasto,Verde pasto,rgb,21,198,9,6,5,full,white,en,,1.1.5,
0,es,Spanish (español),rosaquemado,rosa quemado,Rosa quemado,rgb,182,79,109,6,6,full,white,en,,1.1.5,
0,es,Spanish (español),verdepastel,verde pastel,Verde pastel,rgb,147,233,104,6,7,full,white,en,,1.1.5,
0,es,Spanish (español),azulmarino,azul marino,Azul marino,rgb,59,44,162,6,8,full,white,en,,1.1.5,
0,es,Spanish (español),azulagua,azul agua,Azul agua,rgb,77,231,188,6,9,full,white,en,,1.1.5,
0,es,Spanish (español),azul,azul,Azul,rgb,69,88,237,6,10,full,white,en,,1.1.5,
0,es,Spanish (español),gris,gris,Gris,rgb,83,97,118,6,11,full,white,en,,1.1.5,
0,es,Spanish (español),rosa,rosa,Rosa,rgb,252,209,254,3,0,full,white,en,,1.1.5,
0,es,Spanish (español),paloderosa,palo de rosa,Palo de rosa,rgb,211,103,152,3,1,full,white,en,,1.1.5,
0,es,Spanish (español),lila,lila,Lila,rgb,187,108,251,3,2,full,white,en,,1.1.5,
0,es,Spanish (español),magenta,magenta,Magenta,rgb,194,93,101,3,3,full,white,en,,1.1.5,
0,es,Spanish (español),beige,beige,Beige,rgb,251,242,186,3,4,full,white,en,,1.1.5,
0,es,Spanish (español),cafe,cafe,Cafe,rgb,186,106,2,3,5,full,white,en,,1.1.5,
0,es,Spanish (español),gris,gris,Gris,rgb,144,129,162,3,6,full,white,en,,1.1.5,
0,es,Spanish (español),verde,verde,Verde,rgb,64,94,5,3,7,full,white,en,,1.1.5,
0,es,Spanish (español),azul,azul,Azul,rgb,23,80,210,3,8,full,white,en,,1.1.5,
0,es,Spanish (español),oliva,oliva,Oliva,rgb,205,212,116,3,9,full,white,en,,1.1.5,
0,es,Spanish (español),morado,morado,Morado,rgb,83,6,64,3,10,full,white,en,,1.1.5,
0,es,Spanish (español),naranja,naranja,Naranja,rgb,231,93,51,3,11,full,white,en,,1.1.5,
0,es,Spanish (español),verde,verde,Verde,rgb,75,133,49,1,0,full,white,en,,1.1.5,
0,es,Spanish (español),lila,lila,Lila,rgb,157,130,237,1,1,full,white,en,,1.1.5,
0,es,Spanish (español),fucsia,fucsia,Fucsia,rgb,224,76,238,1,2,full,white,en,,1.1.5,
0,es,Spanish (español),magenta,magenta,Magenta,rgb,96,3,3,1,3,full,white,en,,1.1.5,
0,es,Spanish (español),rojo,rojo,Rojo,rgb,185,23,77,1,4,full,white,en,,1.1.5,
0,es,Spanish (español),azul,azul,Azul,rgb,74,104,179,1,5,full,white,en,,1.1.5,
0,es,Spanish (español),verde,verde,Verde,rgb,81,247,141,1,6,full,white,en,,1.1.5,
0,es,Spanish (español),morado,morado,Morado,rgb,97,2,141,1,7,full,white,en,,1.1.5,
0,es,Spanish (español),verde,verde,Verde,rgb,188,226,205,1,8,full,white,en,,1.1.5,
0,es,Spanish (español),verde,verde,Verde,rgb,113,221,147,1,9,full,white,en,,1.1.5,
0,es,Spanish (español),negro,negro,Negro,rgb,42,11,20,1,10,full,white,en,,1.1.5,
0,es,Spanish (español),verdemilitar,verde militar,Verde militar,rgb,112,122,29,1,11,full,white,en,,1.1.5,
0,es,Spanish (español),turquesa,turquesa,Turquesa,rgb,37,110,132,3,0,full,white,en,,1.1.5,
0,es,Spanish (español),rosa,rosa,Rosa,rgb,181,114,143,3,1,full,white,en,,1.1.5,
0,es,Spanish (español),verde,verde,Verde,rgb,61,143,106,3,2,full,white,en,,1.1.5,
0,es,Spanish (español),rojo,rojo,Rojo,rgb,214,5,23,3,3,full,white,en,,1.1.5,
0,es,Spanish (español),azul,azul,Azul,rgb,69,49,227,3,4,full,white,en,,1.1.5,
0,es,Spanish (español),verdeolivo,verde olivo,Verde olivo,rgb,150,180,62,3,5,full,white,en,,1.1.5,
0,es,Spanish (español),verde,verde,Verde,rgb,158,230,71,3,6,full,white,en,,1.1.5,
0,es,Spanish (español),marron,marrón,Marrón,rgb,192,129,75,3,7,full,white,en,,1.1.5,
0,es,Spanish (español),azul,azul,Azul,rgb,87,147,210,3,8,full,white,en,,1.1.5,
0,es,Spanish (español),negro,negro,Negro,rgb,66,76,81,3,9,full,white,en,,1.1.5,
0,es,Spanish (español),azulmarino,azul marino,Azul marino,rgb,37,42,86,3,10,full,white,en,,1.1.5,
0,es,Spanish (español),azul,azul,Azul,rgb,117,254,251,3,11,full,white,en,,1.1.5,
0,es,Spanish (español),rosa,rosa,Rosa,rgb,253,142,142,6,0,full,white,en,,1.1.5,
0,es,Spanish (español),magenta,magenta,Magenta,rgb,91,21,58,6,1,full,white,en,,1.1.5,
0,es,Spanish (español),verde,verde,Verde,rgb,148,250,26,6,2,full,white,en,,1.1.5,
0,es,Spanish (español),azul,azul,Azul,rgb,21,60,176,6,3,full,white,en,,1.1.5,
0,es,Spanish (español),naranja,naranja,Naranja,rgb,235,119,53,6,4,full,white,en,,1.1.5,
0,es,Spanish (español),lila,lila,Lila,rgb,182,127,198,6,5,full,white,en,,1.1.5,
0,es,Spanish (español),verde,verde,Verde,rgb,39,251,198,6,6,full,white,en,,1.1.5,
0,es,Spanish (español),verdemilitar,verde militar,Verde militar,rgb,134,158,111,6,7,full,white,en,,1.1.5,
0,es,Spanish (español),verde,verde,Verde,rgb,206,251,152,6,8,full,white,en,,1.1.5,
0,es,Spanish (español),naranja,naranja,Naranja,rgb,228,170,8,6,9,full,white,en,,1.1.5,
0,es,Spanish (español),morado,morado,Morado,rgb,102,66,153,6,10,full,white,en,,1.1.5,
0,es,Spanish (español),verde,verde,Verde,rgb,204,233,25,6,11,full,white,en,,1.1.5,
0,es,Spanish (español),verdeclaro,verde claro,Verde claro,rgb,134,222,170,1,0,full,white,en,,1.1.5,
0,es,Spanish (español),verdelimon,verde limón,Verde limón,rgb,183,204,33,1,1,full,white,en,,1.1.5,
0,es,Spanish (español),cremasuave,crema suave,Crema suave,rgb,247,232,152,1,2,full,white,en,,1.1.5,
0,es,Spanish (español),cafemedianoomarron,café mediano o marrón,Café mediano o marrón,rgb,166,149,48,1,3,full,white,en,,1.1.5,
0,es,Spanish (español),verdelimonbrillante,verde limón brillante,Verde limón brillante,rgb,168,241,9,1,4,full,white,en,,1.1.5,
0,es,Spanish (español),verdeoscuroturquesa,verde oscuro turquesa,Verde oscuro turquesa,rgb,22,108,99,1,5,full,white,en,,1.1.5,
0,es,Spanish (español),violeta,violeta,Violeta,rgb,116,20,209,1,6,full,white,en,,1.1.5,
0,es,Spanish (español),verdeesmeralda,verde esmeralda,Verde esmeralda,rgb,120,138,58,1,7,full,white,en,,1.1.5,
0,es,Spanish (español),naranjorojizo,naranjo rojizo,Naranjo rojizo,rgb,203,109,58,1,8,full,white,en,,1.1.5,
0,es,Spanish (español),violetatenue,violeta tenue,Violeta tenue,rgb,181,154,173,1,9,full,white,en,,1.1.5,
0,es,Spanish (español),azulmarinosuave,azul marino suave,Azul marino suave,rgb,100,139,175,1,10,full,white,en,,1.1.5,
0,es,Spanish (español),rojonaranja,rojo naranja,Rojo naranja,rgb,235,57,87,1,11,full,white,en,,1.1.5,
0,es,Spanish (español),"azulclaro,azulado","azul claro, azulado","Azul claro, azulado",rgb,190,211,248,3,0,full,white,en,,1.1.5,
0,es,Spanish (español),violetabrillante,violeta brillante,Violeta brillante,rgb,143,63,199,3,1,full,white,en,,1.1.5,
0,es,Spanish (español),violetaclarobrillante,violeta claro brillante,Violeta claro brillante,rgb,239,47,236,3,2,full,white,en,,1.1.5,
0,es,Spanish (español),"verdeoscuro,","verde oscuro,","Verde oscuro,",rgb,79,154,97,3,3,full,white,en,,1.1.5,
0,es,Spanish (español),azulvioletasuave,azul violeta suave,Azul violeta suave,rgb,135,135,247,3,4,full,white,en,,1.1.5,
0,es,Spanish (español),naranjoclaro,naranjo claro,Naranjo claro,rgb,235,141,136,3,5,full,white,en,,1.1.5,
0,es,Spanish (español),azulmarinooscuro,azul marino oscuro,Azul marino oscuro,rgb,13,63,152,3,6,full,white,en,,1.1.5,
0,es,Spanish (español),verdeclaroazulado,verde claro azulado,Verde claro azulado,rgb,61,226,232,3,7,full,white,en,,1.1.5,
0,es,Spanish (español),cafeclaro,café claro,Café claro,rgb,147,98,80,3,8,full,white,en,,1.1.5,
0,es,Spanish (español),rojoanaranjadobrillante,rojo anaranjado brillante,Rojo anaranjado brillante,rgb,204,35,158,3,9,full,white,en,,1.1.5,
0,es,Spanish (español),rojoanaranjadooscuro,rojo anaranjado oscuro,Rojo anaranjado oscuro,rgb,154,9,109,3,10,full,white,en,,1.1.5,
0,es,Spanish (español),verdelimonclaro,verde limón claro,Verde limón claro,rgb,95,232,142,3,11,full,white,en,,1.1.5,
0,es,Spanish (español),azul,azul,Azul,rgb,17,40,253,6,0,full,white,en,,1.1.5,
0,es,Spanish (español),anaranjadorojizo,anaranjado rojizo,Anaranjado rojizo,rgb,218,114,180,6,1,full,white,en,,1.1.5,
0,es,Spanish (español),ogreocafeoscuro,ogre o café oscuro,Ogre o café oscuro,rgb,144,85,11,6,2,full,white,en,,1.1.5,
0,es,Spanish (español),naranjorojizobrillante,naranjo rojizo brillante,Naranjo rojizo brillante,rgb,244,54,53,6,3,full,white,en,,1.1.5,
0,es,Spanish (español),"verdeoscuro,verdepetroleo","verde oscuro, verde petróleo","Verde oscuro, Verde petróleo",rgb,90,96,80,6,4,full,white,en,,1.1.5,
0,es,Spanish (español),azulclaro,azul claro,Azul claro,rgb,73,114,189,6,5,full,white,en,,1.1.5,
0,es,Spanish (español),azulbrillante,azul brillante,Azul brillante,rgb,5,68,203,6,6,full,white,en,,1.1.5,
0,es,Spanish (español),verdelimon,verde limón,Verde limón,rgb,49,179,42,6,7,full,white,en,,1.1.5,
0,es,Spanish (español),verdeoscuro,verde oscuro,Verde oscuro,rgb,54,93,25,6,8,full,white,en,,1.1.5,
0,es,Spanish (español),verdelimonbrillante,verde limón brillante,Verde limón brillante,rgb,38,250,61,6,9,full,white,en,,1.1.5,
0,es,Spanish (español),grisazulado,gris azulado,Gris azulado,rgb,162,191,193,6,10,full,white,en,,1.1.5,
0,es,Spanish (español),"verdeoscuro,verdepetroleo","verde oscuro, verde petróleo","Verde oscuro, Verde petróleo",rgb,35,75,45,6,11,full,white,en,,1.1.5,
0,es,Spanish (español),celeste,celeste,Celeste,rgb,121,141,221,1,0,full,white,en,,1.1.5,
0,es,Spanish (español),magenta,magenta,Magenta,rgb,196,56,144,1,1,full,white,en,,1.1.5,
0,es,Spanish (español),amarillolimon,amarillo limón,Amarillo limón,rgb,243,249,88,1,2,full,white,en,,1.1.5,
0,es,Spanish (español),piel,piel,Piel,rgb,234,194,167,1,3,full,white,en,,1.1.5,
0,es,Spanish (español),morado,morado,Morado,rgb,145,59,138,1,4,full,white,en,,1.1.5,
0,es,Spanish (español),"verdeclaro,verdepasto","verde claro, verde pasto","Verde claro, verde pasto",rgb,123,156,10,1,5,full,white,en,,1.1.5,
0,es,Spanish (español),azuloscuro,azul oscuro,Azul oscuro,rgb,13,34,83,1,6,full,white,en,,1.1.5,
0,es,Spanish (español),lila,lila,Lila,rgb,217,201,226,1,7,full,white,en,,1.1.5,
0,es,Spanish (español),azulelectrico,azul eléctrico,Azul eléctrico,rgb,79,87,210,1,9,full,white,en,,1.1.5,
0,es,Spanish (español),cafe,café,Café,rgb,177,108,75,1,10,full,white,en,,1.1.5,
0,es,Spanish (español),verde,verde,Verde,rgb,74,135,136,1,11,full,white,en,,1.1.5,
0,es,Spanish (español),fucsia,fucsia,Fucsia,rgb,220,45,116,3,0,full,white,en,,1.1.5,
0,es,Spanish (español),celeste,celeste,Celeste,rgb,20,193,206,3,1,full,white,en,,1.1.5,
0,es,Spanish (español),tojo,tojo,Tojo,rgb,221,24,13,3,2,full,white,en,,1.1.5,
0,es,Spanish (español),verde,verde,Verde,rgb,11,157,72,3,3,full,white,en,,1.1.5,
0,es,Spanish (español),verdebrillante,verde brillante,Verde brillante,rgb,151,225,117,3,4,full,white,en,,1.1.5,
0,es,Spanish (español),marrongrisaceo,marrón grisáceo,Marrón grisáceo,rgb,100,94,72,3,5,full,white,en,,1.1.5,
0,es,Spanish (español),verdefosforecente,verde fosforecente,Verde fosforecente,rgb,74,232,85,3,6,full,white,en,,1.1.5,
0,es,Spanish (español),azulcielo,azul cielo,Azul cielo,rgb,112,186,251,3,7,full,white,en,,1.1.5,
0,es,Spanish (español),verdeagua,verde agua,Verde agua,rgb,73,219,166,3,8,full,white,en,,1.1.5,
0,es,Spanish (español),morado,morado,Morado,rgb,125,2,206,3,9,full,white,en,,1.1.5,
0,es,Spanish (español),lilaoscuro,lila oscuro,Lila oscuro,rgb,177,117,151,3,10,full,white,en,,1.1.5,
0,es,Spanish (español),verdeoscuro,verde oscuro,Verde oscuro,rgb,58,126,64,3,11,full,white,en,,1.1.5,
0,es,Spanish (español),morado,morado,Morado,rgb,155,20,172,6,0,full,white,en,,1.1.5,
0,es,Spanish (español),granate,granate,Granate,rgb,144,43,27,6,1,full,white,en,,1.1.5,
0,es,Spanish (español),verde,verde,Verde,rgb,83,187,25,6,2,full,white,en,,1.1.5,
0,es,Spanish (español),verdeazulado,verde azulado,Verde azulado,rgb,7,142,113,6,3,full,white,en,,1.1.5,
0,es,Spanish (español),rojo,rojo,Rojo,rgb,208,25,59,6,4,full,white,en,,1.1.5,
0,es,Spanish (español),azulmar,azul mar,Azul mar,rgb,53,95,160,6,5,full,white,en,,1.1.5,
0,es,Spanish (español),verdeaguabrillante,verde agua brillante,Verde agua brillante,rgb,57,247,163,6,6,full,white,en,,1.1.5,
0,es,Spanish (español),azulrey,azul rey,Azul rey,rgb,2,115,223,6,7,full,white,en,,1.1.5,
0,es,Spanish (español),celestepastel,celeste pastel,Celeste pastel,rgb,195,237,237,6,8,full,white,en,,1.1.5,
0,es,Spanish (español),mostaza,mostaza,Mostaza,rgb,227,210,99,6,9,full,white,en,,1.1.5,
0,es,Spanish (español),plomo,plomo,Plomo,rgb,105,101,114,6,10,full,white,en,,1.1.5,
0,es,Spanish (español),casinegro,casi negro,Casi negro,rgb,51,41,53,6,11,full,white,en,,1.1.5,
0,es,Spanish (español),grey,grey,Grey,rgb,104,102,90,1,1,full,white,en,,1.1.5,
0,es,Spanish (español),brown,brown,Brown,rgb,142,105,51,1,3,full,white,en,,1.1.5,
0,es,Spanish (español),turquoise,turquoise,Turquoise,rgb,22,171,149,1,5,full,white,en,,1.1.5,
0,es,Spanish (español),naranja,naranja,Naranja,rgb,221,148,12,3,0,full,white,en,,1.1.5,
0,es,Spanish (español),grisoscuro,gris oscuro,Gris oscuro,rgb,64,74,88,3,1,full,white,en,,1.1.5,
0,es,Spanish (español),morado,morado,Morado,rgb,124,105,208,3,2,full,white,en,,1.1.5,
0,es,Spanish (español),celeste,celeste,Celeste,rgb,183,215,215,3,3,full,white,en,,1.1.5,
0,es,Spanish (español),verdeoscuro,verde oscuro,Verde oscuro,rgb,77,142,80,3,4,full,white,en,,1.1.5,
0,es,Spanish (español),azuloscuro,azul oscuro,Azul oscuro,rgb,24,48,128,3,5,full,white,en,,1.1.5,
0,es,Spanish (español),lila,lila,Lila,rgb,178,175,220,3,6,full,white,en,,1.1.5,
0,es,Spanish (español),morado,morado,Morado,rgb,117,53,228,3,7,full,white,en,,1.1.5,
0,es,Spanish (español),turquesa,turquesa,Turquesa,rgb,62,221,251,3,8,full,white,en,,1.1.5,
0,es,Spanish (español),verdeagua,verde agua,Verde agua,rgb,127,218,151,3,9,full,white,en,,1.1.5,
0,es,Spanish (español),verdebotella,verde botella,Verde botella,rgb,5,107,85,3,10,full,white,en,,1.1.5,
0,es,Spanish (español),turquesa,turquesa,Turquesa,rgb,148,254,245,3,11,full,white,en,,1.1.5,
0,es,Spanish (español),verdeoliva,verde oliva,Verde oliva,rgb,156,163,59,6,0,full,white,en,,1.1.5,
0,es,Spanish (español),azulmarino,azul marino,Azul marino,rgb,45,46,175,6,1,full,white,en,,1.1.5,
0,es,Spanish (español),rosaoscuro,rosa oscuro,Rosa oscuro,rgb,180,132,164,6,2,full,white,en,,1.1.5,
0,es,Spanish (español),marron,marron,Marron,rgb,162,89,102,6,3,full,white,en,,1.1.5,
0,es,Spanish (español),azul,azul,Azul,rgb,66,107,244,6,4,full,white,en,,1.1.5,
0,es,Spanish (español),rosa,rosa,Rosa,rgb,202,78,106,6,5,full,white,en,,1.1.5,
0,es,Spanish (español),beis,beis,Beis,rgb,203,190,153,6,6,full,white,en,,1.1.5,
0,es,Spanish (español),rosachillon,rosa chillón,Rosa chillón,rgb,245,40,213,6,7,full,white,en,,1.1.5,
0,es,Spanish (español),verde,verde,Verde,rgb,25,226,111,6,8,full,white,en,,1.1.5,
0,es,Spanish (español),buganvilla,buganvilla,Buganvilla,rgb,138,49,125,6,9,full,white,en,,1.1.5,
0,es,Spanish (español),coral,coral,Coral,rgb,253,154,118,6,10,full,white,en,,1.1.5,
0,es,Spanish (español),verde,verde,Verde,rgb,197,221,121,6,11,full,white,en,,1.1.5,
0,es,Spanish (español),azuloscuro,azul oscuro,Azul oscuro,rgb,40,41,159,1,0,full,white,en,,1.1.5,
0,es,Spanish (español),verdelimon,verde limón,Verde limón,rgb,63,112,97,1,1,full,white,en,,1.1.5,
0,es,Spanish (español),rojovino,rojo vino,Rojo vino,rgb,105,8,64,1,2,full,white,en,,1.1.5,
0,es,Spanish (español),azul,azul,Azul,rgb,39,105,128,1,3,full,white,en,,1.1.5,
0,es,Spanish (español),verde,verde,Verde,rgb,9,165,157,1,4,full,white,en,,1.1.5,
0,es,Spanish (español),azulceleste,azul celeste,Azul celeste,rgb,176,214,218,1,6,full,white,en,,1.1.5,
0,es,Spanish (español),naranja,naranja,Naranja,rgb,252,183,75,1,7,full,white,en,,1.1.5,
0,es,Spanish (español),verdefosforescente,verde fosforescente,Verde fosforescente,rgb,96,204,69,1,8,full,white,en,,1.1.5,
0,es,Spanish (español),azulfosforescente,azul fosforescente,Azul fosforescente,rgb,85,216,230,1,9,full,white,en,,1.1.5,
0,es,Spanish (español),moradoclaro,morado claro,Morado claro,rgb,209,179,254,1,11,full,white,en,,1.1.5,
0,es,Spanish (español),moradooscuro,morado oscuro,Morado oscuro,rgb,121,30,156,3,0,full,white,en,,1.1.5,
0,es,Spanish (español),azuloscuro,azul oscuro,Azul oscuro,rgb,4,73,172,3,3,full,white,en,,1.1.5,
0,es,Spanish (español),morado,morado,Morado,rgb,127,21,196,3,4,full,white,en,,1.1.5,
0,es,Spanish (español),verde,verde,Verde,rgb,74,253,99,3,5,full,white,en,,1.1.5,
0,es,Spanish (español),rojo,rojo,Rojo,rgb,142,6,44,3,6,full,white,en,,1.1.5,
0,es,Spanish (español),rosa,rosa,Rosa,rgb,229,116,127,1,0,full,white,en,,1.1.5,
0,es,Spanish (español),verdeclaro,verde claro,Verde claro,rgb,81,203,80,1,1,full,white,en,,1.1.5,
0,es,Spanish (español),azulmarino,azul marino,Azul marino,rgb,35,30,107,1,2,full,white,en,,1.1.5,
0,es,Spanish (español),verdeoscuro,verde oscuro,Verde oscuro,rgb,76,194,115,1,3,full,white,en,,1.1.5,
0,es,Spanish (español),gris,gris,Gris,rgb,107,127,147,1,4,full,white,en,,1.1.5,
0,es,Spanish (español),amarillo,amarillo,Amarillo,rgb,248,231,92,1,5,full,white,en,,1.1.5,
0,es,Spanish (español),verdeolivo,verde olivo,Verde olivo,rgb,193,191,92,1,6,full,white,en,,1.1.5,
0,es,Spanish (español),mostaza,mostaza,Mostaza,rgb,185,128,10,1,7,full,white,en,,1.1.5,
0,es,Spanish (español),naranja,naranja,Naranja,rgb,241,154,102,1,8,full,white,en,,1.1.5,
0,es,Spanish (español),crema,crema,Crema,rgb,248,241,232,1,9,full,white,en,,1.1.5,
0,es,Spanish (español),verdefluorescente,verde fluorescente,Verde fluorescente,rgb,149,247,47,1,10,full,white,en,,1.1.5,
0,es,Spanish (español),verdelimon,verde limón,Verde limón,rgb,233,249,177,1,11,full,white,en,,1.1.5,
0,es,Spanish (español),verde,verde,Verde,rgb,178,189,33,3,0,full,white,en,,1.1.5,
0,es,Spanish (español),rosafluorescente,rosa fluorescente,Rosa fluorescente,rgb,254,46,129,3,1,full,white,en,,1.1.5,
0,es,Spanish (español),oliva,oliva,Oliva,rgb,174,176,118,3,2,full,white,en,,1.1.5,
0,es,Spanish (español),aqua,aqua,Aqua,rgb,168,229,228,3,3,full,white,en,,1.1.5,
0,es,Spanish (español),rosamexicano,rosa mexicano,Rosa mexicano,rgb,202,99,169,3,4,full,white,en,,1.1.5,
0,es,Spanish (español),verde,verde,Verde,rgb,24,247,73,3,5,full,white,en,,1.1.5,
0,es,Spanish (español),azulrey,azul rey,Azul rey,rgb,69,89,231,3,6,full,white,en,,1.1.5,
0,es,Spanish (español),lila,lila,Lila,rgb,182,166,225,3,7,full,white,en,,1.1.5,
0,es,Spanish (español),morado,morado,Morado,rgb,168,49,234,3,8,full,white,en,,1.1.5,
0,es,Spanish (español),verdepasto,verde pasto,Verde pasto,rgb,103,162,28,3,9,full,white,en,,1.1.5,
0,es,Spanish (español),purpura,púrpura,Púrpura,rgb,66,34,191,3,10,full,white,en,,1.1.5,
0,es,Spanish (español),verdegrisaceo,verde grisáceo,Verde grisáceo,rgb,135,131,104,3,11,full,white,en,,1.1.5,
0,es,Spanish (español),purpura,púrpura,Púrpura,rgb,131,19,121,6,0,full,white,en,,1.1.5,
0,es,Spanish (español),caoba,caoba,Caoba,rgb,164,48,69,6,1,full,white,en,,1.1.5,
0,es,Spanish (español),verdeturquesa,verde turquesa,Verde turquesa,rgb,74,255,191,6,2,full,white,en,,1.1.5,
0,es,Spanish (español),cafe,cafe,Cafe,rgb,137,88,86,6,3,full,white,en,,1.1.5,
0,es,Spanish (español),verdebandera,verde bandera,Verde bandera,rgb,3,143,97,6,4,full,white,en,,1.1.5,
0,es,Spanish (español),gris,gris,Gris,rgb,159,190,221,6,5,full,white,en,,1.1.5,
0,es,Spanish (español),amarillohuevo,amarillo huevo,Amarillo huevo,rgb,253,215,139,6,6,full,white,en,,1.1.5,
0,es,Spanish (español),rosaclaro,rosa claro,Rosa claro,rgb,243,162,201,6,7,full,white,en,,1.1.5,
0,es,Spanish (español),guinda,guinda,Guinda,rgb,152,44,105,6,8,full,white,en,,1.1.5,
0,es,Spanish (español),azulturquesa,azul turquesa,Azul turquesa,rgb,41,213,200,6,9,full,white,en,,1.1.5,
0,es,Spanish (español),shedron,shedron,Shedron,rgb,182,71,41,6,10,full,white,en,,1.1.5,
0,es,Spanish (español),amarillofluorescente,amarillo fluorescente,Amarillo fluorescente,rgb,214,245,60,6,11,full,white,en,,1.1.5,
0,es,Spanish (español),dirtgreen,dirt green,dirt green,rgb,140,197,81,1,0,full,white,en,,1.1.5,
0,es,Spanish (español),darkpurple,dark purple,dark purple,rgb,74,17,57,1,1,full,white,en,,1.1.5,
0,es,Spanish (español),navygreen,navy green,navy green,rgb,62,83,50,1,2,full,white,en,,1.1.5,
0,es,Spanish (español),woodbrown,wood brown,wood brown,rgb,113,73,43,1,3,full,white,en,,1.1.5,
0,es,Spanish (español),lightgreen,light green,light green,rgb,185,200,138,1,4,full,white,en,,1.1.5,
0,es,Spanish (español),purplegreen,purple green,purple green,rgb,117,104,101,1,5,full,white,en,,1.1.5,
0,es,Spanish (español),brightgreen,bright green,bright green,rgb,67,211,79,1,6,full,white,en,,1.1.5,
0,es,Spanish (español),pinkpurple,pink purple,pink purple,rgb,147,18,86,1,7,full,white,en,,1.1.5,
0,es,Spanish (español),brightblue,bright blue,bright blue,rgb,5,32,250,1,10,full,white,en,,1.1.5,
0,es,Spanish (español),pastelpink,pastel pink,pastel pink,rgb,222,95,153,1,11,full,white,en,,1.1.5,
0,es,Spanish (español),brightblue,bright blue,bright blue,rgb,2,89,189,3,0,full,white,en,,1.1.5,
0,es,Spanish (español),uglypurple,ugly purple,ugly purple,rgb,115,88,142,3,1,full,white,en,,1.1.5,
0,es,Spanish (español),muddygreen,muddy green,muddy green,rgb,109,118,23,3,2,full,white,en,,1.1.5,
0,es,Spanish (español),nayblue,nay blue,nay blue,rgb,19,67,110,3,3,full,white,en,,1.1.5,
0,es,Spanish (español),pinkpurple,pink purple,pink purple,rgb,197,6,177,3,4,full,white,en,,1.1.5,
0,es,Spanish (español),darkpurple,dark purple,dark purple,rgb,22,8,42,3,5,full,white,en,,1.1.5,
0,es,Spanish (español),brightskyble,bright sky ble,bright sky ble,rgb,39,133,222,3,6,full,white,en,,1.1.5,
0,es,Spanish (español),mustardyellow,mustard yellow,mustard yellow,rgb,217,227,67,3,7,full,white,en,,1.1.5,
0,es,Spanish (español),brightgreen,bright green,bright green,rgb,46,238,229,3,8,full,white,en,,1.1.5,
0,es,Spanish (español),brightpink,bright pink,bright pink,rgb,243,65,254,3,10,full,white,en,,1.1.5,
0,es,Spanish (español),royalblue,royal blue,royal blue,rgb,72,72,252,6,0,full,white,en,,1.1.5,
0,es,Spanish (español),greygreen,grey green,grey green,rgb,138,180,175,6,1,full,white,en,,1.1.5,
0,es,Spanish (español),woodbrown,wood brown,wood brown,rgb,153,70,41,6,2,full,white,en,,1.1.5,
0,es,Spanish (español),olivegreen,olive green,olive green,rgb,19,86,19,6,3,full,white,en,,1.1.5,
0,es,Spanish (español),dirtgrey,dirt grey,dirt grey,rgb,56,67,69,6,4,full,white,en,,1.1.5,
0,es,Spanish (español),washedgreen,washed green,washed green,rgb,36,155,86,6,5,full,white,en,,1.1.5,
0,es,Spanish (español),pastelgreen,pastel green,pastel green,rgb,191,196,249,6,6,full,white,en,,1.1.5,
0,es,Spanish (español),skinbrown,skin brown,skin brown,rgb,243,210,172,6,7,full,white,en,,1.1.5,
0,es,Spanish (español),oceanblue,ocean blue,ocean blue,rgb,92,174,230,6,8,full,white,en,,1.1.5,
0,es,Spanish (español),redwood,red wood,red wood,rgb,171,9,9,6,9,full,white,en,,1.1.5,
0,es,Spanish (español),brown,brown,brown,rgb,184,133,43,6,10,full,white,en,,1.1.5,
0,es,Spanish (español),mintgreen,mint green,mint green,rgb,163,246,227,6,11,full,white,en,,1.1.5,
0,es,Spanish (español),lila,lila,lila,rgb,243,160,243,1,0,full,white,en,,1.1.5,
0,es,Spanish (español),marron,marrón,marrón,rgb,215,83,30,1,1,full,white,en,,1.1.5,
0,es,Spanish (español),morado,morado,morado,rgb,109,62,100,1,2,full,white,en,,1.1.5,
0,es,Spanish (español),azul,azul,azul,rgb,63,84,195,1,3,full,white,en,,1.1.5,
0,es,Spanish (español),verdeoscuro,verde oscuro,verde oscuro,rgb,78,129,73,1,4,full,white,en,,1.1.5,
0,es,Spanish (español),moradoclaro,morado claro,morado claro,rgb,208,109,178,1,5,full,white,en,,1.1.5,
0,es,Spanish (español),verde,verde,verde,rgb,26,163,26,1,6,full,white,en,,1.1.5,
0,es,Spanish (español),teja,teja,teja,rgb,245,74,96,1,7,full,white,en,,1.1.5,
0,es,Spanish (español),verdeazulado,verde azulado,verde azulado,rgb,80,200,157,1,8,full,white,en,,1.1.5,
0,es,Spanish (español),verdeamarillento,verde amarillento,verde amarillento,rgb,209,252,34,1,9,full,white,en,,1.1.5,
0,es,Spanish (español),violeta,violeta,violeta,rgb,245,62,177,1,10,full,white,en,,1.1.5,
0,es,Spanish (español),azul,azul,azul,rgb,22,23,229,1,11,full,white,en,,1.1.5,
0,es,Spanish (español),verde,verde,verde,rgb,16,231,2,3,0,full,white,en,,1.1.5,
0,es,Spanish (español),azul,azul,azul,rgb,96,102,160,3,1,full,white,en,,1.1.5,
0,es,Spanish (español),marroncaca,marrón caca,marrón caca,rgb,205,151,57,3,2,full,white,en,,1.1.5,
0,es,Spanish (español),moradoclaro,morado claro,morado claro,rgb,140,116,213,3,3,full,white,en,,1.1.5,
0,es,Spanish (español),lila,lila,lila,rgb,215,188,188,3,4,full,white,en,,1.1.5,
0,es,Spanish (español),azulcielo,azul cielo,azul cielo,rgb,149,201,207,3,5,full,white,en,,1.1.5,
0,es,Spanish (español),rosa,rosa,rosa,rgb,246,153,177,3,6,full,white,en,,1.1.5,
0,es,Spanish (español),rojooscuro,rojo oscuro,rojo oscuro,rgb,213,16,1,3,7,full,white,en,,1.1.5,
0,es,Spanish (español),verdeazulado,verde azulado,verde azulado,rgb,82,180,97,3,8,full,white,en,,1.1.5,
0,es,Spanish (español),azul,azul,azul,rgb,65,41,205,3,9,full,white,en,,1.1.5,
0,es,Spanish (español),violeta,violeta,violeta,rgb,154,13,121,3,10,full,white,en,,1.1.5,
0,es,Spanish (español),moradoclarito,morado clarito,morado clarito,rgb,171,176,222,3,11,full,white,en,,1.1.5,
0,es,Spanish (español),negro,negro,negro,rgb,16,70,56,6,0,full,white,en,,1.1.5,
0,es,Spanish (español),caqui,caqui,caqui,rgb,217,201,116,6,1,full,white,en,,1.1.5,
0,es,Spanish (español),rojovino,rojo vino,rojo vino,rgb,111,14,52,6,2,full,white,en,,1.1.5,
0,es,Spanish (español),azul,azul,azul,rgb,40,42,167,6,3,full,white,en,,1.1.5,
0,es,Spanish (español),turquesa,turquesa,turquesa,rgb,34,172,248,6,4,full,white,en,,1.1.5,
0,es,Spanish (español),grisazulado,gris azulado,gris azulado,rgb,146,191,158,6,5,full,white,en,,1.1.5,
0,es,Spanish (español),azulmarino,azul marino,azul marino,rgb,55,50,130,6,6,full,white,en,,1.1.5,
0,es,Spanish (español),morado,morado,morado,rgb,84,16,121,6,7,full,white,en,,1.1.5,
0,es,Spanish (español),moradoclaro,morado claro,morado claro,rgb,163,31,191,6,8,full,white,en,,1.1.5,
0,es,Spanish (español),moradoclaro,morado claro,morado claro,rgb,179,59,251,6,9,full,white,en,,1.1.5,
0,es,Spanish (español),marron,marrón,marrón,rgb,161,75,47,6,10,full,white,en,,1.1.5,
0,es,Spanish (español),siena,siena,siena,rgb,174,124,99,6,11,full,white,en,,1.1.5,
0,es,Spanish (español),azulverdoso,azul verdoso,AZUL VERDOSO,rgb,119,175,174,1,0,full,white,en,,1.1.5,
0,es,Spanish (español),azulgrisaceo,azul grisaceo,AZUL GRISACEO,rgb,97,123,179,1,1,full,white,en,,1.1.5,
0,es,Spanish (español),verde,verde,VERDE,rgb,3,122,25,1,2,full,white,en,,1.1.5,
0,es,Spanish (español),caldero,caldero,CALDERO,rgb,238,104,61,1,3,full,white,en,,1.1.5,
0,es,Spanish (español),amarillopalido,amarillo palido,AMARILLO PALIDO,rgb,237,242,141,1,4,full,white,en,,1.1.5,
0,es,Spanish (español),turquesa,turquesa,TURQUESA,rgb,32,184,251,1,5,full,white,en,,1.1.5,
0,es,Spanish (español),verdegrisaceo,verde grisaceo,VERDE GRISACEO,rgb,100,144,101,1,6,full,white,en,,1.1.5,
0,es,Spanish (español),fucsia,fucsia,FUCSIA,rgb,184,31,246,1,7,full,white,en,,1.1.5,
0,es,Spanish (español),malva,malva,MALVA,rgb,185,114,193,1,8,full,white,en,,1.1.5,
0,es,Spanish (español),marronverdoso,marron verdoso,MARRON VERDOSO,rgb,152,125,12,1,9,full,white,en,,1.1.5,
0,es,Spanish (español),azulmarino,azul marino,AZUL MARINO,rgb,9,37,174,1,10,full,white,en,,1.1.5,
0,es,Spanish (español),violeta,violeta,VIOLETA,rgb,168,96,211,1,11,full,white,en,,1.1.5,
0,es,Spanish (español),morado,morado,MORADO,rgb,125,58,100,3,0,full,white,en,,1.1.5,
0,es,Spanish (español),fucsia,fucsia,FUCSIA,rgb,217,21,125,3,1,full,white,en,,1.1.5,
0,es,Spanish (español),beige,beige,BEIGE,rgb,145,110,88,3,2,full,white,en,,1.1.5,
0,es,Spanish (español),verdecaqui,verde caqui,VERDE CAQUI,rgb,68,59,38,3,3,full,white,en,,1.1.5,
0,es,Spanish (español),verdepalido,verde palido,VERDE PALIDO,rgb,50,157,99,3,4,full,white,en,,1.1.5,
0,es,Spanish (español),violeta,violeta,VIOLETA,rgb,212,76,231,3,5,full,white,en,,1.1.5,
0,es,Spanish (español),rosapalido,rosa palido,ROSA PALIDO,rgb,250,197,232,3,6,full,white,en,,1.1.5,
0,es,Spanish (español),magenta,magenta,MAGENTA,rgb,179,31,74,3,7,full,white,en,,1.1.5,
0,es,Spanish (español),verdebotella,verde botella,VERDE BOTELLA,rgb,29,83,34,3,8,full,white,en,,1.1.5,
0,es,Spanish (español),grisazulado,gris azulado,GRIS AZULADO,rgb,37,32,51,3,9,full,white,en,,1.1.5,
0,es,Spanish (español),azulmorado,azul morado,AZUL MORADO,rgb,65,20,226,3,10,full,white,en,,1.1.5,
0,es,Spanish (español),gris,gris,GRIS,rgb,113,100,126,3,11,full,white,en,,1.1.5,
0,es,Spanish (español),verde,verde,VERDE,rgb,58,224,160,6,0,full,white,en,,1.1.5,
0,es,Spanish (español),pistacho,pistacho,PISTACHO,rgb,136,242,117,6,1,full,white,en,,1.1.5,
0,es,Spanish (español),moradoclaro,morado claro,MORADO CLARO,rgb,89,88,187,6,2,full,white,en,,1.1.5,
0,es,Spanish (español),verdeclaro,verde claro,VERDE CLARO,rgb,131,220,178,6,3,full,white,en,,1.1.5,
0,es,Spanish (español),crema,crema,CREMA,rgb,228,148,97,6,4,full,white,en,,1.1.5,
0,es,Spanish (español),rojosangre,rojo sangre,ROJO SANGRE,rgb,153,6,3,6,5,full,white,en,,1.1.5,
0,es,Spanish (español),azulelectrico,azul electrico,AZUL ELECTRICO,rgb,39,91,233,6,6,full,white,en,,1.1.5,
0,es,Spanish (español),amarillopalido,amarillo palido,AMARILLO PALIDO,rgb,234,236,193,6,7,full,white,en,,1.1.5,
0,es,Spanish (español),rosa,rosa,ROSA,rgb,239,140,177,6,8,full,white,en,,1.1.5,
0,es,Spanish (español),moradooscuro,morado oscuro,MORADO OSCURO,rgb,40,24,119,6,9,full,white,en,,1.1.5,
0,es,Spanish (español),cremaoscuro,crema oscuro,CREMA OSCURO,rgb,171,76,64,6,10,full,white,en,,1.1.5,
0,es,Spanish (español),marron,marron,MARRON,rgb,82,52,1,6,11,full,white,en,,1.1.5,
0,es,Spanish (español),cyan,cyan,cyan,rgb,71,238,253,1,0,full,white,en,,1.1.5,
0,es,Spanish (español),naranja,naranja,naranja,rgb,233,101,52,1,1,full,white,en,,1.1.5,
0,es,Spanish (español),castano,castaño,castaño,rgb,178,86,71,1,2,full,white,en,,1.1.5,
0,es,Spanish (español),violeta,violeta,violeta,rgb,141,29,143,1,3,full,white,en,,1.1.5,
0,es,Spanish (español),aquamarina,aqua marina,aqua marina,rgb,32,170,145,1,4,full,white,en,,1.1.5,
0,es,Spanish (español),marroncaca,marrón caca,marrón caca,rgb,98,83,39,1,5,full,white,en,,1.1.5,
0,es,Spanish (español),azul,azul,azul,rgb,104,142,234,1,6,full,white,en,,1.1.5,
0,es,Spanish (español),amarillento,amarillento,amarillento,rgb,239,195,109,1,7,full,white,en,,1.1.5,
0,es,Spanish (español),azuloscuro,azul oscuro,azul oscuro,rgb,38,78,241,1,8,full,white,en,,1.1.5,
0,es,Spanish (español),verdegrisaceo,verde grisáceo,verde grisáceo,rgb,68,127,120,1,9,full,white,en,,1.1.5,
0,es,Spanish (español),marron,marrón,marrón,rgb,118,72,9,1,10,full,white,en,,1.1.5,
0,es,Spanish (español),verde,verde,verde,rgb,105,214,120,1,11,full,white,en,,1.1.5,
0,es,Spanish (español),violeta,violeta,violeta,rgb,163,75,218,3,0,full,white,en,,1.1.5,
0,es,Spanish (español),grisoscuro,gris oscuro,gris oscuro,rgb,114,110,161,3,1,full,white,en,,1.1.5,
0,es,Spanish (español),morado,morado,morado,rgb,139,45,231,3,2,full,white,en,,1.1.5,
0,es,Spanish (español),fucsia,fucsia,fucsia,rgb,242,28,213,3,3,full,white,en,,1.1.5,
0,es,Spanish (español),dorado,dorado,dorado,rgb,185,158,21,3,4,full,white,en,,1.1.5,
0,es,Spanish (español),carne,carne,carne,rgb,229,154,110,3,5,full,white,en,,1.1.5,
0,es,Spanish (español),gris,gris,gris,rgb,188,194,205,3,6,full,white,en,,1.1.5,
0,es,Spanish (español),verdeoscuro,verde oscuro,verde oscuro,rgb,35,129,41,3,7,full,white,en,,1.1.5,
0,es,Spanish (español),rojizo,rojizo,rojizo,rgb,140,16,49,3,8,full,white,en,,1.1.5,
0,es,Spanish (español),rojo,rojo,rojo,rgb,218,33,72,3,9,full,white,en,,1.1.5,
0,es,Spanish (español),huevo,huevo,huevo,rgb,222,226,164,3,10,full,white,en,,1.1.5,
0,es,Spanish (español),rosa,rosa,rosa,rgb,248,75,179,3,11,full,white,en,,1.1.5,
0,es,Spanish (español),negro,negro,negro,rgb,35,14,5,6,0,full,white,en,,1.1.5,
0,es,Spanish (español),violeta,violeta,violeta,rgb,138,78,150,6,1,full,white,en,,1.1.5,
0,es,Spanish (español),azulmarino,azul marino,azul marino,rgb,17,15,113,6,2,full,white,en,,1.1.5,
0,es,Spanish (español),azulclaro,azul claro,azul claro,rgb,108,183,201,6,3,full,white,en,,1.1.5,
0,es,Spanish (español),morado,morado,morado,rgb,141,103,219,6,4,full,white,en,,1.1.5,
0,es,Spanish (español),verdelima,verde lima,verde lima,rgb,139,183,23,6,5,full,white,en,,1.1.5,
0,es,Spanish (español),marronclaro,marron claro,marron claro,rgb,180,110,43,6,6,full,white,en,,1.1.5,
0,es,Spanish (español),azul,azul,azul,rgb,3,69,140,6,7,full,white,en,,1.1.5,
0,es,Spanish (español),verde,verde,verde,rgb,99,230,83,6,8,full,white,en,,1.1.5,
0,es,Spanish (español),verde,verde,verde,rgb,104,161,108,6,9,full,white,en,,1.1.5,
0,es,Spanish (español),amarillo,amarillo,amarillo,rgb,242,216,19,6,10,full,white,en,,1.1.5,
0,es,Spanish (español),azul,azul,azul,rgb,51,114,143,6,11,full,white,en,,1.1.5,
0,es,Spanish (español),naranja,naranja,naranja,rgb,212,124,54,1,0,full,white,en,,1.1.5,
0,es,Spanish (español),borgona,borgoña,borgoña,rgb,124,70,82,1,1,full,white,en,,1.1.5,
0,es,Spanish (español),verde,verde,verde,rgb,27,179,48,1,2,full,white,en,,1.1.5,
0,es,Spanish (español),violeta,violeta,violeta,rgb,189,82,233,1,3,full,white,en,,1.1.5,
0,es,Spanish (español),turquesa,turquesa,turquesa,rgb,24,89,129,1,4,full,white,en,,1.1.5,
0,es,Spanish (español),fucsia,fucsia,fucsia,rgb,196,31,149,1,5,full,white,en,,1.1.5,
0,es,Spanish (español),azul,azul,azul,rgb,61,79,170,1,6,full,white,en,,1.1.5,
0,es,Spanish (español),rosa,rosa,rosa,rgb,211,59,85,1,7,full,white,en,,1.1.5,
0,es,Spanish (español),celeste,celeste,celeste,rgb,49,106,241,1,8,full,white,en,,1.1.5,
0,es,Spanish (español),ladrillo,ladrillo,ladrillo,rgb,181,61,39,1,9,full,white,en,,1.1.5,
0,es,Spanish (español),anil,añil,añil,rgb,4,4,25,1,10,full,white,en,,1.1.5,
0,es,Spanish (español),marron,marrón,marrón,rgb,161,118,68,1,11,full,white,en,,1.1.5,
0,es,Spanish (español),turquesa,turquesa,turquesa,rgb,28,164,213,3,0,full,white,en,,1.1.5,
0,es,Spanish (español),gris,gris,gris,rgb,121,175,138,3,1,full,white,en,,1.1.5,
0,es,Spanish (español),ocre,ocre,ocre,rgb,179,190,86,3,2,full,white,en,,1.1.5,
0,es,Spanish (español),marronchocolate,marrón chocolate,marrón chocolate,rgb,96,73,51,3,3,full,white,en,,1.1.5,
0,es,Spanish (español),lila,lila,lila,rgb,197,188,206,3,4,full,white,en,,1.1.5,
0,es,Spanish (español),azulpetroleo,azúl petróleo,azúl petróleo,rgb,33,70,68,3,5,full,white,en,,1.1.5,
0,es,Spanish (español),fucsiaclaro,fucsia claro,fucsia claro,rgb,189,96,141,3,6,full,white,en,,1.1.5,
0,es,Spanish (español),violeta,violeta,violeta,rgb,155,66,160,3,7,full,white,en,,1.1.5,
0,es,Spanish (español),gris,gris,gris,rgb,197,218,169,3,8,full,white,en,,1.1.5,
0,es,Spanish (español),verde,verde,verde,rgb,92,139,16,3,9,full,white,en,,1.1.5,
0,es,Spanish (español),violeta,violeta,violeta,rgb,96,1,110,3,10,full,white,en,,1.1.5,
0,es,Spanish (español),azul,azul,azul,rgb,24,35,78,3,11,full,white,en,,1.1.5,
0,es,Spanish (español),rosaviejo,rosa viejo,rosa viejo,rgb,211,176,147,6,0,full,white,en,,1.1.5,
0,es,Spanish (español),verdeagua,verde agua,verde agua,rgb,115,225,158,6,1,full,white,en,,1.1.5,
0,es,Spanish (español),rosa,rosa,rosa,rgb,247,153,249,6,2,full,white,en,,1.1.5,
0,es,Spanish (español),celesteviejo,celeste viejo,celeste viejo,rgb,125,136,175,6,3,full,white,en,,1.1.5,
0,es,Spanish (español),verdemanzana,verde manzana,verde manzana,rgb,146,205,44,6,4,full,white,en,,1.1.5,
0,es,Spanish (español),verde,verde,verde,rgb,79,233,67,6,5,full,white,en,,1.1.5,
0,es,Spanish (español),azulfrancia,azul francia,azul francia,rgb,21,12,156,6,6,full,white,en,,1.1.5,
0,es,Spanish (español),marron,marrón,marrón,rgb,129,66,44,6,7,full,white,en,,1.1.5,
0,es,Spanish (español),amarillopastel,amarillo pastel,amarillo pastel,rgb,241,242,76,6,8,full,white,en,,1.1.5,
0,es,Spanish (español),ocre,ocre,ocre,rgb,168,131,34,6,9,full,white,en,,1.1.5,
0,es,Spanish (español),lila,lila,lila,rgb,163,127,198,6,10,full,white,en,,1.1.5,
0,es,Spanish (español),borgona,borgoña,borgoña,rgb,80,12,44,6,11,full,white,en,,1.1.5,
0,es,Spanish (español),violeta,violeta,Violeta,rgb,105,50,79,1,0,full,white,en,,1.1.5,
0,es,Spanish (español),azulrey,azul rey,Azul rey,rgb,19,20,157,1,1,full,white,en,,1.1.5,
0,es,Spanish (español),durazno,durazno,Durazno,rgb,221,124,68,1,2,full,white,en,,1.1.5,
0,es,Spanish (español),azulaqcua,azul aqcua,Azul aqcua,rgb,116,224,197,1,3,full,white,en,,1.1.5,
0,es,Spanish (español),morado,morado,Morado,rgb,40,26,70,1,4,full,white,en,,1.1.5,
0,es,Spanish (español),verdelimon,verde limon,Verde limon,rgb,50,248,75,1,5,full,white,en,,1.1.5,
0,es,Spanish (español),azulcielo,azul cielo,Azul Cielo,rgb,196,222,225,1,6,full,white,en,,1.1.5,
0,es,Spanish (español),rojo,rojo,Rojo,rgb,190,15,15,1,7,full,white,en,,1.1.5,
0,es,Spanish (español),rosafiusha,rosa fiusha,Rosa Fiusha,rgb,252,113,231,1,8,full,white,en,,1.1.5,
0,es,Spanish (español),verdepasto,verde pasto,Verde pasto,rgb,100,221,75,1,9,full,white,en,,1.1.5,
0,es,Spanish (español),verdeagua,verde agua,Verde agua,rgb,39,230,149,1,10,full,white,en,,1.1.5,
0,es,Spanish (español),azulacero,azul acero,Azul acero,rgb,50,100,116,1,11,full,white,en,,1.1.5,
0,es,Spanish (español),magenta,magenta,Magenta,rgb,221,25,99,3,0,full,white,en,,1.1.5,
0,es,Spanish (español),verdebotella,verde botella,Verde botella,rgb,110,148,99,3,1,full,white,en,,1.1.5,
0,es,Spanish (español),azul,azul,Azul,rgb,25,179,200,3,2,full,white,en,,1.1.5,
0,es,Spanish (español),violeta,violeta,violeta,rgb,122,91,148,3,3,full,white,en,,1.1.5,
0,es,Spanish (español),azulrey,azul rey,Azul rey,rgb,40,5,215,3,4,full,white,en,,1.1.5,
0,es,Spanish (español),verdelimon,verde limon,Verde limon,rgb,134,165,13,3,5,full,white,en,,1.1.5,
0,es,Spanish (español),durazno,durazno,Durazno,rgb,223,161,64,3,6,full,white,en,,1.1.5,
0,es,Spanish (español),verdebandera,verde bandera,Verde bandera,rgb,50,116,49,3,7,full,white,en,,1.1.5,
0,es,Spanish (español),azulceleste,azul celeste,Azul celeste,rgb,100,201,249,3,8,full,white,en,,1.1.5,
0,es,Spanish (español),paloderosa,palo de rosa,Palo de rosa,rgb,169,123,127,3,9,full,white,en,,1.1.5,
0,es,Spanish (español),azulturquesa,azul turquesa,Azul turquesa,rgb,14,136,135,3,10,full,white,en,,1.1.5,
0,es,Spanish (español),azulmediterraneo,azul mediterraneo,Azul mediterraneo,rgb,16,114,247,3,11,full,white,en,,1.1.5,
0,es,Spanish (español),negro,negro,negro,rgb,52,58,69,6,0,full,white,en,,1.1.5,
0,es,Spanish (español),azulmarino,azul marino,Azul marino,rgb,13,41,137,6,1,full,white,en,,1.1.5,
0,es,Spanish (español),rosamexicano,rosa mexicano,Rosa mexicano,rgb,198,85,167,6,2,full,white,en,,1.1.5,
0,es,Spanish (español),azulrey,azul rey,azul rey,rgb,36,120,214,6,3,full,white,en,,1.1.5,
0,es,Spanish (español),champagne,champagne,champagne,rgb,225,224,132,6,4,full,white,en,,1.1.5,
0,es,Spanish (español),verdeclaro,verde claro,verde claro,rgb,194,245,113,6,5,full,white,en,,1.1.5,
0,es,Spanish (español),cafe,cafe,Cafe,rgb,125,45,15,6,6,full,white,en,,1.1.5,
0,es,Spanish (español),violeta,violeta,Violeta,rgb,51,80,238,6,7,full,white,en,,1.1.5,
0,es,Spanish (español),cafeclaro,cafe claro,cafe claro,rgb,196,162,100,6,8,full,white,en,,1.1.5,
0,es,Spanish (español),verde,verde,Verde,rgb,18,146,9,6,9,full,white,en,,1.1.5,
0,es,Spanish (español),amarillomostaza,amarillo mostaza,Amarillo mostaza,rgb,254,180,15,6,10,full,white,en,,1.1.5,
0,es,Spanish (español),beige,beige,beige,rgb,253,235,180,6,11,full,white,en,,1.1.5,
0,es,Spanish (español),verde,verde,verde,rgb,69,139,58,1,0,full,white,en,,1.1.5,
0,es,Spanish (español),magneta,magneta,magneta,rgb,144,4,97,1,1,full,white,en,,1.1.5,
0,es,Spanish (español),amarillo,amarillo,amarillo,rgb,239,206,100,1,2,full,white,en,,1.1.5,
0,es,Spanish (español),azul,azul,azul,rgb,197,203,225,1,3,full,white,en,,1.1.5,
0,es,Spanish (español),anaranjado,anaranjado,anaranjado,rgb,250,105,46,1,4,full,white,en,,1.1.5,
0,es,Spanish (español),azulcielo,azul cielo,azul cielo,rgb,11,226,247,1,5,full,white,en,,1.1.5,
0,es,Spanish (español),purpura,purpura,purpura,rgb,104,15,110,1,6,full,white,en,,1.1.5,
0,es,Spanish (español),azulrey,azul rey,azul rey,rgb,65,84,183,1,7,full,white,en,,1.1.5,
0,es,Spanish (español),rosa,rosa,rosa,rgb,212,80,129,1,8,full,white,en,,1.1.5,
0,es,Spanish (español),caqui,caqui,caqui,rgb,173,164,134,1,9,full,white,en,,1.1.5,
0,es,Spanish (español),verdeazul,verdeazul,verdeazul,rgb,163,254,204,1,10,full,white,en,,1.1.5,
0,es,Spanish (español),morado,morado,morado,rgb,64,20,139,1,11,full,white,en,,1.1.5,
0,es,Spanish (español),rosa,rosa,Rosa,rgb,240,228,243,1,0,full,white,en,,1.1.5,
0,es,Spanish (español),azul,azul,Azul,rgb,43,84,135,1,1,full,white,en,,1.1.5,
0,es,Spanish (español),lila,lila,Lila,rgb,161,143,190,1,2,full,white,en,,1.1.5,
0,es,Spanish (español),azulmarino,azul marino,Azul marino,rgb,16,34,71,1,3,full,white,en,,1.1.5,
0,es,Spanish (español),magenta,magenta,Magenta,rgb,197,119,188,1,4,full,white,en,,1.1.5,
0,es,Spanish (español),turquesa,turquesa,Turquesa,rgb,29,213,183,1,5,full,white,en,,1.1.5,
0,es,Spanish (español),rosa,rosa,Rosa,rgb,206,66,122,1,6,full,white,en,,1.1.5,
0,es,Spanish (español),cyan,cian,Cian,rgb,78,139,176,1,7,full,white,en,,1.1.5,
0,es,Spanish (español),marron,marrón,Marrón,rgb,94,82,68,1,8,full,white,en,,1.1.5,
0,es,Spanish (español),negro,negro,Negro,rgb,25,26,19,1,9,full,white,en,,1.1.5,
0,es,Spanish (español),verde,verde,Verde,rgb,169,219,168,1,10,full,white,en,,1.1.5,
0,es,Spanish (español),marronanaranjado,marrón anaranjado,Marrón anaranjado,rgb,169,122,14,1,11,full,white,en,,1.1.5,
0,es,Spanish (español),marron,marrón,Marrón,rgb,85,41,30,3,0,full,white,en,,1.1.5,
0,es,Spanish (español),beige,beige,Beige,rgb,186,155,146,3,1,full,white,en,,1.1.5,
0,es,Spanish (español),berenjena,berenjena,Berenjena,rgb,97,39,87,3,2,full,white,en,,1.1.5,
0,es,Spanish (español),rosa,rosa,Rosa,rgb,248,173,169,3,3,full,white,en,,1.1.5,
0,es,Spanish (español),morado,morado,Morado,rgb,163,82,180,3,4,full,white,en,,1.1.5,
0,es,Spanish (español),azul,azul,Azul,rgb,35,4,178,3,5,full,white,en,,1.1.5,
0,es,Spanish (español),verdefosforito,verde fosforito,Verde fosforito,rgb,108,218,60,3,6,full,white,en,,1.1.5,
0,es,Spanish (español),cyan,cian,Cian,rgb,53,142,140,3,7,full,white,en,,1.1.5,
0,es,Spanish (español),turquesa,turquesa,Turquesa,rgb,22,162,107,3,8,full,white,en,,1.1.5,
0,es,Spanish (español),amarilloverdoso,amarillo verdoso,Amarillo verdoso,rgb,201,172,65,3,9,full,white,en,,1.1.5,
0,es,Spanish (español),verde,verde,Verde,rgb,91,125,17,3,10,full,white,en,,1.1.5,
0,es,Spanish (español),verdeclaro,verde claro,Verde claro,rgb,161,236,127,3,11,full,white,en,,1.1.5,
0,es,Spanish (español),marron,marrón,Marrón,rgb,164,95,78,6,0,full,white,en,,1.1.5,
0,es,Spanish (español),amarilloverdoso,amarillo verdoso,Amarillo verdoso,rgb,229,251,132,6,1,full,white,en,,1.1.5,
0,es,Spanish (español),rojo,rojo,Rojo,rgb,246,27,65,6,2,full,white,en,,1.1.5,
0,es,Spanish (español),azul,azul,Azul,rgb,102,117,209,6,3,full,white,en,,1.1.5,
0,es,Spanish (español),morado,morado,Morado,rgb,142,71,237,6,4,full,white,en,,1.1.5,
0,es,Spanish (español),burdeos,burdeos,Burdeos,rgb,189,22,68,6,5,full,white,en,,1.1.5,
0,es,Spanish (español),rosa,rosa,Rosa,rgb,224,67,181,6,6,full,white,en,,1.1.5,
0,es,Spanish (español),morado,morado,Morado,rgb,198,87,224,6,7,full,white,en,,1.1.5,
0,es,Spanish (español),amarilloverdoso,amarillo verdoso,Amarillo verdoso,rgb,191,217,46,6,8,full,white,en,,1.1.5,
0,es,Spanish (español),verdeamarronado,verde amarronado,Verde amarronado,rgb,179,157,95,6,9,full,white,en,,1.1.5,
0,es,Spanish (español),moradoazulado,morado azulado,Morado azulado,rgb,129,86,213,6,10,full,white,en,,1.1.5,
0,es,Spanish (español),verde,verde,Verde,rgb,44,183,82,6,11,full,white,en,,1.1.5,
0,es,Spanish (español),morado,morado,morado,rgb,88,26,84,1,0,full,white,en,,1.1.5,
0,es,Spanish (español),verdeclaro,verde claro,verde claro,rgb,115,251,131,1,1,full,white,en,,1.1.5,
0,es,Spanish (español),verde,verde,verde,rgb,121,192,112,1,2,full,white,en,,1.1.5,
0,es,Spanish (español),amarillo,amarillo,amarillo,rgb,241,222,81,1,3,full,white,en,,1.1.5,
0,es,Spanish (español),purpura,purpura,purpura,rgb,97,4,27,1,4,full,white,en,,1.1.5,
0,es,Spanish (español),verde,verde,verde,rgb,161,194,25,1,5,full,white,en,,1.1.5,
0,es,Spanish (español),morado,morado,morado,rgb,101,2,148,1,6,full,white,en,,1.1.5,
0,es,Spanish (español),magenta,magenta,magenta,rgb,210,14,81,1,7,full,white,en,,1.1.5,
0,es,Spanish (español),verde,verde,verde,rgb,69,212,159,1,8,full,white,en,,1.1.5,
0,es,Spanish (español),naranja,naranja,naranja,rgb,242,126,3,1,9,full,white,en,,1.1.5,
0,es,Spanish (español),gris,gris,gris,rgb,195,191,202,1,10,full,white,en,,1.1.5,
0,es,Spanish (español),grisoscuro,gris oscuro,gris oscuro,rgb,158,156,139,1,11,full,white,en,,1.1.5,
0,es,Spanish (español),verde,verde,verde,rgb,57,160,127,3,0,full,white,en,,1.1.5,
0,es,Spanish (español),azul,azul,azul,rgb,67,104,120,3,1,full,white,en,,1.1.5,
0,es,Spanish (español),morado,morado,morado,rgb,127,65,217,3,2,full,white,en,,1.1.5,
0,es,Spanish (español),rosa,rosa,rosa,rgb,197,1,128,3,3,full,white,en,,1.1.5,
0,es,Spanish (español),verdefosforito,verde fosforito,verde fosforito,rgb,195,254,22,3,4,full,white,en,,1.1.5,
0,es,Spanish (español),marron,marrón,marrón,rgb,107,83,40,3,5,full,white,en,,1.1.5,
0,es,Spanish (español),verde,verde,verde,rgb,0,238,80,3,6,full,white,en,,1.1.5,
0,es,Spanish (español),rojo,rojo,rojo,rgb,149,54,0,3,7,full,white,en,,1.1.5,
0,es,Spanish (español),rosafosforito,rosa fosforito,rosa fosforito,rgb,247,70,190,3,8,full,white,en,,1.1.5,
0,es,Spanish (español),azul,azul,azul,rgb,84,114,181,3,9,full,white,en,,1.1.5,
0,es,Spanish (español),naranja,naranja,naranja,rgb,222,97,64,3,10,full,white,en,,1.1.5,
0,es,Spanish (español),rosa,rosa,rosa,rgb,209,2,206,3,11,full,white,en,,1.1.5,
0,es,Spanish (español),negro,negro,Negro,rgb,0,32,26,1,0,full,white,en,,1.1.5,
0,es,Spanish (español),azulgrisaceo,azul grisáceo,Azul grisáceo,rgb,176,195,229,1,1,full,white,en,,1.1.5,
0,es,Spanish (español),verdepastel,verde pastel,Verde pastel,rgb,211,225,173,1,2,full,white,en,,1.1.5,
0,es,Spanish (español),verdeoliva,verde oliva,Verde oliva,rgb,139,152,38,1,3,full,white,en,,1.1.5,
0,es,Spanish (español),marroncaoba,marrón caoba,Marrón caoba,rgb,110,41,41,1,4,full,white,en,,1.1.5,
0,es,Spanish (español),pistacho,pistacho,Pistacho,rgb,180,248,9,1,5,full,white,en,,1.1.5,
0,es,Spanish (español),verdeselva,verde selva,Verde selva,rgb,103,159,93,1,6,full,white,en,,1.1.5,
0,es,Spanish (español),vinotinto,vino tinto,Vino tinto,rgb,142,24,130,1,7,full,white,en,,1.1.5,
0,es,Spanish (español),verde,verde,Verde,rgb,28,164,26,1,8,full,white,en,,1.1.5,
0,es,Spanish (español),cyan,cian,Cian,rgb,156,244,214,1,9,full,white,en,,1.1.5,
0,es,Spanish (español),morado,morado,Morado,rgb,103,81,114,1,11,full,white,en,,1.1.5,
0,es,Spanish (español),amarilloneon,amarillo neón,Amarillo neón,rgb,243,244,27,1,0,full,white,en,,1.1.5,
0,es,Spanish (español),turquesa,turquesa,Turquesa,rgb,20,140,168,1,1,full,white,en,,1.1.5,
0,es,Spanish (español),azulmarino,azul marino,Azul marino,rgb,35,49,114,1,2,full,white,en,,1.1.5,
0,es,Spanish (español),morado,morado,Morado,rgb,113,34,145,1,3,full,white,en,,1.1.5,
0,es,Spanish (español),lila,lila,Lila,rgb,155,116,174,1,4,full,white,en,,1.1.5,
0,es,Spanish (español),azuloscuro,azul oscuro,Azul oscuro,rgb,25,9,235,1,5,full,white,en,,1.1.5,
0,es,Spanish (español),azuloscuro,azul oscuro,Azul oscuro,rgb,38,54,175,1,6,full,white,en,,1.1.5,
0,es,Spanish (español),moradoclaro,morado claro,Morado claro,rgb,169,39,129,1,7,full,white,en,,1.1.5,
0,es,Spanish (español),verde,verde,Verde,rgb,43,214,69,1,8,full,white,en,,1.1.5,
0,es,Spanish (español),verdeoliva,verde oliva,Verde oliva,rgb,175,240,9,1,9,full,white,en,,1.1.5,
0,es,Spanish (español),verdeoscuro,verde oscuro,Verde oscuro,rgb,45,87,20,1,10,full,white,en,,1.1.5,
0,es,Spanish (español),aguamarina,aguamarina,Aguamarina,rgb,106,211,219,1,11,full,white,en,,1.1.5,
0,es,Spanish (español),negro,negro,negro,rgb,14,28,38,6,0,full,white,en,,1.1.5,
0,es,Spanish (español),verde,verde,verde,rgb,47,92,49,6,1,full,white,en,,1.1.5,
0,es,Spanish (español),verde,verde,verde,rgb,38,253,22,6,2,full,white,en,,1.1.5,
0,es,Spanish (español),azul,azul,azul,rgb,34,6,202,6,3,full,white,en,,1.1.5,
0,es,Spanish (español),morado,morado,morado,rgb,90,72,114,6,4,full,white,en,,1.1.5,
0,es,Spanish (español),azul,azul,azul,rgb,183,242,204,6,5,full,white,en,,1.1.5,
0,es,Spanish (español),salmon,salmón,salmón,rgb,229,174,133,6,6,full,white,en,,1.1.5,
0,es,Spanish (español),rojo,rojo,rojo,rgb,156,32,39,6,7,full,white,en,,1.1.5,
0,es,Spanish (español),naranja,naranja,naranja,rgb,209,131,61,6,8,full,white,en,,1.1.5,
0,es,Spanish (español),rosa,rosa,rosa,rgb,235,129,209,6,9,full,white,en,,1.1.5,
0,es,Spanish (español),azul,azul,azul,rgb,88,207,236,6,10,full,white,en,,1.1.5,
0,es,Spanish (español),verde,verde,verde,rgb,17,131,63,6,11,full,white,en,,1.1.5,
0,es,Spanish (español),salmon,salmón,Salmón,rgb,225,75,87,3,0,full,white,en,,1.1.5,
0,es,Spanish (español),azulmarino,azul marino,Azul marino,rgb,5,98,124,3,1,full,white,en,,1.1.5,
0,es,Spanish (español),violeta,violeta,Violeta,rgb,185,9,254,3,2,full,white,en,,1.1.5,
0,es,Spanish (español),rosapastel,rosa pastel,Rosa pastel,rgb,245,207,196,3,5,full,white,en,,1.1.5,
0,es,Spanish (español),verdeoscuro,verde oscuro,Verde oscuro,rgb,7,69,38,3,6,full,white,en,,1.1.5,
0,es,Spanish (español),grosmarronaceo,gros marronáceo,Gros marronáceo,rgb,90,94,68,3,7,full,white,en,,1.1.5,
0,es,Spanish (español),rosaframbuesa,rosa frambuesa,Rosa frambuesa,rgb,186,42,96,3,8,full,white,en,,1.1.5,
0,es,Spanish (español),magenta,magenta,Magenta,rgb,247,43,133,3,9,full,white,en,,1.1.5,
0,es,Spanish (español),azulcielo,azul cielo,Azul cielo,rgb,52,149,206,3,10,full,white,en,,1.1.5,
0,es,Spanish (español),azulaguamarina,azul aguamarina,Azul aguamarina,rgb,55,201,175,3,11,full,white,en,,1.1.5,
0,es,Spanish (español),lila,lila,Lila,rgb,233,171,236,6,0,full,white,en,,1.1.5,
0,es,Spanish (español),morado,morado,Morado,rgb,155,61,229,6,1,full,white,en,,1.1.5,
0,es,Spanish (español),azulmarino,azul marino,Azul marino,rgb,60,29,156,6,2,full,white,en,,1.1.5,
0,es,Spanish (español),pistacho,pistacho,Pistacho,rgb,155,234,90,6,3,full,white,en,,1.1.5,
0,es,Spanish (español),amarillopastel,amarillo pastel,Amarillo pastel,rgb,246,249,124,6,4,full,white,en,,1.1.5,
0,es,Spanish (español),rosa,rosa,Rosa,rgb,182,88,158,6,5,full,white,en,,1.1.5,
0,es,Spanish (español),lila,lila,Lila,rgb,154,134,240,6,6,full,white,en,,1.1.5,
0,es,Spanish (español),verdeselva,verde selva,Verde selva,rgb,56,99,26,6,7,full,white,en,,1.1.5,
0,es,Spanish (español),azulcielo,azul cielo,Azul cielo,rgb,74,137,229,6,8,full,white,en,,1.1.5,
0,es,Spanish (español),marron,marrón,Marrón,rgb,148,102,79,6,9,full,white,en,,1.1.5,
0,es,Spanish (español),azul,azul,Azul,rgb,8,95,242,6,10,full,white,en,,1.1.5,
0,es,Spanish (español),violeta,violeta,Violeta,rgb,149,36,176,6,11,full,white,en,,1.1.5,
0,es,Spanish (español),burdeos,burdeos,Burdeos,rgb,123,18,55,3,0,full,white,en,,1.1.5,
0,es,Spanish (español),rojo,rojo,Rojo,rgb,251,69,90,3,1,full,white,en,,1.1.5,
0,es,Spanish (español),verdeoliva,verde oliva,Verde oliva,rgb,163,166,75,3,2,full,white,en,,1.1.5,
0,es,Spanish (español),turquesa,turquesa,Turquesa,rgb,130,194,159,3,3,full,white,en,,1.1.5,
0,es,Spanish (español),gris,gris,Gris,rgb,153,146,168,3,4,full,white,en,,1.1.5,
0,es,Spanish (español),rosasalmon,rosa salmón,Rosa salmón,rgb,246,147,150,3,5,full,white,en,,1.1.5,
0,es,Spanish (español),rojo,rojo,Rojo,rgb,199,2,18,3,6,full,white,en,,1.1.5,
0,es,Spanish (español),marron,marrón,Marrón,rgb,136,80,40,3,7,full,white,en,,1.1.5,
0,es,Spanish (español),morado,morado,Morado,rgb,110,50,82,3,8,full,white,en,,1.1.5,
0,es,Spanish (español),azuloscuro,azul oscuro,Azul oscuro,rgb,88,114,175,3,9,full,white,en,,1.1.5,
0,es,Spanish (español),azul,azul,Azul,rgb,115,121,230,3,10,full,white,en,,1.1.5,
0,es,Spanish (español),azulcielo,azul cielo,Azul cielo,rgb,110,202,245,3,11,full,white,en,,1.1.5,
0,es,Spanish (español),marronoscuro,marrón oscuro,Marrón oscuro,rgb,81,37,20,6,0,full,white,en,,1.1.5,
0,es,Spanish (español),rosa,rosa,Rosa,rgb,215,118,167,6,1,full,white,en,,1.1.5,
0,es,Spanish (español),verde,verde,Verde,rgb,98,116,12,6,2,full,white,en,,1.1.5,
0,es,Spanish (español),azuloscuro,azul oscuro,Azul oscuro,rgb,5,116,255,6,3,full,white,en,,1.1.5,
0,es,Spanish (español),lila,lila,Lila,rgb,223,180,249,6,4,full,white,en,,1.1.5,
0,es,Spanish (español),marron,marrón,Marrón,rgb,143,114,95,6,5,full,white,en,,1.1.5,
0,es,Spanish (español),verde,verde,Verde,rgb,120,201,130,6,6,full,white,en,,1.1.5,
0,es,Spanish (español),morado,morado,Morado,rgb,177,96,234,6,7,full,white,en,,1.1.5,
0,es,Spanish (español),verdeoscuro,verde oscuro,Verde oscuro,rgb,69,77,53,6,8,full,white,en,,1.1.5,
0,es,Spanish (español),azulverdoso,azul verdoso,Azul verdoso,rgb,192,250,220,6,9,full,white,en,,1.1.5,
0,es,Spanish (español),azulgrisaceo,azul grisáceo,Azul grisáceo,rgb,89,81,118,6,10,full,white,en,,1.1.5,
0,es,Spanish (español),verdeneon,verde neón,Verde neón,rgb,150,251,118,6,11,full,white,en,,1.1.5,
0,es,Spanish (español),verde,verde,verde,rgb,65,192,44,1,0,full,white,en,,1.1.5,
0,es,Spanish (español),fucsia,fucsia,fucsia,rgb,233,13,115,1,1,full,white,en,,1.1.5,
0,es,Spanish (español),azul,azul,azul,rgb,42,136,228,1,2,full,white,en,,1.1.5,
0,es,Spanish (español),azulverdoso,azul verdoso,azul verdoso,rgb,172,246,226,1,3,full,white,en,,1.1.5,
0,es,Spanish (español),turquesa,turquesa,turquesa,rgb,5,251,195,1,4,full,white,en,,1.1.5,
0,es,Spanish (español),ocre,ocre,ocre,rgb,243,191,23,1,5,full,white,en,,1.1.5,
0,es,Spanish (español),granate,granate,granate,rgb,121,61,77,1,6,full,white,en,,1.1.5,
0,es,Spanish (español),violeta,violeta,violeta,rgb,90,119,248,1,7,full,white,en,,1.1.5,
0,es,Spanish (español),morado,morado,morado,rgb,173,50,207,1,8,full,white,en,,1.1.5,
0,es,Spanish (español),negro,negro,negro,rgb,26,19,8,1,9,full,white,en,,1.1.5,
0,es,Spanish (español),marron,marron,marron,rgb,136,104,60,1,10,full,white,en,,1.1.5,
0,es,Spanish (español),beige,beige,beige,rgb,250,215,165,1,11,full,white,en,,1.1.5,
0,es,Spanish (español),azulfuerte,azul fuerte,azul fuerte,rgb,20,29,169,3,0,full,white,en,,1.1.5,
0,es,Spanish (español),rosa,rosa,rosa,rgb,226,141,176,3,1,full,white,en,,1.1.5,
0,es,Spanish (español),marron,marron,marron,rgb,187,105,37,3,2,full,white,en,,1.1.5,
0,es,Spanish (español),verde,verde,verde,rgb,29,169,126,3,3,full,white,en,,1.1.5,
0,es,Spanish (español),verdefosforito,verde fosforito,verde fosforito,rgb,207,253,94,3,4,full,white,en,,1.1.5,
0,es,Spanish (español),azulfuerte,azul fuerte,azul fuerte,rgb,25,76,164,3,5,full,white,en,,1.1.5,
0,es,Spanish (español),granate,granate,granate,rgb,152,23,55,3,6,full,white,en,,1.1.5,
0,es,Spanish (español),ocre,ocre,ocre,rgb,207,193,71,3,7,full,white,en,,1.1.5,
0,es,Spanish (español),morado,morado,morado,rgb,131,80,188,3,8,full,white,en,,1.1.5,
0,es,Spanish (español),azul,azul,azul,rgb,78,78,254,3,9,full,white,en,,1.1.5,
0,es,Spanish (español),rojo,rojo,rojo,rgb,246,32,60,3,10,full,white,en,,1.1.5,
0,es,Spanish (español),azulcielo,azul cielo,azul cielo,rgb,63,173,219,3,11,full,white,en,,1.1.5,
0,es,Spanish (español),amarillo,amarillo,Amarillo,rgb,255,225,0,1,0,line,white,en,,1.1.5,
0,es,Spanish (español),morado,morado,Morado,rgb,211,0,255,1,1,line,white,en,,1.1.5,
0,es,Spanish (español),magenta,magenta,Magenta,rgb,255,0,73,1,2,line,white,en,,1.1.5,
0,es,Spanish (español),rosafucsia,rosa fucsia,Rosa fucsia,rgb,255,0,160,1,3,line,white,en,,1.1.5,
0,es,Spanish (español),yema,yema,Yema,rgb,255,180,0,1,4,line,white,en,,1.1.5,
0,es,Spanish (español),verde,verde,Verde,rgb,78,255,0,1,5,line,white,en,,1.1.5,
0,es,Spanish (español),rojo,rojo,Rojo,rgb,255,69,0,1,6,line,white,en,,1.1.5,
0,es,Spanish (español),azulcyan,azul cian,Azul cian,rgb,0,56,255,1,7,line,white,en,,1.1.5,
0,es,Spanish (español),naranja,naranja,Naranja,rgb,255,105,0,1,8,line,white,en,,1.1.5,
0,es,Spanish (español),verdelima,verde lima,Verde lima,rgb,205,255,0,1,9,line,white,en,,1.1.5,
0,es,Spanish (español),verdeaguado,verde aguado,Verde aguado,rgb,0,255,146,1,10,line,white,en,,1.1.5,
0,es,Spanish (español),fucsia,fucsia,Fucsia,rgb,255,0,255,1,11,line,white,en,,1.1.5,
0,es,Spanish (español),azul,azul,Azul,rgb,0,191,255,3,0,line,white,en,,1.1.5,
0,es,Spanish (español),rosachillon,rosa chillón,Rosa chillón,rgb,255,0,212,3,1,line,white,en,,1.1.5,
0,es,Spanish (español),moradoazulado,morado azulado,Morado azulado,rgb,99,0,255,3,2,line,white,en,,1.1.5,
0,es,Spanish (español),azulcielo,azul cielo,Azul cielo,rgb,0,214,255,3,3,line,white,en,,1.1.5,
0,es,Spanish (español),azulklein,azul klein,Azul klein,rgb,0,100,255,3,4,line,white,en,,1.1.5,
0,es,Spanish (español),verdefosforito,verde fosforito,Verde fosforito,rgb,0,255,71,3,5,line,white,en,,1.1.5,
0,es,Spanish (español),azulprofundo,azul profundo,Azul profundo,rgb,0,27,255,3,6,line,white,en,,1.1.5,
0,es,Spanish (español),verdesubrayador,verde subrayador,Verde subrayador,rgb,0,255,93,3,7,line,white,en,,1.1.5,
0,es,Spanish (español),amarillosucio,amarillo sucio,Amarillo sucio,rgb,247,255,0,3,8,line,white,en,,1.1.5,
0,es,Spanish (español),azuloceano,azul océano,Azul océano,rgb,0,122,255,3,9,line,white,en,,1.1.5,
0,es,Spanish (español),turquesa,turquesa,Turquesa,rgb,0,232,255,3,10,line,white,en,,1.1.5,
0,es,Spanish (español),naranjabutano,naranja butano,Naranja butano,rgb,255,151,0,3,11,line,white,en,,1.1.5,
0,es,Spanish (español),fucsia,fucsia,Fucsia,rgb,255,0,185,6,0,line,white,en,,1.1.5,
0,es,Spanish (español),verdefluorescente,verde fluorescente,Verde fluorescente,rgb,156,255,0,6,1,line,white,en,,1.1.5,
0,es,Spanish (español),verde,verde,Verde,rgb,0,255,164,6,2,line,white,en,,1.1.5,
0,es,Spanish (español),naranjaamarillento,naranja amarillento,Naranja amarillento,rgb,255,196,0,6,3,line,white,en,,1.1.5,
0,es,Spanish (español),aguamarina,aguamarina,Aguamarina,rgb,0,255,213,6,4,line,white,en,,1.1.5,
0,es,Spanish (español),magenta,magenta,Magenta,rgb,255,0,115,6,5,line,white,en,,1.1.5,
0,es,Spanish (español),magenta,magenta,Magenta,rgb,255,0,95,6,6,line,white,en,,1.1.5,
0,es,Spanish (español),azulprofundo,azul profundo,Azul profundo,rgb,0,84,255,6,7,line,white,en,,1.1.5,
0,es,Spanish (español),turquesa,turquesa,Turquesa,rgb,0,255,239,6,8,line,white,en,,1.1.5,
0,es,Spanish (español),azulmarino,azul marino,Azul marino,rgb,0,141,255,6,9,line,white,en,,1.1.5,
0,es,Spanish (español),azulmar,azul mar,Azul mar,rgb,0,170,255,6,10,line,white,en,,1.1.5,
0,es,Spanish (español),rojo,rojo,Rojo,rgb,255,0,20,6,11,line,white,en,,1.1.5,
0,es,Spanish (español),celestepastel,celeste pastel,Celeste pastel,rgb,145,172,205,1,0,full,white,en,,1.1.5,
0,es,Spanish (español),fucsia,fucsia,Fucsia,rgb,165,40,86,1,1,full,white,en,,1.1.5,
0,es,Spanish (español),lila,lila,Lila,rgb,101,93,125,1,2,full,white,en,,1.1.5,
0,es,Spanish (español),rojo,rojo,Rojo,rgb,109,33,11,1,3,full,white,en,,1.1.5,
0,es,Spanish (español),amarilloocre,amarillo ocre,Amarillo ocre,rgb,117,115,31,1,4,full,white,en,,1.1.5,
0,es,Spanish (español),verde,verde,Verde,rgb,42,75,30,1,5,full,white,en,,1.1.5,
0,es,Spanish (español),azulclaro,azul claro,Azul claro,rgb,101,129,249,1,6,full,white,en,,1.1.5,
0,es,Spanish (español),amarillogirasol,amarillo girasol,Amarillo girasol,rgb,222,192,12,1,7,full,white,en,,1.1.5,
0,es,Spanish (español),celesteclaro,celeste claro,Celeste claro,rgb,121,202,214,1,8,full,white,en,,1.1.5,
0,es,Spanish (español),verdepastel,verde pastel,Verde pastel,rgb,103,231,175,1,9,full,white,en,,1.1.5,
0,es,Spanish (español),verdeoscuro,verde oscuro,Verde oscuro,rgb,115,250,243,1,10,full,white,en,,1.1.5,
0,es,Spanish (español),beige,beige,Beige,rgb,203,210,183,1,11,full,white,en,,1.1.5,
0,es,Spanish (español),mostaza,mostaza,Mostaza,rgb,177,135,50,3,0,full,white,en,,1.1.5,
0,es,Spanish (español),morado,morado,Morado,rgb,85,51,116,3,1,full,white,en,,1.1.5,
0,es,Spanish (español),azulelectrico,azul eléctrico,Azul eléctrico,rgb,28,21,176,3,2,full,white,en,,1.1.5,
0,es,Spanish (español),azulceleste,azul celeste,Azul celeste,rgb,83,120,205,3,3,full,white,en,,1.1.5,
0,es,Spanish (español),rojo,rojo,Rojo,rgb,229,43,47,3,4,full,white,en,,1.1.5,
0,es,Spanish (español),azul,azul,Azul,rgb,27,64,251,3,5,full,white,en,,1.1.5,
0,es,Spanish (español),verdepastel,verde pastel,Verde pastel,rgb,161,226,193,3,6,full,white,en,,1.1.5,
0,es,Spanish (español),verdeopaco,verde opaco,Verde opaco,rgb,114,154,106,3,7,full,white,en,,1.1.5,
0,es,Spanish (español),fucsia,fucsia,Fucsia,rgb,211,10,128,3,8,full,white,en,,1.1.5,
0,es,Spanish (español),verdelechuga,verde lechuga,Verde lechuga,rgb,93,208,99,3,9,full,white,en,,1.1.5,
0,es,Spanish (español),amarillo,amarillo,Amarillo,rgb,195,223,97,3,10,full,white,en,,1.1.5,
0,es,Spanish (español),verdebrillante,verde brillante,Verde brillante,rgb,5,234,38,3,11,full,white,en,,1.1.5,
0,es,Spanish (español),guindo,guindo,Guindo,rgb,101,48,73,6,0,full,white,en,,1.1.5,
0,es,Spanish (español),rosa,rosa,Rosa,rgb,206,105,180,6,1,full,white,en,,1.1.5,
0,es,Spanish (español),naranja,naranja,Naranja,rgb,251,81,21,6,2,full,white,en,,1.1.5,
0,es,Spanish (español),camel,camel,Camel,rgb,169,142,99,6,3,full,white,en,,1.1.5,
0,es,Spanish (español),azuloscuro,azul oscuro,Azul oscuro,rgb,39,12,95,6,4,full,white,en,,1.1.5,
0,es,Spanish (español),rosafosforescente,rosa fosforescente,Rosa fosforescente,rgb,176,39,165,6,5,full,white,en,,1.1.5,
0,es,Spanish (español),verde,verde,Verde,rgb,35,122,21,6,6,full,white,en,,1.1.5,
0,es,Spanish (español),naranjaclaro,naranja claro,Naranja claro,rgb,236,133,10,6,7,full,white,en,,1.1.5,
0,es,Spanish (español),fucsiaoscuro,fucsia oscuro,Fucsia oscuro,rgb,127,12,109,6,8,full,white,en,,1.1.5,
0,es,Spanish (español),azul,azul,Azul,rgb,91,74,209,6,9,full,white,en,,1.1.5,
0,es,Spanish (español),verdepino,verde pino,Verde pino,rgb,169,247,153,6,10,full,white,en,,1.1.5,
0,es,Spanish (español),celestecielo,celeste cielo,Celeste cielo,rgb,65,130,181,6,11,full,white,en,,1.1.5,
0,es,Spanish (español),morado,morado,morado,rgb,99,21,106,1,0,full,white,en,,1.1.5,
0,es,Spanish (español),azul,azul,azul,rgb,102,202,250,1,1,full,white,en,,1.1.5,
0,es,Spanish (español),marron,marron,marron,rgb,189,119,65,1,2,full,white,en,,1.1.5,
0,es,Spanish (español),marronteja,marron teja,marron teja,rgb,162,53,32,1,3,full,white,en,,1.1.5,
0,es,Spanish (español),verdemusgo,verde musgo,verde musgo,rgb,56,71,5,1,4,full,white,en,,1.1.5,
0,es,Spanish (español),granate,granate,granate,rgb,98,3,4,1,5,full,white,en,,1.1.5,
0,es,Spanish (español),gris,gris,gris,rgb,71,95,100,1,6,full,white,en,,1.1.5,
0,es,Spanish (español),marrontierra,marron tierra,marron tierra,rgb,110,64,40,1,7,full,white,en,,1.1.5,
0,es,Spanish (español),caqui,caqui,caqui,rgb,174,180,89,1,8,full,white,en,,1.1.5,
0,es,Spanish (español),azul,azul,azul,rgb,64,132,208,1,9,full,white,en,,1.1.5,
0,es,Spanish (español),lima,lima,lima,rgb,149,232,71,1,10,full,white,en,,1.1.5,
0,es,Spanish (español),rosa,rosa,rosa,rgb,248,141,131,1,11,full,white,en,,1.1.5,
0,es,Spanish (español),moztaza,moztaza,moztaza,rgb,214,182,35,3,0,full,white,en,,1.1.5,
0,es,Spanish (español),azul,azul,azul,rgb,106,122,224,3,1,full,white,en,,1.1.5,
0,es,Spanish (español),verde,verde,verde,rgb,59,202,96,3,2,full,white,en,,1.1.5,
0,es,Spanish (español),berengena,berengena,berengena,rgb,113,16,66,3,3,full,white,en,,1.1.5,
0,es,Spanish (español),fuscia,fuscia,fuscia,rgb,192,31,94,3,4,full,white,en,,1.1.5,
0,es,Spanish (español),lila,lila,lila,rgb,181,127,254,3,5,full,white,en,,1.1.5,
0,es,Spanish (español),naranja,naranja,naranja,rgb,198,76,5,3,6,full,white,en,,1.1.5,
0,es,Spanish (español),violeta,violeta,violeta,rgb,127,62,211,3,7,full,white,en,,1.1.5,
0,es,Spanish (español),violeta,violeta,violeta,rgb,60,10,28,3,8,full,white,en,,1.1.5,
0,es,Spanish (español),verde,verde,verde,rgb,46,226,59,3,9,full,white,en,,1.1.5,
0,es,Spanish (español),malva,malva,malva,rgb,252,225,238,3,10,full,white,en,,1.1.5,
0,es,Spanish (español),marron,marron,marron,rgb,143,125,38,3,11,full,white,en,,1.1.5,
0,es,Spanish (español),verdemusgo,verde musgo,verde musgo,rgb,10,148,67,6,0,full,white,en,,1.1.5,
0,es,Spanish (español),aguamarina,aguamarina,aguamarina,rgb,84,175,136,6,1,full,white,en,,1.1.5,
0,es,Spanish (español),amarillo,amarillo,amarillo,rgb,200,226,6,6,2,full,white,en,,1.1.5,
0,es,Spanish (español),fucsia,fucsia,fucsia,rgb,211,58,154,6,3,full,white,en,,1.1.5,
0,es,Spanish (español),anil,añil,añil,rgb,6,6,176,6,4,full,white,en,,1.1.5,
0,es,Spanish (español),lila,lila,lila,rgb,163,114,200,6,5,full,white,en,,1.1.5,
0,es,Spanish (español),indigo,indigo,indigo,rgb,42,50,165,6,6,full,white,en,,1.1.5,
0,es,Spanish (español),azulado,azulado,azulado,rgb,174,172,227,6,7,full,white,en,,1.1.5,
0,es,Spanish (español),lighttan,light tan,light tan,rgb,244,235,152,6,8,full,white,en,,1.1.5,
0,es,Spanish (español),berengena,berengena,berengena,rgb,212,5,231,6,9,full,white,en,,1.1.5,
0,es,Spanish (español),rosa,rosado,rosado,rgb,191,95,144,6,10,full,white,en,,1.1.5,
0,es,Spanish (español),cyan,cian,cian,rgb,29,249,242,6,11,full,white,en,,1.1.5,
0,es,Spanish (español),naranja,naranja,Naranja,rgb,237,151,83,1,0,full,white,en,,1.1.5,
0,es,Spanish (español),verde,verde,Verde,rgb,67,112,111,1,1,full,white,en,,1.1.5,
0,es,Spanish (español),verde,verde,Verde,rgb,220,222,141,1,2,full,white,en,,1.1.5,
0,es,Spanish (español),violeta,violeta,Violeta,rgb,116,27,177,1,3,full,white,en,,1.1.5,
0,es,Spanish (español),indigo,índigo,Índigo,rgb,133,148,229,1,4,full,white,en,,1.1.5,
0,es,Spanish (español),rosa,rosa,Rosa,rgb,176,58,83,1,5,full,white,en,,1.1.5,
0,es,Spanish (español),marron,marrón,Marrón,rgb,36,22,23,1,6,full,white,en,,1.1.5,
0,es,Spanish (español),rosa,rosa,Rosa,rgb,170,78,137,1,7,full,white,en,,1.1.5,
0,es,Spanish (español),violeta,violeta,Violeta,rgb,107,96,137,1,8,full,white,en,,1.1.5,
0,es,Spanish (español),azul,azul,Azul,rgb,87,109,217,1,9,full,white,en,,1.1.5,
0,es,Spanish (español),verde,verde,Verde,rgb,6,233,115,1,10,full,white,en,,1.1.5,
0,es,Spanish (español),arena,arena,Arena,rgb,219,175,131,1,11,full,white,en,,1.1.5,
0,es,Spanish (español),violeta,violeta,Violeta,rgb,105,1,115,3,0,full,white,en,,1.1.5,
0,es,Spanish (español),coral,coral,Coral,rgb,241,74,47,3,1,full,white,en,,1.1.5,
0,es,Spanish (español),vino,vino,Vino,rgb,77,12,46,3,2,full,white,en,,1.1.5,
0,es,Spanish (español),granate,granate,Granate,rgb,82,5,4,3,3,full,white,en,,1.1.5,
0,es,Spanish (español),pistacho,pistacho,Pistacho,rgb,146,231,94,3,4,full,white,en,,1.1.5,
0,es,Spanish (español),gris,gris,Gris,rgb,136,154,157,3,5,full,white,en,,1.1.5,
0,es,Spanish (español),violeta,violeta,Violeta,rgb,181,27,218,3,6,full,white,en,,1.1.5,
0,es,Spanish (español),azul,azul,Azul,rgb,15,127,167,3,7,full,white,en,,1.1.5,
0,es,Spanish (español),lila,lila,Lila,rgb,190,140,195,3,8,full,white,en,,1.1.5,
0,es,Spanish (español),azul,azul,Azul,rgb,76,164,173,3,9,full,white,en,,1.1.5,
0,es,Spanish (español),mostaza,mostaza,Mostaza,rgb,199,181,47,3,10,full,white,en,,1.1.5,
0,es,Spanish (español),verde,verde,Verde,rgb,216,229,186,3,11,full,white,en,,1.1.5,
0,es,Spanish (español),verdeneon,verde neón,Verde Neón,rgb,110,244,20,6,0,full,white,en,,1.1.5,
0,es,Spanish (español),azulmarino,azul marino,Azul marino,rgb,7,62,107,6,1,full,white,en,,1.1.5,
0,es,Spanish (español),verdebosque,verde bosque,Verde bosque,rgb,2,151,66,6,2,full,white,en,,1.1.5,
0,es,Spanish (español),azulturquesa,azul turquesa,Azul turquesa,rgb,87,254,215,6,3,full,white,en,,1.1.5,
0,es,Spanish (español),azulcielo,azul cielo,Azul cielo,rgb,92,204,250,6,4,full,white,en,,1.1.5,
0,es,Spanish (español),verdeoliva,verde oliva,Verde oliva,rgb,28,71,3,6,5,full,white,en,,1.1.5,
0,es,Spanish (español),rojo,rojo,Rojo,rgb,167,1,18,6,6,full,white,en,,1.1.5,
0,es,Spanish (español),rosacolorete,rosa colorete,Rosa colorete,rgb,249,121,135,6,7,full,white,en,,1.1.5,
0,es,Spanish (español),marron,marrón,Marrón,rgb,129,75,72,6,8,full,white,en,,1.1.5,
0,es,Spanish (español),marronoscuro,marrón oscuro,Marrón oscuro,rgb,61,31,1,6,9,full,white,en,,1.1.5,
0,es,Spanish (español),magenta,magenta,Magenta,rgb,229,17,106,6,10,full,white,en,,1.1.5,
0,es,Spanish (español),rosaneon,rosa neón,Rosa neón,rgb,246,59,199,6,11,full,white,en,,1.1.5,
0,es,Spanish (español),lima,lima,Lima,rgb,106,241,66,1,0,full,white,en,,1.1.5,
0,es,Spanish (español),ocre,ocre,Ocre,rgb,232,194,28,1,1,full,white,en,,1.1.5,
0,es,Spanish (español),indigo,indigo,Indigo,rgb,49,27,130,1,2,full,white,en,,1.1.5,
0,es,Spanish (español),topo,topo,Topo,rgb,186,181,135,1,3,full,white,en,,1.1.5,
0,es,Spanish (español),arena,arena,Arena,rgb,162,129,49,1,4,full,white,en,,1.1.5,
0,es,Spanish (español),verde,verde,Verde,rgb,56,161,89,1,5,full,white,en,,1.1.5,
0,es,Spanish (español),rosapalo,rosa palo,Rosa palo,rgb,235,176,206,1,6,full,white,en,,1.1.5,
0,es,Spanish (español),azulreal,azul real,Azul real,rgb,41,10,248,1,7,full,white,en,,1.1.5,
0,es,Spanish (español),salmon,salmón,Salmón,rgb,238,153,103,1,8,full,white,en,,1.1.5,
0,es,Spanish (español),violeta,violeta,Violeta,rgb,100,66,255,1,9,full,white,en,,1.1.5,
0,es,Spanish (español),verde,verde,Verde,rgb,64,216,113,1,10,full,white,en,,1.1.5,
0,es,Spanish (español),rosa,rosa,Rosa,rgb,199,141,219,1,11,full,white,en,,1.1.5,
0,es,Spanish (español),rosa,rosa,Rosa,rgb,246,112,167,3,0,full,white,en,,1.1.5,
0,es,Spanish (español),arena,arena,Arena,rgb,250,206,145,3,1,full,white,en,,1.1.5,
0,es,Spanish (español),marron,marrón,Marrón,rgb,141,97,74,3,2,full,white,en,,1.1.5,
0,es,Spanish (español),carmesi,carmesí,Carmesí,rgb,170,10,43,3,3,full,white,en,,1.1.5,
0,es,Spanish (español),verdeclaro,verde claro,Verde claro,rgb,191,217,120,3,4,full,white,en,,1.1.5,
0,es,Spanish (español),morado,morado,Morado,rgb,109,14,107,3,5,full,white,en,,1.1.5,
0,es,Spanish (español),turquesa,turquesa,Turquesa,rgb,74,200,163,3,6,full,white,en,,1.1.5,
0,es,Spanish (español),azulelectrico,azul eléctrico,Azul eléctrico,rgb,5,13,163,3,7,full,white,en,,1.1.5,
0,es,Spanish (español),fuchsia,fuchsia,Fuchsia,rgb,218,96,234,3,8,full,white,en,,1.1.5,
0,es,Spanish (español),pistacho,pistacho,Pistacho,rgb,179,196,8,3,9,full,white,en,,1.1.5,
0,es,Spanish (español),borgona,borgoña,Borgoña,rgb,105,24,63,3,10,full,white,en,,1.1.5,
0,es,Spanish (español),rosapetalo,rosa petalo,Rosa petalo,rgb,186,113,160,3,11,full,white,en,,1.1.5,
0,es,Spanish (español),rojofresa,rojo fresa,Rojo fresa,rgb,253,6,55,6,0,full,white,en,,1.1.5,
0,es,Spanish (español),rojosangre,rojo sangre,Rojo sangre,rgb,201,18,8,6,1,full,white,en,,1.1.5,
0,es,Spanish (español),verdemilitar,verde militar,Verde militar,rgb,96,129,49,6,2,full,white,en,,1.1.5,
0,es,Spanish (español),azulcielo,azul cielo,Azul cielo,rgb,201,252,253,6,3,full,white,en,,1.1.5,
0,es,Spanish (español),fucsia,fucsia,Fucsia,rgb,241,41,231,6,4,full,white,en,,1.1.5,
0,es,Spanish (español),morado,morado,Morado,rgb,114,86,125,6,5,full,white,en,,1.1.5,
0,es,Spanish (español),verdebosque,verde bosque,Verde bosque,rgb,29,51,37,6,6,full,white,en,,1.1.5,
0,es,Spanish (español),azulgrisaceo,azul grisaceo,Azul grisaceo,rgb,144,173,181,6,7,full,white,en,,1.1.5,
0,es,Spanish (español),lila,lila,Lila,rgb,117,119,220,6,8,full,white,en,,1.1.5,
0,es,Spanish (español),mostaza,mostaza,Mostaza,rgb,185,114,24,6,9,full,white,en,,1.1.5,
0,es,Spanish (español),madera,madera,Madera,rgb,66,55,14,6,10,full,white,en,,1.1.5,
0,es,Spanish (español),azulagua,azul agua,Azul agua,rgb,32,170,189,6,11,full,white,en,,1.1.5,
0,es,Spanish (español),azulmarino,azul marino,Azul marino,rgb,79,88,122,1,0,full,white,en,,1.1.5,
0,es,Spanish (español),marron,marrón,Marrón,rgb,209,176,163,1,1,full,white,en,,1.1.5,
0,es,Spanish (español),verde,verde,Verde,rgb,51,223,123,1,2,full,white,en,,1.1.5,
0,es,Spanish (español),azul,azul,Azul,rgb,6,53,155,1,3,full,white,en,,1.1.5,
0,es,Spanish (español),verde,verde,Verde,rgb,25,98,18,1,4,full,white,en,,1.1.5,
0,es,Spanish (español),violeta,violeta,Violeta,rgb,164,128,214,1,5,full,white,en,,1.1.5,
0,es,Spanish (español),verde,verde,Verde,rgb,76,168,115,1,6,full,white,en,,1.1.5,
0,es,Spanish (español),granate,granate,Granate,rgb,180,73,84,1,7,full,white,en,,1.1.5,
0,es,Spanish (español),beige,beige,Beige,rgb,244,231,176,1,8,full,white,en,,1.1.5,
0,es,Spanish (español),morado,morado,Morado,rgb,52,9,68,1,9,full,white,en,,1.1.5,
0,es,Spanish (español),magenta,magenta,Magenta,rgb,160,14,140,1,10,full,white,en,,1.1.5,
0,es,Spanish (español),azul,azul,Azul,rgb,61,40,225,1,11,full,white,en,,1.1.5,
0,es,Spanish (español),cyan,cian,Cian,rgb,140,241,220,3,0,full,white,en,,1.1.5,
0,es,Spanish (español),azul,azul,Azul,rgb,24,146,227,3,1,full,white,en,,1.1.5,
0,es,Spanish (español),rojo,rojo,Rojo,rgb,187,47,19,3,2,full,white,en,,1.1.5,
0,es,Spanish (español),violeta,violeta,Violeta,rgb,208,164,217,3,3,full,white,en,,1.1.5,
0,es,Spanish (español),morado,morado,Morado,rgb,79,48,74,3,4,full,white,en,,1.1.5,
0,es,Spanish (español),verde,verde,Verde,rgb,77,74,38,3,5,full,white,en,,1.1.5,
0,es,Spanish (español),azul,azul,Azul,rgb,116,189,220,3,6,full,white,en,,1.1.5,
0,es,Spanish (español),granate,granate,Granate,rgb,121,49,1,3,7,full,white,en,,1.1.5,
0,es,Spanish (español),verde,verde,Verde,rgb,173,187,66,3,8,full,white,en,,1.1.5,
0,es,Spanish (español),rosa,rosa,Rosa,rgb,218,110,161,3,9,full,white,en,,1.1.5,
0,es,Spanish (español),morado,morado,Morado,rgb,158,105,129,3,10,full,white,en,,1.1.5,
0,es,Spanish (español),verde,verde,Verde,rgb,118,247,72,3,11,full,white,en,,1.1.5,
0,es,Spanish (español),rose,rose,Rose,rgb,229,13,214,6,0,full,white,en,,1.1.5,
0,es,Spanish (español),verde,verde,Verde,rgb,64,192,53,6,1,full,white,en,,1.1.5,
0,es,Spanish (español),amarillo,amarillo,Amarillo,rgb,220,223,63,6,2,full,white,en,,1.1.5,
0,es,Spanish (español),verde,verde,Verde,rgb,154,224,26,6,3,full,white,en,,1.1.5,
0,es,Spanish (español),ocre,ocre,Ocre,rgb,201,172,43,6,4,full,white,en,,1.1.5,
0,es,Spanish (español),aquamarina,aquamarina,Aquamarina,rgb,9,55,48,6,5,full,white,en,,1.1.5,
0,es,Spanish (español),gris,gris,Gris,rgb,86,83,82,6,6,full,white,en,,1.1.5,
0,es,Spanish (español),rosa,rosa,Rosa,rgb,245,28,176,6,7,full,white,en,,1.1.5,
0,es,Spanish (español),azul,azul,Azul,rgb,67,124,228,6,8,full,white,en,,1.1.5,
0,es,Spanish (español),naranja,naranja,Naranja,rgb,251,92,26,6,9,full,white,en,,1.1.5,
0,es,Spanish (español),azul,azul,Azul,rgb,57,233,250,6,10,full,white,en,,1.1.5,
0,es,Spanish (español),salmon,salmón,Salmón,rgb,240,146,133,6,11,full,white,en,,1.1.5,
0,es,Spanish (español),azul,azul,Azul,rgb,2,14,175,1,0,full,white,en,,1.1.5,
0,es,Spanish (español),naranja,naranja,Naranja,rgb,236,80,9,1,1,full,white,en,,1.1.5,
0,es,Spanish (español),rosa,rosa,Rosa,rgb,249,75,143,1,2,full,white,en,,1.1.5,
0,es,Spanish (español),rojo,rojo,Rojo,rgb,234,1,43,1,3,full,white,en,,1.1.5,
0,es,Spanish (español),marron,marrón,Marrón,rgb,175,142,78,1,4,full,white,en,,1.1.5,
0,es,Spanish (español),amarillo,amarillo,Amarillo,rgb,231,236,173,1,5,full,white,en,,1.1.5,
0,es,Spanish (español),verde,verde,Verde,rgb,100,153,66,1,6,full,white,en,,1.1.5,
0,es,Spanish (español),azul,azul,Azul,rgb,102,111,160,1,7,full,white,en,,1.1.5,
0,es,Spanish (español),verde,verde,Verde,rgb,145,254,67,1,8,full,white,en,,1.1.5,
0,es,Spanish (español),marron,marron,Marron,rgb,216,153,120,1,9,full,white,en,,1.1.5,
0,es,Spanish (español),verde,verde,Verde,rgb,131,137,20,1,10,full,white,en,,1.1.5,
0,es,Spanish (español),rojo,rojo,Rojo,rgb,196,60,67,1,11,full,white,en,,1.1.5,
0,es,Spanish (español),marron,marron,Marron,rgb,117,58,47,3,0,full,white,en,,1.1.5,
0,es,Spanish (español),rosa,rosa,Rosa,rgb,210,52,198,3,1,full,white,en,,1.1.5,
0,es,Spanish (español),ocre,ocre,Ocre,rgb,215,183,43,3,2,full,white,en,,1.1.5,
0,es,Spanish (español),verde,verde,Verde,rgb,110,238,151,3,3,full,white,en,,1.1.5,
0,es,Spanish (español),purpura,purpura,Purpura,rgb,152,58,126,3,4,full,white,en,,1.1.5,
0,es,Spanish (español),celeste,celeste,Celeste,rgb,85,253,243,3,5,full,white,en,,1.1.5,
0,es,Spanish (español),verde,verde,Verde,rgb,60,225,70,3,6,full,white,en,,1.1.5,
0,es,Spanish (español),marron,marron,Marron,rgb,56,9,27,3,7,full,white,en,,1.1.5,
0,es,Spanish (español),azul,azul,Azul,rgb,85,161,208,3,8,full,white,en,,1.1.5,
0,es,Spanish (español),verde,verde,Verde,rgb,77,84,60,3,9,full,white,en,,1.1.5,
0,es,Spanish (español),rosa,rosa,Rosa,rgb,245,155,213,3,10,full,white,en,,1.1.5,
0,es,Spanish (español),lila,lila,Lila,rgb,133,68,212,3,11,full,white,en,,1.1.5,
0,es,Spanish (español),purpura,purpura,Purpura,rgb,94,7,130,6,0,full,white,en,,1.1.5,
0,es,Spanish (español),lila,lila,Lila,rgb,135,72,165,6,1,full,white,en,,1.1.5,
0,es,Spanish (español),verde,verde,Verde,rgb,15,143,83,6,2,full,white,en,,1.1.5,
0,es,Spanish (español),verde,verde,Verde,rgb,111,221,170,6,3,full,white,en,,1.1.5,
0,es,Spanish (español),azul,azul,Azul,rgb,26,141,157,6,4,full,white,en,,1.1.5,
0,es,Spanish (español),verde,verde,Verde,rgb,158,202,35,6,5,full,white,en,,1.1.5,
0,es,Spanish (español),amarillo,amarillo,Amarillo,rgb,237,204,123,6,6,full,white,en,,1.1.5,
0,es,Spanish (español),purpura,purpura,Purpura,rgb,77,60,107,6,7,full,white,en,,1.1.5,
0,es,Spanish (español),lila,lila,Lila,rgb,152,134,250,6,8,full,white,en,,1.1.5,
0,es,Spanish (español),rosa,rosa,Rosa,rgb,227,107,134,6,9,full,white,en,,1.1.5,
0,es,Spanish (español),lila,lila,Lila,rgb,181,116,183,6,10,full,white,en,,1.1.5,
0,es,Spanish (español),lila,lila,Lila,rgb,214,223,250,6,11,full,white,en,,1.1.5,
0,es,Spanish (español),rosapalo,rosa palo,rosa palo,rgb,212,174,173,1,0,full,white,en,,1.1.5,
0,es,Spanish (español),gris,gris,gris,rgb,126,125,108,1,1,full,white,en,,1.1.5,
0,es,Spanish (español),naranjaoscuro,naranja oscuro,naranja oscuro,rgb,166,96,33,1,2,full,white,en,,1.1.5,
0,es,Spanish (español),verdejade,verde jade,verde jade,rgb,31,103,87,1,3,full,white,en,,1.1.5,
0,es,Spanish (español),azulcyan,azul cian,azul cian,rgb,113,187,207,1,4,full,white,en,,1.1.5,
0,es,Spanish (español),violeta,violeta,violeta,rgb,136,93,169,1,5,full,white,en,,1.1.5,
0,es,Spanish (español),azulaguamarina,azul aguamarina,azul aguamarina,rgb,48,150,150,1,6,full,white,en,,1.1.5,
0,es,Spanish (español),verdebosque,verde bosque,verde bosque,rgb,77,143,7,1,7,full,white,en,,1.1.5,
0,es,Spanish (español),azulmarino,azul marino,azul marino,rgb,34,49,66,1,8,full,white,en,,1.1.5,
0,es,Spanish (español),magentaoscuro,magenta oscuro,magenta oscuro,rgb,113,9,75,1,9,full,white,en,,1.1.5,
0,es,Spanish (español),verde,verde,verde,rgb,36,167,3,1,10,full,white,en,,1.1.5,
0,es,Spanish (español),amarillomostaza,amarillo mostaza,amarillo mostaza,rgb,191,137,27,1,11,full,white,en,,1.1.5,
0,es,Spanish (español),morado,morado,Morado,rgb,102,3,194,1,0,full,white,en,,1.1.5,
0,es,Spanish (español),gris,gris,Gris,rgb,116,138,143,1,1,full,white,en,,1.1.5,
0,es,Spanish (español),ocre,ocre,Ocre,rgb,206,181,38,1,2,full,white,en,,1.1.5,
0,es,Spanish (español),verde,verde,Verde,rgb,4,232,51,1,3,full,white,en,,1.1.5,
0,es,Spanish (español),ambar,ambar,Ambar,rgb,166,53,57,1,4,full,white,en,,1.1.5,
0,es,Spanish (español),azul,azul,Azul,rgb,25,166,211,1,5,full,white,en,,1.1.5,
0,es,Spanish (español),naranja,naranja,Naranja,rgb,193,76,31,1,6,full,white,en,,1.1.5,
0,es,Spanish (español),lila,lila,Lila,rgb,200,84,213,1,7,full,white,en,,1.1.5,
0,es,Spanish (español),azulcobalto,azul cobalto,Azul Cobalto,rgb,30,76,150,1,8,full,white,en,,1.1.5,
0,es,Spanish (español),cafe,café,Café,rgb,134,64,27,1,9,full,white,en,,1.1.5,
0,es,Spanish (español),verde,verde,Verde,rgb,88,85,49,1,10,full,white,en,,1.1.5,
0,es,Spanish (español),rojo,rojo,Rojo,rgb,208,3,27,1,11,full,white,en,,1.1.5,
15380,es,Spanish (español),rojo,rojo,rojo,rgb,242,68,59,1,0,full,white,en,,1.1.5,
15380,es,Spanish (español),azulmarino,azul marino,azul marino,rgb,5,57,79,1,1,full,white,en,,1.1.5,
15380,es,Spanish (español),celeste,celeste,celeste,rgb,107,243,254,1,2,full,white,en,,1.1.5,
15380,es,Spanish (español),verde,verde,verde,rgb,58,219,104,1,3,full,white,en,,1.1.5,
15380,es,Spanish (español),verdementa,verde menta,verde menta,rgb,59,176,133,1,4,full,white,en,,1.1.5,
15380,es,Spanish (español),cafe,cafe,cafe,rgb,60,56,47,1,5,full,white,en,,1.1.5,
15380,es,Spanish (español),azul,azul,azul,rgb,81,156,183,1,6,full,white,en,,1.1.5,
15380,es,Spanish (español),magenta,magenta,magenta,rgb,213,27,190,1,7,full,white,en,,1.1.5,
15380,es,Spanish (español),amarillo,amarillo,amarillo,rgb,255,188,53,1,8,full,white,en,,1.1.5,
15380,es,Spanish (español),verdeagua,verde agua,verde agua,rgb,198,250,217,1,9,full,white,en,,1.1.5,
15380,es,Spanish (español),morado,morado,morado,rgb,88,43,82,1,10,full,white,en,,1.1.5,
15380,es,Spanish (español),rosapalo,rosado palo,rosado palo,rgb,173,126,156,1,11,full,white,en,,1.1.5,
15380,es,Spanish (español),verde,verde,verde,rgb,128,178,116,3,0,full,white,en,,1.1.5,
15380,es,Spanish (español),gris,gris,gris,rgb,110,165,154,3,1,full,white,en,,1.1.5,
15380,es,Spanish (español),naranjo,naranjo,naranjo,rgb,228,104,4,3,2,full,white,en,,1.1.5,
15380,es,Spanish (español),azul,azul,azul,rgb,1,106,210,3,3,full,white,en,,1.1.5,
15380,es,Spanish (español),rosa,rosado,rosado,rgb,227,84,164,3,4,full,white,en,,1.1.5,
15380,es,Spanish (español),verdeagua,verde agua,verde agua,rgb,198,225,135,3,5,full,white,en,,1.1.5,
15380,es,Spanish (español),celeste,celeste,celeste,rgb,80,177,243,3,6,full,white,en,,1.1.5,
15380,es,Spanish (español),verde,verde,verde,rgb,88,184,49,3,7,full,white,en,,1.1.5,
15380,es,Spanish (español),amarillo,amarillo,amarillo,rgb,186,174,100,3,8,full,white,en,,1.1.5,
15380,es,Spanish (español),gris,gris,gris,rgb,94,102,123,3,9,full,white,en,,1.1.5,
15380,es,Spanish (español),morado,morado,morado,rgb,148,68,122,3,10,full,white,en,,1.1.5,
15380,es,Spanish (español),amarillo,amarillo,amarillo,rgb,217,205,25,3,11,full,white,en,,1.1.5,
15380,es,Spanish (español),cafe,cafe,cafe,rgb,160,125,91,6,0,full,white,en,,1.1.5,
15380,es,Spanish (español),celeste,celeste,celeste,rgb,199,223,234,6,1,full,white,en,,1.1.5,
15380,es,Spanish (español),azul,azul,azul,rgb,4,26,186,6,2,full,white,en,,1.1.5,
15380,es,Spanish (español),azul,azul,azul,rgb,71,83,157,6,3,full,white,en,,1.1.5,
15380,es,Spanish (español),burdeo,burdeo,burdeo,rgb,179,37,65,6,4,full,white,en,,1.1.5,
15380,es,Spanish (español),azul,azul,azul,rgb,18,39,134,6,5,full,white,en,,1.1.5,
15380,es,Spanish (español),rosa,rosado,rosado,rgb,253,133,158,6,6,full,white,en,,1.1.5,
15380,es,Spanish (español),verdeagua,verde agua,verde agua,rgb,154,249,157,6,7,full,white,en,,1.1.5,
15380,es,Spanish (español),amarillo,amarillo,amarillo,rgb,208,148,49,6,8,full,white,en,,1.1.5,
15380,es,Spanish (español),verdecamuflaje,verde camuflaje,verde camuflaje,rgb,110,124,86,6,9,full,white,en,,1.1.5,
15380,es,Spanish (español),verdemusgo,verde musgo,verde musgo,rgb,117,138,16,6,10,full,white,en,,1.1.5,
15380,es,Spanish (español),azul,azul,azul,rgb,24,11,225,6,11,full,white,en,,1.1.5,
15449,es,Spanish (español),marron,marrón,Marrón,rgb,150,137,71,1,0,full,white,en,,1.1.5,
15449,es,Spanish (español),verde,verde,Verde,rgb,80,128,108,1,1,full,white,en,,1.1.5,
15449,es,Spanish (español),naranja,naranja,Naranja,rgb,201,159,70,1,2,full,white,en,,1.1.5,
15449,es,Spanish (español),celeste,celeste,Celeste,rgb,56,214,233,1,3,full,white,en,,1.1.5,
15449,es,Spanish (español),violeta,violeta,Violeta,rgb,155,119,190,1,4,full,white,en,,1.1.5,
15449,es,Spanish (español),gris,gris,Gris,rgb,124,115,128,1,5,full,white,en,,1.1.5,
15449,es,Spanish (español),salmon,salmón,Salmón,rgb,229,116,104,1,6,full,white,en,,1.1.5,
15449,es,Spanish (español),magenta,magenta,Magenta,rgb,224,5,123,1,7,full,white,en,,1.1.5,
15449,es,Spanish (español),purpura,púrpura,Púrpura,rgb,132,94,247,1,8,full,white,en,,1.1.5,
15449,es,Spanish (español),bordo,bordo,Bordo,rgb,171,39,50,1,9,full,white,en,,1.1.5,
15449,es,Spanish (español),azul,azul,Azul,rgb,9,31,252,1,10,full,white,en,,1.1.5,
15449,es,Spanish (español),rosa,rosa,Rosa,rgb,242,56,215,1,11,full,white,en,,1.1.5,
15449,es,Spanish (español),azul,azul,Azul,rgb,45,105,181,3,0,full,white,en,,1.1.5,
15449,es,Spanish (español),verde,verde,Verde,rgb,51,230,17,3,1,full,white,en,,1.1.5,
15449,es,Spanish (español),azul,azul,Azul,rgb,8,130,177,3,2,full,white,en,,1.1.5,
15449,es,Spanish (español),verde,verde,Verde,rgb,202,243,190,3,3,full,white,en,,1.1.5,
15449,es,Spanish (español),violeta,violeta,Violeta,rgb,145,50,101,3,4,full,white,en,,1.1.5,
15449,es,Spanish (español),verde,verde,Verde,rgb,104,200,83,3,5,full,white,en,,1.1.5,
15449,es,Spanish (español),azul,azul,Azul,rgb,54,76,89,3,6,full,white,en,,1.1.5,
15449,es,Spanish (español),verdelima,verde lima,Verde lima,rgb,203,216,91,3,7,full,white,en,,1.1.5,
15449,es,Spanish (español),morado,morado,Morado,rgb,105,37,53,3,8,full,white,en,,1.1.5,
15449,es,Spanish (español),rosa,rosa,Rosa,rgb,247,121,224,3,9,full,white,en,,1.1.5,
15449,es,Spanish (español),rojo,rojo,Rojo,rgb,251,4,23,3,10,full,white,en,,1.1.5,
15449,es,Spanish (español),verde,verde,Verde,rgb,65,106,22,3,11,full,white,en,,1.1.5,
15449,es,Spanish (español),violeta,violeta,Violeta,rgb,183,22,153,6,0,full,white,en,,1.1.5,
15449,es,Spanish (español),coral,coral,Coral,rgb,233,129,168,6,1,full,white,en,,1.1.5,
15449,es,Spanish (español),gris,gris,Gris,rgb,202,195,225,6,2,full,white,en,,1.1.5,
15449,es,Spanish (español),verdeazulado,verde azulado,Verde azulado,rgb,74,183,150,6,4,full,white,en,,1.1.5,
15449,es,Spanish (español),aceituna,aceituna,Aceituna,rgb,93,90,42,6,5,full,white,en,,1.1.5,
15449,es,Spanish (español),verde,verde,Verde,rgb,193,253,10,6,6,full,white,en,,1.1.5,
15449,es,Spanish (español),violeta,violeta,Violeta,rgb,167,19,192,6,7,full,white,en,,1.1.5,
15449,es,Spanish (español),verde,verde,Verde,rgb,147,203,186,6,8,full,white,en,,1.1.5,
15449,es,Spanish (español),azul,azul,Azul,rgb,28,22,182,6,9,full,white,en,,1.1.5,
15449,es,Spanish (español),azulclaro,azul claro,Azul claro,rgb,136,131,248,6,10,full,white,en,,1.1.5,
15449,es,Spanish (español),verde,verde,Verde,rgb,184,243,102,6,11,full,white,en,,1.1.5,
15542,es,Spanish (español),azulmarino,azul marino,azul marino,rgb,0,114,173,1,0,full,white,en,,1.1.5,
15542,es,Spanish (español),negro,negro,negro,rgb,12,47,19,1,1,full,white,en,,1.1.5,
15542,es,Spanish (español),beige,beige,beige,rgb,225,219,172,1,2,full,white,en,,1.1.5,
15542,es,Spanish (español),verdemanzana,verde manzana,verde manzana,rgb,19,247,126,1,3,full,white,en,,1.1.5,
15542,es,Spanish (español),verdeoliva,verde oliva,verde oliva,rgb,113,154,10,1,4,full,white,en,,1.1.5,
15542,es,Spanish (español),verdeoscuro,verde oscuro,verde oscuro,rgb,6,117,16,1,5,full,white,en,,1.1.5,
15542,es,Spanish (español),verdeclaro,verde claro,verde claro,rgb,182,225,112,1,6,full,white,en,,1.1.5,
15542,es,Spanish (español),violeta,violeta,violeta,rgb,213,106,253,1,7,full,white,en,,1.1.5,
15542,es,Spanish (español),morado,morado,morado,rgb,125,87,192,1,8,full,white,en,,1.1.5,
15542,es,Spanish (español),mostaza,mostaza,mostaza,rgb,176,178,69,1,9,full,white,en,,1.1.5,
15542,es,Spanish (español),naranja,naranja,naranja,rgb,215,137,55,1,10,full,white,en,,1.1.5,
15542,es,Spanish (español),verdeoscuro,verde oscuro,verde oscuro,rgb,46,117,90,1,11,full,white,en,,1.1.5,
15542,es,Spanish (español),violeta,violeta,violeta,rgb,197,87,131,3,0,full,white,en,,1.1.5,
15542,es,Spanish (español),naranja,naranja,naranja,rgb,232,106,98,3,1,full,white,en,,1.1.5,
15542,es,Spanish (español),peru,peru,peru,rgb,222,73,17,3,2,full,white,en,,1.1.5,
15542,es,Spanish (español),negro,negro,negro,rgb,64,58,23,3,3,full,white,en,,1.1.5,
15542,es,Spanish (español),beige,beige,beige,rgb,244,210,129,3,4,full,white,en,,1.1.5,
15542,es,Spanish (español),vinotinto,vinotinto,vinotinto,rgb,139,12,17,3,5,full,white,en,,1.1.5,
15542,es,Spanish (español),verde,verde,verde,rgb,183,208,47,3,6,full,white,en,,1.1.5,
15542,es,Spanish (español),aguamarina,aguamarina,aguamarina,rgb,97,215,175,3,7,full,white,en,,1.1.5,
15542,es,Spanish (español),azulclaro,azul claro,azul claro,rgb,28,167,220,3,8,full,white,en,,1.1.5,
15542,es,Spanish (español),fucsia,fucsia,fucsia,rgb,214,25,112,3,9,full,white,en,,1.1.5,
15542,es,Spanish (español),azul,azul,azul,rgb,91,21,179,3,10,full,white,en,,1.1.5,
15542,es,Spanish (español),rosa,rosa,rosa,rgb,229,111,195,3,11,full,white,en,,1.1.5,
15542,es,Spanish (español),rosa,rosa,rosa,rgb,251,201,235,6,0,full,white,en,,1.1.5,
15542,es,Spanish (español),verde,verde,verde,rgb,116,216,103,6,1,full,white,en,,1.1.5,
15542,es,Spanish (español),gris,gris,gris,rgb,151,162,194,6,2,full,white,en,,1.1.5,
15542,es,Spanish (español),marron,marron,marron,rgb,141,97,90,6,3,full,white,en,,1.1.5,
15542,es,Spanish (español),verde,verde,verde,rgb,41,193,12,6,4,full,white,en,,1.1.5,
15542,es,Spanish (español),verdemanzana,verde manzana,verde manzana,rgb,143,252,61,6,5,full,white,en,,1.1.5,
15542,es,Spanish (español),verde,verde,verde,rgb,114,158,79,6,6,full,white,en,,1.1.5,
15542,es,Spanish (español),azuloscuro,azul oscuro,azul oscuro,rgb,12,51,59,6,7,full,white,en,,1.1.5,
15542,es,Spanish (español),azulmarino,azul marino,azul marino,rgb,35,47,134,6,8,full,white,en,,1.1.5,
15542,es,Spanish (español),azul,azul,azul,rgb,82,107,188,6,9,full,white,en,,1.1.5,
15542,es,Spanish (español),violeta,violeta,violeta,rgb,202,131,236,6,10,full,white,en,,1.1.5,
15542,es,Spanish (español),morado,morado,morado,rgb,103,62,102,6,11,full,white,en,,1.1.5,
15683,es,Spanish (español),azul,azul,Azul,rgb,71,123,211,1,0,full,white,en,,1.1.5,
15683,es,Spanish (español),marron,marrón,Marrón,rgb,120,84,38,1,1,full,white,en,,1.1.5,
15683,es,Spanish (español),rosafucsia,rosa fucsia,Rosa fucsia,rgb,254,28,233,1,2,full,white,en,,1.1.5,
15683,es,Spanish (español),aguamarina,aguamarina,Aguamarina,rgb,140,214,196,1,3,full,white,en,,1.1.5,
15683,es,Spanish (español),azul,azul,Azul,rgb,45,123,177,1,4,full,white,en,,1.1.5,
15683,es,Spanish (español),verde,verde,Verde,rgb,45,182,47,1,5,full,white,en,,1.1.5,
15683,es,Spanish (español),morado,morado,Morado,rgb,165,121,222,1,6,full,white,en,,1.1.5,
15683,es,Spanish (español),marronclaro,marrón claro,Marrón claro,rgb,190,152,99,1,7,full,white,en,,1.1.5,
15683,es,Spanish (español),mostaza,mostaza,Mostaza,rgb,207,183,40,1,8,full,white,en,,1.1.5,
15683,es,Spanish (español),rosa,rosa,Rosa,rgb,215,85,104,1,9,full,white,en,,1.1.5,
15683,es,Spanish (español),verde,verde,Verde,rgb,38,236,79,1,10,full,white,en,,1.1.5,
15683,es,Spanish (español),verdeoscuro,verde oscuro,Verde oscuro,rgb,36,97,25,1,11,full,white,en,,1.1.5,
15683,es,Spanish (español),morado,morado,Morado,rgb,77,22,82,3,0,full,white,en,,1.1.5,
15683,es,Spanish (español),naranja,naranja,Naranja,rgb,245,118,70,3,1,full,white,en,,1.1.5,
15683,es,Spanish (español),verde,verde,Verde,rgb,117,253,167,3,2,full,white,en,,1.1.5,
15683,es,Spanish (español),azul,azul,Azul,rgb,33,71,157,3,3,full,white,en,,1.1.5,
15683,es,Spanish (español),verde,verde,Verde,rgb,154,210,63,3,4,full,white,en,,1.1.5,
15683,es,Spanish (español),verde,verde,Verde,rgb,59,173,103,3,5,full,white,en,,1.1.5,
15683,es,Spanish (español),marron,marrón,Marrón,rgb,118,109,100,3,6,full,white,en,,1.1.5,
15683,es,Spanish (español),morado,morado,Morado,rgb,154,34,125,3,7,full,white,en,,1.1.5,
15683,es,Spanish (español),marronclaro,marrón claro,Marrón claro,rgb,174,163,163,3,8,full,white,en,,1.1.5,
15683,es,Spanish (español),morado,morado,Morado,rgb,204,94,212,3,9,full,white,en,,1.1.5,
15683,es,Spanish (español),rosa,rosa,Rosa,rgb,226,90,167,3,10,full,white,en,,1.1.5,
15683,es,Spanish (español),turquesa,turquesa,Turquesa,rgb,14,190,156,3,11,full,white,en,,1.1.5,
15683,es,Spanish (español),aguamarina,aguamarina,Aguamarina,rgb,116,160,176,6,0,full,white,en,,1.1.5,
15683,es,Spanish (español),azul,azul,Azul,rgb,165,180,253,6,1,full,white,en,,1.1.5,
15683,es,Spanish (español),rojo,rojo,Rojo,rgb,202,33,48,6,2,full,white,en,,1.1.5,
15683,es,Spanish (español),verde,verde,Verde,rgb,150,154,116,6,3,full,white,en,,1.1.5,
15683,es,Spanish (español),rosa,rosa,Rosa,rgb,205,126,144,6,4,full,white,en,,1.1.5,
15683,es,Spanish (español),verde,verde,Verde,rgb,73,148,41,6,5,full,white,en,,1.1.5,
15683,es,Spanish (español),morado,morado,Morado,rgb,149,0,164,6,6,full,white,en,,1.1.5,
15683,es,Spanish (español),turquesa,turquesa,Turquesa,rgb,25,155,153,6,7,full,white,en,,1.1.5,
15683,es,Spanish (español),verdeclaro,verde claro,Verde claro,rgb,205,232,185,6,8,full,white,en,,1.1.5,
15683,es,Spanish (español),azulgrisaceo,azul grisáceo,Azul grisáceo,rgb,68,91,105,6,9,full,white,en,,1.1.5,
15683,es,Spanish (español),moradooscuro,morado oscuro,Morado oscuro,rgb,78,69,121,6,10,full,white,en,,1.1.5,
15683,es,Spanish (español),rosafucsia,rosa fucsia,Rosa fucsia,rgb,236,50,188,6,11,full,white,en,,1.1.5,
15926,es,Spanish (español),azul,azul,Azul,rgb,3,22,119,1,0,full,white,en,,1.1.5,
15926,es,Spanish (español),morado,morado,Morado,rgb,130,110,177,1,1,full,white,en,,1.1.5,
15926,es,Spanish (español),rojo,rojo,Rojo,rgb,187,30,55,1,2,full,white,en,,1.1.5,
15926,es,Spanish (español),verde,verde,Verde,rgb,174,240,76,1,3,full,white,en,,1.1.5,
15926,es,Spanish (español),magenta,magenta,Magenta,rgb,187,54,148,1,4,full,white,en,,1.1.5,
15926,es,Spanish (español),verde,verde,Verde,rgb,1,107,55,1,5,full,white,en,,1.1.5,
15926,es,Spanish (español),azul,azul,Azul,rgb,47,65,112,1,6,full,white,en,,1.1.5,
15926,es,Spanish (español),verde,verde,Verde,rgb,113,160,38,1,7,full,white,en,,1.1.5,
15926,es,Spanish (español),rosa,rosado,Rosado,rgb,170,78,114,1,8,full,white,en,,1.1.5,
15926,es,Spanish (español),negro,negro,Negro,rgb,20,43,51,1,9,full,white,en,,1.1.5,
15926,es,Spanish (español),verde,verde,Verde,rgb,104,138,117,1,10,full,white,en,,1.1.5,
15926,es,Spanish (español),azul,azul,Azul,rgb,56,150,208,1,11,full,white,en,,1.1.5,
15926,es,Spanish (español),magenta,magenta,Magenta,rgb,221,120,220,3,0,full,white,en,,1.1.5,
15926,es,Spanish (español),fucsia,fucsia,Fucsia,rgb,250,58,139,3,1,full,white,en,,1.1.5,
15926,es,Spanish (español),naranja,naranja,Naranja,rgb,243,81,40,3,2,full,white,en,,1.1.5,
15926,es,Spanish (español),verde,verde,Verde,rgb,191,208,176,3,3,full,white,en,,1.1.5,
15926,es,Spanish (español),azul,azul,Azul,rgb,79,12,189,3,4,full,white,en,,1.1.5,
15926,es,Spanish (español),rosa,rosado,Rosado,rgb,234,111,170,3,5,full,white,en,,1.1.5,
15926,es,Spanish (español),morado,morado,Morado,rgb,203,158,212,3,6,full,white,en,,1.1.5,
15926,es,Spanish (español),verde,verde,Verde,rgb,155,242,213,3,7,full,white,en,,1.1.5,
15926,es,Spanish (español),azul,azul,Azul,rgb,5,84,192,3,8,full,white,en,,1.1.5,
15926,es,Spanish (español),verde,verde,Verde,rgb,49,162,73,3,9,full,white,en,,1.1.5,
15926,es,Spanish (español),aguamarina,agua marina,Agua marina,rgb,33,230,244,3,10,full,white,en,,1.1.5,
15926,es,Spanish (español),morado,morado,Morado,rgb,152,95,248,3,11,full,white,en,,1.1.5,
15926,es,Spanish (español),magenta,magenta,Magenta,rgb,234,43,222,6,0,full,white,en,,1.1.5,
15926,es,Spanish (español),azul,azul,Azul,rgb,83,149,172,6,1,full,white,en,,1.1.5,
15926,es,Spanish (español),verde,verde,Verde,rgb,117,192,130,6,2,full,white,en,,1.1.5,
15926,es,Spanish (español),naranja,naranja,Naranja,rgb,225,179,120,6,3,full,white,en,,1.1.5,
15926,es,Spanish (español),terracota,terracota,Terracota,rgb,205,111,85,6,4,full,white,en,,1.1.5,
15926,es,Spanish (español),violeta,violeta,Violeta,rgb,124,23,142,6,5,full,white,en,,1.1.5,
15926,es,Spanish (español),verde,verde,Verde,rgb,95,223,13,6,6,full,white,en,,1.1.5,
15926,es,Spanish (español),verde,verde,Verde,rgb,51,248,215,6,7,full,white,en,,1.1.5,
15926,es,Spanish (español),cafe,cafe,Cafe,rgb,140,113,33,6,8,full,white,en,,1.1.5,
15926,es,Spanish (español),verde,verde,Verde,rgb,58,166,8,6,9,full,white,en,,1.1.5,
15926,es,Spanish (español),vino,vino,Vino,rgb,93,43,52,6,10,full,white,en,,1.1.5,
15926,es,Spanish (español),vino,vino,Vino,rgb,137,19,7,6,11,full,white,en,,1.1.5,
0,es,Spanish (español),celeste,celeste,Celeste,rgb,121,216,236,1,0,full,white,en,,1.1.5,
0,es,Spanish (español),verdemilitar,verde militar,Verde militar,rgb,77,117,75,1,1,full,white,en,,1.1.5,
0,es,Spanish (español),turquesa,turquesa,Turquesa,rgb,3,148,195,1,2,full,white,en,,1.1.5,
0,es,Spanish (español),violeta,violeta,Violeta,rgb,85,19,144,1,3,full,white,en,,1.1.5,
0,es,Spanish (español),ciruela,ciruela,Ciruela,rgb,171,60,139,1,4,full,white,en,,1.1.5,
0,es,Spanish (español),verdeneon,verde neón,Verde neón,rgb,10,227,54,1,5,full,white,en,,1.1.5,
0,es,Spanish (español),marron,marrón,Marrón,rgb,159,94,65,1,6,full,white,en,,1.1.5,
0,es,Spanish (español),verdeingles,verde inglés,Verde inglés,rgb,4,66,50,1,7,full,white,en,,1.1.5,
0,es,Spanish (español),lima,lima,Lima,rgb,145,247,17,1,8,full,white,en,,1.1.5,
0,es,Spanish (español),verdeantiguo,verde antiguo,Verde antiguo,rgb,90,185,108,1,9,full,white,en,,1.1.5,
0,es,Spanish (español),negro,negro,Negro,rgb,24,3,26,1,10,full,white,en,,1.1.5,
0,es,Spanish (español),lila,lila,Lila,rgb,163,116,187,1,11,full,white,en,,1.1.5,
0,es,Spanish (español),verdepantano,verde pantano,Verde pantano,rgb,22,60,10,3,0,full,white,en,,1.1.5,
0,es,Spanish (español),rosaviejo,rosa viejo,Rosa viejo,rgb,206,91,100,3,1,full,white,en,,1.1.5,
0,es,Spanish (español),naranja,naranja,Naranja,rgb,247,153,36,3,2,full,white,en,,1.1.5,
0,es,Spanish (español),verde,verde,Verde,rgb,0,133,10,3,3,full,white,en,,1.1.5,
0,es,Spanish (español),grisazulado,gris azulado,Gris azulado,rgb,128,136,163,3,4,full,white,en,,1.1.5,
0,es,Spanish (español),amarillo,amarillo,Amarillo,rgb,247,188,35,3,5,full,white,en,,1.1.5,
0,es,Spanish (español),limaamarillento,lima amarillento,Lima amarillento,rgb,199,230,71,3,6,full,white,en,,1.1.5,
0,es,Spanish (español),magenta,magenta,Magenta,rgb,240,18,135,3,7,full,white,en,,1.1.5,
0,es,Spanish (español),marronclaro,marrón claro,Marrón claro,rgb,207,121,49,3,8,full,white,en,,1.1.5,
0,es,Spanish (español),azulcielo,azul cielo,Azul cielo,rgb,70,145,250,3,9,full,white,en,,1.1.5,
0,es,Spanish (español),carmesi,carmesí,Carmesí,rgb,220,30,66,3,10,full,white,en,,1.1.5,
0,es,Spanish (español),verdeclaro,verde claro,Verde claro,rgb,178,205,169,3,11,full,white,en,,1.1.5,
0,es,Spanish (español),verdeamarillento,verde amarillento,Verde amarillento,rgb,125,177,39,6,0,full,white,en,,1.1.5,
0,es,Spanish (español),rosaviejofrio,rosa viejo frío,Rosa viejo frío,rgb,194,138,166,6,1,full,white,en,,1.1.5,
0,es,Spanish (español),azulcobalto,azul cobalto,Azul cobalto,rgb,10,90,231,6,2,full,white,en,,1.1.5,
0,es,Spanish (español),bordo,bordó,Bordó,rgb,69,2,43,6,3,full,white,en,,1.1.5,
0,es,Spanish (español),purpura,púrpura,Púrpura,rgb,128,70,245,6,4,full,white,en,,1.1.5,
0,es,Spanish (español),salmon,salmón,Salmón,rgb,219,143,126,6,5,full,white,en,,1.1.5,
0,es,Spanish (español),rosabebe,rosa bebé,Rosa bebé,rgb,243,139,225,6,6,full,white,en,,1.1.5,
0,es,Spanish (español),morado,morado,Morado,rgb,158,92,206,6,7,full,white,en,,1.1.5,
0,es,Spanish (español),rojo,rojo,Rojo,rgb,229,57,25,6,8,full,white,en,,1.1.5,
0,es,Spanish (español),verdeoliva,verde oliva,Verde oliva,rgb,112,116,13,6,9,full,white,en,,1.1.5,
0,es,Spanish (español),menta,menta,Menta,rgb,146,231,110,6,10,full,white,en,,1.1.5,
0,es,Spanish (español),marron,marrón,Marrón,rgb,127,92,27,6,11,full,white,en,,1.1.5,
0,es,Spanish (español),verdeclaro,verde claro,Verde claro,rgb,65,236,59,1,0,full,white,en,,1.1.5,
0,es,Spanish (español),marron,marrón,Marrón,rgb,119,92,101,1,1,full,white,en,,1.1.5,
0,es,Spanish (español),rosa,rosa,Rosa,rgb,204,144,216,1,2,full,white,en,,1.1.5,
0,es,Spanish (español),verdeoscuro,verde oscuro,Verde oscuro,rgb,31,88,19,1,3,full,white,en,,1.1.5,
0,es,Spanish (español),violeta,violeta,Violeta,rgb,126,49,144,1,4,full,white,en,,1.1.5,
0,es,Spanish (español),verdelima,verde lima,Verde lima,rgb,181,221,59,1,5,full,white,en,,1.1.5,
0,es,Spanish (español),azuloscuro,azúl oscuro,Azúl oscuro,rgb,27,64,133,1,6,full,white,en,,1.1.5,
0,es,Spanish (español),rojo,rojo,Rojo,rgb,173,60,70,1,7,full,white,en,,1.1.5,
0,es,Spanish (español),naranja,naranja,Naranja,rgb,231,143,41,1,8,full,white,en,,1.1.5,
0,es,Spanish (español),azul,azúl,Azúl,rgb,70,70,207,1,9,full,white,en,,1.1.5,
0,es,Spanish (español),verde,verde,Verde,rgb,17,119,1,1,10,full,white,en,,1.1.5,
0,es,Spanish (español),azulmarino,azúl marino,Azúl marino,rgb,15,78,105,1,11,full,white,en,,1.1.5,
0,es,Spanish (español),celeste,celeste,Celeste,rgb,10,156,223,3,0,full,white,en,,1.1.5,
0,es,Spanish (español),amarillo,amarillo,Amarillo,rgb,243,239,69,3,1,full,white,en,,1.1.5,
0,es,Spanish (español),bordo,bordó,Bordó,rgb,177,64,112,3,2,full,white,en,,1.1.5,
0,es,Spanish (español),azul,azúl,Azúl,rgb,4,115,219,3,3,full,white,en,,1.1.5,
0,es,Spanish (español),rosa,rosa,Rosa,rgb,222,117,217,3,4,full,white,en,,1.1.5,
0,es,Spanish (español),verde,verde,Verde,rgb,137,174,108,3,5,full,white,en,,1.1.5,
0,es,Spanish (español),marronoscuro,marrón oscuro,Marrón oscuro,rgb,86,41,57,3,6,full,white,en,,1.1.5,
0,es,Spanish (español),azul,azúl,Azúl,rgb,48,11,186,3,7,full,white,en,,1.1.5,
0,es,Spanish (español),verdeclaro,verde claro,Verde claro,rgb,86,175,19,3,8,full,white,en,,1.1.5,
0,es,Spanish (español),verdeagua,verde agua,Verde agua,rgb,217,251,236,3,9,full,white,en,,1.1.5,
0,es,Spanish (español),turquesa,turquesa,Turquesa,rgb,40,193,167,3,10,full,white,en,,1.1.5,
0,es,Spanish (español),rosa,rosa,Rosa,rgb,248,112,120,3,11,full,white,en,,1.1.5,
0,es,Spanish (español),naranja,naranja,Naranja,rgb,186,79,48,6,0,full,white,en,,1.1.5,
0,es,Spanish (español),verde,verde,Verde,rgb,70,121,130,6,1,full,white,en,,1.1.5,
0,es,Spanish (español),violeta,violeta,Violeta,rgb,135,112,186,6,2,full,white,en,,1.1.5,
0,es,Spanish (español),beige,beige,Beige,rgb,223,176,130,6,3,full,white,en,,1.1.5,
0,es,Spanish (español),celeste,celeste,Celeste,rgb,82,239,246,6,4,full,white,en,,1.1.5,
0,es,Spanish (español),verdeoscuro,verde oscuro,Verde oscuro,rgb,9,49,13,6,5,full,white,en,,1.1.5,
0,es,Spanish (español),verdeagua,verde agua,Verde agua,rgb,119,181,188,6,6,full,white,en,,1.1.5,
0,es,Spanish (español),violetaclaro,violeta claro,Violeta claro,rgb,187,13,221,6,7,full,white,en,,1.1.5,
0,es,Spanish (español),mostaza,mostaza,Mostaza,rgb,190,183,70,6,8,full,white,en,,1.1.5,
0,es,Spanish (español),naranja,naranja,Naranja,rgb,254,186,21,6,9,full,white,en,,1.1.5,
0,es,Spanish (español),naranjaoscuro,naranja oscuro,Naranja oscuro,rgb,245,62,30,6,10,full,white,en,,1.1.5,
0,es,Spanish (español),fucsia,fuxia,Fuxia,rgb,168,93,222,6,11,full,white,en,,1.1.5,
0,es,Spanish (español),verdeoscuro,verde oscuro,Verde oscuro,rgb,15,165,11,1,0,full,white,en,,1.1.5,
0,es,Spanish (español),rosa,rosado,Rosado,rgb,218,84,150,1,1,full,white,en,,1.1.5,
0,es,Spanish (español),verde,verde,Verde,rgb,135,216,107,1,2,full,white,en,,1.1.5,
0,es,Spanish (español),mostaza,mostaza,Mostaza,rgb,203,176,92,1,3,full,white,en,,1.1.5,
0,es,Spanish (español),rosapastel,rosado pastel,Rosado pastel,rgb,241,205,224,1,4,full,white,en,,1.1.5,
0,es,Spanish (español),azulmarino,azul marino,Azul marino,rgb,13,5,66,1,5,full,white,en,,1.1.5,
0,es,Spanish (español),azul,azul,Azul,rgb,88,122,232,1,6,full,white,en,,1.1.5,
0,es,Spanish (español),moradooscuro,morado oscuro,Morado oscuro,rgb,108,73,88,1,7,full,white,en,,1.1.5,
0,es,Spanish (español),verdepastel,verde pastel,Verde pastel,rgb,192,239,188,1,8,full,white,en,,1.1.5,
0,es,Spanish (español),azulpastel,azul pastel,Azul pastel,rgb,107,132,158,1,9,full,white,en,,1.1.5,
0,es,Spanish (español),morado,morado,Morado,rgb,120,44,152,1,10,full,white,en,,1.1.5,
0,es,Spanish (español),rosafluorescente,rosado fluorescente,Rosado fluorescente,rgb,252,12,248,1,11,full,white,en,,1.1.5,
0,es,Spanish (español),verdefluorescente,verde fluorescente,Verde fluorescente,rgb,137,235,19,3,0,full,white,en,,1.1.5,
0,es,Spanish (español),rojoopaco,rojo opaco,Rojo opaco,rgb,216,104,88,3,1,full,white,en,,1.1.5,
0,es,Spanish (español),rojo,rojo,Rojo,rgb,253,46,18,3,2,full,white,en,,1.1.5,
0,es,Spanish (español),moradopastel,morado pastel,Morado pastel,rgb,188,135,204,3,3,full,white,en,,1.1.5,
0,es,Spanish (español),verdegrisaceo,verde grisaceo,Verde grisaceo,rgb,173,193,170,3,4,full,white,en,,1.1.5,
0,es,Spanish (español),verde,verde,Verde,rgb,32,230,119,3,5,full,white,en,,1.1.5,
0,es,Spanish (español),rojobermellon,rojo bermellón,Rojo bermellón,rgb,206,39,57,3,6,full,white,en,,1.1.5,
0,es,Spanish (español),moradofluorescente,morado fluorescente,Morado fluorescente,rgb,182,38,190,3,7,full,white,en,,1.1.5,
0,es,Spanish (español),celestepastel,celeste pastel,Celeste pastel,rgb,130,229,204,3,8,full,white,en,,1.1.5,
0,es,Spanish (español),amarillopastel,amarillo pastel,Amarillo pastel,rgb,249,236,144,3,9,full,white,en,,1.1.5,
0,es,Spanish (español),rosarojizo,rosado rojizo,Rosado rojizo,rgb,181,78,106,3,10,full,white,en,,1.1.5,
0,es,Spanish (español),verdeoscuropastel,verde oscuro pastel,Verde oscuro pastel,rgb,47,151,135,3,11,full,white,en,,1.1.5,
0,es,Spanish (español),rosaoscuro,rosado oscuro,Rosado oscuro,rgb,190,12,141,6,0,full,white,en,,1.1.5,
0,es,Spanish (español),gris,gris,Gris,rgb,50,68,75,6,1,full,white,en,,1.1.5,
0,es,Spanish (español),verdemusgo,verde musgo,Verde musgo,rgb,103,129,24,6,2,full,white,en,,1.1.5,
0,es,Spanish (español),rosa,rosa,Rosa,rgb,251,94,129,6,3,full,white,en,,1.1.5,
0,es,Spanish (español),cafe,café,Café,rgb,141,57,23,6,4,full,white,en,,1.1.5,
0,es,Spanish (español),turquesa,turquesa,Turquesa,rgb,7,245,205,6,5,full,white,en,,1.1.5,
0,es,Spanish (español),cafeoscuro,café oscuro,Café oscuro,rgb,108,71,21,6,6,full,white,en,,1.1.5,
0,es,Spanish (español),verdelimon,verde limón,Verde limón,rgb,190,225,36,6,7,full,white,en,,1.1.5,
0,es,Spanish (español),morado,morado,Morado,rgb,127,76,150,6,8,full,white,en,,1.1.5,
0,es,Spanish (español),piel,piel,Piel,rgb,236,217,166,6,9,full,white,en,,1.1.5,
0,es,Spanish (español),azuloscuro,azul oscuro,Azul oscuro,rgb,14,35,187,6,10,full,white,en,,1.1.5,
0,es,Spanish (español),cafechocolate,café chocolate,Café chocolate,rgb,83,0,45,6,11,full,white,en,,1.1.5,
0,es,Spanish (español),verde,verde,Verde,rgb,83,212,70,1,0,full,white,en,,1.1.5,
0,es,Spanish (español),magenta,magenta,Magenta,rgb,208,45,141,1,1,full,white,en,,1.1.5,
0,es,Spanish (español),cafe,cafe,Cafe,rgb,135,116,109,1,3,full,white,en,,1.1.5,
0,es,Spanish (español),amarillo,amarillo,Amarillo,rgb,243,232,140,1,4,full,white,en,,1.1.5,
0,es,Spanish (español),aqus,aqus,Aqus,rgb,39,191,157,1,5,full,white,en,,1.1.5,
0,es,Spanish (español),vino,vino,Vino,rgb,141,14,76,1,6,full,white,en,,1.1.5,
0,es,Spanish (español),azuloscuro,azul oscuro,Azul oscuro,rgb,14,71,91,1,7,full,white,en,,1.1.5,
0,es,Spanish (español),azulrey,azul rey,Azul Rey,rgb,37,91,255,1,8,full,white,en,,1.1.5,
0,es,Spanish (español),azulcielo,azul cielo,Azul cielo,rgb,68,242,225,1,9,full,white,en,,1.1.5,
0,es,Spanish (español),purpura,purpura,Purpura,rgb,146,39,165,1,10,full,white,en,,1.1.5,
0,es,Spanish (español),moradooscuro,morado oscuro,Morado oscuro,rgb,36,3,65,1,11,full,white,en,,1.1.5,
0,es,Spanish (español),menta,menta,Menta,rgb,133,255,176,3,0,full,white,en,,1.1.5,
0,es,Spanish (español),verdepaja,verde paja,Verde paja,rgb,117,113,60,3,1,full,white,en,,1.1.5,
0,es,Spanish (español),verdeagua,verde agua,Verde agua,rgb,26,135,117,3,2,full,white,en,,1.1.5,
0,es,Spanish (español),fushia,fushia,Fushia,rgb,192,100,240,3,3,full,white,en,,1.1.5,
0,es,Spanish (español),lila,lila,Lila,rgb,177,140,230,3,4,full,white,en,,1.1.5,
0,es,Spanish (español),azul,azul,Azul,rgb,7,181,232,3,5,full,white,en,,1.1.5,
0,es,Spanish (español),rojo,rojo,Rojo,rgb,203,88,111,3,6,full,white,en,,1.1.5,
0,es,Spanish (español),celeste,celeste,Celeste,rgb,38,203,222,3,7,full,white,en,,1.1.5,
0,es,Spanish (español),rojointenso,rojo intenso,Rojo intenso,rgb,239,2,8,3,8,full,white,en,,1.1.5,
0,es,Spanish (español),azul,azul,Azul,rgb,77,158,249,3,9,full,white,en,,1.1.5,
0,es,Spanish (español),amarilloverdoso,amarillo verdoso,Amarillo verdoso,rgb,210,222,61,3,10,full,white,en,,1.1.5,
0,es,Spanish (español),verde,verde,Verde,rgb,95,174,68,3,11,full,white,en,,1.1.5,
0,es,Spanish (español),black,black,black,rgb,13,7,8,1,0,full,white,en,,1.1.5,
0,es,Spanish (español),fucsiaormagenta,fucsia or magenta,fucsia or magenta,rgb,221,38,151,1,1,full,white,en,,1.1.5,
0,es,Spanish (español),gray,gray,gray,rgb,171,158,166,1,2,full,white,en,,1.1.5,
0,es,Spanish (español),lightgrayishgreen,light gray ish green,light gray-ish green,rgb,179,186,133,1,3,full,white,en,,1.1.5,
0,es,Spanish (español),darkgrayishgreen,dark gray ish green,dark gray-ish green,rgb,86,112,77,1,4,full,white,en,,1.1.5,
0,es,Spanish (español),limegreen,lime green,lime green,rgb,167,241,136,1,5,full,white,en,,1.1.5,
0,es,Spanish (español),brightgreen,bright green,bright green,rgb,46,196,98,1,6,full,white,en,,1.1.5,
0,es,Spanish (español),turquoise,turquoise,turquoise,rgb,29,224,195,1,7,full,white,en,,1.1.5,
0,es,Spanish (español),lightbrown,light brown,light brown,rgb,203,132,16,1,10,full,white,en,,1.1.5,
0,es,Spanish (español),darkgreen,dark green,dark green,rgb,91,162,131,1,11,full,white,en,,1.1.5,
0,es,Spanish (español),azulcobalto,azul cobalto,azul cobalto,rgb,57,73,144,3,0,full,white,en,,1.1.5,
0,es,Spanish (español),amarilloverdoso,amarillo verdoso,amarillo verdoso,rgb,216,188,61,3,1,full,white,en,,1.1.5,
0,es,Spanish (español),marronrojizoladrillo,marrón rojizo ladrillo,marrón rojizo ladrillo,rgb,165,98,77,3,2,full,white,en,,1.1.5,
0,es,Spanish (español),naranja,naranja,naranja,rgb,248,90,26,3,3,full,white,en,,1.1.5,
0,es,Spanish (español),verdemilitar,verde militar,verde militar,rgb,30,82,13,3,4,full,white,en,,1.1.5,
0,es,Spanish (español),marronclaro,marrón claro,marrón claro,rgb,164,132,90,3,5,full,white,en,,1.1.5,
0,es,Spanish (español),verdesaturado,verde saturado,verde saturado,rgb,54,228,32,3,6,full,white,en,,1.1.5,
0,es,Spanish (español),purpura,púrpura,púrpura,rgb,106,4,102,3,7,full,white,en,,1.1.5,
0,es,Spanish (español),azul,azul,azul,rgb,40,70,238,3,8,full,white,en,,1.1.5,
0,es,Spanish (español),lila,lila,lila,rgb,203,174,234,3,9,full,white,en,,1.1.5,
0,es,Spanish (español),verdemusgo,verde musgo,verde musgo,rgb,64,56,5,3,10,full,white,en,,1.1.5,
0,es,Spanish (español),morado,morado,morado,rgb,184,118,230,3,11,full,white,en,,1.1.5,
0,es,Spanish (español),verdeoscuro,verde oscuro,verde oscuro,rgb,3,75,55,6,0,full,white,en,,1.1.5,
0,es,Spanish (español),menta,menta,menta,rgb,214,247,228,6,1,full,white,en,,1.1.5,
0,es,Spanish (español),azulcielo,azul cielo,azul cielo,rgb,89,159,232,6,2,full,white,en,,1.1.5,
0,es,Spanish (español),turquesaoscuro,turquesa oscuro,turquesa oscuro,rgb,49,122,146,6,3,full,white,en,,1.1.5,
0,es,Spanish (español),azul,azul,azul,rgb,44,62,177,6,4,full,white,en,,1.1.5,
0,es,Spanish (español),fucsiamorado,fucsia morado,fucsia morado,rgb,229,91,242,6,5,full,white,en,,1.1.5,
0,es,Spanish (español),moradoopaco,morado opaco,morado opaco,rgb,133,91,151,6,6,full,white,en,,1.1.5,
0,es,Spanish (español),cereza,cereza,cereza,rgb,231,55,91,6,7,full,white,en,,1.1.5,
0,es,Spanish (español),marron,marrón,marrón,rgb,106,77,56,6,8,full,white,en,,1.1.5,
0,es,Spanish (español),salmon,salmón,salmón,rgb,235,143,141,6,9,full,white,en,,1.1.5,
0,es,Spanish (español),verde,verde,verde,rgb,23,132,54,6,10,full,white,en,,1.1.5,
0,es,Spanish (español),azuloscuro,azul oscuro,azul oscuro,rgb,2,3,127,6,11,full,white,en,,1.1.5,
0,es,Spanish (español),verde,verde,Verde,rgb,88,174,89,1,0,full,white,en,,1.1.5,
0,es,Spanish (español),purpura,púrpura,Púrpura,rgb,216,72,221,1,1,full,white,en,,1.1.5,
0,es,Spanish (español),verdelodo,verde lodo,Verde lodo,rgb,147,166,121,1,2,full,white,en,,1.1.5,
0,es,Spanish (español),azulturquesa,azul turquesa,Azul turquesa,rgb,0,218,255,1,0,line,white,en,,1.1.5,
0,es,Spanish (español),purpura,púrpura,Púrpura,rgb,100,0,255,1,1,line,white,en,,1.1.5,
0,es,Spanish (español),morado,morado,Morado,rgb,235,0,255,1,2,line,white,en,,1.1.5,
0,es,Spanish (español),fucsia,fucsia,Fucsia,rgb,255,0,235,1,3,line,white,en,,1.1.5,
0,es,Spanish (español),rojo,rojo,Rojo,rgb,255,0,83,1,4,line,white,en,,1.1.5,
0,es,Spanish (español),naranjarojizo,naranja rojizo,Naranja rojizo,rgb,255,66,0,1,5,line,white,en,,1.1.5,
0,es,Spanish (español),lima,lima,Lima,rgb,207,255,0,1,6,line,white,en,,1.1.5,
0,es,Spanish (español),azuloscuro,azul oscuro,Azul oscuro,rgb,0,103,255,1,7,line,white,en,,1.1.5,
0,es,Spanish (español),naranja,naranja,Naranja,rgb,255,112,0,1,8,line,white,en,,1.1.5,
0,es,Spanish (español),azul,azul,Azul,rgb,0,126,255,1,9,line,white,en,,1.1.5,
0,es,Spanish (español),magenta,magenta,Magenta,rgb,255,0,141,1,10,line,white,en,,1.1.5,
0,es,Spanish (español),amarillofosforito,amarillo fosforito,Amarillo fosforito,rgb,236,255,0,1,11,line,white,en,,1.1.5,
0,es,Spanish (español),verde,verde,Verde,rgb,0,255,156,3,0,line,white,en,,1.1.5,
0,es,Spanish (español),verde,verde,Verde,rgb,0,255,135,3,1,line,white,en,,1.1.5,
0,es,Spanish (español),mostaza,mostaza,Mostaza,rgb,255,199,0,3,2,line,white,en,,1.1.5,
0,es,Spanish (español),magenta,magenta,Magenta,rgb,255,0,166,3,3,line,white,en,,1.1.5,
0,es,Spanish (español),azuloscuro,azul oscuro,Azul oscuro,rgb,0,86,255,3,4,line,white,en,,1.1.5,
0,es,Spanish (español),amarillo,amarillo,Amarillo,rgb,255,236,0,3,5,line,white,en,,1.1.5,
0,es,Spanish (español),magentaclaro,magenta claro,Magenta claro,rgb,255,0,183,3,6,line,white,en,,1.1.5,
0,es,Spanish (español),verdefosforito,verde fosforito,Verde fosforito,rgb,0,255,18,3,7,line,white,en,,1.1.5,
0,es,Spanish (español),verde,verde,Verde,rgb,0,255,117,3,8,line,white,en,,1.1.5,
0,es,Spanish (español),rojopasion,rojo pasión,Rojo pasión,rgb,255,0,4,3,9,line,white,en,,1.1.5,
0,es,Spanish (español),azulcielo,azul cielo,Azul cielo,rgb,0,196,255,3,10,line,white,en,,1.1.5,
0,es,Spanish (español),verdelima,verde lima,Verde lima,rgb,95,255,0,3,11,line,white,en,,1.1.5,
0,es,Spanish (español),turquesa,turquesa,Turquesa,rgb,0,246,255,6,0,line,white,en,,1.1.5,
0,es,Spanish (español),turquesa,turquesa,Turquesa,rgb,0,255,247,6,1,line,white,en,,1.1.5,
0,es,Spanish (español),aguamarina,aguamarina,Aguamarina,rgb,0,255,204,6,2,line,white,en,,1.1.5,
0,es,Spanish (español),azuloscuro,azul oscuro,Azul oscuro,rgb,0,37,255,6,3,line,white,en,,1.1.5,
0,es,Spanish (español),azulcielo,azul cielo,Azul cielo,rgb,0,179,255,6,4,line,white,en,,1.1.5,
0,es,Spanish (español),naranja,naranja,Naranja,rgb,255,136,0,6,5,line,white,en,,1.1.5,
0,es,Spanish (español),violeta,violeta,Violeta,rgb,215,0,255,6,6,line,white,en,,1.1.5,
0,es,Spanish (español),mostaza,mostaza,Mostaza,rgb,255,167,0,6,7,line,white,en,,1.1.5,
0,es,Spanish (español),lima,lima,Lima,rgb,180,255,0,6,8,line,white,en,,1.1.5,
0,es,Spanish (español),azulmar,azul mar,Azul mar,rgb,0,148,255,6,9,line,white,en,,1.1.5,
0,es,Spanish (español),rojopasion,rojo pasión,Rojo pasión,rgb,255,0,70,6,10,line,white,en,,1.1.5,
0,es,Spanish (español),azulmasoscuro,azul más oscuro,Azul más oscuro,rgb,0,34,255,6,11,line,white,en,,1.1.5,
0,es,Spanish (español),turquesa,turquesa,Turquesa,rgb,105,219,210,1,0,full,white,en,,1.1.5,
0,es,Spanish (español),grisrosa,gris rosado,Gris rosado,rgb,192,172,166,1,1,full,white,en,,1.1.5,
0,es,Spanish (español),violeta,violeta,Violeta,rgb,134,6,178,1,2,full,white,en,,1.1.5,
0,es,Spanish (español),verde,verde,Verde,rgb,24,215,31,1,3,full,white,en,,1.1.5,
0,es,Spanish (español),azul,azul,Azul,rgb,84,94,207,1,4,full,white,en,,1.1.5,
0,es,Spanish (español),verdeamarillentooscuro,verde amarillento oscuro,Verde amarillento oscuro,rgb,99,112,19,1,5,full,white,en,,1.1.5,
0,es,Spanish (español),verdeneon,verde neón,Verde neón,rgb,142,251,59,1,6,full,white,en,,1.1.5,
0,es,Spanish (español),verdeazulado,verde azulado,Verde azulado,rgb,14,200,122,1,7,full,white,en,,1.1.5,
0,es,Spanish (español),naranja,naranja,Naranja,rgb,226,173,22,1,8,full,white,en,,1.1.5,
0,es,Spanish (español),rojoclarito,rojo clarito,Rojo clarito,rgb,199,103,88,1,9,full,white,en,,1.1.5,
0,es,Spanish (español),azulelectrico,azul eléctrico,Azul eléctrico,rgb,58,34,170,1,10,full,white,en,,1.1.5,
0,es,Spanish (español),magentaoscuro,magenta oscuro,Magenta oscuro,rgb,50,27,50,1,11,full,white,en,,1.1.5,
0,es,Spanish (español),azuldesaturado,azul desaturado,Azul desaturado,rgb,170,190,225,3,0,full,white,en,,1.1.5,
0,es,Spanish (español),magenta,magenta,Magenta,rgb,169,51,137,3,1,full,white,en,,1.1.5,
0,es,Spanish (español),azuloscuro,azul oscuro,Azul oscuro,rgb,36,52,127,3,2,full,white,en,,1.1.5,
0,es,Spanish (español),turquesaoscuro,turquesa oscuro,Turquesa oscuro,rgb,7,125,140,3,3,full,white,en,,1.1.5,
0,es,Spanish (español),magentaclarito,magenta clarito,Magenta clarito,rgb,172,94,140,3,4,full,white,en,,1.1.5,
0,es,Spanish (español),aguamarina,aguamarina,Aguamarina,rgb,16,203,167,3,5,full,white,en,,1.1.5,
0,es,Spanish (español),azul(muy)oscuro,azul (muy) oscuro,Azul (muy) oscuro,rgb,45,59,71,3,6,full,white,en,,1.1.5,
0,es,Spanish (español),verdesage,verde sage,Verde sage,rgb,108,151,104,3,7,full,white,en,,1.1.5,
0,es,Spanish (español),fucsia,fucsia,Fucsia,rgb,205,92,204,3,8,full,white,en,,1.1.5,
0,es,Spanish (español),verdeclarito,verde clarito,Verde clarito,rgb,157,238,138,3,9,full,white,en,,1.1.5,
0,es,Spanish (español),naranjadesaturado,naranja desaturado,Naranja desaturado,rgb,233,170,129,3,10,full,white,en,,1.1.5,
0,es,Spanish (español),verdepistacho,verde pistacho,Verde pistacho,rgb,167,224,72,3,11,full,white,en,,1.1.5,
0,es,Spanish (español),lila,lila,Lila,rgb,214,166,242,6,0,full,white,en,,1.1.5,
0,es,Spanish (español),doradooscuro,dorado oscuro,Dorado oscuro,rgb,152,126,30,6,1,full,white,en,,1.1.5,
0,es,Spanish (español),marrontierra,marrón tierra,Marrón tierra,rgb,168,121,74,6,2,full,white,en,,1.1.5,
0,es,Spanish (español),azulverdosooscuro,azul verdoso oscuro,Azul verdoso oscuro,rgb,10,94,131,6,3,full,white,en,,1.1.5,
0,es,Spanish (español),fucsia,fucsia,Fucsia,rgb,207,56,231,6,4,full,white,en,,1.1.5,
0,es,Spanish (español),verde,verde,Verde,rgb,77,168,67,6,5,full,white,en,,1.1.5,
0,es,Spanish (español),rosa,rosa,Rosa,rgb,242,175,181,6,6,full,white,en,,1.1.5,
0,es,Spanish (español),rojo,rojo,Rojo,rgb,169,36,18,6,7,full,white,en,,1.1.5,
0,es,Spanish (español),azul,azul,Azul,rgb,19,60,254,6,8,full,white,en,,1.1.5,
0,es,Spanish (español),burdeos,burdeos,Burdeos,rgb,94,7,40,6,9,full,white,en,,1.1.5,
0,es,Spanish (español),rojo,rojo,Rojo,rgb,249,20,77,6,10,full,white,en,,1.1.5,
0,es,Spanish (español),amarillo,amarillo,Amarillo,rgb,241,239,55,6,11,full,white,en,,1.1.5,
0,es,Spanish (español),magenta,magenta,Magenta,rgb,189,115,187,1,0,full,white,en,,1.1.5,
0,es,Spanish (español),gris,gris,Gris,rgb,125,121,106,1,1,full,white,en,,1.1.5,
0,es,Spanish (español),coral,coral,Coral,rgb,209,158,126,1,2,full,white,en,,1.1.5,
0,es,Spanish (español),morado,morado,Morado,rgb,119,78,148,1,3,full,white,en,,1.1.5,
0,es,Spanish (español),ladrillo,ladrillo,Ladrillo,rgb,124,72,77,1,4,full,white,en,,1.1.5,
0,es,Spanish (español),azulnoche,azul noche,Azul noche,rgb,13,46,165,1,5,full,white,en,,1.1.5,
0,es,Spanish (español),magenta,magenta,Magenta,rgb,121,8,253,1,6,full,white,en,,1.1.5,
0,es,Spanish (español),grisclaro,gris claro,Gris claro,rgb,202,207,220,1,7,full,white,en,,1.1.5,
0,es,Spanish (español),verdeneon,verde neon,Verde neon,rgb,101,249,53,1,8,full,white,en,,1.1.5,
0,es,Spanish (español),salmon,salmon,Salmon,rgb,243,100,87,1,9,full,white,en,,1.1.5,
0,es,Spanish (español),fucsia,fucsia,Fucsia,rgb,216,105,239,1,10,full,white,en,,1.1.5,
0,es,Spanish (español),azul,azul,Azul,rgb,2,111,196,1,11,full,white,en,,1.1.5,
0,es,Spanish (español),verde,verde,Verde,rgb,58,177,75,1,0,full,white,en,,1.1.5,
0,es,Spanish (español),verdeoscuro,verde oscuro,Verde oscuro,rgb,50,155,151,1,1,full,white,en,,1.1.5,
0,es,Spanish (español),verdeneon,verde neón,Verde neón,rgb,165,243,88,1,2,full,white,en,,1.1.5,
0,es,Spanish (español),verdemusgo,verde musgo,Verde musgo,rgb,108,121,28,1,3,full,white,en,,1.1.5,
0,es,Spanish (español),azuloscuro,azul oscuro,Azul oscuro,rgb,49,76,101,1,4,full,white,en,,1.1.5,
0,es,Spanish (español),moradooscuro,morado oscuro,Morado oscuro,rgb,54,14,198,1,5,full,white,en,,1.1.5,
0,es,Spanish (español),morado,morado,Morado,rgb,104,1,253,1,6,full,white,en,,1.1.5,
0,es,Spanish (español),rosa,rosado,Rosado,rgb,192,92,135,1,7,full,white,en,,1.1.5,
0,es,Spanish (español),verdepastel,verde pastel,Verde pastel,rgb,129,170,116,1,8,full,white,en,,1.1.5,
0,es,Spanish (español),gris,gris,Gris,rgb,159,180,182,1,9,full,white,en,,1.1.5,
0,es,Spanish (español),verdelimon,verde limón,Verde limón,rgb,160,178,55,1,10,full,white,en,,1.1.5,
0,es,Spanish (español),caferojo,café rojo,Café rojo,rgb,170,93,25,1,11,full,white,en,,1.1.5,
0,es,Spanish (español),azulmarino,azul marino,Azul marino,rgb,129,139,178,3,0,full,white,en,,1.1.5,
0,es,Spanish (español),amarilloclaro,amarillo claro,Amarillo claro,rgb,251,252,220,3,1,full,white,en,,1.1.5,
0,es,Spanish (español),turquesa,turquesa,Turquesa,rgb,19,211,183,3,2,full,white,en,,1.1.5,
0,es,Spanish (español),morado,morado,Morado,rgb,150,76,255,3,3,full,white,en,,1.1.5,
0,es,Spanish (español),mostaza,mostaza,Mostaza,rgb,245,191,127,3,4,full,white,en,,1.1.5,
0,es,Spanish (español),fucsia,fucsia,Fucsia,rgb,241,94,233,3,5,full,white,en,,1.1.5,
0,es,Spanish (español),anaranjado,anaranjado,Anaranjado,rgb,249,118,24,3,6,full,white,en,,1.1.5,
0,es,Spanish (español),violeta,violeta,Violeta,rgb,166,116,215,3,7,full,white,en,,1.1.5,
0,es,Spanish (español),verdebrillante,verde brillante,Verde brillante,rgb,8,239,173,3,8,full,white,en,,1.1.5,
0,es,Spanish (español),cafe,café,Café,rgb,122,15,46,3,9,full,white,en,,1.1.5,
0,es,Spanish (español),azuloscuro,azul oscuro,Azul oscuro,rgb,57,52,114,3,10,full,white,en,,1.1.5,
0,es,Spanish (español),salmon,salmón,Salmón,rgb,230,68,55,3,11,full,white,en,,1.1.5,
0,es,Spanish (español),verdeoliva,verde oliva,Verde oliva,rgb,84,112,60,6,0,full,white,en,,1.1.5,
0,es,Spanish (español),verdeneon,verde neón,Verde neón,rgb,10,242,19,6,1,full,white,en,,1.1.5,
0,es,Spanish (español),verdeoscuro,verde oscuro,Verde oscuro,rgb,37,133,74,6,2,full,white,en,,1.1.5,
0,es,Spanish (español),mostaza,mostaza,Mostaza,rgb,209,148,9,6,3,full,white,en,,1.1.5,
0,es,Spanish (español),azul,azul,Azul,rgb,4,152,245,6,4,full,white,en,,1.1.5,
0,es,Spanish (español),rojosuave,rojo suave,Rojo suave,rgb,212,95,101,6,5,full,white,en,,1.1.5,
0,es,Spanish (español),beige,beige,Beige,rgb,196,161,125,6,6,full,white,en,,1.1.5,
0,es,Spanish (español),magenta,magenta,Magenta,rgb,206,14,249,6,7,full,white,en,,1.1.5,
0,es,Spanish (español),morado,morado,Morado,rgb,76,25,137,6,8,full,white,en,,1.1.5,
0,es,Spanish (español),cafeclaro,cafe claro,Cafe claro,rgb,172,103,110,6,9,full,white,en,,1.1.5,
0,es,Spanish (español),celestepastel,celeste pastel,Celeste pastel,rgb,165,191,251,6,10,full,white,en,,1.1.5,
0,es,Spanish (español),azul,azul,Azul,rgb,78,90,213,6,11,full,white,en,,1.1.5,
0,es,Spanish (español),brown,brown,Brown,rgb,182,147,114,1,6,full,white,en,,1.1.5,
0,es,Spanish (español),brown,brown,Brown,rgb,218,194,126,1,9,full,white,en,,1.1.5,
0,es,Spanish (español),brown,brown,Brown,rgb,84,27,28,3,6,full,white,en,,1.1.5,
0,es,Spanish (español),brown,brown,Brown,rgb,83,71,34,3,10,full,white,en,,1.1.5,
0,es,Spanish (español),brown,brown,Brown,rgb,107,86,85,6,2,full,white,en,,1.1.5,
0,es,Spanish (español),brown,brown,Brown,rgb,188,108,10,6,6,full,white,en,,1.1.5,
0,es,Spanish (español),rojorubi,rojo rubí,rojo rubí,rgb,245,18,11,1,0,full,white,en,,1.1.5,
0,es,Spanish (español),verdeagua,verde agua,verde agua,rgb,107,227,176,1,1,full,white,en,,1.1.5,
0,es,Spanish (español),verdeolivo,verde olivo,verde olivo,rgb,107,148,64,1,2,full,white,en,,1.1.5,
0,es,Spanish (español),azullavanda,azul lavanda,azul lavanda,rgb,92,106,167,1,4,full,white,en,,1.1.5,
0,es,Spanish (español),rosa,rosado,rosado,rgb,234,114,158,1,5,full,white,en,,1.1.5,
0,es,Spanish (español),celeste,celeste,celeste,rgb,73,228,235,1,6,full,white,en,,1.1.5,
0,es,Spanish (español),crema,crema,crema,rgb,242,235,162,1,7,full,white,en,,1.1.5,
0,es,Spanish (español),azulceleste,azul celeste,azul celeste,rgb,38,104,211,1,8,full,white,en,,1.1.5,
0,es,Spanish (español),purpura,púrpura,púrpura,rgb,172,60,220,1,9,full,white,en,,1.1.5,
0,es,Spanish (español),lila,lila,lila,rgb,201,130,234,3,0,full,white,en,,1.1.5,
0,es,Spanish (español),celestepastel,celeste pastel,celeste pastel,rgb,197,241,221,3,1,full,white,en,,1.1.5,
0,es,Spanish (español),amareto,amareto,amareto,rgb,177,127,97,3,2,full,white,en,,1.1.5,
0,es,Spanish (español),azulpetroleo,azul petróleo,azul petróleo,rgb,1,77,109,3,3,full,white,en,,1.1.5,
0,es,Spanish (español),pera,pera,pera,rgb,166,232,72,3,4,full,white,en,,1.1.5,
0,es,Spanish (español),verdeazulado,verde azulado,verde azulado,rgb,87,175,148,3,6,full,white,en,,1.1.5,
0,es,Spanish (español),cafeverde,café verde,café verde,rgb,183,199,75,3,7,full,white,en,,1.1.5,
0,es,Spanish (español),azulbebe,azul bebé,azul bebé,rgb,102,142,182,3,8,full,white,en,,1.1.5,
0,es,Spanish (español),palorosa,palo rosa,palo rosa,rgb,240,162,215,3,9,full,white,en,,1.1.5,
0,es,Spanish (español),verdemuzgo,verde muzgo,verde muzgo,rgb,50,51,21,3,10,full,white,en,,1.1.5,
0,es,Spanish (español),rosapurpura,rosado púrpura,rosado púrpura,rgb,168,56,131,3,11,full,white,en,,1.1.5,
0,es,Spanish (español),verdeazulado,verde azulado,verde azulado,rgb,33,130,129,6,0,full,white,en,,1.1.5,
0,es,Spanish (español),azulmorado,azul morado,azul morado,rgb,76,74,243,6,1,full,white,en,,1.1.5,
0,es,Spanish (español),tierramojada,tierra mojada,tierra mojada,rgb,56,13,36,6,2,full,white,en,,1.1.5,
0,es,Spanish (español),azulprofundo,azul profundo,azul profundo,rgb,40,49,120,6,3,full,white,en,,1.1.5,
0,es,Spanish (español),magenta,magenta,magenta,rgb,212,52,174,6,4,full,white,en,,1.1.5,
0,es,Spanish (español),verdeoxido,verde óxido,verde óxido,rgb,97,99,22,6,5,full,white,en,,1.1.5,
0,es,Spanish (español),verdegrisaceo,verde grisáceo,verde grisáceo,rgb,146,162,121,6,6,full,white,en,,1.1.5,
0,es,Spanish (español),moradorey,morado rey,morado rey,rgb,120,13,126,6,7,full,white,en,,1.1.5,
0,es,Spanish (español),violeta,violeta,violeta,rgb,118,91,177,6,8,full,white,en,,1.1.5,
0,es,Spanish (español),mielmostaza,miel mostaza,miel mostaza,rgb,219,188,48,6,9,full,white,en,,1.1.5,
0,es,Spanish (español),verdepastel,verde pastel,verde pastel,rgb,167,209,142,6,10,full,white,en,,1.1.5,
0,es,Spanish (español),malva,malva,malva,rgb,171,100,136,6,11,full,white,en,,1.1.5,
0,es,Spanish (español),azulcobalto,azul cobalto,Azul cobalto,rgb,8,50,207,1,0,full,white,en,,1.1.5,
0,es,Spanish (español),rojo,rojo,Rojo,rgb,242,2,28,1,1,full,white,en,,1.1.5,
0,es,Spanish (español),crema,crema,Crema,rgb,205,226,145,1,2,full,white,en,,1.1.5,
0,es,Spanish (español),verdefosforito,verde fosforito,Verde fosforito,rgb,74,253,79,1,3,full,white,en,,1.1.5,
0,es,Spanish (español),azulcielo,azul cielo,Azul cielo,rgb,117,180,213,1,4,full,white,en,,1.1.5,
0,es,Spanish (español),turquesa,turquesa,Turquesa,rgb,24,81,99,1,5,full,white,en,,1.1.5,
0,es,Spanish (español),rosa,rosa,Rosa,rgb,235,99,241,1,6,full,white,en,,1.1.5,
0,es,Spanish (español),violeta,violeta,Violeta,rgb,178,62,227,1,7,full,white,en,,1.1.5,
0,es,Spanish (español),malvadesaturado,malva desaturado,Malva desaturado,rgb,195,191,218,1,8,full,white,en,,1.1.5,
0,es,Spanish (español),malva,malva,Malva,rgb,157,112,151,1,9,full,white,en,,1.1.5,
0,es,Spanish (español),morado,morado,Morado,rgb,63,5,103,1,10,full,white,en,,1.1.5,
0,es,Spanish (español),granateoscuro,granate oscuro,Granate oscuro,rgb,69,20,33,1,11,full,white,en,,1.1.5,
0,es,Spanish (español),fucsia,fucsia,Fucsia,rgb,158,44,79,3,0,full,white,en,,1.1.5,
0,es,Spanish (español),turquesa,turquesa,Turquesa,rgb,14,128,122,3,1,full,white,en,,1.1.5,
0,es,Spanish (español),carmesi,carmesí,Carmesí,rgb,229,64,71,3,2,full,white,en,,1.1.5,
0,es,Spanish (español),lima,lima,Lima,rgb,97,249,121,3,3,full,white,en,,1.1.5,
0,es,Spanish (español),indigo,índigo,Índigo,rgb,85,63,189,3,4,full,white,en,,1.1.5,
0,es,Spanish (español),rosa,rosa,Rosa,rgb,248,60,162,3,5,full,white,en,,1.1.5,
0,es,Spanish (español),verdebotella,verde botella,Verde botella,rgb,21,100,13,3,6,full,white,en,,1.1.5,
0,es,Spanish (español),celeste,celeste,Celeste,rgb,187,233,235,3,7,full,white,en,,1.1.5,
0,es,Spanish (español),verdevejiga,verde vejiga,Verde vejiga,rgb,103,120,3,3,8,full,white,en,,1.1.5,
0,es,Spanish (español),grisdepayne,gris de payne,Gris de Payne,rgb,94,88,106,3,9,full,white,en,,1.1.5,
0,es,Spanish (español),jade,jade,Jade,rgb,49,171,117,3,10,full,white,en,,1.1.5,
0,es,Spanish (español),indigo,índigo,Índigo,rgb,105,20,222,3,11,full,white,en,,1.1.5,
0,es,Spanish (español),baya,baya,Baya,rgb,115,50,82,6,0,full,white,en,,1.1.5,
0,es,Spanish (español),azuldeprusia,azul de prusia,Azul de Prusia,rgb,59,109,215,6,1,full,white,en,,1.1.5,
0,es,Spanish (español),naranja,naranja,naranja,rgb,223,87,31,6,2,full,white,en,,1.1.5,
0,es,Spanish (español),marron,marrón,Marrón,rgb,164,92,50,6,3,full,white,en,,1.1.5,
0,es,Spanish (español),granate,granate,Granate,rgb,161,23,7,6,4,full,white,en,,1.1.5,
0,es,Spanish (español),beige,beige,Beige,rgb,191,161,135,6,5,full,white,en,,1.1.5,
0,es,Spanish (español),ocre,ocre,Ocre,rgb,190,179,19,6,6,full,white,en,,1.1.5,
0,es,Spanish (español),cyan,cian,Cian,rgb,28,148,231,6,7,full,white,en,,1.1.5,
0,es,Spanish (español),pistacho,pistacho,Pistacho,rgb,146,182,29,6,8,full,white,en,,1.1.5,
0,es,Spanish (español),lila,lila,Lila,rgb,160,91,184,6,9,full,white,en,,1.1.5,
0,es,Spanish (español),morado,morado,Morado,rgb,125,15,130,6,10,full,white,en,,1.1.5,
0,es,Spanish (español),verdemedio,verde medio,Verde medio,rgb,49,160,13,6,11,full,white,en,,1.1.5,
16126,es,Spanish (español),malva,malva,malva,rgb,174,36,134,1,0,full,white,en,,1.1.5,
16126,es,Spanish (español),morado,morado,morado,rgb,190,18,98,1,1,full,white,en,,1.1.5,
16126,es,Spanish (español),aguamarina,aguamarina,aguamarina,rgb,60,107,99,1,2,full,white,en,,1.1.5,
16126,es,Spanish (español),verdefluorescente,verde fluorescente,verde fluorescente,rgb,102,243,35,1,3,full,white,en,,1.1.5,
16126,es,Spanish (español),mostaza,mostaza,mostaza,rgb,234,211,11,1,4,full,white,en,,1.1.5,
16126,es,Spanish (español),lila,lila,lila,rgb,86,16,131,1,5,full,white,en,,1.1.5,
16126,es,Spanish (español),verdesaturado,verde saturado,verde saturado,rgb,87,223,83,1,6,full,white,en,,1.1.5,
16126,es,Spanish (español),marronoscuro,marrón oscuro,marrón oscuro,rgb,109,91,90,1,7,full,white,en,,1.1.5,
16126,es,Spanish (español),ultramarino,ultramarino,ultramarino,rgb,6,51,138,1,8,full,white,en,,1.1.5,
16126,es,Spanish (español),anil,añil,añil,rgb,153,248,222,1,9,full,white,en,,1.1.5,
16126,es,Spanish (español),terracota,terracota,terracota,rgb,199,113,113,1,10,full,white,en,,1.1.5,
16126,es,Spanish (español),azulprimario,azul primario,azul primario,rgb,14,109,202,1,11,full,white,en,,1.1.5,
16126,es,Spanish (español),ultramarino,ultramarino,ultramarino,rgb,44,5,160,3,0,full,white,en,,1.1.5,
16126,es,Spanish (español),chocolatenegro,chocolate negro,chocolate negro,rgb,41,16,11,3,1,full,white,en,,1.1.5,
16126,es,Spanish (español),rojoapagado,rojo apagado,rojo apagado,rgb,167,10,35,3,2,full,white,en,,1.1.5,
16126,es,Spanish (español),marron,marrón,marrón,rgb,109,52,27,3,3,full,white,en,,1.1.5,
16126,es,Spanish (español),verdemilitar,verde militar,verde militar,rgb,116,107,32,3,4,full,white,en,,1.1.5,
16126,es,Spanish (español),azulceruleo,azul cerúleo,azul cerúleo,rgb,94,138,170,3,5,full,white,en,,1.1.5,
16126,es,Spanish (español),rosaoscuro,rosa oscuro,rosa oscuro,rgb,240,85,118,3,6,full,white,en,,1.1.5,
16126,es,Spanish (español),rojo,rojo,rojo,rgb,218,24,13,3,7,full,white,en,,1.1.5,
16126,es,Spanish (español),lavanda,lavanda,lavanda,rgb,232,174,245,3,8,full,white,en,,1.1.5,
16126,es,Spanish (español),amarillopollo,amarillo pollo,amarillo pollo,rgb,251,254,13,3,9,full,white,en,,1.1.5,
16126,es,Spanish (español),pistacho,pistacho,pistacho,rgb,185,231,52,3,10,full,white,en,,1.1.5,
16126,es,Spanish (español),rosaclaro,rosa claro,rosa claro,rgb,252,129,174,3,11,full,white,en,,1.1.5,
16126,es,Spanish (español),gris,gris,gris,rgb,177,217,233,6,0,full,white,en,,1.1.5,
16126,es,Spanish (español),azuloscuro,azul oscuro,azul oscuro,rgb,52,65,195,6,1,full,white,en,,1.1.5,
16126,es,Spanish (español),violeta,violeta,violeta,rgb,220,138,239,6,2,full,white,en,,1.1.5,
16126,es,Spanish (español),camello,camello,camello,rgb,174,146,105,6,3,full,white,en,,1.1.5,
16126,es,Spanish (español),rosachicle,rosa chicle,rosa chicle,rgb,232,101,192,6,4,full,white,en,,1.1.5,
16126,es,Spanish (español),azulprimario,azul primario,azul primario,rgb,49,12,253,6,5,full,white,en,,1.1.5,
16126,es,Spanish (español),aguamarinaoscuro,aguamarina oscuro,aguamarina oscuro,rgb,1,68,82,6,6,full,white,en,,1.1.5,
16126,es,Spanish (español),rosafluorescente,rosa fluorescente,rosa fluorescente,rgb,234,39,209,6,7,full,white,en,,1.1.5,
16126,es,Spanish (español),moradooscuro,morado oscuro,morado oscuro,rgb,110,80,117,6,8,full,white,en,,1.1.5,
16126,es,Spanish (español),ocre,ocre,ocre,rgb,232,159,1,6,9,full,white,en,,1.1.5,
16126,es,Spanish (español),verdepino,verde pino,verde pino,rgb,40,134,40,6,10,full,white,en,,1.1.5,
16126,es,Spanish (español),verdepastel,verde pastel,verde pastel,rgb,195,234,135,6,11,full,white,en,,1.1.5,
16128,es,Spanish (español),morado,morado,morado,rgb,152,41,86,1,0,full,white,en,,1.1.5,
16128,es,Spanish (español),azulpastel,azul pastel,azul pastel,rgb,236,246,248,1,1,full,white,en,,1.1.5,
16128,es,Spanish (español),morado,morado,morado,rgb,203,159,225,1,2,full,white,en,,1.1.5,
16128,es,Spanish (español),lila,lila,lila,rgb,91,17,111,1,3,full,white,en,,1.1.5,
16128,es,Spanish (español),turquesa,turquesa,turquesa,rgb,169,249,234,1,4,full,white,en,,1.1.5,
16128,es,Spanish (español),lila,lila,lila,rgb,180,129,252,1,5,full,white,en,,1.1.5,
16128,es,Spanish (español),morado,morado,morado,rgb,76,40,71,1,6,full,white,en,,1.1.5,
16128,es,Spanish (español),ocre,ocre,ocre,rgb,180,145,24,1,7,full,white,en,,1.1.5,
16128,es,Spanish (español),azulliloso,azul liloso,azul liloso,rgb,90,39,235,1,8,full,white,en,,1.1.5,
16128,es,Spanish (español),rosa,rosa,rosa,rgb,227,97,204,1,9,full,white,en,,1.1.5,
16128,es,Spanish (español),beige,beige,beige,rgb,222,194,164,1,10,full,white,en,,1.1.5,
16128,es,Spanish (español),verde,verde,verde,rgb,1,187,79,1,11,full,white,en,,1.1.5,
16128,es,Spanish (español),verdeforsforito,verde forsforito,verde forsforito,rgb,150,252,120,3,0,full,white,en,,1.1.5,
16128,es,Spanish (español),verdeterroso,verde terroso,verde terroso,rgb,144,206,7,3,1,full,white,en,,1.1.5,
16128,es,Spanish (español),lilaazuladogris,lila azulado gris,lila azulado gris,rgb,120,123,191,3,2,full,white,en,,1.1.5,
16128,es,Spanish (español),azulverdoso,azul verdoso,azul verdoso,rgb,27,146,143,3,3,full,white,en,,1.1.5,
16128,es,Spanish (español),azulclaro,azul claro,azul claro,rgb,42,163,233,3,4,full,white,en,,1.1.5,
16128,es,Spanish (español),lilabrillante,lila brillante,lila brillante,rgb,185,79,251,3,5,full,white,en,,1.1.5,
16128,es,Spanish (español),rosaoacuro,rosa oacuro,rosa oacuro,rgb,214,82,148,3,6,full,white,en,,1.1.5,
16128,es,Spanish (español),azuloscuro,azul oscuro,azul oscuro,rgb,30,29,79,3,7,full,white,en,,1.1.5,
16128,es,Spanish (español),rosapalido,rosa palido,rosa palido,rgb,212,146,156,3,8,full,white,en,,1.1.5,
16128,es,Spanish (español),rojooscuro,rojo oscuro,rojo oscuro,rgb,188,54,23,3,9,full,white,en,,1.1.5,
16128,es,Spanish (español),turquesa,turquesa,turquesa,rgb,24,246,190,3,10,full,white,en,,1.1.5,
16128,es,Spanish (español),verdemilitar,verde militar,verde militar,rgb,72,135,97,3,11,full,white,en,,1.1.5,
16128,es,Spanish (español),verdetierra,verde tierra,verde tierra,rgb,61,93,12,6,0,full,white,en,,1.1.5,
16128,es,Spanish (español),carne,carne,carne,rgb,250,161,106,6,1,full,white,en,,1.1.5,
16128,es,Spanish (español),marron,marron,marron,rgb,164,76,39,6,2,full,white,en,,1.1.5,
16128,es,Spanish (español),lila,lila,lila,rgb,88,36,157,6,3,full,white,en,,1.1.5,
16128,es,Spanish (español),azul,azul,azul,rgb,43,86,207,6,4,full,white,en,,1.1.5,
16128,es,Spanish (español),azul,azul,azul,rgb,57,193,235,6,5,full,white,en,,1.1.5,
16128,es,Spanish (español),verdeclaro,verde claro,verde claro,rgb,142,157,78,6,6,full,white,en,,1.1.5,
16128,es,Spanish (español),lilaoscuro,lila oscuro,lila oscuro,rgb,81,62,136,6,7,full,white,en,,1.1.5,
16128,es,Spanish (español),azulapagado,azul apagado,azul apagado,rgb,42,79,124,6,8,full,white,en,,1.1.5,
16128,es,Spanish (español),amarilloanaranjado,amarillo anaranjado,amarillo anaranjado,rgb,219,136,26,6,9,full,white,en,,1.1.5,
16128,es,Spanish (español),marronoscuro,marron oscuro,marron oscuro,rgb,53,35,19,6,10,full,white,en,,1.1.5,
16128,es,Spanish (español),grisazulado,gris azulado,gris azulado,rgb,165,186,185,6,11,full,white,en,,1.1.5,
0,es,Spanish (español),verde,verde,verde,rgb,0,255,53,1,0,line,white,en,,1.1.5,
0,es,Spanish (español),azulrey,azul rey,azul rey,rgb,0,27,255,1,1,line,white,en,,1.1.5,
0,es,Spanish (español),azulclaro,azul claro,azul claro,rgb,0,158,255,1,2,line,white,en,,1.1.5,
0,es,Spanish (español),rojo,rojo,rojo,rgb,255,41,0,1,3,line,white,en,,1.1.5,
0,es,Spanish (español),azul,azul,azul,rgb,0,92,255,1,4,line,white,en,,1.1.5,
0,es,Spanish (español),verdelimon,verde limón,verde limón,rgb,94,255,0,1,5,line,white,en,,1.1.5,
0,es,Spanish (español),magenta,magenta,magenta,rgb,255,0,190,1,6,line,white,en,,1.1.5,
0,es,Spanish (español),sandia,sandía,sandía,rgb,255,0,102,1,7,line,white,en,,1.1.5,
0,es,Spanish (español),cyan,cian,cian,rgb,0,255,255,1,8,line,white,en,,1.1.5,
0,es,Spanish (español),turquesa,turquesa,turquesa,rgb,0,227,255,1,9,line,white,en,,1.1.5,
0,es,Spanish (español),naranja,naranja,naranja,rgb,255,104,0,1,10,line,white,en,,1.1.5,
0,es,Spanish (español),celeste,celeste,celeste,rgb,0,231,255,1,11,line,white,en,,1.1.5,
0,es,Spanish (español),azulclaro,azul claro,azul claro,rgb,0,142,255,3,0,line,white,en,,1.1.5,
0,es,Spanish (español),naranja,naranja,naranja,rgb,255,124,0,3,1,line,white,en,,1.1.5,
0,es,Spanish (español),amarilloneon,amarillo neón,amarillo neón,rgb,231,255,0,3,2,line,white,en,,1.1.5,
0,es,Spanish (español),verde,verde,verde,rgb,138,255,0,3,3,line,white,en,,1.1.5,
0,es,Spanish (español),morado,morado,morado,rgb,115,0,255,3,4,line,white,en,,1.1.5,
0,es,Spanish (español),azul,azul,azul,rgb,0,134,255,3,5,line,white,en,,1.1.5,
0,es,Spanish (español),turquesa,turquesa,turquesa,rgb,0,255,221,3,6,line,white,en,,1.1.5,
0,es,Spanish (español),purpura,púrpura,púrpura,rgb,191,0,255,3,7,line,white,en,,1.1.5,
0,es,Spanish (español),azul,azul,azul,rgb,0,90,255,3,8,line,white,en,,1.1.5,
0,es,Spanish (español),celeste,celeste,celeste,rgb,0,186,255,3,10,line,white,en,,1.1.5,
0,es,Spanish (español),magenta,magenta,magenta,rgb,229,0,255,3,11,line,white,en,,1.1.5,
0,es,Spanish (español),menta,menta,menta,rgb,0,255,168,6,0,line,white,en,,1.1.5,
0,es,Spanish (español),amarillopollito,amarillo pollito,amarillo pollito,rgb,255,230,0,6,1,line,white,en,,1.1.5,
0,es,Spanish (español),fucsia,fucsia,fucsia,rgb,255,0,243,6,2,line,white,en,,1.1.5,
0,es,Spanish (español),amarillooscuro,amarillo oscuro,amarillo oscuro,rgb,255,189,0,6,3,line,white,en,,1.1.5,
0,es,Spanish (español),magenta,magenta,magenta,rgb,255,0,175,6,4,line,white,en,,1.1.5,
0,es,Spanish (español),verdelimon,verde limón,verde limón,rgb,199,255,0,6,5,line,white,en,,1.1.5,
0,es,Spanish (español),azul,azul,azul,rgb,0,49,255,6,6,line,white,en,,1.1.5,
0,es,Spanish (español),verde,verde,verde,rgb,0,255,78,6,7,line,white,en,,1.1.5,
0,es,Spanish (español),verdementa,verde menta,verde menta,rgb,0,255,148,6,8,line,white,en,,1.1.5,
0,es,Spanish (español),sandia,sandía,sandía,rgb,255,0,132,6,9,line,white,en,,1.1.5,
0,es,Spanish (español),rojo,rojo,rojo,rgb,255,0,67,6,10,line,white,en,,1.1.5,
0,es,Spanish (español),naranja,naranja,naranja,rgb,255,168,0,6,11,line,white,en,,1.1.5,
0,es,Spanish (español),verdeoscuro,verde oscuro,verde oscuro,rgb,25,71,60,1,0,full,white,en,,1.1.5,
0,es,Spanish (español),salmon,salmón,salmón,rgb,247,155,150,1,1,full,white,en,,1.1.5,
0,es,Spanish (español),lila,lila,lila,rgb,190,169,203,1,2,full,white,en,,1.1.5,
0,es,Spanish (español),malva,malva,malva,rgb,175,41,158,1,3,full,white,en,,1.1.5,
0,es,Spanish (español),verdepasto,verde pasto,verde pasto,rgb,181,221,122,1,4,full,white,en,,1.1.5,
0,es,Spanish (español),caqui,caqui,caqui,rgb,152,139,95,1,5,full,white,en,,1.1.5,
0,es,Spanish (español),turquesa,turquesa,turquesa,rgb,52,126,126,1,6,full,white,en,,1.1.5,
0,es,Spanish (español),verdebandera,verde bandera,verde bandera,rgb,3,116,81,1,7,full,white,en,,1.1.5,
0,es,Spanish (español),cafe,café,café,rgb,162,100,55,1,8,full,white,en,,1.1.5,
0,es,Spanish (español),marron,marrón,marrón,rgb,141,40,2,1,9,full,white,en,,1.1.5,
0,es,Spanish (español),morado,morado,morado,rgb,131,80,161,1,10,full,white,en,,1.1.5,
0,es,Spanish (español),cyan,cián,cián,rgb,83,230,224,1,11,full,white,en,,1.1.5,
0,es,Spanish (español),verde,verde,verde,rgb,87,227,46,3,0,full,white,en,,1.1.5,
0,es,Spanish (español),rosa,rosa,rosa,rgb,206,65,82,3,1,full,white,en,,1.1.5,
0,es,Spanish (español),oliva,oliva,oliva,rgb,91,109,8,3,2,full,white,en,,1.1.5,
0,es,Spanish (español),acua,acua,acua,rgb,80,245,191,3,3,full,white,en,,1.1.5,
0,es,Spanish (español),verdelimon,verde limón,verde limón,rgb,148,211,62,3,4,full,white,en,,1.1.5,
0,es,Spanish (español),azulmarino,azul marino,azul marino,rgb,20,61,86,3,5,full,white,en,,1.1.5,
0,es,Spanish (español),azul,azul,azul,rgb,59,129,243,3,6,full,white,en,,1.1.5,
0,es,Spanish (español),verde,verde,verde,rgb,12,150,0,3,7,full,white,en,,1.1.5,
0,es,Spanish (español),morado,morado,morado,rgb,108,31,161,3,8,full,white,en,,1.1.5,
0,es,Spanish (español),rojo,rojo,rojo,rgb,250,66,44,3,9,full,white,en,,1.1.5,
0,es,Spanish (español),negro,negro,negro,rgb,55,33,29,3,10,full,white,en,,1.1.5,
0,es,Spanish (español),cafe,café,café,rgb,154,79,72,3,11,full,white,en,,1.1.5,
0,es,Spanish (español),griscalido,gris cálido,gris cálido,rgb,197,202,171,6,0,full,white,en,,1.1.5,
0,es,Spanish (español),verdeoscuro,verde oscuro,verde oscuro,rgb,56,62,22,6,1,full,white,en,,1.1.5,
0,es,Spanish (español),azulmarino,azul marino,azul marino,rgb,36,56,142,6,2,full,white,en,,1.1.5,
0,es,Spanish (español),grisoscuro,gris oscuro,gris oscuro,rgb,91,101,95,6,3,full,white,en,,1.1.5,
0,es,Spanish (español),azul,azul,azul,rgb,114,164,194,6,4,full,white,en,,1.1.5,
0,es,Spanish (español),rosagrisaceo,rosa grisáceo,rosa grisáceo,rgb,158,117,123,6,5,full,white,en,,1.1.5,
0,es,Spanish (español),naranja,naranja,naranja,rgb,221,144,67,6,6,full,white,en,,1.1.5,
0,es,Spanish (español),azulelectrico,azul eléctrico,azul eléctrico,rgb,9,21,245,6,7,full,white,en,,1.1.5,
0,es,Spanish (español),moradooscuro,morado oscuro,morado oscuro,rgb,76,26,67,6,8,full,white,en,,1.1.5,
0,es,Spanish (español),rosa,rosa,rosa,rgb,244,142,246,6,9,full,white,en,,1.1.5,
0,es,Spanish (español),fuscia,fuscia,fuscia,rgb,199,46,220,6,10,full,white,en,,1.1.5,
0,es,Spanish (español),menta,menta,menta,rgb,12,244,156,6,11,full,white,en,,1.1.5,
16569,es,Spanish (español),oliva,oliva,Oliva,rgb,179,190,153,1,0,full,white,en,,1.1.5,
16569,es,Spanish (español),fucsia,fucsia,Fucsia,rgb,171,16,130,1,1,full,white,en,,1.1.5,
16569,es,Spanish (español),verde,verde,Verde,rgb,180,248,44,1,2,full,white,en,,1.1.5,
16569,es,Spanish (español),morado,morado,Morado,rgb,73,20,186,1,3,full,white,en,,1.1.5,
16569,es,Spanish (español),piel,piel,Piel,rgb,201,158,143,1,4,full,white,en,,1.1.5,
16569,es,Spanish (español),azul,azul,Azul,rgb,117,151,219,1,5,full,white,en,,1.1.5,
16569,es,Spanish (español),verde,verde,Verde,rgb,33,121,8,1,6,full,white,en,,1.1.5,
16569,es,Spanish (español),rojo,rojo,Rojo,rgb,168,39,55,1,7,full,white,en,,1.1.5,
16569,es,Spanish (español),vino,vino,Vino,rgb,161,39,98,1,8,full,white,en,,1.1.5,
16569,es,Spanish (español),naranja,naranja,Naranja,rgb,240,107,8,1,9,full,white,en,,1.1.5,
16569,es,Spanish (español),verde,verde,Verde,rgb,127,227,104,1,10,full,white,en,,1.1.5,
16569,es,Spanish (español),verde,verde,Verde,rgb,218,229,101,1,11,full,white,en,,1.1.5,
16569,es,Spanish (español),negro,negro,Negro,rgb,38,41,31,3,0,full,white,en,,1.1.5,
16569,es,Spanish (español),amarillo,amarillo,Amarillo,rgb,233,218,30,3,1,full,white,en,,1.1.5,
16569,es,Spanish (español),verde,verde,Verde,rgb,14,232,154,3,2,full,white,en,,1.1.5,
16569,es,Spanish (español),morado,morado,Morado,rgb,116,114,131,3,3,full,white,en,,1.1.5,
16569,es,Spanish (español),fucsia,fucsia,Fucsia,rgb,176,79,182,3,4,full,white,en,,1.1.5,
16569,es,Spanish (español),verde,verde,Verde,rgb,135,172,6,3,5,full,white,en,,1.1.5,
16569,es,Spanish (español),morado,morado,Morado,rgb,175,120,198,3,6,full,white,en,,1.1.5,
16569,es,Spanish (español),azul,azul,Azul,rgb,44,91,231,3,7,full,white,en,,1.1.5,
16569,es,Spanish (español),verde,verde,Verde,rgb,163,213,132,3,8,full,white,en,,1.1.5,
16569,es,Spanish (español),naranja,naranja,Naranja,rgb,216,140,51,3,9,full,white,en,,1.1.5,
16569,es,Spanish (español),verde,verde,Verde,rgb,69,116,67,3,10,full,white,en,,1.1.5,
16569,es,Spanish (español),azul,azul,Azul,rgb,45,47,87,3,11,full,white,en,,1.1.5,
16569,es,Spanish (español),rojo,rojo,Rojo,rgb,240,47,107,6,0,full,white,en,,1.1.5,
16569,es,Spanish (español),cafe,cafe,Cafe,rgb,107,75,52,6,1,full,white,en,,1.1.5,
16569,es,Spanish (español),morado,morado,Morado,rgb,73,41,128,6,2,full,white,en,,1.1.5,
16569,es,Spanish (español),azul,azul,Azul,rgb,64,97,144,6,3,full,white,en,,1.1.5,
16569,es,Spanish (español),amarillo,amarillo,Amarillo,rgb,197,161,21,6,4,full,white,en,,1.1.5,
16569,es,Spanish (español),verde,verde,Verde,rgb,132,142,50,6,5,full,white,en,,1.1.5,
16569,es,Spanish (español),fucsia,fucsia,Fucsia,rgb,148,22,175,6,6,full,white,en,,1.1.5,
16569,es,Spanish (español),verde,verde,Verde,rgb,8,98,98,6,7,full,white,en,,1.1.5,
16569,es,Spanish (español),rosa,rosado,Rosado,rgb,212,188,206,6,8,full,white,en,,1.1.5,
16569,es,Spanish (español),cafe,cafe,Cafe,rgb,77,21,24,6,9,full,white,en,,1.1.5,
16569,es,Spanish (español),rojo,rojo,Rojo,rgb,189,3,17,6,10,full,white,en,,1.1.5,
16569,es,Spanish (español),turquesa,turquesa,Turquesa,rgb,46,212,227,6,11,full,white,en,,1.1.5,
16574,es,Spanish (español),verdeviche,verde viche,Verde viche,rgb,142,255,0,1,0,line,white,en,,1.1.5,
16574,es,Spanish (español),turquesa,turquesa,Turquesa,rgb,0,198,255,1,1,line,white,en,,1.1.5,
16574,es,Spanish (español),verde,verde,Verde,rgb,0,255,186,1,2,line,white,en,,1.1.5,
16574,es,Spanish (español),verde,verde,Verde,rgb,0,255,205,1,3,line,white,en,,1.1.5,
16574,es,Spanish (español),mostaza,mostaza,Mostaza,rgb,255,184,0,1,4,line,white,en,,1.1.5,
16574,es,Spanish (español),aguamarina,agua marina,Agua marina,rgb,0,255,253,1,5,line,white,en,,1.1.5,
16574,es,Spanish (español),morado,morado,Morado,rgb,189,0,255,1,6,line,white,en,,1.1.5,
16574,es,Spanish (español),fucsia,fucsia,Fucsia,rgb,255,0,217,1,7,line,white,en,,1.1.5,
16574,es,Spanish (español),naranja,naranja,Naranja,rgb,255,124,0,1,8,line,white,en,,1.1.5,
16574,es,Spanish (español),rojo,rojo,Rojo,rgb,255,0,77,1,9,line,white,en,,1.1.5,
16574,es,Spanish (español),fucsia,fucsia,Fucsia,rgb,255,0,136,1,10,line,white,en,,1.1.5,
16574,es,Spanish (español),verdeneon,verde neon,Verde neon,rgb,80,255,0,1,11,line,white,en,,1.1.5,
16574,es,Spanish (español),rojo,rojo,Rojo,rgb,255,0,27,3,0,line,white,en,,1.1.5,
16574,es,Spanish (español),verde,verde,Verde,rgb,0,255,58,3,1,line,white,en,,1.1.5,
16574,es,Spanish (español),azul,azul,Azul,rgb,0,132,255,3,2,line,white,en,,1.1.5,
16574,es,Spanish (español),fucsia,fucsia,Fucsia,rgb,255,0,170,3,3,line,white,en,,1.1.5,
16574,es,Spanish (español),azulrey,azul rey,Azul rey,rgb,0,76,255,3,4,line,white,en,,1.1.5,
16574,es,Spanish (español),amarillo,amarillo,Amarillo,rgb,255,236,0,3,5,line,white,en,,1.1.5,
16574,es,Spanish (español),azulrey,azul rey,Azul rey,rgb,60,0,255,3,6,line,white,en,,1.1.5,
16574,es,Spanish (español),rojo,rojo,Rojo,rgb,255,0,90,3,7,line,white,en,,1.1.5,
16574,es,Spanish (español),naranja,naranja,Naranja,rgb,255,90,0,3,8,line,white,en,,1.1.5,
16574,es,Spanish (español),verde,verde,Verde,rgb,0,255,128,3,9,line,white,en,,1.1.5,
16574,es,Spanish (español),morado,morado,Morado,rgb,119,0,255,3,10,line,white,en,,1.1.5,
16574,es,Spanish (español),azul,azul,Azul,rgb,0,50,255,3,11,line,white,en,,1.1.5,
16574,es,Spanish (español),aguamarina,agua marina,Agua marina,rgb,0,235,255,6,0,line,white,en,,1.1.5,
16574,es,Spanish (español),verde,verde,Verde,rgb,0,255,77,6,1,line,white,en,,1.1.5,
16574,es,Spanish (español),verdeviche,verde viche,Verde viche,rgb,203,255,0,6,2,line,white,en,,1.1.5,
16574,es,Spanish (español),fucsia,fucsia,Fucsia,rgb,255,0,201,6,3,line,white,en,,1.1.5,
16574,es,Spanish (español),azulrey,azul rey,Azul rey,rgb,0,94,255,6,4,line,white,en,,1.1.5,
16574,es,Spanish (español),azulmedio,azul medio,Azul medio,rgb,0,161,255,6,5,line,white,en,,1.1.5,
16574,es,Spanish (español),rojo,rojo,Rojo,rgb,255,61,0,6,6,line,white,en,,1.1.5,
16574,es,Spanish (español),amarilloquemao,amarillo quemao,Amarillo quemao,rgb,255,165,0,6,7,line,white,en,,1.1.5,
16574,es,Spanish (español),magenta,magenta,Magenta,rgb,239,0,255,6,8,line,white,en,,1.1.5,
16574,es,Spanish (español),amarillo,amarillo,Amarillo,rgb,255,252,0,6,9,line,white,en,,1.1.5,
16574,es,Spanish (español),azul,azul,Azul,rgb,0,136,255,6,10,line,white,en,,1.1.5,
16574,es,Spanish (español),aguamarina,agua marina,Agua marina,rgb,0,228,255,6,11,line,white,en,,1.1.5,
16689,es,Spanish (español),verde,verde,Verde,rgb,214,250,194,1,0,full,white,en,,1.1.5,
16689,es,Spanish (español),violeta,violeta,Violeta,rgb,238,61,253,1,1,full,white,en,,1.1.5,
16689,es,Spanish (español),azul,azul,Azul,rgb,74,92,125,1,2,full,white,en,,1.1.5,
16689,es,Spanish (español),morado,morado,Morado,rgb,143,93,147,1,3,full,white,en,,1.1.5,
16689,es,Spanish (español),rosa,rosa,Rosa,rgb,251,202,252,1,4,full,white,en,,1.1.5,
16689,es,Spanish (español),verde,verde,Verde,rgb,74,239,27,1,5,full,white,en,,1.1.5,
16689,es,Spanish (español),azul,azul,Azul,rgb,27,98,244,1,6,full,white,en,,1.1.5,
16689,es,Spanish (español),verde,verde,Verde,rgb,135,165,68,1,7,full,white,en,,1.1.5,
16689,es,Spanish (español),amarillo,amarillo,Amarillo,rgb,239,246,102,1,8,full,white,en,,1.1.5,
16689,es,Spanish (español),morado,morado,Morado,rgb,126,25,152,1,9,full,white,en,,1.1.5,
16689,es,Spanish (español),marron,marrón,Marrón,rgb,213,170,156,1,10,full,white,en,,1.1.5,
16689,es,Spanish (español),verde,verde,Verde,rgb,70,158,117,1,11,full,white,en,,1.1.5,
16689,es,Spanish (español),rojo,rojo,Rojo,rgb,239,13,11,3,0,full,white,en,,1.1.5,
16689,es,Spanish (español),verde,verde,Verde,rgb,37,68,35,3,1,full,white,en,,1.1.5,
16689,es,Spanish (español),ocre,ocre,Ocre,rgb,151,122,40,3,2,full,white,en,,1.1.5,
16689,es,Spanish (español),naranja,naranja,Naranja,rgb,243,123,34,3,3,full,white,en,,1.1.5,
16689,es,Spanish (español),marron,marrón,Marrón,rgb,127,83,61,3,4,full,white,en,,1.1.5,
16689,es,Spanish (español),gris,gris,Gris,rgb,196,200,179,3,5,full,white,en,,1.1.5,
16689,es,Spanish (español),azulmarino,azul marino,Azul Marino,rgb,8,50,66,3,6,full,white,en,,1.1.5,
16689,es,Spanish (español),verde,verde,Verde,rgb,151,218,108,3,7,full,white,en,,1.1.5,
16689,es,Spanish (español),morado,morado,Morado,rgb,174,77,224,3,8,full,white,en,,1.1.5,
16689,es,Spanish (español),azul,azul,Azul,rgb,53,183,227,3,9,full,white,en,,1.1.5,
16689,es,Spanish (español),marron,marrón,Marrón,rgb,143,57,64,3,10,full,white,en,,1.1.5,
16689,es,Spanish (español),verde,verde,Verde,rgb,75,210,156,3,11,full,white,en,,1.1.5,
16689,es,Spanish (español),rosa,rosa,Rosa,rgb,252,96,128,6,0,full,white,en,,1.1.5,
16689,es,Spanish (español),azul,azul,Azul,rgb,40,49,192,6,1,full,white,en,,1.1.5,
16689,es,Spanish (español),verde,verde,Verde,rgb,59,124,50,6,2,full,white,en,,1.1.5,
16689,es,Spanish (español),azul,azul,Azul,rgb,4,130,238,6,3,full,white,en,,1.1.5,
16689,es,Spanish (español),morado,morado,Morado,rgb,96,49,132,6,4,full,white,en,,1.1.5,
16689,es,Spanish (español),naranja,naranja,Naranja,rgb,214,70,22,6,5,full,white,en,,1.1.5,
16689,es,Spanish (español),violeta,violeta,Violeta,rgb,99,114,188,6,6,full,white,en,,1.1.5,
16689,es,Spanish (español),verde,verde,Verde,rgb,61,194,15,6,7,full,white,en,,1.1.5,
16689,es,Spanish (español),verde,verde,Verde,rgb,165,254,95,6,8,full,white,en,,1.1.5,
16689,es,Spanish (español),ocre,ocre,Ocre,rgb,221,179,104,6,9,full,white,en,,1.1.5,
16689,es,Spanish (español),azulturquesa,azul turquesa,Azul turquesa,rgb,38,243,254,6,10,full,white,en,,1.1.5,
16689,es,Spanish (español),ocre,ocre,Ocre,rgb,217,158,11,6,11,full,white,en,,1.1.5,
16696,es,Spanish (español),negro,negro,Negro,rgb,18,3,20,1,0,full,white,en,,1.1.5,
16696,es,Spanish (español),teja,teja,Teja,rgb,179,71,16,1,1,full,white,en,,1.1.5,
16696,es,Spanish (español),rosapalo,rosa palo,Rosa palo,rgb,237,196,177,1,2,full,white,en,,1.1.5,
16696,es,Spanish (español),mostaza,mostaza,Mostaza,rgb,232,177,55,1,3,full,white,en,,1.1.5,
16696,es,Spanish (español),azulcyan,azul cian,Azul Cian,rgb,127,230,254,1,4,full,white,en,,1.1.5,
16696,es,Spanish (español),purpura,púrpura,Púrpura,rgb,151,91,237,1,5,full,white,en,,1.1.5,
16696,es,Spanish (español),fucsia,fucsia,Fucsia,rgb,193,89,146,1,6,full,white,en,,1.1.5,
16696,es,Spanish (español),salmon,salmón,Salmón,rgb,244,141,122,1,7,full,white,en,,1.1.5,
16696,es,Spanish (español),azul,azul,Azul,rgb,42,126,181,1,8,full,white,en,,1.1.5,
16696,es,Spanish (español),verde,verde,Verde,rgb,119,174,115,1,9,full,white,en,,1.1.5,
16696,es,Spanish (español),morado,morado,Morado,rgb,118,91,102,1,10,full,white,en,,1.1.5,
16696,es,Spanish (español),azulmarino,azul marino,Azul marino,rgb,42,77,143,1,11,full,white,en,,1.1.5,
16695,es,Spanish (español),turquesa,turquesa,Turquesa,rgb,46,213,199,1,0,full,white,en,,1.1.5,
16695,es,Spanish (español),verde,verde,Verde,rgb,19,140,66,1,1,full,white,en,,1.1.5,
16695,es,Spanish (español),verde,verde,Verde,rgb,92,140,96,1,2,full,white,en,,1.1.5,
16695,es,Spanish (español),azul,azul,Azul,rgb,30,116,168,1,3,full,white,en,,1.1.5,
16695,es,Spanish (español),cyan,cyan,Cyan,rgb,35,223,247,1,4,full,white,en,,1.1.5,
16695,es,Spanish (español),lila,lila,Lila,rgb,131,148,233,1,5,full,white,en,,1.1.5,
16695,es,Spanish (español),verde,verde,Verde,rgb,155,155,66,1,6,full,white,en,,1.1.5,
16695,es,Spanish (español),rosachicle,rosa chicle,Rosa chicle,rgb,229,170,252,1,7,full,white,en,,1.1.5,
16695,es,Spanish (español),azulmarino,azul marino,Azul marino,rgb,59,29,100,1,8,full,white,en,,1.1.5,
16695,es,Spanish (español),azulelectrico,azul eléctrico,Azul eléctrico,rgb,86,5,210,1,9,full,white,en,,1.1.5,
16695,es,Spanish (español),grisoscuro,gris oscuro,Gris oscuro,rgb,82,95,121,1,10,full,white,en,,1.1.5,
16695,es,Spanish (español),verdelima,verde lima,Verde lima,rgb,75,206,39,1,11,full,white,en,,1.1.5,
16696,es,Spanish (español),turquesa,turquesa,Turquesa,rgb,75,219,152,3,0,full,white,en,,1.1.5,
16696,es,Spanish (español),rojo,rojo,Rojo,rgb,215,62,65,3,1,full,white,en,,1.1.5,
16696,es,Spanish (español),verde,verde,Verde,rgb,35,233,98,3,2,full,white,en,,1.1.5,
16696,es,Spanish (español),amarillo,amarillo,Amarillo,rgb,251,209,30,3,3,full,white,en,,1.1.5,
16696,es,Spanish (español),violeta,violeta,Violeta,rgb,113,142,245,3,4,full,white,en,,1.1.5,
16696,es,Spanish (español),purpura,púrpura,Púrpura,rgb,142,33,157,3,5,full,white,en,,1.1.5,
16696,es,Spanish (español),gris,gris,Gris,rgb,114,118,106,3,6,full,white,en,,1.1.5,
16696,es,Spanish (español),marron,marrón,Marrón,rgb,174,134,82,3,7,full,white,en,,1.1.5,
16696,es,Spanish (español),marronoscuro,marrón oscuro,Marrón oscuro,rgb,121,53,40,3,8,full,white,en,,1.1.5,
16696,es,Spanish (español),verde,verde,Verde,rgb,122,97,14,3,9,full,white,en,,1.1.5,
16696,es,Spanish (español),verdemusgo,verde musgo,Verde musgo,rgb,2,127,109,3,10,full,white,en,,1.1.5,
16696,es,Spanish (español),marron,marrón,Marrón,rgb,159,88,42,3,11,full,white,en,,1.1.5,
16696,es,Spanish (español),azulklein,azul klein,Azul Klein,rgb,68,9,216,6,0,full,white,en,,1.1.5,
16696,es,Spanish (español),azulmarino,azul marino,Azul Marino,rgb,23,6,81,6,1,full,white,en,,1.1.5,
16696,es,Spanish (español),azul,azul,Azul,rgb,70,98,216,6,2,full,white,en,,1.1.5,
16696,es,Spanish (español),fucsia,fucsia,Fucsia,rgb,205,69,211,6,3,full,white,en,,1.1.5,
16696,es,Spanish (español),verdementa,verde menta,Verde menta,rgb,85,234,20,6,4,full,white,en,,1.1.5,
16696,es,Spanish (español),azuloscuro,azul oscuro,Azul oscuro,rgb,57,67,212,6,5,full,white,en,,1.1.5,
16696,es,Spanish (español),verdeoliva,verde oliva,Verde oliva,rgb,114,164,3,6,6,full,white,en,,1.1.5,
16696,es,Spanish (español),vino,vino,Vino,rgb,142,10,66,6,7,full,white,en,,1.1.5,
16696,es,Spanish (español),verdeclaro,verde claro,Verde claro,rgb,157,237,114,6,8,full,white,en,,1.1.5,
16696,es,Spanish (español),turquesa,turquesa,Turquesa,rgb,18,190,173,6,9,full,white,en,,1.1.5,
16696,es,Spanish (español),purpura,púrpura,Púrpura,rgb,167,2,234,6,10,full,white,en,,1.1.5,
16696,es,Spanish (español),rosachicle,rosa chicle,Rosa chicle,rgb,239,113,214,6,11,full,white,en,,1.1.5,
16695,es,Spanish (español),verde,verde,Verde,rgb,208,247,76,3,0,full,white,en,,1.1.5,
16695,es,Spanish (español),marron,marrón,Marrón,rgb,167,110,3,3,1,full,white,en,,1.1.5,
16695,es,Spanish (español),marron,marrón,Marrón,rgb,160,123,72,3,2,full,white,en,,1.1.5,
16695,es,Spanish (español),verde,verde,Verde,rgb,52,146,146,3,3,full,white,en,,1.1.5,
16695,es,Spanish (español),teja,teja,Teja,rgb,186,80,22,3,4,full,white,en,,1.1.5,
16695,es,Spanish (español),verde,verde,Verde,rgb,155,169,2,3,5,full,white,en,,1.1.5,
16695,es,Spanish (español),gris,gris,Gris,rgb,132,94,99,3,6,full,white,en,,1.1.5,
16695,es,Spanish (español),fucsia,fucsia,Fucsia,rgb,228,36,131,3,7,full,white,en,,1.1.5,
16695,es,Spanish (español),azul,azul,Azul,rgb,7,101,248,3,8,full,white,en,,1.1.5,
16695,es,Spanish (español),negro,negro,Negro,rgb,69,37,27,3,9,full,white,en,,1.1.5,
16695,es,Spanish (español),verde,verde,Verde,rgb,135,225,96,3,10,full,white,en,,1.1.5,
16695,es,Spanish (español),verde,verde,Verde,rgb,243,233,227,3,11,full,white,en,,1.1.5,
16695,es,Spanish (español),marron,marrón,Marrón,rgb,190,105,93,6,0,full,white,en,,1.1.5,
16695,es,Spanish (español),morado,morado,Morado,rgb,156,104,190,6,1,full,white,en,,1.1.5,
16695,es,Spanish (español),rojo,rojo,Rojo,rgb,193,10,48,6,2,full,white,en,,1.1.5,
16695,es,Spanish (español),verde,verde,Verde,rgb,148,197,177,6,3,full,white,en,,1.1.5,
16695,es,Spanish (español),malva,malva,Malva,rgb,217,189,212,6,4,full,white,en,,1.1.5,
16695,es,Spanish (español),naranja,naranja,Naranja,rgb,221,133,83,6,5,full,white,en,,1.1.5,
16695,es,Spanish (español),azul,azul,Azul,rgb,4,74,184,6,6,full,white,en,,1.1.5,
16695,es,Spanish (español),azul,azul,Azul,rgb,98,169,218,6,7,full,white,en,,1.1.5,
16695,es,Spanish (español),rojo,rojo,Rojo,rgb,235,29,15,6,8,full,white,en,,1.1.5,
16695,es,Spanish (español),naranja,naranja,Naranja,rgb,231,139,45,6,9,full,white,en,,1.1.5,
16695,es,Spanish (español),fucsia,fucsia,Fucsia,rgb,201,16,156,6,10,full,white,en,,1.1.5,
16695,es,Spanish (español),azul,azul,Azul,rgb,68,51,201,6,11,full,white,en,,1.1.5,
16707,es,Spanish (español),lila,lila,Lila,rgb,170,0,255,3,0,line,white,en,,1.1.5,
16707,es,Spanish (español),amarillo,amarillo,Amarillo,rgb,244,255,0,3,1,line,white,en,,1.1.5,
16707,es,Spanish (español),fucsia,fucsia,Fucsia,rgb,255,0,166,3,2,line,white,en,,1.1.5,
16707,es,Spanish (español),rojo,rojo,Rojo,rgb,255,0,12,3,3,line,white,en,,1.1.5,
16707,es,Spanish (español),verde,verde,Verde,rgb,228,255,0,3,4,line,white,en,,1.1.5,
16707,es,Spanish (español),morado,morado,Morado,rgb,120,0,255,3,5,line,white,en,,1.1.5,
16707,es,Spanish (español),naranja,naranja,Naranja,rgb,255,101,0,3,6,line,white,en,,1.1.5,
16707,es,Spanish (español),rosa,rosa,Rosa,rgb,255,0,66,3,7,line,white,en,,1.1.5,
16707,es,Spanish (español),verde,verde,Verde,rgb,141,255,0,3,8,line,white,en,,1.1.5,
16707,es,Spanish (español),rojo,rojo,Rojo,rgb,255,19,0,3,9,line,white,en,,1.1.5,
16707,es,Spanish (español),verde,verde,Verde,rgb,0,255,167,3,10,line,white,en,,1.1.5,
16707,es,Spanish (español),azul,azul,Azul,rgb,0,123,255,3,11,line,white,en,,1.1.5,
16682,es,Spanish (español),dorado,dorado,Dorado,rgb,139,127,25,1,0,full,white,en,,1.1.5,
16682,es,Spanish (español),azul,azul,Azul,rgb,13,58,69,1,1,full,white,en,,1.1.5,
16682,es,Spanish (español),azul,azul,Azul,rgb,17,130,234,1,2,full,white,en,,1.1.5,
16682,es,Spanish (español),verdeclaro,verde claro,Verde claro,rgb,175,243,187,1,3,full,white,en,,1.1.5,
16682,es,Spanish (español),rojoescarlata,rojo escarlata,Rojo escarlata,rgb,227,26,47,1,4,full,white,en,,1.1.5,
16682,es,Spanish (español),aguamarino,aguamarino,Aguamarino,rgb,61,166,142,1,5,full,white,en,,1.1.5,
16682,es,Spanish (español),morado,morado,Morado,rgb,156,155,202,1,6,full,white,en,,1.1.5,
16682,es,Spanish (español),morado,morado,Morado,rgb,145,95,141,1,7,full,white,en,,1.1.5,
16682,es,Spanish (español),beigeoscuro,beige oscuro,Beige oscuro,rgb,145,136,83,1,8,full,white,en,,1.1.5,
16682,es,Spanish (español),marron,marrón,Marrón,rgb,166,88,8,1,9,full,white,en,,1.1.5,
16682,es,Spanish (español),verde,verde,Verde,rgb,12,122,77,1,10,full,white,en,,1.1.5,
16682,es,Spanish (español),verdemanzana,verde manzana,Verde manzana,rgb,79,202,19,1,11,full,white,en,,1.1.5,
16682,es,Spanish (español),violeta,violeta,Violeta,rgb,121,90,251,3,0,full,white,en,,1.1.5,
16682,es,Spanish (español),verdeolivo,verde olivo,Verde olivo,rgb,99,129,55,3,1,full,white,en,,1.1.5,
16682,es,Spanish (español),marronclaro,marrón claro,Marrón claro,rgb,212,133,85,3,2,full,white,en,,1.1.5,
16682,es,Spanish (español),verdeclaro,verde claro,Verde claro,rgb,220,253,133,3,3,full,white,en,,1.1.5,
16682,es,Spanish (español),azulceleste,azul celeste,Azul celeste,rgb,47,232,220,3,4,full,white,en,,1.1.5,
16682,es,Spanish (español),magenta,magenta,Magenta,rgb,192,53,110,3,5,full,white,en,,1.1.5,
16682,es,Spanish (español),verdelimon,verde limón,Verde limón,rgb,140,253,22,3,6,full,white,en,,1.1.5,
16682,es,Spanish (español),naranja,naranja,Naranja,rgb,254,160,9,3,7,full,white,en,,1.1.5,
16682,es,Spanish (español),rojoarcilla,rojo arcilla,Rojo arcilla,rgb,161,50,45,3,8,full,white,en,,1.1.5,
16682,es,Spanish (español),azulmarino,azul marino,Azul marino,rgb,17,3,50,3,9,full,white,en,,1.1.5,
16682,es,Spanish (español),azul,azul,Azul,rgb,65,178,204,3,10,full,white,en,,1.1.5,
16682,es,Spanish (español),amarillo,amarillo,Amarillo,rgb,235,191,24,3,11,full,white,en,,1.1.5,
16682,es,Spanish (español),morado,morado,Morado,rgb,111,32,119,6,0,full,white,en,,1.1.5,
16682,es,Spanish (español),violeta,violeta,Violeta,rgb,145,41,178,6,1,full,white,en,,1.1.5,
16682,es,Spanish (español),azul,azul,Azul,rgb,50,99,154,6,2,full,white,en,,1.1.5,
16682,es,Spanish (español),morado,morado,Morado,rgb,169,103,232,6,3,full,white,en,,1.1.5,
16682,es,Spanish (español),marron,marrón,Marrón,rgb,105,72,76,6,4,full,white,en,,1.1.5,
16682,es,Spanish (español),verdelimon,verde limón,Verde limón,rgb,158,215,14,6,5,full,white,en,,1.1.5,
16682,es,Spanish (español),rosa,rosado,Rosado,rgb,251,53,159,6,6,full,white,en,,1.1.5,
16682,es,Spanish (español),rosa,rosado,Rosado,rgb,226,130,197,6,7,full,white,en,,1.1.5,
16682,es,Spanish (español),azul,azul,Azul,rgb,69,63,190,6,8,full,white,en,,1.1.5,
16682,es,Spanish (español),rosa,rosado,Rosado,rgb,251,71,104,6,9,full,white,en,,1.1.5,
16682,es,Spanish (español),verde,verde,Verde,rgb,5,168,72,6,10,full,white,en,,1.1.5,
16682,es,Spanish (español),verde,verde,Verde,rgb,49,206,139,6,11,full,white,en,,1.1.5,
16914,es,Spanish (español),morado,morado,morado,rgb,190,82,190,1,0,full,white,en,,1.1.5,
16914,es,Spanish (español),gris,gris,gris,rgb,111,118,120,1,1,full,white,en,,1.1.5,
16914,es,Spanish (español),azuloscuro,azul oscuro,azul oscuro,rgb,40,57,94,1,2,full,white,en,,1.1.5,
16914,es,Spanish (español),verdeaqua,verde aqua,verde aqua,rgb,10,203,139,1,3,full,white,en,,1.1.5,
16914,es,Spanish (español),fucsia,fucsia,fucsia,rgb,232,11,95,1,4,full,white,en,,1.1.5,
16914,es,Spanish (español),lavanda,lavanda,lavanda,rgb,213,190,248,1,5,full,white,en,,1.1.5,
16914,es,Spanish (español),rosaoscuro,rosado oscuro,rosado oscuro,rgb,190,118,106,1,6,full,white,en,,1.1.5,
16914,es,Spanish (español),verde,verde,verde,rgb,14,152,52,1,7,full,white,en,,1.1.5,
16914,es,Spanish (español),celeste,celeste,celeste,rgb,54,174,209,1,8,full,white,en,,1.1.5,
16914,es,Spanish (español),cafe,cafe,cafe,rgb,99,59,42,1,9,full,white,en,,1.1.5,
16914,es,Spanish (español),naranja,naranja,naranja,rgb,234,138,15,1,10,full,white,en,,1.1.5,
16914,es,Spanish (español),verdelima,verde lima,verde lima,rgb,159,174,19,1,11,full,white,en,,1.1.5,
16914,es,Spanish (español),verdeoscuro,verde oscuro,verde oscuro,rgb,70,99,28,3,0,full,white,en,,1.1.5,
16914,es,Spanish (español),azulelectrico,azul electrico,azul electrico,rgb,61,43,227,3,1,full,white,en,,1.1.5,
16914,es,Spanish (español),moradooscuro,morado oscuro,morado oscuro,rgb,83,3,48,3,2,full,white,en,,1.1.5,
16914,es,Spanish (español),lavandaoscuro,lavanda oscuro,lavanda oscuro,rgb,150,99,130,3,3,full,white,en,,1.1.5,
16914,es,Spanish (español),celeste,celeste,celeste,rgb,23,136,245,3,4,full,white,en,,1.1.5,
16914,es,Spanish (español),rojo,rojo,rojo,rgb,227,34,19,3,5,full,white,en,,1.1.5,
16914,es,Spanish (español),verdeneon,verde neon,verde neon,rgb,137,225,36,3,6,full,white,en,,1.1.5,
16914,es,Spanish (español),gris,gris,gris,rgb,153,170,150,3,7,full,white,en,,1.1.5,
16914,es,Spanish (español),cafe,cafe,cafe,rgb,53,51,13,3,8,full,white,en,,1.1.5,
16914,es,Spanish (español),piel,piel,piel,rgb,176,113,37,3,9,full,white,en,,1.1.5,
16914,es,Spanish (español),rosa,rosado,rosado,rgb,234,97,124,3,10,full,white,en,,1.1.5,
16914,es,Spanish (español),morado,morado,morado,rgb,233,53,165,3,11,full,white,en,,1.1.5,
16914,es,Spanish (español),violeta,violeta,violeta,rgb,113,82,179,6,0,full,white,en,,1.1.5,
16914,es,Spanish (español),piel,piel,piel,rgb,207,162,89,6,1,full,white,en,,1.1.5,
16914,es,Spanish (español),celeste,celeste,celeste,rgb,14,134,202,6,2,full,white,en,,1.1.5,
16914,es,Spanish (español),verde,verde,verde,rgb,78,164,112,6,3,full,white,en,,1.1.5,
16914,es,Spanish (español),azulnoche,azul noche,azul noche,rgb,49,16,146,6,4,full,white,en,,1.1.5,
16914,es,Spanish (español),rosa,rosado,rosado,rgb,228,121,180,6,5,full,white,en,,1.1.5,
16914,es,Spanish (español),azulapagado,azul apagado,azul apagado,rgb,32,71,150,6,6,full,white,en,,1.1.5,
16914,es,Spanish (español),amarillo,amarillo,amarillo,rgb,234,248,51,6,7,full,white,en,,1.1.5,
16914,es,Spanish (español),magenta,magenta,magenta,rgb,219,5,246,6,8,full,white,en,,1.1.5,
16914,es,Spanish (español),lavanda,lavanda,lavanda,rgb,155,133,211,6,9,full,white,en,,1.1.5,
16914,es,Spanish (español),celeste,celeste,celeste,rgb,41,246,249,6,10,full,white,en,,1.1.5,
16914,es,Spanish (español),verdeclaro,verde claro,verde claro,rgb,168,208,143,6,11,full,white,en,,1.1.5,
17448,es,Spanish (español),rojo,rojo,Rojo,rgb,197,44,68,1,0,full,white,en,,1.1.5,
17448,es,Spanish (español),morado,morado,Morado,rgb,175,92,177,1,1,full,white,en,,1.1.5,
17448,es,Spanish (español),verdeoscuro,verde oscuro,Verde Oscuro,rgb,26,76,12,1,2,full,white,en,,1.1.5,
17448,es,Spanish (español),azulneon,azul neon,Azul Neon,rgb,49,229,248,1,3,full,white,en,,1.1.5,
17448,es,Spanish (español),gris,gris,Gris,rgb,134,169,176,1,4,full,white,en,,1.1.5,
17448,es,Spanish (español),aguamarina,aguamarina,Aguamarina,rgb,92,215,190,1,5,full,white,en,,1.1.5,
17448,es,Spanish (español),rosachicle,rosa chicle,Rosa chicle,rgb,246,191,195,1,6,full,white,en,,1.1.5,
17448,es,Spanish (español),negro,negro,Negro,rgb,12,9,26,1,7,full,white,en,,1.1.5,
17448,es,Spanish (español),azulcielo,azul cielo,Azul cielo,rgb,22,171,230,1,8,full,white,en,,1.1.5,
17448,es,Spanish (español),marron,marrón,Marrón,rgb,103,39,24,1,9,full,white,en,,1.1.5,
17448,es,Spanish (español),verdelima,verde lima,Verde lima,rgb,189,215,120,1,10,full,white,en,,1.1.5,
17448,es,Spanish (español),naranja,naranja,Naranja,rgb,232,124,45,1,11,full,white,en,,1.1.5,
17448,es,Spanish (español),verdeclaro,verde claro,Verde claro,rgb,136,209,78,3,0,full,white,en,,1.1.5,
17448,es,Spanish (español),rosasucio,rosa sucio,Rosa sucio,rgb,188,115,122,3,1,full,white,en,,1.1.5,
17448,es,Spanish (español),verdeneon,verde neón,Verde neón,rgb,135,241,43,3,2,full,white,en,,1.1.5,
17448,es,Spanish (español),rojoteja,rojo teja,Rojo teja,rgb,137,32,1,3,3,full,white,en,,1.1.5,
17448,es,Spanish (español),azulaguamarina,azul aguamarina,Azul aguamarina,rgb,13,118,109,3,4,full,white,en,,1.1.5,
17448,es,Spanish (español),violeta,violeta,Violeta,rgb,125,108,170,3,5,full,white,en,,1.1.5,
17448,es,Spanish (español),azul,azul,Azul,rgb,73,8,241,3,6,full,white,en,,1.1.5,
17448,es,Spanish (español),lila,lila,Lila,rgb,182,114,238,3,7,full,white,en,,1.1.5,
17448,es,Spanish (español),malva,malva,Malva,rgb,116,137,243,3,8,full,white,en,,1.1.5,
17448,es,Spanish (español),berenjena,berenjena,Berenjena,rgb,102,33,199,3,9,full,white,en,,1.1.5,
17448,es,Spanish (español),verdeoscuro,verde oscuro,Verde oscuro,rgb,50,65,33,3,10,full,white,en,,1.1.5,
17448,es,Spanish (español),gris,gris,Gris,rgb,124,116,124,3,11,full,white,en,,1.1.5,
17448,es,Spanish (español),verdeoliva,verde oliva,Verde oliva,rgb,120,138,91,6,0,full,white,en,,1.1.5,
17448,es,Spanish (español),rosaneon,rosa neón,Rosa neón,rgb,252,36,193,6,1,full,white,en,,1.1.5,
17448,es,Spanish (español),azulmedianoche,azul medianoche,Azul medianoche,rgb,53,36,89,6,2,full,white,en,,1.1.5,
17448,es,Spanish (español),beige,beige,Beige,rgb,165,152,130,6,3,full,white,en,,1.1.5,
17448,es,Spanish (español),marronclaro,marrón claro,Marrón Claro,rgb,204,165,106,6,4,full,white,en,,1.1.5,
17448,es,Spanish (español),magentaoscuro,magenta oscuro,Magenta oscuro,rgb,185,46,104,6,5,full,white,en,,1.1.5,
17448,es,Spanish (español),verde,verde,Verde,rgb,103,151,53,6,6,full,white,en,,1.1.5,
17448,es,Spanish (español),morado,morado,Morado,rgb,104,11,80,6,7,full,white,en,,1.1.5,
17448,es,Spanish (español),verdeneon,verde neon,Verde neon,rgb,133,237,153,6,8,full,white,en,,1.1.5,
17448,es,Spanish (español),azuloscuro,azul oscuro,Azul oscuro,rgb,49,2,109,6,9,full,white,en,,1.1.5,
17448,es,Spanish (español),rojoescarlata,rojo escarlata,Rojo escarlata,rgb,183,15,0,6,10,full,white,en,,1.1.5,
17448,es,Spanish (español),rosachillon,rosa chillón,Rosa chillón,rgb,231,27,243,6,11,full,white,en,,1.1.5,
17844,es,Spanish (español),verdeclaro,verde claro,verde claro,rgb,155,255,0,1,0,line,white,en,,1.1.5,
17844,es,Spanish (español),naranja,naranja,naranja,rgb,255,116,0,1,1,line,white,en,,1.1.5,
17844,es,Spanish (español),fucsia,fucsia,fucsia,rgb,255,0,130,1,2,line,white,en,,1.1.5,
17844,es,Spanish (español),lila,lila,lila,rgb,170,0,255,1,3,line,white,en,,1.1.5,
17844,es,Spanish (español),verde,verde,verde,rgb,0,255,48,1,4,line,white,en,,1.1.5,
17844,es,Spanish (español),rosa,rosa,rosa,rgb,255,0,172,1,5,line,white,en,,1.1.5,
17844,es,Spanish (español),aqua,aqua,aqua,rgb,0,254,255,1,6,line,white,en,,1.1.5,
17844,es,Spanish (español),azul,azul,azul,rgb,0,16,255,1,7,line,white,en,,1.1.5,
17844,es,Spanish (español),morado,morado,morado,rgb,255,0,192,1,8,line,white,en,,1.1.5,
17844,es,Spanish (español),lila,lila,lila,rgb,96,0,255,1,9,line,white,en,,1.1.5,
17844,es,Spanish (español),aqua,aqua,aqua,rgb,0,255,235,1,10,line,white,en,,1.1.5,
17844,es,Spanish (español),turquesa,turquesa,turquesa,rgb,0,219,255,1,11,line,white,en,,1.1.5,
17897,es,Spanish (español),lima,lima,Lima,rgb,142,250,51,1,0,full,white,en,,1.1.5,
17897,es,Spanish (español),verdesemioscuroconunpocoazul,verde semi oscuro con un poco azul,Verde semi oscuro con un poco azul,rgb,72,177,113,1,1,full,white,en,,1.1.5,
17897,es,Spanish (español),turquesaunpocooscuro,turquesa un poco oscuro,Turquesa un poco oscuro,rgb,32,218,176,1,2,full,white,en,,1.1.5,
17897,es,Spanish (español),azulunpocooscuro,azul un poco oscuro,Azul un poco oscuro,rgb,66,95,205,1,3,full,white,en,,1.1.5,
17897,es,Spanish (español),cafeunpoconaranja,cafe un poco naranja,Cafe un poco naranja,rgb,181,101,33,1,4,full,white,en,,1.1.5,
17897,es,Spanish (español),turquesapalido,turquesa pálido,Turquesa pálido,rgb,141,214,209,1,5,full,white,en,,1.1.5,
17897,es,Spanish (español),naranjarojizounpocooscuro,naranja rojizo un poco oscuro,Naranja rojizo un poco oscuro,rgb,207,74,18,1,6,full,white,en,,1.1.5,
17897,es,Spanish (español),rosamediooscuro,rosa medio oscuro,Rosa medio oscuro,rgb,218,96,116,1,7,full,white,en,,1.1.5,
17897,es,Spanish (español),avellana,avellana,Avellana,rgb,169,162,24,1,8,full,white,en,,1.1.5,
17897,es,Spanish (español),turquesaverdoso,turquesa verdoso,Turquesa verdoso,rgb,10,236,118,1,9,full,white,en,,1.1.5,
17897,es,Spanish (español),naranjaunpococlaro,naranja un poco claro,Naranja un poco claro,rgb,249,178,42,1,10,full,white,en,,1.1.5,
17897,es,Spanish (español),vino,vino,Vino,rgb,94,15,73,1,11,full,white,en,,1.1.5,
17897,es,Spanish (español),cafeconcasinadademorado,café con casí nada de morado,Café con casí nada de morado,rgb,89,70,70,3,0,full,white,en,,1.1.5,
17897,es,Spanish (español),colorcortesaconunpocodemoho,color cortesa con un poco de moho,Color cortesa con un poco de moho,rgb,128,113,80,3,1,full,white,en,,1.1.5,
17897,es,Spanish (español),"verdecolorcascara""papadepobre""owatila","verde color cáscara ""papa de pobre"" o watila","Verde color cáscara ""papa de pobre"" o watila",rgb,46,104,0,3,2,full,white,en,,1.1.5,
17897,es,Spanish (español),verdelimaconunpocodeamarillo,verde lima con un poco de amarillo,Verde Lima con un poco de amarillo,rgb,182,214,41,3,3,full,white,en,,1.1.5,
17897,es,Spanish (español),fucsiaconmuypocoazul,fucsia con muy poco azul,Fucsia con muy poco azul,rgb,216,31,216,3,4,full,white,en,,1.1.5,
17897,es,Spanish (español),azulunpocooscuro,azul un poco oscuro,Azul un poco oscuro,rgb,65,36,163,3,5,full,white,en,,1.1.5,
17897,es,Spanish (español),azulconpocomorado,azul con poco morado,Azul con poco morado,rgb,108,81,243,3,6,full,white,en,,1.1.5,
17897,es,Spanish (español),fucsia,fucsia,Fucsia,rgb,179,44,133,3,7,full,white,en,,1.1.5,
17897,es,Spanish (español),rosadesalsarosada,rosa de salsa rosada,Rosa de salsa rosada,rgb,235,126,180,3,8,full,white,en,,1.1.5,
17897,es,Spanish (español),turquesagrisaceounpocoazul,turquesa grisáceo un poco azul,Turquesa grisáceo un poco azul,rgb,130,166,149,3,9,full,white,en,,1.1.5,
17897,es,Spanish (español),"verdecascara""papadepobre""owatilaconunapizcadeazul","verde cascara ""papa de pobre"" o watila con una pizca de azul","Verde cascara ""papa de pobre"" o watila con una pizca de azul",rgb,38,102,52,3,10,full,white,en,,1.1.5,
17897,es,Spanish (español),fucsiaclaro,fucsia claro,Fucsia claro,rgb,233,60,133,3,11,full,white,en,,1.1.5,
17897,es,Spanish (español),cafechocolateoscuro,café chocolate oscuro,Café chocolate oscuro,rgb,71,52,12,6,0,full,white,en,,1.1.5,
17897,es,Spanish (español),caferojizooscuro,café rojizo oscuro,Café rojizo oscuro,rgb,113,37,32,6,1,full,white,en,,1.1.5,
17897,es,Spanish (español),verdenucleardistinto,verde nuclear distinto,Verde nuclear distinto,rgb,7,246,49,6,2,full,white,en,,1.1.5,
17897,es,Spanish (español),verdeunpocopalido,verde un poco palido,Verde un poco palido,rgb,128,236,137,6,3,full,white,en,,1.1.5,
17897,es,Spanish (español),azulmediomoradooscuro,azul medio morado oscuro,Azul medio morado oscuro,rgb,80,33,117,6,4,full,white,en,,1.1.5,
17897,es,Spanish (español),rojounpocooscuro,rojo un poco oscuro,Rojo un poco oscuro,rgb,237,12,22,6,5,full,white,en,,1.1.5,
17897,es,Spanish (español),colorpielunpocooscuro,color piel un poco oscuro,Color piel un poco oscuro,rgb,209,140,116,6,6,full,white,en,,1.1.5,
17897,es,Spanish (español),colorvinooscuro,color vino oscuro,Color vino oscuro,rgb,60,32,64,6,7,full,white,en,,1.1.5,
17897,es,Spanish (español),violeta,violeta,Violeta,rgb,146,36,168,6,8,full,white,en,,1.1.5,
17897,es,Spanish (español),rojounpocooscuroconunapizcademoradoclaro,rojo un poco oscuro con una pizca de morado claro,Rojo un poco oscuro con una pizca de morado claro,rgb,248,53,85,6,9,full,white,en,,1.1.5,
17897,es,Spanish (español),azulmarinoprofundo,azul marino profundo,Azul marino profundo,rgb,29,53,117,6,10,full,white,en,,1.1.5,
17897,es,Spanish (español),turquesaazuladounpocooscuro,turquesa azulado un poco oscuro,turquesa azulado un poco oscuro,rgb,47,148,180,6,11,full,white,en,,1.1.5,
18260,es,Spanish (español),purpura,purpura,Purpura,rgb,142,117,218,1,0,full,white,en,,1.1.5,
18260,es,Spanish (español),naranja,naranja,Naranja,rgb,232,135,18,1,1,full,white,en,,1.1.5,
18260,es,Spanish (español),azulgrisaceo,azul grisaceo,Azul grisaceo,rgb,117,151,177,1,2,full,white,en,,1.1.5,
18260,es,Spanish (español),azulclaro,azul claro,Azul claro,rgb,50,189,241,1,3,full,white,en,,1.1.5,
18260,es,Spanish (español),grisclaro,gris claro,Gris claro,rgb,194,212,216,1,5,full,white,en,,1.1.5,
18260,es,Spanish (español),verdoso,verdoso,Verdoso,rgb,194,238,208,1,6,full,white,en,,1.1.5,
18260,es,Spanish (español),violeta,violeta,Violeta,rgb,131,13,110,1,7,full,white,en,,1.1.5,
18260,es,Spanish (español),azuloscuro,azul oscuro,Azul oscuro,rgb,56,37,171,1,8,full,white,en,,1.1.5,
18260,es,Spanish (español),verdeoscuro,verde oscuro,Verde oscuro,rgb,43,86,88,1,9,full,white,en,,1.1.5,
18260,es,Spanish (español),azul,azul,Azul,rgb,91,101,242,1,10,full,white,en,,1.1.5,
18260,es,Spanish (español),verdefosforito,verde fosforito,Verde fosforito,rgb,36,219,110,1,11,full,white,en,,1.1.5,
18260,es,Spanish (español),turquesa,turquesa,Turquesa,rgb,48,186,171,3,0,full,white,en,,1.1.5,
18260,es,Spanish (español),verdegrisaceo,verde grisaceo,Verde grisaceo,rgb,108,133,119,3,1,full,white,en,,1.1.5,
18260,es,Spanish (español),verdelima,verde lima,Verde lima,rgb,205,243,154,3,2,full,white,en,,1.1.5,
18260,es,Spanish (español),rojooscuro,rojo oscuro,Rojo oscuro,rgb,140,5,42,3,3,full,white,en,,1.1.5,
18260,es,Spanish (español),rosa,rosa,Rosa,rgb,212,86,234,3,4,full,white,en,,1.1.5,
18260,es,Spanish (español),morado,morado,Morado,rgb,154,43,165,3,5,full,white,en,,1.1.5,
18260,es,Spanish (español),marronclaro,marron claro,Marron claro,rgb,141,91,23,3,6,full,white,en,,1.1.5,
18260,es,Spanish (español),verde,verde,Verde,rgb,30,131,84,3,7,full,white,en,,1.1.5,
18260,es,Spanish (español),marron,marron,Marron,rgb,94,26,35,3,8,full,white,en,,1.1.5,
18260,es,Spanish (español),rosapastel,rosa pastel,Rosa pastel,rgb,225,126,176,3,9,full,white,en,,1.1.5,
18260,es,Spanish (español),marronoscuro,marron oscuro,Marron oscuro,rgb,58,15,40,3,10,full,white,en,,1.1.5,
18260,es,Spanish (español),coloroscurita,color oscurita,Color oscurita,rgb,107,65,81,3,11,full,white,en,,1.1.5,
18260,es,Spanish (español),colortierra,color tierra,Color tierra,rgb,160,146,101,6,0,full,white,en,,1.1.5,
18260,es,Spanish (español),marron,marron,Marron,rgb,149,78,63,6,1,full,white,en,,1.1.5,
18260,es,Spanish (español),verdefosforito,verde fosforito,Verde fosforito,rgb,102,243,68,6,2,full,white,en,,1.1.5,
18260,es,Spanish (español),verde,verde,Verde,rgb,93,90,23,6,3,full,white,en,,1.1.5,
18260,es,Spanish (español),naranjapastel,naranja pastel,Naranja pastel,rgb,235,160,124,6,4,full,white,en,,1.1.5,
18260,es,Spanish (español),amarrillolima,amarrillo lima,Amarrillo lima,rgb,180,251,17,6,5,full,white,en,,1.1.5,
18260,es,Spanish (español),verde,verde,Verde,rgb,104,186,4,6,6,full,white,en,,1.1.5,
18260,es,Spanish (español),azuloscuro,azul oscuro,Azul oscuro,rgb,4,41,119,6,8,full,white,en,,1.1.5,
18260,es,Spanish (español),amarilloverdoso,amarillo verdoso,Amarillo verdoso,rgb,180,214,73,6,10,full,white,en,,1.1.5,
18260,es,Spanish (español),morado,morado,Morado,rgb,103,54,238,6,11,full,white,en,,1.1.5,
18523,es,Spanish (español),violeta,violeta,Violeta,rgb,101,40,63,1,0,full,white,en,,1.1.5,
18523,es,Spanish (español),verde,verde,Verde,rgb,24,159,49,1,1,full,white,en,,1.1.5,
18523,es,Spanish (español),marron,marrón,Marrón,rgb,121,99,74,1,2,full,white,en,,1.1.5,
18523,es,Spanish (español),beige,beige,Beige,rgb,213,195,155,1,3,full,white,en,,1.1.5,
18523,es,Spanish (español),purpura,púrpura,Púrpura,rgb,96,84,196,1,4,full,white,en,,1.1.5,
18523,es,Spanish (español),azul,azul,Azul,rgb,46,72,228,1,5,full,white,en,,1.1.5,
18523,es,Spanish (español),verds,verds,Verds,rgb,149,187,57,1,6,full,white,en,,1.1.5,
18523,es,Spanish (español),rosa,rosado,Rosado,rgb,235,209,219,1,7,full,white,en,,1.1.5,
18523,es,Spanish (español),purpura,púrpura,Púrpura,rgb,158,117,148,1,8,full,white,en,,1.1.5,
18523,es,Spanish (español),celeste,celeste,Celeste,rgb,38,204,240,1,9,full,white,en,,1.1.5,
18523,es,Spanish (español),azulplatino,azul platino,Azul platino,rgb,127,172,184,1,10,full,white,en,,1.1.5,
18523,es,Spanish (español),verse,verse,Verse,rgb,93,140,84,1,11,full,white,en,,1.1.5,
18523,es,Spanish (español),azuloscuro,azul oscuro,Azul oscuro,rgb,55,75,124,3,0,full,white,en,,1.1.5,
18523,es,Spanish (español),magenta,magenta,Magenta,rgb,162,38,122,3,1,full,white,en,,1.1.5,
18523,es,Spanish (español),verdeoliva,verde oliva,Verde Oliva,rgb,132,139,60,3,2,full,white,en,,1.1.5,
18523,es,Spanish (español),tojooscuro,tojo oscuro,Tojo oscuro,rgb,154,0,3,3,3,full,white,en,,1.1.5,
18523,es,Spanish (español),verde,verde,Verde,rgb,67,88,40,3,4,full,white,en,,1.1.5,
18523,es,Spanish (español),verde,verde,Verde,rgb,114,221,26,3,5,full,white,en,,1.1.5,
18523,es,Spanish (español),rojo,rojo,Rojo,rgb,219,93,102,3,6,full,white,en,,1.1.5,
18523,es,Spanish (español),rosa,rosado,Rosado,rgb,252,53,210,3,7,full,white,en,,1.1.5,
18523,es,Spanish (español),rojo,rojo,Rojo,rgb,249,65,59,3,8,full,white,en,,1.1.5,
18523,es,Spanish (español),verdepastel,verde pastel,Verde pastel,rgb,123,249,152,3,9,full,white,en,,1.1.5,
18523,es,Spanish (español),morado,morado,Morado,rgb,202,104,225,3,10,full,white,en,,1.1.5,
18523,es,Spanish (español),azul,azul,Azul,rgb,7,71,156,3,11,full,white,en,,1.1.5,
18523,es,Spanish (español),morado,morado,Morado,rgb,136,124,190,6,0,full,white,en,,1.1.5,
18523,es,Spanish (español),marron,marrón,Marrón,rgb,191,114,86,6,1,full,white,en,,1.1.5,
18523,es,Spanish (español),azul,azul,Azul,rgb,67,139,193,6,2,full,white,en,,1.1.5,
18523,es,Spanish (español),marron,marrón,Marrón,rgb,76,35,23,6,3,full,white,en,,1.1.5,
18523,es,Spanish (español),pan?,pan?,Pan?,rgb,209,150,89,6,4,full,white,en,,1.1.5,
18523,es,Spanish (español),moradopastel,morado pastel,Morado pastel,rgb,180,137,242,6,5,full,white,en,,1.1.5,
18523,es,Spanish (español),magenta,magenta,Magenta,rgb,249,45,144,6,6,full,white,en,,1.1.5,
18523,es,Spanish (español),cyan,cyan,Cyan,rgb,13,173,166,6,7,full,white,en,,1.1.5,
18523,es,Spanish (español),dorado,dorado,Dorado,rgb,207,189,21,6,8,full,white,en,,1.1.5,
18523,es,Spanish (español),verdd,verdd,Verdd,rgb,61,114,119,6,9,full,white,en,,1.1.5,
18523,es,Spanish (español),rojovino,rojo vino,Rojo vino,rgb,187,61,107,6,10,full,white,en,,1.1.5,
18523,es,Spanish (español),verde,verde,Verde,rgb,113,214,166,6,11,full,white,en,,1.1.5,
18732,es,Spanish (español),turquesa,turquesa,Turquesa,rgb,83,231,178,1,0,full,white,en,,1.1.5,
18732,es,Spanish (español),carmesi,carmesi,Carmesi,rgb,120,42,60,1,1,full,white,en,,1.1.5,
18732,es,Spanish (español),violetaoscuro,violeta oscuro,Violeta oscuro,rgb,50,0,34,1,2,full,white,en,,1.1.5,
18732,es,Spanish (español),verdeagua,verde agua,Verde agua,rgb,38,218,110,1,3,full,white,en,,1.1.5,
18732,es,Spanish (español),rosapalida,rosa palida,Rosa palida,rgb,223,100,202,1,4,full,white,en,,1.1.5,
18732,es,Spanish (español),verdevivaz,verde vivaz,Verde vivaz,rgb,38,183,107,1,5,full,white,en,,1.1.5,
18732,es,Spanish (español),gris,gris,Gris,rgb,137,143,128,1,6,full,white,en,,1.1.5,
18732,es,Spanish (español),verdeazulado,verde azulado,Verde azulado,rgb,33,113,81,1,7,full,white,en,,1.1.5,
18732,es,Spanish (español),verdesapo,verde sapo,Verde sapo,rgb,118,160,32,1,8,full,white,en,,1.1.5,
18732,es,Spanish (español),rosabarbie,rosado barbie,Rosado barbie,rgb,247,56,202,1,9,full,white,en,,1.1.5,
18732,es,Spanish (español),morado,morado,Morado,rgb,140,108,173,1,10,full,white,en,,1.1.5,
18732,es,Spanish (español),marron,marron,Marron,rgb,121,31,15,1,11,full,white,en,,1.1.5,
18732,es,Spanish (español),guinda,guinda,Guinda,rgb,116,53,172,3,0,full,white,en,,1.1.5,
18732,es,Spanish (español),morado,morado,Morado,rgb,65,1,108,3,1,full,white,en,,1.1.5,
18732,es,Spanish (español),verde,verde,Verde,rgb,102,159,88,3,2,full,white,en,,1.1.5,
18732,es,Spanish (español),naranja,naranja,Naranja,rgb,182,96,18,3,3,full,white,en,,1.1.5,
18732,es,Spanish (español),verde,verde,Verde,rgb,159,202,160,3,4,full,white,en,,1.1.5,
18732,es,Spanish (español),negro,negro,Negro,rgb,32,33,18,3,5,full,white,en,,1.1.5,
18732,es,Spanish (español),fucsia,fucsia,Fucsia,rgb,221,53,144,3,6,full,white,en,,1.1.5,
18732,es,Spanish (español),melon,melon,Melon,rgb,255,161,122,3,7,full,white,en,,1.1.5,
18732,es,Spanish (español),morado,morado,Morado,rgb,65,44,116,3,8,full,white,en,,1.1.5,
18732,es,Spanish (español),verde,verde,Verde,rgb,37,74,0,3,9,full,white,en,,1.1.5,
18732,es,Spanish (español),azul,azul,Azul,rgb,62,88,247,3,10,full,white,en,,1.1.5,
18732,es,Spanish (español),celeste,celeste,Celeste,rgb,150,195,232,3,11,full,white,en,,1.1.5,
18732,es,Spanish (español),azulverdoso,azul verdoso,Azul verdoso,rgb,22,97,147,6,0,full,white,en,,1.1.5,
18732,es,Spanish (español),mostaza,mostaza,Mostaza,rgb,171,151,11,6,1,full,white,en,,1.1.5,
18732,es,Spanish (español),verde,verde,Verde,rgb,185,210,95,6,2,full,white,en,,1.1.5,
18732,es,Spanish (español),rojo,rojo,Rojo,rgb,210,16,52,6,3,full,white,en,,1.1.5,
18732,es,Spanish (español),morado,morado,Morado,rgb,159,71,242,6,4,full,white,en,,1.1.5,
18732,es,Spanish (español),morado,morado,Morado,rgb,124,16,89,6,5,full,white,en,,1.1.5,
18732,es,Spanish (español),verde,verde,Verde,rgb,55,242,80,6,6,full,white,en,,1.1.5,
18732,es,Spanish (español),mostaza,mostaza,Mostaza,rgb,153,139,85,6,7,full,white,en,,1.1.5,
18732,es,Spanish (español),verde,verde,Verde,rgb,32,151,195,6,8,full,white,en,,1.1.5,
18732,es,Spanish (español),morado,morado,Morado,rgb,76,65,102,6,9,full,white,en,,1.1.5,
18732,es,Spanish (español),verde,verde,Verde,rgb,206,239,164,6,10,full,white,en,,1.1.5,
18732,es,Spanish (español),amarillo,amarillo,Amarillo,rgb,236,248,10,6,11,full,white,en,,1.1.5,
18817,es,Spanish (español),oliva,oliva,Oliva,rgb,169,175,97,1,0,full,white,en,,1.1.5,
18817,es,Spanish (español),menta,menta,Menta,rgb,72,215,162,1,1,full,white,en,,1.1.5,
18817,es,Spanish (español),turquesa,turquesa,Turquesa,rgb,38,31,214,1,2,full,white,en,,1.1.5,
18817,es,Spanish (español),menta,menta,Menta,rgb,152,215,156,1,4,full,white,en,,1.1.5,
18817,es,Spanish (español),cafe,cafe,Cafe,rgb,118,76,101,1,5,full,white,en,,1.1.5,
18817,es,Spanish (español),azulcielo,azul cielo,Azul cielo,rgb,61,143,244,1,6,full,white,en,,1.1.5,
18817,es,Spanish (español),fucsia,fucsia,Fucsia,rgb,212,70,139,1,7,full,white,en,,1.1.5,
18817,es,Spanish (español),lima,lima,Lima,rgb,209,250,11,1,8,full,white,en,,1.1.5,
18817,es,Spanish (español),piel,piel,Piel,rgb,245,196,130,1,9,full,white,en,,1.1.5,
18817,es,Spanish (español),azuloscuro,azul oscuro,Azul oscuro,rgb,33,67,128,1,10,full,white,en,,1.1.5,
18817,es,Spanish (español),rosa,rosado,Rosado,rgb,244,159,160,1,11,full,white,en,,1.1.5,
18817,es,Spanish (español),violeta,violeta,Violeta,rgb,128,40,185,3,0,full,white,en,,1.1.5,
18817,es,Spanish (español),morado,morado,Morado,rgb,112,125,188,3,1,full,white,en,,1.1.5,
18817,es,Spanish (español),cafe,cafe,Cafe,rgb,144,97,2,3,2,full,white,en,,1.1.5,
18817,es,Spanish (español),fucsia,fucsia,Fucsia,rgb,214,63,204,3,3,full,white,en,,1.1.5,
18817,es,Spanish (español),indigo,indigo,Indigo,rgb,2,32,130,3,4,full,white,en,,1.1.5,
18817,es,Spanish (español),turquesa,turquesa,Turquesa,rgb,57,205,216,3,5,full,white,en,,1.1.5,
18817,es,Spanish (español),caferojizo,cafe rojizo,Cafe rojizo,rgb,130,51,45,3,6,full,white,en,,1.1.5,
18817,es,Spanish (español),cereza,cereza,Cereza,rgb,216,64,54,3,7,full,white,en,,1.1.5,
18817,es,Spanish (español),lila,lila,Lila,rgb,159,128,157,3,8,full,white,en,,1.1.5,
18817,es,Spanish (español),verde,verde,Verde,rgb,19,194,53,3,9,full,white,en,,1.1.5,
18817,es,Spanish (español),menta,menta,Menta,rgb,142,177,160,3,10,full,white,en,,1.1.5,
18817,es,Spanish (español),azul,azul,Azul,rgb,76,153,199,3,11,full,white,en,,1.1.5,
18817,es,Spanish (español),lila,lila,Lila,rgb,192,127,238,6,0,full,white,en,,1.1.5,
18817,es,Spanish (español),lila,lila,Lila,rgb,187,144,217,6,1,full,white,en,,1.1.5,
18817,es,Spanish (español),verdelima,verde lima,Verde lima,rgb,148,227,85,6,2,full,white,en,,1.1.5,
18817,es,Spanish (español),rojo,rojo,Rojo,rgb,200,25,69,6,3,full,white,en,,1.1.5,
18817,es,Spanish (español),azulultramarino,azul ultramarino,Azul ultramarino,rgb,7,107,247,6,4,full,white,en,,1.1.5,
18817,es,Spanish (español),esmeralda,esmeralda,Esmeralda,rgb,47,126,99,6,5,full,white,en,,1.1.5,
18817,es,Spanish (español),naranja,naranja,Naranja,rgb,247,137,69,6,6,full,white,en,,1.1.5,
18817,es,Spanish (español),verde,verde,Verde,rgb,85,247,10,6,7,full,white,en,,1.1.5,
18817,es,Spanish (español),cafe,café,Café,rgb,180,127,75,6,8,full,white,en,,1.1.5,
18817,es,Spanish (español),lila,lila,Lila,rgb,216,192,239,6,9,full,white,en,,1.1.5,
18817,es,Spanish (español),verdelima,verde lima,Verde lima,rgb,211,230,96,6,10,full,white,en,,1.1.5,
18817,es,Spanish (español),oliva,oliva,Oliva,rgb,110,105,28,6,11,full,white,en,,1.1.5,
18824,es,Spanish (español),negro,negro,Negro,rgb,26,1,38,1,0,full,white,en,,1.1.5,
18824,es,Spanish (español),caoba,caoba,Caoba,rgb,110,22,34,1,1,full,white,en,,1.1.5,
18824,es,Spanish (español),rojo,rojo,Rojo,rgb,192,4,36,1,2,full,white,en,,1.1.5,
18824,es,Spanish (español),magenta,magenta,Magenta,rgb,201,7,174,1,3,full,white,en,,1.1.5,
18824,es,Spanish (español),marron,marrón,Marrón,rgb,108,61,67,1,4,full,white,en,,1.1.5,
18824,es,Spanish (español),rosa,rosa,Rosa,rgb,245,186,238,1,5,full,white,en,,1.1.5,
18824,es,Spanish (español),turquesa,turquesa,Turquesa,rgb,8,192,168,1,6,full,white,en,,1.1.5,
18824,es,Spanish (español),celesteoscuro,celeste oscuro,Celeste oscuro,rgb,49,83,125,1,7,full,white,en,,1.1.5,
18824,es,Spanish (español),lavanda,lavanda,Lavanda,rgb,161,152,230,1,8,full,white,en,,1.1.5,
18824,es,Spanish (español),celeste,celeste,Celeste,rgb,127,166,201,1,9,full,white,en,,1.1.5,
18824,es,Spanish (español),oliva,oliva,Oliva,rgb,127,141,103,1,10,full,white,en,,1.1.5,
18824,es,Spanish (español),amarillo,amarillo,Amarillo,rgb,242,242,0,1,11,full,white,en,,1.1.5,
18824,es,Spanish (español),azul,azul,Azul,rgb,100,83,152,3,0,full,white,en,,1.1.5,
18824,es,Spanish (español),dorado,dorado,Dorado,rgb,205,167,11,3,1,full,white,en,,1.1.5,
18824,es,Spanish (español),purpura,púrpura,Púrpura,rgb,108,4,97,3,2,full,white,en,,1.1.5,
18824,es,Spanish (español),rojooscuro,rojo oscuro,Rojo oscuro,rgb,116,45,7,3,3,full,white,en,,1.1.5,
18824,es,Spanish (español),anaranjado,anaranjado,Anaranjado,rgb,219,99,39,3,4,full,white,en,,1.1.5,
18824,es,Spanish (español),lima,lima,Lima,rgb,89,234,16,3,5,full,white,en,,1.1.5,
18824,es,Spanish (español),cafe,café,Café,rgb,109,85,15,3,6,full,white,en,,1.1.5,
18824,es,Spanish (español),cyan,cian,Cian,rgb,55,139,222,3,7,full,white,en,,1.1.5,
18824,es,Spanish (español),rosa,rosa,Rosa,rgb,231,97,167,3,8,full,white,en,,1.1.5,
18824,es,Spanish (español),turquesa,turquesa,Turquesa,rgb,76,233,140,3,9,full,white,en,,1.1.5,
18824,es,Spanish (español),salmon,salmón,Salmón,rgb,184,133,144,3,10,full,white,en,,1.1.5,
18824,es,Spanish (español),rosapastel,rosa pastel,Rosa pastel,rgb,239,149,233,3,11,full,white,en,,1.1.5,
18824,es,Spanish (español),negro,negro,Negro,rgb,25,25,31,6,0,full,white,en,,1.1.5,
18824,es,Spanish (español),anil,añil,Añil,rgb,101,91,215,6,1,full,white,en,,1.1.5,
18824,es,Spanish (español),magenta,magenta,Magenta,rgb,201,108,219,6,2,full,white,en,,1.1.5,
18824,es,Spanish (español),turquesa,turquesa,Turquesa,rgb,48,194,207,6,3,full,white,en,,1.1.5,
18824,es,Spanish (español),magentaoscuro,magenta oscuro,Magenta oscuro,rgb,135,57,99,6,4,full,white,en,,1.1.5,
18824,es,Spanish (español),verdeoscuro,verde oscuro,Verde oscuro,rgb,18,76,64,6,5,full,white,en,,1.1.5,
18824,es,Spanish (español),celeste,celeste,Celeste,rgb,46,124,238,6,6,full,white,en,,1.1.5,
18824,es,Spanish (español),azul,azul,Azul,rgb,68,49,249,6,7,full,white,en,,1.1.5,
18824,es,Spanish (español),lima,lima,Lima,rgb,171,247,23,6,8,full,white,en,,1.1.5,
18824,es,Spanish (español),carne,carne,Carne,rgb,240,197,124,6,9,full,white,en,,1.1.5,
18824,es,Spanish (español),anaranjado,anaranjado,Anaranjado,rgb,248,145,24,6,10,full,white,en,,1.1.5,
18824,es,Spanish (español),azuloscuro,azul oscuro,Azul oscuro,rgb,16,29,93,6,11,full,white,en,,1.1.5,
19200,es,Spanish (español),gris,gris,Gris,rgb,119,129,135,1,0,full,white,en,,1.1.5,
19200,es,Spanish (español),rosa,rosa,Rosa,rgb,245,133,170,1,1,full,white,en,,1.1.5,
19200,es,Spanish (español),azul,azul,Azul,rgb,17,76,242,1,2,full,white,en,,1.1.5,
19200,es,Spanish (español),verdeoliva,verde oliva,Verde Oliva,rgb,111,103,48,1,3,full,white,en,,1.1.5,
19200,es,Spanish (español),fucsia,fucsia,Fucsia,rgb,182,56,163,1,4,full,white,en,,1.1.5,
19200,es,Spanish (español),verde,verde,Verde,rgb,15,156,117,1,5,full,white,en,,1.1.5,
19200,es,Spanish (español),azulroyal,azul royal,Azul Royal,rgb,43,19,152,1,6,full,white,en,,1.1.5,
19200,es,Spanish (español),peil,peil,Peil,rgb,251,185,168,1,7,full,white,en,,1.1.5,
19200,es,Spanish (español),naranja,naranja,Naranja,rgb,218,70,20,1,8,full,white,en,,1.1.5,
19200,es,Spanish (español),azulcielo,azul cielo,Azul Cielo,rgb,72,92,153,1,9,full,white,en,,1.1.5,
19200,es,Spanish (español),verdeperico,verde perico,Verde Perico,rgb,79,187,33,1,10,full,white,en,,1.1.5,
19200,es,Spanish (español),verdeazulado,verde azulado,Verde Azulado,rgb,120,169,150,1,11,full,white,en,,1.1.5,
19200,es,Spanish (español),verdepepinillo,verde pepinillo,Verde Pepinillo,rgb,116,163,57,3,0,full,white,en,,1.1.5,
19200,es,Spanish (español),azulvaquero,azul vaquero,Azul Vaquero,rgb,12,55,71,3,1,full,white,en,,1.1.5,
19200,es,Spanish (español),amatista,amatista,Amatista,rgb,178,81,240,3,2,full,white,en,,1.1.5,
19200,es,Spanish (español),berenjena,berenjena,Berenjena,rgb,87,8,97,3,3,full,white,en,,1.1.5,
19200,es,Spanish (español),verdechartreuse,verde chartreuse,Verde Chartreuse,rgb,193,227,42,3,4,full,white,en,,1.1.5,
19200,es,Spanish (español),azuloceano,azul oceano,Azul Oceano,rgb,10,108,102,3,5,full,white,en,,1.1.5,
19200,es,Spanish (español),bigaro,bigaro,Bigaro,rgb,194,136,207,3,6,full,white,en,,1.1.5,
19200,es,Spanish (español),verdepino,verde pino,Verde Pino,rgb,34,93,43,3,7,full,white,en,,1.1.5,
19200,es,Spanish (español),azulbaya,azul baya,Azul Baya,rgb,27,29,87,3,8,full,white,en,,1.1.5,
19200,es,Spanish (español),barbierosa,barbie rosa,Barbie Rosa,rgb,224,19,159,3,9,full,white,en,,1.1.5,
19200,es,Spanish (español),sandshell,sandshell,Sandshell,rgb,193,175,143,3,10,full,white,en,,1.1.5,
19200,es,Spanish (español),rojorosa,rojo rosa,Rojo Rosa,rgb,255,32,90,3,11,full,white,en,,1.1.5,
19200,es,Spanish (español),azulclaro,azul claro,Azul Claro,rgb,84,187,229,6,0,full,white,en,,1.1.5,
19200,es,Spanish (español),gris,gris,Gris,rgb,190,208,200,6,1,full,white,en,,1.1.5,
19200,es,Spanish (español),verdementa,verde menta,Verde Menta,rgb,36,243,166,6,2,full,white,en,,1.1.5,
19200,es,Spanish (español),verdelima,verde lima,Verde Lima,rgb,162,233,95,6,3,full,white,en,,1.1.5,
19200,es,Spanish (español),ladrillorojo,ladrillo rojo,Ladrillo Rojo,rgb,202,67,56,6,4,full,white,en,,1.1.5,
19200,es,Spanish (español),borgona,borgona,Borgona,rgb,189,31,85,6,5,full,white,en,,1.1.5,
19200,es,Spanish (español),purpuramalva,purpura malva,Purpura Malva,rgb,123,109,145,6,6,full,white,en,,1.1.5,
19200,es,Spanish (español),violeta,violeta,Violeta,rgb,144,73,192,6,7,full,white,en,,1.1.5,
19200,es,Spanish (español),marronmani,marron mani,Marron Mani,rgb,163,123,54,6,8,full,white,en,,1.1.5,
19200,es,Spanish (español),marronrojizo,marron rojizo,Marron Rojizo,rgb,173,89,58,6,9,full,white,en,,1.1.5,
19200,es,Spanish (español),amarillo,amarillo,Amarillo,rgb,246,211,44,6,10,full,white,en,,1.1.5,
19200,es,Spanish (español),azulartico,azul artico,Azul Artico,rgb,61,252,253,6,11,full,white,en,,1.1.5,
19206,es,Spanish (español),azul,azul,azul,rgb,39,40,222,1,0,full,white,en,,1.1.5,
19206,es,Spanish (español),gris,gris,gris,rgb,179,188,156,1,1,full,white,en,,1.1.5,
19206,es,Spanish (español),verde,verde,verde,rgb,116,201,56,1,2,full,white,en,,1.1.5,
19206,es,Spanish (español),azul,azul,azul,rgb,19,138,177,1,3,full,white,en,,1.1.5,
19206,es,Spanish (español),gris,gris,Gris,rgb,189,171,174,1,4,full,white,en,,1.1.5,
19206,es,Spanish (español),verde,verde,verde,rgb,102,145,136,1,5,full,white,en,,1.1.5,
19206,es,Spanish (español),cafe,cafe,cafe,rgb,160,130,92,1,6,full,white,en,,1.1.5,
19206,es,Spanish (español),azul,azul,azul,rgb,49,59,194,1,7,full,white,en,,1.1.5,
19206,es,Spanish (español),verdepepinillo,verde pepinillo,Verde Pepinillo,rgb,121,136,68,1,8,full,white,en,,1.1.5,
19206,es,Spanish (español),verde,verde,verde,rgb,50,90,92,1,9,full,white,en,,1.1.5,
19206,es,Spanish (español),azul,azul,azul,rgb,17,67,155,1,10,full,white,en,,1.1.5,
19206,es,Spanish (español),verde,verde,verde,rgb,217,237,92,1,11,full,white,en,,1.1.5,
19206,es,Spanish (español),violeta,violeta,violeta,rgb,177,162,235,3,0,full,white,en,,1.1.5,
19206,es,Spanish (español),morado,morado,morado,rgb,198,91,215,3,1,full,white,en,,1.1.5,
19206,es,Spanish (español),negro,negro,negro,rgb,38,5,13,3,2,full,white,en,,1.1.5,
19206,es,Spanish (español),morado,morado,morado,rgb,164,56,218,3,3,full,white,en,,1.1.5,
19206,es,Spanish (español),celeste,celeste,celeste,rgb,21,133,212,3,4,full,white,en,,1.1.5,
19206,es,Spanish (español),rosa,rosado,rosado,rgb,223,42,141,3,5,full,white,en,,1.1.5,
19206,es,Spanish (español),amarillo,amarillo,amarillo,rgb,236,214,100,3,6,full,white,en,,1.1.5,
19206,es,Spanish (español),amarillo,amarillo,amarillo,rgb,243,212,43,3,7,full,white,en,,1.1.5,
19206,es,Spanish (español),turquesa,turquesa,turquesa,rgb,58,198,181,3,8,full,white,en,,1.1.5,
19206,es,Spanish (español),negro,negro,negro,rgb,19,2,37,3,9,full,white,en,,1.1.5,
19206,es,Spanish (español),rosa,rosa,rosa,rgb,173,31,82,3,10,full,white,en,,1.1.5,
19206,es,Spanish (español),morado,morado,morado,rgb,106,29,112,3,11,full,white,en,,1.1.5,
19206,es,Spanish (español),morado,morado,morado,rgb,92,32,149,6,0,full,white,en,,1.1.5,
19206,es,Spanish (español),verde,verde,verde,rgb,27,81,47,6,1,full,white,en,,1.1.5,
19206,es,Spanish (español),violeta,violeta,violeta,rgb,132,112,217,6,2,full,white,en,,1.1.5,
19206,es,Spanish (español),rosa,rosado,rosado,rgb,223,109,165,6,3,full,white,en,,1.1.5,
19206,es,Spanish (español),cafe,cafe,cafe,rgb,174,85,73,6,4,full,white,en,,1.1.5,
19206,es,Spanish (español),turquesa,turquesa,turquesa,rgb,161,252,224,6,5,full,white,en,,1.1.5,
19206,es,Spanish (español),morado,morado,morado,rgb,57,53,89,6,6,full,white,en,,1.1.5,
19206,es,Spanish (español),morado,morado,morado,rgb,138,78,113,6,7,full,white,en,,1.1.5,
19206,es,Spanish (español),verde,verde,verde,rgb,164,237,166,6,8,full,white,en,,1.1.5,
19206,es,Spanish (español),rojo,rojo,rojo,rgb,175,23,23,6,9,full,white,en,,1.1.5,
19206,es,Spanish (español),naranja,naranja,naranja,rgb,248,148,67,6,10,full,white,en,,1.1.5,
19206,es,Spanish (español),azul,azul,azul,rgb,196,246,252,6,11,full,white,en,,1.1.5,
19207,es,Spanish (español),rojo,rojo,rojo,rgb,255,0,87,1,0,line,white,en,,1.1.5,
19207,es,Spanish (español),azul,azul,azul,rgb,0,249,255,1,1,line,white,en,,1.1.5,
19207,es,Spanish (español),azul,azul,azul,rgb,0,18,255,1,2,line,white,en,,1.1.5,
19207,es,Spanish (español),verde,verde,verde,rgb,0,255,158,1,3,line,white,en,,1.1.5,
19207,es,Spanish (español),violeta,violeta,violeta,rgb,232,0,255,1,4,line,white,en,,1.1.5,
19207,es,Spanish (español),morado,morado,morado,rgb,105,0,255,1,5,line,white,en,,1.1.5,
19207,es,Spanish (español),rosa,rosado,rosado,rgb,255,0,216,1,6,line,white,en,,1.1.5,
19207,es,Spanish (español),azul,azul,azul,rgb,0,229,255,1,7,line,white,en,,1.1.5,
19207,es,Spanish (español),celeste,celeste,celeste,rgb,0,187,255,1,8,line,white,en,,1.1.5,
19207,es,Spanish (español),rojo,rojo,rojo,rgb,255,47,0,1,9,line,white,en,,1.1.5,
19207,es,Spanish (español),verde,verde,verde,rgb,57,255,0,1,10,line,white,en,,1.1.5,
19207,es,Spanish (español),naranjado,naranjado,naranjado,rgb,255,105,0,1,11,line,white,en,,1.1.5,
19207,es,Spanish (español),rojo,rojo,rojo,rgb,255,0,59,3,0,line,white,en,,1.1.5,
19207,es,Spanish (español),verde,verde,verde,rgb,0,255,230,3,1,line,white,en,,1.1.5,
19207,es,Spanish (español),verde,verde,verde,rgb,158,255,0,3,2,line,white,en,,1.1.5,
19207,es,Spanish (español),morado,morado,morado,rgb,188,0,255,3,3,line,white,en,,1.1.5,
19207,es,Spanish (español),azul,azul,azul,rgb,0,73,255,3,4,line,white,en,,1.1.5,
19207,es,Spanish (español),rosa,rosado,rosado,rgb,255,0,203,3,5,line,white,en,,1.1.5,
19207,es,Spanish (español),azulclaro,azul claro,azul claro,rgb,0,153,255,3,6,line,white,en,,1.1.5,
19207,es,Spanish (español),verdepepino,verde pepino,verde pepino,rgb,0,255,0,3,7,line,white,en,,1.1.5,
19207,es,Spanish (español),rosa,rosado,rosado,rgb,255,0,133,3,8,line,white,en,,1.1.5,
19207,es,Spanish (español),rosa,rosado,rosado,rgb,255,0,165,3,9,line,white,en,,1.1.5,
19207,es,Spanish (español),celeste,celeste,celeste,rgb,0,167,255,3,10,line,white,en,,1.1.5,
19207,es,Spanish (español),amarillo,amarillo,amarillo,rgb,220,255,0,3,11,line,white,en,,1.1.5,
19226,es,Spanish (español),rosa,rosado,rosado,rgb,255,0,199,1,0,line,white,en,,1.1.5,
19226,es,Spanish (español),azul,azul,azul,rgb,0,69,255,1,1,line,white,en,,1.1.5,
19226,es,Spanish (español),verdefosforescente,verde fosforescente,verde fosforescente,rgb,40,255,0,1,2,line,white,en,,1.1.5,
19226,es,Spanish (español),azul,azul,azul,rgb,0,28,255,1,3,line,white,en,,1.1.5,
19226,es,Spanish (español),amarillo,amarillo,amarillo,rgb,255,221,0,1,4,line,white,en,,1.1.5,
19226,es,Spanish (español),azul,azul,azul,rgb,0,104,255,1,5,line,white,en,,1.1.5,
19226,es,Spanish (español),naranja,naranja,naranja,rgb,255,191,0,1,6,line,white,en,,1.1.5,
19226,es,Spanish (español),rosa,rosado,rosado,rgb,255,0,115,1,7,line,white,en,,1.1.5,
19226,es,Spanish (español),morado,morado,morado,rgb,136,0,255,1,8,line,white,en,,1.1.5,
19226,es,Spanish (español),verde,verde,verde,rgb,0,255,141,1,9,line,white,en,,1.1.5,
19226,es,Spanish (español),rosa,rosado,rosado,rgb,255,0,218,1,10,line,white,en,,1.1.5,
19226,es,Spanish (español),azul,azul,azul,rgb,0,65,255,1,11,line,white,en,,1.1.5,
19226,es,Spanish (español),morado,morado,morado,rgb,255,0,252,3,0,line,white,en,,1.1.5,
19226,es,Spanish (español),turquesa,turquesa,turquesa,rgb,0,255,211,3,1,line,white,en,,1.1.5,
19226,es,Spanish (español),verde,verde,verde,rgb,0,255,78,3,2,line,white,en,,1.1.5,
19226,es,Spanish (español),verde,verde,verde,rgb,0,255,176,3,3,line,white,en,,1.1.5,
19226,es,Spanish (español),rosa,rosado,rosado,rgb,255,0,152,3,4,line,white,en,,1.1.5,
19226,es,Spanish (español),celeste,celeste,celeste,rgb,0,226,255,3,5,line,white,en,,1.1.5,
19226,es,Spanish (español),naranja,naranja,naranja,rgb,255,160,0,3,6,line,white,en,,1.1.5,
19226,es,Spanish (español),amarillo,amarillo,amarillo,rgb,255,255,0,3,7,line,white,en,,1.1.5,
19226,es,Spanish (español),verdelima,verde lima,verde lima,rgb,152,255,0,3,8,line,white,en,,1.1.5,
19226,es,Spanish (español),rojo,rojo,rojo,rgb,255,0,76,3,9,line,white,en,,1.1.5,
19226,es,Spanish (español),rosa,rosado,rosado,rgb,255,0,105,3,10,line,white,en,,1.1.5,
19226,es,Spanish (español),naranja,naranja,naranja,rgb,255,136,0,3,11,line,white,en,,1.1.5,
19226,es,Spanish (español),celeste,celeste,celeste,rgb,0,242,255,6,0,line,white,en,,1.1.5,
19226,es,Spanish (español),rojo,rojo,rojo,rgb,255,0,33,6,1,line,white,en,,1.1.5,
19226,es,Spanish (español),turquesa,turquesa,turquesa,rgb,0,255,235,6,2,line,white,en,,1.1.5,
19226,es,Spanish (español),azulmarino,azul marino,azul marino,rgb,0,127,255,6,3,line,white,en,,1.1.5,
19226,es,Spanish (español),azul,azul,azul,rgb,0,153,255,6,4,line,white,en,,1.1.5,
19226,es,Spanish (español),azul,azul,azul,rgb,0,174,255,6,5,line,white,en,,1.1.5,
19226,es,Spanish (español),verdelima,verde lima,verde lima,rgb,218,255,0,6,6,line,white,en,,1.1.5,
19226,es,Spanish (español),morado,morado,morado,rgb,200,0,255,6,7,line,white,en,,1.1.5,
19226,es,Spanish (español),rojo,rojo,rojo,rgb,255,58,0,6,8,line,white,en,,1.1.5,
19226,es,Spanish (español),celeste,celeste,celeste,rgb,0,195,255,6,9,line,white,en,,1.1.5,
19226,es,Spanish (español),naranja,naranja,naranja,rgb,255,103,0,6,10,line,white,en,,1.1.5,
19226,es,Spanish (español),verde,verde,verde,rgb,73,255,0,6,11,line,white,en,,1.1.5,
19242,es,Spanish (español),azul,azul,azul,rgb,56,72,183,1,1,full,white,en,,1.1.5,
19242,es,Spanish (español),marron,marron,marron,rgb,174,111,44,1,2,full,white,en,,1.1.5,
19242,es,Spanish (español),morado,morado,morado,rgb,124,64,114,1,3,full,white,en,,1.1.5,
19242,es,Spanish (español),verdeoscuro,verde oscuro,verde oscuro,rgb,61,114,94,1,5,full,white,en,,1.1.5,
19242,es,Spanish (español),verdeclaro,verde claro,verde claro,rgb,113,151,76,1,6,full,white,en,,1.1.5,
19242,es,Spanish (español),verse,verse,verse,rgb,12,118,33,1,7,full,white,en,,1.1.5,
19242,es,Spanish (español),celeste,celeste,celeste,rgb,41,127,218,1,8,full,white,en,,1.1.5,
19242,es,Spanish (español),rosa,rosado,rosado,rgb,220,104,157,1,9,full,white,en,,1.1.5,
19242,es,Spanish (español),verde,verde,verde,rgb,113,203,115,3,0,full,white,en,,1.1.5,
19242,es,Spanish (español),verdeclaro,verde claro,verde claro,rgb,35,227,130,3,1,full,white,en,,1.1.5,
19242,es,Spanish (español),negro,negro,negro,rgb,45,56,21,3,2,full,white,en,,1.1.5,
19242,es,Spanish (español),morado,morado,morado,rgb,80,3,88,3,3,full,white,en,,1.1.5,
19242,es,Spanish (español),morado,morado,morado,rgb,120,70,153,3,4,full,white,en,,1.1.5,
19242,es,Spanish (español),gris,gris,gris,rgb,171,195,172,3,5,full,white,en,,1.1.5,
19242,es,Spanish (español),vino,vino,vino,rgb,108,32,50,3,6,full,white,en,,1.1.5,
19242,es,Spanish (español),salmon,salmon,salmon,rgb,197,142,112,3,7,full,white,en,,1.1.5,
19242,es,Spanish (español),rosa,rosado,rosado,rgb,253,58,224,3,8,full,white,en,,1.1.5,
19242,es,Spanish (español),piel,piel,piel,rgb,223,202,149,3,9,full,white,en,,1.1.5,
19242,es,Spanish (español),azul,azul,azul,rgb,31,14,169,3,10,full,white,en,,1.1.5,
19242,es,Spanish (español),rosa,rosado,rosado,rgb,199,75,172,3,11,full,white,en,,1.1.5,
19242,es,Spanish (español),verdeencendido,verde encendido,verde encendido,rgb,57,251,37,6,0,full,white,en,,1.1.5,
19242,es,Spanish (español),rosa,rosado,rosado,rgb,235,17,157,6,1,full,white,en,,1.1.5,
19242,es,Spanish (español),negro,negro,negro,rgb,46,21,24,6,2,full,white,en,,1.1.5,
19242,es,Spanish (español),lila,lila,Lila,rgb,184,171,221,6,3,full,white,en,,1.1.5,
19242,es,Spanish (español),amarillo,amarillo,amarillo,rgb,225,219,13,6,4,full,white,en,,1.1.5,
19242,es,Spanish (español),sapote,sapote,sapote,rgb,220,115,48,6,5,full,white,en,,1.1.5,
19242,es,Spanish (español),verdeamarillo,verde amarillo,verde amarillo,rgb,185,235,9,6,7,full,white,en,,1.1.5,
19242,es,Spanish (español),morado,morado,morado,rgb,192,57,220,6,9,full,white,en,,1.1.5,
19242,es,Spanish (español),marron,marron,marron,rgb,120,73,66,6,10,full,white,en,,1.1.5,
19242,es,Spanish (español),salmon,salmon,salmon,rgb,246,148,137,6,11,full,white,en,,1.1.5,
19251,es,Spanish (español),verde,verde,Verde,rgb,133,193,100,1,0,full,white,en,,1.1.5,
19251,es,Spanish (español),morado,morado,Morado,rgb,192,23,186,1,1,full,white,en,,1.1.5,
19251,es,Spanish (español),rosa,rosado,Rosado,rgb,191,126,163,1,2,full,white,en,,1.1.5,
19251,es,Spanish (español),violeta,violeta,Violeta,rgb,81,53,90,1,3,full,white,en,,1.1.5,
19251,es,Spanish (español),blanco,blanco,Blanco,rgb,251,249,253,1,4,full,white,en,,1.1.5,
19251,es,Spanish (español),cafe,cafe,Cafe,rgb,120,64,46,1,5,full,white,en,,1.1.5,
19251,es,Spanish (español),caramelo,caramelo,Caramelo,rgb,147,126,59,1,6,full,white,en,,1.1.5,
19251,es,Spanish (español),amarillo,amarillo,Amarillo,rgb,252,244,36,1,7,full,white,en,,1.1.5,
19251,es,Spanish (español),azuloscuro,azul oscuro,Azul Oscuro,rgb,28,7,69,1,8,full,white,en,,1.1.5,
19251,es,Spanish (español),azul,azul,Azul,rgb,46,68,239,1,9,full,white,en,,1.1.5,
19251,es,Spanish (español),celeste,celeste,Celeste,rgb,54,133,248,1,10,full,white,en,,1.1.5,
19251,es,Spanish (español),verdeoscuro,verde oscuro,Verde Oscuro,rgb,39,109,57,1,11,full,white,en,,1.1.5,
19251,es,Spanish (español),verdeazul,verde azul,verde azul,rgb,46,181,161,3,0,full,white,en,,1.1.5,
19251,es,Spanish (español),azulcielo,azul cielo,azul cielo,rgb,140,203,206,3,1,full,white,en,,1.1.5,
19251,es,Spanish (español),verdelima,verde lima,verde lima,rgb,121,213,3,3,2,full,white,en,,1.1.5,
19251,es,Spanish (español),hiebraverde,hiebra verde,hiebra verde,rgb,108,172,10,3,3,full,white,en,,1.1.5,
19251,es,Spanish (español),verdeazulado,verde azulado,verde azulado,rgb,11,252,181,3,4,full,white,en,,1.1.5,
19251,es,Spanish (español),marronclaro,marron claro,marron claro,rgb,182,153,125,3,5,full,white,en,,1.1.5,
19251,es,Spanish (español),rojo,rojo,rojo,rgb,217,49,69,3,6,full,white,en,,1.1.5,
19251,es,Spanish (español),rosaclaro,rosado claro,rosado claro,rgb,249,94,171,3,7,full,white,en,,1.1.5,
19251,es,Spanish (español),gris,gris,gris,rgb,106,115,129,3,8,full,white,en,,1.1.5,
19251,es,Spanish (español),azuloscura,azul oscura,azul oscura,rgb,27,80,186,3,9,full,white,en,,1.1.5,
19251,es,Spanish (español),azulclaro,azul claro,azul claro,rgb,115,162,211,3,10,full,white,en,,1.1.5,
19251,es,Spanish (español),rosaclaro,rosado claro,rosado claro,rgb,235,175,179,3,11,full,white,en,,1.1.5,
19251,es,Spanish (español),cafe,cafe,cafe,rgb,120,108,85,6,0,full,white,en,,1.1.5,
19251,es,Spanish (español),rosa,rosado,rosado,rgb,252,149,232,6,1,full,white,en,,1.1.5,
19251,es,Spanish (español),verde,verde,verde,rgb,52,67,69,6,2,full,white,en,,1.1.5,
19251,es,Spanish (español),amarillo,amarillo,amarillo,rgb,249,244,160,6,3,full,white,en,,1.1.5,
19251,es,Spanish (español),anaranjado,anaranjado,anaranjado,rgb,190,111,11,6,4,full,white,en,,1.1.5,
19251,es,Spanish (español),morado,morado,morado,rgb,107,24,190,6,5,full,white,en,,1.1.5,
19251,es,Spanish (español),moradoclaro,morado claro,morado claro,rgb,177,148,242,6,6,full,white,en,,1.1.5,
19251,es,Spanish (español),anaranjadofuerte,anaranjado fuerte,anaranjado fuerte,rgb,245,64,20,6,7,full,white,en,,1.1.5,
19251,es,Spanish (español),verde,verde,verde,rgb,46,187,85,6,8,full,white,en,,1.1.5,
19251,es,Spanish (español),anaranjado,anaranjado,anaranjado,rgb,236,109,49,6,9,full,white,en,,1.1.5,
19251,es,Spanish (español),azul,azul,azul,rgb,42,78,135,6,10,full,white,en,,1.1.5,
19251,es,Spanish (español),verdeazul,verde azul,verde azul,rgb,43,153,168,6,11,full,white,en,,1.1.5,
19514,es,Spanish (español),fucsia,fucsia,fucsia,rgb,232,58,173,1,0,full,white,en,,1.1.5,
19514,es,Spanish (español),azul,azul,azul,rgb,68,16,173,1,1,full,white,en,,1.1.5,
19514,es,Spanish (español),azulclaro,azul claro,azul claro,rgb,28,111,174,1,2,full,white,en,,1.1.5,
19514,es,Spanish (español),celeste,celeste,celeste,rgb,77,204,181,1,3,full,white,en,,1.1.5,
19514,es,Spanish (español),verdelimon,verde limon,verde limon,rgb,172,179,48,1,4,full,white,en,,1.1.5,
19514,es,Spanish (español),cyan,cian,cian,rgb,23,159,116,1,5,full,white,en,,1.1.5,
19514,es,Spanish (español),rosa,rosa,rosa,rgb,224,102,93,1,6,full,white,en,,1.1.5,
19514,es,Spanish (español),verde,verde,verde,rgb,104,186,97,1,7,full,white,en,,1.1.5,
19514,es,Spanish (español),marron,marron,marron,rgb,71,62,8,1,8,full,white,en,,1.1.5,
19514,es,Spanish (español),purpura,purpura,purpura,rgb,145,26,253,1,9,full,white,en,,1.1.5,
19514,es,Spanish (español),violeta,violeta,violeta,rgb,213,167,177,1,10,full,white,en,,1.1.5,
19514,es,Spanish (español),rosa,rosa,rosa,rgb,234,55,119,1,11,full,white,en,,1.1.5,
19514,es,Spanish (español),azul,azul,azul,rgb,56,54,140,3,0,full,white,en,,1.1.5,
19514,es,Spanish (español),amarillo,amarillo,amarillo,rgb,254,215,17,3,1,full,white,en,,1.1.5,
19514,es,Spanish (español),violeta,violeta,violeta,rgb,136,140,245,3,2,full,white,en,,1.1.5,
19514,es,Spanish (español),grisclaro,gris claro,gris claro,rgb,121,139,89,3,3,full,white,en,,1.1.5,
19514,es,Spanish (español),grisoscuro,gris oscuro,gris oscuro,rgb,51,90,73,3,4,full,white,en,,1.1.5,
19514,es,Spanish (español),purpura,purpura,purpura,rgb,117,19,145,3,5,full,white,en,,1.1.5,
19514,es,Spanish (español),celeste,celeste,celeste,rgb,39,160,176,3,6,full,white,en,,1.1.5,
19514,es,Spanish (español),verdeclaro,verde claro,verde claro,rgb,122,249,69,3,7,full,white,en,,1.1.5,
19514,es,Spanish (español),verdelimon,verde limon,verde limon,rgb,119,174,15,3,8,full,white,en,,1.1.5,
19514,es,Spanish (español),verde,verde,verde,rgb,107,137,19,3,9,full,white,en,,1.1.5,
19514,es,Spanish (español),rosa,rosa,rosa,rgb,227,128,216,3,10,full,white,en,,1.1.5,
19514,es,Spanish (español),morado,morado,morado,rgb,108,57,66,3,11,full,white,en,,1.1.5,
19514,es,Spanish (español),azul,azul,azul,rgb,23,87,111,6,0,full,white,en,,1.1.5,
19514,es,Spanish (español),moztaza,moztaza,moztaza,rgb,177,108,13,6,1,full,white,en,,1.1.5,
19514,es,Spanish (español),azuloscuro,azul oscuro,azul oscuro,rgb,10,22,61,6,2,full,white,en,,1.1.5,
19514,es,Spanish (español),verde,verde,verde,rgb,10,168,30,6,3,full,white,en,,1.1.5,
19514,es,Spanish (español),marron,marron,marron,rgb,137,104,39,6,4,full,white,en,,1.1.5,
19514,es,Spanish (español),celeste,celeste,celeste,rgb,185,245,198,6,5,full,white,en,,1.1.5,
19514,es,Spanish (español),violeta,violeta,violeta,rgb,182,116,156,6,6,full,white,en,,1.1.5,
19514,es,Spanish (español),verdeclaro,verde claro,verde claro,rgb,181,237,118,6,7,full,white,en,,1.1.5,
19514,es,Spanish (español),rosa,rosa,rosa,rgb,225,102,148,6,8,full,white,en,,1.1.5,
19514,es,Spanish (español),azul,azul,azul,rgb,31,2,222,6,9,full,white,en,,1.1.5,
19514,es,Spanish (español),fucsia,fucsia,fucsia,rgb,220,33,207,6,10,full,white,en,,1.1.5,
19514,es,Spanish (español),naranja,naranja,naranja,rgb,212,76,7,6,11,full,white,en,,1.1.5,
19518,es,Spanish (español),verde,verde,verde,rgb,27,214,60,1,0,full,white,en,,1.1.5,
19518,es,Spanish (español),violeta,violeta,violeta,rgb,156,0,221,1,1,full,white,en,,1.1.5,
19518,es,Spanish (español),lila,lila,lila,rgb,182,125,252,1,2,full,white,en,,1.1.5,
19518,es,Spanish (español),azulmarino,azul marino,azul marino,rgb,26,27,102,1,3,full,white,en,,1.1.5,
19518,es,Spanish (español),azul,azul,azul,rgb,20,68,127,1,4,full,white,en,,1.1.5,
19518,es,Spanish (español),turquesa,turquesa,turquesa,rgb,72,239,191,1,5,full,white,en,,1.1.5,
19518,es,Spanish (español),verdeclaro,verde claro,verde claro,rgb,92,219,106,1,6,full,white,en,,1.1.5,
19518,es,Spanish (español),celeste,celeste,celeste,rgb,90,134,205,1,7,full,white,en,,1.1.5,
19518,es,Spanish (español),marronoscuro,marrón oscuro,marrón oscuro,rgb,31,24,3,1,8,full,white,en,,1.1.5,
19518,es,Spanish (español),amarillo,amarillo,amarillo,rgb,225,248,49,1,9,full,white,en,,1.1.5,
19518,es,Spanish (español),rosaviejo,rosa viejo,rosa viejo,rgb,251,176,171,1,10,full,white,en,,1.1.5,
19518,es,Spanish (español),rosa,rosado,rosado,rgb,214,114,118,1,11,full,white,en,,1.1.5,
19722,es,Spanish (español),lilaoscuro,lila oscuro,Lila oscuro,rgb,173,128,151,1,0,full,white,en,,1.1.5,
19722,es,Spanish (español),fucsia,fucsia,Fucsia,rgb,237,67,95,1,1,full,white,en,,1.1.5,
19722,es,Spanish (español),mostaza,mostaza,Mostaza,rgb,234,216,88,1,2,full,white,en,,1.1.5,
19722,es,Spanish (español),verdeaguaclaro,verde agua claro,Verde agua claro,rgb,198,235,150,1,3,full,white,en,,1.1.5,
19722,es,Spanish (español),verdepasto,verde pasto,Verde pasto,rgb,150,175,51,1,4,full,white,en,,1.1.5,
19722,es,Spanish (español),lavanda,lavanda,Lavanda,rgb,219,187,237,1,5,full,white,en,,1.1.5,
19722,es,Spanish (español),terracota,terracota,Terracota,rgb,202,129,93,1,6,full,white,en,,1.1.5,
19722,es,Spanish (español),turquesa,turquesa,Turquesa,rgb,41,157,154,1,7,full,white,en,,1.1.5,
19722,es,Spanish (español),azulviolaceo,azul violaceo,Azul violaceo,rgb,85,85,185,1,8,full,white,en,,1.1.5,
19722,es,Spanish (español),rosachicle,rosa chicle,Rosa chicle,rgb,235,144,171,1,9,full,white,en,,1.1.5,
19722,es,Spanish (español),celeste,celeste,Celeste,rgb,155,207,218,1,10,full,white,en,,1.1.5,
19722,es,Spanish (español),naranja,naranja,Naranja,rgb,227,131,39,1,11,full,white,en,,1.1.5,
19722,es,Spanish (español),purpura,púrpura,Púrpura,rgb,161,38,108,3,0,full,white,en,,1.1.5,
19722,es,Spanish (español),verdefluor,verde flúor,Verde flúor,rgb,21,249,78,3,1,full,white,en,,1.1.5,
19722,es,Spanish (español),rosaclaro,rosa claro,Rosa claro,rgb,244,230,235,3,2,full,white,en,,1.1.5,
19722,es,Spanish (español),verdelima,verde lima,Verde lima,rgb,87,181,8,3,3,full,white,en,,1.1.5,
19722,es,Spanish (español),coral,coral,Coral,rgb,251,205,161,3,4,full,white,en,,1.1.5,
19722,es,Spanish (español),lavanda,lavanda,Lavanda,rgb,139,42,250,3,5,full,white,en,,1.1.5,
19722,es,Spanish (español),verdeoscuro,verde oscuro,Verde oscuro,rgb,74,133,1,3,6,full,white,en,,1.1.5,
19722,es,Spanish (español),violeta,violeta,Violeta,rgb,102,42,73,3,7,full,white,en,,1.1.5,
19722,es,Spanish (español),azulviolaceo,azul violáceo,Azul violáceo,rgb,101,81,232,3,8,full,white,en,,1.1.5,
19722,es,Spanish (español),celeste,celeste,Celeste,rgb,132,225,196,3,9,full,white,en,,1.1.5,
19722,es,Spanish (español),grisazulado,gris azulado,Gris azulado,rgb,100,133,119,3,10,full,white,en,,1.1.5,
19722,es,Spanish (español),azulelectrico,azul eléctrico,Azul eléctrico,rgb,14,48,102,3,11,full,white,en,,1.1.5,
19722,es,Spanish (español),celeste,celeste,Celeste,rgb,113,147,207,6,0,full,white,en,,1.1.5,
19722,es,Spanish (español),celeste,celeste,Celeste,rgb,1,225,187,6,1,full,white,en,,1.1.5,
19722,es,Spanish (español),lima,lima,Lima,rgb,152,217,1,6,2,full,white,en,,1.1.5,
19722,es,Spanish (español),verdeagua,verde agua,Verde agua,rgb,66,240,155,6,3,full,white,en,,1.1.5,
19722,es,Spanish (español),rosachicle,rosa chicle,Rosa chicle,rgb,241,75,221,6,4,full,white,en,,1.1.5,
19722,es,Spanish (español),azul,azul,Azul,rgb,34,121,161,6,5,full,white,en,,1.1.5,
19722,es,Spanish (español),verdeaguaoscuro,verde agua oscuro,Verde agua oscuro,rgb,56,165,115,6,6,full,white,en,,1.1.5,
19722,es,Spanish (español),verdeaguaoscuro,verde agua oscuro,Verde agua oscuro,rgb,14,202,88,6,7,full,white,en,,1.1.5,
19722,es,Spanish (español),violeta,violeta,Violeta,rgb,94,23,156,6,8,full,white,en,,1.1.5,
19722,es,Spanish (español),verdeoscuro,verde oscuro,Verde oscuro,rgb,6,97,41,6,9,full,white,en,,1.1.5,
19722,es,Spanish (español),grisverdoso,gris verdoso,Gris verdoso,rgb,107,141,74,6,10,full,white,en,,1.1.5,
19722,es,Spanish (español),marron,marrón,Marrón,rgb,126,114,35,6,11,full,white,en,,1.1.5,
19743,es,Spanish (español),rosamate,rosa mate,Rosa mate,rgb,254,147,136,1,0,full,white,en,,1.1.5,
19743,es,Spanish (español),violeta,violeta,violeta,rgb,210,1,178,1,1,full,white,en,,1.1.5,
19743,es,Spanish (español),azulfrancia,azul francia,azul francia,rgb,73,40,111,1,2,full,white,en,,1.1.5,
19743,es,Spanish (español),verdemanzana,verde manzana,verde manzana,rgb,109,226,73,1,3,full,white,en,,1.1.5,
19743,es,Spanish (español),celeste,celeste,celeste,rgb,28,176,194,1,4,full,white,en,,1.1.5,
19743,es,Spanish (español),rosaoscuro,rosado oscuro,rosado oscuro,rgb,237,77,126,1,5,full,white,en,,1.1.5,
19743,es,Spanish (español),lilaoscuro,lila oscuro,Lila oscuro,rgb,162,5,194,1,6,full,white,en,,1.1.5,
19743,es,Spanish (español),terracota,terracota,terracota,rgb,229,132,75,1,7,full,white,en,,1.1.5,
19743,es,Spanish (español),lilamarronoso,lila marronoso,lila marronoso,rgb,187,105,95,1,8,full,white,en,,1.1.5,
19743,es,Spanish (español),verdeclaroamariilento,verde claro amariilento,verde claro amariilento,rgb,163,222,29,1,9,full,white,en,,1.1.5,
19743,es,Spanish (español),verdemuyoscuro,verde muy oscuro,verde muy oscuro,rgb,17,45,20,1,10,full,white,en,,1.1.5,
19743,es,Spanish (español),turquesa,turquesa,turquesa,rgb,10,246,229,1,11,full,white,en,,1.1.5,
19743,es,Spanish (español),verdeclorofila,verde clorofila,verde clorofila,rgb,106,173,9,3,0,full,white,en,,1.1.5,
19743,es,Spanish (español),azulocurocontonosverdes,azul ocuro con tonos verdes,Azul ocuro con tonos verdes,rgb,18,137,117,3,1,full,white,en,,1.1.5,
19743,es,Spanish (español),turquesacontonosverdes,turquesa con tonos verdes,turquesa con tonos verdes,rgb,157,244,189,3,2,full,white,en,,1.1.5,
19743,es,Spanish (español),verdeaguaoscuro,verde agua oscuro,verde agua oscuro,rgb,26,191,137,3,3,full,white,en,,1.1.5,
19743,es,Spanish (español),azulfranciabrillante,azul francia brillante,azul francia brillante,rgb,55,31,167,3,4,full,white,en,,1.1.5,
19743,es,Spanish (español),naranjaoscuro,naranja oscuro,naranja oscuro,rgb,210,78,3,3,5,full,white,en,,1.1.5,
19743,es,Spanish (español),ocreclaro,ocre claro,ocre claro,rgb,191,179,63,3,6,full,white,en,,1.1.5,
19743,es,Spanish (español),celestebrillante,celeste brillante,celeste brillante,rgb,72,84,249,3,7,full,white,en,,1.1.5,
19743,es,Spanish (español),"marronclaro,arcilla","marron claro, arcilla","marron claro, arcilla",rgb,192,138,6,3,8,full,white,en,,1.1.5,
19743,es,Spanish (español),grisclaro,gris claro,gris claro,rgb,174,168,140,3,9,full,white,en,,1.1.5,
19743,es,Spanish (español),rojobrillante,rojo brillante,rojo brillante,rgb,251,22,18,3,10,full,white,en,,1.1.5,
19743,es,Spanish (español),azuldenim,azul denim,azul denim,rgb,50,78,89,3,11,full,white,en,,1.1.5,
19743,es,Spanish (español),azul,azul,azul,rgb,12,23,223,6,0,full,white,en,,1.1.5,
19743,es,Spanish (español),verdeoscuro,verde oscuro,verde oscuro,rgb,6,118,54,6,1,full,white,en,,1.1.5,
19743,es,Spanish (español),rosaoscuro,rosado oscuro,rosado oscuro,rgb,245,23,68,6,2,full,white,en,,1.1.5,
19743,es,Spanish (español),verdeamarillento,verde amarillento,verde amarillento,rgb,209,218,30,6,3,full,white,en,,1.1.5,
19743,es,Spanish (español),grisoscuro,gris oscuro,gris oscuro,rgb,123,105,94,6,4,full,white,en,,1.1.5,
19743,es,Spanish (español),violetaorchidia,violeta orchidia,violeta orchidia,rgb,154,51,148,6,5,full,white,en,,1.1.5,
19743,es,Spanish (español),lilaazulado,lila azulado,lila azulado,rgb,158,114,244,6,6,full,white,en,,1.1.5,
19743,es,Spanish (español),"rosamate,claro","rosado mate, claro","rosado mate, claro",rgb,240,211,154,6,7,full,white,en,,1.1.5,
19743,es,Spanish (español),rojosangre,rojo sangre,rojo sangre,rgb,153,18,40,6,8,full,white,en,,1.1.5,
19743,es,Spanish (español),fucsia,fucsia,fucsia,rgb,248,32,145,6,9,full,white,en,,1.1.5,
19743,es,Spanish (español),azulmarino,azul marino,azul marino,rgb,24,47,91,6,10,full,white,en,,1.1.5,
19743,es,Spanish (español),"celestemate,claro","celeste mate, claro","celeste mate, claro",rgb,151,193,180,6,11,full,white,en,,1.1.5,
20214,es,Spanish (español),vino,vino,Vino,rgb,82,32,32,1,0,full,white,en,,1.1.5,
20214,es,Spanish (español),verdemexicano,verde mexicano,Verde mexicano,rgb,113,219,2,1,1,full,white,en,,1.1.5,
20214,es,Spanish (español),verde,verde,Verde,rgb,35,218,100,1,2,full,white,en,,1.1.5,
20214,es,Spanish (español),turquesa,turquesa,Turquesa,rgb,116,228,211,1,3,full,white,en,,1.1.5,
20214,es,Spanish (español),morado,morado,Morado,rgb,164,70,136,1,4,full,white,en,,1.1.5,
20214,es,Spanish (español),azul,azul,Azul,rgb,150,143,244,1,5,full,white,en,,1.1.5,
20214,es,Spanish (español),azulfuerte,azul fuerte,Azul fuerte,rgb,64,88,191,1,6,full,white,en,,1.1.5,
20214,es,Spanish (español),moradobajo,morado bajo,Morado bajo,rgb,207,205,250,1,7,full,white,en,,1.1.5,
20214,es,Spanish (español),azul,azul,Azul,rgb,43,135,199,1,8,full,white,en,,1.1.5,
20214,es,Spanish (español),moradofuerte,morado fuerte,Morado fuerte,rgb,124,56,160,1,9,full,white,en,,1.1.5,
20214,es,Spanish (español),morado,morado,Morado,rgb,152,151,202,1,10,full,white,en,,1.1.5,
20214,es,Spanish (español),azul,azul,Azul,rgb,48,122,153,1,11,full,white,en,,1.1.5,
20214,es,Spanish (español),azul,azul,Azul,rgb,8,170,163,3,0,full,white,en,,1.1.5,
20214,es,Spanish (español),naranja,naranja,Naranja,rgb,249,156,40,3,1,full,white,en,,1.1.5,
20214,es,Spanish (español),cafe,cafe,Cafe,rgb,211,188,118,3,2,full,white,en,,1.1.5,
20214,es,Spanish (español),azul,azul,Azul,rgb,111,199,252,3,3,full,white,en,,1.1.5,
20214,es,Spanish (español),rosamexicano,rosa mexicano,Rosa mexicano,rgb,238,13,193,3,4,full,white,en,,1.1.5,
20214,es,Spanish (español),verdefuerte,verde fuerte,Verde fuerte,rgb,67,118,74,3,5,full,white,en,,1.1.5,
20214,es,Spanish (español),vino,vino,Vino,rgb,136,35,70,3,6,full,white,en,,1.1.5,
20214,es,Spanish (español),gris,gris,Gris,rgb,118,126,98,3,7,full,white,en,,1.1.5,
20214,es,Spanish (español),rojo,rojo,Rojo,rgb,177,34,18,3,8,full,white,en,,1.1.5,
20214,es,Spanish (español),verde,verde,Verde,rgb,51,66,14,3,9,full,white,en,,1.1.5,
20214,es,Spanish (español),morado,morado,Morado,rgb,116,92,140,3,10,full,white,en,,1.1.5,
20214,es,Spanish (español),verde,verde,Verde,rgb,166,195,59,3,11,full,white,en,,1.1.5,
20214,es,Spanish (español),naranja,naranja,Naranja,rgb,254,99,29,6,0,full,white,en,,1.1.5,
20214,es,Spanish (español),verde,verde,Verde,rgb,149,191,104,6,1,full,white,en,,1.1.5,
20214,es,Spanish (español),cafe,cafe,Cafe,rgb,187,87,32,6,2,full,white,en,,1.1.5,
20214,es,Spanish (español),azul,azul,Azul,rgb,49,41,93,6,3,full,white,en,,1.1.5,
20214,es,Spanish (español),piel,piel,Piel,rgb,250,246,182,6,4,full,white,en,,1.1.5,
20214,es,Spanish (español),morado,morado,Morado,rgb,154,123,144,6,5,full,white,en,,1.1.5,
20214,es,Spanish (español),rosa,rosa,Rosa,rgb,226,147,148,6,6,full,white,en,,1.1.5,
20214,es,Spanish (español),verde,verde,Verde,rgb,108,100,16,6,7,full,white,en,,1.1.5,
20214,es,Spanish (español),cafe,cafe,Cafe,rgb,209,176,156,6,8,full,white,en,,1.1.5,
20214,es,Spanish (español),cafe,cafe,Cafe,rgb,213,123,94,6,10,full,white,en,,1.1.5,
20214,es,Spanish (español),rosa,rosa,Rosa,rgb,240,5,145,6,11,full,white,en,,1.1.5,
20397,es,Spanish (español),azulgrisaceo,azul grisáceo,Azul grisáceo,rgb,112,152,160,1,0,full,white,en,,1.1.5,
20397,es,Spanish (español),turquesaverdoso,turquesa verdoso,Turquesa verdoso,rgb,89,216,168,1,1,full,white,en,,1.1.5,
20397,es,Spanish (español),verdelima,verde lima,Verde lima,rgb,171,254,117,1,2,full,white,en,,1.1.5,
20397,es,Spanish (español),dorado,dorado,Dorado,rgb,186,171,65,1,3,full,white,en,,1.1.5,
20397,es,Spanish (español),celesteoscuro,celeste oscuro,Celeste oscuro,rgb,15,163,231,1,5,full,white,en,,1.1.5,
20397,es,Spanish (español),verdeoliva,verde oliva,Verde oliva,rgb,157,183,110,1,6,full,white,en,,1.1.5,
20397,es,Spanish (español),magentaoscuro,magenta oscuro,Magenta oscuro,rgb,214,67,188,1,7,full,white,en,,1.1.5,
20397,es,Spanish (español),azul,azul,Azul,rgb,45,139,248,1,8,full,white,en,,1.1.5,
20397,es,Spanish (español),caferojizo,cafe rojizo,Cafe rojizo,rgb,155,52,16,1,9,full,white,en,,1.1.5,
20397,es,Spanish (español),vedamilitar,veda militar,Veda militar,rgb,72,120,50,1,10,full,white,en,,1.1.5,
20397,es,Spanish (español),verde,verde,Verde,rgb,84,203,100,1,11,full,white,en,,1.1.5,
20397,es,Spanish (español),verdemilitar,verde militar,Verde militar,rgb,120,162,54,3,0,full,white,en,,1.1.5,
20397,es,Spanish (español),purpura,purpura,Purpura,rgb,90,66,177,3,1,full,white,en,,1.1.5,
20397,es,Spanish (español),vinotinto,vinotinto,Vinotinto,rgb,57,24,35,3,2,full,white,en,,1.1.5,
20397,es,Spanish (español),celesteclaro,celeste claro,Celeste claro,rgb,186,243,254,3,3,full,white,en,,1.1.5,
20397,es,Spanish (español),violeta,violeta,Violeta,rgb,162,93,252,3,4,full,white,en,,1.1.5,
20397,es,Spanish (español),vinotintomorado,vinotinto morado,Vinotinto morado,rgb,128,3,98,3,5,full,white,en,,1.1.5,
20397,es,Spanish (español),beige,beige,Beige,rgb,186,169,133,3,6,full,white,en,,1.1.5,
20397,es,Spanish (español),blancohueso,blanco hueso,Blanco hueso,rgb,243,240,225,3,9,full,white,en,,1.1.5,
20397,es,Spanish (español),lila,lila,Lila,rgb,198,148,251,3,10,full,white,en,,1.1.5,
20397,es,Spanish (español),magentaoscuro,magenta oscuro,Magenta oscuro,rgb,176,25,191,3,11,full,white,en,,1.1.5,
20397,es,Spanish (español),grisverdoso,gris verdoso,Gris verdoso,rgb,99,108,97,6,0,full,white,en,,1.1.5,
20397,es,Spanish (español),verdeclaro,verde claro,Verde claro,rgb,158,226,142,6,1,full,white,en,,1.1.5,
20397,es,Spanish (español),verdebosque,verde bosque,Verde bosque,rgb,39,101,78,6,2,full,white,en,,1.1.5,
20397,es,Spanish (español),mandarina,mandarina,Mandarina,rgb,240,153,9,6,3,full,white,en,,1.1.5,
20397,es,Spanish (español),ororosa,oro rosa,Oro rosa,rgb,164,97,100,6,4,full,white,en,,1.1.5,
20397,es,Spanish (español),rojoapagado,rojo apagado,Rojo apagado,rgb,142,12,58,6,5,full,white,en,,1.1.5,
20397,es,Spanish (español),violeta,violeta,Violeta,rgb,129,107,153,6,6,full,white,en,,1.1.5,
20397,es,Spanish (español),rodadoapagado,rodado apagado,Rodado apagado,rgb,195,146,156,6,7,full,white,en,,1.1.5,
20397,es,Spanish (español),lilarosa,lila rosado,Lila rosado,rgb,223,168,217,6,8,full,white,en,,1.1.5,
20397,es,Spanish (español),indigoclaro,indigo claro,Indigo claro,rgb,43,91,245,6,9,full,white,en,,1.1.5,
20397,es,Spanish (español),indigo,indigo,Indigo,rgb,42,36,241,6,10,full,white,en,,1.1.5,
20397,es,Spanish (español),amarillomostaza,amarillo mostaza,Amarillo mostaza,rgb,241,194,51,6,11,full,white,en,,1.1.5,
0,es,Spanish (español),verdelimon,verde limón,Verde limón,rgb,146,255,0,3,0,line,white,en,,1.1.5,
0,es,Spanish (español),verdefluorescente,verde fluorescente,Verde fluorescente,rgb,0,255,43,3,1,line,white,en,,1.1.5,
0,es,Spanish (español),rojo,rojo,Rojo,rgb,255,0,72,3,2,line,white,en,,1.1.5,
0,es,Spanish (español),azulrey,azúl rey,Azúl Rey,rgb,0,34,255,3,3,line,white,en,,1.1.5,
0,es,Spanish (español),verdepastel,verde pastel,Verde pastel,rgb,0,255,115,3,4,line,white,en,,1.1.5,
0,es,Spanish (español),amarillo,amarillo,Amarillo,rgb,210,255,0,3,5,line,white,en,,1.1.5,
0,es,Spanish (español),turquesa,turquesa,Turquesa,rgb,0,255,228,3,6,line,white,en,,1.1.5,
0,es,Spanish (español),verde,verde,Verde,rgb,107,255,0,3,7,line,white,en,,1.1.5,
0,es,Spanish (español),morado,morado,Morado,rgb,180,0,255,3,8,line,white,en,,1.1.5,
0,es,Spanish (español),fuccia,fuccia,Fuccia,rgb,255,0,197,3,9,line,white,en,,1.1.5,
0,es,Spanish (español),amarillo,amarillo,Amarillo,rgb,255,241,0,3,10,line,white,en,,1.1.5,
0,es,Spanish (español),azulclaro,azúl claro,Azúl claro,rgb,0,205,255,3,11,line,white,en,,1.1.5,
0,es,Spanish (español),verde,verde,Verde,rgb,27,211,87,1,0,full,white,en,,1.1.5,
0,es,Spanish (español),amarillo,amarillo,Amarillo,rgb,217,233,115,1,1,full,white,en,,1.1.5,
0,es,Spanish (español),marfil,marfil,Marfil,rgb,222,227,199,1,2,full,white,en,,1.1.5,
0,es,Spanish (español),rosa,rosa,Rosa,rgb,241,99,148,1,3,full,white,en,,1.1.5,
0,es,Spanish (español),rojo,rojo,Rojo,rgb,197,78,27,1,4,full,white,en,,1.1.5,
0,es,Spanish (español),verde,verde,Verde,rgb,22,222,172,1,5,full,white,en,,1.1.5,
0,es,Spanish (español),verde,verde,Verde,rgb,114,140,38,1,6,full,white,en,,1.1.5,
0,es,Spanish (español),cafe,café,Café,rgb,123,92,39,1,7,full,white,en,,1.1.5,
0,es,Spanish (español),negro,negro,Negro,rgb,3,23,27,1,8,full,white,en,,1.1.5,
0,es,Spanish (español),morado,morado,Morado,rgb,204,44,203,1,9,full,white,en,,1.1.5,
0,es,Spanish (español),verde,verde,Verde,rgb,67,145,128,1,10,full,white,en,,1.1.5,
0,es,Spanish (español),morado,morado,Morado,rgb,113,22,91,1,11,full,white,en,,1.1.5,
0,es,Spanish (español),naranja,naranja,Naranja,rgb,255,108,0,6,0,line,white,en,,1.1.5,
0,es,Spanish (español),verdepastel,verde pastel,Verde pastel,rgb,0,255,127,6,1,line,white,en,,1.1.5,
0,es,Spanish (español),naranjafuerte,naranja fuerte,Naranja fuerte,rgb,255,79,0,6,2,line,white,en,,1.1.5,
0,es,Spanish (español),amarillo,amarillo,Amarillo,rgb,249,255,0,6,3,line,white,en,,1.1.5,
0,es,Spanish (español),azulrey,azul rey,Azul Rey,rgb,0,63,255,6,4,line,white,en,,1.1.5,
0,es,Spanish (español),verdeaqua,verde aqua,Verde aqua,rgb,0,255,190,6,5,line,white,en,,1.1.5,
0,es,Spanish (español),azul,azul,Azul,rgb,0,143,255,6,6,line,white,en,,1.1.5,
0,es,Spanish (español),azulrey,azul rey,Azul Rey,rgb,0,92,255,6,7,line,white,en,,1.1.5,
0,es,Spanish (español),azul,azúl,Azúl,rgb,0,130,255,6,8,line,white,en,,1.1.5,
0,es,Spanish (español),morado,morado,Morado,rgb,157,0,255,6,9,line,white,en,,1.1.5,
0,es,Spanish (español),rosamexicano,rosa mexicano,Rosa mexicano,rgb,255,0,138,6,10,line,white,en,,1.1.5,
0,es,Spanish (español),azulturquesa,azul turquesa,Azul turquesa,rgb,0,241,255,6,11,line,white,en,,1.1.5,
0,es,Spanish (español),verde,verde,Verde,rgb,45,70,6,3,0,full,white,en,,1.1.5,
0,es,Spanish (español),rojo,rojo,Rojo,rgb,110,53,56,3,1,full,white,en,,1.1.5,
0,es,Spanish (español),rosa,rosa,Rosa,rgb,188,148,137,3,2,full,white,en,,1.1.5,
0,es,Spanish (español),azul,azul,Azul,rgb,77,185,209,3,3,full,white,en,,1.1.5,
0,es,Spanish (español),rojo,rojo,Rojo,rgb,185,15,27,3,4,full,white,en,,1.1.5,
0,es,Spanish (español),naranja,naranja,Naranja,rgb,235,134,41,3,5,full,white,en,,1.1.5,
0,es,Spanish (español),moradooscuro,morado oscuro,Morado oscuro,rgb,58,0,14,3,6,full,white,en,,1.1.5,
0,es,Spanish (español),azul,azul,Azul,rgb,41,74,149,3,7,full,white,en,,1.1.5,
0,es,Spanish (español),rosa,rosa,Rosa,rgb,203,34,127,3,8,full,white,en,,1.1.5,
0,es,Spanish (español),morado,morado,Morado,rgb,141,89,115,3,9,full,white,en,,1.1.5,
0,es,Spanish (español),verde,verde,Verde,rgb,2,177,92,3,10,full,white,en,,1.1.5,
0,es,Spanish (español),naranja,naranja,Naranja,rgb,208,152,51,3,11,full,white,en,,1.1.5,
0,es,Spanish (español),rojo,rojo,Rojo,rgb,186,78,93,6,0,full,white,en,,1.1.5,
0,es,Spanish (español),fucsia,fucsia,Fucsia,rgb,196,58,251,6,1,full,white,en,,1.1.5,
0,es,Spanish (español),rosa,rosa,Rosa,rgb,229,135,170,6,2,full,white,en,,1.1.5,
0,es,Spanish (español),morado,morado,Morado,rgb,135,56,150,6,3,full,white,en,,1.1.5,
0,es,Spanish (español),amarillo,amarillo,Amarillo,rgb,250,254,187,6,4,full,white,en,,1.1.5,
0,es,Spanish (español),rosa,rosa,Rosa,rgb,251,8,197,6,5,full,white,en,,1.1.5,
0,es,Spanish (español),azul,azul,Azul,rgb,80,44,228,6,6,full,white,en,,1.1.5,
0,es,Spanish (español),rosa,rosa,Rosa,rgb,253,205,225,6,7,full,white,en,,1.1.5,
0,es,Spanish (español),verde,verde,Verde,rgb,48,242,40,6,8,full,white,en,,1.1.5,
0,es,Spanish (español),rojo,rojo,Rojo,rgb,245,79,26,6,9,full,white,en,,1.1.5,
0,es,Spanish (español),gris,gris,Gris,rgb,135,126,154,6,10,full,white,en,,1.1.5,
0,es,Spanish (español),azul,azul,Azul,rgb,167,226,240,6,11,full,white,en,,1.1.5,
21413,es,Spanish (español),verdeaveituna,verde aveituna,Verde aveituna,rgb,224,233,177,1,0,full,white,en,,1.1.5,
21413,es,Spanish (español),moradooscuro,morado oscuro,Morado oscuro,rgb,66,42,113,1,1,full,white,en,,1.1.5,
21413,es,Spanish (español),azul,azul,Azul,rgb,10,85,247,1,2,full,white,en,,1.1.5,
21413,es,Spanish (español),magenta,magenta,Magenta,rgb,194,47,144,1,3,full,white,en,,1.1.5,
21413,es,Spanish (español),morado,morado,Morado,rgb,103,80,204,1,4,full,white,en,,1.1.5,
21413,es,Spanish (español),verdeazulado,verde azulado,Verde azulado,rgb,111,144,141,1,5,full,white,en,,1.1.5,
21413,es,Spanish (español),verdegrisaceo,verde grisáceo,Verde grisáceo,rgb,101,156,110,1,6,full,white,en,,1.1.5,
21413,es,Spanish (español),amarillo,amarillo,Amarillo,rgb,235,217,72,1,7,full,white,en,,1.1.5,
21413,es,Spanish (español),amarilloverdoso,amarillo verdoso,Amarillo verdoso,rgb,223,242,19,1,8,full,white,en,,1.1.5,
21413,es,Spanish (español),magentaclaro,magenta claro,Magenta claro,rgb,226,37,226,1,9,full,white,en,,1.1.5,
21413,es,Spanish (español),rosagrisaceo,rosa grisáceo,Rosa grisáceo,rgb,215,191,210,1,10,full,white,en,,1.1.5,
21413,es,Spanish (español),burdeos,burdeos,Burdeos,rgb,148,17,2,1,11,full,white,en,,1.1.5,
ef4424e6-b393-4983-bbb3-2f27b40edc29,es,Spanish (español),rosa,rosa,rosa,rgb,255,163,154,1,0,full,white,en,en,2.0.2,
ef4424e6-b393-4983-bbb3-2f27b40edc29,es,Spanish (español),marron,marrón,marrón,rgb,69,41,23,1,1,full,white,en,en,2.0.2,
ef4424e6-b393-4983-bbb3-2f27b40edc29,es,Spanish (español),azul,azul,azul,rgb,48,90,205,1,2,full,white,en,en,2.0.2,
ef4424e6-b393-4983-bbb3-2f27b40edc29,es,Spanish (español),verde,verde,verde,rgb,164,223,170,1,3,full,white,en,en,2.0.2,
ef4424e6-b393-4983-bbb3-2f27b40edc29,es,Spanish (español),azuloscuro,azul oscuro,azul oscuro,rgb,75,69,171,1,4,full,white,en,en,2.0.2,
ef4424e6-b393-4983-bbb3-2f27b40edc29,es,Spanish (español),verdeoscuro,verde oscuro,verde oscuro,rgb,79,146,78,1,5,full,white,en,en,2.0.2,
ef4424e6-b393-4983-bbb3-2f27b40edc29,es,Spanish (español),purpura,púrpura,púrpura,rgb,99,17,171,1,6,full,white,en,en,2.0.2,
ef4424e6-b393-4983-bbb3-2f27b40edc29,es,Spanish (español),verdete,verde té,verde té,rgb,193,220,183,1,7,full,white,en,en,2.0.2,
ef4424e6-b393-4983-bbb3-2f27b40edc29,es,Spanish (español),marron,marrón,marrón,rgb,86,2,13,1,8,full,white,en,en,2.0.2,
ef4424e6-b393-4983-bbb3-2f27b40edc29,es,Spanish (español),rosaoscuro,rosa oscuro,rosa oscuro,rgb,159,88,100,1,9,full,white,en,en,2.0.2,
ef4424e6-b393-4983-bbb3-2f27b40edc29,es,Spanish (español),celeste,celeste,celeste,rgb,135,236,251,1,10,full,white,en,en,2.0.2,
ef4424e6-b393-4983-bbb3-2f27b40edc29,es,Spanish (español),amarilloverdoso,amarillo verdoso,amarillo verdoso,rgb,213,245,187,1,11,full,white,en,en,2.0.2,
ef4424e6-b393-4983-bbb3-2f27b40edc29,es,Spanish (español),verdeoscuro,verde oscuro,verde oscuro,rgb,86,108,70,3,0,full,white,en,en,2.0.2,
ef4424e6-b393-4983-bbb3-2f27b40edc29,es,Spanish (español),marronverdoso,marrón verdoso,marrón verdoso,rgb,88,72,42,3,1,full,white,en,en,2.0.2,
ef4424e6-b393-4983-bbb3-2f27b40edc29,es,Spanish (español),marronclaro,marrón claro,marrón claro,rgb,132,52,0,3,2,full,white,en,en,2.0.2,
ef4424e6-b393-4983-bbb3-2f27b40edc29,es,Spanish (español),violeta,violeta,violeta,rgb,166,115,174,3,3,full,white,en,en,2.0.2,
ef4424e6-b393-4983-bbb3-2f27b40edc29,es,Spanish (español),azuloscuro,azul oscuro,azul oscuro,rgb,23,17,106,3,4,full,white,en,en,2.0.2,
ef4424e6-b393-4983-bbb3-2f27b40edc29,es,Spanish (español),rosa,rosa,rosa,rgb,252,116,159,3,5,full,white,en,en,2.0.2,
ef4424e6-b393-4983-bbb3-2f27b40edc29,es,Spanish (español),verde,verde,verde,rgb,105,176,96,3,6,full,white,en,en,2.0.2,
ef4424e6-b393-4983-bbb3-2f27b40edc29,es,Spanish (español),azulviolaceo,azul violaceo,azul violaceo,rgb,82,71,103,3,7,full,white,en,en,2.0.2,
ef4424e6-b393-4983-bbb3-2f27b40edc29,es,Spanish (español),azul,azul,azul,rgb,86,23,254,3,8,full,white,en,en,2.0.2,
ef4424e6-b393-4983-bbb3-2f27b40edc29,es,Spanish (español),violetaoscuro,violeta oscuro,violeta oscuro,rgb,50,26,121,3,9,full,white,en,en,2.0.2,
ef4424e6-b393-4983-bbb3-2f27b40edc29,es,Spanish (español),verdemanzana,verde manzana,verde manzana,rgb,78,150,111,3,11,full,white,en,en,2.0.2,
ef4424e6-b393-4983-bbb3-2f27b40edc29,es,Spanish (español),mostaza,mostaza,mostaza,rgb,194,155,42,5,0,full,white,en,en,2.0.2,
ef4424e6-b393-4983-bbb3-2f27b40edc29,es,Spanish (español),rosachillon,rosa chillón,rosa chillón,rgb,252,125,196,5,1,full,white,en,en,2.0.2,
ef4424e6-b393-4983-bbb3-2f27b40edc29,es,Spanish (español),rosa,rosa,rosa,rgb,235,166,249,5,2,full,white,en,en,2.0.2,
ef4424e6-b393-4983-bbb3-2f27b40edc29,es,Spanish (español),marronoscuro,marrón oscuro,marrón oscuro,rgb,62,0,44,5,3,full,white,en,en,2.0.2,
ef4424e6-b393-4983-bbb3-2f27b40edc29,es,Spanish (español),rosaoscuro,rosa oscuro,rosa oscuro,rgb,160,74,113,5,4,full,white,en,en,2.0.2,
ef4424e6-b393-4983-bbb3-2f27b40edc29,es,Spanish (español),celesteclaro,celeste claro,celeste claro,rgb,180,253,233,5,5,full,white,en,en,2.0.2,
ef4424e6-b393-4983-bbb3-2f27b40edc29,es,Spanish (español),purpura,púrpura,púrpura,rgb,168,87,243,5,6,full,white,en,en,2.0.2,
ef4424e6-b393-4983-bbb3-2f27b40edc29,es,Spanish (español),verdeoscuro,verde oscuro,verde oscuro,rgb,0,0,0,5,7,full,white,en,en,2.0.2,
ef4424e6-b393-4983-bbb3-2f27b40edc29,es,Spanish (español),rosaclaro,rosa claro,rosa claro,rgb,251,194,234,5,8,full,white,en,en,2.0.2,
ef4424e6-b393-4983-bbb3-2f27b40edc29,es,Spanish (español),azulfrancia,azul francia,azul francia,rgb,77,72,202,5,9,full,white,en,en,2.0.2,
ef4424e6-b393-4983-bbb3-2f27b40edc29,es,Spanish (español),violetaoscuo,violeta oscuo,violeta oscuo,rgb,79,10,69,5,10,full,white,en,en,2.0.2,
ef4424e6-b393-4983-bbb3-2f27b40edc29,es,Spanish (español),violeta,violeta,violeta,rgb,161,91,181,5,11,full,white,en,en,2.0.2,
9b406d14-c3d2-4d6e-9f1d-52200d22d947,es,Spanish (español),morado,morado,MORADO,p3,0.485588,0.243978,0.713735,1,0,full,white,en,en,2.0.3,
9b406d14-c3d2-4d6e-9f1d-52200d22d947,es,Spanish (español),verde,verde,VERDE,p3,0.142725,0.671824,0.18234,1,1,full,white,en,en,2.0.3,
9b406d14-c3d2-4d6e-9f1d-52200d22d947,es,Spanish (español),lima,lima,LIMA,p3,0.906365,0.950381,0.69507,1,2,full,white,en,en,2.0.3,
9b406d14-c3d2-4d6e-9f1d-52200d22d947,es,Spanish (español),morado,morado,MORADO,p3,0.571075,0.426891,0.700591,1,3,full,white,en,en,2.0.3,
9b406d14-c3d2-4d6e-9f1d-52200d22d947,es,Spanish (español),verde,verde,VERDE,p3,0.429683,0.445272,0.252799,1,4,full,white,en,en,2.0.3,
9b406d14-c3d2-4d6e-9f1d-52200d22d947,es,Spanish (español),verde,verde,VERDE,p3,0.142181,0.380533,0.133042,1,5,full,white,en,en,2.0.3,
9b406d14-c3d2-4d6e-9f1d-52200d22d947,es,Spanish (español),verde,verde,VERDE,p3,0.0180412,0.29181,0.274651,1,6,full,white,en,en,2.0.3,
9b406d14-c3d2-4d6e-9f1d-52200d22d947,es,Spanish (español),magenta,magenta,MAGENTA,p3,0.950311,0.187612,0.941869,1,7,full,white,en,en,2.0.3,
9b406d14-c3d2-4d6e-9f1d-52200d22d947,es,Spanish (español),gris,gris,GRIS,p3,0.565552,0.699304,0.707412,1,8,full,white,en,en,2.0.3,
9b406d14-c3d2-4d6e-9f1d-52200d22d947,es,Spanish (español),azul,azul,AZUL,p3,0.291391,0.802306,0.931321,1,9,full,white,en,en,2.0.3,
9b406d14-c3d2-4d6e-9f1d-52200d22d947,es,Spanish (español),arcilla,arcilla,ARCILLA,p3,0.774898,0.405306,0.323196,1,10,full,white,en,en,2.0.3,
9b406d14-c3d2-4d6e-9f1d-52200d22d947,es,Spanish (español),morado,morado,MORADO,p3,0.559528,0.134269,0.336138,1,11,full,white,en,en,2.0.3,
9b406d14-c3d2-4d6e-9f1d-52200d22d947,es,Spanish (español),lila,lila,Lila,p3,0.398119,0.17537,0.992098,3,0,full,white,en,en,2.0.3,
9b406d14-c3d2-4d6e-9f1d-52200d22d947,es,Spanish (español),negro,negro,Negro,p3,0.0114812,0.00706045,0.00576205,3,1,full,white,en,en,2.0.3,
9b406d14-c3d2-4d6e-9f1d-52200d22d947,es,Spanish (español),morado,morado,morado,p3,0.216824,0.085466,0.461798,3,2,full,white,en,en,2.0.3,
9b406d14-c3d2-4d6e-9f1d-52200d22d947,es,Spanish (español),turquesa,turquesa,turquesa,p3,0.350072,0.998486,0.949302,3,3,full,white,en,en,2.0.3,
9b406d14-c3d2-4d6e-9f1d-52200d22d947,es,Spanish (español),marron,marron,marron,p3,0.257786,0.210302,0.110834,3,4,full,white,en,en,2.0.3,
9b406d14-c3d2-4d6e-9f1d-52200d22d947,es,Spanish (español),turquesa,turquesa,turquesa,p3,0.38349,0.974849,0.602924,3,5,full,white,en,en,2.0.3,
9b406d14-c3d2-4d6e-9f1d-52200d22d947,es,Spanish (español),granate,granate,granate,p3,0.273147,0.019441,0.146199,3,6,full,white,en,en,2.0.3,
9b406d14-c3d2-4d6e-9f1d-52200d22d947,es,Spanish (español),dorado,dorado,dorado,p3,0.740702,0.599182,0.211916,3,7,full,white,en,en,2.0.3,
9b406d14-c3d2-4d6e-9f1d-52200d22d947,es,Spanish (español),rosa,rosado,rosado,p3,0.797407,0.308304,0.649486,3,8,full,white,en,en,2.0.3,
9b406d14-c3d2-4d6e-9f1d-52200d22d947,es,Spanish (español),lila,lila,lila,p3,0.635894,0.519227,0.959924,3,9,full,white,en,en,2.0.3,
9b406d14-c3d2-4d6e-9f1d-52200d22d947,es,Spanish (español),azul,azul,azul,p3,0.70957,0.788616,0.893086,3,10,full,white,en,en,2.0.3,
9b406d14-c3d2-4d6e-9f1d-52200d22d947,es,Spanish (español),verde,verde,verde,p3,0.673181,0.857149,0.442553,3,11,full,white,en,en,2.0.3,
9b406d14-c3d2-4d6e-9f1d-52200d22d947,es,Spanish (español),verde,verde,verde,p3,0.159532,0.419054,0.445625,5,0,full,white,en,en,2.0.3,
9b406d14-c3d2-4d6e-9f1d-52200d22d947,es,Spanish (español),blanco,blanco,blanco,p3,0.946811,0.946975,0.96959,5,1,full,white,en,en,2.0.3,
9b406d14-c3d2-4d6e-9f1d-52200d22d947,es,Spanish (español),verde,verde,verde,p3,0.397809,0.751423,0.578504,5,2,full,white,en,en,2.0.3,
9b406d14-c3d2-4d6e-9f1d-52200d22d947,es,Spanish (español),morado,morado,MORADO,p3,0.317333,0.289288,0.542982,5,3,full,white,en,en,2.0.3,
9b406d14-c3d2-4d6e-9f1d-52200d22d947,es,Spanish (español),marron,marron,marron,p3,0.448476,0.361048,0.403287,5,4,full,white,en,en,2.0.3,
9b406d14-c3d2-4d6e-9f1d-52200d22d947,es,Spanish (español),azul,azul,azul,p3,0.0907624,0.17984,0.913414,5,5,full,white,en,en,2.0.3,
9b406d14-c3d2-4d6e-9f1d-52200d22d947,es,Spanish (español),rosa,rosa,rosa,p3,0.908171,0.571236,0.910088,5,6,full,white,en,en,2.0.3,
9b406d14-c3d2-4d6e-9f1d-52200d22d947,es,Spanish (español),azul,azul,azul,p3,0.154906,0.517998,0.74666,5,7,full,white,en,en,2.0.3,
9b406d14-c3d2-4d6e-9f1d-52200d22d947,es,Spanish (español),magenta,magenta,magenta,p3,0.787608,0.0752367,0.425594,5,8,full,white,en,en,2.0.3,
9b406d14-c3d2-4d6e-9f1d-52200d22d947,es,Spanish (español),morado,morado,morado,p3,0.387963,0.122189,0.414145,5,9,full,white,en,en,2.0.3,
9b406d14-c3d2-4d6e-9f1d-52200d22d947,es,Spanish (español),verde,verde,verde,p3,0.101295,0.601857,0.463858,5,10,full,white,en,en,2.0.3,
9b406d14-c3d2-4d6e-9f1d-52200d22d947,es,Spanish (español),marron,marron,marron,p3,0.121838,0.0517091,0.0491846,5,11,full,white,en,en,2.0.3,
2ef8b8ac-6ede-4e9d-aa7a-228c60c257ff,es,Spanish (español),verdeclaro,verde claro,Verde claro,rgb,200,236,100,1,0,full,white,en,ca,2.1.1,
2ef8b8ac-6ede-4e9d-aa7a-228c60c257ff,es,Spanish (español),naranja,naranja,Naranja,rgb,249,182,7,1,1,full,white,en,ca,2.1.1,
2ef8b8ac-6ede-4e9d-aa7a-228c60c257ff,es,Spanish (español),verdeoliva,verde oliva,Verde oliva,rgb,176,202,72,1,2,full,white,en,ca,2.1.1,
2ef8b8ac-6ede-4e9d-aa7a-228c60c257ff,es,Spanish (español),verde,verde,Verde,rgb,126,201,83,1,3,full,white,en,ca,2.1.1,
2ef8b8ac-6ede-4e9d-aa7a-228c60c257ff,es,Spanish (español),turquesa,turquesa,Turquesa,rgb,75,156,171,1,4,full,white,en,ca,2.1.1,
2ef8b8ac-6ede-4e9d-aa7a-228c60c257ff,es,Spanish (español),rojo,rojo,Rojo,rgb,234,80,67,1,5,full,white,en,ca,2.1.1,
2ef8b8ac-6ede-4e9d-aa7a-228c60c257ff,es,Spanish (español),azulmarino,azul marino,azul marino,rgb,69,76,122,1,6,full,white,en,ca,2.1.1,
2ef8b8ac-6ede-4e9d-aa7a-228c60c257ff,es,Spanish (español),rosapastel,rosa pastel,Rosa pastel,rgb,228,150,183,1,7,full,white,en,ca,2.1.1,
2ef8b8ac-6ede-4e9d-aa7a-228c60c257ff,es,Spanish (español),lila,lila,Lila,rgb,147,140,227,1,8,full,white,en,ca,2.1.1,
2ef8b8ac-6ede-4e9d-aa7a-228c60c257ff,es,Spanish (español),azulprofundo,azul profundo,Azul profundo,rgb,45,58,159,1,9,full,white,en,ca,2.1.1,
2ef8b8ac-6ede-4e9d-aa7a-228c60c257ff,es,Spanish (español),azul,azul,Azul,rgb,44,17,243,1,10,full,white,en,ca,2.1.1,
2ef8b8ac-6ede-4e9d-aa7a-228c60c257ff,es,Spanish (español),rosa,rosa,Rosa,rgb,230,110,177,1,11,full,white,en,ca,2.1.1,
2ef8b8ac-6ede-4e9d-aa7a-228c60c257ff,es,Spanish (español),naranjaoscuro,naranja oscuro,Naranja oscuro,rgb,252,104,78,3,0,full,white,en,ca,2.1.1,
2ef8b8ac-6ede-4e9d-aa7a-228c60c257ff,es,Spanish (español),burdeos,burdeos,Burdeos,rgb,124,28,26,3,1,full,white,en,ca,2.1.1,
2ef8b8ac-6ede-4e9d-aa7a-228c60c257ff,es,Spanish (español),burdeosclaro,burdeos claro,Burdeos claro,rgb,146,46,70,3,2,full,white,en,ca,2.1.1,
2ef8b8ac-6ede-4e9d-aa7a-228c60c257ff,es,Spanish (español),verdesaturado,verde saturado,Verde saturado,rgb,123,254,168,3,3,full,white,en,ca,2.1.1,
2ef8b8ac-6ede-4e9d-aa7a-228c60c257ff,es,Spanish (español),lila,lila,Lila,rgb,171,43,254,3,4,full,white,en,ca,2.1.1,
2ef8b8ac-6ede-4e9d-aa7a-228c60c257ff,es,Spanish (español),amarillopastel,amarillo pastel,Amarillo pastel,rgb,252,254,173,3,5,full,white,en,ca,2.1.1,
2ef8b8ac-6ede-4e9d-aa7a-228c60c257ff,es,Spanish (español),berenjena,berenjena,Berenjena,rgb,89,23,50,3,6,full,white,en,ca,2.1.1,
2ef8b8ac-6ede-4e9d-aa7a-228c60c257ff,es,Spanish (español),azulmuyoscuro,azul muy oscuro,Azul muy oscuro,rgb,33,32,76,3,7,full,white,en,ca,2.1.1,
2ef8b8ac-6ede-4e9d-aa7a-228c60c257ff,es,Spanish (español),azulpitufo,azul pitufo,Azul pitufo,rgb,23,71,207,3,8,full,white,en,ca,2.1.1,
2ef8b8ac-6ede-4e9d-aa7a-228c60c257ff,es,Spanish (español),lilaconazul,lila con azul,Lila con azul,rgb,100,68,123,3,9,full,white,en,ca,2.1.1,
2ef8b8ac-6ede-4e9d-aa7a-228c60c257ff,es,Spanish (español),violeta,violeta,Violeta,rgb,122,94,174,3,10,full,white,en,ca,2.1.1,
2ef8b8ac-6ede-4e9d-aa7a-228c60c257ff,es,Spanish (español),grisoscuro,gris oscuro,Gris oscuro,rgb,114,124,127,3,11,full,white,en,ca,2.1.1,
2ef8b8ac-6ede-4e9d-aa7a-228c60c257ff,es,Spanish (español),grislila,gris lila,Gris lila,rgb,115,90,128,5,0,full,white,en,ca,2.1.1,
2ef8b8ac-6ede-4e9d-aa7a-228c60c257ff,es,Spanish (español),azulmar,azul mar,Azul mar,rgb,84,42,181,5,1,full,white,en,ca,2.1.1,
2ef8b8ac-6ede-4e9d-aa7a-228c60c257ff,es,Spanish (español),azulpantone,azul pantone,Azul Pantone,rgb,71,42,242,5,2,full,white,en,ca,2.1.1,
2ef8b8ac-6ede-4e9d-aa7a-228c60c257ff,es,Spanish (español),verdecesped,verde cesped,Verde cesped,rgb,36,72,47,5,3,full,white,en,ca,2.1.1,
2ef8b8ac-6ede-4e9d-aa7a-228c60c257ff,es,Spanish (español),rosaazulado,rosa azulado,Rosa azulado,rgb,149,22,122,5,4,full,white,en,ca,2.1.1,
2ef8b8ac-6ede-4e9d-aa7a-228c60c257ff,es,Spanish (español),rosachicle,rosa chicle,Rosa chicle,rgb,234,53,156,5,5,full,white,en,ca,2.1.1,
2ef8b8ac-6ede-4e9d-aa7a-228c60c257ff,es,Spanish (español),verdegris,verde gris,Verde gris,rgb,68,91,85,5,6,full,white,en,ca,2.1.1,
2ef8b8ac-6ede-4e9d-aa7a-228c60c257ff,es,Spanish (español),mostaza,mostaza,Mostaza,rgb,182,133,54,5,7,full,white,en,ca,2.1.1,
2ef8b8ac-6ede-4e9d-aa7a-228c60c257ff,es,Spanish (español),azulcasinegro,azul casi negro,Azul casi negro,rgb,48,5,55,5,8,full,white,en,ca,2.1.1,
2ef8b8ac-6ede-4e9d-aa7a-228c60c257ff,es,Spanish (español),lilasaturado,lila saturado,Lila saturado,rgb,142,36,203,5,9,full,white,en,ca,2.1.1,
2ef8b8ac-6ede-4e9d-aa7a-228c60c257ff,es,Spanish (español),cyan,cian,Cian,rgb,51,45,111,5,10,full,white,en,ca,2.1.1,
2ef8b8ac-6ede-4e9d-aa7a-228c60c257ff,es,Spanish (español),grismuyoscuro,gris muy oscuro,Gris muy oscuro,rgb,73,73,75,5,11,full,white,en,ca,2.1.1,
5d20baa9-da8f-4597-ad86-be18f1357e94,es,Spanish (español),grqy,grqy,grqy,p3,0.76822,0.75108,0.724652,1,3,full,white,en,en,2.1.1,
5d20baa9-da8f-4597-ad86-be18f1357e94,es,Spanish (español),brown,brown,brown,p3,0.183276,0.131733,0.156472,1,6,full,white,en,en,2.1.1,
5d20baa9-da8f-4597-ad86-be18f1357e94,es,Spanish (español),limegreen,lime green,lime green,p3,0.286395,0.938747,0.306128,1,8,full,white,en,en,2.1.1,
5d20baa9-da8f-4597-ad86-be18f1357e94,es,Spanish (español),brown,brown,brown,p3,0.329252,0.153451,0.03714,1,9,full,white,en,en,2.1.1,
5d20baa9-da8f-4597-ad86-be18f1357e94,es,Spanish (español),morado,morado,Morado,p3,0.494884,0.432938,0.595136,3,0,full,white,en,en,2.1.1,
5d20baa9-da8f-4597-ad86-be18f1357e94,es,Spanish (español),marron,marrón,Marrón,p3,0.619169,0.436298,0.195055,3,1,full,white,en,en,2.1.1,
5d20baa9-da8f-4597-ad86-be18f1357e94,es,Spanish (español),verdegrisaceo,verde grisáceo,Verde grisáceo,p3,0.509433,0.626261,0.581028,3,2,full,white,en,en,2.1.1,
5d20baa9-da8f-4597-ad86-be18f1357e94,es,Spanish (español),turquesa,turquesa,Turquesa,p3,0.313835,0.755574,0.606968,3,3,full,white,en,en,2.1.1,
5d20baa9-da8f-4597-ad86-be18f1357e94,es,Spanish (español),rosa,rosa,Rosa,p3,0.935168,0.627631,0.750996,3,4,full,white,en,en,2.1.1,
5d20baa9-da8f-4597-ad86-be18f1357e94,es,Spanish (español),verdeoscuro,verde oscuro,Verde oscuro,p3,0.152614,0.26477,0.247284,3,5,full,white,en,en,2.1.1,
5d20baa9-da8f-4597-ad86-be18f1357e94,es,Spanish (español),verdelima,verde lima,Verde lima,p3,0.568363,0.809389,0.014833,3,6,full,white,en,en,2.1.1,
5d20baa9-da8f-4597-ad86-be18f1357e94,es,Spanish (español),lila,lila,Lila,p3,0.599655,0.602541,0.922308,3,7,full,white,en,en,2.1.1,
5d20baa9-da8f-4597-ad86-be18f1357e94,es,Spanish (español),rosafuerte,rosa fuerte,Rosa fuerte,p3,0.950066,0.436993,0.714671,3,8,full,white,en,en,2.1.1,
5d20baa9-da8f-4597-ad86-be18f1357e94,es,Spanish (español),borgona,borgoña,Borgoña,p3,0.454782,0.231388,0.300812,3,9,full,white,en,en,2.1.1,
5d20baa9-da8f-4597-ad86-be18f1357e94,es,Spanish (español),azulverdoso,azul verdoso,Azul verdoso,p3,0.169884,0.368927,0.481207,3,10,full,white,en,en,2.1.1,
5d20baa9-da8f-4597-ad86-be18f1357e94,es,Spanish (español),verde,verde,Verde,p3,0.185118,0.671753,0.34957,3,11,full,white,en,en,2.1.1,
5d20baa9-da8f-4597-ad86-be18f1357e94,es,Spanish (español),azulverdoso,azul verdoso,Azul verdoso,p3,0.22877,0.534267,0.700139,5,0,full,white,en,en,2.1.1,
5d20baa9-da8f-4597-ad86-be18f1357e94,es,Spanish (español),rosa,rosa,Rosa,p3,0.863903,0.214995,0.545681,5,1,full,white,en,en,2.1.1,
5d20baa9-da8f-4597-ad86-be18f1357e94,es,Spanish (español),fucsia,fucsia,Fucsia,p3,0.855571,0.176228,0.918793,5,2,full,white,en,en,2.1.1,
5d20baa9-da8f-4597-ad86-be18f1357e94,es,Spanish (español),azul,azul,Azul,p3,0.136059,0.411005,0.989001,5,3,full,white,en,en,2.1.1,
5d20baa9-da8f-4597-ad86-be18f1357e94,es,Spanish (español),morado,morado,Morado,p3,0.3141,0.124467,0.289363,5,4,full,white,en,en,2.1.1,
5d20baa9-da8f-4597-ad86-be18f1357e94,es,Spanish (español),amarillo,amarillo,Amarillo,p3,0.935222,0.971766,0.0457793,5,5,full,white,en,en,2.1.1,
5d20baa9-da8f-4597-ad86-be18f1357e94,es,Spanish (español),beige,beige,Beige,p3,0.755991,0.737738,0.422532,5,6,full,white,en,en,2.1.1,
5d20baa9-da8f-4597-ad86-be18f1357e94,es,Spanish (español),verdeoscuro,verde oscuro,Verde oscuro,p3,0.0331251,0.0580909,0.00959187,5,7,full,white,en,en,2.1.1,
5d20baa9-da8f-4597-ad86-be18f1357e94,es,Spanish (español),magenta,magenta,Magenta,p3,0.730361,0.240691,0.71265,5,8,full,white,en,en,2.1.1,
5d20baa9-da8f-4597-ad86-be18f1357e94,es,Spanish (español),verdeclaro,verde claro,Verde claro,p3,0.561225,0.923471,0.752158,5,9,full,white,en,en,2.1.1,
5d20baa9-da8f-4597-ad86-be18f1357e94,es,Spanish (español),naranja,naranja,Naranja,p3,0.867082,0.580671,0.341133,5,10,full,white,en,en,2.1.1,
5d20baa9-da8f-4597-ad86-be18f1357e94,es,Spanish (español),grisclaro,gris claro,Gris claro,p3,0.847073,0.896452,0.887789,5,11,full,white,en,en,2.1.1,
3e7bf594-c9f8-454d-9edc-830972ffca2a,es,Spanish (español),palorosa,palo rosa,palo rosa,rgb,110,99,96,1,0,full,white,en,en,2.1.2,
3e7bf594-c9f8-454d-9edc-830972ffca2a,es,Spanish (español),morado,morado,morado,rgb,156,32,185,1,1,full,white,en,en,2.1.2,
3e7bf594-c9f8-454d-9edc-830972ffca2a,es,Spanish (español),celeste,celeste,celeste,rgb,42,226,254,1,2,full,white,en,en,2.1.2,
3e7bf594-c9f8-454d-9edc-830972ffca2a,es,Spanish (español),aquamarine,aquamarine,aquamarine,rgb,135,248,217,1,3,full,white,en,en,2.1.2,
3e7bf594-c9f8-454d-9edc-830972ffca2a,es,Spanish (español),ladrillo,ladrillo,ladrillo,rgb,164,14,19,1,4,full,white,en,en,2.1.2,
3e7bf594-c9f8-454d-9edc-830972ffca2a,es,Spanish (español),calipso,calipso,calipso,rgb,119,222,219,1,5,full,white,en,en,2.1.2,
3e7bf594-c9f8-454d-9edc-830972ffca2a,es,Spanish (español),violetapalido,violeta palido,violeta palido,rgb,191,174,232,1,6,full,white,en,en,2.1.2,
3e7bf594-c9f8-454d-9edc-830972ffca2a,es,Spanish (español),rosa,rosado,rosado,rgb,241,131,180,1,7,full,white,en,en,2.1.2,
3e7bf594-c9f8-454d-9edc-830972ffca2a,es,Spanish (español),violeta,violeta,violeta,rgb,113,111,228,1,8,full,white,en,en,2.1.2,
3e7bf594-c9f8-454d-9edc-830972ffca2a,es,Spanish (español),limon,limon,limon,rgb,238,250,209,1,9,full,white,en,en,2.1.2,
3e7bf594-c9f8-454d-9edc-830972ffca2a,es,Spanish (español),fucsia,fucsia,fucsia,rgb,182,124,140,1,10,full,white,en,en,2.1.2,
3e7bf594-c9f8-454d-9edc-830972ffca2a,es,Spanish (español),calipsopalido,calipso palido,calipso palido,rgb,163,210,208,1,11,full,white,en,en,2.1.2,
3e7bf594-c9f8-454d-9edc-830972ffca2a,es,Spanish (español),piel,piel,piel,rgb,245,170,172,3,0,full,white,en,en,2.1.2,
3e7bf594-c9f8-454d-9edc-830972ffca2a,es,Spanish (español),burdeo,burdeo,burdeo,rgb,81,64,138,3,1,full,white,en,en,2.1.2,
3e7bf594-c9f8-454d-9edc-830972ffca2a,es,Spanish (español),azulmarino,azul marino,azul marino,rgb,22,51,77,3,2,full,white,en,en,2.1.2,
3e7bf594-c9f8-454d-9edc-830972ffca2a,es,Spanish (español),moradopalido,morado palido,morado palido,rgb,169,108,169,3,3,full,white,en,en,2.1.2,
3e7bf594-c9f8-454d-9edc-830972ffca2a,es,Spanish (español),violetaclaro,violeta claro,violeta claro,rgb,197,76,227,3,4,full,white,en,en,2.1.2,
3e7bf594-c9f8-454d-9edc-830972ffca2a,es,Spanish (español),naranjo,naranjo,naranjo,rgb,218,135,84,3,5,full,white,en,en,2.1.2,
3e7bf594-c9f8-454d-9edc-830972ffca2a,es,Spanish (español),azulelectrico,azul electrico,azul electrico,rgb,77,100,235,3,6,full,white,en,en,2.1.2,
3e7bf594-c9f8-454d-9edc-830972ffca2a,es,Spanish (español),rosapalido,rosa palido,rosa palido,rgb,203,167,179,3,7,full,white,en,en,2.1.2,
3e7bf594-c9f8-454d-9edc-830972ffca2a,es,Spanish (español),fucsia,fucsia,fucsia,rgb,176,28,171,3,8,full,white,en,en,2.1.2,
3e7bf594-c9f8-454d-9edc-830972ffca2a,es,Spanish (español),verdepalido,verde palido,verde palido,rgb,167,235,150,3,9,full,white,en,en,2.1.2,
3e7bf594-c9f8-454d-9edc-830972ffca2a,es,Spanish (español),verde,verde,verde,rgb,67,109,90,3,10,full,white,en,en,2.1.2,
3e7bf594-c9f8-454d-9edc-830972ffca2a,es,Spanish (español),verdeclaro,verde claro,verde claro,rgb,150,219,80,3,11,full,white,en,en,2.1.2,
3e7bf594-c9f8-454d-9edc-830972ffca2a,es,Spanish (español),musgo,musgo,musgo,rgb,56,65,24,5,0,full,white,en,en,2.1.2,
3e7bf594-c9f8-454d-9edc-830972ffca2a,es,Spanish (español),fucsiapalido,fucsia palido,fucsia palido,rgb,179,97,161,5,1,full,white,en,en,2.1.2,
3e7bf594-c9f8-454d-9edc-830972ffca2a,es,Spanish (español),celestepalido,celeste palido,celeste palido,rgb,135,165,164,5,2,full,white,en,en,2.1.2,
3e7bf594-c9f8-454d-9edc-830972ffca2a,es,Spanish (español),cafe,cafe,cafe,rgb,175,121,77,5,3,full,white,en,en,2.1.2,
3e7bf594-c9f8-454d-9edc-830972ffca2a,es,Spanish (español),durazno,durazno,durazno,rgb,203,112,154,5,4,full,white,en,en,2.1.2,
3e7bf594-c9f8-454d-9edc-830972ffca2a,es,Spanish (español),ladrillo,ladrillo,ladrillo,rgb,123,25,37,5,5,full,white,en,en,2.1.2,
3e7bf594-c9f8-454d-9edc-830972ffca2a,es,Spanish (español),morado,morado,morado,rgb,85,53,149,5,6,full,white,en,en,2.1.2,
3e7bf594-c9f8-454d-9edc-830972ffca2a,es,Spanish (español),violetaoscuro,violeta oscuro,violeta oscuro,rgb,118,27,54,5,7,full,white,en,en,2.1.2,
3e7bf594-c9f8-454d-9edc-830972ffca2a,es,Spanish (español),celeste,celeste,celeste,rgb,79,215,195,5,8,full,white,en,en,2.1.2,
3e7bf594-c9f8-454d-9edc-830972ffca2a,es,Spanish (español),amarillooscuro,amarillo oscuro,amarillo oscuro,rgb,236,163,51,5,9,full,white,en,en,2.1.2,
3e7bf594-c9f8-454d-9edc-830972ffca2a,es,Spanish (español),azul,azul,azul,rgb,18,110,183,5,10,full,white,en,en,2.1.2,
3e7bf594-c9f8-454d-9edc-830972ffca2a,es,Spanish (español),rosa,rosado,rosado,rgb,221,99,230,5,11,full,white,en,en,2.1.2,
00067471-8363-46c8-b682-1c943304ccc5,es,Spanish (español),moradooscuro,morado oscuro,Morado oscuro,rgb,37,15,85,1,4,full,white,en,en,2.1.2,
00067471-8363-46c8-b682-1c943304ccc5,es,Spanish (español),rosapalo,rosa palo,Rosa palo,rgb,216,126,146,1,7,full,white,en,en,2.1.2,
00067471-8363-46c8-b682-1c943304ccc5,es,Spanish (español),negro,negro,Negro,rgb,18,4,24,1,9,full,white,en,en,2.1.2,
00067471-8363-46c8-b682-1c943304ccc5,es,Spanish (español),marronoscuro,marron oscuro,marron oscuro,rgb,34,5,8,1,10,full,white,en,en,2.1.2,
00067471-8363-46c8-b682-1c943304ccc5,es,Spanish (español),marronclaro,marron claro,marron claro,rgb,140,106,85,1,11,full,white,en,en,2.1.2,
00067471-8363-46c8-b682-1c943304ccc5,es,Spanish (español),rosafucsia,rosa fucsia,rosa fucsia,rgb,203,64,222,3,11,full,white,en,en,2.1.2,
c7cfd9b2-8df1-456b-8956-4bc367be9ca8,es,Spanish (español),crema,crema,Crema,rgb,239,217,203,1,0,full,white,en,en,2.1.2,
c7cfd9b2-8df1-456b-8956-4bc367be9ca8,es,Spanish (español),verdemanzana,verde manzana,Verde manzana,rgb,208,222,147,1,1,full,white,en,en,2.1.2,
c7cfd9b2-8df1-456b-8956-4bc367be9ca8,es,Spanish (español),marron,marrón,Marrón,rgb,114,71,57,1,2,full,white,en,en,2.1.2,
c7cfd9b2-8df1-456b-8956-4bc367be9ca8,es,Spanish (español),azulelectrico,azul eléctrico,Azul eléctrico,rgb,55,83,237,1,3,full,white,en,en,2.1.2,
c7cfd9b2-8df1-456b-8956-4bc367be9ca8,es,Spanish (español),azulgrisaceo,azul grisáceo,Azul grisáceo,rgb,86,125,146,1,4,full,white,en,en,2.1.2,
c7cfd9b2-8df1-456b-8956-4bc367be9ca8,es,Spanish (español),azul,azul,Azul,rgb,61,77,203,1,5,full,white,en,en,2.1.2,
c7cfd9b2-8df1-456b-8956-4bc367be9ca8,es,Spanish (español),morado,morado,Morado,rgb,182,47,208,1,6,full,white,en,en,2.1.2,
c7cfd9b2-8df1-456b-8956-4bc367be9ca8,es,Spanish (español),grisoscuro,gris oscuro,Gris oscuro,rgb,90,90,108,1,7,full,white,en,en,2.1.2,
c7cfd9b2-8df1-456b-8956-4bc367be9ca8,es,Spanish (español),marron,marron,Marron,rgb,137,91,78,1,8,full,white,en,en,2.1.2,
c7cfd9b2-8df1-456b-8956-4bc367be9ca8,es,Spanish (español),rosaoscuro,rosa oscuro,Rosa oscuro,rgb,206,79,148,1,9,full,white,en,en,2.1.2,
c7cfd9b2-8df1-456b-8956-4bc367be9ca8,es,Spanish (español),violetagrisaceo,violeta grisáceo,Violeta grisáceo,rgb,156,136,176,1,10,full,white,en,en,2.1.2,
c7cfd9b2-8df1-456b-8956-4bc367be9ca8,es,Spanish (español),fucsia,fuxia,Fuxia,rgb,253,92,219,1,11,full,white,en,en,2.1.2,
c7cfd9b2-8df1-456b-8956-4bc367be9ca8,es,Spanish (español),bordo,bordo,Bordo,rgb,113,65,93,3,0,full,white,en,en,2.1.2,
c7cfd9b2-8df1-456b-8956-4bc367be9ca8,es,Spanish (español),violetaoscuro,violeta oscuro,Violeta oscuro,rgb,83,81,151,3,1,full,white,en,en,2.1.2,
c7cfd9b2-8df1-456b-8956-4bc367be9ca8,es,Spanish (español),violetaclaro,violeta claro,Violeta claro,rgb,158,126,208,3,2,full,white,en,en,2.1.2,
c7cfd9b2-8df1-456b-8956-4bc367be9ca8,es,Spanish (español),gris,gris,Gris,rgb,173,165,177,3,3,full,white,en,en,2.1.2,
c7cfd9b2-8df1-456b-8956-4bc367be9ca8,es,Spanish (español),tierra,tierra,Tierra,rgb,154,110,56,3,4,full,white,en,en,2.1.2,
c7cfd9b2-8df1-456b-8956-4bc367be9ca8,es,Spanish (español),rosasucio,rosa sucio,Rosa sucio,rgb,179,110,132,3,5,full,white,en,en,2.1.2,
c7cfd9b2-8df1-456b-8956-4bc367be9ca8,es,Spanish (español),azulmarino,azul marino,Azul marino,rgb,23,112,175,3,6,full,white,en,en,2.1.2,
c7cfd9b2-8df1-456b-8956-4bc367be9ca8,es,Spanish (español),verdefosforescente,verde fosforescente,Verde fosforescente,rgb,146,236,117,3,7,full,white,en,en,2.1.2,
c7cfd9b2-8df1-456b-8956-4bc367be9ca8,es,Spanish (español),bordobrillante,bordo brillante,Bordo brillante,rgb,139,44,86,3,8,full,white,en,en,2.1.2,
c7cfd9b2-8df1-456b-8956-4bc367be9ca8,es,Spanish (español),verde,verde,Verde,rgb,54,138,57,3,9,full,white,en,en,2.1.2,
c7cfd9b2-8df1-456b-8956-4bc367be9ca8,es,Spanish (español),fucsia,fuxia,Fuxia,rgb,231,91,230,3,10,full,white,en,en,2.1.2,
c7cfd9b2-8df1-456b-8956-4bc367be9ca8,es,Spanish (español),piel,piel,Piel,rgb,206,148,148,3,11,full,white,en,en,2.1.2,
c7cfd9b2-8df1-456b-8956-4bc367be9ca8,es,Spanish (español),fucsiaopaco,fuxia opaco,Fuxia opaco,rgb,214,40,115,5,0,full,white,en,en,2.1.2,
c7cfd9b2-8df1-456b-8956-4bc367be9ca8,es,Spanish (español),azuloscuro,azul oscuro,Azul oscuro,rgb,32,7,60,5,1,full,white,en,en,2.1.2,
c7cfd9b2-8df1-456b-8956-4bc367be9ca8,es,Spanish (español),violeta,violeta,Violeta,rgb,141,18,141,5,2,full,white,en,en,2.1.2,
c7cfd9b2-8df1-456b-8956-4bc367be9ca8,es,Spanish (español),grisamarronado,gris amarronado,Gris amarronado,rgb,131,102,109,5,3,full,white,en,en,2.1.2,
c7cfd9b2-8df1-456b-8956-4bc367be9ca8,es,Spanish (español),verdebosque,verde bosque,Verde bosque,rgb,47,71,15,5,4,full,white,en,en,2.1.2,
c7cfd9b2-8df1-456b-8956-4bc367be9ca8,es,Spanish (español),fucsia,fuxia,Fuxia,rgb,198,76,245,5,5,full,white,en,en,2.1.2,
c7cfd9b2-8df1-456b-8956-4bc367be9ca8,es,Spanish (español),bordo,bordo,Bordo,rgb,132,21,61,5,6,full,white,en,en,2.1.2,
c7cfd9b2-8df1-456b-8956-4bc367be9ca8,es,Spanish (español),marronclaro,marrón claro,Marrón claro,rgb,161,91,68,5,7,full,white,en,en,2.1.2,
c7cfd9b2-8df1-456b-8956-4bc367be9ca8,es,Spanish (español),amarillo,amarillo,Amarillo,rgb,239,242,87,5,8,full,white,en,en,2.1.2,
c7cfd9b2-8df1-456b-8956-4bc367be9ca8,es,Spanish (español),negro,negro,Negro,rgb,1,1,0,5,9,full,white,en,en,2.1.2,
c7cfd9b2-8df1-456b-8956-4bc367be9ca8,es,Spanish (español),naranjaamarronado,naranja amarronado,Naranja amarronado,rgb,188,47,40,5,10,full,white,en,en,2.1.2,
c7cfd9b2-8df1-456b-8956-4bc367be9ca8,es,Spanish (español),gris,gris,Gris,rgb,119,107,111,5,11,full,white,en,en,2.1.2,
15e4f8a8-eebf-49ea-9f24-4eeb2103161a,es,Spanish (español),celeste,celeste,Celeste,rgb,145,188,221,1,0,full,white,en,en,2.1.2,
15e4f8a8-eebf-49ea-9f24-4eeb2103161a,es,Spanish (español),azulmarino,azul marino,Azul marino,rgb,77,58,179,1,1,full,white,en,en,2.1.2,
15e4f8a8-eebf-49ea-9f24-4eeb2103161a,es,Spanish (español),morado,morado,Morado,rgb,124,63,214,1,2,full,white,en,en,2.1.2,
15e4f8a8-eebf-49ea-9f24-4eeb2103161a,es,Spanish (español),lila,lila,Lila,rgb,154,163,248,1,3,full,white,en,en,2.1.2,
15e4f8a8-eebf-49ea-9f24-4eeb2103161a,es,Spanish (español),verdefluorescente,verde fluorescente,Verde fluorescente,rgb,55,249,133,1,4,full,white,en,en,2.1.2,
15e4f8a8-eebf-49ea-9f24-4eeb2103161a,es,Spanish (español),amarillo,amarillo,Amarillo,rgb,223,248,169,1,5,full,white,en,en,2.1.2,
15e4f8a8-eebf-49ea-9f24-4eeb2103161a,es,Spanish (español),fucsia,fucsia,Fucsia,rgb,206,25,184,1,6,full,white,en,en,2.1.2,
15e4f8a8-eebf-49ea-9f24-4eeb2103161a,es,Spanish (español),verdepastel,verde pastel,Verde pastel,rgb,216,226,203,1,7,full,white,en,en,2.1.2,
15e4f8a8-eebf-49ea-9f24-4eeb2103161a,es,Spanish (español),verdeturco,verde turco,Verde turco,rgb,54,167,142,1,8,full,white,en,en,2.1.2,
15e4f8a8-eebf-49ea-9f24-4eeb2103161a,es,Spanish (español),verdeoliva,verde oliva,Verde oliva,rgb,49,52,33,1,9,full,white,en,en,2.1.2,
15e4f8a8-eebf-49ea-9f24-4eeb2103161a,es,Spanish (español),peridoto,peridoto,Peridoto,rgb,98,158,46,1,10,full,white,en,en,2.1.2,
15e4f8a8-eebf-49ea-9f24-4eeb2103161a,es,Spanish (español),piel,piel,Piel,rgb,187,170,117,1,11,full,white,en,en,2.1.2,
15e4f8a8-eebf-49ea-9f24-4eeb2103161a,es,Spanish (español),verdetiffany,verde tiffany,Verde Tiffany,rgb,109,177,148,3,0,full,white,en,en,2.1.2,
15e4f8a8-eebf-49ea-9f24-4eeb2103161a,es,Spanish (español),purpura,púrpura,Púrpura,rgb,28,4,85,3,1,full,white,en,en,2.1.2,
15e4f8a8-eebf-49ea-9f24-4eeb2103161a,es,Spanish (español),rosachillon,rosa chillón,Rosa chillón,rgb,204,55,127,3,2,full,white,en,en,2.1.2,
15e4f8a8-eebf-49ea-9f24-4eeb2103161a,es,Spanish (español),esmeralda,esmeralda,Esmeralda,rgb,8,119,79,3,3,full,white,en,en,2.1.2,
15e4f8a8-eebf-49ea-9f24-4eeb2103161a,es,Spanish (español),azul,azúl,Azúl,rgb,13,19,199,3,4,full,white,en,en,2.1.2,
15e4f8a8-eebf-49ea-9f24-4eeb2103161a,es,Spanish (español),purpuradetiro,púrpura de tiro,Púrpura de Tiro,rgb,35,15,70,3,5,full,white,en,en,2.1.2,
15e4f8a8-eebf-49ea-9f24-4eeb2103161a,es,Spanish (español),violeta,violeta,Violeta,rgb,142,25,158,3,6,full,white,en,en,2.1.2,
15e4f8a8-eebf-49ea-9f24-4eeb2103161a,es,Spanish (español),rosabarbie,rosado barbie,Rosado Barbie,rgb,234,63,126,3,7,full,white,en,en,2.1.2,
15e4f8a8-eebf-49ea-9f24-4eeb2103161a,es,Spanish (español),verdevivo,verde vivo,Verde vivo,rgb,43,233,96,3,8,full,white,en,en,2.1.2,
15e4f8a8-eebf-49ea-9f24-4eeb2103161a,es,Spanish (español),magenta,magenta,Magenta,rgb,219,42,239,3,9,full,white,en,en,2.1.2,
15e4f8a8-eebf-49ea-9f24-4eeb2103161a,es,Spanish (español),verdeoscuro,verde oscuro,Verde oscuro,rgb,14,33,21,3,10,full,white,en,en,2.1.2,
15e4f8a8-eebf-49ea-9f24-4eeb2103161a,es,Spanish (español),coralino,coralino,Coralino,rgb,244,36,101,3,11,full,white,en,en,2.1.2,
15e4f8a8-eebf-49ea-9f24-4eeb2103161a,es,Spanish (español),verdesalvia,verde salvia,Verde salvia,rgb,122,171,132,5,0,full,white,en,en,2.1.2,
15e4f8a8-eebf-49ea-9f24-4eeb2103161a,es,Spanish (español),azulacero,azúl acero,Azúl acero,rgb,120,156,184,5,1,full,white,en,en,2.1.2,
15e4f8a8-eebf-49ea-9f24-4eeb2103161a,es,Spanish (español),azul,azúl,Azúl,rgb,52,70,205,5,2,full,white,en,en,2.1.2,
15e4f8a8-eebf-49ea-9f24-4eeb2103161a,es,Spanish (español),verdeoliva,verde oliva,Verde oliva,rgb,88,102,58,5,3,full,white,en,en,2.1.2,
15e4f8a8-eebf-49ea-9f24-4eeb2103161a,es,Spanish (español),morado,morado,Morado,rgb,102,41,222,5,4,full,white,en,en,2.1.2,
15e4f8a8-eebf-49ea-9f24-4eeb2103161a,es,Spanish (español),verdeazulado,verde azulado,Verde azulado,rgb,93,149,145,5,5,full,white,en,en,2.1.2,
15e4f8a8-eebf-49ea-9f24-4eeb2103161a,es,Spanish (español),naranja,naranja,Naranja,rgb,217,128,40,5,6,full,white,en,en,2.1.2,
15e4f8a8-eebf-49ea-9f24-4eeb2103161a,es,Spanish (español),azulclaro,azúl claro,Azúl claro,rgb,155,196,233,5,7,full,white,en,en,2.1.2,
15e4f8a8-eebf-49ea-9f24-4eeb2103161a,es,Spanish (español),cadmio,cadmio,Cadmio,rgb,205,178,84,5,8,full,white,en,en,2.1.2,
15e4f8a8-eebf-49ea-9f24-4eeb2103161a,es,Spanish (español),rosa,rosado,Rosado,rgb,215,74,145,5,9,full,white,en,en,2.1.2,
15e4f8a8-eebf-49ea-9f24-4eeb2103161a,es,Spanish (español),moradorosaceo,morado rosáceo,Morado rosáceo,rgb,196,63,173,5,10,full,white,en,en,2.1.2,
15e4f8a8-eebf-49ea-9f24-4eeb2103161a,es,Spanish (español),verdebosque,verde bosque,Verde bosque,rgb,38,120,39,5,11,full,white,en,en,2.1.2,
1c52c920-d607-4ecc-b3fb-4421fb5765b6,es,Spanish (español),morado,morado,morado,rgb,126,0,174,1,0,full,white,en,en,2.1.2,
1c52c920-d607-4ecc-b3fb-4421fb5765b6,es,Spanish (español),negro,negro,negro,rgb,4,1,2,1,1,full,white,en,en,2.1.2,
1c52c920-d607-4ecc-b3fb-4421fb5765b6,es,Spanish (español),rosa,rosado,rosado,rgb,204,231,245,1,2,full,white,en,en,2.1.2,
1c52c920-d607-4ecc-b3fb-4421fb5765b6,es,Spanish (español),celeste,celeste,celeste,rgb,187,158,246,1,3,full,white,en,en,2.1.2,
1c52c920-d607-4ecc-b3fb-4421fb5765b6,es,Spanish (español),mostasa,mostasa,mostasa,rgb,185,227,38,1,4,full,white,en,en,2.1.2,
1c52c920-d607-4ecc-b3fb-4421fb5765b6,es,Spanish (español),gris,gris,gris,rgb,92,65,97,1,5,full,white,en,en,2.1.2,
1c52c920-d607-4ecc-b3fb-4421fb5765b6,es,Spanish (español),morado,morado,morado,rgb,230,59,236,1,6,full,white,en,en,2.1.2,
1c52c920-d607-4ecc-b3fb-4421fb5765b6,es,Spanish (español),gris,gris,gris,rgb,98,151,139,1,7,full,white,en,en,2.1.2,
1c52c920-d607-4ecc-b3fb-4421fb5765b6,es,Spanish (español),gris,gris,gris,rgb,100,29,90,1,8,full,white,en,en,2.1.2,
1c52c920-d607-4ecc-b3fb-4421fb5765b6,es,Spanish (español),fusia,fusia,fusia,rgb,212,108,134,1,9,full,white,en,en,2.1.2,
1c52c920-d607-4ecc-b3fb-4421fb5765b6,es,Spanish (español),azul,azul,azul,rgb,54,39,170,1,10,full,white,en,en,2.1.2,
1c52c920-d607-4ecc-b3fb-4421fb5765b6,es,Spanish (español),gris,gris,gris,rgb,211,225,230,1,11,full,white,en,en,2.1.2,
1c52c920-d607-4ecc-b3fb-4421fb5765b6,es,Spanish (español),rosa,rosado,rosado,rgb,254,159,150,3,0,full,white,en,en,2.1.2,
1c52c920-d607-4ecc-b3fb-4421fb5765b6,es,Spanish (español),morado,morado,morado,rgb,72,90,131,3,1,full,white,en,en,2.1.2,
1c52c920-d607-4ecc-b3fb-4421fb5765b6,es,Spanish (español),morado,morado,morado,rgb,43,123,178,3,2,full,white,en,en,2.1.2,
1c52c920-d607-4ecc-b3fb-4421fb5765b6,es,Spanish (español),azul,azul,azul,rgb,77,54,122,3,3,full,white,en,en,2.1.2,
1c52c920-d607-4ecc-b3fb-4421fb5765b6,es,Spanish (español),verde,verde,verde,rgb,74,233,168,3,4,full,white,en,en,2.1.2,
1c52c920-d607-4ecc-b3fb-4421fb5765b6,es,Spanish (español),azul,azul,azul,rgb,54,6,65,3,5,full,white,en,en,2.1.2,
1c52c920-d607-4ecc-b3fb-4421fb5765b6,es,Spanish (español),verde,verde,verde,rgb,88,127,121,3,6,full,white,en,en,2.1.2,
1c52c920-d607-4ecc-b3fb-4421fb5765b6,es,Spanish (español),rosa,rosado,rosado,rgb,209,233,216,3,7,full,white,en,en,2.1.2,
1c52c920-d607-4ecc-b3fb-4421fb5765b6,es,Spanish (español),cafe,cafe,cafe,rgb,67,92,61,3,8,full,white,en,en,2.1.2,
1c52c920-d607-4ecc-b3fb-4421fb5765b6,es,Spanish (español),verde,verde,verde,rgb,95,156,101,3,9,full,white,en,en,2.1.2,
1c52c920-d607-4ecc-b3fb-4421fb5765b6,es,Spanish (español),azul,azul,azul,rgb,44,142,186,3,10,full,white,en,en,2.1.2,
1c52c920-d607-4ecc-b3fb-4421fb5765b6,es,Spanish (español),azul,azul,azul,rgb,4,51,86,3,11,full,white,en,en,2.1.2,
1c52c920-d607-4ecc-b3fb-4421fb5765b6,es,Spanish (español),morado,morado,morado,rgb,107,72,151,5,0,full,white,en,en,2.1.2,
1c52c920-d607-4ecc-b3fb-4421fb5765b6,es,Spanish (español),verde,verde,verde,rgb,168,199,110,5,1,full,white,en,en,2.1.2,
1c52c920-d607-4ecc-b3fb-4421fb5765b6,es,Spanish (español),azul,azul,azul,rgb,40,48,121,5,2,full,white,en,en,2.1.2,
1c52c920-d607-4ecc-b3fb-4421fb5765b6,es,Spanish (español),rosa,rosado,rosado,rgb,160,203,210,5,3,full,white,en,en,2.1.2,
1c52c920-d607-4ecc-b3fb-4421fb5765b6,es,Spanish (español),cafe,cafe,cafe,rgb,57,108,37,5,4,full,white,en,en,2.1.2,
1c52c920-d607-4ecc-b3fb-4421fb5765b6,es,Spanish (español),rojo,rojo,rojo,rgb,147,62,19,5,5,full,white,en,en,2.1.2,
1c52c920-d607-4ecc-b3fb-4421fb5765b6,es,Spanish (español),negro,negro,negro,rgb,41,0,1,5,6,full,white,en,en,2.1.2,
1c52c920-d607-4ecc-b3fb-4421fb5765b6,es,Spanish (español),morado,morado,morado,rgb,159,65,161,5,7,full,white,en,en,2.1.2,
1c52c920-d607-4ecc-b3fb-4421fb5765b6,es,Spanish (español),celeste,celeste,celeste,rgb,96,188,228,5,8,full,white,en,en,2.1.2,
1c52c920-d607-4ecc-b3fb-4421fb5765b6,es,Spanish (español),gris,gris,gris,rgb,34,111,118,5,9,full,white,en,en,2.1.2,
1c52c920-d607-4ecc-b3fb-4421fb5765b6,es,Spanish (español),azul,azul,azul,rgb,77,60,189,5,10,full,white,en,en,2.1.2,
1c52c920-d607-4ecc-b3fb-4421fb5765b6,es,Spanish (español),mostaza,mostaza,mostaza,rgb,176,218,56,5,11,full,white,en,en,2.1.2,
7c11805e-ac1c-4c5d-adc6-83f6fcb84888,es,Spanish (español),turquesa,turquesa,turquesa,rgb,147,195,214,1,0,full,white,en,es,2.1.2,
7c11805e-ac1c-4c5d-adc6-83f6fcb84888,es,Spanish (español),oliva,oliva,oliva,rgb,172,172,124,1,1,full,white,en,es,2.1.2,
7c11805e-ac1c-4c5d-adc6-83f6fcb84888,es,Spanish (español),frambuesa,frambuesa,frambuesa,rgb,211,53,106,1,2,full,white,en,es,2.1.2,
7c11805e-ac1c-4c5d-adc6-83f6fcb84888,es,Spanish (español),violeta,violeta,violeta,rgb,137,26,124,1,3,full,white,en,es,2.1.2,
7c11805e-ac1c-4c5d-adc6-83f6fcb84888,es,Spanish (español),menta,menta,menta,rgb,175,248,180,1,4,full,white,en,es,2.1.2,
7c11805e-ac1c-4c5d-adc6-83f6fcb84888,es,Spanish (español),negro,negro,negro,rgb,16,3,0,1,5,full,white,en,es,2.1.2,
7c11805e-ac1c-4c5d-adc6-83f6fcb84888,es,Spanish (español),anaranjado,anaranjado,anaranjado,rgb,203,118,76,1,6,full,white,en,es,2.1.2,
7c11805e-ac1c-4c5d-adc6-83f6fcb84888,es,Spanish (español),morado,morado,morado,rgb,118,36,213,1,7,full,white,en,es,2.1.2,
7c11805e-ac1c-4c5d-adc6-83f6fcb84888,es,Spanish (español),violeta,violeta,violeta,rgb,116,64,111,1,8,full,white,en,es,2.1.2,
7c11805e-ac1c-4c5d-adc6-83f6fcb84888,es,Spanish (español),pistache,pistache,pistache,rgb,214,241,117,1,9,full,white,en,es,2.1.2,
7c11805e-ac1c-4c5d-adc6-83f6fcb84888,es,Spanish (español),cyan,cian,cian,rgb,58,171,221,1,10,full,white,en,es,2.1.2,
7c11805e-ac1c-4c5d-adc6-83f6fcb84888,es,Spanish (español),magenta,magenta,magenta,rgb,237,43,118,1,11,full,white,en,es,2.1.2,
7c11805e-ac1c-4c5d-adc6-83f6fcb84888,es,Spanish (español),oliva,oliva,oliva,rgb,151,134,65,3,0,full,white,en,es,2.1.2,
7c11805e-ac1c-4c5d-adc6-83f6fcb84888,es,Spanish (español),jade,jade,jade,rgb,34,125,73,3,1,full,white,en,es,2.1.2,
7c11805e-ac1c-4c5d-adc6-83f6fcb84888,es,Spanish (español),azulmarino,azul marino,azul marino,rgb,47,73,87,3,2,full,white,en,es,2.1.2,
7c11805e-ac1c-4c5d-adc6-83f6fcb84888,es,Spanish (español),magenta,magenta,magenta,rgb,214,50,253,3,3,full,white,en,es,2.1.2,
7c11805e-ac1c-4c5d-adc6-83f6fcb84888,es,Spanish (español),lavanda,lavanda,lavanda,rgb,168,121,212,3,4,full,white,en,es,2.1.2,
7c11805e-ac1c-4c5d-adc6-83f6fcb84888,es,Spanish (español),morado,morado,morado,rgb,61,33,93,3,5,full,white,en,es,2.1.2,
7c11805e-ac1c-4c5d-adc6-83f6fcb84888,es,Spanish (español),lavanda,lavanda,lavanda,rgb,169,129,208,3,6,full,white,en,es,2.1.2,
7c11805e-ac1c-4c5d-adc6-83f6fcb84888,es,Spanish (español),magenta,magenta,magenta,rgb,192,67,224,3,7,full,white,en,es,2.1.2,
7c11805e-ac1c-4c5d-adc6-83f6fcb84888,es,Spanish (español),verdeoscuro,verde oscuro,verde oscuro,rgb,25,77,82,3,8,full,white,en,es,2.1.2,
7c11805e-ac1c-4c5d-adc6-83f6fcb84888,es,Spanish (español),indigo,índigo,índigo,rgb,105,79,218,3,9,full,white,en,es,2.1.2,
7c11805e-ac1c-4c5d-adc6-83f6fcb84888,es,Spanish (español),purpura,púrpura,púrpura,rgb,136,98,202,3,10,full,white,en,es,2.1.2,
7c11805e-ac1c-4c5d-adc6-83f6fcb84888,es,Spanish (español),castana,castaña,castaña,rgb,85,56,62,3,11,full,white,en,es,2.1.2,
7c11805e-ac1c-4c5d-adc6-83f6fcb84888,es,Spanish (español),azul,azul,azul,rgb,8,54,189,5,0,full,white,en,es,2.1.2,
7c11805e-ac1c-4c5d-adc6-83f6fcb84888,es,Spanish (español),marron,marrón,marrón,rgb,103,73,28,5,1,full,white,en,es,2.1.2,
7c11805e-ac1c-4c5d-adc6-83f6fcb84888,es,Spanish (español),cafe,café,café,rgb,151,86,78,5,2,full,white,en,es,2.1.2,
7c11805e-ac1c-4c5d-adc6-83f6fcb84888,es,Spanish (español),rojo,rojo,rojo,rgb,202,83,85,5,3,full,white,en,es,2.1.2,
7c11805e-ac1c-4c5d-adc6-83f6fcb84888,es,Spanish (español),anaranjado,anaranjado,anaranjado,rgb,209,125,60,5,4,full,white,en,es,2.1.2,
7c11805e-ac1c-4c5d-adc6-83f6fcb84888,es,Spanish (español),negro,negro,negro,rgb,37,1,16,5,5,full,white,en,es,2.1.2,
7c11805e-ac1c-4c5d-adc6-83f6fcb84888,es,Spanish (español),anaranjado,anaranjado,anaranjado,rgb,207,124,58,5,6,full,white,en,es,2.1.2,
7c11805e-ac1c-4c5d-adc6-83f6fcb84888,es,Spanish (español),lima,lima,lima,rgb,171,169,39,5,7,full,white,en,es,2.1.2,
7c11805e-ac1c-4c5d-adc6-83f6fcb84888,es,Spanish (español),rosa,rosa,rosa,rgb,205,75,163,5,8,full,white,en,es,2.1.2,
7c11805e-ac1c-4c5d-adc6-83f6fcb84888,es,Spanish (español),verdeoscuro,verde oscuro,verde oscuro,rgb,26,123,19,5,9,full,white,en,es,2.1.2,
7c11805e-ac1c-4c5d-adc6-83f6fcb84888,es,Spanish (español),carne,carne,carne,rgb,220,177,168,5,10,full,white,en,es,2.1.2,
7c11805e-ac1c-4c5d-adc6-83f6fcb84888,es,Spanish (español),verde,verde,verde,rgb,36,201,78,5,11,full,white,en,es,2.1.2,
2934a629-bdbf-4880-8e92-063a017d4020,es,Spanish (español),verdeoscuro,verde oscuro,Verde oscuro,rgb,19,46,21,1,0,full,white,en,en,2.1.2,
2934a629-bdbf-4880-8e92-063a017d4020,es,Spanish (español),menta,menta,Menta,rgb,183,205,201,1,1,full,white,en,en,2.1.2,
2934a629-bdbf-4880-8e92-063a017d4020,es,Spanish (español),azul,azul,Azul,rgb,98,137,254,1,2,full,white,en,en,2.1.2,
2934a629-bdbf-4880-8e92-063a017d4020,es,Spanish (español),azul,azul,Azul,rgb,54,55,219,1,3,full,white,en,en,2.1.2,
2934a629-bdbf-4880-8e92-063a017d4020,es,Spanish (español),turquesa,turquesa,Turquesa,rgb,148,250,219,1,4,full,white,en,en,2.1.2,
2934a629-bdbf-4880-8e92-063a017d4020,es,Spanish (español),marron,marrón,Marrón,rgb,210,155,112,1,5,full,white,en,en,2.1.2,
2934a629-bdbf-4880-8e92-063a017d4020,es,Spanish (español),verde,verde,Verde,rgb,143,237,102,1,6,full,white,en,en,2.1.2,
2934a629-bdbf-4880-8e92-063a017d4020,es,Spanish (español),naranja,naranja,Naranja,rgb,250,134,35,1,7,full,white,en,en,2.1.2,
2934a629-bdbf-4880-8e92-063a017d4020,es,Spanish (español),rosa,rosa,Rosa,rgb,253,128,189,1,8,full,white,en,en,2.1.2,
2934a629-bdbf-4880-8e92-063a017d4020,es,Spanish (español),negro,negro,Negro,rgb,14,31,35,1,9,full,white,en,en,2.1.2,
2934a629-bdbf-4880-8e92-063a017d4020,es,Spanish (español),morado,morado,Morado,rgb,156,86,231,1,10,full,white,en,en,2.1.2,
2934a629-bdbf-4880-8e92-063a017d4020,es,Spanish (español),burdeos,burdeos,Burdeos,rgb,182,48,73,1,11,full,white,en,en,2.1.2,
2934a629-bdbf-4880-8e92-063a017d4020,es,Spanish (español),azulcobalto,azul cobalto,Azul cobalto,rgb,75,116,188,3,0,full,white,en,en,2.1.2,
2934a629-bdbf-4880-8e92-063a017d4020,es,Spanish (español),azulmarino,azul marino,Azul marino,rgb,51,25,215,3,1,full,white,en,en,2.1.2,
2934a629-bdbf-4880-8e92-063a017d4020,es,Spanish (español),rosa,rosa,Rosa,rgb,203,91,180,3,2,full,white,en,en,2.1.2,
2934a629-bdbf-4880-8e92-063a017d4020,es,Spanish (español),rosa,rosa,Rosa,rgb,207,120,178,3,3,full,white,en,en,2.1.2,
2934a629-bdbf-4880-8e92-063a017d4020,es,Spanish (español),verde,verde,Verde,rgb,116,154,104,3,4,full,white,en,en,2.1.2,
2934a629-bdbf-4880-8e92-063a017d4020,es,Spanish (español),negro,negro,Negro,rgb,41,4,20,3,5,full,white,en,en,2.1.2,
2934a629-bdbf-4880-8e92-063a017d4020,es,Spanish (español),verde,verde,Verde,rgb,4,195,87,3,6,full,white,en,en,2.1.2,
2934a629-bdbf-4880-8e92-063a017d4020,es,Spanish (español),rosa,rosa,Rosa,rgb,208,113,177,3,7,full,white,en,en,2.1.2,
2934a629-bdbf-4880-8e92-063a017d4020,es,Spanish (español),azul,azul,Azul,rgb,36,63,245,3,8,full,white,en,en,2.1.2,
2934a629-bdbf-4880-8e92-063a017d4020,es,Spanish (español),azulcobalto,azul cobalto,Azul cobalto,rgb,9,76,93,3,9,full,white,en,en,2.1.2,
2934a629-bdbf-4880-8e92-063a017d4020,es,Spanish (español),marron,marrón,Marrón,rgb,57,40,37,3,10,full,white,en,en,2.1.2,
2934a629-bdbf-4880-8e92-063a017d4020,es,Spanish (español),turquesa,turquesa,Turquesa,rgb,75,227,224,3,11,full,white,en,en,2.1.2,
2934a629-bdbf-4880-8e92-063a017d4020,es,Spanish (español),morado,morado,Morado,rgb,95,63,98,5,0,full,white,en,en,2.1.2,
2934a629-bdbf-4880-8e92-063a017d4020,es,Spanish (español),carne,carne,Carne,rgb,233,162,161,5,1,full,white,en,en,2.1.2,
2934a629-bdbf-4880-8e92-063a017d4020,es,Spanish (español),morado,morado,Morado,rgb,75,56,137,5,2,full,white,en,en,2.1.2,
2934a629-bdbf-4880-8e92-063a017d4020,es,Spanish (español),fucsia,fucsia,Fucsia,rgb,206,50,133,5,3,full,white,en,en,2.1.2,
2934a629-bdbf-4880-8e92-063a017d4020,es,Spanish (español),verde,verde,Verde,rgb,137,234,115,5,4,full,white,en,en,2.1.2,
2934a629-bdbf-4880-8e92-063a017d4020,es,Spanish (español),marron,marrón,Marrón,rgb,102,39,20,5,5,full,white,en,en,2.1.2,
2934a629-bdbf-4880-8e92-063a017d4020,es,Spanish (español),menta,menta,Menta,rgb,176,225,191,5,6,full,white,en,en,2.1.2,
2934a629-bdbf-4880-8e92-063a017d4020,es,Spanish (español),azulmarino,azul marino,Azul marino,rgb,24,18,114,5,7,full,white,en,en,2.1.2,
2934a629-bdbf-4880-8e92-063a017d4020,es,Spanish (español),verdefosforito,verde fosforito,Verde fosforito,rgb,86,249,81,5,8,full,white,en,en,2.1.2,
2934a629-bdbf-4880-8e92-063a017d4020,es,Spanish (español),gris,gris,Gris,rgb,222,236,240,5,9,full,white,en,en,2.1.2,
2934a629-bdbf-4880-8e92-063a017d4020,es,Spanish (español),violeta,violeta,Violeta,rgb,194,146,216,5,10,full,white,en,en,2.1.2,
2934a629-bdbf-4880-8e92-063a017d4020,es,Spanish (español),morado,morado,Morado,rgb,102,13,147,5,11,full,white,en,en,2.1.2,
ef7006a6-c316-48bd-9d60-6d2589c3564a,es,Spanish (español),bermellon,bermellón,bermellón,p3,0.408107,0.0317135,0.207336,1,0,full,white,en,en,2.1.2,
ef7006a6-c316-48bd-9d60-6d2589c3564a,es,Spanish (español),amarillovomito,amarillo vómito,amarillo vómito,p3,0.916402,0.97447,0.627392,1,1,full,white,en,en,2.1.2,
ef7006a6-c316-48bd-9d60-6d2589c3564a,es,Spanish (español),marron,marrón,marrón,p3,0.481079,0.363012,0.0772396,1,2,full,white,en,en,2.1.2,
ef7006a6-c316-48bd-9d60-6d2589c3564a,es,Spanish (español),verde,verde,verde,p3,0.560353,0.836872,0.414869,1,3,full,white,en,en,2.1.2,
ef7006a6-c316-48bd-9d60-6d2589c3564a,es,Spanish (español),negro,negro,negro,p3,0.117329,0.138288,0.164251,1,4,full,white,en,en,2.1.2,
ef7006a6-c316-48bd-9d60-6d2589c3564a,es,Spanish (español),azulreal,azul real,azul real,p3,0.238538,0.187596,0.538463,1,5,full,white,en,en,2.1.2,
ef7006a6-c316-48bd-9d60-6d2589c3564a,es,Spanish (español),fucsia,fucsia,fucsia,p3,0.765247,0.0502699,0.536862,1,6,full,white,en,en,2.1.2,
ef7006a6-c316-48bd-9d60-6d2589c3564a,es,Spanish (español),salmon,salmón,salmón,p3,0.899738,0.574594,0.478725,1,7,full,white,en,en,2.1.2,
ef7006a6-c316-48bd-9d60-6d2589c3564a,es,Spanish (español),rosaelectrico,rosa eléctrico,rosa eléctrico,p3,0.954038,0.387574,0.973154,1,8,full,white,en,en,2.1.2,
ef7006a6-c316-48bd-9d60-6d2589c3564a,es,Spanish (español),azulmarino,azul marino,azul marino,p3,0.14138,0.0413044,0.331113,1,9,full,white,en,en,2.1.2,
ef7006a6-c316-48bd-9d60-6d2589c3564a,es,Spanish (español),verdebosque,verde bosque,verde bosque,p3,0.238393,0.297571,0.0691196,1,10,full,white,en,en,2.1.2,
ef7006a6-c316-48bd-9d60-6d2589c3564a,es,Spanish (español),pistacho,pistacho,pistacho,p3,0.815018,0.863802,0.244274,1,11,full,white,en,en,2.1.2,
ef7006a6-c316-48bd-9d60-6d2589c3564a,es,Spanish (español),verdesalvia,verde salvia,verde salvia,p3,0.57451,0.612688,0.420279,3,0,full,white,en,en,2.1.2,
ef7006a6-c316-48bd-9d60-6d2589c3564a,es,Spanish (español),violeta,violeta,violeta,p3,0.791742,0.551299,0.911758,3,1,full,white,en,en,2.1.2,
ef7006a6-c316-48bd-9d60-6d2589c3564a,es,Spanish (español),rojo,rojo,rojo,p3,0.921498,0.276382,0.307313,3,2,full,white,en,en,2.1.2,
ef7006a6-c316-48bd-9d60-6d2589c3564a,es,Spanish (español),negro,negro,negro,p3,0.116414,0.00238153,0.00527737,3,3,full,white,en,en,2.1.2,
ef7006a6-c316-48bd-9d60-6d2589c3564a,es,Spanish (español),topo,topo,topo,p3,0.721211,0.696369,0.634395,3,4,full,white,en,en,2.1.2,
ef7006a6-c316-48bd-9d60-6d2589c3564a,es,Spanish (español),morado,morado,morado,p3,0.44373,0.242195,0.372596,3,6,full,white,en,en,2.1.2,
ef7006a6-c316-48bd-9d60-6d2589c3564a,es,Spanish (español),azulturquesa,azul turquesa,azul turquesa,p3,0.184987,0.863356,0.895047,3,7,full,white,en,en,2.1.2,
ef7006a6-c316-48bd-9d60-6d2589c3564a,es,Spanish (español),verdebrillante,verde brillante,verde brillante,p3,0.0203662,0.804973,0.355533,3,8,full,white,en,en,2.1.2,
ef7006a6-c316-48bd-9d60-6d2589c3564a,es,Spanish (español),lima,lima,lima,p3,0.481261,0.985299,0.242526,3,9,full,white,en,en,2.1.2,
ef7006a6-c316-48bd-9d60-6d2589c3564a,es,Spanish (español),berenjena,berenjena,berenjena,p3,0.236062,0.18731,0.320634,3,10,full,white,en,en,2.1.2,
ef7006a6-c316-48bd-9d60-6d2589c3564a,es,Spanish (español),azultinta,azul tinta,azul tinta,p3,0.225074,0.352621,0.456074,3,11,full,white,en,en,2.1.2,
ef7006a6-c316-48bd-9d60-6d2589c3564a,es,Spanish (español),morado,morado,morado,p3,0.423096,0.193997,0.866292,5,0,full,white,en,en,2.1.2,
ef7006a6-c316-48bd-9d60-6d2589c3564a,es,Spanish (español),berenjenamuerta,berenjena muerta,berenjena muerta,p3,0.448589,0.433281,0.584042,5,1,full,white,en,en,2.1.2,
ef7006a6-c316-48bd-9d60-6d2589c3564a,es,Spanish (español),aguamarina,aguamarina,aguamarina,p3,0.685743,0.919545,0.814522,5,2,full,white,en,en,2.1.2,
ef7006a6-c316-48bd-9d60-6d2589c3564a,es,Spanish (español),ocre,ocre,ocre,p3,0.686412,0.508392,0.0525371,5,3,full,white,en,en,2.1.2,
ef7006a6-c316-48bd-9d60-6d2589c3564a,es,Spanish (español),moradoclaro,morado claro,morado claro,p3,0.608288,0.342703,0.837861,5,4,full,white,en,en,2.1.2,
ef7006a6-c316-48bd-9d60-6d2589c3564a,es,Spanish (español),azulceruleo,azul ceruleo,azul ceruleo,p3,0.361482,0.439958,0.852081,5,5,full,white,en,en,2.1.2,
ef7006a6-c316-48bd-9d60-6d2589c3564a,es,Spanish (español),azul,azul,azul,p3,0.000527211,0.679797,0.849811,5,6,full,white,en,en,2.1.2,
ef7006a6-c316-48bd-9d60-6d2589c3564a,es,Spanish (español),azul,azul,azul,p3,0.0932338,0.31539,0.959714,5,7,full,white,en,en,2.1.2,
ef7006a6-c316-48bd-9d60-6d2589c3564a,es,Spanish (español),rosa,rosa,rosa,p3,0.977118,0.658586,0.783944,5,8,full,white,en,en,2.1.2,
ef7006a6-c316-48bd-9d60-6d2589c3564a,es,Spanish (español),rosapalo,rosa palo,rosa palo,p3,0.745256,0.374792,0.502326,5,9,full,white,en,en,2.1.2,
ef7006a6-c316-48bd-9d60-6d2589c3564a,es,Spanish (español),verdebosque,verde bosque,verde bosque,p3,0.352295,0.542408,0.212467,5,10,full,white,en,en,2.1.2,
073d75a0-6c8c-46f4-85be-4a81ce52341b,es,Spanish (español),verde,verde,Verde,p3,0.520124,0.676835,0.48229,1,0,full,white,en,en,2.1.2,
073d75a0-6c8c-46f4-85be-4a81ce52341b,es,Spanish (español),morado,morado,Morado,p3,0.454657,0.217783,0.880377,1,1,full,white,en,en,2.1.2,
073d75a0-6c8c-46f4-85be-4a81ce52341b,es,Spanish (español),amarilloverdoso,amarillo verdoso,Amarillo verdoso,p3,0.73414,0.766107,0.472833,1,2,full,white,en,en,2.1.2,
073d75a0-6c8c-46f4-85be-4a81ce52341b,es,Spanish (español),morado,morado,Morado,p3,0.326658,0.000602,0.596821,1,3,full,white,en,en,2.1.2,
073d75a0-6c8c-46f4-85be-4a81ce52341b,es,Spanish (español),marron,marrón,Marrón,p3,0.637636,0.545703,0.494705,1,4,full,white,en,en,2.1.2,
073d75a0-6c8c-46f4-85be-4a81ce52341b,es,Spanish (español),aqua,aqua,Aqua,p3,0.457119,0.823565,0.814014,1,5,full,white,en,en,2.1.2,
073d75a0-6c8c-46f4-85be-4a81ce52341b,es,Spanish (español),negro,negro,Negro,p3,0.012009,0.000313,0.000752,1,6,full,white,en,en,2.1.2,
073d75a0-6c8c-46f4-85be-4a81ce52341b,es,Spanish (español),naranja,naranja,Naranja,p3,0.756402,0.314289,0.002825,1,7,full,white,en,en,2.1.2,
073d75a0-6c8c-46f4-85be-4a81ce52341b,es,Spanish (español),lila,lila,Lila,p3,0.716174,0.679163,0.809459,1,8,full,white,en,en,2.1.2,
073d75a0-6c8c-46f4-85be-4a81ce52341b,es,Spanish (español),crema,crema,Crema,p3,0.999003,0.796421,0.726069,1,9,full,white,en,en,2.1.2,
073d75a0-6c8c-46f4-85be-4a81ce52341b,es,Spanish (español),rosa,rosado,Rosado,p3,0.953848,0.489339,0.681323,1,10,full,white,en,en,2.1.2,
073d75a0-6c8c-46f4-85be-4a81ce52341b,es,Spanish (español),morado,morado,Morado,p3,0.375659,0.327345,0.575329,1,11,full,white,en,en,2.1.2,
073d75a0-6c8c-46f4-85be-4a81ce52341b,es,Spanish (español),azul,azul,Azul,p3,0.313624,0.652633,0.977403,3,0,full,white,en,en,2.1.2,
073d75a0-6c8c-46f4-85be-4a81ce52341b,es,Spanish (español),naranja,naranja,Naranja,p3,0.773036,0.499736,0.173361,3,1,full,white,en,en,2.1.2,
073d75a0-6c8c-46f4-85be-4a81ce52341b,es,Spanish (español),morado,morado,Morado,p3,0.526378,0.184205,0.511347,3,2,full,white,en,en,2.1.2,
073d75a0-6c8c-46f4-85be-4a81ce52341b,es,Spanish (español),verde,verde,Verde,p3,0.261634,0.419269,0.382245,3,3,full,white,en,en,2.1.2,
073d75a0-6c8c-46f4-85be-4a81ce52341b,es,Spanish (español),oliva,oliva,Oliva,p3,0.378959,0.36121,0.065899,3,4,full,white,en,en,2.1.2,
073d75a0-6c8c-46f4-85be-4a81ce52341b,es,Spanish (español),magenta,magenta,Magenta,p3,0.779903,0.132538,0.895151,3,5,full,white,en,en,2.1.2,
073d75a0-6c8c-46f4-85be-4a81ce52341b,es,Spanish (español),naranja,naranja,Naranja,p3,0.969417,0.386693,0.334653,3,6,full,white,en,en,2.1.2,
073d75a0-6c8c-46f4-85be-4a81ce52341b,es,Spanish (español),verde,verde,Verde,p3,0.75246,0.981282,0.749124,3,7,full,white,en,en,2.1.2,
073d75a0-6c8c-46f4-85be-4a81ce52341b,es,Spanish (español),verde,verde,Verde,p3,0.470695,0.804453,0.366226,3,8,full,white,en,en,2.1.2,
073d75a0-6c8c-46f4-85be-4a81ce52341b,es,Spanish (español),marron,marrón,Marrón,p3,0.479479,0.250764,0.082143,3,9,full,white,en,en,2.1.2,
073d75a0-6c8c-46f4-85be-4a81ce52341b,es,Spanish (español),azul,azul,Azul,p3,0.085026,0.03455,0.553076,3,10,full,white,en,en,2.1.2,
073d75a0-6c8c-46f4-85be-4a81ce52341b,es,Spanish (español),turquesa,turquesa,Turquesa,p3,0.28053,0.64673,0.681131,3,11,full,white,en,en,2.1.2,
073d75a0-6c8c-46f4-85be-4a81ce52341b,es,Spanish (español),morado,morado,Morado,p3,0.347431,0.190325,0.363572,5,0,full,white,en,en,2.1.2,
073d75a0-6c8c-46f4-85be-4a81ce52341b,es,Spanish (español),negro,negro,Negro,p3,0.033108,0.106637,0.052888,5,1,full,white,en,en,2.1.2,
073d75a0-6c8c-46f4-85be-4a81ce52341b,es,Spanish (español),azul,azul,Azul,p3,0.122527,0.334549,0.922156,5,2,full,white,en,en,2.1.2,
073d75a0-6c8c-46f4-85be-4a81ce52341b,es,Spanish (español),moradooscuro,morado oscuro,Morado oscuro,p3,0.159722,0.021162,0.123575,5,3,full,white,en,en,2.1.2,
073d75a0-6c8c-46f4-85be-4a81ce52341b,es,Spanish (español),rosa,rosado,Rosado,p3,0.740548,0.073512,0.275792,5,4,full,white,en,en,2.1.2,
073d75a0-6c8c-46f4-85be-4a81ce52341b,es,Spanish (español),magenta,magenta,Magenta,p3,0.935278,0.334101,0.911941,5,5,full,white,en,en,2.1.2,
073d75a0-6c8c-46f4-85be-4a81ce52341b,es,Spanish (español),verde,verde,Verde,p3,0.087139,0.92909,0.778207,5,6,full,white,en,en,2.1.2,
073d75a0-6c8c-46f4-85be-4a81ce52341b,es,Spanish (español),azulmarino,azul marino,Azul marino,p3,0.037863,0.176186,0.254654,5,7,full,white,en,en,2.1.2,
073d75a0-6c8c-46f4-85be-4a81ce52341b,es,Spanish (español),rosa,rosado,Rosado,p3,0.921384,0.104738,0.342646,5,8,full,white,en,en,2.1.2,
073d75a0-6c8c-46f4-85be-4a81ce52341b,es,Spanish (español),azulmorado,azul morado,Azul-Morado,p3,0.384323,0.456008,0.902244,5,9,full,white,en,en,2.1.2,
073d75a0-6c8c-46f4-85be-4a81ce52341b,es,Spanish (español),verde,verde,Verde,p3,0.01725,0.307779,0.162138,5,10,full,white,en,en,2.1.2,
073d75a0-6c8c-46f4-85be-4a81ce52341b,es,Spanish (español),morado,morado,Morado,p3,0.584721,0.542555,0.741457,5,11,full,white,en,en,2.1.2,
45ed441f-ac9c-4c68-ba2b-873330d73e17,es,Spanish (español),black,black,Black,p3,0.000087,0.000078,0,1,2,full,white,en,es,2.1.2,
45ed441f-ac9c-4c68-ba2b-873330d73e17,es,Spanish (español),magenta,magenta,Magenta,p3,0.605888,0.063225,0.401742,1,5,full,white,en,es,2.1.2,
45ed441f-ac9c-4c68-ba2b-873330d73e17,es,Spanish (español),olive,olive,Olive,p3,0.664907,0.679848,0.301875,1,6,full,white,en,es,2.1.2,
45ed441f-ac9c-4c68-ba2b-873330d73e17,es,Spanish (español),lavander,lavander,Lavander,p3,0.356247,0.451938,0.807591,1,9,full,white,en,es,2.1.2,
45ed441f-ac9c-4c68-ba2b-873330d73e17,es,Spanish (español),black,black,Black,p3,0.162096,0.101704,0.08042,1,11,full,white,en,es,2.1.2,
45ed441f-ac9c-4c68-ba2b-873330d73e17,es,Spanish (español),rosa,rosa,Rosa,p3,0.976915,0.75122,0.847882,3,0,full,white,en,es,2.1.2,
45ed441f-ac9c-4c68-ba2b-873330d73e17,es,Spanish (español),turquesa,turquesa,Turquesa,p3,0.723673,0.932357,0.889689,3,1,full,white,en,es,2.1.2,
45ed441f-ac9c-4c68-ba2b-873330d73e17,es,Spanish (español),marron,marron,Marron,p3,0.347154,0.179461,0.032851,3,2,full,white,en,es,2.1.2,
45ed441f-ac9c-4c68-ba2b-873330d73e17,es,Spanish (español),negro,negro,Negro,p3,0.018599,0.006616,0.093325,3,3,full,white,en,es,2.1.2,
45ed441f-ac9c-4c68-ba2b-873330d73e17,es,Spanish (español),moradooscuro,morado oscuro,Morado oscuro,p3,0.1755,0.004416,0.250603,3,4,full,white,en,es,2.1.2,
45ed441f-ac9c-4c68-ba2b-873330d73e17,es,Spanish (español),rosa,rosa,Rosa,p3,0.978608,0.419595,0.616104,3,5,full,white,en,es,2.1.2,
45ed441f-ac9c-4c68-ba2b-873330d73e17,es,Spanish (español),morado,morado,Morado,p3,0.473847,0.292887,0.720409,3,6,full,white,en,es,2.1.2,
45ed441f-ac9c-4c68-ba2b-873330d73e17,es,Spanish (español),verdeesmeralda,verde esmeralda,Verde esmeralda,p3,0.106323,0.252197,0.246635,3,7,full,white,en,es,2.1.2,
45ed441f-ac9c-4c68-ba2b-873330d73e17,es,Spanish (español),azulmarino,azul marino,Azul marino,p3,0.002897,0.19972,0.621382,3,8,full,white,en,es,2.1.2,
45ed441f-ac9c-4c68-ba2b-873330d73e17,es,Spanish (español),verdeaqua,verde aqua,Verde aqua,p3,0.568838,0.941215,0.674107,3,9,full,white,en,es,2.1.2,
45ed441f-ac9c-4c68-ba2b-873330d73e17,es,Spanish (español),verdebosque,verde bosque,Verde bosque,p3,0.18409,0.473077,0.136364,3,10,full,white,en,es,2.1.2,
45ed441f-ac9c-4c68-ba2b-873330d73e17,es,Spanish (español),morado,morado,Morado,p3,0.305622,0.04604,0.512076,3,11,full,white,en,es,2.1.2,
45ed441f-ac9c-4c68-ba2b-873330d73e17,es,Spanish (español),rosafucsia,rosa fucsia,Rosa fucsia,p3,0.741498,0.2596,0.524414,5,0,full,white,en,es,2.1.2,
45ed441f-ac9c-4c68-ba2b-873330d73e17,es,Spanish (español),marrondorado,marron dorado,Marron dorado,p3,0.701618,0.520206,0.24127,5,1,full,white,en,es,2.1.2,
45ed441f-ac9c-4c68-ba2b-873330d73e17,es,Spanish (español),azulverdoso,azul verdoso,Azul verdoso,p3,0.45595,0.734532,0.742281,5,2,full,white,en,es,2.1.2,
45ed441f-ac9c-4c68-ba2b-873330d73e17,es,Spanish (español),verdeclaro,verde claro,Verde claro,p3,0.88473,0.897527,0.545823,5,3,full,white,en,es,2.1.2,
45ed441f-ac9c-4c68-ba2b-873330d73e17,es,Spanish (español),naranja,naranja,Naranja,p3,0.860524,0.633175,0.396755,5,4,full,white,en,es,2.1.2,
45ed441f-ac9c-4c68-ba2b-873330d73e17,es,Spanish (español),rojooxido,rojo oxido,Rojo oxido,p3,0.623096,0.279772,0.228475,5,5,full,white,en,es,2.1.2,
45ed441f-ac9c-4c68-ba2b-873330d73e17,es,Spanish (español),morado,morado,Morado,p3,0.301559,0.297036,0.513095,5,6,full,white,en,es,2.1.2,
45ed441f-ac9c-4c68-ba2b-873330d73e17,es,Spanish (español),negro,negro,Negro,p3,0.000709,0.056903,0.000184,5,7,full,white,en,es,2.1.2,
45ed441f-ac9c-4c68-ba2b-873330d73e17,es,Spanish (español),moradouva,morado uva,Morado uva,p3,0.320325,0.075672,0.275062,5,8,full,white,en,es,2.1.2,
45ed441f-ac9c-4c68-ba2b-873330d73e17,es,Spanish (español),verdemarino,verde marino,Verde marino,p3,0.455018,0.799293,0.564164,5,9,full,white,en,es,2.1.2,
45ed441f-ac9c-4c68-ba2b-873330d73e17,es,Spanish (español),verdegrisaceo,verde grisáceo,Verde grisáceo,p3,0.388619,0.429651,0.328496,5,10,full,white,en,es,2.1.2,
45ed441f-ac9c-4c68-ba2b-873330d73e17,es,Spanish (español),verdeolivo,verde olivo,Verde olivo,p3,0.474492,0.563415,0.085008,5,11,full,white,en,es,2.1.2,
e7e23362-5909-47a4-8bce-336062b63df8,es,Spanish (español),beige,beige,Beige,rgb,185,158,121,1,0,full,white,en,es,2.1.2,
e7e23362-5909-47a4-8bce-336062b63df8,es,Spanish (español),verdegrisaceo,verde grisaceo,Verde Grisaceo,rgb,71,101,107,1,1,full,white,en,es,2.1.2,
e7e23362-5909-47a4-8bce-336062b63df8,es,Spanish (español),magenta,magenta,Magenta,rgb,178,59,215,1,2,full,white,en,es,2.1.2,
e7e23362-5909-47a4-8bce-336062b63df8,es,Spanish (español),caqui,caqui,Caqui,rgb,114,126,43,1,4,full,white,en,es,2.1.2,
e7e23362-5909-47a4-8bce-336062b63df8,es,Spanish (español),azulcielo,azul cielo,Azul cielo,rgb,10,182,245,1,5,full,white,en,es,2.1.2,
e7e23362-5909-47a4-8bce-336062b63df8,es,Spanish (español),verdebrillante,verde brillante,Verde brillante,rgb,77,230,77,1,7,full,white,en,es,2.1.2,
e7e23362-5909-47a4-8bce-336062b63df8,es,Spanish (español),rosapastel,rosa pastel,Rosa pastel,rgb,248,154,176,1,8,full,white,en,es,2.1.2,
e7e23362-5909-47a4-8bce-336062b63df8,es,Spanish (español),fucsia,fucsia,Fucsia,rgb,174,35,155,1,9,full,white,en,es,2.1.2,
e7e23362-5909-47a4-8bce-336062b63df8,es,Spanish (español),verdeprado,verde prado,Verde prado,rgb,72,152,102,1,10,full,white,en,es,2.1.2,
e7e23362-5909-47a4-8bce-336062b63df8,es,Spanish (español),marronoscuro,marron oscuro,Marron oscuro,rgb,39,31,4,1,11,full,white,en,es,2.1.2,
e7e23362-5909-47a4-8bce-336062b63df8,es,Spanish (español),azulmarino,azul marino,Azul Marino,rgb,44,9,118,3,0,full,white,en,es,2.1.2,
e7e23362-5909-47a4-8bce-336062b63df8,es,Spanish (español),rosapalooscuro,rosa palo oscuro,Rosa Palo oscuro,rgb,193,106,155,3,1,full,white,en,es,2.1.2,
e7e23362-5909-47a4-8bce-336062b63df8,es,Spanish (español),verdelima,verde lima,Verde Lima,rgb,196,239,151,3,2,full,white,en,es,2.1.2,
e7e23362-5909-47a4-8bce-336062b63df8,es,Spanish (español),rosabarbie,rosa barbie,Rosa barbie,rgb,234,143,239,3,3,full,white,en,es,2.1.2,
e7e23362-5909-47a4-8bce-336062b63df8,es,Spanish (español),verdeagua,verde agua,Verde agua,rgb,144,228,208,3,4,full,white,en,es,2.1.2,
e7e23362-5909-47a4-8bce-336062b63df8,es,Spanish (español),morado,morado,Morado,rgb,125,43,207,3,5,full,white,en,es,2.1.2,
e7e23362-5909-47a4-8bce-336062b63df8,es,Spanish (español),negro,negro,Negro,rgb,0,0,0,3,6,full,white,en,es,2.1.2,
e7e23362-5909-47a4-8bce-336062b63df8,es,Spanish (español),grispalido,gris pálido,Gris pálido,rgb,223,221,222,3,7,full,white,en,es,2.1.2,
e7e23362-5909-47a4-8bce-336062b63df8,es,Spanish (español),verdeplanta,verde planta,Verde planta,rgb,80,145,47,3,8,full,white,en,es,2.1.2,
e7e23362-5909-47a4-8bce-336062b63df8,es,Spanish (español),cyan,cyan,Cyan,rgb,73,205,235,3,9,full,white,en,es,2.1.2,
e7e23362-5909-47a4-8bce-336062b63df8,es,Spanish (español),amarillopalido,amarillo pálido,Amarillo Pálido,rgb,230,239,205,3,10,full,white,en,es,2.1.2,
e7e23362-5909-47a4-8bce-336062b63df8,es,Spanish (español),moradoazulado,morado azulado,Morado azulado,rgb,89,42,235,3,11,full,white,en,es,2.1.2,
e7e23362-5909-47a4-8bce-336062b63df8,es,Spanish (español),azuloscuro,azul oscuro,Azul Oscuro,rgb,38,70,212,5,0,full,white,en,es,2.1.2,
e7e23362-5909-47a4-8bce-336062b63df8,es,Spanish (español),verdeelectrico,verde eléctrico,Verde eléctrico,rgb,67,236,129,5,1,full,white,en,es,2.1.2,
e7e23362-5909-47a4-8bce-336062b63df8,es,Spanish (español),marronrojizo,marron rojizo,Marron rojizo,rgb,153,68,37,5,2,full,white,en,es,2.1.2,
e7e23362-5909-47a4-8bce-336062b63df8,es,Spanish (español),lavanda,lavanda,Lavanda,rgb,176,178,216,5,3,full,white,en,es,2.1.2,
e7e23362-5909-47a4-8bce-336062b63df8,es,Spanish (español),azulpalo,azul palo,Azul Palo,rgb,157,183,205,5,4,full,white,en,es,2.1.2,
e7e23362-5909-47a4-8bce-336062b63df8,es,Spanish (español),borgona,borgoña,Borgoña,rgb,97,6,26,5,5,full,white,en,es,2.1.2,
e7e23362-5909-47a4-8bce-336062b63df8,es,Spanish (español),amarillopollo,amarillo pollo,Amarillo pollo,rgb,250,217,96,5,6,full,white,en,es,2.1.2,
e7e23362-5909-47a4-8bce-336062b63df8,es,Spanish (español),cyan,cyan,Cyan,rgb,29,244,246,5,7,full,white,en,es,2.1.2,
e7e23362-5909-47a4-8bce-336062b63df8,es,Spanish (español),verdevater,verde váter,Verde váter,rgb,146,247,205,5,8,full,white,en,es,2.1.2,
e7e23362-5909-47a4-8bce-336062b63df8,es,Spanish (español),moradoberenjena,morado berenjena,morado berenjena,rgb,87,76,134,5,9,full,white,en,es,2.1.2,
e7e23362-5909-47a4-8bce-336062b63df8,es,Spanish (español),malva,malva,Malva,rgb,176,152,253,5,10,full,white,en,es,2.1.2,
e7e23362-5909-47a4-8bce-336062b63df8,es,Spanish (español),verdemusgo,verde musgo,Verde musgo,rgb,44,60,10,5,11,full,white,en,es,2.1.2,
e98a3942-192c-4b9a-9ffb-bc03b9af2ffe,es,Spanish (español),naranja,naranja,naranja,p3,1,0.512893,0,1,0,line,white,en,es,2.1.2,
e98a3942-192c-4b9a-9ffb-bc03b9af2ffe,es,Spanish (español),morado,morado,morado,p3,0.567725,0,1,1,1,line,white,en,es,2.1.2,
e98a3942-192c-4b9a-9ffb-bc03b9af2ffe,es,Spanish (español),fucsia,fucsia,fucsia,p3,1,0,0.852534,1,2,line,white,en,es,2.1.2,
e98a3942-192c-4b9a-9ffb-bc03b9af2ffe,es,Spanish (español),turquesa,turquesa,turquesa,p3,0,1,0.813621,1,3,line,white,en,es,2.1.2,
e98a3942-192c-4b9a-9ffb-bc03b9af2ffe,es,Spanish (español),amarillo,amarillo,amarillo,p3,1,0.740196,0,1,4,line,white,en,es,2.1.2,
e98a3942-192c-4b9a-9ffb-bc03b9af2ffe,es,Spanish (español),berenjena,berenjena,berenjena,p3,0.664261,0,1,1,5,line,white,en,es,2.1.2,
e98a3942-192c-4b9a-9ffb-bc03b9af2ffe,es,Spanish (español),morado,morado,morado,p3,0.505717,0,1,1,6,line,white,en,es,2.1.2,
e98a3942-192c-4b9a-9ffb-bc03b9af2ffe,es,Spanish (español),rojorosa,rojo rosado,rojo rosado,p3,1,0,0.432596,1,7,line,white,en,es,2.1.2,
e98a3942-192c-4b9a-9ffb-bc03b9af2ffe,es,Spanish (español),azul,azul,azul,p3,0,0.471869,1,1,8,line,white,en,es,2.1.2,
e98a3942-192c-4b9a-9ffb-bc03b9af2ffe,es,Spanish (español),azulpavoreal,azul pavo real,azul pavo real,p3,0,0.042666,1,1,9,line,white,en,es,2.1.2,
e98a3942-192c-4b9a-9ffb-bc03b9af2ffe,es,Spanish (español),coral,coral,coral,p3,1,0.264625,0,1,10,line,white,en,es,2.1.2,
e98a3942-192c-4b9a-9ffb-bc03b9af2ffe,es,Spanish (español),azul,azul,azul,p3,0,0.335016,1,1,11,line,white,en,es,2.1.2,
e98a3942-192c-4b9a-9ffb-bc03b9af2ffe,es,Spanish (español),azulcielo,azul cielo,azul cielo,p3,0,0.821157,1,3,0,line,white,en,es,2.1.2,
e98a3942-192c-4b9a-9ffb-bc03b9af2ffe,es,Spanish (español),rosafucsia,rosa fucsia,rosa fucsia,p3,1,0,0.995596,3,1,line,white,en,es,2.1.2,
e98a3942-192c-4b9a-9ffb-bc03b9af2ffe,es,Spanish (español),rojo,rojo,rojo,p3,1,0,0.17542,3,2,line,white,en,es,2.1.2,
e98a3942-192c-4b9a-9ffb-bc03b9af2ffe,es,Spanish (español),naranja,naranja,naranja,p3,1,0.640198,0,3,3,line,white,en,es,2.1.2,
e98a3942-192c-4b9a-9ffb-bc03b9af2ffe,es,Spanish (español),verdeaturquesado,verde aturquesado,verde aturquesado,p3,0,1,0.641751,3,4,line,white,en,es,2.1.2,
e98a3942-192c-4b9a-9ffb-bc03b9af2ffe,es,Spanish (español),azul,azul,azul,p3,0,0.605103,1,3,5,line,white,en,es,2.1.2,
e98a3942-192c-4b9a-9ffb-bc03b9af2ffe,es,Spanish (español),morado,morado,morado,p3,0.380583,0,1,3,6,line,white,en,es,2.1.2,
e98a3942-192c-4b9a-9ffb-bc03b9af2ffe,es,Spanish (español),azulbebe,azul bebé,azul bebé,p3,0,0.998334,1,3,7,line,white,en,es,2.1.2,
e98a3942-192c-4b9a-9ffb-bc03b9af2ffe,es,Spanish (español),azul,azul,azul,p3,0,0.574156,1,3,8,line,white,en,es,2.1.2,
e98a3942-192c-4b9a-9ffb-bc03b9af2ffe,es,Spanish (español),verdemanzana,verde manzana,verde manzana,p3,0.58795,1,0,3,9,line,white,en,es,2.1.2,
e98a3942-192c-4b9a-9ffb-bc03b9af2ffe,es,Spanish (español),amarillolimon,amarillo limón,amarillo limón,p3,0.929117,1,0,3,10,line,white,en,es,2.1.2,
e98a3942-192c-4b9a-9ffb-bc03b9af2ffe,es,Spanish (español),amarillocanario,amarillo canario,amarillo canario,p3,1,0.931006,0,3,11,line,white,en,es,2.1.2,
e98a3942-192c-4b9a-9ffb-bc03b9af2ffe,es,Spanish (español),amarillocanario,amarillo canario,amarillo canario,p3,1,0.844261,0,5,0,line,white,en,es,2.1.2,
e98a3942-192c-4b9a-9ffb-bc03b9af2ffe,es,Spanish (español),moradoclaro,morado claro,morado claro,p3,0.862699,0,1,5,1,line,white,en,es,2.1.2,
e98a3942-192c-4b9a-9ffb-bc03b9af2ffe,es,Spanish (español),verdeaturquesado,verde aturquesado,verde aturquesado,p3,0,1,0.505563,5,2,line,white,en,es,2.1.2,
e98a3942-192c-4b9a-9ffb-bc03b9af2ffe,es,Spanish (español),amarillo,amarillo,amarillo,p3,0.888834,1,0,5,3,line,white,en,es,2.1.2,
e98a3942-192c-4b9a-9ffb-bc03b9af2ffe,es,Spanish (español),rosachicle,rosa chicle,rosa chicle,p3,1,0,0.784366,5,4,line,white,en,es,2.1.2,
e98a3942-192c-4b9a-9ffb-bc03b9af2ffe,es,Spanish (español),verde,verde,verde,p3,0,1,0.187055,5,5,line,white,en,es,2.1.2,
e98a3942-192c-4b9a-9ffb-bc03b9af2ffe,es,Spanish (español),coral,coral,coral,p3,1,0.333566,0,5,6,line,white,en,es,2.1.2,
e98a3942-192c-4b9a-9ffb-bc03b9af2ffe,es,Spanish (español),rosachicle,rosa chicle,rosa chicle,p3,1,0,0.628214,5,7,line,white,en,es,2.1.2,
e98a3942-192c-4b9a-9ffb-bc03b9af2ffe,es,Spanish (español),verdeneon,verde neon,verde neon,p3,0.25137,1,0,5,8,line,white,en,es,2.1.2,
e98a3942-192c-4b9a-9ffb-bc03b9af2ffe,es,Spanish (español),azulcielo,azul cielo,azul cielo,p3,0,0.915819,1,5,9,line,white,en,es,2.1.2,
e98a3942-192c-4b9a-9ffb-bc03b9af2ffe,es,Spanish (español),azul,azul,azul,p3,0,0.68379,1,5,10,line,white,en,es,2.1.2,
e98a3942-192c-4b9a-9ffb-bc03b9af2ffe,es,Spanish (español),azulpavoreal,azul pavo real,azul pavo real,p3,0.13651,0,1,5,11,line,white,en,es,2.1.2,
6f81e7f9-03e3-40ce-acb2-576844c19454,es,Spanish (español),amarillomilitar,amarillo militar,Amarillo militar,p3,0.891928,0.893736,0.616264,1,0,full,white,en,en,2.1.2,
6f81e7f9-03e3-40ce-acb2-576844c19454,es,Spanish (español),azulfrancia,azul francia,Azul Francia,p3,0.235844,0.426073,0.80102,1,1,full,white,en,en,2.1.2,
6f81e7f9-03e3-40ce-acb2-576844c19454,es,Spanish (español),verdepetroleo,verde petróleo,Verde petróleo,p3,0.11537,0.254433,0.038952,1,2,full,white,en,en,2.1.2,
6f81e7f9-03e3-40ce-acb2-576844c19454,es,Spanish (español),crema,crema,Crema,p3,0.828441,0.880185,0.883018,1,3,full,white,en,en,2.1.2,
6f81e7f9-03e3-40ce-acb2-576844c19454,es,Spanish (español),dorado,dorado,Dorado,p3,0.663559,0.637164,0.335685,1,4,full,white,en,en,2.1.2,
6f81e7f9-03e3-40ce-acb2-576844c19454,es,Spanish (español),beige,beige,Beige,p3,0.768992,0.742667,0.655774,1,5,full,white,en,en,2.1.2,
6f81e7f9-03e3-40ce-acb2-576844c19454,es,Spanish (español),verdelima,verde lima,Verde lima,p3,0.759274,0.786789,0.398822,1,6,full,white,en,en,2.1.2,
6f81e7f9-03e3-40ce-acb2-576844c19454,es,Spanish (español),verde,verde,Verde,p3,0.115527,0.597121,0.207465,1,7,full,white,en,en,2.1.2,
6f81e7f9-03e3-40ce-acb2-576844c19454,es,Spanish (español),rojo,rojo,Rojo,p3,0.646821,0.051588,0.123365,1,8,full,white,en,en,2.1.2,
6f81e7f9-03e3-40ce-acb2-576844c19454,es,Spanish (español),bordo,bordo,Bordo,p3,0.227551,0.153052,0.210181,1,9,full,white,en,en,2.1.2,
6f81e7f9-03e3-40ce-acb2-576844c19454,es,Spanish (español),verdefluo,verde fluo,Verde fluo,p3,0.834318,0.982478,0.381174,1,10,full,white,en,en,2.1.2,
6f81e7f9-03e3-40ce-acb2-576844c19454,es,Spanish (español),turquesa,turquesa,Turquesa,p3,0.205382,0.678868,0.772448,1,11,full,white,en,en,2.1.2,
6f81e7f9-03e3-40ce-acb2-576844c19454,es,Spanish (español),verde,verde,Verde,p3,0.110192,0.518872,0.421548,3,0,full,white,en,en,2.1.2,
6f81e7f9-03e3-40ce-acb2-576844c19454,es,Spanish (español),fucsia,fucsia,Fucsia,p3,0.580295,0.090529,0.362259,3,1,full,white,en,en,2.1.2,
6f81e7f9-03e3-40ce-acb2-576844c19454,es,Spanish (español),lila,lila,Lila,p3,0.529111,0.353582,0.62674,3,2,full,white,en,en,2.1.2,
6f81e7f9-03e3-40ce-acb2-576844c19454,es,Spanish (español),verdepastel,verde pastel,Verde pastel,p3,0.591177,0.896038,0.65282,3,3,full,white,en,en,2.1.2,
6f81e7f9-03e3-40ce-acb2-576844c19454,es,Spanish (español),verdeclaro,verde claro,Verde claro,p3,0.207985,0.751523,0.446326,3,4,full,white,en,en,2.1.2,
6f81e7f9-03e3-40ce-acb2-576844c19454,es,Spanish (español),azulfluo,azul fluo,Azul fluo,p3,0.254346,0.264015,0.674802,3,5,full,white,en,en,2.1.2,
6f81e7f9-03e3-40ce-acb2-576844c19454,es,Spanish (español),lilafluo,lila fluo,Lila fluo,p3,0.582425,0.520059,0.965576,3,6,full,white,en,en,2.1.2,
6f81e7f9-03e3-40ce-acb2-576844c19454,es,Spanish (español),rosafluo,rosa fluo,Rosa fluo,p3,0.96129,0.359649,0.741062,3,7,full,white,en,en,2.1.2,
6f81e7f9-03e3-40ce-acb2-576844c19454,es,Spanish (español),rosa,rosa,Rosa,p3,0.989044,0.78106,0.991431,3,8,full,white,en,en,2.1.2,
6f81e7f9-03e3-40ce-acb2-576844c19454,es,Spanish (español),marron,marrón,Marrón,p3,0.470946,0.304294,0.151145,3,9,full,white,en,en,2.1.2,
6f81e7f9-03e3-40ce-acb2-576844c19454,es,Spanish (español),rojoanaranjado,rojo anaranjado,Rojo anaranjado,p3,0.832045,0.317955,0.30964,3,10,full,white,en,en,2.1.2,
6f81e7f9-03e3-40ce-acb2-576844c19454,es,Spanish (español),azulpetroleo,azul petróleo,Azul petróleo,p3,0.060211,0.302303,0.381725,3,11,full,white,en,en,2.1.2,
e886986c-b584-4cf4-bb37-aaa8a496ee12,es,Spanish (español),ocre,ocre,Ocre,rgb,187,173,77,1,0,full,white,en,ca,2.1.2,
e886986c-b584-4cf4-bb37-aaa8a496ee12,es,Spanish (español),rojo,rojo,Rojo,rgb,214,53,21,1,1,full,white,en,ca,2.1.2,
e886986c-b584-4cf4-bb37-aaa8a496ee12,es,Spanish (español),marron,marron,Marron,rgb,159,51,28,1,2,full,white,en,ca,2.1.2,
e886986c-b584-4cf4-bb37-aaa8a496ee12,es,Spanish (español),lima,lima,Lima,rgb,181,196,109,1,3,full,white,en,ca,2.1.2,
e886986c-b584-4cf4-bb37-aaa8a496ee12,es,Spanish (español),verdebosque,verde bosque,Verde Bosque,rgb,37,80,60,1,4,full,white,en,ca,2.1.2,
e886986c-b584-4cf4-bb37-aaa8a496ee12,es,Spanish (español),moradooscuro,morado oscuro,Morado oscuro,rgb,73,19,76,1,5,full,white,en,ca,2.1.2,
e886986c-b584-4cf4-bb37-aaa8a496ee12,es,Spanish (español),violeta,violeta,Violeta,rgb,191,76,247,1,6,full,white,en,ca,2.1.2,
e886986c-b584-4cf4-bb37-aaa8a496ee12,es,Spanish (español),morado,morado,Morado,rgb,107,33,135,1,7,full,white,en,ca,2.1.2,
e886986c-b584-4cf4-bb37-aaa8a496ee12,es,Spanish (español),turquesa,turquesa,Turquesa,rgb,146,237,198,1,8,full,white,en,ca,2.1.2,
e886986c-b584-4cf4-bb37-aaa8a496ee12,es,Spanish (español),aqua,aqua,Aqua,rgb,63,219,164,1,9,full,white,en,ca,2.1.2,
e886986c-b584-4cf4-bb37-aaa8a496ee12,es,Spanish (español),ciruela,ciruela,Ciruela,rgb,139,64,92,1,10,full,white,en,ca,2.1.2,
e886986c-b584-4cf4-bb37-aaa8a496ee12,es,Spanish (español),azul,azul,Azul,rgb,57,128,214,1,11,full,white,en,ca,2.1.2,
e886986c-b584-4cf4-bb37-aaa8a496ee12,es,Spanish (español),azul,azul,Azul,rgb,57,133,206,3,0,full,white,en,ca,2.1.2,
e886986c-b584-4cf4-bb37-aaa8a496ee12,es,Spanish (español),naranja,naranja,Naranja,rgb,217,115,45,3,1,full,white,en,ca,2.1.2,
e886986c-b584-4cf4-bb37-aaa8a496ee12,es,Spanish (español),azul,azul,Azul,rgb,11,96,210,3,2,full,white,en,ca,2.1.2,
e886986c-b584-4cf4-bb37-aaa8a496ee12,es,Spanish (español),rojo,rojo,Rojo,rgb,189,70,68,3,3,full,white,en,ca,2.1.2,
e886986c-b584-4cf4-bb37-aaa8a496ee12,es,Spanish (español),azuloscuro,azul oscuro,Azul oscuro,rgb,51,16,114,3,4,full,white,en,ca,2.1.2,
e886986c-b584-4cf4-bb37-aaa8a496ee12,es,Spanish (español),verdeoscurogrisaceo,verde oscuro grisaceo,Verde oscuro grisaceo,rgb,56,57,49,3,5,full,white,en,ca,2.1.2,
e886986c-b584-4cf4-bb37-aaa8a496ee12,es,Spanish (español),verde,verde,Verde,rgb,82,177,28,3,6,full,white,en,ca,2.1.2,
e886986c-b584-4cf4-bb37-aaa8a496ee12,es,Spanish (español),ocre,ocre,Ocre,rgb,155,144,64,3,7,full,white,en,ca,2.1.2,
e886986c-b584-4cf4-bb37-aaa8a496ee12,es,Spanish (español),lavanda,lavanda,Lavanda,rgb,192,207,247,3,8,full,white,en,ca,2.1.2,
e886986c-b584-4cf4-bb37-aaa8a496ee12,es,Spanish (español),verde,verde,Verde,rgb,104,156,40,3,9,full,white,en,ca,2.1.2,
e886986c-b584-4cf4-bb37-aaa8a496ee12,es,Spanish (español),rosa,rosa,Rosa,rgb,179,109,174,3,10,full,white,en,ca,2.1.2,
e886986c-b584-4cf4-bb37-aaa8a496ee12,es,Spanish (español),verde,verde,Verde,rgb,91,186,43,3,11,full,white,en,ca,2.1.2,
e886986c-b584-4cf4-bb37-aaa8a496ee12,es,Spanish (español),rosa,rosa,Rosa,rgb,248,131,171,5,0,full,white,en,ca,2.1.2,
e886986c-b584-4cf4-bb37-aaa8a496ee12,es,Spanish (español),moradooscuro,morado oscuro,Morado oscuro,rgb,83,39,73,5,1,full,white,en,ca,2.1.2,
e886986c-b584-4cf4-bb37-aaa8a496ee12,es,Spanish (español),verdelima,verde lima,Verde lima,rgb,200,210,79,5,2,full,white,en,ca,2.1.2,
e886986c-b584-4cf4-bb37-aaa8a496ee12,es,Spanish (español),fucsia,fucsia,Fucsia,rgb,191,68,216,5,3,full,white,en,ca,2.1.2,
e886986c-b584-4cf4-bb37-aaa8a496ee12,es,Spanish (español),moradoapagado,morado apagado,Morado apagado,rgb,154,97,145,5,4,full,white,en,ca,2.1.2,
e886986c-b584-4cf4-bb37-aaa8a496ee12,es,Spanish (español),rosapalo,rosa palo,Rosa palo,rgb,204,146,147,5,5,full,white,en,ca,2.1.2,
e886986c-b584-4cf4-bb37-aaa8a496ee12,es,Spanish (español),azulverdoso,azul verdoso,Azul verdoso,rgb,73,93,95,5,6,full,white,en,ca,2.1.2,
e886986c-b584-4cf4-bb37-aaa8a496ee12,es,Spanish (español),azul,azul,Azul,rgb,95,100,188,5,7,full,white,en,ca,2.1.2,
e886986c-b584-4cf4-bb37-aaa8a496ee12,es,Spanish (español),naranja,naranja,Naranja,rgb,214,130,25,5,8,full,white,en,ca,2.1.2,
e886986c-b584-4cf4-bb37-aaa8a496ee12,es,Spanish (español),azulcielo,azul cielo,Azul cielo,rgb,136,193,238,5,9,full,white,en,ca,2.1.2,
e886986c-b584-4cf4-bb37-aaa8a496ee12,es,Spanish (español),azulbrillante,azul brillante,Azul brillante,rgb,124,122,251,5,10,full,white,en,ca,2.1.2,
e886986c-b584-4cf4-bb37-aaa8a496ee12,es,Spanish (español),turquesaapagado,turquesa apagado,Turquesa apagado,rgb,96,141,143,5,11,full,white,en,ca,2.1.2,
d066cb9b-4c73-460b-9daf-15ee961d1acd,es,Spanish (español),negro,negro,negro,rgb,36,59,54,1,0,full,white,en,es,2.1.2,
d066cb9b-4c73-460b-9daf-15ee961d1acd,es,Spanish (español),azulrey,azul rey,azul rey,rgb,46,36,161,1,1,full,white,en,es,2.1.2,
d066cb9b-4c73-460b-9daf-15ee961d1acd,es,Spanish (español),gris,gris,gris,rgb,121,113,88,1,2,full,white,en,es,2.1.2,
d066cb9b-4c73-460b-9daf-15ee961d1acd,es,Spanish (español),azul,azul,azul,rgb,71,143,246,1,3,full,white,en,es,2.1.2,
d066cb9b-4c73-460b-9daf-15ee961d1acd,es,Spanish (español),azulmarino,azul marino,azul marino,rgb,0,3,83,1,4,full,white,en,es,2.1.2,
d066cb9b-4c73-460b-9daf-15ee961d1acd,es,Spanish (español),verdepistache,verde pistache,verde pistache,rgb,53,253,141,1,6,full,white,en,es,2.1.2,
d066cb9b-4c73-460b-9daf-15ee961d1acd,es,Spanish (español),verdeolivo,verde olivo,verde olivo,rgb,136,165,73,1,7,full,white,en,es,2.1.2,
d066cb9b-4c73-460b-9daf-15ee961d1acd,es,Spanish (español),rojo,rojo,rojo,rgb,204,48,5,1,10,full,white,en,es,2.1.2,
d066cb9b-4c73-460b-9daf-15ee961d1acd,es,Spanish (español),morado,morado,morado,rgb,104,59,191,1,11,full,white,en,es,2.1.2,
d066cb9b-4c73-460b-9daf-15ee961d1acd,es,Spanish (español),naranka,naranka,naranka,rgb,244,108,35,3,1,full,white,en,es,2.1.2,
d066cb9b-4c73-460b-9daf-15ee961d1acd,es,Spanish (español),purpura,purpura,purpura,rgb,84,29,46,3,2,full,white,en,es,2.1.2,
d066cb9b-4c73-460b-9daf-15ee961d1acd,es,Spanish (español),morado,morado,morado,rgb,140,85,192,3,3,full,white,en,es,2.1.2,
d066cb9b-4c73-460b-9daf-15ee961d1acd,es,Spanish (español),azul,azul,azul,rgb,113,175,221,3,6,full,white,en,es,2.1.2,
d066cb9b-4c73-460b-9daf-15ee961d1acd,es,Spanish (español),verdeolivo,verde olivo,verde olivo,rgb,178,159,54,3,7,full,white,en,es,2.1.2,
d066cb9b-4c73-460b-9daf-15ee961d1acd,es,Spanish (español),acua,acua,acua,rgb,83,214,147,3,9,full,white,en,es,2.1.2,
d066cb9b-4c73-460b-9daf-15ee961d1acd,es,Spanish (español),azul,azul,azul,rgb,62,141,252,5,1,full,white,en,es,2.1.2,
d066cb9b-4c73-460b-9daf-15ee961d1acd,es,Spanish (español),verdeclaro,verde claro,verde claro,rgb,104,230,107,5,2,full,white,en,es,2.1.2,
d066cb9b-4c73-460b-9daf-15ee961d1acd,es,Spanish (español),azulrey,azul rey,azul rey,rgb,104,65,196,5,6,full,white,en,es,2.1.2,
d066cb9b-4c73-460b-9daf-15ee961d1acd,es,Spanish (español),verde,verde,verde,rgb,65,142,68,5,7,full,white,en,es,2.1.2,
d066cb9b-4c73-460b-9daf-15ee961d1acd,es,Spanish (español),rosa,rosa,rosa,rgb,239,183,168,5,8,full,white,en,es,2.1.2,
d066cb9b-4c73-460b-9daf-15ee961d1acd,es,Spanish (español),verdemilitar,verde militar,verde militar,rgb,19,123,84,5,9,full,white,en,es,2.1.2,
d066cb9b-4c73-460b-9daf-15ee961d1acd,es,Spanish (español),lila,lila,lila,rgb,215,64,218,5,10,full,white,en,es,2.1.2,
38a55cb9-6b52-4b51-a43d-15a629691eac,es,Spanish (español),marron,marrón,Marrón,rgb,98,77,27,1,0,full,white,en,en,2.1.2,
38a55cb9-6b52-4b51-a43d-15a629691eac,es,Spanish (español),violeta,violeta,Violeta,rgb,163,84,223,1,1,full,white,en,en,2.1.2,
38a55cb9-6b52-4b51-a43d-15a629691eac,es,Spanish (español),negro,negro,Negro,rgb,13,30,28,1,2,full,white,en,en,2.1.2,
38a55cb9-6b52-4b51-a43d-15a629691eac,es,Spanish (español),fuscia,fuscia,Fuscia,rgb,212,68,251,1,3,full,white,en,en,2.1.2,
38a55cb9-6b52-4b51-a43d-15a629691eac,es,Spanish (español),marronoscuro,marrón oscuro,Marrón oscuro,rgb,65,33,15,1,4,full,white,en,en,2.1.2,
38a55cb9-6b52-4b51-a43d-15a629691eac,es,Spanish (español),rosapalo,rosado palo,Rosado palo,rgb,206,110,172,1,5,full,white,en,en,2.1.2,
38a55cb9-6b52-4b51-a43d-15a629691eac,es,Spanish (español),naranja,naranja,Naranja,rgb,254,130,65,1,6,full,white,en,en,2.1.2,
38a55cb9-6b52-4b51-a43d-15a629691eac,es,Spanish (español),rosabarbie,rosado barbie,Rosado barbie,rgb,202,22,127,1,7,full,white,en,en,2.1.2,
38a55cb9-6b52-4b51-a43d-15a629691eac,es,Spanish (español),grisoscuro,gris oscuro,Gris oscuro,rgb,82,102,141,1,8,full,white,en,en,2.1.2,
38a55cb9-6b52-4b51-a43d-15a629691eac,es,Spanish (español),turquesa,turquesa,Turquesa,rgb,167,208,205,1,9,full,white,en,en,2.1.2,
38a55cb9-6b52-4b51-a43d-15a629691eac,es,Spanish (español),lila,lila,Lila,rgb,167,138,213,1,10,full,white,en,en,2.1.2,
38a55cb9-6b52-4b51-a43d-15a629691eac,es,Spanish (español),rosapiel,rosado piel,Rosado piel,rgb,163,112,126,1,11,full,white,en,en,2.1.2,
38a55cb9-6b52-4b51-a43d-15a629691eac,es,Spanish (español),moradooscuro,morado oscuro,Morado oscuro,rgb,75,23,129,3,0,full,white,en,en,2.1.2,
38a55cb9-6b52-4b51-a43d-15a629691eac,es,Spanish (español),rosaelegante,rosa elegante,Rosa elegante,rgb,179,76,133,3,1,full,white,en,en,2.1.2,
38a55cb9-6b52-4b51-a43d-15a629691eac,es,Spanish (español),naranja,naranja,Naranja,rgb,221,152,82,3,2,full,white,en,en,2.1.2,
38a55cb9-6b52-4b51-a43d-15a629691eac,es,Spanish (español),marron,marrón,Marrón,rgb,37,20,6,3,3,full,white,en,en,2.1.2,
38a55cb9-6b52-4b51-a43d-15a629691eac,es,Spanish (español),verdechillon,verde chillón,Verde chillón,rgb,183,244,111,3,4,full,white,en,en,2.1.2,
38a55cb9-6b52-4b51-a43d-15a629691eac,es,Spanish (español),rosachillon,rosado chillón,Rosado chillón,rgb,230,57,102,3,5,full,white,en,en,2.1.2,
38a55cb9-6b52-4b51-a43d-15a629691eac,es,Spanish (español),esmeralda,esmeralda,Esmeralda,rgb,62,138,149,3,6,full,white,en,en,2.1.2,
38a55cb9-6b52-4b51-a43d-15a629691eac,es,Spanish (español),azulcielo,azul cielo,Azul cielo,rgb,119,194,219,3,7,full,white,en,en,2.1.2,
38a55cb9-6b52-4b51-a43d-15a629691eac,es,Spanish (español),lila,lila,Lila,rgb,222,223,253,3,8,full,white,en,en,2.1.2,
38a55cb9-6b52-4b51-a43d-15a629691eac,es,Spanish (español),grisrosa,gris rosado,Gris rosado,rgb,183,154,168,3,9,full,white,en,en,2.1.2,
38a55cb9-6b52-4b51-a43d-15a629691eac,es,Spanish (español),naranjaclaro,naranja claro,Naranja claro,rgb,234,169,93,3,10,full,white,en,en,2.1.2,
38a55cb9-6b52-4b51-a43d-15a629691eac,es,Spanish (español),rosa,rosado,Rosado,rgb,255,144,244,3,11,full,white,en,en,2.1.2,
b15ec7ff-a68d-4daf-83b7-ba172d6475e7,es,Spanish (español),rosa,rosa,Rosa,rgb,203,107,179,1,0,full,white,en,es,2.1.2,
b15ec7ff-a68d-4daf-83b7-ba172d6475e7,es,Spanish (español),morado,morado,Morado,rgb,156,92,187,1,1,full,white,en,es,2.1.2,
b15ec7ff-a68d-4daf-83b7-ba172d6475e7,es,Spanish (español),champagne,champagne,Champagne,rgb,176,124,133,1,2,full,white,en,es,2.1.2,
b15ec7ff-a68d-4daf-83b7-ba172d6475e7,es,Spanish (español),negro,negro,Negro,rgb,1,20,14,1,3,full,white,en,es,2.1.2,
b15ec7ff-a68d-4daf-83b7-ba172d6475e7,es,Spanish (español),lilac,lilac,Lilac,rgb,156,119,220,1,4,full,white,en,es,2.1.2,
b15ec7ff-a68d-4daf-83b7-ba172d6475e7,es,Spanish (español),rojizo,rojizo,Rojizo,rgb,109,22,4,1,5,full,white,en,es,2.1.2,
b15ec7ff-a68d-4daf-83b7-ba172d6475e7,es,Spanish (español),amarillo,amarillo,Amarillo,rgb,244,190,24,1,6,full,white,en,es,2.1.2,
b15ec7ff-a68d-4daf-83b7-ba172d6475e7,es,Spanish (español),azulmarino,azul marino,Azul marino,rgb,36,48,123,1,8,full,white,en,es,2.1.2,
b15ec7ff-a68d-4daf-83b7-ba172d6475e7,es,Spanish (español),verdecafe,verde cafe,Verde cafe,rgb,100,88,10,1,9,full,white,en,es,2.1.2,
b15ec7ff-a68d-4daf-83b7-ba172d6475e7,es,Spanish (español),rosita,rosita,Rosita,rgb,224,148,199,1,10,full,white,en,es,2.1.2,
b15ec7ff-a68d-4daf-83b7-ba172d6475e7,es,Spanish (español),moradoazul,morado azul,Morado azul,rgb,60,29,145,1,11,full,white,en,es,2.1.2,
b15ec7ff-a68d-4daf-83b7-ba172d6475e7,es,Spanish (español),azul,azul,Azul,rgb,74,126,228,3,0,full,white,en,es,2.1.2,
b15ec7ff-a68d-4daf-83b7-ba172d6475e7,es,Spanish (español),gris,gris,Gris,rgb,143,150,131,3,1,full,white,en,es,2.1.2,
b15ec7ff-a68d-4daf-83b7-ba172d6475e7,es,Spanish (español),verded,verded,Verded,rgb,111,164,49,3,2,full,white,en,es,2.1.2,
b15ec7ff-a68d-4daf-83b7-ba172d6475e7,es,Spanish (español),azulcielo,azul cielo,Azul cielo,rgb,185,229,250,3,3,full,white,en,es,2.1.2,
b15ec7ff-a68d-4daf-83b7-ba172d6475e7,es,Spanish (español),rojo,rojo,Rojo,rgb,158,46,44,3,4,full,white,en,es,2.1.2,
b15ec7ff-a68d-4daf-83b7-ba172d6475e7,es,Spanish (español),moradogris,morado gris,Morado gris,rgb,149,133,150,3,5,full,white,en,es,2.1.2,
b15ec7ff-a68d-4daf-83b7-ba172d6475e7,es,Spanish (español),menta,menta,Menta,rgb,125,179,145,3,6,full,white,en,es,2.1.2,
b15ec7ff-a68d-4daf-83b7-ba172d6475e7,es,Spanish (español),azulfuerte,azul fuerte,Azul fuerte,rgb,6,2,144,3,7,full,white,en,es,2.1.2,
b15ec7ff-a68d-4daf-83b7-ba172d6475e7,es,Spanish (español),aqua,aqua,Aqua,rgb,164,228,228,3,8,full,white,en,es,2.1.2,
b15ec7ff-a68d-4daf-83b7-ba172d6475e7,es,Spanish (español),grisverded,gris verded,Gris verded,rgb,164,175,133,3,9,full,white,en,es,2.1.2,
b15ec7ff-a68d-4daf-83b7-ba172d6475e7,es,Spanish (español),gris,gris,Gris,rgb,120,135,124,3,10,full,white,en,es,2.1.2,
b15ec7ff-a68d-4daf-83b7-ba172d6475e7,es,Spanish (español),coral,coral,Coral,rgb,223,118,88,3,11,full,white,en,es,2.1.2,
b15ec7ff-a68d-4daf-83b7-ba172d6475e7,es,Spanish (español),verdedpopo,verded popo,Verded popo,rgb,42,47,32,5,0,full,white,en,es,2.1.2,
b15ec7ff-a68d-4daf-83b7-ba172d6475e7,es,Spanish (español),verdedcesped,verded césped,Verded césped,rgb,108,124,31,5,1,full,white,en,es,2.1.2,
b15ec7ff-a68d-4daf-83b7-ba172d6475e7,es,Spanish (español),pupura,pupura,Pupura,rgb,159,26,160,5,2,full,white,en,es,2.1.2,
b15ec7ff-a68d-4daf-83b7-ba172d6475e7,es,Spanish (español),verde,verde,Verde,rgb,51,180,91,5,3,full,white,en,es,2.1.2,
b15ec7ff-a68d-4daf-83b7-ba172d6475e7,es,Spanish (español),azulmar,azul mar,Azul mar,rgb,43,101,115,5,4,full,white,en,es,2.1.2,
b15ec7ff-a68d-4daf-83b7-ba172d6475e7,es,Spanish (español),moradobajito,morado bajito,Morado bajito,rgb,134,80,209,5,5,full,white,en,es,2.1.2,
bd666235-c272-4ac3-99b3-071f93cbd3b2,es,Spanish (español),morado,morado,morado,rgb,147,72,123,1,0,full,white,en,en,2.1.2,
bd666235-c272-4ac3-99b3-071f93cbd3b2,es,Spanish (español),celeste,celeste,celeste,rgb,91,221,244,1,1,full,white,en,en,2.1.2,
bd666235-c272-4ac3-99b3-071f93cbd3b2,es,Spanish (español),khaki,khaki,khaki,rgb,102,99,62,1,2,full,white,en,en,2.1.2,
bd666235-c272-4ac3-99b3-071f93cbd3b2,es,Spanish (español),vino,vino,vino,rgb,73,19,51,1,3,full,white,en,en,2.1.2,
bd666235-c272-4ac3-99b3-071f93cbd3b2,es,Spanish (español),verdementa,verde menta,verde menta,rgb,29,249,157,1,4,full,white,en,en,2.1.2,
bd666235-c272-4ac3-99b3-071f93cbd3b2,es,Spanish (español),cafe,café,café,rgb,91,58,23,1,5,full,white,en,en,2.1.2,
bd666235-c272-4ac3-99b3-071f93cbd3b2,es,Spanish (español),verdeopscuro,verde opscuro,verde opscuro,rgb,41,90,61,1,6,full,white,en,en,2.1.2,
bd666235-c272-4ac3-99b3-071f93cbd3b2,es,Spanish (español),verdemilitar,verde militar,verde militar,rgb,59,83,44,1,7,full,white,en,en,2.1.2,
bd666235-c272-4ac3-99b3-071f93cbd3b2,es,Spanish (español),periwinkle,periwinkle,periwinkle,rgb,139,125,228,1,8,full,white,en,en,2.1.2,
bd666235-c272-4ac3-99b3-071f93cbd3b2,es,Spanish (español),salmon,salmón,salmón,rgb,235,166,169,1,9,full,white,en,en,2.1.2,
bd666235-c272-4ac3-99b3-071f93cbd3b2,es,Spanish (español),naranja,naranja,naranja,rgb,239,107,54,1,10,full,white,en,en,2.1.2,
bd666235-c272-4ac3-99b3-071f93cbd3b2,es,Spanish (español),moradopalido,morado pálido,morado pálido,rgb,158,109,175,1,11,full,white,en,en,2.1.2,
bd666235-c272-4ac3-99b3-071f93cbd3b2,es,Spanish (español),naranjaamarilloso,naranja amarilloso,naranja amarilloso,rgb,222,185,60,3,0,full,white,en,en,2.1.2,
bd666235-c272-4ac3-99b3-071f93cbd3b2,es,Spanish (español),lila,lila,lila,rgb,183,126,208,3,1,full,white,en,en,2.1.2,
bd666235-c272-4ac3-99b3-071f93cbd3b2,es,Spanish (español),amarilloverdoso,amarillo verdoso,amarillo verdoso,rgb,201,236,56,3,2,full,white,en,en,2.1.2,
bd666235-c272-4ac3-99b3-071f93cbd3b2,es,Spanish (español),azulgrisaceo,azul grisáceo,azul grisáceo,rgb,159,197,228,3,3,full,white,en,en,2.1.2,
bd666235-c272-4ac3-99b3-071f93cbd3b2,es,Spanish (español),negro,negro,negro,rgb,2,0,3,3,4,full,white,en,en,2.1.2,
bd666235-c272-4ac3-99b3-071f93cbd3b2,es,Spanish (español),caferojizo,café rojizo,café rojizo,rgb,106,49,33,3,5,full,white,en,en,2.1.2,
bd666235-c272-4ac3-99b3-071f93cbd3b2,es,Spanish (español),rosacarne,rosa carne,rosa carne,rgb,245,179,164,3,6,full,white,en,en,2.1.2,
bd666235-c272-4ac3-99b3-071f93cbd3b2,es,Spanish (español),azulcielo,azul cielo,azul cielo,rgb,153,185,252,3,7,full,white,en,en,2.1.2,
bd666235-c272-4ac3-99b3-071f93cbd3b2,es,Spanish (español),verdelima,verde lima,verde lima,rgb,101,255,58,3,8,full,white,en,en,2.1.2,
bd666235-c272-4ac3-99b3-071f93cbd3b2,es,Spanish (español),naranjaclaro,naranja claro,naranja claro,rgb,246,196,73,3,9,full,white,en,en,2.1.2,
bd666235-c272-4ac3-99b3-071f93cbd3b2,es,Spanish (español),azul,azúl,azúl,rgb,124,145,240,3,10,full,white,en,en,2.1.2,
bd666235-c272-4ac3-99b3-071f93cbd3b2,es,Spanish (español),verdemilitar,verde militar,verde militar,rgb,74,112,39,3,11,full,white,en,en,2.1.2,
bd666235-c272-4ac3-99b3-071f93cbd3b2,es,Spanish (español),verde,verde,verde,rgb,22,209,121,5,0,full,white,en,en,2.1.2,
bd666235-c272-4ac3-99b3-071f93cbd3b2,es,Spanish (español),khaki,khaki,khaki,rgb,191,165,140,5,1,full,white,en,en,2.1.2,
bd666235-c272-4ac3-99b3-071f93cbd3b2,es,Spanish (español),magenta,magenta,magenta,rgb,203,68,154,5,2,full,white,en,en,2.1.2,
bd666235-c272-4ac3-99b3-071f93cbd3b2,es,Spanish (español),azul,azul,azul,rgb,100,71,201,5,3,full,white,en,en,2.1.2,
bd666235-c272-4ac3-99b3-071f93cbd3b2,es,Spanish (español),rosa,rosa,rosa,rgb,246,158,193,5,4,full,white,en,en,2.1.2,
bd666235-c272-4ac3-99b3-071f93cbd3b2,es,Spanish (español),celeste,celeste,celeste,rgb,192,248,244,5,5,full,white,en,en,2.1.2,
bd666235-c272-4ac3-99b3-071f93cbd3b2,es,Spanish (español),cafeclaro,café claro,café claro,rgb,144,142,116,5,6,full,white,en,en,2.1.2,
bd666235-c272-4ac3-99b3-071f93cbd3b2,es,Spanish (español),azul,azúl,azúl,rgb,120,121,245,5,7,full,white,en,en,2.1.2,
bd666235-c272-4ac3-99b3-071f93cbd3b2,es,Spanish (español),moradooscuro,morado oscuro,morado oscuro,rgb,41,24,30,5,8,full,white,en,en,2.1.2,
bd666235-c272-4ac3-99b3-071f93cbd3b2,es,Spanish (español),burgundy,burgundy,burgundy,rgb,101,37,44,5,9,full,white,en,en,2.1.2,
bd666235-c272-4ac3-99b3-071f93cbd3b2,es,Spanish (español),beigeoscuro,beige oscuro,beige oscuro,rgb,153,127,118,5,10,full,white,en,en,2.1.2,
bd666235-c272-4ac3-99b3-071f93cbd3b2,es,Spanish (español),rojo,rojo,rojo,rgb,215,64,80,5,11,full,white,en,en,2.1.2,
0a512030-4785-474a-a086-3b69be085025,es,Spanish (español),morado,morado,Morado,rgb,82,28,130,1,0,full,white,en,es,2.1.2,
0a512030-4785-474a-a086-3b69be085025,es,Spanish (español),morado,morado,Morado,rgb,63,48,103,1,1,full,white,en,es,2.1.2,
0a512030-4785-474a-a086-3b69be085025,es,Spanish (español),cafe,cafe,Cafe,rgb,98,56,53,1,2,full,white,en,es,2.1.2,
0a512030-4785-474a-a086-3b69be085025,es,Spanish (español),lima,lima,Lima,rgb,137,247,40,1,3,full,white,en,es,2.1.2,
0a512030-4785-474a-a086-3b69be085025,es,Spanish (español),morado,morado,Morado,rgb,97,19,149,1,4,full,white,en,es,2.1.2,
0a512030-4785-474a-a086-3b69be085025,es,Spanish (español),azul,azul,Azul,rgb,82,83,127,1,5,full,white,en,es,2.1.2,
0a512030-4785-474a-a086-3b69be085025,es,Spanish (español),negro,negro,Negro,rgb,26,1,39,1,6,full,white,en,es,2.1.2,
0a512030-4785-474a-a086-3b69be085025,es,Spanish (español),rosa,rosa,Rosa,rgb,251,92,131,1,7,full,white,en,es,2.1.2,
0a512030-4785-474a-a086-3b69be085025,es,Spanish (español),verdepastel,verde pastel,Verde Pastel,rgb,197,250,170,1,8,full,white,en,es,2.1.2,
0a512030-4785-474a-a086-3b69be085025,es,Spanish (español),lila,lila,Lila,rgb,184,55,239,1,9,full,white,en,es,2.1.2,
0a512030-4785-474a-a086-3b69be085025,es,Spanish (español),verde,verde,Verde,rgb,5,211,1,1,10,full,white,en,es,2.1.2,
0a512030-4785-474a-a086-3b69be085025,es,Spanish (español),cafe,cafe,Cafe,rgb,139,64,57,1,11,full,white,en,es,2.1.2,
0a512030-4785-474a-a086-3b69be085025,es,Spanish (español),morado,morado,Morado,rgb,170,82,175,3,0,full,white,en,es,2.1.2,
0a512030-4785-474a-a086-3b69be085025,es,Spanish (español),verde,verde,Verde,rgb,46,129,67,3,1,full,white,en,es,2.1.2,
0a512030-4785-474a-a086-3b69be085025,es,Spanish (español),roza,roza,Roza,rgb,195,113,169,3,2,full,white,en,es,2.1.2,
0a512030-4785-474a-a086-3b69be085025,es,Spanish (español),morado,morado,Morado,rgb,89,43,98,3,3,full,white,en,es,2.1.2,
0a512030-4785-474a-a086-3b69be085025,es,Spanish (español),cafe,café,Café,rgb,50,34,49,3,4,full,white,en,es,2.1.2,
0a512030-4785-474a-a086-3b69be085025,es,Spanish (español),azulmarino,azul marino,Azul Marino,rgb,29,1,116,3,5,full,white,en,es,2.1.2,
0a512030-4785-474a-a086-3b69be085025,es,Spanish (español),azul,azul,Azul,rgb,105,74,203,3,6,full,white,en,es,2.1.2,
0a512030-4785-474a-a086-3b69be085025,es,Spanish (español),verde,verde,Verde,rgb,119,143,68,3,7,full,white,en,es,2.1.2,
0a512030-4785-474a-a086-3b69be085025,es,Spanish (español),moradofosforescente,morado fosforescente,Morado Fosforescente,rgb,231,7,244,3,8,full,white,en,es,2.1.2,
0a512030-4785-474a-a086-3b69be085025,es,Spanish (español),morado,morado,Morado,rgb,204,66,217,3,9,full,white,en,es,2.1.2,
0a512030-4785-474a-a086-3b69be085025,es,Spanish (español),azul,azul,Azul,rgb,56,144,198,3,10,full,white,en,es,2.1.2,
0a512030-4785-474a-a086-3b69be085025,es,Spanish (español),rosa,rosa,Rosa,rgb,200,125,139,3,11,full,white,en,es,2.1.2,
0a512030-4785-474a-a086-3b69be085025,es,Spanish (español),cafe,café,Café,rgb,89,34,43,5,0,full,white,en,es,2.1.2,
0a512030-4785-474a-a086-3b69be085025,es,Spanish (español),naranja,naranja,Naranja,rgb,224,70,26,5,1,full,white,en,es,2.1.2,
0a512030-4785-474a-a086-3b69be085025,es,Spanish (español),bermellon,bermellón,Bermellón,rgb,172,24,80,5,2,full,white,en,es,2.1.2,
0a512030-4785-474a-a086-3b69be085025,es,Spanish (español),cafe,café,Café,rgb,85,72,61,5,3,full,white,en,es,2.1.2,
0a512030-4785-474a-a086-3b69be085025,es,Spanish (español),azul,azul,Azul,rgb,135,129,175,5,4,full,white,en,es,2.1.2,
0a512030-4785-474a-a086-3b69be085025,es,Spanish (español),beish,beish,Beish,rgb,208,223,170,5,5,full,white,en,es,2.1.2,
0a512030-4785-474a-a086-3b69be085025,es,Spanish (español),verde,verde,Verde,rgb,62,66,49,5,6,full,white,en,es,2.1.2,
0a512030-4785-474a-a086-3b69be085025,es,Spanish (español),morado,morado,Morado,rgb,158,45,169,5,7,full,white,en,es,2.1.2,
0a512030-4785-474a-a086-3b69be085025,es,Spanish (español),morado,morado,Morado,rgb,82,5,123,5,8,full,white,en,es,2.1.2,
0a512030-4785-474a-a086-3b69be085025,es,Spanish (español),cyan,cian,Cian,rgb,0,182,171,5,9,full,white,en,es,2.1.2,
0a512030-4785-474a-a086-3b69be085025,es,Spanish (español),roza,roza,Roza,rgb,193,101,135,5,10,full,white,en,es,2.1.2,
0a512030-4785-474a-a086-3b69be085025,es,Spanish (español),verde,verde,Verde,rgb,106,228,63,5,11,full,white,en,es,2.1.2,
fed21584-cc00-4aeb-aa15-a727d419593b,es,Spanish (español),celeste,celeste,celeste,rgb,179,213,232,3,0,full,white,en,es,2.1.2,
fed21584-cc00-4aeb-aa15-a727d419593b,es,Spanish (español),azulclaro,azul claro,azul claro,rgb,224,227,240,3,1,full,white,en,es,2.1.2,
fed21584-cc00-4aeb-aa15-a727d419593b,es,Spanish (español),azulmarino,azul marino,azul marino,rgb,92,180,210,3,2,full,white,en,es,2.1.2,
fed21584-cc00-4aeb-aa15-a727d419593b,es,Spanish (español),lila,lila,lila,rgb,207,114,241,3,3,full,white,en,es,2.1.2,
fed21584-cc00-4aeb-aa15-a727d419593b,es,Spanish (español),marron,marrón,marrón,rgb,196,74,33,3,4,full,white,en,es,2.1.2,
fed21584-cc00-4aeb-aa15-a727d419593b,es,Spanish (español),rosa,rosa,rosa,rgb,222,127,172,3,5,full,white,en,es,2.1.2,
fed21584-cc00-4aeb-aa15-a727d419593b,es,Spanish (español),violeta,violeta,violeta,rgb,164,61,172,3,6,full,white,en,es,2.1.2,
fed21584-cc00-4aeb-aa15-a727d419593b,es,Spanish (español),lila,lila,lila,rgb,174,125,153,3,7,full,white,en,es,2.1.2,
fed21584-cc00-4aeb-aa15-a727d419593b,es,Spanish (español),violeta,violeta,violeta,rgb,148,45,184,3,8,full,white,en,es,2.1.2,
fed21584-cc00-4aeb-aa15-a727d419593b,es,Spanish (español),celeste,celeste,celeste,rgb,181,243,254,3,9,full,white,en,es,2.1.2,
fed21584-cc00-4aeb-aa15-a727d419593b,es,Spanish (español),ambar,ambar,ambar,rgb,218,184,99,3,10,full,white,en,es,2.1.2,
fed21584-cc00-4aeb-aa15-a727d419593b,es,Spanish (español),rosa,rosa,rosa,rgb,230,199,244,3,11,full,white,en,es,2.1.2,
fed21584-cc00-4aeb-aa15-a727d419593b,es,Spanish (español),bordo,bordó,bordó,rgb,150,10,22,5,0,full,white,en,es,2.1.2,
fed21584-cc00-4aeb-aa15-a727d419593b,es,Spanish (español),violeta,violeta,violeta,rgb,127,88,126,5,1,full,white,en,es,2.1.2,
fed21584-cc00-4aeb-aa15-a727d419593b,es,Spanish (español),violeta,violeta,violeta,rgb,167,62,208,5,2,full,white,en,es,2.1.2,
fed21584-cc00-4aeb-aa15-a727d419593b,es,Spanish (español),violeta,violeta,violeta,rgb,131,22,159,5,3,full,white,en,es,2.1.2,
fed21584-cc00-4aeb-aa15-a727d419593b,es,Spanish (español),rosa,rosa,rosa,rgb,252,127,203,5,4,full,white,en,es,2.1.2,
fed21584-cc00-4aeb-aa15-a727d419593b,es,Spanish (español),violeta,violeta,violeta,rgb,164,99,197,5,5,full,white,en,es,2.1.2,
fed21584-cc00-4aeb-aa15-a727d419593b,es,Spanish (español),violeta,violeta,violeta,rgb,102,21,103,5,6,full,white,en,es,2.1.2,
fed21584-cc00-4aeb-aa15-a727d419593b,es,Spanish (español),marron,marrón,marrón,rgb,172,121,75,5,7,full,white,en,es,2.1.2,
fed21584-cc00-4aeb-aa15-a727d419593b,es,Spanish (español),marron,marrón,marrón,rgb,57,19,3,5,8,full,white,en,es,2.1.2,
fed21584-cc00-4aeb-aa15-a727d419593b,es,Spanish (español),turquesa,turquesa,turquesa,rgb,47,205,176,5,9,full,white,en,es,2.1.2,
fed21584-cc00-4aeb-aa15-a727d419593b,es,Spanish (español),turquesa,turquesa,turquesa,rgb,55,208,163,5,10,full,white,en,es,2.1.2,
fed21584-cc00-4aeb-aa15-a727d419593b,es,Spanish (español),marron,marron,marron,rgb,123,26,84,5,11,full,white,en,es,2.1.2,
98933e39-e9ea-46c9-9f93-650fab3f0190,es,Spanish (español),fuscia,fuscia,Fuscia,rgb,255,0,209,1,1,line,white,en,es,2.1.2,
98933e39-e9ea-46c9-9f93-650fab3f0190,es,Spanish (español),violet,violet,Violet,rgb,113,0,255,1,3,line,white,en,es,2.1.2,
98933e39-e9ea-46c9-9f93-650fab3f0190,es,Spanish (español),limegreen,lime green,Lime green,rgb,134,255,0,1,4,line,white,en,es,2.1.2,
98933e39-e9ea-46c9-9f93-650fab3f0190,es,Spanish (español),turquoise,turquoise,Turquoise,rgb,0,178,255,1,6,line,white,en,es,2.1.2,
98933e39-e9ea-46c9-9f93-650fab3f0190,es,Spanish (español),cyan,cyan,Cyan,rgb,0,255,226,1,8,line,white,en,es,2.1.2,
98933e39-e9ea-46c9-9f93-650fab3f0190,es,Spanish (español),fucsia,fucsia,Fucsia,rgb,243,0,255,3,0,line,white,en,es,2.1.2,
98933e39-e9ea-46c9-9f93-650fab3f0190,es,Spanish (español),amarillo,amarillo,Amarillo,rgb,255,223,0,3,1,line,white,en,es,2.1.2,
98933e39-e9ea-46c9-9f93-650fab3f0190,es,Spanish (español),amarilloverdoso,amarillo verdoso,Amarillo verdoso,rgb,232,255,0,3,2,line,white,en,es,2.1.2,
98933e39-e9ea-46c9-9f93-650fab3f0190,es,Spanish (español),turquesa,turquesa,Turquesa,rgb,0,154,255,3,3,line,white,en,es,2.1.2,
98933e39-e9ea-46c9-9f93-650fab3f0190,es,Spanish (español),fucsia,fucsia,Fucsia,rgb,255,0,128,3,4,line,white,en,es,2.1.2,
98933e39-e9ea-46c9-9f93-650fab3f0190,es,Spanish (español),fucsia,fucsia,Fucsia,rgb,255,0,144,3,5,line,white,en,es,2.1.2,
98933e39-e9ea-46c9-9f93-650fab3f0190,es,Spanish (español),celeste,celeste,Celeste,rgb,0,210,255,3,6,line,white,en,es,2.1.2,
98933e39-e9ea-46c9-9f93-650fab3f0190,es,Spanish (español),rojo,rojo,Rojo,rgb,255,43,0,3,7,line,white,en,es,2.1.2,
98933e39-e9ea-46c9-9f93-650fab3f0190,es,Spanish (español),naranja,naranja,Naranja,rgb,255,116,0,3,8,line,white,en,es,2.1.2,
98933e39-e9ea-46c9-9f93-650fab3f0190,es,Spanish (español),naranjaclaro,naranja claro,Naranja claro,rgb,255,169,0,3,9,line,white,en,es,2.1.2,
98933e39-e9ea-46c9-9f93-650fab3f0190,es,Spanish (español),violeta,violeta,Violeta,rgb,171,0,255,3,10,line,white,en,es,2.1.2,
98933e39-e9ea-46c9-9f93-650fab3f0190,es,Spanish (español),verde,verde,Verde,rgb,0,255,136,3,11,line,white,en,es,2.1.2,
98933e39-e9ea-46c9-9f93-650fab3f0190,es,Spanish (español),celeste,celeste,Celeste,rgb,0,255,219,5,0,line,white,en,es,2.1.2,
98933e39-e9ea-46c9-9f93-650fab3f0190,es,Spanish (español),azul,azul,Azul,rgb,0,74,255,5,1,line,white,en,es,2.1.2,
98933e39-e9ea-46c9-9f93-650fab3f0190,es,Spanish (español),rojo,rojo,Rojo,rgb,255,0,77,5,2,line,white,en,es,2.1.2,
98933e39-e9ea-46c9-9f93-650fab3f0190,es,Spanish (español),azul,azul,Azul,rgb,53,0,255,5,3,line,white,en,es,2.1.2,
98933e39-e9ea-46c9-9f93-650fab3f0190,es,Spanish (español),azul,azul,Azul,rgb,0,117,255,5,4,line,white,en,es,2.1.2,
98933e39-e9ea-46c9-9f93-650fab3f0190,es,Spanish (español),azul,azul,Azul,rgb,10,0,255,5,5,line,white,en,es,2.1.2,
98933e39-e9ea-46c9-9f93-650fab3f0190,es,Spanish (español),azul,azul,Azul,rgb,77,0,255,5,6,line,white,en,es,2.1.2,
98933e39-e9ea-46c9-9f93-650fab3f0190,es,Spanish (español),violeta,violeta,Violeta,rgb,144,0,255,5,7,line,white,en,es,2.1.2,
98933e39-e9ea-46c9-9f93-650fab3f0190,es,Spanish (español),naranja,naranja,Naranja,rgb,255,164,0,5,8,line,white,en,es,2.1.2,
98933e39-e9ea-46c9-9f93-650fab3f0190,es,Spanish (español),rosa,rosa,Rosa,rgb,255,0,184,5,9,line,white,en,es,2.1.2,
98933e39-e9ea-46c9-9f93-650fab3f0190,es,Spanish (español),celeste,celeste,Celeste,rgb,0,185,255,5,10,line,white,en,es,2.1.2,
98933e39-e9ea-46c9-9f93-650fab3f0190,es,Spanish (español),azul,azul,Azul,rgb,0,96,255,5,11,line,white,en,es,2.1.2,
858a0e4c-9a17-4774-848f-de44d04e5d56,es,Spanish (español),azulcielo,azul cielo,azul cielo,rgb,92,163,240,1,0,full,white,en,es,2.1.2,
858a0e4c-9a17-4774-848f-de44d04e5d56,es,Spanish (español),rojodesierto,rojo desierto,rojo desierto,rgb,203,73,68,1,1,full,white,en,es,2.1.2,
858a0e4c-9a17-4774-848f-de44d04e5d56,es,Spanish (español),verdebosqueazulado,verde bosque azulado,verde bosque azulado,rgb,49,135,117,1,2,full,white,en,es,2.1.2,
858a0e4c-9a17-4774-848f-de44d04e5d56,es,Spanish (español),lilagrisoso,lila grisoso,lila grisoso,rgb,184,169,163,1,3,full,white,en,es,2.1.2,
858a0e4c-9a17-4774-848f-de44d04e5d56,es,Spanish (español),malvaazulado,malva azulado,malva azulado,rgb,100,80,171,1,4,full,white,en,es,2.1.2,
858a0e4c-9a17-4774-848f-de44d04e5d56,es,Spanish (español),azulrey,azul rey,azul rey,rgb,16,41,171,1,5,full,white,en,es,2.1.2,
858a0e4c-9a17-4774-848f-de44d04e5d56,es,Spanish (español),fucsiamoradosoclaro,fucsia moradoso claro,fucsia moradoso claro,rgb,232,59,198,1,6,full,white,en,es,2.1.2,
858a0e4c-9a17-4774-848f-de44d04e5d56,es,Spanish (español),fucsiamoradosoclarocontonolila,fucsia moradoso claro con tono lila,fucsia moradoso claro con tono lila,rgb,241,99,244,1,7,full,white,en,es,2.1.2,
858a0e4c-9a17-4774-848f-de44d04e5d56,es,Spanish (español),cafecaqui,cafe caqui,cafe caqui,rgb,136,97,55,1,8,full,white,en,es,2.1.2,
858a0e4c-9a17-4774-848f-de44d04e5d56,es,Spanish (español),grisceleste,gris celeste,gris celeste,rgb,154,162,181,1,9,full,white,en,es,2.1.2,
858a0e4c-9a17-4774-848f-de44d04e5d56,es,Spanish (español),mentaapagada,menta apagada,menta apagada,rgb,141,219,150,1,10,full,white,en,es,2.1.2,
858a0e4c-9a17-4774-848f-de44d04e5d56,es,Spanish (español),negro,negro,negro,rgb,19,22,30,1,11,full,white,en,es,2.1.2,
858a0e4c-9a17-4774-848f-de44d04e5d56,es,Spanish (español),caquiapagado,caqui apagado,caqui apagado,rgb,161,154,101,3,0,full,white,en,es,2.1.2,
858a0e4c-9a17-4774-848f-de44d04e5d56,es,Spanish (español),grisfrio,gris frio,gris frio,rgb,92,101,93,3,1,full,white,en,es,2.1.2,
858a0e4c-9a17-4774-848f-de44d04e5d56,es,Spanish (español),amarilloazufre,amarillo azufre,amarillo azufre,rgb,201,220,41,3,2,full,white,en,es,2.1.2,
858a0e4c-9a17-4774-848f-de44d04e5d56,es,Spanish (español),rosafucsiacasisinsaturar,rosa fucsia casi sin saturar,rosa fucsia casi sin saturar,rgb,212,96,168,3,3,full,white,en,es,2.1.2,
858a0e4c-9a17-4774-848f-de44d04e5d56,es,Spanish (español),fucsia,fucsia,fucsia,rgb,246,12,195,3,4,full,white,en,es,2.1.2,
858a0e4c-9a17-4774-848f-de44d04e5d56,es,Spanish (español),azulcielo,azul cielo,azul cielo,rgb,102,165,217,3,5,full,white,en,es,2.1.2,
858a0e4c-9a17-4774-848f-de44d04e5d56,es,Spanish (español),"rosafucsiadesaturado,grisaceo","rosa fucsia desaturado, grisaceo","rosa fucsia desaturado, grisaceo",rgb,208,92,176,3,6,full,white,en,es,2.1.2,
858a0e4c-9a17-4774-848f-de44d04e5d56,es,Spanish (español),moradomuyoscurofrio,morado muy oscuro frio,morado muy oscuro frio,rgb,81,24,77,3,7,full,white,en,es,2.1.2,
858a0e4c-9a17-4774-848f-de44d04e5d56,es,Spanish (español),celesteaapagadogrisaceo,celeste aapagado grisaceo,celeste aapagado grisaceo,rgb,93,134,153,3,8,full,white,en,es,2.1.2,
858a0e4c-9a17-4774-848f-de44d04e5d56,es,Spanish (español),azulmarinobrillante,azul marino brillante,azul marino brillante,rgb,40,50,83,3,9,full,white,en,es,2.1.2,
858a0e4c-9a17-4774-848f-de44d04e5d56,es,Spanish (español),celestecontoqueverdosobrillanteclaro,celeste con toque verdoso brillante claro,celeste con toque verdoso brillante claro,rgb,144,231,213,3,10,full,white,en,es,2.1.2,
858a0e4c-9a17-4774-848f-de44d04e5d56,es,Spanish (español),malvaacelestado,malva acelestado,malva acelestado,rgb,87,129,163,3,11,full,white,en,es,2.1.2,
858a0e4c-9a17-4774-848f-de44d04e5d56,es,Spanish (español),azulgrisaceo,azul grisaceo,azul grisaceo,rgb,84,101,142,5,0,full,white,en,es,2.1.2,
858a0e4c-9a17-4774-848f-de44d04e5d56,es,Spanish (español),marronbrillante,marrón brillante,marrón brillante,rgb,157,77,32,5,1,full,white,en,es,2.1.2,
858a0e4c-9a17-4774-848f-de44d04e5d56,es,Spanish (español),azulcielosaturadoyalgomasazul,azul cielo saturado y algo mas azul,azul cielo saturado y algo mas azul,rgb,114,88,249,5,2,full,white,en,es,2.1.2,
858a0e4c-9a17-4774-848f-de44d04e5d56,es,Spanish (español),amarillohuevo,amarillo huevo,amarillo huevo,rgb,254,231,38,5,3,full,white,en,es,2.1.2,
858a0e4c-9a17-4774-848f-de44d04e5d56,es,Spanish (español),moradoapagadooscuroprofundoperogrisaceo,morado apagado oscuro profundo pero grisaceo,morado apagado oscuro profundo pero grisaceo,rgb,89,61,84,5,4,full,white,en,es,2.1.2,
858a0e4c-9a17-4774-848f-de44d04e5d56,es,Spanish (español),verdebrillanteprofundomediooscuro,verde brillante profundo medio oscuro,verde brillante profundo medio oscuro,rgb,102,166,37,5,5,full,white,en,es,2.1.2,
858a0e4c-9a17-4774-848f-de44d04e5d56,es,Spanish (español),malvaazuladoapagado,malva azulado apagado,malva azulado apagado,rgb,93,89,132,5,6,full,white,en,es,2.1.2,
858a0e4c-9a17-4774-848f-de44d04e5d56,es,Spanish (español),amarillopastelbrillante,amarillo pastel brillante,amarillo pastel brillante,rgb,248,255,117,5,7,full,white,en,es,2.1.2,
858a0e4c-9a17-4774-848f-de44d04e5d56,es,Spanish (español),mentaopaca,menta opaca,menta opaca,rgb,102,172,89,5,8,full,white,en,es,2.1.2,
858a0e4c-9a17-4774-848f-de44d04e5d56,es,Spanish (español),fucsiamoradosoapagado,fucsia moradoso apagado,fucsia moradoso apagado,rgb,135,28,95,5,9,full,white,en,es,2.1.2,
858a0e4c-9a17-4774-848f-de44d04e5d56,es,Spanish (español),moradofriobrillante,morado frio brillante,morado frio brillante,rgb,133,49,150,5,10,full,white,en,es,2.1.2,
858a0e4c-9a17-4774-848f-de44d04e5d56,es,Spanish (español),celestecontoquemorado,celeste con toque morado,celeste con toque morado,rgb,138,110,215,5,11,full,white,en,es,2.1.2,
bc88462b-3fb6-4fdf-af72-5c5d00dd0d43,es,Spanish (español),verde,verde,Verde,p3,0.679291,0.775442,0.204424,1,0,full,white,en,en,2.1.2,
bc88462b-3fb6-4fdf-af72-5c5d00dd0d43,es,Spanish (español),rojo,rojo,Rojo,p3,0.990902,0.322087,0.213225,1,1,full,white,en,en,2.1.2,
bc88462b-3fb6-4fdf-af72-5c5d00dd0d43,es,Spanish (español),azulturquesa,azul turquesa,Azul turquesa,p3,0.397647,0.467046,0.712657,1,2,full,white,en,en,2.1.2,
bc88462b-3fb6-4fdf-af72-5c5d00dd0d43,es,Spanish (español),negro,negro,Negro,p3,0.143316,0.065418,0.003556,1,3,full,white,en,en,2.1.2,
bc88462b-3fb6-4fdf-af72-5c5d00dd0d43,es,Spanish (español),naranja,naranja,Naranja,p3,0.886553,0.531352,0.283514,1,4,full,white,en,en,2.1.2,
bc88462b-3fb6-4fdf-af72-5c5d00dd0d43,es,Spanish (español),verdementa,verde menta,Verde menta,p3,0.769672,0.856544,0.646601,1,5,full,white,en,en,2.1.2,
bc88462b-3fb6-4fdf-af72-5c5d00dd0d43,es,Spanish (español),naranja,naranja,Naranja,p3,0.955723,0.742937,0.499965,1,6,full,white,en,en,2.1.2,
bc88462b-3fb6-4fdf-af72-5c5d00dd0d43,es,Spanish (español),borgona,borgoña,Borgoña,p3,0.375444,0.113293,0.250449,1,7,full,white,en,en,2.1.2,
bc88462b-3fb6-4fdf-af72-5c5d00dd0d43,es,Spanish (español),morado,morado,Morado,p3,0.407023,0.011433,0.877748,1,8,full,white,en,en,2.1.2,
bc88462b-3fb6-4fdf-af72-5c5d00dd0d43,es,Spanish (español),rosa,rosado,Rosado,p3,0.89405,0.368064,0.981435,1,9,full,white,en,en,2.1.2,
bc88462b-3fb6-4fdf-af72-5c5d00dd0d43,es,Spanish (español),morado,morado,Morado,p3,0.529881,0.311893,0.540166,1,10,full,white,en,en,2.1.2,
bc88462b-3fb6-4fdf-af72-5c5d00dd0d43,es,Spanish (español),verdefosforescente,verde fosforescente,Verde fosforescente,p3,0.334097,0.914114,0.283333,1,11,full,white,en,en,2.1.2,
bc88462b-3fb6-4fdf-af72-5c5d00dd0d43,es,Spanish (español),cafeoscuro,café oscuro,Café oscuro,p3,0.286457,0.244681,0.229191,3,0,full,white,en,en,2.1.2,
bc88462b-3fb6-4fdf-af72-5c5d00dd0d43,es,Spanish (español),rosa,rosado,Rosado,p3,0.720887,0.321523,0.440839,3,1,full,white,en,en,2.1.2,
bc88462b-3fb6-4fdf-af72-5c5d00dd0d43,es,Spanish (español),azuloscuro,azul oscuro,Azul oscuro,p3,0.055289,0.080135,0.370625,3,2,full,white,en,en,2.1.2,
bc88462b-3fb6-4fdf-af72-5c5d00dd0d43,es,Spanish (español),azulcielo,azul cielo,Azul cielo,p3,0.511116,0.609335,0.716098,3,3,full,white,en,en,2.1.2,
bc88462b-3fb6-4fdf-af72-5c5d00dd0d43,es,Spanish (español),verdeesmeralda,verde esmeralda,Verde esmeralda,p3,0.104094,0.44485,0.342846,3,4,full,white,en,en,2.1.2,
bc88462b-3fb6-4fdf-af72-5c5d00dd0d43,es,Spanish (español),verde,verde,Verde,p3,0.177191,0.756128,0.440311,3,5,full,white,en,en,2.1.2,
bc88462b-3fb6-4fdf-af72-5c5d00dd0d43,es,Spanish (español),morado,morado,Morado,p3,0.53184,0.010839,0.510198,3,6,full,white,en,en,2.1.2,
bc88462b-3fb6-4fdf-af72-5c5d00dd0d43,es,Spanish (español),negro,negro,Negro,p3,0.104557,0.005225,0.11199,3,7,full,white,en,en,2.1.2,
bc88462b-3fb6-4fdf-af72-5c5d00dd0d43,es,Spanish (español),rojo,rojo,Rojo,p3,0.813514,0.022922,0.023785,3,8,full,white,en,en,2.1.2,
bc88462b-3fb6-4fdf-af72-5c5d00dd0d43,es,Spanish (español),rojooscuro,rojo oscuro,Rojo oscuro,p3,0.529354,0.198569,0.22393,3,9,full,white,en,en,2.1.2,
bc88462b-3fb6-4fdf-af72-5c5d00dd0d43,es,Spanish (español),rosapastel,rosado pastel,Rosado pastel,p3,0.755559,0.597579,0.662959,3,10,full,white,en,en,2.1.2,
bc88462b-3fb6-4fdf-af72-5c5d00dd0d43,es,Spanish (español),azulaguamarina,azul aguamarina,Azul aguamarina,p3,0.412459,0.829207,0.757356,3,11,full,white,en,en,2.1.2,
bc88462b-3fb6-4fdf-af72-5c5d00dd0d43,es,Spanish (español),rosa,rosado,Rosado,p3,0.82495,0.550853,0.915548,5,0,full,white,en,en,2.1.2,
bc88462b-3fb6-4fdf-af72-5c5d00dd0d43,es,Spanish (español),morado,morado,Morado,p3,0.56998,0.349146,0.879389,5,1,full,white,en,en,2.1.2,
bc88462b-3fb6-4fdf-af72-5c5d00dd0d43,es,Spanish (español),gris,gris,Gris,p3,0.848356,0.892339,0.918155,5,2,full,white,en,en,2.1.2,
bc88462b-3fb6-4fdf-af72-5c5d00dd0d43,es,Spanish (español),morado,morado,Morado,p3,0.375642,0.306654,0.678942,5,3,full,white,en,en,2.1.2,
bc88462b-3fb6-4fdf-af72-5c5d00dd0d43,es,Spanish (español),verde,verde,Verde,p3,0.587941,0.639303,0.214102,5,4,full,white,en,en,2.1.2,
bc88462b-3fb6-4fdf-af72-5c5d00dd0d43,es,Spanish (español),azul,azul,Azul,p3,0.126181,0.186668,0.677524,5,5,full,white,en,en,2.1.2,
bc88462b-3fb6-4fdf-af72-5c5d00dd0d43,es,Spanish (español),dorado,dorado,Dorado,p3,0.634958,0.501126,0.236875,5,6,full,white,en,en,2.1.2,
bc88462b-3fb6-4fdf-af72-5c5d00dd0d43,es,Spanish (español),azulrey,azul rey,Azul rey,p3,0.148635,0.408468,0.918685,5,7,full,white,en,en,2.1.2,
bc88462b-3fb6-4fdf-af72-5c5d00dd0d43,es,Spanish (español),grisoscuro,gris oscuro,Gris oscuro,p3,0.349068,0.370041,0.443459,5,8,full,white,en,en,2.1.2,
bc88462b-3fb6-4fdf-af72-5c5d00dd0d43,es,Spanish (español),naranja,naranja,Naranja,p3,0.644173,0.33703,0.203826,5,9,full,white,en,en,2.1.2,
bc88462b-3fb6-4fdf-af72-5c5d00dd0d43,es,Spanish (español),negro,negro,Negro,p3,0,0.000015,0,5,10,full,white,en,en,2.1.2,
bc88462b-3fb6-4fdf-af72-5c5d00dd0d43,es,Spanish (español),verdeoscuro,verde oscuro,Verde oscuro,p3,0.135789,0.215001,0.100544,5,11,full,white,en,en,2.1.2,
5622b1af-62b6-402b-9667-106f3b4f8ad8,es,Spanish (español),marron,marrón,marrón,p3,0.417958,0.300382,0.306454,1,0,full,white,en,en,2.1.2,
5622b1af-62b6-402b-9667-106f3b4f8ad8,es,Spanish (español),fucsia,fucsia,fucsia,p3,0.992247,0.0114697,0.690792,1,1,full,white,en,en,2.1.2,
5622b1af-62b6-402b-9667-106f3b4f8ad8,es,Spanish (español),turquesa,turquesa,turquesa,p3,0.287364,0.868332,0.714952,1,2,full,white,en,en,2.1.2,
5622b1af-62b6-402b-9667-106f3b4f8ad8,es,Spanish (español),azul,azul,azul,p3,0.203143,0.509396,0.893994,1,3,full,white,en,en,2.1.2,
5622b1af-62b6-402b-9667-106f3b4f8ad8,es,Spanish (español),verdeoscuro,verde oscuro,verde oscuro,p3,0.0988522,0.209208,0.0787883,1,4,full,white,en,en,2.1.2,
5622b1af-62b6-402b-9667-106f3b4f8ad8,es,Spanish (español),azulmarino,azul marino,azul marino,p3,0.155321,0.0995691,0.386831,1,5,full,white,en,en,2.1.2,
5622b1af-62b6-402b-9667-106f3b4f8ad8,es,Spanish (español),verdeclaro,verde claro,verde claro,p3,0.647903,0.972945,0.591988,1,6,full,white,en,en,2.1.2,
5622b1af-62b6-402b-9667-106f3b4f8ad8,es,Spanish (español),rosa,rosa,rosa,p3,0.985595,0.687899,0.981043,1,7,full,white,en,en,2.1.2,
5622b1af-62b6-402b-9667-106f3b4f8ad8,es,Spanish (español),verdechillon,verde chillón,verde chillón,p3,0.708213,0.791964,0.407768,1,8,full,white,en,en,2.1.2,
5622b1af-62b6-402b-9667-106f3b4f8ad8,es,Spanish (español),morado,morado,morado,p3,0.566568,0.217248,0.706637,1,9,full,white,en,en,2.1.2,
5622b1af-62b6-402b-9667-106f3b4f8ad8,es,Spanish (español),amarillo,amarillo,amarillo,p3,0.962247,0.851826,0.191767,1,10,full,white,en,en,2.1.2,
5622b1af-62b6-402b-9667-106f3b4f8ad8,es,Spanish (español),dorado/marron,dorado / marrón,dorado / marrón,p3,0.582359,0.492927,0.288657,1,11,full,white,en,en,2.1.2,
5622b1af-62b6-402b-9667-106f3b4f8ad8,es,Spanish (español),fucsia,fucsia,fucsia,p3,0.861797,0.261182,0.853842,3,0,full,white,en,en,2.1.2,
5622b1af-62b6-402b-9667-106f3b4f8ad8,es,Spanish (español),vinotinto,vinotinto,vinotinto,p3,0.369693,0.120547,0.0962452,3,1,full,white,en,en,2.1.2,
5622b1af-62b6-402b-9667-106f3b4f8ad8,es,Spanish (español),rosaoscuro,rosado oscuro,rosado oscuro,p3,0.661345,0.245086,0.519651,3,2,full,white,en,en,2.1.2,
5622b1af-62b6-402b-9667-106f3b4f8ad8,es,Spanish (español),naranja,naranja,naranja,p3,0.993228,0.411045,0.198714,3,3,full,white,en,en,2.1.2,
5622b1af-62b6-402b-9667-106f3b4f8ad8,es,Spanish (español),morado,morado,morado,p3,0.559577,0.407818,0.633015,3,4,full,white,en,en,2.1.2,
5622b1af-62b6-402b-9667-106f3b4f8ad8,es,Spanish (español),turquesa,turquesa,turquesa,p3,0.355093,0.514551,0.605662,3,5,full,white,en,en,2.1.2,
5622b1af-62b6-402b-9667-106f3b4f8ad8,es,Spanish (español),amarilloquemado,amarillo quemado,amarillo quemado,p3,0.770235,0.530464,0.0609308,3,6,full,white,en,en,2.1.2,
5622b1af-62b6-402b-9667-106f3b4f8ad8,es,Spanish (español),negro,negro,negro,p3,0.000544309,0.00160502,0.0346507,3,7,full,white,en,en,2.1.2,
5622b1af-62b6-402b-9667-106f3b4f8ad8,es,Spanish (español),morado,morado,morado,p3,0.525241,0.0435811,0.499339,3,8,full,white,en,en,2.1.2,
5622b1af-62b6-402b-9667-106f3b4f8ad8,es,Spanish (español),rosalila,rosado lila,rosado lila,p3,0.87412,0.533099,0.935109,3,9,full,white,en,en,2.1.2,
5622b1af-62b6-402b-9667-106f3b4f8ad8,es,Spanish (español),azul,azul,azul,p3,0.537567,0.607801,0.953955,3,10,full,white,en,en,2.1.2,
5622b1af-62b6-402b-9667-106f3b4f8ad8,es,Spanish (español),azulclarito,azul clarito,azul clarito,p3,0.480554,0.828616,0.988345,3,11,full,white,en,en,2.1.2,
5622b1af-62b6-402b-9667-106f3b4f8ad8,es,Spanish (español),rojo,rojo,rojo,p3,0.87461,0.346878,0.412324,5,0,full,white,en,en,2.1.2,
5622b1af-62b6-402b-9667-106f3b4f8ad8,es,Spanish (español),morado,morado,morado,p3,0.358468,0.271845,0.558902,5,1,full,white,en,en,2.1.2,
5622b1af-62b6-402b-9667-106f3b4f8ad8,es,Spanish (español),gris,gris,gris,p3,0.776943,0.760316,0.774983,5,2,full,white,en,en,2.1.2,
5622b1af-62b6-402b-9667-106f3b4f8ad8,es,Spanish (español),verde,verde,verde,p3,0.131361,0.847501,0.391659,5,3,full,white,en,en,2.1.2,
5622b1af-62b6-402b-9667-106f3b4f8ad8,es,Spanish (español),vinotinto,vinotinto,vinotinto,p3,0.240206,0.223133,0.328056,5,4,full,white,en,en,2.1.2,
5622b1af-62b6-402b-9667-106f3b4f8ad8,es,Spanish (español),verde,verde,verde,p3,0.5109,0.696757,0.418389,5,5,full,white,en,en,2.1.2,
5622b1af-62b6-402b-9667-106f3b4f8ad8,es,Spanish (español),verde,verde,verde,p3,0.244691,0.488781,0.393027,5,6,full,white,en,en,2.1.2,
5622b1af-62b6-402b-9667-106f3b4f8ad8,es,Spanish (español),azul,azul,azul,p3,0.0116909,0.130239,0.992743,5,7,full,white,en,en,2.1.2,
5622b1af-62b6-402b-9667-106f3b4f8ad8,es,Spanish (español),rosa,rosado,rosado,p3,0.772879,0.536591,0.596016,5,8,full,white,en,en,2.1.2,
5622b1af-62b6-402b-9667-106f3b4f8ad8,es,Spanish (español),azuloscuro,azul oscuro,azul oscuro,p3,0.122081,0.314087,0.763273,5,9,full,white,en,en,2.1.2,
5622b1af-62b6-402b-9667-106f3b4f8ad8,es,Spanish (español),verde,verde,verde,p3,0.215266,0.490377,0.114503,5,10,full,white,en,en,2.1.2,
5622b1af-62b6-402b-9667-106f3b4f8ad8,es,Spanish (español),morado,morado,morado,p3,0.359046,0.0121209,0.653058,5,11,full,white,en,en,2.1.2,
28b05716-761a-4f17-a036-f4315dbc9547,es,Spanish (español),rosaceo,rosaceo,rosaceo,rgb,215,136,147,1,0,full,white,en,en,2.1.2,
28b05716-761a-4f17-a036-f4315dbc9547,es,Spanish (español),naranjaamarilloso,naranja amarilloso,naranja amarilloso,rgb,222,125,53,1,1,full,white,en,en,2.1.2,
28b05716-761a-4f17-a036-f4315dbc9547,es,Spanish (español),verdementa,verde menta,verde menta,rgb,65,240,156,1,2,full,white,en,en,2.1.2,
28b05716-761a-4f17-a036-f4315dbc9547,es,Spanish (español),verdepasto,verde pasto,verde pasto,rgb,105,194,87,1,3,full,white,en,en,2.1.2,
28b05716-761a-4f17-a036-f4315dbc9547,es,Spanish (español),azulcielofuerte,azul cielo fuerte,azul cielo fuerte,rgb,130,99,240,1,4,full,white,en,en,2.1.2,
28b05716-761a-4f17-a036-f4315dbc9547,es,Spanish (español),verdepasteourisado,verde pasteourisado,verde pasteourisado,rgb,156,173,85,1,5,full,white,en,en,2.1.2,
28b05716-761a-4f17-a036-f4315dbc9547,es,Spanish (español),rosacarne,rosa carne,rosa carne,rgb,199,153,175,1,6,full,white,en,en,2.1.2,
28b05716-761a-4f17-a036-f4315dbc9547,es,Spanish (español),azulmoradiso,azul moradiso,azul moradiso,rgb,98,79,131,1,7,full,white,en,en,2.1.2,
28b05716-761a-4f17-a036-f4315dbc9547,es,Spanish (español),moradolavanda,morado lavanda,morado lavanda,rgb,185,148,173,1,8,full,white,en,en,2.1.2,
28b05716-761a-4f17-a036-f4315dbc9547,es,Spanish (español),naranjacafesoso,naranja cafesoso,naranja cafesoso,rgb,195,136,120,1,9,full,white,en,en,2.1.2,
28b05716-761a-4f17-a036-f4315dbc9547,es,Spanish (español),morado,morado,morado,rgb,121,69,180,1,10,full,white,en,en,2.1.2,
28b05716-761a-4f17-a036-f4315dbc9547,es,Spanish (español),verdemilitar,verde militar,verde militar,rgb,65,121,42,1,11,full,white,en,en,2.1.2,
28b05716-761a-4f17-a036-f4315dbc9547,es,Spanish (español),moradoclaro,morado claro,morado claro,rgb,154,138,232,3,0,full,white,en,en,2.1.2,
28b05716-761a-4f17-a036-f4315dbc9547,es,Spanish (español),azul,azul,azul,rgb,54,106,247,3,1,full,white,en,en,2.1.2,
28b05716-761a-4f17-a036-f4315dbc9547,es,Spanish (español),rositaclaro,rosita claro,rosita claro,rgb,245,189,209,3,2,full,white,en,en,2.1.2,
28b05716-761a-4f17-a036-f4315dbc9547,es,Spanish (español),azulgrisacio,azul grisacio,azul grisacio,rgb,92,86,132,3,3,full,white,en,en,2.1.2,
28b05716-761a-4f17-a036-f4315dbc9547,es,Spanish (español),moradocafemate,morado cafe mate,morado cafe mate,rgb,151,122,136,3,4,full,white,en,en,2.1.2,
28b05716-761a-4f17-a036-f4315dbc9547,es,Spanish (español),moradomagenta,morado magenta,morado magenta,rgb,152,39,108,3,5,full,white,en,en,2.1.2,
28b05716-761a-4f17-a036-f4315dbc9547,es,Spanish (español),mentaverdeclaro,menta verde claro,menta verde claro,rgb,154,210,192,3,6,full,white,en,en,2.1.2,
28b05716-761a-4f17-a036-f4315dbc9547,es,Spanish (español),rosaconuntoquedemorado,rosa con un toque de morado,rosa con un toque de morado,rgb,220,155,196,3,7,full,white,en,en,2.1.2,
28b05716-761a-4f17-a036-f4315dbc9547,es,Spanish (español),amarillo,amarillo,amarillo,rgb,225,238,106,3,8,full,white,en,en,2.1.2,
28b05716-761a-4f17-a036-f4315dbc9547,es,Spanish (español),cafe,cafe,cafe,rgb,125,99,104,3,9,full,white,en,en,2.1.2,
28b05716-761a-4f17-a036-f4315dbc9547,es,Spanish (español),azulclarifuerte,azul clarifuerte,azul clarifuerte,rgb,51,106,238,3,10,full,white,en,en,2.1.2,
28b05716-761a-4f17-a036-f4315dbc9547,es,Spanish (español),moradorosa,morado rosa,morado rosa,rgb,220,96,229,3,11,full,white,en,en,2.1.2,
28b05716-761a-4f17-a036-f4315dbc9547,es,Spanish (español),rojocereca,rojo cereca,rojo cereca,rgb,169,38,0,5,0,full,white,en,en,2.1.2,
28b05716-761a-4f17-a036-f4315dbc9547,es,Spanish (español),aquaverdoso,aqua verdoso,aqua verdoso,rgb,87,165,168,5,1,full,white,en,en,2.1.2,
28b05716-761a-4f17-a036-f4315dbc9547,es,Spanish (español),amarillomostaza,amarillo mostaza,amarillo mostaza,rgb,186,150,65,5,2,full,white,en,en,2.1.2,
28b05716-761a-4f17-a036-f4315dbc9547,es,Spanish (español),naranjacuerocafesoso,naranja cuero cafesoso,naranja cuero cafesoso,rgb,188,97,65,5,3,full,white,en,en,2.1.2,
28b05716-761a-4f17-a036-f4315dbc9547,es,Spanish (español),rosafuerte,rosa fuerte,rosa fuerte,rgb,240,53,158,5,4,full,white,en,en,2.1.2,
28b05716-761a-4f17-a036-f4315dbc9547,es,Spanish (español),rosa,rosa,rosa,rgb,251,78,148,5,5,full,white,en,en,2.1.2,
28b05716-761a-4f17-a036-f4315dbc9547,es,Spanish (español),piel,piel,piel,rgb,250,206,167,5,6,full,white,en,en,2.1.2,
28b05716-761a-4f17-a036-f4315dbc9547,es,Spanish (español),azulclaromaroso,azul claro maroso,azul claro maroso,rgb,91,68,193,5,7,full,white,en,en,2.1.2,
28b05716-761a-4f17-a036-f4315dbc9547,es,Spanish (español),azulceleste,azul celeste,azul celeste,rgb,85,196,231,5,8,full,white,en,en,2.1.2,
28b05716-761a-4f17-a036-f4315dbc9547,es,Spanish (español),verdemilitarisadoconunlevetoquedeamarilloso,verde militarisado con un leve toque de  amarilloso,verde militarisado con un leve toque de  amarilloso,rgb,109,141,98,5,9,full,white,en,en,2.1.2,
28b05716-761a-4f17-a036-f4315dbc9547,es,Spanish (español),naranjapeach,naranja peach,naranja peach,rgb,247,114,99,5,10,full,white,en,en,2.1.2,
28b05716-761a-4f17-a036-f4315dbc9547,es,Spanish (español),azulcieloclaro,azul cielo claro,azul cielo claro,rgb,151,188,249,5,11,full,white,en,en,2.1.2,
bd36874b-2b26-4738-9969-b27122df0c05,es,Spanish (español),magenta,magenta,magenta,p3,0.682666,0.389874,0.920743,1,0,full,white,en,es,2.1.2,
bd36874b-2b26-4738-9969-b27122df0c05,es,Spanish (español),moradooscuro,morado oscuro,morado oscuro,p3,0.288097,0.134815,0.413636,1,1,full,white,en,es,2.1.2,
bd36874b-2b26-4738-9969-b27122df0c05,es,Spanish (español),azulrey,azul rey,azul rey,p3,0.0967384,0.319888,0.726377,1,2,full,white,en,es,2.1.2,
bd36874b-2b26-4738-9969-b27122df0c05,es,Spanish (español),azulcielo,azul cielo,azul cielo,p3,0.515112,0.694234,0.992393,1,3,full,white,en,es,2.1.2,
bd36874b-2b26-4738-9969-b27122df0c05,es,Spanish (español),marronamarillo,marrón amarillo,marrón amarillo,p3,0.644028,0.463048,0.245176,1,4,full,white,en,es,2.1.2,
bd36874b-2b26-4738-9969-b27122df0c05,es,Spanish (español),borgona,borgoña,borgoña,p3,0.272681,0.0586475,0.0499639,1,5,full,white,en,es,2.1.2,
bd36874b-2b26-4738-9969-b27122df0c05,es,Spanish (español),naranjafosforescente,naranja fosforescente,naranja fosforescente,p3,0.986493,0.547447,0.375423,1,6,full,white,en,es,2.1.2,
bd36874b-2b26-4738-9969-b27122df0c05,es,Spanish (español),gris,gris,gris,p3,0.642527,0.647493,0.727106,1,7,full,white,en,es,2.1.2,
bd36874b-2b26-4738-9969-b27122df0c05,es,Spanish (español),rosafosforescente,rosado fosforescente,rosado fosforescente,p3,0.971476,0.465655,0.764669,1,8,full,white,en,es,2.1.2,
bd36874b-2b26-4738-9969-b27122df0c05,es,Spanish (español),amarillo,amarillo,amarillo,p3,0.923529,0.779549,0.423748,1,9,full,white,en,es,2.1.2,
bd36874b-2b26-4738-9969-b27122df0c05,es,Spanish (español),verdeoliva,verde oliva,verde oliva,p3,0.325014,0.365072,0.112581,1,10,full,white,en,es,2.1.2,
bd36874b-2b26-4738-9969-b27122df0c05,es,Spanish (español),rojorosa,rojo rosado,rojo rosado,p3,0.626033,0.214143,0.330235,1,11,full,white,en,es,2.1.2,
bd36874b-2b26-4738-9969-b27122df0c05,es,Spanish (español),verdefosforecente,verde fosforecente,verde fosforecente,p3,0.626488,0.932341,0.520283,3,0,full,white,en,es,2.1.2,
bd36874b-2b26-4738-9969-b27122df0c05,es,Spanish (español),morado,morado,morado,p3,0.508487,0.410185,0.733534,3,1,full,white,en,es,2.1.2,
bd36874b-2b26-4738-9969-b27122df0c05,es,Spanish (español),azuloscuro,azul oscuro,azul oscuro,p3,0.0735965,0.00717298,0.2875,3,2,full,white,en,es,2.1.2,
bd36874b-2b26-4738-9969-b27122df0c05,es,Spanish (español),verdeazulado,verde azulado,verde azulado,p3,0.279262,0.783466,0.594734,3,3,full,white,en,es,2.1.2,
bd36874b-2b26-4738-9969-b27122df0c05,es,Spanish (español),piel,piel,piel,p3,0.996618,0.743091,0.683937,3,4,full,white,en,es,2.1.2,
bd36874b-2b26-4738-9969-b27122df0c05,es,Spanish (español),azul,azul,azul,p3,0.251494,0.486555,0.873054,3,5,full,white,en,es,2.1.2,
bd36874b-2b26-4738-9969-b27122df0c05,es,Spanish (español),amarilloclaro,amarillo claro,amarillo claro,p3,0.999144,0.945132,0.775821,3,6,full,white,en,es,2.1.2,
bd36874b-2b26-4738-9969-b27122df0c05,es,Spanish (español),verdeoliva,verde oliva,verde oliva,p3,0.562695,0.593748,0.0390468,3,7,full,white,en,es,2.1.2,
bd36874b-2b26-4738-9969-b27122df0c05,es,Spanish (español),verde,verde,verde,p3,0.385342,0.755916,0.162581,3,8,full,white,en,es,2.1.2,
bd36874b-2b26-4738-9969-b27122df0c05,es,Spanish (español),gris,gris,gris,p3,0.770608,0.816301,0.889842,3,10,full,white,en,es,2.1.2,
bd36874b-2b26-4738-9969-b27122df0c05,es,Spanish (español),morado,morado,morado,p3,0.612039,0.557701,0.992062,3,11,full,white,en,es,2.1.2,
bd36874b-2b26-4738-9969-b27122df0c05,es,Spanish (español),cafe,cafe,cafe,p3,0.550442,0.466805,0.513668,5,0,full,white,en,es,2.1.2,
bd36874b-2b26-4738-9969-b27122df0c05,es,Spanish (español),morado,morado,morado,p3,0.35927,0.180904,0.628757,5,1,full,white,en,es,2.1.2,
bd36874b-2b26-4738-9969-b27122df0c05,es,Spanish (español),magenta,magenta,magenta,p3,0.604043,0.228286,0.759755,5,2,full,white,en,es,2.1.2,
bd36874b-2b26-4738-9969-b27122df0c05,es,Spanish (español),verde,verde,verde,p3,0.185662,0.576761,0.436362,5,3,full,white,en,es,2.1.2,
bd36874b-2b26-4738-9969-b27122df0c05,es,Spanish (español),amarilloverdoso,amarillo verdoso,amarillo verdoso,p3,0.664402,0.630786,0.406992,5,4,full,white,en,es,2.1.2,
bd36874b-2b26-4738-9969-b27122df0c05,es,Spanish (español),rojorosa,rojo rosado,rojo rosado,p3,0.782694,0.349917,0.447255,5,5,full,white,en,es,2.1.2,
bd36874b-2b26-4738-9969-b27122df0c05,es,Spanish (español),rosa,rosado,rosado,p3,0.998545,0.0816785,0.372771,5,6,full,white,en,es,2.1.2,
bd36874b-2b26-4738-9969-b27122df0c05,es,Spanish (español),verdegrisoso,verde grisoso,verde grisoso,p3,0.302271,0.363403,0.430191,5,7,full,white,en,es,2.1.2,
bd36874b-2b26-4738-9969-b27122df0c05,es,Spanish (español),negro,negro,negro,p3,0.00132194,0.0412066,0.0247723,5,8,full,white,en,es,2.1.2,
bd36874b-2b26-4738-9969-b27122df0c05,es,Spanish (español),moradoazulado,morado azulado,morado azulado,p3,0.335852,0.330598,0.985413,5,9,full,white,en,es,2.1.2,
bd36874b-2b26-4738-9969-b27122df0c05,es,Spanish (español),moradorosa,morado rosado,morado rosado,p3,0.509694,0.114696,0.450998,5,10,full,white,en,es,2.1.2,
bd36874b-2b26-4738-9969-b27122df0c05,es,Spanish (español),verde,verde,verde,p3,0.715198,0.990894,0.845568,5,11,full,white,en,es,2.1.2,
f822f64d-d9ca-424f-a590-623d2122600b,es,Spanish (español),rojo,rojo,Rojo,p3,0.798117,0.221908,0.29134,1,0,full,white,en,en,2.1.2,
f822f64d-d9ca-424f-a590-623d2122600b,es,Spanish (español),magenta,magenta,Magenta,p3,0.797962,0.027674,0.879595,1,1,full,white,en,en,2.1.2,
f822f64d-d9ca-424f-a590-623d2122600b,es,Spanish (español),grisazulado,gris azulado,Gris azulado,p3,0.38224,0.46327,0.625026,1,2,full,white,en,en,2.1.2,
f822f64d-d9ca-424f-a590-623d2122600b,es,Spanish (español),cafe,café,Café,p3,0.374285,0.215012,0.025748,1,3,full,white,en,en,2.1.2,
f822f64d-d9ca-424f-a590-623d2122600b,es,Spanish (español),celeste,celeste,Celeste,p3,0.070654,0.534267,0.871112,1,4,full,white,en,en,2.1.2,
f822f64d-d9ca-424f-a590-623d2122600b,es,Spanish (español),azul,azul,Azul,p3,0.183063,0.304701,0.823841,1,5,full,white,en,en,2.1.2,
f822f64d-d9ca-424f-a590-623d2122600b,es,Spanish (español),morado,morado,Morado,p3,0.535374,0.342425,0.706747,1,6,full,white,en,en,2.1.2,
f822f64d-d9ca-424f-a590-623d2122600b,es,Spanish (español),verdelimon,verde limon,Verde limon,p3,0.855068,0.854497,0.48175,1,7,full,white,en,en,2.1.2,
f822f64d-d9ca-424f-a590-623d2122600b,es,Spanish (español),marron,marrón,Marrón,p3,0.693969,0.458336,0.519898,1,8,full,white,en,en,2.1.2,
f822f64d-d9ca-424f-a590-623d2122600b,es,Spanish (español),verdefosforescente,verde fosforescente,Verde fosforescente,p3,0.178824,0.938848,0.349572,1,9,full,white,en,en,2.1.2,
f822f64d-d9ca-424f-a590-623d2122600b,es,Spanish (español),lila,lila,Lila,p3,0.5535,0.482685,0.866249,1,10,full,white,en,en,2.1.2,
f822f64d-d9ca-424f-a590-623d2122600b,es,Spanish (español),verdeoscuro,verde oscuro,Verde oscuro,p3,0.107404,0.448197,0.451624,1,11,full,white,en,en,2.1.2,
f822f64d-d9ca-424f-a590-623d2122600b,es,Spanish (español),moradooscuro,morado oscuro,Morado oscuro,p3,0.220062,0.186423,0.592436,3,0,full,white,en,en,2.1.2,
f822f64d-d9ca-424f-a590-623d2122600b,es,Spanish (español),rojovino,rojo vino,rojo Vino,p3,0.572245,0.238981,0.464641,3,1,full,white,en,en,2.1.2,
f822f64d-d9ca-424f-a590-623d2122600b,es,Spanish (español),moradofosforescente,morado fosforescente,Morado fosforescente,p3,0.564593,0.071012,0.912933,3,2,full,white,en,en,2.1.2,
f822f64d-d9ca-424f-a590-623d2122600b,es,Spanish (español),negro,negro,Negro,p3,0.005613,0.044643,0.199153,3,3,full,white,en,en,2.1.2,
f822f64d-d9ca-424f-a590-623d2122600b,es,Spanish (español),verdegrisaceo,verde grisáceo,Verde grisáceo,p3,0.641907,0.783568,0.719049,3,4,full,white,en,en,2.1.2,
f822f64d-d9ca-424f-a590-623d2122600b,es,Spanish (español),rosa,rosado,Rosado,p3,0.800951,0.403426,0.899788,3,5,full,white,en,en,2.1.2,
f822f64d-d9ca-424f-a590-623d2122600b,es,Spanish (español),verde,verde,Verde,p3,0.333238,0.557423,0.208685,3,6,full,white,en,en,2.1.2,
f822f64d-d9ca-424f-a590-623d2122600b,es,Spanish (español),lilaclaro,lila claro,Lila claro,p3,0.779289,0.694344,0.937324,3,7,full,white,en,en,2.1.2,
f822f64d-d9ca-424f-a590-623d2122600b,es,Spanish (español),magenta,magenta,Magenta,p3,0.994064,0.304786,0.983514,3,8,full,white,en,en,2.1.2,
f822f64d-d9ca-424f-a590-623d2122600b,es,Spanish (español),azulmuyoscuro,azul muy oscuro,Azul muy oscuro,p3,0.16681,0.09589,0.280642,3,9,full,white,en,en,2.1.2,
f822f64d-d9ca-424f-a590-623d2122600b,es,Spanish (español),morado,morado,Morado,p3,0.435136,0.078866,0.680756,3,10,full,white,en,en,2.1.2,
f822f64d-d9ca-424f-a590-623d2122600b,es,Spanish (español),mostaza,mostaza,Mostaza,p3,0.78487,0.645518,0.185822,3,11,full,white,en,en,2.1.2,
f822f64d-d9ca-424f-a590-623d2122600b,es,Spanish (español),verdemusgooscuro,verde musgo oscuro,Verde musgo oscuro,p3,0.183463,0.202786,0.141233,5,0,full,white,en,en,2.1.2,
f822f64d-d9ca-424f-a590-623d2122600b,es,Spanish (español),rosapiel,rosado piel,Rosado piel,p3,0.925315,0.714889,0.672073,5,1,full,white,en,en,2.1.2,
f822f64d-d9ca-424f-a590-623d2122600b,es,Spanish (español),verdecyanoso,verde cyanoso,Verde cyanoso,p3,0.420605,0.90645,0.651812,5,2,full,white,en,en,2.1.2,
f822f64d-d9ca-424f-a590-623d2122600b,es,Spanish (español),anaranjado,anaranjado,Anaranjado,p3,0.912176,0.490828,0.282789,5,3,full,white,en,en,2.1.2,
f822f64d-d9ca-424f-a590-623d2122600b,es,Spanish (español),magenta,magenta,Magenta,p3,0.936421,0.149442,0.684394,5,4,full,white,en,en,2.1.2,
f822f64d-d9ca-424f-a590-623d2122600b,es,Spanish (español),verdelimon,verde limón,Verde limón,p3,0.581084,0.789114,0.175073,5,5,full,white,en,en,2.1.2,
f822f64d-d9ca-424f-a590-623d2122600b,es,Spanish (español),cafeclaro,café claro,Café claro,p3,0.539282,0.369983,0.35562,5,6,full,white,en,en,2.1.2,
f822f64d-d9ca-424f-a590-623d2122600b,es,Spanish (español),turquesa,turquesa,Turquesa,p3,0.170905,0.636042,0.710217,5,7,full,white,en,en,2.1.2,
f822f64d-d9ca-424f-a590-623d2122600b,es,Spanish (español),verdepastel,verde pastel,Verde pastel,p3,0.891052,0.954841,0.774889,5,8,full,white,en,en,2.1.2,
f822f64d-d9ca-424f-a590-623d2122600b,es,Spanish (español),moradoopaco,morado opaco,Morado opaco,p3,0.40212,0.173476,0.333117,5,9,full,white,en,en,2.1.2,
f822f64d-d9ca-424f-a590-623d2122600b,es,Spanish (español),dorado,dorado,Dorado,p3,0.636912,0.535111,0.205851,5,10,full,white,en,en,2.1.2,
f822f64d-d9ca-424f-a590-623d2122600b,es,Spanish (español),fucsia,fucsia,Fucsia,p3,0.751825,0.210558,0.597089,5,11,full,white,en,en,2.1.2,
073f2d44-da48-46bc-8094-e5f6d5a94984,es,Spanish (español),azul,azul,Azul,p3,0.25531,0.369606,0.822594,1,0,full,white,en,es,2.1.2,
073f2d44-da48-46bc-8094-e5f6d5a94984,es,Spanish (español),azulpastel,azul pastel,Azul pastel,p3,0.867589,0.918667,0.982045,1,1,full,white,en,es,2.1.2,
073f2d44-da48-46bc-8094-e5f6d5a94984,es,Spanish (español),verdepistacho,verde pistacho,Verde Pistacho,p3,0.660794,0.685814,0.408162,1,2,full,white,en,es,2.1.2,
073f2d44-da48-46bc-8094-e5f6d5a94984,es,Spanish (español),rosaempolvado,rosa empolvado,Rosa empolvado,p3,0.731984,0.508899,0.538703,1,3,full,white,en,es,2.1.2,
073f2d44-da48-46bc-8094-e5f6d5a94984,es,Spanish (español),turquesa,turquesa,Turquesa,p3,0.016244,0.834772,0.879204,1,4,full,white,en,es,2.1.2,
073f2d44-da48-46bc-8094-e5f6d5a94984,es,Spanish (español),burdeos,burdeos,Burdeos,p3,0.433929,0.26086,0.389398,1,5,full,white,en,es,2.1.2,
073f2d44-da48-46bc-8094-e5f6d5a94984,es,Spanish (español),verdeneon,verde neon,Verde neon,p3,0.633231,0.990306,0.629599,1,6,full,white,en,es,2.1.2,
073f2d44-da48-46bc-8094-e5f6d5a94984,es,Spanish (español),morado,morado,Morado,p3,0.526999,0.352501,0.79617,1,7,full,white,en,es,2.1.2,
073f2d44-da48-46bc-8094-e5f6d5a94984,es,Spanish (español),marronoscuro,marron oscuro,Marron oscuro,p3,0.124412,0.037982,0.014644,1,8,full,white,en,es,2.1.2,
073f2d44-da48-46bc-8094-e5f6d5a94984,es,Spanish (español),rosapastel,rosa pastel,Rosa pastel,p3,0.865171,0.693554,0.770574,1,9,full,white,en,es,2.1.2,
073f2d44-da48-46bc-8094-e5f6d5a94984,es,Spanish (español),rosaneon,rosa neon,Rosa neon,p3,0.908576,0.286547,0.635647,1,10,full,white,en,es,2.1.2,
073f2d44-da48-46bc-8094-e5f6d5a94984,es,Spanish (español),amarillo,amarillo,Amarillo,p3,0.868925,0.827907,0.359355,1,11,full,white,en,es,2.1.2,
073f2d44-da48-46bc-8094-e5f6d5a94984,es,Spanish (español),rojo,rojo,Rojo,p3,0.669665,0.252878,0.232127,3,0,full,white,en,es,2.1.2,
073f2d44-da48-46bc-8094-e5f6d5a94984,es,Spanish (español),lila,lila,Lila,p3,0.344232,0.128328,0.779491,3,1,full,white,en,es,2.1.2,
073f2d44-da48-46bc-8094-e5f6d5a94984,es,Spanish (español),turquesa,turquesa,Turquesa,p3,0.322937,0.721917,0.605561,3,2,full,white,en,es,2.1.2,
073f2d44-da48-46bc-8094-e5f6d5a94984,es,Spanish (español),azulcielo,azul cielo,Azul cielo,p3,0.439186,0.687879,0.819357,3,3,full,white,en,es,2.1.2,
073f2d44-da48-46bc-8094-e5f6d5a94984,es,Spanish (español),malva,malva,Malva,p3,0.734956,0.265375,0.782652,3,4,full,white,en,es,2.1.2,
073f2d44-da48-46bc-8094-e5f6d5a94984,es,Spanish (español),verde,verde,Verde,p3,0.017306,0.680711,0.322128,3,5,full,white,en,es,2.1.2,
073f2d44-da48-46bc-8094-e5f6d5a94984,es,Spanish (español),moradooscuro,morado oscuro,Morado oscuro,p3,0.455158,0.223749,0.600588,3,6,full,white,en,es,2.1.2,
073f2d44-da48-46bc-8094-e5f6d5a94984,es,Spanish (español),verdeazulado,verde azulado,Verde azulado,p3,0.337303,0.884387,0.678884,3,7,full,white,en,es,2.1.2,
073f2d44-da48-46bc-8094-e5f6d5a94984,es,Spanish (español),marron,marron,Marron,p3,0.432752,0.201058,0.119525,3,8,full,white,en,es,2.1.2,
073f2d44-da48-46bc-8094-e5f6d5a94984,es,Spanish (español),verdepastel,verde pastel,Verde pastel,p3,0.800371,0.861093,0.707622,3,9,full,white,en,es,2.1.2,
073f2d44-da48-46bc-8094-e5f6d5a94984,es,Spanish (español),magenta,magenta,Magenta,p3,0.4652,0.040574,0.339841,3,10,full,white,en,es,2.1.2,
073f2d44-da48-46bc-8094-e5f6d5a94984,es,Spanish (español),turquesa,turquesa,Turquesa,p3,0.184411,0.591393,0.597478,3,11,full,white,en,es,2.1.2,
073f2d44-da48-46bc-8094-e5f6d5a94984,es,Spanish (español),rosaneon,rosa neon,Rosa neon,p3,0.916525,0.558613,0.973209,5,0,full,white,en,es,2.1.2,
073f2d44-da48-46bc-8094-e5f6d5a94984,es,Spanish (español),azulmarino,azul marino,Azul marino,p3,0.044936,0.03307,0.162129,5,1,full,white,en,es,2.1.2,
073f2d44-da48-46bc-8094-e5f6d5a94984,es,Spanish (español),negro,negro,Negro,p3,0.003782,0,0.000496,5,2,full,white,en,es,2.1.2,
073f2d44-da48-46bc-8094-e5f6d5a94984,es,Spanish (español),azul,azul,Azul,p3,0.377039,0.547914,0.813017,5,3,full,white,en,es,2.1.2,
073f2d44-da48-46bc-8094-e5f6d5a94984,es,Spanish (español),coral,coral,Coral,p3,0.846788,0.323793,0.342326,5,4,full,white,en,es,2.1.2,
073f2d44-da48-46bc-8094-e5f6d5a94984,es,Spanish (español),verdemilitar,verde militar,Verde militar,p3,0.000961,0.488939,0.414905,5,5,full,white,en,es,2.1.2,
073f2d44-da48-46bc-8094-e5f6d5a94984,es,Spanish (español),amarillomostaza,amarillo mostaza,Amarillo mostaza,p3,0.672887,0.484401,0.070526,5,6,full,white,en,es,2.1.2,
073f2d44-da48-46bc-8094-e5f6d5a94984,es,Spanish (español),azulmar,azul mar,Azul mar,p3,0.146953,0.327019,0.59252,5,7,full,white,en,es,2.1.2,
073f2d44-da48-46bc-8094-e5f6d5a94984,es,Spanish (español),lila,lila,Lila,p3,0.623749,0.58075,0.932187,5,8,full,white,en,es,2.1.2,
073f2d44-da48-46bc-8094-e5f6d5a94984,es,Spanish (español),granate,granate,Granate,p3,0.19307,0.086155,0.217837,5,9,full,white,en,es,2.1.2,
073f2d44-da48-46bc-8094-e5f6d5a94984,es,Spanish (español),verdebosque,verde bosque,Verde bosque,p3,0.109863,0.350402,0.327862,5,10,full,white,en,es,2.1.2,
073f2d44-da48-46bc-8094-e5f6d5a94984,es,Spanish (español),verdegrisaceo,verde grisaceo,Verde grisaceo,p3,0.369984,0.391307,0.351872,5,11,full,white,en,es,2.1.2,
f96c329e-f900-462c-a7ee-3106c4dd75e2,es,Spanish (español),celeste,celeste,celeste,rgb,111,214,251,1,0,full,white,en,en,2.1.2,
f96c329e-f900-462c-a7ee-3106c4dd75e2,es,Spanish (español),fucsia,fucsia,fucsia,rgb,145,49,99,1,1,full,white,en,en,2.1.2,
f96c329e-f900-462c-a7ee-3106c4dd75e2,es,Spanish (español),azulmarino,azul marino,azul marino,rgb,41,55,163,1,2,full,white,en,en,2.1.2,
f96c329e-f900-462c-a7ee-3106c4dd75e2,es,Spanish (español),rojo,rojo,rojo,rgb,207,65,81,1,3,full,white,en,en,2.1.2,
f96c329e-f900-462c-a7ee-3106c4dd75e2,es,Spanish (español),violeta,violeta,violeta,rgb,130,61,136,1,4,full,white,en,en,2.1.2,
f96c329e-f900-462c-a7ee-3106c4dd75e2,es,Spanish (español),marron,marrón,marrón,rgb,76,39,20,1,5,full,white,en,en,2.1.2,
f96c329e-f900-462c-a7ee-3106c4dd75e2,es,Spanish (español),granate,granate,granate,rgb,149,35,77,1,6,full,white,en,en,2.1.2,
f96c329e-f900-462c-a7ee-3106c4dd75e2,es,Spanish (español),gris,gris,gris,rgb,113,100,92,1,7,full,white,en,en,2.1.2,
f96c329e-f900-462c-a7ee-3106c4dd75e2,es,Spanish (español),naranja,naranja,naranja,rgb,202,106,68,1,8,full,white,en,en,2.1.2,
f96c329e-f900-462c-a7ee-3106c4dd75e2,es,Spanish (español),azul,azul,azul,rgb,85,55,173,1,9,full,white,en,en,2.1.2,
f96c329e-f900-462c-a7ee-3106c4dd75e2,es,Spanish (español),lila,lila,lila,rgb,98,0,204,1,10,full,white,en,en,2.1.2,
f96c329e-f900-462c-a7ee-3106c4dd75e2,es,Spanish (español),aguamarina,aguamarina,aguamarina,rgb,37,155,153,1,11,full,white,en,en,2.1.2,
f96c329e-f900-462c-a7ee-3106c4dd75e2,es,Spanish (español),rosa,rosa,rosa,rgb,230,104,225,3,0,full,white,en,en,2.1.2,
f96c329e-f900-462c-a7ee-3106c4dd75e2,es,Spanish (español),azul,azul,azul,rgb,92,43,197,3,1,full,white,en,en,2.1.2,
f96c329e-f900-462c-a7ee-3106c4dd75e2,es,Spanish (español),granate,granate,granate,rgb,126,33,29,3,2,full,white,en,en,2.1.2,
f96c329e-f900-462c-a7ee-3106c4dd75e2,es,Spanish (español),azulmarino,azul marino,azul marino,rgb,46,26,195,3,3,full,white,en,en,2.1.2,
f96c329e-f900-462c-a7ee-3106c4dd75e2,es,Spanish (español),aguamarina,aguamarina,aguamarina,rgb,20,117,128,3,4,full,white,en,en,2.1.2,
f96c329e-f900-462c-a7ee-3106c4dd75e2,es,Spanish (español),fucsia,fucsia,fucsia,rgb,214,97,221,3,5,full,white,en,en,2.1.2,
f96c329e-f900-462c-a7ee-3106c4dd75e2,es,Spanish (español),celeste,celeste,celeste,rgb,155,185,231,3,6,full,white,en,en,2.1.2,
f96c329e-f900-462c-a7ee-3106c4dd75e2,es,Spanish (español),lila,lila,lila,rgb,91,41,232,3,7,full,white,en,en,2.1.2,
f96c329e-f900-462c-a7ee-3106c4dd75e2,es,Spanish (español),verdeclaro,verde claro,verde claro,rgb,159,218,141,3,8,full,white,en,en,2.1.2,
f96c329e-f900-462c-a7ee-3106c4dd75e2,es,Spanish (español),verdeoscuro,verde oscuro,verde oscuro,rgb,61,94,97,3,9,full,white,en,en,2.1.2,
f96c329e-f900-462c-a7ee-3106c4dd75e2,es,Spanish (español),oliva,oliva,oliva,rgb,112,145,87,3,10,full,white,en,en,2.1.2,
f96c329e-f900-462c-a7ee-3106c4dd75e2,es,Spanish (español),magenta,magenta,magenta,rgb,206,63,128,3,11,full,white,en,en,2.1.2,
f96c329e-f900-462c-a7ee-3106c4dd75e2,es,Spanish (español),marron,marrón,marrón,rgb,101,62,6,5,0,full,white,en,en,2.1.2,
f96c329e-f900-462c-a7ee-3106c4dd75e2,es,Spanish (español),lila,lila,lila,rgb,99,37,202,5,1,full,white,en,en,2.1.2,
f96c329e-f900-462c-a7ee-3106c4dd75e2,es,Spanish (español),naranja,naranja,naranja,rgb,209,111,111,5,2,full,white,en,en,2.1.2,
f96c329e-f900-462c-a7ee-3106c4dd75e2,es,Spanish (español),fucsia,fucsia,fucsia,rgb,199,43,145,5,3,full,white,en,en,2.1.2,
f96c329e-f900-462c-a7ee-3106c4dd75e2,es,Spanish (español),esmeralda,esmeralda,esmeralda,rgb,67,78,81,5,4,full,white,en,en,2.1.2,
f96c329e-f900-462c-a7ee-3106c4dd75e2,es,Spanish (español),lavanda,lavanda,lavanda,rgb,171,156,204,5,5,full,white,en,en,2.1.2,
f96c329e-f900-462c-a7ee-3106c4dd75e2,es,Spanish (español),esmeralda,esmeralda,esmeralda,rgb,28,113,113,5,6,full,white,en,en,2.1.2,
f96c329e-f900-462c-a7ee-3106c4dd75e2,es,Spanish (español),azul,azul,azul,rgb,46,85,217,5,7,full,white,en,en,2.1.2,
f96c329e-f900-462c-a7ee-3106c4dd75e2,es,Spanish (español),violeta,violeta,violeta,rgb,170,100,187,5,8,full,white,en,en,2.1.2,
f96c329e-f900-462c-a7ee-3106c4dd75e2,es,Spanish (español),rosa,rosa,rosa,rgb,234,154,215,5,9,full,white,en,en,2.1.2,
f96c329e-f900-462c-a7ee-3106c4dd75e2,es,Spanish (español),azulmarino,azul marino,azul marino,rgb,40,67,207,5,10,full,white,en,en,2.1.2,
f96c329e-f900-462c-a7ee-3106c4dd75e2,es,Spanish (español),fucsia,fucsia,fucsia,rgb,228,112,184,5,11,full,white,en,en,2.1.2,
d4c05700-1c76-4e20-a614-73c6f46012b8,es,Spanish (español),guinda,guinda,Guinda,rgb,171,37,137,1,0,full,black,en,en,2.1.2,
d4c05700-1c76-4e20-a614-73c6f46012b8,es,Spanish (español),morado,morado,Morado,rgb,88,36,215,1,1,full,black,en,en,2.1.2,
d4c05700-1c76-4e20-a614-73c6f46012b8,es,Spanish (español),turquesa,turquesa,Turquesa,rgb,110,246,213,1,2,full,black,en,en,2.1.2,
d4c05700-1c76-4e20-a614-73c6f46012b8,es,Spanish (español),rosa,rosa,Rosa,rgb,241,142,156,1,3,full,black,en,en,2.1.2,
d4c05700-1c76-4e20-a614-73c6f46012b8,es,Spanish (español),verdeclaro,verde claro,Verde claro,rgb,141,224,196,1,4,full,black,en,en,2.1.2,
d4c05700-1c76-4e20-a614-73c6f46012b8,es,Spanish (español),cafe,cafe,Cafe,rgb,82,54,11,1,5,full,black,en,en,2.1.2,
d4c05700-1c76-4e20-a614-73c6f46012b8,es,Spanish (español),azuloscuro,azul oscuro,Azul oscuro,rgb,52,64,136,1,6,full,black,en,en,2.1.2,
d4c05700-1c76-4e20-a614-73c6f46012b8,es,Spanish (español),azulmarino,azul marino,Azul Marino,rgb,24,37,98,1,7,full,black,en,en,2.1.2,
d4c05700-1c76-4e20-a614-73c6f46012b8,es,Spanish (español),vino,vino,Vino,rgb,89,19,41,1,8,full,black,en,en,2.1.2,
d4c05700-1c76-4e20-a614-73c6f46012b8,es,Spanish (español),amarillo,amarillo,Amarillo,rgb,240,176,69,1,9,full,black,en,en,2.1.2,
d4c05700-1c76-4e20-a614-73c6f46012b8,es,Spanish (español),verdebrillante,verde brillante,Verde brillante,rgb,193,247,131,1,10,full,black,en,en,2.1.2,
d4c05700-1c76-4e20-a614-73c6f46012b8,es,Spanish (español),verde,verde,Verde,rgb,138,179,83,1,11,full,black,en,en,2.1.2,
d4c05700-1c76-4e20-a614-73c6f46012b8,es,Spanish (español),violeta,violeta,Violeta,rgb,181,122,225,3,0,full,black,en,en,2.1.2,
d4c05700-1c76-4e20-a614-73c6f46012b8,es,Spanish (español),rosamexicano,rosa mexicano,Rosa mexicano,rgb,250,18,131,3,1,full,black,en,en,2.1.2,
d4c05700-1c76-4e20-a614-73c6f46012b8,es,Spanish (español),cafe,cafe,Cafe,rgb,119,84,58,3,2,full,black,en,en,2.1.2,
d4c05700-1c76-4e20-a614-73c6f46012b8,es,Spanish (español),morado,morado,Morado,rgb,80,40,147,3,3,full,black,en,en,2.1.2,
d4c05700-1c76-4e20-a614-73c6f46012b8,es,Spanish (español),verdeoscuro,verde oscuro,Verde oscuro,rgb,21,90,75,3,4,full,black,en,en,2.1.2,
d4c05700-1c76-4e20-a614-73c6f46012b8,es,Spanish (español),rosafuerte,rosa fuerte,Rosa fuerte,rgb,238,41,113,3,5,full,black,en,en,2.1.2,
d4c05700-1c76-4e20-a614-73c6f46012b8,es,Spanish (español),grisrojizo,gris rojizo,Gris rojizo,rgb,139,103,118,3,6,full,black,en,en,2.1.2,
d4c05700-1c76-4e20-a614-73c6f46012b8,es,Spanish (español),azul,azul,Azul,rgb,12,82,115,3,7,full,black,en,en,2.1.2,
d4c05700-1c76-4e20-a614-73c6f46012b8,es,Spanish (español),violetabrillante,violeta brillante,Violeta brillante,rgb,179,76,244,3,8,full,black,en,en,2.1.2,
d4c05700-1c76-4e20-a614-73c6f46012b8,es,Spanish (español),azulmorado,azul morado,Azul morado,rgb,99,69,232,3,9,full,black,en,en,2.1.2,
d4c05700-1c76-4e20-a614-73c6f46012b8,es,Spanish (español),cafeclaro,cafe claro,Cafe claro,rgb,151,61,11,3,10,full,black,en,en,2.1.2,
d4c05700-1c76-4e20-a614-73c6f46012b8,es,Spanish (español),azulceleste,azul celeste,Azul celeste,rgb,91,167,246,3,11,full,black,en,en,2.1.2,
d4c05700-1c76-4e20-a614-73c6f46012b8,es,Spanish (español),rojo,rojo,Rojo,rgb,204,65,91,5,0,full,black,en,en,2.1.2,
d4c05700-1c76-4e20-a614-73c6f46012b8,es,Spanish (español),verdebrillante,verde brillante,Verde brillante,rgb,157,226,99,5,1,full,black,en,en,2.1.2,
d4c05700-1c76-4e20-a614-73c6f46012b8,es,Spanish (español),rosaviejo,rosa viejo,Rosa viejo,rgb,232,149,154,5,2,full,black,en,en,2.1.2,
d4c05700-1c76-4e20-a614-73c6f46012b8,es,Spanish (español),guinda,guinda,Guinda,rgb,227,116,231,5,3,full,black,en,en,2.1.2,
d4c05700-1c76-4e20-a614-73c6f46012b8,es,Spanish (español),vino,vino,Vino,rgb,77,32,61,5,4,full,black,en,en,2.1.2,
d4c05700-1c76-4e20-a614-73c6f46012b8,es,Spanish (español),beige,beige,Beige,rgb,214,169,171,5,5,full,black,en,en,2.1.2,
d4c05700-1c76-4e20-a614-73c6f46012b8,es,Spanish (español),rojoescarlata,rojo escarlata,Rojo escarlata,rgb,220,58,59,5,6,full,black,en,en,2.1.2,
d4c05700-1c76-4e20-a614-73c6f46012b8,es,Spanish (español),verdeaqua,verde aqua,Verde aqua,rgb,18,204,182,5,7,full,black,en,en,2.1.2,
d4c05700-1c76-4e20-a614-73c6f46012b8,es,Spanish (español),azulclaro,azul claro,Azul claro,rgb,124,170,204,5,8,full,black,en,en,2.1.2,
d4c05700-1c76-4e20-a614-73c6f46012b8,es,Spanish (español),azulrey,azul rey,Azul rey,rgb,55,14,238,5,9,full,black,en,en,2.1.2,
d4c05700-1c76-4e20-a614-73c6f46012b8,es,Spanish (español),verdepalido,verde palido,Verde palido,rgb,141,179,116,5,10,full,black,en,en,2.1.2,
d4c05700-1c76-4e20-a614-73c6f46012b8,es,Spanish (español),moradopalido,morado palido,Morado palido,rgb,171,134,171,5,11,full,black,en,en,2.1.2,
733505a4-0130-49a0-9587-751cba113373,es,Spanish (español),verdeagua,verde agua,verde agua,rgb,111,253,217,1,0,full,black,en,en,2.1.2,
733505a4-0130-49a0-9587-751cba113373,es,Spanish (español),lila,lila,lila,rgb,235,156,246,1,1,full,black,en,en,2.1.2,
733505a4-0130-49a0-9587-751cba113373,es,Spanish (español),azul,azul,azul,rgb,103,99,166,1,2,full,black,en,en,2.1.2,
733505a4-0130-49a0-9587-751cba113373,es,Spanish (español),celeste,celeste,celeste,rgb,129,144,209,1,3,full,black,en,en,2.1.2,
733505a4-0130-49a0-9587-751cba113373,es,Spanish (español),verdeaceitua,verde aceitua,verde aceitua,rgb,59,121,93,1,4,full,black,en,en,2.1.2,
733505a4-0130-49a0-9587-751cba113373,es,Spanish (español),bordo,bordo,bordo,rgb,173,84,110,1,5,full,black,en,en,2.1.2,
733505a4-0130-49a0-9587-751cba113373,es,Spanish (español),azulfracia,azul fracia,azul fracia,rgb,43,93,229,1,6,full,black,en,en,2.1.2,
733505a4-0130-49a0-9587-751cba113373,es,Spanish (español),verde,verde,verde,rgb,96,190,126,1,7,full,black,en,en,2.1.2,
733505a4-0130-49a0-9587-751cba113373,es,Spanish (español),orage,orage,orage,rgb,216,122,83,1,9,full,black,en,en,2.1.2,
733505a4-0130-49a0-9587-751cba113373,es,Spanish (español),celeste,celeste,celeste,rgb,87,227,244,1,10,full,black,en,en,2.1.2,
733505a4-0130-49a0-9587-751cba113373,es,Spanish (español),verdeamarillento,verde amarillento,verde amarillento,rgb,156,188,74,1,11,full,black,en,en,2.1.2,
733505a4-0130-49a0-9587-751cba113373,es,Spanish (español),rosa,rosado,rosado,rgb,228,157,190,3,0,full,black,en,en,2.1.2,
733505a4-0130-49a0-9587-751cba113373,es,Spanish (español),gris,gris,gris,rgb,128,105,106,3,1,full,black,en,en,2.1.2,
733505a4-0130-49a0-9587-751cba113373,es,Spanish (español),celeste,celeste,celeste,rgb,153,254,242,3,2,full,black,en,en,2.1.2,
733505a4-0130-49a0-9587-751cba113373,es,Spanish (español),azul,azul,azul,rgb,63,22,188,3,3,full,black,en,en,2.1.2,
733505a4-0130-49a0-9587-751cba113373,es,Spanish (español),violeta,violeta,violeta,rgb,111,92,124,3,4,full,black,en,en,2.1.2,
733505a4-0130-49a0-9587-751cba113373,es,Spanish (español),violeta,violeta,violeta,rgb,28,12,19,3,5,full,black,en,en,2.1.2,
733505a4-0130-49a0-9587-751cba113373,es,Spanish (español),verde,verde,verde,rgb,150,211,117,3,6,full,black,en,en,2.1.2,
733505a4-0130-49a0-9587-751cba113373,es,Spanish (español),marron,marron,marron,rgb,133,95,22,3,7,full,black,en,en,2.1.2,
733505a4-0130-49a0-9587-751cba113373,es,Spanish (español),violeta,violeta,violeta,rgb,169,67,153,3,8,full,black,en,en,2.1.2,
733505a4-0130-49a0-9587-751cba113373,es,Spanish (español),violeta,violeta,violeta,rgb,106,52,112,3,9,full,black,en,en,2.1.2,
733505a4-0130-49a0-9587-751cba113373,es,Spanish (español),gris,gris,gris,rgb,68,84,86,3,10,full,black,en,en,2.1.2,
733505a4-0130-49a0-9587-751cba113373,es,Spanish (español),amarillo,amarillo,amarillo,rgb,230,208,42,3,11,full,black,en,en,2.1.2,
733505a4-0130-49a0-9587-751cba113373,es,Spanish (español),baige,baige,baige,rgb,236,217,214,5,0,full,black,en,en,2.1.2,
733505a4-0130-49a0-9587-751cba113373,es,Spanish (español),azul,azul,azul,rgb,65,88,216,5,1,full,black,en,en,2.1.2,
733505a4-0130-49a0-9587-751cba113373,es,Spanish (español),azul,azul,azul,rgb,121,95,248,5,2,full,black,en,en,2.1.2,
733505a4-0130-49a0-9587-751cba113373,es,Spanish (español),violeta,violeta,violeta,rgb,115,15,186,5,3,full,black,en,en,2.1.2,
733505a4-0130-49a0-9587-751cba113373,es,Spanish (español),violeta,violeta,violeta,rgb,189,75,176,5,4,full,black,en,en,2.1.2,
733505a4-0130-49a0-9587-751cba113373,es,Spanish (español),amarillo,amarillo,amarillo,rgb,222,240,173,5,5,full,black,en,en,2.1.2,
733505a4-0130-49a0-9587-751cba113373,es,Spanish (español),celeste,celeste,celeste,rgb,80,120,184,5,6,full,black,en,en,2.1.2,
733505a4-0130-49a0-9587-751cba113373,es,Spanish (español),lila,lila,lila,rgb,144,109,219,5,7,full,black,en,en,2.1.2,
733505a4-0130-49a0-9587-751cba113373,es,Spanish (español),azul,azul,azul,rgb,37,36,91,5,8,full,black,en,en,2.1.2,
733505a4-0130-49a0-9587-751cba113373,es,Spanish (español),mostaza,mostaza,mostaza,rgb,161,109,18,5,9,full,black,en,en,2.1.2,
733505a4-0130-49a0-9587-751cba113373,es,Spanish (español),violeta,violeta,violeta,rgb,126,37,220,5,10,full,black,en,en,2.1.2,
733505a4-0130-49a0-9587-751cba113373,es,Spanish (español),verde,verde,verde,rgb,71,217,154,5,11,full,black,en,en,2.1.2,
