participantId,lang,trialNum,termNum,colorNum,name,displayName,match,colorSpace,r,g,b,rgbSet,studyVersion,locale,background
eb4ac425-16c2-4a59-9b17-5067ba1bd90e,Vietnamese (Tiếng Việt),1,0,0,xanhngoc,,no,p3,1,0.658497,0,line,2,en,black
eb4ac425-16c2-4a59-9b17-5067ba1bd90e,Vietnamese (Tiếng Việt),1,0,1,xanhngoc,,no,p3,0.850177,0,1,line,2,en,black
eb4ac425-16c2-4a59-9b17-5067ba1bd90e,Vietnamese (Tiếng Việt),1,0,2,xanhngoc,,no,p3,0.324295,1,0,line,2,en,black
eb4ac425-16c2-4a59-9b17-5067ba1bd90e,Vietnamese (Tiếng Việt),1,0,3,xanhngoc,,no,p3,0,0.544588,1,line,2,en,black
eb4ac425-16c2-4a59-9b17-5067ba1bd90e,Vietnamese (Tiếng Việt),1,0,4,xanhngoc,,yes,p3,0,0.854534,1,line,2,en,black
eb4ac425-16c2-4a59-9b17-5067ba1bd90e,Vietnamese (Tiếng Việt),1,0,5,xanhngoc,,no,p3,0,1,0.412679,line,2,en,black
eb4ac425-16c2-4a59-9b17-5067ba1bd90e,Vietnamese (Tiếng Việt),1,0,6,xanhngoc,,no,p3,0.492769,0,1,line,2,en,black
eb4ac425-16c2-4a59-9b17-5067ba1bd90e,Vietnamese (Tiếng Việt),1,0,7,xanhngoc,,no,p3,0.271173,0,1,line,2,en,black
eb4ac425-16c2-4a59-9b17-5067ba1bd90e,Vietnamese (Tiếng Việt),1,1,0,cam,,yes,p3,1,0.658497,0,line,2,en,black
eb4ac425-16c2-4a59-9b17-5067ba1bd90e,Vietnamese (Tiếng Việt),1,1,1,cam,,no,p3,0.850177,0,1,line,2,en,black
eb4ac425-16c2-4a59-9b17-5067ba1bd90e,Vietnamese (Tiếng Việt),1,1,2,cam,,no,p3,0.324295,1,0,line,2,en,black
eb4ac425-16c2-4a59-9b17-5067ba1bd90e,Vietnamese (Tiếng Việt),1,1,3,cam,,no,p3,0,0.544588,1,line,2,en,black
eb4ac425-16c2-4a59-9b17-5067ba1bd90e,Vietnamese (Tiếng Việt),1,1,4,cam,,no,p3,0,0.854534,1,line,2,en,black
eb4ac425-16c2-4a59-9b17-5067ba1bd90e,Vietnamese (Tiếng Việt),1,1,5,cam,,no,p3,0,1,0.412679,line,2,en,black
eb4ac425-16c2-4a59-9b17-5067ba1bd90e,Vietnamese (Tiếng Việt),1,1,6,cam,,no,p3,0.492769,0,1,line,2,en,black
eb4ac425-16c2-4a59-9b17-5067ba1bd90e,Vietnamese (Tiếng Việt),1,1,7,cam,,no,p3,0.271173,0,1,line,2,en,black
eb4ac425-16c2-4a59-9b17-5067ba1bd90e,Vietnamese (Tiếng Việt),1,2,0,xanhla,,no,p3,1,0.658497,0,line,2,en,black
eb4ac425-16c2-4a59-9b17-5067ba1bd90e,Vietnamese (Tiếng Việt),1,2,1,xanhla,,no,p3,0.850177,0,1,line,2,en,black
eb4ac425-16c2-4a59-9b17-5067ba1bd90e,Vietnamese (Tiếng Việt),1,2,2,xanhla,,yes,p3,0.324295,1,0,line,2,en,black
eb4ac425-16c2-4a59-9b17-5067ba1bd90e,Vietnamese (Tiếng Việt),1,2,3,xanhla,,no,p3,0,0.544588,1,line,2,en,black
eb4ac425-16c2-4a59-9b17-5067ba1bd90e,Vietnamese (Tiếng Việt),1,2,4,xanhla,,no,p3,0,0.854534,1,line,2,en,black
eb4ac425-16c2-4a59-9b17-5067ba1bd90e,Vietnamese (Tiếng Việt),1,2,5,xanhla,,yes,p3,0,1,0.412679,line,2,en,black
eb4ac425-16c2-4a59-9b17-5067ba1bd90e,Vietnamese (Tiếng Việt),1,2,6,xanhla,,no,p3,0.492769,0,1,line,2,en,black
eb4ac425-16c2-4a59-9b17-5067ba1bd90e,Vietnamese (Tiếng Việt),1,2,7,xanhla,,no,p3,0.271173,0,1,line,2,en,black
eb4ac425-16c2-4a59-9b17-5067ba1bd90e,Vietnamese (Tiếng Việt),1,3,0,tim,,no,p3,1,0.658497,0,line,2,en,black
eb4ac425-16c2-4a59-9b17-5067ba1bd90e,Vietnamese (Tiếng Việt),1,3,1,tim,,no,p3,0.850177,0,1,line,2,en,black
eb4ac425-16c2-4a59-9b17-5067ba1bd90e,Vietnamese (Tiếng Việt),1,3,2,tim,,no,p3,0.324295,1,0,line,2,en,black
eb4ac425-16c2-4a59-9b17-5067ba1bd90e,Vietnamese (Tiếng Việt),1,3,3,tim,,no,p3,0,0.544588,1,line,2,en,black
eb4ac425-16c2-4a59-9b17-5067ba1bd90e,Vietnamese (Tiếng Việt),1,3,4,tim,,no,p3,0,0.854534,1,line,2,en,black
eb4ac425-16c2-4a59-9b17-5067ba1bd90e,Vietnamese (Tiếng Việt),1,3,5,tim,,no,p3,0,1,0.412679,line,2,en,black
eb4ac425-16c2-4a59-9b17-5067ba1bd90e,Vietnamese (Tiếng Việt),1,3,6,tim,,yes,p3,0.492769,0,1,line,2,en,black
eb4ac425-16c2-4a59-9b17-5067ba1bd90e,Vietnamese (Tiếng Việt),1,3,7,tim,,yes,p3,0.271173,0,1,line,2,en,black
eb4ac425-16c2-4a59-9b17-5067ba1bd90e,Vietnamese (Tiếng Việt),3,0,0,đo,,somewhat,p3,1,0,0.407487,line,2,en,black
eb4ac425-16c2-4a59-9b17-5067ba1bd90e,Vietnamese (Tiếng Việt),3,0,1,đo,,no,p3,1,0.50293,0,line,2,en,black
eb4ac425-16c2-4a59-9b17-5067ba1bd90e,Vietnamese (Tiếng Việt),3,0,2,đo,,no,p3,0,0.926002,1,line,2,en,black
eb4ac425-16c2-4a59-9b17-5067ba1bd90e,Vietnamese (Tiếng Việt),3,0,3,đo,,yes,p3,1,0,0.284148,line,2,en,black
eb4ac425-16c2-4a59-9b17-5067ba1bd90e,Vietnamese (Tiếng Việt),3,0,4,đo,,somewhat,p3,1,0,0.498549,line,2,en,black
eb4ac425-16c2-4a59-9b17-5067ba1bd90e,Vietnamese (Tiếng Việt),3,0,5,đo,,no,p3,0,0.732162,1,line,2,en,black
eb4ac425-16c2-4a59-9b17-5067ba1bd90e,Vietnamese (Tiếng Việt),3,0,6,đo,,no,p3,0.085444,0,1,line,2,en,black
eb4ac425-16c2-4a59-9b17-5067ba1bd90e,Vietnamese (Tiếng Việt),3,0,7,đo,,no,p3,0.708469,1,0,line,2,en,black
eb4ac425-16c2-4a59-9b17-5067ba1bd90e,Vietnamese (Tiếng Việt),3,1,0,xanhduong,,no,p3,1,0,0.407487,line,2,en,black
eb4ac425-16c2-4a59-9b17-5067ba1bd90e,Vietnamese (Tiếng Việt),3,1,1,xanhduong,,no,p3,1,0.50293,0,line,2,en,black
eb4ac425-16c2-4a59-9b17-5067ba1bd90e,Vietnamese (Tiếng Việt),3,1,2,xanhduong,,no,p3,0,0.926002,1,line,2,en,black
eb4ac425-16c2-4a59-9b17-5067ba1bd90e,Vietnamese (Tiếng Việt),3,1,3,xanhduong,,no,p3,1,0,0.284148,line,2,en,black
eb4ac425-16c2-4a59-9b17-5067ba1bd90e,Vietnamese (Tiếng Việt),3,1,4,xanhduong,,no,p3,1,0,0.498549,line,2,en,black
eb4ac425-16c2-4a59-9b17-5067ba1bd90e,Vietnamese (Tiếng Việt),3,1,5,xanhduong,,no,p3,0,0.732162,1,line,2,en,black
eb4ac425-16c2-4a59-9b17-5067ba1bd90e,Vietnamese (Tiếng Việt),3,1,6,xanhduong,,yes,p3,0.085444,0,1,line,2,en,black
eb4ac425-16c2-4a59-9b17-5067ba1bd90e,Vietnamese (Tiếng Việt),3,1,7,xanhduong,,no,p3,0.708469,1,0,line,2,en,black
eb4ac425-16c2-4a59-9b17-5067ba1bd90e,Vietnamese (Tiếng Việt),3,2,0,xanhlacay,,no,p3,1,0,0.407487,line,2,en,black
eb4ac425-16c2-4a59-9b17-5067ba1bd90e,Vietnamese (Tiếng Việt),3,2,1,xanhlacay,,no,p3,1,0.50293,0,line,2,en,black
eb4ac425-16c2-4a59-9b17-5067ba1bd90e,Vietnamese (Tiếng Việt),3,2,2,xanhlacay,,no,p3,0,0.926002,1,line,2,en,black
eb4ac425-16c2-4a59-9b17-5067ba1bd90e,Vietnamese (Tiếng Việt),3,2,3,xanhlacay,,no,p3,1,0,0.284148,line,2,en,black
eb4ac425-16c2-4a59-9b17-5067ba1bd90e,Vietnamese (Tiếng Việt),3,2,4,xanhlacay,,no,p3,1,0,0.498549,line,2,en,black
eb4ac425-16c2-4a59-9b17-5067ba1bd90e,Vietnamese (Tiếng Việt),3,2,5,xanhlacay,,no,p3,0,0.732162,1,line,2,en,black
eb4ac425-16c2-4a59-9b17-5067ba1bd90e,Vietnamese (Tiếng Việt),3,2,6,xanhlacay,,no,p3,0.085444,0,1,line,2,en,black
eb4ac425-16c2-4a59-9b17-5067ba1bd90e,Vietnamese (Tiếng Việt),3,2,7,xanhlacay,,yes,p3,0.708469,1,0,line,2,en,black
eb4ac425-16c2-4a59-9b17-5067ba1bd90e,Vietnamese (Tiếng Việt),3,3,0,xanhdatroi,,no,p3,1,0,0.407487,line,2,en,black
eb4ac425-16c2-4a59-9b17-5067ba1bd90e,Vietnamese (Tiếng Việt),3,3,1,xanhdatroi,,no,p3,1,0.50293,0,line,2,en,black
eb4ac425-16c2-4a59-9b17-5067ba1bd90e,Vietnamese (Tiếng Việt),3,3,2,xanhdatroi,,no,p3,0,0.926002,1,line,2,en,black
eb4ac425-16c2-4a59-9b17-5067ba1bd90e,Vietnamese (Tiếng Việt),3,3,3,xanhdatroi,,no,p3,1,0,0.284148,line,2,en,black
eb4ac425-16c2-4a59-9b17-5067ba1bd90e,Vietnamese (Tiếng Việt),3,3,4,xanhdatroi,,no,p3,1,0,0.498549,line,2,en,black
eb4ac425-16c2-4a59-9b17-5067ba1bd90e,Vietnamese (Tiếng Việt),3,3,5,xanhdatroi,,yes,p3,0,0.732162,1,line,2,en,black
eb4ac425-16c2-4a59-9b17-5067ba1bd90e,Vietnamese (Tiếng Việt),3,3,6,xanhdatroi,,no,p3,0.085444,0,1,line,2,en,black
eb4ac425-16c2-4a59-9b17-5067ba1bd90e,Vietnamese (Tiếng Việt),3,3,7,xanhdatroi,,no,p3,0.708469,1,0,line,2,en,black
eb4ac425-16c2-4a59-9b17-5067ba1bd90e,Vietnamese (Tiếng Việt),5,0,0,xanhnonchuoi,,no,p3,0.972351,1,0,line,2,en,black
eb4ac425-16c2-4a59-9b17-5067ba1bd90e,Vietnamese (Tiếng Việt),5,0,1,xanhnonchuoi,,no,p3,0,1,0.9268,line,2,en,black
eb4ac425-16c2-4a59-9b17-5067ba1bd90e,Vietnamese (Tiếng Việt),5,0,2,xanhnonchuoi,,no,p3,0,1,0.976994,line,2,en,black
eb4ac425-16c2-4a59-9b17-5067ba1bd90e,Vietnamese (Tiếng Việt),5,0,3,xanhnonchuoi,,no,p3,1,0.359299,0,line,2,en,black
eb4ac425-16c2-4a59-9b17-5067ba1bd90e,Vietnamese (Tiếng Việt),5,0,4,xanhnonchuoi,,no,p3,1,0.819608,0,line,2,en,black
eb4ac425-16c2-4a59-9b17-5067ba1bd90e,Vietnamese (Tiếng Việt),5,0,5,xanhnonchuoi,,no,p3,1,0.720705,0,line,2,en,black
eb4ac425-16c2-4a59-9b17-5067ba1bd90e,Vietnamese (Tiếng Việt),5,0,6,xanhnonchuoi,,no,p3,0.769305,0,1,line,2,en,black
eb4ac425-16c2-4a59-9b17-5067ba1bd90e,Vietnamese (Tiếng Việt),5,0,7,xanhnonchuoi,,no,p3,0,0.420116,1,line,2,en,black
eb4ac425-16c2-4a59-9b17-5067ba1bd90e,Vietnamese (Tiếng Việt),5,1,0,dacam,,no,p3,0.972351,1,0,line,2,en,black
eb4ac425-16c2-4a59-9b17-5067ba1bd90e,Vietnamese (Tiếng Việt),5,1,1,dacam,,no,p3,0,1,0.9268,line,2,en,black
eb4ac425-16c2-4a59-9b17-5067ba1bd90e,Vietnamese (Tiếng Việt),5,1,2,dacam,,no,p3,0,1,0.976994,line,2,en,black
eb4ac425-16c2-4a59-9b17-5067ba1bd90e,Vietnamese (Tiếng Việt),5,1,3,dacam,,yes,p3,1,0.359299,0,line,2,en,black
eb4ac425-16c2-4a59-9b17-5067ba1bd90e,Vietnamese (Tiếng Việt),5,1,4,dacam,,no,p3,1,0.819608,0,line,2,en,black
eb4ac425-16c2-4a59-9b17-5067ba1bd90e,Vietnamese (Tiếng Việt),5,1,5,dacam,,no,p3,1,0.720705,0,line,2,en,black
eb4ac425-16c2-4a59-9b17-5067ba1bd90e,Vietnamese (Tiếng Việt),5,1,6,dacam,,no,p3,0.769305,0,1,line,2,en,black
eb4ac425-16c2-4a59-9b17-5067ba1bd90e,Vietnamese (Tiếng Việt),5,1,7,dacam,,no,p3,0,0.420116,1,line,2,en,black
eb4ac425-16c2-4a59-9b17-5067ba1bd90e,Vietnamese (Tiếng Việt),5,2,0,xanh,,no,p3,0.972351,1,0,line,2,en,black
eb4ac425-16c2-4a59-9b17-5067ba1bd90e,Vietnamese (Tiếng Việt),5,2,1,xanh,,somewhat,p3,0,1,0.9268,line,2,en,black
eb4ac425-16c2-4a59-9b17-5067ba1bd90e,Vietnamese (Tiếng Việt),5,2,2,xanh,,somewhat,p3,0,1,0.976994,line,2,en,black
eb4ac425-16c2-4a59-9b17-5067ba1bd90e,Vietnamese (Tiếng Việt),5,2,3,xanh,,no,p3,1,0.359299,0,line,2,en,black
eb4ac425-16c2-4a59-9b17-5067ba1bd90e,Vietnamese (Tiếng Việt),5,2,4,xanh,,no,p3,1,0.819608,0,line,2,en,black
eb4ac425-16c2-4a59-9b17-5067ba1bd90e,Vietnamese (Tiếng Việt),5,2,5,xanh,,no,p3,1,0.720705,0,line,2,en,black
eb4ac425-16c2-4a59-9b17-5067ba1bd90e,Vietnamese (Tiếng Việt),5,2,6,xanh,,no,p3,0.769305,0,1,line,2,en,black
eb4ac425-16c2-4a59-9b17-5067ba1bd90e,Vietnamese (Tiếng Việt),5,2,7,xanh,,yes,p3,0,0.420116,1,line,2,en,black
eb4ac425-16c2-4a59-9b17-5067ba1bd90e,Vietnamese (Tiếng Việt),5,3,0,vang,,yes,p3,0.972351,1,0,line,2,en,black
eb4ac425-16c2-4a59-9b17-5067ba1bd90e,Vietnamese (Tiếng Việt),5,3,1,vang,,no,p3,0,1,0.9268,line,2,en,black
eb4ac425-16c2-4a59-9b17-5067ba1bd90e,Vietnamese (Tiếng Việt),5,3,2,vang,,no,p3,0,1,0.976994,line,2,en,black
eb4ac425-16c2-4a59-9b17-5067ba1bd90e,Vietnamese (Tiếng Việt),5,3,3,vang,,no,p3,1,0.359299,0,line,2,en,black
eb4ac425-16c2-4a59-9b17-5067ba1bd90e,Vietnamese (Tiếng Việt),5,3,4,vang,,somewhat,p3,1,0.819608,0,line,2,en,black
eb4ac425-16c2-4a59-9b17-5067ba1bd90e,Vietnamese (Tiếng Việt),5,3,5,vang,,somewhat,p3,1,0.720705,0,line,2,en,black
eb4ac425-16c2-4a59-9b17-5067ba1bd90e,Vietnamese (Tiếng Việt),5,3,6,vang,,no,p3,0.769305,0,1,line,2,en,black
eb4ac425-16c2-4a59-9b17-5067ba1bd90e,Vietnamese (Tiếng Việt),5,3,7,vang,,no,p3,0,0.420116,1,line,2,en,black
e14b51d5-465c-43f0-974e-cdea23a1e615,English (English),1,0,0,lightbluegreen,light blue green,no,rgb,124,161,209,full,2.0.2,en,white
e14b51d5-465c-43f0-974e-cdea23a1e615,English (English),1,0,1,lightbluegreen,light blue green,no,rgb,124,23,119,full,2.0.2,en,white
e14b51d5-465c-43f0-974e-cdea23a1e615,English (English),1,0,2,lightbluegreen,light blue green,no,rgb,163,148,164,full,2.0.2,en,white
e14b51d5-465c-43f0-974e-cdea23a1e615,English (English),1,0,3,lightbluegreen,light blue green,no,rgb,87,50,223,full,2.0.2,en,white
e14b51d5-465c-43f0-974e-cdea23a1e615,English (English),1,0,4,lightbluegreen,light blue green,no,rgb,138,120,101,full,2.0.2,en,white
e14b51d5-465c-43f0-974e-cdea23a1e615,English (English),1,0,5,lightbluegreen,light blue green,no,rgb,172,94,36,full,2.0.2,en,white
e14b51d5-465c-43f0-974e-cdea23a1e615,English (English),1,0,6,lightbluegreen,light blue green,no,rgb,45,51,126,full,2.0.2,en,white
e14b51d5-465c-43f0-974e-cdea23a1e615,English (English),1,0,7,lightbluegreen,light blue green,no,rgb,97,51,202,full,2.0.2,en,white
e14b51d5-465c-43f0-974e-cdea23a1e615,English (English),1,1,0,pink,pink,no,rgb,124,161,209,full,2.0.2,en,white
e14b51d5-465c-43f0-974e-cdea23a1e615,English (English),1,1,1,pink,pink,no,rgb,124,23,119,full,2.0.2,en,white
e14b51d5-465c-43f0-974e-cdea23a1e615,English (English),1,1,2,pink,pink,no,rgb,163,148,164,full,2.0.2,en,white
e14b51d5-465c-43f0-974e-cdea23a1e615,English (English),1,1,3,pink,pink,no,rgb,87,50,223,full,2.0.2,en,white
e14b51d5-465c-43f0-974e-cdea23a1e615,English (English),1,1,4,pink,pink,no,rgb,138,120,101,full,2.0.2,en,white
e14b51d5-465c-43f0-974e-cdea23a1e615,English (English),1,1,5,pink,pink,no,rgb,172,94,36,full,2.0.2,en,white
e14b51d5-465c-43f0-974e-cdea23a1e615,English (English),1,1,6,pink,pink,no,rgb,45,51,126,full,2.0.2,en,white
e14b51d5-465c-43f0-974e-cdea23a1e615,English (English),1,1,7,pink,pink,no,rgb,97,51,202,full,2.0.2,en,white
e14b51d5-465c-43f0-974e-cdea23a1e615,English (English),1,2,0,lavender,lavender,no,rgb,124,161,209,full,2.0.2,en,white
e14b51d5-465c-43f0-974e-cdea23a1e615,English (English),1,2,1,lavender,lavender,no,rgb,124,23,119,full,2.0.2,en,white
e14b51d5-465c-43f0-974e-cdea23a1e615,English (English),1,2,2,lavender,lavender,somewhat,rgb,163,148,164,full,2.0.2,en,white
e14b51d5-465c-43f0-974e-cdea23a1e615,English (English),1,2,3,lavender,lavender,no,rgb,87,50,223,full,2.0.2,en,white
e14b51d5-465c-43f0-974e-cdea23a1e615,English (English),1,2,4,lavender,lavender,no,rgb,138,120,101,full,2.0.2,en,white
e14b51d5-465c-43f0-974e-cdea23a1e615,English (English),1,2,5,lavender,lavender,no,rgb,172,94,36,full,2.0.2,en,white
e14b51d5-465c-43f0-974e-cdea23a1e615,English (English),1,2,6,lavender,lavender,no,rgb,45,51,126,full,2.0.2,en,white
e14b51d5-465c-43f0-974e-cdea23a1e615,English (English),1,2,7,lavender,lavender,no,rgb,97,51,202,full,2.0.2,en,white
e14b51d5-465c-43f0-974e-cdea23a1e615,English (English),1,3,0,brown,brown,no,rgb,124,161,209,full,2.0.2,en,white
e14b51d5-465c-43f0-974e-cdea23a1e615,English (English),1,3,1,brown,brown,no,rgb,124,23,119,full,2.0.2,en,white
e14b51d5-465c-43f0-974e-cdea23a1e615,English (English),1,3,2,brown,brown,no,rgb,163,148,164,full,2.0.2,en,white
e14b51d5-465c-43f0-974e-cdea23a1e615,English (English),1,3,3,brown,brown,no,rgb,87,50,223,full,2.0.2,en,white
e14b51d5-465c-43f0-974e-cdea23a1e615,English (English),1,3,4,brown,brown,yes,rgb,138,120,101,full,2.0.2,en,white
e14b51d5-465c-43f0-974e-cdea23a1e615,English (English),1,3,5,brown,brown,no,rgb,172,94,36,full,2.0.2,en,white
e14b51d5-465c-43f0-974e-cdea23a1e615,English (English),1,3,6,brown,brown,no,rgb,45,51,126,full,2.0.2,en,white
e14b51d5-465c-43f0-974e-cdea23a1e615,English (English),1,3,7,brown,brown,no,rgb,97,51,202,full,2.0.2,en,white
e14b51d5-465c-43f0-974e-cdea23a1e615,English (English),3,0,0,lightblue,light blue,no,rgb,236,205,69,full,2.0.2,en,white
e14b51d5-465c-43f0-974e-cdea23a1e615,English (English),3,0,1,lightblue,light blue,no,rgb,159,96,247,full,2.0.2,en,white
e14b51d5-465c-43f0-974e-cdea23a1e615,English (English),3,0,2,lightblue,light blue,no,rgb,226,175,195,full,2.0.2,en,white
e14b51d5-465c-43f0-974e-cdea23a1e615,English (English),3,0,3,lightblue,light blue,no,rgb,209,8,112,full,2.0.2,en,white
e14b51d5-465c-43f0-974e-cdea23a1e615,English (English),3,0,4,lightblue,light blue,no,rgb,191,148,248,full,2.0.2,en,white
e14b51d5-465c-43f0-974e-cdea23a1e615,English (English),3,0,5,lightblue,light blue,no,rgb,52,45,121,full,2.0.2,en,white
e14b51d5-465c-43f0-974e-cdea23a1e615,English (English),3,0,6,lightblue,light blue,no,rgb,118,219,102,full,2.0.2,en,white
e14b51d5-465c-43f0-974e-cdea23a1e615,English (English),3,0,7,lightblue,light blue,no,rgb,43,3,71,full,2.0.2,en,white
e14b51d5-465c-43f0-974e-cdea23a1e615,English (English),3,1,0,orange,orange,no,rgb,236,205,69,full,2.0.2,en,white
e14b51d5-465c-43f0-974e-cdea23a1e615,English (English),3,1,1,orange,orange,no,rgb,159,96,247,full,2.0.2,en,white
e14b51d5-465c-43f0-974e-cdea23a1e615,English (English),3,1,2,orange,orange,no,rgb,226,175,195,full,2.0.2,en,white
e14b51d5-465c-43f0-974e-cdea23a1e615,English (English),3,1,3,orange,orange,no,rgb,209,8,112,full,2.0.2,en,white
e14b51d5-465c-43f0-974e-cdea23a1e615,English (English),3,1,4,orange,orange,no,rgb,191,148,248,full,2.0.2,en,white
e14b51d5-465c-43f0-974e-cdea23a1e615,English (English),3,1,5,orange,orange,no,rgb,52,45,121,full,2.0.2,en,white
e14b51d5-465c-43f0-974e-cdea23a1e615,English (English),3,1,6,orange,orange,no,rgb,118,219,102,full,2.0.2,en,white
e14b51d5-465c-43f0-974e-cdea23a1e615,English (English),3,1,7,orange,orange,no,rgb,43,3,71,full,2.0.2,en,white
e14b51d5-465c-43f0-974e-cdea23a1e615,English (English),3,2,0,pastelblue,pastel blue,no,rgb,236,205,69,full,2.0.2,en,white
e14b51d5-465c-43f0-974e-cdea23a1e615,English (English),3,2,1,pastelblue,pastel blue,no,rgb,159,96,247,full,2.0.2,en,white
e14b51d5-465c-43f0-974e-cdea23a1e615,English (English),3,2,2,pastelblue,pastel blue,no,rgb,226,175,195,full,2.0.2,en,white
e14b51d5-465c-43f0-974e-cdea23a1e615,English (English),3,2,3,pastelblue,pastel blue,no,rgb,209,8,112,full,2.0.2,en,white
e14b51d5-465c-43f0-974e-cdea23a1e615,English (English),3,2,4,pastelblue,pastel blue,no,rgb,191,148,248,full,2.0.2,en,white
e14b51d5-465c-43f0-974e-cdea23a1e615,English (English),3,2,5,pastelblue,pastel blue,no,rgb,52,45,121,full,2.0.2,en,white
e14b51d5-465c-43f0-974e-cdea23a1e615,English (English),3,2,6,pastelblue,pastel blue,no,rgb,118,219,102,full,2.0.2,en,white
e14b51d5-465c-43f0-974e-cdea23a1e615,English (English),3,2,7,pastelblue,pastel blue,no,rgb,43,3,71,full,2.0.2,en,white
e14b51d5-465c-43f0-974e-cdea23a1e615,English (English),3,3,0,pinkishpurple,pinkish purple,no,rgb,236,205,69,full,2.0.2,en,white
e14b51d5-465c-43f0-974e-cdea23a1e615,English (English),3,3,1,pinkishpurple,pinkish purple,no,rgb,159,96,247,full,2.0.2,en,white
e14b51d5-465c-43f0-974e-cdea23a1e615,English (English),3,3,2,pinkishpurple,pinkish purple,no,rgb,226,175,195,full,2.0.2,en,white
e14b51d5-465c-43f0-974e-cdea23a1e615,English (English),3,3,3,pinkishpurple,pinkish purple,no,rgb,209,8,112,full,2.0.2,en,white
e14b51d5-465c-43f0-974e-cdea23a1e615,English (English),3,3,4,pinkishpurple,pinkish purple,no,rgb,191,148,248,full,2.0.2,en,white
e14b51d5-465c-43f0-974e-cdea23a1e615,English (English),3,3,5,pinkishpurple,pinkish purple,no,rgb,52,45,121,full,2.0.2,en,white
e14b51d5-465c-43f0-974e-cdea23a1e615,English (English),3,3,6,pinkishpurple,pinkish purple,no,rgb,118,219,102,full,2.0.2,en,white
e14b51d5-465c-43f0-974e-cdea23a1e615,English (English),3,3,7,pinkishpurple,pinkish purple,no,rgb,43,3,71,full,2.0.2,en,white
e14b51d5-465c-43f0-974e-cdea23a1e615,English (English),5,0,0,pinkishbrown,pinkish brown,no,rgb,147,187,180,full,2.0.2,en,white
e14b51d5-465c-43f0-974e-cdea23a1e615,English (English),5,0,1,pinkishbrown,pinkish brown,no,rgb,138,240,205,full,2.0.2,en,white
e14b51d5-465c-43f0-974e-cdea23a1e615,English (English),5,0,2,pinkishbrown,pinkish brown,no,rgb,102,120,153,full,2.0.2,en,white
e14b51d5-465c-43f0-974e-cdea23a1e615,English (English),5,0,3,pinkishbrown,pinkish brown,no,rgb,218,107,98,full,2.0.2,en,white
e14b51d5-465c-43f0-974e-cdea23a1e615,English (English),5,0,4,pinkishbrown,pinkish brown,no,rgb,222,131,173,full,2.0.2,en,white
e14b51d5-465c-43f0-974e-cdea23a1e615,English (English),5,0,5,pinkishbrown,pinkish brown,no,rgb,118,202,185,full,2.0.2,en,white
e14b51d5-465c-43f0-974e-cdea23a1e615,English (English),5,0,6,pinkishbrown,pinkish brown,no,rgb,237,139,151,full,2.0.2,en,white
e14b51d5-465c-43f0-974e-cdea23a1e615,English (English),5,0,7,pinkishbrown,pinkish brown,no,rgb,223,77,131,full,2.0.2,en,white
e14b51d5-465c-43f0-974e-cdea23a1e615,English (English),5,1,0,neongreen,neon green,no,rgb,147,187,180,full,2.0.2,en,white
e14b51d5-465c-43f0-974e-cdea23a1e615,English (English),5,1,1,neongreen,neon green,no,rgb,138,240,205,full,2.0.2,en,white
e14b51d5-465c-43f0-974e-cdea23a1e615,English (English),5,1,2,neongreen,neon green,no,rgb,102,120,153,full,2.0.2,en,white
e14b51d5-465c-43f0-974e-cdea23a1e615,English (English),5,1,3,neongreen,neon green,no,rgb,218,107,98,full,2.0.2,en,white
e14b51d5-465c-43f0-974e-cdea23a1e615,English (English),5,1,4,neongreen,neon green,no,rgb,222,131,173,full,2.0.2,en,white
e14b51d5-465c-43f0-974e-cdea23a1e615,English (English),5,1,5,neongreen,neon green,no,rgb,118,202,185,full,2.0.2,en,white
e14b51d5-465c-43f0-974e-cdea23a1e615,English (English),5,1,6,neongreen,neon green,no,rgb,237,139,151,full,2.0.2,en,white
e14b51d5-465c-43f0-974e-cdea23a1e615,English (English),5,1,7,neongreen,neon green,no,rgb,223,77,131,full,2.0.2,en,white
e14b51d5-465c-43f0-974e-cdea23a1e615,English (English),5,2,0,yellowgreen,yellow green,no,rgb,147,187,180,full,2.0.2,en,white
e14b51d5-465c-43f0-974e-cdea23a1e615,English (English),5,2,1,yellowgreen,yellow green,no,rgb,138,240,205,full,2.0.2,en,white
e14b51d5-465c-43f0-974e-cdea23a1e615,English (English),5,2,2,yellowgreen,yellow green,no,rgb,102,120,153,full,2.0.2,en,white
e14b51d5-465c-43f0-974e-cdea23a1e615,English (English),5,2,3,yellowgreen,yellow green,no,rgb,218,107,98,full,2.0.2,en,white
e14b51d5-465c-43f0-974e-cdea23a1e615,English (English),5,2,4,yellowgreen,yellow green,no,rgb,222,131,173,full,2.0.2,en,white
e14b51d5-465c-43f0-974e-cdea23a1e615,English (English),5,2,5,yellowgreen,yellow green,no,rgb,118,202,185,full,2.0.2,en,white
e14b51d5-465c-43f0-974e-cdea23a1e615,English (English),5,2,6,yellowgreen,yellow green,no,rgb,237,139,151,full,2.0.2,en,white
e14b51d5-465c-43f0-974e-cdea23a1e615,English (English),5,2,7,yellowgreen,yellow green,no,rgb,223,77,131,full,2.0.2,en,white
e14b51d5-465c-43f0-974e-cdea23a1e615,English (English),5,3,0,purple,purple,no,rgb,147,187,180,full,2.0.2,en,white
e14b51d5-465c-43f0-974e-cdea23a1e615,English (English),5,3,1,purple,purple,no,rgb,138,240,205,full,2.0.2,en,white
e14b51d5-465c-43f0-974e-cdea23a1e615,English (English),5,3,2,purple,purple,no,rgb,102,120,153,full,2.0.2,en,white
e14b51d5-465c-43f0-974e-cdea23a1e615,English (English),5,3,3,purple,purple,no,rgb,218,107,98,full,2.0.2,en,white
e14b51d5-465c-43f0-974e-cdea23a1e615,English (English),5,3,4,purple,purple,no,rgb,222,131,173,full,2.0.2,en,white
e14b51d5-465c-43f0-974e-cdea23a1e615,English (English),5,3,5,purple,purple,no,rgb,118,202,185,full,2.0.2,en,white
e14b51d5-465c-43f0-974e-cdea23a1e615,English (English),5,3,6,purple,purple,no,rgb,237,139,151,full,2.0.2,en,white
e14b51d5-465c-43f0-974e-cdea23a1e615,English (English),5,3,7,purple,purple,no,rgb,223,77,131,full,2.0.2,en,white
99671fc3-dfdf-4b4c-8e03-2e70eba5201d,English (English),1,0,0,redbrown,red brown,no,rgb,235,144,166,full,2.0.2,en,white
99671fc3-dfdf-4b4c-8e03-2e70eba5201d,English (English),1,0,1,redbrown,red brown,no,rgb,49,111,97,full,2.0.2,en,white
99671fc3-dfdf-4b4c-8e03-2e70eba5201d,English (English),1,0,2,redbrown,red brown,somewhat,rgb,176,55,66,full,2.0.2,en,white
99671fc3-dfdf-4b4c-8e03-2e70eba5201d,English (English),1,0,3,redbrown,red brown,no,rgb,0,1,5,full,2.0.2,en,white
99671fc3-dfdf-4b4c-8e03-2e70eba5201d,English (English),1,0,4,redbrown,red brown,no,rgb,134,130,207,full,2.0.2,en,white
99671fc3-dfdf-4b4c-8e03-2e70eba5201d,English (English),1,0,5,redbrown,red brown,somewhat,rgb,49,21,25,full,2.0.2,en,white
99671fc3-dfdf-4b4c-8e03-2e70eba5201d,English (English),1,0,6,redbrown,red brown,no,rgb,85,61,151,full,2.0.2,en,white
99671fc3-dfdf-4b4c-8e03-2e70eba5201d,English (English),1,0,7,redbrown,red brown,no,rgb,245,110,60,full,2.0.2,en,white
99671fc3-dfdf-4b4c-8e03-2e70eba5201d,English (English),1,1,0,highlightergreen,highlighter green,no,rgb,235,144,166,full,2.0.2,en,white
99671fc3-dfdf-4b4c-8e03-2e70eba5201d,English (English),1,1,1,highlightergreen,highlighter green,somewhat,rgb,49,111,97,full,2.0.2,en,white
99671fc3-dfdf-4b4c-8e03-2e70eba5201d,English (English),1,1,2,highlightergreen,highlighter green,no,rgb,176,55,66,full,2.0.2,en,white
99671fc3-dfdf-4b4c-8e03-2e70eba5201d,English (English),1,1,3,highlightergreen,highlighter green,no,rgb,0,1,5,full,2.0.2,en,white
99671fc3-dfdf-4b4c-8e03-2e70eba5201d,English (English),1,1,4,highlightergreen,highlighter green,no,rgb,134,130,207,full,2.0.2,en,white
99671fc3-dfdf-4b4c-8e03-2e70eba5201d,English (English),1,1,5,highlightergreen,highlighter green,no,rgb,49,21,25,full,2.0.2,en,white
99671fc3-dfdf-4b4c-8e03-2e70eba5201d,English (English),1,1,6,highlightergreen,highlighter green,no,rgb,85,61,151,full,2.0.2,en,white
99671fc3-dfdf-4b4c-8e03-2e70eba5201d,English (English),1,1,7,highlightergreen,highlighter green,no,rgb,245,110,60,full,2.0.2,en,white
99671fc3-dfdf-4b4c-8e03-2e70eba5201d,English (English),1,2,0,brightgreen,bright green,no,rgb,235,144,166,full,2.0.2,en,white
99671fc3-dfdf-4b4c-8e03-2e70eba5201d,English (English),1,2,1,brightgreen,bright green,somewhat,rgb,49,111,97,full,2.0.2,en,white
99671fc3-dfdf-4b4c-8e03-2e70eba5201d,English (English),1,2,2,brightgreen,bright green,no,rgb,176,55,66,full,2.0.2,en,white
99671fc3-dfdf-4b4c-8e03-2e70eba5201d,English (English),1,2,3,brightgreen,bright green,no,rgb,0,1,5,full,2.0.2,en,white
99671fc3-dfdf-4b4c-8e03-2e70eba5201d,English (English),1,2,4,brightgreen,bright green,no,rgb,134,130,207,full,2.0.2,en,white
99671fc3-dfdf-4b4c-8e03-2e70eba5201d,English (English),1,2,5,brightgreen,bright green,no,rgb,49,21,25,full,2.0.2,en,white
99671fc3-dfdf-4b4c-8e03-2e70eba5201d,English (English),1,2,6,brightgreen,bright green,no,rgb,85,61,151,full,2.0.2,en,white
99671fc3-dfdf-4b4c-8e03-2e70eba5201d,English (English),1,2,7,brightgreen,bright green,no,rgb,245,110,60,full,2.0.2,en,white
99671fc3-dfdf-4b4c-8e03-2e70eba5201d,English (English),1,3,0,mintgreen,mint green,no,rgb,235,144,166,full,2.0.2,en,white
99671fc3-dfdf-4b4c-8e03-2e70eba5201d,English (English),1,3,1,mintgreen,mint green,somewhat,rgb,49,111,97,full,2.0.2,en,white
99671fc3-dfdf-4b4c-8e03-2e70eba5201d,English (English),1,3,2,mintgreen,mint green,no,rgb,176,55,66,full,2.0.2,en,white
99671fc3-dfdf-4b4c-8e03-2e70eba5201d,English (English),1,3,3,mintgreen,mint green,no,rgb,0,1,5,full,2.0.2,en,white
99671fc3-dfdf-4b4c-8e03-2e70eba5201d,English (English),1,3,4,mintgreen,mint green,no,rgb,134,130,207,full,2.0.2,en,white
99671fc3-dfdf-4b4c-8e03-2e70eba5201d,English (English),1,3,5,mintgreen,mint green,no,rgb,49,21,25,full,2.0.2,en,white
99671fc3-dfdf-4b4c-8e03-2e70eba5201d,English (English),1,3,6,mintgreen,mint green,no,rgb,85,61,151,full,2.0.2,en,white
99671fc3-dfdf-4b4c-8e03-2e70eba5201d,English (English),1,3,7,mintgreen,mint green,no,rgb,245,110,60,full,2.0.2,en,white
99671fc3-dfdf-4b4c-8e03-2e70eba5201d,English (English),3,0,0,green,green,no,rgb,127,123,125,full,2.0.2,en,white
99671fc3-dfdf-4b4c-8e03-2e70eba5201d,English (English),3,0,1,green,green,no,rgb,235,3,217,full,2.0.2,en,white
99671fc3-dfdf-4b4c-8e03-2e70eba5201d,English (English),3,0,2,green,green,no,rgb,157,117,227,full,2.0.2,en,white
99671fc3-dfdf-4b4c-8e03-2e70eba5201d,English (English),3,0,3,green,green,no,rgb,206,49,107,full,2.0.2,en,white
99671fc3-dfdf-4b4c-8e03-2e70eba5201d,English (English),3,0,4,green,green,no,rgb,149,77,206,full,2.0.2,en,white
99671fc3-dfdf-4b4c-8e03-2e70eba5201d,English (English),3,0,5,green,green,no,rgb,209,176,145,full,2.0.2,en,white
99671fc3-dfdf-4b4c-8e03-2e70eba5201d,English (English),3,0,6,green,green,no,rgb,161,45,80,full,2.0.2,en,white
99671fc3-dfdf-4b4c-8e03-2e70eba5201d,English (English),3,0,7,green,green,no,rgb,197,149,176,full,2.0.2,en,white
99671fc3-dfdf-4b4c-8e03-2e70eba5201d,English (English),3,1,0,pink,pink,no,rgb,127,123,125,full,2.0.2,en,white
99671fc3-dfdf-4b4c-8e03-2e70eba5201d,English (English),3,1,1,pink,pink,yes,rgb,235,3,217,full,2.0.2,en,white
99671fc3-dfdf-4b4c-8e03-2e70eba5201d,English (English),3,1,2,pink,pink,no,rgb,157,117,227,full,2.0.2,en,white
99671fc3-dfdf-4b4c-8e03-2e70eba5201d,English (English),3,1,3,pink,pink,somewhat,rgb,206,49,107,full,2.0.2,en,white
99671fc3-dfdf-4b4c-8e03-2e70eba5201d,English (English),3,1,4,pink,pink,no,rgb,149,77,206,full,2.0.2,en,white
99671fc3-dfdf-4b4c-8e03-2e70eba5201d,English (English),3,1,5,pink,pink,no,rgb,209,176,145,full,2.0.2,en,white
99671fc3-dfdf-4b4c-8e03-2e70eba5201d,English (English),3,1,6,pink,pink,no,rgb,161,45,80,full,2.0.2,en,white
99671fc3-dfdf-4b4c-8e03-2e70eba5201d,English (English),3,1,7,pink,pink,yes,rgb,197,149,176,full,2.0.2,en,white
99671fc3-dfdf-4b4c-8e03-2e70eba5201d,English (English),3,2,0,purple,purple,no,rgb,127,123,125,full,2.0.2,en,white
99671fc3-dfdf-4b4c-8e03-2e70eba5201d,English (English),3,2,1,purple,purple,somewhat,rgb,235,3,217,full,2.0.2,en,white
99671fc3-dfdf-4b4c-8e03-2e70eba5201d,English (English),3,2,2,purple,purple,yes,rgb,157,117,227,full,2.0.2,en,white
99671fc3-dfdf-4b4c-8e03-2e70eba5201d,English (English),3,2,3,purple,purple,no,rgb,206,49,107,full,2.0.2,en,white
99671fc3-dfdf-4b4c-8e03-2e70eba5201d,English (English),3,2,4,purple,purple,yes,rgb,149,77,206,full,2.0.2,en,white
99671fc3-dfdf-4b4c-8e03-2e70eba5201d,English (English),3,2,5,purple,purple,no,rgb,209,176,145,full,2.0.2,en,white
99671fc3-dfdf-4b4c-8e03-2e70eba5201d,English (English),3,2,6,purple,purple,no,rgb,161,45,80,full,2.0.2,en,white
99671fc3-dfdf-4b4c-8e03-2e70eba5201d,English (English),3,2,7,purple,purple,somewhat,rgb,197,149,176,full,2.0.2,en,white
99671fc3-dfdf-4b4c-8e03-2e70eba5201d,English (English),3,3,0,greenapple,green apple,no,rgb,127,123,125,full,2.0.2,en,white
99671fc3-dfdf-4b4c-8e03-2e70eba5201d,English (English),3,3,1,greenapple,green apple,no,rgb,235,3,217,full,2.0.2,en,white
99671fc3-dfdf-4b4c-8e03-2e70eba5201d,English (English),3,3,2,greenapple,green apple,no,rgb,157,117,227,full,2.0.2,en,white
99671fc3-dfdf-4b4c-8e03-2e70eba5201d,English (English),3,3,3,greenapple,green apple,no,rgb,206,49,107,full,2.0.2,en,white
99671fc3-dfdf-4b4c-8e03-2e70eba5201d,English (English),3,3,4,greenapple,green apple,no,rgb,149,77,206,full,2.0.2,en,white
99671fc3-dfdf-4b4c-8e03-2e70eba5201d,English (English),3,3,5,greenapple,green apple,no,rgb,209,176,145,full,2.0.2,en,white
99671fc3-dfdf-4b4c-8e03-2e70eba5201d,English (English),3,3,6,greenapple,green apple,no,rgb,161,45,80,full,2.0.2,en,white
99671fc3-dfdf-4b4c-8e03-2e70eba5201d,English (English),3,3,7,greenapple,green apple,no,rgb,197,149,176,full,2.0.2,en,white
99671fc3-dfdf-4b4c-8e03-2e70eba5201d,English (English),5,0,0,midgreen,mid green,no,rgb,177,49,179,full,2.0.2,en,white
99671fc3-dfdf-4b4c-8e03-2e70eba5201d,English (English),5,0,1,midgreen,mid green,no,rgb,169,114,139,full,2.0.2,en,white
99671fc3-dfdf-4b4c-8e03-2e70eba5201d,English (English),5,0,2,midgreen,mid green,no,rgb,91,97,134,full,2.0.2,en,white
99671fc3-dfdf-4b4c-8e03-2e70eba5201d,English (English),5,0,3,midgreen,mid green,no,rgb,187,160,224,full,2.0.2,en,white
99671fc3-dfdf-4b4c-8e03-2e70eba5201d,English (English),5,0,4,midgreen,mid green,no,rgb,127,112,225,full,2.0.2,en,white
99671fc3-dfdf-4b4c-8e03-2e70eba5201d,English (English),5,0,5,midgreen,mid green,no,rgb,225,192,128,full,2.0.2,en,white
99671fc3-dfdf-4b4c-8e03-2e70eba5201d,English (English),5,0,6,midgreen,mid green,no,rgb,198,193,180,full,2.0.2,en,white
99671fc3-dfdf-4b4c-8e03-2e70eba5201d,English (English),5,0,7,midgreen,mid green,no,rgb,194,110,236,full,2.0.2,en,white
99671fc3-dfdf-4b4c-8e03-2e70eba5201d,English (English),5,1,0,red,red,no,rgb,177,49,179,full,2.0.2,en,white
99671fc3-dfdf-4b4c-8e03-2e70eba5201d,English (English),5,1,1,red,red,no,rgb,169,114,139,full,2.0.2,en,white
99671fc3-dfdf-4b4c-8e03-2e70eba5201d,English (English),5,1,2,red,red,no,rgb,91,97,134,full,2.0.2,en,white
99671fc3-dfdf-4b4c-8e03-2e70eba5201d,English (English),5,1,3,red,red,no,rgb,187,160,224,full,2.0.2,en,white
99671fc3-dfdf-4b4c-8e03-2e70eba5201d,English (English),5,1,4,red,red,no,rgb,127,112,225,full,2.0.2,en,white
99671fc3-dfdf-4b4c-8e03-2e70eba5201d,English (English),5,1,5,red,red,no,rgb,225,192,128,full,2.0.2,en,white
99671fc3-dfdf-4b4c-8e03-2e70eba5201d,English (English),5,1,6,red,red,no,rgb,198,193,180,full,2.0.2,en,white
99671fc3-dfdf-4b4c-8e03-2e70eba5201d,English (English),5,1,7,red,red,no,rgb,194,110,236,full,2.0.2,en,white
99671fc3-dfdf-4b4c-8e03-2e70eba5201d,English (English),5,2,0,fuchsia,fuschia,yes,rgb,177,49,179,full,2.0.2,en,white
99671fc3-dfdf-4b4c-8e03-2e70eba5201d,English (English),5,2,1,fuchsia,fuschia,no,rgb,169,114,139,full,2.0.2,en,white
99671fc3-dfdf-4b4c-8e03-2e70eba5201d,English (English),5,2,2,fuchsia,fuschia,no,rgb,91,97,134,full,2.0.2,en,white
99671fc3-dfdf-4b4c-8e03-2e70eba5201d,English (English),5,2,3,fuchsia,fuschia,no,rgb,187,160,224,full,2.0.2,en,white
99671fc3-dfdf-4b4c-8e03-2e70eba5201d,English (English),5,2,4,fuchsia,fuschia,somewhat,rgb,127,112,225,full,2.0.2,en,white
99671fc3-dfdf-4b4c-8e03-2e70eba5201d,English (English),5,2,5,fuchsia,fuschia,no,rgb,225,192,128,full,2.0.2,en,white
99671fc3-dfdf-4b4c-8e03-2e70eba5201d,English (English),5,2,6,fuchsia,fuschia,no,rgb,198,193,180,full,2.0.2,en,white
99671fc3-dfdf-4b4c-8e03-2e70eba5201d,English (English),5,2,7,fuchsia,fuschia,somewhat,rgb,194,110,236,full,2.0.2,en,white
99671fc3-dfdf-4b4c-8e03-2e70eba5201d,English (English),5,3,0,orange,orange,no,rgb,177,49,179,full,2.0.2,en,white
99671fc3-dfdf-4b4c-8e03-2e70eba5201d,English (English),5,3,1,orange,orange,somewhat,rgb,169,114,139,full,2.0.2,en,white
99671fc3-dfdf-4b4c-8e03-2e70eba5201d,English (English),5,3,2,orange,orange,no,rgb,91,97,134,full,2.0.2,en,white
99671fc3-dfdf-4b4c-8e03-2e70eba5201d,English (English),5,3,3,orange,orange,no,rgb,187,160,224,full,2.0.2,en,white
99671fc3-dfdf-4b4c-8e03-2e70eba5201d,English (English),5,3,4,orange,orange,no,rgb,127,112,225,full,2.0.2,en,white
99671fc3-dfdf-4b4c-8e03-2e70eba5201d,English (English),5,3,5,orange,orange,somewhat,rgb,225,192,128,full,2.0.2,en,white
99671fc3-dfdf-4b4c-8e03-2e70eba5201d,English (English),5,3,6,orange,orange,no,rgb,198,193,180,full,2.0.2,en,white
99671fc3-dfdf-4b4c-8e03-2e70eba5201d,English (English),5,3,7,orange,orange,no,rgb,194,110,236,full,2.0.2,en,white
5819e869-7dbc-41a9-8d1d-25bc9787a218,English (English),1,0,0,blue,blue,no,rgb,199,41,39,full,2.0.2,en,black
5819e869-7dbc-41a9-8d1d-25bc9787a218,English (English),1,0,1,blue,blue,somewhat,rgb,149,57,149,full,2.0.2,en,black
5819e869-7dbc-41a9-8d1d-25bc9787a218,English (English),1,0,2,blue,blue,yes,rgb,69,37,199,full,2.0.2,en,black
5819e869-7dbc-41a9-8d1d-25bc9787a218,English (English),1,0,3,blue,blue,somewhat,rgb,186,74,132,full,2.0.2,en,black
5819e869-7dbc-41a9-8d1d-25bc9787a218,English (English),1,0,4,blue,blue,somewhat,rgb,75,81,46,full,2.0.2,en,black
5819e869-7dbc-41a9-8d1d-25bc9787a218,English (English),1,0,5,blue,blue,somewhat,rgb,158,167,128,full,2.0.2,en,black
5819e869-7dbc-41a9-8d1d-25bc9787a218,English (English),1,0,6,blue,blue,no,rgb,226,175,183,full,2.0.2,en,black
5819e869-7dbc-41a9-8d1d-25bc9787a218,English (English),1,0,7,blue,blue,no,rgb,223,45,209,full,2.0.2,en,black
5819e869-7dbc-41a9-8d1d-25bc9787a218,English (English),1,1,0,olive,olive,no,rgb,199,41,39,full,2.0.2,en,black
5819e869-7dbc-41a9-8d1d-25bc9787a218,English (English),1,1,1,olive,olive,somewhat,rgb,149,57,149,full,2.0.2,en,black
5819e869-7dbc-41a9-8d1d-25bc9787a218,English (English),1,1,2,olive,olive,somewhat,rgb,69,37,199,full,2.0.2,en,black
5819e869-7dbc-41a9-8d1d-25bc9787a218,English (English),1,1,3,olive,olive,somewhat,rgb,186,74,132,full,2.0.2,en,black
5819e869-7dbc-41a9-8d1d-25bc9787a218,English (English),1,1,4,olive,olive,yes,rgb,75,81,46,full,2.0.2,en,black
5819e869-7dbc-41a9-8d1d-25bc9787a218,English (English),1,1,5,olive,olive,yes,rgb,158,167,128,full,2.0.2,en,black
5819e869-7dbc-41a9-8d1d-25bc9787a218,English (English),1,1,6,olive,olive,somewhat,rgb,226,175,183,full,2.0.2,en,black
5819e869-7dbc-41a9-8d1d-25bc9787a218,English (English),1,1,7,olive,olive,idk,rgb,223,45,209,full,2.0.2,en,black
5819e869-7dbc-41a9-8d1d-25bc9787a218,English (English),1,2,0,steelblue,steel blue,idk,rgb,199,41,39,full,2.0.2,en,black
5819e869-7dbc-41a9-8d1d-25bc9787a218,English (English),1,2,1,steelblue,steel blue,idk,rgb,149,57,149,full,2.0.2,en,black
5819e869-7dbc-41a9-8d1d-25bc9787a218,English (English),1,2,2,steelblue,steel blue,idk,rgb,69,37,199,full,2.0.2,en,black
5819e869-7dbc-41a9-8d1d-25bc9787a218,English (English),1,2,3,steelblue,steel blue,idk,rgb,186,74,132,full,2.0.2,en,black
5819e869-7dbc-41a9-8d1d-25bc9787a218,English (English),1,2,4,steelblue,steel blue,idk,rgb,75,81,46,full,2.0.2,en,black
5819e869-7dbc-41a9-8d1d-25bc9787a218,English (English),1,2,5,steelblue,steel blue,idk,rgb,158,167,128,full,2.0.2,en,black
5819e869-7dbc-41a9-8d1d-25bc9787a218,English (English),1,2,6,steelblue,steel blue,somewhat,rgb,226,175,183,full,2.0.2,en,black
5819e869-7dbc-41a9-8d1d-25bc9787a218,English (English),1,2,7,steelblue,steel blue,somewhat,rgb,223,45,209,full,2.0.2,en,black
5819e869-7dbc-41a9-8d1d-25bc9787a218,English (English),1,3,0,blushpink,blush pink,somewhat,rgb,199,41,39,full,2.0.2,en,black
5819e869-7dbc-41a9-8d1d-25bc9787a218,English (English),1,3,1,blushpink,blush pink,idk,rgb,149,57,149,full,2.0.2,en,black
5819e869-7dbc-41a9-8d1d-25bc9787a218,English (English),1,3,2,blushpink,blush pink,somewhat,rgb,69,37,199,full,2.0.2,en,black
5819e869-7dbc-41a9-8d1d-25bc9787a218,English (English),1,3,3,blushpink,blush pink,idk,rgb,186,74,132,full,2.0.2,en,black
5819e869-7dbc-41a9-8d1d-25bc9787a218,English (English),1,3,4,blushpink,blush pink,somewhat,rgb,75,81,46,full,2.0.2,en,black
5819e869-7dbc-41a9-8d1d-25bc9787a218,English (English),1,3,5,blushpink,blush pink,idk,rgb,158,167,128,full,2.0.2,en,black
5819e869-7dbc-41a9-8d1d-25bc9787a218,English (English),1,3,6,blushpink,blush pink,idk,rgb,226,175,183,full,2.0.2,en,black
5819e869-7dbc-41a9-8d1d-25bc9787a218,English (English),1,3,7,blushpink,blush pink,idk,rgb,223,45,209,full,2.0.2,en,black
109d51a0-491c-46f9-9534-4b8e059834a8,English (English),1,0,0,pink,pink,no,p3,0.708525,0.976182,0.92011,full,2.0.2,en,white
109d51a0-491c-46f9-9534-4b8e059834a8,English (English),1,0,1,pink,pink,no,p3,0.769216,0.739762,0.474122,full,2.0.2,en,white
109d51a0-491c-46f9-9534-4b8e059834a8,English (English),1,0,2,pink,pink,somewhat,p3,0.905661,0.6691,0.645788,full,2.0.2,en,white
109d51a0-491c-46f9-9534-4b8e059834a8,English (English),1,0,3,pink,pink,no,p3,0.0648662,0.0215816,0.00597263,full,2.0.2,en,white
109d51a0-491c-46f9-9534-4b8e059834a8,English (English),1,0,4,pink,pink,no,p3,0.519025,0.341402,0.436851,full,2.0.2,en,white
109d51a0-491c-46f9-9534-4b8e059834a8,English (English),1,0,5,pink,pink,no,p3,0.181997,0.12602,0.0567327,full,2.0.2,en,white
109d51a0-491c-46f9-9534-4b8e059834a8,English (English),1,0,6,pink,pink,no,p3,0.472021,0.930107,0.598772,full,2.0.2,en,white
109d51a0-491c-46f9-9534-4b8e059834a8,English (English),1,0,7,pink,pink,no,p3,0.428869,0.592769,0.0528351,full,2.0.2,en,white
109d51a0-491c-46f9-9534-4b8e059834a8,English (English),1,1,0,purpleblue,purple blue,no,p3,0.708525,0.976182,0.92011,full,2.0.2,en,white
109d51a0-491c-46f9-9534-4b8e059834a8,English (English),1,1,1,purpleblue,purple blue,no,p3,0.769216,0.739762,0.474122,full,2.0.2,en,white
109d51a0-491c-46f9-9534-4b8e059834a8,English (English),1,1,2,purpleblue,purple blue,no,p3,0.905661,0.6691,0.645788,full,2.0.2,en,white
109d51a0-491c-46f9-9534-4b8e059834a8,English (English),1,1,3,purpleblue,purple blue,no,p3,0.0648662,0.0215816,0.00597263,full,2.0.2,en,white
109d51a0-491c-46f9-9534-4b8e059834a8,English (English),1,1,4,purpleblue,purple blue,somewhat,p3,0.519025,0.341402,0.436851,full,2.0.2,en,white
109d51a0-491c-46f9-9534-4b8e059834a8,English (English),1,1,5,purpleblue,purple blue,no,p3,0.181997,0.12602,0.0567327,full,2.0.2,en,white
109d51a0-491c-46f9-9534-4b8e059834a8,English (English),1,1,6,purpleblue,purple blue,no,p3,0.472021,0.930107,0.598772,full,2.0.2,en,white
109d51a0-491c-46f9-9534-4b8e059834a8,English (English),1,1,7,purpleblue,purple blue,no,p3,0.428869,0.592769,0.0528351,full,2.0.2,en,white
109d51a0-491c-46f9-9534-4b8e059834a8,English (English),1,2,0,purplebrown,purple brown,no,p3,0.708525,0.976182,0.92011,full,2.0.2,en,white
109d51a0-491c-46f9-9534-4b8e059834a8,English (English),1,2,1,purplebrown,purple brown,no,p3,0.769216,0.739762,0.474122,full,2.0.2,en,white
109d51a0-491c-46f9-9534-4b8e059834a8,English (English),1,2,2,purplebrown,purple brown,no,p3,0.905661,0.6691,0.645788,full,2.0.2,en,white
109d51a0-491c-46f9-9534-4b8e059834a8,English (English),1,2,3,purplebrown,purple brown,no,p3,0.0648662,0.0215816,0.00597263,full,2.0.2,en,white
109d51a0-491c-46f9-9534-4b8e059834a8,English (English),1,2,4,purplebrown,purple brown,somewhat,p3,0.519025,0.341402,0.436851,full,2.0.2,en,white
109d51a0-491c-46f9-9534-4b8e059834a8,English (English),1,2,5,purplebrown,purple brown,no,p3,0.181997,0.12602,0.0567327,full,2.0.2,en,white
109d51a0-491c-46f9-9534-4b8e059834a8,English (English),1,2,6,purplebrown,purple brown,no,p3,0.472021,0.930107,0.598772,full,2.0.2,en,white
109d51a0-491c-46f9-9534-4b8e059834a8,English (English),1,2,7,purplebrown,purple brown,no,p3,0.428869,0.592769,0.0528351,full,2.0.2,en,white
109d51a0-491c-46f9-9534-4b8e059834a8,English (English),1,3,0,brickred,brick red,no,p3,0.708525,0.976182,0.92011,full,2.0.2,en,white
109d51a0-491c-46f9-9534-4b8e059834a8,English (English),1,3,1,brickred,brick red,no,p3,0.769216,0.739762,0.474122,full,2.0.2,en,white
109d51a0-491c-46f9-9534-4b8e059834a8,English (English),1,3,2,brickred,brick red,no,p3,0.905661,0.6691,0.645788,full,2.0.2,en,white
109d51a0-491c-46f9-9534-4b8e059834a8,English (English),1,3,3,brickred,brick red,no,p3,0.0648662,0.0215816,0.00597263,full,2.0.2,en,white
109d51a0-491c-46f9-9534-4b8e059834a8,English (English),1,3,4,brickred,brick red,no,p3,0.519025,0.341402,0.436851,full,2.0.2,en,white
109d51a0-491c-46f9-9534-4b8e059834a8,English (English),1,3,5,brickred,brick red,no,p3,0.181997,0.12602,0.0567327,full,2.0.2,en,white
109d51a0-491c-46f9-9534-4b8e059834a8,English (English),1,3,6,brickred,brick red,no,p3,0.472021,0.930107,0.598772,full,2.0.2,en,white
109d51a0-491c-46f9-9534-4b8e059834a8,English (English),1,3,7,brickred,brick red,no,p3,0.428869,0.592769,0.0528351,full,2.0.2,en,white
109d51a0-491c-46f9-9534-4b8e059834a8,English (English),3,0,0,deepblue,deep blue,no,p3,0.927507,0.333299,0.7408,full,2.0.2,en,white
109d51a0-491c-46f9-9534-4b8e059834a8,English (English),3,0,1,deepblue,deep blue,no,p3,0.296493,0.850659,0.983712,full,2.0.2,en,white
109d51a0-491c-46f9-9534-4b8e059834a8,English (English),3,0,2,deepblue,deep blue,somewhat,p3,0.560759,0.484035,0.778388,full,2.0.2,en,white
109d51a0-491c-46f9-9534-4b8e059834a8,English (English),3,0,3,deepblue,deep blue,somewhat,p3,0.464593,0.222368,0.980482,full,2.0.2,en,white
109d51a0-491c-46f9-9534-4b8e059834a8,English (English),3,0,4,deepblue,deep blue,no,p3,0.391113,0.128586,0.220773,full,2.0.2,en,white
109d51a0-491c-46f9-9534-4b8e059834a8,English (English),3,0,5,deepblue,deep blue,somewhat,p3,0.420142,0.612902,0.907063,full,2.0.2,en,white
109d51a0-491c-46f9-9534-4b8e059834a8,English (English),3,0,6,deepblue,deep blue,somewhat,p3,0.0705739,0.534222,0.683652,full,2.0.2,en,white
109d51a0-491c-46f9-9534-4b8e059834a8,English (English),3,0,7,deepblue,deep blue,no,p3,0.947901,0.415381,0.510365,full,2.0.2,en,white
109d51a0-491c-46f9-9534-4b8e059834a8,English (English),3,1,0,purple,purple,no,p3,0.927507,0.333299,0.7408,full,2.0.2,en,white
109d51a0-491c-46f9-9534-4b8e059834a8,English (English),3,1,1,purple,purple,no,p3,0.296493,0.850659,0.983712,full,2.0.2,en,white
109d51a0-491c-46f9-9534-4b8e059834a8,English (English),3,1,2,purple,purple,yes,p3,0.560759,0.484035,0.778388,full,2.0.2,en,white
109d51a0-491c-46f9-9534-4b8e059834a8,English (English),3,1,3,purple,purple,yes,p3,0.464593,0.222368,0.980482,full,2.0.2,en,white
109d51a0-491c-46f9-9534-4b8e059834a8,English (English),3,1,4,purple,purple,no,p3,0.391113,0.128586,0.220773,full,2.0.2,en,white
109d51a0-491c-46f9-9534-4b8e059834a8,English (English),3,1,5,purple,purple,no,p3,0.420142,0.612902,0.907063,full,2.0.2,en,white
109d51a0-491c-46f9-9534-4b8e059834a8,English (English),3,1,6,purple,purple,no,p3,0.0705739,0.534222,0.683652,full,2.0.2,en,white
109d51a0-491c-46f9-9534-4b8e059834a8,English (English),3,1,7,purple,purple,no,p3,0.947901,0.415381,0.510365,full,2.0.2,en,white
109d51a0-491c-46f9-9534-4b8e059834a8,English (English),3,2,0,turquoise,turquoise,no,p3,0.927507,0.333299,0.7408,full,2.0.2,en,white
109d51a0-491c-46f9-9534-4b8e059834a8,English (English),3,2,1,turquoise,turquoise,somewhat,p3,0.296493,0.850659,0.983712,full,2.0.2,en,white
109d51a0-491c-46f9-9534-4b8e059834a8,English (English),3,2,2,turquoise,turquoise,no,p3,0.560759,0.484035,0.778388,full,2.0.2,en,white
109d51a0-491c-46f9-9534-4b8e059834a8,English (English),3,2,3,turquoise,turquoise,no,p3,0.464593,0.222368,0.980482,full,2.0.2,en,white
109d51a0-491c-46f9-9534-4b8e059834a8,English (English),3,2,4,turquoise,turquoise,no,p3,0.391113,0.128586,0.220773,full,2.0.2,en,white
109d51a0-491c-46f9-9534-4b8e059834a8,English (English),3,2,5,turquoise,turquoise,yes,p3,0.420142,0.612902,0.907063,full,2.0.2,en,white
109d51a0-491c-46f9-9534-4b8e059834a8,English (English),3,2,6,turquoise,turquoise,yes,p3,0.0705739,0.534222,0.683652,full,2.0.2,en,white
109d51a0-491c-46f9-9534-4b8e059834a8,English (English),3,2,7,turquoise,turquoise,no,p3,0.947901,0.415381,0.510365,full,2.0.2,en,white
109d51a0-491c-46f9-9534-4b8e059834a8,English (English),3,3,0,blue,blue,no,p3,0.927507,0.333299,0.7408,full,2.0.2,en,white
109d51a0-491c-46f9-9534-4b8e059834a8,English (English),3,3,1,blue,blue,yes,p3,0.296493,0.850659,0.983712,full,2.0.2,en,white
109d51a0-491c-46f9-9534-4b8e059834a8,English (English),3,3,2,blue,blue,no,p3,0.560759,0.484035,0.778388,full,2.0.2,en,white
109d51a0-491c-46f9-9534-4b8e059834a8,English (English),3,3,3,blue,blue,no,p3,0.464593,0.222368,0.980482,full,2.0.2,en,white
109d51a0-491c-46f9-9534-4b8e059834a8,English (English),3,3,4,blue,blue,no,p3,0.391113,0.128586,0.220773,full,2.0.2,en,white
109d51a0-491c-46f9-9534-4b8e059834a8,English (English),3,3,5,blue,blue,yes,p3,0.420142,0.612902,0.907063,full,2.0.2,en,white
109d51a0-491c-46f9-9534-4b8e059834a8,English (English),3,3,6,blue,blue,yes,p3,0.0705739,0.534222,0.683652,full,2.0.2,en,white
109d51a0-491c-46f9-9534-4b8e059834a8,English (English),3,3,7,blue,blue,no,p3,0.947901,0.415381,0.510365,full,2.0.2,en,white
109d51a0-491c-46f9-9534-4b8e059834a8,English (English),5,0,0,black,black,no,p3,0.385377,0.310232,0.103046,full,2.0.2,en,white
109d51a0-491c-46f9-9534-4b8e059834a8,English (English),5,0,1,black,black,no,p3,0.0962979,0.116858,0.512423,full,2.0.2,en,white
109d51a0-491c-46f9-9534-4b8e059834a8,English (English),5,0,2,black,black,no,p3,0.74487,0.277129,0.284579,full,2.0.2,en,white
109d51a0-491c-46f9-9534-4b8e059834a8,English (English),5,0,3,black,black,no,p3,0.895323,0.541292,0.204085,full,2.0.2,en,white
109d51a0-491c-46f9-9534-4b8e059834a8,English (English),5,0,4,black,black,no,p3,0.184137,0.591804,0.508902,full,2.0.2,en,white
109d51a0-491c-46f9-9534-4b8e059834a8,English (English),5,0,5,black,black,no,p3,0.854687,0.589033,0.83723,full,2.0.2,en,white
109d51a0-491c-46f9-9534-4b8e059834a8,English (English),5,0,6,black,black,no,p3,0.706172,0.470461,0.501338,full,2.0.2,en,white
109d51a0-491c-46f9-9534-4b8e059834a8,English (English),5,0,7,black,black,no,p3,0.831538,0.746912,0.943367,full,2.0.2,en,white
109d51a0-491c-46f9-9534-4b8e059834a8,English (English),5,1,0,darkviolet,dark violet,no,p3,0.385377,0.310232,0.103046,full,2.0.2,en,white
109d51a0-491c-46f9-9534-4b8e059834a8,English (English),5,1,1,darkviolet,dark violet,somewhat,p3,0.0962979,0.116858,0.512423,full,2.0.2,en,white
109d51a0-491c-46f9-9534-4b8e059834a8,English (English),5,1,2,darkviolet,dark violet,no,p3,0.74487,0.277129,0.284579,full,2.0.2,en,white
109d51a0-491c-46f9-9534-4b8e059834a8,English (English),5,1,3,darkviolet,dark violet,no,p3,0.895323,0.541292,0.204085,full,2.0.2,en,white
109d51a0-491c-46f9-9534-4b8e059834a8,English (English),5,1,4,darkviolet,dark violet,no,p3,0.184137,0.591804,0.508902,full,2.0.2,en,white
109d51a0-491c-46f9-9534-4b8e059834a8,English (English),5,1,5,darkviolet,dark violet,no,p3,0.854687,0.589033,0.83723,full,2.0.2,en,white
109d51a0-491c-46f9-9534-4b8e059834a8,English (English),5,1,6,darkviolet,dark violet,no,p3,0.706172,0.470461,0.501338,full,2.0.2,en,white
109d51a0-491c-46f9-9534-4b8e059834a8,English (English),5,1,7,darkviolet,dark violet,no,p3,0.831538,0.746912,0.943367,full,2.0.2,en,white
109d51a0-491c-46f9-9534-4b8e059834a8,English (English),5,2,0,forestgreen,forest green,no,p3,0.385377,0.310232,0.103046,full,2.0.2,en,white
109d51a0-491c-46f9-9534-4b8e059834a8,English (English),5,2,1,forestgreen,forest green,no,p3,0.0962979,0.116858,0.512423,full,2.0.2,en,white
109d51a0-491c-46f9-9534-4b8e059834a8,English (English),5,2,2,forestgreen,forest green,no,p3,0.74487,0.277129,0.284579,full,2.0.2,en,white
109d51a0-491c-46f9-9534-4b8e059834a8,English (English),5,2,3,forestgreen,forest green,no,p3,0.895323,0.541292,0.204085,full,2.0.2,en,white
109d51a0-491c-46f9-9534-4b8e059834a8,English (English),5,2,4,forestgreen,forest green,yes,p3,0.184137,0.591804,0.508902,full,2.0.2,en,white
109d51a0-491c-46f9-9534-4b8e059834a8,English (English),5,2,5,forestgreen,forest green,no,p3,0.854687,0.589033,0.83723,full,2.0.2,en,white
109d51a0-491c-46f9-9534-4b8e059834a8,English (English),5,2,6,forestgreen,forest green,no,p3,0.706172,0.470461,0.501338,full,2.0.2,en,white
109d51a0-491c-46f9-9534-4b8e059834a8,English (English),5,2,7,forestgreen,forest green,no,p3,0.831538,0.746912,0.943367,full,2.0.2,en,white
109d51a0-491c-46f9-9534-4b8e059834a8,English (English),5,3,0,darkgreen,dark green,no,p3,0.385377,0.310232,0.103046,full,2.0.2,en,white
109d51a0-491c-46f9-9534-4b8e059834a8,English (English),5,3,1,darkgreen,dark green,no,p3,0.0962979,0.116858,0.512423,full,2.0.2,en,white
109d51a0-491c-46f9-9534-4b8e059834a8,English (English),5,3,2,darkgreen,dark green,no,p3,0.74487,0.277129,0.284579,full,2.0.2,en,white
109d51a0-491c-46f9-9534-4b8e059834a8,English (English),5,3,3,darkgreen,dark green,no,p3,0.895323,0.541292,0.204085,full,2.0.2,en,white
109d51a0-491c-46f9-9534-4b8e059834a8,English (English),5,3,4,darkgreen,dark green,yes,p3,0.184137,0.591804,0.508902,full,2.0.2,en,white
109d51a0-491c-46f9-9534-4b8e059834a8,English (English),5,3,5,darkgreen,dark green,no,p3,0.854687,0.589033,0.83723,full,2.0.2,en,white
109d51a0-491c-46f9-9534-4b8e059834a8,English (English),5,3,6,darkgreen,dark green,no,p3,0.706172,0.470461,0.501338,full,2.0.2,en,white
109d51a0-491c-46f9-9534-4b8e059834a8,English (English),5,3,7,darkgreen,dark green,no,p3,0.831538,0.746912,0.943367,full,2.0.2,en,white
d41bf1a8-5300-4898-a1e0-2fb47fcf71da,English (English),1,0,0,pastelgreen,pastel green,no,p3,0.490675,0.202234,0.516324,full,2.0.2,en,white
d41bf1a8-5300-4898-a1e0-2fb47fcf71da,English (English),1,0,1,pastelgreen,pastel green,no,p3,0.267232,0.373382,0.409047,full,2.0.2,en,white
d41bf1a8-5300-4898-a1e0-2fb47fcf71da,English (English),1,0,2,pastelgreen,pastel green,no,p3,0.0991574,0.140648,0.368012,full,2.0.2,en,white
d41bf1a8-5300-4898-a1e0-2fb47fcf71da,English (English),1,0,3,pastelgreen,pastel green,no,p3,0.549024,0.431585,0.141026,full,2.0.2,en,white
d41bf1a8-5300-4898-a1e0-2fb47fcf71da,English (English),1,0,4,pastelgreen,pastel green,somewhat,p3,0.454457,0.564778,0.517122,full,2.0.2,en,white
d41bf1a8-5300-4898-a1e0-2fb47fcf71da,English (English),1,0,5,pastelgreen,pastel green,no,p3,0.578331,0.591191,0.905708,full,2.0.2,en,white
d41bf1a8-5300-4898-a1e0-2fb47fcf71da,English (English),1,0,6,pastelgreen,pastel green,no,p3,0.812408,0.613466,0.394237,full,2.0.2,en,white
d41bf1a8-5300-4898-a1e0-2fb47fcf71da,English (English),1,0,7,pastelgreen,pastel green,no,p3,0.65608,0.732629,0.808609,full,2.0.2,en,white
d41bf1a8-5300-4898-a1e0-2fb47fcf71da,English (English),1,1,0,red,red,no,p3,0.490675,0.202234,0.516324,full,2.0.2,en,white
d41bf1a8-5300-4898-a1e0-2fb47fcf71da,English (English),1,1,1,red,red,no,p3,0.267232,0.373382,0.409047,full,2.0.2,en,white
d41bf1a8-5300-4898-a1e0-2fb47fcf71da,English (English),1,1,2,red,red,no,p3,0.0991574,0.140648,0.368012,full,2.0.2,en,white
d41bf1a8-5300-4898-a1e0-2fb47fcf71da,English (English),1,1,3,red,red,no,p3,0.549024,0.431585,0.141026,full,2.0.2,en,white
d41bf1a8-5300-4898-a1e0-2fb47fcf71da,English (English),1,1,4,red,red,no,p3,0.454457,0.564778,0.517122,full,2.0.2,en,white
d41bf1a8-5300-4898-a1e0-2fb47fcf71da,English (English),1,1,5,red,red,no,p3,0.578331,0.591191,0.905708,full,2.0.2,en,white
d41bf1a8-5300-4898-a1e0-2fb47fcf71da,English (English),1,1,6,red,red,no,p3,0.812408,0.613466,0.394237,full,2.0.2,en,white
d41bf1a8-5300-4898-a1e0-2fb47fcf71da,English (English),1,1,7,red,red,no,p3,0.65608,0.732629,0.808609,full,2.0.2,en,white
d41bf1a8-5300-4898-a1e0-2fb47fcf71da,English (English),1,2,0,redbrown,red brown,no,p3,0.490675,0.202234,0.516324,full,2.0.2,en,white
d41bf1a8-5300-4898-a1e0-2fb47fcf71da,English (English),1,2,1,redbrown,red brown,no,p3,0.267232,0.373382,0.409047,full,2.0.2,en,white
d41bf1a8-5300-4898-a1e0-2fb47fcf71da,English (English),1,2,2,redbrown,red brown,no,p3,0.0991574,0.140648,0.368012,full,2.0.2,en,white
d41bf1a8-5300-4898-a1e0-2fb47fcf71da,English (English),1,2,3,redbrown,red brown,no,p3,0.549024,0.431585,0.141026,full,2.0.2,en,white
d41bf1a8-5300-4898-a1e0-2fb47fcf71da,English (English),1,2,4,redbrown,red brown,no,p3,0.454457,0.564778,0.517122,full,2.0.2,en,white
d41bf1a8-5300-4898-a1e0-2fb47fcf71da,English (English),1,2,5,redbrown,red brown,no,p3,0.578331,0.591191,0.905708,full,2.0.2,en,white
d41bf1a8-5300-4898-a1e0-2fb47fcf71da,English (English),1,2,6,redbrown,red brown,no,p3,0.812408,0.613466,0.394237,full,2.0.2,en,white
d41bf1a8-5300-4898-a1e0-2fb47fcf71da,English (English),1,2,7,redbrown,red brown,no,p3,0.65608,0.732629,0.808609,full,2.0.2,en,white
d41bf1a8-5300-4898-a1e0-2fb47fcf71da,English (English),1,3,0,brown,brown,no,p3,0.490675,0.202234,0.516324,full,2.0.2,en,white
d41bf1a8-5300-4898-a1e0-2fb47fcf71da,English (English),1,3,1,brown,brown,no,p3,0.267232,0.373382,0.409047,full,2.0.2,en,white
d41bf1a8-5300-4898-a1e0-2fb47fcf71da,English (English),1,3,2,brown,brown,no,p3,0.0991574,0.140648,0.368012,full,2.0.2,en,white
d41bf1a8-5300-4898-a1e0-2fb47fcf71da,English (English),1,3,3,brown,brown,somewhat,p3,0.549024,0.431585,0.141026,full,2.0.2,en,white
d41bf1a8-5300-4898-a1e0-2fb47fcf71da,English (English),1,3,4,brown,brown,no,p3,0.454457,0.564778,0.517122,full,2.0.2,en,white
d41bf1a8-5300-4898-a1e0-2fb47fcf71da,English (English),1,3,5,brown,brown,no,p3,0.578331,0.591191,0.905708,full,2.0.2,en,white
d41bf1a8-5300-4898-a1e0-2fb47fcf71da,English (English),1,3,6,brown,brown,no,p3,0.812408,0.613466,0.394237,full,2.0.2,en,white
d41bf1a8-5300-4898-a1e0-2fb47fcf71da,English (English),1,3,7,brown,brown,no,p3,0.65608,0.732629,0.808609,full,2.0.2,en,white
d41bf1a8-5300-4898-a1e0-2fb47fcf71da,English (English),3,0,0,darkgreen,dark green,yes,p3,0.320089,0.447912,0.155166,full,2.0.2,en,white
d41bf1a8-5300-4898-a1e0-2fb47fcf71da,English (English),3,0,1,darkgreen,dark green,no,p3,0.562809,0.182967,0.176002,full,2.0.2,en,white
d41bf1a8-5300-4898-a1e0-2fb47fcf71da,English (English),3,0,2,darkgreen,dark green,no,p3,0.628395,0.677547,0.157692,full,2.0.2,en,white
d41bf1a8-5300-4898-a1e0-2fb47fcf71da,English (English),3,0,3,darkgreen,dark green,no,p3,0.239255,0.168229,0.67988,full,2.0.2,en,white
d41bf1a8-5300-4898-a1e0-2fb47fcf71da,English (English),3,0,4,darkgreen,dark green,no,p3,0.173171,0.838621,0.95471,full,2.0.2,en,white
d41bf1a8-5300-4898-a1e0-2fb47fcf71da,English (English),3,0,5,darkgreen,dark green,no,p3,0.372528,0.904463,0.119161,full,2.0.2,en,white
d41bf1a8-5300-4898-a1e0-2fb47fcf71da,English (English),3,0,6,darkgreen,dark green,no,p3,0.342001,0.295478,0.545888,full,2.0.2,en,white
d41bf1a8-5300-4898-a1e0-2fb47fcf71da,English (English),3,0,7,darkgreen,dark green,no,p3,0.64519,0.235873,0.832093,full,2.0.2,en,white
d41bf1a8-5300-4898-a1e0-2fb47fcf71da,English (English),3,1,0,highlighteryellow,highlighter yellow,no,p3,0.320089,0.447912,0.155166,full,2.0.2,en,white
d41bf1a8-5300-4898-a1e0-2fb47fcf71da,English (English),3,1,1,highlighteryellow,highlighter yellow,no,p3,0.562809,0.182967,0.176002,full,2.0.2,en,white
d41bf1a8-5300-4898-a1e0-2fb47fcf71da,English (English),3,1,2,highlighteryellow,highlighter yellow,no,p3,0.628395,0.677547,0.157692,full,2.0.2,en,white
d41bf1a8-5300-4898-a1e0-2fb47fcf71da,English (English),3,1,3,highlighteryellow,highlighter yellow,no,p3,0.239255,0.168229,0.67988,full,2.0.2,en,white
d41bf1a8-5300-4898-a1e0-2fb47fcf71da,English (English),3,1,4,highlighteryellow,highlighter yellow,no,p3,0.173171,0.838621,0.95471,full,2.0.2,en,white
d41bf1a8-5300-4898-a1e0-2fb47fcf71da,English (English),3,1,5,highlighteryellow,highlighter yellow,no,p3,0.372528,0.904463,0.119161,full,2.0.2,en,white
d41bf1a8-5300-4898-a1e0-2fb47fcf71da,English (English),3,1,6,highlighteryellow,highlighter yellow,no,p3,0.342001,0.295478,0.545888,full,2.0.2,en,white
d41bf1a8-5300-4898-a1e0-2fb47fcf71da,English (English),3,1,7,highlighteryellow,highlighter yellow,no,p3,0.64519,0.235873,0.832093,full,2.0.2,en,white
d41bf1a8-5300-4898-a1e0-2fb47fcf71da,English (English),3,2,0,cornflowerblue,cornflower blue,no,p3,0.320089,0.447912,0.155166,full,2.0.2,en,white
d41bf1a8-5300-4898-a1e0-2fb47fcf71da,English (English),3,2,1,cornflowerblue,cornflower blue,no,p3,0.562809,0.182967,0.176002,full,2.0.2,en,white
d41bf1a8-5300-4898-a1e0-2fb47fcf71da,English (English),3,2,2,cornflowerblue,cornflower blue,no,p3,0.628395,0.677547,0.157692,full,2.0.2,en,white
d41bf1a8-5300-4898-a1e0-2fb47fcf71da,English (English),3,2,3,cornflowerblue,cornflower blue,somewhat,p3,0.239255,0.168229,0.67988,full,2.0.2,en,white
d41bf1a8-5300-4898-a1e0-2fb47fcf71da,English (English),3,2,4,cornflowerblue,cornflower blue,no,p3,0.173171,0.838621,0.95471,full,2.0.2,en,white
d41bf1a8-5300-4898-a1e0-2fb47fcf71da,English (English),3,2,5,cornflowerblue,cornflower blue,no,p3,0.372528,0.904463,0.119161,full,2.0.2,en,white
d41bf1a8-5300-4898-a1e0-2fb47fcf71da,English (English),3,2,6,cornflowerblue,cornflower blue,somewhat,p3,0.342001,0.295478,0.545888,full,2.0.2,en,white
d41bf1a8-5300-4898-a1e0-2fb47fcf71da,English (English),3,2,7,cornflowerblue,cornflower blue,no,p3,0.64519,0.235873,0.832093,full,2.0.2,en,white
d41bf1a8-5300-4898-a1e0-2fb47fcf71da,English (English),3,3,0,turquoise,turquoise,no,p3,0.320089,0.447912,0.155166,full,2.0.2,en,white
d41bf1a8-5300-4898-a1e0-2fb47fcf71da,English (English),3,3,1,turquoise,turquoise,no,p3,0.562809,0.182967,0.176002,full,2.0.2,en,white
d41bf1a8-5300-4898-a1e0-2fb47fcf71da,English (English),3,3,2,turquoise,turquoise,no,p3,0.628395,0.677547,0.157692,full,2.0.2,en,white
d41bf1a8-5300-4898-a1e0-2fb47fcf71da,English (English),3,3,3,turquoise,turquoise,no,p3,0.239255,0.168229,0.67988,full,2.0.2,en,white
d41bf1a8-5300-4898-a1e0-2fb47fcf71da,English (English),3,3,4,turquoise,turquoise,somewhat,p3,0.173171,0.838621,0.95471,full,2.0.2,en,white
d41bf1a8-5300-4898-a1e0-2fb47fcf71da,English (English),3,3,5,turquoise,turquoise,no,p3,0.372528,0.904463,0.119161,full,2.0.2,en,white
d41bf1a8-5300-4898-a1e0-2fb47fcf71da,English (English),3,3,6,turquoise,turquoise,no,p3,0.342001,0.295478,0.545888,full,2.0.2,en,white
d41bf1a8-5300-4898-a1e0-2fb47fcf71da,English (English),3,3,7,turquoise,turquoise,no,p3,0.64519,0.235873,0.832093,full,2.0.2,en,white
d41bf1a8-5300-4898-a1e0-2fb47fcf71da,English (English),5,0,0,mauve,mauve,no,p3,0.318675,0.450573,0.892172,full,2.0.2,en,white
d41bf1a8-5300-4898-a1e0-2fb47fcf71da,English (English),5,0,1,mauve,mauve,no,p3,0.949632,0.58818,0.99798,full,2.0.2,en,white
d41bf1a8-5300-4898-a1e0-2fb47fcf71da,English (English),5,0,2,mauve,mauve,yes,p3,0.66797,0.430949,0.740076,full,2.0.2,en,white
d41bf1a8-5300-4898-a1e0-2fb47fcf71da,English (English),5,0,3,mauve,mauve,no,p3,0.928193,0.949811,0.531281,full,2.0.2,en,white
d41bf1a8-5300-4898-a1e0-2fb47fcf71da,English (English),5,0,4,mauve,mauve,no,p3,0.0399942,0.00283817,0.0204522,full,2.0.2,en,white
d41bf1a8-5300-4898-a1e0-2fb47fcf71da,English (English),5,0,5,mauve,mauve,no,p3,0.303338,0.171261,0.934073,full,2.0.2,en,white
d41bf1a8-5300-4898-a1e0-2fb47fcf71da,English (English),5,0,6,mauve,mauve,no,p3,0.61306,0.861005,0.351949,full,2.0.2,en,white
d41bf1a8-5300-4898-a1e0-2fb47fcf71da,English (English),5,0,7,mauve,mauve,no,p3,0.992758,0.34212,0.220549,full,2.0.2,en,white
d41bf1a8-5300-4898-a1e0-2fb47fcf71da,English (English),5,1,0,green,green,no,p3,0.318675,0.450573,0.892172,full,2.0.2,en,white
d41bf1a8-5300-4898-a1e0-2fb47fcf71da,English (English),5,1,1,green,green,no,p3,0.949632,0.58818,0.99798,full,2.0.2,en,white
d41bf1a8-5300-4898-a1e0-2fb47fcf71da,English (English),5,1,2,green,green,no,p3,0.66797,0.430949,0.740076,full,2.0.2,en,white
d41bf1a8-5300-4898-a1e0-2fb47fcf71da,English (English),5,1,3,green,green,no,p3,0.928193,0.949811,0.531281,full,2.0.2,en,white
d41bf1a8-5300-4898-a1e0-2fb47fcf71da,English (English),5,1,4,green,green,no,p3,0.0399942,0.00283817,0.0204522,full,2.0.2,en,white
d41bf1a8-5300-4898-a1e0-2fb47fcf71da,English (English),5,1,5,green,green,no,p3,0.303338,0.171261,0.934073,full,2.0.2,en,white
d41bf1a8-5300-4898-a1e0-2fb47fcf71da,English (English),5,1,6,green,green,yes,p3,0.61306,0.861005,0.351949,full,2.0.2,en,white
d41bf1a8-5300-4898-a1e0-2fb47fcf71da,English (English),5,1,7,green,green,no,p3,0.992758,0.34212,0.220549,full,2.0.2,en,white
d41bf1a8-5300-4898-a1e0-2fb47fcf71da,English (English),5,2,0,neon,neon,no,p3,0.318675,0.450573,0.892172,full,2.0.2,en,white
d41bf1a8-5300-4898-a1e0-2fb47fcf71da,English (English),5,2,1,neon,neon,somewhat,p3,0.949632,0.58818,0.99798,full,2.0.2,en,white
d41bf1a8-5300-4898-a1e0-2fb47fcf71da,English (English),5,2,2,neon,neon,no,p3,0.66797,0.430949,0.740076,full,2.0.2,en,white
d41bf1a8-5300-4898-a1e0-2fb47fcf71da,English (English),5,2,3,neon,neon,somewhat,p3,0.928193,0.949811,0.531281,full,2.0.2,en,white
d41bf1a8-5300-4898-a1e0-2fb47fcf71da,English (English),5,2,4,neon,neon,no,p3,0.0399942,0.00283817,0.0204522,full,2.0.2,en,white
d41bf1a8-5300-4898-a1e0-2fb47fcf71da,English (English),5,2,5,neon,neon,somewhat,p3,0.303338,0.171261,0.934073,full,2.0.2,en,white
d41bf1a8-5300-4898-a1e0-2fb47fcf71da,English (English),5,2,6,neon,neon,somewhat,p3,0.61306,0.861005,0.351949,full,2.0.2,en,white
d41bf1a8-5300-4898-a1e0-2fb47fcf71da,English (English),5,2,7,neon,neon,yes,p3,0.992758,0.34212,0.220549,full,2.0.2,en,white
d41bf1a8-5300-4898-a1e0-2fb47fcf71da,English (English),5,3,0,magenta,magenta,no,p3,0.318675,0.450573,0.892172,full,2.0.2,en,white
d41bf1a8-5300-4898-a1e0-2fb47fcf71da,English (English),5,3,1,magenta,magenta,no,p3,0.949632,0.58818,0.99798,full,2.0.2,en,white
d41bf1a8-5300-4898-a1e0-2fb47fcf71da,English (English),5,3,2,magenta,magenta,no,p3,0.66797,0.430949,0.740076,full,2.0.2,en,white
d41bf1a8-5300-4898-a1e0-2fb47fcf71da,English (English),5,3,3,magenta,magenta,no,p3,0.928193,0.949811,0.531281,full,2.0.2,en,white
d41bf1a8-5300-4898-a1e0-2fb47fcf71da,English (English),5,3,4,magenta,magenta,no,p3,0.0399942,0.00283817,0.0204522,full,2.0.2,en,white
d41bf1a8-5300-4898-a1e0-2fb47fcf71da,English (English),5,3,5,magenta,magenta,no,p3,0.303338,0.171261,0.934073,full,2.0.2,en,white
d41bf1a8-5300-4898-a1e0-2fb47fcf71da,English (English),5,3,6,magenta,magenta,no,p3,0.61306,0.861005,0.351949,full,2.0.2,en,white
d41bf1a8-5300-4898-a1e0-2fb47fcf71da,English (English),5,3,7,magenta,magenta,no,p3,0.992758,0.34212,0.220549,full,2.0.2,en,white
d9e0c464-a0be-4fc1-a11e-37135fcb0c5a,English (English),1,0,0,blue,blue,no,rgb,156,198,67,full,2.0.2,en,white
d9e0c464-a0be-4fc1-a11e-37135fcb0c5a,English (English),1,0,1,blue,blue,no,rgb,74,48,58,full,2.0.2,en,white
d9e0c464-a0be-4fc1-a11e-37135fcb0c5a,English (English),1,0,2,blue,blue,no,rgb,161,181,99,full,2.0.2,en,white
d9e0c464-a0be-4fc1-a11e-37135fcb0c5a,English (English),1,0,3,blue,blue,no,rgb,133,92,134,full,2.0.2,en,white
d9e0c464-a0be-4fc1-a11e-37135fcb0c5a,English (English),1,0,4,blue,blue,no,rgb,127,112,135,full,2.0.2,en,white
d9e0c464-a0be-4fc1-a11e-37135fcb0c5a,English (English),1,0,5,blue,blue,no,rgb,108,134,82,full,2.0.2,en,white
d9e0c464-a0be-4fc1-a11e-37135fcb0c5a,English (English),1,0,6,blue,blue,no,rgb,253,85,253,full,2.0.2,en,white
d9e0c464-a0be-4fc1-a11e-37135fcb0c5a,English (English),1,0,7,blue,blue,somewhat,rgb,45,46,80,full,2.0.2,en,white
d9e0c464-a0be-4fc1-a11e-37135fcb0c5a,English (English),1,1,0,navyblue,navy blue,no,rgb,156,198,67,full,2.0.2,en,white
d9e0c464-a0be-4fc1-a11e-37135fcb0c5a,English (English),1,1,1,navyblue,navy blue,no,rgb,74,48,58,full,2.0.2,en,white
d9e0c464-a0be-4fc1-a11e-37135fcb0c5a,English (English),1,1,2,navyblue,navy blue,no,rgb,161,181,99,full,2.0.2,en,white
d9e0c464-a0be-4fc1-a11e-37135fcb0c5a,English (English),1,1,3,navyblue,navy blue,no,rgb,133,92,134,full,2.0.2,en,white
d9e0c464-a0be-4fc1-a11e-37135fcb0c5a,English (English),1,1,4,navyblue,navy blue,no,rgb,127,112,135,full,2.0.2,en,white
d9e0c464-a0be-4fc1-a11e-37135fcb0c5a,English (English),1,1,5,navyblue,navy blue,no,rgb,108,134,82,full,2.0.2,en,white
d9e0c464-a0be-4fc1-a11e-37135fcb0c5a,English (English),1,1,6,navyblue,navy blue,no,rgb,253,85,253,full,2.0.2,en,white
d9e0c464-a0be-4fc1-a11e-37135fcb0c5a,English (English),1,1,7,navyblue,navy blue,somewhat,rgb,45,46,80,full,2.0.2,en,white
d9e0c464-a0be-4fc1-a11e-37135fcb0c5a,English (English),1,2,0,blueblack,blue black,no,rgb,156,198,67,full,2.0.2,en,white
d9e0c464-a0be-4fc1-a11e-37135fcb0c5a,English (English),1,2,1,blueblack,blue black,no,rgb,74,48,58,full,2.0.2,en,white
d9e0c464-a0be-4fc1-a11e-37135fcb0c5a,English (English),1,2,2,blueblack,blue black,no,rgb,161,181,99,full,2.0.2,en,white
d9e0c464-a0be-4fc1-a11e-37135fcb0c5a,English (English),1,2,3,blueblack,blue black,no,rgb,133,92,134,full,2.0.2,en,white
d9e0c464-a0be-4fc1-a11e-37135fcb0c5a,English (English),1,2,4,blueblack,blue black,no,rgb,127,112,135,full,2.0.2,en,white
d9e0c464-a0be-4fc1-a11e-37135fcb0c5a,English (English),1,2,5,blueblack,blue black,no,rgb,108,134,82,full,2.0.2,en,white
d9e0c464-a0be-4fc1-a11e-37135fcb0c5a,English (English),1,2,6,blueblack,blue black,no,rgb,253,85,253,full,2.0.2,en,white
d9e0c464-a0be-4fc1-a11e-37135fcb0c5a,English (English),1,2,7,blueblack,blue black,yes,rgb,45,46,80,full,2.0.2,en,white
d9e0c464-a0be-4fc1-a11e-37135fcb0c5a,English (English),1,3,0,grassgreen,grass green,somewhat,rgb,156,198,67,full,2.0.2,en,white
d9e0c464-a0be-4fc1-a11e-37135fcb0c5a,English (English),1,3,1,grassgreen,grass green,no,rgb,74,48,58,full,2.0.2,en,white
d9e0c464-a0be-4fc1-a11e-37135fcb0c5a,English (English),1,3,2,grassgreen,grass green,somewhat,rgb,161,181,99,full,2.0.2,en,white
d9e0c464-a0be-4fc1-a11e-37135fcb0c5a,English (English),1,3,3,grassgreen,grass green,no,rgb,133,92,134,full,2.0.2,en,white
d9e0c464-a0be-4fc1-a11e-37135fcb0c5a,English (English),1,3,4,grassgreen,grass green,no,rgb,127,112,135,full,2.0.2,en,white
d9e0c464-a0be-4fc1-a11e-37135fcb0c5a,English (English),1,3,5,grassgreen,grass green,no,rgb,108,134,82,full,2.0.2,en,white
d9e0c464-a0be-4fc1-a11e-37135fcb0c5a,English (English),1,3,6,grassgreen,grass green,no,rgb,253,85,253,full,2.0.2,en,white
d9e0c464-a0be-4fc1-a11e-37135fcb0c5a,English (English),1,3,7,grassgreen,grass green,no,rgb,45,46,80,full,2.0.2,en,white
d9e0c464-a0be-4fc1-a11e-37135fcb0c5a,English (English),3,0,0,green,green,no,rgb,118,60,134,full,2.0.2,en,white
d9e0c464-a0be-4fc1-a11e-37135fcb0c5a,English (English),3,0,1,green,green,no,rgb,219,187,72,full,2.0.2,en,white
d9e0c464-a0be-4fc1-a11e-37135fcb0c5a,English (English),3,0,2,green,green,yes,rgb,135,158,112,full,2.0.2,en,white
d9e0c464-a0be-4fc1-a11e-37135fcb0c5a,English (English),3,0,3,green,green,no,rgb,77,48,74,full,2.0.2,en,white
d9e0c464-a0be-4fc1-a11e-37135fcb0c5a,English (English),3,0,4,green,green,no,rgb,16,0,7,full,2.0.2,en,white
d9e0c464-a0be-4fc1-a11e-37135fcb0c5a,English (English),3,0,5,green,green,no,rgb,86,123,168,full,2.0.2,en,white
d9e0c464-a0be-4fc1-a11e-37135fcb0c5a,English (English),3,0,6,green,green,yes,rgb,159,193,118,full,2.0.2,en,white
d9e0c464-a0be-4fc1-a11e-37135fcb0c5a,English (English),3,0,7,green,green,no,rgb,137,71,94,full,2.0.2,en,white
d9e0c464-a0be-4fc1-a11e-37135fcb0c5a,English (English),3,1,0,peach,peach,no,rgb,118,60,134,full,2.0.2,en,white
d9e0c464-a0be-4fc1-a11e-37135fcb0c5a,English (English),3,1,1,peach,peach,somewhat,rgb,219,187,72,full,2.0.2,en,white
d9e0c464-a0be-4fc1-a11e-37135fcb0c5a,English (English),3,1,2,peach,peach,no,rgb,135,158,112,full,2.0.2,en,white
d9e0c464-a0be-4fc1-a11e-37135fcb0c5a,English (English),3,1,3,peach,peach,no,rgb,77,48,74,full,2.0.2,en,white
d9e0c464-a0be-4fc1-a11e-37135fcb0c5a,English (English),3,1,4,peach,peach,no,rgb,16,0,7,full,2.0.2,en,white
d9e0c464-a0be-4fc1-a11e-37135fcb0c5a,English (English),3,1,5,peach,peach,no,rgb,86,123,168,full,2.0.2,en,white
d9e0c464-a0be-4fc1-a11e-37135fcb0c5a,English (English),3,1,6,peach,peach,no,rgb,159,193,118,full,2.0.2,en,white
d9e0c464-a0be-4fc1-a11e-37135fcb0c5a,English (English),3,1,7,peach,peach,no,rgb,137,71,94,full,2.0.2,en,white
d9e0c464-a0be-4fc1-a11e-37135fcb0c5a,English (English),3,2,0,purple,purple,yes,rgb,118,60,134,full,2.0.2,en,white
d9e0c464-a0be-4fc1-a11e-37135fcb0c5a,English (English),3,2,1,purple,purple,no,rgb,219,187,72,full,2.0.2,en,white
d9e0c464-a0be-4fc1-a11e-37135fcb0c5a,English (English),3,2,2,purple,purple,no,rgb,135,158,112,full,2.0.2,en,white
d9e0c464-a0be-4fc1-a11e-37135fcb0c5a,English (English),3,2,3,purple,purple,yes,rgb,77,48,74,full,2.0.2,en,white
d9e0c464-a0be-4fc1-a11e-37135fcb0c5a,English (English),3,2,4,purple,purple,no,rgb,16,0,7,full,2.0.2,en,white
d9e0c464-a0be-4fc1-a11e-37135fcb0c5a,English (English),3,2,5,purple,purple,no,rgb,86,123,168,full,2.0.2,en,white
d9e0c464-a0be-4fc1-a11e-37135fcb0c5a,English (English),3,2,6,purple,purple,no,rgb,159,193,118,full,2.0.2,en,white
d9e0c464-a0be-4fc1-a11e-37135fcb0c5a,English (English),3,2,7,purple,purple,yes,rgb,137,71,94,full,2.0.2,en,white
d9e0c464-a0be-4fc1-a11e-37135fcb0c5a,English (English),3,3,0,magenta,magenta,somewhat,rgb,118,60,134,full,2.0.2,en,white
d9e0c464-a0be-4fc1-a11e-37135fcb0c5a,English (English),3,3,1,magenta,magenta,no,rgb,219,187,72,full,2.0.2,en,white
d9e0c464-a0be-4fc1-a11e-37135fcb0c5a,English (English),3,3,2,magenta,magenta,no,rgb,135,158,112,full,2.0.2,en,white
d9e0c464-a0be-4fc1-a11e-37135fcb0c5a,English (English),3,3,3,magenta,magenta,no,rgb,77,48,74,full,2.0.2,en,white
d9e0c464-a0be-4fc1-a11e-37135fcb0c5a,English (English),3,3,4,magenta,magenta,no,rgb,16,0,7,full,2.0.2,en,white
d9e0c464-a0be-4fc1-a11e-37135fcb0c5a,English (English),3,3,5,magenta,magenta,no,rgb,86,123,168,full,2.0.2,en,white
d9e0c464-a0be-4fc1-a11e-37135fcb0c5a,English (English),3,3,6,magenta,magenta,no,rgb,159,193,118,full,2.0.2,en,white
d9e0c464-a0be-4fc1-a11e-37135fcb0c5a,English (English),3,3,7,magenta,magenta,yes,rgb,137,71,94,full,2.0.2,en,white
d9e0c464-a0be-4fc1-a11e-37135fcb0c5a,English (English),5,0,0,gray,grey,no,rgb,41,74,83,full,2.0.2,en,white
d9e0c464-a0be-4fc1-a11e-37135fcb0c5a,English (English),5,0,1,gray,grey,no,rgb,44,24,33,full,2.0.2,en,white
d9e0c464-a0be-4fc1-a11e-37135fcb0c5a,English (English),5,0,2,gray,grey,no,rgb,156,248,79,full,2.0.2,en,white
d9e0c464-a0be-4fc1-a11e-37135fcb0c5a,English (English),5,0,3,gray,grey,no,rgb,166,141,240,full,2.0.2,en,white
d9e0c464-a0be-4fc1-a11e-37135fcb0c5a,English (English),5,0,4,gray,grey,no,rgb,213,166,96,full,2.0.2,en,white
d9e0c464-a0be-4fc1-a11e-37135fcb0c5a,English (English),5,0,5,gray,grey,no,rgb,245,255,67,full,2.0.2,en,white
d9e0c464-a0be-4fc1-a11e-37135fcb0c5a,English (English),5,0,6,gray,grey,no,rgb,12,8,6,full,2.0.2,en,white
d9e0c464-a0be-4fc1-a11e-37135fcb0c5a,English (English),5,0,7,gray,grey,no,rgb,24,1,101,full,2.0.2,en,white
d9e0c464-a0be-4fc1-a11e-37135fcb0c5a,English (English),5,1,0,greenapple,green apple,no,rgb,41,74,83,full,2.0.2,en,white
d9e0c464-a0be-4fc1-a11e-37135fcb0c5a,English (English),5,1,1,greenapple,green apple,no,rgb,44,24,33,full,2.0.2,en,white
d9e0c464-a0be-4fc1-a11e-37135fcb0c5a,English (English),5,1,2,greenapple,green apple,yes,rgb,156,248,79,full,2.0.2,en,white
d9e0c464-a0be-4fc1-a11e-37135fcb0c5a,English (English),5,1,3,greenapple,green apple,no,rgb,166,141,240,full,2.0.2,en,white
d9e0c464-a0be-4fc1-a11e-37135fcb0c5a,English (English),5,1,4,greenapple,green apple,no,rgb,213,166,96,full,2.0.2,en,white
d9e0c464-a0be-4fc1-a11e-37135fcb0c5a,English (English),5,1,5,greenapple,green apple,no,rgb,245,255,67,full,2.0.2,en,white
d9e0c464-a0be-4fc1-a11e-37135fcb0c5a,English (English),5,1,6,greenapple,green apple,no,rgb,12,8,6,full,2.0.2,en,white
d9e0c464-a0be-4fc1-a11e-37135fcb0c5a,English (English),5,1,7,greenapple,green apple,no,rgb,24,1,101,full,2.0.2,en,white
d9e0c464-a0be-4fc1-a11e-37135fcb0c5a,English (English),5,2,0,browngray,brown grey,no,rgb,41,74,83,full,2.0.2,en,white
d9e0c464-a0be-4fc1-a11e-37135fcb0c5a,English (English),5,2,1,browngray,brown grey,somewhat,rgb,44,24,33,full,2.0.2,en,white
d9e0c464-a0be-4fc1-a11e-37135fcb0c5a,English (English),5,2,2,browngray,brown grey,no,rgb,156,248,79,full,2.0.2,en,white
d9e0c464-a0be-4fc1-a11e-37135fcb0c5a,English (English),5,2,3,browngray,brown grey,no,rgb,166,141,240,full,2.0.2,en,white
d9e0c464-a0be-4fc1-a11e-37135fcb0c5a,English (English),5,2,4,browngray,brown grey,no,rgb,213,166,96,full,2.0.2,en,white
d9e0c464-a0be-4fc1-a11e-37135fcb0c5a,English (English),5,2,5,browngray,brown grey,no,rgb,245,255,67,full,2.0.2,en,white
d9e0c464-a0be-4fc1-a11e-37135fcb0c5a,English (English),5,2,6,browngray,brown grey,no,rgb,12,8,6,full,2.0.2,en,white
d9e0c464-a0be-4fc1-a11e-37135fcb0c5a,English (English),5,2,7,browngray,brown grey,no,rgb,24,1,101,full,2.0.2,en,white
d9e0c464-a0be-4fc1-a11e-37135fcb0c5a,English (English),5,3,0,brown,brown,no,rgb,41,74,83,full,2.0.2,en,white
d9e0c464-a0be-4fc1-a11e-37135fcb0c5a,English (English),5,3,1,brown,brown,somewhat,rgb,44,24,33,full,2.0.2,en,white
d9e0c464-a0be-4fc1-a11e-37135fcb0c5a,English (English),5,3,2,brown,brown,no,rgb,156,248,79,full,2.0.2,en,white
d9e0c464-a0be-4fc1-a11e-37135fcb0c5a,English (English),5,3,3,brown,brown,no,rgb,166,141,240,full,2.0.2,en,white
d9e0c464-a0be-4fc1-a11e-37135fcb0c5a,English (English),5,3,4,brown,brown,somewhat,rgb,213,166,96,full,2.0.2,en,white
d9e0c464-a0be-4fc1-a11e-37135fcb0c5a,English (English),5,3,5,brown,brown,no,rgb,245,255,67,full,2.0.2,en,white
d9e0c464-a0be-4fc1-a11e-37135fcb0c5a,English (English),5,3,6,brown,brown,no,rgb,12,8,6,full,2.0.2,en,white
d9e0c464-a0be-4fc1-a11e-37135fcb0c5a,English (English),5,3,7,brown,brown,no,rgb,24,1,101,full,2.0.2,en,white
32bac444-4185-46fd-aa60-5eee469e3e75,English (English),1,0,0,mintgreen,mint green,no,p3,0.442167,0.33126,0.967141,full,2.0.2,en,white
32bac444-4185-46fd-aa60-5eee469e3e75,English (English),1,0,1,mintgreen,mint green,no,p3,0.593857,0.753471,0.761496,full,2.0.2,en,white
32bac444-4185-46fd-aa60-5eee469e3e75,English (English),1,0,2,mintgreen,mint green,no,p3,0.143742,0.718175,0.168877,full,2.0.2,en,white
32bac444-4185-46fd-aa60-5eee469e3e75,English (English),1,0,3,mintgreen,mint green,no,p3,0.375171,0.371409,0.673302,full,2.0.2,en,white
32bac444-4185-46fd-aa60-5eee469e3e75,English (English),1,0,4,mintgreen,mint green,no,p3,0.267431,0.538733,0.696081,full,2.0.2,en,white
32bac444-4185-46fd-aa60-5eee469e3e75,English (English),1,0,5,mintgreen,mint green,no,p3,0.994627,0.134663,0.817797,full,2.0.2,en,white
32bac444-4185-46fd-aa60-5eee469e3e75,English (English),1,0,6,mintgreen,mint green,no,p3,0.950828,0.64972,0.756541,full,2.0.2,en,white
32bac444-4185-46fd-aa60-5eee469e3e75,English (English),1,0,7,mintgreen,mint green,no,p3,0.790564,0.418184,0.848439,full,2.0.2,en,white
32bac444-4185-46fd-aa60-5eee469e3e75,English (English),1,1,0,mauve,mauve,no,p3,0.442167,0.33126,0.967141,full,2.0.2,en,white
32bac444-4185-46fd-aa60-5eee469e3e75,English (English),1,1,1,mauve,mauve,no,p3,0.593857,0.753471,0.761496,full,2.0.2,en,white
32bac444-4185-46fd-aa60-5eee469e3e75,English (English),1,1,2,mauve,mauve,no,p3,0.143742,0.718175,0.168877,full,2.0.2,en,white
32bac444-4185-46fd-aa60-5eee469e3e75,English (English),1,1,3,mauve,mauve,no,p3,0.375171,0.371409,0.673302,full,2.0.2,en,white
32bac444-4185-46fd-aa60-5eee469e3e75,English (English),1,1,4,mauve,mauve,no,p3,0.267431,0.538733,0.696081,full,2.0.2,en,white
32bac444-4185-46fd-aa60-5eee469e3e75,English (English),1,1,5,mauve,mauve,no,p3,0.994627,0.134663,0.817797,full,2.0.2,en,white
32bac444-4185-46fd-aa60-5eee469e3e75,English (English),1,1,6,mauve,mauve,no,p3,0.950828,0.64972,0.756541,full,2.0.2,en,white
32bac444-4185-46fd-aa60-5eee469e3e75,English (English),1,1,7,mauve,mauve,no,p3,0.790564,0.418184,0.848439,full,2.0.2,en,white
32bac444-4185-46fd-aa60-5eee469e3e75,English (English),1,2,0,purple,purple,yes,p3,0.442167,0.33126,0.967141,full,2.0.2,en,white
32bac444-4185-46fd-aa60-5eee469e3e75,English (English),1,2,1,purple,purple,no,p3,0.593857,0.753471,0.761496,full,2.0.2,en,white
32bac444-4185-46fd-aa60-5eee469e3e75,English (English),1,2,2,purple,purple,no,p3,0.143742,0.718175,0.168877,full,2.0.2,en,white
32bac444-4185-46fd-aa60-5eee469e3e75,English (English),1,2,3,purple,purple,yes,p3,0.375171,0.371409,0.673302,full,2.0.2,en,white
32bac444-4185-46fd-aa60-5eee469e3e75,English (English),1,2,4,purple,purple,no,p3,0.267431,0.538733,0.696081,full,2.0.2,en,white
32bac444-4185-46fd-aa60-5eee469e3e75,English (English),1,2,5,purple,purple,no,p3,0.994627,0.134663,0.817797,full,2.0.2,en,white
32bac444-4185-46fd-aa60-5eee469e3e75,English (English),1,2,6,purple,purple,no,p3,0.950828,0.64972,0.756541,full,2.0.2,en,white
32bac444-4185-46fd-aa60-5eee469e3e75,English (English),1,2,7,purple,purple,no,p3,0.790564,0.418184,0.848439,full,2.0.2,en,white
32bac444-4185-46fd-aa60-5eee469e3e75,English (English),1,3,0,brightmint,bright mint,no,p3,0.442167,0.33126,0.967141,full,2.0.2,en,white
32bac444-4185-46fd-aa60-5eee469e3e75,English (English),1,3,1,brightmint,bright mint,no,p3,0.593857,0.753471,0.761496,full,2.0.2,en,white
32bac444-4185-46fd-aa60-5eee469e3e75,English (English),1,3,2,brightmint,bright mint,no,p3,0.143742,0.718175,0.168877,full,2.0.2,en,white
32bac444-4185-46fd-aa60-5eee469e3e75,English (English),1,3,3,brightmint,bright mint,no,p3,0.375171,0.371409,0.673302,full,2.0.2,en,white
32bac444-4185-46fd-aa60-5eee469e3e75,English (English),1,3,4,brightmint,bright mint,no,p3,0.267431,0.538733,0.696081,full,2.0.2,en,white
32bac444-4185-46fd-aa60-5eee469e3e75,English (English),1,3,5,brightmint,bright mint,no,p3,0.994627,0.134663,0.817797,full,2.0.2,en,white
32bac444-4185-46fd-aa60-5eee469e3e75,English (English),1,3,6,brightmint,bright mint,no,p3,0.950828,0.64972,0.756541,full,2.0.2,en,white
32bac444-4185-46fd-aa60-5eee469e3e75,English (English),1,3,7,brightmint,bright mint,no,p3,0.790564,0.418184,0.848439,full,2.0.2,en,white
32bac444-4185-46fd-aa60-5eee469e3e75,English (English),3,0,0,purpleblue,purple blue,no,p3,0.40611,0.916521,0.684738,full,2.0.2,en,white
32bac444-4185-46fd-aa60-5eee469e3e75,English (English),3,0,1,purpleblue,purple blue,no,p3,0.578438,0.5425,0.52304,full,2.0.2,en,white
32bac444-4185-46fd-aa60-5eee469e3e75,English (English),3,0,2,purpleblue,purple blue,somewhat,p3,0.239558,0.675968,0.991482,full,2.0.2,en,white
32bac444-4185-46fd-aa60-5eee469e3e75,English (English),3,0,3,purpleblue,purple blue,somewhat,p3,0.581318,0.429423,0.768872,full,2.0.2,en,white
32bac444-4185-46fd-aa60-5eee469e3e75,English (English),3,0,4,purpleblue,purple blue,somewhat,p3,0.086157,0.292904,0.302229,full,2.0.2,en,white
32bac444-4185-46fd-aa60-5eee469e3e75,English (English),3,0,5,purpleblue,purple blue,no,p3,0,0.000027,0,full,2.0.2,en,white
32bac444-4185-46fd-aa60-5eee469e3e75,English (English),3,0,6,purpleblue,purple blue,somewhat,p3,0.336852,0.704021,0.602417,full,2.0.2,en,white
32bac444-4185-46fd-aa60-5eee469e3e75,English (English),3,0,7,purpleblue,purple blue,somewhat,p3,0.625208,0.666619,0.94598,full,2.0.2,en,white
32bac444-4185-46fd-aa60-5eee469e3e75,English (English),3,1,0,skyblue,sky blue,no,p3,0.40611,0.916521,0.684738,full,2.0.2,en,white
32bac444-4185-46fd-aa60-5eee469e3e75,English (English),3,1,1,skyblue,sky blue,no,p3,0.578438,0.5425,0.52304,full,2.0.2,en,white
32bac444-4185-46fd-aa60-5eee469e3e75,English (English),3,1,2,skyblue,sky blue,somewhat,p3,0.239558,0.675968,0.991482,full,2.0.2,en,white
32bac444-4185-46fd-aa60-5eee469e3e75,English (English),3,1,3,skyblue,sky blue,no,p3,0.581318,0.429423,0.768872,full,2.0.2,en,white
32bac444-4185-46fd-aa60-5eee469e3e75,English (English),3,1,4,skyblue,sky blue,no,p3,0.086157,0.292904,0.302229,full,2.0.2,en,white
32bac444-4185-46fd-aa60-5eee469e3e75,English (English),3,1,5,skyblue,sky blue,no,p3,0,0.000027,0,full,2.0.2,en,white
32bac444-4185-46fd-aa60-5eee469e3e75,English (English),3,1,6,skyblue,sky blue,no,p3,0.336852,0.704021,0.602417,full,2.0.2,en,white
32bac444-4185-46fd-aa60-5eee469e3e75,English (English),3,1,7,skyblue,sky blue,no,p3,0.625208,0.666619,0.94598,full,2.0.2,en,white
32bac444-4185-46fd-aa60-5eee469e3e75,English (English),3,2,0,bluepurple,blue purple,no,p3,0.40611,0.916521,0.684738,full,2.0.2,en,white
32bac444-4185-46fd-aa60-5eee469e3e75,English (English),3,2,1,bluepurple,blue purple,no,p3,0.578438,0.5425,0.52304,full,2.0.2,en,white
32bac444-4185-46fd-aa60-5eee469e3e75,English (English),3,2,2,bluepurple,blue purple,somewhat,p3,0.239558,0.675968,0.991482,full,2.0.2,en,white
32bac444-4185-46fd-aa60-5eee469e3e75,English (English),3,2,3,bluepurple,blue purple,somewhat,p3,0.581318,0.429423,0.768872,full,2.0.2,en,white
32bac444-4185-46fd-aa60-5eee469e3e75,English (English),3,2,4,bluepurple,blue purple,no,p3,0.086157,0.292904,0.302229,full,2.0.2,en,white
32bac444-4185-46fd-aa60-5eee469e3e75,English (English),3,2,5,bluepurple,blue purple,no,p3,0,0.000027,0,full,2.0.2,en,white
32bac444-4185-46fd-aa60-5eee469e3e75,English (English),3,2,6,bluepurple,blue purple,no,p3,0.336852,0.704021,0.602417,full,2.0.2,en,white
32bac444-4185-46fd-aa60-5eee469e3e75,English (English),3,2,7,bluepurple,blue purple,somewhat,p3,0.625208,0.666619,0.94598,full,2.0.2,en,white
32bac444-4185-46fd-aa60-5eee469e3e75,English (English),3,3,0,olive,olive,no,p3,0.40611,0.916521,0.684738,full,2.0.2,en,white
32bac444-4185-46fd-aa60-5eee469e3e75,English (English),3,3,1,olive,olive,no,p3,0.578438,0.5425,0.52304,full,2.0.2,en,white
32bac444-4185-46fd-aa60-5eee469e3e75,English (English),3,3,2,olive,olive,no,p3,0.239558,0.675968,0.991482,full,2.0.2,en,white
32bac444-4185-46fd-aa60-5eee469e3e75,English (English),3,3,3,olive,olive,no,p3,0.581318,0.429423,0.768872,full,2.0.2,en,white
32bac444-4185-46fd-aa60-5eee469e3e75,English (English),3,3,4,olive,olive,no,p3,0.086157,0.292904,0.302229,full,2.0.2,en,white
32bac444-4185-46fd-aa60-5eee469e3e75,English (English),3,3,5,olive,olive,no,p3,0,0.000027,0,full,2.0.2,en,white
32bac444-4185-46fd-aa60-5eee469e3e75,English (English),3,3,6,olive,olive,no,p3,0.336852,0.704021,0.602417,full,2.0.2,en,white
32bac444-4185-46fd-aa60-5eee469e3e75,English (English),3,3,7,olive,olive,no,p3,0.625208,0.666619,0.94598,full,2.0.2,en,white
32bac444-4185-46fd-aa60-5eee469e3e75,English (English),5,0,0,maroon,maroon,no,p3,0.424176,0.877155,0.052217,full,2.0.2,en,white
32bac444-4185-46fd-aa60-5eee469e3e75,English (English),5,0,1,maroon,maroon,no,p3,0.076907,0.06436,0.03819,full,2.0.2,en,white
32bac444-4185-46fd-aa60-5eee469e3e75,English (English),5,0,2,maroon,maroon,no,p3,0.397928,0.340685,0.312192,full,2.0.2,en,white
32bac444-4185-46fd-aa60-5eee469e3e75,English (English),5,0,3,maroon,maroon,no,p3,0.194351,0.207094,0.457268,full,2.0.2,en,white
32bac444-4185-46fd-aa60-5eee469e3e75,English (English),5,0,4,maroon,maroon,somewhat,p3,0.520728,0.312696,0.487761,full,2.0.2,en,white
32bac444-4185-46fd-aa60-5eee469e3e75,English (English),5,0,5,maroon,maroon,no,p3,0.121872,0.527418,0.245565,full,2.0.2,en,white
32bac444-4185-46fd-aa60-5eee469e3e75,English (English),5,0,6,maroon,maroon,no,p3,0.80333,0.684686,0.541058,full,2.0.2,en,white
32bac444-4185-46fd-aa60-5eee469e3e75,English (English),5,0,7,maroon,maroon,no,p3,0.832638,0.948273,0.555339,full,2.0.2,en,white
32bac444-4185-46fd-aa60-5eee469e3e75,English (English),5,1,0,brightgreen,bright green,yes,p3,0.424176,0.877155,0.052217,full,2.0.2,en,white
32bac444-4185-46fd-aa60-5eee469e3e75,English (English),5,1,1,brightgreen,bright green,no,p3,0.076907,0.06436,0.03819,full,2.0.2,en,white
32bac444-4185-46fd-aa60-5eee469e3e75,English (English),5,1,2,brightgreen,bright green,no,p3,0.397928,0.340685,0.312192,full,2.0.2,en,white
32bac444-4185-46fd-aa60-5eee469e3e75,English (English),5,1,3,brightgreen,bright green,no,p3,0.194351,0.207094,0.457268,full,2.0.2,en,white
32bac444-4185-46fd-aa60-5eee469e3e75,English (English),5,1,4,brightgreen,bright green,no,p3,0.520728,0.312696,0.487761,full,2.0.2,en,white
32bac444-4185-46fd-aa60-5eee469e3e75,English (English),5,1,5,brightgreen,bright green,no,p3,0.121872,0.527418,0.245565,full,2.0.2,en,white
32bac444-4185-46fd-aa60-5eee469e3e75,English (English),5,1,6,brightgreen,bright green,no,p3,0.80333,0.684686,0.541058,full,2.0.2,en,white
32bac444-4185-46fd-aa60-5eee469e3e75,English (English),5,1,7,brightgreen,bright green,yes,p3,0.832638,0.948273,0.555339,full,2.0.2,en,white
32bac444-4185-46fd-aa60-5eee469e3e75,English (English),5,2,0,brightmagenta,bright magenta,no,p3,0.424176,0.877155,0.052217,full,2.0.2,en,white
32bac444-4185-46fd-aa60-5eee469e3e75,English (English),5,2,1,brightmagenta,bright magenta,no,p3,0.076907,0.06436,0.03819,full,2.0.2,en,white
32bac444-4185-46fd-aa60-5eee469e3e75,English (English),5,2,2,brightmagenta,bright magenta,no,p3,0.397928,0.340685,0.312192,full,2.0.2,en,white
32bac444-4185-46fd-aa60-5eee469e3e75,English (English),5,2,3,brightmagenta,bright magenta,no,p3,0.194351,0.207094,0.457268,full,2.0.2,en,white
32bac444-4185-46fd-aa60-5eee469e3e75,English (English),5,2,4,brightmagenta,bright magenta,no,p3,0.520728,0.312696,0.487761,full,2.0.2,en,white
32bac444-4185-46fd-aa60-5eee469e3e75,English (English),5,2,5,brightmagenta,bright magenta,no,p3,0.121872,0.527418,0.245565,full,2.0.2,en,white
32bac444-4185-46fd-aa60-5eee469e3e75,English (English),5,2,6,brightmagenta,bright magenta,no,p3,0.80333,0.684686,0.541058,full,2.0.2,en,white
32bac444-4185-46fd-aa60-5eee469e3e75,English (English),5,2,7,brightmagenta,bright magenta,no,p3,0.832638,0.948273,0.555339,full,2.0.2,en,white
32bac444-4185-46fd-aa60-5eee469e3e75,English (English),5,3,0,teal,teal,no,p3,0.424176,0.877155,0.052217,full,2.0.2,en,white
32bac444-4185-46fd-aa60-5eee469e3e75,English (English),5,3,1,teal,teal,no,p3,0.076907,0.06436,0.03819,full,2.0.2,en,white
32bac444-4185-46fd-aa60-5eee469e3e75,English (English),5,3,2,teal,teal,no,p3,0.397928,0.340685,0.312192,full,2.0.2,en,white
32bac444-4185-46fd-aa60-5eee469e3e75,English (English),5,3,3,teal,teal,no,p3,0.194351,0.207094,0.457268,full,2.0.2,en,white
32bac444-4185-46fd-aa60-5eee469e3e75,English (English),5,3,4,teal,teal,no,p3,0.520728,0.312696,0.487761,full,2.0.2,en,white
32bac444-4185-46fd-aa60-5eee469e3e75,English (English),5,3,5,teal,teal,no,p3,0.121872,0.527418,0.245565,full,2.0.2,en,white
32bac444-4185-46fd-aa60-5eee469e3e75,English (English),5,3,6,teal,teal,no,p3,0.80333,0.684686,0.541058,full,2.0.2,en,white
32bac444-4185-46fd-aa60-5eee469e3e75,English (English),5,3,7,teal,teal,no,p3,0.832638,0.948273,0.555339,full,2.0.2,en,white
924520b6-acb7-4c3c-ab1f-63821228e943,English (English),1,0,0,lightgreen,light green,no,p3,0.198404,0.008938,0.281713,full,2.0.2,en,white
924520b6-acb7-4c3c-ab1f-63821228e943,English (English),1,0,1,lightgreen,light green,yes,p3,0.535785,0.841736,0.748304,full,2.0.2,en,white
924520b6-acb7-4c3c-ab1f-63821228e943,English (English),1,0,2,lightgreen,light green,no,p3,0.821669,0.682046,0.700017,full,2.0.2,en,white
924520b6-acb7-4c3c-ab1f-63821228e943,English (English),1,0,3,lightgreen,light green,no,p3,0.111308,0.676735,0.276992,full,2.0.2,en,white
924520b6-acb7-4c3c-ab1f-63821228e943,English (English),1,0,4,lightgreen,light green,no,p3,0.35173,0.185342,0.308004,full,2.0.2,en,white
924520b6-acb7-4c3c-ab1f-63821228e943,English (English),1,0,5,lightgreen,light green,no,p3,0.356851,0.697722,0.960846,full,2.0.2,en,white
924520b6-acb7-4c3c-ab1f-63821228e943,English (English),1,0,6,lightgreen,light green,no,p3,0.407389,0.147259,0.534692,full,2.0.2,en,white
924520b6-acb7-4c3c-ab1f-63821228e943,English (English),1,0,7,lightgreen,light green,no,p3,0.49912,0.032645,0.181111,full,2.0.2,en,white
924520b6-acb7-4c3c-ab1f-63821228e943,English (English),1,1,0,brown,brown,no,p3,0.198404,0.008938,0.281713,full,2.0.2,en,white
924520b6-acb7-4c3c-ab1f-63821228e943,English (English),1,1,1,brown,brown,no,p3,0.535785,0.841736,0.748304,full,2.0.2,en,white
924520b6-acb7-4c3c-ab1f-63821228e943,English (English),1,1,2,brown,brown,no,p3,0.821669,0.682046,0.700017,full,2.0.2,en,white
924520b6-acb7-4c3c-ab1f-63821228e943,English (English),1,1,3,brown,brown,no,p3,0.111308,0.676735,0.276992,full,2.0.2,en,white
924520b6-acb7-4c3c-ab1f-63821228e943,English (English),1,1,4,brown,brown,no,p3,0.35173,0.185342,0.308004,full,2.0.2,en,white
924520b6-acb7-4c3c-ab1f-63821228e943,English (English),1,1,5,brown,brown,no,p3,0.356851,0.697722,0.960846,full,2.0.2,en,white
924520b6-acb7-4c3c-ab1f-63821228e943,English (English),1,1,6,brown,brown,no,p3,0.407389,0.147259,0.534692,full,2.0.2,en,white
924520b6-acb7-4c3c-ab1f-63821228e943,English (English),1,1,7,brown,brown,no,p3,0.49912,0.032645,0.181111,full,2.0.2,en,white
924520b6-acb7-4c3c-ab1f-63821228e943,English (English),1,2,0,darkyellow,dark yellow,no,p3,0.198404,0.008938,0.281713,full,2.0.2,en,white
924520b6-acb7-4c3c-ab1f-63821228e943,English (English),1,2,1,darkyellow,dark yellow,no,p3,0.535785,0.841736,0.748304,full,2.0.2,en,white
924520b6-acb7-4c3c-ab1f-63821228e943,English (English),1,2,2,darkyellow,dark yellow,no,p3,0.821669,0.682046,0.700017,full,2.0.2,en,white
924520b6-acb7-4c3c-ab1f-63821228e943,English (English),1,2,3,darkyellow,dark yellow,no,p3,0.111308,0.676735,0.276992,full,2.0.2,en,white
924520b6-acb7-4c3c-ab1f-63821228e943,English (English),1,2,4,darkyellow,dark yellow,no,p3,0.35173,0.185342,0.308004,full,2.0.2,en,white
924520b6-acb7-4c3c-ab1f-63821228e943,English (English),1,2,5,darkyellow,dark yellow,no,p3,0.356851,0.697722,0.960846,full,2.0.2,en,white
924520b6-acb7-4c3c-ab1f-63821228e943,English (English),1,2,6,darkyellow,dark yellow,no,p3,0.407389,0.147259,0.534692,full,2.0.2,en,white
924520b6-acb7-4c3c-ab1f-63821228e943,English (English),1,2,7,darkyellow,dark yellow,no,p3,0.49912,0.032645,0.181111,full,2.0.2,en,white
924520b6-acb7-4c3c-ab1f-63821228e943,English (English),1,3,0,neonpurple,neon purple,no,p3,0.198404,0.008938,0.281713,full,2.0.2,en,white
924520b6-acb7-4c3c-ab1f-63821228e943,English (English),1,3,1,neonpurple,neon purple,no,p3,0.535785,0.841736,0.748304,full,2.0.2,en,white
924520b6-acb7-4c3c-ab1f-63821228e943,English (English),1,3,2,neonpurple,neon purple,no,p3,0.821669,0.682046,0.700017,full,2.0.2,en,white
924520b6-acb7-4c3c-ab1f-63821228e943,English (English),1,3,3,neonpurple,neon purple,no,p3,0.111308,0.676735,0.276992,full,2.0.2,en,white
924520b6-acb7-4c3c-ab1f-63821228e943,English (English),1,3,4,neonpurple,neon purple,no,p3,0.35173,0.185342,0.308004,full,2.0.2,en,white
924520b6-acb7-4c3c-ab1f-63821228e943,English (English),1,3,5,neonpurple,neon purple,no,p3,0.356851,0.697722,0.960846,full,2.0.2,en,white
924520b6-acb7-4c3c-ab1f-63821228e943,English (English),1,3,6,neonpurple,neon purple,somewhat,p3,0.407389,0.147259,0.534692,full,2.0.2,en,white
924520b6-acb7-4c3c-ab1f-63821228e943,English (English),1,3,7,neonpurple,neon purple,no,p3,0.49912,0.032645,0.181111,full,2.0.2,en,white
924520b6-acb7-4c3c-ab1f-63821228e943,English (English),3,0,0,darkgreen,dark green,no,p3,0.710362,0.642304,0.362393,full,2.0.2,en,white
924520b6-acb7-4c3c-ab1f-63821228e943,English (English),3,0,1,darkgreen,dark green,no,p3,0.07765,0.216389,0.653853,full,2.0.2,en,white
924520b6-acb7-4c3c-ab1f-63821228e943,English (English),3,0,2,darkgreen,dark green,no,p3,0.316291,0.486461,0.516247,full,2.0.2,en,white
924520b6-acb7-4c3c-ab1f-63821228e943,English (English),3,0,3,darkgreen,dark green,no,p3,0.80693,0.325604,0.555991,full,2.0.2,en,white
924520b6-acb7-4c3c-ab1f-63821228e943,English (English),3,0,4,darkgreen,dark green,no,p3,0.843221,0.882525,0.53835,full,2.0.2,en,white
924520b6-acb7-4c3c-ab1f-63821228e943,English (English),3,0,5,darkgreen,dark green,no,p3,0.175154,0.206836,0.292371,full,2.0.2,en,white
924520b6-acb7-4c3c-ab1f-63821228e943,English (English),3,0,6,darkgreen,dark green,no,p3,0.494837,0.306092,0.673004,full,2.0.2,en,white
924520b6-acb7-4c3c-ab1f-63821228e943,English (English),3,0,7,darkgreen,dark green,no,p3,0.691673,0.971668,0.26178,full,2.0.2,en,white
924520b6-acb7-4c3c-ab1f-63821228e943,English (English),3,1,0,neonpink,neon pink,no,p3,0.710362,0.642304,0.362393,full,2.0.2,en,white
924520b6-acb7-4c3c-ab1f-63821228e943,English (English),3,1,1,neonpink,neon pink,no,p3,0.07765,0.216389,0.653853,full,2.0.2,en,white
924520b6-acb7-4c3c-ab1f-63821228e943,English (English),3,1,2,neonpink,neon pink,no,p3,0.316291,0.486461,0.516247,full,2.0.2,en,white
924520b6-acb7-4c3c-ab1f-63821228e943,English (English),3,1,3,neonpink,neon pink,somewhat,p3,0.80693,0.325604,0.555991,full,2.0.2,en,white
924520b6-acb7-4c3c-ab1f-63821228e943,English (English),3,1,4,neonpink,neon pink,no,p3,0.843221,0.882525,0.53835,full,2.0.2,en,white
924520b6-acb7-4c3c-ab1f-63821228e943,English (English),3,1,5,neonpink,neon pink,no,p3,0.175154,0.206836,0.292371,full,2.0.2,en,white
924520b6-acb7-4c3c-ab1f-63821228e943,English (English),3,1,6,neonpink,neon pink,no,p3,0.494837,0.306092,0.673004,full,2.0.2,en,white
924520b6-acb7-4c3c-ab1f-63821228e943,English (English),3,1,7,neonpink,neon pink,no,p3,0.691673,0.971668,0.26178,full,2.0.2,en,white
924520b6-acb7-4c3c-ab1f-63821228e943,English (English),3,2,0,brightgreen,bright green,no,p3,0.710362,0.642304,0.362393,full,2.0.2,en,white
924520b6-acb7-4c3c-ab1f-63821228e943,English (English),3,2,1,brightgreen,bright green,no,p3,0.07765,0.216389,0.653853,full,2.0.2,en,white
924520b6-acb7-4c3c-ab1f-63821228e943,English (English),3,2,2,brightgreen,bright green,no,p3,0.316291,0.486461,0.516247,full,2.0.2,en,white
924520b6-acb7-4c3c-ab1f-63821228e943,English (English),3,2,3,brightgreen,bright green,no,p3,0.80693,0.325604,0.555991,full,2.0.2,en,white
924520b6-acb7-4c3c-ab1f-63821228e943,English (English),3,2,4,brightgreen,bright green,no,p3,0.843221,0.882525,0.53835,full,2.0.2,en,white
924520b6-acb7-4c3c-ab1f-63821228e943,English (English),3,2,5,brightgreen,bright green,no,p3,0.175154,0.206836,0.292371,full,2.0.2,en,white
924520b6-acb7-4c3c-ab1f-63821228e943,English (English),3,2,6,brightgreen,bright green,no,p3,0.494837,0.306092,0.673004,full,2.0.2,en,white
924520b6-acb7-4c3c-ab1f-63821228e943,English (English),3,2,7,brightgreen,bright green,yes,p3,0.691673,0.971668,0.26178,full,2.0.2,en,white
924520b6-acb7-4c3c-ab1f-63821228e943,English (English),3,3,0,darkblue,dark blue,no,p3,0.710362,0.642304,0.362393,full,2.0.2,en,white
924520b6-acb7-4c3c-ab1f-63821228e943,English (English),3,3,1,darkblue,dark blue,somewhat,p3,0.07765,0.216389,0.653853,full,2.0.2,en,white
924520b6-acb7-4c3c-ab1f-63821228e943,English (English),3,3,2,darkblue,dark blue,no,p3,0.316291,0.486461,0.516247,full,2.0.2,en,white
924520b6-acb7-4c3c-ab1f-63821228e943,English (English),3,3,3,darkblue,dark blue,no,p3,0.80693,0.325604,0.555991,full,2.0.2,en,white
924520b6-acb7-4c3c-ab1f-63821228e943,English (English),3,3,4,darkblue,dark blue,no,p3,0.843221,0.882525,0.53835,full,2.0.2,en,white
924520b6-acb7-4c3c-ab1f-63821228e943,English (English),3,3,5,darkblue,dark blue,yes,p3,0.175154,0.206836,0.292371,full,2.0.2,en,white
924520b6-acb7-4c3c-ab1f-63821228e943,English (English),3,3,6,darkblue,dark blue,no,p3,0.494837,0.306092,0.673004,full,2.0.2,en,white
924520b6-acb7-4c3c-ab1f-63821228e943,English (English),3,3,7,darkblue,dark blue,no,p3,0.691673,0.971668,0.26178,full,2.0.2,en,white
924520b6-acb7-4c3c-ab1f-63821228e943,English (English),5,0,0,raspberry,raspberry,no,p3,0.956807,0.964565,0.992984,full,2.0.2,en,white
924520b6-acb7-4c3c-ab1f-63821228e943,English (English),5,0,1,raspberry,raspberry,yes,p3,0.907273,0.235598,0.291234,full,2.0.2,en,white
924520b6-acb7-4c3c-ab1f-63821228e943,English (English),5,0,2,raspberry,raspberry,no,p3,0.423244,0.358426,0.489199,full,2.0.2,en,white
924520b6-acb7-4c3c-ab1f-63821228e943,English (English),5,0,3,raspberry,raspberry,no,p3,0.753411,0.025437,0.962649,full,2.0.2,en,white
924520b6-acb7-4c3c-ab1f-63821228e943,English (English),5,0,4,raspberry,raspberry,no,p3,0.933297,0.617295,0.423036,full,2.0.2,en,white
924520b6-acb7-4c3c-ab1f-63821228e943,English (English),5,0,5,raspberry,raspberry,no,p3,0.235169,0.043494,0.08068,full,2.0.2,en,white
924520b6-acb7-4c3c-ab1f-63821228e943,English (English),5,0,6,raspberry,raspberry,no,p3,0.298657,0.426498,0.977249,full,2.0.2,en,white
924520b6-acb7-4c3c-ab1f-63821228e943,English (English),5,0,7,raspberry,raspberry,no,p3,0.612122,0.500521,0.432947,full,2.0.2,en,white
924520b6-acb7-4c3c-ab1f-63821228e943,English (English),5,1,0,black,black,no,p3,0.956807,0.964565,0.992984,full,2.0.2,en,white
924520b6-acb7-4c3c-ab1f-63821228e943,English (English),5,1,1,black,black,no,p3,0.907273,0.235598,0.291234,full,2.0.2,en,white
924520b6-acb7-4c3c-ab1f-63821228e943,English (English),5,1,2,black,black,no,p3,0.423244,0.358426,0.489199,full,2.0.2,en,white
924520b6-acb7-4c3c-ab1f-63821228e943,English (English),5,1,3,black,black,no,p3,0.753411,0.025437,0.962649,full,2.0.2,en,white
924520b6-acb7-4c3c-ab1f-63821228e943,English (English),5,1,4,black,black,no,p3,0.933297,0.617295,0.423036,full,2.0.2,en,white
924520b6-acb7-4c3c-ab1f-63821228e943,English (English),5,1,5,black,black,no,p3,0.235169,0.043494,0.08068,full,2.0.2,en,white
924520b6-acb7-4c3c-ab1f-63821228e943,English (English),5,1,6,black,black,no,p3,0.298657,0.426498,0.977249,full,2.0.2,en,white
924520b6-acb7-4c3c-ab1f-63821228e943,English (English),5,1,7,black,black,no,p3,0.612122,0.500521,0.432947,full,2.0.2,en,white
924520b6-acb7-4c3c-ab1f-63821228e943,English (English),5,2,0,darkgray,dark grey,no,p3,0.956807,0.964565,0.992984,full,2.0.2,en,white
924520b6-acb7-4c3c-ab1f-63821228e943,English (English),5,2,1,darkgray,dark grey,no,p3,0.907273,0.235598,0.291234,full,2.0.2,en,white
924520b6-acb7-4c3c-ab1f-63821228e943,English (English),5,2,2,darkgray,dark grey,no,p3,0.423244,0.358426,0.489199,full,2.0.2,en,white
924520b6-acb7-4c3c-ab1f-63821228e943,English (English),5,2,3,darkgray,dark grey,no,p3,0.753411,0.025437,0.962649,full,2.0.2,en,white
924520b6-acb7-4c3c-ab1f-63821228e943,English (English),5,2,4,darkgray,dark grey,no,p3,0.933297,0.617295,0.423036,full,2.0.2,en,white
924520b6-acb7-4c3c-ab1f-63821228e943,English (English),5,2,5,darkgray,dark grey,no,p3,0.235169,0.043494,0.08068,full,2.0.2,en,white
924520b6-acb7-4c3c-ab1f-63821228e943,English (English),5,2,6,darkgray,dark grey,no,p3,0.298657,0.426498,0.977249,full,2.0.2,en,white
924520b6-acb7-4c3c-ab1f-63821228e943,English (English),5,2,7,darkgray,dark grey,no,p3,0.612122,0.500521,0.432947,full,2.0.2,en,white
924520b6-acb7-4c3c-ab1f-63821228e943,English (English),5,3,0,lightcyan,light cyan,no,p3,0.956807,0.964565,0.992984,full,2.0.2,en,white
924520b6-acb7-4c3c-ab1f-63821228e943,English (English),5,3,1,lightcyan,light cyan,no,p3,0.907273,0.235598,0.291234,full,2.0.2,en,white
924520b6-acb7-4c3c-ab1f-63821228e943,English (English),5,3,2,lightcyan,light cyan,no,p3,0.423244,0.358426,0.489199,full,2.0.2,en,white
924520b6-acb7-4c3c-ab1f-63821228e943,English (English),5,3,3,lightcyan,light cyan,no,p3,0.753411,0.025437,0.962649,full,2.0.2,en,white
924520b6-acb7-4c3c-ab1f-63821228e943,English (English),5,3,4,lightcyan,light cyan,no,p3,0.933297,0.617295,0.423036,full,2.0.2,en,white
924520b6-acb7-4c3c-ab1f-63821228e943,English (English),5,3,5,lightcyan,light cyan,no,p3,0.235169,0.043494,0.08068,full,2.0.2,en,white
924520b6-acb7-4c3c-ab1f-63821228e943,English (English),5,3,6,lightcyan,light cyan,no,p3,0.298657,0.426498,0.977249,full,2.0.2,en,white
924520b6-acb7-4c3c-ab1f-63821228e943,English (English),5,3,7,lightcyan,light cyan,no,p3,0.612122,0.500521,0.432947,full,2.0.2,en,white
1e6a729e-9cd6-428f-89e8-4c3080892142,English (English),1,0,0,cyan,cyan,no,p3,0.590454,0.244266,0.207244,full,2.0.2,en,black
1e6a729e-9cd6-428f-89e8-4c3080892142,English (English),1,0,1,cyan,cyan,somewhat,p3,0.537219,0.537558,0.723005,full,2.0.2,en,black
1e6a729e-9cd6-428f-89e8-4c3080892142,English (English),1,0,2,cyan,cyan,no,p3,0.343555,0.462296,0.042773,full,2.0.2,en,black
1e6a729e-9cd6-428f-89e8-4c3080892142,English (English),1,0,3,cyan,cyan,no,p3,0.964936,0.67154,0.908519,full,2.0.2,en,black
1e6a729e-9cd6-428f-89e8-4c3080892142,English (English),1,0,4,cyan,cyan,no,p3,0.263733,0.369044,0.266571,full,2.0.2,en,black
1e6a729e-9cd6-428f-89e8-4c3080892142,English (English),1,0,5,cyan,cyan,no,p3,0.68224,0.964033,0.614148,full,2.0.2,en,black
1e6a729e-9cd6-428f-89e8-4c3080892142,English (English),1,0,6,cyan,cyan,no,p3,0.866788,0.820151,0.83606,full,2.0.2,en,black
1e6a729e-9cd6-428f-89e8-4c3080892142,English (English),1,0,7,cyan,cyan,no,p3,0.038093,0.214622,0.520691,full,2.0.2,en,black
1e6a729e-9cd6-428f-89e8-4c3080892142,English (English),1,1,0,green,green,no,p3,0.590454,0.244266,0.207244,full,2.0.2,en,black
1e6a729e-9cd6-428f-89e8-4c3080892142,English (English),1,1,1,green,green,no,p3,0.537219,0.537558,0.723005,full,2.0.2,en,black
1e6a729e-9cd6-428f-89e8-4c3080892142,English (English),1,1,2,green,green,yes,p3,0.343555,0.462296,0.042773,full,2.0.2,en,black
1e6a729e-9cd6-428f-89e8-4c3080892142,English (English),1,1,3,green,green,no,p3,0.964936,0.67154,0.908519,full,2.0.2,en,black
1e6a729e-9cd6-428f-89e8-4c3080892142,English (English),1,1,4,green,green,somewhat,p3,0.263733,0.369044,0.266571,full,2.0.2,en,black
1e6a729e-9cd6-428f-89e8-4c3080892142,English (English),1,1,5,green,green,somewhat,p3,0.68224,0.964033,0.614148,full,2.0.2,en,black
1e6a729e-9cd6-428f-89e8-4c3080892142,English (English),1,1,6,green,green,no,p3,0.866788,0.820151,0.83606,full,2.0.2,en,black
1e6a729e-9cd6-428f-89e8-4c3080892142,English (English),1,1,7,green,green,no,p3,0.038093,0.214622,0.520691,full,2.0.2,en,black
1e6a729e-9cd6-428f-89e8-4c3080892142,English (English),1,2,0,brown,brown,no,p3,0.590454,0.244266,0.207244,full,2.0.2,en,black
1e6a729e-9cd6-428f-89e8-4c3080892142,English (English),1,2,1,brown,brown,no,p3,0.537219,0.537558,0.723005,full,2.0.2,en,black
1e6a729e-9cd6-428f-89e8-4c3080892142,English (English),1,2,2,brown,brown,no,p3,0.343555,0.462296,0.042773,full,2.0.2,en,black
1e6a729e-9cd6-428f-89e8-4c3080892142,English (English),1,2,3,brown,brown,no,p3,0.964936,0.67154,0.908519,full,2.0.2,en,black
1e6a729e-9cd6-428f-89e8-4c3080892142,English (English),1,2,4,brown,brown,no,p3,0.263733,0.369044,0.266571,full,2.0.2,en,black
1e6a729e-9cd6-428f-89e8-4c3080892142,English (English),1,2,5,brown,brown,no,p3,0.68224,0.964033,0.614148,full,2.0.2,en,black
1e6a729e-9cd6-428f-89e8-4c3080892142,English (English),1,2,6,brown,brown,no,p3,0.866788,0.820151,0.83606,full,2.0.2,en,black
1e6a729e-9cd6-428f-89e8-4c3080892142,English (English),1,2,7,brown,brown,no,p3,0.038093,0.214622,0.520691,full,2.0.2,en,black
1e6a729e-9cd6-428f-89e8-4c3080892142,English (English),1,3,0,browngray,brown grey,no,p3,0.590454,0.244266,0.207244,full,2.0.2,en,black
1e6a729e-9cd6-428f-89e8-4c3080892142,English (English),1,3,1,browngray,brown grey,no,p3,0.537219,0.537558,0.723005,full,2.0.2,en,black
1e6a729e-9cd6-428f-89e8-4c3080892142,English (English),1,3,2,browngray,brown grey,no,p3,0.343555,0.462296,0.042773,full,2.0.2,en,black
1e6a729e-9cd6-428f-89e8-4c3080892142,English (English),1,3,3,browngray,brown grey,no,p3,0.964936,0.67154,0.908519,full,2.0.2,en,black
1e6a729e-9cd6-428f-89e8-4c3080892142,English (English),1,3,4,browngray,brown grey,no,p3,0.263733,0.369044,0.266571,full,2.0.2,en,black
1e6a729e-9cd6-428f-89e8-4c3080892142,English (English),1,3,5,browngray,brown grey,no,p3,0.68224,0.964033,0.614148,full,2.0.2,en,black
1e6a729e-9cd6-428f-89e8-4c3080892142,English (English),1,3,6,browngray,brown grey,,p3,0.866788,0.820151,0.83606,full,2.0.2,en,black
1e6a729e-9cd6-428f-89e8-4c3080892142,English (English),1,3,7,browngray,brown grey,no,p3,0.038093,0.214622,0.520691,full,2.0.2,en,black
1e6a729e-9cd6-428f-89e8-4c3080892142,English (English),3,0,0,limegreen,lime green,no,p3,0.487936,0.632416,0.453622,full,2.0.2,en,black
1e6a729e-9cd6-428f-89e8-4c3080892142,English (English),3,0,1,limegreen,lime green,no,p3,0.692102,0.773666,0.56398,full,2.0.2,en,black
1e6a729e-9cd6-428f-89e8-4c3080892142,English (English),3,0,2,limegreen,lime green,no,p3,0.383199,0.935614,0.305949,full,2.0.2,en,black
1e6a729e-9cd6-428f-89e8-4c3080892142,English (English),3,0,3,limegreen,lime green,no,p3,0.059079,0.000708,0.03626,full,2.0.2,en,black
1e6a729e-9cd6-428f-89e8-4c3080892142,English (English),3,0,4,limegreen,lime green,no,p3,0.275302,0.05588,0.232792,full,2.0.2,en,black
1e6a729e-9cd6-428f-89e8-4c3080892142,English (English),3,0,5,limegreen,lime green,no,p3,0.826463,0.163946,0.967308,full,2.0.2,en,black
1e6a729e-9cd6-428f-89e8-4c3080892142,English (English),3,0,6,limegreen,lime green,no,p3,0.473708,0.873549,0.914813,full,2.0.2,en,black
1e6a729e-9cd6-428f-89e8-4c3080892142,English (English),3,0,7,limegreen,lime green,no,p3,0.798473,0.645654,0.617218,full,2.0.2,en,black
1e6a729e-9cd6-428f-89e8-4c3080892142,English (English),3,1,0,chartreuse,chartreuse,idk,p3,0.487936,0.632416,0.453622,full,2.0.2,en,black
1e6a729e-9cd6-428f-89e8-4c3080892142,English (English),3,1,1,chartreuse,chartreuse,idk,p3,0.692102,0.773666,0.56398,full,2.0.2,en,black
1e6a729e-9cd6-428f-89e8-4c3080892142,English (English),3,1,2,chartreuse,chartreuse,idk,p3,0.383199,0.935614,0.305949,full,2.0.2,en,black
1e6a729e-9cd6-428f-89e8-4c3080892142,English (English),3,1,3,chartreuse,chartreuse,idk,p3,0.059079,0.000708,0.03626,full,2.0.2,en,black
1e6a729e-9cd6-428f-89e8-4c3080892142,English (English),3,1,4,chartreuse,chartreuse,idk,p3,0.275302,0.05588,0.232792,full,2.0.2,en,black
1e6a729e-9cd6-428f-89e8-4c3080892142,English (English),3,1,5,chartreuse,chartreuse,idk,p3,0.826463,0.163946,0.967308,full,2.0.2,en,black
1e6a729e-9cd6-428f-89e8-4c3080892142,English (English),3,1,6,chartreuse,chartreuse,idk,p3,0.473708,0.873549,0.914813,full,2.0.2,en,black
1e6a729e-9cd6-428f-89e8-4c3080892142,English (English),3,1,7,chartreuse,chartreuse,idk,p3,0.798473,0.645654,0.617218,full,2.0.2,en,black
1e6a729e-9cd6-428f-89e8-4c3080892142,English (English),3,2,0,teal,teal,no,p3,0.487936,0.632416,0.453622,full,2.0.2,en,black
1e6a729e-9cd6-428f-89e8-4c3080892142,English (English),3,2,1,teal,teal,no,p3,0.692102,0.773666,0.56398,full,2.0.2,en,black
1e6a729e-9cd6-428f-89e8-4c3080892142,English (English),3,2,2,teal,teal,no,p3,0.383199,0.935614,0.305949,full,2.0.2,en,black
1e6a729e-9cd6-428f-89e8-4c3080892142,English (English),3,2,3,teal,teal,no,p3,0.059079,0.000708,0.03626,full,2.0.2,en,black
1e6a729e-9cd6-428f-89e8-4c3080892142,English (English),3,2,4,teal,teal,no,p3,0.275302,0.05588,0.232792,full,2.0.2,en,black
1e6a729e-9cd6-428f-89e8-4c3080892142,English (English),3,2,5,teal,teal,no,p3,0.826463,0.163946,0.967308,full,2.0.2,en,black
1e6a729e-9cd6-428f-89e8-4c3080892142,English (English),3,2,6,teal,teal,yes,p3,0.473708,0.873549,0.914813,full,2.0.2,en,black
1e6a729e-9cd6-428f-89e8-4c3080892142,English (English),3,2,7,teal,teal,no,p3,0.798473,0.645654,0.617218,full,2.0.2,en,black
1e6a729e-9cd6-428f-89e8-4c3080892142,English (English),3,3,0,maroon,maroon,no,p3,0.487936,0.632416,0.453622,full,2.0.2,en,black
1e6a729e-9cd6-428f-89e8-4c3080892142,English (English),3,3,1,maroon,maroon,no,p3,0.692102,0.773666,0.56398,full,2.0.2,en,black
1e6a729e-9cd6-428f-89e8-4c3080892142,English (English),3,3,2,maroon,maroon,no,p3,0.383199,0.935614,0.305949,full,2.0.2,en,black
1e6a729e-9cd6-428f-89e8-4c3080892142,English (English),3,3,3,maroon,maroon,somewhat,p3,0.059079,0.000708,0.03626,full,2.0.2,en,black
1e6a729e-9cd6-428f-89e8-4c3080892142,English (English),3,3,4,maroon,maroon,no,p3,0.275302,0.05588,0.232792,full,2.0.2,en,black
1e6a729e-9cd6-428f-89e8-4c3080892142,English (English),3,3,5,maroon,maroon,no,p3,0.826463,0.163946,0.967308,full,2.0.2,en,black
1e6a729e-9cd6-428f-89e8-4c3080892142,English (English),3,3,6,maroon,maroon,no,p3,0.473708,0.873549,0.914813,full,2.0.2,en,black
1e6a729e-9cd6-428f-89e8-4c3080892142,English (English),3,3,7,maroon,maroon,no,p3,0.798473,0.645654,0.617218,full,2.0.2,en,black
1e6a729e-9cd6-428f-89e8-4c3080892142,English (English),5,0,0,turquoise,turquoise,yes,p3,0.241231,0.498692,0.509659,full,2.0.2,en,black
1e6a729e-9cd6-428f-89e8-4c3080892142,English (English),5,0,1,turquoise,turquoise,no,p3,0.007122,0.192797,0.171386,full,2.0.2,en,black
1e6a729e-9cd6-428f-89e8-4c3080892142,English (English),5,0,2,turquoise,turquoise,no,p3,0.711657,0.6309,0.29102,full,2.0.2,en,black
1e6a729e-9cd6-428f-89e8-4c3080892142,English (English),5,0,3,turquoise,turquoise,no,p3,0.422944,0.178272,0.144659,full,2.0.2,en,black
1e6a729e-9cd6-428f-89e8-4c3080892142,English (English),5,0,4,turquoise,turquoise,somewhat,p3,0.149817,0.746121,0.925045,full,2.0.2,en,black
1e6a729e-9cd6-428f-89e8-4c3080892142,English (English),5,0,5,turquoise,turquoise,no,p3,0.945108,0.396459,0.312676,full,2.0.2,en,black
1e6a729e-9cd6-428f-89e8-4c3080892142,English (English),5,0,6,turquoise,turquoise,no,p3,0.22575,0.200621,0.271207,full,2.0.2,en,black
1e6a729e-9cd6-428f-89e8-4c3080892142,English (English),5,0,7,turquoise,turquoise,no,p3,0.971312,0.781671,0.195173,full,2.0.2,en,black
1e6a729e-9cd6-428f-89e8-4c3080892142,English (English),5,1,0,tan,tan,no,p3,0.241231,0.498692,0.509659,full,2.0.2,en,black
1e6a729e-9cd6-428f-89e8-4c3080892142,English (English),5,1,1,tan,tan,no,p3,0.007122,0.192797,0.171386,full,2.0.2,en,black
1e6a729e-9cd6-428f-89e8-4c3080892142,English (English),5,1,2,tan,tan,no,p3,0.711657,0.6309,0.29102,full,2.0.2,en,black
1e6a729e-9cd6-428f-89e8-4c3080892142,English (English),5,1,3,tan,tan,no,p3,0.422944,0.178272,0.144659,full,2.0.2,en,black
1e6a729e-9cd6-428f-89e8-4c3080892142,English (English),5,1,4,tan,tan,no,p3,0.149817,0.746121,0.925045,full,2.0.2,en,black
1e6a729e-9cd6-428f-89e8-4c3080892142,English (English),5,1,5,tan,tan,no,p3,0.945108,0.396459,0.312676,full,2.0.2,en,black
1e6a729e-9cd6-428f-89e8-4c3080892142,English (English),5,1,6,tan,tan,no,p3,0.22575,0.200621,0.271207,full,2.0.2,en,black
1e6a729e-9cd6-428f-89e8-4c3080892142,English (English),5,1,7,tan,tan,no,p3,0.971312,0.781671,0.195173,full,2.0.2,en,black
1e6a729e-9cd6-428f-89e8-4c3080892142,English (English),5,2,0,treegreen,tree green,no,p3,0.241231,0.498692,0.509659,full,2.0.2,en,black
1e6a729e-9cd6-428f-89e8-4c3080892142,English (English),5,2,1,treegreen,tree green,no,p3,0.007122,0.192797,0.171386,full,2.0.2,en,black
1e6a729e-9cd6-428f-89e8-4c3080892142,English (English),5,2,2,treegreen,tree green,no,p3,0.711657,0.6309,0.29102,full,2.0.2,en,black
1e6a729e-9cd6-428f-89e8-4c3080892142,English (English),5,2,3,treegreen,tree green,no,p3,0.422944,0.178272,0.144659,full,2.0.2,en,black
1e6a729e-9cd6-428f-89e8-4c3080892142,English (English),5,2,4,treegreen,tree green,no,p3,0.149817,0.746121,0.925045,full,2.0.2,en,black
1e6a729e-9cd6-428f-89e8-4c3080892142,English (English),5,2,5,treegreen,tree green,no,p3,0.945108,0.396459,0.312676,full,2.0.2,en,black
1e6a729e-9cd6-428f-89e8-4c3080892142,English (English),5,2,6,treegreen,tree green,no,p3,0.22575,0.200621,0.271207,full,2.0.2,en,black
1e6a729e-9cd6-428f-89e8-4c3080892142,English (English),5,2,7,treegreen,tree green,no,p3,0.971312,0.781671,0.195173,full,2.0.2,en,black
1e6a729e-9cd6-428f-89e8-4c3080892142,English (English),5,3,0,grayblue,grey blue,no,p3,0.241231,0.498692,0.509659,full,2.0.2,en,black
1e6a729e-9cd6-428f-89e8-4c3080892142,English (English),5,3,1,grayblue,grey blue,no,p3,0.007122,0.192797,0.171386,full,2.0.2,en,black
1e6a729e-9cd6-428f-89e8-4c3080892142,English (English),5,3,2,grayblue,grey blue,no,p3,0.711657,0.6309,0.29102,full,2.0.2,en,black
1e6a729e-9cd6-428f-89e8-4c3080892142,English (English),5,3,3,grayblue,grey blue,no,p3,0.422944,0.178272,0.144659,full,2.0.2,en,black
1e6a729e-9cd6-428f-89e8-4c3080892142,English (English),5,3,4,grayblue,grey blue,no,p3,0.149817,0.746121,0.925045,full,2.0.2,en,black
1e6a729e-9cd6-428f-89e8-4c3080892142,English (English),5,3,5,grayblue,grey blue,no,p3,0.945108,0.396459,0.312676,full,2.0.2,en,black
1e6a729e-9cd6-428f-89e8-4c3080892142,English (English),5,3,6,grayblue,grey blue,somewhat,p3,0.22575,0.200621,0.271207,full,2.0.2,en,black
1e6a729e-9cd6-428f-89e8-4c3080892142,English (English),5,3,7,grayblue,grey blue,no,p3,0.971312,0.781671,0.195173,full,2.0.2,en,black
e8c19b10-24f2-459b-90f0-6456148b3ccf,English (English),1,0,0,ceruleanblue,cerulean blue,no,p3,0.002244,0.000469,0.001169,full,2.0.2,en,black
e8c19b10-24f2-459b-90f0-6456148b3ccf,English (English),1,0,1,ceruleanblue,cerulean blue,somewhat,p3,0.427437,0.515293,0.893675,full,2.0.2,en,black
e8c19b10-24f2-459b-90f0-6456148b3ccf,English (English),1,0,2,ceruleanblue,cerulean blue,no,p3,0.838697,0.373173,0.712077,full,2.0.2,en,black
e8c19b10-24f2-459b-90f0-6456148b3ccf,English (English),1,0,3,ceruleanblue,cerulean blue,no,p3,0.64333,0.597488,0.067503,full,2.0.2,en,black
e8c19b10-24f2-459b-90f0-6456148b3ccf,English (English),1,0,4,ceruleanblue,cerulean blue,no,p3,0.699176,0.764169,0.133969,full,2.0.2,en,black
e8c19b10-24f2-459b-90f0-6456148b3ccf,English (English),1,0,5,ceruleanblue,cerulean blue,somewhat,p3,0.673509,0.896333,0.848198,full,2.0.2,en,black
e8c19b10-24f2-459b-90f0-6456148b3ccf,English (English),1,0,6,ceruleanblue,cerulean blue,no,p3,0.245922,0.971147,0.462377,full,2.0.2,en,black
e8c19b10-24f2-459b-90f0-6456148b3ccf,English (English),1,0,7,ceruleanblue,cerulean blue,no,p3,0.744967,0.590041,0.913573,full,2.0.2,en,black
e8c19b10-24f2-459b-90f0-6456148b3ccf,English (English),1,1,0,darkblue,dark blue,no,p3,0.002244,0.000469,0.001169,full,2.0.2,en,black
e8c19b10-24f2-459b-90f0-6456148b3ccf,English (English),1,1,1,darkblue,dark blue,no,p3,0.427437,0.515293,0.893675,full,2.0.2,en,black
e8c19b10-24f2-459b-90f0-6456148b3ccf,English (English),1,1,2,darkblue,dark blue,no,p3,0.838697,0.373173,0.712077,full,2.0.2,en,black
e8c19b10-24f2-459b-90f0-6456148b3ccf,English (English),1,1,3,darkblue,dark blue,no,p3,0.64333,0.597488,0.067503,full,2.0.2,en,black
e8c19b10-24f2-459b-90f0-6456148b3ccf,English (English),1,1,4,darkblue,dark blue,no,p3,0.699176,0.764169,0.133969,full,2.0.2,en,black
e8c19b10-24f2-459b-90f0-6456148b3ccf,English (English),1,1,5,darkblue,dark blue,no,p3,0.673509,0.896333,0.848198,full,2.0.2,en,black
e8c19b10-24f2-459b-90f0-6456148b3ccf,English (English),1,1,6,darkblue,dark blue,no,p3,0.245922,0.971147,0.462377,full,2.0.2,en,black
e8c19b10-24f2-459b-90f0-6456148b3ccf,English (English),1,1,7,darkblue,dark blue,no,p3,0.744967,0.590041,0.913573,full,2.0.2,en,black
e8c19b10-24f2-459b-90f0-6456148b3ccf,English (English),1,2,0,purple,purple,no,p3,0.002244,0.000469,0.001169,full,2.0.2,en,black
e8c19b10-24f2-459b-90f0-6456148b3ccf,English (English),1,2,1,purple,purple,somewhat,p3,0.427437,0.515293,0.893675,full,2.0.2,en,black
e8c19b10-24f2-459b-90f0-6456148b3ccf,English (English),1,2,2,purple,purple,no,p3,0.838697,0.373173,0.712077,full,2.0.2,en,black
e8c19b10-24f2-459b-90f0-6456148b3ccf,English (English),1,2,3,purple,purple,no,p3,0.64333,0.597488,0.067503,full,2.0.2,en,black
e8c19b10-24f2-459b-90f0-6456148b3ccf,English (English),1,2,4,purple,purple,no,p3,0.699176,0.764169,0.133969,full,2.0.2,en,black
e8c19b10-24f2-459b-90f0-6456148b3ccf,English (English),1,2,5,purple,purple,no,p3,0.673509,0.896333,0.848198,full,2.0.2,en,black
e8c19b10-24f2-459b-90f0-6456148b3ccf,English (English),1,2,6,purple,purple,no,p3,0.245922,0.971147,0.462377,full,2.0.2,en,black
e8c19b10-24f2-459b-90f0-6456148b3ccf,English (English),1,2,7,purple,purple,somewhat,p3,0.744967,0.590041,0.913573,full,2.0.2,en,black
e8c19b10-24f2-459b-90f0-6456148b3ccf,English (English),1,3,0,lavenderpurple,lavender purple,no,p3,0.002244,0.000469,0.001169,full,2.0.2,en,black
e8c19b10-24f2-459b-90f0-6456148b3ccf,English (English),1,3,1,lavenderpurple,lavender purple,somewhat,p3,0.427437,0.515293,0.893675,full,2.0.2,en,black
e8c19b10-24f2-459b-90f0-6456148b3ccf,English (English),1,3,2,lavenderpurple,lavender purple,no,p3,0.838697,0.373173,0.712077,full,2.0.2,en,black
e8c19b10-24f2-459b-90f0-6456148b3ccf,English (English),1,3,3,lavenderpurple,lavender purple,no,p3,0.64333,0.597488,0.067503,full,2.0.2,en,black
e8c19b10-24f2-459b-90f0-6456148b3ccf,English (English),1,3,4,lavenderpurple,lavender purple,no,p3,0.699176,0.764169,0.133969,full,2.0.2,en,black
e8c19b10-24f2-459b-90f0-6456148b3ccf,English (English),1,3,5,lavenderpurple,lavender purple,no,p3,0.673509,0.896333,0.848198,full,2.0.2,en,black
e8c19b10-24f2-459b-90f0-6456148b3ccf,English (English),1,3,6,lavenderpurple,lavender purple,no,p3,0.245922,0.971147,0.462377,full,2.0.2,en,black
e8c19b10-24f2-459b-90f0-6456148b3ccf,English (English),1,3,7,lavenderpurple,lavender purple,yes,p3,0.744967,0.590041,0.913573,full,2.0.2,en,black
e8c19b10-24f2-459b-90f0-6456148b3ccf,English (English),3,0,0,beige,beige,no,p3,0.615488,0.338084,0.561247,full,2.0.2,en,black
e8c19b10-24f2-459b-90f0-6456148b3ccf,English (English),3,0,1,beige,beige,no,p3,0.67685,0.329445,0.814371,full,2.0.2,en,black
e8c19b10-24f2-459b-90f0-6456148b3ccf,English (English),3,0,2,beige,beige,no,p3,0.325012,0.823897,0.886362,full,2.0.2,en,black
e8c19b10-24f2-459b-90f0-6456148b3ccf,English (English),3,0,3,beige,beige,somewhat,p3,0.899454,0.755495,0.731982,full,2.0.2,en,black
e8c19b10-24f2-459b-90f0-6456148b3ccf,English (English),3,0,4,beige,beige,no,p3,0.397005,0.714113,0.605946,full,2.0.2,en,black
e8c19b10-24f2-459b-90f0-6456148b3ccf,English (English),3,0,5,beige,beige,no,p3,0.207304,0.129311,0.370901,full,2.0.2,en,black
e8c19b10-24f2-459b-90f0-6456148b3ccf,English (English),3,0,6,beige,beige,no,p3,0.147828,0.653124,0.168002,full,2.0.2,en,black
e8c19b10-24f2-459b-90f0-6456148b3ccf,English (English),3,0,7,beige,beige,no,p3,0.365742,0.393492,0.723659,full,2.0.2,en,black
e8c19b10-24f2-459b-90f0-6456148b3ccf,English (English),3,1,0,turquoise,turquoise,no,p3,0.615488,0.338084,0.561247,full,2.0.2,en,black
e8c19b10-24f2-459b-90f0-6456148b3ccf,English (English),3,1,1,turquoise,turquoise,no,p3,0.67685,0.329445,0.814371,full,2.0.2,en,black
e8c19b10-24f2-459b-90f0-6456148b3ccf,English (English),3,1,2,turquoise,turquoise,yes,p3,0.325012,0.823897,0.886362,full,2.0.2,en,black
e8c19b10-24f2-459b-90f0-6456148b3ccf,English (English),3,1,3,turquoise,turquoise,no,p3,0.899454,0.755495,0.731982,full,2.0.2,en,black
e8c19b10-24f2-459b-90f0-6456148b3ccf,English (English),3,1,4,turquoise,turquoise,yes,p3,0.397005,0.714113,0.605946,full,2.0.2,en,black
e8c19b10-24f2-459b-90f0-6456148b3ccf,English (English),3,1,5,turquoise,turquoise,no,p3,0.207304,0.129311,0.370901,full,2.0.2,en,black
e8c19b10-24f2-459b-90f0-6456148b3ccf,English (English),3,1,6,turquoise,turquoise,no,p3,0.147828,0.653124,0.168002,full,2.0.2,en,black
e8c19b10-24f2-459b-90f0-6456148b3ccf,English (English),3,1,7,turquoise,turquoise,no,p3,0.365742,0.393492,0.723659,full,2.0.2,en,black
e8c19b10-24f2-459b-90f0-6456148b3ccf,English (English),3,2,0,brightgreen,bright green,no,p3,0.615488,0.338084,0.561247,full,2.0.2,en,black
e8c19b10-24f2-459b-90f0-6456148b3ccf,English (English),3,2,1,brightgreen,bright green,no,p3,0.67685,0.329445,0.814371,full,2.0.2,en,black
e8c19b10-24f2-459b-90f0-6456148b3ccf,English (English),3,2,2,brightgreen,bright green,no,p3,0.325012,0.823897,0.886362,full,2.0.2,en,black
e8c19b10-24f2-459b-90f0-6456148b3ccf,English (English),3,2,3,brightgreen,bright green,no,p3,0.899454,0.755495,0.731982,full,2.0.2,en,black
e8c19b10-24f2-459b-90f0-6456148b3ccf,English (English),3,2,4,brightgreen,bright green,no,p3,0.397005,0.714113,0.605946,full,2.0.2,en,black
e8c19b10-24f2-459b-90f0-6456148b3ccf,English (English),3,2,5,brightgreen,bright green,no,p3,0.207304,0.129311,0.370901,full,2.0.2,en,black
e8c19b10-24f2-459b-90f0-6456148b3ccf,English (English),3,2,6,brightgreen,bright green,yes,p3,0.147828,0.653124,0.168002,full,2.0.2,en,black
e8c19b10-24f2-459b-90f0-6456148b3ccf,English (English),3,2,7,brightgreen,bright green,no,p3,0.365742,0.393492,0.723659,full,2.0.2,en,black
e8c19b10-24f2-459b-90f0-6456148b3ccf,English (English),3,3,0,lavender,lavender,no,p3,0.615488,0.338084,0.561247,full,2.0.2,en,black
e8c19b10-24f2-459b-90f0-6456148b3ccf,English (English),3,3,1,lavender,lavender,no,p3,0.67685,0.329445,0.814371,full,2.0.2,en,black
e8c19b10-24f2-459b-90f0-6456148b3ccf,English (English),3,3,2,lavender,lavender,no,p3,0.325012,0.823897,0.886362,full,2.0.2,en,black
e8c19b10-24f2-459b-90f0-6456148b3ccf,English (English),3,3,3,lavender,lavender,no,p3,0.899454,0.755495,0.731982,full,2.0.2,en,black
e8c19b10-24f2-459b-90f0-6456148b3ccf,English (English),3,3,4,lavender,lavender,no,p3,0.397005,0.714113,0.605946,full,2.0.2,en,black
e8c19b10-24f2-459b-90f0-6456148b3ccf,English (English),3,3,5,lavender,lavender,no,p3,0.207304,0.129311,0.370901,full,2.0.2,en,black
e8c19b10-24f2-459b-90f0-6456148b3ccf,English (English),3,3,6,lavender,lavender,no,p3,0.147828,0.653124,0.168002,full,2.0.2,en,black
e8c19b10-24f2-459b-90f0-6456148b3ccf,English (English),3,3,7,lavender,lavender,yes,p3,0.365742,0.393492,0.723659,full,2.0.2,en,black
e8c19b10-24f2-459b-90f0-6456148b3ccf,English (English),5,0,0,gold,gold,no,p3,0.98813,0.597839,0.479653,full,2.0.2,en,black
e8c19b10-24f2-459b-90f0-6456148b3ccf,English (English),5,0,1,gold,gold,no,p3,0.964856,0.910327,0.826521,full,2.0.2,en,black
e8c19b10-24f2-459b-90f0-6456148b3ccf,English (English),5,0,2,gold,gold,no,p3,0.129068,0.317828,0.463197,full,2.0.2,en,black
e8c19b10-24f2-459b-90f0-6456148b3ccf,English (English),5,0,3,gold,gold,no,p3,0.24282,0.289358,0.126885,full,2.0.2,en,black
e8c19b10-24f2-459b-90f0-6456148b3ccf,English (English),5,0,4,gold,gold,no,p3,0.188096,0.416442,0.245201,full,2.0.2,en,black
e8c19b10-24f2-459b-90f0-6456148b3ccf,English (English),5,0,5,gold,gold,no,p3,0.439806,0.029405,0.475016,full,2.0.2,en,black
e8c19b10-24f2-459b-90f0-6456148b3ccf,English (English),5,0,6,gold,gold,no,p3,0.727275,0.094082,0.569898,full,2.0.2,en,black
e8c19b10-24f2-459b-90f0-6456148b3ccf,English (English),5,0,7,gold,gold,no,p3,0.338979,0.243899,0.515593,full,2.0.2,en,black
e8c19b10-24f2-459b-90f0-6456148b3ccf,English (English),5,1,0,lightgreen,light green,no,p3,0.98813,0.597839,0.479653,full,2.0.2,en,black
e8c19b10-24f2-459b-90f0-6456148b3ccf,English (English),5,1,1,lightgreen,light green,no,p3,0.964856,0.910327,0.826521,full,2.0.2,en,black
e8c19b10-24f2-459b-90f0-6456148b3ccf,English (English),5,1,2,lightgreen,light green,no,p3,0.129068,0.317828,0.463197,full,2.0.2,en,black
e8c19b10-24f2-459b-90f0-6456148b3ccf,English (English),5,1,3,lightgreen,light green,no,p3,0.24282,0.289358,0.126885,full,2.0.2,en,black
e8c19b10-24f2-459b-90f0-6456148b3ccf,English (English),5,1,4,lightgreen,light green,no,p3,0.188096,0.416442,0.245201,full,2.0.2,en,black
e8c19b10-24f2-459b-90f0-6456148b3ccf,English (English),5,1,5,lightgreen,light green,no,p3,0.439806,0.029405,0.475016,full,2.0.2,en,black
e8c19b10-24f2-459b-90f0-6456148b3ccf,English (English),5,1,6,lightgreen,light green,no,p3,0.727275,0.094082,0.569898,full,2.0.2,en,black
e8c19b10-24f2-459b-90f0-6456148b3ccf,English (English),5,1,7,lightgreen,light green,no,p3,0.338979,0.243899,0.515593,full,2.0.2,en,black
e8c19b10-24f2-459b-90f0-6456148b3ccf,English (English),5,2,0,green,green,no,p3,0.98813,0.597839,0.479653,full,2.0.2,en,black
e8c19b10-24f2-459b-90f0-6456148b3ccf,English (English),5,2,1,green,green,no,p3,0.964856,0.910327,0.826521,full,2.0.2,en,black
e8c19b10-24f2-459b-90f0-6456148b3ccf,English (English),5,2,2,green,green,no,p3,0.129068,0.317828,0.463197,full,2.0.2,en,black
e8c19b10-24f2-459b-90f0-6456148b3ccf,English (English),5,2,3,green,green,yes,p3,0.24282,0.289358,0.126885,full,2.0.2,en,black
e8c19b10-24f2-459b-90f0-6456148b3ccf,English (English),5,2,4,green,green,yes,p3,0.188096,0.416442,0.245201,full,2.0.2,en,black
e8c19b10-24f2-459b-90f0-6456148b3ccf,English (English),5,2,5,green,green,no,p3,0.439806,0.029405,0.475016,full,2.0.2,en,black
e8c19b10-24f2-459b-90f0-6456148b3ccf,English (English),5,2,6,green,green,no,p3,0.727275,0.094082,0.569898,full,2.0.2,en,black
e8c19b10-24f2-459b-90f0-6456148b3ccf,English (English),5,2,7,green,green,no,p3,0.338979,0.243899,0.515593,full,2.0.2,en,black
e8c19b10-24f2-459b-90f0-6456148b3ccf,English (English),5,3,0,pastelgreen,pastel green,no,p3,0.98813,0.597839,0.479653,full,2.0.2,en,black
e8c19b10-24f2-459b-90f0-6456148b3ccf,English (English),5,3,1,pastelgreen,pastel green,no,p3,0.964856,0.910327,0.826521,full,2.0.2,en,black
e8c19b10-24f2-459b-90f0-6456148b3ccf,English (English),5,3,2,pastelgreen,pastel green,no,p3,0.129068,0.317828,0.463197,full,2.0.2,en,black
e8c19b10-24f2-459b-90f0-6456148b3ccf,English (English),5,3,3,pastelgreen,pastel green,no,p3,0.24282,0.289358,0.126885,full,2.0.2,en,black
e8c19b10-24f2-459b-90f0-6456148b3ccf,English (English),5,3,4,pastelgreen,pastel green,no,p3,0.188096,0.416442,0.245201,full,2.0.2,en,black
e8c19b10-24f2-459b-90f0-6456148b3ccf,English (English),5,3,5,pastelgreen,pastel green,no,p3,0.439806,0.029405,0.475016,full,2.0.2,en,black
e8c19b10-24f2-459b-90f0-6456148b3ccf,English (English),5,3,6,pastelgreen,pastel green,no,p3,0.727275,0.094082,0.569898,full,2.0.2,en,black
e8c19b10-24f2-459b-90f0-6456148b3ccf,English (English),5,3,7,pastelgreen,pastel green,no,p3,0.338979,0.243899,0.515593,full,2.0.2,en,black
