participantId,ipCountry,contentLanguage,ip_region
3137,United States,en,
3138,United States,en,
3139,United States,en,
3140,United States,en,
3141,United States,en,
3142,United States,en,
3143,United States,en,
3144,United States,en,
3145,United States,en,
3146,United States,en,
3147,United Kingdom,en,
3148,United States,en,
3149,United States,en,
3150,United States,en,
3151,United States,en,
3152,United States,en,
3153,United States,en,
3154,United States,en,
3155,United States,en,
3156,United States,en,
3157,United States,en,
3158,United States,en,
3159,United States,en,
3160,Republic of Korea,en,
3161,United States,en,
3162,United States,en,
3163,United States,en,
3164,United States,en,
3165,United States,en,
3166,United States,en,
3167,United States,en,
3168,United States,en,
3169,United States,en,
3170,United States,en,
3171,United States,en,
3172,United States,en,
3173,United States,en,
3174,United States,en,
3175,United States,en,
3176,United States,en,
3177,United States,en,
3178,United States,en,
3179,United States,en,
3180,United States,en,
3181,United States,en,
3182,United States,en,
3183,United States,en,
3184,United States,en,
3185,United States,en,
3186,United States,en,
3187,United States,en,
3188,United States,en,
3189,United States,en,
3190,United States,en,
3191,United States,en,
3192,United States,en,
3193,United States,en,
3194,United States,en,
3195,United States,en,
3196,United States,en,
3197,United States,en,
3198,United States,en,
3199,United States,en,
3200,United States,en,
3201,United States,en,
3202,United States,en,
3203,United States,en,
3204,United States,en,
3205,United States,en,
3206,United States,en,
3207,United States,en,
3208,United States,en,
3209,United States,en,
3210,United States,en,
3211,United States,en,
3212,United States,en,
3213,Brunei,en,
3214,United States,en,
3215,United States,en,
3216,United States,en,
3217,United States,en,
3218,United States,en,
3219,United States,en,
3220,United States,en,
3221,United States,en,
3222,Republic of Korea,en,
3223,United States,en,
3224,United States,en,
3225,United States,en,
3226,United States,en,
3227,United States,en,
3228,United States,en,
3229,United States,en,
3230,United States,en,
3231,United States,en,
3232,United States,en,
3233,United States,en,
3234,United States,en,
3235,United States,en,
3236,United States,en,
3237,United States,en,
3238,United States,en,
3239,United States,en,
3240,United States,en,
3241,United States,en,
3242,United States,en,
3243,United States,en,
3244,United States,en,
3245,United States,en,
3246,United States,en,
3247,United States,en,
3248,Republic of Korea,en,
3249,United States,en,
3250,United States,en,
3251,United States,en,
3252,Republic of Korea,en,
3253,United States,en,
3254,United States,en,
3255,United States,en,
3256,United States,en,
3257,United States,en,
3258,United States,en,
3259,United States,en,
3260,United States,en,
3261,United States,en,
3262,United States,en,
3263,United States,en,
3264,United States,en,
3265,Japan,en,
3266,United States,en,
3267,Republic of Korea,en,
3268,Republic of Korea,en,
3269,United States,en,
3270,Republic of Korea,en,
3271,United States,en,
3272,Republic of Korea,en,
3273,United States,en,
3274,United States,en,
3275,United States,en,
3276,United States,en,
3277,United States,en,
3278,United States,en,
3279,United States,en,
3280,United States,en,
3281,United States,en,
3282,United States,en,
3283,United States,en,
3284,United States,en,
3285,United States,en,
3286,United States,en,
3287,United States,en,
3288,United States,en,
3289,United States,en,
3290,United States,en,
3291,United States,en,
3292,United States,en,
3293,United States,en,
3294,United States,en,
3295,United States,en,
3296,United States,en,
3297,United States,en,
3298,United States,en,
3299,Republic of Korea,en,
3300,United States,en,
3301,United States,en,
3302,United States,en,
3303,United States,en,
3304,United States,en,
3305,Republic of Korea,en,
3306,United States,en,
3307,United States,en,
3308,United States,en,
3309,United States,en,
3310,United States,en,
3311,United States,en,
3312,United States,en,
3313,United States,en,
3314,United States,en,
3315,Mexico,en,
3316,United States,en,
3317,United States,en,
3318,United States,en,
3319,United States,en,
3320,United States,en,
3321,United States,en,
3322,United States,en,
3323,United States,en,
3324,United States,en,
3325,United States,en,
3326,United States,en,
3327,United States,en,
3328,New Zealand,en,
3329,Japan,en,
3330,United States,en,
3331,United States,en,
3332,United States,en,
3333,United States,en,
3334,United States,en,
3335,United States,en,
3336,United States,en,
3337,United States,en,
3338,United States,en,
3339,United States,en,
3340,United States,en,
3341,United States,en,
3342,United States,en,
3343,Republic of Korea,en,
3344,United States,en,
3345,United States,en,
3346,United States,en,
3347,United States,en,
3348,United States,en,
3349,United States,en,
3350,United States,en,
3351,United States,en,
3352,United States,en,
3353,United States,en,
3354,United States,en,
3355,United States,en,
3356,Republic of Korea,en,
3357,United States,en,
3358,United States,en,
3359,Republic of Korea,en,
3360,United States,en,
3361,United States,en,
3362,United States,en,
3363,United States,en,
3364,United States,en,
3365,United States,en,
3366,United States,en,
3367,United States,en,
3368,United States,en,
3369,United States,en,
3370,United States,en,
3371,United States,en,
3372,United States,en,
3373,United States,en,
3374,United States,en,
3375,United States,en,
3376,Australia,en,
3377,United States,en,
3378,Canada,en,
3379,United States,en,
3380,United States,en,
3381,United States,en,
3382,United States,en,
3383,Thailand,en,
3384,United States,en,
3385,United States,en,
3386,United States,en,
3387,Republic of Korea,en,
3388,United States,en,
3389,United States,en,
3390,United States,en,
3391,Republic of Korea,en,
3392,United States,en,
3393,United States,en,
3394,United States,en,
3395,United States,en,
3396,United States,en,
3397,United States,en,
3398,United States,en,
3399,United States,en,
3400,Republic of Korea,en,
3401,United States,en,
3402,United States,en,
3403,United States,en,
3404,United States,en,
3405,United States,en,
3406,Canada,en,
3407,United States,en,
3408,United States,en,
3409,United States,en,
3410,United States,en,
3411,United States,en,
3412,United States,en,
3413,United States,en,
3414,United States,en,
3415,United States,en,
3416,United States,en,
3417,United States,en,
3418,United States,en,
3419,United States,en,
3420,United States,en,
3421,United States,en,
3422,Republic of Korea,en,
3423,Republic of Korea,en,
3424,United States,en,
3425,United States,en,
3426,United States,en,
3427,United States,en,
3428,Norway,en,
3429,United States,en,
3430,Slovak Republic,en,
3431,United States,en,
3432,United States,en,
3433,Slovak Republic,en,
3434,United States,en,
3435,United States,en,
3436,New Zealand,en,
3437,Republic of Korea,en,
3438,United States,en,
3439,United States,en,
3440,United States,en,
3441,Switzerland,en,
3442,United States,en,
3443,United States,en,
3444,United States,en,
3445,United States,en,
3446,United States,en,
3447,United States,en,
3448,United States,en,
3449,United States,en,
3450,United States,en,
3451,United States,en,
3452,United States,en,
3453,Norway,en,
3454,United States,en,
3455,United States,en,
3456,United States,en,
3457,United States,en,
3458,United States,en,
3459,United States,en,
3460,United States,en,
3461,United States,en,
3462,United States,en,
3463,United States,en,
3464,United States,en,
3465,United States,en,
3466,United States,en,
3467,United States,en,
3468,United States,en,
3469,United States,en,
3470,United States,en,
3471,Republic of Korea,en,
3472,United States,en,
3473,United States,en,
3474,United States,en,
3475,United States,en,
3476,United States,en,
3477,United States,en,
3478,United States,en,
3479,Slovak Republic,en,
3480,United States,en,
3481,Republic of Korea,en,
3482,Republic of Korea,en,
3483,United States,en,
3484,United States,en,
3485,United States,en,
3486,United States,en,
3487,Republic of Korea,en,
3488,United States,en,
3489,Republic of Korea,en,
3490,United States,en,
3491,United States,en,
3492,United States,en,
3493,United States,en,
3494,United States,en,
3495,United States,en,
3496,United States,en,
3497,Ireland,en,
3498,United States,en,
3499,United States,en,
3500,Republic of Korea,en,
3501,Republic of Korea,en,
3502,Republic of Korea,en,
3503,United States,en,
3504,United States,en,
3505,United States,en,
3506,United States,en,
3507,United States,en,
3508,United States,en,
3509,United States,en,
3510,Switzerland,en,
3511,Republic of Korea,en,
3512,United States,en,
3513,Tanzania,en,
3514,United States,en,
3515,Liberia,en,
3516,Liberia,en,
3517,United States,en,
3518,United States,en,
3519,United States,en,
3520,United States,en,
3521,United States,en,
3522,United Kingdom,en,
3523,United States,en,
3524,United States,en,
3525,United States,en,
3526,United States,en,
3527,United States,en,
3528,United States,en,
3529,United States,en,
3530,United States,en,
3531,United States,en,
3532,United States,en,
3533,United States,en,
3534,Republic of Korea,en,
3535,United States,en,
3536,United States,en,
3537,United States,en,
3538,United States,en,
3539,United States,en,
3540,Switzerland,en,
3541,United States,en,
3542,Switzerland,en,
3543,United States,en,
3544,United States,en,
3545,United States,en,
3546,United States,en,
3547,United States,en,
3548,United States,en,
3549,United States,en,
3550,United States,en,
3551,United States,en,
3552,Republic of Korea,en,
3553,United States,en,
3554,United States,en,
3555,Republic of Korea,en,
3556,United States,en,
3557,United States,en,
3558,United States,en,
3559,United States,en,
3560,United States,en,
3561,United States,en,
3562,United States,en,
3563,United States,en,
3564,United States,en,
3565,United States,en,
3566,United States,en,
3567,France,en,
3568,United Kingdom,en,
3569,United States,en,
3570,United States,en,
3571,Canada,en,
3572,United States,en,
3573,United States,en,
3574,United Kingdom,en,
3575,United States,en,
3576,United States,en,
3577,United States,en,
3578,United States,en,
3579,United States,en,
3580,United States,en,
3581,United States,en,
3582,Switzerland,en,
3583,United States,en,
3584,United States,en,
3585,United Kingdom,en,
3586,United States,en,
3587,United States,en,
3588,United States,en,
3589,United States,en,
3590,United States,en,
3591,United States,en,
3592,United States,en,
3593,United States,en,
3594,Liberia,en,
3595,United States,en,
3596,United States,en,
3597,United States,en,
3598,United States,en,
3599,United States,en,
3600,United States,en,
3601,United States,en,
3602,United States,en,
3603,United States,en,
3604,Poland,en,
3605,United States,en,
3606,United States,en,
3607,Poland,en,
3608,United States,en,
3609,United States,en,
3610,United States,en,
3611,United States,en,
3612,United States,en,
3613,United States,en,
3614,United States,en,
3615,United States,en,
3616,United States,en,
3617,United States,en,
3618,United States,en,
3619,United States,en,
3620,Poland,en,
3621,United States,en,
3622,United States,en,
3623,United States,en,
3624,United States,en,
3625,United States,en,
3626,United States,en,
3627,United States,en,
3628,United States,en,
3629,United States,en,
3630,United States,en,
3631,United States,en,
3632,United States,en,
3633,United States,en,
3634,United States,en,
3635,United States,en,
3636,United States,en,
3637,United States,en,
3638,United States,en,
3639,United States,en,
3640,United States,en,
3641,United States,en,
3642,United States,en,
3643,United States,en,
3644,Poland,en,
3645,United States,en,
3646,United States,en,
3647,Poland,en,
3648,United States,en,
3649,United States,en,
3650,United States,en,
3651,United States,en,
3652,United States,en,
3653,United States,en,
3654,United States,en,
3655,United States,en,
3656,United States,en,
3657,United States,en,
3658,United States,en,
3659,United States,en,
3660,United States,en,
3661,United States,en,
3662,United States,en,
3663,United States,en,
3664,United States,en,
3665,United States,en,
3666,United States,en,
3667,United States,en,
3668,United States,en,
3669,United States,en,
3670,United States,en,
3671,United States,en,
3672,United States,en,
3673,United States,en,
3674,United States,en,
3675,United States,en,
3676,United States,en,
3677,United States,en,
3678,Japan,en,
3679,United States,en,
3680,United States,en,
3681,United States,en,
3682,United States,en,
3683,Liberia,en,
3684,United States,en,
3685,Poland,en,
3686,Republic of Korea,en,
3687,United States,en,
3688,United States,en,
3689,United States,en,
3690,United States,en,
3691,United States,en,
3692,United States,en,
3693,United States,en,
3694,United States,en,
3695,Brazil,en,
3696,Brazil,en,
3697,United States,en,
3698,United States,en,
3699,Canada,en,
3700,United States,en,
3701,Canada,en,
3702,United States,en,
3703,United States,en,
3704,Canada,en,
3705,United States,en,
3706,United States,en,
3707,United States,en,
3708,United States,en,
3709,Republic of Korea,en,
3710,Republic of Korea,en,
3711,Republic of Korea,en,
3712,United States,en,
3713,United States,en,
3714,Republic of Korea,en,
3715,Republic of Korea,en,
3716,Republic of Korea,en,
3717,United States,en,
3718,Canada,en,
3719,United States,en,
3720,United States,en,
3721,Republic of Korea,en,
3722,Republic of Korea,en,
3723,Hong Kong,en,
3724,Republic of Korea,en,
3725,Republic of Korea,en,
3726,Republic of Korea,en,
3727,United States,en,
3728,United States,en,
3729,United States,en,
3730,United States,en,
3731,United States,en,
3732,Republic of Korea,en,
3733,Republic of Korea,en,
3734,United States,en,
3735,United States,en,
3736,United States,en,
3737,Peru,en,
3738,Peru,en,
3739,Republic of Korea,en,
3740,United States,en,
3741,United States,en,
3742,United States,en,
3743,United States,en,
3744,United States,en,
3745,Republic of Korea,en,
3746,Republic of Korea,en,
3747,United States,en,
3748,United States,en,
3749,United States,en,
3750,Republic of Korea,en,
3751,Mexico,en,
3752,Republic of Korea,en,
3753,United States,en,
3754,Vietnam,en,
3755,Brazil,en,
3756,Republic of Korea,en,
3757,United States,en,
3758,Republic of Korea,en,
3759,Republic of Korea,en,
3760,Republic of Korea,en,
3761,Republic of Korea,en,
3762,United States,en,
3763,Canada,en,
3764,United States,en,
3765,United States,en,
3766,Republic of Korea,en,
3767,Republic of Korea,en,
3768,,en,
3769,United States,en,
3770,Republic of Korea,en,
3771,Republic of Korea,en,
3772,United States,en,
3773,United States,en,
3774,United States,en,
3775,United States,en,
3776,United States,en,
3777,United States,en,
3778,United States,en,
3779,United States,en,
3780,United States,en,
3781,United States,en,
3782,United States,en,
3783,Republic of Korea,en,
3784,Republic of Korea,en,
3785,United States,en,
3786,Australia,en,
3787,United States,en,
3788,United States,en,
3789,United States,en,
3790,Poland,en,
3791,Republic of Korea,en,
3792,Switzerland,en,
3793,Republic of Korea,en,
3794,United States,en,
3795,Australia,en,
3796,Australia,en,
3797,Australia,en,
3798,Republic of Korea,en,
3799,United Kingdom,en,
3800,Republic of Korea,en,
3801,New Zealand,en,
3802,United Kingdom,en,
3803,United Kingdom,en,
3804,United Kingdom,en,
3805,Republic of Korea,en,
3806,United Kingdom,en,
3807,United States,en,
3808,United Kingdom,en,
3809,Brazil,en,
3810,United States,en,
3811,United Kingdom,en,
3812,United States,en,
3813,Canada,en,
3814,United States,en,
3815,Republic of Korea,en,
3816,Tanzania,en,
3817,United Kingdom,en,
3818,Republic of Korea,en,
3819,Republic of Korea,en,
3820,United Kingdom,en,
3821,United Kingdom,en,
3822,United States,en,
3823,United States,en,
3824,Slovenia,en,
3825,Poland,en,
3826,Poland,en,
3827,Canada,en,
3828,United States,en,
3829,United States,en,
3830,United States,en,
3831,United States,en,
3832,United States,en,
3833,United States,en,
3834,United States,en,
3835,United States,en,
3836,United States,en,
3837,United States,en,
3838,United States,en,
3839,Republic of Korea,en,
3840,United Kingdom,en,
3841,United Kingdom,en,
3842,United Kingdom,en,
3843,United Kingdom,en,
3844,United Kingdom,en,
3845,United States,en,
3846,United States,en,
3847,United States,en,
3848,United States,en,
3849,United States,en,
3850,United Kingdom,en,
3851,United States,en,
3852,United States,en,
3853,United States,en,
3854,United States,en,
3855,United States,en,
3856,United States,en,
3857,France,en,
3858,United States,en,
3859,United States,en,
3860,United States,en,
3861,United States,en,
3862,United States,en,
3863,United States,en,
3864,United States,en,
3865,United States,en,
3866,United States,en,
3867,United States,en,
3868,United States,en,
3869,United States,en,
3870,United States,en,
3871,United States,en,
3872,United Kingdom,en,
3873,United States,en,
3874,United Kingdom,en,
3875,United States,en,
3876,United States,en,
3877,United States,en,
3878,United States,en,
3879,United States,en,
3880,United States,en,
3881,United States,en,
3882,United States,en,
3883,United States,en,
3884,United States,en,
3885,United States,en,
3886,United States,en,
3887,United States,en,
3888,United States,en,
3889,United States,en,
3890,United States,en,
3891,United States,en,
3892,United States,en,
3893,United States,en,
3894,United States,en,
3895,United States,en,
3896,United States,en,
3897,United States,en,
3898,United States,en,
3899,United States,en,
3900,United States,en,
3901,United States,en,
3902,United States,en,
3903,United States,en,
3904,United States,en,
3905,United States,en,
3906,United States,en,
3907,United States,en,
3908,United States,en,
3909,United States,en,
3910,United States,en,
3911,United States,en,
3912,United States,en,
3913,United States,en,
3914,United States,en,
3915,United States,en,
3916,United States,en,
3917,United States,en,
3918,United States,en,
3919,United States,en,
3920,United States,en,
3921,United States,en,
3922,United States,en,
3923,United States,en,
3924,United States,en,
3925,United States,en,
3926,United States,en,
3927,United States,en,
3928,United States,en,
3929,United States,en,
3930,United States,en,
3931,United States,en,
3932,United States,en,
3933,United States,en,
3934,United States,en,
3935,United States,en,
3936,United States,en,
3937,United States,en,
3938,United States,en,
3939,United States,en,
3940,United Kingdom,en,
3941,United Kingdom,en,
3942,United States,en,
3943,United States,en,
3944,United States,en,
3945,United States,en,
3946,United States,en,
3947,United States,en,
3948,United States,en,
3949,Republic of Korea,en,
3950,United States,en,
3951,United States,en,
3952,United States,en,
3953,United States,en,
3954,United States,en,
3955,United States,en,
3956,United States,en,
3957,United States,en,
3958,United States,en,
3959,United States,en,
3960,United States,en,
3961,Republic of Korea,en,
3962,United States,en,
3963,United States,en,
3964,United States,en,
3965,United States,en,
3966,United States,en,
3967,United States,en,
3968,United States,en,
3969,United States,en,
3970,United States,en,
3971,United States,en,
3972,United States,en,
3973,United States,en,
3974,United States,en,
3975,United States,en,
3976,United States,en,
3977,United States,en,
3978,Canada,en,
3979,United States,en,
3980,United States,en,
3981,United States,en,
3982,United States,en,
3983,Australia,en,
3984,United States,en,
3985,United States,en,
3986,United States,en,
3987,United States,en,
3988,Australia,en,
3989,Republic of Korea,en,
3990,United States,en,
3991,United States,en,
3992,United States,en,
3993,United States,en,
3994,United States,en,
3995,United States,en,
3996,United States,en,
3997,United States,en,
3998,United States,en,
3999,United States,en,
4000,United States,en,
4001,United States,en,
4002,United States,en,
4003,United States,en,
4004,Canada,en,
4005,Canada,en,
4006,United States,en,
4007,United States,en,
4008,United States,en,
4009,United States,en,
4010,United States,en,
4011,Republic of Korea,en,
4012,Belgium,en,
4013,United States,en,
4014,Poland,en,
4015,United States,en,
4016,United Kingdom,en,
4017,United States,en,
4018,Australia,en,
4019,United States,en,
4020,United States,en,
4021,United States,en,
4022,United States,en,
4023,United States,en,
4024,Republic of Korea,en,
4025,United States,en,
4026,United States,en,
4027,United States,en,
4028,United States,en,
4029,United States,en,
4030,United States,en,
4031,United States,en,
4032,United States,en,
4033,Liberia,en,
4034,Republic of Korea,en,
4035,United States,en,
4036,United States,en,
4037,United States,en,
4038,United States,en,
4039,United States,en,
4040,United States,en,
4041,United States,en,
4042,United States,en,
4043,United States,en,
4044,United States,en,
4045,United States,en,
4046,United States,en,
4047,United States,en,
4048,United States,en,
4049,United States,en,
4050,United States,en,
4051,United States,en,
4052,United States,en,
4053,United States,en,
4054,United States,en,
4055,United States,en,
4056,Hong Kong,en,
4057,United States,en,
4058,United States,en,
4059,United States,en,
4060,Vietnam,en,
4061,United States,en,
4062,United States,en,
4063,United States,en,
4064,United States,en,
4065,United States,en,
4066,United States,en,
4067,United States,en,
4068,United States,en,
4069,United States,en,
4070,United States,en,
4071,United Kingdom,en,
4072,United States,en,
4073,United States,en,
4074,Tanzania,en,
4075,Republic of Korea,en,
4076,Republic of Korea,en,
4077,Republic of Korea,en,
4078,United States,en,
4079,United States,en,
4080,Republic of Korea,en,
4081,Republic of Korea,en,
4082,Tanzania,en,
4083,New Zealand,en,
4084,Liberia,en,
4085,Poland,en,
4086,United States,en,
4087,United States,en,
4088,Liberia,en,
4089,United States,en,
4090,Ukraine,en,
4091,United States,en,
4092,United States,en,
4093,United States,en,
4094,United States,en,
4095,United States,en,
4096,United States,en,
4097,United States,en,
4098,United States,en,
4099,United States,en,
4100,United States,en,
4101,United States,en,
4102,Ukraine,en,
4103,Russia,en,
4104,United States,en,
4105,Russia,en,
4106,United States,en,
4107,United States,en,
4108,United States,en,
4109,United States,en,
4110,United States,en,
4111,United States,en,
4112,United States,en,
4113,United Kingdom,en,
4114,Russia,en,
4115,Finland,en,
4116,United States,en,
4117,Russia,en,
4118,Germany,en,
4119,United States,en,
4120,Liberia,en,
4121,Guatemala,en,
4122,United States,en,
4123,United States,en,
4124,Russia,en,
4125,Russia,en,
4126,United States,en,
4127,United States,en,
4128,United States,en,
4129,United States,en,
4130,United States,en,
4131,United States,en,
4132,United States,en,
4133,United States,en,
4134,United States,en,
4135,United States,en,
4136,United States,en,
4137,Germany,en,
4138,United States,en,
4139,Australia,en,
4140,United States,en,
4141,Australia,en,
4142,United States,en,
4143,United States,en,
4144,Australia,en,
4145,United States,en,
4146,United States,en,
4147,Indonesia,en,
4148,United States,en,
4149,United States,en,
4150,United States,en,
4151,United States,en,
4152,United States,en,
4153,United States,en,
4154,United States,en,
4155,United States,en,
4156,United States,en,
4157,United States,en,
4158,United States,en,
4159,United States,en,
4160,United States,en,
4161,United States,en,
4162,United States,en,
4163,United States,en,
4164,United States,en,
4165,United States,en,
4166,Japan,en,
4167,United States,en,
4168,United States,en,
4169,United States,en,
4170,United States,en,
4171,United States,en,
4172,United States,en,
4173,United States,en,
4174,United States,en,
4175,United States,en,
4176,United States,en,
4177,United States,en,
4178,United States,en,
4179,United States,en,
4180,United States,en,
4181,United States,en,
4182,United States,en,
4183,United States,en,
4184,United States,en,
4185,United States,en,
4186,United States,en,
4187,United States,en,
4188,Japan,en,
4189,United States,en,
4190,United States,en,
4191,United States,en,
4192,United States,en,
4193,United States,en,
4194,Finland,en,
4195,United States,en,
4196,United States,en,
4197,Germany,en,
4198,United States,en,
4199,United States,en,
4200,United States,en,
4201,Finland,en,
4202,Liberia,en,
4203,Japan,en,
4204,Japan,en,
4205,United States,en,
4206,United States,en,
4207,United States,en,
4208,Australia,en,
4209,United States,en,
4210,United States,en,
4211,United States,en,
4212,United States,en,
4213,United States,en,
4214,United States,en,
4215,Russia,en,
4216,Russia,en,
4217,United States,en,
4218,United States,en,
4219,United States,en,
4220,United States,en,
4221,Japan,en,
4222,Liberia,en,
4223,United States,en,
4224,United States,en,
4225,United States,en,
4226,United States,en,
4227,United States,en,
4228,United States,en,
4229,United States,en,
4230,United States,en,
4231,United States,en,
4232,United States,en,
4233,United States,en,
4234,Finland,en,
4235,United States,en,
4236,United States,en,
4237,United States,en,
4238,United States,en,
4239,United States,en,
4240,Finland,en,
4241,United States,en,
4242,United States,en,
4243,United States,en,
4244,United States,en,
4245,United States,en,
4246,United States,en,
4247,Netherlands,en,
4248,United States,en,
4249,United States,en,
4250,United States,en,
4251,United States,en,
4252,United States,en,
4253,United States,en,
4254,United States,en,
4255,United States,en,
4256,United States,en,
4257,United States,en,
4258,United States,en,
4259,United States,en,
4260,United States,en,
4261,United States,en,
4262,Cayman Islands,en,
4263,Cayman Islands,en,
4264,United States,en,
4265,United States,en,
4266,United States,en,
4267,United States,en,
4268,United States,en,
4269,United States,en,
4270,Finland,en,
4271,Liberia,en,
4272,United States,en,
4273,Liberia,en,
4274,United States,en,
4275,Azerbaijan,en,
4276,United States,en,
4277,United States,en,
4278,United States,en,
4279,Republic of Korea,en,
4280,Liberia,en,
4281,Liberia,en,
4282,United States,en,
4283,Croatia,en,
4284,United States,en,
4285,Liberia,en,
4286,Liberia,en,
4287,United States,en,
4288,Liberia,en,
4289,United States,en,
4290,United States,en,
4291,Liberia,en,
4292,Liberia,en,
4293,Liberia,en,
4294,Russia,en,
4295,Liberia,en,
4296,Russia,en,
4297,United States,en,
4298,United States,en,
4299,United States,en,
4300,United States,en,
4301,United States,en,
4302,Canada,en,
4303,United States,en,
4304,United States,en,
4305,United States,en,
4306,United States,en,
4307,United States,en,
4308,United States,en,
4309,United States,en,
4310,United States,en,
4311,United States,en,
4312,United States,en,
4313,United States,en,
4314,United States,en,
4315,United States,en,
4316,Japan,en,
4317,United States,en,
4318,United States,en,
4319,United States,en,
4320,United States,en,
4321,United States,en,
4322,United States,en,
4323,United States,en,
4324,United States,en,
4325,United States,en,
4326,United Kingdom,en,
4327,Bulgaria,en,
4328,United States,en,
4329,United States,en,
4330,Republic of Korea,en,
4331,United States,en,
4332,Poland,en,
4333,United States,en,
4334,United States,en,
4335,United States,en,
4336,Ireland,en,
4337,Ireland,en,
4338,Ireland,en,
4339,Ireland,en,
4340,Germany,en,
4341,Germany,en,
4342,United States,en,
4343,United States,en,
4344,United States,en,
4345,Vietnam,en,
4346,United States,en,
4347,United States,en,
4348,United States,en,
4349,United States,en,
4350,Singapore,en,
4351,United States,en,
4352,Hungary,en,
4353,Hungary,en,
4354,Bangladesh,en,
4355,United States,en,
4356,United States,en,
4357,United States,en,
4358,United States,en,
4359,United States,en,
4360,United States,en,
4361,United Kingdom,en,
4362,United States,en,
4363,United States,en,
4364,Romania,en,
4365,Israel,en,
4366,Republic of Korea,en,
4367,Republic of Korea,en,
4368,Republic of Korea,en,
4369,Republic of Korea,en,
4370,United States,en,
4371,United States,en,
4372,United Kingdom,en,
4373,Republic of Korea,en,
4374,United States,en,
4375,United States,en,
4376,Republic of Korea,en,
4377,United States,en,
4378,United States,en,
4379,United States,en,
4380,Republic of Korea,en,
4381,Republic of Korea,en,
4382,United States,en,
4383,United States,en,
4384,United States,en,
4385,United States,en,
4386,United States,en,
4387,United States,en,
4388,United States,en,
4389,South Africa,en,
4390,United States,en,
4391,United States,en,
4392,Belgium,en,
4393,United States,en,
4394,United States,en,
4395,United States,en,
4396,Sweden,en,
4397,United States,en,
4398,United States,en,
4399,United States,en,
4400,United States,en,
4401,United States,en,
4402,United States,en,
4403,United States,en,
4404,United States,en,
4405,United States,en,
4406,United States,en,
4407,United States,en,
4408,United States,en,
4409,United States,en,
4410,United States,en,
4411,United States,en,
4412,United States,en,
4413,United States,en,
4414,United States,en,
4415,United States,en,
4416,Switzerland,en,
4417,United States,en,
4418,United States,en,
4419,Belgium,en,
4420,Switzerland,en,
4421,United States,en,
4422,Belgium,en,
4423,United States,en,
4424,Ukraine,en,
4425,United States,en,
4426,United States,en,
4427,United States,en,
4428,United States,en,
4429,United States,en,
4430,United States,en,
4431,United States,en,
4432,United States,en,
4433,United States,en,
4434,United States,en,
4435,United States,en,
4436,United States,en,
4437,United States,en,
4438,United States,en,
4439,United States,en,
4440,United States,en,
4441,Canada,en,
4442,United States,en,
4443,United States,en,
4444,United States,en,
4445,United States,en,
4446,United States,en,
4447,United States,en,
4448,United States,en,
4449,United States,en,
4450,United States,en,
4451,United States,en,
4452,United States,en,
4453,Republic of Korea,en,
4454,Republic of Korea,en,
4455,United States,en,
4456,Republic of Korea,en,
4457,Republic of Korea,en,
4458,United States,en,
4459,United States,en,
4460,United States,en,
4461,United States,en,
4462,United States,en,
4463,United States,en,
4464,United States,en,
4465,United States,en,
4466,Republic of Korea,en,
4467,United States,en,
4468,Republic of Korea,en,
4469,Republic of Korea,en,
4470,United States,en,
4471,United States,en,
4472,United States,en,
4473,United States,en,
4474,United States,en,
4475,United States,en,
4476,Australia,en,
4477,United States,en,
4478,United States,en,
4479,United States,en,
4480,United States,en,
4481,Saudi Arabia,en,
4482,Saudi Arabia,en,
4483,United States,en,
4484,United States,en,
4485,United States,en,
4486,United States,en,
4487,United States,en,
4488,United States,en,
4489,United States,en,
4490,United States,en,
4491,United States,en,
4492,United States,en,
4493,Republic of Korea,en,
4494,United States,en,
4495,Republic of Korea,en,
4496,Republic of Korea,en,
4497,Japan,en,
4498,Ukraine,en,
4499,United States,en,
4500,United States,en,
4501,United States,en,
4502,United States,en,
4503,Indonesia,en,
4504,France,en,
4505,United States,en,
4506,United States,en,
4507,United States,en,
4508,United States,en,
4509,United States,en,
4510,United States,en,
4511,United States,en,
4512,United States,en,
4513,United Arab Emirates,en,
4514,United States,en,
4515,United Arab Emirates,en,
4516,United Arab Emirates,en,
4517,United States,en,
4518,United Arab Emirates,en,
4519,United States,en,
4520,United States,en,
4521,United States,en,
4522,United States,en,
4523,United States,en,
4524,United States,en,
4525,United States,en,
4526,United States,en,
4527,United States,en,
4528,United States,en,
4529,United States,en,
4530,United States,en,
4531,United States,en,
4532,United States,en,
4533,United States,en,
4534,Ukraine,en,
4535,Malawi,en,
4536,United States,en,
4537,United States,en,
4538,United States,en,
4539,United States,en,
4540,United States,en,
4541,United States,en,
4542,United States,en,
4543,United States,en,
4544,United States,en,
4545,United States,en,
4546,Panama,en,
4547,United States,en,
4548,United States,en,
4549,United States,en,
4550,United States,en,
4551,United States,en,
4552,United States,en,
4553,Ukraine,en,
4554,United States,en,
4555,Ukraine,en,
4556,United States,en,
4557,United States,en,
4558,United States,en,
4559,United States,en,
4560,United States,en,
4561,France,en,
4562,United States,en,
4563,United States,en,
4564,United States,en,
4565,United States,en,
4566,United States,en,
4567,United States,en,
4568,United Kingdom,en,
4569,United States,en,
4570,United States,en,
4571,United States,en,
4572,United States,en,
4573,Portugal,en,
4574,United States,en,
4575,United States,en,
4576,United Kingdom,en,
4577,United States,en,
4578,United States,en,
4579,United States,en,
4580,United States,en,
4581,Republic of Korea,en,
4582,Vietnam,en,
4583,Vietnam,en,
4584,United States,en,
4585,United States,en,
4586,Canada,en,
4587,Canada,en,
4588,United States,en,
4589,Australia,en,
4590,Ukraine,en,
4591,Canada,en,
4592,Germany,en,
4593,United States,en,
4594,United States,en,
4595,Ukraine,en,
4596,Hungary,en,
4597,Malaysia,en,
4598,United States,en,
4599,United States,en,
4600,United States,en,
4601,United States,en,
4602,United States,en,
4603,United States,en,
4604,United States,en,
4605,Ukraine,en,
4606,Ukraine,en,
4607,India,en,
4608,United States,en,
4609,United States,en,
4610,Brazil,en,
4611,United States,en,
4612,Israel,en,
4613,Israel,en,
4614,Estonia,en,
4615,Estonia,en,
4616,Ukraine,en,
4617,Canada,en,
4618,United States,en,
4619,United States,en,
4620,Ukraine,en,
4621,Romania,en,
4622,Hong Kong,en,
4623,Ukraine,en,
4624,United Kingdom,en,
4625,United States,en,
4626,United States,en,
4627,United States,en,
4628,United States,en,
4629,Ukraine,en,
4630,Ukraine,en,
4631,United States,en,
4632,United States,en,
4633,United States,en,
4634,Ukraine,en,
4635,United States,en,
4636,United Kingdom,en,
4637,United Kingdom,en,
4638,United States,en,
4639,Australia,en,
4640,United States,en,
4641,United States,en,
4642,Poland,en,
4643,Sweden,en,
4644,United States,en,
4645,United States,en,
4646,Canada,en,
4647,Canada,en,
4648,Ukraine,en,
4649,Germany,en,
4650,India,en,
4651,India,en,
4652,Germany,en,
4653,Canada,en,
4654,United Kingdom,en,
4655,Canada,en,
4656,United States,en,
4657,United States,en,
4658,United States,en,
4659,Spain,en,
4660,Ukraine,en,
4661,Australia,en,
4662,Australia,en,
4663,Germany,en,
4664,United States,en,
4665,Belgium,en,
4666,Hungary,en,
4667,United States,en,
4668,United Kingdom,en,
4669,Serbia,en,
4670,Japan,en,
4671,Netherlands,en,
4672,Romania,en,
4673,United States,en,
4674,Brazil,en,
4675,Netherlands,en,
4676,Poland,en,
4677,United States,en,
4678,United States,en,
4679,Ukraine,en,
4680,United States,en,
4681,Israel,en,
4682,Switzerland,en,
4683,Netherlands,en,
4684,United Kingdom,en,
4685,Algeria,en,
4686,Algeria,en,
4687,Greece,en,
4688,United States,en,
4689,United States,en,
4690,United States,en,
4691,United States,en,
4692,Canada,en,
4693,Canada,en,
4694,Singapore,en,
4695,Israel,en,
4696,Singapore,en,
4697,Singapore,en,
4698,Singapore,en,
4699,United States,en,
4700,Canada,en,
4701,United States,en,
4702,Republic of Korea,en,
4703,Singapore,en,
4704,Singapore,en,
4705,Canada,en,
4706,Turkey,en,
4707,United States,en,
4708,United States,en,
4709,United Kingdom,en,
4710,Poland,en,
4711,Poland,en,
4712,Poland,en,
4713,United States,en,
4714,Israel,en,
4715,United States,en,
4716,United States,en,
4717,Singapore,en,
4718,Singapore,en,
4719,Czech Republic,en,
4720,Czech Republic,en,
4721,Czech Republic,en,
4722,United States,en,
4723,United States,en,
4724,Republic of Korea,en,
4725,Australia,en,
4726,United Kingdom,en,
4727,Republic of Korea,en,
4728,Republic of Korea,en,
4729,Greece,en,
4730,Greece,en,
4731,Brazil,en,
4732,Australia,en,
4733,United States,en,
4734,United States,en,
4735,United States,en,
4736,United States,en,
4737,United States,en,
4738,United States,en,
4739,United States,en,
4740,United States,en,
4741,United States,en,
4742,United States,en,
4743,United States,en,
4744,United States,en,
4745,United States,en,
4746,United States,en,
4747,United States,en,
4748,United States,en,
4749,United States,en,
4750,United States,en,
4751,Hong Kong,en,
4752,Hong Kong,en,
4753,Poland,en,
4754,United States,en,
4755,Australia,en,
4756,United States,en,
4757,Singapore,en,
4758,United States,en,
4759,United States,en,
4760,United States,en,
4761,United States,en,
4762,United States,en,
4763,United States,en,
4764,United States,en,
4765,United States,en,
4766,United States,en,
4767,United States,en,
4768,United States,en,
4769,United States,en,
4770,United States,en,
4771,United States,en,
4772,United States,en,
4773,United States,en,
4774,United States,en,
4775,United States,en,
4776,United States,en,
4777,United States,en,
4778,United States,en,
4779,United States,en,
4780,United States,en,
4781,United States,en,
4782,United States,en,
4783,United States,en,
4784,United States,en,
4785,United States,en,
4786,Hungary,en,
4787,Hungary,en,
4788,United States,en,
4789,United States,en,
4790,,en,
4791,United States,en,
4792,United States,en,
4793,United States,en,
4794,United States,en,
4795,United States,en,
4796,United States,en,
4797,United States,en,
4798,United States,en,
4799,United States,en,
4800,,en,
4801,United States,en,
4802,United States,en,
4803,United States,en,
4804,United States,en,
4805,United States,en,
4806,United States,en,
4807,United States,en,
4808,United States,en,
4809,United States,en,
4810,United States,en,
4811,United States,en,
4812,United States,en,
4813,United States,en,
4814,United States,en,
4815,United States,en,
4816,United States,en,
4817,United States,en,
4818,United States,en,
4819,United States,en,
4820,United States,en,
4821,United States,en,
4822,United States,en,
4823,United States,en,
4824,United States,en,
4825,United States,en,
4826,United States,en,
4827,United States,en,
4828,United States,en,
4829,United States,en,
4830,United States,en,
4831,United States,en,
4832,United States,en,
4833,United States,en,
4834,United States,en,
4835,United States,en,
4836,United States,en,
4837,United States,en,
4838,United States,en,
4839,United States,en,
4840,United States,en,
4841,United States,en,
4842,United States,en,
4843,United States,en,
4844,United States,en,
4845,United States,en,
4846,United States,en,
4847,United States,en,
4848,United States,en,
4849,United States,en,
4850,United States,en,
4851,United States,en,
4852,United States,en,
4853,United States,en,
4854,,en,
4855,United Kingdom,en,
4856,United Kingdom,en,
4857,Chile,en,
4858,United States,en,
4859,Bulgaria,en,
4860,Canada,en,
4861,United States,en,
4862,United States,en,
4863,United States,en,
4864,United States,en,
4865,United States,en,
4866,United States,en,
4867,United States,en,
4868,United States,en,
4869,Colombia,en,
4870,United States,en,
4871,United States,en,
4872,United States,en,
4873,United States,en,
4874,Croatia,en,
4875,United States,en,
4876,Romania,en,
4877,Belgium,en,
4878,Romania,en,
4879,United States,en,
4880,United States,en,
4881,United States,en,
4882,United States,en,
4883,Romania,en,
4884,Brazil,en,
4885,Brazil,en,
4886,Brazil,en,
4887,United States,en,
4888,Brazil,en,
4889,Romania,en,
4890,Singapore,en,
4891,United States,en,
4892,United States,en,
4893,United States,en,
4894,Germany,en,
4895,Germany,en,
4896,Romania,en,
4897,Estonia,en,
4898,Norway,en,
4899,Canada,en,
4900,United States,en,
4901,United States,en,
4902,Spain,en,
4903,United States,en,
4904,United States,en,
4905,United States,en,
4906,Pakistan,en,
4907,Portugal,en,
4908,United States,en,
4909,Poland,en,
4910,Japan,en,
4911,United States,en,
4912,,en,
4913,Portugal,en,
4914,Portugal,en,
4915,Portugal,en,
4916,Portugal,en,
4917,United States,en,
4918,Malaysia,en,
4919,Japan,en,
4920,United States,en,
4921,United States,en,
4922,Chile,en,
4923,United States,en,
4924,United States,en,
4925,United States,en,
4926,Australia,en,
4927,United States,en,
4928,Australia,en,
4929,Australia,en,
4930,New Zealand,en,
4931,Canada,en,
4932,Canada,en,
4933,Slovak Republic,en,
4934,United States,en,
4935,United States,en,
4936,United States,en,
4937,Australia,en,
4938,Australia,en,
4939,India,en,
4940,Portugal,en,
4941,Portugal,en,
4942,Portugal,en,
4943,Australia,en,
4944,Australia,en,
4945,Australia,en,
4946,United States,en,
4947,United States,en,
4948,Finland,en,
4949,United States,en,
4950,Spain,en,
4951,United States,en,
4952,Brazil,en,
4953,United States,en,
4954,Hungary,en,
4955,Poland,en,
4956,United States,en,
4957,New Zealand,en,
4958,New Zealand,en,
4959,Pakistan,en,
4960,United States,en,
4961,United States,en,
4962,Mexico,en,
4963,United Kingdom,en,
4964,United Kingdom,en,
4965,United States,en,
4966,United States,en,
4967,Australia,en,
4968,Netherlands,en,
4969,United Kingdom,en,
4970,United States,en,
4971,France,en,
4972,France,en,
4973,United States,en,
4974,Pakistan,en,
4975,Japan,en,
4976,United States,en,
4977,United States,en,
4978,United States,en,
4979,Australia,en,
4980,United States,en,
4981,United States,en,
4982,United States,en,
4983,United States,en,
4984,United States,en,
4985,United States,en,
4986,United Kingdom,en,
4987,United States,en,
4988,United States,en,
4989,Canada,en,
4990,Poland,en,
4991,Poland,en,
4992,Poland,en,
4993,United States,en,
4994,United States,en,
4995,Brazil,en,
4996,Brazil,en,
4997,United States,en,
4998,Morocco,en,
4999,United States,en,
5000,United Kingdom,en,
5001,United Kingdom,en,
5002,Australia,en,
5003,Bangladesh,en,
5004,Germany,en,
5005,Brazil,en,
5006,Poland,en,
5007,Sweden,en,
5008,United Kingdom,en,
5009,Australia,en,
5010,Poland,en,
5011,United States,en,
5012,Greece,en,
5013,Canada,en,
5014,United States,en,
5015,United States,en,
5016,Canada,en,
5017,Canada,en,
5018,Canada,en,
5019,United States,en,
5020,United States,en,
5021,Australia,en,
5022,Republic of Korea,en,
5023,United States,en,
5024,United States,en,
5025,United States,en,
5026,United Kingdom,en,
5027,United States,en,
5028,United States,en,
5029,Australia,en,
5030,United States,en,
5031,United States,en,
5032,United States,en,
5033,United States,en,
5034,United States,en,
5035,United States,en,
5036,United States,en,
5037,United States,en,
5038,United States,en,
5039,United States,en,
5040,United States,en,
5041,United States,en,
5042,United States,en,
5043,United States,en,
5044,United States,en,
5045,United States,en,
5046,United States,en,
5047,United States,en,
5048,United States,en,
5049,United States,en,
5050,United States,en,
5051,United States,en,
5052,United States,en,
5053,United States,en,
5054,United States,en,
5055,United States,en,
5056,United States,en,
5057,United States,en,
5058,United States,en,
5059,United States,en,
5060,United States,en,
5061,United States,en,
5062,United States,en,
5063,United States,en,
5064,United States,en,
5065,United States,en,
5066,United States,en,
5067,United States,en,
5068,United States,en,
5069,United States,en,
5070,United States,en,
5071,United States,en,
5072,United States,en,
5073,United States,en,
5074,United States,en,
5075,United States,en,
5076,United States,en,
5077,United States,en,
5078,United States,en,
5079,United States,en,
5080,United States,en,
5081,United States,en,
5082,United States,en,
5083,United States,en,
5084,United States,en,
5085,United States,en,
5086,United States,en,
5087,United States,en,
5088,United States,en,
5089,United States,en,
5090,United States,en,
5091,United States,en,
5092,United States,en,
5093,United States,en,
5094,United States,en,
5095,United States,en,
5096,United States,en,
5097,United States,en,
5098,United States,en,
5099,United States,en,
5100,United States,en,
5101,United States,en,
5102,United States,en,
5103,United States,en,
5104,United States,en,
5105,United States,en,
5106,United States,en,
5107,United States,en,
5108,United States,en,
5109,United States,en,
5110,United States,en,
5111,United States,en,
5112,United States,en,
5113,United States,en,
5114,United States,en,
5115,United States,en,
5116,United States,en,
5117,United States,en,
5118,United States,en,
5119,United States,en,
5120,United States,en,
5121,United States,en,
5122,United States,en,
5123,United States,en,
5124,United States,en,
5125,United States,en,
5126,United States,en,
5127,United States,en,
5128,United States,en,
5129,United States,en,
5130,United States,en,
5131,United States,en,
5132,United States,en,
5133,United States,en,
5134,United States,en,
5135,United States,en,
5136,United States,en,
5137,United States,en,
5138,United States,en,
5139,United States,en,
5140,United States,en,
5141,United States,en,
5142,United States,en,
5143,United States,en,
5144,United States,en,
5145,United States,en,
5146,United States,en,
5147,United States,en,
5148,United States,en,
5149,United States,en,
5150,United States,en,
5151,United States,en,
5152,United States,en,
5153,United States,en,
5154,United States,en,
5155,United States,en,
5156,United States,en,
5157,United States,en,
5158,United States,en,
5159,United States,en,
5160,United States,en,
5161,Canada,en,
5162,United States,en,
5163,United States,en,
5164,United States,en,
5165,United States,en,
5166,United States,en,
5167,United States,en,
5168,United States,en,
5169,United States,en,
5170,United States,en,
5171,United States,en,
5172,United States,en,
5173,United States,en,
5174,United States,en,
5175,United States,en,
5176,United States,en,
5177,United States,en,
5178,United States,en,
5179,United States,en,
5180,United States,en,
5181,United States,en,
5182,United States,en,
5183,United States,en,
5184,United States,en,
5185,United States,en,
5186,United States,en,
5187,United States,en,
5188,United States,en,
5189,United States,en,
5190,United States,en,
5191,United States,en,
5192,United States,en,
5193,United States,en,
5194,United States,en,
5195,United States,en,
5196,United States,en,
5197,United States,en,
5198,United States,en,
5199,United States,en,
5200,United States,en,
5201,United States,en,
5202,United States,en,
5203,United States,en,
5204,United States,en,
5205,United States,en,
5206,United States,en,
5207,United States,en,
5208,United States,en,
5209,United States,en,
5210,United States,en,
5211,United States,en,
5212,United States,en,
5213,United States,en,
5214,United States,en,
5215,United States,en,
5216,United States,en,
5217,United States,en,
5218,United States,en,
5219,United States,en,
5220,United States,en,
5221,United States,en,
5222,United States,en,
5223,United States,en,
5224,United States,en,
5225,United States,en,
5226,United States,en,
5227,United States,en,
5228,United States,en,
5229,United States,en,
5230,United States,en,
5231,Thailand,en,
5232,Croatia,en,
5233,Australia,en,
5234,United States,en,
5235,United States,en,
5236,United States,en,
5237,United States,en,
5238,United States,en,
5239,United States,en,
5240,United States,en,
5241,Thailand,en,
5242,Thailand,en,
5243,Thailand,en,
5244,United States,en,
5245,United States,en,
5246,United States,en,
5247,United States,en,
5248,United States,en,
5249,United States,en,
5250,United States,en,
5251,United States,en,
5252,United States,en,
5253,United States,en,
5254,United States,en,
5255,United States,en,
5256,United States,en,
5257,United States,en,
5258,United States,en,
5259,United States,en,
5260,United States,en,
5261,United States,en,
5262,United States,en,
5263,United States,en,
5264,United States,en,
5265,United States,en,
5266,United States,en,
5267,United States,en,
5268,United States,en,
5269,Sweden,en,
5270,United Kingdom,en,
5271,Australia,en,
5272,Australia,en,
5273,Australia,en,
5274,Australia,en,
5275,Australia,en,
5276,United Kingdom,en,
5277,United States,en,
5278,United States,en,
5279,Brunei,en,
5280,United States,en,
5281,United Kingdom,en,
5282,United Kingdom,en,
5283,United States,en,
5284,United States,en,
5285,United States,en,
5286,United States,en,
5287,Canada,en,
5288,United States,en,
5289,United States,en,
5290,United States,en,
5291,United Kingdom,en,
5292,United Kingdom,en,
5293,United Kingdom,en,
5294,Australia,en,
5295,Australia,en,
5296,Australia,en,
5297,United States,en,
5298,United States,en,
5299,United States,en,
5300,United States,en,
5301,United States,en,
5302,United States,en,
5303,United States,en,
5304,United States,en,
5305,United States,en,
5306,United States,en,
5307,United States,en,
5308,United States,en,
5309,United States,en,
5310,United States,en,
5311,United States,en,
5312,United States,en,
5313,United States,en,
5314,United States,en,
5315,United States,en,
5316,United States,en,
5317,United States,en,
5318,United States,en,
5319,Portugal,en,
5320,United States,en,
5321,United States,en,
5322,Mexico,en,
5323,Sweden,en,
5324,United States,en,
5325,United States,en,
5326,United States,en,
5327,United States,en,
5328,United States,en,
5329,United States,en,
5330,United States,en,
5331,United States,en,
5332,United States,en,
5333,Brazil,en,
5334,United States,en,
5335,Australia,en,
5336,United States,en,
5337,United States,en,
5338,United States,en,
5339,United States,en,
5340,United States,en,
5341,United States,en,
5342,United States,en,
5343,United States,en,
5344,United States,en,
5345,United States,en,
5346,United States,en,
5347,United States,en,
5348,United States,en,
5349,United States,en,
5350,United States,en,
5351,United States,en,
5352,United States,en,
5353,United States,en,
5354,United States,en,
5355,United States,en,
5356,United States,en,
5357,United States,en,
5358,United States,en,
5359,United States,en,
5360,United States,en,
5361,United States,en,
5362,United States,en,
5363,United States,en,
5364,United States,en,
5365,United States,en,
5366,United States,en,
5367,United States,en,
5368,United States,en,
5369,United States,en,
5370,United States,en,
5371,United States,en,
5372,United States,en,
5373,United States,en,
5374,United States,en,
5375,United States,en,
5376,Netherlands,en,
5377,Netherlands,en,
5378,United States,en,
5379,United States,en,
5380,Thailand,en,
5381,United States,en,
5382,United States,en,
5383,United States,en,
5384,United States,en,
5385,United States,en,
5386,United States,en,
5387,United States,en,
5388,Brazil,en,
5389,United Kingdom,en,
5390,United States,en,
5391,Republic of Korea,en,
5392,Netherlands,en,
5393,Denmark,en,
5394,United States,en,
5395,United States,en,
5396,United States,en,
5397,United Kingdom,en,
5398,United States,en,
5399,Netherlands,en,
5400,Republic of Korea,en,
5401,Canada,en,
5402,Canada,en,
5403,United Kingdom,en,
5404,United Kingdom,en,
5405,Thailand,en,
5406,United States,en,
5407,Finland,en,
5408,Republic of Korea,en,
5409,Finland,en,
5410,United States,en,
5411,Canada,en,
5412,United States,en,
5413,United States,en,
5414,United Kingdom,en,
5415,Singapore,en,
5416,United Kingdom,en,
5417,Serbia,en,
5418,United States,en,
5419,United States,en,
5420,United States,en,
5421,United States,en,
5422,United States,en,
5423,United States,en,
5424,United States,en,
5425,United Kingdom,en,
5426,Canada,en,
5427,Canada,en,
5428,Canada,en,
5429,Republic of Lithuania,en,
5430,Canada,en,
5431,United States,en,
5432,United Kingdom,en,
5433,Czechia,en,
5434,China,en,north
5435,Brazil,en,
5436,United Arab Emirates,en,
5437,United States,en,
5438,Singapore,en,
5439,Australia,en,
5440,United States,en,
5441,United States,en,
5442,Hungary,en,
5443,United States,en,
5444,United States,en,
5445,United States,en,
5446,United States,en,
5447,Canada,en,
5448,United States,en,
5449,United States,en,
5450,United States,en,
5451,United Kingdom,en,
5452,United States,en,
5453,United States,en,
5454,Canada,en,
5455,United States,en,
5456,Singapore,en,
5457,Singapore,en,
5458,Malta,en,
5459,United States,en,
5460,United States,en,
5461,United States,en,
5462,United States,en,
5463,United States,en,
5464,United States,en,
5465,United States,en,
5466,United States,en,
5467,United States,en,
5468,United States,en,
5469,Ireland,en,
5470,United States,en,
5471,United States,en,
5472,United States,en,
5473,Singapore,en,
5474,United States,en,
5475,United States,en,
5476,United States,en,
5477,United States,en,
5478,Sweden,en,
5479,United States,en,
5480,United States,en,
5481,Netherlands,en,
5482,Thailand,en,
5483,Thailand,en,
5484,Canada,en,
5485,Poland,en,
5486,Poland,en,
5487,United States,en,
5488,United States,en,
5489,Poland,en,
5490,Poland,en,
5491,United States,en,
5492,United States,en,
5493,United States,en,
5494,Canada,en,
5495,Canada,en,
5496,United Kingdom,en,
5497,United States,en,
5498,United States,en,
5499,United States,en,
5500,United States,en,
5501,United States,en,
5502,United States,en,
5503,United States,en,
5504,United States,en,
5505,United States,en,
5506,United States,en,
5507,United States,en,
5508,United States,en,
5509,Croatia,en,
5510,France,en,
5511,Canada,en,
5512,United States,en,
5513,United States,en,
5514,United States,en,
5515,United States,en,
5516,Germany,en,
5517,United States,en,
5518,United States,en,
5519,United States,en,
5520,United States,en,
5521,United States,en,
5522,United States,en,
5523,United States,en,
5524,United States,en,
5525,United States,en,
5526,United States,en,
5527,United States,en,
5528,United States,en,
5529,United States,en,
5530,United States,en,
5531,United States,en,
5532,United States,en,
5533,United States,en,
5534,Germany,en,
5535,Germany,en,
5536,United States,en,
5537,Sweden,en,
5538,Canada,en,
5539,United States,en,
5540,United States,en,
5541,United States,en,
5542,Canada,en,
5543,Australia,en,
5544,United States,en,
5545,Poland,en,
5546,United States,en,
5547,United States,en,
5548,United States,en,
5549,United States,en,
5550,United States,en,
5551,Canada,en,
5552,Canada,en,
5553,United States,en,
5554,France,en,
5555,India,en,
5556,France,en,
5557,United States,en,
5558,United States,en,
5559,Portugal,en,
5560,United States,en,
5561,Mexico,en,
5562,Mexico,en,
5563,United States,en,
5564,United Kingdom,en,
5565,France,en,
5566,United States,en,
5567,United States,en,
5568,United States,en,
5569,United States,en,
5570,United States,en,
5571,Russia,en,
5572,United States,en,
5573,United States,en,
5574,Romania,en,
5575,United States,en,
5576,United States,en,
5577,United States,en,
5578,United States,en,
5579,United States,en,
5580,Turkey,en,
5581,United States,en,
5582,United States,en,
5583,United States,en,
5584,Sweden,en,
5585,United States,en,
5586,United States,en,
5587,Germany,en,
5588,United Kingdom,en,
5589,United States,en,
5590,United States,en,
5591,United States,en,
5592,United States,en,
5593,United Kingdom,en,
5594,Canada,en,
5595,United States,en,
5596,Denmark,en,
5597,United States,en,
5598,United States,en,
5599,United Kingdom,en,
5600,Mexico,en,
5601,Germany,en,
5602,United States,en,
5603,Romania,en,
5604,Romania,en,
5605,Romania,en,
5606,United States,en,
5607,Sweden,en,
5608,Switzerland,en,
5609,United States,en,
5610,United States,en,
5611,United States,en,
5612,United States,en,
5613,United States,en,
5614,United States,en,
5615,United Kingdom,en,
5616,Australia,en,
5617,Australia,en,
5618,United States,en,
5619,Australia,en,
5620,Netherlands,en,
5621,Sweden,en,
5622,Republic of Lithuania,en,
5623,Poland,en,
5624,Republic of Lithuania,en,
5625,United Kingdom,en,
5626,Australia,en,
5627,United States,en,
5628,Australia,en,
5629,United States,en,
5630,Sweden,en,
5631,United States,en,
5632,United States,en,
5633,Australia,en,
5634,Australia,en,
5635,Australia,en,
5636,Australia,en,
5637,Australia,en,
5638,Australia,en,
5639,Australia,en,
5640,Australia,en,
5641,Canada,en,
5642,Philippines,en,
5643,United Kingdom,en,
5644,Czechia,en,
5645,Czechia,en,
5646,Czechia,en,
5647,Australia,en,
5648,Australia,en,
5649,Argentina,en,
5650,Croatia,en,
5651,United States,en,
5652,United States,en,
5653,Estonia,en,
5654,Thailand,en,
5655,Australia,en,
5656,Japan,en,
5657,Canada,en,
5658,United States,en,
5659,France,en,
5660,United States,en,
5661,United States,en,
5662,United States,en,
5663,United States,en,
5664,United States,en,
5665,United States,en,
5666,United States,en,
5667,United States,en,
5668,United States,en,
5669,United States,en,
5670,Canada,en,
5671,Germany,en,
5672,United States,en,
5673,United States,en,
5674,Germany,en,
5675,Canada,en,
5676,United States,en,
5677,United States,en,
5678,United States,en,
5679,Honduras,en,
5680,United States,en,
5681,United States,en,
5682,United States,en,
5683,United States,en,
5684,United States,en,
5685,United States,en,
5686,Romania,en,
5687,United States,en,
5688,United States,en,
5689,United States,en,
5690,Canada,en,
5691,Australia,en,
5692,United States,en,
5693,United States,en,
5694,Australia,en,
5695,United Kingdom,en,
5696,United Kingdom,en,
5697,Canada,en,
5698,Belgium,en,
5699,Belgium,en,
5700,United States,en,
5701,United States,en,
5702,Norway,en,
5703,United States,en,
5704,United States,en,
5705,Belgium,en,
5706,Belgium,en,
5707,Belgium,en,
5708,Belgium,en,
5709,Belgium,en,
5710,Belgium,en,
5711,Belgium,en,
5712,Belgium,en,
5713,Belgium,en,
5714,Belgium,en,
5715,Belgium,en,
5716,Belgium,en,
5717,Belgium,en,
5718,Belgium,en,
5719,Belgium,en,
5720,Belgium,en,
5721,Belgium,en,
5722,Belgium,en,
5723,Belgium,en,
5724,Belgium,en,
5725,Belgium,en,
5726,Belgium,en,
5727,Belgium,en,
5728,Belgium,en,
5729,Belgium,en,
5730,Belgium,en,
5731,Belgium,en,
5732,Belgium,en,
5733,Belgium,en,
5734,Sweden,en,
5735,Sweden,en,
5736,Canada,en,
5737,India,en,
5738,Belgium,en,
5739,Belgium,en,
5740,Sweden,en,
5741,United States,en,
5742,United Arab Emirates,en,
5743,United Kingdom,en,
5744,United States,en,
5745,Iran,en,
5746,Germany,en,
5747,Canada,en,
5748,United States,en,
5749,United States,en,
5750,United States,en,
5751,Jamaica,en,
5752,Colombia,en,
5753,Canada,en,
5754,United States,en,
5755,United States,en,
5756,United Arab Emirates,en,
5757,United Kingdom,en,
5758,United Kingdom,en,
5759,Netherlands,en,
5760,Italy,en,
5761,Canada,en,
5762,Finland,en,
5763,Poland,en,
5764,Finland,en,
5765,Belgium,en,
5766,Belgium,en,
5767,United Kingdom,en,
5768,United States,en,
5769,United States,en,
5770,United States,en,
5771,United States,en,
5772,United States,en,
5773,France,en,
5774,France,en,
5775,United States,en,
5776,United States,en,
5777,Spain,en,
5778,Taiwan,en,south
5779,United States,en,
5780,United Kingdom,en,
5781,United Kingdom,en,
5782,United States,en,
5783,Republic of Korea,en,
5784,Republic of Korea,en,
5785,Republic of Korea,en,
5786,United States,en,
5787,Italy,en,
5788,Italy,en,
5789,Norway,en,
5790,United States,en,
5791,Germany,en,
5792,Italy,en,
5793,United States,en,
5794,United Kingdom,en,
5795,India,en,
5796,United States,en,
5797,United States,en,
5798,United States,en,
5799,United States,en,
5800,United States,en,
5801,United States,en,
5802,United States,en,
5803,United States,en,
5804,United States,en,
5805,United States,en,
5806,Republic of Korea,en,
5807,United States,en,
5808,United States,en,
5809,United States,en,
5810,United States,en,
5811,United States,en,
5812,United States,en,
5813,United States,en,
5814,United States,en,
5815,United States,en,
5816,United States,en,
5817,United States,en,
5818,United States,en,
5819,United States,en,
5820,United States,en,
5821,United Kingdom,en,
5822,United States,en,
5823,United States,en,
5824,United States,en,
5825,United States,en,
5826,United States,en,
5827,United States,en,
5828,United States,en,
5829,United States,en,
5830,United States,en,
5831,United States,en,
5832,United States,en,
5833,United States,en,
5834,United States,en,
5835,United States,en,
5836,United States,en,
5837,United States,en,
5838,United States,en,
5839,United States,en,
5840,United States,en,
5841,United States,en,
5842,United States,en,
5843,United Kingdom,en,
5844,United Kingdom,en,
5845,Jamaica,en,
5846,Jamaica,en,
5847,Jamaica,en,
5848,Netherlands,en,
5849,Netherlands,en,
5850,Jamaica,en,
5851,Finland,en,
5852,India,en,
5853,United States,en,
5854,United States,en,
5855,United States,en,
5856,Germany,en,
5857,Germany,en,
5858,United States,en,
5859,United States,en,
5860,United States,en,
5861,United States,en,
5862,United States,en,
5863,United States,en,
5864,United States,en,
5865,United States,en,
5866,United States,en,
5867,United States,en,
5868,United States,en,
5869,United States,en,
5870,United States,en,
5871,United States,en,
5872,United States,en,
5873,United States,en,
5874,United States,en,
5875,United States,en,
5876,United States,en,
5877,United States,en,
5878,United States,en,
5879,United States,en,
5880,United Kingdom,en,
5881,United States,en,
5882,United States,en,
5883,Serbia,en,
5884,United States,en,
5885,Brazil,en,
5886,Netherlands,en,
5887,Netherlands,en,
5888,United States,en,
5889,United States,en,
5890,United Kingdom,en,
5891,United States,en,
5892,United States,en,
5893,United States,en,
5894,United States,en,
5895,United States,en,
5896,United States,en,
5897,United States,en,
5898,United States,en,
5899,United States,en,
5900,United States,en,
5901,United States,en,
5902,United States,en,
5903,United States,en,
5904,United States,en,
5905,United States,en,
5906,United States,en,
5907,United States,en,
5908,United States,en,
5909,United States,en,
5910,United States,en,
5911,United States,en,
5912,United States,en,
5913,United States,en,
5914,United States,en,
5915,United States,en,
5916,United States,en,
5917,United States,en,
5918,United States,en,
5919,United States,en,
5920,United States,en,
5921,United States,en,
5922,United States,en,
5923,United States,en,
5924,United States,en,
5925,United States,en,
5926,United States,en,
5927,United States,en,
5928,United States,en,
5929,United States,en,
5930,United States,en,
5931,United States,en,
5932,United States,en,
5933,United States,en,
5934,United States,en,
5935,United States,en,
5936,United States,en,
5937,United States,en,
5938,United States,en,
5939,United States,en,
5940,United States,en,
5941,United States,en,
5942,United States,en,
5943,Finland,en,
5944,United States,en,
5945,United States,en,
5946,Australia,en,
5947,United States,en,
5948,United States,en,
5949,United States,en,
5950,United States,en,
5951,United States,en,
5952,United States,en,
5953,United States,en,
5954,Netherlands,en,
5955,Denmark,en,
5956,Canada,en,
5957,Serbia,en,
5958,United States,en,
5959,United States,en,
5960,United States,en,
5961,Australia,en,
5962,Australia,en,
5963,Denmark,en,
5964,United States,en,
5965,United States,en,
5966,United States,en,
5967,United States,en,
5968,United States,en,
5969,United States,en,
5970,United States,en,
5971,United States,en,
5972,United States,en,
5973,United States,en,
5974,United States,en,
5975,United States,en,
5976,United Kingdom,en,
5977,United States,en,
5978,United States,en,
5979,United States,en,
5980,United States,en,
5981,Netherlands,en,
5982,Romania,en,
5983,Poland,en,
5984,United States,en,
5985,Canada,en,
5986,Canada,en,
5987,Canada,en,
5988,Oman,en,
5989,Oman,en,
5990,Singapore,en,
5991,United States,en,
5992,United States,en,
5993,United States,en,
5994,Canada,en,
5995,United States,en,
5996,United States,en,
5997,United States,en,
5998,Hungary,en,
5999,United Kingdom,en,
6000,Australia,en,
6001,Chile,en,
6002,United States,en,
6003,Canada,en,
6004,Canada,en,
6005,Ireland,en,
6006,United States,en,
6007,Ireland,en,
6008,United States,en,
6009,United States,en,
6010,United States,en,
6011,United States,en,
6012,United States,en,
6013,United States,en,
6014,United States,en,
6015,United States,en,
6016,United States,en,
6017,United States,en,
6018,United States,en,
6019,United States,en,
6020,United States,en,
6021,United States,en,
6022,United States,en,
6023,United States,en,
6024,United States,en,
6025,United States,en,
6026,United States,en,
6027,United States,en,
6028,United States,en,
6029,United States,en,
6030,United States,en,
6031,United States,en,
6032,United States,en,
6033,United States,en,
6034,United States,en,
6035,United States,en,
6036,United States,en,
6037,United States,en,
6038,United States,en,
6039,United States,en,
6040,United States,en,
6041,United States,en,
6042,United States,en,
6043,United States,en,
6044,United States,en,
6045,United States,en,
6046,United States,en,
6047,United States,en,
6048,United States,en,
6049,United States,en,
6050,United Kingdom,en,
6051,New Zealand,en,
6052,Russia,en,
6053,Russia,en,
6054,India,en,
6055,United Kingdom,en,
6056,India,en,
6057,United States,en,
6058,United States,en,
6059,United States,en,
6060,United States,en,
6061,United States,en,
6062,Italy,en,
6063,United Kingdom,en,
6064,Canada,en,
6065,Japan,en,
6066,Philippines,en,
6067,United States,en,
6068,United States,en,
6069,United States,en,
6070,,en,
6071,,en,
6072,United Kingdom,en,
6073,Panama,en,
6074,United States,en,
6075,United States,en,
6076,United States,en,
6077,Mexico,en,
6078,Canada,en,
6079,Canada,en,
6080,Singapore,en,
6081,United Kingdom,en,
6082,Canada,en,
6083,United States,en,
6084,United Kingdom,en,
6085,United States,en,
6086,United States,en,
6087,Colombia,en,
6088,United States,en,
6089,United States,en,
6090,United States,en,
6091,United States,en,
6092,United Kingdom,en,
6093,United States,en,
6094,United States,en,
6095,Denmark,en,
6096,United States,en,
6097,United States,en,
6098,United States,en,
6099,Canada,en,
6100,Canada,en,
6101,United States,en,
6102,United States,en,
6103,Netherlands,en,
6104,United States,en,
6105,Australia,en,
6106,Sweden,en,
6107,Canada,en,
6108,United States,en,
6109,United States,en,
6110,United Kingdom,en,
6111,Republic of Korea,en,
6112,United Kingdom,en,
6113,Belarus,en,
6114,Greece,en,
6115,Greece,en,
6116,Australia,en,
6117,United States,en,
6118,United States,en,
6119,United States,en,
6120,United States,en,
6121,United States,en,
6122,Australia,en,
6123,United States,en,
6124,United States,en,
6125,United States,en,
6126,United Kingdom,en,
6127,United States,en,
6128,Australia,en,
6129,United States,en,
6130,United States,en,
6131,United States,en,
6132,United States,en,
6133,United States,en,
6134,United States,en,
6135,United States,en,
6136,United States,en,
6137,United States,en,
6138,United States,en,
6139,United States,en,
6140,United Kingdom,en,
6141,Romania,en,
6142,Romania,en,
6143,Romania,en,
6144,Romania,en,
6145,Romania,en,
6146,India,en,
6147,India,en,
6148,Italy,en,
6149,United States,en,
6150,United States,en,
6151,United States,en,
6152,Republic of Korea,en,
6153,Australia,en,
6154,Macedonia,en,
6155,United States,en,
6156,United States,en,
6157,United States,en,
6158,New Zealand,en,
6159,United States,en,
6160,United States,en,
6161,United States,en,
6162,United States,en,
6163,United States,en,
6164,United States,en,
6165,United States,en,
6166,United States,en,
6167,Australia,en,
6168,United States,en,
6169,United States,en,
6170,Finland,en,
6171,Argentina,en,
6172,United States,en,
6173,United States,en,
6174,United States,en,
6175,United States,en,
6176,United States,en,
6177,United States,en,
6178,United States,en,
6179,United States,en,
6180,United States,en,
6181,United States,en,
6182,Canada,en,
6183,United States,en,
6184,Switzerland,en,
6185,Switzerland,en,
6186,Singapore,en,
6187,Singapore,en,
6188,United Kingdom,en,
6189,United Kingdom,en,
6190,Romania,en,
6191,United Kingdom,en,
6192,United States,en,
6193,United States,en,
6194,United States,en,
6195,United States,en,
6196,United States,en,
6197,Brazil,en,
6198,United States,en,
6199,United States,en,
6200,United Kingdom,en,
6201,United Kingdom,en,
6202,United Kingdom,en,
6203,United Kingdom,en,
6204,United Kingdom,en,
6205,United Kingdom,en,
6206,United Kingdom,en,
6207,United Kingdom,en,
6208,United Kingdom,en,
6209,United Kingdom,en,
6210,United Kingdom,en,
6211,Indonesia,en,
6212,Indonesia,en,
6213,Denmark,en,
6214,Denmark,en,
6215,United States,en,
6216,United States,en,
6217,United States,en,
6218,United States,en,
6219,United States,en,
6220,United States,en,
6221,Hungary,en,
6222,Colombia,en,
6223,Poland,en,
6224,Poland,en,
6225,Argentina,en,
6226,United States,en,
6227,United States,en,
6228,Canada,en,
6229,United States,en,
6230,United States,en,
6231,United Kingdom,en,
6232,Netherlands,en,
6233,Singapore,en,
6234,United States,en,
6235,United States,en,
6236,United Kingdom,en,
6237,United States,en,
6238,United States,en,
6239,United Kingdom,en,
6240,United States,en,
6241,United States,en,
6242,Malaysia,en,
6243,Malaysia,en,
6244,United States,en,
6245,United States,en,
6246,United States,en,
6247,United States,en,
6248,United States,en,
6249,United States,en,
6250,United States,en,
6251,United States,en,
6252,United States,en,
6253,United States,en,
6254,United Kingdom,en,
6255,United States,en,
6256,United States,en,
6257,United States,en,
6258,Australia,en,
6259,Philippines,en,
6260,Australia,en,
6261,Philippines,en,
6262,Philippines,en,
6263,United States,en,
6264,United States,en,
6265,United States,en,
6266,Netherlands,en,
6267,United Kingdom,en,
6268,United Kingdom,en,
6269,Finland,en,
6270,Netherlands,en,
6271,Norway,en,
6272,Netherlands,en,
6273,Sweden,en,
6274,United States,en,
6275,United States,en,
6276,United Kingdom,en,
6277,Germany,en,
6278,Norway,en,
6279,Norway,en,
6280,United States,en,
6281,United Kingdom,en,
6282,Belgium,en,
6283,United Kingdom,en,
6284,Norway,en,
6285,Poland,en,
6286,United States,en,
6287,United States,en,
6288,United States,en,
6289,Italy,en,
6290,United States,en,
6291,United States,en,
6292,United States,en,
6293,United States,en,
6294,Australia,en,
6295,Australia,en,
6296,Argentina,en,
6297,United States,en,
6298,Australia,en,
6299,United States,en,
6300,United States,en,
6301,Brazil,en,
6302,Turkey,en,
6303,United States,en,
6304,Germany,en,
6305,United States,en,
6306,United States,en,
6307,United States,en,
6308,United States,en,
6309,United States,en,
6310,United States,en,
6311,United States,en,
6312,United States,en,
6313,United States,en,
6314,Poland,en,
6315,United States,en,
6316,Estonia,en,
6317,United States,en,
6318,United States,en,
6319,United States,en,
6320,United States,en,
6321,United States,en,
6322,United States,en,
6323,United States,en,
6324,United States,en,
6325,United States,en,
6326,United States,en,
6327,United States,en,
6328,United States,en,
6329,United States,en,
6330,United States,en,
6331,United States,en,
6332,United States,en,
6333,United States,en,
6334,United States,en,
6335,Netherlands,en,
6336,Taiwan,en,south
6337,Macao,en,
6338,Czechia,en,
6339,United States,en,
6340,United States,en,
6341,United States,en,
6342,United States,en,
6343,United States,en,
6344,United States,en,
6345,Argentina,en,
6346,Macao,en,
6347,United States,en,
6348,Vietnam,en,
6349,Vietnam,en,
6350,Vietnam,en,
6351,Vietnam,en,
6352,Vietnam,en,
6353,United States,en,
6354,United States,en,
6355,Canada,en,
6356,Canada,en,
6357,Canada,en,
6358,Canada,en,
6359,Philippines,en,
6360,United States,en,
6361,United States,en,
6362,Finland,en,
6363,France,en,
6364,Denmark,en,
6365,Denmark,en,
6366,Canada,en,
6367,Canada,en,
6368,United States,en,
6369,Canada,en,
6370,Canada,en,
6371,Canada,en,
6372,Canada,en,
6373,United States,en,
6374,United States,en,
6375,United Kingdom,en,
6376,Canada,en,
6377,Sweden,en,
6378,Poland,en,
6379,United States,en,
6380,United States,en,
6381,United States,en,
6382,Sweden,en,
6383,Thailand,en,
6384,Finland,en,
6385,Poland,en,
6386,Republic of Korea,en,
6387,Sweden,en,
6388,United States,en,
6389,United States,en,
6390,United States,en,
6391,United States,en,
6392,United States,en,
6393,United Kingdom,en,
6394,Hong Kong,en,
6395,Poland,en,
6396,United States,en,
6397,Sweden,en,
6398,Sweden,en,
6399,Sweden,en,
6400,Sweden,en,
6401,Germany,en,
6402,United Kingdom,en,
6403,Poland,en,
6404,Russia,en,
6405,Russia,en,
6406,Netherlands,en,
6407,Senegal,en,
6408,United States,en,
6409,Serbia,en,
6410,Germany,en,
6411,Germany,en,
6412,Germany,en,
6413,Germany,en,
6414,Germany,en,
6415,Germany,en,
6416,Belgium,en,
6417,Canada,en,
6418,United Kingdom,en,
6419,United Kingdom,en,
6420,United States,en,
6421,United States,en,
6422,United States,en,
6423,United States,en,
6424,United States,en,
6425,United Kingdom,en,
6426,United States,en,
6427,Czechia,en,
6428,Argentina,en,
6429,United Kingdom,en,
6430,Australia,en,
6431,United Kingdom,en,
6432,United Kingdom,en,
6433,United States,en,
6434,Singapore,en,
6435,Denmark,en,
6436,United States,en,
6437,Portugal,en,
6438,United States,en,
6439,Singapore,en,
6440,Ireland,en,
6441,United States,en,
6442,United States,en,
6443,United States,en,
6444,United States,en,
6445,United States,en,
6446,United States,en,
6447,United States,en,
6448,United States,en,
6449,Australia,en,
6450,United States,en,
6451,Republic of Lithuania,en,
6452,Israel,en,
6453,Republic of Lithuania,en,
6454,Sweden,en,
6455,Republic of Lithuania,en,
6456,United Kingdom,en,
6457,Denmark,en,
6458,United Kingdom,en,
6459,United Kingdom,en,
6460,United States,en,
6461,United States,en,
6462,United States,en,
6463,United Kingdom,en,
6464,Republic of Lithuania,en,
6465,United Kingdom,en,
6466,China,en,south
6467,China,en,south
6468,United States,en,
6469,Norway,en,
6470,Malaysia,en,
6471,United States,en,
6472,United Kingdom,en,
6473,Brazil,en,
6474,China,en,north
6475,France,en,
6476,United Kingdom,en,
6477,United Kingdom,en,
6478,United States,en,
6479,United States,en,
6480,United States,en,
6481,Republic of Korea,en,
6482,Croatia,en,
6483,Germany,en,
6484,United States,en,
6485,United States,en,
6486,United Kingdom,en,
6487,United Kingdom,en,
6488,United Kingdom,en,
6489,United Kingdom,en,
6490,Sweden,en,
6491,Germany,en,
6492,United States,en,
6493,United States,en,
6494,Switzerland,en,
6495,United Kingdom,en,
6496,United Kingdom,en,
6497,United States,en,
6498,United States,en,
6499,Greece,en,
6500,United States,en,
6501,United States,en,
6502,United States,en,
6503,United States,en,
6504,United States,en,
6505,Denmark,en,
6506,France,en,
6507,Australia,en,
6508,Australia,en,
6509,United States,en,
6510,United States,en,
6511,United States,en,
6512,United States,en,
6513,United Kingdom,en,
6514,United States,en,
6515,United States,en,
6516,United States,en,
6517,United States,en,
6518,United States,en,
6519,Brazil,en,
6520,Brazil,en,
6521,Australia,en,
6522,Australia,en,
6523,Japan,en,
6524,United States,en,
6525,United States,en,
6526,United States,en,
6527,Denmark,en,
6528,United States,en,
6529,United States,en,
6530,United States,en,
6531,United States,en,
6532,United States,en,
6533,Latvia,en,
6534,United States,en,
6535,United States,en,
6536,Ireland,en,
6537,United States,en,
6538,United States,en,
6539,United States,en,
6540,Romania,en,
6541,United States,en,
6542,United States,en,
6543,United States,en,
6544,United States,en,
6545,United States,en,
6546,United States,en,
6547,India,en,
6548,India,en,
6549,India,en,
6550,India,en,
6551,India,en,
6552,Ireland,en,
6553,South Africa,en,
6554,South Africa,en,
6555,South Africa,en,
6556,Netherlands,en,
6557,Sweden,en,
6558,United Kingdom,en,
6559,Sweden,en,
6560,Sweden,en,
6561,Sweden,en,
6562,Sweden,en,
6563,Sweden,en,
6564,Sweden,en,
6565,Sweden,en,
6566,Sweden,en,
6567,Sweden,en,
6568,Sweden,en,
6569,Sweden,en,
6570,Sweden,en,
6571,Sweden,en,
6572,Sweden,en,
6573,Sweden,en,
6574,Sweden,en,
6575,Sweden,en,
6576,Sweden,en,
6577,Sweden,en,
6578,Sweden,en,
6579,Sweden,en,
6580,Sweden,en,
6581,Sweden,en,
6582,Sweden,en,
6583,Sweden,en,
6584,Sweden,en,
6585,Sweden,en,
6586,Sweden,en,
6587,Sweden,en,
6588,Sweden,en,
6589,United States,en,
6590,United Kingdom,en,
6591,Sweden,en,
6592,Sweden,en,
6593,Australia,en,
6594,Philippines,en,
6595,United Kingdom,en,
6596,United States,en,
6597,United States,en,
6598,United States,en,
6599,United States,en,
6600,United States,en,
6601,United States,en,
6602,United States,en,
6603,Canada,en,
6604,United States,en,
6605,United States,en,
6606,United States,en,
6607,United States,en,
6608,Australia,en,
6609,Canada,en,
6610,Canada,en,
6611,United Kingdom,en,
6612,Canada,en,
6613,India,en,
6614,United States,en,
6615,United States,en,
6616,United States,en,
6617,United States,en,
6618,United States,en,
6619,Brazil,en,
6620,United Kingdom,en,
6621,United States,en,
6622,United Kingdom,en,
6623,Slovenia,en,
6624,Slovenia,en,
6625,United States,en,
6626,Hungary,en,
6627,United States,en,
6628,United States,en,
6629,United States,en,
6630,United States,en,
6631,United States,en,
6632,United Kingdom,en,
6633,United States,en,
6634,United States,en,
6635,Turkey,en,
6636,United States,en,
6637,United States,en,
6638,United States,en,
6639,United Kingdom,en,
6640,United States,en,
6641,United States,en,
6642,United States,en,
6643,United States,en,
6644,United States,en,
6645,Canada,en,
6646,United States,en,
6647,United States,en,
6648,Singapore,en,
6649,Russia,en,
6650,United States,en,
6651,United States,en,
6652,Croatia,en,
6653,Singapore,en,
6654,Singapore,en,
6655,Singapore,en,
6656,United States,en,
6657,United States,en,
6658,United States,en,
6659,United States,en,
6660,United States,en,
6661,United States,en,
6662,United States,en,
6663,United States,en,
6664,United States,en,
6665,United States,en,
6666,United States,en,
6667,Canada,en,
6668,Canada,en,
6669,Canada,en,
6670,Canada,en,
6671,United Kingdom,en,
6672,United States,en,
6673,United States,en,
6674,United States,en,
6675,United States,en,
6676,Sweden,en,
6677,United States,en,
6678,United States,en,
6679,United States,en,
6680,United Kingdom,en,
6681,Canada,en,
6682,United States,en,
6683,United States,en,
6684,Republic of Korea,en,
6685,Republic of Korea,en,
6686,Republic of Korea,en,
6687,France,en,
6688,France,en,
6689,United States,en,
6690,United States,en,
6691,United States,en,
6692,United States,en,
6693,United States,en,
6694,United States,en,
6695,United States,en,
6696,Finland,en,
6697,United States,en,
6698,United States,en,
6699,Sweden,en,
6700,United States,en,
6701,Switzerland,en,
6702,Switzerland,en,
6703,United Kingdom,en,
6704,United Kingdom,en,
6705,United States,en,
6706,United States,en,
6707,United States,en,
6708,United States,en,
6709,Norway,en,
6710,United States,en,
6711,Canada,en,
6712,Canada,en,
6713,Switzerland,en,
6714,United States,en,
6715,United States,en,
6716,Malaysia,en,
6717,United Kingdom,en,
6718,Philippines,en,
6719,Finland,en,
6720,United States,en,
6721,United States,en,
6722,United States,en,
6723,Canada,en,
6724,United Kingdom,en,
6725,United States,en,
6726,Australia,en,
6727,United States,en,
6728,United States,en,
6729,United States,en,
6730,United States,en,
6731,United States,en,
6732,United States,en,
6733,United States,en,
6734,United States,en,
6735,United States,en,
6736,United States,en,
6737,United States,en,
6738,United Kingdom,en,
6739,Slovenia,en,
6740,United States,en,
6741,United Kingdom,en,
6742,United States,en,
6743,United States,en,
6744,United States,en,
6745,Finland,en,
6746,Sweden,en,
6747,Sweden,en,
6748,Sweden,en,
6749,Sweden,en,
6750,United States,en,
6751,United Kingdom,en,
6752,United States,en,
6753,United States,en,
6754,United States,en,
6755,Estonia,en,
6756,United States,en,
6757,Sweden,en,
6758,United States,en,
6759,United Kingdom,en,
6760,Canada,en,
6761,Germany,en,
6762,United States,en,
6763,Australia,en,
6764,United States,en,
6765,United States,en,
6766,United States,en,
6767,United States,en,
6768,United States,en,
6769,United States,en,
6770,New Zealand,en,
6771,Sweden,en,
6772,United States,en,
6773,United States,en,
6774,United States,en,
6775,Ukraine,en,
6776,United States,en,
6777,United States,en,
6778,Denmark,en,
6779,United States,en,
6780,Finland,en,
6781,United States,en,
6782,Australia,en,
6783,United States,en,
6784,United Kingdom,en,
6785,United States,en,
6786,United States,en,
6787,United States,en,
6788,Sweden,en,
6789,Switzerland,en,
6790,United States,en,
6791,United States,en,
6792,United States,en,
6793,United States,en,
6794,United States,en,
6795,United States,en,
6796,United States,en,
6797,United States,en,
6798,United States,en,
6799,Switzerland,en,
6800,United States,en,
6801,United States,en,
6802,United States,en,
6803,United Kingdom,en,
6804,United States,en,
6805,United States,en,
6806,United Kingdom,en,
6807,Philippines,en,
6808,United States,en,
6809,United States,en,
6810,United States,en,
6811,Singapore,en,
6812,United States,en,
6813,United States,en,
6814,Canada,en,
6815,United States,en,
6816,Australia,en,
6817,United Kingdom,en,
6818,United States,en,
6819,United Kingdom,en,
6820,United Kingdom,en,
6821,United States,en,
6822,Ukraine,en,
6823,United States,en,
6824,United States,en,
6825,United States,en,
6826,Canada,en,
6827,Canada,en,
6828,United States,en,
6829,Australia,en,
6830,Israel,en,
6831,Israel,en,
6832,United States,en,
6833,Albania,en,
6834,United States,en,
6835,United States,en,
6836,Argentina,en,
6837,Canada,en,
6838,Canada,en,
6839,Brazil,en,
6840,Thailand,en,
6841,Thailand,en,
6842,Greece,en,
6843,United States,en,
6844,United States,en,
6845,Brazil,en,
6846,United States,en,
6847,Denmark,en,
6848,United States,en,
6849,Romania,en,
6850,France,en,
6851,Portugal,en,
6852,Portugal,en,
6853,United States,en,
6854,Denmark,en,
6855,United States,en,
6856,United States,en,
6857,Canada,en,
6858,Canada,en,
6859,United States,en,
6860,United States,en,
6861,United States,en,
6862,United States,en,
6863,Canada,en,
6864,United States,en,
6865,France,en,
6866,Australia,en,
6867,Belgium,en,
6868,Belgium,en,
6869,Netherlands,en,
6870,Belgium,en,
6871,United States,en,
6872,Brazil,en,
6873,United States,en,
6874,United States,en,
6875,United States,en,
6876,United States,en,
6877,United Kingdom,en,
6878,United States,en,
6879,United States,en,
6880,United States,en,
6881,United States,en,
6882,Finland,en,
6883,United States,en,
6884,Canada,en,
6885,Canada,en,
6886,United States,en,
6887,United States,en,
6888,United Kingdom,en,
6889,United States,en,
6890,United Kingdom,en,
6891,United Kingdom,en,
6892,United States,en,
6893,United States,en,
6894,Denmark,en,
6895,United States,en,
6896,United States,en,
6897,United Kingdom,en,
6898,United States,en,
6899,United Arab Emirates,en,
6900,United Arab Emirates,en,
6901,United States,en,
6902,United States,en,
6903,United States,en,
6904,United States,en,
6905,United States,en,
6906,Sweden,en,
6907,Serbia,en,
6908,Serbia,en,
6909,Serbia,en,
6910,United States,en,
6911,United Kingdom,en,
6912,United States,en,
6913,United States,en,
6914,United States,en,
6915,United States,en,
6916,Greece,en,
6917,Greece,en,
6918,Greece,en,
6919,United Kingdom,en,
6920,United Kingdom,en,
6921,Germany,en,
6922,Canada,en,
6923,United States,en,
6924,United States,en,
6925,United States,en,
6926,United States,en,
6927,Taiwan,en,south
6928,Canada,en,
6929,Canada,en,
6930,Canada,en,
6931,United States,en,
6932,United States,en,
6933,Netherlands,en,
6934,Vietnam,en,
6935,Russia,en,
6936,United States,en,
6937,United States,en,
6938,United States,en,
6939,United States,en,
6940,United States,en,
6941,Norway,en,
6942,United States,en,
6943,Sweden,en,
6944,United Kingdom,en,
6945,Russia,en,
6946,United States,en,
6947,Russia,en,
6948,Russia,en,
6949,Russia,en,
6950,Singapore,en,
6951,Singapore,en,
6952,United States,en,
6953,United States,en,
6954,United States,en,
6955,United States,en,
6956,Norway,en,
6957,Norway,en,
6958,United Kingdom,en,
6959,United States,en,
6960,United States,en,
6961,United States,en,
6962,United States,en,
6963,Canada,en,
6964,Canada,en,
6965,United Kingdom,en,
6966,United States,en,
6967,United States,en,
6968,United States,en,
6969,United States,en,
6970,United Kingdom,en,
6971,United States,en,
6972,Indonesia,en,
6973,Indonesia,en,
6974,United States,en,
6975,United States,en,
6976,Japan,en,
6977,Japan,en,
6978,Japan,en,
6979,United States,en,
6980,United States,en,
6981,United States,en,
6982,United Kingdom,en,
6983,Myanmar [Burma],en,
6984,United States,en,
6985,United States,en,
6986,United States,en,
6987,United States,en,
6988,United States,en,
6989,Philippines,en,
6990,United Kingdom,en,
6991,Serbia,en,
6992,Serbia,en,
6993,Serbia,en,
6994,United States,en,
6995,United Kingdom,en,
6996,Sweden,en,
6997,United Kingdom,en,
6998,United States,en,
6999,United Kingdom,en,
7000,United Kingdom,en,
7001,Australia,en,
7002,United States,en,
7003,United States,en,
7004,United States,en,
7005,United Kingdom,en,
7006,United Kingdom,en,
7007,France,en,
7008,Russia,en,
7009,United States,en,
7010,United States,en,
7011,United States,en,
7012,United States,en,
7013,Israel,en,
7014,Australia,en,
7015,France,en,
7016,Hungary,en,
7017,United Kingdom,en,
7018,Denmark,en,
7019,United States,en,
7020,Slovenia,en,
7021,United States,en,
7022,China,en,south
7023,Slovenia,en,
7024,United States,en,
7025,Germany,en,
7026,United Kingdom,en,
7027,United States,en,
7028,United States,en,
7029,Sweden,en,
7030,Sweden,en,
7031,United States,en,
7032,Australia,en,
7033,Netherlands,en,
7034,Netherlands,en,
7035,Netherlands,en,
7036,United States,en,
7037,Belgium,en,
7038,Denmark,en,
7039,Denmark,en,
7040,United Kingdom,en,
7041,Finland,en,
7042,Germany,en,
7043,Germany,en,
7044,Germany,en,
7045,Australia,en,
7046,Australia,en,
7047,United Kingdom,en,
7048,United States,en,
7049,United Kingdom,en,
7050,United Kingdom,en,
7051,United States,en,
7052,United States,en,
7053,United Kingdom,en,
7054,United Kingdom,en,
7055,United Kingdom,en,
7056,United States,en,
7057,United States,en,
7058,United States,en,
7059,Brazil,en,
7060,Republic of Korea,en,
7061,United States,en,
7062,Mexico,en,
7063,United States,en,
7064,Finland,en,
7065,Finland,en,
7066,United States,en,
7067,United States,en,
7068,United States,en,
7069,United States,en,
7070,United States,en,
7071,United States,en,
7072,United States,en,
7073,United States,en,
7074,United States,en,
7075,United States,en,
7076,United States,en,
7077,United States,en,
7078,United States,en,
7079,United States,en,
7080,Australia,en,
7081,United Kingdom,en,
7082,United Kingdom,en,
7083,Republic of Lithuania,en,
7084,United States,en,
7085,Canada,en,
7086,United States,en,
7087,United States,en,
7088,Germany,en,
7089,United States,en,
7090,United States,en,
7091,United States,en,
7092,United States,en,
7093,United States,en,
7094,Finland,en,
7095,Poland,en,
7096,United Kingdom,en,
7097,United States,en,
7098,Republic of Korea,en,
7099,Sweden,en,
7100,France,en,
7101,France,en,
7102,Ireland,en,
7103,United Kingdom,en,
7104,United States,en,
7105,United States,en,
7106,Belgium,en,
7107,Canada,en,
7108,Estonia,en,
7109,Taiwan,en,south
7110,Finland,en,
7111,Estonia,en,
7112,United States,en,
7113,United States,en,
7114,United States,en,
7115,Serbia,en,
7116,United States,en,
7117,Czechia,en,
7118,Denmark,en,
7119,United States,en,
7120,United States,en,
7121,United Kingdom,en,
7122,United States,en,
7123,United States,en,
7124,Romania,en,
7125,Canada,en,
7126,Australia,en,
7127,Australia,en,
7128,Australia,en,
7129,United States,en,
7130,United States,en,
7131,United States,en,
7132,United States,en,
7133,United States,en,
7134,Finland,en,
7135,United States,en,
7136,Singapore,en,
7137,Singapore,en,
7138,Canada,en,
7139,Ukraine,en,
7140,Singapore,en,
7141,Finland,en,
7142,Finland,en,
7143,Italy,en,
7144,Italy,en,
7145,Canada,en,
7146,United States,en,
7147,Canada,en,
7148,Canada,en,
7149,United States,en,
7150,United Kingdom,en,
7151,United States,en,
7152,United Kingdom,en,
7153,United Kingdom,en,
7154,United States,en,
7155,Australia,en,
7156,Japan,en,
7157,Republic of Korea,en,
7158,France,en,
7159,United States,en,
7160,United States,en,
7161,United Kingdom,en,
7162,United States,en,
7163,United States,en,
7164,Mexico,en,
7165,Singapore,en,
7166,Brazil,en,
7167,United States,en,
7168,United States,en,
7169,United States,en,
7170,Brazil,en,
7171,United States,en,
7172,United States,en,
7173,United States,en,
7174,United States,en,
7175,United States,en,
7176,United States,en,
7177,United States,en,
7178,United States,en,
7179,United States,en,
7180,United States,en,
7181,United States,en,
7182,Sri Lanka,en,
7183,Sri Lanka,en,
7184,Vietnam,en,
7185,Hungary,en,
7186,Russia,en,
7187,United States,en,
7188,Thailand,en,
7189,United States,en,
7190,United States,en,
7191,United States,en,
7192,United States,en,
7193,United States,en,
7194,United States,en,
7195,United States,en,
7196,Romania,en,
7197,United States,en,
7198,United States,en,
7199,Singapore,en,
7200,Slovak Republic,en,
7201,United States,en,
7202,United States,en,
7203,United States,en,
7204,United States,en,
7205,United Kingdom,en,
7206,United States,en,
7207,United States,en,
7208,United States,en,
7209,United States,en,
7210,New Zealand,en,
7211,United States,en,
7212,Argentina,en,
7213,United States,en,
7214,Sweden,en,
7215,Germany,en,
7216,United States,en,
7217,United States,en,
7218,United States,en,
7219,United States,en,
7220,United States,en,
7221,United States,en,
7222,United States,en,
7223,Singapore,en,
7224,United States,en,
7225,United Kingdom,,
7226,Egypt,,
7227,United Kingdom,,
7228,United States,,
7229,United States,,
7230,United States,,
7231,United States,,
7232,France,,
7233,United States,,
7234,United States,,
7235,United States,,
7236,United States,,
7237,United States,,
7238,France,,
7239,United States,,
7240,United States,,
7241,Germany,,
7242,Canada,,
7243,Germany,,
7244,United States,,
7245,Bulgaria,,
7246,Canada,,
7247,United Kingdom,,
7248,Bulgaria,,
7249,Italy,,
7250,Sweden,,
7251,Canada,,
7252,United States,,
7253,United Kingdom,,
7254,United States,,
7255,United States,,
7256,United States,,
7257,United States,,
7258,United Kingdom,,
7259,United Kingdom,,
7260,United States,,
7261,Malaysia,,
7262,United States,,
7263,United Kingdom,,
7264,Romania,,
7265,United States,,
7266,United States,,
7267,United States,,
7268,United States,,
7269,Indonesia,,
7270,United States,,
7271,Canada,,
7272,United States,,
7273,United States,,
7274,United States,,
7275,United States,,
7276,United States,,
7277,Spain,,
7278,United States,,
7279,United States,,
7280,Singapore,,
7281,Republic of Lithuania,,
7282,Republic of Lithuania,,
7283,United Kingdom,,
7284,United Kingdom,,
7285,Canada,,
7286,India,,
7287,India,,
7288,United Kingdom,,
7289,Netherlands,,
7290,United Kingdom,,
7291,Italy,,
7292,United Kingdom,,
7293,Germany,,
7294,United States,,
7295,United Kingdom,,
7296,United Kingdom,,
7297,United States,,
7298,United States,,
7299,United States,,
7300,United Kingdom,,
7301,United Kingdom,,
7302,United States,,
7303,Germany,,
7304,United Kingdom,,
7305,United States,,
7306,United States,,
7307,United States,,
7308,India,,
7309,India,,
7310,India,,
7311,United Kingdom,,
7312,United Kingdom,,
7313,United Kingdom,,
7314,United States,,
7315,United States,,
7316,United States,,
7317,United States,,
7318,United States,,
7319,United States,,
7320,Canada,,
7321,United States,,
7322,United States,,
7323,Estonia,,
7324,United States,,
7325,Australia,,
7326,Republic of Korea,,
7327,Republic of Korea,,
7328,United Arab Emirates,,
7329,United States,,
7330,United Kingdom,,
7331,United States,,
7332,United States,,
7333,Brazil,,
7334,Finland,,
7335,United States,,
7336,United States,,
7337,France,,
7338,United States,,
7339,Republic of Korea,,
7340,Sweden,,
7341,Sweden,,
7342,Finland,,
7343,United States,,
7344,India,,
7345,India,,
7346,United States,,
7347,United States,,
7348,United States,,
7349,United States,,
7350,Romania,,
7351,United States,,
7352,Canada,,
7353,United States,,
7354,United States,,
7355,United States,,
7356,United States,,
7357,United Kingdom,,
7358,United States,,
7359,France,,
7360,United Kingdom,,
7361,United States,,
7362,United States,,
7363,United States,,
7364,United States,,
7365,United Kingdom,,
7366,United States,,
7367,France,,
7368,France,,
7369,France,,
7370,France,,
7371,France,,
7372,Spain,,
7373,France,,
7374,France,,
7375,United States,,
7376,United States,,
7377,United States,,
7378,United States,,
7379,Canada,,
7380,Canada,,
7381,Denmark,,
7382,United Kingdom,,
7383,Brazil,,
7384,France,,
7385,Sweden,,
7386,Sweden,,
7387,United States,,
7388,Romania,,
7389,United States,,
7390,Germany,,
7391,United States,,
7392,Republic of Korea,,
7393,France,,
7394,United States,,
7395,Argentina,,
7396,Egypt,,
7397,United States,,
7398,United States,,
7399,United States,,
7400,Bahrain,,
7401,Bahrain,,
7402,Bahrain,,
7403,Bahrain,,
7404,Bahrain,,
7405,Austria,,
7406,United States,,
7407,New Zealand,,
7408,New Zealand,,
7409,United States,,
7410,Canada,,
7411,United States,,
7412,United States,,
7413,Finland,,
7414,Finland,,
7415,United States,,
7416,Australia,,
7417,Puerto Rico,,
7418,Finland,,
7419,United States,,
7420,United States,,
7421,United States,,
7422,United States,,
7423,Sweden,,
7424,United States,,
7425,United States,,
7426,Sri Lanka,,
7427,India,,
7428,United States,,
7429,United Kingdom,,
7430,United States,,
7431,United States,,
7432,United States,,
7433,United States,,
7434,United States,,
7435,United States,,
7436,United States,,
7437,United States,,
7438,United States,,
7439,United States,,
7440,United States,,
7441,Poland,,
7442,United States,,
7443,Sweden,,
7444,Sweden,,
7445,Denmark,,
7446,Sweden,,
7447,United States,,
7448,United Kingdom,,
7449,United States,,
7450,Canada,,
7451,Germany,,
7452,Iceland,,
7453,United States,,
7454,Netherlands,,
7455,United States,,
7456,United States,,
7457,France,,
7458,Australia,,
7459,Sweden,,
7460,United Kingdom,,
7461,Romania,,
7462,United States,,
7463,United States,,
7464,Poland,,
7465,United Kingdom,,
7466,United States,,
7467,United States,,
7468,United States,,
7469,United States,,
7470,Bulgaria,,
7471,United States,,
7472,United States,,
7473,United States,,
7474,Belgium,,
7475,United Kingdom,,
7476,United Kingdom,,
7477,Sweden,,
7478,United States,,
7479,United Kingdom,,
7480,United Kingdom,,
7481,United Kingdom,,
7482,Canada,,
7483,United States,,
7484,United States,,
7485,United States,,
7486,Finland,,
7487,United States,,
7488,United States,,
7489,United States,,
7490,Norway,,
7491,United States,,
7492,United States,,
7493,United States,,
7494,United States,,
7495,United States,,
7496,United States,,
7497,United States,,
7498,United States,,
7499,Croatia,,
7500,United States,,
7501,United States,,
7502,Germany,,
7503,Thailand,,
7504,Russia,,
7505,India,,
7506,United States,,
7507,Poland,,
7508,Poland,,
7509,Poland,,
7510,Poland,,
7511,Poland,,
7512,France,,
7513,France,,
7514,Russia,,
7515,United States,,
7516,Germany,,
7517,United States,,
7518,Cyprus,,
7519,United States,,
7520,United States,,
7521,United States,,
7522,United States,,
7523,United States,,
7524,United States,,
7525,United States,,
7526,United States,,
7527,India,,
7528,United States,,
7529,United States,,
7530,United States,,
7531,United States,,
7532,Brazil,,
7533,Poland,,
7534,Poland,,
7535,United States,,
7536,United Kingdom,,
7537,United Kingdom,,
7538,Cyprus,,
7539,United States,,
7540,Netherlands,,
7541,United States,,
7542,United States,,
7543,United States,,
7544,United States,,
7545,United States,,
7546,Poland,,
7547,Canada,,
7548,Italy,,
7549,United Kingdom,,
7550,United States,,
7551,United States,,
7552,Australia,,
7553,United States,,
7554,Canada,,
7555,Netherlands,,
7556,United States,,
7557,United States,,
7558,Canada,,
7559,Czechia,,
7560,United States,,
7561,Ireland,,
7562,Ireland,,
7563,United Kingdom,,
7564,Sweden,,
7565,United States,,
7566,United States,,
7567,China,,south
7568,United States,,
7569,Singapore,,
7570,Taiwan,,south
7571,Taiwan,,south
7572,United States,en,
7573,United States,ko,
7574,United States,ko,
7575,United States,ko,
7576,United States,ko,
7577,United States,ko,
7578,United States,en,
7579,United States,ko,
7580,United States,ko,
7581,Canada,ko,
7582,Canada,ko,
7583,Canada,ko,
7584,United States,ko,
7585,Republic of Korea,ko,
7586,Republic of Korea,ko,
7587,Republic of Korea,ko,
7588,Republic of Korea,ko,
7589,United States,ko,
7590,Republic of Korea,ko,
7591,United States,ko,
7592,United States,ko,
7593,Hong Kong,ko,
7594,United States,ko,
7595,Republic of Korea,ko,
7596,Republic of Korea,ko,
7597,Republic of Korea,ko,
7598,Republic of Korea,ko,
7599,Republic of Korea,ko,
7600,Republic of Korea,ko,
7601,Republic of Korea,ko,
7602,United States,ko,
7603,United States,ko,
7604,United States,ko,
7605,Republic of Korea,ko,
7606,United States,ko,
7607,Republic of Korea,ko,
7608,United States,ko,
7609,United States,ko,
7610,Republic of Korea,ko,
7611,Republic of Korea,ko,
7612,New Zealand,en,
7613,Republic of Korea,ko,
7614,United States,ko,
7615,United States,ko,
7616,United States,ko,
7617,Republic of Korea,ko,
7618,Republic of Korea,ko,
7619,Republic of Korea,ko,
7620,United States,ko,
7621,Republic of Korea,ko,
7622,Republic of Korea,ko,
7623,United States,ko,
7624,Republic of Korea,ko,
7625,Republic of Korea,ko,
7626,Republic of Korea,ko,
7627,Republic of Korea,ko,
7628,United States,ko,
7629,Republic of Korea,ko,
7630,Republic of Korea,ko,
7631,United States,ko,
7632,Republic of Korea,ko,
7633,United States,ko,
7634,Republic of Korea,ko,
7635,Republic of Korea,ko,
7636,Republic of Korea,ko,
7637,Republic of Korea,ko,
7638,Republic of Korea,ko,
7639,United States,ko,
7640,Republic of Korea,ko,
7641,Republic of Korea,ko,
7642,Republic of Korea,ko,
7643,Republic of Korea,ko,
7644,Republic of Korea,ko,
7645,Republic of Korea,ko,
7646,United Kingdom,ko,
7647,Republic of Korea,ko,
7648,Republic of Korea,ko,
7649,Republic of Korea,ko,
7650,Republic of Korea,ko,
7651,Republic of Korea,ko,
7652,United States,ko,
7653,Republic of Korea,ko,
7654,United States,ko,
7655,Republic of Korea,ko,
7656,Republic of Korea,ko,
7657,United States,ko,
7658,Republic of Korea,ko,
7659,Republic of Korea,ko,
7660,United States,ko,
7661,Republic of Korea,ko,
7662,United States,ko,
7663,Republic of Korea,ko,
7664,United States,ko,
7665,Republic of Korea,ko,
7666,Republic of Korea,ko,
7667,United States,en,
7668,United States,ko,
7669,United States,en,
7670,United States,ko,
7671,United States,ko,
7672,United States,ko,
7673,United States,ko,
7674,Republic of Korea,ko,
7675,Republic of Korea,ko,
7676,Republic of Korea,ko,
7677,Republic of Korea,ko,
7678,Republic of Korea,ko,
7679,Republic of Korea,ko,
7680,Republic of Korea,ko,
7681,United States,ko,
7682,Republic of Korea,ko,
7683,United States,ko,
7684,Republic of Korea,ko,
7685,United States,ko,
7686,United States,ko,
7687,Republic of Korea,ko,
7688,Australia,en,
7689,Republic of Korea,ko,
7690,Republic of Korea,ko,
7691,Republic of Korea,ko,
7692,Republic of Korea,ko,
7693,Republic of Korea,ko,
7694,Republic of Korea,ko,
7695,Republic of Korea,ko,
7696,Republic of Korea,ko,
7697,Republic of Korea,ko,
7698,Republic of Korea,ko,
7699,Republic of Korea,ko,
7700,Republic of Korea,ko,
7701,United States,ko,
7702,United States,ko,
7703,Republic of Korea,ko,
7704,Republic of Korea,ko,
7705,Republic of Korea,en,
7706,Republic of Korea,ko,
7707,United States,ko,
7708,Republic of Korea,ko,
7709,Republic of Korea,ko,
7710,Republic of Korea,en,
7711,Republic of Korea,en,
7712,Republic of Korea,ko,
7713,Republic of Korea,ko,
7714,Republic of Korea,ko,
7715,Republic of Korea,ko,
7716,Republic of Korea,ko,
7717,Republic of Korea,ko,
7718,Republic of Korea,ko,
7719,Republic of Korea,ko,
7720,United States,ko,
7721,Republic of Korea,ko,
7722,Republic of Korea,ko,
7723,Republic of Korea,ko,
7724,Republic of Korea,ko,
7725,Republic of Korea,ko,
7726,Republic of Korea,ko,
7727,Republic of Korea,ko,
7728,Republic of Korea,ko,
7729,Republic of Korea,ko,
7730,Republic of Korea,ko,
7731,Republic of Korea,ko,
7732,Republic of Korea,ko,
7733,Republic of Korea,ko,
7734,Republic of Korea,ko,
7735,Germany,ko,
7736,Republic of Korea,ko,
7737,Republic of Korea,ko,
7738,Republic of Korea,ko,
7739,Republic of Korea,ko,
7740,Republic of Korea,ko,
7741,Republic of Korea,ko,
7742,Republic of Korea,ko,
7743,Republic of Korea,ko,
7744,Republic of Korea,ko,
7745,Poland,ko,
7746,Republic of Korea,ko,
7747,Republic of Korea,ko,
7748,Republic of Korea,ko,
7749,Republic of Korea,ko,
7750,United Kingdom,ko,
7751,Republic of Korea,ko,
7752,Republic of Korea,ko,
7753,United States,ko,
7754,Republic of Korea,ko,
7755,Republic of Korea,ko,
7756,Republic of Korea,ko,
7757,United States,ko,
7758,Republic of Korea,ko,
7759,Republic of Korea,ko,
7760,Republic of Korea,ko,
7761,Republic of Korea,ko,
7762,Republic of Korea,ko,
7763,Republic of Korea,ko,
7764,Republic of Korea,ko,
7765,Republic of Korea,ko,
7766,Republic of Korea,ko,
7767,Republic of Korea,ko,
7768,Republic of Korea,ko,
7769,Republic of Korea,ko,
7770,Republic of Korea,ko,
7771,Republic of Korea,ko,
7772,Republic of Korea,ko,
7773,Republic of Korea,ko,
7774,Republic of Korea,ko,
7775,Republic of Korea,ko,
7776,Republic of Korea,ko,
7777,Republic of Korea,ko,
7778,Republic of Korea,ko,
7779,Republic of Korea,ko,
7780,Republic of Korea,ko,
7781,Republic of Korea,ko,
7782,Republic of Korea,ko,
7783,United States,ko,
7784,United States,ko,
7785,Republic of Korea,ko,
7786,Republic of Korea,ko,
7787,Republic of Korea,ko,
7788,Republic of Korea,ko,
7789,Republic of Korea,ko,
7790,Republic of Korea,ko,
7791,Republic of Korea,ko,
7792,Republic of Korea,ko,
7793,Republic of Korea,ko,
7794,Republic of Korea,ko,
7795,Republic of Korea,ko,
7796,United States,ko,
7797,Republic of Korea,ko,
7798,Republic of Korea,ko,
7799,Republic of Korea,ko,
7800,Republic of Korea,ko,
7801,Republic of Korea,ko,
7802,Republic of Korea,ko,
7803,Republic of Korea,ko,
7804,Republic of Korea,ko,
7805,Republic of Korea,ko,
7806,Republic of Korea,ko,
7807,Republic of Korea,ko,
7808,Republic of Korea,ko,
7809,Republic of Korea,ko,
7810,Republic of Korea,ko,
7811,Republic of Korea,ko,
7812,Republic of Korea,ko,
7813,Republic of Korea,ko,
7814,Republic of Korea,ko,
7815,Republic of Korea,ko,
7816,United States,ko,
7817,Republic of Korea,ko,
7818,Republic of Korea,ko,
7819,Republic of Korea,ko,
7820,United States,en,
7821,Republic of Korea,ko,
7822,Republic of Korea,ko,
7823,Republic of Korea,ko,
7824,United States,ko,
7825,Republic of Korea,ko,
7826,Republic of Korea,ko,
7827,Republic of Korea,ko,
7828,Republic of Korea,ko,
7829,Republic of Korea,ko,
7830,Germany,ko,
7831,Republic of Korea,ko,
7832,Republic of Korea,ko,
7833,Republic of Korea,ko,
7834,Republic of Korea,ko,
7835,Republic of Korea,ko,
7836,United States,ko,
7837,Republic of Korea,ko,
7838,United States,ko,
7839,United States,ko,
7840,United States,en,
7841,United States,en,
7842,United States,en,
7843,United States,en,
7844,United States,en,
7845,United States,en,
7846,United States,en,
7847,United States,en,
7848,United States,en,
7849,United States,en,
7850,United States,en,
7851,United States,en,
7852,United States,en,
7853,United States,en,
7854,United States,en,
7855,United States,en,
7856,United States,en,
7857,United States,en,
7858,United States,en,
7859,United States,en,
7860,United States,en,
7861,United States,en,
7862,United States,en,
7863,United States,en,
7864,United States,en,
7865,United States,en,
7866,United States,en,
7867,United States,en,
7868,United States,en,
7869,United States,en,
7870,Republic of Korea,ko,
7871,Republic of Korea,ko,
7872,United States,en,
7873,Republic of Korea,ko,
7874,United States,en,
7875,United States,ko,
7876,United States,en,
7877,United States,en,
7878,Republic of Korea,ko,
7879,Republic of Korea,ko,
7880,United States,ko,
7881,Republic of Korea,ko,
7882,United States,ko,
7883,Republic of Korea,ko,
7884,Australia,ko,
7885,Republic of Korea,ko,
7886,Republic of Korea,ko,
7887,Republic of Korea,ko,
7888,Republic of Korea,ko,
7889,Republic of Korea,ko,
7890,Republic of Korea,ko,
7891,Republic of Korea,ko,
7892,Republic of Korea,ko,
7893,Republic of Korea,ko,
7894,United States,ko,
7895,United States,en,
7896,Republic of Korea,ko,
7897,United States,ko,
7898,United States,en,
7899,Republic of Korea,ko,
7900,Republic of Korea,ko,
7901,Republic of Korea,ko,
7902,Republic of Korea,ko,
7903,Italy,ko,
7904,United States,ko,
7905,United States,ko,
7906,United States,en,
7907,Japan,en,
7908,United States,ko,
7909,Australia,ko,
7910,Italy,ko,
7911,Republic of Korea,ko,
7912,Republic of Korea,ko,
7913,Republic of Korea,ko,
7914,United States,ko,
7915,Republic of Korea,ko,
7916,United States,ko,
7917,Japan,ko,
7918,United States,ko,
7919,Republic of Korea,ko,
7920,Republic of Korea,ko,
7921,Republic of Korea,ko,
7922,Republic of Korea,ko,
7923,Republic of Korea,ko,
7924,Canada,ko,
7925,Republic of Korea,ko,
7926,Republic of Korea,ko,
7927,Hong Kong,en,
7928,Republic of Korea,ko,
7929,Republic of Korea,ko,
7930,Republic of Korea,ko,
7931,Republic of Korea,ko,
7932,Republic of Korea,ko,
7933,Republic of Korea,ko,
7934,Republic of Korea,ko,
7935,Republic of Korea,ko,
7936,Republic of Korea,ko,
7937,Republic of Korea,ko,
7938,Republic of Korea,ko,
7939,Republic of Korea,ko,
7940,United States,ko,
7941,Republic of Korea,ko,
7942,Republic of Korea,ko,
7943,Republic of Korea,ko,
7944,Republic of Korea,ko,
7945,Republic of Korea,ko,
7946,Republic of Korea,ko,
7947,Republic of Korea,ko,
7948,Republic of Korea,ko,
7949,Republic of Korea,ko,
7950,Republic of Korea,ko,
7951,Republic of Korea,ko,
7952,Republic of Korea,ko,
7953,Republic of Korea,ko,
7954,Republic of Korea,ko,
7955,Republic of Korea,ko,
7956,United States,ko,
7957,United States,ko,
7958,Republic of Korea,ko,
7959,United States,en,
7960,Republic of Korea,ko,
7961,Republic of Korea,ko,
7962,Republic of Korea,ko,
7963,Republic of Korea,ko,
7964,Republic of Korea,ko,
7965,United Kingdom,en,
7966,United States,ko,
7967,United States,ko,
7968,United Kingdom,en,
7969,Republic of Korea,ko,
7970,Republic of Korea,ko,
7971,United States,ko,
7972,United States,en,
7973,United States,en,
7974,United States,ko,
7975,United States,en,
7976,United States,ko,
7977,United Kingdom,en,
7978,Canada,ko,
7979,United States,en,
7980,United States,en,
7981,Republic of Korea,ko,
7982,Republic of Korea,ko,
7983,Poland,en,
7984,United States,ko,
7985,Republic of Korea,ko,
7986,Republic of Korea,ko,
7987,Republic of Korea,ko,
7988,Republic of Korea,ko,
7989,United States,en,
7990,Republic of Korea,ko,
7991,United Kingdom,en,
7992,Republic of Korea,ko,
7993,Republic of Korea,ko,
7994,United States,ko,
7995,Republic of Korea,ko,
7996,Republic of Korea,ko,
7997,Republic of Korea,ko,
7998,Republic of Korea,ko,
7999,Republic of Korea,ko,
8000,Republic of Korea,ko,
8001,Russia,en,
8002,Republic of Korea,ko,
8003,Republic of Korea,ko,
8004,Republic of Korea,ko,
8005,Republic of Korea,ko,
8006,Republic of Korea,ko,
8007,Australia,ko,
8008,Republic of Korea,ko,
8009,Republic of Korea,ko,
8010,Republic of Korea,ko,
8011,Republic of Korea,ko,
8012,Republic of Korea,ko,
8013,Poland,en,
8014,Republic of Korea,ko,
8015,Republic of Korea,ko,
8016,Republic of Korea,ko,
8017,Republic of Korea,ko,
8018,Republic of Korea,ko,
8019,Republic of Korea,ko,
8020,Republic of Korea,ko,
8021,United States,en,
8022,United States,en,
8023,Republic of Korea,ko,
8024,Republic of Korea,ko,
8025,Republic of Korea,ko,
8026,Republic of Korea,ko,
8027,United States,ko,
8028,United States,ko,
8029,Republic of Korea,ko,
8030,Republic of Korea,ko,
8031,United States,ko,
8032,Republic of Korea,ko,
8033,Republic of Korea,ko,
8034,Republic of Korea,ko,
8035,United States,ko,
8036,Norway,en,
8037,United States,ko,
8038,United States,ko,
8039,Republic of Korea,ko,
8040,Republic of Korea,ko,
8041,Republic of Korea,ko,
8042,Republic of Korea,ko,
8043,Republic of Korea,ko,
8044,Republic of Korea,ko,
8045,Republic of Korea,ko,
8046,Republic of Korea,ko,
8047,Republic of Korea,ko,
8048,Republic of Korea,ko,
8049,Republic of Korea,ko,
8050,Republic of Korea,ko,
8051,United States,en,
8052,Republic of Korea,ko,
8053,Republic of Korea,ko,
8054,Republic of Korea,ko,
8055,Republic of Korea,ko,
8056,Republic of Korea,ko,
8057,Republic of Korea,ko,
8058,Republic of Korea,ko,
8059,Republic of Korea,ko,
8060,Republic of Korea,ko,
8061,Republic of Korea,ko,
8062,Republic of Korea,ko,
8063,United States,ko,
8064,Republic of Korea,ko,
8065,Republic of Korea,ko,
8066,Republic of Korea,ko,
8067,Republic of Korea,ko,
8068,Republic of Korea,ko,
8069,United Kingdom,en,
8070,Republic of Korea,ko,
8071,United States,ko,
8072,Republic of Korea,ko,
8073,United States,ko,
8074,United States,ko,
8075,Republic of Korea,ko,
8076,United States,en,
8077,United States,en,
8078,United States,en,
8079,Republic of Korea,ko,
8080,Republic of Korea,ko,
8081,United States,ko,
8082,Republic of Korea,ko,
8083,United States,en,
8084,United States,en,
8085,Republic of Korea,ko,
8086,Republic of Korea,ko,
8087,United States,ko,
8088,United States,ko,
8089,United States,ko,
8090,Republic of Korea,ko,
8091,Republic of Korea,ko,
8092,Republic of Korea,ko,
8093,Republic of Korea,ko,
8094,Republic of Korea,ko,
8095,United States,en,
8096,United Kingdom,en,
8097,Denmark,en,
8098,United Kingdom,en,
8099,Russia,en,
8100,Italy,en,
8101,Republic of Korea,ko,
8102,United States,en,
8103,Republic of Korea,ko,
8104,United Kingdom,en,
8105,Republic of Lithuania,en,
8106,Singapore,en,
8107,Philippines,en,
8108,Philippines,en,
8109,Portugal,en,
8110,Portugal,en,
8111,Portugal,en,
8112,United States,en,
8113,United States,en,
8114,South Africa,en,
8115,United States,en,
8116,Canada,en,
8117,Germany,en,
8118,Germany,en,
8119,United States,en,
8120,United States,en,
8121,United States,en,
8122,United States,en,
8123,United States,en,
8124,United States,en,
8125,United States,en,
8126,United States,en,
8127,Republic of Korea,ko,
8128,United States,en,
8129,Greece,en,
8130,United Kingdom,en,
8131,United Kingdom,en,
8132,United Kingdom,en,
8133,United States,en,
8134,United Kingdom,en,
8135,United States,en,
8136,United States,en,
8137,Russia,en,
8138,United States,en,
8139,United States,en,
8140,United States,en,
8141,United Kingdom,en,
8142,Sweden,en,
8143,Russia,ko,
8144,Australia,en,
8145,United States,en,
8146,United States,en,
8147,United States,en,
8148,United States,en,
8149,United States,en,
8150,United States,en,
8151,Australia,en,
8152,United States,en,
8153,United States,en,
8154,United Kingdom,en,
8155,United States,en,
8156,Republic of Korea,ko,
8157,Canada,en,
8158,Russia,en,
8159,Australia,en,
8160,Egypt,en,
8161,United States,en,
8162,United States,en,
8163,United States,en,
8164,Indonesia,en,
8165,France,en,
8166,Sweden,en,
8167,United States,en,
8168,New Zealand,en,
8169,Republic of Korea,ko,
8170,United States,ko,
8171,United States,en,
8172,Republic of Korea,ko,
8173,United Kingdom,en,
8174,Russia,en,
8175,Canada,en,
8176,Canada,en,
8177,United States,en,
8178,Republic of Korea,ko,
8179,United States,en,
8180,United States,en,
8181,Republic of Korea,ko,
8182,Republic of Korea,ko,
8183,United States,en,
8184,United States,en,
8185,United States,en,
8186,United States,en,
8187,Germany,en,
8188,Norway,en,
8189,United States,en,
8190,Russia,en,
8191,United States,en,
8192,United States,en,
8193,United States,en,
8194,Australia,en,
8195,Canada,en,
8196,France,en,
8197,United States,en,
8198,Australia,en,
8199,Russia,en,
8200,Italy,en,
8201,Russia,en,
8202,Switzerland,en,
8203,United States,en,
8204,Republic of Korea,ko,
8205,Republic of Korea,ko,
8206,South Africa,en,
8207,United States,en,
8208,Ukraine,en,
8209,Germany,en,
8210,Germany,en,
8211,United States,en,
8212,Spain,en,
8213,United States,en,
8214,Australia,en,
8215,Russia,en,
8216,United States,en,
8217,United Kingdom,en,
8218,United States,en,
8219,Ireland,en,
8220,Iran,en,
8221,Mexico,en,
8222,Mexico,en,
8223,United Kingdom,en,
8224,Norway,en,
8225,United States,en,
8226,United States,en,
8227,United States,en,
8228,Denmark,en,
8229,United Kingdom,en,
8230,Italy,en,
8231,Republic of Korea,ko,
8232,United States,en,
8233,United States,en,
8234,United States,en,
8235,United States,en,
8236,United States,en,
8237,United States,en,
8238,Turkey,en,
8239,China,en,south
8240,China,en,south
8241,United States,en,
8242,United States,en,
8243,Australia,en,
8244,United States,en,
8245,United States,en,
8246,United States,en,
8247,Philippines,en,
8248,Philippines,en,
8249,United States,en,
8250,United Kingdom,en,
8251,United Kingdom,en,
8252,United States,en,
8253,United States,en,
8254,United States,en,
8255,Indonesia,en,
8256,Canada,en,
8257,Brazil,en,
8258,Canada,en,
8259,United Kingdom,en,
8260,Canada,en,
8261,Russia,en,
8262,United States,en,
8263,United States,en,
8264,Russia,en,
8265,Malaysia,en,
8266,Philippines,en,
8267,United States,en,
8268,United States,en,
8269,United States,en,
8270,Philippines,en,
8271,United States,en,
8272,United States,en,
8273,United States,en,
8274,United States,en,
8275,United States,en,
8276,United States,en,
8277,United States,en,
8278,United States,en,
8279,United States,en,
8280,United States,en,
8281,United States,en,
8282,Australia,en,
8283,Germany,en,
8284,Spain,en,
8285,United States,en,
8286,Australia,en,
8287,Latvia,en,
8288,Latvia,en,
8289,United Kingdom,en,
8290,Poland,en,
8291,United States,en,
8292,Germany,en,
8293,Poland,en,
8294,Brazil,en,
8295,United States,en,
8296,United States,en,
8297,Spain,en,
8298,United States,en,
8299,United Kingdom,en,
8300,Australia,en,
8301,United States,en,
8302,Germany,en,
8303,Canada,en,
8304,Canada,en,
8305,Canada,en,
8306,Australia,en,
8307,United States,en,
8308,United Kingdom,en,
8309,Saudi Arabia,en,
8310,Saudi Arabia,en,
8311,Saudi Arabia,en,
8312,United States,en,
8313,Canada,en,
8314,United States,en,
8315,Romania,en,
8316,Romania,en,
8317,Canada,en,
8318,United States,en,
8319,United States,en,
8320,United States,en,
8321,Saudi Arabia,en,
8322,United States,en,
8323,United States,en,
8324,United States,en,
8325,Saudi Arabia,en,
8326,Denmark,en,
8327,Denmark,en,
8328,India,en,
8329,India,en,
8330,India,en,
8331,United Kingdom,en,
8332,France,en,
8333,United States,en,
8334,United States,en,
8335,United States,en,
8336,United States,en,
8337,Poland,en,
8338,Russia,en,
8339,Malaysia,en,
8340,United States,en,
8341,Saudi Arabia,en,
8342,Saudi Arabia,en,
8343,United States,en,
8344,Philippines,en,
8345,Russia,en,
8346,Russia,en,
8347,United Kingdom,en,
8348,Russia,en,
8349,Italy,en,
8350,United Kingdom,en,
8351,Republic of Korea,ko,
8352,Finland,en,
8353,Republic of Korea,ko,
8354,United States,en,
8355,United States,en,
8356,United States,en,
8357,United States,en,
8358,United States,en,
8359,United States,en,
8360,United States,en,
8361,United States,en,
8362,United States,en,
8363,United States,en,
8364,United States,en,
8365,United States,en,
8366,United States,en,
8367,Canada,en,
8368,Canada,en,
8369,United States,en,
8370,United Kingdom,en,
8371,Germany,en,
8372,United Kingdom,en,
8373,United States,en,
8374,United States,en,
8375,United States,en,
8376,United Kingdom,en,
8377,United States,en,
8378,United States,en,
8379,United States,en,
8380,United States,en,
8381,United Kingdom,en,
8382,United States,en,
8383,Panama,en,
8384,Germany,en,
8385,Germany,en,
8386,Finland,en,
8387,United States,en,
8388,Australia,en,
8389,United States,en,
8390,United States,en,
8391,United States,en,
8392,United States,en,
8393,United States,en,
8394,United States,en,
8395,United States,en,
8396,United States,en,
8397,United States,en,
8398,United States,en,
8399,United States,en,
8400,United States,en,
8401,United States,en,
8402,United States,en,
8403,United States,en,
8404,United States,en,
8405,United States,en,
8406,United States,en,
8407,United States,en,
8408,United States,en,
8409,United States,en,
8410,United States,en,
8411,United States,en,
8412,United States,en,
8413,United States,en,
8414,United States,en,
8415,United States,en,
8416,United States,en,
8417,United States,en,
8418,Russia,en,
8419,United States,en,
8420,Germany,en,
8421,Republic of Korea,en,
8422,Republic of Korea,en,
8423,Republic of Korea,ko,
8424,Republic of Korea,ko,
8425,Russia,en,
8426,United Kingdom,en,
8427,United Kingdom,en,
8428,United States,en,
8429,Republic of Korea,ko,
8430,United States,en,
8431,Republic of Korea,ko,
8432,Bahrain,en,
8433,India,en,
8434,Republic of Korea,en,
8435,Republic of Korea,en,
8436,Singapore,en,
8437,United States,en,
8438,United States,en,
8439,Singapore,en,
8440,Serbia,en,
8441,United States,en,
8442,United States,en,
8443,United States,en,
8444,United States,en,
8445,Saudi Arabia,en,
8446,Israel,en,
8447,Israel,en,
8448,United States,en,
8449,United Kingdom,en,
8450,United States,en,
8451,United States,en,
8452,United States,en,
8453,United States,en,
8454,United States,en,
8455,Canada,en,
8456,Australia,en,
8457,United States,en,
8458,United States,en,
8459,United States,en,
8460,Macedonia,en,
8461,Canada,en,
8462,Canada,en,
8463,Germany,en,
8464,Russia,en,
8465,Germany,en,
8466,Singapore,en,
8467,Singapore,en,
8468,Singapore,en,
8469,Poland,en,
8470,United States,en,
8471,Singapore,en,
8472,Mexico,en,
8473,United States,en,
8474,United States,en,
8475,Singapore,en,
8476,Singapore,en,
8477,United States,en,
8478,United States,en,
8479,United Arab Emirates,en,
8480,United States,en,
8481,Romania,en,
8482,United States,en,
8483,Russia,en,
8484,United States,en,
8485,Denmark,en,
8486,Singapore,en,
8487,United States,en,
8488,United States,en,
8489,United States,en,
8490,United States,en,
8491,United States,en,
8492,United States,en,
8493,United States,en,
8494,United Kingdom,en,
8495,Vietnam,en,
8496,United Kingdom,en,
8497,United Kingdom,en,
8498,United States,en,
8499,United States,en,
8500,United States,en,
8501,United States,en,
8502,United States,en,
8503,United States,en,
8504,United States,en,
8505,United States,en,
8506,United States,en,
8507,Canada,en,
8508,United States,en,
8509,Finland,en,
8510,United Kingdom,en,
8511,United Kingdom,en,
8512,United Kingdom,en,
8513,Romania,en,
8514,United States,en,
8515,United States,en,
8516,United States,en,
8517,United States,en,
8518,United States,en,
8519,Canada,en,
8520,United States,en,
8521,United Kingdom,en,
8522,United States,en,
8523,Hong Kong,en,
8524,Hong Kong,en,
8525,Netherlands,en,
8526,United States,en,
8527,Iran,en,
8528,United States,en,
8529,United States,en,
8530,United States,en,
8531,United States,en,
8532,United States,en,
8533,United States,en,
8534,United States,en,
8535,United States,en,
8536,Australia,en,
8537,United Kingdom,en,
8538,United States,en,
8539,United States,en,
8540,United States,en,
8541,United States,en,
8542,Netherlands,en,
8543,United Kingdom,en,
8544,United Kingdom,en,
8545,United Kingdom,en,
8546,United Kingdom,en,
8547,Denmark,en,
8548,Greece,en,
8549,United States,en,
8550,United States,en,
8551,United States,en,
8552,United States,en,
8553,Canada,en,
8554,United States,en,
8555,United States,en,
8556,Brazil,en,
8557,United States,en,
8558,United States,en,
8559,United States,en,
8560,United Kingdom,en,
8561,United States,en,
8562,United States,en,
8563,United States,en,
8564,United Kingdom,en,
8565,United States,en,
8566,United States,en,
8567,United States,en,
8568,United States,en,
8569,Hong Kong,en,
8570,Hong Kong,en,
8571,Hong Kong,en,
8572,United Kingdom,en,
8573,United States,en,
8574,United Kingdom,en,
8575,Australia,en,
8576,Germany,en,
8577,United States,en,
8578,United States,en,
8579,United Kingdom,en,
8580,Saudi Arabia,en,
8581,United States,en,
8582,Sweden,en,
8583,Greece,en,
8584,Greece,en,
8585,Finland,en,
8586,Switzerland,en,
8587,United States,en,
8588,Malaysia,en,
8589,United Kingdom,en,
8590,Canada,en,
8591,Canada,en,
8592,Canada,en,
8593,India,en,
8594,India,en,
8595,India,en,
8596,United Kingdom,en,
8597,Pakistan,en,
8598,United Kingdom,en,
8599,United Kingdom,en,
8600,United Kingdom,en,
8601,United Kingdom,en,
8602,United Kingdom,en,
8603,United States,en,
8604,United Kingdom,en,
8605,United Kingdom,en,
8606,United States,en,
8607,Australia,en,
8608,Romania,en,
8609,United States,en,
8610,United States,en,
8611,Australia,en,
8612,United States,en,
8613,United States,en,
8614,United States,en,
8615,Canada,en,
8616,United States,en,
8617,United States,en,
8618,United States,en,
8619,United States,en,
8620,United States,en,
8621,United States,en,
8622,Australia,en,
8623,Australia,en,
8624,Belgium,en,
8625,Belgium,en,
8626,Vietnam,en,
8627,Vietnam,en,
8628,Vietnam,en,
8629,United States,en,
8630,Netherlands,en,
8631,United States,en,
8632,United States,en,
8633,United States,en,
8634,United States,en,
8635,Turkey,en,
8636,United States,en,
8637,United States,en,
8638,United States,en,
8639,United States,en,
8640,Australia,en,
8641,Italy,en,
8642,Croatia,en,
8643,Japan,en,
8644,Japan,en,
8645,Japan,en,
8646,Romania,en,
8647,France,en,
8648,United States,en,
8649,United States,en,
8650,United States,en,
8651,United States,en,
8652,Australia,en,
8653,Romania,en,
8654,United States,en,
8655,United States,en,
8656,United States,en,
8657,United States,en,
8658,United States,en,
8659,United States,en,
8660,United States,en,
8661,United States,en,
8662,United States,en,
8663,United States,en,
8664,United States,en,
8665,United States,en,
8666,United States,en,
8667,United States,en,
8668,United States,en,
8669,Canada,en,
8670,United States,en,
8671,United Kingdom,en,
8672,Australia,en,
8673,Germany,en,
8674,United States,en,
8675,United States,en,
8676,Republic of Korea,ko,
8677,Republic of Korea,ko,
8678,Republic of Korea,ko,
8679,Republic of Korea,ko,
8680,Australia,en,
8681,United States,en,
8682,United States,en,
8683,Finland,en,
8684,United Kingdom,en,
8685,United States,en,
8686,United States,en,
8687,Greece,en,
8688,Denmark,en,
8689,Denmark,en,
8690,United States,en,
8691,United States,en,
8692,United States,en,
8693,United Kingdom,en,
8694,Canada,en,
8695,United States,en,
8696,United States,en,
8697,Brazil,en,
8698,United States,en,
8699,United States,en,
8700,United States,en,
8701,United States,en,
8702,United States,en,
8703,Mexico,en,
8704,Mexico,en,
8705,Australia,en,
8706,United States,en,
8707,United Kingdom,en,
8708,Canada,en,
8709,Malaysia,en,
8710,Australia,en,
8711,United Kingdom,en,
8712,United States,en,
8713,United States,en,
8714,United States,en,
8715,United States,en,
8716,United Kingdom,en,
8717,United States,en,
8718,Hong Kong,en,
8719,Peru,en,
8720,United Kingdom,en,
8721,France,en,
8722,United States,en,
8723,United States,en,
8724,United States,en,
8725,United States,en,
8726,United States,en,
8727,United States,en,
8728,United States,en,
8729,United States,en,
8730,Sweden,en,
8731,Sweden,en,
8732,Sweden,en,
8733,Sweden,en,
8734,Sweden,en,
8735,United States,en,
8736,United States,en,
8737,United States,en,
8738,United States,en,
8739,United States,en,
8740,United Kingdom,en,
8741,Colombia,en,
8742,United States,en,
8743,United States,en,
8744,Vietnam,en,
8745,United Kingdom,en,
8746,Brazil,en,
8747,Brazil,en,
8748,United States,en,
8749,United States,en,
8750,United States,en,
8751,United States,en,
8752,United States,en,
8753,United States,en,
8754,United States,en,
8755,United States,en,
8756,United States,en,
8757,United States,en,
8758,United States,en,
8759,United States,en,
8760,United States,en,
8761,United States,en,
8762,Colombia,en,
8763,United States,en,
8764,Canada,en,
8765,Canada,en,
8766,United States,en,
8767,United States,en,
8768,Belgium,en,
8769,United States,en,
8770,United States,en,
8771,United States,en,
8772,Poland,en,
8773,Romania,en,
8774,Romania,en,
8775,United States,en,
8776,Romania,en,
8777,Australia,en,
8778,United States,en,
8779,Israel,en,
8780,United States,en,
8781,United States,en,
8782,United States,en,
8783,United Kingdom,en,
8784,Belgium,en,
8785,India,en,
8786,Australia,en,
8787,United Kingdom,en,
8788,United States,en,
8789,United States,en,
8790,United States,en,
8791,Greece,en,
8792,Malaysia,en,
8793,Croatia,en,
8794,United States,en,
8795,United States,en,
8796,United States,en,
8797,United Kingdom,en,
8798,Poland,en,
8799,Belgium,en,
8800,Canada,en,
8801,United Kingdom,en,
8802,Romania,en,
8803,United States,en,
8804,United States,en,
8805,United States,en,
8806,United States,en,
8807,United States,en,
8808,United States,en,
8809,United States,en,
8810,United States,en,
8811,United States,en,
8812,United States,en,
8813,United States,en,
8814,United States,en,
8815,Romania,en,
8816,Denmark,en,
8817,Republic of Lithuania,en,
8818,Greece,en,
8819,United States,en,
8820,United States,en,
8821,United States,en,
8822,United States,en,
8823,Japan,en,
8824,United States,en,
8825,Republic of Lithuania,en,
8826,Turkey,en,
8827,United States,en,
8828,United States,en,
8829,Republic of Korea,en,
8830,Canada,en,
8831,United States,en,
8832,United States,en,
8833,United States,en,
8834,Poland,en,
8835,United States,en,
8836,United States,en,
8837,Sweden,en,
8838,United States,en,
8839,United States,en,
8840,United States,en,
8841,United Kingdom,en,
8842,Greece,en,
8843,United States,en,
8844,United States,en,
8845,United States,en,
8846,United States,en,
8847,United States,en,
8848,United States,en,
8849,United States,en,
8850,China,en,south
8851,Serbia,en,
8852,United States,en,
8853,United States,en,
8854,Sweden,en,
8855,United States,en,
8856,United States,en,
8857,United States,en,
8858,United States,en,
8859,United States,en,
8860,United States,en,
8861,United States,en,
8862,United States,en,
8863,United States,en,
8864,United States,en,
8865,United States,en,
8866,United States,en,
8867,United States,en,
8868,United States,en,
8869,United States,en,
8870,United States,en,
8871,United States,en,
8872,United States,en,
8873,United Kingdom,en,
8874,United States,en,
8875,United Kingdom,en,
8876,United Kingdom,en,
8877,Ireland,en,
8878,United States,en,
8879,United States,en,
8880,United States,en,
8881,Canada,en,
8882,Spain,en,
8883,Germany,en,
8884,Netherlands,en,
8885,United Kingdom,en,
8886,United States,en,
8887,United States,en,
8888,Bangladesh,en,
8889,United States,en,
8890,Bangladesh,en,
8891,Georgia,en,
8892,Sweden,en,
8893,United Kingdom,en,
8894,India,en,
8895,United Kingdom,en,
8896,United States,en,
8897,United States,en,
8898,United States,en,
8899,United States,en,
8900,United States,en,
8901,Latvia,en,
8902,Latvia,en,
8903,United States,en,
8904,United States,en,
8905,France,en,
8906,France,en,
8907,Norway,en,
8908,United States,en,
8909,United States,en,
8910,United States,en,
8911,United States,en,
8912,Germany,en,
8913,Germany,en,
8914,United States,en,
8915,Hungary,en,
8916,United States,en,
8917,United States,en,
8918,United States,en,
8919,United States,en,
8920,United States,en,
8921,United States,en,
8922,United Kingdom,en,
8923,United Kingdom,en,
8924,Sweden,en,
8925,United States,en,
8926,United States,en,
8927,New Zealand,en,
8928,Australia,en,
8929,Canada,en,
8930,Germany,en,
8931,Republic of Lithuania,en,
8932,United Kingdom,en,
8933,United Kingdom,en,
8934,United States,en,
8935,Poland,en,
8936,United States,en,
8937,United States,en,
8938,United States,en,
8939,Australia,en,
8940,United States,en,
8941,Norway,en,
8942,Israel,en,
8943,Germany,en,
8944,United States,en,
8945,India,en,
8946,United States,en,
8947,France,en,
8948,France,en,
8949,Canada,en,
8950,United States,en,
8951,Greece,en,
8952,United States,en,
8953,Poland,en,
8954,Poland,en,
8955,United States,en,
8956,United States,en,
8957,United States,en,
8958,United States,en,
8959,Saudi Arabia,en,
8960,United Arab Emirates,en,
8961,Saudi Arabia,en,
8962,United Kingdom,en,
8963,United States,en,
8964,United States,en,
8965,Greece,en,
8966,United States,en,
8967,Canada,en,
8968,Canada,en,
8969,Canada,en,
8970,Canada,en,
8971,United States,en,
8972,United States,en,
8973,Philippines,en,
8974,Philippines,en,
8975,Philippines,en,
8976,United States,en,
8977,United States,en,
8978,United States,en,
8979,United States,en,
8980,Spain,en,
8981,Saudi Arabia,en,
8982,Republic of Korea,ko,
8983,Republic of Korea,ko,
8984,Hong Kong,en,
8985,Singapore,en,
8986,Australia,en,
8987,United States,en,
8988,India,en,
8989,United States,en,
8990,United States,en,
8991,Israel,en,
8992,United States,en,
8993,Saudi Arabia,en,
8994,Sweden,en,
8995,United States,en,
8996,United States,en,
8997,Slovakia,en,
8998,United States,en,
8999,Germany,en,
9000,United States,en,
9001,Sweden,en,
9002,Sweden,en,
9003,Sweden,en,
9004,Sweden,en,
9005,Sweden,en,
9006,Sweden,en,
9007,Sweden,en,
9008,Sweden,en,
9009,Sweden,en,
9010,Sweden,en,
9011,Sweden,en,
9012,Netherlands,en,
9013,Malaysia,en,
9014,United States,en,
9015,United Kingdom,en,
9016,United States,en,
9017,United States,en,
9018,Sweden,en,
9019,United States,en,
9020,Australia,en,
9021,United States,en,
9022,United Kingdom,en,
9023,United Kingdom,en,
9024,Malaysia,en,
9025,Malaysia,en,
9026,United States,en,
9027,United States,en,
9028,United States,en,
9029,United States,en,
9030,United Kingdom,en,
9031,Pakistan,en,
9032,Pakistan,en,
9033,United Kingdom,en,
9034,United States,en,
9035,United States,en,
9036,United Kingdom,en,
9037,United States,en,
9038,Sweden,en,
9039,Sweden,en,
9040,United States,en,
9041,Canada,en,
9042,Australia,en,
9043,Australia,en,
9044,Australia,en,
9045,Australia,en,
9046,Russia,en,
9047,Russia,en,
9048,Russia,en,
9049,United States,en,
9050,United States,en,
9051,United States,en,
9052,Germany,en,
9053,Saudi Arabia,en,
9054,United States,en,
9055,Singapore,en,
9056,United States,en,
9057,Canada,en,
9058,United Kingdom,en,
9059,Colombia,en,
9060,Turkey,en,
9061,Malaysia,en,
9062,United States,en,
9063,Netherlands,en,
9064,United Kingdom,en,
9065,Thailand,en,
9066,United Kingdom,en,
9067,United States,en,
9068,Macedonia,en,
9069,United States,en,
9070,United States,en,
9071,Australia,en,
9072,Australia,en,
9073,United States,en,
9074,Brazil,en,
9075,Poland,en,
9076,United States,en,
9077,Canada,en,
9078,United States,en,
9079,Norway,en,
9080,United States,en,
9081,United States,en,
9082,United States,en,
9083,United States,en,
9084,United States,en,
9085,United States,en,
9086,Australia,en,
9087,Brazil,en,
9088,Serbia,en,
9089,Serbia,en,
9090,Brazil,en,
9091,Brazil,en,
9092,Denmark,en,
9093,Italy,en,
9094,Brazil,en,
9095,Singapore,en,
9096,Germany,en,
9097,Germany,en,
9098,United States,en,
9099,Australia,en,
9100,United States,en,
9101,United States,en,
9102,Hungary,en,
9103,United States,en,
9104,United States,en,
9105,United States,en,
9106,United States,en,
9107,United States,en,
9108,Poland,en,
9109,United States,en,
9110,United Kingdom,en,
9111,Vietnam,en,
9112,Australia,en,
9113,Finland,en,
9114,United States,en,
9115,United Kingdom,en,
9116,United Kingdom,en,
9117,United Kingdom,en,
9118,United Kingdom,en,
9119,United States,en,
9120,United Kingdom,en,
9121,Poland,en,
9122,United States,en,
9123,United Kingdom,en,
9124,United Kingdom,en,
9125,Czechia,en,
9126,United States,en,
9127,United Kingdom,en,
9128,United Kingdom,en,
9129,United States,en,
9130,United States,en,
9131,United Kingdom,en,
9132,United States,en,
9133,United States,en,
9134,Norway,en,
9135,United States,en,
9136,United States,en,
9137,United States,en,
9138,Brazil,en,
9139,Brazil,en,
9140,Brazil,en,
9141,Poland,en,
9142,United Kingdom,en,
9143,Netherlands,en,
9144,United States,en,
9145,United States,en,
9146,Poland,en,
9147,United Kingdom,en,
9148,United Kingdom,en,
9149,Canada,en,
9150,United States,en,
9151,United States,en,
9152,Netherlands,en,
9153,United States,en,
9154,United Kingdom,en,
9155,Netherlands,en,
9156,Poland,en,
9157,Canada,en,
9158,Canada,en,
9159,Canada,en,
9160,United States,en,
9161,Denmark,en,
9162,Denmark,en,
9163,United States,en,
9164,Norway,en,
9165,Canada,en,
9166,Norway,en,
9167,Australia,en,
9168,United States,en,
9169,United States,en,
9170,United States,en,
9171,United Kingdom,en,
9172,United Kingdom,en,
9173,Germany,en,
9174,Indonesia,en,
9175,Indonesia,en,
9176,United States,en,
9177,United States,en,
9178,Hungary,en,
9179,Latvia,en,
9180,Latvia,en,
9181,Latvia,en,
9182,Spain,en,
9183,United States,en,
9184,United States,en,
9185,United States,en,
9186,United States,en,
9187,United States,en,
9188,United States,en,
9189,United States,en,
9190,United States,en,
9191,United States,en,
9192,United States,en,
9193,United States,en,
9194,United States,en,
9195,United Kingdom,en,
9196,United States,en,
9197,Netherlands,en,
9198,United Kingdom,en,
9199,Norway,en,
9200,United States,en,
9201,United States,en,
9202,Canada,en,
9203,Colombia,en,
9204,United States,en,
9205,United States,en,
9206,United States,en,
9207,Greece,en,
9208,United States,en,
9209,United States,en,
9210,United States,en,
9211,United States,en,
9212,Japan,en,
9213,United States,en,
9214,United States,en,
9215,United States,en,
9216,United States,en,
9217,United States,en,
9218,Mexico,en,
9219,United States,en,
9220,United States,en,
9221,United States,en,
9222,United States,en,
9223,United States,en,
9224,United States,en,
9225,United States,en,
9226,Ireland,en,
9227,Denmark,en,
9228,United States,en,
9229,United States,en,
9230,United States,en,
9231,United States,en,
9232,United States,en,
9233,Hungary,en,
9234,Ecuador,en,
9235,Mexico,en,
9236,United States,en,
9237,United States,en,
9238,United States,en,
9239,Japan,en,
9240,Japan,en,
9241,Japan,en,
9242,Japan,en,
9243,United Kingdom,en,
9244,United States,en,
9245,United States,en,
9246,United States,en,
9247,United States,en,
9248,United States,en,
9249,United States,en,
9250,United States,en,
9251,United States,en,
9252,United States,en,
9253,United States,en,
9254,Netherlands,en,
9255,United States,en,
9256,United States,en,
9257,Canada,en,
9258,United States,en,
9259,United States,en,
9260,United States,en,
9261,United States,en,
9262,United States,en,
9263,United States,en,
9264,United States,en,
9265,United States,en,
9266,United States,en,
9267,United States,en,
9268,United States,en,
9269,United States,en,
9270,United States,en,
9271,United States,en,
9272,United States,en,
9273,United States,en,
9274,United States,en,
9275,United States,en,
9276,United States,en,
9277,United States,en,
9278,Singapore,en,
9279,United States,en,
9280,United States,en,
9281,United States,en,
9282,United States,en,
9283,United States,en,
9284,United States,en,
9285,United States,en,
9286,United States,en,
9287,United Kingdom,en,
9288,United States,en,
9289,United States,en,
9290,United Kingdom,en,
9291,United Kingdom,en,
9292,United States,en,
9293,United States,en,
9294,United States,en,
9295,United States,en,
9296,Australia,en,
9297,United States,en,
9298,United States,en,
9299,United States,en,
9300,Saudi Arabia,en,
9301,United States,en,
9302,United States,en,
9303,United States,en,
9304,United States,en,
9305,United States,en,
9306,United States,en,
9307,Morocco,en,
9308,United States,en,
9309,United States,en,
9310,Canada,en,
9311,Germany,en,
9312,United States,en,
9313,United States,en,
9314,United States,en,
9315,United States,en,
9316,Norway,en,
9317,United States,en,
9318,United States,en,
9319,United States,en,
9320,Singapore,en,
9321,Switzerland,en,
9322,Singapore,en,
9323,Singapore,en,
9324,Singapore,en,
9325,United States,en,
9326,Israel,en,
9327,United States,en,
9328,United Kingdom,en,
9329,United States,en,
9330,United States,en,
9331,United States,en,
9332,United States,en,
9333,United States,en,
9334,Indonesia,en,
9335,Indonesia,en,
9336,Indonesia,en,
9337,United Kingdom,en,
9338,United States,en,
9339,United States,en,
9340,United States,en,
9341,Canada,en,
9342,Canada,en,
9343,United Kingdom,en,
9344,Germany,en,
9345,Canada,en,
9346,United States,en,
9347,Singapore,en,
9348,Singapore,en,
9349,Singapore,en,
9350,United Kingdom,en,
9351,Finland,en,
9352,United States,en,
9353,United States,en,
9354,United States,en,
9355,United States,en,
9356,Ukraine,en,
9357,Thailand,en,
9358,United States,en,
9359,United States,en,
9360,United States,en,
9361,United States,en,
9362,United States,en,
9363,United States,en,
9364,Portugal,en,
9365,United Kingdom,en,
9366,Sweden,en,
9367,United Kingdom,en,
9368,Germany,en,
9369,United States,en,
9370,France,en,
9371,France,en,
9372,United States,en,
9373,France,en,
9374,France,en,
9375,Netherlands,en,
9376,Vietnam,en,
9377,Finland,en,
9378,United Kingdom,en,
9379,United States,en,
9380,Canada,en,
9381,United States,en,
9382,France,en,
9383,Canada,en,
9384,United Kingdom,en,
9385,United States,en,
9386,United States,en,
9387,United States,en,
9388,United States,en,
9389,United States,en,
9390,United Kingdom,en,
9391,United States,en,
9392,Brazil,en,
9393,Brazil,en,
9394,Mexico,en,
9395,United States,en,
9396,United States,en,
9397,United States,en,
9398,United States,en,
9399,United States,en,
9400,United States,en,
9401,United States,en,
9402,United States,en,
9403,Canada,en,
9404,Australia,en,
9405,United Kingdom,en,
9406,Australia,en,
9407,Canada,en,
9408,Finland,en,
9409,United States,en,
9410,Republic of Korea,ko,
9411,Republic of Korea,ko,
9412,Russia,en,
9413,Russia,en,
9414,United States,en,
9415,United States,en,
9416,France,en,
9417,United States,en,
9418,Canada,en,
9419,Canada,en,
9420,Canada,en,
9421,Canada,en,
9422,Germany,en,
9423,Russia,en,
9424,United States,en,
9425,United States,en,
9426,Canada,en,
9427,United Kingdom,en,
9428,United States,en,
9429,United States,en,
9430,United Kingdom,en,
9431,Canada,en,
9432,United States,en,
9433,United States,en,
9434,United States,en,
9435,United States,en,
9436,United States,en,
9437,Philippines,en,
9438,United Kingdom,en,
9439,United Kingdom,en,
9440,United Kingdom,en,
9441,United States,en,
9442,United States,en,
9443,United States,en,
9444,United States,en,
9445,United States,en,
9446,United States,en,
9447,United States,en,
9448,United States,en,
9449,United States,en,
9450,United States,en,
9451,United States,en,
9452,United States,en,
9453,United States,en,
9454,United States,en,
9455,United States,en,
9456,United States,en,
9457,United States,en,
9458,United States,en,
9459,United States,en,
9460,United States,en,
9461,United States,en,
9462,United States,en,
9463,United States,en,
9464,United States,en,
9465,Australia,en,
9466,United States,en,
9467,United States,en,
9468,Canada,en,
9469,Canada,en,
9470,Canada,en,
9471,Colombia,en,
9472,United States,en,
9473,United States,en,
9474,United Kingdom,en,
9475,France,en,
9476,France,en,
9477,Iran,en,
9478,France,en,
9479,France,en,
9480,United States,en,
9481,United Kingdom,en,
9482,United Kingdom,en,
9483,Norway,en,
9484,United Kingdom,en,
9485,India,en,
9486,United States,en,
9487,Canada,en,
9488,United States,en,
9489,United States,en,
9490,Singapore,en,
9491,Turkey,en,
9492,United States,en,
9493,United States,en,
9494,United States,en,
9495,United States,en,
9496,United States,en,
9497,France,en,
9498,United Kingdom,en,
9499,United Kingdom,en,
9500,United States,en,
9501,United States,en,
9502,United States,en,
9503,United States,en,
9504,Israel,en,
9505,Romania,en,
9506,Japan,en,
9507,Sweden,en,
9508,United States,en,
9509,Romania,en,
9510,United States,en,
9511,Brazil,en,
9512,Singapore,en,
9513,United States,en,
9514,United States,en,
9515,Netherlands,en,
9516,Netherlands,en,
9517,United Kingdom,en,
9518,India,en,
9519,United States,en,
9520,United States,en,
9521,United States,en,
9522,United States,en,
9523,Mexico,en,
9524,United States,en,
9525,United States,en,
9526,United States,en,
9527,United Kingdom,en,
9528,United Kingdom,en,
9529,Canada,en,
9530,Spain,en,
9531,United States,en,
9532,Sweden,en,
9533,United States,en,
9534,United Kingdom,en,
9535,United States,en,
9536,United States,en,
9537,Philippines,en,
9538,United Kingdom,en,
9539,United States,en,
9540,United States,en,
9541,United States,en,
9542,United States,en,
9543,United States,en,
9544,United Kingdom,en,
9545,Canada,en,
9546,Sweden,en,
9547,United States,en,
9548,United States,en,
9549,United States,en,
9550,United States,en,
9551,Republic of Moldova,en,
9552,Germany,en,
9553,Sweden,en,
9554,United Kingdom,en,
9555,Canada,en,
9556,Egypt,en,
9557,Czechia,en,
9558,United States,en,
9559,United States,en,
9560,Singapore,en,
9561,United States,en,
9562,United States,en,
9563,United States,en,
9564,United States,en,
9565,United States,en,
9566,United States,en,
9567,United States,en,
9568,United States,en,
9569,Denmark,en,
9570,Denmark,en,
9571,United States,en,
9572,United States,en,
9573,Singapore,en,
9574,Singapore,en,
9575,Singapore,en,
9576,United States,en,
9577,United States,en,
9578,United States,en,
9579,India,en,
9580,United States,en,
9581,United States,en,
9582,United States,en,
9583,United States,en,
9584,United States,en,
9585,United States,en,
9586,Australia,en,
9587,Indonesia,en,
9588,United Kingdom,en,
9589,United Kingdom,en,
9590,United Kingdom,en,
9591,Germany,en,
9592,Serbia,en,
9593,United Kingdom,en,
9594,United States,en,
9595,Netherlands,en,
9596,Sweden,en,
9597,Germany,en,
9598,United States,en,
9599,Germany,en,
9600,Germany,en,
9601,Spain,en,
9602,Germany,en,
9603,United States,en,
9604,Spain,en,
9605,United States,en,
9606,Belgium,en,
9607,Australia,en,
9608,Romania,en,
9609,United Kingdom,en,
9610,United Kingdom,en,
9611,United Kingdom,en,
9612,United States,en,
9613,United States,en,
9614,United Kingdom,en,
9615,Russia,en,
9616,United States,en,
9617,Australia,en,
9618,United States,en,
9619,Canada,en,
9620,United Kingdom,en,
9621,United States,en,
9622,United States,en,
9623,United States,en,
9624,United States,en,
9625,United States,en,
9626,United States,en,
9627,United States,en,
9628,Poland,en,
9629,Norway,en,
9630,United Kingdom,en,
9631,United Kingdom,en,
9632,Chile,en,
9633,United Kingdom,en,
9634,United Kingdom,en,
9635,United Kingdom,en,
9636,United States,en,
9637,United Kingdom,en,
9638,United States,en,
9639,Netherlands,en,
9640,Netherlands,en,
9641,Italy,en,
9642,Italy,ko,
9643,United States,en,
9644,United States,en,
9645,United States,en,
9646,United States,en,
9647,United States,en,
9648,United States,en,
9649,United States,en,
9650,United States,en,
9651,United States,en,
9652,Estonia,en,
9653,United States,en,
9654,United States,en,
9655,United Kingdom,en,
9656,United States,en,
9657,United States,en,
9658,Australia,en,
9659,Canada,en,
9660,Poland,en,
9661,United States,en,
9662,United States,ko,
9663,United States,ko,
9664,United States,ko,
9665,United States,ko,
9666,United States,ko,
9667,United States,ko,
9668,United States,ko,
9669,United States,ko,
9670,India,en,
9671,United States,en,
9672,United States,en,
9673,Germany,en,
9674,Germany,en,
9675,United States,en,
9676,United States,en,
9677,United States,en,
9678,Ireland,en,
9679,Italy,en,
9680,United States,en,
9681,United States,en,
9682,United States,en,
9683,Canada,en,
9684,Canada,en,
9685,Canada,en,
9686,Canada,en,
9687,Germany,en,
9688,United States,en,
9689,United States,en,
9690,Canada,en,
9691,United States,en,
9692,Germany,en,
9693,Germany,en,
9694,United States,en,
9695,United States,en,
9696,United States,en,
9697,United States,en,
9698,United States,en,
9699,United States,en,
9700,Canada,en,
9701,United Kingdom,en,
9702,United States,en,
9703,Canada,en,
9704,United Kingdom,en,
9705,United Kingdom,en,
9706,United States,en,
9707,Germany,en,
9708,Italy,en,
9709,Italy,en,
9710,United States,en,
9711,United States,en,
9712,United States,en,
9713,Brazil,en,
9714,United States,en,
9715,United States,en,
9716,United States,en,
9717,United States,en,
9718,Hungary,en,
9719,Sweden,en,
9720,Indonesia,en,
9721,Hungary,en,
9722,Hungary,en,
9723,Hungary,en,
9724,United States,en,
9725,United States,en,
9726,Canada,en,
9727,United States,en,
9728,United States,en,
9729,United States,en,
9730,Canada,en,
9731,United States,en,
9732,United States,en,
9733,Denmark,en,
9734,United States,en,
9735,United States,en,
9736,Canada,en,
9737,Spain,en,
9738,United States,en,
9739,United States,en,
9740,Republic of Moldova,en,
9741,Singapore,en,
9742,Singapore,en,
9743,Singapore,en,
9744,Hong Kong,en,
9745,United States,en,
9746,China,en,south
9747,United States,ko,
9748,Singapore,en,
9749,United States,en,
9750,United States,en,
9751,Australia,en,
9752,United States,en,
9753,United States,en,
9754,United States,en,
9755,Russia,en,
9756,United States,en,
9757,France,en,
9758,Switzerland,en,
9759,United States,en,
9760,Iceland,en,
9761,United States,en,
9762,United States,en,
9763,United States,en,
9764,United States,en,
9765,United States,en,
9766,United States,en,
9767,United Kingdom,en,
9768,United Kingdom,en,
9769,United Kingdom,en,
9770,United States,en,
9771,United States,en,
9772,France,en,
9773,Ireland,en,
9774,United States,en,
9775,United States,en,
9776,United States,en,
9777,United States,en,
9778,United States,en,
9779,United States,en,
9780,United States,en,
9781,United States,en,
9782,United States,en,
9783,United States,en,
9784,United States,en,
9785,United States,en,
9786,United States,en,
9787,United States,en,
9788,United States,en,
9789,Italy,en,
9790,Sweden,en,
9791,United States,en,
9792,United States,en,
9793,United States,en,
9794,United States,en,
9795,United States,en,
9796,United States,en,
9797,United States,en,
9798,United States,en,
9799,United States,en,
9800,Australia,en,
9801,United Kingdom,en,
9802,United States,en,
9803,United States,en,
9804,United Kingdom,en,
9805,United States,en,
9806,United States,en,
9807,United States,en,
9808,United States,en,
9809,Switzerland,en,
9810,Spain,en,
9811,Malaysia,en,
9812,Greece,en,
9813,Brazil,en,
9814,Singapore,en,
9815,United States,en,
9816,United States,en,
9817,United Kingdom,en,
9818,Poland,en,
9819,United States,en,
9820,Canada,en,
9821,United States,en,
9822,Singapore,en,
9823,Germany,en,
9824,Canada,en,
9825,Australia,en,
9826,United States,en,
9827,United States,en,
9828,Chile,en,
9829,Netherlands,en,
9830,United States,en,
9831,United Kingdom,en,
9832,United States,en,
9833,United States,en,
9834,United States,en,
9835,Singapore,en,
9836,United States,en,
9837,Norway,en,
9838,Canada,en,
9839,Hungary,en,
9840,Hungary,en,
9841,United States,en,
9842,United States,en,
9843,Canada,en,
9844,Canada,en,
9845,United States,en,
9846,United States,en,
9847,United States,en,
9848,Slovenia,en,
9849,United States,en,
9850,France,en,
9851,United States,en,
9852,Russia,en,
9853,United Kingdom,en,
9854,United Kingdom,en,
9855,United States,en,
9856,United States,en,
9857,Canada,en,
9858,United States,en,
9859,United States,en,
9860,United States,en,
9861,Canada,en,
9862,Philippines,en,
9863,Pakistan,en,
9864,Pakistan,en,
9865,Ecuador,en,
9866,United States,en,
9867,United States,en,
9868,United States,en,
9869,United States,en,
9870,Iran,en,
9871,Iran,en,
9872,Serbia,en,
9873,United States,en,
9874,United States,en,
9875,Denmark,en,
9876,Ghana,en,
9877,Ghana,en,
9878,United States,en,
9879,Turkey,en,
9880,United States,en,
9881,United States,en,
9882,United States,en,
9883,Australia,en,
9884,Australia,en,
9885,Canada,en,
9886,United Kingdom,en,
9887,United States,en,
9888,United States,en,
9889,United States,en,
9890,Germany,en,
9891,United States,en,
9892,United States,en,
9893,United States,en,
9894,United States,en,
9895,United Kingdom,en,
9896,United States,en,
9897,United States,en,
9898,Russia,en,
9899,United Kingdom,en,
9900,United States,en,
9901,United States,en,
9902,United Kingdom,en,
9903,United States,en,
9904,Norway,en,
9905,United Kingdom,en,
9906,Australia,en,
9907,United States,en,
9908,United States,en,
9909,Hong Kong,en,
9910,Norway,en,
9911,Australia,en,
9912,United Kingdom,en,
9913,United Kingdom,en,
9914,Belarus,en,
9915,Belarus,en,
9916,United States,en,
9917,United States,en,
9918,United Kingdom,en,
9919,United Kingdom,en,
9920,United Kingdom,en,
9921,United States,en,
9922,United States,en,
9923,United States,en,
9924,United States,en,
9925,United States,en,
9926,Russia,en,
9927,Canada,en,
9928,United States,en,
9929,United States,en,
9930,United States,en,
9931,United States,en,
9932,United States,en,
9933,United States,en,
9934,United States,en,
9935,United States,en,
9936,United States,en,
9937,United States,en,
9938,United States,en,
9939,United States,en,
9940,United States,en,
9941,United States,en,
9942,United States,en,
9943,United States,en,
9944,United States,en,
9945,United States,en,
9946,United States,en,
9947,United States,en,
9948,United States,en,
9949,United States,en,
9950,United States,en,
9951,Italy,en,
9952,Australia,en,
9953,United States,en,
9954,United States,en,
9955,Denmark,en,
9956,Denmark,en,
9957,United States,en,
9958,United Kingdom,en,
9959,United States,en,
9960,Australia,en,
9961,United States,en,
9962,Sweden,en,
9963,Sweden,en,
9964,United States,en,
9965,United States,en,
9966,United States,en,
9967,United States,en,
9968,United States,en,
9969,United States,en,
9970,Canada,en,
9971,Canada,en,
9972,Canada,en,
9973,United States,en,
9974,United States,en,
9975,United States,en,
9976,Canada,en,
9977,Canada,en,
9978,Portugal,en,
9979,Portugal,en,
9980,Australia,en,
9981,United Kingdom,en,
9982,United Kingdom,en,
9983,United Kingdom,en,
9984,Slovakia,en,
9985,Finland,en,
9986,United States,en,
9987,France,en,
9988,United States,en,
9989,Australia,en,
9990,United Kingdom,en,
9991,United States,en,
9992,United States,en,
9993,United States,en,
9994,United States,en,
9995,United Kingdom,en,
9996,United States,en,
9997,Bulgaria,en,
9998,Bulgaria,en,
9999,United States,en,
10000,United States,en,
10001,United States,en,
10002,United States,en,
10003,United States,en,
10004,United States,en,
10005,United States,en,
10006,Russia,en,
10007,Taiwan,en,south
10008,Germany,en,
10009,United States,en,
10010,United Kingdom,en,
10011,Singapore,en,
10012,United States,en,
10013,United States,en,
10014,United States,en,
10015,United States,en,
10016,United States,en,
10017,United States,en,
10018,Canada,en,
10019,United States,en,
10020,United States,en,
10021,Australia,en,
10022,Australia,en,
10023,United States,en,
10024,Hong Kong,en,
10025,Netherlands,en,
10026,United States,en,
10027,United States,en,
10028,United States,en,
10029,Canada,en,
10030,United States,en,
10031,United States,en,
10032,United Kingdom,en,
10033,United Kingdom,en,
10034,United Kingdom,en,
10035,United States,en,
10036,United States,en,
10037,United States,en,
10038,United States,en,
10039,Saudi Arabia,en,
10040,United States,en,
10041,United Kingdom,en,
10042,United States,en,
10043,South Africa,en,
10044,South Africa,en,
10045,United States,en,
10046,Australia,en,
10047,Australia,en,
10048,United States,en,
10049,United States,en,
10050,Portugal,en,
10051,United States,en,
10052,United States,en,
10053,United States,en,
10054,Canada,en,
10055,Canada,en,
10056,United States,en,
10057,United States,en,
10058,United States,en,
10059,Norway,en,
10060,United States,en,
10061,United States,en,
10062,Ireland,en,
10063,United States,en,
10064,United Kingdom,en,
10065,United States,en,
10066,Turkey,en,
10067,United States,en,
10068,United States,en,
10069,Singapore,en,
10070,United Kingdom,en,
10071,United States,en,
10072,Pakistan,en,
10073,United States,en,
10074,United States,en,
10075,United Kingdom,en,
10076,Belgium,en,
10077,France,en,
10078,France,en,
10079,France,en,
10080,Belgium,en,
10081,France,en,
10082,France,en,
10083,France,en,
10084,United States,en,
10085,United States,en,
10086,United States,en,
10087,United States,en,
10088,Canada,en,
10089,United States,en,
10090,United States,en,
10091,United States,en,
10092,United States,en,
10093,United Kingdom,en,
10094,United Kingdom,en,
10095,United Kingdom,en,
10096,United Kingdom,en,
10097,United States,en,
10098,Romania,en,
10099,United States,en,
10100,United States,en,
10101,United States,en,
10102,United States,en,
10103,United States,en,
10104,United States,en,
10105,United States,en,
10106,Australia,en,
10107,Australia,en,
10108,Australia,en,
10109,Russia,en,
10110,Canada,en,
10111,Australia,en,
10112,United States,en,
10113,United States,en,
10114,United States,en,
10115,United Kingdom,en,
10116,United Kingdom,en,
10117,Belgium,en,
10118,United States,en,
10119,United States,en,
10120,United States,en,
10121,Canada,en,
10122,United States,en,
10123,United States,en,
10124,Norway,en,
10125,Norway,en,
10126,United States,en,
10127,United States,en,
10128,United States,en,
10129,United States,en,
10130,United States,en,
10131,United States,en,
10132,United States,en,
10133,United States,en,
10134,United States,en,
10135,United States,en,
10136,United States,en,
10137,United States,en,
10138,United States,en,
10139,United States,en,
10140,United States,en,
10141,Argentina,en,
10142,United States,en,
10143,United States,en,
10144,United States,en,
10145,Sweden,en,
10146,France,en,
10147,United States,en,
10148,United States,en,
10149,United States,en,
10150,United States,en,
10151,Sweden,en,
10152,United States,en,
10153,United States,en,
10154,United States,en,
10155,United States,en,
10156,United States,en,
10157,United States,en,
10158,United States,en,
10159,United States,en,
10160,Norway,en,
10161,United States,en,
10162,United States,en,
10163,United States,en,
10164,United States,en,
10165,United States,en,
10166,United States,en,
10167,United States,en,
10168,Canada,en,
10169,Canada,en,
10170,Brazil,en,
10171,Philippines,en,
10172,Denmark,en,
10173,Denmark,en,
10174,United States,en,
10175,Estonia,en,
10176,Romania,en,
10177,Netherlands,en,
10178,United Kingdom,en,
10179,Australia,en,
10180,Belgium,en,
10181,United States,en,
10182,Netherlands,en,
10183,Netherlands,en,
10184,Netherlands,en,
10185,United Kingdom,en,
10186,United States,en,
10187,United States,en,
10188,United States,en,
10189,United States,en,
10190,United States,en,
10191,Canada,en,
10192,United Arab Emirates,en,
10193,Finland,en,
10194,United Kingdom,en,
10195,United States,en,
10196,United States,en,
10197,United States,en,
10198,United States,en,
10199,United States,en,
10200,United States,en,
10201,United States,en,
10202,Vietnam,en,
10203,Vietnam,en,
10204,Vietnam,en,
10205,United States,en,
10206,Belgium,en,
10207,Canada,en,
10208,United States,en,
10209,Philippines,en,
10210,Vietnam,en,
10211,United States,en,
10212,United States,en,
10213,Republic of Korea,ko,
10214,South Africa,en,
10215,Greece,en,
10216,Canada,en,
10217,France,en,
10218,United States,en,
10219,United States,en,
10220,United States,en,
10221,United States,en,
10222,Australia,en,
10223,,en,
10224,United States,en,
10225,Israel,en,
10226,United States,en,
10227,United States,en,
10228,United States,en,
10229,United States,en,
10230,Sweden,en,
10231,United States,en,
10232,United States,en,
10233,United States,en,
10234,Philippines,en,
10235,United States,en,
10236,Germany,en,
10237,Russia,en,
10238,Netherlands,en,
10239,South Africa,en,
10240,Belgium,en,
10241,United States,en,
10242,United States,en,
10243,Portugal,en,
10244,Portugal,en,
10245,United States,en,
10246,United States,en,
10247,United States,en,
10248,United States,en,
10249,United States,en,
10250,United States,en,
10251,United Kingdom,en,
10252,Canada,en,
10253,Canada,en,
10254,United States,en,
10255,United States,en,
10256,United States,en,
10257,Canada,en,
10258,United States,en,
10259,France,en,
10260,France,en,
10261,United States,en,
10262,New Zealand,en,
10263,United States,en,
10264,United States,en,
10265,United States,en,
10266,United States,en,
10267,United States,en,
10268,United States,en,
10269,United States,en,
10270,United States,en,
10271,United States,en,
10272,Australia,en,
10273,Australia,en,
10274,Germany,en,
10275,Republic of Korea,ko,
10276,Republic of Korea,ko,
10277,Republic of Korea,ko,
10278,United States,en,
10279,United States,en,
10280,United States,en,
10281,United States,en,
10282,United States,en,
10283,Canada,en,
10284,Canada,en,
10285,Canada,en,
10286,Canada,en,
10287,Belgium,en,
10288,Canada,en,
10289,Canada,en,
10290,Canada,en,
10291,Canada,en,
10292,Canada,en,
10293,Canada,en,
10294,Canada,en,
10295,Canada,en,
10296,Canada,en,
10297,Canada,en,
10298,United States,en,
10299,United States,en,
10300,United States,en,
10301,Canada,en,
10302,Germany,en,
10303,Canada,en,
10304,United States,en,
10305,Czechia,en,
10306,Brazil,en,
10307,Spain,en,
10308,United States,en,
10309,United States,en,
10310,United States,en,
10311,Germany,en,
10312,Russia,en,
10313,Montenegro,en,
10314,United States,en,
10315,United States,en,
10316,United States,en,
10317,United States,en,
10318,Czechia,en,
10319,United States,en,
10320,United States,en,
10321,United Kingdom,en,
10322,Switzerland,en,
10323,United States,en,
10324,Germany,en,
10325,Germany,en,
10326,New Zealand,en,
10327,United States,en,
10328,Australia,en,
10329,Germany,en,
10330,Finland,en,
10331,United States,en,
10332,United States,en,
10333,France,en,
10334,Australia,en,
10335,United Kingdom,en,
10336,United Kingdom,en,
10337,Canada,en,
10338,United States,en,
10339,Hong Kong,en,
10340,United States,en,
10341,India,en,
10342,United Kingdom,en,
10343,United Kingdom,en,
10344,Albania,en,
10345,United States,en,
10346,South Africa,en,
10347,South Africa,en,
10348,Canada,en,
10349,Albania,en,
10350,Albania,en,
10351,Romania,en,
10352,Romania,en,
10353,Romania,en,
10354,Russia,en,
10355,United States,en,
10356,United States,en,
10357,United States,en,
10358,United States,en,
10359,Germany,en,
10360,Germany,en,
10361,Germany,en,
10362,United States,en,
10363,United Kingdom,en,
10364,United States,en,
10365,France,en,
10366,United Kingdom,en,
10367,United States,en,
10368,Italy,en,
10369,New Zealand,en,
10370,United Kingdom,en,
10371,United Kingdom,en,
10372,Sweden,en,
10373,Canada,en,
10374,Austria,en,
10375,United Kingdom,en,
10376,Norway,en,
10377,United States,en,
10378,Belgium,en,
10379,United States,en,
10380,United States,en,
10381,United States,en,
10382,Canada,en,
10383,United States,en,
10384,United States,en,
10385,New Zealand,en,
10386,Germany,en,
10387,Romania,en,
10388,United States,en,
10389,United States,en,
10390,United States,en,
10391,Switzerland,en,
10392,United Kingdom,en,
10393,Switzerland,en,
10394,France,en,
10395,United States,en,
10396,United States,en,
10397,Philippines,en,
10398,United States,en,
10399,United States,en,
10400,United States,en,
10401,United States,en,
10402,France,en,
10403,United Kingdom,en,
10404,Slovenia,en,
10405,United States,en,
10406,Canada,en,
10407,Canada,en,
10408,United States,en,
10409,United States,en,
10410,United States,en,
10411,Pakistan,en,
10412,United States,en,
10413,United Kingdom,en,
10414,United States,en,
10415,United States,en,
10416,United States,en,
10417,United States,en,
10418,Spain,en,
10419,United States,en,
10420,United States,en,
10421,Brazil,en,
10422,United States,en,
10423,Colombia,en,
10424,Germany,en,
10425,Germany,en,
10426,United States,en,
10427,Russia,en,
10428,United States,en,
10429,United States,en,
10430,Serbia,en,
10431,Canada,en,
10432,Canada,en,
10433,Canada,en,
10434,United States,en,
10435,United States,en,
10436,United States,en,
10437,India,en,
10438,United States,en,
10439,United States,en,
10440,Australia,en,
10441,United States,en,
10442,United States,en,
10443,Australia,en,
10444,United States,en,
10445,United States,en,
10446,United States,en,
10447,Slovakia,en,
10448,United States,en,
10449,United States,en,
10450,United States,en,
10451,United States,en,
10452,Brazil,en,
10453,United States,en,
10454,United States,en,
10455,Serbia,en,
10456,Japan,en,
10457,France,en,
10458,United Kingdom,en,
10459,Canada,en,
10460,Philippines,en,
10461,Philippines,en,
10462,Philippines,en,
10463,Philippines,en,
10464,United States,en,
10465,France,en,
10466,Belgium,en,
10467,Canada,en,
10468,Russia,en,
10469,Canada,en,
10470,United States,en,
10471,Bulgaria,en,
10472,United States,en,
10473,United Kingdom,en,
10474,Germany,en,
10475,Venezuela,en,
10476,Venezuela,en,
10477,Venezuela,en,
10478,Ireland,en,
10479,Bulgaria,en,
10480,Bulgaria,en,
10481,United Kingdom,en,
10482,Russia,en,
10483,Austria,en,
10484,Romania,en,
10485,United Kingdom,en,
10486,United States,en,
10487,United States,en,
10488,Brazil,en,
10489,United States,en,
10490,United States,en,
10491,United States,en,
10492,Russia,en,
10493,Russia,en,
10494,United Kingdom,en,
10495,United States,en,
10496,United States,en,
10497,United States,en,
10498,United States,en,
10499,Canada,en,
10500,United States,en,
10501,United States,en,
10502,United States,en,
10503,United Kingdom,en,
10504,United States,en,
10505,United States,en,
10506,Netherlands,en,
10507,Canada,en,
10508,United States,en,
10509,United States,en,
10510,Australia,en,
10511,United Kingdom,en,
10512,United Kingdom,en,
10513,United States,en,
10514,Japan,en,
10515,United States,en,
10516,Austria,en,
10517,Austria,en,
10518,Austria,en,
10519,Austria,en,
10520,United States,en,
10521,Germany,en,
10522,Canada,en,
10523,India,en,
10524,United Kingdom,en,
10525,United States,en,
10526,Poland,en,
10527,Turkey,en,
10528,United Kingdom,en,
10529,United States,en,
10530,United States,en,
10531,United States,en,
10532,United States,en,
10533,Saudi Arabia,en,
10534,Malaysia,en,
10535,United States,en,
10536,Switzerland,en,
10537,United States,en,
10538,United States,en,
10539,United States,en,
10540,South Africa,en,
10541,South Africa,en,
10542,Slovenia,en,
10543,United States,en,
10544,United States,en,
10545,Russia,en,
10546,United States,en,
10547,United States,en,
10548,Australia,en,
10549,Switzerland,en,
10550,United States,en,
10551,United States,en,
10552,United States,en,
10553,United States,en,
10554,United States,en,
10555,United States,en,
10556,United States,en,
10557,United States,en,
10558,United States,en,
10559,United States,en,
10560,United States,en,
10561,,en,
10562,United States,en,
10563,United States,en,
10564,United States,en,
10565,Germany,en,
10566,Norway,en,
10567,Germany,en,
10568,United States,en,
10569,United States,en,
10570,United States,en,
10571,Russia,en,
10572,United States,en,
10573,United States,en,
10574,United States,en,
10575,United States,en,
10576,South Africa,en,
10577,United States,en,
10578,United States,en,
10579,New Zealand,en,
10580,United Kingdom,en,
10581,United States,en,
10582,Canada,en,
10583,Australia,en,
10584,New Zealand,en,
10585,United States,en,
10586,New Zealand,en,
10587,United Kingdom,en,
10588,Mexico,en,
10589,Canada,en,
10590,United States,en,
10591,Switzerland,en,
10592,Germany,en,
10593,United States,en,
10594,United States,en,
10595,United States,en,
10596,United States,en,
10597,Australia,en,
10598,Netherlands,en,
10599,Australia,en,
10600,Brazil,en,
10601,United States,en,
10602,United States,en,
10603,United States,en,
10604,Australia,en,
10605,United States,en,
10606,United States,en,
10607,Sweden,en,
10608,Sweden,en,
10609,Philippines,en,
10610,United States,en,
10611,United States,en,
10612,United States,en,
10613,Ukraine,en,
10614,United States,en,
10615,Australia,en,
10616,Australia,en,
10617,United States,en,
10618,United States,en,
10619,United States,en,
10620,United Kingdom,en,
10621,Australia,en,
10622,Qatar,en,
10623,Philippines,en,
10624,Philippines,en,
10625,United States,en,
10626,Turkey,en,
10627,United States,en,
10628,United Kingdom,en,
10629,United States,en,
10630,Mexico,en,
10631,Australia,en,
10632,Japan,en,
10633,United States,en,
10634,United States,en,
10635,United States,en,
10636,United States,en,
10637,United States,en,
10638,United States,en,
10639,Germany,en,
10640,United States,en,
10641,Denmark,en,
10642,United Kingdom,en,
10643,Mexico,en,
10644,United States,en,
10645,United States,en,
10646,Italy,en,
10647,United States,en,
10648,Brazil,en,
10649,United States,en,
10650,Romania,en,
10651,Germany,en,
10652,United States,en,
10653,United States,en,
10654,United States,en,
10655,United States,en,
10656,United Kingdom,en,
10657,United States,en,
10658,United States,en,
10659,United States,en,
10660,Indonesia,en,
10661,Indonesia,en,
10662,Indonesia,en,
10663,United States,en,
10664,United States,en,
10665,Pakistan,en,
10666,India,en,
10667,Canada,en,
10668,United States,en,
10669,India,en,
10670,India,en,
10671,India,en,
10672,Singapore,en,
10673,Singapore,en,
10674,Australia,en,
10675,Hong Kong,en,
10676,United States,en,
10677,United States,en,
10678,Hong Kong,en,
10679,United States,en,
10680,United States,en,
10681,Croatia,en,
10682,United States,en,
10683,United States,en,
10684,United States,en,
10685,Sweden,en,
10686,Canada,en,
10687,United States,en,
10688,Australia,en,
10689,Norway,en,
10690,United States,en,
10691,Canada,en,
10692,United States,en,
10693,United Kingdom,en,
10694,Switzerland,en,
10695,United States,en,
10696,Australia,en,
10697,Australia,en,
10698,Canada,en,
10699,Canada,en,
10700,United States,en,
10701,United States,en,
10702,United States,en,
10703,United States,en,
10704,Estonia,en,
10705,United States,en,
10706,United States,en,
10707,United States,en,
10708,United States,en,
10709,Spain,en,
10710,Spain,en,
10711,United States,en,
10712,United States,en,
10713,United States,en,
10714,United States,en,
10715,United States,en,
10716,Estonia,en,
10717,Canada,en,
10718,Cabo Verde,en,
10719,United States,en,
10720,United States,en,
10721,United Kingdom,en,
10722,New Zealand,en,
10723,United States,en,
10724,Mexico,en,
10725,United States,en,
10726,United States,en,
10727,United States,en,
10728,United States,en,
10729,Republic of Korea,ko,
10730,United States,en,
10731,United Kingdom,en,
10732,Brazil,en,
10733,Brazil,en,
10734,United States,en,
10735,United States,en,
10736,United States,en,
10737,Egypt,en,
10738,Egypt,en,
10739,India,en,
10740,France,en,
10741,Germany,en,
10742,United Kingdom,en,
10743,United States,en,
10744,United States,en,
10745,India,en,
10746,United States,en,
10747,Austria,en,
10748,Japan,en,
10749,Australia,en,
10750,India,en,
10751,Egypt,en,
10752,Australia,en,
10753,Australia,en,
10754,Bangladesh,en,
10755,Russia,en,
10756,United States,en,
10757,United States,en,
10758,United States,en,
10759,United States,en,
10760,Canada,en,
10761,Germany,en,
10762,Germany,en,
10763,United States,en,
10764,United States,en,
10765,United States,en,
10766,Canada,en,
10767,Canada,en,
10768,Philippines,en,
10769,United States,en,
10770,United States,en,
10771,United Kingdom,en,
10772,United States,en,
10773,United States,en,
10774,United States,en,
10775,United States,en,
10776,United States,en,
10777,United States,en,
10778,United States,en,
10779,United States,en,
10780,United States,en,
10781,United States,en,
10782,United Kingdom,en,
10783,Australia,en,
10784,United Kingdom,en,
10785,United States,en,
10786,United States,en,
10787,Bulgaria,en,
10788,Denmark,en,
10789,United States,en,
10790,New Zealand,en,
10791,Brazil,en,
10792,Germany,en,
10793,Germany,en,
10794,United States,en,
10795,United States,en,
10796,Brazil,en,
10797,United Kingdom,en,
10798,United States,en,
10799,United States,en,
10800,United States,en,
10801,United States,en,
10802,United States,en,
10803,Netherlands,en,
10804,United States,en,
10805,India,en,
10806,India,en,
10807,United States,en,
10808,United States,en,
10809,Ukraine,en,
10810,Norway,en,
10811,Norway,en,
10812,Norway,en,
10813,United States,en,
10814,Canada,en,
10815,United States,en,
10816,Brazil,en,
10817,Poland,en,
10818,Sweden,en,
10819,United States,en,
10820,United States,en,
10821,Spain,en,
10822,United States,en,
10823,United States,en,
10824,Brazil,en,
10825,Norway,en,
10826,Spain,en,
10827,Canada,en,
10828,United States,en,
10829,Canada,en,
10830,Switzerland,en,
10831,United Kingdom,en,
10832,Germany,en,
10833,Panama,en,
10834,Panama,en,
10835,Panama,en,
10836,Panama,en,
10837,Panama,en,
10838,Panama,en,
10839,Canada,en,
10840,Panama,en,
10841,Panama,en,
10842,United States,en,
10843,Panama,en,
10844,Panama,en,
10845,Panama,en,
10846,New Zealand,en,
10847,Panama,en,
10848,United States,en,
10849,Morocco,en,
10850,Panama,en,
10851,United States,en,
10852,United States,en,
10853,Panama,en,
10854,United States,en,
10855,United States,en,
10856,United States,en,
10857,United States,en,
10858,Japan,en,
10859,Brazil,en,
10860,United States,en,
10861,Taiwan,en,south
10862,Taiwan,en,south
10863,United States,en,
10864,Canada,en,
10865,Denmark,en,
10866,United States,en,
10867,United States,en,
10868,United States,en,
10869,Panama,en,
10870,Germany,en,
10871,Hungary,en,
10872,Hungary,en,
10873,Russia,en,
10874,United States,en,
10875,Taiwan,en,south
10876,United States,en,
10877,Australia,en,
10878,United States,en,
10879,Republic of Korea,en,
10880,Germany,en,
10881,United States,en,
10882,Indonesia,en,
10883,United States,en,
10884,United Kingdom,en,
10885,United States,en,
10886,Philippines,en,
10887,Japan,en,
10888,United States,en,
10889,United States,en,
10890,United States,en,
10891,United States,en,
10892,United States,en,
10893,United States,en,
10894,United States,en,
10895,United States,en,
10896,United States,en,
10897,United States,en,
10898,United States,en,
10899,United States,en,
10900,United States,en,
10901,United States,en,
10902,United States,en,
10903,United States,en,
10904,United States,en,
10905,United States,en,
10906,United States,en,
10907,United States,en,
10908,United States,en,
10909,United States,en,
10910,United States,en,
10911,United States,en,
10912,United States,en,
10913,United States,en,
10914,United States,en,
10915,United States,en,
10916,United States,en,
10917,United States,en,
10918,United States,en,
10919,United States,en,
10920,United States,en,
10921,United States,en,
10922,United States,en,
10923,United States,en,
10924,United States,en,
10925,Puerto Rico,en,
10926,France,en,
10927,Mexico,en,
10928,Denmark,en,
10929,United States,en,
10930,United States,en,
10931,India,en,
10932,United States,en,
10933,United States,en,
10934,Vietnam,en,
10935,United Kingdom,en,
10936,United Kingdom,en,
10937,United Kingdom,en,
10938,United States,en,
10939,United States,en,
10940,United States,en,
10941,United States,en,
10942,Japan,en,
10943,Indonesia,en,
10944,United States,en,
10945,United States,en,
10946,Republic of Korea,ko,
10947,Canada,en,
10948,United Kingdom,en,
10949,United Kingdom,en,
10950,Italy,en,
10951,Australia,en,
10952,Canada,en,
10953,Canada,en,
10954,United States,en,
10955,United States,en,
10956,United States,en,
10957,United States,en,
10958,Sweden,en,
10959,Sweden,en,
10960,Republic of Lithuania,en,
10961,Poland,en,
10962,Indonesia,en,
10963,United States,en,
10964,India,en,
10965,Philippines,en,
10966,Greece,en,
10967,Australia,en,
10968,South Africa,en,
10969,United States,en,
10970,Australia,en,
10971,Canada,en,
10972,United States,en,
10973,United States,en,
10974,United States,en,
10975,Singapore,en,
10976,Singapore,en,
10977,Canada,en,
10978,Slovakia,en,
10979,Slovakia,en,
10980,Thailand,en,
10981,United States,en,
10982,Germany,en,
10983,United States,en,
10984,South Africa,en,
10985,Australia,en,
10986,United States,en,
10987,United States,en,
10988,United States,en,
10989,United States,en,
10990,United States,en,
10991,United States,en,
10992,United States,en,
10993,United States,en,
10994,United States,en,
10995,United States,en,
10996,United States,en,
10997,United States,en,
10998,United States,en,
10999,United States,en,
11000,United States,en,
11001,United States,en,
11002,Singapore,en,
11003,Romania,en,
11004,United States,en,
11005,United States,en,
11006,United States,en,
11007,United States,en,
11008,United States,en,
11009,Thailand,en,
11010,United Kingdom,en,
11011,United States,en,
11012,United States,en,
11013,United States,en,
11014,United States,en,
11015,United States,en,
11016,United States,en,
11017,United States,en,
11018,United States,en,
11019,United States,en,
11020,United States,en,
11021,United States,en,
11022,United States,en,
11023,United States,en,
11024,United States,en,
11025,United States,en,
11026,United States,en,
11027,United States,en,
11028,United States,en,
11029,United States,en,
11030,United States,en,
11031,United States,en,
11032,United States,en,
11033,United States,en,
11034,United States,en,
11035,United States,en,
11036,United States,en,
11037,United States,en,
11038,United States,en,
11039,United States,en,
11040,United States,en,
11041,United States,en,
11042,United States,en,
11043,United States,en,
11044,United States,en,
11045,United States,en,
11046,United States,en,
11047,United States,en,
11048,United States,en,
11049,United States,en,
11050,United States,en,
11051,United States,en,
11052,United States,en,
11053,United States,en,
11054,United States,en,
11055,United States,en,
11056,Republic of Korea,ko,
11057,United States,en,
11058,United Kingdom,en,
11059,United States,en,
11060,United States,en,
11061,United States,en,
11062,United States,en,
11063,United States,en,
11064,United States,en,
11065,Finland,en,
11066,Finland,en,
11067,Finland,en,
11068,Finland,en,
11069,United States,en,
11070,United States,en,
11071,United States,en,
11072,Hong Kong,en,
11073,Hong Kong,en,
11074,United States,en,
11075,United States,en,
11076,United States,en,
11077,United States,en,
11078,United States,en,
11079,United States,en,
11080,United States,en,
11081,United States,en,
11082,United States,en,
11083,United States,en,
11084,United States,en,
11085,United States,en,
11086,United States,en,
11087,United States,en,
11088,United States,en,
11089,United States,en,
11090,United States,en,
11091,United States,en,
11092,United States,en,
11093,United States,en,
11094,United States,en,
11095,United States,en,
11096,United States,en,
11097,Canada,en,
11098,Canada,en,
11099,Hungary,en,
11100,Australia,en,
11101,United States,en,
11102,Republic of Korea,en,
11103,United States,en,
11104,United States,en,
11105,United States,en,
11106,United States,en,
11107,United Kingdom,en,
11108,United States,en,
11109,United States,en,
11110,Sweden,en,
11111,United States,en,
11112,United States,en,
11113,United States,en,
11114,United States,en,
11115,United States,en,
11116,United Kingdom,en,
11117,Sweden,en,
11118,Sweden,en,
11119,Finland,en,
11120,Finland,en,
11121,United States,en,
11122,Canada,en,
11123,United States,en,
11124,United States,en,
11125,United States,en,
11126,Puerto Rico,en,
11127,Brazil,en,
11128,New Zealand,en,
11129,United States,en,
11130,United States,en,
11131,Canada,en,
11132,United States,en,
11133,United States,en,
11134,United States,en,
11135,United States,en,
11136,United States,en,
11137,United States,en,
11138,United States,en,
11139,United States,en,
11140,United States,en,
11141,United States,en,
11142,United States,en,
11143,United States,en,
11144,United States,en,
11145,Australia,en,
11146,United States,en,
11147,Italy,en,
11148,United States,en,
11149,United States,en,
11150,Republic of Korea,ko,
11151,United States,en,
11152,Belgium,en,
11153,Australia,en,
11154,United States,en,
11155,United States,en,
11156,United States,en,
11157,United States,en,
11158,Australia,en,
11159,United States,en,
11160,India,en,
11161,United States,en,
11162,United States,en,
11163,United States,en,
11164,United States,en,
11165,Brazil,en,
11166,Brazil,en,
11167,United States,en,
11168,United States,en,
11169,United States,en,
11170,United States,en,
11171,United States,en,
11172,United States,en,
11173,United States,en,
11174,United States,en,
11175,Hong Kong,en,
11176,United States,en,
11177,United States,en,
11178,Netherlands,en,
11179,Finland,en,
11180,United States,en,
11181,United States,en,
11182,United States,en,
11183,United States,en,
11184,United States,en,
11185,United States,en,
11186,United States,en,
11187,United States,en,
11188,United States,en,
11189,United States,en,
11190,United States,en,
11191,United States,en,
11192,United States,en,
11193,United States,en,
11194,United States,en,
11195,United States,en,
11196,Denmark,en,
11197,United States,en,
11198,United States,en,
11199,Ireland,en,
11200,United States,en,
11201,United States,en,
11202,United States,en,
11203,France,en,
11204,France,en,
11205,United States,en,
11206,United States,en,
11207,United States,en,
11208,United States,en,
11209,United States,en,
11210,Australia,en,
11211,Poland,en,
11212,Hungary,en,
11213,United States,en,
11214,Australia,en,
11215,Australia,en,
11216,United States,en,
11217,Philippines,en,
11218,Canada,en,
11219,United States,en,
11220,United States,en,
11221,Germany,en,
11222,Germany,en,
11223,Hong Kong,en,
11224,United States,en,
11225,United States,en,
11226,United States,en,
11227,United States,en,
11228,United States,en,
11229,United States,en,
11230,United States,en,
11231,United States,en,
11232,United States,en,
11233,United States,en,
11234,United States,en,
11235,United States,en,
11236,United States,en,
11237,United States,en,
11238,United States,en,
11239,Australia,en,
11240,United States,en,
11241,Hong Kong,en,
11242,Sweden,en,
11243,United States,en,
11244,United States,en,
11245,United States,en,
11246,United States,en,
11247,United States,en,
11248,United States,en,
11249,Germany,en,
11250,United States,en,
11251,United States,en,
11252,United States,en,
11253,United States,en,
11254,United States,en,
11255,United States,en,
11256,United States,en,
11257,United States,en,
11258,United States,en,
11259,United States,en,
11260,Japan,en,
11261,United States,en,
11262,United States,en,
11263,United States,en,
11264,United States,ko,
11265,United States,en,
11266,United States,en,
11267,Israel,en,
11268,United States,en,
11269,Israel,en,
11270,Sweden,en,
11271,Sweden,en,
11272,United States,en,
11273,United States,en,
11274,Canada,en,
11275,United States,en,
11276,United States,en,
11277,Japan,en,
11278,Vietnam,en,
11279,Australia,en,
11280,United States,en,
11281,United States,en,
11282,United States,en,
11283,United States,en,
11284,United States,en,
11285,United States,en,
11286,Czechia,en,
11287,United Kingdom,en,
11288,United States,en,
11289,United States,ko,
11290,United States,zh,
11291,United States,ko,
11292,United States,zh,
11293,United States,en,
11294,United States,en,
11295,United States,zh,
11296,United States,ko,
11297,United States,zh,
11298,United States,zh,
11299,United States,en,
11300,United States,en,
11301,United States,en,
11302,United States,en,
11303,United States,en,
11304,Australia,en,
11305,United States,en,
11306,United States,zh,
11307,United States,ko,
11308,United States,zh,
11309,United States,en,
11310,United States,en,
11311,United States,en,
11312,United States,en,
11313,United States,zh,
11314,United States,zh,
11315,United States,zh,
11316,United States,zh,
11317,United States,zh,
11318,United States,zh,
11319,United States,zh,
11320,United States,ko,
11321,United States,zh,
11322,United States,zh,
11323,United States,ko,
11324,United States,zh,
11325,United States,zh,
11326,United States,zh,
11327,United States,zh,
11328,United States,zh,
11329,United States,zh,
11330,United States,zh,
11331,United States,zh,
11332,United States,zh,
11333,United States,zh,
11334,United States,zh,
11335,United States,zh,
11336,United States,en,
11337,United States,en,
11338,United States,en,
11339,United States,en,
11340,United States,ko,
11341,United States,zh,
11342,United States,en,
11343,United States,ko,
11344,United States,en,
11345,United States,en,
11346,United States,zh,
11347,United States,ko,
11348,United States,en,
11349,United States,en,
11350,United States,en,
11351,United States,en,
11352,United States,en,
11353,United States,en,
11354,United States,en,
11355,United States,en,
11356,United States,en,
11357,United States,en,
11358,United States,en,
11359,United States,en,
11360,United States,en,
11361,United States,en,
11362,Hong Kong,en,
11363,Hong Kong,en,
11364,Germany,en,
11365,United States,en,
11366,United States,en,
11367,United Kingdom,en,
11368,United Kingdom,en,
11369,United Kingdom,en,
11370,United Kingdom,en,
11371,Netherlands,en,
11372,Netherlands,en,
11373,United States,en,
11374,United States,en,
11375,United States,en,
11376,United States,en,
11377,United States,en,
11378,United States,en,
11379,United States,en,
11380,United States,en,
11381,United States,en,
11382,United States,en,
11383,United States,en,
11384,United States,en,
11385,United States,en,
11386,Republic of Korea,ko,
11387,United States,en,
11388,United States,en,
11389,Spain,en,
11390,Spain,en,
11391,United States,en,
11392,Netherlands,en,
11393,Netherlands,en,
11394,United States,en,
11395,United States,en,
11396,United States,en,
11397,United States,en,
11398,United States,en,
11399,United States,en,
11400,United States,en,
11401,United States,en,
11402,United States,en,
11403,United States,en,
11404,United States,en,
11405,United States,en,
11406,United States,en,
11407,United States,en,
11408,United States,en,
11409,United States,en,
11410,United States,en,
11411,United States,en,
11412,United States,en,
11413,United States,en,
11414,United States,en,
11415,Japan,en,
11416,Japan,en,
11417,United States,en,
11418,United States,en,
11419,United States,en,
11420,United States,en,
11421,United States,en,
11422,United States,en,
11423,United States,en,
11424,United States,en,
11425,United States,en,
11426,United States,en,
11427,United States,en,
11428,United States,en,
11429,United States,en,
11430,Hong Kong,en,
11431,Hong Kong,en,
11432,United States,en,
11433,United States,en,
11434,United States,en,
11435,United States,en,
11436,United States,en,
11437,United States,en,
11438,Hong Kong,en,
11439,Hong Kong,en,
11440,Hong Kong,en,
11441,Canada,en,
11442,Canada,en,
11443,Canada,en,
11444,Canada,en,
11445,Kenya,en,
11446,Kenya,en,
11447,Australia,en,
11448,Australia,en,
11449,Hong Kong,en,
11450,Hong Kong,en,
11451,Netherlands,en,
11452,Netherlands,en,
11453,Netherlands,en,
11454,Netherlands,en,
11455,Spain,en,
11456,United States,en,
11457,United States,en,
11458,Norway,en,
11459,Norway,en,
11460,United States,en,
11461,United States,en,
11462,United States,en,
11463,United States,en,
11464,United States,en,
11465,United States,en,
11466,United States,en,
11467,United States,en,
11468,United States,en,
11469,United States,en,
11470,United States,en,
11471,United States,en,
11472,United States,en,
11473,United States,en,
11474,United Kingdom,en,
11475,United Kingdom,en,
11476,United States,en,
11477,United States,en,
11478,United States,en,
11479,United States,en,
11480,United States,en,
11481,United States,en,
11482,United States,en,
11483,United States,en,
11484,United States,en,
11485,United States,en,
11486,United States,en,
11487,Belgium,en,
11488,Belgium,en,
11489,United States,en,
11490,Brazil,en,
11491,Brazil,en,
11492,United States,en,
11493,United States,en,
11494,United States,en,
11495,United States,en,
11496,United States,en,
11497,United States,en,
11498,United States,en,
11499,Germany,en,
11500,Germany,en,
11501,Canada,en,
11502,Canada,en,
11503,United States,en,
11504,United States,en,
11505,Pakistan,en,
11506,Pakistan,en,
11507,Pakistan,en,
11508,Pakistan,en,
11509,United States,en,
11510,United States,en,
11511,Sweden,en,
11512,Sweden,en,
11513,United States,en,
11514,United States,en,
11515,United States,en,
11516,United States,en,
11517,United States,en,
11518,Republic of Korea,ko,
11519,Republic of Korea,ko,
11520,United States,en,
11521,United States,en,
11522,United States,en,
11523,United States,en,
11524,United States,en,
11525,United States,en,
11526,United States,en,
11527,United States,en,
11528,United States,en,
11529,United States,en,
11530,United States,en,
11531,United States,en,
11532,United States,fa,
11533,United States,fa,
11534,United States,en,
11535,United States,en,
11536,United States,fa,
11537,Mexico,en,
11538,Mexico,en,
11539,United States,en,
11540,United States,en,
11541,United States,en,
11542,United States,fa,
11543,United States,en,
11544,United States,en,
11545,United States,fa,
11546,United States,fa,
11547,Iran,fa,
11548,Iran,fa,
11549,United States,fa,
11550,United States,en,
11551,United States,fa,
11552,Turkey,fa,
11553,United States,fa,
11554,United States,fa,
11555,United States,fa,
11556,United States,fa,
11557,United States,en,
11558,United States,fa,
11559,Turkey,fa,
11560,Iran,en,
11561,United States,fa,
11562,Turkey,fa,
11563,United States,fa,
11564,United States,fa,
11565,United States,en,
11566,United States,en,
11567,United States,fa,
11568,United Kingdom,en,
11569,United Kingdom,fa,
11570,United Kingdom,en,
11571,United States,fa,
11572,United States,fa,
11573,United States,fa,
11574,United States,fa,
11575,United States,fa,
11576,United States,fa,
11577,United States,fa,
11578,United States,fa,
11579,Germany,fa,
11580,United States,en,
11581,Germany,fa,
11582,Iran,en,
11583,United States,fa,
11584,United States,fa,
11585,United States,fa,
11586,United States,fa,
11587,Germany,fa,
11588,United States,en,
11589,United States,fa,
11590,United States,fa,
11591,United States,fa,
11592,United States,fa,
11593,United States,fa,
11594,United States,fa,
11595,United States,fa,
11596,United States,fa,
11597,United States,fa,
11598,United States,fa,
11599,United States,fa,
11600,Mexico,en,
11601,Canada,fa,
11602,Canada,en,
11603,Iran,fa,
11604,United States,en,
11605,Australia,en,
11606,United States,fa,
11607,United States,fa,
11608,United States,en,
11609,United Kingdom,en,
11610,United Kingdom,en,
11611,United States,en,
11612,United States,en,
11613,United States,fa,
11614,United States,en,
11615,United Kingdom,en,
11616,United States,en,
11617,United States,en,
11618,United States,fa,
11619,United States,fa,
11620,United States,en,
11621,United Kingdom,fa,
11622,United States,fa,
11623,United States,fa,
11624,United States,en,
11625,United States,fa,
11626,United States,fa,
11627,United States,fa,
11628,United States,en,
11629,United States,en,
11630,United States,en,
11631,United States,fa,
11632,United States,fa,
11633,United States,fa,
11634,United States,en,
11635,United States,en,
11636,United States,en,
11637,United States,en,
11638,United States,fa,
11639,United States,fa,
11640,United Kingdom,fa,
11641,United States,fa,
11642,Iran,fa,
11643,Canada,en,
11644,Finland,fa,
11645,United States,fa,
11646,Iran,fa,
11647,United States,fa,
11648,United States,fa,
11649,United States,fa,
11650,United States,fa,
11651,United States,fa,
11652,Netherlands,en,
11653,United States,fa,
11654,Iran,fa,
11655,Luxembourg,fa,
11656,United States,en,
11657,United States,fa,
11658,United States,fa,
11659,Iran,fa,
11660,Iran,en,
11661,Iran,fa,
11662,Iran,fa,
11663,Iran,fa,
11664,Iran,fa,
11665,Iran,fa,
11666,Iran,fa,
11667,Iran,fa,
11668,Iran,fa,
11669,United States,fa,
11670,Iran,fa,
11671,Iran,fa,
11672,Iran,fa,
11673,Iran,fa,
11674,Iran,fa,
11675,Turkey,fa,
11676,United States,fa,
11677,United States,fa,
11678,Iran,fa,
11679,United States,en,
11680,United Kingdom,fa,
11681,United States,fa,
11682,United States,fa,
11683,Germany,fa,
11684,Germany,fa,
11685,Iran,fa,
11686,United States,fa,
11687,United States,en,
11688,United States,en,
11689,Iran,fa,
11690,Germany,fa,
11691,United States,en,
11692,United States,en,
11693,United States,fa,
11694,United States,en,
11695,United Kingdom,en,
11696,Iran,fa,
11697,United States,fa,
11698,Netherlands,fa,
11699,United States,en,
11700,United States,en,
11701,Germany,en,
11702,Germany,fa,
11703,India,en,
11704,India,en,
11705,Iran,fa,
11706,Iran,fa,
11707,France,fa,
11708,France,fa,
11709,United States,fa,
11710,United Arab Emirates,fa,
11711,United States,fa,
11712,United States,en,
11713,United States,en,
11714,United States,en,
11715,Iran,fa,
11716,Iran,fa,
11717,Iran,fa,
11718,France,en,
11719,France,en,
11720,United States,fa,
11721,United States,fa,
11722,United States,en,
11723,United States,en,
11724,United States,en,
11725,Canada,en,
11726,Canada,en,
11727,Germany,fa,
11728,United States,en,
11729,United States,en,
11730,United States,fa,
11731,United States,en,
11732,United States,en,
11733,France,fa,
11734,United States,en,
11735,United States,en,
11736,United States,en,
11737,United States,en,
11738,United States,en,
11739,Denmark,en,
11740,Denmark,en,
11741,Denmark,en,
11742,Denmark,en,
11743,Denmark,en,
11744,Denmark,en,
11745,Denmark,en,
11746,Denmark,en,
11747,Denmark,en,
11748,Denmark,en,
11749,Denmark,en,
11750,Denmark,en,
11751,Denmark,en,
11752,Denmark,en,
11753,Denmark,en,
11754,Denmark,en,
11755,Republic of Korea,ko,
11756,Republic of Korea,ko,
11757,Iran,fa,
11758,Romania,fa,
11759,United States,fa,
11760,United States,en,
11761,United States,en,
11762,United States,en,
11763,United States,en,
11764,United States,en,
11765,United States,fa,
11766,United States,en,
11767,United States,en,
11768,United States,en,
11769,United States,en,
11770,United States,fa,
11771,United States,fa,
11772,Iran,fa,
11773,Iran,fa,
11774,Iran,fa,
11775,Romania,fa,
11776,France,fa,
11777,France,fa,
11778,Iran,en,
11779,Iran,en,
11780,Iran,fa,
11781,Australia,en,
11782,United States,fa,
11783,United States,en,
11784,United States,fa,
11785,United States,en,
11786,United States,fa,
11787,United States,en,
11788,United States,fa,
11789,United States,fa,
11790,Netherlands,fa,
11791,Iran,fa,
11792,Germany,fa,
11793,Romania,en,
11794,Romania,en,
11795,Romania,en,
11796,Romania,en,
11797,Republic of Korea,ko,
11798,Croatia,en,
11799,Croatia,en,
11800,France,en,
11801,United Kingdom,en,
11802,Netherlands,fa,
11803,United States,en,
11804,Australia,en,
11805,Australia,en,
11806,Germany,fa,
11807,Republic of Korea,ko,
11808,United States,fa,
11809,Germany,fa,
11810,United Kingdom,en,
11811,United Kingdom,en,
11812,Canada,en,
11813,Canada,en,
11814,United Kingdom,fa,
11815,United States,fa,
11816,United States,fa,
11817,United States,fa,
11818,United States,fa,
11819,United States,fa,
11820,United States,fa,
11821,United States,en,
11822,United States,en,
11823,Denmark,en,
11824,Denmark,en,
11825,Republic of Korea,ko,
11826,Republic of Korea,ko,
11827,United States,en,
11828,United States,en,
11829,United States,en,
11830,United States,en,
11831,United States,zh,
11832,United States,zh,
11833,United States,zh,
11834,United Kingdom,en,
11835,United States,fa,
11836,Netherlands,fa,
11837,Netherlands,fa,
11838,France,fa,
11839,Iran,fa,
11840,United States,fa,
11841,United States,fa,
11842,Macao,zh,
11843,Macao,zh,
11844,France,en,
11845,France,en,
11846,France,en,
11847,United States,fa,
11848,United States,en,
11849,United States,fa,
11850,Estonia,en,
11851,Estonia,en,
11852,Malaysia,en,
11853,South Africa,en,
11854,South Africa,en,
11855,France,fa,
11856,Republic of Korea,ko,
11857,Republic of Korea,ko,
11858,Canada,en,
11859,Canada,en,
11860,France,fa,
11861,Germany,en,
11862,Germany,en,
11863,Germany,fa,
11864,United States,en,
11865,United States,en,
11866,United States,en,
11867,United States,en,
11868,Germany,fa,
11869,United States,en,
11870,Germany,en,
11871,Germany,en,
11872,United States,en,
11873,United States,en,
11874,United States,en,
11875,United States,fa,
11876,United Kingdom,en,
11877,United Kingdom,en,
11878,Italy,en,
11879,Italy,en,
11880,United States,en,
11881,United States,en,
11882,United States,en,
11883,United States,en,
11884,Netherlands,en,
11885,Netherlands,en,
11886,Taiwan,zh,south
11887,Taiwan,zh,south
11888,United States,en,
11889,United States,en,
11890,Turkey,fa,
11891,Turkey,fa,
11892,United States,fa,
11893,United States,fa,
11894,United States,fa,
11895,Turkey,fa,
11896,Turkey,fa,
11897,United States,fa,
11898,United States,fa,
11899,United States,fa,
11900,United States,fa,
11901,United States,fa,
11902,United States,fa,
11903,United States,fa,
11904,United States,en,
11905,United States,en,
11906,United States,fa,
11907,United States,fa,
11908,Taiwan,fa,south
11909,Iran,fa,
11910,United States,fa,
11911,Iran,fa,
11912,Iran,fa,
11913,Norway,fa,
11914,Iran,fa,
11915,United States,fa,
11916,Iran,fa,
11917,Taiwan,fa,south
11918,United States,fa,
11919,United States,fa,
11920,Netherlands,fa,
11921,Iran,fa,
11922,Iran,fa,
11923,Iran,fa,
11924,Iran,fa,
11925,Iran,fa,
11926,United Arab Emirates,fa,
11927,Iran,fa,
11928,Iran,fa,
11929,Iran,fa,
11930,Iran,fa,
11931,Iran,fa,
11932,Iran,fa,
11933,Iran,fa,
11934,Iran,fa,
11935,Iran,fa,
11936,Iran,fa,
11937,Iran,fa,
11938,Germany,fa,
11939,Iran,fa,
11940,Iran,fa,
11941,Iran,fa,
11942,Germany,fa,
11943,Iran,fa,
11944,Iran,fa,
11945,Turkey,fa,
11946,Iran,fa,
11947,Turkey,fa,
11948,Turkey,fa,
11949,Turkey,fa,
11950,Iran,fa,
11951,Canada,fa,
11952,Iran,fa,
11953,Iran,fa,
11954,United States,en,
11955,United States,en,
11956,Iran,fa,
11957,Iran,fa,
11958,Iran,fa,
11959,Iran,fa,
11960,Iran,fa,
11961,United Arab Emirates,fa,
11962,Iran,fa,
11963,Iran,fa,
11964,Iran,fa,
11965,Iran,fa,
11966,Iran,fa,
11967,Iran,fa,
11968,Iran,fa,
11969,Iran,fa,
11970,Iran,fa,
11971,Iran,fa,
11972,Netherlands,fa,
11973,Iran,fa,
11974,Iran,fa,
11975,Iran,fa,
11976,Italy,fa,
11977,Turkey,fa,
11978,Turkey,fa,
11979,Iran,fa,
11980,Iran,fa,
11981,Turkey,fa,
11982,Iran,fa,
11983,United States,fa,
11984,Iran,fa,
11985,Canada,fa,
11986,Iran,fa,
11987,Turkey,fa,
11988,Iran,fa,
11989,United Kingdom,en,
11990,United Kingdom,en,
11991,Canada,fa,
11992,Iran,fa,
11993,Iran,fa,
11994,Iran,fa,
11995,Iran,fa,
11996,Iran,fa,
11997,Iran,fa,
11998,United States,en,
11999,United States,en,
12000,United States,en,
12001,United States,en,
12002,United States,en,
12003,United States,en,
12004,Iran,fa,
12005,Turkey,fa,
12006,United States,fa,
12007,Iran,fa,
12008,United States,fa,
12009,Iran,fa,
12010,Israel,en,
12011,Russia,en,
12012,Malaysia,en,
12013,Malaysia,en,
12014,Malaysia,en,
12015,Malaysia,en,
12016,United States,fa,
12017,United States,en,
12018,United States,en,
12019,Iran,fa,
12020,Switzerland,en,
12021,Iran,fa,
12022,Switzerland,en,
12023,Switzerland,en,
12024,Hong Kong,en,
12025,Hong Kong,en,
12026,Iran,fa,
12027,United States,en,
12028,United States,en,
12029,Switzerland,fa,
12030,United States,en,
12031,United States,en,
12032,Portugal,en,
12033,Portugal,en,
12034,Morocco,en,
12035,Morocco,en,
12036,United States,en,
12037,United States,en,
12038,United States,en,
12039,Denmark,en,
12040,Denmark,en,
12041,Turkey,en,
12042,Turkey,en,
12043,Turkey,en,
12044,Turkey,fa,
12045,Turkey,zh,
12046,United States,fa,
12047,Iran,en,
12048,United States,en,
12049,United States,en,
12050,Italy,en,
12051,United States,en,
12052,Australia,en,
12053,Australia,en,
12054,United States,en,
12055,United States,en,
12056,India,en,
12057,India,en,
12058,United States,en,
12059,United States,en,
12060,United States,en,
12061,United States,en,
12062,United States,en,
12063,United States,en,
12064,Georgia,en,
12065,Georgia,en,
12066,Georgia,en,
12067,United States,en,
12068,United States,en,
12069,United States,en,
12070,United States,en,
12071,United States,en,
12072,Republic of Korea,ko,
12073,Turkey,en,
12074,Turkey,en,
12075,Austria,en,
12076,Republic of Korea,ko,
12077,Jersey,en,
12078,Jersey,en,
12079,United States,en,
12080,United States,en,
12081,Indonesia,en,
12082,United States,en,
12083,United States,en,
12084,Italy,en,
12085,Ukraine,en,
12086,United States,en,
12087,United States,en,
12088,United States,en,
12089,United States,en,
12090,Republic of Korea,ko,
12091,Canada,en,
12092,Canada,en,
12093,Finland,en,
12094,Finland,en,
12095,Canada,en,
12096,United Kingdom,en,
12097,United Kingdom,en,
12098,Germany,en,
12099,Germany,en,
12100,United States,en,
12101,United Kingdom,en,
12102,Brazil,en,
12103,United Kingdom,en,
12104,United Kingdom,en,
12105,United States,en,
12106,Australia,en,
12107,Australia,en,
12108,United States,en,
12109,Italy,en,
12110,Canada,en,
12111,United States,fa,
12112,United States,en,
12113,Italy,en,
12114,Italy,en,
12115,United Kingdom,en,
12116,Iran,en,
12117,Iran,en,
12118,Iran,en,
12119,Iran,en,
12120,Iran,fa,
12121,Republic of Korea,ko,
12122,Republic of Korea,ko,
12123,France,en,
12124,France,en,
12125,Italy,en,
12126,Italy,en,
12127,Italy,en,
12128,Italy,en,
12129,United States,en,
12130,Portugal,en,
12131,Portugal,en,
12132,United States,en,
12133,United States,en,
12134,United States,en,
12135,Iran,fa,
12136,Switzerland,en,
12137,United States,en,
12138,United States,en,
12139,United States,en,
12140,United States,en,
12141,Netherlands,en,
12142,Netherlands,en,
12143,Netherlands,en,
12144,Netherlands,en,
12145,United States,en,
12146,United States,en,
12147,United States,en,
12148,United States,en,
12149,United States,en,
12150,United States,en,
12151,United States,en,
12152,United States,en,
12153,United States,en,
12154,United States,en,
12155,Finland,en,
12156,United States,en,
12157,United States,en,
12158,United States,ko,
12159,United States,zh,
12160,United States,fa,
12161,United States,en,
12162,Ireland,ko,
12163,Republic of Korea,ko,
12164,United States,en,
12165,United States,ko,
12166,United States,en,
12167,United States,en,
12168,United States,ko,
12169,United States,en,
12170,Singapore,en,
12171,United States,en,
12172,United States,en,
12173,United States,en,
12174,United States,en,
12175,United States,en,
12176,United States,en,
12177,United States,en,
12178,United States,en,
12179,United States,en,
12180,United States,ko,
12181,United States,en,
12182,Peru,en,
12183,United States,en,
12184,United States,en,
12185,United States,en,
12186,United States,en,
12187,United States,en,
12188,United States,en,
12189,United States,en,
12190,United States,en,
12191,United States,en,
12192,United States,en,
12193,United States,en,
12194,United States,en,
12195,United States,zh,
12196,United States,en,
12197,United Kingdom,en,
12198,United Kingdom,en,
12199,Croatia,en,
12200,Croatia,en,
12201,United States,en,
12202,United States,en,
12203,United States,en,
12204,United States,en,
12205,United States,en,
12206,Philippines,en,
12207,Philippines,en,
12208,United Kingdom,en,
12209,United Kingdom,en,
12210,United States,en,
12211,United States,en,
12212,United States,en,
12213,United States,en,
12214,United States,en,
12215,Canada,en,
12216,Canada,en,
12217,Saudi Arabia,en,
12218,Saudi Arabia,en,
12219,United States,en,
12220,United States,en,
12221,United States,en,
12222,United States,en,
12223,Canada,en,
12224,Canada,en,
12225,United States,en,
12226,United States,en,
12227,United States,en,
12228,Taiwan,zh,south
12229,Taiwan,zh,south
12230,Taiwan,en,south
12231,United States,en,
12232,United States,en,
12233,United States,en,
12234,United States,en,
12235,United States,en,
12236,United States,en,
12237,United States,en,
12238,United States,en,
12239,United States,en,
12240,United States,en,
12241,United States,en,
12242,India,en,
12243,India,en,
12244,United States,en,
12245,United States,en,
12246,United States,en,
12247,United States,en,
12248,United States,en,
12249,United States,en,
12250,United States,en,
12251,United States,en,
12252,United States,en,
12253,Canada,en,
12254,Republic of Korea,ko,
12255,United States,en,
12256,United States,en,
12257,United States,en,
12258,United States,en,
12259,United States,en,
12260,United States,en,
12261,United States,en,
12262,United States,en,
12263,United States,en,
12264,United States,en,
12265,United Kingdom,en,
12266,United Kingdom,en,
12267,United States,en,
12268,United States,en,
12269,Canada,en,
12270,Canada,en,
12271,Canada,en,
12272,Canada,en,
12273,United States,en,
12274,Germany,en,
12275,Germany,en,
12276,Australia,en,
12277,Australia,en,
12278,Argentina,en,
12279,Argentina,en,
12280,Argentina,en,
12281,Argentina,en,
12282,United States,en,
12283,United States,en,
12284,United States,en,
12285,United States,en,
12286,United States,en,
12287,Czechia,en,
12288,Czechia,en,
12289,Japan,en,
12290,Japan,en,
12291,Australia,en,
12292,Australia,en,
12293,Australia,en,
12294,Australia,en,
12295,Germany,en,
12296,Sweden,en,
12297,Sweden,en,
12298,Sweden,en,
12299,Sweden,en,
12300,Finland,en,
12301,Finland,en,
12302,Sweden,en,
12303,Sweden,en,
12304,Canada,en,
12305,Canada,en,
12306,Canada,en,
12307,Canada,en,
12308,United States,en,
12309,United States,en,
12310,United States,en,
12311,Romania,en,
12312,Romania,en,
12313,Romania,en,
12314,Romania,en,
12315,Romania,en,
12316,Romania,en,
12317,Romania,en,
12318,United States,en,
12319,Romania,en,
12320,United States,en,
12321,United States,en,
12322,United States,en,
12323,United States,en,
12324,United States,en,
12325,United States,en,
12326,United States,en,
12327,United States,en,
12328,United States,en,
12329,United States,en,
12330,United States,fa,
12331,United States,en,
12332,Turkey,fa,
12333,United States,en,
12334,United States,en,
12335,United States,en,
12336,United States,en,
12337,Switzerland,en,
12338,United States,en,
12339,Pakistan,en,
12340,United States,en,
12341,United States,en,
12342,United States,en,
12343,Australia,en,
12344,Australia,en,
12345,Republic of Korea,ko,
12346,United States,en,
12347,Canada,en,
12348,Canada,en,
12349,United States,en,
12350,United Kingdom,en,
12351,United Kingdom,en,
12352,Italy,en,
12353,Italy,en,
12354,United States,en,
12355,United States,en,
12356,Saudi Arabia,en,
12357,Saudi Arabia,en,
12358,Saudi Arabia,en,
12359,Saudi Arabia,en,
12360,Australia,en,
12361,Australia,en,
12362,United States,en,
12363,United States,en,
12364,United States,en,
12365,United States,en,
12366,United States,en,
12367,Republic of Korea,ko,
12368,United States,en,
12369,United States,en,
12370,United States,en,
12371,Japan,en,
12372,Japan,en,
12373,Tunisia,en,
12374,Tunisia,en,
12375,Tunisia,en,
12376,United States,en,
12377,Australia,en,
12378,Australia,en,
12379,Greece,en,
12380,Greece,en,
12381,Republic of Korea,ko,
12382,France,en,
12383,France,en,
12384,Russia,en,
12385,United States,en,
12386,United States,en,
12387,United States,en,
12388,United States,en,
12389,United States,en,
12390,United States,en,
12391,United States,en,
12392,United States,en,
12393,United States,en,
12394,United States,en,
12395,United States,en,
12396,United States,en,
12397,United States,en,
12398,Canada,fa,
12399,Brazil,en,
12400,Hong Kong,en,
12401,Hong Kong,en,
12402,Russia,en,
12403,Czechia,fa,
12404,United States,en,
12405,Spain,en,
12406,Spain,en,
12407,United States,en,
12408,United States,en,
12409,United States,en,
12410,United States,en,
12411,United Kingdom,en,
12412,United Kingdom,en,
12413,Canada,en,
12414,Canada,en,
12415,South Africa,en,
12416,South Africa,en,
12417,Canada,en,
12418,Canada,en,
12419,United States,en,
12420,United States,en,
12421,United States,en,
12422,United States,en,
12423,United States,en,
12424,United States,en,
12425,United States,en,
12426,Hungary,en,
12427,Hungary,en,
12428,Norway,en,
12429,Norway,en,
12430,Sweden,en,
12431,Sweden,en,
12432,Germany,zh,
12433,Germany,zh,
12434,United States,en,
12435,United States,en,
12436,United States,en,
12437,United States,en,
12438,United States,en,
12439,United States,en,
12440,United States,en,
12441,United States,en,
12442,Canada,en,
12443,Canada,en,
12444,Canada,en,
12445,Sweden,en,
12446,Sweden,en,
12447,United States,en,
12448,United States,en,
12449,United States,en,
12450,Australia,en,
12451,United States,en,
12452,United States,en,
12453,United States,en,
12454,Canada,en,
12455,Canada,en,
12456,United States,en,
12457,United States,en,
12458,South Korea,ko,
12459,United States,en,
12460,United States,en,
12461,Ukraine,en,
12462,Ukraine,en,
12463,United States,en,
12464,United States,en,
12465,United States,en,
12466,United States,en,
12467,United States,en,
12468,United States,en,
12469,United States,en,
12470,United States,en,
12471,United States,en,
12472,United States,en,
12473,United Kingdom,en,
12474,United Kingdom,en,
12475,Finland,en,
12476,Finland,en,
12477,United States,en,
12478,United States,en,
12479,United States,en,
12480,United States,en,
12481,United States,en,
12482,United States,en,
12483,United States,en,
12484,United States,en,
12485,United States,en,
12486,United States,en,
12487,United States,en,
12488,United States,en,
12489,United States,en,
12490,United States,en,
12491,United States,en,
12492,United States,en,
12493,United States,en,
12494,United States,en,
12495,United States,en,
12496,United States,en,
12497,United States,en,
12498,United States,en,
12499,United States,en,
12500,United States,en,
12501,United States,en,
12502,United States,en,
12503,United States,en,
12504,United States,en,
12505,United States,en,
12506,United States,en,
12507,United States,en,
12508,United States,en,
12509,United States,en,
12510,United States,en,
12511,United States,en,
12512,United States,en,
12513,United States,en,
12514,United States,en,
12515,United States,en,
12516,United States,en,
12517,United States,en,
12518,United States,en,
12519,United States,en,
12520,United States,en,
12521,United States,en,
12522,United States,en,
12523,United States,en,
12524,United States,en,
12525,United States,en,
12526,Ireland,en,
12527,Ireland,en,
12528,Canada,en,
12529,Canada,en,
12530,United States,en,
12531,Finland,en,
12532,United States,en,
12533,United States,en,
12534,United States,en,
12535,Canada,en,
12536,Sweden,en,
12537,Malaysia,en,
12538,Slovakia,en,
12539,United States,en,
12540,United States,en,
12541,United States,en,
12542,United States,en,
12543,United States,en,
12544,United States,en,
12545,United States,en,
12546,Argentina,en,
12547,United States,en,
12548,United States,en,
12549,United States,en,
12550,Australia,en,
12551,Belgium,en,
12552,France,en,
12553,France,en,
12554,United States,en,
12555,United States,en,
12556,Belgium,en,
12557,Belgium,en,
12558,Belgium,en,
12559,Belgium,en,
12560,Belgium,en,
12561,France,en,
12562,South Africa,en,
12563,Belgium,en,
12564,United States,en,
12565,France,en,
12566,Spain,en,
12567,Belgium,en,
12568,Belgium,en,
12569,Belgium,en,
12570,Belgium,en,
12571,Belgium,en,
12572,Belgium,en,
12573,United States,en,
12574,United States,en,
12575,Belgium,en,
12576,Belgium,en,
12577,Belgium,en,
12578,Belgium,en,
12579,United States,en,
12580,Czechia,en,
12581,United Kingdom,en,
12582,United Kingdom,en,
12583,United States,en,
12584,United States,en,
12585,Belgium,en,
12586,United States,en,
12587,United States,en,
12588,Czechia,en,
12589,Czechia,en,
12590,Spain,en,
12591,Spain,en,
12592,Germany,en,
12593,Brazil,en,
12594,Brazil,en,
12595,United States,en,
12596,United States,en,
12597,United Kingdom,en,
12598,United Kingdom,en,
12599,United States,en,
12600,United States,en,
12601,United States,en,
12602,United States,en,
12603,United States,en,
12604,United States,en,
12605,Belarus,en,
12606,United States,en,
12607,United States,en,
12608,United States,en,
12609,United States,en,
12610,United States,en,
12611,United States,en,
12612,United States,en,
12613,United States,en,
12614,United States,en,
12615,United States,en,
12616,United States,en,
12617,United States,en,
12618,United States,en,
12619,United States,en,
12620,United States,en,
12621,United States,ko,
12622,United States,ko,
12623,United States,ko,
12624,United States,ko,
12625,South Korea,ko,
12626,South Korea,ko,
12627,South Korea,ko,
12628,United States,en,
12629,South Korea,ko,
12630,South Korea,ko,
12631,South Korea,ko,
12632,South Korea,ko,
12633,South Korea,ko,
12634,South Korea,ko,
12635,United States,ko,
12636,South Korea,ko,
12637,South Korea,ko,
12638,South Korea,ko,
12639,United States,ko,
12640,Hong Kong,ko,
12641,Hong Kong,ko,
12642,South Korea,ko,
12643,Ireland,ko,
12644,Hong Kong,ko,
12645,South Korea,ko,
12646,South Korea,ko,
12647,South Korea,ko,
12648,South Korea,ko,
12649,South Korea,ko,
12650,United States,ko,
12651,South Korea,ko,
12652,South Korea,ko,
12653,South Korea,ko,
12654,South Korea,ko,
12655,South Korea,ko,
12656,South Korea,ko,
12657,South Korea,ko,
12658,South Korea,ko,
12659,South Korea,ko,
12660,South Korea,ko,
12661,South Korea,ko,
12662,South Korea,ko,
12663,South Korea,ko,
12664,South Korea,ko,
12665,South Korea,ko,
12666,South Korea,ko,
12667,South Korea,fa,
12668,South Korea,en,
12669,South Korea,ko,
12670,South Korea,ko,
12671,South Korea,ko,
12672,United States,ko,
12673,South Korea,ko,
12674,South Korea,en,
12675,South Korea,ko,
12676,South Korea,ko,
12677,South Korea,ko,
12678,South Korea,ko,
12679,South Korea,ko,
12680,United States,ko,
12681,South Korea,ko,
12682,South Korea,ko,
12683,South Korea,ko,
12684,South Korea,ko,
12685,United States,en,
12686,United States,en,
12687,South Korea,ko,
12688,United States,ko,
12689,United States,en,
12690,United States,en,
12691,United States,ko,
12692,United States,ko,
12693,United States,en,
12694,United States,ko,
12695,Belgium,en,
12696,South Korea,ko,
12697,South Korea,ko,
12698,United States,en,
12699,Canada,ko,
12700,United States,ko,
12701,United States,ko,
12702,South Korea,ko,
12703,South Korea,ko,
12704,South Korea,ko,
12705,United States,ko,
12706,South Korea,ko,
12707,South Korea,ko,
12708,United States,en,
12709,United States,ko,
12710,South Korea,ko,
12711,South Korea,ko,
12712,South Korea,ko,
12713,South Korea,ko,
12714,South Korea,ko,
12715,South Korea,ko,
12716,South Korea,ko,
12717,Japan,ko,
12718,South Korea,ko,
12719,South Korea,ko,
12720,South Korea,ko,
12721,South Korea,ko,
12722,South Korea,ko,
12723,South Korea,ko,
12724,South Korea,ko,
12725,United States,ko,
12726,South Korea,ko,
12727,South Korea,ko,
12728,United States,en,
12729,South Korea,ko,
12730,South Korea,ko,
12731,United States,ko,
12732,South Korea,ko,
12733,South Korea,ko,
12734,South Korea,ko,
12735,South Korea,ko,
12736,Denmark,ko,
12737,South Korea,ko,
12738,South Korea,ko,
12739,South Korea,ko,
12740,United States,ko,
12741,South Korea,ko,
12742,South Korea,ko,
12743,South Korea,ko,
12744,South Korea,ko,
12745,South Korea,ko,
12746,South Korea,ko,
12747,South Korea,ko,
12748,United States,en,
12749,South Korea,ko,
12750,South Korea,ko,
12751,Malaysia,ko,
12752,South Korea,ko,
12753,South Korea,ko,
12754,South Korea,ko,
12755,South Korea,ko,
12756,South Korea,ko,
12757,South Korea,ko,
12758,South Korea,ko,
12759,South Korea,ko,
12760,Japan,ko,
12761,South Korea,ko,
12762,South Korea,ko,
12763,South Korea,ko,
12764,South Korea,ko,
12765,South Korea,ko,
12766,South Korea,ko,
12767,South Korea,ko,
12768,South Korea,ko,
12769,South Korea,ko,
12770,South Korea,ko,
12771,South Korea,ko,
12772,South Korea,ko,
12773,South Korea,ko,
12774,South Korea,ko,
12775,South Korea,ko,
12776,South Korea,ko,
12777,United States,ko,
12778,South Korea,ko,
12779,South Korea,ko,
12780,South Korea,ko,
12781,United States,ko,
12782,South Korea,ko,
12783,South Korea,ko,
12784,South Korea,ko,
12785,South Korea,ko,
12786,South Korea,ko,
12787,South Korea,ko,
12788,South Korea,ko,
12789,United States,ko,
12790,South Korea,ko,
12791,South Korea,ko,
12792,South Korea,ko,
12793,United States,en,
12794,United States,en,
12795,United States,en,
12796,South Korea,ko,
12797,United States,en,
12798,United States,en,
12799,South Korea,ko,
12800,South Korea,ko,
12801,South Korea,ko,
12802,South Korea,ko,
12803,South Korea,ko,
12804,Japan,ko,
12805,United States,en,
12806,United States,en,
12807,United States,en,
12808,United States,ko,
12809,United States,en,
12810,South Korea,ko,
12811,South Korea,ko,
12812,South Korea,ko,
12813,United States,ko,
12814,South Korea,ko,
12815,South Korea,ko,
12816,United States,ko,
12817,South Korea,ko,
12818,South Korea,ko,
12819,South Korea,ko,
12820,South Korea,ko,
12821,South Korea,ko,
12822,South Korea,ko,
12823,United States,ko,
12824,United States,ko,
12825,United States,ko,
12826,United States,ko,
12827,United States,en,
12828,United States,en,
12829,United States,ko,
12830,United States,ko,
12831,United States,ko,
12832,United States,ko,
12833,United States,en,
12834,United States,ko,
12835,South Korea,ko,
12836,South Korea,ko,
12837,United States,ko,
12838,United States,ko,
12839,United States,ko,
12840,United States,ko,
12841,South Korea,ko,
12842,United States,ko,
12843,United States,ko,
12844,United States,ko,
12845,United States,ko,
12846,United States,en,
12847,South Korea,ko,
12848,United States,ko,
12849,United States,ko,
12850,United States,ko,
12851,South Korea,ko,
12852,South Korea,ko,
12853,South Korea,ko,
12854,South Korea,ko,
12855,South Korea,ko,
12856,United States,ko,
12857,United States,ko,
12858,United States,ko,
12859,United States,ko,
12860,South Korea,ko,
12861,United States,ko,
12862,South Korea,ko,
12863,South Korea,ko,
12864,United States,ko,
12865,United States,ko,
12866,Japan,ko,
12867,South Korea,ko,
12868,South Korea,ko,
12869,South Korea,ko,
12870,South Korea,ko,
12871,South Korea,ko,
12872,South Korea,ko,
12873,United States,ko,
12874,South Korea,ko,
12875,South Korea,ko,
12876,South Korea,ko,
12877,South Korea,ko,
12878,South Korea,ko,
12879,United States,ko,
12880,United States,ko,
12881,United States,ko,
12882,United States,ko,
12883,South Korea,ko,
12884,South Korea,ko,
12885,South Korea,ko,
12886,South Korea,ko,
12887,South Korea,ko,
12888,South Korea,ko,
12889,United States,ko,
12890,United States,ko,
12891,South Korea,ko,
12892,South Korea,ko,
12893,South Korea,ko,
12894,United States,en,
12895,South Korea,ko,
12896,South Korea,ko,
12897,United States,ko,
12898,South Korea,ko,
12899,United States,ko,
12900,South Korea,ko,
12901,South Korea,ko,
12902,South Korea,ko,
12903,South Korea,ko,
12904,United States,ko,
12905,United States,ko,
12906,United States,ko,
12907,United States,ko,
12908,United States,ko,
12909,United States,ko,
12910,United States,ko,
12911,United States,en,
12912,United States,ko,
12913,South Korea,ko,
12914,Canada,en,
12915,United States,ko,
12916,South Korea,ko,
12917,United States,ko,
12918,United States,en,
12919,South Korea,ko,
12920,United States,en,
12921,South Korea,ko,
12922,South Korea,ko,
12923,South Korea,ko,
12924,United States,ko,
12925,United States,ko,
12926,United States,en,
12927,United States,ko,
12928,United States,en,
12929,United States,ko,
12930,United States,ko,
12931,United States,en,
12932,United States,ko,
12933,United States,ko,
12934,United States,ko,
12935,United States,en,
12936,United States,ko,
12937,United States,ko,
12938,United States,en,
12939,United States,ko,
12940,United States,ko,
12941,United States,ko,
12942,United States,ko,
12943,United States,ko,
12944,United States,ko,
12945,South Korea,ko,
12946,South Korea,ko,
12947,South Korea,ko,
12948,South Korea,ko,
12949,South Korea,ko,
12950,South Korea,ko,
12951,Japan,ko,
12952,South Korea,ko,
12953,South Korea,ko,
12954,United States,ko,
12955,United States,ko,
12956,South Korea,ko,
12957,South Korea,ko,
12958,South Korea,ko,
12959,South Korea,ko,
12960,South Korea,ko,
12961,South Korea,ko,
12962,South Korea,ko,
12963,United Kingdom,ko,
12964,,ko,
12965,Austria,ko,
12966,South Korea,ko,
12967,United States,en,
12968,United States,en,
12969,South Korea,ko,
12970,United States,ko,
12971,South Korea,ko,
12972,United States,en,
12973,South Korea,ko,
12974,South Korea,ko,
12975,South Korea,ko,
12976,South Korea,ko,
12977,South Korea,ko,
12978,South Korea,ko,
12979,South Korea,ko,
12980,United States,ko,
12981,South Korea,ko,
12982,South Korea,ko,
12983,South Korea,ko,
12984,South Korea,ko,
12985,South Korea,ko,
12986,United States,ko,
12987,South Korea,ko,
12988,United States,ko,
12989,United States,ko,
12990,South Korea,ko,
12991,United States,ko,
12992,United States,ko,
12993,South Korea,ko,
12994,United States,ko,
12995,United States,ko,
12996,Cameroon,ko,
12997,Cameroon,ko,
12998,United States,ko,
12999,United States,ko,
13000,United States,ko,
13001,United States,ko,
13002,United States,ko,
13003,United States,ko,
13004,United States,en,
13005,United States,en,
13006,United States,en,
13007,United States,en,
13008,United States,ko,
13009,United States,ko,
13010,South Korea,ko,
13011,South Korea,ko,
13012,South Korea,ko,
13013,United States,ko,
13014,United States,en,
13015,South Korea,ko,
13016,South Korea,ko,
13017,South Korea,ko,
13018,United States,ko,
13019,South Korea,ko,
13020,South Korea,ko,
13021,United States,ko,
13022,South Korea,ko,
13023,United States,ko,
13024,United States,ko,
13025,United States,ko,
13026,South Korea,ko,
13027,South Korea,ko,
13028,United States,ko,
13029,South Korea,ko,
13030,South Korea,ko,
13031,United States,ko,
13032,South Korea,ko,
13033,United States,en,
13034,United States,en,
13035,United States,en,
13036,United States,en,
13037,United States,en,
13038,United States,en,
13039,South Korea,ko,
13040,South Korea,ko,
13041,South Korea,ko,
13042,South Korea,ko,
13043,South Korea,ko,
13044,South Korea,ko,
13045,South Korea,ko,
13046,United States,en,
13047,United States,en,
13048,South Korea,ko,
13049,South Korea,en,
13050,South Korea,ko,
13051,South Korea,ko,
13052,South Korea,ko,
13053,South Korea,ko,
13054,United States,en,
13055,United States,en,
13056,South Korea,ko,
13057,South Korea,ko,
13058,South Korea,ko,
13059,South Korea,ko,
13060,South Korea,ko,
13061,South Korea,ko,
13062,United States,en,
13063,Canada,en,
13064,Canada,en,
13065,South Korea,ko,
13066,United States,ko,
13067,United States,ko,
13068,United States,ko,
13069,United States,ko,
13070,United States,en,
13071,South Korea,ko,
13072,South Korea,ko,
13073,South Korea,ko,
13074,Canada,ko,
13075,United States,ko,
13076,United States,ko,
13077,United States,ko,
13078,United States,ko,
13079,United States,ko,
13080,South Korea,ko,
13081,United States,en,
13082,South Korea,ko,
13083,United States,en,
13084,South Korea,ko,
13085,South Korea,ko,
13086,South Korea,ko,
13087,United States,en,
13088,United States,en,
13089,South Korea,ko,
13090,South Korea,ko,
13091,South Korea,ko,
13092,Sweden,en,
13093,Sweden,en,
13094,South Korea,ko,
13095,South Korea,ko,
13096,South Korea,ko,
13097,South Korea,ko,
13098,South Korea,ko,
13099,South Korea,ko,
13100,South Korea,ko,
13101,South Korea,ko,
13102,South Korea,ko,
13103,South Korea,ko,
13104,South Korea,ko,
13105,South Korea,ko,
13106,South Korea,ko,
13107,United States,ko,
13108,South Korea,ko,
13109,South Korea,ko,
13110,South Korea,ko,
13111,South Korea,ko,
13112,United States,en,
13113,South Korea,ko,
13114,South Korea,ko,
13115,South Korea,ko,
13116,South Korea,en,
13117,South Korea,ko,
13118,South Korea,en,
13119,South Korea,ko,
13120,South Korea,ko,
13121,South Korea,ko,
13122,United Arab Emirates,ko,
13123,South Korea,ko,
13124,South Korea,ko,
13125,South Korea,ko,
13126,South Korea,ko,
13127,United States,ko,
13128,South Korea,ko,
13129,South Korea,ko,
13130,South Korea,ko,
13131,South Korea,ko,
13132,South Korea,ko,
13133,South Korea,ko,
13134,United States,ko,
13135,South Korea,ko,
13136,South Korea,ko,
13137,South Korea,ko,
13138,South Korea,ko,
13139,South Korea,ko,
13140,South Korea,ko,
13141,South Korea,ko,
13142,South Korea,ko,
13143,South Korea,ko,
13144,South Korea,ko,
13145,South Korea,ko,
13146,South Korea,ko,
13147,Hong Kong,ko,
13148,South Korea,ko,
13149,South Korea,ko,
13150,South Korea,ko,
13151,South Korea,ko,
13152,South Korea,ko,
13153,South Korea,ko,
13154,South Korea,ko,
13155,South Korea,ko,
13156,South Korea,ko,
13157,South Korea,ko,
13158,South Korea,ko,
13159,United Kingdom,en,
13160,United Kingdom,en,
13161,South Korea,ko,
13162,South Korea,ko,
13163,United States,ko,
13164,South Korea,ko,
13165,South Korea,ko,
13166,South Korea,ko,
13167,United States,en,
13168,South Korea,ko,
13169,South Korea,ko,
13170,South Korea,ko,
13171,South Korea,ko,
13172,South Korea,ko,
13173,United States,en,
13174,South Korea,ko,
13175,South Korea,ko,
13176,South Korea,ko,
13177,South Korea,ko,
13178,South Korea,ko,
13179,South Korea,ko,
13180,United States,en,
13181,South Korea,ko,
13182,United States,en,
13183,United States,ko,
13184,South Korea,ko,
13185,United States,en,
13186,South Korea,ko,
13187,South Korea,ko,
13188,South Korea,ko,
13189,South Korea,ko,
13190,South Korea,ko,
13191,United States,ko,
13192,United States,ko,
13193,United States,ko,
13194,United States,en,
13195,United States,en,
13196,Germany,ko,
13197,United States,en,
13198,United States,en,
13199,South Korea,ko,
13200,Germany,ko,
13201,United States,en,
13202,Japan,ko,
13203,South Korea,ko,
13204,Netherlands,ko,
13205,United States,ko,
13206,United States,en,
13207,United States,en,
13208,Germany,ko,
13209,South Korea,ko,
13210,South Korea,ko,
13211,South Korea,ko,
13212,Netherlands,ko,
13213,South Korea,ko,
13214,United States,en,
13215,South Korea,ko,
13216,South Korea,ko,
13217,United States,en,
13218,South Korea,ko,
13219,South Korea,ko,
13220,South Korea,ko,
13221,France,ko,
13222,United States,en,
13223,United States,en,
13224,South Korea,ko,
13225,South Korea,ko,
13226,South Korea,ko,
13227,South Korea,en,
13228,South Korea,ko,
13229,South Korea,ko,
13230,South Korea,ko,
13231,South Korea,ko,
13232,South Korea,ko,
13233,Japan,ko,
13234,South Korea,ko,
13235,South Korea,ko,
13236,South Korea,ko,
13237,South Korea,ko,
13238,South Korea,ko,
13239,South Korea,ko,
13240,United States,en,
13241,United States,ko,
13242,South Korea,ko,
13243,South Korea,en,
13244,South Korea,ko,
13245,South Korea,ko,
13246,South Korea,ko,
13247,South Korea,ko,
13248,Netherlands,ko,
13249,South Korea,ko,
13250,South Korea,ko,
13251,South Korea,ko,
13252,South Korea,ko,
13253,South Korea,ko,
13254,Germany,ko,
13255,South Korea,ko,
13256,South Korea,ko,
13257,South Korea,ko,
13258,South Korea,ko,
13259,South Korea,ko,
13260,United States,ko,
13261,United States,ko,
13262,South Korea,ko,
13263,South Korea,ko,
13264,South Korea,ko,
13265,South Korea,ko,
13266,South Korea,ko,
13267,South Korea,ko,
13268,Russia,en,
13269,Russia,en,
13270,South Korea,ko,
13271,Germany,ko,
13272,South Korea,ko,
13273,Germany,ko,
13274,Germany,ko,
13275,South Korea,ko,
13276,South Korea,ko,
13277,South Korea,ko,
13278,South Korea,ko,
13279,South Korea,ko,
13280,South Korea,ko,
13281,Philippines,en,
13282,South Korea,ko,
13283,South Korea,ko,
13284,South Korea,ko,
13285,Pakistan,en,
13286,Pakistan,en,
13287,Colombia,en,
13288,Colombia,en,
13289,South Korea,ko,
13290,South Korea,ko,
13291,South Korea,ko,
13292,South Korea,ko,
13293,South Korea,ko,
13294,United States,ko,
13295,South Korea,ko,
13296,South Korea,ko,
13297,South Korea,ko,
13298,South Korea,ko,
13299,South Korea,ko,
13300,South Korea,ko,
13301,United States,en,
13302,South Korea,ko,
13303,South Korea,ko,
13304,South Korea,ko,
13305,South Korea,ko,
13306,South Korea,ko,
13307,South Korea,ko,
13308,South Korea,ko,
13309,South Korea,ko,
13310,United States,ko,
13311,South Korea,ko,
13312,South Korea,ko,
13313,United States,ko,
13314,South Korea,ko,
13315,South Korea,ko,
13316,United States,ko,
13317,United States,ko,
13318,United States,en,
13319,Singapore,en,
13320,Singapore,en,
13321,United States,en,
13322,United Kingdom,ko,
13323,Netherlands,en,
13324,Netherlands,en,
13325,United States,en,
13326,United States,en,
13327,South Korea,ko,
13328,United States,en,
13329,South Korea,ko,
13330,United States,en,
13331,Australia,en,
13332,United States,en,
13333,South Korea,ko,
13334,South Korea,ko,
13335,South Korea,ko,
13336,United States,ko,
13337,United States,en,
13338,United States,en,
13339,United States,en,
13340,United States,en,
13341,United States,ko,
13342,United States,en,
13343,United States,en,
13344,United States,en,
13345,South Korea,ko,
13346,United States,en,
13347,United States,en,
13348,United States,en,
13349,United States,en,
13350,South Korea,ko,
13351,South Korea,ko,
13352,South Korea,ko,
13353,United States,fa,
13354,United States,fa,
13355,South Korea,ko,
13356,South Korea,ko,
13357,South Korea,ko,
13358,Canada,en,
13359,Canada,en,
13360,Norway,en,
13361,Norway,en,
13362,Canada,en,
13363,United States,en,
13364,United States,en,
13365,United States,en,
13366,United States,en,
13367,United States,en,
13368,United States,ko,
13369,United States,ko,
13370,South Korea,ko,
13371,United States,ko,
13372,South Korea,ko,
13373,South Korea,ko,
13374,South Korea,ko,
13375,South Korea,ko,
13376,South Korea,ko,
13377,United States,en,
13378,United States,ko,
13379,United States,en,
13380,United States,zh,
13381,United States,en,
13382,United States,en,
13383,United States,en,
13384,United States,en,
13385,Panama,en,
13386,Panama,en,
13387,United States,ko,
13388,United States,ko,
13389,United States,ko,
13390,United States,ko,
13391,United States,en,
13392,United States,ko,
13393,Hong Kong,en,
13394,South Korea,ko,
13395,South Korea,ko,
13396,Russia,en,
13397,Russia,en,
13398,United States,en,
13399,United States,en,
13400,South Korea,ko,
13401,United States,ko,
13402,United States,zh,
13403,United States,en,
13404,South Korea,ko,
13405,South Korea,ko,
13406,South Korea,ko,
13407,South Korea,ko,
13408,United States,en,
13409,United States,en,
13410,Czechia,en,
13411,Czechia,en,
13412,South Korea,ko,
13413,South Korea,ko,
13414,Israel,en,
13415,United States,ko,
13416,India,en,
13417,India,en,
13418,South Korea,ko,
13419,South Korea,ko,
13420,United States,ko,
13421,Sweden,en,
13422,Sweden,en,
13423,United States,en,
13424,United States,en,
13425,South Korea,ko,
13426,South Korea,ko,
13427,South Korea,ko,
13428,South Korea,ko,
13429,South Korea,ko,
13430,Australia,en,
13431,Australia,en,
13432,Philippines,en,
13433,Philippines,en,
13434,United Kingdom,ko,
13435,United States,en,
13436,South Korea,ko,
13437,Canada,en,
13438,Canada,en,
13439,South Korea,ko,
13440,United States,en,
13441,South Korea,ko,
13442,United States,en,
13443,South Korea,ko,
13444,United States,en,
13445,Hungary,en,
13446,Hungary,en,
13447,South Korea,ko,
13448,South Korea,ko,
13449,South Korea,ko,
13450,United States,en,
13451,Egypt,en,
13452,Egypt,en,
13453,United Kingdom,en,
13454,United Kingdom,en,
13455,South Korea,ko,
13456,United Kingdom,en,
13457,United Kingdom,en,
13458,Finland,en,
13459,Finland,en,
13460,Canada,en,
13461,Canada,en,
13462,South Korea,ko,
13463,United States,en,
13464,United States,en,
13465,Australia,en,
13466,Australia,en,
13467,United States,en,
13468,South Korea,ko,
13469,South Korea,ko,
13470,United States,en,
13471,United States,en,
13472,United States,en,
13473,United States,en,
13474,Australia,en,
13475,Australia,en,
13476,United States,ko,
13477,United Kingdom,en,
13478,United Kingdom,en,
13479,United States,ko,
13480,United States,ko,
13481,United States,en,
13482,United States,en,
13483,United States,en,
13484,United States,en,
13485,United States,en,
13486,United States,en,
13487,United States,en,
13488,Australia,en,
13489,Australia,en,
13490,South Korea,ko,
13491,India,en,
13492,India,en,
13493,United States,en,
13494,United States,en,
13495,United States,en,
13496,United States,en,
13497,United States,en,
13498,United States,en,
13499,Philippines,en,
13500,Philippines,en,
13501,United Kingdom,en,
13502,United Kingdom,en,
13503,Russia,en,
13504,Russia,en,
13505,United Kingdom,en,
13506,United Kingdom,en,
13507,Belgium,en,
13508,Australia,en,
13509,Australia,en,
13510,Poland,en,
13511,Poland,en,
13512,United States,en,
13513,United States,en,
13514,Russia,en,
13515,United States,ko,
13516,Australia,en,
13517,Australia,en,
13518,Finland,fa,
13519,United Kingdom,en,
13520,United Kingdom,en,
13521,United States,ko,
13522,United States,en,
13523,United States,en,
13524,France,en,
13525,France,en,
13526,Czechia,en,
13527,Czechia,en,
13528,Czechia,en,
13529,Czechia,en,
13530,United States,en,
13531,United States,en,
13532,Canada,en,
13533,Canada,en,
13534,United States,en,
13535,United States,en,
13536,Croatia,en,
13537,Croatia,en,
13538,United States,ko,
13539,United States,en,
13540,Germany,en,
13541,France,fa,
13542,South Korea,ko,
13543,Austria,en,
13544,Austria,en,
13545,Germany,en,
13546,United States,en,
13547,United States,en,
13548,United States,en,
13549,United States,en,
13550,South Korea,ko,
13551,South Korea,ko,
13552,South Korea,ko,
13553,South Korea,ko,
13554,Hong Kong,en,
13555,Hong Kong,en,
13556,United States,en,
13557,United States,en,
13558,South Korea,ko,
13559,United States,en,
13560,Sweden,en,
13561,Sweden,en,
13562,Sweden,en,
13563,Sweden,en,
13564,Germany,en,
13565,Japan,en,
13566,United States,en,
13567,United States,en,
13568,Sweden,en,
13569,Sweden,en,
13570,United States,en,
13571,United States,en,
13572,Hong Kong,en,
13573,United States,ko,
13574,United States,ko,
13575,Sweden,en,
13576,Sweden,en,
13577,Australia,en,
13578,Australia,en,
13579,United States,en,
13580,United States,en,
13581,United Kingdom,en,
13582,United Kingdom,en,
13583,Costa Rica,en,
13584,Costa Rica,en,
13585,Russia,en,
13586,Russia,en,
13587,United States,en,
13588,United States,en,
13589,United States,en,
13590,United States,en,
13591,Finland,en,
13592,Finland,en,
13593,Ireland,en,
13594,Ireland,en,
13595,United States,en,
13596,United States,en,
13597,United States,en,
13598,United States,en,
13599,Saudi Arabia,en,
13600,Saudi Arabia,en,
13601,United Kingdom,en,
13602,United Kingdom,en,
13603,United Kingdom,en,
13604,United Kingdom,en,
13605,Canada,en,
13606,Canada,en,
13607,Canada,en,
13608,United States,en,
13609,United States,en,
13610,India,en,
13611,India,en,
13612,South Korea,ko,
13613,Australia,en,
13614,Australia,en,
13615,Australia,en,
13616,Australia,en,
13617,Australia,en,
13618,Australia,en,
13619,Australia,en,
13620,Australia,en,
13621,Australia,en,
13622,Australia,en,
13623,Australia,en,
13624,Australia,en,
13625,Australia,en,
13626,South Korea,ko,
13627,Australia,en,
13628,Australia,en,
13629,Australia,en,
13630,Australia,en,
13631,Australia,en,
13632,Saudi Arabia,en,
13633,Saudi Arabia,en,
13634,Australia,en,
13635,Australia,en,
13636,United States,en,
13637,United States,en,
13638,United States,en,
13639,United States,en,
13640,United States,en,
13641,United States,en,
13642,United States,en,
13643,United States,en,
13644,United States,en,
13645,United States,en,
13646,Saudi Arabia,en,
13647,United States,en,
13648,United States,en,
13649,Australia,en,
13650,Australia,en,
13651,United States,en,
13652,United States,en,
13653,United States,en,
13654,United States,en,
13655,United Kingdom,en,
13656,United States,en,
13657,Jamaica,en,
13658,Jamaica,en,
13659,United States,en,
13660,United States,en,
13661,United States,ko,
13662,United States,en,
13663,India,en,
13664,India,en,
13665,India,en,
13666,United States,en,
13667,United States,en,
13668,United States,en,
13669,United States,en,
13670,Saudi Arabia,en,
13671,South Korea,ko,
13672,United States,en,
13673,United States,en,
13674,United States,en,
13675,United States,en,
13676,United States,en,
13677,United States,en,
13678,United States,en,
13679,United States,en,
13680,United States,en,
13681,United States,en,
13682,United States,en,
13683,United States,en,
13684,Australia,en,
13685,United States,en,
13686,United States,en,
13687,United States,en,
13688,United States,en,
13689,United States,en,
13690,United States,en,
13691,Germany,en,
13692,Germany,en,
13693,Germany,en,
13694,Germany,en,
13695,Germany,en,
13696,United States,ko,
13697,United Kingdom,en,
13698,United Kingdom,en,
13699,United States,en,
13700,United States,en,
13701,United States,en,
13702,United States,en,
13703,Estonia,en,
13704,Estonia,en,
13705,Estonia,en,
13706,Estonia,en,
13707,United Kingdom,en,
13708,South Korea,ko,
13709,Canada,en,
13710,Canada,en,
13711,Canada,en,
13712,Canada,en,
13713,United Kingdom,en,
13714,United Kingdom,en,
13715,United States,en,
13716,United States,en,
13717,United States,en,
13718,United States,en,
13719,United Kingdom,en,
13720,United Kingdom,en,
13721,Canada,en,
13722,Canada,en,
13723,United States,en,
13724,United States,en,
13725,United States,en,
13726,United States,en,
13727,United States,en,
13728,United States,en,
13729,United States,en,
13730,United States,en,
13731,United States,en,
13732,United States,en,
13733,United States,en,
13734,United States,en,
13735,United States,en,
13736,South Korea,ko,
13737,United Kingdom,en,
13738,United Kingdom,en,
13739,Poland,en,
13740,Poland,en,
13741,United States,en,
13742,United States,en,
13743,United States,en,
13744,Cyprus,en,
13745,Cyprus,en,
13746,Germany,en,
13747,Germany,en,
13748,United States,en,
13749,Pakistan,en,
13750,Pakistan,en,
13751,Pakistan,en,
13752,United States,en,
13753,United States,en,
13754,South Korea,ko,
13755,Pakistan,en,
13756,South Korea,ko,
13757,United States,en,
13758,United States,en,
13759,Ukraine,en,
13760,United States,en,
13761,United States,en,
13762,Taiwan,en,south
13763,Taiwan,en,south
13764,Australia,en,
13765,Australia,en,
13766,Australia,en,
13767,Australia,en,
13768,United States,en,
13769,Australia,en,
13770,United States,en,
13771,United States,en,
13772,United States,en,
13773,United States,en,
13774,Russia,en,
13775,United States,en,
13776,United States,en,
13777,Australia,en,
13778,Australia,en,
13779,Singapore,ko,
13780,United States,en,
13781,United States,en,
13782,United States,en,
13783,Singapore,ko,
13784,United States,en,
13785,United States,en,
13786,United Kingdom,ko,
13787,United States,en,
13788,United States,en,
13789,Sweden,en,
13790,Sweden,en,
13791,Germany,en,
13792,Germany,en,
13793,Germany,en,
13794,Germany,en,
13795,Canada,en,
13796,Canada,en,
13797,South Korea,ko,
13798,South Korea,ko,
13799,United States,en,
13800,United States,en,
13801,United States,en,
13802,Pakistan,en,
13803,United States,en,
13804,United States,en,
13805,Pakistan,en,
13806,Pakistan,en,
13807,Singapore,ko,
13808,United States,en,
13809,United States,en,
13810,United States,en,
13811,United States,en,
13812,United States,en,
13813,United States,en,
13814,United States,en,
13815,United States,en,
13816,United States,en,
13817,United States,en,
13818,United States,en,
13819,United States,en,
13820,United States,en,
13821,United States,en,
13822,India,ko,
13823,Germany,en,
13824,Germany,en,
13825,Japan,en,
13826,United States,en,
13827,United States,en,
13828,Australia,en,
13829,Australia,en,
13830,Australia,en,
13831,Germany,en,
13832,Germany,en,
13833,Germany,en,
13834,Germany,en,
13835,Germany,en,
13836,United Kingdom,en,
13837,United Kingdom,en,
13838,United States,en,
13839,United States,en,
13840,United States,en,
13841,United States,en,
13842,United States,en,
13843,United Kingdom,en,
13844,United Kingdom,en,
13845,United Kingdom,en,
13846,United Kingdom,en,
13847,United Kingdom,ko,
13848,United States,en,
13849,United States,en,
13850,France,en,
13851,United Kingdom,en,
13852,United Kingdom,en,
13853,United States,en,
13854,United States,en,
13855,Brazil,en,
13856,Brazil,en,
13857,Canada,en,
13858,Canada,en,
13859,United States,en,
13860,United States,en,
13861,United Kingdom,en,
13862,United Kingdom,en,
13863,Sweden,en,
13864,Greece,en,
13865,Greece,en,
13866,Belgium,en,
13867,Belgium,en,
13868,South Korea,ko,
13869,United States,en,
13870,United States,en,
13871,United States,en,
13872,United States,en,
13873,United States,en,
13874,United States,en,
13875,Canada,en,
13876,Canada,en,
13877,Canada,en,
13878,United States,en,
13879,United States,en,
13880,United States,en,
13881,United States,en,
13882,United States,en,
13883,Netherlands,en,
13884,Poland,en,
13885,Poland,en,
13886,Spain,en,
13887,United States,en,
13888,France,en,
13889,United States,en,
13890,United States,en,
13891,Canada,en,
13892,Canada,en,
13893,United States,en,
13894,United States,en,
13895,United States,en,
13896,United States,en,
13897,Australia,en,
13898,Australia,en,
13899,United Kingdom,en,
13900,United Kingdom,en,
13901,China,zh,south
13902,China,zh,south
13903,France,en,
13904,United States,en,
13905,Malta,en,
13906,Malta,en,
13907,Malta,en,
13908,Malta,en,
13909,United Kingdom,en,
13910,United Kingdom,en,
13911,Italy,en,
13912,Italy,en,
13913,United States,en,
13914,United States,en,
13915,United States,en,
13916,United States,en,
13917,Canada,en,
13918,Japan,en,
13919,Japan,en,
13920,United Kingdom,en,
13921,United Kingdom,en,
13922,Switzerland,en,
13923,Switzerland,en,
13924,Australia,en,
13925,Australia,en,
13926,United States,en,
13927,United States,en,
13928,Australia,en,
13929,Australia,en,
13930,United States,en,
13931,United States,en,
13932,Colombia,en,
13933,Colombia,en,
13934,South Africa,en,
13935,South Africa,en,
13936,South Africa,en,
13937,South Africa,en,
13938,United States,en,
13939,United States,en,
13940,South Korea,en,
13941,South Korea,en,
13942,United States,en,
13943,South Korea,ko,
13944,South Korea,ko,
13945,Romania,en,
13946,Romania,en,
13947,United States,en,
13948,United States,en,
13949,France,en,
13950,United States,en,
13951,United States,en,
13952,United States,en,
13953,United States,en,
13954,United States,en,
13955,United States,en,
13956,United States,en,
13957,United States,zh,
13958,United States,zh,
13959,United States,zh,
13960,United States,zh,
13961,United States,en,
13962,United States,en,
13963,Greece,en,
13964,Greece,en,
13965,Australia,en,
13966,Australia,en,
13967,United States,en,
13968,United States,en,
13969,United States,en,
13970,United States,en,
13971,United States,en,
13972,Sweden,en,
13973,Sweden,en,
13974,United States,en,
13975,United States,en,
13976,United States,en,
13977,United States,en,
13978,United States,en,
13979,United States,en,
13980,United States,en,
13981,Canada,en,
13982,Canada,en,
13983,United States,en,
13984,United States,en,
13985,United States,en,
13986,United States,en,
13987,Serbia,en,
13988,Serbia,en,
13989,United States,en,
13990,United States,en,
13991,United States,en,
13992,United States,en,
13993,Brazil,en,
13994,Brazil,en,
13995,United States,en,
13996,United States,en,
13997,United States,en,
13998,United States,en,
13999,United Kingdom,en,
14000,United Kingdom,en,
14001,United States,en,
14002,United States,en,
14003,United States,en,
14004,United States,en,
14005,United States,en,
14006,United States,en,
14007,United States,en,
14008,United States,en,
14009,United States,en,
14010,United States,en,
14011,United States,en,
14012,United States,en,
14013,United States,en,
14014,United States,en,
14015,United States,en,
14016,United States,en,
14017,United States,en,
14018,United States,en,
14019,New Zealand,en,
14020,New Zealand,en,
14021,New Zealand,en,
14022,New Zealand,en,
14023,New Zealand,en,
14024,New Zealand,en,
14025,United States,en,
14026,United States,en,
14027,United States,en,
14028,United States,en,
14029,United States,en,
14030,United States,en,
14031,Hong Kong,en,
14032,Hong Kong,en,
14033,Switzerland,en,
14034,Switzerland,en,
14035,South Korea,ko,
14036,South Korea,en,
14037,United States,en,
14038,United States,en,
14039,United States,en,
14040,Hong Kong,en,
14041,Hong Kong,en,
14042,United States,en,
14043,United States,en,
14044,Germany,en,
14045,Germany,en,
14046,Germany,en,
14047,Germany,en,
14048,United States,en,
14049,United States,en,
14050,United States,en,
14051,United States,en,
14052,United States,en,
14053,United States,en,
14054,United States,en,
14055,Canada,en,
14056,Canada,en,
14057,United States,en,
14058,United States,en,
14059,United States,en,
14060,United Kingdom,en,
14061,United Kingdom,en,
14062,Taiwan,zh,south
14063,Taiwan,zh,south
14064,United States,en,
14065,United States,en,
14066,South Africa,en,
14067,Portugal,en,
14068,Portugal,en,
14069,Canada,en,
14070,Canada,en,
14071,United States,en,
14072,United States,en,
14073,United States,en,
14074,United States,en,
14075,United States,en,
14076,United States,en,
14077,United States,en,
14078,United States,en,
14079,United States,en,
14080,United States,en,
14081,United States,en,
14082,Hong Kong,zh,
14083,Hong Kong,zh,
14084,Greece,en,
14085,Greece,en,
14086,Romania,en,
14087,Romania,en,
14088,Ethiopia,en,
14089,United States,en,
14090,,en,
14091,Ethiopia,en,
14092,,en,
14093,United States,en,
14094,United States,en,
14095,United States,en,
14096,Philippines,en,
14097,Philippines,en,
14098,Hungary,en,
14099,Hungary,en,
14100,United States,en,
14101,United States,en,
14102,United States,en,
14103,United States,en,
14104,United States,en,
14105,United States,en,
14106,United States,en,
14107,Singapore,en,
14108,Singapore,en,
14109,Singapore,en,
14110,United States,en,
14111,United States,en,
14112,United States,en,
14113,United States,en,
14114,United States,en,
14115,United States,en,
14116,United States,en,
14117,Canada,en,
14118,Canada,en,
14119,Italy,en,
14120,Italy,en,
14121,United States,en,
14122,United States,en,
14123,United States,en,
14124,United States,en,
14125,Singapore,en,
14126,Singapore,en,
14127,Australia,en,
14128,Australia,en,
14129,United States,en,
14130,Armenia,en,
14131,Armenia,en,
14132,New Zealand,en,
14133,New Zealand,en,
14134,New Zealand,en,
14135,United States,en,
14136,United States,en,
14137,Ukraine,en,
14138,United States,en,
14139,United States,en,
14140,Netherlands,en,
14141,Netherlands,en,
14142,Netherlands,en,
14143,United States,en,
14144,South Korea,ko,
14145,United States,en,
14146,United States,en,
14147,Australia,en,
14148,Australia,en,
14149,Australia,en,
14150,Belgium,en,
14151,Belgium,en,
14152,United States,en,
14153,United States,en,
14154,Australia,en,
14155,Australia,en,
14156,Australia,en,
14157,Australia,en,
14158,Australia,en,
14159,Australia,en,
14160,Australia,en,
14161,Australia,en,
14162,Australia,en,
14163,Australia,en,
14164,France,en,
14165,France,en,
14166,Australia,en,
14167,Australia,en,
14168,Australia,en,
14169,Norway,en,
14170,Norway,en,
14171,South Korea,ko,
14172,United States,en,
14173,United Kingdom,en,
14174,United Kingdom,en,
14175,United States,en,
14176,United States,en,
14177,United States,en,
14178,United States,en,
14179,Australia,en,
14180,Netherlands,en,
14181,United States,en,
14182,United States,en,
14183,United States,en,
14184,United States,en,
14185,United States,en,
14186,United States,en,
14187,United Kingdom,en,
14188,United Kingdom,en,
14189,United States,en,
14190,United States,en,
14191,United States,en,
14192,United States,en,
14193,South Korea,ko,
14194,South Korea,ko,
14195,United States,en,
14196,United States,en,
14197,United States,en,
14198,United States,en,
14199,United Kingdom,en,
14200,Italy,en,
14201,Italy,en,
14202,United Kingdom,en,
14203,United Kingdom,en,
14204,Greece,en,
14205,Greece,en,
14206,Sweden,en,
14207,Australia,en,
14208,Australia,en,
14209,Pakistan,en,
14210,Pakistan,en,
14211,South Korea,ko,
14212,United States,en,
14213,United States,en,
14214,South Korea,ko,
14215,New Zealand,en,
14216,New Zealand,en,
14217,Hong Kong,en,
14218,Hong Kong,en,
14219,United States,en,
14220,United States,en,
14221,Germany,en,
14222,United States,en,
14223,Mexico,en,
14224,Mexico,en,
14225,United States,en,
14226,United States,en,
14227,South Korea,ko,
14228,South Korea,ko,
14229,United States,en,
14230,United States,en,
14231,Germany,en,
14232,Germany,en,
14233,United States,en,
14234,United States,en,
14235,United States,en,
14236,United States,en,
14237,Indonesia,en,
14238,Indonesia,en,
14239,Australia,en,
14240,Australia,en,
14241,United States,en,
14242,United States,en,
14243,United States,en,
14244,United States,en,
14245,United States,en,
14246,United States,en,
14247,Finland,en,
14248,Finland,en,
14249,United States,en,
14250,United States,en,
14251,United States,en,
14252,United States,en,
14253,United States,en,
14254,United States,en,
14255,United States,en,
14256,United States,en,
14257,United States,en,
14258,United States,en,
14259,United Kingdom,en,
14260,United Kingdom,en,
14261,Canada,en,
14262,Canada,en,
14263,United States,ko,
14264,United States,en,
14265,Malaysia,en,
14266,Malaysia,en,
14267,United States,en,
14268,United States,en,
14269,United States,en,
14270,Malaysia,en,
14271,Pakistan,en,
14272,Pakistan,en,
14273,Hong Kong,en,
14274,Hong Kong,en,
14275,South Korea,ko,
14276,United States,en,
14277,United States,en,
14278,Denmark,en,
14279,Denmark,en,
14280,United States,en,
14281,United States,en,
14282,United States,en,
14283,United States,en,
14284,United States,en,
14285,Kyrgyzstan,en,
14286,Kyrgyzstan,en,
14287,United States,en,
14288,United States,en,
14289,United States,en,
14290,Portugal,en,
14291,Portugal,en,
14292,Portugal,en,
14293,United States,en,
14294,United States,en,
14295,Denmark,en,
14296,Denmark,en,
14297,Israel,en,
14298,Israel,en,
14299,India,en,
14300,United States,en,
14301,United States,en,
14302,Germany,en,
14303,United States,en,
14304,United States,en,
14305,United States,en,
14306,South Korea,ko,
14307,United States,en,
14308,South Korea,ko,
14309,United States,en,
14310,United States,en,
14311,United States,en,
14312,Netherlands,en,
14313,Netherlands,en,
14314,United Kingdom,en,
14315,South Korea,ko,
14316,South Korea,ko,
14317,Norway,en,
14318,Norway,en,
14319,Norway,en,
14320,Vietnam,en,
14321,South Korea,ko,
14322,United States,en,
14323,United States,en,
14324,United Kingdom,en,
14325,United Kingdom,en,
14326,India,en,
14327,India,en,
14328,United Kingdom,en,
14329,United States,en,
14330,Israel,en,
14331,Israel,en,
14332,Israel,en,
14333,United States,en,
14334,United States,en,
14335,United States,en,
14336,Colombia,en,
14337,Colombia,en,
14338,Belgium,en,
14339,Belgium,en,
14340,Malaysia,en,
14341,Spain,en,
14342,Spain,en,
14343,United States,en,
14344,United States,en,
14345,United Arab Emirates,en,
14346,United Arab Emirates,en,
14347,United Kingdom,en,
14348,United States,en,
14349,United States,en,
14350,United States,ko,
14351,Denmark,en,
14352,United States,en,
14353,United States,en,
14354,Brazil,en,
14355,Brazil,en,
14356,Brazil,en,
14357,Austria,en,
14358,Austria,en,
14359,Canada,en,
14360,Canada,en,
14361,Lebanon,en,
14362,United States,en,
14363,United States,en,
14364,United States,en,
14365,United Kingdom,en,
14366,United Kingdom,en,
14367,United States,en,
14368,United States,en,
14369,Australia,en,
14370,Sweden,en,
14371,United States,en,
14372,United States,en,
14373,Sweden,en,
14374,Sweden,en,
14375,Sweden,en,
14376,United States,en,
14377,Switzerland,en,
14378,United States,en,
14379,United States,en,
14380,United States,en,
14381,United States,en,
14382,United States,en,
14383,United States,en,
14384,United States,en,
14385,United States,en,
14386,Norway,en,
14387,Norway,en,
14388,South Korea,ko,
14389,Switzerland,en,
14390,Switzerland,en,
14391,Hong Kong,en,
14392,Germany,en,
14393,United States,en,
14394,United States,en,
14395,Pakistan,en,
14396,Ukraine,en,
14397,Ukraine,en,
14398,United States,en,
14399,United States,en,
14400,Indonesia,en,
14401,Canada,en,
14402,Canada,en,
14403,India,en,
14404,United States,en,
14405,United States,en,
14406,United States,en,
14407,United States,en,
14408,United States,en,
14409,Colombia,en,
14410,United States,en,
14411,Australia,en,
14412,Australia,en,
14413,India,en,
14414,India,en,
14415,United States,en,
14416,United States,en,
14417,United States,en,
14418,United States,en,
14419,United States,en,
14420,Indonesia,en,
14421,Indonesia,en,
14422,Australia,en,
14423,United States,en,
14424,Mauritius,en,
14425,Italy,en,
14426,Italy,en,
14427,United States,en,
14428,United States,en,
14429,Sri Lanka,en,
14430,Sri Lanka,en,
14431,United States,en,
14432,United States,en,
14433,United States,en,
14434,United States,en,
14435,United States,en,
14436,Netherlands,en,
14437,Netherlands,en,
14438,India,en,
14439,India,en,
14440,India,en,
14441,Sweden,en,
14442,Sweden,en,
14443,United States,en,
14444,United States,en,
14445,United States,en,
14446,United States,en,
14447,Norway,en,
14448,Norway,en,
14449,United States,en,
14450,United States,en,
14451,United States,en,
14452,United States,en,
14453,United States,en,
14454,United States,en,
14455,United Kingdom,en,
14456,United Kingdom,en,
14457,Romania,en,
14458,Romania,en,
14459,Romania,en,
14460,Romania,en,
14461,Spain,en,
14462,Germany,en,
14463,Germany,en,
14464,United States,en,
14465,United States,en,
14466,Poland,en,
14467,Poland,en,
14468,United Kingdom,en,
14469,Germany,en,
14470,United States,en,
14471,United States,en,
14472,South Korea,ko,
14473,Russia,en,
14474,United States,en,
14475,United States,en,
14476,United States,en,
14477,United States,en,
14478,United Kingdom,en,
14479,United Kingdom,en,
14480,United States,en,
14481,United States,en,
14482,United States,en,
14483,United States,en,
14484,United States,en,
14485,United States,en,
14486,United States,en,
14487,Australia,en,
14488,Australia,en,
14489,South Korea,ko,
14490,United Kingdom,en,
14491,United Kingdom,en,
14492,United Kingdom,en,
14493,United Kingdom,en,
14494,United States,en,
14495,United States,en,
14496,United States,en,
14497,Austria,en,
14498,Canada,en,
14499,South Korea,ko,
14500,Germany,en,
14501,Germany,en,
14502,United States,en,
14503,United States,en,
14504,Iraq,en,
14505,United States,en,
14506,United States,en,
14507,United States,en,
14508,United Kingdom,en,
14509,United Kingdom,en,
14510,Canada,en,
14511,Sweden,en,
14512,United States,en,
14513,United States,en,
14514,Russia,en,
14515,Russia,en,
14516,Israel,en,
14517,Israel,en,
14518,Philippines,en,
14519,Spain,en,
14520,Poland,en,
14521,Poland,en,
14522,Italy,en,
14523,United States,en,
14524,United States,en,
14525,United States,ko,
14526,South Korea,ko,
14527,South Korea,ko,
14528,South Korea,ko,
14529,South Korea,ko,
14530,Taiwan,ko,south
14531,United States,ko,
14532,United States,ko,
14533,South Korea,ko,
14534,Indonesia,en,
14535,United States,en,
14536,United States,en,
14537,South Korea,ko,
14538,South Korea,ko,
14539,South Korea,ko,
14540,United States,ko,
14541,United States,ko,
14542,United States,ko,
14543,United States,ko,
14544,Czechia,en,
14545,Czechia,en,
14546,Czechia,en,
14547,United States,en,
14548,United States,ko,
14549,United States,ko,
14550,South Korea,ko,
14551,United Kingdom,en,
14552,United Kingdom,en,
14553,India,en,
14554,United States,en,
14555,United States,en,
14556,South Korea,ko,
14557,United States,en,
14558,United States,en,
14559,United States,en,
14560,United States,en,
14561,United States,ko,
14562,United States,en,
14563,United States,en,
14564,Germany,en,
14565,United States,en,
14566,Germany,en,
14567,United States,en,
14568,United States,en,
14569,South Korea,ko,
14570,Hong Kong,zh,
14571,Hong Kong,zh,
14572,Germany,en,
14573,Finland,en,
14574,Finland,en,
14575,United States,en,
14576,United States,en,
14577,Australia,en,
14578,Australia,en,
14579,Australia,en,
14580,Australia,en,
14581,Australia,en,
14582,Australia,en,
14583,Australia,en,
14584,Australia,en,
14585,South Korea,ko,
14586,Australia,en,
14587,Australia,en,
14588,United States,en,
14589,United States,en,
14590,United States,en,
14591,United States,en,
14592,United States,en,
14593,United States,fa,
14594,United States,ko,
14595,United States,zh,
14596,United States,en,
14597,United States,en,
14598,United States,en,
14599,United States,en,
14600,United States,en,
14601,United States,fa,
14602,United States,ko,
14603,United States,zh,
14604,United States,en,
14605,United States,en,
14606,United States,en,
14607,United States,en,
14608,United States,en,
14609,United States,en,
14610,United States,en,
14611,United States,en,
14612,United States,en,
14613,United States,en,
14614,United States,en,
14615,United States,en,
14616,United States,en,
14617,United States,en,
14618,United States,en,
14619,Germany,en,
14620,Germany,en,
14621,United States,en,
14622,United States,en,
14623,United States,en,
14624,United States,en,
14625,Finland,en,
14626,Finland,en,
14627,United Kingdom,en,
14628,United Kingdom,en,
14629,Thailand,en,
14630,Thailand,en,
14631,United States,en,
14632,United States,en,
14633,Colombia,en,
14634,Colombia,en,
14635,Germany,en,
14636,Germany,en,
14637,United States,en,
14638,United States,en,
14639,United Kingdom,en,
14640,United Kingdom,en,
14641,United States,en,
14642,United States,en,
14643,United States,en,
14644,United States,en,
14645,United States,en,
14646,United States,en,
14647,United States,en,
14648,United States,en,
14649,United States,en,
14650,United States,en,
14651,United States,en,
14652,Hungary,en,
14653,Hungary,en,
14654,Russia,en,
14655,Russia,en,
14656,Russia,en,
14657,Russia,en,
14658,Russia,en,
14659,Russia,en,
14660,United States,ko,
14661,United States,en,
14662,United States,en,
14663,United States,en,
14664,United States,en,
14665,United States,en,
14666,United States,en,
14667,United States,en,
14668,United States,en,
14669,United States,en,
14670,United States,en,
14671,United States,en,
14672,United States,en,
14673,South Korea,en,
14674,South Korea,en,
14675,Germany,en,
14676,Germany,en,
14677,Australia,en,
14678,Australia,en,
14679,Australia,en,
14680,South Korea,ko,
14681,South Korea,ko,
14682,Austria,en,
14683,Austria,en,
14684,Russia,en,
14685,Russia,en,
14686,Germany,en,
14687,Germany,en,
14688,United Kingdom,en,
14689,United Kingdom,en,
14690,United Kingdom,en,
14691,United Kingdom,en,
14692,Spain,en,
14693,Spain,en,
14694,Spain,en,
14695,Spain,en,
14696,United States,en,
14697,United States,en,
14698,Denmark,en,
14699,Denmark,en,
14700,United States,en,
14701,United States,en,
14702,Russia,en,
14703,Russia,en,
14704,South Korea,ko,
14705,South Korea,ko,
14706,Singapore,en,
14707,Singapore,en,
14708,Peru,en,
14709,Peru,en,
14710,Philippines,en,
14711,Philippines,en,
14712,United Kingdom,en,
14713,United Kingdom,en,
14714,United States,en,
14715,United States,en,
14716,United States,en,
14717,United States,en,
14718,Russia,en,
14719,Russia,en,
14720,United States,en,
14721,United States,en,
14722,United States,en,
14723,United States,en,
14724,Denmark,en,
14725,Denmark,en,
14726,United States,en,
14727,United States,en,
14728,France,en,
14729,France,en,
14730,Denmark,en,
14731,Denmark,en,
14732,United States,en,
14733,United States,en,
14734,United States,en,
14735,United States,en,
14736,Germany,en,
14737,Germany,en,
14738,Sweden,en,
14739,Sweden,en,
14740,United States,en,
14741,United States,en,
14742,United States,en,
14743,United States,en,
14744,United States,en,
14745,United States,en,
14746,Singapore,en,
14747,Singapore,en,
14748,Brazil,en,
14749,Brazil,en,
14750,Argentina,en,
14751,United States,en,
14752,Argentina,en,
14753,United States,en,
14754,United Kingdom,en,
14755,United Kingdom,en,
14756,Taiwan,en,south
14757,Taiwan,en,south
14758,United States,en,
14759,United States,en,
14760,United States,en,
14761,United States,en,
14762,Brazil,en,
14763,Brazil,en,
14764,United States,en,
14765,United States,en,
14766,United States,en,
14767,Bulgaria,en,
14768,Bulgaria,en,
14769,United States,en,
14770,United States,en,
14771,United States,en,
14772,United States,en,
14773,United States,en,
14774,United States,en,
14775,United States,en,
14776,United States,en,
14777,United States,en,
14778,United States,en,
14779,United States,en,
14780,United States,en,
14781,United States,en,
14782,United Kingdom,en,
14783,United Kingdom,en,
14784,United States,en,
14785,United States,en,
14786,Czechia,en,
14787,Czechia,en,
14788,Czechia,en,
14789,Czechia,en,
14790,United States,en,
14791,United States,en,
14792,United States,en,
14793,United States,en,
14794,United Kingdom,en,
14795,United Kingdom,en,
14796,United States,en,
14797,United States,en,
14798,United States,en,
14799,United States,en,
14800,United States,en,
14801,United States,en,
14802,United States,en,
14803,United States,en,
14804,United States,en,
14805,United States,en,
14806,Mexico,en,
14807,Mexico,en,
14808,United States,en,
14809,United States,en,
14810,United States,en,
14811,United States,en,
14812,United States,en,
14813,United States,en,
14814,United States,en,
14815,United States,en,
14816,Mexico,en,
14817,Finland,en,
14818,Finland,en,
14819,United States,en,
14820,United States,en,
14821,United States,en,
14822,United States,en,
14823,United States,en,
14824,United States,en,
14825,United States,en,
14826,Germany,en,
14827,Germany,en,
14828,United States,en,
14829,United States,en,
14830,Hashemite Kingdom of Jordan,en,
14831,Hashemite Kingdom of Jordan,en,
14832,Hashemite Kingdom of Jordan,en,
14833,United States,en,
14834,United States,en,
14835,Japan,en,
14836,Japan,en,
14837,United States,en,
14838,United States,en,
14839,Australia,en,
14840,Australia,en,
14841,Australia,en,
14842,Australia,en,
14843,Australia,en,
14844,Australia,en,
14845,Australia,en,
14846,Australia,en,
14847,New Zealand,en,
14848,New Zealand,en,
14849,Poland,en,
14850,Poland,en,
14851,Poland,en,
14852,United States,en,
14853,United States,en,
14854,United States,en,
14855,United States,en,
14856,Cambodia,en,
14857,Cambodia,en,
14858,United States,en,
14859,United States,en,
14860,United States,en,
14861,United States,en,
14862,United States,en,
14863,United Kingdom,en,
14864,United Kingdom,en,
14865,United States,en,
14866,United States,en,
14867,Sweden,en,
14868,Sweden,en,
14869,Canada,en,
14870,Canada,en,
14871,Poland,en,
14872,Poland,en,
14873,United States,en,
14874,United States,en,
14875,United States,en,
14876,United States,en,
14877,France,en,
14878,United Kingdom,en,
14879,United Kingdom,en,
14880,Australia,en,
14881,Australia,en,
14882,France,en,
14883,France,en,
14884,Australia,en,
14885,Australia,en,
14886,United States,en,
14887,United States,en,
14888,United States,en,
14889,United States,en,
14890,United States,en,
14891,United States,en,
14892,United Kingdom,en,
14893,United Kingdom,en,
14894,United States,en,
14895,United States,en,
14896,United States,en,
14897,Australia,en,
14898,South Korea,ko,
14899,South Korea,ko,
14900,Poland,en,
14901,Poland,en,
14902,France,en,
14903,Israel,en,
14904,Israel,en,
14905,Russia,en,
14906,Russia,en,
14907,Canada,en,
14908,Canada,en,
14909,,en,
14910,,en,
14911,,en,
14912,,en,
14913,Turkey,en,
14914,Turkey,en,
14915,United States,en,
14916,United States,en,
14917,United Kingdom,en,
14918,United Kingdom,en,
14919,United Kingdom,en,
14920,United Kingdom,en,
14921,United States,en,
14922,United States,en,
14923,United States,en,
14924,United States,en,
14925,United States,en,
14926,United States,en,
14927,United States,en,
14928,United States,en,
14929,Taiwan,en,south
14930,Taiwan,en,south
14931,United States,en,
14932,United States,en,
14933,United States,en,
14934,United States,en,
14935,United States,en,
14936,South Korea,ko,
14937,Switzerland,en,
14938,Switzerland,en,
14939,Switzerland,en,
14940,Switzerland,en,
14941,France,en,
14942,United States,en,
14943,United States,en,
14944,United States,en,
14945,United Kingdom,en,
14946,United Kingdom,en,
14947,United Kingdom,en,
14948,United States,en,
14949,United States,en,
14950,United States,en,
14951,South Korea,ko,
14952,Germany,en,
14953,Germany,en,
14954,United States,en,
14955,United States,en,
14956,United States,en,
14957,United States,en,
14958,South Korea,ko,
14959,United States,en,
14960,United States,en,
14961,Russia,en,
14962,Ukraine,en,
14963,Japan,en,
14964,Japan,en,
14965,Australia,en,
14966,Australia,en,
14967,Australia,en,
14968,Australia,en,
14969,Australia,en,
14970,Australia,en,
14971,Australia,en,
14972,Australia,en,
14973,Australia,en,
14974,Australia,en,
14975,Australia,en,
14976,Australia,en,
14977,Australia,en,
14978,Australia,en,
14979,Australia,en,
14980,Australia,en,
14981,Australia,en,
14982,Australia,en,
14983,Australia,en,
14984,Australia,en,
14985,Australia,en,
14986,Australia,en,
14987,Australia,en,
14988,Australia,en,
14989,Australia,en,
14990,Australia,en,
14991,Australia,en,
14992,Australia,en,
14993,Australia,en,
14994,Australia,en,
14995,Australia,en,
14996,Australia,en,
14997,Australia,en,
14998,Australia,en,
14999,Australia,en,
15000,Australia,en,
15001,Australia,en,
15002,Australia,en,
15003,Australia,en,
15004,Australia,en,
15005,Australia,en,
15006,Australia,en,
15007,Australia,en,
15008,Australia,en,
15009,Australia,en,
15010,Australia,en,
15011,Australia,en,
15012,Australia,en,
15013,Australia,en,
15014,Australia,en,
15015,Australia,en,
15016,Australia,en,
15017,Australia,en,
15018,Australia,en,
15019,Australia,en,
15020,Australia,en,
15021,Australia,en,
15022,Australia,en,
15023,Australia,en,
15024,Australia,en,
15025,Australia,en,
15026,Australia,en,
15027,Australia,en,
15028,Australia,en,
15029,Australia,en,
15030,United States,en,
15031,United States,en,
15032,Australia,en,
15033,United States,en,
15034,United States,en,
15035,Australia,en,
15036,South Korea,ko,
15037,United States,en,
15038,South Korea,ko,
15039,Poland,en,
15040,Poland,en,
15041,Poland,en,
15042,Poland,en,
15043,South Korea,ko,
15044,France,en,
15045,France,en,
15046,United Kingdom,en,
15047,India,en,
15048,India,en,
15049,France,en,
15050,France,en,
15051,Curaçao,en,
15052,Curaçao,en,
15053,Bosnia and Herzegovina,en,
15054,Bosnia and Herzegovina,en,
15055,Bosnia and Herzegovina,en,
15056,Vietnam,en,
15057,Australia,en,
15058,Australia,en,
15059,United States,en,
15060,United States,en,
15061,Canada,en,
15062,Canada,en,
15063,United States,en,
15064,United States,en,
15065,United States,en,
15066,United States,en,
15067,United States,en,
15068,United States,en,
15069,United Kingdom,en,
15070,United Kingdom,en,
15071,Poland,en,
15072,Poland,en,
15073,Poland,en,
15074,Poland,en,
15075,United States,ko,
15076,India,en,
15077,United States,en,
15078,United States,en,
15079,United States,en,
15080,United States,en,
15081,United States,en,
15082,United States,en,
15083,United States,en,
15084,United States,en,
15085,United States,en,
15086,United States,en,
15087,United States,en,
15088,United States,en,
15089,United States,en,
15090,United States,en,
15091,United States,en,
15092,United States,en,
15093,Australia,en,
15094,United States,en,
15095,Germany,en,
15096,United States,en,
15097,United States,en,
15098,United States,en,
15099,United States,en,
15100,United States,en,
15101,United States,en,
15102,Hong Kong,zh,
15103,Hong Kong,zh,
15104,United Kingdom,en,
15105,United Kingdom,en,
15106,Germany,en,
15107,United States,en,
15108,United States,en,
15109,Japan,en,
15110,Japan,en,
15111,Spain,en,
15112,Spain,en,
15113,United States,en,
15114,United States,en,
15115,France,en,
15116,France,en,
15117,Sweden,en,
15118,Sweden,en,
15119,France,en,
15120,France,en,
15121,Portugal,en,
15122,Portugal,en,
15123,Denmark,en,
15124,Denmark,en,
15125,Denmark,en,
15126,Denmark,en,
15127,Denmark,en,
15128,Denmark,en,
15129,Denmark,en,
15130,Ireland,en,
15131,Ireland,en,
15132,United States,en,
15133,Ireland,en,
15134,Ireland,en,
15135,United States,en,
15136,United States,en,
15137,United States,en,
15138,United States,en,
15139,United Kingdom,en,
15140,United States,en,
15141,United States,en,
15142,United States,en,
15143,Slovenia,en,
15144,Slovenia,en,
15145,Portugal,en,
15146,New Zealand,en,
15147,Chile,en,
15148,Chile,en,
15149,Poland,en,
15150,Poland,en,
15151,United States,en,
15152,United States,en,
15153,United States,en,
15154,United States,en,
15155,Netherlands,en,
15156,Netherlands,en,
15157,United States,en,
15158,United States,en,
15159,Norway,en,
15160,United Kingdom,en,
15161,United Kingdom,en,
15162,United States,en,
15163,United States,en,
15164,Japan,ko,
15165,Japan,ko,
15166,Japan,ko,
15167,Japan,ko,
15168,United States,en,
15169,United States,en,
15170,Indonesia,en,
15171,Indonesia,en,
15172,South Korea,ko,
15173,United States,en,
15174,United Kingdom,en,
15175,United Kingdom,en,
15176,United States,en,
15177,United States,en,
15178,United States,en,
15179,Australia,en,
15180,United States,en,
15181,Russia,en,
15182,Russia,en,
15183,France,en,
15184,Russia,en,
15185,United States,en,
15186,Germany,en,
15187,Germany,en,
15188,United States,en,
15189,United States,en,
15190,United States,en,
15191,United States,ko,
15192,Germany,en,
15193,Germany,en,
15194,United States,en,
15195,United States,en,
15196,United States,en,
15197,United States,en,
15198,United States,en,
15199,United States,en,
15200,United States,en,
15201,United States,en,
15202,South Korea,ko,
15203,New Zealand,en,
15204,New Zealand,en,
15205,United States,en,
15206,United Kingdom,en,
15207,United Kingdom,en,
15208,Russia,en,
15209,United States,en,
15210,United States,en,
15211,Japan,en,
15212,South Korea,ko,
15213,,en,
15214,,en,
15215,Germany,en,
15216,Spain,en,
15217,Spain,en,
15218,United States,en,
15219,United States,en,
15220,United States,en,
15221,United States,en,
15222,Canada,en,
15223,Canada,en,
15224,United States,en,
15225,United States,en,
15226,Russia,en,
15227,Russia,en,
15228,Russia,en,
15229,Russia,en,
15230,United States,en,
15231,Canada,en,
15232,Canada,en,
15233,United States,en,
15234,United States,en,
15235,United States,en,
15236,United States,en,
15237,United States,en,
15238,United States,en,
15239,United States,en,
15240,South Korea,ko,
15241,Japan,en,
15242,Japan,en,
15243,United States,en,
15244,United States,en,
15245,United States,en,
15246,United States,en,
15247,United States,en,
15248,United States,en,
15249,South Korea,ko,
15250,Serbia,en,
15251,Serbia,en,
15252,Serbia,en,
15253,Serbia,en,
15254,United States,en,
15255,United States,en,
15256,Canada,en,
15257,Canada,en,
15258,United States,en,
15259,United States,en,
15260,United Kingdom,en,
15261,United States,en,
15262,United States,en,
15263,South Korea,ko,
15264,South Korea,ko,
15265,India,en,
15266,Russia,en,
15267,Russia,en,
15268,United States,en,
15269,Australia,en,
15270,United States,en,
15271,South Korea,ko,
15272,South Korea,ko,
15273,United States,en,
15274,Colombia,en,
15275,Colombia,en,
15276,South Korea,ko,
15277,United States,en,
15278,United States,en,
15279,United States,en,
15280,Hungary,en,
15281,Hungary,en,
15282,United States,en,
15283,United States,en,
15284,South Korea,ko,
15285,Canada,en,
15286,Russia,en,
15287,Czechia,en,
15288,Czechia,en,
15289,South Korea,ko,
15290,United States,en,
15291,United States,en,
15292,Canada,en,
15293,United States,en,
15294,United States,en,
15295,United States,en,
15296,United States,en,
15297,United States,en,
15298,Bulgaria,en,
15299,South Korea,ko,
15300,South Korea,ko,
15301,South Korea,ko,
15302,United States,en,
15303,United States,ko,
15304,South Korea,ko,
15305,Taiwan,zh,south
15306,Taiwan,zh,south
15307,Russia,en,
15308,Russia,en,
15309,Russia,en,
15310,South Korea,ko,
15311,Russia,en,
15312,Taiwan,zh,south
15313,United Kingdom,en,
15314,Thailand,en,
15315,Japan,zh,
15316,Taiwan,zh,south
15317,United Kingdom,en,
15318,Hong Kong,en,
15319,Hong Kong,en,
15320,South Korea,ko,
15321,South Korea,en,
15322,South Korea,en,
15323,United States,en,
15324,Russia,en,
15325,United States,en,
15326,South Korea,ko,
15327,Taiwan,zh,south
15328,United States,en,
15329,Italy,en,
15330,Italy,en,
15331,Taiwan,zh,south
15332,United Kingdom,en,
15333,United States,en,
15334,United States,en,
15335,South Korea,ko,
15336,United States,en,
15337,Germany,en,
15338,France,en,
15339,United States,en,
15340,Georgia,en,
15341,United States,en,
15342,Estonia,en,
15343,Germany,en,
15344,United States,en,
15345,United States,en,
15346,United States,en,
15347,United States,en,
15348,United States,en,
15349,Turkey,en,
15350,Turkey,en,
15351,Canada,en,
15352,Canada,en,
15353,Germany,en,
15354,United States,en,
15355,Turkey,en,
15356,United States,en,
15357,United States,en,
15358,South Korea,ko,
15359,Germany,en,
15360,Australia,en,
15361,United States,en,
15362,United States,en,
15363,United States,en,
15364,United States,en,
15365,United States,en,
15366,Australia,en,
15367,United States,en,
15368,United States,en,
15369,Pakistan,en,
15370,Germany,en,
15371,United States,en,
15372,Hong Kong,zh,
15373,Hong Kong,zh,
15374,Australia,en,
15375,Australia,en,
15376,Australia,en,
15377,Australia,en,
15378,Russia,en,
15379,Australia,en,
15380,Australia,en,
15381,Germany,en,
15382,United States,en,
15383,United States,en,
15384,United States,en,
15385,United States,en,
15386,Germany,en,
15387,Germany,en,
15388,France,en,
15389,United States,en,
15390,Russia,en,
15391,United Kingdom,en,
15392,United Kingdom,en,
15393,Germany,en,
15394,Italy,en,
15395,Italy,en,
15396,United States,en,
15397,Canada,en,
15398,Canada,en,
15399,Canada,en,
15400,United States,en,
15401,United States,en,
15402,United States,en,
15403,United States,en,
15404,United States,en,
15405,United States,en,
15406,United States,en,
15407,United States,en,
15408,Germany,en,
15409,Poland,en,
15410,New Zealand,en,
15411,New Zealand,en,
15412,New Zealand,en,
15413,United States,en,
15414,United States,en,
15415,Australia,en,
15416,Ukraine,en,
15417,United States,en,
15418,United States,en,
15419,United States,en,
15420,Australia,en,
15421,United States,en,
15422,United States,en,
15423,United States,en,
15424,United States,en,
15425,Ukraine,en,
15426,Czechia,en,
15427,United States,en,
15428,United States,en,
15429,Germany,en,
15430,United States,en,
15431,United States,en,
15432,United States,en,
15433,United States,en,
15434,United States,en,
15435,Bangladesh,en,
15436,Bangladesh,en,
15437,Russia,en,
15438,Switzerland,en,
15439,United States,en,
15440,Brazil,en,
15441,United States,en,
15442,United States,en,
15443,United States,en,
15444,United States,en,
15445,Ukraine,en,
15446,United States,en,
15447,Ukraine,en,
15448,Argentina,en,
15449,Argentina,en,
15450,United States,en,
15451,United States,en,
15452,United States,en,
15453,United States,en,
15454,Australia,en,
15455,United States,en,
15456,United States,en,
15457,United States,en,
15458,United States,en,
15459,India,en,
15460,United States,en,
15461,United States,en,
15462,Ukraine,en,
15463,United States,en,
15464,United States,en,
15465,United States,en,
15466,United States,en,
15467,Puerto Rico,en,
15468,United States,en,
15469,United States,en,
15470,United States,en,
15471,Denmark,en,
15472,United States,en,
15473,United States,en,
15474,United States,en,
15475,United States,en,
15476,France,en,
15477,France,en,
15478,Canada,en,
15479,United States,en,
15480,United States,en,
15481,United States,en,
15482,France,en,
15483,France,en,
15484,United States,en,
15485,United States,en,
15486,Greece,en,
15487,Greece,en,
15488,United States,en,
15489,Australia,en,
15490,Australia,en,
15491,Ukraine,en,
15492,United States,en,
15493,United States,en,
15494,United States,en,
15495,United States,en,
15496,United Kingdom,en,
15497,United Kingdom,en,
15498,United States,en,
15499,United States,en,
15500,United States,en,
15501,United States,en,
15502,United States,en,
15503,Philippines,en,
15504,Philippines,en,
15505,United States,en,
15506,United States,en,
15507,United States,en,
15508,United States,en,
15509,United States,en,
15510,United States,en,
15511,United States,en,
15512,United States,en,
15513,United States,en,
15514,Australia,en,
15515,Germany,en,
15516,Singapore,en,
15517,Germany,en,
15518,United States,en,
15519,United States,en,
15520,United States,en,
15521,United States,en,
15522,United States,en,
15523,United States,en,
15524,United States,en,
15525,Ukraine,en,
15526,Canada,en,
15527,Canada,en,
15528,South Korea,ko,
15529,United States,en,
15530,United States,en,
15531,United States,en,
15532,Sweden,zh,
15533,United States,en,
15534,United States,en,
15535,United States,en,
15536,United States,en,
15537,South Korea,ko,
15538,Finland,en,
15539,Finland,en,
15540,France,en,
15541,United States,en,
15542,Venezuela,en,
15543,Venezuela,en,
15544,United States,en,
15545,Russia,en,
15546,Russia,en,
15547,Georgia,en,
15548,Georgia,en,
15549,Georgia,en,
15550,Georgia,en,
15551,United States,en,
15552,United States,en,
15553,United States,en,
15554,United States,en,
15555,Germany,en,
15556,United States,en,
15557,Chile,en,
15558,United States,en,
15559,United States,en,
15560,United States,en,
15561,United States,en,
15562,United States,en,
15563,United States,en,
15564,United States,en,
15565,United States,en,
15566,United States,en,
15567,United States,en,
15568,United States,en,
15569,United States,en,
15570,United States,en,
15571,United States,en,
15572,United States,en,
15573,Netherlands,en,
15574,United States,en,
15575,United States,en,
15576,United States,en,
15577,United States,en,
15578,United States,en,
15579,United States,en,
15580,United States,en,
15581,United States,en,
15582,United States,en,
15583,United States,en,
15584,United States,en,
15585,United States,en,
15586,United States,en,
15587,United States,en,
15588,United States,en,
15589,United States,en,
15590,United States,en,
15591,Russia,en,
15592,United States,en,
15593,United States,en,
15594,France,en,
15595,United States,en,
15596,Sweden,zh,
15597,United States,en,
15598,Russia,en,
15599,Romania,en,
15600,United States,en,
15601,United States,en,
15602,United States,en,
15603,United States,en,
15604,Germany,en,
15605,United States,en,
15606,United States,en,
15607,Poland,en,
15608,Poland,en,
15609,United States,en,
15610,United States,en,
15611,Peru,en,
15612,Australia,en,
15613,Canada,en,
15614,Canada,en,
15615,Germany,en,
15616,United States,en,
15617,United States,en,
15618,United States,en,
15619,United States,en,
15620,Mexico,en,
15621,Mexico,en,
15622,Singapore,en,
15623,Singapore,en,
15624,Germany,en,
15625,Philippines,en,
15626,United States,en,
15627,United States,en,
15628,United States,en,
15629,United States,en,
15630,United States,en,
15631,United States,en,
15632,United States,en,
15633,United States,en,
15634,United States,en,
15635,United States,en,
15636,United States,en,
15637,United States,en,
15638,United States,en,
15639,United States,en,
15640,United States,en,
15641,United States,en,
15642,United States,en,
15643,United States,en,
15644,United States,en,
15645,United States,en,
15646,South Korea,en,
15647,United States,en,
15648,United States,en,
15649,United States,en,
15650,United States,en,
15651,United States,en,
15652,United States,en,
15653,United States,en,
15654,United States,en,
15655,United States,en,
15656,United States,en,
15657,United States,en,
15658,United States,en,
15659,United States,en,
15660,Australia,en,
15661,United States,en,
15662,United States,en,
15663,United States,en,
15664,United States,en,
15665,United States,en,
15666,United States,en,
15667,United States,en,
15668,United States,en,
15669,United States,en,
15670,United States,en,
15671,United States,en,
15672,United States,en,
15673,United States,en,
15674,United States,en,
15675,United States,en,
15676,United States,en,
15677,United States,en,
15678,Ukraine,en,
15679,United States,en,
15680,United States,en,
15681,United States,en,
15682,United States,en,
15683,France,en,
15684,United States,en,
15685,United States,en,
15686,United States,en,
15687,United States,en,
15688,United States,en,
15689,United States,en,
15690,United States,en,
15691,United States,en,
15692,United States,en,
15693,United States,en,
15694,United States,en,
15695,United States,en,
15696,United States,en,
15697,United States,en,
15698,United States,en,
15699,United States,en,
15700,United States,en,
15701,United States,en,
15702,United States,en,
15703,United States,en,
15704,United States,en,
15705,United States,en,
15706,United States,en,
15707,United States,en,
15708,United States,en,
15709,United States,en,
15710,United States,en,
15711,United States,en,
15712,United States,en,
15713,United States,en,
15714,United States,en,
15715,United States,en,
15716,United States,en,
15717,United States,en,
15718,United States,en,
15719,United States,en,
15720,United States,en,
15721,United States,en,
15722,United States,en,
15723,United States,en,
15724,United States,en,
15725,United States,en,
15726,United States,en,
15727,United States,en,
15728,United States,en,
15729,United States,zh,
15730,United States,en,
15731,Germany,en,
15732,Australia,en,
15733,South Korea,ko,
15734,Ukraine,en,
15735,Lithuania,en,
15736,Lithuania,en,
15737,Venezuela,en,
15738,Venezuela,en,
15739,Venezuela,en,
15740,United States,en,
15741,United States,en,
15742,United States,en,
15743,United States,en,
15744,United States,en,
15745,United States,en,
15746,United States,en,
15747,United States,en,
15748,Ukraine,en,
15749,United States,en,
15750,United States,en,
15751,Ukraine,en,
15752,South Korea,en,
15753,United States,en,
15754,South Korea,en,
15755,Russia,en,
15756,United States,en,
15757,United States,en,
15758,Canada,en,
15759,United Kingdom,en,
15760,United Kingdom,en,
15761,United States,en,
15762,United States,en,
15763,United States,en,
15764,United States,en,
15765,Germany,en,
15766,United Kingdom,en,
15767,United States,en,
15768,India,en,
15769,Canada,en,
15770,Canada,en,
15771,United States,en,
15772,United States,en,
15773,United States,ko,
15774,United States,ko,
15775,United States,en,
15776,India,en,
15777,Philippines,en,
15778,Philippines,en,
15779,United States,en,
15780,United States,en,
15781,United States,en,
15782,Philippines,en,
15783,Russia,en,
15784,Germany,en,
15785,Germany,en,
15786,Philippines,en,
15787,South Korea,en,
15788,United States,en,
15789,India,en,
15790,Philippines,en,
15791,Lithuania,en,
15792,Estonia,en,
15793,United States,en,
15794,Canada,en,
15795,Ukraine,en,
15796,Netherlands,en,
15797,Netherlands,en,
15798,Canada,en,
15799,Canada,en,
15800,Canada,en,
15801,Canada,en,
15802,Estonia,en,
15803,United Kingdom,en,
15804,United Kingdom,en,
15805,United States,en,
15806,United States,en,
15807,United Kingdom,en,
15808,United States,en,
15809,India,en,
15810,Denmark,en,
15811,Denmark,en,
15812,Denmark,en,
15813,United States,en,
15814,United States,en,
15815,United States,en,
15816,United States,en,
15817,United States,en,
15818,United States,en,
15819,United States,en,
15820,Taiwan,zh,south
15821,Taiwan,zh,south
15822,United States,en,
15823,Australia,en,
15824,United States,en,
15825,United States,en,
15826,United States,en,
15827,Philippines,en,
15828,Lithuania,en,
15829,Poland,en,
15830,Chile,en,
15831,Chile,en,
15832,Chile,fa,
15833,Chile,en,
15834,Chile,fa,
15835,United States,fa,
15836,United States,en,
15837,United States,fa,
15838,United States,fa,
15839,United States,en,
15840,Slovenia,en,
15841,Slovenia,en,
15842,Austria,en,
15843,Austria,en,
15844,Slovenia,en,
15845,Russia,en,
15846,Russia,en,
15847,United States,en,
15848,United States,en,
15849,United States,en,
15850,United States,en,
15851,Philippines,en,
15852,United States,en,
15853,Armenia,en,
15854,United States,en,
15855,United States,en,
15856,Philippines,en,
15857,United States,en,
15858,United States,en,
15859,India,en,
15860,Canada,en,
15861,United States,en,
15862,Ukraine,en,
15863,Philippines,en,
15864,France,en,
15865,United States,en,
15866,United States,en,
15867,Faroe Islands,en,
15868,Faroe Islands,en,
15869,United States,en,
15870,United States,en,
15871,United States,en,
15872,Ukraine,en,
15873,South Korea,ko,
15874,United States,en,
15875,Kenya,en,
15876,Kenya,en,
15877,United Kingdom,en,
15878,United Kingdom,en,
15879,Singapore,en,
15880,United States,en,
15881,United States,en,
15882,United States,en,
15883,United States,en,
15884,United States,en,
15885,United States,en,
15886,Thailand,en,
15887,United States,en,
15888,United States,en,
15889,France,en,
15890,United States,en,
15891,France,en,
15892,Finland,en,
15893,Canada,en,
15894,Canada,en,
15895,Netherlands,en,
15896,United States,en,
15897,United States,en,
15898,Netherlands,en,
15899,United States,en,
15900,United States,en,
15901,United States,en,
15902,United States,en,
15903,United States,en,
15904,United States,en,
15905,United States,en,
15906,Colombia,en,
15907,Philippines,en,
15908,Germany,en,
15909,Colombia,en,
15910,Indonesia,en,
15911,Greece,en,
15912,Colombia,en,
15913,United States,en,
15914,United States,en,
15915,United States,en,
15916,United States,en,
15917,Poland,en,
15918,United States,en,
15919,United States,en,
15920,Sri Lanka,en,
15921,Sri Lanka,en,
15922,Sri Lanka,en,
15923,Sri Lanka,en,
15924,Belgium,en,
15925,Finland,en,
15926,Colombia,en,
15927,Colombia,en,
15928,Colombia,en,
15929,Colombia,en,
15930,United States,en,
15931,United States,en,
15932,Italy,en,
15933,Colombia,en,
15934,Colombia,en,
15935,United States,en,
15936,United States,en,
15937,United States,en,
15938,Bulgaria,en,
15939,France,en,
15940,Russia,en,
15941,United States,en,
15942,United States,en,
15943,United States,en,
15944,Russia,en,
15945,United States,en,
15946,United States,en,
15947,Czechia,en,
15948,Czechia,en,
15949,Czechia,en,
15950,United States,en,
15951,Chile,en,
15952,Chile,en,
15953,Russia,en,
15954,Russia,en,
15955,Greece,en,
15956,United States,en,
15957,United States,en,
15958,United States,en,
15959,United States,en,
15960,United States,en,
15961,United States,en,
15962,United States,en,
15963,United States,en,
15964,United States,en,
15965,United States,en,
15966,United States,en,
15967,United States,en,
15968,United States,en,
15969,United States,en,
15970,United States,en,
15971,United States,en,
15972,United States,en,
15973,United States,en,
15974,Colombia,en,
15975,United States,en,
15976,United States,en,
15977,United States,en,
15978,United States,en,
15979,Ukraine,en,
15980,Canada,en,
15981,Canada,en,
15982,Canada,en,
15983,United States,en,
15984,United States,en,
15985,United States,en,
15986,United States,en,
15987,United States,en,
15988,United States,en,
15989,United States,en,
15990,India,en,
15991,United States,en,
15992,United States,en,
15993,United States,en,
15994,United States,en,
15995,United States,en,
15996,United States,en,
15997,Belgium,en,
15998,Belgium,en,
15999,Czechia,en,
16000,Czechia,en,
16001,United States,en,
16002,United States,en,
16003,United States,en,
16004,United States,en,
16005,United States,en,
16006,United States,en,
16007,United States,en,
16008,United States,en,
16009,United States,en,
16010,United States,en,
16011,United States,en,
16012,United States,en,
16013,United States,en,
16014,United States,en,
16015,United States,en,
16016,United States,en,
16017,United States,en,
16018,United States,en,
16019,United States,en,
16020,United States,en,
16021,United States,en,
16022,United States,en,
16023,United States,en,
16024,United States,en,
16025,United States,en,
16026,France,en,
16027,United States,en,
16028,United States,en,
16029,United States,en,
16030,United States,en,
16031,Nigeria,en,
16032,Nigeria,en,
16033,United Kingdom,en,
16034,United Kingdom,en,
16035,United States,en,
16036,United States,en,
16037,Ukraine,en,
16038,United States,en,
16039,Australia,en,
16040,Australia,en,
16041,United States,en,
16042,United States,en,
16043,United States,en,
16044,Mexico,en,
16045,Mexico,en,
16046,United States,en,
16047,Sweden,en,
16048,Sweden,en,
16049,United States,en,
16050,Germany,en,
16051,Germany,en,
16052,Ukraine,en,
16053,Poland,en,
16054,United States,en,
16055,Russia,en,
16056,United States,en,
16057,United States,en,
16058,Netherlands,en,
16059,Netherlands,en,
16060,Netherlands,en,
16061,Netherlands,en,
16062,United States,en,
16063,United States,en,
16064,United States,en,
16065,United States,en,
16066,United States,en,
16067,Ukraine,en,
16068,United States,en,
16069,United States,en,
16070,United States,en,
16071,United States,en,
16072,United States,en,
16073,United States,ko,
16074,United States,en,
16075,United States,en,
16076,United States,en,
16077,United States,ko,
16078,United States,en,
16079,United States,en,
16080,Russia,en,
16081,United States,en,
16082,United States,en,
16083,United States,en,
16084,South Korea,ko,
16085,Russia,en,
16086,United States,en,
16087,United States,en,
16088,United Kingdom,en,
16089,United Kingdom,en,
16090,United Kingdom,en,
16091,United Kingdom,en,
16092,United Kingdom,en,
16093,United Kingdom,en,
16094,United States,en,
16095,United States,en,
16096,United States,en,
16097,United States,en,
16098,United States,en,
16099,United States,en,
16100,United States,en,
16101,Russia,en,
16102,Canada,en,
16103,Italy,en,
16104,Belgium,en,
16105,France,en,
16106,Canada,en,
16107,United States,en,
16108,Canada,en,
16109,United States,en,
16110,United States,en,
16111,United States,en,
16112,Taiwan,zh,south
16113,Taiwan,zh,south
16114,United States,en,
16115,Canada,en,
16116,Canada,en,
16117,United States,en,
16118,Spain,en,
16119,Spain,en,
16120,Spain,en,
16121,Spain,en,
16122,Spain,en,
16123,Spain,en,
16124,United States,en,
16125,Australia,en,
16126,Spain,en,
16127,Spain,en,
16128,Malaysia,en,
16129,Denmark,en,
16130,Denmark,en,
16131,Denmark,en,
16132,Spain,en,
16133,Italy,en,
16134,United States,en,
16135,United States,en,
16136,United States,en,
16137,Slovakia,en,
16138,United States,en,
16139,United States,en,
16140,Turkey,en,
16141,,en,
16142,India,en,
16143,Latvia,en,
16144,Latvia,en,
16145,United States,en,
16146,Spain,en,
16147,United States,en,
16148,United States,en,
16149,Mexico,en,
16150,Australia,en,
16151,United States,en,
16152,Australia,en,
16153,Canada,en,
16154,Canada,en,
16155,Canada,en,
16156,Brazil,en,
16157,Italy,en,
16158,Philippines,en,
16159,Philippines,en,
16160,Philippines,en,
16161,China,zh,south
16162,Canada,en,
16163,Canada,en,
16164,Canada,en,
16165,United States,en,
16166,United States,en,
16167,Russia,en,
16168,Poland,en,
16169,Australia,en,
16170,United States,en,
16171,Spain,en,
16172,United States,en,
16173,United States,en,
16174,United States,en,
16175,United States,en,
16176,United States,en,
16177,United States,en,
16178,United States,en,
16179,Spain,en,
16180,Romania,en,
16181,Romania,en,
16182,Spain,en,
16183,United States,en,
16184,Latvia,en,
16185,Australia,en,
16186,Australia,en,
16187,Germany,en,
16188,United States,en,
16189,United States,en,
16190,United States,en,
16191,United States,en,
16192,United States,en,
16193,Bulgaria,en,
16194,United Kingdom,en,
16195,United Kingdom,en,
16196,United States,en,
16197,United States,en,
16198,United States,en,
16199,United States,en,
16200,United States,en,
16201,United States,en,
16202,United States,en,
16203,Estonia,en,
16204,Estonia,en,
16205,Estonia,en,
16206,Estonia,en,
16207,Pakistan,en,
16208,United Kingdom,en,
16209,United Kingdom,en,
16210,United States,en,
16211,United States,en,
16212,United States,en,
16213,United States,en,
16214,New Zealand,en,
16215,New Zealand,en,
16216,Germany,en,
16217,Germany,en,
16218,Netherlands,en,
16219,Netherlands,en,
16220,Spain,en,
16221,Netherlands,en,
16222,Netherlands,en,
16223,United States,en,
16224,France,en,
16225,United States,en,
16226,United States,en,
16227,United States,en,
16228,Japan,en,
16229,Japan,en,
16230,Canada,en,
16231,Canada,en,
16232,United States,en,
16233,United States,en,
16234,United Kingdom,en,
16235,United Kingdom,en,
16236,United States,en,
16237,United States,en,
16238,United States,en,
16239,United States,en,
16240,United States,en,
16241,Poland,en,
16242,Poland,en,
16243,Australia,en,
16244,United States,en,
16245,United States,en,
16246,United States,en,
16247,United States,en,
16248,United States,en,
16249,United Kingdom,en,
16250,United Kingdom,en,
16251,United States,en,
16252,United States,en,
16253,Germany,en,
16254,United States,en,
16255,United States,en,
16256,Portugal,en,
16257,Portugal,en,
16258,Germany,en,
16259,United States,en,
16260,United States,en,
16261,United States,en,
16262,France,en,
16263,Canada,en,
16264,Malaysia,en,
16265,Malaysia,en,
16266,Malaysia,en,
16267,Malaysia,en,
16268,Malaysia,en,
16269,Malaysia,en,
16270,Malaysia,en,
16271,Malaysia,en,
16272,Malaysia,en,
16273,Malaysia,en,
16274,Malaysia,en,
16275,Malaysia,en,
16276,United States,en,
16277,United States,en,
16278,United Kingdom,en,
16279,Malaysia,en,
16280,Malaysia,en,
16281,Malaysia,en,
16282,Australia,en,
16283,United States,en,
16284,United States,en,
16285,Canada,en,
16286,United Kingdom,en,
16287,United States,en,
16288,United States,en,
16289,United States,en,
16290,Germany,en,
16291,Australia,en,
16292,Canada,en,
16293,Canada,en,
16294,United States,en,
16295,United States,en,
16296,United States,en,
16297,United States,en,
16298,Australia,en,
16299,United States,en,
16300,United States,en,
16301,India,en,
16302,Canada,en,
16303,Italy,en,
16304,Brazil,en,
16305,Germany,en,
16306,Germany,en,
16307,United States,en,
16308,United States,en,
16309,United States,en,
16310,United States,en,
16311,United States,en,
16312,United States,en,
16313,United States,en,
16314,United States,en,
16315,United States,en,
16316,United States,en,
16317,United States,en,
16318,United States,en,
16319,United States,en,
16320,United States,en,
16321,United States,en,
16322,United States,en,
16323,Indonesia,en,
16324,Thailand,en,
16325,Thailand,en,
16326,Thailand,en,
16327,Thailand,en,
16328,Thailand,en,
16329,United States,en,
16330,United States,en,
16331,United States,en,
16332,United States,en,
16333,United States,en,
16334,United States,en,
16335,United States,en,
16336,United States,en,
16337,United States,en,
16338,United States,en,
16339,United States,en,
16340,United States,en,
16341,United States,en,
16342,United States,en,
16343,Germany,en,
16344,United States,en,
16345,United States,en,
16346,Germany,en,
16347,Canada,en,
16348,Canada,en,
16349,United States,en,
16350,United States,en,
16351,United States,en,
16352,United States,en,
16353,United States,en,
16354,United States,en,
16355,United States,en,
16356,United States,en,
16357,Japan,en,
16358,New Zealand,en,
16359,New Zealand,en,
16360,United Kingdom,en,
16361,United Kingdom,en,
16362,Japan,en,
16363,Spain,en,
16364,Spain,en,
16365,Spain,en,
16366,Spain,en,
16367,United States,en,
16368,United States,en,
16369,Armenia,en,
16370,France,en,
16371,Canada,en,
16372,United States,en,
16373,Spain,en,
16374,Spain,zh,
16375,Spain,zh,
16376,Spain,en,
16377,Spain,en,
16378,Spain,zh,
16379,United States,en,
16380,United States,en,
16381,United States,en,
16382,United States,en,
16383,United States,en,
16384,United States,en,
16385,United States,en,
16386,United States,en,
16387,United States,en,
16388,United States,en,
16389,United States,en,
16390,Kenya,en,
16391,United States,en,
16392,Kenya,en,
16393,United States,en,
16394,Kenya,en,
16395,Kenya,en,
16396,United States,en,
16397,United States,en,
16398,United States,en,
16399,United States,en,
16400,United States,en,
16401,United Kingdom,en,
16402,United Kingdom,en,
16403,United States,en,
16404,United States,en,
16405,United States,en,
16406,Kenya,en,
16407,United States,en,
16408,United Arab Emirates,en,
16409,United States,en,
16410,Kenya,en,
16411,Canada,en,
16412,Georgia,en,
16413,United States,en,
16414,United States,en,
16415,United States,en,
16416,United States,en,
16417,Denmark,en,
16418,Denmark,en,
16419,Russia,en,
16420,United States,en,
16421,United States,en,
16422,United States,en,
16423,United States,en,
16424,Singapore,en,
16425,United States,en,
16426,United States,en,
16427,Indonesia,en,
16428,Germany,en,
16429,Finland,en,
16430,Finland,en,
16431,United States,en,
16432,United States,en,
16433,United States,en,
16434,Ukraine,en,
16435,United States,en,
16436,United States,en,
16437,Canada,en,
16438,United States,en,
16439,Denmark,en,
16440,South Korea,ko,
16441,Pakistan,en,
16442,Malaysia,en,
16443,United States,en,
16444,Malaysia,en,
16445,United States,en,
16446,United States,en,
16447,United States,en,
16448,Malaysia,en,
16449,Germany,en,
16450,United States,en,
16451,Malaysia,en,
16452,United States,en,
16453,Malaysia,en,
16454,Australia,en,
16455,Malaysia,en,
16456,Malaysia,en,
16457,Pakistan,en,
16458,Pakistan,en,
16459,Pakistan,en,
16460,Pakistan,en,
16461,Pakistan,en,
16462,Pakistan,en,
16463,Pakistan,en,
16464,Pakistan,en,
16465,Malaysia,en,
16466,Malaysia,en,
16467,Netherlands,en,
16468,Pakistan,en,
16469,Malaysia,en,
16470,Germany,en,
16471,Serbia,en,
16472,United States,en,
16473,Pakistan,en,
16474,United States,en,
16475,United States,en,
16476,Pakistan,en,
16477,Pakistan,en,
16478,Pakistan,en,
16479,United States,en,
16480,United States,en,
16481,United States,en,
16482,United States,en,
16483,United States,en,
16484,United States,en,
16485,United States,en,
16486,United States,en,
16487,United States,en,
16488,United States,en,
16489,France,en,
16490,Indonesia,en,
16491,Belgium,en,
16492,Belgium,en,
16493,United States,en,
16494,United States,en,
16495,United States,en,
16496,United States,en,
16497,United States,en,
16498,United States,en,
16499,United States,en,
16500,United States,en,
16501,United States,en,
16502,Canada,en,
16503,Taiwan,zh,south
16504,Taiwan,zh,south
16505,United States,en,
16506,United States,en,
16507,United States,en,
16508,United States,en,
16509,United States,en,
16510,United States,en,
16511,United States,en,
16512,Egypt,en,
16513,Germany,en,
16514,Germany,en,
16515,Finland,en,
16516,United States,en,
16517,United States,en,
16518,Brazil,en,
16519,United States,en,
16520,United States,en,
16521,Armenia,en,
16522,Armenia,en,
16523,United States,en,
16524,United States,en,
16525,India,en,
16526,India,en,
16527,Spain,en,
16528,Spain,en,
16529,Germany,en,
16530,Germany,en,
16531,Germany,en,
16532,Germany,en,
16533,Germany,en,
16534,United States,en,
16535,Vietnam,en,
16536,United States,en,
16537,Vietnam,en,
16538,Vietnam,en,
16539,Vietnam,en,
16540,Vietnam,en,
16541,Australia,en,
16542,United Kingdom,en,
16543,United States,en,
16544,United States,en,
16545,Germany,en,
16546,United States,en,
16547,Czechia,en,
16548,Czechia,en,
16549,United States,en,
16550,United States,en,
16551,Czechia,en,
16552,Czechia,en,
16553,Colombia,en,
16554,Colombia,en,
16555,Colombia,en,
16556,Colombia,en,
16557,Colombia,en,
16558,Colombia,en,
16559,Colombia,en,
16560,Colombia,en,
16561,Colombia,fa,
16562,Colombia,ko,
16563,Colombia,zh,
16564,Colombia,en,
16565,United States,en,
16566,United States,en,
16567,United States,en,
16568,South Korea,ko,
16569,Colombia,en,
16570,United States,en,
16571,United States,en,
16572,Colombia,en,
16573,Colombia,en,
16574,Colombia,en,
16575,Colombia,en,
16576,Colombia,en,
16577,Czechia,en,
16578,Colombia,en,
16579,Germany,en,
16580,Colombia,en,
16581,United States,en,
16582,United States,en,
16583,Colombia,en,
16584,Indonesia,en,
16585,United States,en,
16586,United States,en,
16587,Colombia,en,
16588,Australia,en,
16589,Australia,en,
16590,Colombia,en,
16591,United States,en,
16592,United States,en,
16593,Australia,en,
16594,Spain,en,
16595,United States,en,
16596,Netherlands,en,
16597,United States,en,
16598,United States,en,
16599,Netherlands,en,
16600,United States,en,
16601,United Kingdom,en,
16602,United States,en,
16603,United States,en,
16604,United States,en,
16605,South Africa,en,
16606,United States,en,
16607,United States,en,
16608,United Kingdom,en,
16609,India,en,
16610,United Kingdom,en,
16611,United Kingdom,en,
16612,United Kingdom,en,
16613,United Kingdom,en,
16614,United Kingdom,en,
16615,United States,en,
16616,United States,en,
16617,United States,en,
16618,United Kingdom,en,
16619,Spain,en,
16620,Spain,en,
16621,United Kingdom,en,
16622,Spain,en,
16623,United States,en,
16624,United States,en,
16625,Netherlands,en,
16626,United States,en,
16627,United States,en,
16628,Brazil,en,
16629,Brazil,en,
16630,United States,en,
16631,United Kingdom,en,
16632,Russia,en,
16633,Australia,en,
16634,Germany,en,
16635,Israel,en,
16636,Israel,en,
16637,United Kingdom,en,
16638,United Kingdom,en,
16639,Colombia,en,
16640,Canada,en,
16641,China,zh,south
16642,China,zh,south
16643,United States,en,
16644,United States,ko,
16645,United States,en,
16646,United States,en,
16647,Australia,en,
16648,Australia,en,
16649,Germany,en,
16650,United Kingdom,en,
16651,United States,en,
16652,United States,en,
16653,Egypt,en,
16654,Egypt,en,
16655,United States,en,
16656,Russia,en,
16657,United States,en,
16658,United States,en,
16659,United States,en,
16660,United Kingdom,en,
16661,Russia,en,
16662,United States,en,
16663,United States,en,
16664,Australia,en,
16665,United States,en,
16666,Lithuania,en,
16667,United States,en,
16668,United States,en,
16669,United States,en,
16670,Australia,en,
16671,Germany,en,
16672,France,en,
16673,France,en,
16674,France,en,
16675,France,en,
16676,Germany,en,
16677,Poland,en,
16678,Australia,en,
16679,United States,en,
16680,United States,en,
16681,Ireland,en,
16682,Spain,en,
16683,Bulgaria,en,
16684,United States,en,
16685,United States,en,
16686,Australia,en,
16687,Australia,en,
16688,Spain,en,
16689,Spain,en,
16690,Greece,en,
16691,United Kingdom,en,
16692,Spain,en,
16693,Spain,en,
16694,Greece,en,
16695,Spain,en,
16696,Spain,en,
16697,United Kingdom,en,
16698,United Kingdom,en,
16699,Russia,en,
16700,United Kingdom,en,
16701,United Kingdom,en,
16702,Spain,en,
16703,Germany,en,
16704,Romania,en,
16705,Ireland,en,
16706,United Kingdom,en,
16707,Spain,en,
16708,Germany,en,
16709,Germany,en,
16710,Spain,en,
16711,Australia,en,
16712,Spain,en,
16713,Spain,en,
16714,Germany,en,
16715,Czechia,en,
16716,United States,en,
16717,Switzerland,en,
16718,Switzerland,en,
16719,Switzerland,en,
16720,Switzerland,en,
16721,United States,en,
16722,Germany,en,
16723,Germany,en,
16724,Germany,en,
16725,Iran,en,
16726,United States,en,
16727,United States,en,
16728,United States,en,
16729,United States,en,
16730,United States,en,
16731,United States,en,
16732,United Kingdom,en,
16733,India,en,
16734,United States,en,
16735,United States,en,
16736,United States,en,
16737,United States,en,
16738,United States,en,
16739,United States,en,
16740,United States,en,
16741,Australia,en,
16742,Australia,en,
16743,United States,en,
16744,United States,en,
16745,Germany,en,
16746,United States,en,
16747,United States,en,
16748,United States,en,
16749,United States,en,
16750,United States,en,
16751,South Korea,en,
16752,South Korea,en,
16753,United Kingdom,en,
16754,United Kingdom,en,
16755,United States,en,
16756,United Kingdom,en,
16757,Australia,en,
16758,South Korea,en,
16759,United States,en,
16760,United Kingdom,en,
16761,Australia,en,
16762,Australia,en,
16763,United States,en,
16764,Australia,en,
16765,United States,en,
16766,Germany,en,
16767,United Kingdom,en,
16768,United Kingdom,en,
16769,United States,en,
16770,United States,en,
16771,United States,en,
16772,United States,en,
16773,United States,en,
16774,United States,en,
16775,United States,en,
16776,United States,en,
16777,Germany,en,
16778,United States,en,
16779,Australia,en,
16780,United States,en,
16781,United States,en,
16782,Australia,en,
16783,United States,en,
16784,United States,en,
16785,United States,en,
16786,United States,en,
16787,Finland,en,
16788,United States,en,
16789,United States,en,
16790,United States,en,
16791,United States,en,
16792,Turkey,en,
16793,United States,en,
16794,Russia,en,
16795,United States,en,
16796,United States,en,
16797,United States,en,
16798,Egypt,en,
16799,Egypt,en,
16800,France,en,
16801,United Kingdom,en,
16802,Canada,en,
16803,United States,en,
16804,United States,en,
16805,United States,en,
16806,United Kingdom,en,
16807,Australia,en,
16808,United States,en,
16809,United States,en,
16810,United States,en,
16811,United States,en,
16812,Malaysia,en,
16813,United States,en,
16814,United States,en,
16815,United States,en,
16816,Germany,en,
16817,Chile,en,
16818,United States,en,
16819,Lithuania,en,
16820,Ukraine,en,
16821,United States,en,
16822,United States,en,
16823,United States,en,
16824,United States,en,
16825,United States,en,
16826,United States,en,
16827,United States,en,
16828,Germany,en,
16829,Russia,en,
16830,United States,en,
16831,United States,en,
16832,United States,en,
16833,United States,en,
16834,United States,en,
16835,United States,en,
16836,United States,en,
16837,South Korea,ko,
16838,South Korea,en,
16839,South Korea,en,
16840,South Korea,en,
16841,South Korea,en,
16842,South Korea,en,
16843,South Korea,en,
16844,South Korea,en,
16845,South Korea,en,
16846,South Korea,en,
16847,Australia,en,
16848,United States,en,
16849,United States,en,
16850,United States,en,
16851,United States,en,
16852,United States,en,
16853,Belgium,en,
16854,United States,en,
16855,United States,en,
16856,United States,en,
16857,United States,en,
16858,United States,en,
16859,United States,en,
16860,United States,en,
16861,Germany,en,
16862,Germany,en,
16863,United States,en,
16864,United States,en,
16865,United States,en,
16866,United States,en,
16867,United States,en,
16868,United States,en,
16869,United States,en,
16870,United States,en,
16871,Brazil,en,
16872,Australia,en,
16873,Australia,en,
16874,United States,en,
16875,United States,en,
16876,United States,en,
16877,Netherlands,en,
16878,Netherlands,en,
16879,Germany,en,
16880,India,en,
16881,United States,en,
16882,United States,en,
16883,United States,en,
16884,United States,en,
16885,United States,en,
16886,United States,en,
16887,United States,en,
16888,Australia,en,
16889,United States,en,
16890,Canada,en,
16891,United States,en,
16892,United States,en,
16893,United States,en,
16894,United States,en,
16895,France,en,
16896,United Kingdom,en,
16897,Portugal,en,
16898,United States,en,
16899,United States,en,
16900,United States,en,
16901,United States,en,
16902,United States,en,
16903,Australia,en,
16904,United States,en,
16905,United States,en,
16906,United States,en,
16907,Singapore,en,
16908,Singapore,en,
16909,Japan,en,
16910,Japan,en,
16911,Japan,en,
16912,Japan,en,
16913,India,en,
16914,Bolivia,en,
16915,France,en,
16916,Belgium,en,
16917,Belgium,en,
16918,Colombia,en,
16919,Colombia,en,
16920,United States,en,
16921,France,en,
16922,United States,en,
16923,United States,en,
16924,United States,en,
16925,United States,en,
16926,United States,en,
16927,United States,en,
16928,United States,en,
16929,Canada,en,
16930,Hong Kong,en,
16931,Hong Kong,en,
16932,United States,en,
16933,United States,en,
16934,United States,en,
16935,United States,en,
16936,United States,en,
16937,United States,en,
16938,Australia,en,
16939,United States,en,
16940,Spain,en,
16941,Brazil,en,
16942,Brazil,en,
16943,Germany,en,
16944,United States,en,
16945,United States,en,
16946,Australia,en,
16947,France,en,
16948,Italy,en,
16949,Czechia,en,
16950,Czechia,en,
16951,Czechia,en,
16952,Czechia,en,
16953,Eswatini,en,
16954,United Kingdom,en,
16955,Austria,zh,
16956,Austria,zh,
16957,United States,en,
16958,United States,en,
16959,United States,en,
16960,Canada,en,
16961,Canada,en,
16962,United Kingdom,en,
16963,Poland,en,
16964,Poland,en,
16965,United States,en,
16966,United States,en,
16967,United Kingdom,en,
16968,United States,en,
16969,United States,en,
16970,United States,en,
16971,India,en,
16972,United States,en,
16973,United States,en,
16974,United States,en,
16975,United States,en,
16976,United States,en,
16977,Bangladesh,en,
16978,United Kingdom,en,
16979,United Kingdom,en,
16980,Ukraine,en,
16981,Ukraine,en,
16982,France,en,
16983,United Kingdom,en,
16984,United States,en,
16985,United States,en,
16986,United States,en,
16987,United States,en,
16988,United States,en,
16989,United States,en,
16990,Australia,en,
16991,Pakistan,en,
16992,United States,en,
16993,Germany,en,
16994,United States,en,
16995,United States,en,
16996,United States,en,
16997,United States,en,
16998,United States,en,
16999,United States,en,
17000,United Kingdom,en,
17001,United Kingdom,en,
17002,United States,en,
17003,United States,en,
17004,United States,en,
17005,United States,en,
17006,United States,en,
17007,United States,en,
17008,United States,en,
17009,United States,en,
17010,United States,en,
17011,United States,en,
17012,United States,en,
17013,United States,en,
17014,United States,en,
17015,Hong Kong,en,
17016,United States,en,
17017,United States,en,
17018,United States,en,
17019,United States,en,
17020,United States,en,
17021,United States,en,
17022,United States,en,
17023,United States,en,
17024,United States,en,
17025,United States,en,
17026,United States,en,
17027,United States,en,
17028,Sweden,en,
17029,United States,en,
17030,United States,en,
17031,United States,en,
17032,United States,en,
17033,United States,en,
17034,United States,en,
17035,United States,en,
17036,Mexico,en,
17037,United States,en,
17038,United States,en,
17039,Russia,en,
17040,United States,en,
17041,United States,en,
17042,United States,en,
17043,United States,en,
17044,United States,en,
17045,United States,en,
17046,United States,en,
17047,United States,en,
17048,United States,en,
17049,United States,en,
17050,United States,en,
17051,United States,en,
17052,United States,en,
17053,United States,en,
17054,United States,en,
17055,United States,en,
17056,Ukraine,en,
17057,United States,en,
17058,United States,en,
17059,United States,en,
17060,United States,en,
17061,United States,en,
17062,United Kingdom,en,
17063,United Kingdom,en,
17064,United Kingdom,en,
17065,United Kingdom,en,
17066,United States,en,
17067,United States,en,
17068,United States,en,
17069,United States,en,
17070,United States,en,
17071,United States,en,
17072,United States,en,
17073,France,en,
17074,United States,en,
17075,United States,en,
17076,United States,en,
17077,United States,en,
17078,United States,en,
17079,United States,en,
17080,United States,en,
17081,United States,en,
17082,United States,en,
17083,United Kingdom,en,
17084,United Kingdom,en,
17085,United States,en,
17086,United States,en,
17087,United States,en,
17088,United States,en,
17089,United States,en,
17090,Romania,en,
17091,United States,en,
17092,United States,en,
17093,United States,en,
17094,United States,en,
17095,United Kingdom,en,
17096,United Kingdom,en,
17097,United States,en,
17098,France,en,
17099,United States,en,
17100,United States,en,
17101,Japan,en,
17102,Japan,en,
17103,Australia,en,
17104,Ukraine,en,
17105,United States,en,
17106,United States,en,
17107,Philippines,en,
17108,United States,en,
17109,Poland,en,
17110,Poland,en,
17111,United States,en,
17112,Germany,en,
17113,United States,en,
17114,United States,en,
17115,United States,en,
17116,United States,en,
17117,United States,en,
17118,United States,en,
17119,United States,en,
17120,South Korea,ko,
17121,United States,en,
17122,United States,en,
17123,South Africa,en,
17124,United Kingdom,en,
17125,United States,en,
17126,United States,en,
17127,Canada,en,
17128,Canada,en,
17129,Singapore,en,
17130,Singapore,en,
17131,Singapore,zh,
17132,Singapore,zh,
17133,Singapore,en,
17134,Singapore,en,
17135,Singapore,en,
17136,Singapore,en,
17137,Singapore,en,
17138,Singapore,en,
17139,Singapore,zh,
17140,Singapore,en,
17141,Singapore,en,
17142,Singapore,en,
17143,Singapore,en,
17144,Singapore,zh,
17145,Singapore,en,
17146,Singapore,en,
17147,Singapore,zh,
17148,Singapore,en,
17149,Singapore,zh,
17150,Singapore,zh,
17151,Singapore,en,
17152,Singapore,en,
17153,Singapore,en,
17154,Singapore,en,
17155,Singapore,zh,
17156,Singapore,en,
17157,Singapore,en,
17158,Singapore,en,
17159,Singapore,en,
17160,Singapore,en,
17161,Singapore,en,
17162,Singapore,en,
17163,Singapore,en,
17164,Singapore,en,
17165,Singapore,en,
17166,South Africa,en,
17167,South Africa,en,
17168,Singapore,en,
17169,Singapore,en,
17170,Singapore,en,
17171,United States,en,
17172,Singapore,en,
17173,Singapore,en,
17174,Singapore,en,
17175,United States,en,
17176,South Korea,ko,
17177,United States,en,
17178,United States,en,
17179,United States,en,
17180,United States,en,
17181,United States,en,
17182,Singapore,en,
17183,Pakistan,en,
17184,Singapore,en,
17185,United States,en,
17186,Germany,en,
17187,United States,en,
17188,Germany,en,
17189,Singapore,en,
17190,United States,en,
17191,United States,en,
17192,United States,en,
17193,United States,en,
17194,United States,en,
17195,Israel,en,
17196,Israel,en,
17197,United States,en,
17198,United States,en,
17199,United States,en,
17200,India,en,
17201,France,en,
17202,France,en,
17203,United States,en,
17204,United States,en,
17205,United States,en,
17206,Germany,en,
17207,Germany,en,
17208,Australia,en,
17209,United States,en,
17210,United States,en,
17211,South Africa,en,
17212,United Kingdom,en,
17213,Philippines,en,
17214,Philippines,en,
17215,United States,en,
17216,United States,en,
17217,Germany,en,
17218,Poland,en,
17219,United States,en,
17220,United Kingdom,en,
17221,United Kingdom,en,
17222,United States,en,
17223,United States,en,
17224,Canada,en,
17225,United States,en,
17226,United States,en,
17227,United States,en,
17228,Romania,en,
17229,United States,en,
17230,United States,en,
17231,Russia,en,
17232,United States,en,
17233,United States,en,
17234,Germany,en,
17235,Canada,en,
17236,Canada,en,
17237,United States,en,
17238,Canada,en,
17239,Malaysia,en,
17240,United States,en,
17241,United States,en,
17242,Mexico,en,
17243,United States,en,
17244,United States,en,
17245,United States,en,
17246,Malaysia,en,
17247,Germany,en,
17248,United States,en,
17249,United States,en,
17250,Indonesia,en,
17251,Indonesia,en,
17252,France,en,
17253,Brazil,en,
17254,United States,en,
17255,United States,en,
17256,United States,en,
17257,United States,en,
17258,Poland,en,
17259,Poland,en,
17260,United States,en,
17261,United States,en,
17262,Germany,en,
17263,Germany,en,
17264,United States,en,
17265,United States,en,
17266,Australia,en,
17267,Australia,en,
17268,South Korea,ko,
17269,Mongolia,en,
17270,United States,en,
17271,United States,en,
17272,South Korea,en,
17273,South Korea,en,
17274,Mongolia,en,
17275,South Africa,en,
17276,United Kingdom,en,
17277,Germany,en,
17278,United States,en,
17279,United States,en,
17280,United Kingdom,en,
17281,Singapore,en,
17282,Singapore,en,
17283,Singapore,en,
17284,Singapore,en,
17285,Canada,en,
17286,Canada,en,
17287,United States,en,
17288,United States,en,
17289,United States,en,
17290,Germany,en,
17291,United States,en,
17292,United States,en,
17293,United Kingdom,en,
17294,United States,en,
17295,France,en,
17296,France,en,
17297,Germany,en,
17298,Germany,en,
17299,Brazil,en,
17300,Germany,en,
17301,Germany,en,
17302,United States,en,
17303,United States,en,
17304,United States,en,
17305,Germany,ko,
17306,Germany,ko,
17307,Germany,ko,
17308,Germany,ko,
17309,Germany,ko,
17310,Germany,ko,
17311,Germany,ko,
17312,Germany,ko,
17313,Germany,ko,
17314,Germany,ko,
17315,Germany,ko,
17316,Germany,ko,
17317,Germany,ko,
17318,Germany,ko,
17319,Germany,ko,
17320,Germany,ko,
17321,Germany,ko,
17322,Germany,en,
17323,United States,en,
17324,United States,en,
17325,Turkey,en,
17326,Turkey,en,
17327,Canada,en,
17328,United States,en,
17329,Australia,en,
17330,United States,en,
17331,United States,en,
17332,Ireland,en,
17333,United States,en,
17334,United States,en,
17335,United States,en,
17336,United States,en,
17337,United States,en,
17338,United States,en,
17339,Australia,en,
17340,Russia,en,
17341,Russia,en,
17342,United States,en,
17343,United States,en,
17344,United States,en,
17345,United States,en,
17346,United States,en,
17347,United States,en,
17348,France,en,
17349,United States,en,
17350,United States,en,
17351,Philippines,en,
17352,Philippines,en,
17353,Malaysia,en,
17354,Malaysia,en,
17355,Canada,en,
17356,South Korea,ko,
17357,United Arab Emirates,en,
17358,Canada,en,
17359,Russia,en,
17360,Russia,en,
17361,India,en,
17362,India,en,
17363,United States,en,
17364,Poland,en,
17365,Germany,en,
17366,United States,en,
17367,Australia,en,
17368,Philippines,en,
17369,United Arab Emirates,en,
17370,United Arab Emirates,en,
17371,Australia,en,
17372,Singapore,en,
17373,Singapore,en,
17374,Netherlands,en,
17375,Germany,en,
17376,Canada,en,
17377,United States,en,
17378,Germany,en,
17379,France,en,
17380,United States,en,
17381,United States,en,
17382,United States,en,
17383,Malaysia,en,
17384,Malaysia,en,
17385,Malaysia,en,
17386,Ukraine,en,
17387,South Korea,en,
17388,Turkey,en,
17389,Turkey,en,
17390,United States,en,
17391,United States,en,
17392,Australia,en,
17393,United States,en,
17394,United States,en,
17395,United States,en,
17396,Germany,en,
17397,United States,en,
17398,United States,en,
17399,United States,en,
17400,Finland,en,
17401,Germany,en,
17402,United States,en,
17403,United States,en,
17404,United States,en,
17405,United States,en,
17406,United States,en,
17407,United States,en,
17408,United States,en,
17409,Germany,en,
17410,Philippines,en,
17411,United States,en,
17412,United States,en,
17413,United States,en,
17414,United Kingdom,en,
17415,United States,en,
17416,United States,en,
17417,United States,en,
17418,United States,en,
17419,United States,en,
17420,United States,en,
17421,South Korea,ko,
17422,Saudi Arabia,en,
17423,United States,en,
17424,United States,en,
17425,United States,en,
17426,United States,en,
17427,Finland,en,
17428,Finland,en,
17429,Finland,en,
17430,Philippines,en,
17431,United States,en,
17432,United States,en,
17433,Mongolia,en,
17434,Mongolia,en,
17435,Belgium,en,
17436,Poland,en,
17437,United States,en,
17438,United States,en,
17439,Eswatini,en,
17440,United States,en,
17441,United States,en,
17442,United States,en,
17443,Portugal,en,
17444,Malaysia,en,
17445,Nepal,en,
17446,Israel,en,
17447,Israel,en,
17448,Spain,en,
17449,Brazil,en,
17450,United States,en,
17451,United States,en,
17452,United States,en,
17453,France,en,
17454,France,en,
17455,United States,en,
17456,United States,en,
17457,United States,en,
17458,United States,en,
17459,United States,en,
17460,United States,en,
17461,United States,en,
17462,United States,en,
17463,United States,en,
17464,United States,en,
17465,United States,en,
17466,Argentina,en,
17467,Canada,en,
17468,Canada,en,
17469,United States,en,
17470,Australia,en,
17471,Thailand,en,
17472,Thailand,en,
17473,Germany,en,
17474,United States,en,
17475,Sweden,en,
17476,Sweden,en,
17477,Canada,en,
17478,Canada,en,
17479,Canada,en,
17480,Germany,en,
17481,South Korea,ko,
17482,Germany,en,
17483,Germany,en,
17484,South Korea,en,
17485,United States,en,
17486,France,en,
17487,France,en,
17488,France,en,
17489,France,en,
17490,South Africa,en,
17491,United States,en,
17492,United States,en,
17493,Thailand,en,
17494,United States,en,
17495,Japan,zh,
17496,Japan,en,
17497,Japan,en,
17498,Japan,en,
17499,Japan,en,
17500,United States,en,
17501,Japan,en,
17502,El Salvador,en,
17503,United States,en,
17504,Japan,en,
17505,Japan,en,
17506,Germany,en,
17507,Japan,en,
17508,United States,en,
17509,United States,en,
17510,United States,en,
17511,United States,en,
17512,South Korea,ko,
17513,United States,en,
17514,United States,en,
17515,United States,en,
17516,United States,en,
17517,United States,en,
17518,United States,en,
17519,United States,en,
17520,United States,en,
17521,United States,en,
17522,Germany,en,
17523,United States,en,
17524,France,en,
17525,Ukraine,en,
17526,Germany,en,
17527,United States,en,
17528,United States,en,
17529,United States,en,
17530,United States,en,
17531,United States,en,
17532,Colombia,en,
17533,United States,en,
17534,United States,en,
17535,United States,en,
17536,United States,en,
17537,United States,en,
17538,United States,en,
17539,Russia,en,
17540,United States,en,
17541,United States,en,
17542,United States,en,
17543,United States,en,
17544,United States,en,
17545,Austria,en,
17546,Austria,en,
17547,United States,en,
17548,United States,en,
17549,United States,en,
17550,United States,en,
17551,Canada,en,
17552,Greenland,en,
17553,United States,en,
17554,United States,en,
17555,United States,en,
17556,United States,en,
17557,United States,en,
17558,United States,en,
17559,United States,en,
17560,Hong Kong,zh,
17561,United States,en,
17562,United States,en,
17563,United States,en,
17564,United States,en,
17565,United States,en,
17566,United States,en,
17567,United States,en,
17568,Australia,en,
17569,Australia,en,
17570,Germany,en,
17571,United States,en,
17572,United States,en,
17573,United States,en,
17574,Colombia,en,
17575,United States,en,
17576,United States,en,
17577,United States,en,
17578,United States,en,
17579,United States,en,
17580,United States,en,
17581,United States,en,
17582,United States,en,
17583,United States,en,
17584,United States,en,
17585,United States,en,
17586,United States,en,
17587,United States,en,
17588,United States,en,
17589,Kazakhstan,en,
17590,Kazakhstan,en,
17591,United States,en,
17592,United States,en,
17593,United States,en,
17594,United States,en,
17595,United States,en,
17596,United States,en,
17597,United States,en,
17598,United States,en,
17599,United States,en,
17600,United States,en,
17601,United States,en,
17602,United States,en,
17603,United States,en,
17604,United States,en,
17605,United States,en,
17606,United States,en,
17607,United States,en,
17608,United States,en,
17609,United States,en,
17610,United States,en,
17611,United States,en,
17612,United States,en,
17613,United States,en,
17614,United States,en,
17615,United States,en,
17616,Iceland,en,
17617,United States,en,
17618,Russia,en,
17619,Malaysia,en,
17620,United States,en,
17621,United States,en,
17622,United States,en,
17623,United States,en,
17624,United States,en,
17625,Latvia,en,
17626,United States,en,
17627,Thailand,en,
17628,Thailand,en,
17629,United States,en,
17630,United States,en,
17631,United States,en,
17632,Germany,en,
17633,United States,en,
17634,United States,en,
17635,United States,en,
17636,United States,en,
17637,United States,en,
17638,United States,en,
17639,Norway,en,
17640,Italy,en,
17641,United States,en,
17642,United States,en,
17643,United States,en,
17644,United States,en,
17645,United Kingdom,en,
17646,United States,en,
17647,United States,en,
17648,United States,en,
17649,United States,en,
17650,United States,en,
17651,United States,en,
17652,United States,en,
17653,United States,en,
17654,United States,en,
17655,United States,en,
17656,Germany,en,
17657,Canada,en,
17658,United States,en,
17659,United States,en,
17660,United States,en,
17661,Spain,en,
17662,United States,en,
17663,United States,en,
17664,United States,en,
17665,United States,en,
17666,United States,en,
17667,United States,en,
17668,United States,en,
17669,United States,en,
17670,United States,en,
17671,United States,en,
17672,United States,en,
17673,Ecuador,en,
17674,United States,en,
17675,Germany,en,
17676,United States,en,
17677,United States,en,
17678,Lithuania,en,
17679,United States,en,
17680,United States,en,
17681,United States,en,
17682,United States,en,
17683,United States,en,
17684,United States,en,
17685,United States,en,
17686,Canada,en,
17687,Canada,en,
17688,Germany,en,
17689,Egypt,en,
17690,United States,en,
17691,United States,en,
17692,United States,en,
17693,United States,en,
17694,United States,en,
17695,Serbia,en,
17696,United States,en,
17697,United States,en,
17698,United States,en,
17699,United States,en,
17700,United States,en,
17701,United States,en,
17702,United States,en,
17703,United States,en,
17704,Germany,en,
17705,United States,en,
17706,United States,en,
17707,United States,en,
17708,United States,en,
17709,United States,en,
17710,United States,en,
17711,United States,en,
17712,United States,en,
17713,United States,en,
17714,United States,en,
17715,United States,en,
17716,United States,en,
17717,United States,en,
17718,United States,en,
17719,United States,en,
17720,United States,en,
17721,United States,en,
17722,United States,en,
17723,United States,en,
17724,United States,en,
17725,United States,en,
17726,United States,en,
17727,United Kingdom,en,
17728,United Kingdom,en,
17729,United States,en,
17730,United States,en,
17731,United States,en,
17732,United States,en,
17733,United Kingdom,en,
17734,United States,en,
17735,United States,en,
17736,United States,en,
17737,United States,en,
17738,United States,en,
17739,United States,en,
17740,United States,en,
17741,United States,en,
17742,United States,en,
17743,Nepal,en,
17744,Spain,en,
17745,Spain,en,
17746,United States,en,
17747,Malaysia,zh,
17748,United States,en,
17749,United States,en,
17750,United States,en,
17751,Romania,en,
17752,Romania,en,
17753,United States,en,
17754,United States,en,
17755,United States,en,
17756,United States,en,
17757,United States,en,
17758,United States,en,
17759,United States,en,
17760,Colombia,en,
17761,United States,en,
17762,United States,en,
17763,United States,en,
17764,United States,en,
17765,United States,en,
17766,United States,en,
17767,United States,en,
17768,United States,en,
17769,United States,en,
17770,United States,en,
17771,United States,en,
17772,South Korea,en,
17773,South Korea,en,
17774,South Korea,ko,
17775,Japan,en,
17776,Japan,en,
17777,South Korea,en,
17778,South Korea,ko,
17779,South Korea,ko,
17780,South Korea,ko,
17781,South Korea,ko,
17782,South Korea,ko,
17783,South Korea,ko,
17784,South Korea,ko,
17785,South Korea,ko,
17786,South Korea,ko,
17787,South Korea,ko,
17788,South Korea,ko,
17789,South Korea,ko,
17790,United States,ko,
17791,South Korea,ko,
17792,South Korea,ko,
17793,South Korea,ko,
17794,South Korea,ko,
17795,South Korea,ko,
17796,South Korea,ko,
17797,United States,en,
17798,South Korea,ko,
17799,South Korea,ko,
17800,South Korea,ko,
17801,South Korea,ko,
17802,South Korea,ko,
17803,Turkey,en,
17804,Turkey,en,
17805,India,en,
17806,India,en,
17807,Singapore,en,
17808,United States,en,
17809,United States,en,
17810,United States,en,
17811,United States,en,
17812,United States,en,
17813,Canada,en,
17814,Canada,en,
17815,Canada,en,
17816,Canada,en,
17817,Canada,en,
17818,Bangladesh,en,
17819,Brazil,en,
17820,Germany,en,
17821,Germany,en,
17822,United States,en,
17823,Canada,en,
17824,Bangladesh,en,
17825,France,en,
17826,Russia,en,
17827,United States,en,
17828,Russia,en,
17829,South Korea,ko,
17830,South Korea,ko,
17831,South Korea,ko,
17832,South Korea,ko,
17833,South Korea,ko,
17834,South Korea,ko,
17835,South Korea,ko,
17836,United States,en,
17837,United States,en,
17838,United States,en,
17839,Canada,en,
17840,France,en,
17841,Lithuania,en,
17842,Lithuania,en,
17843,United States,en,
17844,Honduras,en,
17845,United States,en,
17846,United States,en,
17847,Russia,en,
17848,Russia,en,
17849,Egypt,en,
17850,Egypt,en,
17851,Russia,en,
17852,Russia,en,
17853,United States,en,
17854,United States,en,
17855,United States,en,
17856,Germany,en,
17857,Germany,en,
17858,Germany,en,
17859,United States,en,
17860,United States,en,
17861,United States,en,
17862,Russia,en,
17863,Russia,en,
17864,United States,en,
17865,United States,en,
17866,United States,en,
17867,Russia,en,
17868,United States,en,
17869,United States,en,
17870,United States,en,
17871,United States,en,
17872,United States,en,
17873,United States,en,
17874,United States,en,
17875,Canada,en,
17876,United Kingdom,en,
17877,United Kingdom,en,
17878,United States,en,
17879,United Kingdom,en,
17880,United States,en,
17881,United States,en,
17882,United States,en,
17883,India,en,
17884,United States,en,
17885,United States,en,
17886,United States,en,
17887,United Kingdom,en,
17888,United States,en,
17889,United States,en,
17890,Kazakhstan,en,
17891,United States,en,
17892,Germany,en,
17893,United States,en,
17894,Turkey,en,
17895,United States,en,
17896,United States,en,
17897,Colombia,en,
17898,Colombia,en,
17899,Colombia,en,
17900,United States,en,
17901,United States,en,
17902,Germany,en,
17903,United States,en,
17904,Russia,en,
17905,United States,en,
17906,Poland,en,
17907,Russia,en,
17908,South Korea,en,
17909,South Korea,ko,
17910,United States,en,
17911,United States,en,
17912,Austria,en,
17913,Austria,en,
17914,United States,en,
17915,United States,en,
17916,United States,en,
17917,United States,en,
17918,United States,en,
17919,Azerbaijan,en,
17920,Azerbaijan,en,
17921,Sweden,en,
17922,Sweden,en,
17923,South Korea,en,
17924,South Korea,en,
17925,Russia,en,
17926,Vietnam,en,
17927,France,en,
17928,United States,en,
17929,United States,en,
17930,Netherlands,en,
17931,Germany,en,
17932,Germany,en,
17933,United States,en,
17934,United States,en,
17935,United States,en,
17936,Canada,en,
17937,United States,en,
17938,United States,en,
17939,United Kingdom,en,
17940,Russia,en,
17941,Germany,en,
17942,Russia,en,
17943,Russia,en,
17944,United States,en,
17945,United States,en,
17946,United States,en,
17947,United States,en,
17948,United States,en,
17949,Germany,en,
17950,United States,en,
17951,United States,en,
17952,United States,en,
17953,United States,en,
17954,United States,en,
17955,Canada,en,
17956,Canada,en,
17957,Russia,en,
17958,United States,en,
17959,Norway,en,
17960,Russia,en,
17961,Slovakia,en,
17962,Slovakia,en,
17963,United States,en,
17964,United States,en,
17965,United States,en,
17966,France,en,
17967,Germany,en,
17968,Russia,en,
17969,Hungary,en,
17970,United States,en,
17971,Singapore,en,
17972,United States,en,
17973,United States,en,
17974,United States,en,
17975,Brazil,en,
17976,United States,en,
17977,United States,en,
17978,United States,en,
17979,United States,en,
17980,United States,en,
17981,United States,en,
17982,United States,en,
17983,United States,en,
17984,United States,en,
17985,United States,en,
17986,United States,en,
17987,Costa Rica,en,
17988,Costa Rica,en,
17989,Costa Rica,en,
17990,United States,en,
17991,United States,en,
17992,United States,en,
17993,France,en,
17994,Russia,en,
17995,Poland,en,
17996,Russia,en,
17997,Ukraine,en,
17998,Australia,en,
17999,Denmark,en,
18000,Denmark,en,
18001,United States,en,
18002,United States,en,
18003,Germany,en,
18004,United States,en,
18005,United States,en,
18006,United States,en,
18007,United States,en,
18008,Poland,en,
18009,United States,en,
18010,United States,en,
18011,United States,en,
18012,United States,en,
18013,United States,en,
18014,United States,en,
18015,United States,en,
18016,Vietnam,en,
18017,United States,en,
18018,United States,en,
18019,United States,en,
18020,Netherlands,en,
18021,United States,en,
18022,Germany,en,
18023,Germany,en,
18024,United States,en,
18025,United States,en,
18026,United States,en,
18027,United States,en,
18028,United States,en,
18029,United States,en,
18030,Thailand,en,
18031,Thailand,en,
18032,United States,en,
18033,United States,en,
18034,United States,en,
18035,United Kingdom,en,
18036,Brazil,en,
18037,Germany,en,
18038,Thailand,en,
18039,United States,en,
18040,United States,en,
18041,United States,en,
18042,Canada,en,
18043,United States,en,
18044,United States,en,
18045,United States,en,
18046,United States,en,
18047,United States,en,
18048,United States,en,
18049,United States,en,
18050,United States,en,
18051,Germany,en,
18052,United States,en,
18053,United States,en,
18054,United States,en,
18055,United States,en,
18056,United States,en,
18057,United States,en,
18058,United States,en,
18059,United States,en,
18060,United States,en,
18061,United States,en,
18062,United States,en,
18063,United States,en,
18064,United States,en,
18065,United States,en,
18066,United States,en,
18067,United States,en,
18068,United States,en,
18069,United States,en,
18070,United States,en,
18071,United States,en,
18072,United States,en,
18073,United States,en,
18074,United States,en,
18075,United States,en,
18076,United States,en,
18077,United States,en,
18078,United States,en,
18079,United States,en,
18080,United Kingdom,en,
18081,United Kingdom,en,
18082,France,en,
18083,United States,en,
18084,United States,en,
18085,United States,en,
18086,United States,en,
18087,United States,en,
18088,United States,en,
18089,United States,en,
18090,Singapore,en,
18091,Singapore,en,
18092,Canada,en,
18093,United States,en,
18094,United States,en,
18095,United States,en,
18096,United States,en,
18097,United States,en,
18098,United States,en,
18099,United States,en,
18100,United States,en,
18101,United States,en,
18102,France,en,
18103,United States,en,
18104,United States,en,
18105,United States,en,
18106,United States,en,
18107,France,en,
18108,United States,en,
18109,United States,en,
18110,United States,en,
18111,United States,en,
18112,The Netherlands,en,
18113,United States,zh,
18114,United States,zh,
18115,United States,en,
18116,United States,en,
18117,United States,en,
18118,United States,en,
18119,United States,en,
18120,United States,en,
18121,United States,en,
18122,United States,en,
18123,United States,en,
18124,United States,en,
18125,United States,en,
18126,United States,en,
18127,United States,en,
18128,United States,zh,
18129,United States,zh,
18130,United States,zh,
18131,United States,zh,
18132,United States,en,
18133,United States,en,
18134,United States,en,
18135,India,en,
18136,United States,en,
18137,United States,en,
18138,South Korea,en,
18139,South Korea,en,
18140,France,en,
18141,United States,en,
18142,United States,en,
18143,United States,en,
18144,Norway,en,
18145,United States,en,
18146,United States,en,
18147,United States,en,
18148,United States,en,
18149,United States,en,
18150,France,en,
18151,France,en,
18152,France,en,
18153,United States,en,
18154,Albania,en,
18155,Germany,en,
18156,United States,en,
18157,United States,en,
18158,South Korea,en,
18159,France,en,
18160,France,en,
18161,Russia,en,
18162,United States,en,
18163,France,en,
18164,Russia,en,
18165,Taiwan,zh,south
18166,Canada,en,
18167,Indonesia,en,
18168,Saudi Arabia,en,
18169,Saudi Arabia,en,
18170,France,en,
18171,United States,en,
18172,Pakistan,en,
18173,Brazil,en,
18174,Brazil,en,
18175,Brazil,en,
18176,Russia,en,
18177,Spain,en,
18178,Canada,en,
18179,Canada,en,
18180,United States,en,
18181,United States,en,
18182,United States,en,
18183,United States,en,
18184,United States,en,
18185,United States,en,
18186,United States,en,
18187,United States,en,
18188,United States,en,
18189,United States,en,
18190,United States,en,
18191,France,en,
18192,United Kingdom,en,
18193,United States,en,
18194,United States,en,
18195,United States,en,
18196,United States,en,
18197,Brazil,en,
18198,Germany,en,
18199,United States,en,
18200,United States,en,
18201,United States,en,
18202,United States,en,
18203,United States,en,
18204,United States,en,
18205,United States,en,
18206,United States,en,
18207,United States,en,
18208,United States,en,
18209,United States,en,
18210,United States,en,
18211,United States,en,
18212,United States,en,
18213,United States,en,
18214,United States,en,
18215,Canada,en,
18216,United States,en,
18217,United States,en,
18218,Spain,en,
18219,Spain,en,
18220,United States,en,
18221,Germany,en,
18222,Germany,en,
18223,The Netherlands,en,
18224,France,en,
18225,Ukraine,en,
18226,United States,en,
18227,United States,en,
18228,United States,en,
18229,United States,en,
18230,United States,en,
18231,United States,en,
18232,United States,en,
18233,United States,en,
18234,United States,en,
18235,The Netherlands,en,
18236,The Netherlands,en,
18237,The Netherlands,en,
18238,The Netherlands,en,
18239,The Netherlands,en,
18240,The Netherlands,en,
18241,The Netherlands,en,
18242,The Netherlands,en,
18243,The Netherlands,en,
18244,The Netherlands,en,
18245,The Netherlands,en,
18246,The Netherlands,en,
18247,The Netherlands,en,
18248,The Netherlands,en,
18249,The Netherlands,en,
18250,The Netherlands,en,
18251,The Netherlands,en,
18252,The Netherlands,en,
18253,The Netherlands,en,
18254,The Netherlands,en,
18255,The Netherlands,fa,
18256,The Netherlands,en,
18257,The Netherlands,en,
18258,The Netherlands,en,
18259,The Netherlands,en,
18260,The Netherlands,en,
18261,United States,en,
18262,United States,en,
18263,Denmark,en,
18264,The Netherlands,en,
18265,The Netherlands,en,
18266,The Netherlands,en,
18267,The Netherlands,en,
18268,The Netherlands,en,
18269,The Netherlands,en,
18270,The Netherlands,en,
18271,The Netherlands,en,
18272,The Netherlands,en,
18273,The Netherlands,en,
18274,The Netherlands,en,
18275,The Netherlands,en,
18276,The Netherlands,en,
18277,The Netherlands,en,
18278,The Netherlands,en,
18279,The Netherlands,en,
18280,The Netherlands,en,
18281,The Netherlands,en,
18282,The Netherlands,en,
18283,The Netherlands,en,
18284,The Netherlands,en,
18285,The Netherlands,en,
18286,The Netherlands,en,
18287,The Netherlands,en,
18288,The Netherlands,en,
18289,The Netherlands,en,
18290,The Netherlands,en,
18291,The Netherlands,en,
18292,The Netherlands,en,
18293,The Netherlands,en,
18294,United States,en,
18295,United States,en,
18296,Albania,en,
18297,The Netherlands,en,
18298,United States,en,
18299,The Netherlands,en,
18300,Hong Kong,en,
18301,France,en,
18302,United States,en,
18303,United States,en,
18304,United States,en,
18305,The Netherlands,en,
18306,United States,en,
18307,United States,en,
18308,Sweden,en,
18309,United Kingdom,en,
18310,France,en,
18311,The Netherlands,en,
18312,United States,en,
18313,The Netherlands,en,
18314,Russia,en,
18315,United Kingdom,en,
18316,Argentina,en,
18317,United States,en,
18318,Russia,en,
18319,France,en,
18320,United States,en,
18321,United States,en,
18322,The Netherlands,en,
18323,The Netherlands,en,
18324,United States,en,
18325,United States,en,
18326,United States,en,
18327,United Kingdom,en,
18328,United Kingdom,en,
18329,Israel,en,
18330,France,en,
18331,United States,en,
18332,United States,en,
18333,United States,en,
18334,United States,en,
18335,United States,en,
18336,United States,en,
18337,United States,en,
18338,United States,en,
18339,United States,en,
18340,Russia,en,
18341,The Netherlands,en,
18342,The Netherlands,en,
18343,United States,en,
18344,United States,en,
18345,France,en,
18346,United States,en,
18347,United States,en,
18348,United States,en,
18349,United States,en,
18350,United States,en,
18351,United States,en,
18352,Denmark,en,
18353,France,en,
18354,United States,zh,
18355,Russia,en,
18356,France,en,
18357,Chile,en,
18358,United States,en,
18359,United States,en,
18360,China,zh,south
18361,France,en,
18362,Vietnam,en,
18363,United States,en,
18364,United States,en,
18365,Russia,en,
18366,United States,en,
18367,Kazakhstan,en,
18368,Kazakhstan,en,
18369,United States,en,
18370,United States,en,
18371,United States,en,
18372,United States,en,
18373,United States,en,
18374,Russia,en,
18375,United States,en,
18376,France,en,
18377,United States,en,
18378,Russia,en,
18379,United States,en,
18380,United States,en,
18381,United States,en,
18382,United States,en,
18383,United States,en,
18384,France,en,
18385,United States,en,
18386,France,en,
18387,Thailand,en,
18388,Thailand,en,
18389,Thailand,en,
18390,Russia,en,
18391,Thailand,en,
18392,Slovenia,en,
18393,France,en,
18394,United States,en,
18395,United States,en,
18396,United States,en,
18397,United States,en,
18398,United States,en,
18399,Hong Kong,zh,
18400,United States,en,
18401,United States,en,
18402,United States,en,
18403,Australia,en,
18404,Australia,en,
18405,United States,en,
18406,France,en,
18407,Ukraine,en,
18408,Ukraine,en,
18409,United States,en,
18410,United States,en,
18411,United States,en,
18412,United States,en,
18413,United States,en,
18414,France,en,
18415,United States,en,
18416,United States,en,
18417,United States,en,
18418,Russia,en,
18419,United States,en,
18420,United States,en,
18421,United States,en,
18422,United States,en,
18423,United States,en,
18424,United States,en,
18425,United States,zh,
18426,United States,en,
18427,United States,en,
18428,France,en,
18429,Austria,en,
18430,India,en,
18431,Germany,en,
18432,United States,en,
18433,United States,en,
18434,United States,en,
18435,United States,en,
18436,United States,en,
18437,United States,en,
18438,United States,en,
18439,United States,en,
18440,United States,en,
18441,United States,en,
18442,United States,en,
18443,France,en,
18444,United States,en,
18445,United States,en,
18446,United States,en,
18447,United States,en,
18448,United States,en,
18449,United States,en,
18450,Finland,en,
18451,United States,en,
18452,Russia,en,
18453,United States,en,
18454,United States,en,
18455,United States,en,
18456,United States,en,
18457,United States,en,
18458,United States,en,
18459,The Netherlands,en,
18460,United States,en,
18461,United States,en,
18462,France,en,
18463,United States,en,
18464,United States,en,
18465,United States,en,
18466,United States,en,
18467,United States,en,
18468,United States,en,
18469,United States,en,
18470,United States,en,
18471,United States,en,
18472,United States,en,
18473,United States,en,
18474,United States,en,
18475,United States,en,
18476,United States,en,
18477,Israel,en,
18478,United States,en,
18479,United States,en,
18480,United States,en,
18481,United States,en,
18482,China,zh,north
18483,United States,en,
18484,United States,en,
18485,China,zh,south
18486,United States,en,
18487,United States,en,
18488,United States,en,
18489,France,en,
18490,United States,en,
18491,United States,en,
18492,United States,en,
18493,United States,en,
18494,United States,en,
18495,United States,en,
18496,France,en,
18497,Russia,en,
18498,United States,en,
18499,France,en,
18500,Australia,en,
18501,Australia,en,
18502,United States,en,
18503,United States,en,
18504,France,en,
18505,France,en,
18506,France,en,
18507,Malaysia,en,
18508,United States,en,
18509,France,en,
18510,Australia,en,
18511,United States,en,
18512,United States,en,
18513,United States,en,
18514,United States,en,
18515,United States,en,
18516,Germany,en,
18517,Germany,en,
18518,United States,en,
18519,Indonesia,en,
18520,Indonesia,en,
18521,France,en,
18522,The Netherlands,en,
18523,Peru,en,
18524,Peru,en,
18525,France,en,
18526,United Kingdom,en,
18527,United Kingdom,en,
18528,Estonia,en,
18529,United States,en,
18530,United States,en,
18531,United States,en,
18532,China,zh,south
18533,China,zh,south
18534,United States,en,
18535,United States,en,
18536,France,en,
18537,Brazil,en,
18538,Brazil,en,
18539,Brazil,en,
18540,Brazil,en,
18541,Brazil,en,
18542,Brazil,en,
18543,Brazil,en,
18544,Brazil,en,
18545,Brazil,en,
18546,Brazil,en,
18547,Brazil,en,
18548,Brazil,en,
18549,Brazil,en,
18550,Brazil,en,
18551,Brazil,en,
18552,Brazil,en,
18553,Brazil,en,
18554,Brazil,en,
18555,Brazil,en,
18556,Brazil,en,
18557,Brazil,en,
18558,Brazil,en,
18559,Brazil,en,
18560,Brazil,en,
18561,Brazil,en,
18562,Brazil,en,
18563,France,en,
18564,United States,en,
18565,United States,en,
18566,United States,en,
18567,Brazil,en,
18568,Spain,en,
18569,Brazil,en,
18570,Brazil,en,
18571,Brazil,en,
18572,United States,en,
18573,United States,en,
18574,United States,en,
18575,Brazil,en,
18576,Brazil,en,
18577,Brazil,en,
18578,Brazil,en,
18579,Brazil,en,
18580,Brazil,en,
18581,Brazil,en,
18582,Brazil,en,
18583,Brazil,en,
18584,Brazil,en,
18585,Brazil,en,
18586,Brazil,en,
18587,Brazil,en,
18588,Brazil,en,
18589,Brazil,en,
18590,Brazil,en,
18591,Brazil,en,
18592,Brazil,en,
18593,Brazil,en,
18594,Brazil,en,
18595,Brazil,en,
18596,Brazil,en,
18597,Brazil,en,
18598,Brazil,en,
18599,Brazil,en,
18600,Brazil,en,
18601,Brazil,en,
18602,Brazil,en,
18603,Brazil,en,
18604,Brazil,en,
18605,Brazil,en,
18606,Brazil,en,
18607,Brazil,en,
18608,Brazil,en,
18609,Brazil,en,
18610,Brazil,en,
18611,Denmark,en,
18612,Brazil,en,
18613,Brazil,en,
18614,France,en,
18615,United States,en,
18616,United States,en,
18617,United States,en,
18618,United States,en,
18619,Spain,en,
18620,Brazil,en,
18621,Brazil,en,
18622,Brazil,en,
18623,Brazil,en,
18624,Brazil,en,
18625,Brazil,en,
18626,Brazil,en,
18627,Brazil,en,
18628,Malaysia,en,
18629,France,en,
18630,Brazil,en,
18631,Brazil,en,
18632,France,en,
18633,India,en,
18634,Denmark,en,
18635,Brazil,en,
18636,Brazil,en,
18637,United States,en,
18638,United States,en,
18639,United States,en,
18640,Brazil,en,
18641,Brazil,en,
18642,United States,en,
18643,United States,en,
18644,United States,en,
18645,France,en,
18646,Hong Kong,en,
18647,France,en,
18648,Belgium,en,
18649,Belgium,en,
18650,Belgium,en,
18651,France,en,
18652,United States,en,
18653,France,en,
18654,Czechia,en,
18655,France,en,
18656,Sweden,en,
18657,United States,en,
18658,United States,en,
18659,United States,en,
18660,United States,en,
18661,Armenia,en,
18662,Armenia,en,
18663,Armenia,en,
18664,Armenia,en,
18665,Serbia,en,
18666,Czechia,en,
18667,Czechia,en,
18668,United States,en,
18669,United States,en,
18670,France,en,
18671,Singapore,en,
18672,Philippines,en,
18673,United States,en,
18674,United Kingdom,en,
18675,France,en,
18676,Poland,en,
18677,Tunisia,en,
18678,Tunisia,en,
18679,France,en,
18680,Russia,en,
18681,Russia,en,
18682,United States,en,
18683,Canada,en,
18684,Norway,en,
18685,United Kingdom,en,
18686,United States,en,
18687,United States,en,
18688,United States,en,
18689,France,en,
18690,Japan,zh,
18691,Japan,zh,
18692,Japan,zh,
18693,Türkiye,zh,
18694,China,zh,south
18695,Japan,zh,
18696,Hong Kong,zh,
18697,Japan,zh,
18698,Singapore,zh,
18699,Hong Kong,zh,
18700,Canada,en,
18701,Canada,en,
18702,Hong Kong,zh,
18703,Hong Kong,zh,
18704,United States,ko,
18705,United States,ko,
18706,Hong Kong,zh,
18707,United States,en,
18708,Hong Kong,zh,
18709,France,en,
18710,United States,en,
18711,United States,en,
18712,United States,en,
18713,United States,en,
18714,United States,en,
18715,United States,en,
18716,United States,en,
18717,Estonia,en,
18718,United States,en,
18719,United States,en,
18720,Sweden,en,
18721,Sweden,en,
18722,United States,en,
18723,United States,en,
18724,United States,en,
18725,United States,en,
18726,United States,en,
18727,France,en,
18728,United States,en,
18729,France,en,
18730,South Korea,ko,
18731,France,en,
18732,France,en,
18733,France,en,
18734,Vietnam,en,
18735,Australia,en,
18736,Lithuania,en,
18737,France,en,
18738,United States,en,
18739,Hong Kong,en,
18740,United States,en,
18741,United States,en,
18742,France,en,
18743,United States,en,
18744,United States,en,
18745,United States,en,
18746,United States,en,
18747,Türkiye,en,
18748,United Kingdom,en,
18749,France,en,
18750,France,en,
18751,United States,en,
18752,United Kingdom,en,
18753,France,en,
18754,Norway,en,
18755,United States,en,
18756,Germany,en,
18757,India,en,
18758,Czechia,en,
18759,United States,en,
18760,United States,en,
18761,South Korea,ko,
18762,United Kingdom,en,
18763,United Kingdom,en,
18764,France,en,
18765,United States,en,
18766,Indonesia,en,
18767,Indonesia,en,
18768,Indonesia,en,
18769,Indonesia,en,
18770,Morocco,en,
18771,United States,en,
18772,China,zh,north
18773,United States,en,
18774,United States,en,
18775,United States,en,
18776,United States,en,
18777,United States,en,
18778,United States,en,
18779,Russia,en,
18780,United States,en,
18781,United States,en,
18782,United States,en,
18783,Hong Kong,zh,
18784,France,en,
18785,United States,en,
18786,Russia,en,
18787,Slovenia,en,
18788,United States,en,
18789,United States,en,
18790,United States,en,
18791,France,en,
18792,United States,en,
18793,United States,en,
18794,Russia,en,
18795,United States,en,
18796,Poland,en,
18797,United States,en,
18798,United States,en,
18799,France,en,
18800,United States,en,
18801,United States,en,
18802,United States,en,
18803,United States,en,
18804,United States,en,
18805,Germany,en,
18806,United States,en,
18807,United States,en,
18808,United States,en,
18809,United States,en,
18810,United States,en,
18811,United States,en,
18812,United States,en,
18813,India,en,
18814,India,en,
18815,Philippines,en,
18816,France,en,
18817,Colombia,en,
18818,United States,en,
18819,United States,en,
18820,Brazil,en,
18821,France,en,
18822,Brazil,en,
18823,United States,en,
18824,Mexico,en,
18825,France,en,
18826,United States,en,
18827,United States,en,
18828,United States,en,
18829,United Kingdom,en,
18830,United Kingdom,en,
18831,Hong Kong,zh,
18832,Luxembourg,en,
18833,Luxembourg,en,
18834,Luxembourg,en,
18835,India,en,
18836,India,en,
18837,United States,en,
18838,France,en,
18839,United States,en,
18840,United States,en,
18841,United States,en,
18842,New Zealand,en,
18843,New Zealand,en,
18844,New Zealand,en,
18845,Australia,en,
18846,United States,en,
18847,France,en,
18848,Belize,en,
18849,United States,en,
18850,United States,en,
18851,Malaysia,en,
18852,United States,en,
18853,United States,zh,
18854,United States,en,
18855,Australia,en,
18856,France,en,
18857,United States,en,
18858,United States,en,
18859,United States,en,
18860,United States,en,
18861,United States,zh,
18862,United States,en,
18863,Hungary,en,
18864,Japan,en,
18865,Japan,zh,
18866,Japan,zh,
18867,Japan,en,
18868,Japan,en,
18869,Japan,en,
18870,Taiwan,zh,south
18871,Japan,zh,
18872,Japan,zh,
18873,Japan,zh,
18874,Japan,zh,
18875,Taiwan,zh,south
18876,United States,en,
18877,United States,en,
18878,United States,en,
18879,United States,en,
18880,United States,en,
18881,United States,en,
18882,United States,en,
18883,United States,en,
18884,France,en,
18885,Spain,en,
18886,United States,en,
18887,United States,en,
18888,United States,en,
18889,United States,en,
18890,Ukraine,en,
18891,Ukraine,en,
18892,United States,en,
18893,United States,en,
18894,France,en,
18895,United States,en,
18896,United States,en,
18897,United States,en,
18898,United States,en,
18899,Italy,en,
18900,Russia,en,
18901,Poland,en,
18902,Poland,en,
18903,Türkiye,en,
18904,Russia,en,
18905,United States,en,
18906,United States,en,
18907,United States,en,
18908,France,en,
18909,Russia,en,
18910,United States,en,
18911,Russia,en,
18912,France,en,
18913,United States,en,
18914,France,en,
18915,United States,en,
18916,United States,en,
18917,United States,en,
18918,United States,en,
18919,Canada,en,
18920,Canada,en,
18921,United States,en,
18922,Russia,en,
18923,United States,en,
18924,United States,en,
18925,Germany,en,
18926,Germany,en,
18927,United States,en,
18928,United States,en,
18929,United States,en,
18930,United States,en,
18931,United States,en,
18932,United States,en,
18933,Morocco,en,
18934,United States,en,
18935,Russia,en,
18936,United States,en,
18937,United States,en,
18938,United States,en,
18939,United States,en,
18940,United States,en,
18941,United States,en,
18942,United States,en,
18943,United States,en,
18944,United States,en,
18945,United States,en,
18946,United States,en,
18947,United States,en,
18948,United States,en,
18949,United States,en,
18950,Poland,en,
18951,United States,en,
18952,United States,en,
18953,United States,en,
18954,United Kingdom,en,
18955,United States,en,
18956,United States,en,
18957,Australia,en,
18958,United States,en,
18959,Canada,en,
18960,Japan,zh,
18961,Japan,zh,
18962,Japan,zh,
18963,United States,en,
18964,France,en,
18965,United States,en,
18966,United States,en,
18967,United States,en,
18968,United States,en,
18969,United States,en,
18970,United States,en,
18971,United States,en,
18972,United States,en,
18973,United States,en,
18974,United States,en,
18975,United States,en,
18976,United States,en,
18977,United States,en,
18978,United States,en,
18979,United States,en,
18980,The Netherlands,en,
18981,The Netherlands,en,
18982,United States,en,
18983,United States,en,
18984,United States,en,
18985,United States,en,
18986,United States,en,
18987,United Kingdom,en,
18988,France,en,
18989,United States,en,
18990,United States,en,
18991,United States,en,
18992,United States,en,
18993,France,en,
18994,United States,en,
18995,China,zh,south
18996,Poland,en,
18997,United States,en,
18998,United States,en,
18999,Australia,en,
19000,Australia,en,
19001,United States,en,
19002,United States,en,
19003,Australia,en,
19004,Australia,en,
19005,United States,en,
19006,United States,en,
19007,France,en,
19008,United States,en,
19009,United States,en,
19010,United States,en,
19011,United States,en,
19012,United States,en,
19013,United States,en,
19014,United States,en,
19015,United States,en,
19016,United States,en,
19017,United States,en,
19018,United States,en,
19019,United States,en,
19020,United States,en,
19021,United States,en,
19022,United States,en,
19023,United States,en,
19024,United States,en,
19025,Brazil,en,
19026,France,en,
19027,United States,en,
19028,United States,en,
19029,Germany,en,
19030,Ukraine,en,
19031,Ukraine,en,
19032,Canada,en,
19033,United States,en,
19034,United States,en,
19035,Vietnam,en,
19036,Hong Kong,zh,
19037,China,zh,south
19038,United States,en,
19039,France,en,
19040,United States,en,
19041,United States,en,
19042,United States,en,
19043,France,en,
19044,France,en,
19045,United States,en,
19046,United States,en,
19047,United States,en,
19048,United States,en,
19049,United States,en,
19050,United States,en,
19051,United States,en,
19052,United States,en,
19053,United States,zh,
19054,United States,en,
19055,United States,en,
19056,United States,en,
19057,United States,en,
19058,United States,en,
19059,United States,en,
19060,United States,en,
19061,France,en,
19062,Finland,en,
19063,United States,en,
19064,United States,zh,
19065,United States,en,
19066,United States,en,
19067,United States,en,
19068,United States,en,
19069,United States,en,
19070,United States,zh,
19071,United States,zh,
19072,India,en,
19073,United States,en,
19074,United States,en,
19075,France,en,
19076,Germany,en,
19077,Germany,en,
19078,Germany,en,
19079,Kazakhstan,en,
19080,Germany,en,
19081,United Kingdom,zh,
19082,United States,en,
19083,United States,en,
19084,United Arab Emirates,en,
19085,United States,en,
19086,Ukraine,en,
19087,United States,en,
19088,Germany,en,
19089,United States,en,
19090,United States,en,
19091,United States,en,
19092,France,en,
19093,Malaysia,en,
19094,United States,en,
19095,United Kingdom,en,
19096,United Kingdom,en,
19097,Russia,en,
19098,Japan,en,
19099,United States,en,
19100,France,en,
19101,United States,en,
19102,United States,en,
19103,India,en,
19104,United States,en,
19105,United States,en,
19106,United States,en,
19107,France,en,
19108,United States,en,
19109,United States,en,
19110,Ukraine,en,
19111,United States,en,
19112,United States,en,
19113,Poland,en,
19114,United States,en,
19115,United States,en,
19116,United States,en,
19117,Germany,en,
19118,Germany,en,
19119,United States,en,
19120,France,en,
19121,United States,en,
19122,United States,en,
19123,United States,en,
19124,United States,en,
19125,Costa Rica,en,
19126,Costa Rica,en,
19127,Lithuania,en,
19128,France,en,
19129,United States,en,
19130,United States,en,
19131,Poland,en,
19132,United States,en,
19133,France,en,
19134,United States,en,
19135,United States,en,
19136,United States,en,
19137,United States,en,
19138,Brazil,en,
19139,France,en,
19140,Nigeria,en,
19141,Russia,en,
19142,Russia,en,
19143,France,en,
19144,Russia,en,
19145,Russia,en,
19146,Russia,en,
19147,Russia,en,
19148,United States,en,
19149,United States,en,
19150,United States,en,
19151,United States,en,
19152,United States,en,
19153,France,en,
19154,Romania,en,
19155,Vietnam,en,
19156,United States,en,
19157,United States,en,
19158,Brazil,en,
19159,Colombia,en,
19160,United States,en,
19161,Malaysia,en,
19162,Canada,en,
19163,United States,en,
19164,United States,en,
19165,United States,en,
19166,United States,en,
19167,United States,en,
19168,Russia,en,
19169,Türkiye,en,
19170,Hong Kong,zh,
19171,Kazakhstan,en,
19172,Kazakhstan,en,
19173,Poland,en,
19174,United States,en,
19175,New Zealand,en,
19176,United States,en,
19177,United States,en,
19178,Australia,en,
19179,Czechia,en,
19180,France,en,
19181,United States,en,
19182,United States,en,
19183,United States,en,
19184,United States,en,
19185,United States,en,
19186,Canada,en,
19187,France,en,
19188,United States,en,
19189,United States,en,
19190,Spain,en,
19191,United States,en,
19192,United States,en,
19193,United States,en,
19194,Sweden,en,
19195,United States,en,
19196,United States,en,
19197,United States,en,
19198,United States,en,
19199,United States,en,
19200,United States,en,
19201,United States,en,
19202,United States,en,
19203,United States,en,
19204,United States,en,
19205,United States,en,
19206,United States,en,
19207,United States,en,
19208,France,en,
19209,Norway,en,
19210,United States,en,
19211,United States,en,
19212,United States,en,
19213,Vietnam,en,
19214,United States,en,
19215,Poland,en,
19216,Hong Kong,zh,
19217,Türkiye,en,
19218,United States,en,
19219,France,en,
19220,United States,en,
19221,United States,en,
19222,United States,en,
19223,United States,en,
19224,United States,en,
19225,United States,fa,
19226,United States,en,
19227,United States,en,
19228,Poland,en,
19229,Poland,en,
19230,United States,en,
19231,United States,en,
19232,United States,en,
19233,Bulgaria,en,
19234,Bulgaria,en,
19235,United States,en,
19236,United States,en,
19237,Russia,en,
19238,Canada,en,
19239,United Kingdom,en,
19240,United Kingdom,en,
19241,United States,en,
19242,United States,en,
19243,United States,en,
19244,United States,en,
19245,United States,en,
19246,United States,en,
19247,United States,en,
19248,United States,en,
19249,United States,en,
19250,United States,en,
19251,United States,en,
19252,United States,en,
19253,United States,en,
19254,United States,en,
19255,United States,en,
19256,United States,en,
19257,United States,en,
19258,United States,en,
19259,United States,en,
19260,United States,en,
19261,United States,en,
19262,Russia,en,
19263,United States,en,
19264,France,en,
19265,United States,en,
19266,United States,en,
19267,United States,en,
19268,United States,en,
19269,United States,en,
19270,United States,en,
19271,United States,en,
19272,United States,en,
19273,United States,en,
19274,United States,en,
19275,United States,en,
19276,United States,en,
19277,United States,en,
19278,United States,en,
19279,United States,en,
19280,United States,en,
19281,Taiwan,zh,south
19282,United States,en,
19283,United States,en,
19284,United States,en,
19285,United States,en,
19286,United States,en,
19287,United States,en,
19288,United States,en,
19289,Bulgaria,en,
19290,United States,en,
19291,United States,en,
19292,United States,en,
19293,United States,en,
19294,United States,en,
19295,United States,en,
19296,Poland,en,
19297,Canada,en,
19298,United States,en,
19299,United States,en,
19300,United States,en,
19301,United States,en,
19302,United States,en,
19303,United States,en,
19304,United States,en,
19305,United States,en,
19306,United States,en,
19307,United States,en,
19308,United States,en,
19309,United States,en,
19310,United States,en,
19311,United States,en,
19312,United States,en,
19313,United States,en,
19314,United States,en,
19315,Canada,en,
19316,Canada,en,
19317,United States,en,
19318,United States,en,
19319,United States,en,
19320,United States,en,
19321,Belarus,en,
19322,Belarus,en,
19323,Bulgaria,en,
19324,United States,en,
19325,United States,en,
19326,United Kingdom,en,
19327,United Kingdom,en,
19328,Czechia,en,
19329,Czechia,en,
19330,United Kingdom,en,
19331,Czechia,en,
19332,United States,en,
19333,United States,en,
19334,United States,en,
19335,France,en,
19336,United States,en,
19337,Germany,en,
19338,United Kingdom,en,
19339,Germany,en,
19340,Germany,en,
19341,United States,en,
19342,United Kingdom,en,
19343,Bulgaria,en,
19344,Switzerland,en,
19345,Singapore,zh,
19346,United States,en,
19347,United States,en,
19348,United States,en,
19349,United States,en,
19350,United States,en,
19351,United States,en,
19352,United States,en,
19353,Singapore,en,
19354,United States,en,
19355,Switzerland,en,
19356,United States,en,
19357,United States,en,
19358,United States,en,
19359,United States,en,
19360,United States,en,
19361,United States,en,
19362,United States,en,
19363,United States,en,
19364,United States,en,
19365,United States,en,
19366,United States,en,
19367,United States,en,
19368,United States,en,
19369,United States,en,
19370,United States,en,
19371,United States,en,
19372,Finland,en,
19373,United States,en,
19374,United States,en,
19375,France,en,
19376,United States,en,
19377,United States,en,
19378,Canada,en,
19379,Canada,en,
19380,United States,en,
19381,United States,en,
19382,United States,en,
19383,United States,en,
19384,United States,en,
19385,United States,en,
19386,United States,zh,
19387,United States,zh,
19388,United States,en,
19389,United States,en,
19390,United States,en,
19391,United States,en,
19392,United States,en,
19393,United States,en,
19394,United States,en,
19395,United States,zh,
19396,Brazil,en,
19397,United States,en,
19398,Hong Kong,en,
19399,United States,en,
19400,United States,en,
19401,United States,en,
19402,United States,en,
19403,United States,en,
19404,United States,en,
19405,United States,en,
19406,United States,en,
19407,United States,en,
19408,United States,en,
19409,United States,en,
19410,United States,en,
19411,United States,en,
19412,United States,en,
19413,United States,en,
19414,United States,en,
19415,United States,en,
19416,United States,en,
19417,United States,en,
19418,United States,en,
19419,France,en,
19420,United States,en,
19421,United States,en,
19422,United States,en,
19423,United States,en,
19424,Ireland,en,
19425,Ireland,en,
19426,United States,en,
19427,United States,en,
19428,France,en,
19429,France,en,
19430,United States,en,
19431,Japan,en,
19432,Japan,en,
19433,United States,en,
19434,United States,en,
19435,United States,en,
19436,United States,en,
19437,Bahrain,en,
19438,Bahrain,en,
19439,United States,en,
19440,United States,en,
19441,United States,en,
19442,United States,en,
19443,United States,en,
19444,Bangladesh,en,
19445,United States,en,
19446,United States,en,
19447,United States,en,
19448,United States,en,
19449,Canada,en,
19450,France,en,
19451,United States,en,
19452,United States,en,
19453,United States,en,
19454,United States,en,
19455,United States,en,
19456,United States,en,
19457,United States,en,
19458,United States,en,
19459,United States,en,
19460,United States,en,
19461,United States,en,
19462,United States,en,
19463,United States,en,
19464,Russia,en,
19465,Italy,en,
19466,Israel,en,
19467,Uruguay,en,
19468,United States,en,
19469,United States,en,
19470,United States,en,
19471,United States,en,
19472,United States,en,
19473,United States,en,
19474,United States,en,
19475,Russia,en,
19476,France,en,
19477,France,en,
19478,France,en,
19479,France,en,
19480,France,en,
19481,United States,en,
19482,United States,en,
19483,United States,en,
19484,United States,en,
19485,United States,en,
19486,United States,en,
19487,United States,en,
19488,United States,en,
19489,United States,en,
19490,United States,en,
19491,United States,en,
19492,United States,en,
19493,France,en,
19494,United States,en,
19495,Switzerland,en,
19496,Switzerland,en,
19497,France,en,
19498,France,en,
19499,France,en,
19500,United States,en,
19501,France,en,
19502,United States,en,
19503,United States,en,
19504,Russia,en,
19505,United States,en,
19506,United States,en,
19507,United States,en,
19508,United States,en,
19509,United States,en,
19510,United Kingdom,en,
19511,United Kingdom,en,
19512,Germany,en,
19513,Argentina,en,
19514,Argentina,en,
19515,Germany,en,
19516,United States,ko,
19517,Argentina,en,
19518,Argentina,en,
19519,Argentina,en,
19520,United States,en,
19521,Canada,en,
19522,Canada,en,
19523,Canada,en,
19524,Canada,en,
19525,Germany,en,
19526,Germany,fa,
19527,Germany,en,
19528,Canada,en,
19529,Canada,en,
19530,United States,en,
19531,United States,en,
19532,Finland,en,
19533,Canada,en,
19534,United States,en,
19535,United States,en,
19536,United States,en,
19537,United States,en,
19538,Australia,en,
19539,United States,en,
19540,United States,en,
19541,United States,en,
19542,United States,en,
19543,United States,en,
19544,United States,en,
19545,United States,en,
19546,United States,en,
19547,United States,en,
19548,United States,en,
19549,Canada,en,
19550,Canada,en,
19551,France,en,
19552,United States,en,
19553,United States,en,
19554,United States,en,
19555,United States,en,
19556,United States,en,
19557,United States,en,
19558,United States,en,
19559,Mexico,en,
19560,United States,en,
19561,United States,en,
19562,United States,en,
19563,United States,en,
19564,United States,en,
19565,United States,en,
19566,United States,en,
19567,Georgia,en,
19568,United States,en,
19569,France,en,
19570,United States,en,
19571,United States,en,
19572,United States,en,
19573,United States,en,
19574,United States,en,
19575,United States,en,
19576,United States,en,
19577,United States,en,
19578,United States,en,
19579,United States,en,
19580,United States,en,
19581,United States,en,
19582,United States,en,
19583,United States,en,
19584,United States,en,
19585,United States,en,
19586,United States,en,
19587,United States,en,
19588,United States,en,
19589,United States,en,
19590,United States,en,
19591,United States,en,
19592,United States,en,
19593,United States,en,
19594,United States,en,
19595,France,en,
19596,Indonesia,en,
19597,United States,en,
19598,United States,en,
19599,United States,en,
19600,United States,en,
19601,United States,en,
19602,United States,en,
19603,United States,en,
19604,United States,en,
19605,United States,en,
19606,United States,en,
19607,United States,en,
19608,United States,en,
19609,United States,en,
19610,United States,en,
19611,United States,en,
19612,United States,en,
19613,United States,en,
19614,Germany,en,
19615,United States,en,
19616,United States,en,
19617,United States,en,
19618,United States,en,
19619,United States,en,
19620,United States,en,
19621,France,en,
19622,The Netherlands,en,
19623,The Netherlands,en,
19624,Hong Kong,zh,
19625,United States,en,
19626,Germany,en,
19627,United States,en,
19628,United States,en,
19629,United States,en,
19630,United States,en,
19631,United States,en,
19632,United States,en,
19633,United States,en,
19634,United States,en,
19635,South Korea,ko,
19636,United States,ko,
19637,United States,en,
19638,United States,en,
19639,United States,en,
19640,India,en,
19641,India,en,
19642,India,en,
19643,France,en,
19644,United States,en,
19645,United States,en,
19646,United States,en,
19647,United States,en,
19648,United States,en,
19649,United States,en,
19650,United States,en,
19651,India,en,
19652,United States,en,
19653,United States,en,
19654,United States,en,
19655,United States,en,
19656,Hong Kong,zh,
19657,United States,en,
19658,United States,en,
19659,France,en,
19660,United Arab Emirates,en,
19661,United States,en,
19662,United States,en,
19663,France,en,
19664,United States,en,
19665,Germany,en,
19666,Hong Kong,zh,
19667,United States,en,
19668,United States,en,
19669,United States,en,
19670,Spain,en,
19671,Israel,en,
19672,United States,en,
19673,United States,en,
19674,United States,en,
19675,United States,en,
19676,United States,en,
19677,Thailand,en,
19678,Russia,en,
19679,Hong Kong,zh,
19680,Hong Kong,zh,
19681,France,en,
19682,United States,en,
19683,United States,en,
19684,United States,en,
19685,Germany,en,
19686,United States,en,
19687,United States,en,
19688,United States,en,
19689,Hong Kong,zh,
19690,Hong Kong,zh,
19691,Italy,en,
19692,United States,zh,
19693,United States,en,
19694,Hong Kong,zh,
19695,Japan,zh,
19696,Japan,zh,
19697,Bosnia and Herzegovina,zh,
19698,Bosnia and Herzegovina,zh,
19699,United States,en,
19700,United States,en,
19701,Canada,en,
19702,China,zh,
19703,Japan,zh,
19704,Canada,en,
19705,Canada,en,
19706,Japan,en,
19707,Japan,en,
19708,Japan,zh,
19709,Japan,en,
19710,Japan,en,
19711,Japan,zh,
19712,Taiwan,zh,south
19713,Taiwan,zh,south
19714,Japan,zh,
19715,China,zh,south
19716,United States,en,
19717,United States,en,
19718,United States,en,
19719,Japan,zh,
19720,Poland,en,
19721,Poland,en,
19722,Argentina,en,
19723,Australia,zh,
19724,United States,en,
19725,Hong Kong,zh,
19726,Hong Kong,zh,
19727,Germany,en,
19728,United States,en,
19729,Poland,en,
19730,France,zh,
19731,South Korea,ko,
19732,South Korea,en,
19733,South Korea,en,
19734,South Korea,en,
19735,South Korea,en,
19736,South Korea,ko,
19737,South Korea,ko,
19738,South Korea,en,
19739,South Korea,en,
19740,South Korea,en,
19741,United States,zh,
19742,United States,zh,
19743,Argentina,en,
19744,United States,en,
19745,Canada,en,
19746,United States,en,
19747,United States,en,
19748,United States,en,
19749,United States,en,
19750,United States,en,
19751,United States,en,
19752,United States,en,
19753,United States,en,
19754,United States,en,
19755,United States,en,
19756,United States,en,
19757,United States,en,
19758,United States,en,
19759,United States,en,
19760,United States,en,
19761,United States,en,
19762,United States,en,
19763,United Kingdom,en,
19764,United Kingdom,en,
19765,Estonia,en,
19766,Australia,en,
19767,Australia,en,
19768,Canada,en,
19769,Canada,en,
19770,United Kingdom,en,
19771,Italy,en,
19772,Germany,en,
19773,Germany,en,
19774,The Netherlands,en,
19775,The Netherlands,en,
19776,Switzerland,en,
19777,Switzerland,en,
19778,Czechia,en,
19779,United States,en,
19780,United States,en,
19781,France,en,
19782,United Kingdom,en,
19783,United Kingdom,en,
19784,Latvia,en,
19785,Germany,en,
19786,United States,en,
19787,United States,en,
19788,Germany,en,
19789,United Kingdom,en,
19790,Germany,en,
19791,Germany,en,
19792,France,en,
19793,France,en,
19794,Belgium,en,
19795,United States,en,
19796,United Kingdom,en,
19797,Germany,en,
19798,United Kingdom,en,
19799,United States,en,
19800,United States,en,
19801,Switzerland,en,
19802,Switzerland,en,
19803,Switzerland,en,
19804,Switzerland,en,
19805,United States,en,
19806,United States,en,
19807,United States,en,
19808,United States,en,
19809,United States,en,
19810,United States,en,
19811,United States,en,
19812,United States,en,
19813,United States,en,
19814,United States,en,
19815,United States,en,
19816,United States,en,
19817,United States,en,
19818,United States,en,
19819,United States,en,
19820,Canada,en,
19821,Canada,en,
19822,Germany,en,
19823,Germany,en,
19824,Germany,en,
19825,United States,en,
19826,Germany,en,
19827,Germany,en,
19828,United States,en,
19829,Sweden,en,
19830,Germany,en,
19831,Singapore,en,
19832,Singapore,en,
19833,United States,en,
19834,United States,en,
19835,United States,en,
19836,United States,en,
19837,United States,en,
19838,Czechia,en,
19839,Czechia,en,
19840,United States,en,
19841,United States,en,
19842,Hong Kong,en,
19843,Hong Kong,en,
19844,Finland,en,
19845,United States,en,
19846,The Netherlands,en,
19847,United States,en,
19848,United States,en,
19849,United States,en,
19850,United States,en,
19851,United States,en,
19852,United States,en,
19853,Cyprus,en,
19854,Cyprus,en,
19855,Belgium,en,
19856,Belgium,en,
19857,France,en,
19858,France,en,
19859,United States,en,
19860,United States,en,
19861,Taiwan,en,south
19862,Taiwan,en,south
19863,Germany,en,
19864,Israel,en,
19865,Israel,en,
19866,United States,zh,
19867,New Zealand,en,
19868,New Zealand,en,
19869,United States,en,
19870,United States,en,
19871,United States,en,
19872,United States,en,
19873,United States,en,
19874,United States,en,
19875,United States,en,
19876,United States,en,
19877,United States,en,
19878,United States,en,
19879,United States,en,
19880,United States,en,
19881,United States,en,
19882,Slovakia,en,
19883,Slovakia,en,
19884,New Zealand,en,
19885,United States,en,
19886,United States,en,
19887,United States,en,
19888,Germany,en,
19889,Germany,en,
19890,Israel,en,
19891,United States,en,
19892,United States,en,
19893,Germany,en,
19894,United Kingdom,en,
19895,United States,en,
19896,United States,en,
19897,United States,en,
19898,United States,zh,
19899,United States,en,
19900,United States,en,
19901,United States,en,
19902,United States,en,
19903,United States,en,
19904,United States,en,
19905,Bangladesh,en,
19906,Brazil,en,
19907,United States,en,
19908,United States,en,
19909,United States,en,
19910,Germany,en,
19911,Germany,en,
19912,United Kingdom,en,
19913,United States,en,
19914,United States,en,
19915,Sweden,en,
19916,Sweden,en,
19917,United States,en,
19918,United States,en,
19919,United States,en,
19920,United States,en,
19921,United States,en,
19922,United States,en,
19923,Canada,en,
19924,Canada,en,
19925,Canada,en,
19926,Canada,en,
19927,United States,en,
19928,United States,en,
19929,United States,en,
19930,Germany,en,
19931,Singapore,en,
19932,Singapore,en,
19933,Singapore,en,
19934,United Kingdom,en,
19935,United States,en,
19936,United States,en,
19937,Ireland,en,
19938,Ireland,en,
19939,United States,en,
19940,United States,en,
19941,United States,en,
19942,United States,en,
19943,United States,en,
19944,United States,en,
19945,United States,en,
19946,United States,en,
19947,United States,en,
19948,United States,en,
19949,United States,en,
19950,United States,en,
19951,United States,en,
19952,United States,en,
19953,United States,zh,
19954,Canada,en,
19955,China,en,south
19956,China,zh,
19957,China,zh,
19958,China,zh,
19959,Japan,zh,
19960,United States,en,
19961,Germany,en,
19962,Germany,en,
19963,Germany,en,
19964,United States,en,
19965,Brazil,en,
19966,United States,en,
19967,United States,en,
19968,United States,en,
19969,United States,en,
19970,United States,en,
19971,United States,en,
19972,United States,en,
19973,United States,en,
19974,United States,en,
19975,United States,en,
19976,United States,en,
19977,Singapore,en,
19978,United States,en,
19979,United States,en,
19980,United States,en,
19981,Australia,en,
19982,United States,en,
19983,United Kingdom,en,
19984,United Kingdom,en,
19985,United States,en,
19986,United States,en,
19987,United States,en,
19988,Portugal,en,
19989,Portugal,en,
19990,Ukraine,en,
19991,United States,en,
19992,Australia,en,
19993,Australia,en,
19994,Australia,en,
19995,United States,en,
19996,Germany,en,
19997,United States,en,
19998,United States,en,
19999,United States,en,
20000,United States,en,
20001,United States,en,
20002,United States,en,
20003,United States,en,
20004,South Korea,ko,
20005,United States,en,
20006,China,en,south
20007,United States,en,
20008,Lithuania,en,
20009,Lithuania,en,
20010,United States,en,
20011,United States,en,
20012,South Africa,en,
20013,United States,en,
20014,United States,en,
20015,United States,en,
20016,Indonesia,en,
20017,United States,en,
20018,United States,en,
20019,United States,en,
20020,United States,en,
20021,United States,en,
20022,United States,en,
20023,United States,en,
20024,United States,en,
20025,United States,en,
20026,United States,en,
20027,Russia,en,
20028,Poland,en,
20029,Poland,en,
20030,United States,en,
20031,Poland,en,
20032,United States,en,
20033,United States,en,
20034,United States,en,
20035,United States,en,
20036,United States,en,
20037,United States,en,
20038,United States,en,
20039,United States,en,
20040,United States,en,
20041,United States,en,
20042,Hong Kong,en,
20043,United States,en,
20044,United States,en,
20045,United States,en,
20046,United States,en,
20047,United States,en,
20048,Germany,en,
20049,United States,en,
20050,Switzerland,en,
20051,Poland,en,
20052,Slovakia,en,
20053,Slovakia,en,
20054,Slovakia,en,
20055,Slovakia,en,
20056,United States,en,
20057,United States,en,
20058,United States,en,
20059,United States,en,
20060,United States,en,
20061,Slovakia,en,
20062,Israel,en,
20063,Israel,en,
20064,France,en,
20065,France,en,
20066,France,en,
20067,Lithuania,en,
20068,Lithuania,en,
20069,Poland,en,
20070,Poland,en,
20071,Poland,en,
20072,Poland,en,
20073,Lithuania,en,
20074,Lithuania,en,
20075,Poland,en,
20076,Poland,en,
20077,United States,en,
20078,United States,en,
20079,United States,en,
20080,United States,en,
20081,United States,en,
20082,Russia,en,
20083,Russia,en,
20084,United States,en,
20085,United States,en,
20086,Iran,en,
20087,Iran,en,
20088,Iran,en,
20089,Iran,en,
20090,United States,en,
20091,United States,en,
20092,United States,en,
20093,United States,en,
20094,United States,en,
20095,United States,en,
20096,Germany,en,
20097,United States,en,
20098,United States,en,
20099,United States,en,
20100,United States,en,
20101,United States,en,
20102,United States,en,
20103,Taiwan,en,south
20104,United States,en,
20105,Taiwan,en,south
20106,United States,en,
20107,United States,en,
20108,United States,en,
20109,Germany,en,
20110,Germany,en,
20111,United States,en,
20112,Taiwan,en,south
20113,Canada,en,
20114,Canada,en,
20115,Australia,en,
20116,France,en,
20117,France,en,
20118,United States,en,
20119,United States,en,
20120,Taiwan,en,south
20121,United States,en,
20122,Taiwan,en,south
20123,Taiwan,en,south
20124,Taiwan,zh,south
20125,United States,en,
20126,Canada,en,
20127,United States,en,
20128,Armenia,en,
20129,Armenia,en,
20130,Canada,en,
20131,United States,en,
20132,United States,en,
20133,Brazil,en,
20134,Germany,en,
20135,United States,en,
20136,United States,en,
20137,United States,en,
20138,United States,en,
20139,Australia,en,
20140,United States,en,
20141,United States,en,
20142,United States,en,
20143,United States,en,
20144,Sweden,en,
20145,United States,en,
20146,United States,en,
20147,United States,en,
20148,United States,en,
20149,United States,en,
20150,Poland,en,
20151,United States,en,
20152,Austria,en,
20153,Austria,en,
20154,United States,en,
20155,United States,en,
20156,United States,en,
20157,United States,en,
20158,United States,en,
20159,United States,en,
20160,United States,en,
20161,Germany,en,
20162,Germany,en,
20163,Russia,en,
20164,Switzerland,en,
20165,Switzerland,en,
20166,United States,en,
20167,United States,en,
20168,United States,en,
20169,United States,en,
20170,United States,en,
20171,United States,en,
20172,United States,en,
20173,United States,en,
20174,United States,en,
20175,United States,en,
20176,United States,en,
20177,United States,en,
20178,Russia,en,
20179,Germany,en,
20180,Germany,en,
20181,United States,en,
20182,Germany,en,
20183,Germany,en,
20184,Germany,en,
20185,United States,en,
20186,United States,en,
20187,United States,en,
20188,United States,en,
20189,Japan,zh,
20190,United States,en,
20191,United States,en,
20192,United States,en,
20193,United States,en,
20194,United States,en,
20195,United States,en,
20196,United States,en,
20197,United States,en,
20198,Mexico,en,
20199,Mexico,en,
20200,United States,en,
20201,United States,en,
20202,United States,en,
20203,Poland,en,
20204,United States,en,
20205,United States,en,
20206,United States,en,
20207,United States,en,
20208,Poland,en,
20209,United States,en,
20210,United States,en,
20211,United States,en,
20212,United States,en,
20213,Germany,en,
20214,Mexico,en,
20215,Japan,en,
20216,Japan,en,
20217,Japan,en,
20218,Japan,en,
20219,China,en,south
20220,Hong Kong,en,
20221,China,zh,south
20222,Poland,en,
20223,Poland,en,
20224,Poland,en,
20225,Poland,en,
20226,Poland,en,
20227,Poland,en,
20228,Poland,en,
20229,France,zh,
20230,United States,en,
20231,United States,en,
20232,United States,en,
20233,United States,en,
20234,United States,en,
20235,United States,en,
20236,Canada,en,
20237,Russia,en,
20238,Hong Kong,zh,
20239,Hong Kong,zh,
20240,Hong Kong,en,
20241,Hong Kong,zh,
20242,Hong Kong,en,
20243,Hong Kong,zh,
20244,Hong Kong,zh,
20245,United States,en,
20246,United States,en,
20247,United States,en,
20248,United States,en,
20249,United States,en,
20250,Taiwan,en,south
20251,Taiwan,zh,south
20252,China,zh,
20253,Taiwan,zh,south
20254,Taiwan,zh,south
20255,United States,en,
20256,United States,en,
20257,United States,en,
20258,United States,en,
20259,United States,en,
20260,Australia,en,
20261,Australia,en,
20262,Germany,en,
20263,United States,en,
20264,Croatia,en,
20265,Croatia,en,
20266,Hong Kong,zh,
20267,United States,en,
20268,France,en,
20269,United States,en,
20270,Spain,en,
20271,Spain,en,
20272,United States,en,
20273,Canada,en,
20274,Canada,en,
20275,United States,en,
20276,United States,en,
20277,United States,en,
20278,United Kingdom,en,
20279,United Kingdom,en,
20280,United States,en,
20281,United States,en,
20282,United States,en,
20283,United States,en,
20284,United States,en,
20285,United States,en,
20286,United States,en,
20287,United Kingdom,en,
20288,Israel,en,
20289,France,en,
20290,Norway,en,
20291,United States,en,
20292,United States,en,
20293,Japan,zh,
20294,Germany,en,
20295,United States,en,
20296,United States,en,
20297,United States,en,
20298,United States,en,
20299,United States,en,
20300,France,en,
20301,United States,en,
20302,United States,en,
20303,United States,en,
20304,Australia,en,
20305,United States,en,
20306,United States,en,
20307,Russia,en,
20308,Russia,en,
20309,South Korea,ko,
20310,South Korea,ko,
20311,Brazil,en,
20312,United States,en,
20313,United States,en,
20314,United States,en,
20315,U.S. Virgin Islands,en,
20316,U.S. Virgin Islands,en,
20317,United States,en,
20318,United States,en,
20319,Philippines,en,
20320,Russia,en,
20321,United States,en,
20322,United States,en,
20323,Finland,en,
20324,United States,en,
20325,United States,en,
20326,United States,en,
20327,Slovenia,en,
20328,Slovenia,en,
20329,France,en,
20330,United States,en,
20331,Hong Kong,zh,
20332,Egypt,en,
20333,United States,en,
20334,Denmark,en,
20335,Denmark,en,
20336,United States,en,
20337,Russia,en,
20338,United States,en,
20339,United States,en,
20340,Thailand,en,
20341,Australia,en,
20342,Germany,en,
20343,Bulgaria,en,
20344,Germany,en,
20345,Germany,en,
20346,United States,en,
20347,Poland,en,
20348,Poland,en,
20349,United States,en,
20350,United States,en,
20351,Poland,en,
20352,United States,en,
20353,United States,en,
20354,United States,en,
20355,United States,en,
20356,United States,en,
20357,United States,en,
20358,Russia,en,
20359,Sweden,en,
20360,United States,en,
20361,United States,en,
20362,United States,en,
20363,France,en,
20364,United States,en,
20365,United States,en,
20366,United States,en,
20367,Germany,en,
20368,Germany,en,
20369,Germany,en,
20370,United States,en,
20371,United States,en,
20372,United States,en,
20373,United States,en,
20374,Bulgaria,en,
20375,Finland,en,
20376,The Netherlands,en,
20377,The Netherlands,en,
20378,United States,en,
20379,New Zealand,en,
20380,United States,en,
20381,Australia,en,
20382,United States,en,
20383,Japan,en,
20384,United States,en,
20385,Norway,en,
20386,The Netherlands,en,
20387,United States,en,
20388,United States,en,
20389,United States,en,
20390,United States,en,
20391,Germany,en,
20392,United States,en,
20393,United States,en,
20394,United States,en,
20395,United States,en,
20396,Colombia,en,
20397,Colombia,en,
20398,United States,en,
20399,United States,en,
20400,United States,en,
20401,United States,en,
20402,Germany,en,
20403,Canada,en,
20404,United States,en,
20405,United States,en,
20406,France,en,
20407,Romania,en,
20408,France,en,
20409,United States,en,
20410,United States,en,
20411,Türkiye,en,
20412,Türkiye,en,
20413,United States,en,
20414,United States,en,
20415,United States,en,
20416,United States,en,
20417,United States,en,
20418,United States,en,
20419,United States,en,
20420,Canada,en,
20421,United States,en,
20422,United States,en,
20423,Malaysia,en,
20424,Russia,en,
20425,Russia,en,
20426,United States,en,
20427,United States,en,
20428,Spain,en,
20429,United States,en,
20430,United States,en,
20431,Hong Kong,en,
20432,United States,en,
20433,United Kingdom,en,
20434,Belgium,en,
20435,United States,en,
20436,Hong Kong,zh,
20437,Japan,zh,
20438,Japan,zh,
20439,Japan,zh,
20440,United States,en,
20441,United Kingdom,en,
20442,United States,en,
20443,United States,en,
20444,United States,en,
20445,United States,en,
20446,United States,en,
20447,Singapore,en,
20448,United Kingdom,en,
20449,Egypt,en,
20450,United States,en,
20451,United States,en,
20452,United States,en,
20453,United States,en,
20454,United States,en,
20455,United States,en,
20456,Singapore,en,
20457,United States,en,
20458,United States,en,
20459,United States,en,
20460,United States,en,
20461,United States,en,
20462,United States,en,
20463,United States,en,
20464,United States,en,
20465,Switzerland,en,
20466,Switzerland,en,
20467,United States,en,
20468,United States,en,
20469,Canada,en,
20470,United States,en,
20471,United States,en,
20472,South Korea,en,
20473,United States,en,
20474,United States,en,
20475,United States,en,
20476,United States,en,
20477,Finland,en,
20478,United States,en,
20479,France,en,
20480,France,en,
20481,France,en,
20482,United States,zh,
20483,Indonesia,en,
20484,France,en,
20485,France,en,
20486,United States,en,
20487,United States,en,
20488,United States,en,
20489,Sweden,en,
20490,Sweden,en,
20491,Russia,en,
20492,India,en,
20493,Singapore,en,
20494,Thailand,en,
20495,Thailand,en,
20496,Malaysia,en,
20497,Malaysia,en,
20498,Sweden,zh,
20499,Sweden,zh,
20500,United States,en,
20501,United States,en,
20502,United States,en,
20503,United States,en,
20504,United States,en,
20505,United States,en,
20506,United States,en,
20507,United States,en,
20508,United States,en,
20509,United States,en,
20510,United States,en,
20511,United States,en,
20512,United States,en,
20513,United States,en,
20514,United States,en,
20515,The Netherlands,en,
20516,United Kingdom,en,
20517,United Kingdom,en,
20518,United States,en,
20519,United States,en,
20520,United States,en,
20521,United States,en,
20522,United States,en,
20523,United States,en,
20524,Canada,en,
20525,United States,en,
20526,United States,en,
20527,United States,en,
20528,United States,en,
20529,United States,en,
20530,Czechia,en,
20531,United States,en,
20532,The Netherlands,en,
20533,The Netherlands,en,
20534,Poland,en,
20535,United States,en,
20536,United States,en,
20537,Philippines,en,
20538,United States,en,
20539,Canada,en,
20540,United States,en,
20541,United States,en,
20542,United States,en,
20543,United States,en,
20544,United States,en,
20545,Hong Kong,en,
20546,The Netherlands,en,
20547,The Netherlands,en,
20548,Spain,en,
20549,United States,en,
20550,United States,en,
20551,Canada,en,
20552,United States,en,
20553,United States,en,
20554,United States,en,
20555,United States,en,
20556,Singapore,en,
20557,United States,en,
20558,United States,en,
20559,United States,en,
20560,United States,en,
20561,United States,en,
20562,United States,en,
20563,United States,en,
20564,United States,en,
20565,United States,en,
20566,United States,en,
20567,United States,en,
20568,United States,en,
20569,United Kingdom,en,
20570,United Kingdom,en,
20571,United Kingdom,en,
20572,United States,en,
20573,United States,en,
20574,United States,en,
20575,United States,en,
20576,United States,en,
20577,United States,en,
20578,United States,en,
20579,United States,en,
20580,United States,en,
20581,United States,en,
20582,United States,en,
20583,Estonia,en,
20584,Sweden,zh,
20585,United States,en,
20586,United States,en,
20587,United States,en,
20588,United States,en,
20589,United States,en,
20590,United States,en,
20591,United States,en,
20592,United States,en,
20593,United States,en,
20594,United States,en,
20595,United States,en,
20596,United States,en,
20597,United States,en,
20598,United States,en,
20599,Germany,en,
20600,Germany,en,
20601,France,en,
20602,United States,en,
20603,United States,en,
20604,Russia,en,
20605,United States,en,
20606,United States,en,
20607,United States,en,
20608,Poland,en,
20609,United States,en,
20610,United States,en,
20611,United States,en,
20612,United States,en,
20613,United States,en,
20614,United States,en,
20615,United States,en,
20616,United States,en,
20617,United States,en,
20618,United States,en,
20619,United States,en,
20620,United States,en,
20621,United States,en,
20622,United States,en,
20623,United States,en,
20624,United States,en,
20625,United States,en,
20626,United States,en,
20627,United States,en,
20628,United States,en,
20629,Croatia,en,
20630,Croatia,en,
20631,United States,en,
20632,Sweden,en,
20633,United States,en,
20634,United States,en,
20635,United States,en,
20636,United States,en,
20637,United States,en,
20638,United States,en,
20639,United States,en,
20640,United States,en,
20641,United States,en,
20642,United States,en,
20643,Germany,en,
20644,Germany,en,
20645,Germany,en,
20646,United States,en,
20647,United States,en,
20648,United States,en,
20649,United States,en,
20650,United States,en,
20651,Singapore,en,
20652,Bulgaria,en,
20653,Italy,en,
20654,Spain,en,
20655,Spain,en,
20656,United States,en,
20657,United States,en,
20658,United States,en,
20659,United States,en,
20660,United States,en,
20661,United States,en,
20662,United States,en,
20663,United States,en,
20664,United States,en,
20665,Iraq,en,
20666,United States,en,
20667,United States,en,
20668,Russia,en,
20669,United States,en,
20670,United States,en,
20671,Nepal,en,
20672,United States,en,
20673,United States,en,
20674,United States,en,
20675,United States,en,
20676,United States,en,
20677,United States,en,
20678,Croatia,en,
20679,Croatia,en,
20680,United States,en,
20681,United States,en,
20682,United States,en,
20683,United States,en,
20684,United States,en,
20685,Vietnam,en,
20686,Russia,en,
20687,Spain,en,
20688,United States,en,
20689,United States,en,
20690,United States,en,
20691,United States,en,
20692,United States,en,
20693,Germany,en,
20694,Germany,en,
20695,United States,en,
20696,United States,en,
20697,Bulgaria,en,
20698,United States,en,
20699,United States,en,
20700,United States,en,
20701,United States,en,
20702,United States,en,
20703,Gibraltar,en,
20704,Gibraltar,en,
20705,United States,en,
20706,United States,en,
20707,United States,en,
20708,Russia,en,
20709,United States,en,
20710,Poland,en,
20711,United States,en,
20712,United States,en,
20713,United States,en,
20714,United States,en,
20715,United States,en,
20716,United States,en,
20717,United States,en,
20718,United States,en,
20719,United States,en,
20720,Serbia,en,
20721,Greece,en,
20722,Czechia,en,
20723,Germany,en,
20724,Singapore,en,
20725,United States,en,
20726,United Kingdom,en,
20727,United Kingdom,en,
20728,Germany,en,
20729,United States,en,
20730,United States,en,
20731,United States,en,
20732,France,en,
20733,France,en,
20734,United States,en,
20735,United States,en,
20736,United States,en,
20737,Brazil,en,
20738,Finland,en,
20739,United States,en,
20740,Russia,en,
20741,United States,en,
20742,United States,en,
20743,United States,en,
20744,United States,en,
20745,United Kingdom,en,
20746,United States,en,
20747,United States,en,
20748,United States,en,
20749,United States,en,
20750,United States,en,
20751,Malaysia,en,
20752,United States,en,
20753,Australia,en,
20754,Singapore,en,
20755,United States,en,
20756,United States,en,
20757,United States,en,
20758,Spain,en,
20759,United States,en,
20760,United States,en,
20761,United States,en,
20762,United States,en,
20763,United States,en,
20764,United States,en,
20765,Moldova,en,
20766,France,en,
20767,United States,en,
20768,United States,en,
20769,United States,en,
20770,United States,en,
20771,South Korea,en,
20772,Belgium,en,
20773,Belgium,en,
20774,United States,en,
20775,United States,en,
20776,Canada,en,
20777,United States,en,
20778,United States,en,
20779,United States,en,
20780,United States,en,
20781,United States,en,
20782,United States,en,
20783,United States,en,
20784,United States,en,
20785,United States,en,
20786,United States,en,
20787,United States,en,
20788,United States,en,
20789,United States,en,
20790,United States,en,
20791,United States,en,
20792,Singapore,en,
20793,Argentina,en,
20794,United States,en,
20795,United States,en,
20796,United States,en,
20797,United States,en,
20798,United States,en,
20799,United States,en,
20800,United States,en,
20801,United States,en,
20802,United States,en,
20803,United States,en,
20804,United States,en,
20805,United Kingdom,en,
20806,United Kingdom,en,
20807,United States,en,
20808,Spain,en,
20809,Spain,en,
20810,United States,en,
20811,United States,en,
20812,United States,en,
20813,United States,en,
20814,United States,en,
20815,Singapore,en,
20816,The Netherlands,en,
20817,United States,en,
20818,United States,en,
20819,United States,en,
20820,United States,en,
20821,United States,en,
20822,United States,en,
20823,Canada,en,
20824,United States,en,
20825,France,en,
20826,United States,en,
20827,United States,en,
20828,Singapore,en,
20829,Hong Kong,zh,
20830,Russia,en,
20831,Hungary,en,
20832,Hungary,en,
20833,Hungary,en,
20834,Hungary,en,
20835,Hungary,en,
20836,United States,en,
20837,United States,en,
20838,United States,en,
20839,United States,en,
20840,United States,en,
20841,United States,en,
20842,United States,en,
20843,United States,en,
20844,United States,en,
20845,United States,en,
20846,United States,en,
20847,United States,en,
20848,,en,
20849,Singapore,en,
20850,United States,en,
20851,United States,en,
20852,United States,en,
20853,United States,en,
20854,United States,en,
20855,United States,en,
20856,United States,en,
20857,Iraq,en,
20858,Mexico,en,
20859,Ireland,en,
20860,United States,en,
20861,United States,en,
20862,United States,en,
20863,United States,en,
20864,United States,en,
20865,United States,en,
20866,United States,en,
20867,United States,en,
20868,Mexico,en,
20869,United States,en,
20870,Canada,en,
20871,Canada,en,
20872,United States,en,
20873,United States,en,
20874,Germany,en,
20875,Germany,en,
20876,Russia,en,
20877,France,en,
20878,United States,en,
20879,United States,en,
20880,United States,en,
20881,United States,en,
20882,Russia,en,
20883,United States,en,
20884,Nigeria,en,
20885,United States,en,
20886,United States,en,
20887,United States,en,
20888,Canada,en,
20889,United States,en,
20890,United States,zh,
20891,Austria,en,
20892,Germany,en,
20893,United States,en,
20894,United States,en,
20895,United States,en,
20896,United States,en,
20897,United States,en,
20898,Russia,en,
20899,United States,en,
20900,Canada,en,
20901,United States,en,
20902,United States,en,
20903,United States,en,
20904,United States,zh,
20905,United States,zh,
20906,United States,en,
20907,United States,en,
20908,United States,zh,
20909,Hong Kong,zh,
20910,United States,zh,
20911,United States,en,
20912,United States,en,
20913,United States,en,
20914,Japan,zh,
20915,United States,en,
20916,United States,en,
20917,United States,en,
20918,India,en,
20919,India,en,
20920,India,en,
20921,Brazil,en,
20922,Bulgaria,en,
20923,Croatia,en,
20924,Croatia,en,
20925,China,zh,south
20926,South Korea,ko,
20927,United States,en,
20928,United States,en,
20929,United States,en,
20930,United States,en,
20931,United States,en,
20932,United States,en,
20933,United States,en,
20934,Argentina,en,
20935,United States,en,
20936,United States,en,
20937,United States,en,
20938,Sweden,en,
20939,Spain,en,
20940,Spain,en,
20941,Estonia,en,
20942,Canada,en,
20943,United States,en,
20944,United States,en,
20945,United States,en,
20946,United States,en,
20947,United States,en,
20948,United States,en,
20949,Mexico,en,
20950,Mexico,en,
20951,Bulgaria,en,
20952,Argentina,en,
20953,Argentina,en,
20954,United States,en,
20955,United States,en,
20956,United States,en,
20957,United States,en,
20958,United States,en,
20959,United States,en,
20960,United States,en,
20961,United States,en,
20962,United States,en,
20963,United States,en,
20964,United States,en,
20965,Morocco,en,
20966,United States,en,
20967,United States,en,
20968,United Kingdom,en,
20969,Hong Kong,en,
20970,Hong Kong,en,
20971,The Netherlands,en,
20972,The Netherlands,en,
20973,United States,en,
20974,Belgium,en,
20975,United States,en,
20976,United States,en,
20977,United States,en,
20978,Switzerland,en,
20979,Switzerland,en,
20980,Taiwan,zh,south
20981,Russia,en,
20982,United States,en,
20983,United States,en,
20984,Germany,en,
20985,France,en,
20986,United States,en,
20987,South Korea,en,
20988,South Korea,en,
20989,Germany,en,
20990,Germany,en,
20991,Canada,en,
20992,United States,en,
20993,United States,en,
20994,,en,
20995,Germany,en,
20996,United States,en,
20997,United States,en,
20998,Germany,en,
20999,United States,en,
21000,United States,en,
21001,Sweden,en,
21002,Australia,en,
21003,United States,en,
21004,United States,en,
21005,United States,en,
21006,Russia,en,
21007,United States,en,
21008,United States,en,
21009,United States,en,
21010,United States,en,
21011,United States,en,
21012,Sweden,en,
21013,Sweden,en,
21014,Sweden,en,
21015,Sweden,en,
21016,Sweden,en,
21017,Singapore,en,
21018,Singapore,en,
21019,Russia,en,
21020,United States,en,
21021,United States,en,
21022,United States,en,
21023,United States,en,
21024,United States,en,
21025,United States,en,
21026,North Macedonia,en,
21027,Singapore,en,
21028,Brazil,en,
21029,Hungary,en,
21030,Hungary,en,
21031,Russia,en,
21032,United States,en,
21033,United Kingdom,en,
21034,Russia,en,
21035,Austria,en,
21036,Austria,en,
21037,United States,en,
21038,United States,en,
21039,Indonesia,en,
21040,United States,en,
21041,United States,en,
21042,United States,en,
21043,United States,en,
21044,Japan,en,
21045,Hungary,en,
21046,Italy,en,
21047,United States,en,
21048,United States,en,
21049,Russia,en,
21050,Spain,en,
21051,Spain,en,
21052,United States,en,
21053,United States,en,
21054,Hong Kong,zh,
21055,Hong Kong,zh,
21056,Mexico,en,
21057,Mexico,en,
21058,Germany,zh,
21059,Germany,zh,
21060,United States,en,
21061,United States,en,
21062,United States,en,
21063,United States,en,
21064,United Kingdom,en,
21065,United Kingdom,en,
21066,United States,en,
21067,United States,en,
21068,Finland,en,
21069,United States,en,
21070,United States,en,
21071,United States,en,
21072,United States,en,
21073,United States,en,
21074,Germany,en,
21075,United States,en,
21076,Nigeria,en,
21077,Nigeria,en,
21078,United States,en,
21079,United States,en,
21080,United States,en,
21081,United States,en,
21082,Czechia,en,
21083,United States,en,
21084,United States,en,
21085,United States,en,
21086,United States,en,
21087,United States,en,
21088,United States,en,
21089,Thailand,en,
21090,Thailand,en,
21091,United States,en,
21092,United States,en,
21093,Morocco,en,
21094,United States,en,
21095,United States,en,
21096,United States,en,
21097,Philippines,en,
21098,Philippines,en,
21099,Philippines,en,
21100,Philippines,en,
21101,United States,en,
21102,New Zealand,en,
21103,New Zealand,en,
21104,United States,en,
21105,United States,en,
21106,United States,en,
21107,United States,en,
21108,United States,en,
21109,United States,en,
21110,United States,en,
21111,United States,en,
21112,United States,en,
21113,United States,en,
21114,United States,en,
21115,United States,en,
21116,United States,en,
21117,United States,en,
21118,United States,en,
21119,United States,en,
21120,Canada,en,
21121,Canada,en,
21122,United States,en,
21123,United States,en,
21124,United States,en,
21125,United States,en,
21126,Bosnia and Herzegovina,en,
21127,Austria,en,
21128,Austria,en,
21129,United States,en,
21130,United States,en,
21131,United States,en,
21132,United States,en,
21133,United States,en,
21134,United States,en,
21135,Germany,en,
21136,United States,en,
21137,United States,en,
21138,United States,en,
21139,Indonesia,en,
21140,United States,en,
21141,United States,en,
21142,United States,en,
21143,United States,en,
21144,United States,en,
21145,United States,en,
21146,United States,en,
21147,United States,en,
21148,United States,en,
21149,France,en,
21150,United States,en,
21151,United States,en,
21152,United States,en,
21153,United States,en,
21154,United States,en,
21155,United States,en,
21156,United States,en,
21157,United States,en,
21158,United States,en,
21159,United States,en,
21160,United States,en,
21161,United States,en,
21162,United States,en,
21163,United States,en,
21164,United States,en,
21165,United States,en,
21166,United States,en,
21167,United States,en,
21168,United States,en,
21169,United States,en,
21170,United States,en,
21171,United States,en,
21172,United States,en,
21173,United States,en,
21174,United States,en,
21175,United States,en,
21176,United States,en,
21177,Denmark,en,
21178,Denmark,en,
21179,Poland,en,
21180,United States,en,
21181,United States,en,
21182,United States,en,
21183,United States,en,
21184,United States,en,
21185,United States,en,
21186,United States,en,
21187,United States,en,
21188,United States,en,
21189,United States,en,
21190,United States,en,
21191,United States,en,
21192,United States,en,
21193,United States,en,
21194,United States,en,
21195,United States,zh,
21196,United States,zh,
21197,Hong Kong,en,
21198,United States,zh,
21199,United States,zh,
21200,United States,zh,
21201,United States,en,
21202,Japan,zh,
21203,United States,zh,
21204,Japan,zh,
21205,Japan,zh,
21206,United States,zh,
21207,Singapore,zh,
21208,Singapore,en,
21209,Hong Kong,zh,
21210,Japan,en,
21211,Japan,en,
21212,Japan,zh,
21213,Japan,zh,
21214,United States,en,
21215,Germany,en,
21216,United States,en,
21217,United States,en,
21218,United States,en,
21219,United States,en,
21220,United States,en,
21221,United States,en,
21222,United States,en,
21223,United States,en,
21224,United States,en,
21225,Ukraine,en,
21226,United States,en,
21227,United States,en,
21228,United States,en,
21229,United States,en,
21230,United States,en,
21231,United States,en,
21232,United States,en,
21233,United States,en,
21234,United States,en,
21235,United States,en,
21236,United States,en,
21237,United States,en,
21238,United States,en,
21239,United States,en,
21240,United States,en,
21241,United States,en,
21242,United States,en,
21243,Kenya,en,
21244,Kenya,en,
21245,United States,en,
21246,United States,en,
21247,France,en,
21248,France,en,
21249,United States,en,
21250,United States,en,
21251,United States,en,
21252,United States,en,
21253,India,en,
21254,United States,en,
21255,United States,en,
21256,United States,en,
21257,United States,en,
21258,United States,en,
21259,United States,en,
21260,United States,en,
21261,United States,en,
21262,Spain,en,
21263,United States,en,
21264,United States,en,
21265,United States,en,
21266,United States,en,
21267,United States,en,
21268,United States,en,
21269,Germany,en,
21270,United States,en,
21271,United States,en,
21272,United States,en,
21273,United States,en,
21274,United States,en,
21275,United States,en,
21276,United States,en,
21277,United States,en,
21278,United States,en,
21279,United States,en,
21280,United States,en,
21281,United States,en,
21282,United States,en,
21283,United States,en,
21284,United States,en,
21285,United States,en,
21286,United States,en,
21287,United States,en,
21288,United States,en,
21289,United States,en,
21290,United States,en,
21291,United States,en,
21292,United States,en,
21293,United States,en,
21294,United States,en,
21295,Sweden,en,
21296,Sweden,en,
21297,United States,en,
21298,United States,en,
21299,United States,zh,
21300,United States,en,
21301,United States,en,
21302,Germany,en,
21303,Germany,en,
21304,Germany,en,
21305,United States,en,
21306,United States,en,
21307,United States,en,
21308,Japan,en,
21309,United States,en,
21310,United States,en,
21311,United States,en,
21312,United States,en,
21313,United States,en,
21314,United States,en,
21315,United States,en,
21316,United States,en,
21317,United States,en,
21318,United States,en,
21319,United States,en,
21320,United States,en,
21321,United States,en,
21322,Hong Kong,zh,
21323,Poland,en,
21324,Hong Kong,zh,
21325,United States,zh,
21326,United States,zh,
21327,United States,en,
21328,United States,en,
21329,United States,en,
21330,United States,en,
21331,United States,en,
21332,United States,en,
21333,Russia,en,
21334,Indonesia,en,
21335,Taiwan,zh,south
21336,United States,en,
21337,United States,en,
21338,The Netherlands,en,
21339,The Netherlands,en,
21340,United States,en,
21341,United States,en,
21342,United States,en,
21343,United Kingdom,en,
21344,United Kingdom,en,
21345,United States,en,
21346,United States,en,
21347,United States,en,
21348,Belgium,en,
21349,Belgium,en,
21350,United States,en,
21351,United States,en,
21352,United Kingdom,en,
21353,United States,en,
21354,United States,en,
21355,United States,en,
21356,United States,en,
21357,United States,zh,
21358,United States,en,
21359,United States,en,
21360,United States,en,
21361,United States,zh,
21362,United States,en,
21363,Germany,en,
21364,Italy,en,
21365,United States,en,
21366,Austria,en,
21367,Austria,en,
21368,United States,en,
21369,United States,en,
21370,Slovakia,en,
21371,Slovakia,en,
21372,United States,en,
21373,Portugal,en,
21374,Portugal,en,
21375,Pakistan,en,
21376,Poland,en,
21377,Poland,en,
21378,United States,en,
21379,United States,en,
21380,United States,en,
21381,United States,en,
21382,United States,en,
21383,Philippines,en,
21384,United States,zh,
21385,United States,zh,
21386,United States,en,
21387,United States,en,
21388,United States,en,
21389,Mongolia,en,
21390,United States,en,
21391,United States,en,
21392,United States,en,
21393,United States,en,
21394,United States,en,
21395,United States,en,
21396,United States,en,
21397,United States,en,
21398,United States,en,
21399,United States,en,
21400,United States,en,
21401,Germany,en,
21402,United States,en,
21403,United States,en,
21404,United States,en,
21405,United States,en,
21406,Brazil,en,
21407,United States,en,
21408,United States,zh,
21409,United States,en,
21410,United States,en,
21411,United States,en,
21412,Philippines,en,
21413,The Netherlands,en,
21414,Spain,en,
21415,Denmark,en,
21416,United States,en,
21417,United States,en,
21418,United States,en,
21419,United States,en,
21420,United States,en,
21421,United States,en,
21422,United States,en,
21423,United States,en,
21424,Spain,en,
21425,United States,en,
21426,United States,en,
21427,United States,en,
21428,United States,en,
21429,United States,en,
21430,United States,en,
21431,United States,en,
21432,United States,en,
21433,United States,en,
21434,United States,en,
21435,United States,en,
21436,United States,en,
21437,United States,en,
21438,United States,en,
21439,United States,en,
21440,United States,en,
21441,United States,en,
21442,United States,en,
21443,United Kingdom,en,
21444,United States,en,
21445,Germany,en,
21446,Germany,en,
21447,Ireland,en,
21448,Ireland,en,
21449,United States,en,
21450,Spain,en,
21451,United States,en,
21452,United States,en,
21453,United States,en,
21454,Spain,en,
21455,Spain,en,
21456,Spain,en,
21457,United States,en,
21458,Russia,en,
21459,Lithuania,en,
21460,United States,en,
21461,United States,en,
21462,United States,en,
21463,Lithuania,en,
21464,United States,en,
21465,Germany,en,
21466,Germany,en,
21467,Switzerland,en,
21468,Switzerland,en,
21469,Germany,en,
21470,Germany,en,
21471,United States,en,
21472,United States,en,
21473,Germany,en,
21474,Germany,en,
21475,United States,en,
21476,Japan,zh,
21477,United States,en,
21478,Serbia,en,
21479,United States,en,
21480,United States,en,
21481,United States,en,
21482,United States,en,
21483,United States,en,
21484,Belgium,en,
21485,United States,en,
21486,Philippines,en,
21487,United States,en,
21488,United States,en,
21489,United States,zh,
21490,United States,en,
21491,United States,en,
21492,United States,en,
21493,United States,en,
21494,Canada,en,
21495,Canada,en,
21496,Czechia,zh,
21497,Sweden,en,
21498,United States,en,
21499,United States,en,
21500,United States,en,
21501,United States,en,
21502,United States,en,
21503,United States,en,
21504,United States,en,
21505,United States,en,
21506,United States,en,
21507,United States,en,
21508,Philippines,en,
21509,Philippines,en,
21510,Philippines,en,
21511,United States,en,
21512,Hong Kong,zh,
21513,Hong Kong,zh,
21514,Hong Kong,zh,
21515,Hong Kong,zh,
21516,United States,en,
21517,United States,en,
21518,Australia,en,
21519,United States,en,
21520,Thailand,en,
21521,United States,en,
21522,Thailand,en,
21523,Switzerland,en,
21524,United States,en,
21525,France,en,
21526,France,en,
21527,United States,en,
21528,United States,en,
21529,United States,ko,
21530,Türkiye,en,
21531,France,en,
21532,United States,en,
21533,United States,en,
21534,United States,en,
21535,United States,en,
21536,Australia,en,
21537,United States,en,
21538,United States,en,
21539,Germany,en,
21540,France,en,
21541,France,en,
21542,Hungary,en,
21543,Australia,en,
21544,United States,en,
21545,United States,en,
21546,United States,en,
21547,Japan,zh,
21548,Japan,zh,
21549,Japan,zh,
21550,Taiwan,zh,south
21551,Taiwan,zh,south
21552,Taiwan,zh,south
21553,Taiwan,en,south
21554,United States,en,
21555,United States,en,
21556,United States,en,
21557,South Korea,en,
21558,South Korea,en,
21559,Russia,en,
21560,Japan,en,
21561,United States,en,
21562,Canada,zh,
21563,Canada,en,
21564,Canada,zh,
21565,United States,en,
21566,United States,en,
21567,Germany,en,
21568,Germany,en,
21569,United States,en,
21570,United States,en,
21571,United States,en,
21572,United States,en,
21573,Malaysia,en,
21574,United States,en,
21575,United States,en,
21576,South Korea,en,
21577,Taiwan,en,south
21578,Taiwan,en,south
21579,Taiwan,en,south
21580,Taiwan,en,south
21581,Germany,en,
21582,United States,en,
21583,United States,en,
21584,United States,en,
21585,United States,en,
21586,South Korea,ko,
21587,South Korea,ko,
21588,South Korea,ko,
21589,Japan,en,
21590,Japan,en,
21591,Japan,en,
21592,Japan,en,
21593,United States,en,
21594,Mongolia,en,
21595,United States,en,
21596,United Kingdom,en,
21597,United Kingdom,en,
21598,United States,en,
21599,United States,en,
21600,Taiwan,zh,south
21601,Taiwan,zh,south
21602,Taiwan,zh,south
21603,Taiwan,en,south
21604,Taiwan,zh,south
21605,New Zealand,en,
21606,New Zealand,en,
21607,France,en,
21608,France,en,
21609,United States,en,
21610,United States,en,
21611,United States,en,
21612,United States,en,
21613,United States,en,
21614,Japan,en,
21615,Japan,en,
21616,United States,en,
21617,United States,en,
21618,Poland,en,
21619,Poland,en,
21620,United States,en,
21621,Poland,en,
21622,Poland,en,
21623,Russia,en,
21624,Canada,en,
21625,Estonia,en,
21626,Australia,en,
21627,Australia,en,
21628,United States,en,
21629,United States,en,
21630,United States,en,
21631,Ireland,en,
21632,Japan,en,
21633,Japan,en,
21634,United States,en,
21635,United States,en,
21636,Russia,en,
21637,United States,en,
21638,United States,en,
21639,United States,en,
21640,United States,en,
21641,Russia,en,
21642,South Korea,ko,
21643,South Korea,ko,
21644,Italy,en,
21645,United States,en,
21646,United States,en,
21647,Sweden,en,
21648,Sweden,en,
21649,United States,en,
21650,Japan,zh,
21651,Japan,zh,
21652,Japan,zh,
21653,United States,en,
21654,Japan,en,
21655,Indonesia,en,
21656,Indonesia,en,
21657,Sweden,en,
21658,United States,en,
21659,United States,en,
21660,United States,en,
21661,United States,en,
21662,United States,en,
21663,United States,en,
21664,United States,en,
21665,United States,en,
21666,Argentina,en,
21667,United States,en,
21668,United States,en,
21669,United States,en,
21670,United States,en,
21671,United States,en,
21672,United States,en,
21673,United States,en,
21674,United States,en,
21675,United States,en,
21676,United States,en,
21677,United States,en,
21678,United States,en,
21679,United States,en,
21680,United States,en,
21681,United States,en,
21682,United States,en,
21683,United States,en,
21684,Italy,en,
21685,Italy,en,
21686,Ukraine,en,
21687,Sweden,en,
21688,United States,en,
21689,United States,en,
21690,France,en,
21691,United States,en,
21692,United States,en,
21693,United States,en,
21694,United States,en,
21695,Germany,en,
21696,Germany,en,
21697,United States,en,
21698,United States,en,
21699,United States,en,
21700,United States,en,
21701,Philippines,en,
21702,Philippines,en,
21703,United States,en,
21704,France,en,
21705,France,en,
21706,Kenya,en,
21707,Kenya,en,
21708,United States,en,
21709,United States,en,
21710,United States,en,
21711,United States,en,
21712,United States,en,
21713,United States,en,
21714,United States,en,
21715,United States,en,
21716,United States,en,
21717,United States,en,
21718,United States,en,
21719,Norway,en,
21720,Norway,en,
21721,United States,en,
21722,United States,en,
21723,United States,en,
21724,United States,en,
21725,United States,en,
21726,United States,en,
21727,United States,en,
21728,United States,en,
21729,United States,en,
21730,United States,en,
21731,United States,en,
21732,United States,en,
21733,United States,en,
21734,United States,en,
21735,United States,en,
21736,United States,en,
21737,United States,en,
21738,United States,en,
21739,United States,en,
21740,United States,en,
21741,United States,en,
21742,United States,en,
21743,United States,en,
21744,India,en,
21745,United States,en,
21746,United States,en,
21747,Canada,en,
21748,United States,en,
21749,United States,en,
21750,United States,en,
21751,United States,en,
21752,United States,en,
21753,United States,en,
21754,United States,en,
21755,United States,en,
21756,United States,en,
21757,United States,en,
21758,United States,en,
21759,United States,en,
21760,United States,en,
21761,United States,en,
21762,United States,en,
21763,United States,en,
21764,United States,en,
21765,United States,en,
21766,United States,en,
21767,Sweden,en,
21768,United States,en,
21769,United States,en,
21770,United States,en,
21771,United States,en,
21772,United States,en,
21773,United States,en,
21774,United States,en,
21775,United States,en,
21776,United States,en,
21777,Japan,en,
21778,United States,en,
21779,United States,en,
21780,United States,en,
21781,United States,en,
21782,United States,en,
21783,United States,en,
21784,United States,en,
21785,United States,en,
21786,United States,en,
21787,United States,en,
21788,United States,en,
21789,United States,en,
21790,Sweden,en,
21791,United Kingdom,en,
21792,Germany,en,
21793,United States,en,
21794,United States,en,
21795,Slovakia,en,
21796,Slovakia,en,
21797,United States,en,
21798,United States,en,
21799,United States,en,
21800,United States,en,
21801,United States,en,
21802,United States,en,
21803,United States,en,
21804,United States,en,
21805,United States,en,
21806,United States,en,
21807,Russia,en,
21808,Russia,en,
21809,United States,en,
21810,United States,en,
21811,United States,en,
21812,United States,en,
21813,United States,en,
21814,United States,en,
21815,Australia,en,
21816,Australia,en,
21817,United States,en,
21818,Germany,en,
21819,United States,en,
21820,Thailand,en,
21821,United States,en,
21822,Russia,en,
21823,Russia,en,
21824,United States,en,
21825,United States,en,
21826,United States,en,
21827,United States,en,
21828,Canada,en,
21829,Canada,en,
21830,United States,en,
21831,United States,en,
21832,United States,en,
21833,United States,en,
21834,New Zealand,en,
21835,United States,en,
21836,United Kingdom,en,
21837,United Kingdom,en,
21838,Hungary,en,
21839,United States,en,
21840,United States,en,
21841,United States,en,
21842,India,en,
21843,United States,en,
21844,United States,en,
21845,United States,en,
21846,United States,en,
21847,United States,en,
21848,Japan,zh,
21849,United States,en,
21850,United States,en,
21851,United States,en,
21852,Taiwan,zh,south
21853,United States,en,
21854,United States,en,
21855,Czechia,en,
21856,Czechia,en,
21857,United States,en,
21858,France,en,
21859,France,en,
21860,United States,en,
21861,United States,en,
21862,United States,en,
21863,United States,en,
21864,United States,en,
21865,United States,en,
21866,United States,en,
21867,United States,en,
